device,support_n,replicate,offset,method,auroc,spauc01,fpr,tpr,js_local_weight,median_ess,effective_dimension,js_q
Danmini_Doorbell,30,0,15208,local,0.9867235599999999,0.49754773869346736,0.008,0.0002,0.9955399520980285,29.0,20.54407041611296,4157.818665560938
Danmini_Doorbell,30,0,15208,peer_scale_local_center,0.9992664,0.9631356783919598,0.0706,1.0,0.9955399520980285,29.0,20.54407041611296,4157.818665560938
Danmini_Doorbell,30,0,15208,shared_marginals,0.9992526,0.9624422110552764,0.0768,1.0,0.9955399520980285,29.0,20.54407041611296,4157.818665560938
Danmini_Doorbell,30,0,15208,collaborative_js,0.9867562799999999,0.49754773869346736,0.008,0.0002,0.9955399520980285,29.0,20.54407041611296,4157.818665560938
Danmini_Doorbell,30,1,25222,local,0.9683863999999999,0.5050291457286432,0.0318,0.0548,0.9959176892617533,29.0,20.797246544100584,4604.5604436701515
Danmini_Doorbell,30,1,25222,peer_scale_local_center,0.99954584,0.9771778894472362,0.0884,1.0,0.9959176892617533,29.0,20.797246544100584,4604.5604436701515
Danmini_Doorbell,30,1,25222,shared_marginals,0.9994862,0.9741809045226131,0.1096,1.0,0.9959176892617533,29.0,20.797246544100584,4604.5604436701515
Danmini_Doorbell,30,1,25222,collaborative_js,0.96843144,0.5050492462311558,0.0318,0.055,0.9959176892617533,29.0,20.797246544100584,4604.5604436701515
Danmini_Doorbell,30,2,22343,local,0.9662452399999999,0.6461386934673367,0.0272,0.5184,0.9965302930617103,29.0,20.28098581387027,5268.740599423912
Danmini_Doorbell,30,2,22343,peer_scale_local_center,0.99936732,0.9682070351758795,0.1578,1.0,0.9965302930617103,29.0,20.28098581387027,5268.740599423912
Danmini_Doorbell,30,2,22343,shared_marginals,0.99937644,0.9686653266331657,0.1912,1.0,0.9965302930617103,29.0,20.28098581387027,5268.740599423912
Danmini_Doorbell,30,2,22343,collaborative_js,0.96641876,0.6487396984924623,0.0274,0.5184,0.9965302930617103,29.0,20.28098581387027,5268.740599423912
Danmini_Doorbell,30,3,6478,local,0.94310456,0.49804824120603014,0.2336,1.0,0.9963105821061501,29.0,13.970113351120427,3244.444976285828
Danmini_Doorbell,30,3,6478,peer_scale_local_center,0.99923496,0.9615557788944724,0.2208,1.0,0.9963105821061501,29.0,13.970113351120427,3244.444976285828
Danmini_Doorbell,30,3,6478,shared_marginals,0.999209,0.9602512562814072,0.2776,1.0,0.9963105821061501,29.0,13.970113351120427,3244.444976285828
Danmini_Doorbell,30,3,6478,collaborative_js,0.94326028,0.4980522613065327,0.2338,1.0,0.9963105821061501,29.0,13.970113351120427,3244.444976285828
Danmini_Doorbell,30,4,8203,local,0.93423636,0.6720361809045226,0.227,1.0,0.9968575942841017,29.0,17.252422049549597,4853.740550554401
Danmini_Doorbell,30,4,8203,peer_scale_local_center,0.9992298,0.9612964824120602,0.2436,1.0,0.9968575942841017,29.0,17.252422049549597,4853.740550554401
Danmini_Doorbell,30,4,8203,shared_marginals,0.99935432,0.9675537688442211,0.28,1.0,0.9968575942841017,29.0,17.252422049549597,4853.740550554401
Danmini_Doorbell,30,4,8203,collaborative_js,0.9343201600000001,0.6724582914572864,0.2276,1.0,0.9968575942841017,29.0,17.252422049549597,4853.740550554401
Danmini_Doorbell,30,5,25289,local,0.98885424,0.497694472361809,0.007,0.0004,0.9954197556762021,29.0,20.243917452928166,3983.175604440393
Danmini_Doorbell,30,5,25289,peer_scale_local_center,0.99926796,0.9632140703517589,0.0718,1.0,0.9954197556762021,29.0,20.243917452928166,3983.175604440393
Danmini_Doorbell,30,5,25289,shared_marginals,0.9992861199999999,0.9641266331658291,0.0956,1.0,0.9954197556762021,29.0,20.243917452928166,3983.175604440393
Danmini_Doorbell,30,5,25289,collaborative_js,0.9888636,0.497694472361809,0.0072,0.0004,0.9954197556762021,29.0,20.243917452928166,3983.175604440393
Danmini_Doorbell,30,6,30452,local,0.96149488,0.6470452261306532,0.0104,0.5176,0.9966513656605861,29.0,20.133885044680493,5415.307616971449
Danmini_Doorbell,30,6,30452,peer_scale_local_center,0.99918648,0.9591195979899498,0.207,1.0,0.9966513656605861,29.0,20.133885044680493,5415.307616971449
Danmini_Doorbell,30,6,30452,shared_marginals,0.9991625599999999,0.9579175879396985,0.2494,1.0,0.9966513656605861,29.0,20.133885044680493,5415.307616971449
Danmini_Doorbell,30,6,30452,collaborative_js,0.9616480000000001,0.6538371859296482,0.0104,0.5176,0.9966513656605861,29.0,20.133885044680493,5415.307616971449
Danmini_Doorbell,30,7,31950,local,0.97164016,0.5047638190954774,0.0258,0.4602,0.9961947333360833,29.0,18.712572740934895,4391.958361134432
Danmini_Doorbell,30,7,31950,peer_scale_local_center,0.9990296000000001,0.9512361809045226,0.2362,1.0,0.9961947333360833,29.0,18.712572740934895,4391.958361134432
Danmini_Doorbell,30,7,31950,shared_marginals,0.99890552,0.9450010050251256,0.28,1.0,0.9961947333360833,29.0,18.712572740934895,4391.958361134432
Danmini_Doorbell,30,7,31950,collaborative_js,0.97165448,0.5050673366834171,0.0262,0.4602,0.9961947333360833,29.0,18.712572740934895,4391.958361134432
Danmini_Doorbell,100,0,16854,local,0.99234304,0.6156924623115578,0.0044,0.0008,0.988887332321544,99.0,27.00747229079417,2250.3572512364453
Danmini_Doorbell,100,0,16854,peer_scale_local_center,0.9991716,0.958375879396985,0.0396,1.0,0.988887332321544,99.0,27.00747229079417,2250.3572512364453
Danmini_Doorbell,100,0,16854,shared_marginals,0.99930272,0.9649608040201005,0.0506,1.0,0.988887332321544,99.0,27.00747229079417,2250.3572512364453
Danmini_Doorbell,100,0,16854,collaborative_js,0.99236808,0.6169527638190955,0.0044,0.0008,0.988887332321544,99.0,27.00747229079417,2250.3572512364453
Danmini_Doorbell,100,1,17946,local,0.98921324,0.4976140703517588,0.0076,0.0002,0.996631392529318,99.0,22.4787571187147,6079.294574077728
Danmini_Doorbell,100,1,17946,peer_scale_local_center,0.99956428,0.9781045226130654,0.113,1.0,0.996631392529318,99.0,22.4787571187147,6079.294574077728
Danmini_Doorbell,100,1,17946,shared_marginals,0.9995677599999999,0.9782793969849246,0.1264,1.0,0.996631392529318,99.0,22.4787571187147,6079.294574077728
Danmini_Doorbell,100,1,17946,collaborative_js,0.98921468,0.4976140703517588,0.0076,0.0002,0.996631392529318,99.0,22.4787571187147,6079.294574077728
Danmini_Doorbell,100,2,16956,local,0.98689516,0.49764020100502515,0.013,0.6694,0.9966059723538212,99.0,23.250522456520105,6261.15184431262
Danmini_Doorbell,100,2,16956,peer_scale_local_center,0.99954632,0.9772020100502512,0.1494,1.0,0.9966059723538212,99.0,23.250522456520105,6261.15184431262
Danmini_Doorbell,100,2,16956,shared_marginals,0.99945364,0.9725447236180904,0.1662,1.0,0.9966059723538212,99.0,23.250522456520105,6261.15184431262
Danmini_Doorbell,100,2,16956,collaborative_js,0.9869534,0.49764020100502515,0.013,0.6742,0.9966059723538212,99.0,23.250522456520105,6261.15184431262
Danmini_Doorbell,100,3,9901,local,0.98774916,0.49770854271356785,0.0114,0.002,0.996676943895783,99.0,24.33128073420401,6720.103433061332
Danmini_Doorbell,100,3,9901,peer_scale_local_center,0.9994819199999999,0.9739658291457287,0.0926,1.0,0.996676943895783,99.0,24.33128073420401,6720.103433061332
Danmini_Doorbell,100,3,9901,shared_marginals,0.99948596,0.9741688442211055,0.1182,1.0,0.996676943895783,99.0,24.33128073420401,6720.103433061332
Danmini_Doorbell,100,3,9901,collaborative_js,0.9877546,0.49770854271356785,0.0114,0.002,0.996676943895783,99.0,24.33128073420401,6720.103433061332
Danmini_Doorbell,100,4,6663,local,0.98695928,0.4976924623115578,0.086,1.0,0.9965791329688195,99.0,22.657346386903942,6038.62886181095
Danmini_Doorbell,100,4,6663,peer_scale_local_center,0.99984076,0.9919979899497487,0.1146,1.0,0.9965791329688195,99.0,22.657346386903942,6038.62886181095
Danmini_Doorbell,100,4,6663,shared_marginals,0.99979056,0.9894753768844221,0.1316,1.0,0.9965791329688195,99.0,22.657346386903942,6038.62886181095
Danmini_Doorbell,100,4,6663,collaborative_js,0.9869872799999999,0.4976924623115578,0.087,1.0,0.9965791329688195,99.0,22.657346386903942,6038.62886181095
Danmini_Doorbell,100,5,18524,local,0.98728048,0.49778894472361807,0.0102,0.0006,0.9966925176779814,99.0,20.989184192579636,5741.280630939364
Danmini_Doorbell,100,5,18524,peer_scale_local_center,0.99939808,0.9697527638190955,0.085,1.0,0.9966925176779814,99.0,20.989184192579636,5741.280630939364
Danmini_Doorbell,100,5,18524,shared_marginals,0.99940628,0.970164824120603,0.0984,1.0,0.9966925176779814,99.0,20.989184192579636,5741.280630939364
Danmini_Doorbell,100,5,18524,collaborative_js,0.9872955999999999,0.49778894472361807,0.0102,0.0006,0.9966925176779814,99.0,20.989184192579636,5741.280630939364
Danmini_Doorbell,100,6,31790,local,0.9879635200000001,0.4977527638190955,0.0094,0.0008,0.996424001925366,99.0,22.333719346193718,5686.166189637782
Danmini_Doorbell,100,6,31790,peer_scale_local_center,0.9993754,0.9686130653266332,0.0746,1.0,0.996424001925366,99.0,22.333719346193718,5686.166189637782
Danmini_Doorbell,100,6,31790,shared_marginals,0.9993580799999999,0.9677427135678393,0.0912,1.0,0.996424001925366,99.0,22.333719346193718,5686.166189637782
Danmini_Doorbell,100,6,31790,collaborative_js,0.9879664,0.4977527638190955,0.0094,0.0008,0.996424001925366,99.0,22.333719346193718,5686.166189637782
Danmini_Doorbell,100,7,3053,local,0.96981216,0.507756783919598,0.0286,0.0588,0.996831559196749,99.0,23.19248703762835,6688.617005526495
Danmini_Doorbell,100,7,3053,peer_scale_local_center,0.9995012,0.9749346733668343,0.1078,1.0,0.996831559196749,99.0,23.19248703762835,6688.617005526495
Danmini_Doorbell,100,7,3053,shared_marginals,0.99952132,0.975945728643216,0.128,1.0,0.996831559196749,99.0,23.19248703762835,6688.617005526495
Danmini_Doorbell,100,7,3053,collaborative_js,0.96984752,0.5078552763819095,0.0286,0.0588,0.996831559196749,99.0,23.19248703762835,6688.617005526495
Danmini_Doorbell,300,0,22574,local,0.9900044,0.5038452261306533,0.0868,1.0,0.9969921854693015,299.0,26.27992807781035,8072.282326587246
Danmini_Doorbell,300,0,22574,peer_scale_local_center,0.9994084,0.9702713567839196,0.1572,1.0,0.9969921854693015,299.0,26.27992807781035,8072.282326587246
Danmini_Doorbell,300,0,22574,shared_marginals,0.9994318,0.9714472361809046,0.1564,1.0,0.9969921854693015,299.0,26.27992807781035,8072.282326587246
Danmini_Doorbell,300,0,22574,collaborative_js,0.99001676,0.5043236180904522,0.0876,1.0,0.9969921854693015,299.0,26.27992807781035,8072.282326587246
Danmini_Doorbell,300,1,25464,local,0.98924348,0.497756783919598,0.0824,1.0,0.9906227976573545,299.0,25.498774320493244,2505.9472390422834
Danmini_Doorbell,300,1,25464,peer_scale_local_center,0.9995883999999999,0.9793226130653265,0.0748,1.0,0.9906227976573545,299.0,25.498774320493244,2505.9472390422834
Danmini_Doorbell,300,1,25464,shared_marginals,0.99969808,0.9848281407035175,0.0884,1.0,0.9906227976573545,299.0,25.498774320493244,2505.9472390422834
Danmini_Doorbell,300,1,25464,collaborative_js,0.98930092,0.497756783919598,0.0822,1.0,0.9906227976573545,299.0,25.498774320493244,2505.9472390422834
Danmini_Doorbell,300,2,24848,local,0.99298816,0.6490934673366834,0.0044,0.0008,0.9906428817073978,299.0,26.080930780155246,2573.54134329943
Danmini_Doorbell,300,2,24848,peer_scale_local_center,0.99927672,0.9636542713567839,0.0562,1.0,0.9906428817073978,299.0,26.080930780155246,2573.54134329943
Danmini_Doorbell,300,2,24848,shared_marginals,0.99969468,0.9846572864321608,0.062,1.0,0.9906428817073978,299.0,26.080930780155246,2573.54134329943
Danmini_Doorbell,300,2,24848,collaborative_js,0.99301008,0.6502130653266331,0.0044,0.0008,0.9906428817073978,299.0,26.080930780155246,2573.54134329943
Danmini_Doorbell,300,3,8055,local,0.9944734000000001,0.7223879396984925,0.0358,1.0,0.9898343730127479,299.0,26.894042284495743,2448.8447506202365
Danmini_Doorbell,300,3,8055,peer_scale_local_center,0.99954264,0.9770170854271357,0.0652,1.0,0.9898343730127479,299.0,26.894042284495743,2448.8447506202365
Danmini_Doorbell,300,3,8055,shared_marginals,0.99950972,0.9753628140703516,0.0706,1.0,0.9898343730127479,299.0,26.894042284495743,2448.8447506202365
Danmini_Doorbell,300,3,8055,collaborative_js,0.99448012,0.7227276381909548,0.036,1.0,0.9898343730127479,299.0,26.894042284495743,2448.8447506202365
Danmini_Doorbell,300,4,25444,local,0.9941708,0.7070753768844221,0.0594,1.0,0.9897947797128993,299.0,26.765374781199675,2426.735933618505
Danmini_Doorbell,300,4,25444,peer_scale_local_center,0.99951192,0.9754733668341709,0.0616,1.0,0.9897947797128993,299.0,26.765374781199675,2426.735933618505
Danmini_Doorbell,300,4,25444,shared_marginals,0.9995404,0.9769045226130654,0.0652,1.0,0.9897947797128993,299.0,26.765374781199675,2426.735933618505
Danmini_Doorbell,300,4,25444,collaborative_js,0.99417828,0.707451256281407,0.0594,1.0,0.9897947797128993,299.0,26.765374781199675,2426.735933618505
Danmini_Doorbell,300,5,12332,local,0.9953668400000001,0.7671899497487438,0.0508,1.0,0.9898036620531675,299.0,25.229892042260733,2278.2583475940014
Danmini_Doorbell,300,5,12332,peer_scale_local_center,0.9993576799999999,0.9677226130653267,0.0684,1.0,0.9898036620531675,299.0,25.229892042260733,2278.2583475940014
Danmini_Doorbell,300,5,12332,shared_marginals,0.9994616,0.9729447236180905,0.0718,1.0,0.9898036620531675,299.0,25.229892042260733,2278.2583475940014
Danmini_Doorbell,300,5,12332,collaborative_js,0.99537104,0.7674050251256281,0.0508,1.0,0.9898036620531675,299.0,25.229892042260733,2278.2583475940014
Danmini_Doorbell,300,6,13390,local,0.99724592,0.8932924623115578,0.0,0.1932,0.9093265061442197,79.59154881698424,18.221384385229836,178.89885671584003
Danmini_Doorbell,300,6,13390,peer_scale_local_center,0.9975179599999999,0.8942874371859296,0.0,0.457,0.9093265061442197,79.59154881698424,18.221384385229836,178.89885671584003
Danmini_Doorbell,300,6,13390,shared_marginals,0.9982337600000001,0.9112442211055276,0.0,0.4476,0.9093265061442197,79.59154881698424,18.221384385229836,178.89885671584003
Danmini_Doorbell,300,6,13390,collaborative_js,0.99716256,0.8933286432160804,0.0,0.1812,0.9093265061442197,79.59154881698424,18.221384385229836,178.89885671584003
Danmini_Doorbell,300,7,16311,local,0.99582116,0.7902170854271358,0.0036,0.0008,0.9892375547321122,299.0,27.341643293597283,2354.6362060683036
Danmini_Doorbell,300,7,16311,peer_scale_local_center,0.999706,0.9852261306532664,0.0496,1.0,0.9892375547321122,299.0,27.341643293597283,2354.6362060683036
Danmini_Doorbell,300,7,16311,shared_marginals,0.9998212399999999,0.9910170854271356,0.049,1.0,0.9892375547321122,299.0,27.341643293597283,2354.6362060683036
Danmini_Doorbell,300,7,16311,collaborative_js,0.9958216000000001,0.7902391959798994,0.0036,0.0008,0.9892375547321122,299.0,27.341643293597283,2354.6362060683036
Danmini_Doorbell,1000,0,27134,local,0.994359,0.7172683417085427,0.134,1.0,0.9908415689433233,999.0,27.67051313256059,2802.9378584278597
Danmini_Doorbell,1000,0,27134,peer_scale_local_center,0.9987001999999999,0.9346834170854272,0.108,1.0,0.9908415689433233,999.0,27.67051313256059,2802.9378584278597
Danmini_Doorbell,1000,0,27134,shared_marginals,0.99876508,0.9379437185929649,0.1246,1.0,0.9908415689433233,999.0,27.67051313256059,2802.9378584278597
Danmini_Doorbell,1000,0,27134,collaborative_js,0.9943576,0.7172241206030151,0.1336,1.0,0.9908415689433233,999.0,27.67051313256059,2802.9378584278597
Danmini_Doorbell,1000,1,5472,local,0.99554908,0.7764542713567839,0.133,1.0,0.9908739864748378,999.0,27.22674706233933,2764.267989827566
Danmini_Doorbell,1000,1,5472,peer_scale_local_center,0.99946168,0.9729547738693467,0.114,1.0,0.9908739864748378,999.0,27.22674706233933,2764.267989827566
Danmini_Doorbell,1000,1,5472,shared_marginals,0.9995723599999999,0.9785105527638192,0.1288,1.0,0.9908739864748378,999.0,27.22674706233933,2764.267989827566
Danmini_Doorbell,1000,1,5472,collaborative_js,0.99554944,0.7764783919597991,0.133,1.0,0.9908739864748378,999.0,27.22674706233933,2764.267989827566
Danmini_Doorbell,1000,2,16115,local,0.99375336,0.6951999999999999,0.0916,1.0,0.9903510237165275,999.0,27.71053635332398,2664.586956998024
Danmini_Doorbell,1000,2,16115,peer_scale_local_center,0.9982785599999999,0.9137447236180904,0.0926,1.0,0.9903510237165275,999.0,27.71053635332398,2664.586956998024
Danmini_Doorbell,1000,2,16115,shared_marginals,0.99891084,0.9452683417085427,0.091,1.0,0.9903510237165275,999.0,27.71053635332398,2664.586956998024
Danmini_Doorbell,1000,2,16115,collaborative_js,0.99375056,0.6951015075376884,0.0916,1.0,0.9903510237165275,999.0,27.71053635332398,2664.586956998024
Danmini_Doorbell,1000,3,21119,local,0.9948178000000001,0.7412341708542713,0.0974,1.0,0.9909679672010526,999.0,27.776558010219688,2853.9043849822665
Danmini_Doorbell,1000,3,21119,peer_scale_local_center,0.9987955599999999,0.9396040201005026,0.0788,1.0,0.9909679672010526,999.0,27.776558010219688,2853.9043849822665
Danmini_Doorbell,1000,3,21119,shared_marginals,0.99935036,0.9673547738693468,0.0918,1.0,0.9909679672010526,999.0,27.776558010219688,2853.9043849822665
Danmini_Doorbell,1000,3,21119,collaborative_js,0.99481648,0.7411979899497487,0.097,1.0,0.9909679672010526,999.0,27.776558010219688,2853.9043849822665
Danmini_Doorbell,1000,4,2209,local,0.99493572,0.7480603015075377,0.0972,1.0,0.9907015488646421,999.0,27.37091826160064,2728.510145644188
Danmini_Doorbell,1000,4,2209,peer_scale_local_center,0.99897512,0.948580904522613,0.1038,1.0,0.9907015488646421,999.0,27.37091826160064,2728.510145644188
Danmini_Doorbell,1000,4,2209,shared_marginals,0.99900856,0.9501788944723618,0.1062,1.0,0.9907015488646421,999.0,27.37091826160064,2728.510145644188
Danmini_Doorbell,1000,4,2209,collaborative_js,0.99493188,0.7478894472361809,0.097,1.0,0.9907015488646421,999.0,27.37091826160064,2728.510145644188
Danmini_Doorbell,1000,5,24878,local,0.99219552,0.7007075376884422,0.0516,1.0,0.9894433286875812,660.0121466537479,25.727298325326057,2247.61173509432
Danmini_Doorbell,1000,5,24878,peer_scale_local_center,0.9930644399999999,0.8775236180904522,0.0728,1.0,0.9894433286875812,660.0121466537479,25.727298325326057,2247.61173509432
Danmini_Doorbell,1000,5,24878,shared_marginals,0.99487116,0.8911939698492461,0.0778,1.0,0.9894433286875812,660.0121466537479,25.727298325326057,2247.61173509432
Danmini_Doorbell,1000,5,24878,collaborative_js,0.99204204,0.7006974874371859,0.0516,1.0,0.9894433286875812,660.0121466537479,25.727298325326057,2247.61173509432
Danmini_Doorbell,1000,6,13467,local,0.99999632,0.9998150753768844,0.0,0.0,0.949825109105398,288.42102285528415,19.024680858514056,339.3067838309066
Danmini_Doorbell,1000,6,13467,peer_scale_local_center,0.9999994400000001,0.9999718592964825,0.0,0.3784,0.949825109105398,288.42102285528415,19.024680858514056,339.3067838309066
Danmini_Doorbell,1000,6,13467,shared_marginals,0.99995868,0.9979236180904523,0.0,0.4452,0.949825109105398,288.42102285528415,19.024680858514056,339.3067838309066
Danmini_Doorbell,1000,6,13467,collaborative_js,0.99999636,0.9998170854271358,0.0,0.0,0.949825109105398,288.42102285528415,19.024680858514056,339.3067838309066
Danmini_Doorbell,1000,7,3659,local,0.99679992,0.8396964824120603,0.1144,1.0,0.9908887617463857,999.0,26.928945488248658,2736.065592221753
Danmini_Doorbell,1000,7,3659,peer_scale_local_center,0.9994217599999999,0.9709427135678392,0.1218,1.0,0.9908887617463857,999.0,26.928945488248658,2736.065592221753
Danmini_Doorbell,1000,7,3659,shared_marginals,0.99964392,0.9821065326633166,0.1214,1.0,0.9908887617463857,999.0,26.928945488248658,2736.065592221753
Danmini_Doorbell,1000,7,3659,collaborative_js,0.99679908,0.8396542713567839,0.1144,1.0,0.9908887617463857,999.0,26.928945488248658,2736.065592221753
Ecobee_Thermostat,30,0,1513,local,0.9998244337680166,0.9911775762822348,0.0,0.009,0.8418170637308042,29.0,17.285858933774264,96.63405734080433
Ecobee_Thermostat,30,0,1513,peer_scale_local_center,0.9998242964996569,0.9911706783747151,0.009151223976206819,1.0,0.8418170637308042,29.0,17.285858933774264,96.63405734080433
Ecobee_Thermostat,30,0,1513,shared_marginals,0.9998012811713567,0.9900141292139029,0.013040494166094716,1.0,0.8418170637308042,29.0,17.285858933774264,96.63405734080433
Ecobee_Thermostat,30,0,1513,collaborative_js,0.9998244795241363,0.9911798755847414,0.0,0.2322,0.8418170637308042,29.0,17.285858933774264,96.63405734080433
Ecobee_Thermostat,30,1,2641,local,0.9994856097002974,0.9741512412209756,0.3667353008464882,1.0,0.8768625373840511,29.0,15.286679164233153,107.90119336527768
Ecobee_Thermostat,30,1,2641,peer_scale_local_center,0.9998128574696866,0.9905958527480688,0.36948066803935026,1.0,0.8768625373840511,29.0,15.286679164233153,107.90119336527768
Ecobee_Thermostat,30,1,2641,shared_marginals,0.9998448867536033,0.9922053645026782,0.38846945778997943,1.0,0.8768625373840511,29.0,15.286679164233153,107.90119336527768
Ecobee_Thermostat,30,1,2641,collaborative_js,0.9994855181880576,0.9741466426159624,0.3854953099977122,1.0,0.8768625373840511,29.0,15.286679164233153,107.90119336527768
Ecobee_Thermostat,30,2,2230,local,0.9994260352322123,0.9711575493574024,0.0022878059940517046,0.791,0.8435470438900233,29.0,17.687763595385448,100.27144251820931
Ecobee_Thermostat,30,2,2230,peer_scale_local_center,0.9998560970029742,0.9927686936167912,0.0073209791809654545,1.0,0.8435470438900233,29.0,17.687763595385448,100.27144251820931
Ecobee_Thermostat,30,2,2230,shared_marginals,0.9998318462594372,0.9915500632883014,0.012582932967284374,1.0,0.8435470438900233,29.0,17.687763595385448,100.27144251820931
Ecobee_Thermostat,30,2,2230,collaborative_js,0.9995216655227637,0.9759630915961643,0.0025165865934568747,1.0,0.8435470438900233,29.0,17.687763595385448,100.27144251820931
Ecobee_Thermostat,30,3,7569,local,0.9970723404255319,0.8962814070351759,0.14756348661633492,1.0,0.8331817095813443,29.0,18.79335662398098,100.66855727771527
Ecobee_Thermostat,30,3,7569,peer_scale_local_center,0.9998109814687715,0.9905015813452989,0.05628002745367193,1.0,0.8331817095813443,29.0,18.79335662398098,100.66855727771527
Ecobee_Thermostat,30,3,7569,shared_marginals,0.999800777854038,0.9899888368863305,0.06588881262868909,1.0,0.8331817095813443,29.0,18.79335662398098,100.66855727771527
Ecobee_Thermostat,30,3,7569,collaborative_js,0.997922306108442,0.8962814070351759,0.15511324639670557,1.0,0.8331817095813443,29.0,18.79335662398098,100.66855727771527
Ecobee_Thermostat,30,4,4879,local,0.999812308396248,0.9905682611179898,0.2530313429421185,1.0,0.8808545149966814,29.0,14.587209740839253,105.64571322605012
Ecobee_Thermostat,30,4,4879,peer_scale_local_center,0.999858476321208,0.9928882573471337,0.14596202242049874,1.0,0.8808545149966814,29.0,14.587209740839253,105.64571322605012
Ecobee_Thermostat,30,4,4879,shared_marginals,0.9997867307252345,0.9892829510168091,0.1477922672157401,1.0,0.8808545149966814,29.0,14.587209740839253,105.64571322605012
Ecobee_Thermostat,30,4,4879,collaborative_js,0.999812308396248,0.9905682611179898,0.2729352550903683,1.0,0.8808545149966814,29.0,14.587209740839253,105.64571322605012
Ecobee_Thermostat,30,5,1186,local,0.9998963623884695,0.9952227161890441,0.14870738961336077,1.0,0.8741780256888085,29.0,16.73531259664859,117.11239373977884
Ecobee_Thermostat,30,5,1186,peer_scale_local_center,0.999906932052162,0.995323218701607,0.09563029055136124,1.0,0.8741780256888085,29.0,16.73531259664859,117.11239373977884
Ecobee_Thermostat,30,5,1186,shared_marginals,0.9999008922443378,0.9950197107707377,0.10615419812399908,1.0,0.8741780256888085,29.0,16.73531259664859,117.11239373977884
Ecobee_Thermostat,30,5,1186,collaborative_js,0.999951910318005,0.9975834330655795,0.15145275680622283,1.0,0.8741780256888085,29.0,16.73531259664859,117.11239373977884
Ecobee_Thermostat,30,6,5783,local,0.9995378174330817,0.9767747453809887,0.15625714939373142,1.0,0.8404305667574817,29.0,16.00999868848849,87.79876197965613
Ecobee_Thermostat,30,6,5783,peer_scale_local_center,0.9998148249828416,0.990694722755852,0.05994051704415466,1.0,0.8404305667574817,29.0,16.00999868848849,87.79876197965613
Ecobee_Thermostat,30,6,5783,shared_marginals,0.9997979409746053,0.9898462801309224,0.07572637840311142,1.0,0.8404305667574817,29.0,16.00999868848849,87.79876197965613
Ecobee_Thermostat,30,6,5783,collaborative_js,0.9997226264012812,0.986061628205084,0.14024250743536948,1.0,0.8404305667574817,29.0,16.00999868848849,87.79876197965613
Ecobee_Thermostat,30,7,5757,local,0.9994502859757493,0.9723761796858923,0.0,0.0,0.8379524135609994,29.0,15.861166464012964,85.53762983215246
Ecobee_Thermostat,30,7,5757,peer_scale_local_center,0.9998618622740792,0.993058405732621,0.004804392587508579,1.0,0.8379524135609994,29.0,15.861166464012964,85.53762983215246
Ecobee_Thermostat,30,7,5757,shared_marginals,0.999830427819721,0.9914787849105974,0.008464882177991306,1.0,0.8379524135609994,29.0,15.861166464012964,85.53762983215246
Ecobee_Thermostat,30,7,5757,collaborative_js,0.9994960878517501,0.9746777814949834,0.0,0.0,0.8379524135609994,29.0,15.861166464012964,85.53762983215246
Ecobee_Thermostat,100,0,6536,local,0.9999083047357584,0.9953921977768043,0.9089453214367421,1.0,0.8373089480743419,99.0,21.704664267247107,121.11707456566923
Ecobee_Thermostat,100,0,6536,peer_scale_local_center,0.9998627316403569,0.9931020924802462,0.12811713566689545,1.0,0.8373089480743419,99.0,21.704664267247107,121.11707456566923
Ecobee_Thermostat,100,0,6536,shared_marginals,0.9998620910546785,0.9930699022451539,0.043468313886982385,1.0,0.8373089480743419,99.0,21.704664267247107,121.11707456566923
Ecobee_Thermostat,100,0,6536,collaborative_js,0.9999083047357584,0.9953921977768043,0.8963623884694578,1.0,0.8373089480743419,99.0,21.704664267247107,121.11707456566923
Ecobee_Thermostat,100,1,2256,local,0.9998639670555938,0.9931641736479239,0.09768931594600778,1.0,0.8791940704443939,99.0,19.842457293767907,147.6952113145668
Ecobee_Thermostat,100,1,2256,peer_scale_local_center,0.9998637382749943,0.993152677135391,0.04735758407687028,1.0,0.8791940704443939,99.0,19.842457293767907,147.6952113145668
Ecobee_Thermostat,100,1,2256,shared_marginals,0.9998612674445206,0.9930285148000354,0.04667124227865477,1.0,0.8791940704443939,99.0,19.842457293767907,147.6952113145668
Ecobee_Thermostat,100,1,2256,collaborative_js,0.9998185769846717,0.990883265561392,0.0967741935483871,1.0,0.8791940704443939,99.0,19.842457293767907,147.6952113145668
Ecobee_Thermostat,100,2,2318,local,0.9995951040951727,0.9796534721192326,0.0951727293525509,1.0,0.8760072450546591,99.0,20.383155417424064,148.2599158759544
Ecobee_Thermostat,100,2,2318,peer_scale_local_center,0.9998648821779913,0.9932101596980556,0.05605124685426676,1.0,0.8760072450546591,99.0,20.383155417424064,148.2599158759544
Ecobee_Thermostat,100,2,2318,shared_marginals,0.9998628231525967,0.9931066910852593,0.05444978265843056,1.0,0.8760072450546591,99.0,20.383155417424064,148.2599158759544
Ecobee_Thermostat,100,2,2318,collaborative_js,0.9995951040951727,0.9796534721192326,0.09448638755433539,1.0,0.8760072450546591,99.0,20.383155417424064,148.2599158759544
Ecobee_Thermostat,100,3,2378,local,0.999465019446351,0.9731165550930125,0.10478151452756806,1.0,0.8806768602149413,99.0,21.371052412393254,162.34112216027063
Ecobee_Thermostat,100,3,2378,peer_scale_local_center,0.9998660260809883,0.9932676422607203,0.04163806909174102,1.0,0.8806768602149413,99.0,21.371052412393254,162.34112216027063
Ecobee_Thermostat,100,3,2378,shared_marginals,0.9998642415923129,0.9931779694629634,0.043468313886982385,1.0,0.8806768602149413,99.0,21.371052412393254,162.34112216027063
Ecobee_Thermostat,100,3,2378,collaborative_js,0.9995541523678793,0.9775955963758394,0.10409517272935255,1.0,0.8806768602149413,99.0,21.371052412393254,162.34112216027063
Ecobee_Thermostat,100,4,8306,local,0.9996328528940746,0.9815503966871649,0.19720887668725692,1.0,0.8962892097036675,99.0,18.594976039849968,160.01204881799856
Ecobee_Thermostat,100,4,8306,peer_scale_local_center,0.9998622740791581,0.9930790994551802,0.12880347746511095,1.0,0.8962892097036675,99.0,18.594976039849968,160.01204881799856
Ecobee_Thermostat,100,4,8306,shared_marginals,0.9998594371997255,0.9929365426997719,0.13566689544726607,1.0,0.8962892097036675,99.0,18.594976039849968,160.01204881799856
Ecobee_Thermostat,100,4,8306,collaborative_js,0.9996328528940746,0.9815503966871649,0.193319606497369,1.0,0.8962892097036675,99.0,18.594976039849968,160.01204881799856
Ecobee_Thermostat,100,5,3029,local,0.9995728666209105,0.9785360111010324,0.0688629604209563,1.0,0.8764418241350574,99.0,20.641296088838853,150.87059968589256
Ecobee_Thermostat,100,5,3029,peer_scale_local_center,0.999809974834134,0.990450996690154,0.02997025852207733,1.0,0.8764418241350574,99.0,20.641296088838853,150.87059968589256
Ecobee_Thermostat,100,5,3029,shared_marginals,0.9998090597117365,0.9904050106400223,0.028368794326241134,1.0,0.8764418241350574,99.0,20.641296088838853,150.87059968589256
Ecobee_Thermostat,100,5,3029,collaborative_js,0.9995728666209105,0.9785360111010324,0.06543125142987874,1.0,0.8764418241350574,99.0,20.641296088838853,150.87059968589256
Ecobee_Thermostat,100,6,5864,local,0.9996925188743995,0.9845486871557513,0.07915808739418898,1.0,0.8719965492559689,99.0,19.448714593338416,136.31440786882126
Ecobee_Thermostat,100,6,5864,peer_scale_local_center,0.9998679935941432,0.9933665122685034,0.03065660032029284,1.0,0.8719965492559689,99.0,19.448714593338416,136.31440786882126
Ecobee_Thermostat,100,6,5864,shared_marginals,0.9998648364218714,0.993207860395549,0.031571722717913524,1.0,0.8719965492559689,99.0,19.448714593338416,136.31440786882126
Ecobee_Thermostat,100,6,5864,collaborative_js,0.9997364447494852,0.9867560175620727,0.0720658888126287,1.0,0.8719965492559689,99.0,19.448714593338416,136.31440786882126
Ecobee_Thermostat,100,7,1330,local,0.999620407229467,0.980924986405374,0.15213909860443833,1.0,0.8854632494822087,99.0,18.091633239512735,140.4931881406324
Ecobee_Thermostat,100,7,1330,peer_scale_local_center,0.9998101578586136,0.9904601939001804,0.09380004575611989,1.0,0.8854632494822087,99.0,18.091633239512735,140.4931881406324
Ecobee_Thermostat,100,7,1330,shared_marginals,0.9998075497597805,0.990329133657305,0.09883321894303362,1.0,0.8854632494822087,99.0,18.091633239512735,140.4931881406324
Ecobee_Thermostat,100,7,1330,collaborative_js,0.9995729581331503,0.9785406097060456,0.14436055822466254,1.0,0.8854632494822087,99.0,18.091633239512735,140.4931881406324
Ecobee_Thermostat,300,0,4452,local,0.9994733013040494,0.9735327288467044,0.06840539922214596,1.0,0.8969004404117583,299.0,20.210232851087497,176.62764927236742
Ecobee_Thermostat,300,0,4452,peer_scale_local_center,0.9997606497369023,0.9879723485880558,0.059025394646533974,1.0,0.8969004404117583,299.0,20.210232851087497,176.62764927236742
Ecobee_Thermostat,300,0,4452,shared_marginals,0.9998537634408602,0.9926514291889554,0.06016929764355983,1.0,0.8969004404117583,299.0,20.210232851087497,176.62764927236742
Ecobee_Thermostat,300,0,4452,collaborative_js,0.9995211164493251,0.9759354999660853,0.06840539922214596,1.0,0.8969004404117583,299.0,20.210232851087497,176.62764927236742
Ecobee_Thermostat,300,1,1599,local,0.999419629375429,0.9708356470064806,0.12171127888355067,1.0,0.9097095928948022,299.0,18.35330422216036,181.11895545123693
Ecobee_Thermostat,300,1,1599,peer_scale_local_center,0.999806497369023,0.9902762496996536,0.1029512697323267,1.0,0.9097095928948022,299.0,18.35330422216036,181.11895545123693
Ecobee_Thermostat,300,1,1599,shared_marginals,0.9998533058796614,0.9926284361638897,0.09974834134065431,1.0,0.9097095928948022,299.0,18.35330422216036,181.11895545123693
Ecobee_Thermostat,300,1,1599,collaborative_js,0.9995163578128575,0.9756963725054004,0.12010981468771448,1.0,0.9097095928948022,299.0,18.35330422216036,181.11895545123693
Ecobee_Thermostat,300,2,4188,local,0.9993536490505606,0.9675200527919856,0.09357126515671471,1.0,0.9049859067441602,299.0,19.50561300901302,184.24227826788308
Ecobee_Thermostat,300,2,4188,peer_scale_local_center,0.9998613589567605,0.9930331134050485,0.07526881720430108,1.0,0.9049859067441602,299.0,19.50561300901302,184.24227826788308
Ecobee_Thermostat,300,2,4188,shared_marginals,0.9998604895904828,0.9929894266574235,0.07435369480668039,1.0,0.9049859067441602,299.0,19.50561300901302,184.24227826788308
Ecobee_Thermostat,300,2,4188,collaborative_js,0.9994459849004805,0.9721600452502733,0.0967741935483871,1.0,0.9049859067441602,299.0,19.50561300901302,184.24227826788308
Ecobee_Thermostat,300,3,6468,local,0.9998643331045527,0.9931825680679766,0.0,0.7232,0.7647868389962772,241.09013823785043,24.12617238137509,94.0685984022165
Ecobee_Thermostat,300,3,6468,peer_scale_local_center,0.9998641958361931,0.9931756701604568,0.0,0.7992,0.7647868389962772,241.09013823785043,24.12617238137509,94.0685984022165
Ecobee_Thermostat,300,3,6468,shared_marginals,0.9998641500800731,0.9931733708579502,0.0,0.7802,0.7647868389962772,241.09013823785043,24.12617238137509,94.0685984022165
Ecobee_Thermostat,300,3,6468,collaborative_js,0.9998642873484329,0.9931802687654698,0.0,0.7234,0.7647868389962772,241.09013823785043,24.12617238137509,94.0685984022165
Ecobee_Thermostat,300,4,1509,local,0.9995373141157631,0.9767494530534162,0.13109128345916266,1.0,0.9070132575134748,299.0,19.051543324622532,183.3760691971062
Ecobee_Thermostat,300,4,1509,peer_scale_local_center,0.9998148707389614,0.9906970220583586,0.12743079386867995,1.0,0.9070132575134748,299.0,19.051543324622532,183.3760691971062
Ecobee_Thermostat,300,4,1509,shared_marginals,0.9998598032486846,0.9929549371198246,0.12262640128117136,1.0,0.9070132575134748,299.0,19.051543324622532,183.3760691971062
Ecobee_Thermostat,300,4,1509,collaborative_js,0.9995835735529627,0.9790740478875732,0.13017616106154198,1.0,0.9070132575134748,299.0,19.051543324622532,183.3760691971062
Ecobee_Thermostat,300,5,2040,local,0.9996317547471973,0.9814952134270069,0.1169068862960421,1.0,0.8981955246170318,299.0,19.42599739531566,171.1712312230138
Ecobee_Thermostat,300,5,2040,peer_scale_local_center,0.9998158773735987,0.9907476067135035,0.08556394417753374,1.0,0.8981955246170318,299.0,19.42599739531566,171.1712312230138
Ecobee_Thermostat,300,5,2040,shared_marginals,0.9998609471516815,0.9930124196824893,0.08464882177991306,1.0,0.8981955246170318,299.0,19.42599739531566,171.1712312230138
Ecobee_Thermostat,300,5,2040,collaborative_js,0.9996317547471973,0.9814952134270069,0.11667810569663692,1.0,0.8981955246170318,299.0,19.42599739531566,171.1712312230138
Ecobee_Thermostat,300,6,5241,local,0.9985902539464654,0.9291584897721277,0.12399908487760238,1.0,0.8941504710966024,299.0,20.772722290929313,177.3529130022111
Ecobee_Thermostat,300,6,5241,peer_scale_local_center,0.9995300846488219,0.9763861632573758,0.0851063829787234,1.0,0.8941504710966024,299.0,20.772722290929313,177.3529130022111
Ecobee_Thermostat,300,6,5241,shared_marginals,0.9997175017158545,0.9858041063243466,0.08853809196980096,1.0,0.8941504710966024,299.0,20.772722290929313,177.3529130022111
Ecobee_Thermostat,300,6,5241,collaborative_js,0.9987312285518188,0.9362426407949149,0.12194005948295585,1.0,0.8941504710966024,299.0,20.772722290929313,177.3529130022111
Ecobee_Thermostat,300,7,929,local,0.9993487989018531,0.9672763267262876,0.10226492793411118,1.0,0.8967231068752408,299.0,19.605985312909326,170.47361496091068
Ecobee_Thermostat,300,7,929,peer_scale_local_center,0.9995814230153283,0.9789659806697638,0.10935712651567148,1.0,0.8967231068752408,299.0,19.605985312909326,170.47361496091068
Ecobee_Thermostat,300,7,929,shared_marginals,0.9997667810569664,0.9882804551239381,0.11416151910318005,1.0,0.8967231068752408,299.0,19.605985312909326,170.47361496091068
Ecobee_Thermostat,300,7,929,collaborative_js,0.9993952413635324,0.969610118770471,0.10318005033173187,1.0,0.8967231068752408,299.0,19.605985312909326,170.47361496091068
Ecobee_Thermostat,1000,0,2436,local,0.9992848318462595,0.9640619018220823,0.10386639212994737,1.0,0.9052287220472696,999.0,21.376736310578746,204.4578983122226
Ecobee_Thermostat,1000,0,2436,peer_scale_local_center,0.9993800503317319,0.9688467503382848,0.10089224433768017,1.0,0.9052287220472696,999.0,21.376736310578746,204.4578983122226
Ecobee_Thermostat,1000,0,2436,shared_marginals,0.9994277739647678,0.9712449228526526,0.10157858613589568,1.0,0.9052287220472696,999.0,21.376736310578746,204.4578983122226
Ecobee_Thermostat,1000,0,2436,collaborative_js,0.9992848318462595,0.9640619018220823,0.1068405399222146,1.0,0.9052287220472696,999.0,21.376736310578746,204.4578983122226
Ecobee_Thermostat,1000,1,2799,local,0.9995795470144132,0.9788717092669939,0.1292610386639213,1.0,0.90424553056225,999.0,21.83471462634497,207.14139760587912
Ecobee_Thermostat,1000,1,2799,peer_scale_local_center,0.999392679020819,0.9694813578301023,0.11850835049187829,1.0,0.90424553056225,999.0,21.83471462634497,207.14139760587912
Ecobee_Thermostat,1000,1,2799,shared_marginals,0.9994860215053765,0.9741719349435349,0.1169068862960421,1.0,0.90424553056225,999.0,21.83471462634497,207.14139760587912
Ecobee_Thermostat,1000,1,2799,collaborative_js,0.9995795470144132,0.9788717092669939,0.12811713566689545,1.0,0.90424553056225,999.0,21.83471462634497,207.14139760587912
Ecobee_Thermostat,1000,2,6525,local,0.9994977808281857,0.974762855687727,0.0,0.7974,0.8793013998990113,999.0,22.883155302401057,173.0190348929324
Ecobee_Thermostat,1000,2,6525,peer_scale_local_center,0.9997714939373142,0.9885172832821163,0.0036604895904827272,1.0,0.8793013998990113,999.0,22.883155302401057,173.0190348929324
Ecobee_Thermostat,1000,2,6525,shared_marginals,0.999771585449554,0.9885218818871295,0.0038892701898878973,1.0,0.8793013998990113,999.0,22.883155302401057,173.0190348929324
Ecobee_Thermostat,1000,2,6525,collaborative_js,0.9994977808281857,0.974762855687727,0.0,0.7994,0.8793013998990113,999.0,22.883155302401057,173.0190348929324
Ecobee_Thermostat,1000,3,494,local,0.9989764813543811,0.9485669022302083,0.04415465568519789,1.0,0.9012549362595504,999.0,20.879132107844978,191.19064176684924
Ecobee_Thermostat,1000,3,494,peer_scale_local_center,0.9994661633493479,0.9731740376556772,0.04964539007092199,1.0,0.9012549362595504,999.0,20.879132107844978,191.19064176684924
Ecobee_Thermostat,1000,3,494,shared_marginals,0.9995106840539922,0.9754112589945839,0.055593685655456415,1.0,0.9012549362595504,999.0,20.879132107844978,191.19064176684924
Ecobee_Thermostat,1000,3,494,collaborative_js,0.9991545184168383,0.9575134882833292,0.04415465568519789,1.0,0.9012549362595504,999.0,20.879132107844978,191.19064176684924
Ecobee_Thermostat,1000,4,3435,local,0.9993496682681309,0.9673200134739127,0.03935026309768932,1.0,0.9091606552921953,999.0,20.857649695514322,207.59341402309914
Ecobee_Thermostat,1000,4,3435,peer_scale_local_center,0.9995819720887669,0.9789935722998429,0.023335621139327384,1.0,0.9091606552921953,999.0,20.857649695514322,207.59341402309914
Ecobee_Thermostat,1000,4,3435,shared_marginals,0.999581514527568,0.9789705792747769,0.024250743536948068,1.0,0.9091606552921953,999.0,20.857649695514322,207.59341402309914
Ecobee_Thermostat,1000,4,3435,collaborative_js,0.9993497597803707,0.9673246120789258,0.03912148249828414,1.0,0.9091606552921953,999.0,20.857649695514322,207.59341402309914
Ecobee_Thermostat,1000,5,440,local,0.9987534660260811,0.937360101813115,0.0425531914893617,1.0,0.8997949469023397,999.0,20.956869500782073,189.18077397061631
Ecobee_Thermostat,1000,5,440,peer_scale_local_center,0.9994459391443605,0.9721577459477668,0.0464424616792496,1.0,0.8997949469023397,999.0,20.956869500782073,189.18077397061631
Ecobee_Thermostat,1000,5,440,shared_marginals,0.9994916495081217,0.9744547491518447,0.05124685426675818,1.0,0.8997949469023397,999.0,20.956869500782073,189.18077397061631
Ecobee_Thermostat,1000,5,440,collaborative_js,0.9989381377259208,0.9466400867296906,0.04278197208876687,1.0,0.8997949469023397,999.0,20.956869500782073,189.18077397061631
Ecobee_Thermostat,1000,6,5996,local,0.9911652253488904,0.8978894472361809,0.0,0.7896,0.7889744816928775,689.1950971223047,24.558070247612996,106.89735738396536
Ecobee_Thermostat,1000,6,5996,peer_scale_local_center,0.9920473575840769,0.8978848486311677,0.0,0.796,0.7889744816928775,689.1950971223047,24.558070247612996,106.89735738396536
Ecobee_Thermostat,1000,6,5996,shared_marginals,0.9923262868908715,0.8978779507236481,0.0,0.7726,0.7889744816928775,689.1950971223047,24.558070247612996,106.89735738396536
Ecobee_Thermostat,1000,6,5996,collaborative_js,0.9910722031571723,0.8978894472361809,0.0,0.7924,0.7889744816928775,689.1950971223047,24.558070247612996,106.89735738396536
Ecobee_Thermostat,1000,7,7281,local,0.9988446579730039,0.9419426117087382,0.08373369938229239,1.0,0.8995832945159401,999.0,21.654892604361763,195.73329467059406
Ecobee_Thermostat,1000,7,7281,peer_scale_local_center,0.9993989933653626,0.969798661576011,0.06932052161976665,1.0,0.8995832945159401,999.0,21.654892604361763,195.73329467059406
Ecobee_Thermostat,1000,7,7281,shared_marginals,0.9994912377030428,0.9744340554292855,0.06909174102036147,1.0,0.8995832945159401,999.0,21.654892604361763,195.73329467059406
Ecobee_Thermostat,1000,7,7281,collaborative_js,0.999121940059483,0.9558763848986409,0.08350491878288721,1.0,0.8995832945159401,999.0,21.654892604361763,195.73329467059406
Ennio_Doorbell,30,0,15612,local,0.9502705600000001,0.6969849246231156,0.0,0.0,0.981407135512203,18.667456358919264,11.9352958989637,534.3606901176814
Ennio_Doorbell,30,0,15612,peer_scale_local_center,0.99907536,0.9535356783919597,0.028,1.0,0.981407135512203,18.667456358919264,11.9352958989637,534.3606901176814
Ennio_Doorbell,30,0,15612,shared_marginals,0.9993224,0.9659497487437185,0.1294,1.0,0.981407135512203,18.667456358919264,11.9352958989637,534.3606901176814
Ennio_Doorbell,30,0,15612,collaborative_js,0.95029436,0.6969829145728643,0.0,0.0,0.981407135512203,18.667456358919264,11.9352958989637,534.3606901176814
Ennio_Doorbell,30,1,4212,local,0.9908758,0.727646231155779,0.0,0.0,0.9408933417416816,29.0,19.212591135068692,291.21238862537587
Ennio_Doorbell,30,1,4212,peer_scale_local_center,0.9996738399999999,0.9836100502512563,0.0066,1.0,0.9408933417416816,29.0,19.212591135068692,291.21238862537587
Ennio_Doorbell,30,1,4212,shared_marginals,0.99967088,0.9834613065326633,0.0092,1.0,0.9408933417416816,29.0,19.212591135068692,291.21238862537587
Ennio_Doorbell,30,1,4212,collaborative_js,0.992535,0.7423296482412061,0.0,0.0,0.9408933417416816,29.0,19.212591135068692,291.21238862537587
Ennio_Doorbell,30,2,25339,local,0.95440148,0.49830954773869346,0.0,0.0,0.9695624070330744,14.582421665519211,15.032284558809977,428.16409868452007
Ennio_Doorbell,30,2,25339,peer_scale_local_center,0.99994792,0.9973829145728643,0.0058,1.0,0.9695624070330744,14.582421665519211,15.032284558809977,428.16409868452007
Ennio_Doorbell,30,2,25339,shared_marginals,0.9999472,0.9973467336683417,0.1104,1.0,0.9695624070330744,14.582421665519211,15.032284558809977,428.16409868452007
Ennio_Doorbell,30,2,25339,collaborative_js,0.95870648,0.4983115577889447,0.0,0.0,0.9695624070330744,14.582421665519211,15.032284558809977,428.16409868452007
Ennio_Doorbell,30,3,1393,local,0.74329876,0.4978974874371859,0.2198,0.0056,0.9898186746637243,29.0,16.219105908832347,1396.586931386054
Ennio_Doorbell,30,3,1393,peer_scale_local_center,0.99896688,0.9480844221105528,0.0502,1.0,0.9898186746637243,29.0,16.219105908832347,1396.586931386054
Ennio_Doorbell,30,3,1393,shared_marginals,0.99928368,0.9640040201005026,0.0422,1.0,0.9898186746637243,29.0,16.219105908832347,1396.586931386054
Ennio_Doorbell,30,3,1393,collaborative_js,0.7440696,0.4978974874371859,0.2198,0.0072,0.9898186746637243,29.0,16.219105908832347,1396.586931386054
Ennio_Doorbell,30,4,20538,local,0.9977503200000001,0.8872763819095477,0.0,0.0,0.9579583623012917,16.95385521786165,15.643497179212472,324.52344689778
Ennio_Doorbell,30,4,20538,peer_scale_local_center,0.9991112400000001,0.9553386934673367,0.0036,0.9984,0.9579583623012917,16.95385521786165,15.643497179212472,324.52344689778
Ennio_Doorbell,30,4,20538,shared_marginals,0.99927172,0.963403015075377,0.019,1.0,0.9579583623012917,16.95385521786165,15.643497179212472,324.52344689778
Ennio_Doorbell,30,4,20538,collaborative_js,0.99759436,0.879419095477387,0.0,0.0,0.9579583623012917,16.95385521786165,15.643497179212472,324.52344689778
Ennio_Doorbell,30,5,7787,local,0.995865,0.7928381909547739,0.0,0.0,0.9274990923181967,29.0,17.872797033679067,218.93239052044203
Ennio_Doorbell,30,5,7787,peer_scale_local_center,0.9992747200000001,0.9635537688442211,0.0088,1.0,0.9274990923181967,29.0,17.872797033679067,218.93239052044203
Ennio_Doorbell,30,5,7787,shared_marginals,0.99911376,0.9554653266331659,0.011,1.0,0.9274990923181967,29.0,17.872797033679067,218.93239052044203
Ennio_Doorbell,30,5,7787,collaborative_js,0.99657036,0.8281849246231155,0.0,0.0,0.9274990923181967,29.0,17.872797033679067,218.93239052044203
Ennio_Doorbell,30,6,7694,local,0.63684524,0.49768040201005026,0.3612,0.4648,0.9910727885154715,29.0,15.378839692369302,1498.6583117870398
Ennio_Doorbell,30,6,7694,peer_scale_local_center,0.99936348,0.9680140703517588,0.1592,1.0,0.9910727885154715,29.0,15.378839692369302,1498.6583117870398
Ennio_Doorbell,30,6,7694,shared_marginals,0.99935964,0.9678211055276382,0.0964,1.0,0.9910727885154715,29.0,15.378839692369302,1498.6583117870398
Ennio_Doorbell,30,6,7694,collaborative_js,0.6371713999999999,0.49768040201005026,0.3612,0.4648,0.9910727885154715,29.0,15.378839692369302,1498.6583117870398
Ennio_Doorbell,30,7,1194,local,0.9942177999999999,0.7885889447236181,0.0,0.0,0.924294980868416,29.0,17.458834172399115,204.1982731096057
Ennio_Doorbell,30,7,1194,peer_scale_local_center,0.99890268,0.9448582914572864,0.0194,1.0,0.924294980868416,29.0,17.458834172399115,204.1982731096057
Ennio_Doorbell,30,7,1194,shared_marginals,0.99866308,0.9328180904522614,0.0206,1.0,0.924294980868416,29.0,17.458834172399115,204.1982731096057
Ennio_Doorbell,30,7,1194,collaborative_js,0.9953110000000001,0.796251256281407,0.0,0.0,0.924294980868416,29.0,17.458834172399115,204.1982731096057
Ennio_Doorbell,100,0,2858,local,0.9902278,0.767756783919598,0.0,0.0,0.9434947005005486,89.22439119502117,21.08982230174936,337.84127278070105
Ennio_Doorbell,100,0,2858,peer_scale_local_center,0.99861676,0.9304904522613064,0.065,1.0,0.9434947005005486,89.22439119502117,21.08982230174936,337.84127278070105
Ennio_Doorbell,100,0,2858,shared_marginals,0.9986872,0.9340301507537689,0.0938,1.0,0.9434947005005486,89.22439119502117,21.08982230174936,337.84127278070105
Ennio_Doorbell,100,0,2858,collaborative_js,0.9910967599999999,0.7703738693467337,0.0,0.0,0.9434947005005486,89.22439119502117,21.08982230174936,337.84127278070105
Ennio_Doorbell,100,1,14226,local,0.99734164,0.866462311557789,0.0066,0.999,0.9728231747627315,49.70843449113555,17.21309468476463,559.7818932839295
Ennio_Doorbell,100,1,14226,peer_scale_local_center,0.998956,0.9475376884422111,0.186,1.0,0.9728231747627315,49.70843449113555,17.21309468476463,559.7818932839295
Ennio_Doorbell,100,1,14226,shared_marginals,0.9991954000000001,0.9595678391959799,0.1814,1.0,0.9728231747627315,49.70843449113555,17.21309468476463,559.7818932839295
Ennio_Doorbell,100,1,14226,collaborative_js,0.9971962,0.8591517587939699,0.0134,1.0,0.9728231747627315,49.70843449113555,17.21309468476463,559.7818932839295
Ennio_Doorbell,100,2,8171,local,0.9910625999999999,0.7293306532663317,0.0,0.0,0.956452050853342,99.0,19.485434150673733,401.5214147464757
Ennio_Doorbell,100,2,8171,peer_scale_local_center,0.9990292000000001,0.9512160804020101,0.0524,1.0,0.956452050853342,99.0,19.485434150673733,401.5214147464757
Ennio_Doorbell,100,2,8171,shared_marginals,0.9995881200000001,0.9793025125628141,0.0694,1.0,0.956452050853342,99.0,19.485434150673733,401.5214147464757
Ennio_Doorbell,100,2,8171,collaborative_js,0.99168152,0.7320603015075378,0.0,0.0,0.956452050853342,99.0,19.485434150673733,401.5214147464757
Ennio_Doorbell,100,3,23041,local,0.99759284,0.8792984924623116,0.0972,1.0,0.9694176853542879,48.76013598934147,15.722032215447884,448.691747973099
Ennio_Doorbell,100,3,23041,peer_scale_local_center,0.99901056,0.9502793969849246,0.0234,1.0,0.9694176853542879,48.76013598934147,15.722032215447884,448.691747973099
Ennio_Doorbell,100,3,23041,shared_marginals,0.9991764,0.9586130653266332,0.0432,1.0,0.9694176853542879,48.76013598934147,15.722032215447884,448.691747973099
Ennio_Doorbell,100,3,23041,collaborative_js,0.99759256,0.8792663316582915,0.0974,1.0,0.9694176853542879,48.76013598934147,15.722032215447884,448.691747973099
Ennio_Doorbell,100,4,24304,local,0.9965890000000001,0.8288422110552764,0.3182,1.0,0.9694794305359108,48.47491582057234,15.997373686007933,458.62098682258807
Ennio_Doorbell,100,4,24304,peer_scale_local_center,0.99870624,0.9349869346733668,0.2778,1.0,0.9694794305359108,48.47491582057234,15.997373686007933,458.62098682258807
Ennio_Doorbell,100,4,24304,shared_marginals,0.99951044,0.9753989949748744,0.2678,1.0,0.9694794305359108,48.47491582057234,15.997373686007933,458.62098682258807
Ennio_Doorbell,100,4,24304,collaborative_js,0.99662516,0.8306331658291457,0.3188,1.0,0.9694794305359108,48.47491582057234,15.997373686007933,458.62098682258807
Ennio_Doorbell,100,5,12575,local,0.99556672,0.8501989949748745,0.2066,1.0,0.9764096038279401,50.028391709670515,16.584610037082324,618.2435399010407
Ennio_Doorbell,100,5,12575,peer_scale_local_center,0.9999562799999999,0.9978030150753769,0.38,1.0,0.9764096038279401,50.028391709670515,16.584610037082324,618.2435399010407
Ennio_Doorbell,100,5,12575,shared_marginals,0.99932076,0.9658673366834172,0.4598,1.0,0.9764096038279401,50.028391709670515,16.584610037082324,618.2435399010407
Ennio_Doorbell,100,5,12575,collaborative_js,0.99635556,0.8579477386934673,0.2144,1.0,0.9764096038279401,50.028391709670515,16.584610037082324,618.2435399010407
Ennio_Doorbell,100,6,1342,local,0.99722012,0.8604201005025125,0.0,0.0,0.9430393589383939,99.0,20.2218906342113,319.9031874396095
Ennio_Doorbell,100,6,1342,peer_scale_local_center,0.99904352,0.9519356783919597,0.0346,1.0,0.9430393589383939,99.0,20.2218906342113,319.9031874396095
Ennio_Doorbell,100,6,1342,shared_marginals,0.99919396,0.9594954773869346,0.036,1.0,0.9430393589383939,99.0,20.2218906342113,319.9031874396095
Ennio_Doorbell,100,6,1342,collaborative_js,0.99762032,0.8804522613065326,0.0,0.0,0.9430393589383939,99.0,20.2218906342113,319.9031874396095
Ennio_Doorbell,100,7,9723,local,0.9738092,0.7660482412060301,0.0,0.0,0.9395937330192727,99.0,21.36803908547069,320.62963088995576
Ennio_Doorbell,100,7,9723,peer_scale_local_center,0.9981034799999999,0.9046974874371859,0.0312,1.0,0.9395937330192727,99.0,21.36803908547069,320.62963088995576
Ennio_Doorbell,100,7,9723,shared_marginals,0.99818376,0.9087316582914573,0.036,1.0,0.9395937330192727,99.0,21.36803908547069,320.62963088995576
Ennio_Doorbell,100,7,9723,collaborative_js,0.9750730400000001,0.7661467336683416,0.0,0.0,0.9395937330192727,99.0,21.36803908547069,320.62963088995576
Ennio_Doorbell,300,0,7908,local,0.9794373200000001,0.7571618090452261,0.0858,1.0,0.948071165070072,286.6626727771373,22.473233836581663,394.25559738068404
Ennio_Doorbell,300,0,7908,peer_scale_local_center,0.99751932,0.8753427135678392,0.0698,1.0,0.948071165070072,286.6626727771373,22.473233836581663,394.25559738068404
Ennio_Doorbell,300,0,7908,shared_marginals,0.998157,0.907386934673367,0.0686,1.0,0.948071165070072,286.6626727771373,22.473233836581663,394.25559738068404
Ennio_Doorbell,300,0,7908,collaborative_js,0.9802563200000001,0.757537688442211,0.0864,1.0,0.948071165070072,286.6626727771373,22.473233836581663,394.25559738068404
Ennio_Doorbell,300,1,4712,local,0.99738436,0.8689587939698493,0.1476,1.0,0.9488174897408767,299.0,21.14521860010975,374.0578276286692
Ennio_Doorbell,300,1,4712,peer_scale_local_center,0.99854124,0.9266954773869347,0.1256,1.0,0.9488174897408767,299.0,21.14521860010975,374.0578276286692
Ennio_Doorbell,300,1,4712,shared_marginals,0.9986956800000001,0.9344562814070352,0.126,1.0,0.9488174897408767,299.0,21.14521860010975,374.0578276286692
Ennio_Doorbell,300,1,4712,collaborative_js,0.99738616,0.8689788944723618,0.1474,1.0,0.9488174897408767,299.0,21.14521860010975,374.0578276286692
Ennio_Doorbell,300,2,12314,local,0.97721776,0.8015879396984925,0.0026,0.7958,0.9743029305052181,138.33259082598568,21.502784773606127,758.9497618616173
Ennio_Doorbell,300,2,12314,peer_scale_local_center,0.99687904,0.8602874371859297,0.0,0.3954,0.9743029305052181,138.33259082598568,21.502784773606127,758.9497618616173
Ennio_Doorbell,300,2,12314,shared_marginals,0.9749773199999999,0.7987095477386934,0.0,0.4502,0.9743029305052181,138.33259082598568,21.502784773606127,758.9497618616173
Ennio_Doorbell,300,2,12314,collaborative_js,0.9775396799999999,0.8045809045226131,0.0026,0.7958,0.9743029305052181,138.33259082598568,21.502784773606127,758.9497618616173
Ennio_Doorbell,300,3,20219,local,0.9560774400000001,0.7098572864321608,0.1172,0.9996,0.970682181160881,158.54874954847597,18.113902079557658,549.6282710518943
Ennio_Doorbell,300,3,20219,peer_scale_local_center,0.9678952,0.7598231155778894,0.0962,0.9998,0.970682181160881,158.54874954847597,18.113902079557658,549.6282710518943
Ennio_Doorbell,300,3,20219,shared_marginals,0.96394824,0.7598090452261306,0.1018,0.9998,0.970682181160881,158.54874954847597,18.113902079557658,549.6282710518943
Ennio_Doorbell,300,3,20219,collaborative_js,0.95648924,0.7140060301507538,0.117,0.9996,0.970682181160881,158.54874954847597,18.113902079557658,549.6282710518943
Ennio_Doorbell,300,4,24534,local,0.99180896,0.7055155778894473,0.003,0.3962,0.9677944507269979,140.69140061410593,21.630717688694588,609.5445701698064
Ennio_Doorbell,300,4,24534,peer_scale_local_center,0.99270648,0.7945447236180905,0.002,0.5956,0.9677944507269979,140.69140061410593,21.630717688694588,609.5445701698064
Ennio_Doorbell,300,4,24534,shared_marginals,0.99207824,0.7950773869346734,0.0078,0.6,0.9677944507269979,140.69140061410593,21.630717688694588,609.5445701698064
Ennio_Doorbell,300,4,24534,collaborative_js,0.99198988,0.7065648241206031,0.003,0.3964,0.9677944507269979,140.69140061410593,21.630717688694588,609.5445701698064
Ennio_Doorbell,300,5,14253,local,0.98319668,0.7029668341708543,0.2688,1.0,0.9743233538612435,158.11322567315585,17.582128232748545,606.8599515895788
Ennio_Doorbell,300,5,14253,peer_scale_local_center,0.9963752,0.8178793969849245,0.184,1.0,0.9743233538612435,158.11322567315585,17.582128232748545,606.8599515895788
Ennio_Doorbell,300,5,14253,shared_marginals,0.99765612,0.882227135678392,0.194,1.0,0.9743233538612435,158.11322567315585,17.582128232748545,606.8599515895788
Ennio_Doorbell,300,5,14253,collaborative_js,0.98347648,0.7036321608040201,0.2676,1.0,0.9743233538612435,158.11322567315585,17.582128232748545,606.8599515895788
Ennio_Doorbell,300,6,13723,local,0.9851871999999999,0.7262653266331658,0.274,1.0,0.9734877107345978,156.59424255234362,17.91227772509343,600.1849770799886
Ennio_Doorbell,300,6,13723,peer_scale_local_center,0.9957280000000001,0.7862010050251256,0.1922,1.0,0.9734877107345978,156.59424255234362,17.91227772509343,600.1849770799886
Ennio_Doorbell,300,6,13723,shared_marginals,0.99625072,0.8116482412060302,0.1986,1.0,0.9734877107345978,156.59424255234362,17.91227772509343,600.1849770799886
Ennio_Doorbell,300,6,13723,collaborative_js,0.9854094,0.7263698492462312,0.2734,1.0,0.9734877107345978,156.59424255234362,17.91227772509343,600.1849770799886
Ennio_Doorbell,300,7,16689,local,0.9822578,0.7108924623115578,0.0376,0.9352,0.967875757878226,178.7140246356462,17.998487409568618,498.019139219623
Ennio_Doorbell,300,7,16689,peer_scale_local_center,0.9950904,0.7689949748743719,0.0284,1.0,0.967875757878226,178.7140246356462,17.998487409568618,498.019139219623
Ennio_Doorbell,300,7,16689,shared_marginals,0.994919,0.7607979899497488,0.0378,1.0,0.967875757878226,178.7140246356462,17.998487409568618,498.019139219623
Ennio_Doorbell,300,7,16689,collaborative_js,0.98261176,0.7110733668341709,0.0372,0.9374,0.967875757878226,178.7140246356462,17.998487409568618,498.019139219623
Ennio_Doorbell,1000,0,10249,local,0.97375868,0.7023095477386935,0.0008,0.401,0.9476060578843803,625.272002317996,21.015462992487965,362.9324731955814
Ennio_Doorbell,1000,0,10249,peer_scale_local_center,0.9878763599999999,0.7623698492462312,0.0654,1.0,0.9476060578843803,625.272002317996,21.015462992487965,362.9324731955814
Ennio_Doorbell,1000,0,10249,shared_marginals,0.99206,0.7612442211055277,0.0634,1.0,0.9476060578843803,625.272002317996,21.015462992487965,362.9324731955814
Ennio_Doorbell,1000,0,10249,collaborative_js,0.97427796,0.7089788944723618,0.0144,0.5172,0.9476060578843803,625.272002317996,21.015462992487965,362.9324731955814
Ennio_Doorbell,1000,1,865,local,0.96557848,0.6984924623115578,0.0936,1.0,0.942640832057505,738.9322183987958,21.998768612194077,348.65862475975456
Ennio_Doorbell,1000,1,865,peer_scale_local_center,0.97355888,0.7593346733668342,0.0982,1.0,0.942640832057505,738.9322183987958,21.998768612194077,348.65862475975456
Ennio_Doorbell,1000,1,865,shared_marginals,0.97591812,0.7611577889447236,0.0952,1.0,0.942640832057505,738.9322183987958,21.998768612194077,348.65862475975456
Ennio_Doorbell,1000,1,865,collaborative_js,0.96582876,0.701835175879397,0.0928,1.0,0.942640832057505,738.9322183987958,21.998768612194077,348.65862475975456
Ennio_Doorbell,1000,2,16562,local,0.9896076,0.7310773869346734,0.005,0.5312,0.9590554941839896,504.1236076785818,18.06847036751297,392.4450923823279
Ennio_Doorbell,1000,2,16562,peer_scale_local_center,0.99193252,0.7885326633165829,0.0032,0.5308,0.9590554941839896,504.1236076785818,18.06847036751297,392.4450923823279
Ennio_Doorbell,1000,2,16562,shared_marginals,0.9886222800000001,0.7882854271356783,0.0034,0.532,0.9590554941839896,504.1236076785818,18.06847036751297,392.4450923823279
Ennio_Doorbell,1000,2,16562,collaborative_js,0.9896809599999999,0.73476783919598,0.005,0.5312,0.9590554941839896,504.1236076785818,18.06847036751297,392.4450923823279
Ennio_Doorbell,1000,3,16355,local,0.9915704399999999,0.7402532663316583,0.0016,0.4608,0.957242973393975,514.6816576399526,17.773742279174392,368.9157907194532
Ennio_Doorbell,1000,3,16355,peer_scale_local_center,0.9939554,0.7882231155778895,0.0,0.52,0.957242973393975,514.6816576399526,17.773742279174392,368.9157907194532
Ennio_Doorbell,1000,3,16355,shared_marginals,0.9893448,0.7880783919597989,0.0,0.5204,0.957242973393975,514.6816576399526,17.773742279174392,368.9157907194532
Ennio_Doorbell,1000,3,16355,collaborative_js,0.99134788,0.7410492462311558,0.0016,0.4626,0.957242973393975,514.6816576399526,17.773742279174392,368.9157907194532
Ennio_Doorbell,1000,4,13758,local,0.96719372,0.7187195979899498,0.2234,1.0,0.9746957353323811,527.2145867126368,18.453563892063983,650.2288886157231
Ennio_Doorbell,1000,4,13758,peer_scale_local_center,0.9674232,0.7635959798994975,0.2146,1.0,0.9746957353323811,527.2145867126368,18.453563892063983,650.2288886157231
Ennio_Doorbell,1000,4,13758,shared_marginals,0.96706756,0.7637587939698491,0.22,1.0,0.9746957353323811,527.2145867126368,18.453563892063983,650.2288886157231
Ennio_Doorbell,1000,4,13758,collaborative_js,0.96683708,0.719191959798995,0.2216,1.0,0.9746957353323811,527.2145867126368,18.453563892063983,650.2288886157231
Ennio_Doorbell,1000,5,22271,local,0.9749790399999999,0.7012924623115577,0.129,1.0,0.9747180545968462,514.8681021896971,17.670713380911135,619.8381149480812
Ennio_Doorbell,1000,5,22271,peer_scale_local_center,0.97817252,0.7562854271356785,0.1152,1.0,0.9747180545968462,514.8681021896971,17.670713380911135,619.8381149480812
Ennio_Doorbell,1000,5,22271,shared_marginals,0.97506856,0.7565608040201005,0.1126,1.0,0.9747180545968462,514.8681021896971,17.670713380911135,619.8381149480812
Ennio_Doorbell,1000,5,22271,collaborative_js,0.9750840399999999,0.7052643216080402,0.1348,1.0,0.9747180545968462,514.8681021896971,17.670713380911135,619.8381149480812
Ennio_Doorbell,1000,6,2364,local,0.9584560400000001,0.7355738693467337,0.107,0.9994,0.9459585624595483,864.3078502228577,22.89338609743385,386.6178815431125
Ennio_Doorbell,1000,6,2364,peer_scale_local_center,0.97244852,0.7784783919597991,0.099,1.0,0.9459585624595483,864.3078502228577,22.89338609743385,386.6178815431125
Ennio_Doorbell,1000,6,2364,shared_marginals,0.97370144,0.7846673366834171,0.101,1.0,0.9459585624595483,864.3078502228577,22.89338609743385,386.6178815431125
Ennio_Doorbell,1000,6,2364,collaborative_js,0.95905364,0.7445165829145729,0.1064,0.9994,0.9459585624595483,864.3078502228577,22.89338609743385,386.6178815431125
Ennio_Doorbell,1000,7,13482,local,0.98323372,0.7308422110552764,0.2704,1.0,0.97650250603237,533.7828763992364,17.781094607788123,671.6075607691627
Ennio_Doorbell,1000,7,13482,peer_scale_local_center,0.9942192799999999,0.7643316582914572,0.2536,1.0,0.97650250603237,533.7828763992364,17.781094607788123,671.6075607691627
Ennio_Doorbell,1000,7,13482,shared_marginals,0.99485348,0.7649487437185929,0.2648,1.0,0.97650250603237,533.7828763992364,17.781094607788123,671.6075607691627
Ennio_Doorbell,1000,7,13482,collaborative_js,0.98341212,0.7311577889447236,0.27,1.0,0.97650250603237,533.7828763992364,17.781094607788123,671.6075607691627
Philips_B120N10_Baby_Monitor,30,0,86534,local,0.91351392,0.49748743718592964,0.057,0.0,0.9690400328917169,29.0,18.34999998209619,528.101335667178
Philips_B120N10_Baby_Monitor,30,0,86534,peer_scale_local_center,0.99404456,0.7009386934673367,0.1338,1.0,0.9690400328917169,29.0,18.34999998209619,528.101335667178
Philips_B120N10_Baby_Monitor,30,0,86534,shared_marginals,0.9950718000000001,0.7523899497487437,0.2446,1.0,0.9690400328917169,29.0,18.34999998209619,528.101335667178
Philips_B120N10_Baby_Monitor,30,0,86534,collaborative_js,0.9141227599999999,0.49748743718592964,0.0554,0.0,0.9690400328917169,29.0,18.34999998209619,528.101335667178
Philips_B120N10_Baby_Monitor,30,1,50758,local,0.94450384,0.49748743718592964,0.371,1.0,0.9668522883059606,29.0,22.394834812419457,615.2712742486783
Philips_B120N10_Baby_Monitor,30,1,50758,peer_scale_local_center,0.99392252,0.7051959798994976,0.2526,1.0,0.9668522883059606,29.0,22.394834812419457,615.2712742486783
Philips_B120N10_Baby_Monitor,30,1,50758,shared_marginals,0.99479724,0.7390633165829146,0.2746,1.0,0.9668522883059606,29.0,22.394834812419457,615.2712742486783
Philips_B120N10_Baby_Monitor,30,1,50758,collaborative_js,0.94485316,0.49748743718592964,0.3712,1.0,0.9668522883059606,29.0,22.394834812419457,615.2712742486783
Philips_B120N10_Baby_Monitor,30,2,108663,local,0.94795272,0.49748743718592964,0.0468,0.0,0.9679948877655665,28.50915549407463,17.92505095261492,497.57835048244505
Philips_B120N10_Baby_Monitor,30,2,108663,peer_scale_local_center,0.99381428,0.6901507537688443,0.2386,1.0,0.9679948877655665,28.50915549407463,17.92505095261492,497.57835048244505
Philips_B120N10_Baby_Monitor,30,2,108663,shared_marginals,0.9948192,0.7402532663316583,0.3398,1.0,0.9679948877655665,28.50915549407463,17.92505095261492,497.57835048244505
Philips_B120N10_Baby_Monitor,30,2,108663,collaborative_js,0.9482628399999999,0.49748743718592964,0.0468,0.0,0.9679948877655665,28.50915549407463,17.92505095261492,497.57835048244505
Philips_B120N10_Baby_Monitor,30,3,97220,local,0.93217416,0.49748743718592964,0.053,0.0,0.9715440003413682,29.0,19.051246152412208,599.2144488671968
Philips_B120N10_Baby_Monitor,30,3,97220,peer_scale_local_center,0.995386,0.7686773869346734,0.2262,1.0,0.9715440003413682,29.0,19.051246152412208,599.2144488671968
Philips_B120N10_Baby_Monitor,30,3,97220,shared_marginals,0.99602296,0.8005105527638191,0.2758,1.0,0.9715440003413682,29.0,19.051246152412208,599.2144488671968
Philips_B120N10_Baby_Monitor,30,3,97220,collaborative_js,0.93454112,0.49748743718592964,0.0532,0.0,0.9715440003413682,29.0,19.051246152412208,599.2144488671968
Philips_B120N10_Baby_Monitor,30,4,26090,local,0.92161664,0.49748743718592964,0.0404,0.0,0.9674948776414865,29.0,22.976350761481733,645.3244670216632
Philips_B120N10_Baby_Monitor,30,4,26090,peer_scale_local_center,0.9944647999999999,0.7285909547738694,0.1086,1.0,0.9674948776414865,29.0,22.976350761481733,645.3244670216632
Philips_B120N10_Baby_Monitor,30,4,26090,shared_marginals,0.99524864,0.7615437185929648,0.1834,1.0,0.9674948776414865,29.0,22.976350761481733,645.3244670216632
Philips_B120N10_Baby_Monitor,30,4,26090,collaborative_js,0.9221144,0.49748743718592964,0.0398,0.0,0.9674948776414865,29.0,22.976350761481733,645.3244670216632
Philips_B120N10_Baby_Monitor,30,5,21516,local,0.9480122,0.49748743718592964,0.1044,1.0,0.9683104975621034,29.0,19.134379238959156,540.6957484592326
Philips_B120N10_Baby_Monitor,30,5,21516,peer_scale_local_center,0.99315332,0.6619175879396986,0.323,1.0,0.9683104975621034,29.0,19.134379238959156,540.6957484592326
Philips_B120N10_Baby_Monitor,30,5,21516,shared_marginals,0.99407196,0.7027517587939699,0.357,1.0,0.9683104975621034,29.0,19.134379238959156,540.6957484592326
Philips_B120N10_Baby_Monitor,30,5,21516,collaborative_js,0.9491087199999999,0.49748743718592964,0.1126,1.0,0.9683104975621034,29.0,19.134379238959156,540.6957484592326
Philips_B120N10_Baby_Monitor,30,6,83739,local,0.90632276,0.49748743718592964,0.06,0.0002,0.9674289825653818,29.0,18.630654982281406,510.59672961291864
Philips_B120N10_Baby_Monitor,30,6,83739,peer_scale_local_center,0.9956032,0.7795678391959799,0.271,1.0,0.9674289825653818,29.0,18.630654982281406,510.59672961291864
Philips_B120N10_Baby_Monitor,30,6,83739,shared_marginals,0.99674664,0.8366653266331658,0.3228,1.0,0.9674289825653818,29.0,18.630654982281406,510.59672961291864
Philips_B120N10_Baby_Monitor,30,6,83739,collaborative_js,0.90943852,0.49748743718592964,0.06,0.0002,0.9674289825653818,29.0,18.630654982281406,510.59672961291864
Philips_B120N10_Baby_Monitor,30,7,73218,local,0.99963532,0.983027135678392,0.0,0.0,0.9617961717671115,29.0,20.109089207392028,474.01242349326793
Philips_B120N10_Baby_Monitor,30,7,73218,peer_scale_local_center,0.99539052,0.7688040201005025,0.0532,1.0,0.9617961717671115,29.0,20.109089207392028,474.01242349326793
Philips_B120N10_Baby_Monitor,30,7,73218,shared_marginals,0.99594796,0.7965567839195979,0.0712,1.0,0.9617961717671115,29.0,20.109089207392028,474.01242349326793
Philips_B120N10_Baby_Monitor,30,7,73218,collaborative_js,0.99979804,0.9901829145728642,0.0,0.0,0.9617961717671115,29.0,20.109089207392028,474.01242349326793
Philips_B120N10_Baby_Monitor,100,0,23653,local,0.9447278799999999,0.49748743718592964,0.387,1.0,0.9791939405044144,99.0,21.823137262584087,952.7578860759288
Philips_B120N10_Baby_Monitor,100,0,23653,peer_scale_local_center,0.99434716,0.7166331658291457,0.5564,1.0,0.9791939405044144,99.0,21.823137262584087,952.7578860759288
Philips_B120N10_Baby_Monitor,100,0,23653,shared_marginals,0.99503236,0.7506793969849246,0.561,1.0,0.9791939405044144,99.0,21.823137262584087,952.7578860759288
Philips_B120N10_Baby_Monitor,100,0,23653,collaborative_js,0.9457182000000001,0.49748743718592964,0.3932,1.0,0.9791939405044144,99.0,21.823137262584087,952.7578860759288
Philips_B120N10_Baby_Monitor,100,1,54662,local,0.7165409199999999,0.7433969849246231,0.973,0.9998,0.8828222824108893,29.290955780538155,24.612563804150792,192.9766534917742
Philips_B120N10_Baby_Monitor,100,1,54662,peer_scale_local_center,0.99953272,0.9824542713567839,0.001,0.8872,0.8828222824108893,29.290955780538155,24.612563804150792,192.9766534917742
Philips_B120N10_Baby_Monitor,100,1,54662,shared_marginals,0.9999536,0.9976683417085427,0.0,0.7464,0.8828222824108893,29.290955780538155,24.612563804150792,192.9766534917742
Philips_B120N10_Baby_Monitor,100,1,54662,collaborative_js,0.8168214,0.798870351758794,0.9636,0.9998,0.8828222824108893,29.290955780538155,24.612563804150792,192.9766534917742
Philips_B120N10_Baby_Monitor,100,2,96095,local,0.9998960400000001,0.9949145728643216,0.5102,1.0,0.9772383563613094,99.0,22.306705894330655,892.1458492484716
Philips_B120N10_Baby_Monitor,100,2,96095,peer_scale_local_center,0.995985,0.7982452261306532,0.2852,1.0,0.9772383563613094,99.0,22.306705894330655,892.1458492484716
Philips_B120N10_Baby_Monitor,100,2,96095,shared_marginals,0.99663616,0.8309628140703518,0.2888,1.0,0.9772383563613094,99.0,22.306705894330655,892.1458492484716
Philips_B120N10_Baby_Monitor,100,2,96095,collaborative_js,0.99991936,0.9960442211055277,0.5038,1.0,0.9772383563613094,99.0,22.306705894330655,892.1458492484716
Philips_B120N10_Baby_Monitor,100,3,85071,local,0.9412862,0.49748743718592964,0.6766,1.0,0.9788793276723453,99.0,21.244110553944143,911.1504716990742
Philips_B120N10_Baby_Monitor,100,3,85071,peer_scale_local_center,0.99275928,0.6470613065326634,0.3884,1.0,0.9788793276723453,99.0,21.244110553944143,911.1504716990742
Philips_B120N10_Baby_Monitor,100,3,85071,shared_marginals,0.99387328,0.6925326633165829,0.3968,1.0,0.9788793276723453,99.0,21.244110553944143,911.1504716990742
Philips_B120N10_Baby_Monitor,100,3,85071,collaborative_js,0.94140892,0.49748743718592964,0.6622,1.0,0.9788793276723453,99.0,21.244110553944143,911.1504716990742
Philips_B120N10_Baby_Monitor,100,4,62897,local,0.95482128,0.49748743718592964,0.9878,1.0,0.9734263762634573,99.0,21.958605811451104,751.0682776773525
Philips_B120N10_Baby_Monitor,100,4,62897,peer_scale_local_center,0.9953324000000001,0.7657185929648243,0.7302,1.0,0.9734263762634573,99.0,21.958605811451104,751.0682776773525
Philips_B120N10_Baby_Monitor,100,4,62897,shared_marginals,0.99607488,0.8028683417085427,0.7284,1.0,0.9734263762634573,99.0,21.958605811451104,751.0682776773525
Philips_B120N10_Baby_Monitor,100,4,62897,collaborative_js,0.9560308799999999,0.49748743718592964,0.9902,1.0,0.9734263762634573,99.0,21.958605811451104,751.0682776773525
Philips_B120N10_Baby_Monitor,100,5,46213,local,0.99834512,0.9278311557788945,0.0,0.0,0.9757042572757885,99.0,23.27351689609251,875.6067734818727
Philips_B120N10_Baby_Monitor,100,5,46213,peer_scale_local_center,0.9965106,0.8248060301507538,0.382,1.0,0.9757042572757885,99.0,23.27351689609251,875.6067734818727
Philips_B120N10_Baby_Monitor,100,5,46213,shared_marginals,0.9967149999999999,0.8349467336683417,0.422,1.0,0.9757042572757885,99.0,23.27351689609251,875.6067734818727
Philips_B120N10_Baby_Monitor,100,5,46213,collaborative_js,0.9983762799999999,0.927913567839196,0.0,0.0,0.9757042572757885,99.0,23.27351689609251,875.6067734818727
Philips_B120N10_Baby_Monitor,100,6,91053,local,0.9710672,0.6507537688442211,0.0,0.0,0.9761599865446395,99.0,22.311180094774986,851.9785499621015
Philips_B120N10_Baby_Monitor,100,6,91053,peer_scale_local_center,0.9964394,0.8212462311557789,0.2026,1.0,0.9761599865446395,99.0,22.311180094774986,851.9785499621015
Philips_B120N10_Baby_Monitor,100,6,91053,shared_marginals,0.99715844,0.8572402010050251,0.209,1.0,0.9761599865446395,99.0,22.311180094774986,851.9785499621015
Philips_B120N10_Baby_Monitor,100,6,91053,collaborative_js,0.97278544,0.6507537688442211,0.0,0.0,0.9761599865446395,99.0,22.311180094774986,851.9785499621015
Philips_B120N10_Baby_Monitor,100,7,111797,local,0.9724921200000001,0.6745447236180904,0.0,0.0,0.9649482956168312,99.0,23.631631041552133,617.1349274513236
Philips_B120N10_Baby_Monitor,100,7,111797,peer_scale_local_center,0.99816092,0.9107175879396985,0.988,1.0,0.9649482956168312,99.0,23.631631041552133,617.1349274513236
Philips_B120N10_Baby_Monitor,100,7,111797,shared_marginals,0.99811908,0.9056422110552764,0.984,1.0,0.9649482956168312,99.0,23.631631041552133,617.1349274513236
Philips_B120N10_Baby_Monitor,100,7,111797,collaborative_js,0.97484948,0.690791959798995,0.0,0.0,0.9649482956168312,99.0,23.631631041552133,617.1349274513236
Philips_B120N10_Baby_Monitor,300,0,88126,local,0.9998194800000001,0.9911497487437186,0.558,1.0,0.9822101266236809,299.0,22.709927981303366,1164.1413934329248
Philips_B120N10_Baby_Monitor,300,0,88126,peer_scale_local_center,0.9958121999999999,0.7896683417085428,0.5214,1.0,0.9822101266236809,299.0,22.709927981303366,1164.1413934329248
Philips_B120N10_Baby_Monitor,300,0,88126,shared_marginals,0.99621864,0.8099819095477387,0.5242,1.0,0.9822101266236809,299.0,22.709927981303366,1164.1413934329248
Philips_B120N10_Baby_Monitor,300,0,88126,collaborative_js,0.9998306,0.9916643216080401,0.559,1.0,0.9822101266236809,299.0,22.709927981303366,1164.1413934329248
Philips_B120N10_Baby_Monitor,300,1,20096,local,0.9827527199999999,0.6440201005025126,0.3274,1.0,0.9822691318946672,299.0,23.97090874575668,1239.133279613577
Philips_B120N10_Baby_Monitor,300,1,20096,peer_scale_local_center,0.9961183600000001,0.8052281407035176,0.4922,1.0,0.9822691318946672,299.0,23.97090874575668,1239.133279613577
Philips_B120N10_Baby_Monitor,300,1,20096,shared_marginals,0.9967820000000001,0.8383115577889448,0.4876,1.0,0.9822691318946672,299.0,23.97090874575668,1239.133279613577
Philips_B120N10_Baby_Monitor,300,1,20096,collaborative_js,0.9829332399999999,0.6440201005025126,0.3302,1.0,0.9822691318946672,299.0,23.97090874575668,1239.133279613577
Philips_B120N10_Baby_Monitor,300,2,62654,local,0.999991,0.9995477386934675,0.286,1.0,0.9703410144246833,299.0,27.830627704428615,870.9208087658232
Philips_B120N10_Baby_Monitor,300,2,62654,peer_scale_local_center,0.99649516,0.8239437185929648,0.2794,1.0,0.9703410144246833,299.0,27.830627704428615,870.9208087658232
Philips_B120N10_Baby_Monitor,300,2,62654,shared_marginals,0.9965501999999999,0.8267738693467337,0.293,1.0,0.9703410144246833,299.0,27.830627704428615,870.9208087658232
Philips_B120N10_Baby_Monitor,300,2,62654,collaborative_js,0.99999092,0.9995437185929648,0.2898,1.0,0.9703410144246833,299.0,27.830627704428615,870.9208087658232
Philips_B120N10_Baby_Monitor,300,3,10767,local,0.99640792,0.8476201005025126,0.0,0.0,0.9800093807417738,299.0,23.669023976865603,1083.9596161058753
Philips_B120N10_Baby_Monitor,300,3,10767,peer_scale_local_center,0.99727816,0.8639336683417086,0.2378,1.0,0.9800093807417738,299.0,23.669023976865603,1083.9596161058753
Philips_B120N10_Baby_Monitor,300,3,10767,shared_marginals,0.99782992,0.8912160804020101,0.2328,1.0,0.9800093807417738,299.0,23.669023976865603,1083.9596161058753
Philips_B120N10_Baby_Monitor,300,3,10767,collaborative_js,0.9964378399999999,0.8490331658291458,0.0,0.0,0.9800093807417738,299.0,23.669023976865603,1083.9596161058753
Philips_B120N10_Baby_Monitor,300,4,22557,local,0.9934613599999998,0.7985929648241206,0.0,0.0,0.981960224999977,299.0,23.88661478116293,1213.2421153332032
Philips_B120N10_Baby_Monitor,300,4,22557,peer_scale_local_center,0.99658832,0.8287517587939699,0.436,1.0,0.981960224999977,299.0,23.88661478116293,1213.2421153332032
Philips_B120N10_Baby_Monitor,300,4,22557,shared_marginals,0.99717388,0.8579839195979899,0.4496,1.0,0.981960224999977,299.0,23.88661478116293,1213.2421153332032
Philips_B120N10_Baby_Monitor,300,4,22557,collaborative_js,0.9937371199999999,0.803475376884422,0.0,0.0,0.981960224999977,299.0,23.88661478116293,1213.2421153332032
Philips_B120N10_Baby_Monitor,300,5,65598,local,0.99999108,0.9995879396984925,0.8012,1.0,0.8894534282972202,34.616674982143195,10.239691959980558,74.53593388797388
Philips_B120N10_Baby_Monitor,300,5,65598,peer_scale_local_center,0.99835096,0.9171356783919598,0.0082,0.9998,0.8894534282972202,34.616674982143195,10.239691959980558,74.53593388797388
Philips_B120N10_Baby_Monitor,300,5,65598,shared_marginals,0.99614704,0.8063839195979899,0.0074,0.998,0.8894534282972202,34.616674982143195,10.239691959980558,74.53593388797388
Philips_B120N10_Baby_Monitor,300,5,65598,collaborative_js,0.9999936,0.9996924623115577,0.1308,1.0,0.8894534282972202,34.616674982143195,10.239691959980558,74.53593388797388
Philips_B120N10_Baby_Monitor,300,6,12681,local,0.9964938399999999,0.8589889447236181,0.3732,1.0,0.978347261838782,260.1512220938642,26.45390197019683,1129.3676480139566
Philips_B120N10_Baby_Monitor,300,6,12681,peer_scale_local_center,0.9972757600000001,0.8631236180904522,0.2078,1.0,0.978347261838782,260.1512220938642,26.45390197019683,1129.3676480139566
Philips_B120N10_Baby_Monitor,300,6,12681,shared_marginals,0.9974854,0.8736402010050252,0.2018,1.0,0.978347261838782,260.1512220938642,26.45390197019683,1129.3676480139566
Philips_B120N10_Baby_Monitor,300,6,12681,collaborative_js,0.99670388,0.8657909547738694,0.3716,1.0,0.978347261838782,260.1512220938642,26.45390197019683,1129.3676480139566
Philips_B120N10_Baby_Monitor,300,7,91645,local,0.99997112,0.9985487437185929,0.6924,1.0,0.9798633640501274,299.0,23.696416519284394,1077.4598385397978
Philips_B120N10_Baby_Monitor,300,7,91645,peer_scale_local_center,0.99479044,0.7385628140703517,0.5256,1.0,0.9798633640501274,299.0,23.696416519284394,1077.4598385397978
Philips_B120N10_Baby_Monitor,300,7,91645,shared_marginals,0.99530868,0.764345728643216,0.5166,1.0,0.9798633640501274,299.0,23.696416519284394,1077.4598385397978
Philips_B120N10_Baby_Monitor,300,7,91645,collaborative_js,0.99997412,0.9986994974874371,0.701,1.0,0.9798633640501274,299.0,23.696416519284394,1077.4598385397978
Philips_B120N10_Baby_Monitor,1000,0,87642,local,0.9998596000000001,0.9929447236180905,0.2512,1.0,0.9803387486164212,999.0,26.471679085586103,1244.6653881870966
Philips_B120N10_Baby_Monitor,1000,0,87642,peer_scale_local_center,0.99777456,0.8881688442211055,0.2566,1.0,0.9803387486164212,999.0,26.471679085586103,1244.6653881870966
Philips_B120N10_Baby_Monitor,1000,0,87642,shared_marginals,0.9973198,0.8653165829145728,0.2524,1.0,0.9803387486164212,999.0,26.471679085586103,1244.6653881870966
Philips_B120N10_Baby_Monitor,1000,0,87642,collaborative_js,0.99986976,0.9934552763819096,0.2518,1.0,0.9803387486164212,999.0,26.471679085586103,1244.6653881870966
Philips_B120N10_Baby_Monitor,1000,1,18229,local,0.9986388799999999,0.9316020100502511,0.1422,1.0,0.9810109273133995,999.0,26.100949239470726,1269.2009576895912
Philips_B120N10_Baby_Monitor,1000,1,18229,peer_scale_local_center,0.99654036,0.8261587939698493,0.2536,1.0,0.9810109273133995,999.0,26.100949239470726,1269.2009576895912
Philips_B120N10_Baby_Monitor,1000,1,18229,shared_marginals,0.9969952799999999,0.8490090452261307,0.2754,1.0,0.9810109273133995,999.0,26.100949239470726,1269.2009576895912
Philips_B120N10_Baby_Monitor,1000,1,18229,collaborative_js,0.99866336,0.9328321608040201,0.1422,1.0,0.9810109273133995,999.0,26.100949239470726,1269.2009576895912
Philips_B120N10_Baby_Monitor,1000,2,21115,local,0.9982276,0.9125708542713569,0.462,1.0,0.9839197000751085,999.0,25.566810998891143,1465.5703630509424
Philips_B120N10_Baby_Monitor,1000,2,21115,peer_scale_local_center,0.99652248,0.8253386934673368,0.394,1.0,0.9839197000751085,999.0,25.566810998891143,1465.5703630509424
Philips_B120N10_Baby_Monitor,1000,2,21115,shared_marginals,0.99739388,0.8690391959798995,0.3904,1.0,0.9839197000751085,999.0,25.566810998891143,1465.5703630509424
Philips_B120N10_Baby_Monitor,1000,2,21115,collaborative_js,0.99824508,0.9133125628140704,0.462,1.0,0.9839197000751085,999.0,25.566810998891143,1465.5703630509424
Philips_B120N10_Baby_Monitor,1000,3,103555,local,0.9870743200000001,0.6511497487437186,0.4246,1.0,0.9831294754194971,999.0,24.109890274652575,1310.5632945287819
Philips_B120N10_Baby_Monitor,1000,3,103555,peer_scale_local_center,0.99575712,0.7871396984924623,0.3744,1.0,0.9831294754194971,999.0,24.109890274652575,1310.5632945287819
Philips_B120N10_Baby_Monitor,1000,3,103555,shared_marginals,0.99654676,0.826548743718593,0.377,1.0,0.9831294754194971,999.0,24.109890274652575,1310.5632945287819
Philips_B120N10_Baby_Monitor,1000,3,103555,collaborative_js,0.98726184,0.6511497487437186,0.4244,1.0,0.9831294754194971,999.0,24.109890274652575,1310.5632945287819
Philips_B120N10_Baby_Monitor,1000,4,6828,local,0.99762436,0.8806211055276382,0.1254,1.0,0.9409956637030812,106.98584659818276,9.89887232748988,133.86935305468984
Philips_B120N10_Baby_Monitor,1000,4,6828,peer_scale_local_center,0.99709356,0.8539477386934673,0.0582,1.0,0.9409956637030812,106.98584659818276,9.89887232748988,133.86935305468984
Philips_B120N10_Baby_Monitor,1000,4,6828,shared_marginals,0.99521832,0.7597688442211055,0.043,1.0,0.9409956637030812,106.98584659818276,9.89887232748988,133.86935305468984
Philips_B120N10_Baby_Monitor,1000,4,6828,collaborative_js,0.99763384,0.881097487437186,0.1236,1.0,0.9409956637030812,106.98584659818276,9.89887232748988,133.86935305468984
Philips_B120N10_Baby_Monitor,1000,5,102133,local,0.981123,0.7018552763819096,0.4006,1.0,0.9821004829070444,999.0,23.44921208143551,1198.3123326761095
Philips_B120N10_Baby_Monitor,1000,5,102133,peer_scale_local_center,0.99216456,0.7765165829145728,0.3784,1.0,0.9821004829070444,999.0,23.44921208143551,1198.3123326761095
Philips_B120N10_Baby_Monitor,1000,5,102133,shared_marginals,0.99391988,0.7926010050251256,0.377,1.0,0.9821004829070444,999.0,23.44921208143551,1198.3123326761095
Philips_B120N10_Baby_Monitor,1000,5,102133,collaborative_js,0.98120776,0.7036261306532664,0.4006,1.0,0.9821004829070444,999.0,23.44921208143551,1198.3123326761095
Philips_B120N10_Baby_Monitor,1000,6,112851,local,0.99999952,0.999975879396985,0.0,0.0,0.6768120115500378,112.12268617445194,11.879960400938023,30.570320537972883
Philips_B120N10_Baby_Monitor,1000,6,112851,peer_scale_local_center,0.99999916,0.9999577889447235,0.0,0.0,0.6768120115500378,112.12268617445194,11.879960400938023,30.570320537972883
Philips_B120N10_Baby_Monitor,1000,6,112851,shared_marginals,0.99990628,0.9954633165829145,0.0,0.0,0.6768120115500378,112.12268617445194,11.879960400938023,30.570320537972883
Philips_B120N10_Baby_Monitor,1000,6,112851,collaborative_js,0.9999994400000001,0.9999718592964825,0.0,0.0,0.6768120115500378,112.12268617445194,11.879960400938023,30.570320537972883
Philips_B120N10_Baby_Monitor,1000,7,88900,local,0.99769092,0.8848804020100502,0.3956,1.0,0.9817391237672417,999.0,24.52202440209307,1233.348505023583
Philips_B120N10_Baby_Monitor,1000,7,88900,peer_scale_local_center,0.99535924,0.7671859296482413,0.348,1.0,0.9817391237672417,999.0,24.52202440209307,1233.348505023583
Philips_B120N10_Baby_Monitor,1000,7,88900,shared_marginals,0.99601692,0.8000160804020101,0.3556,1.0,0.9817391237672417,999.0,24.52202440209307,1233.348505023583
Philips_B120N10_Baby_Monitor,1000,7,88900,collaborative_js,0.99777176,0.8888703517587939,0.3962,1.0,0.9817391237672417,999.0,24.52202440209307,1233.348505023583
Provision_PT_737E_Security_Camera,30,0,1975,local,0.8158547599999999,0.7912221105527638,0.0,0.0,0.8791242536411512,13.844075415445474,17.70860315464299,129.95661766594776
Provision_PT_737E_Security_Camera,30,0,1975,peer_scale_local_center,0.99261372,0.7832582914572865,0.0,0.0,0.8791242536411512,13.844075415445474,17.70860315464299,129.95661766594776
Provision_PT_737E_Security_Camera,30,0,1975,shared_marginals,0.9953832800000001,0.8680180904522613,0.0,0.0,0.8791242536411512,13.844075415445474,17.70860315464299,129.95661766594776
Provision_PT_737E_Security_Camera,30,0,1975,collaborative_js,0.82589384,0.793521608040201,0.0,0.0,0.8791242536411512,13.844075415445474,17.70860315464299,129.95661766594776
Provision_PT_737E_Security_Camera,30,1,10725,local,0.9999996,0.9999798994974873,0.0004,0.9996,0.8025341483627988,13.86971445037386,18.542860319394894,83.77580316919125
Provision_PT_737E_Security_Camera,30,1,10725,peer_scale_local_center,0.9998794799999999,0.9939437185929647,0.0,0.0,0.8025341483627988,13.86971445037386,18.542860319394894,83.77580316919125
Provision_PT_737E_Security_Camera,30,1,10725,shared_marginals,0.9998792799999999,0.9939336683417086,0.0,0.1246,0.8025341483627988,13.86971445037386,18.542860319394894,83.77580316919125
Provision_PT_737E_Security_Camera,30,1,10725,collaborative_js,0.9999997199999999,0.9999859296482412,0.0,0.798,0.8025341483627988,13.86971445037386,18.542860319394894,83.77580316919125
Provision_PT_737E_Security_Camera,30,2,35381,local,0.5817880799999999,0.49748743718592964,0.2844,0.0102,0.9883421077444243,29.0,26.40101389916442,2093.08967386399
Provision_PT_737E_Security_Camera,30,2,35381,peer_scale_local_center,0.8519755200000001,0.5035276381909548,0.37,1.0,0.9883421077444243,29.0,26.40101389916442,2093.08967386399
Provision_PT_737E_Security_Camera,30,2,35381,shared_marginals,0.88177844,0.5180180904522613,0.3918,1.0,0.9883421077444243,29.0,26.40101389916442,2093.08967386399
Provision_PT_737E_Security_Camera,30,2,35381,collaborative_js,0.58240248,0.49748743718592964,0.2842,0.0108,0.9883421077444243,29.0,26.40101389916442,2093.08967386399
Provision_PT_737E_Security_Camera,30,3,19653,local,0.75082176,0.49748743718592964,0.0,0.0,0.9501264229992262,19.045808959821837,22.229602393573888,405.6176358326981
Provision_PT_737E_Security_Camera,30,3,19653,peer_scale_local_center,0.89917984,0.6919899497487437,0.2332,1.0,0.9501264229992262,19.045808959821837,22.229602393573888,405.6176358326981
Provision_PT_737E_Security_Camera,30,3,19653,shared_marginals,0.9086662,0.6237949748743719,0.246,1.0,0.9501264229992262,19.045808959821837,22.229602393573888,405.6176358326981
Provision_PT_737E_Security_Camera,30,3,19653,collaborative_js,0.7544752400000001,0.49748743718592964,0.0,0.0,0.9501264229992262,19.045808959821837,22.229602393573888,405.6176358326981
Provision_PT_737E_Security_Camera,30,4,9071,local,0.9255810399999999,0.7971195979899498,1.0,1.0,0.9860834712550657,29.0,15.053674833166085,937.9979068356199
Provision_PT_737E_Security_Camera,30,4,9071,peer_scale_local_center,0.88523136,0.8041587939698492,0.8978,1.0,0.9860834712550657,29.0,15.053674833166085,937.9979068356199
Provision_PT_737E_Security_Camera,30,4,9071,shared_marginals,0.99941336,0.9706070351758793,0.8976,1.0,0.9860834712550657,29.0,15.053674833166085,937.9979068356199
Provision_PT_737E_Security_Camera,30,4,9071,collaborative_js,0.9193458800000001,0.7968763819095477,1.0,1.0,0.9860834712550657,29.0,15.053674833166085,937.9979068356199
Provision_PT_737E_Security_Camera,30,5,13153,local,0.7377982399999998,0.49748743718592964,0.2416,0.0,0.9321017757394051,18.94597026982599,21.608566471048807,288.79350947074397
Provision_PT_737E_Security_Camera,30,5,13153,peer_scale_local_center,0.9328535999999998,0.6005005025125628,0.25,1.0,0.9321017757394051,18.94597026982599,21.608566471048807,288.79350947074397
Provision_PT_737E_Security_Camera,30,5,13153,shared_marginals,0.9329699199999999,0.6175396984924624,0.2734,1.0,0.9321017757394051,18.94597026982599,21.608566471048807,288.79350947074397
Provision_PT_737E_Security_Camera,30,5,13153,collaborative_js,0.7428718000000001,0.49748743718592964,0.0402,0.0,0.9321017757394051,18.94597026982599,21.608566471048807,288.79350947074397
Provision_PT_737E_Security_Camera,30,6,37992,local,0.63135468,0.49748743718592964,0.3138,0.0006,0.9815483462336607,29.0,27.960625530280193,1406.9538621865547
Provision_PT_737E_Security_Camera,30,6,37992,peer_scale_local_center,0.8687086799999999,0.49864924623115575,0.9728,1.0,0.9815483462336607,29.0,27.960625530280193,1406.9538621865547
Provision_PT_737E_Security_Camera,30,6,37992,shared_marginals,0.89930764,0.5400884422110552,0.8442,1.0,0.9815483462336607,29.0,27.960625530280193,1406.9538621865547
Provision_PT_737E_Security_Camera,30,6,37992,collaborative_js,0.63177188,0.49748743718592964,0.2914,0.0006,0.9815483462336607,29.0,27.960625530280193,1406.9538621865547
Provision_PT_737E_Security_Camera,30,7,4028,local,0.6148368,0.49748743718592964,0.3018,0.0004,0.9828784511679557,29.0,29.072103388825997,1581.1714030309224
Provision_PT_737E_Security_Camera,30,7,4028,peer_scale_local_center,0.8716434,0.5353949748743718,0.4216,1.0,0.9828784511679557,29.0,29.072103388825997,1581.1714030309224
Provision_PT_737E_Security_Camera,30,7,4028,shared_marginals,0.8957318000000001,0.5823175879396985,0.4542,1.0,0.9828784511679557,29.0,29.072103388825997,1581.1714030309224
Provision_PT_737E_Security_Camera,30,7,4028,collaborative_js,0.6162526399999999,0.49748743718592964,0.3016,0.0004,0.9828784511679557,29.0,29.072103388825997,1581.1714030309224
Provision_PT_737E_Security_Camera,100,0,32025,local,0.95855812,0.7785105527638191,0.0,0.0,0.9294124782996013,46.03325525022237,10.924351028294506,126.42958434173353
Provision_PT_737E_Security_Camera,100,0,32025,peer_scale_local_center,0.9051520399999999,0.7098994974874372,0.0,0.1108,0.9294124782996013,46.03325525022237,10.924351028294506,126.42958434173353
Provision_PT_737E_Security_Camera,100,0,32025,shared_marginals,0.91586748,0.7097125628140704,0.0,0.1982,0.9294124782996013,46.03325525022237,10.924351028294506,126.42958434173353
Provision_PT_737E_Security_Camera,100,0,32025,collaborative_js,0.95764312,0.778494472361809,0.0,0.0,0.9294124782996013,46.03325525022237,10.924351028294506,126.42958434173353
Provision_PT_737E_Security_Camera,100,1,10368,local,0.98926208,0.820540703517588,0.0,0.0,0.8373828588072153,17.191292230798656,14.93477243592462,79.54126078621861
Provision_PT_737E_Security_Camera,100,1,10368,peer_scale_local_center,0.9980113199999999,0.9000663316582915,0.0008,0.0466,0.8373828588072153,17.191292230798656,14.93477243592462,79.54126078621861
Provision_PT_737E_Security_Camera,100,1,10368,shared_marginals,0.9982466799999999,0.911991959798995,0.1214,1.0,0.8373828588072153,17.191292230798656,14.93477243592462,79.54126078621861
Provision_PT_737E_Security_Camera,100,1,10368,collaborative_js,0.99607312,0.844062311557789,0.0,0.0,0.8373828588072153,17.191292230798656,14.93477243592462,79.54126078621861
Provision_PT_737E_Security_Camera,100,2,23045,local,0.69874984,0.49748743718592964,0.0,0.0,0.9358413917769318,48.10053701576764,25.62742021542129,368.2657849009584
Provision_PT_737E_Security_Camera,100,2,23045,peer_scale_local_center,0.76301348,0.5624603015075377,0.1506,0.4138,0.9358413917769318,48.10053701576764,25.62742021542129,368.2657849009584
Provision_PT_737E_Security_Camera,100,2,23045,shared_marginals,0.7817954,0.5777969849246232,0.1262,0.4094,0.9358413917769318,48.10053701576764,25.62742021542129,368.2657849009584
Provision_PT_737E_Security_Camera,100,2,23045,collaborative_js,0.69672656,0.49748743718592964,0.0,0.0,0.9358413917769318,48.10053701576764,25.62742021542129,368.2657849009584
Provision_PT_737E_Security_Camera,100,3,8613,local,0.95738816,0.8343859296482412,0.0,0.0,0.8415849804048787,26.081704868641005,20.801024406085467,118.68208238169153
Provision_PT_737E_Security_Camera,100,3,8613,peer_scale_local_center,0.99812,0.9056402010050251,0.0,0.0,0.8415849804048787,26.081704868641005,20.801024406085467,118.68208238169153
Provision_PT_737E_Security_Camera,100,3,8613,shared_marginals,0.9981994799999999,0.909521608040201,0.098,1.0,0.8415849804048787,26.081704868641005,20.801024406085467,118.68208238169153
Provision_PT_737E_Security_Camera,100,3,8613,collaborative_js,0.9945737600000001,0.858697487437186,0.0,0.0,0.8415849804048787,26.081704868641005,20.801024406085467,118.68208238169153
Provision_PT_737E_Security_Camera,100,4,29590,local,0.98123552,0.49748743718592964,0.0,0.0,0.7412920558072392,16.269616167582303,8.055855045844952,23.408075328884347
Provision_PT_737E_Security_Camera,100,4,29590,peer_scale_local_center,0.9910475200000001,0.7372984924623116,0.0,0.0,0.7412920558072392,16.269616167582303,8.055855045844952,23.408075328884347
Provision_PT_737E_Security_Camera,100,4,29590,shared_marginals,0.99435396,0.8291155778894472,0.0,0.0,0.7412920558072392,16.269616167582303,8.055855045844952,23.408075328884347
Provision_PT_737E_Security_Camera,100,4,29590,collaborative_js,0.9816312,0.49748743718592964,0.0,0.0,0.7412920558072392,16.269616167582303,8.055855045844952,23.408075328884347
Provision_PT_737E_Security_Camera,100,5,30120,local,0.7439938399999999,0.49748743718592964,0.2546,0.0008,0.9591196751870756,52.72503766188673,24.46249608405752,549.4696088362781
Provision_PT_737E_Security_Camera,100,5,30120,peer_scale_local_center,0.85442724,0.5856020100502513,0.2618,1.0,0.9591196751870756,52.72503766188673,24.46249608405752,549.4696088362781
Provision_PT_737E_Security_Camera,100,5,30120,shared_marginals,0.85072004,0.5705185929648241,0.2752,1.0,0.9591196751870756,52.72503766188673,24.46249608405752,549.4696088362781
Provision_PT_737E_Security_Camera,100,5,30120,collaborative_js,0.7441562,0.49748743718592964,0.2546,0.0008,0.9591196751870756,52.72503766188673,24.46249608405752,549.4696088362781
Provision_PT_737E_Security_Camera,100,6,3040,local,0.7486188,0.49748743718592964,0.2898,0.7994,0.9530526815483382,49.25589056405632,23.51014135144196,458.1761442581512
Provision_PT_737E_Security_Camera,100,6,3040,peer_scale_local_center,0.8664257599999999,0.6620582914572865,0.2414,0.9996,0.9530526815483382,49.25589056405632,23.51014135144196,458.1761442581512
Provision_PT_737E_Security_Camera,100,6,3040,shared_marginals,0.8632865200000001,0.6087899497487437,0.2382,0.8052,0.9530526815483382,49.25589056405632,23.51014135144196,458.1761442581512
Provision_PT_737E_Security_Camera,100,6,3040,collaborative_js,0.74895008,0.49748743718592964,0.2858,0.7994,0.9530526815483382,49.25589056405632,23.51014135144196,458.1761442581512
Provision_PT_737E_Security_Camera,100,7,27015,local,0.7654590000000001,0.49748743718592964,0.2338,0.0012,0.9428070300070867,53.08269792644401,23.212836110379868,370.89936250920863
Provision_PT_737E_Security_Camera,100,7,27015,peer_scale_local_center,0.86783824,0.5646472361809045,0.2944,1.0,0.9428070300070867,53.08269792644401,23.212836110379868,370.89936250920863
Provision_PT_737E_Security_Camera,100,7,27015,shared_marginals,0.8770779599999999,0.5610472361809046,0.2992,1.0,0.9428070300070867,53.08269792644401,23.212836110379868,370.89936250920863
Provision_PT_737E_Security_Camera,100,7,27015,collaborative_js,0.76558044,0.49748743718592964,0.2338,0.0012,0.9428070300070867,53.08269792644401,23.212836110379868,370.89936250920863
Provision_PT_737E_Security_Camera,300,0,30351,local,0.9937229599999999,0.7451658291457286,0.0,0.0,0.7033577304469724,44.05656341441225,12.752485733059217,36.24731481882459
Provision_PT_737E_Security_Camera,300,0,30351,peer_scale_local_center,0.9990403999999999,0.9517788944723617,0.0,0.0,0.7033577304469724,44.05656341441225,12.752485733059217,36.24731481882459
Provision_PT_737E_Security_Camera,300,0,30351,shared_marginals,0.99899812,0.9496542713567839,0.0,0.0,0.7033577304469724,44.05656341441225,12.752485733059217,36.24731481882459
Provision_PT_737E_Security_Camera,300,0,30351,collaborative_js,0.9960893599999999,0.8113407035175879,0.0,0.0,0.7033577304469724,44.05656341441225,12.752485733059217,36.24731481882459
Provision_PT_737E_Security_Camera,300,1,38093,local,0.9992439599999999,0.962008040201005,0.0,0.0,0.6077808357199161,44.787618272914706,12.361936569634986,26.418741135850063
Provision_PT_737E_Security_Camera,300,1,38093,peer_scale_local_center,0.99941996,0.9708522613065327,0.0,0.0,0.6077808357199161,44.787618272914706,12.361936569634986,26.418741135850063
Provision_PT_737E_Security_Camera,300,1,38093,shared_marginals,0.9992972,0.9646834170854272,0.0,0.0,0.6077808357199161,44.787618272914706,12.361936569634986,26.418741135850063
Provision_PT_737E_Security_Camera,300,1,38093,collaborative_js,0.99946296,0.9730130653266331,0.0,0.0,0.6077808357199161,44.787618272914706,12.361936569634986,26.418741135850063
Provision_PT_737E_Security_Camera,300,2,18903,local,0.99649692,0.8803015075376885,0.0,0.0,0.6098765678002106,44.419525271817115,12.977970674931996,28.13973673160441
Provision_PT_737E_Security_Camera,300,2,18903,peer_scale_local_center,0.99427592,0.8508844221105528,0.0,0.0,0.6098765678002106,44.419525271817115,12.977970674931996,28.13973673160441
Provision_PT_737E_Security_Camera,300,2,18903,shared_marginals,0.99455056,0.8595216080402011,0.0,0.0,0.6098765678002106,44.419525271817115,12.977970674931996,28.13973673160441
Provision_PT_737E_Security_Camera,300,2,18903,collaborative_js,0.9949694,0.8750854271356784,0.0,0.0,0.6098765678002106,44.419525271817115,12.977970674931996,28.13973673160441
Provision_PT_737E_Security_Camera,300,3,1036,local,0.9961443999999999,0.8065286432160803,0.0,0.0,0.7174527121317342,32.903087675924965,7.574478778093847,19.7293657290134
Provision_PT_737E_Security_Camera,300,3,1036,peer_scale_local_center,0.99793716,0.8963396984924623,0.0,0.0,0.7174527121317342,32.903087675924965,7.574478778093847,19.7293657290134
Provision_PT_737E_Security_Camera,300,3,1036,shared_marginals,0.9980724,0.9031356783919597,0.0,0.0,0.7174527121317342,32.903087675924965,7.574478778093847,19.7293657290134
Provision_PT_737E_Security_Camera,300,3,1036,collaborative_js,0.99676828,0.8376020100502513,0.0,0.0,0.7174527121317342,32.903087675924965,7.574478778093847,19.7293657290134
Provision_PT_737E_Security_Camera,300,4,12036,local,0.99709904,0.8866452261306532,0.0132,1.0,0.6615277437039981,45.07909531417273,12.975385343923058,32.42624805953025
Provision_PT_737E_Security_Camera,300,4,12036,peer_scale_local_center,0.9993260399999999,0.966132663316583,0.0014,0.7984,0.6615277437039981,45.07909531417273,12.975385343923058,32.42624805953025
Provision_PT_737E_Security_Camera,300,4,12036,shared_marginals,0.99948884,0.974313567839196,0.0024,1.0,0.6615277437039981,45.07909531417273,12.975385343923058,32.42624805953025
Provision_PT_737E_Security_Camera,300,4,12036,collaborative_js,0.99814224,0.9066452261306532,0.0072,0.7984,0.6615277437039981,45.07909531417273,12.975385343923058,32.42624805953025
Provision_PT_737E_Security_Camera,300,5,24340,local,0.99839176,0.9191839195979901,0.0,0.0,0.7542857889974109,33.534736233259544,7.425578512848103,22.080849498733045
Provision_PT_737E_Security_Camera,300,5,24340,peer_scale_local_center,0.9957579599999999,0.848180904522613,0.0,0.0,0.7542857889974109,33.534736233259544,7.425578512848103,22.080849498733045
Provision_PT_737E_Security_Camera,300,5,24340,shared_marginals,0.99505476,0.8438512562814071,0.0,0.0,0.7542857889974109,33.534736233259544,7.425578512848103,22.080849498733045
Provision_PT_737E_Security_Camera,300,5,24340,collaborative_js,0.9984683999999999,0.9230351758793971,0.0,0.0,0.7542857889974109,33.534736233259544,7.425578512848103,22.080849498733045
Provision_PT_737E_Security_Camera,300,6,11892,local,0.99940944,0.9703236180904523,0.0,0.0,0.710835373915218,34.19943143078672,8.89360758862981,23.839733379450884
Provision_PT_737E_Security_Camera,300,6,11892,peer_scale_local_center,0.9995652,0.9781507537688442,0.0,0.0,0.710835373915218,34.19943143078672,8.89360758862981,23.839733379450884
Provision_PT_737E_Security_Camera,300,6,11892,shared_marginals,0.99955728,0.9777527638190955,0.0,0.0,0.710835373915218,34.19943143078672,8.89360758862981,23.839733379450884
Provision_PT_737E_Security_Camera,300,6,11892,collaborative_js,0.9997368,0.9867738693467336,0.0,0.0,0.710835373915218,34.19943143078672,8.89360758862981,23.839733379450884
Provision_PT_737E_Security_Camera,300,7,20706,local,0.99706184,0.8524402010050252,0.0,0.0,0.6585905959138512,43.4170779547242,12.247298642869511,30.01469356211342
Provision_PT_737E_Security_Camera,300,7,20706,peer_scale_local_center,0.99915904,0.957740703517588,0.0,0.0,0.6585905959138512,43.4170779547242,12.247298642869511,30.01469356211342
Provision_PT_737E_Security_Camera,300,7,20706,shared_marginals,0.99912336,0.9559477386934674,0.0,0.0,0.6585905959138512,43.4170779547242,12.247298642869511,30.01469356211342
Provision_PT_737E_Security_Camera,300,7,20706,collaborative_js,0.9981172,0.9053869346733668,0.0,0.0,0.6585905959138512,43.4170779547242,12.247298642869511,30.01469356211342
Provision_PT_737E_Security_Camera,1000,0,33793,local,0.98854472,0.6706773869346734,0.0374,1.0,0.6696062070653765,149.22773970150826,12.338207702986377,31.290562728677063
Provision_PT_737E_Security_Camera,1000,0,33793,peer_scale_local_center,0.9986465200000001,0.9319859296482413,0.0462,1.0,0.6696062070653765,149.22773970150826,12.338207702986377,31.290562728677063
Provision_PT_737E_Security_Camera,1000,0,33793,shared_marginals,0.99891,0.9452261306532663,0.0428,1.0,0.6696062070653765,149.22773970150826,12.338207702986377,31.290562728677063
Provision_PT_737E_Security_Camera,1000,0,33793,collaborative_js,0.9914875999999999,0.7073045226130653,0.0386,1.0,0.6696062070653765,149.22773970150826,12.338207702986377,31.290562728677063
Provision_PT_737E_Security_Camera,1000,1,30941,local,0.99326792,0.6984301507537688,0.1066,1.0,0.7515856209218406,101.12694607812351,9.339893925296609,29.546976920314407
Provision_PT_737E_Security_Camera,1000,1,30941,peer_scale_local_center,0.998135,0.9062814070351759,0.0964,1.0,0.7515856209218406,101.12694607812351,9.339893925296609,29.546976920314407
Provision_PT_737E_Security_Camera,1000,1,30941,shared_marginals,0.9981084,0.9049447236180904,0.0938,1.0,0.7515856209218406,101.12694607812351,9.339893925296609,29.546976920314407
Provision_PT_737E_Security_Camera,1000,1,30941,collaborative_js,0.9951782400000001,0.7590030150753769,0.1042,1.0,0.7515856209218406,101.12694607812351,9.339893925296609,29.546976920314407
Provision_PT_737E_Security_Camera,1000,2,37691,local,0.9886952,0.8643698492462311,0.0004,0.051,0.4681523444857767,112.79092632036475,11.029928092447218,16.97841101455364
Provision_PT_737E_Security_Camera,1000,2,37691,peer_scale_local_center,0.9878038,0.8214613065326634,0.0012,0.2514,0.4681523444857767,112.79092632036475,11.029928092447218,16.97841101455364
Provision_PT_737E_Security_Camera,1000,2,37691,shared_marginals,0.9888938,0.8207015075376884,0.001,0.2826,0.4681523444857767,112.79092632036475,11.029928092447218,16.97841101455364
Provision_PT_737E_Security_Camera,1000,2,37691,collaborative_js,0.9884858400000001,0.8557206030150755,0.0008,0.046,0.4681523444857767,112.79092632036475,11.029928092447218,16.97841101455364
Provision_PT_737E_Security_Camera,1000,3,14286,local,0.9941234,0.7545206030150754,0.0444,1.0,0.706211350790534,116.53984820261249,10.804630783952836,29.969268069561437
Provision_PT_737E_Security_Camera,1000,3,14286,peer_scale_local_center,0.9973496399999999,0.8668160804020101,0.0132,1.0,0.706211350790534,116.53984820261249,10.804630783952836,29.969268069561437
Provision_PT_737E_Security_Camera,1000,3,14286,shared_marginals,0.99733548,0.8661045226130653,0.0128,1.0,0.706211350790534,116.53984820261249,10.804630783952836,29.969268069561437
Provision_PT_737E_Security_Camera,1000,3,14286,collaborative_js,0.9947727999999999,0.7714753768844221,0.0394,1.0,0.706211350790534,116.53984820261249,10.804630783952836,29.969268069561437
Provision_PT_737E_Security_Camera,1000,4,9475,local,0.99319252,0.7658150753768844,0.0458,1.0,0.7091111712996118,118.45275760451842,10.792778604500537,30.22728182372719
Provision_PT_737E_Security_Camera,1000,4,9475,peer_scale_local_center,0.9990334,0.951427135678392,0.0172,1.0,0.7091111712996118,118.45275760451842,10.792778604500537,30.22728182372719
Provision_PT_737E_Security_Camera,1000,4,9475,shared_marginals,0.99898968,0.9492301507537688,0.014,1.0,0.7091111712996118,118.45275760451842,10.792778604500537,30.22728182372719
Provision_PT_737E_Security_Camera,1000,4,9475,collaborative_js,0.99547176,0.8408844221105528,0.0402,1.0,0.7091111712996118,118.45275760451842,10.792778604500537,30.22728182372719
Provision_PT_737E_Security_Camera,1000,5,5063,local,0.99744428,0.8715778894472361,0.0718,1.0,0.713904665592719,109.50696329991611,10.655275296910533,30.253115853294602
Provision_PT_737E_Security_Camera,1000,5,5063,peer_scale_local_center,0.9971868,0.8586693467336683,0.0752,1.0,0.713904665592719,109.50696329991611,10.655275296910533,30.253115853294602
Provision_PT_737E_Security_Camera,1000,5,5063,shared_marginals,0.99734292,0.8664824120603014,0.0708,1.0,0.713904665592719,109.50696329991611,10.655275296910533,30.253115853294602
Provision_PT_737E_Security_Camera,1000,5,5063,collaborative_js,0.9977268,0.8857688442211056,0.0728,1.0,0.713904665592719,109.50696329991611,10.655275296910533,30.253115853294602
Provision_PT_737E_Security_Camera,1000,6,36764,local,0.9796397600000001,0.8142814070351758,0.027,0.7898,0.55206679290711,124.5787831597401,10.724472206597644,19.477172195426025
Provision_PT_737E_Security_Camera,1000,6,36764,peer_scale_local_center,0.98139412,0.8627919597989949,0.0076,0.786,0.55206679290711,124.5787831597401,10.724472206597644,19.477172195426025
Provision_PT_737E_Security_Camera,1000,6,36764,shared_marginals,0.982476,0.858070351758794,0.0062,0.783,0.55206679290711,124.5787831597401,10.724472206597644,19.477172195426025
Provision_PT_737E_Security_Camera,1000,6,36764,collaborative_js,0.9799441200000001,0.833662311557789,0.0192,0.7892,0.55206679290711,124.5787831597401,10.724472206597644,19.477172195426025
Provision_PT_737E_Security_Camera,1000,7,10612,local,0.99122072,0.6967618090452261,0.037,1.0,0.6546891940270264,133.58180323637552,11.555898212676663,27.67332515341143
Provision_PT_737E_Security_Camera,1000,7,10612,peer_scale_local_center,0.9950665599999999,0.8292060301507538,0.0434,1.0,0.6546891940270264,133.58180323637552,11.555898212676663,27.67332515341143
Provision_PT_737E_Security_Camera,1000,7,10612,shared_marginals,0.9951400800000001,0.8207537688442211,0.042,1.0,0.6546891940270264,133.58180323637552,11.555898212676663,27.67332515341143
Provision_PT_737E_Security_Camera,1000,7,10612,collaborative_js,0.99261084,0.7334472361809046,0.043,1.0,0.6546891940270264,133.58180323637552,11.555898212676663,27.67332515341143
Provision_PT_838_Security_Camera,30,0,50503,local,0.6974886,0.49748743718592964,0.0,0.0,0.9336083946587193,29.0,23.744835215541343,327.52386546105885
Provision_PT_838_Security_Camera,30,0,50503,peer_scale_local_center,0.8683943199999999,0.6351718592964823,0.294,1.0,0.9336083946587193,29.0,23.744835215541343,327.52386546105885
Provision_PT_838_Security_Camera,30,0,50503,shared_marginals,0.87646676,0.6273909547738694,0.301,1.0,0.9336083946587193,29.0,23.744835215541343,327.52386546105885
Provision_PT_838_Security_Camera,30,0,50503,collaborative_js,0.69826012,0.49748743718592964,0.0,0.0,0.9336083946587193,29.0,23.744835215541343,327.52386546105885
Provision_PT_838_Security_Camera,30,1,9464,local,0.98465184,0.6152,0.0,0.0,0.9417528803625925,10.663085672481582,12.355632269217088,177.78788605654057
Provision_PT_838_Security_Camera,30,1,9464,peer_scale_local_center,0.9988001599999999,0.9602150753768844,0.0,0.0,0.9417528803625925,10.663085672481582,12.355632269217088,177.78788605654057
Provision_PT_838_Security_Camera,30,1,9464,shared_marginals,0.9938361199999999,0.86883216080402,0.0,0.0,0.9417528803625925,10.663085672481582,12.355632269217088,177.78788605654057
Provision_PT_838_Security_Camera,30,1,9464,collaborative_js,0.98696184,0.6428281407035176,0.0,0.0,0.9417528803625925,10.663085672481582,12.355632269217088,177.78788605654057
Provision_PT_838_Security_Camera,30,2,43764,local,0.96567732,0.8006130653266332,0.0,0.0,0.8655019629223102,21.116612078746186,15.511017368843547,100.45512679890786
Provision_PT_838_Security_Camera,30,2,43764,peer_scale_local_center,0.9182840800000001,0.7041547738693468,0.2534,1.0,0.8655019629223102,21.116612078746186,15.511017368843547,100.45512679890786
Provision_PT_838_Security_Camera,30,2,43764,shared_marginals,0.9292098400000001,0.7008402010050252,0.244,1.0,0.8655019629223102,21.116612078746186,15.511017368843547,100.45512679890786
Provision_PT_838_Security_Camera,30,2,43764,collaborative_js,0.9600934400000001,0.7991899497487437,0.0,0.0,0.8655019629223102,21.116612078746186,15.511017368843547,100.45512679890786
Provision_PT_838_Security_Camera,30,3,49394,local,0.6883644,0.49748743718592964,0.0,0.0,0.9445321477160039,22.885607802497354,19.008393237839684,306.6351505869835
Provision_PT_838_Security_Camera,30,3,49394,peer_scale_local_center,0.86342248,0.6538412060301507,0.3176,1.0,0.9445321477160039,22.885607802497354,19.008393237839684,306.6351505869835
Provision_PT_838_Security_Camera,30,3,49394,shared_marginals,0.8776624800000001,0.6345668341708542,0.3478,1.0,0.9445321477160039,22.885607802497354,19.008393237839684,306.6351505869835
Provision_PT_838_Security_Camera,30,3,49394,collaborative_js,0.68875692,0.49748743718592964,0.0,0.0,0.9445321477160039,22.885607802497354,19.008393237839684,306.6351505869835
Provision_PT_838_Security_Camera,30,4,21144,local,0.98352272,0.6190412060301507,0.0,0.0,0.9411309078897373,9.167027553845044,9.684896046621839,130.54211932176423
Provision_PT_838_Security_Camera,30,4,21144,peer_scale_local_center,0.9987096799999999,0.9558793969849246,0.0,0.0,0.9411309078897373,9.167027553845044,9.684896046621839,130.54211932176423
Provision_PT_838_Security_Camera,30,4,21144,shared_marginals,0.9881071200000001,0.7989507537688443,0.0,0.0,0.9411309078897373,9.167027553845044,9.684896046621839,130.54211932176423
Provision_PT_838_Security_Camera,30,4,21144,collaborative_js,0.98384452,0.6272100502512563,0.0,0.0,0.9411309078897373,9.167027553845044,9.684896046621839,130.54211932176423
Provision_PT_838_Security_Camera,30,5,62030,local,0.87881192,0.5423557788944724,0.0,0.0,0.9651659846053432,17.00098366962636,18.99236410162799,487.80951346293665
Provision_PT_838_Security_Camera,30,5,62030,peer_scale_local_center,0.9845267199999999,0.8946150753768844,0.0,0.0,0.9651659846053432,17.00098366962636,18.99236410162799,487.80951346293665
Provision_PT_838_Security_Camera,30,5,62030,shared_marginals,0.99953344,0.9766010050251257,0.002,0.931,0.9651659846053432,17.00098366962636,18.99236410162799,487.80951346293665
Provision_PT_838_Security_Camera,30,5,62030,collaborative_js,0.87553452,0.5413326633165829,0.0,0.0,0.9651659846053432,17.00098366962636,18.99236410162799,487.80951346293665
Provision_PT_838_Security_Camera,30,6,65347,local,0.46391548,0.49748743718592964,0.3836,0.0644,0.9865975595800581,29.0,31.557017778590488,2205.3459558463514
Provision_PT_838_Security_Camera,30,6,65347,peer_scale_local_center,0.81000348,0.51078391959799,0.548,1.0,0.9865975595800581,29.0,31.557017778590488,2205.3459558463514
Provision_PT_838_Security_Camera,30,6,65347,shared_marginals,0.8495362399999999,0.5032,0.6126,1.0,0.9865975595800581,29.0,31.557017778590488,2205.3459558463514
Provision_PT_838_Security_Camera,30,6,65347,collaborative_js,0.46591735999999995,0.49748743718592964,0.3832,0.0644,0.9865975595800581,29.0,31.557017778590488,2205.3459558463514
Provision_PT_838_Security_Camera,30,7,49085,local,0.8294262,0.49748743718592964,0.0,0.0,0.9765596375356993,23.816322147012524,18.96978359324196,723.9556819604067
Provision_PT_838_Security_Camera,30,7,49085,peer_scale_local_center,0.9988514799999999,0.9591738693467338,0.5202,1.0,0.9765596375356993,23.816322147012524,18.96978359324196,723.9556819604067
Provision_PT_838_Security_Camera,30,7,49085,shared_marginals,0.9997528,0.9875778894472362,0.101,1.0,0.9765596375356993,23.816322147012524,18.96978359324196,723.9556819604067
Provision_PT_838_Security_Camera,30,7,49085,collaborative_js,0.8303447600000001,0.49748743718592964,0.0,0.0,0.9765596375356993,23.816322147012524,18.96978359324196,723.9556819604067
Provision_PT_838_Security_Camera,100,0,64208,local,0.99598456,0.8811376884422111,0.0,0.1878,0.5175430598301674,25.79066784514328,24.8492606408006,47.360207177779
Provision_PT_838_Security_Camera,100,0,64208,peer_scale_local_center,0.9997778,0.9889829145728644,0.0,0.533,0.5175430598301674,25.79066784514328,24.8492606408006,47.360207177779
Provision_PT_838_Security_Camera,100,0,64208,shared_marginals,0.9986654,0.9329346733668342,0.0,0.388,0.5175430598301674,25.79066784514328,24.8492606408006,47.360207177779
Provision_PT_838_Security_Camera,100,0,64208,collaborative_js,0.9965208799999999,0.8929728643216079,0.0,0.0126,0.5175430598301674,25.79066784514328,24.8492606408006,47.360207177779
Provision_PT_838_Security_Camera,100,1,46867,local,0.8415564,0.6320884422110553,0.0162,0.3048,0.9689079271903851,47.29305286170492,20.02111342995622,579.6047610046562
Provision_PT_838_Security_Camera,100,1,46867,peer_scale_local_center,0.99660848,0.895097487437186,0.0014,0.5704,0.9689079271903851,47.29305286170492,20.02111342995622,579.6047610046562
Provision_PT_838_Security_Camera,100,1,46867,shared_marginals,0.99909016,0.9542793969849246,0.0148,1.0,0.9689079271903851,47.29305286170492,20.02111342995622,579.6047610046562
Provision_PT_838_Security_Camera,100,1,46867,collaborative_js,0.8461096800000001,0.6446030150753769,0.0162,0.306,0.9689079271903851,47.29305286170492,20.02111342995622,579.6047610046562
Provision_PT_838_Security_Camera,100,2,6993,local,0.99756872,0.8839557788944723,0.0116,0.9998,0.847698408107471,23.17421435404272,20.42149278716399,120.95403966731385
Provision_PT_838_Security_Camera,100,2,6993,peer_scale_local_center,0.9990948,0.9545125628140704,0.0872,1.0,0.847698408107471,23.17421435404272,20.42149278716399,120.95403966731385
Provision_PT_838_Security_Camera,100,2,6993,shared_marginals,0.99883068,0.9412402010050251,0.2134,1.0,0.847698408107471,23.17421435404272,20.42149278716399,120.95403966731385
Provision_PT_838_Security_Camera,100,2,6993,collaborative_js,0.99745176,0.8801145728643216,0.0126,1.0,0.847698408107471,23.17421435404272,20.42149278716399,120.95403966731385
Provision_PT_838_Security_Camera,100,3,15744,local,0.9192613199999999,0.7680804020100502,0.0,0.0,0.7981351157729777,29.589173867653244,13.551099397943446,57.22193556434901
Provision_PT_838_Security_Camera,100,3,15744,peer_scale_local_center,0.86176008,0.673608040201005,0.0,0.0,0.7981351157729777,29.589173867653244,13.551099397943446,57.22193556434901
Provision_PT_838_Security_Camera,100,3,15744,shared_marginals,0.89070376,0.6713447236180905,0.0,0.0,0.7981351157729777,29.589173867653244,13.551099397943446,57.22193556434901
Provision_PT_838_Security_Camera,100,3,15744,collaborative_js,0.91012304,0.7452904522613065,0.0,0.0,0.7981351157729777,29.589173867653244,13.551099397943446,57.22193556434901
Provision_PT_838_Security_Camera,100,4,24793,local,0.8742559999999999,0.7054532663316583,0.0,0.0,0.9334747567450037,56.974605201940314,16.092021067015764,211.82968114825184
Provision_PT_838_Security_Camera,100,4,24793,peer_scale_local_center,0.8431846799999999,0.6065366834170854,0.1066,0.416,0.9334747567450037,56.974605201940314,16.092021067015764,211.82968114825184
Provision_PT_838_Security_Camera,100,4,24793,shared_marginals,0.8500344799999999,0.6080904522613065,0.1362,0.419,0.9334747567450037,56.974605201940314,16.092021067015764,211.82968114825184
Provision_PT_838_Security_Camera,100,4,24793,collaborative_js,0.8731487200000001,0.7059035175879397,0.0,0.0,0.9334747567450037,56.974605201940314,16.092021067015764,211.82968114825184
Provision_PT_838_Security_Camera,100,5,52656,local,0.77156828,0.49748743718592964,0.1396,0.0,0.9468031630982181,57.96860118501042,26.684372086854733,464.01954560625154
Provision_PT_838_Security_Camera,100,5,52656,peer_scale_local_center,0.8343521200000001,0.4977527638190955,0.6424,1.0,0.9468031630982181,57.96860118501042,26.684372086854733,464.01954560625154
Provision_PT_838_Security_Camera,100,5,52656,shared_marginals,0.8353466799999999,0.49750150753768846,0.6344,1.0,0.9468031630982181,57.96860118501042,26.684372086854733,464.01954560625154
Provision_PT_838_Security_Camera,100,5,52656,collaborative_js,0.7727803599999999,0.49748743718592964,0.1396,0.0,0.9468031630982181,57.96860118501042,26.684372086854733,464.01954560625154
Provision_PT_838_Security_Camera,100,6,46905,local,0.7519818399999999,0.49748743718592964,0.6274,0.9998,0.9655723900290236,39.676479524199394,22.332462988886824,590.5859572020181
Provision_PT_838_Security_Camera,100,6,46905,peer_scale_local_center,0.99744048,0.9293326633165829,0.7548,1.0,0.9655723900290236,39.676479524199394,22.332462988886824,590.5859572020181
Provision_PT_838_Security_Camera,100,6,46905,shared_marginals,0.9998744399999999,0.9936904522613066,0.6166,1.0,0.9655723900290236,39.676479524199394,22.332462988886824,590.5859572020181
Provision_PT_838_Security_Camera,100,6,46905,collaborative_js,0.7548894,0.49748743718592964,0.628,1.0,0.9655723900290236,39.676479524199394,22.332462988886824,590.5859572020181
Provision_PT_838_Security_Camera,100,7,31618,local,0.5984858,0.49748743718592964,0.8684,1.0,0.9624942552556273,62.65776681448679,23.205174147293377,565.3846975129034
Provision_PT_838_Security_Camera,100,7,31618,peer_scale_local_center,0.7737414,0.5048241206030151,0.909,1.0,0.9624942552556273,62.65776681448679,23.205174147293377,565.3846975129034
Provision_PT_838_Security_Camera,100,7,31618,shared_marginals,0.78820436,0.5019618090452261,0.8816,1.0,0.9624942552556273,62.65776681448679,23.205174147293377,565.3846975129034
Provision_PT_838_Security_Camera,100,7,31618,collaborative_js,0.600523,0.49748743718592964,0.8704,1.0,0.9624942552556273,62.65776681448679,23.205174147293377,565.3846975129034
Provision_PT_838_Security_Camera,300,0,16331,local,0.8756849200000001,0.6819899497487437,0.5324,1.0,0.9341345031477781,161.34463284832842,19.064436095593965,259.0800481453945
Provision_PT_838_Security_Camera,300,0,16331,peer_scale_local_center,0.8510268400000001,0.6361366834170854,0.5766,1.0,0.9341345031477781,161.34463284832842,19.064436095593965,259.0800481453945
Provision_PT_838_Security_Camera,300,0,16331,shared_marginals,0.8524714800000001,0.6206472361809046,0.5714,1.0,0.9341345031477781,161.34463284832842,19.064436095593965,259.0800481453945
Provision_PT_838_Security_Camera,300,0,16331,collaborative_js,0.87447316,0.6825768844221105,0.5384,1.0,0.9341345031477781,161.34463284832842,19.064436095593965,259.0800481453945
Provision_PT_838_Security_Camera,300,1,21009,local,0.9994841600000001,0.9740783919597991,0.0,0.7484,0.8519734782278152,68.38718813867013,22.248131162185334,136.78718461916935
Provision_PT_838_Security_Camera,300,1,21009,peer_scale_local_center,0.999567,0.9782412060301509,0.0508,1.0,0.8519734782278152,68.38718813867013,22.248131162185334,136.78718461916935
Provision_PT_838_Security_Camera,300,1,21009,shared_marginals,0.99952884,0.9763236180904522,0.1258,1.0,0.8519734782278152,68.38718813867013,22.248131162185334,136.78718461916935
Provision_PT_838_Security_Camera,300,1,21009,collaborative_js,0.99957284,0.9785346733668341,0.0006,0.7724,0.8519734782278152,68.38718813867013,22.248131162185334,136.78718461916935
Provision_PT_838_Security_Camera,300,2,16737,local,0.99934884,0.967278391959799,0.5322,1.0,0.8874080543021117,73.14123732651048,22.34663608453036,180.71129296517674
Provision_PT_838_Security_Camera,300,2,16737,peer_scale_local_center,0.99946972,0.9733527638190954,0.6426,1.0,0.8874080543021117,73.14123732651048,22.34663608453036,180.71129296517674
Provision_PT_838_Security_Camera,300,2,16737,shared_marginals,0.99939916,0.9698070351758794,0.6206,1.0,0.8874080543021117,73.14123732651048,22.34663608453036,180.71129296517674
Provision_PT_838_Security_Camera,300,2,16737,collaborative_js,0.99942716,0.9712140703517589,0.5322,1.0,0.8874080543021117,73.14123732651048,22.34663608453036,180.71129296517674
Provision_PT_838_Security_Camera,300,3,46916,local,0.99787028,0.9144221105527639,0.0,0.0,0.727971493721554,91.93740859114266,26.9312341299226,91.64934392722509
Provision_PT_838_Security_Camera,300,3,46916,peer_scale_local_center,0.99907128,0.9533306532663317,0.0032,0.975,0.727971493721554,91.93740859114266,26.9312341299226,91.64934392722509
Provision_PT_838_Security_Camera,300,3,46916,shared_marginals,0.99900952,0.950227135678392,0.025,1.0,0.727971493721554,91.93740859114266,26.9312341299226,91.64934392722509
Provision_PT_838_Security_Camera,300,3,46916,collaborative_js,0.9985033600000001,0.9253105527638191,0.0,0.0,0.727971493721554,91.93740859114266,26.9312341299226,91.64934392722509
Provision_PT_838_Security_Camera,300,4,27723,local,0.99708176,0.9221145728643215,0.0,0.0,0.7677115566009798,65.31635010015744,18.120262924621464,69.39761052567911
Provision_PT_838_Security_Camera,300,4,27723,peer_scale_local_center,0.99924072,0.9618452261306534,0.0026,0.9152,0.7677115566009798,65.31635010015744,18.120262924621464,69.39761052567911
Provision_PT_838_Security_Camera,300,4,27723,shared_marginals,0.99923544,0.9615798994974875,0.009,1.0,0.7677115566009798,65.31635010015744,18.120262924621464,69.39761052567911
Provision_PT_838_Security_Camera,300,4,27723,collaborative_js,0.9977928,0.9209608040201005,0.0,0.0,0.7677115566009798,65.31635010015744,18.120262924621464,69.39761052567911
Provision_PT_838_Security_Camera,300,5,7915,local,0.99744592,0.8731597989949749,0.0,0.0,0.8155726332924651,58.30358795157071,10.982619520486093,48.705458852702364
Provision_PT_838_Security_Camera,300,5,7915,peer_scale_local_center,0.99866108,0.9327236180904523,0.0,0.0,0.8155726332924651,58.30358795157071,10.982619520486093,48.705458852702364
Provision_PT_838_Security_Camera,300,5,7915,shared_marginals,0.9989699200000001,0.9482371859296483,0.0,0.0,0.8155726332924651,58.30358795157071,10.982619520486093,48.705458852702364
Provision_PT_838_Security_Camera,300,5,7915,collaborative_js,0.99789256,0.8944261306532664,0.0,0.0,0.8155726332924651,58.30358795157071,10.982619520486093,48.705458852702364
Provision_PT_838_Security_Camera,300,6,43303,local,0.9844779200000001,0.6898834170854271,0.0,0.0,0.7266758860421174,68.51538767086384,21.266923425116296,70.49112186305375
Provision_PT_838_Security_Camera,300,6,43303,peer_scale_local_center,0.9986372,0.9315175879396985,0.0,0.0,0.7266758860421174,68.51538767086384,21.266923425116296,70.49112186305375
Provision_PT_838_Security_Camera,300,6,43303,shared_marginals,0.99885548,0.942486432160804,0.0,0.0,0.7266758860421174,68.51538767086384,21.266923425116296,70.49112186305375
Provision_PT_838_Security_Camera,300,6,43303,collaborative_js,0.98958804,0.7216683417085428,0.0,0.0,0.7266758860421174,68.51538767086384,21.266923425116296,70.49112186305375
Provision_PT_838_Security_Camera,300,7,55299,local,0.9329607600000001,0.6755577889447236,0.325,1.0,0.8682363180354324,150.0613208372352,22.657181244957464,156.774468783533
Provision_PT_838_Security_Camera,300,7,55299,peer_scale_local_center,0.8879070000000001,0.6072904522613065,0.3154,1.0,0.8682363180354324,150.0613208372352,22.657181244957464,156.774468783533
Provision_PT_838_Security_Camera,300,7,55299,shared_marginals,0.89485088,0.6013065326633166,0.316,1.0,0.8682363180354324,150.0613208372352,22.657181244957464,156.774468783533
Provision_PT_838_Security_Camera,300,7,55299,collaborative_js,0.9270356399999999,0.6658452261306532,0.3242,1.0,0.8682363180354324,150.0613208372352,22.657181244957464,156.774468783533
Provision_PT_838_Security_Camera,1000,0,21065,local,0.98965852,0.6706452261306532,0.0742,1.0,0.715229489197112,174.902530192546,19.502332931299105,61.461184593701994
Provision_PT_838_Security_Camera,1000,0,21065,peer_scale_local_center,0.99863024,0.9311819095477387,0.0574,1.0,0.715229489197112,174.902530192546,19.502332931299105,61.461184593701994
Provision_PT_838_Security_Camera,1000,0,21065,shared_marginals,0.99891488,0.9455195979899498,0.0584,1.0,0.715229489197112,174.902530192546,19.502332931299105,61.461184593701994
Provision_PT_838_Security_Camera,1000,0,21065,collaborative_js,0.99353316,0.7674934673366836,0.0708,1.0,0.715229489197112,174.902530192546,19.502332931299105,61.461184593701994
Provision_PT_838_Security_Camera,1000,1,34873,local,0.9963904,0.8626271356783919,0.0734,1.0,0.7206917465195795,157.59070022405493,19.892951786891224,64.06166507408818
Provision_PT_838_Security_Camera,1000,1,34873,peer_scale_local_center,0.99853452,0.9263577889447236,0.0722,1.0,0.7206917465195795,157.59070022405493,19.892951786891224,64.06166507408818
Provision_PT_838_Security_Camera,1000,1,34873,shared_marginals,0.99878612,0.9390552763819096,0.0776,1.0,0.7206917465195795,157.59070022405493,19.892951786891224,64.06166507408818
Provision_PT_838_Security_Camera,1000,1,34873,collaborative_js,0.9973617600000001,0.8910311557788945,0.0706,1.0,0.7206917465195795,157.59070022405493,19.892951786891224,64.06166507408818
Provision_PT_838_Security_Camera,1000,2,24639,local,0.991752,0.692972864321608,0.0458,1.0,0.728318280192173,145.55595616177524,15.516214134069894,49.75017878873315
Provision_PT_838_Security_Camera,1000,2,24639,peer_scale_local_center,0.9991784,0.958713567839196,0.0252,1.0,0.728318280192173,145.55595616177524,15.516214134069894,49.75017878873315
Provision_PT_838_Security_Camera,1000,2,24639,shared_marginals,0.9994491999999999,0.9723216080402011,0.0136,1.0,0.728318280192173,145.55595616177524,15.516214134069894,49.75017878873315
Provision_PT_838_Security_Camera,1000,2,24639,collaborative_js,0.99437608,0.7681547738693468,0.0444,1.0,0.728318280192173,145.55595616177524,15.516214134069894,49.75017878873315
Provision_PT_838_Security_Camera,1000,3,45501,local,0.9911772400000001,0.6980020100502513,0.0518,1.0,0.7371691885803695,255.15653968635837,29.317458554114598,103.93552569641498
Provision_PT_838_Security_Camera,1000,3,45501,peer_scale_local_center,0.9977187599999999,0.8854854271356783,0.043,1.0,0.7371691885803695,255.15653968635837,29.317458554114598,103.93552569641498
Provision_PT_838_Security_Camera,1000,3,45501,shared_marginals,0.9979082,0.8948924623115577,0.0428,1.0,0.7371691885803695,255.15653968635837,29.317458554114598,103.93552569641498
Provision_PT_838_Security_Camera,1000,3,45501,collaborative_js,0.9929337199999999,0.7542934673366835,0.0512,1.0,0.7371691885803695,255.15653968635837,29.317458554114598,103.93552569641498
Provision_PT_838_Security_Camera,1000,4,46541,local,0.9890195599999999,0.6462552763819096,0.0634,1.0,0.7295495840760096,161.60846609882256,13.969290619258796,44.25687636074016
Provision_PT_838_Security_Camera,1000,4,46541,peer_scale_local_center,0.99561296,0.7796140703517588,0.0656,1.0,0.7295495840760096,161.60846609882256,13.969290619258796,44.25687636074016
Provision_PT_838_Security_Camera,1000,4,46541,shared_marginals,0.99659736,0.8290914572864323,0.0686,1.0,0.7295495840760096,161.60846609882256,13.969290619258796,44.25687636074016
Provision_PT_838_Security_Camera,1000,4,46541,collaborative_js,0.9900617199999999,0.6533447236180905,0.0602,1.0,0.7295495840760096,161.60846609882256,13.969290619258796,44.25687636074016
Provision_PT_838_Security_Camera,1000,5,53044,local,0.9895137599999999,0.6053206030150754,0.0552,1.0,0.7425619262368158,205.40172338908093,22.01705851470589,77.75484885394019
Provision_PT_838_Security_Camera,1000,5,53044,peer_scale_local_center,0.99738852,0.8694070351758794,0.0538,1.0,0.7425619262368158,205.40172338908093,22.01705851470589,77.75484885394019
Provision_PT_838_Security_Camera,1000,5,53044,shared_marginals,0.9981114799999999,0.9050994974874372,0.0502,1.0,0.7425619262368158,205.40172338908093,22.01705851470589,77.75484885394019
Provision_PT_838_Security_Camera,1000,5,53044,collaborative_js,0.9913474400000001,0.6485286432160804,0.0558,1.0,0.7425619262368158,205.40172338908093,22.01705851470589,77.75484885394019
Provision_PT_838_Security_Camera,1000,6,37345,local,0.9858239599999999,0.6495859296482411,0.0656,1.0,0.694391683251512,175.80072992533314,20.644824635573926,61.00889149204142
Provision_PT_838_Security_Camera,1000,6,37345,peer_scale_local_center,0.99663164,0.8765608040201005,0.0534,1.0,0.694391683251512,175.80072992533314,20.644824635573926,61.00889149204142
Provision_PT_838_Security_Camera,1000,6,37345,shared_marginals,0.9977406799999999,0.8865547738693467,0.0538,1.0,0.694391683251512,175.80072992533314,20.644824635573926,61.00889149204142
Provision_PT_838_Security_Camera,1000,6,37345,collaborative_js,0.98871952,0.705246231155779,0.062,1.0,0.694391683251512,175.80072992533314,20.644824635573926,61.00889149204142
Provision_PT_838_Security_Camera,1000,7,43473,local,0.98941232,0.6848040201005026,0.1508,1.0,0.7536263695677665,257.2220640717795,27.1826519821568,102.21326015278827
Provision_PT_838_Security_Camera,1000,7,43473,peer_scale_local_center,0.9968782,0.8432924623115579,0.1358,1.0,0.7536263695677665,257.2220640717795,27.1826519821568,102.21326015278827
Provision_PT_838_Security_Camera,1000,7,43473,shared_marginals,0.9972762000000001,0.8632040201005026,0.156,1.0,0.7536263695677665,257.2220640717795,27.1826519821568,102.21326015278827
Provision_PT_838_Security_Camera,1000,7,43473,collaborative_js,0.9913801200000001,0.7286733668341709,0.144,1.0,0.7536263695677665,257.2220640717795,27.1826519821568,102.21326015278827
Samsung_SNH_1011_N_Webcam,30,0,5233,local,0.9300143599999999,0.49768442211055275,0.0466,0.0026,0.9592287559597359,29.0,21.529053716806388,478.9908715446661
Samsung_SNH_1011_N_Webcam,30,0,5233,peer_scale_local_center,0.99690404,0.8444241206030151,0.014,1.0,0.9592287559597359,29.0,21.529053716806388,478.9908715446661
Samsung_SNH_1011_N_Webcam,30,0,5233,shared_marginals,0.9972424000000001,0.861427135678392,0.023,1.0,0.9592287559597359,29.0,21.529053716806388,478.9908715446661
Samsung_SNH_1011_N_Webcam,30,0,5233,collaborative_js,0.93278888,0.49768442211055275,0.0446,0.0026,0.9592287559597359,29.0,21.529053716806388,478.9908715446661
Samsung_SNH_1011_N_Webcam,30,1,12625,local,0.9138626000000001,0.49775879396984923,0.4704,1.0,0.9860979265997143,29.0,19.10146845347192,1230.137977340879
Samsung_SNH_1011_N_Webcam,30,1,12625,peer_scale_local_center,0.99983052,0.9914834170854272,0.2508,1.0,0.9860979265997143,29.0,19.10146845347192,1230.137977340879
Samsung_SNH_1011_N_Webcam,30,1,12625,shared_marginals,0.99956616,0.9781989949748744,0.2596,1.0,0.9860979265997143,29.0,19.10146845347192,1230.137977340879
Samsung_SNH_1011_N_Webcam,30,1,12625,collaborative_js,0.91431808,0.49775879396984923,0.4646,1.0,0.9860979265997143,29.0,19.10146845347192,1230.137977340879
Samsung_SNH_1011_N_Webcam,30,2,5944,local,0.9548525999999999,0.4978954773869347,0.0042,0.0004,0.9468489002709295,29.0,21.372498421702552,364.4797289322493
Samsung_SNH_1011_N_Webcam,30,2,5944,peer_scale_local_center,0.99806344,0.9026854271356785,0.011,1.0,0.9468489002709295,29.0,21.372498421702552,364.4797289322493
Samsung_SNH_1011_N_Webcam,30,2,5944,shared_marginals,0.99817968,0.9085266331658292,0.0224,1.0,0.9468489002709295,29.0,21.372498421702552,364.4797289322493
Samsung_SNH_1011_N_Webcam,30,2,5944,collaborative_js,0.95537748,0.4978954773869347,0.0042,0.0004,0.9468489002709295,29.0,21.372498421702552,364.4797289322493
Samsung_SNH_1011_N_Webcam,30,3,2846,local,0.812207,0.49762010050251254,0.0532,0.0038,0.9815353278207387,29.0,17.433718610315534,835.8512114636954
Samsung_SNH_1011_N_Webcam,30,3,2846,peer_scale_local_center,0.9994368800000001,0.971702512562814,0.0118,1.0,0.9815353278207387,29.0,17.433718610315534,835.8512114636954
Samsung_SNH_1011_N_Webcam,30,3,2846,shared_marginals,0.99957892,0.9788402010050252,0.0388,1.0,0.9815353278207387,29.0,17.433718610315534,835.8512114636954
Samsung_SNH_1011_N_Webcam,30,3,2846,collaborative_js,0.81336376,0.49762010050251254,0.0532,0.0038,0.9815353278207387,29.0,17.433718610315534,835.8512114636954
Samsung_SNH_1011_N_Webcam,30,4,24506,local,0.72058564,0.49779497487437185,0.502,1.0,0.9875538286802591,29.0,16.699265563621136,1181.0270954816872
Samsung_SNH_1011_N_Webcam,30,4,24506,peer_scale_local_center,0.99867464,0.9333989949748744,0.3634,1.0,0.9875538286802591,29.0,16.699265563621136,1181.0270954816872
Samsung_SNH_1011_N_Webcam,30,4,24506,shared_marginals,0.99851408,0.9253306532663317,0.3526,1.0,0.9875538286802591,29.0,16.699265563621136,1181.0270954816872
Samsung_SNH_1011_N_Webcam,30,4,24506,collaborative_js,0.72157912,0.49779497487437185,0.5016,1.0,0.9875538286802591,29.0,16.699265563621136,1181.0270954816872
Samsung_SNH_1011_N_Webcam,30,5,22713,local,0.73496544,0.49764422110552764,0.2376,0.004,0.9848659486576369,29.0,19.02892480483114,1125.2059623429363
Samsung_SNH_1011_N_Webcam,30,5,22713,peer_scale_local_center,0.99952988,0.976375879396985,0.0172,1.0,0.9848659486576369,29.0,19.02892480483114,1125.2059623429363
Samsung_SNH_1011_N_Webcam,30,5,22713,shared_marginals,0.99936552,0.9681165829145728,0.0436,1.0,0.9848659486576369,29.0,19.02892480483114,1125.2059623429363
Samsung_SNH_1011_N_Webcam,30,5,22713,collaborative_js,0.73573108,0.49764422110552764,0.2366,0.004,0.9848659486576369,29.0,19.02892480483114,1125.2059623429363
Samsung_SNH_1011_N_Webcam,30,6,6907,local,0.7464375200000001,0.49762613065326633,0.2312,0.0024,0.984082534029905,29.0,18.76319071893232,1053.1318710167939
Samsung_SNH_1011_N_Webcam,30,6,6907,peer_scale_local_center,0.999001,0.9497989949748744,0.0142,1.0,0.984082534029905,29.0,18.76319071893232,1053.1318710167939
Samsung_SNH_1011_N_Webcam,30,6,6907,shared_marginals,0.9988286000000001,0.9411356783919598,0.0284,1.0,0.984082534029905,29.0,18.76319071893232,1053.1318710167939
Samsung_SNH_1011_N_Webcam,30,6,6907,collaborative_js,0.74777216,0.49762613065326633,0.2286,0.0024,0.984082534029905,29.0,18.76319071893232,1053.1318710167939
Samsung_SNH_1011_N_Webcam,30,7,10730,local,0.7160521200000002,0.497756783919598,0.2644,0.0046,0.9873317248195091,29.0,19.269047580428516,1363.1727551216154
Samsung_SNH_1011_N_Webcam,30,7,10730,peer_scale_local_center,0.9993668400000001,0.9681829145728643,0.0144,1.0,0.9873317248195091,29.0,19.269047580428516,1363.1727551216154
Samsung_SNH_1011_N_Webcam,30,7,10730,shared_marginals,0.999273,0.963467336683417,0.0348,1.0,0.9873317248195091,29.0,19.269047580428516,1363.1727551216154
Samsung_SNH_1011_N_Webcam,30,7,10730,collaborative_js,0.71705776,0.49775477386934674,0.2644,0.0046,0.9873317248195091,29.0,19.269047580428516,1363.1727551216154
Samsung_SNH_1011_N_Webcam,100,0,25695,local,0.93733352,0.4975396984924623,0.2726,1.0,0.9834363260967237,99.0,18.068475734143405,970.1033616077817
Samsung_SNH_1011_N_Webcam,100,0,25695,peer_scale_local_center,0.99917048,0.9583155778894472,0.3614,1.0,0.9834363260967237,99.0,18.068475734143405,970.1033616077817
Samsung_SNH_1011_N_Webcam,100,0,25695,shared_marginals,0.9991526399999999,0.9574190954773869,0.3632,1.0,0.9834363260967237,99.0,18.068475734143405,970.1033616077817
Samsung_SNH_1011_N_Webcam,100,0,25695,collaborative_js,0.93742252,0.4975396984924623,0.2726,1.0,0.9834363260967237,99.0,18.068475734143405,970.1033616077817
Samsung_SNH_1011_N_Webcam,100,1,11905,local,0.9374869600000001,0.49793768844221103,0.0044,0.0008,0.9621697730878328,99.0,22.7909803831796,549.5864571854498
Samsung_SNH_1011_N_Webcam,100,1,11905,peer_scale_local_center,0.99658944,0.8286150753768844,0.0586,1.0,0.9621697730878328,99.0,22.7909803831796,549.5864571854498
Samsung_SNH_1011_N_Webcam,100,1,11905,shared_marginals,0.99703484,0.8509969849246231,0.0622,1.0,0.9621697730878328,99.0,22.7909803831796,549.5864571854498
Samsung_SNH_1011_N_Webcam,100,1,11905,collaborative_js,0.9384166,0.49793768844221103,0.0044,0.0008,0.9621697730878328,99.0,22.7909803831796,549.5864571854498
Samsung_SNH_1011_N_Webcam,100,2,33759,local,0.97906336,0.6937829145728642,0.0354,0.8052,0.7363648873885931,38.0544569130568,28.521811980121672,100.6004538523452
Samsung_SNH_1011_N_Webcam,100,2,33759,peer_scale_local_center,0.9998531199999999,0.9945045226130653,0.034,1.0,0.7363648873885931,38.0544569130568,28.521811980121672,100.6004538523452
Samsung_SNH_1011_N_Webcam,100,2,33759,shared_marginals,0.99971764,0.9858110552763819,0.0038,1.0,0.7363648873885931,38.0544569130568,28.521811980121672,100.6004538523452
Samsung_SNH_1011_N_Webcam,100,2,33759,collaborative_js,0.9798154,0.6978331658291457,0.0354,0.8158,0.7363648873885931,38.0544569130568,28.521811980121672,100.6004538523452
Samsung_SNH_1011_N_Webcam,100,3,31635,local,0.71826736,0.4975899497487437,0.438,1.0,0.989112645200288,99.0,19.557977950189116,1612.6945684413156
Samsung_SNH_1011_N_Webcam,100,3,31635,peer_scale_local_center,0.99939972,0.969835175879397,0.451,1.0,0.989112645200288,99.0,19.557977950189116,1612.6945684413156
Samsung_SNH_1011_N_Webcam,100,3,31635,shared_marginals,0.99907328,0.9534311557788944,0.468,1.0,0.989112645200288,99.0,19.557977950189116,1612.6945684413156
Samsung_SNH_1011_N_Webcam,100,3,31635,collaborative_js,0.71896968,0.4975899497487437,0.4378,1.0,0.989112645200288,99.0,19.557977950189116,1612.6945684413156
Samsung_SNH_1011_N_Webcam,100,4,12533,local,0.9243938,0.49778894472361807,0.0504,0.0038,0.9841573896467041,99.0,20.416382819239054,1162.458863062782
Samsung_SNH_1011_N_Webcam,100,4,12533,peer_scale_local_center,0.9978792400000001,0.8934291457286432,0.01,1.0,0.9841573896467041,99.0,20.416382819239054,1162.458863062782
Samsung_SNH_1011_N_Webcam,100,4,12533,shared_marginals,0.99769308,0.8840743718592965,0.0212,1.0,0.9841573896467041,99.0,20.416382819239054,1162.458863062782
Samsung_SNH_1011_N_Webcam,100,4,12533,collaborative_js,0.9253957600000001,0.49778894472361807,0.0504,0.0038,0.9841573896467041,99.0,20.416382819239054,1162.458863062782
Samsung_SNH_1011_N_Webcam,100,5,8445,local,0.7396426,0.4976462311557789,0.326,1.0,0.9872039874739205,99.0,18.74016260858724,1308.2327462925791
Samsung_SNH_1011_N_Webcam,100,5,8445,peer_scale_local_center,0.9988427200000001,0.9418452261306534,0.079,1.0,0.9872039874739205,99.0,18.74016260858724,1308.2327462925791
Samsung_SNH_1011_N_Webcam,100,5,8445,shared_marginals,0.9986394,0.9316281407035176,0.0814,1.0,0.9872039874739205,99.0,18.74016260858724,1308.2327462925791
Samsung_SNH_1011_N_Webcam,100,5,8445,collaborative_js,0.74040732,0.4976462311557789,0.3274,1.0,0.9872039874739205,99.0,18.74016260858724,1308.2327462925791
Samsung_SNH_1011_N_Webcam,100,6,34120,local,0.9813653999999999,0.7019095477386935,0.0358,1.0,0.8396854058842498,32.70249670588813,27.917910250153717,161.66906321354926
Samsung_SNH_1011_N_Webcam,100,6,34120,peer_scale_local_center,0.9916503600000001,0.7431658291457286,0.0,0.4028,0.8396854058842498,32.70249670588813,27.917910250153717,161.66906321354926
Samsung_SNH_1011_N_Webcam,100,6,34120,shared_marginals,0.99990952,0.995756783919598,0.0,0.403,0.8396854058842498,32.70249670588813,27.917910250153717,161.66906321354926
Samsung_SNH_1011_N_Webcam,100,6,34120,collaborative_js,0.9827164399999999,0.7135819095477387,0.0358,1.0,0.8396854058842498,32.70249670588813,27.917910250153717,161.66906321354926
Samsung_SNH_1011_N_Webcam,100,7,15602,local,0.9942774,0.7974874371859296,0.0,0.0,0.7559801265385817,99.0,20.576040744917893,76.1251142434304
Samsung_SNH_1011_N_Webcam,100,7,15602,peer_scale_local_center,0.9934714,0.7974874371859296,0.0,0.3988,0.7559801265385817,99.0,20.576040744917893,76.1251142434304
Samsung_SNH_1011_N_Webcam,100,7,15602,shared_marginals,0.977432,0.7974874371859296,0.0,0.3992,0.7559801265385817,99.0,20.576040744917893,76.1251142434304
Samsung_SNH_1011_N_Webcam,100,7,15602,collaborative_js,0.9941968,0.7974874371859296,0.0,0.0,0.7559801265385817,99.0,20.576040744917893,76.1251142434304
Samsung_SNH_1011_N_Webcam,300,0,4209,local,0.74935824,0.49766834170854274,0.1214,0.001,0.9808368074321051,299.0,20.08283528299525,943.6233142743869
Samsung_SNH_1011_N_Webcam,300,0,4209,peer_scale_local_center,0.996868,0.8426130653266332,0.0748,1.0,0.9808368074321051,299.0,20.08283528299525,943.6233142743869
Samsung_SNH_1011_N_Webcam,300,0,4209,shared_marginals,0.99697236,0.8478572864321607,0.0724,1.0,0.9808368074321051,299.0,20.08283528299525,943.6233142743869
Samsung_SNH_1011_N_Webcam,300,0,4209,collaborative_js,0.75094284,0.49766834170854274,0.1104,0.0008,0.9808368074321051,299.0,20.08283528299525,943.6233142743869
Samsung_SNH_1011_N_Webcam,300,1,16839,local,0.98269668,0.7039437185929648,0.0254,0.5226,0.7473437451348149,75.20787359845556,30.69125369507908,113.55845399667012
Samsung_SNH_1011_N_Webcam,300,1,16839,peer_scale_local_center,0.99559192,0.9152201005025126,0.0,0.7964,0.7473437451348149,75.20787359845556,30.69125369507908,113.55845399667012
Samsung_SNH_1011_N_Webcam,300,1,16839,shared_marginals,0.99952696,0.977075376884422,0.0,0.3968,0.7473437451348149,75.20787359845556,30.69125369507908,113.55845399667012
Samsung_SNH_1011_N_Webcam,300,1,16839,collaborative_js,0.98374536,0.7178834170854271,0.0274,0.5764,0.7473437451348149,75.20787359845556,30.69125369507908,113.55845399667012
Samsung_SNH_1011_N_Webcam,300,2,25971,local,0.9373728800000001,0.49790954773869345,0.061,0.5978,0.9851628464306144,299.0,19.740863480216014,1195.705321593607
Samsung_SNH_1011_N_Webcam,300,2,25971,peer_scale_local_center,0.99854912,0.9270914572864322,0.3228,1.0,0.9851628464306144,299.0,19.740863480216014,1195.705321593607
Samsung_SNH_1011_N_Webcam,300,2,25971,shared_marginals,0.99828308,0.9137226130653266,0.3364,1.0,0.9851628464306144,299.0,19.740863480216014,1195.705321593607
Samsung_SNH_1011_N_Webcam,300,2,25971,collaborative_js,0.9374136000000001,0.49790954773869345,0.0616,0.6002,0.9851628464306144,299.0,19.740863480216014,1195.705321593607
Samsung_SNH_1011_N_Webcam,300,3,17307,local,0.98936516,0.5717688442211055,0.0056,0.0006,0.966104806864156,299.0,21.37145044036927,571.5102540567635
Samsung_SNH_1011_N_Webcam,300,3,17307,peer_scale_local_center,0.99762908,0.8808582914572864,0.0272,1.0,0.966104806864156,299.0,21.37145044036927,571.5102540567635
Samsung_SNH_1011_N_Webcam,300,3,17307,shared_marginals,0.99765908,0.8823658291457286,0.0308,1.0,0.966104806864156,299.0,21.37145044036927,571.5102540567635
Samsung_SNH_1011_N_Webcam,300,3,17307,collaborative_js,0.98946032,0.5722291457286433,0.0056,0.0006,0.966104806864156,299.0,21.37145044036927,571.5102540567635
Samsung_SNH_1011_N_Webcam,300,4,15206,local,0.86348748,0.4977507537688442,0.054,0.0038,0.9869618101059555,299.0,19.249625350652344,1323.0076790438138
Samsung_SNH_1011_N_Webcam,300,4,15206,peer_scale_local_center,0.99812472,0.905764824120603,0.3262,1.0,0.9869618101059555,299.0,19.249625350652344,1323.0076790438138
Samsung_SNH_1011_N_Webcam,300,4,15206,shared_marginals,0.9981264000000001,0.9058492462311558,0.3202,1.0,0.9869618101059555,299.0,19.249625350652344,1323.0076790438138
Samsung_SNH_1011_N_Webcam,300,4,15206,collaborative_js,0.8650117200000002,0.4977507537688442,0.054,0.0038,0.9869618101059555,299.0,19.249625350652344,1323.0076790438138
Samsung_SNH_1011_N_Webcam,300,5,21422,local,0.93840712,0.49763819095477385,0.0694,1.0,0.9852406616796874,299.0,18.136556528084885,1093.3116497422432
Samsung_SNH_1011_N_Webcam,300,5,21422,peer_scale_local_center,0.9981481999999999,0.9069447236180904,0.2496,1.0,0.9852406616796874,299.0,18.136556528084885,1093.3116497422432
Samsung_SNH_1011_N_Webcam,300,5,21422,shared_marginals,0.9981538,0.9072261306532663,0.2798,1.0,0.9852406616796874,299.0,18.136556528084885,1093.3116497422432
Samsung_SNH_1011_N_Webcam,300,5,21422,collaborative_js,0.9385028000000001,0.49763819095477385,0.0698,1.0,0.9852406616796874,299.0,18.136556528084885,1093.3116497422432
Samsung_SNH_1011_N_Webcam,300,6,32162,local,0.9995225600000001,0.9760080402010051,0.0,0.0,0.9156025941233308,299.0,19.13552569708257,203.0337961112558
Samsung_SNH_1011_N_Webcam,300,6,32162,peer_scale_local_center,0.99983676,0.9917969849246232,0.0134,1.0,0.9156025941233308,299.0,19.13552569708257,203.0337961112558
Samsung_SNH_1011_N_Webcam,300,6,32162,shared_marginals,0.99971912,0.9858854271356783,0.0134,1.0,0.9156025941233308,299.0,19.13552569708257,203.0337961112558
Samsung_SNH_1011_N_Webcam,300,6,32162,collaborative_js,0.9995225600000001,0.9760080402010051,0.0,0.0,0.9156025941233308,299.0,19.13552569708257,203.0337961112558
Samsung_SNH_1011_N_Webcam,300,7,25132,local,0.7732539599999999,0.4979638190954774,0.1812,0.004,0.9880283678444793,299.0,19.273627320020072,1442.879892701553
Samsung_SNH_1011_N_Webcam,300,7,25132,peer_scale_local_center,0.99854576,0.9269226130653265,0.3046,1.0,0.9880283678444793,299.0,19.273627320020072,1442.879892701553
Samsung_SNH_1011_N_Webcam,300,7,25132,shared_marginals,0.99852592,0.9259256281407036,0.3076,1.0,0.9880283678444793,299.0,19.273627320020072,1442.879892701553
Samsung_SNH_1011_N_Webcam,300,7,25132,collaborative_js,0.77368104,0.4979638190954774,0.1836,0.004,0.9880283678444793,299.0,19.273627320020072,1442.879892701553
Samsung_SNH_1011_N_Webcam,1000,0,21927,local,0.9953162,0.7727537688442212,0.0,0.0,0.9575385794772371,999.0,18.048112834742568,377.9457360862295
Samsung_SNH_1011_N_Webcam,1000,0,21927,peer_scale_local_center,0.9988866,0.9440502512562814,0.0586,1.0,0.9575385794772371,999.0,18.048112834742568,377.9457360862295
Samsung_SNH_1011_N_Webcam,1000,0,21927,shared_marginals,0.9989994400000001,0.9497206030150753,0.063,1.0,0.9575385794772371,999.0,18.048112834742568,377.9457360862295
Samsung_SNH_1011_N_Webcam,1000,0,21927,collaborative_js,0.9960684399999999,0.8024341708542714,0.0,0.0,0.9575385794772371,999.0,18.048112834742568,377.9457360862295
Samsung_SNH_1011_N_Webcam,1000,1,2179,local,0.9948859600000001,0.7599356783919599,0.0,0.0,0.9522964615584962,999.0,18.86098980511499,353.45365052512204
Samsung_SNH_1011_N_Webcam,1000,1,2179,peer_scale_local_center,0.9989282399999999,0.9461427135678392,0.085,1.0,0.9522964615584962,999.0,18.86098980511499,353.45365052512204
Samsung_SNH_1011_N_Webcam,1000,1,2179,shared_marginals,0.99891844,0.9456502512562814,0.096,1.0,0.9522964615584962,999.0,18.86098980511499,353.45365052512204
Samsung_SNH_1011_N_Webcam,1000,1,2179,collaborative_js,0.99547424,0.7729266331658292,0.0,0.0,0.9522964615584962,999.0,18.86098980511499,353.45365052512204
Samsung_SNH_1011_N_Webcam,1000,2,17761,local,0.7477993199999999,0.4978391959798995,0.2514,0.4734,0.9827672990153251,999.0,19.278122925465382,1002.6357992766741
Samsung_SNH_1011_N_Webcam,1000,2,17761,peer_scale_local_center,0.99673504,0.8359316582914573,0.181,1.0,0.9827672990153251,999.0,19.278122925465382,1002.6357992766741
Samsung_SNH_1011_N_Webcam,1000,2,17761,shared_marginals,0.99696928,0.8477025125628141,0.1838,1.0,0.9827672990153251,999.0,19.278122925465382,1002.6357992766741
Samsung_SNH_1011_N_Webcam,1000,2,17761,collaborative_js,0.7479672,0.4978391959798995,0.2512,0.4744,0.9827672990153251,999.0,19.278122925465382,1002.6357992766741
Samsung_SNH_1011_N_Webcam,1000,3,7742,local,0.99576584,0.7876140703517587,0.0,0.0,0.9551558828238673,999.0,19.99043205362951,401.1770815549591
Samsung_SNH_1011_N_Webcam,1000,3,7742,peer_scale_local_center,0.99896752,0.9481165829145728,0.0532,1.0,0.9551558828238673,999.0,19.99043205362951,401.1770815549591
Samsung_SNH_1011_N_Webcam,1000,3,7742,shared_marginals,0.99934304,0.9669869346733668,0.058,1.0,0.9551558828238673,999.0,19.99043205362951,401.1770815549591
Samsung_SNH_1011_N_Webcam,1000,3,7742,collaborative_js,0.99620544,0.809427135678392,0.0,0.0,0.9551558828238673,999.0,19.99043205362951,401.1770815549591
Samsung_SNH_1011_N_Webcam,1000,4,9346,local,0.7418332400000001,0.49758391959799,0.2132,0.0018,0.9825540874481935,999.0,21.892590959725336,1140.2436473674425
Samsung_SNH_1011_N_Webcam,1000,4,9346,peer_scale_local_center,0.9955438,0.7760703517587939,0.0766,1.0,0.9825540874481935,999.0,21.892590959725336,1140.2436473674425
Samsung_SNH_1011_N_Webcam,1000,4,9346,shared_marginals,0.9955652,0.7771457286432162,0.0694,1.0,0.9825540874481935,999.0,21.892590959725336,1140.2436473674425
Samsung_SNH_1011_N_Webcam,1000,4,9346,collaborative_js,0.74231132,0.49758391959799,0.2126,0.0018,0.9825540874481935,999.0,21.892590959725336,1140.2436473674425
Samsung_SNH_1011_N_Webcam,1000,5,32093,local,0.99602892,0.8004482412060301,0.0106,1.0,0.9190035946874434,999.0,20.88362569153733,233.1415279316089
Samsung_SNH_1011_N_Webcam,1000,5,32093,peer_scale_local_center,0.9950556,0.7995859296482413,0.0234,1.0,0.9190035946874434,999.0,20.88362569153733,233.1415279316089
Samsung_SNH_1011_N_Webcam,1000,5,32093,shared_marginals,0.9957499999999999,0.7984442211055277,0.0234,1.0,0.9190035946874434,999.0,20.88362569153733,233.1415279316089
Samsung_SNH_1011_N_Webcam,1000,5,32093,collaborative_js,0.99603376,0.8006914572864322,0.0108,1.0,0.9190035946874434,999.0,20.88362569153733,233.1415279316089
Samsung_SNH_1011_N_Webcam,1000,6,405,local,0.9975689999999999,0.8778391959798995,0.0108,1.0,0.9477489651456442,999.0,18.631536309982216,318.30061081739063
Samsung_SNH_1011_N_Webcam,1000,6,405,peer_scale_local_center,0.9990788,0.9537085427135679,0.025,1.0,0.9477489651456442,999.0,18.631536309982216,318.30061081739063
Samsung_SNH_1011_N_Webcam,1000,6,405,shared_marginals,0.9989760400000001,0.9485447236180905,0.0304,1.0,0.9477489651456442,999.0,18.631536309982216,318.30061081739063
Samsung_SNH_1011_N_Webcam,1000,6,405,collaborative_js,0.99767596,0.8832140703517588,0.0112,1.0,0.9477489651456442,999.0,18.631536309982216,318.30061081739063
Samsung_SNH_1011_N_Webcam,1000,7,4693,local,0.9956314399999999,0.7804743718592965,0.0,0.0,0.9545104541109248,999.0,18.307448168981686,358.4878206686632
Samsung_SNH_1011_N_Webcam,1000,7,4693,peer_scale_local_center,0.9991614,0.9578592964824121,0.058,1.0,0.9545104541109248,999.0,18.307448168981686,358.4878206686632
Samsung_SNH_1011_N_Webcam,1000,7,4693,shared_marginals,0.99915692,0.9576341708542714,0.0682,1.0,0.9545104541109248,999.0,18.307448168981686,358.4878206686632
Samsung_SNH_1011_N_Webcam,1000,7,4693,collaborative_js,0.99589528,0.7937326633165829,0.0,0.0,0.9545104541109248,999.0,18.307448168981686,358.4878206686632
SimpleHome_XCS7_1002_WHT_Security_Camera,30,0,29074,local,0.9424083200000001,0.49750150753768846,0.0362,0.0002,0.9933783867446235,16.946037555124363,23.62628202288045,3266.0140646723557
SimpleHome_XCS7_1002_WHT_Security_Camera,30,0,29074,peer_scale_local_center,0.9987296800000001,0.939105527638191,0.0508,1.0,0.9933783867446235,16.946037555124363,23.62628202288045,3266.0140646723557
SimpleHome_XCS7_1002_WHT_Security_Camera,30,0,29074,shared_marginals,0.9992095999999999,0.9622572864321608,0.0492,1.0,0.9933783867446235,16.946037555124363,23.62628202288045,3266.0140646723557
SimpleHome_XCS7_1002_WHT_Security_Camera,30,0,29074,collaborative_js,0.9424625200000001,0.49750150753768846,0.0362,0.0002,0.9933783867446235,16.946037555124363,23.62628202288045,3266.0140646723557
SimpleHome_XCS7_1002_WHT_Security_Camera,30,1,7568,local,0.94448412,0.4975376884422111,0.0424,0.0004,0.9933388533131845,14.350366537851954,19.387751876292104,2610.324121927538
SimpleHome_XCS7_1002_WHT_Security_Camera,30,1,7568,peer_scale_local_center,0.9984350399999999,0.923929648241206,0.0518,1.0,0.9933388533131845,14.350366537851954,19.387751876292104,2610.324121927538
SimpleHome_XCS7_1002_WHT_Security_Camera,30,1,7568,shared_marginals,0.9989466800000001,0.9484924623115578,0.0566,1.0,0.9933388533131845,14.350366537851954,19.387751876292104,2610.324121927538
SimpleHome_XCS7_1002_WHT_Security_Camera,30,1,7568,collaborative_js,0.9445701599999999,0.4975376884422111,0.0428,0.0004,0.9933388533131845,14.350366537851954,19.387751876292104,2610.324121927538
SimpleHome_XCS7_1002_WHT_Security_Camera,30,2,22202,local,0.942766,0.49748743718592964,0.0458,0.0,0.9935323668292334,15.006891626677257,20.484955198191706,2858.071060947414
SimpleHome_XCS7_1002_WHT_Security_Camera,30,2,22202,peer_scale_local_center,0.99897516,0.9525829145728644,0.0758,1.0,0.9935323668292334,15.006891626677257,20.484955198191706,2858.071060947414
SimpleHome_XCS7_1002_WHT_Security_Camera,30,2,22202,shared_marginals,0.9992679200000001,0.9653628140703518,0.0898,1.0,0.9935323668292334,15.006891626677257,20.484955198191706,2858.071060947414
SimpleHome_XCS7_1002_WHT_Security_Camera,30,2,22202,collaborative_js,0.9428964400000001,0.49748743718592964,0.0458,0.0,0.9935323668292334,15.006891626677257,20.484955198191706,2858.071060947414
SimpleHome_XCS7_1002_WHT_Security_Camera,30,3,8009,local,0.94620584,0.49748743718592964,0.0348,0.0,0.9934088802238056,21.670005071484738,21.914989744620936,3021.488065889671
SimpleHome_XCS7_1002_WHT_Security_Camera,30,3,8009,peer_scale_local_center,0.99906008,0.9547758793969848,0.0702,1.0,0.9934088802238056,21.670005071484738,21.914989744620936,3021.488065889671
SimpleHome_XCS7_1002_WHT_Security_Camera,30,3,8009,shared_marginals,0.99946992,0.9748361809045225,0.088,1.0,0.9934088802238056,21.670005071484738,21.914989744620936,3021.488065889671
SimpleHome_XCS7_1002_WHT_Security_Camera,30,3,8009,collaborative_js,0.94623412,0.49748743718592964,0.0352,0.0,0.9934088802238056,21.670005071484738,21.914989744620936,3021.488065889671
SimpleHome_XCS7_1002_WHT_Security_Camera,30,4,1313,local,0.44870471999999995,0.6071195979899497,1.0,1.0,0.9873197040362844,6.822303811891839,8.867636899909352,541.599101437454
SimpleHome_XCS7_1002_WHT_Security_Camera,30,4,1313,peer_scale_local_center,0.57245868,0.6818472361809045,1.0,1.0,0.9873197040362844,6.822303811891839,8.867636899909352,541.599101437454
SimpleHome_XCS7_1002_WHT_Security_Camera,30,4,1313,shared_marginals,0.99989936,0.994972864321608,0.6344,1.0,0.9873197040362844,6.822303811891839,8.867636899909352,541.599101437454
SimpleHome_XCS7_1002_WHT_Security_Camera,30,4,1313,collaborative_js,0.44863112,0.6071195979899497,1.0,1.0,0.9873197040362844,6.822303811891839,8.867636899909352,541.599101437454
SimpleHome_XCS7_1002_WHT_Security_Camera,30,5,1619,local,0.54320676,0.49758793969849247,1.0,1.0,0.996865918508866,6.804475550018421,5.6693213952243635,1170.7804680907398
SimpleHome_XCS7_1002_WHT_Security_Camera,30,5,1619,peer_scale_local_center,0.55545564,0.6465386934673367,1.0,1.0,0.996865918508866,6.804475550018421,5.6693213952243635,1170.7804680907398
SimpleHome_XCS7_1002_WHT_Security_Camera,30,5,1619,shared_marginals,0.99968084,0.9839618090452262,1.0,1.0,0.996865918508866,6.804475550018421,5.6693213952243635,1170.7804680907398
SimpleHome_XCS7_1002_WHT_Security_Camera,30,5,1619,collaborative_js,0.5435289600000001,0.49758793969849247,1.0,1.0,0.996865918508866,6.804475550018421,5.6693213952243635,1170.7804680907398
SimpleHome_XCS7_1002_WHT_Security_Camera,30,6,9966,local,0.7559574799999998,0.4976180904522613,0.148,0.0014,0.993720167783242,12.410624507492583,21.266803602596973,3068.0443262771732
SimpleHome_XCS7_1002_WHT_Security_Camera,30,6,9966,peer_scale_local_center,0.99883756,0.9450190954773869,0.236,1.0,0.993720167783242,12.410624507492583,21.266803602596973,3068.0443262771732
SimpleHome_XCS7_1002_WHT_Security_Camera,30,6,9966,shared_marginals,0.99944924,0.9738653266331658,0.2154,1.0,0.993720167783242,12.410624507492583,21.266803602596973,3068.0443262771732
SimpleHome_XCS7_1002_WHT_Security_Camera,30,6,9966,collaborative_js,0.75611476,0.4976180904522613,0.151,0.0014,0.993720167783242,12.410624507492583,21.266803602596973,3068.0443262771732
SimpleHome_XCS7_1002_WHT_Security_Camera,30,7,13990,local,0.99692556,0.845505527638191,0.0,0.0,0.8610543030256121,14.371506810839767,17.927685325280542,114.63244758286056
SimpleHome_XCS7_1002_WHT_Security_Camera,30,7,13990,peer_scale_local_center,0.9999916799999999,0.9995819095477387,0.0,0.4518,0.8610543030256121,14.371506810839767,17.927685325280542,114.63244758286056
SimpleHome_XCS7_1002_WHT_Security_Camera,30,7,13990,shared_marginals,0.9998701600000001,0.9934753768844222,0.0,0.7832,0.8610543030256121,14.371506810839767,17.927685325280542,114.63244758286056
SimpleHome_XCS7_1002_WHT_Security_Camera,30,7,13990,collaborative_js,0.9972901599999999,0.863827135678392,0.0,0.0,0.8610543030256121,14.371506810839767,17.927685325280542,114.63244758286056
SimpleHome_XCS7_1002_WHT_Security_Camera,100,0,3927,local,0.9412966,0.49748743718592964,0.1306,1.0,0.9949639396993388,39.8182001315575,23.829723263043267,4334.68266060616
SimpleHome_XCS7_1002_WHT_Security_Camera,100,0,3927,peer_scale_local_center,0.9969540400000001,0.8547859296482412,0.0906,1.0,0.9949639396993388,39.8182001315575,23.829723263043267,4334.68266060616
SimpleHome_XCS7_1002_WHT_Security_Camera,100,0,3927,shared_marginals,0.99799532,0.9010814070351758,0.0874,1.0,0.9949639396993388,39.8182001315575,23.829723263043267,4334.68266060616
SimpleHome_XCS7_1002_WHT_Security_Camera,100,0,3927,collaborative_js,0.94134728,0.49748743718592964,0.1302,1.0,0.9949639396993388,39.8182001315575,23.829723263043267,4334.68266060616
SimpleHome_XCS7_1002_WHT_Security_Camera,100,1,38,local,0.99295692,0.6464643216080401,0.0,0.0,0.9232735340597181,49.93278878473377,21.266537878927434,251.1068070556392
SimpleHome_XCS7_1002_WHT_Security_Camera,100,1,38,peer_scale_local_center,0.91751728,0.8836462311557789,0.7346,1.0,0.9232735340597181,49.93278878473377,21.266537878927434,251.1068070556392
SimpleHome_XCS7_1002_WHT_Security_Camera,100,1,38,shared_marginals,0.99683588,0.9004060301507537,0.0208,1.0,0.9232735340597181,49.93278878473377,21.266537878927434,251.1068070556392
SimpleHome_XCS7_1002_WHT_Security_Camera,100,1,38,collaborative_js,0.99312228,0.6544080402010051,0.0,0.0,0.9232735340597181,49.93278878473377,21.266537878927434,251.1068070556392
SimpleHome_XCS7_1002_WHT_Security_Camera,100,2,14553,local,0.96238432,0.49750150753768846,0.0362,0.0702,0.9885425544853489,39.96932038915044,27.02355561427006,2184.0431693322466
SimpleHome_XCS7_1002_WHT_Security_Camera,100,2,14553,peer_scale_local_center,0.9860819999999999,0.7423879396984925,0.9212,1.0,0.9885425544853489,39.96932038915044,27.02355561427006,2184.0431693322466
SimpleHome_XCS7_1002_WHT_Security_Camera,100,2,14553,shared_marginals,0.9893300800000001,0.7633165829145729,0.1158,1.0,0.9885425544853489,39.96932038915044,27.02355561427006,2184.0431693322466
SimpleHome_XCS7_1002_WHT_Security_Camera,100,2,14553,collaborative_js,0.96242816,0.49750150753768846,0.0366,0.0724,0.9885425544853489,39.96932038915044,27.02355561427006,2184.0431693322466
SimpleHome_XCS7_1002_WHT_Security_Camera,100,3,12267,local,0.9695207600000001,0.49748743718592964,0.0254,0.0002,0.9718389489700747,44.712893548182294,26.28519895489277,862.3683444586698
SimpleHome_XCS7_1002_WHT_Security_Camera,100,3,12267,peer_scale_local_center,0.99619608,0.8840603015075377,0.0442,1.0,0.9718389489700747,44.712893548182294,26.28519895489277,862.3683444586698
SimpleHome_XCS7_1002_WHT_Security_Camera,100,3,12267,shared_marginals,0.99754472,0.8898412060301508,0.0558,1.0,0.9718389489700747,44.712893548182294,26.28519895489277,862.3683444586698
SimpleHome_XCS7_1002_WHT_Security_Camera,100,3,12267,collaborative_js,0.96972444,0.49748743718592964,0.025,0.0002,0.9718389489700747,44.712893548182294,26.28519895489277,862.3683444586698
SimpleHome_XCS7_1002_WHT_Security_Camera,100,4,11732,local,0.94625532,0.4975537688442211,0.0376,0.0002,0.9948974695221197,38.363565274981745,23.866382665791214,4285.3997169802
SimpleHome_XCS7_1002_WHT_Security_Camera,100,4,11732,peer_scale_local_center,0.9971282,0.867991959798995,0.0642,1.0,0.9948974695221197,38.363565274981745,23.866382665791214,4285.3997169802
SimpleHome_XCS7_1002_WHT_Security_Camera,100,4,11732,shared_marginals,0.99915088,0.9589447236180905,0.0642,1.0,0.9948974695221197,38.363565274981745,23.866382665791214,4285.3997169802
SimpleHome_XCS7_1002_WHT_Security_Camera,100,4,11732,collaborative_js,0.94633016,0.4975537688442211,0.0376,0.0002,0.9948974695221197,38.363565274981745,23.866382665791214,4285.3997169802
SimpleHome_XCS7_1002_WHT_Security_Camera,100,5,8878,local,0.93903216,0.49754170854271357,0.097,1.0,0.9948071071432674,39.746519134426684,23.719227185178198,4182.490912944416
SimpleHome_XCS7_1002_WHT_Security_Camera,100,5,8878,peer_scale_local_center,0.9982186799999999,0.9175557788944724,0.1274,1.0,0.9948071071432674,39.746519134426684,23.719227185178198,4182.490912944416
SimpleHome_XCS7_1002_WHT_Security_Camera,100,5,8878,shared_marginals,0.99897844,0.9526050251256282,0.1012,1.0,0.9948071071432674,39.746519134426684,23.719227185178198,4182.490912944416
SimpleHome_XCS7_1002_WHT_Security_Camera,100,5,8878,collaborative_js,0.9391256,0.49754170854271357,0.0968,1.0,0.9948071071432674,39.746519134426684,23.719227185178198,4182.490912944416
SimpleHome_XCS7_1002_WHT_Security_Camera,100,6,12066,local,0.94082004,0.49752361809045226,0.1884,1.0,0.9948763947093573,40.32205862780919,24.73954422915474,4438.192042365948
SimpleHome_XCS7_1002_WHT_Security_Camera,100,6,12066,peer_scale_local_center,0.99616852,0.8191195979899497,0.1678,1.0,0.9948763947093573,40.32205862780919,24.73954422915474,4438.192042365948
SimpleHome_XCS7_1002_WHT_Security_Camera,100,6,12066,shared_marginals,0.99860728,0.9325748743718593,0.155,1.0,0.9948763947093573,40.32205862780919,24.73954422915474,4438.192042365948
SimpleHome_XCS7_1002_WHT_Security_Camera,100,6,12066,collaborative_js,0.94087836,0.49752361809045226,0.1884,1.0,0.9948763947093573,40.32205862780919,24.73954422915474,4438.192042365948
SimpleHome_XCS7_1002_WHT_Security_Camera,100,7,15456,local,0.9909391200000001,0.690132663316583,0.0,0.0,0.8686876559416874,17.00175734732356,11.238161308309254,70.35257328288046
SimpleHome_XCS7_1002_WHT_Security_Camera,100,7,15456,peer_scale_local_center,0.99841484,0.9467879396984925,0.0,0.0,0.8686876559416874,17.00175734732356,11.238161308309254,70.35257328288046
SimpleHome_XCS7_1002_WHT_Security_Camera,100,7,15456,shared_marginals,0.9983420399999999,0.941686432160804,0.0364,1.0,0.8686876559416874,17.00175734732356,11.238161308309254,70.35257328288046
SimpleHome_XCS7_1002_WHT_Security_Camera,100,7,15456,collaborative_js,0.99190984,0.7292361809045227,0.0,0.0,0.8686876559416874,17.00175734732356,11.238161308309254,70.35257328288046
SimpleHome_XCS7_1002_WHT_Security_Camera,300,0,30268,local,0.7937219600000001,0.6559638190954773,0.0,0.0,0.8779032241819699,43.214941470088235,23.369874128604412,175.02406583162778
SimpleHome_XCS7_1002_WHT_Security_Camera,300,0,30268,peer_scale_local_center,0.8002087200000001,0.8350070351758794,0.0,0.0,0.8779032241819699,43.214941470088235,23.369874128604412,175.02406583162778
SimpleHome_XCS7_1002_WHT_Security_Camera,300,0,30268,shared_marginals,0.80644252,0.7897145728643216,0.0,0.423,0.8779032241819699,43.214941470088235,23.369874128604412,175.02406583162778
SimpleHome_XCS7_1002_WHT_Security_Camera,300,0,30268,collaborative_js,0.79638272,0.7488984924623117,0.0,0.0,0.8779032241819699,43.214941470088235,23.369874128604412,175.02406583162778
SimpleHome_XCS7_1002_WHT_Security_Camera,300,1,28129,local,0.9704533200000001,0.49748743718592964,0.0856,1.0,0.9779847364270678,142.32704038050025,27.476800767346987,1157.233511329423
SimpleHome_XCS7_1002_WHT_Security_Camera,300,1,28129,peer_scale_local_center,0.9938064,0.8250211055276382,0.0842,1.0,0.9779847364270678,142.32704038050025,27.476800767346987,1157.233511329423
SimpleHome_XCS7_1002_WHT_Security_Camera,300,1,28129,shared_marginals,0.9979754000000001,0.9011658291457287,0.0818,1.0,0.9779847364270678,142.32704038050025,27.476800767346987,1157.233511329423
SimpleHome_XCS7_1002_WHT_Security_Camera,300,1,28129,collaborative_js,0.97056584,0.49748743718592964,0.0862,1.0,0.9779847364270678,142.32704038050025,27.476800767346987,1157.233511329423
SimpleHome_XCS7_1002_WHT_Security_Camera,300,2,25239,local,0.9722900400000001,0.49748743718592964,0.1242,1.0,0.9781429827333983,122.22916337512787,27.08024988219902,1147.4690062363845
SimpleHome_XCS7_1002_WHT_Security_Camera,300,2,25239,peer_scale_local_center,0.997104,0.8607477386934673,0.0978,1.0,0.9781429827333983,122.22916337512787,27.08024988219902,1147.4690062363845
SimpleHome_XCS7_1002_WHT_Security_Camera,300,2,25239,shared_marginals,0.99853836,0.9297628140703518,0.095,1.0,0.9781429827333983,122.22916337512787,27.08024988219902,1147.4690062363845
SimpleHome_XCS7_1002_WHT_Security_Camera,300,2,25239,collaborative_js,0.97250208,0.49748743718592964,0.124,1.0,0.9781429827333983,122.22916337512787,27.08024988219902,1147.4690062363845
SimpleHome_XCS7_1002_WHT_Security_Camera,300,3,5981,local,0.9699818800000001,0.49748743718592964,0.0996,1.0,0.9780587051645607,121.29780527640727,26.677671703462327,1124.7135544436205
SimpleHome_XCS7_1002_WHT_Security_Camera,300,3,5981,peer_scale_local_center,0.9951072,0.8736482412060302,0.0896,1.0,0.9780587051645607,121.29780527640727,26.677671703462327,1124.7135544436205
SimpleHome_XCS7_1002_WHT_Security_Camera,300,3,5981,shared_marginals,0.99703228,0.8864221105527639,0.0884,1.0,0.9780587051645607,121.29780527640727,26.677671703462327,1124.7135544436205
SimpleHome_XCS7_1002_WHT_Security_Camera,300,3,5981,collaborative_js,0.9699854,0.49748743718592964,0.0998,1.0,0.9780587051645607,121.29780527640727,26.677671703462327,1124.7135544436205
SimpleHome_XCS7_1002_WHT_Security_Camera,300,4,1322,local,0.40975348,0.6045226130653266,1.0,1.0,0.974820477464697,274.1378996128509,11.920654716350185,393.9969355034805
SimpleHome_XCS7_1002_WHT_Security_Camera,300,4,1322,peer_scale_local_center,0.93383044,0.8985226130653267,1.0,1.0,0.974820477464697,274.1378996128509,11.920654716350185,393.9969355034805
SimpleHome_XCS7_1002_WHT_Security_Camera,300,4,1322,shared_marginals,0.9997752799999999,0.9891899497487437,0.0346,1.0,0.974820477464697,274.1378996128509,11.920654716350185,393.9969355034805
SimpleHome_XCS7_1002_WHT_Security_Camera,300,4,1322,collaborative_js,0.41039344,0.6045226130653266,1.0,1.0,0.974820477464697,274.1378996128509,11.920654716350185,393.9969355034805
SimpleHome_XCS7_1002_WHT_Security_Camera,300,5,22647,local,0.96926256,0.49748743718592964,0.1066,1.0,0.9783194596278373,127.33069960112059,25.74535928715721,1095.2383510535435
SimpleHome_XCS7_1002_WHT_Security_Camera,300,5,22647,peer_scale_local_center,0.99677992,0.8431236180904522,0.087,1.0,0.9783194596278373,127.33069960112059,25.74535928715721,1095.2383510535435
SimpleHome_XCS7_1002_WHT_Security_Camera,300,5,22647,shared_marginals,0.9980842,0.9073085427135678,0.0844,1.0,0.9783194596278373,127.33069960112059,25.74535928715721,1095.2383510535435
SimpleHome_XCS7_1002_WHT_Security_Camera,300,5,22647,collaborative_js,0.9693267200000001,0.49748743718592964,0.1066,1.0,0.9783194596278373,127.33069960112059,25.74535928715721,1095.2383510535435
SimpleHome_XCS7_1002_WHT_Security_Camera,300,6,15914,local,0.99739688,0.8691899497487438,0.0,0.0,0.9382676393003692,63.212236265900785,18.774031786765224,271.7218586274724
SimpleHome_XCS7_1002_WHT_Security_Camera,300,6,15914,peer_scale_local_center,0.99631572,0.8153407035175879,0.0,0.2622,0.9382676393003692,63.212236265900785,18.774031786765224,271.7218586274724
SimpleHome_XCS7_1002_WHT_Security_Camera,300,6,15914,shared_marginals,0.99591692,0.797372864321608,0.0,0.4776,0.9382676393003692,63.212236265900785,18.774031786765224,271.7218586274724
SimpleHome_XCS7_1002_WHT_Security_Camera,300,6,15914,collaborative_js,0.99758108,0.8784462311557789,0.0,0.0,0.9382676393003692,63.212236265900785,18.774031786765224,271.7218586274724
SimpleHome_XCS7_1002_WHT_Security_Camera,300,7,21540,local,0.96921144,0.49748743718592964,0.1188,1.0,0.9779981907110652,133.6769139343541,26.19075710563422,1099.4894459793481
SimpleHome_XCS7_1002_WHT_Security_Camera,300,7,21540,peer_scale_local_center,0.9930831999999999,0.7990613065326633,0.1118,1.0,0.9779981907110652,133.6769139343541,26.19075710563422,1099.4894459793481
SimpleHome_XCS7_1002_WHT_Security_Camera,300,7,21540,shared_marginals,0.99729288,0.8777547738693467,0.1088,1.0,0.9779981907110652,133.6769139343541,26.19075710563422,1099.4894459793481
SimpleHome_XCS7_1002_WHT_Security_Camera,300,7,21540,collaborative_js,0.9693879200000001,0.49748743718592964,0.1198,1.0,0.9779981907110652,133.6769139343541,26.19075710563422,1099.4894459793481
SimpleHome_XCS7_1002_WHT_Security_Camera,1000,0,19319,local,0.9725348399999999,0.49748743718592964,0.0,0.0,0.9110265702408096,192.3175738224247,22.8175148704212,233.97451269176085
SimpleHome_XCS7_1002_WHT_Security_Camera,1000,0,19319,peer_scale_local_center,0.9709147200000001,0.5368824120603015,0.0,0.0,0.9110265702408096,192.3175738224247,22.8175148704212,233.97451269176085
SimpleHome_XCS7_1002_WHT_Security_Camera,1000,0,19319,shared_marginals,0.9707229199999999,0.5476582914572864,0.0,0.0,0.9110265702408096,192.3175738224247,22.8175148704212,233.97451269176085
SimpleHome_XCS7_1002_WHT_Security_Camera,1000,0,19319,collaborative_js,0.97316124,0.49748743718592964,0.0,0.0,0.9110265702408096,192.3175738224247,22.8175148704212,233.97451269176085
SimpleHome_XCS7_1002_WHT_Security_Camera,1000,1,11766,local,0.9973970799999999,0.8692884422110552,0.0,0.0,0.9312601291635737,214.79491326938788,20.702984914301595,272.0835038926289
SimpleHome_XCS7_1002_WHT_Security_Camera,1000,1,11766,peer_scale_local_center,0.9997745600000001,0.9886713567839196,0.0,0.4282,0.9312601291635737,214.79491326938788,20.702984914301595,272.0835038926289
SimpleHome_XCS7_1002_WHT_Security_Camera,1000,1,11766,shared_marginals,0.99964996,0.9824100502512563,0.0,0.5074,0.9312601291635737,214.79491326938788,20.702984914301595,272.0835038926289
SimpleHome_XCS7_1002_WHT_Security_Camera,1000,1,11766,collaborative_js,0.99817708,0.9084321608040201,0.0,0.0,0.9312601291635737,214.79491326938788,20.702984914301595,272.0835038926289
SimpleHome_XCS7_1002_WHT_Security_Camera,1000,2,26597,local,0.96834184,0.49748743718592964,0.1348,1.0,0.979547558409372,441.656865596786,27.131801870585157,1228.7922573557885
SimpleHome_XCS7_1002_WHT_Security_Camera,1000,2,26597,peer_scale_local_center,0.98864148,0.7544221105527638,0.1048,1.0,0.979547558409372,441.656865596786,27.131801870585157,1228.7922573557885
SimpleHome_XCS7_1002_WHT_Security_Camera,1000,2,26597,shared_marginals,0.99186304,0.7905105527638191,0.1032,1.0,0.979547558409372,441.656865596786,27.131801870585157,1228.7922573557885
SimpleHome_XCS7_1002_WHT_Security_Camera,1000,2,26597,collaborative_js,0.96834816,0.49748743718592964,0.134,1.0,0.979547558409372,441.656865596786,27.131801870585157,1228.7922573557885
SimpleHome_XCS7_1002_WHT_Security_Camera,1000,3,1736,local,0.99988928,0.9944562814070351,0.0,0.0,0.852410005779498,132.00306546005578,17.948838728356524,108.06178841994318
SimpleHome_XCS7_1002_WHT_Security_Camera,1000,3,1736,peer_scale_local_center,0.99988652,0.9944844221105528,0.0,0.0,0.852410005779498,132.00306546005578,17.948838728356524,108.06178841994318
SimpleHome_XCS7_1002_WHT_Security_Camera,1000,3,1736,shared_marginals,0.9998442799999999,0.9923758793969848,0.0,0.0,0.852410005779498,132.00306546005578,17.948838728356524,108.06178841994318
SimpleHome_XCS7_1002_WHT_Security_Camera,1000,3,1736,collaborative_js,0.99989512,0.99478391959799,0.0,0.0,0.852410005779498,132.00306546005578,17.948838728356524,108.06178841994318
SimpleHome_XCS7_1002_WHT_Security_Camera,1000,4,24818,local,0.9715604,0.49748743718592964,0.1134,1.0,0.9797456424983295,421.3037239807885,28.420236797558726,1304.422359256755
SimpleHome_XCS7_1002_WHT_Security_Camera,1000,4,24818,peer_scale_local_center,0.9905418800000001,0.743459296482412,0.112,1.0,0.9797456424983295,421.3037239807885,28.420236797558726,1304.422359256755
SimpleHome_XCS7_1002_WHT_Security_Camera,1000,4,24818,shared_marginals,0.99549604,0.8223839195979898,0.1122,1.0,0.9797456424983295,421.3037239807885,28.420236797558726,1304.422359256755
SimpleHome_XCS7_1002_WHT_Security_Camera,1000,4,24818,collaborative_js,0.97167752,0.49748743718592964,0.1134,1.0,0.9797456424983295,421.3037239807885,28.420236797558726,1304.422359256755
SimpleHome_XCS7_1002_WHT_Security_Camera,1000,5,12889,local,0.99992252,0.9962130653266332,0.0,0.0,0.9321237885094964,219.71969807309745,19.74386717813014,261.41510830510373
SimpleHome_XCS7_1002_WHT_Security_Camera,1000,5,12889,peer_scale_local_center,0.99680804,0.8395999999999999,0.002,0.4564,0.9321237885094964,219.71969807309745,19.74386717813014,261.41510830510373
SimpleHome_XCS7_1002_WHT_Security_Camera,1000,5,12889,shared_marginals,0.99702684,0.8505949748743719,0.005,0.5524,0.9321237885094964,219.71969807309745,19.74386717813014,261.41510830510373
SimpleHome_XCS7_1002_WHT_Security_Camera,1000,5,12889,collaborative_js,0.99926896,0.9633587939698492,0.0,0.0,0.9321237885094964,219.71969807309745,19.74386717813014,261.41510830510373
SimpleHome_XCS7_1002_WHT_Security_Camera,1000,6,21057,local,0.9680912,0.49748743718592964,0.1674,1.0,0.9796259226164624,456.5965609505613,26.247455717171402,1190.1130667523419
SimpleHome_XCS7_1002_WHT_Security_Camera,1000,6,21057,peer_scale_local_center,0.98776208,0.7288984924623115,0.1456,1.0,0.9796259226164624,456.5965609505613,26.247455717171402,1190.1130667523419
SimpleHome_XCS7_1002_WHT_Security_Camera,1000,6,21057,shared_marginals,0.99053208,0.7774130653266331,0.1398,1.0,0.9796259226164624,456.5965609505613,26.247455717171402,1190.1130667523419
SimpleHome_XCS7_1002_WHT_Security_Camera,1000,6,21057,collaborative_js,0.9681445999999999,0.49748743718592964,0.1674,1.0,0.9796259226164624,456.5965609505613,26.247455717171402,1190.1130667523419
SimpleHome_XCS7_1002_WHT_Security_Camera,1000,7,14523,local,0.9998583600000001,0.9928824120603015,0.0,0.0,0.914297671269564,146.2726396542723,19.779363844251673,207.4548510831489
SimpleHome_XCS7_1002_WHT_Security_Camera,1000,7,14523,peer_scale_local_center,0.99989768,0.9948582914572864,0.0,0.0,0.914297671269564,146.2726396542723,19.779363844251673,207.4548510831489
SimpleHome_XCS7_1002_WHT_Security_Camera,1000,7,14523,shared_marginals,0.9988923599999999,0.9443678391959799,0.0,0.0,0.914297671269564,146.2726396542723,19.779363844251673,207.4548510831489
SimpleHome_XCS7_1002_WHT_Security_Camera,1000,7,14523,collaborative_js,0.99989216,0.994580904522613,0.0,0.0,0.914297671269564,146.2726396542723,19.779363844251673,207.4548510831489
SimpleHome_XCS7_1003_WHT_Security_Camera,30,0,9391,local,0.9820198800000001,0.7602954773869347,0.054,1.0,0.9974600437754899,29.0,28.293887102685986,10352.10246891449
SimpleHome_XCS7_1003_WHT_Security_Camera,30,0,9391,peer_scale_local_center,1.0,1.0,0.034,1.0,0.9974600437754899,29.0,28.293887102685986,10352.10246891449
SimpleHome_XCS7_1003_WHT_Security_Camera,30,0,9391,shared_marginals,0.9999986000000001,0.999929648241206,0.0324,1.0,0.9974600437754899,29.0,28.293887102685986,10352.10246891449
SimpleHome_XCS7_1003_WHT_Security_Camera,30,0,9391,collaborative_js,0.9820392800000001,0.7606633165829146,0.054,1.0,0.9974600437754899,29.0,28.293887102685986,10352.10246891449
SimpleHome_XCS7_1003_WHT_Security_Camera,30,1,12640,local,0.79827112,0.6532663316582914,0.0,0.0,0.9894486363366106,23.74159198915127,24.225660937366477,2106.4254485402626
SimpleHome_XCS7_1003_WHT_Security_Camera,30,1,12640,peer_scale_local_center,0.80216504,0.8992924623115577,0.0,0.0,0.9894486363366106,23.74159198915127,24.225660937366477,2106.4254485402626
SimpleHome_XCS7_1003_WHT_Security_Camera,30,1,12640,shared_marginals,0.8029666400000001,0.8992924623115577,0.0,0.0,0.9894486363366106,23.74159198915127,24.225660937366477,2106.4254485402626
SimpleHome_XCS7_1003_WHT_Security_Camera,30,1,12640,collaborative_js,0.7983565199999999,0.6555437185929648,0.0,0.0,0.9894486363366106,23.74159198915127,24.225660937366477,2106.4254485402626
SimpleHome_XCS7_1003_WHT_Security_Camera,30,2,8978,local,0.9536622800000001,0.7475959798994976,0.0706,0.6416,0.9978375964922819,29.0,26.175325421767457,11179.84008788345
SimpleHome_XCS7_1003_WHT_Security_Camera,30,2,8978,peer_scale_local_center,1.0,1.0,0.1352,1.0,0.9978375964922819,29.0,26.175325421767457,11179.84008788345
SimpleHome_XCS7_1003_WHT_Security_Camera,30,2,8978,shared_marginals,0.9999986,0.999929648241206,0.1382,1.0,0.9978375964922819,29.0,26.175325421767457,11179.84008788345
SimpleHome_XCS7_1003_WHT_Security_Camera,30,2,8978,collaborative_js,0.9538250399999999,0.7481909547738694,0.07,0.6416,0.9978375964922819,29.0,26.175325421767457,11179.84008788345
SimpleHome_XCS7_1003_WHT_Security_Camera,30,3,5006,local,0.98243772,0.7558834170854272,0.026,0.6448,0.9973976719499968,29.0,23.77837000348632,8368.802697054141
SimpleHome_XCS7_1003_WHT_Security_Camera,30,3,5006,peer_scale_local_center,0.99999964,0.9999819095477387,0.0458,1.0,0.9973976719499968,29.0,23.77837000348632,8368.802697054141
SimpleHome_XCS7_1003_WHT_Security_Camera,30,3,5006,shared_marginals,0.9999973200000001,0.9998653266331659,0.0718,1.0,0.9973976719499968,29.0,23.77837000348632,8368.802697054141
SimpleHome_XCS7_1003_WHT_Security_Camera,30,3,5006,collaborative_js,0.98244784,0.756227135678392,0.0266,0.645,0.9973976719499968,29.0,23.77837000348632,8368.802697054141
SimpleHome_XCS7_1003_WHT_Security_Camera,30,4,2813,local,0.9546868799999999,0.7486713567839196,0.129,1.0,0.997762520025572,29.0,26.245335244995328,10836.001002061794
SimpleHome_XCS7_1003_WHT_Security_Camera,30,4,2813,peer_scale_local_center,1.0,1.0,0.049,1.0,0.997762520025572,29.0,26.245335244995328,10836.001002061794
SimpleHome_XCS7_1003_WHT_Security_Camera,30,4,2813,shared_marginals,0.99999748,0.9998733668341708,0.048,1.0,0.997762520025572,29.0,26.245335244995328,10836.001002061794
SimpleHome_XCS7_1003_WHT_Security_Camera,30,4,2813,collaborative_js,0.9548916000000001,0.7493005025125629,0.1286,1.0,0.997762520025572,29.0,26.245335244995328,10836.001002061794
SimpleHome_XCS7_1003_WHT_Security_Camera,30,5,12110,local,0.8029940400000001,0.7712442211055277,0.0,0.0794,0.9960860767629768,29.0,33.48738178120258,8044.966616450622
SimpleHome_XCS7_1003_WHT_Security_Camera,30,5,12110,peer_scale_local_center,0.8059996000000001,0.9024924623115578,0.0,0.8048,0.9960860767629768,29.0,33.48738178120258,8044.966616450622
SimpleHome_XCS7_1003_WHT_Security_Camera,30,5,12110,shared_marginals,0.8060387600000001,0.9025105527638191,0.0032,0.806,0.9960860767629768,29.0,33.48738178120258,8044.966616450622
SimpleHome_XCS7_1003_WHT_Security_Camera,30,5,12110,collaborative_js,0.80299432,0.7712582914572864,0.0,0.0798,0.9960860767629768,29.0,33.48738178120258,8044.966616450622
SimpleHome_XCS7_1003_WHT_Security_Camera,30,6,557,local,0.9899174399999999,0.7586914572864322,0.9956,1.0,0.9968302876365011,29.0,26.373859043349647,7689.612257575335
SimpleHome_XCS7_1003_WHT_Security_Camera,30,6,557,peer_scale_local_center,0.99999968,0.9999839195979899,0.3486,1.0,0.9968302876365011,29.0,26.373859043349647,7689.612257575335
SimpleHome_XCS7_1003_WHT_Security_Camera,30,6,557,shared_marginals,0.99999944,0.9999718592964824,0.589,1.0,0.9968302876365011,29.0,26.373859043349647,7689.612257575335
SimpleHome_XCS7_1003_WHT_Security_Camera,30,6,557,collaborative_js,0.98994256,0.759113567839196,0.9954,1.0,0.9968302876365011,29.0,26.373859043349647,7689.612257575335
SimpleHome_XCS7_1003_WHT_Security_Camera,30,7,1513,local,0.9488157600000001,0.5328944723618091,0.0074,0.0966,0.9967968768206114,29.0,25.314794053292918,7278.76910988576
SimpleHome_XCS7_1003_WHT_Security_Camera,30,7,1513,peer_scale_local_center,1.0,1.0,0.4068,1.0,0.9967968768206114,29.0,25.314794053292918,7278.76910988576
SimpleHome_XCS7_1003_WHT_Security_Camera,30,7,1513,shared_marginals,0.9999988399999999,0.9999417085427136,0.42,1.0,0.9967968768206114,29.0,25.314794053292918,7278.76910988576
SimpleHome_XCS7_1003_WHT_Security_Camera,30,7,1513,collaborative_js,0.94878656,0.5323396984924623,0.0076,0.1018,0.9967968768206114,29.0,25.314794053292918,7278.76910988576
SimpleHome_XCS7_1003_WHT_Security_Camera,100,0,2600,local,0.95609776,0.7405306532663317,0.2564,1.0,0.9982220565931433,99.0,26.899751904250543,14004.80566941766
SimpleHome_XCS7_1003_WHT_Security_Camera,100,0,2600,peer_scale_local_center,1.0,1.0,0.4426,1.0,0.9982220565931433,99.0,26.899751904250543,14004.80566941766
SimpleHome_XCS7_1003_WHT_Security_Camera,100,0,2600,shared_marginals,0.9999982,0.9999095477386934,0.4336,1.0,0.9982220565931433,99.0,26.899751904250543,14004.80566941766
SimpleHome_XCS7_1003_WHT_Security_Camera,100,0,2600,collaborative_js,0.9561818,0.7409969849246232,0.257,1.0,0.9982220565931433,99.0,26.899751904250543,14004.80566941766
SimpleHome_XCS7_1003_WHT_Security_Camera,100,1,1844,local,0.93935164,0.5145286432160804,0.14,1.0,0.9974833551625455,99.0,25.97050005157293,9524.784623887448
SimpleHome_XCS7_1003_WHT_Security_Camera,100,1,1844,peer_scale_local_center,1.0,1.0,0.0106,1.0,0.9974833551625455,99.0,25.97050005157293,9524.784623887448
SimpleHome_XCS7_1003_WHT_Security_Camera,100,1,1844,shared_marginals,0.99999964,0.9999819095477387,0.0086,1.0,0.9974833551625455,99.0,25.97050005157293,9524.784623887448
SimpleHome_XCS7_1003_WHT_Security_Camera,100,1,1844,collaborative_js,0.93953128,0.514556783919598,0.1398,1.0,0.9974833551625455,99.0,25.97050005157293,9524.784623887448
SimpleHome_XCS7_1003_WHT_Security_Camera,100,2,12830,local,0.9978091599999999,0.9638572864321608,0.0,0.0,0.8561448899648428,16.65383328137118,11.97986286866129,69.37440641644416
SimpleHome_XCS7_1003_WHT_Security_Camera,100,2,12830,peer_scale_local_center,0.9999406000000001,0.9970150753768845,0.0014,0.997,0.8561448899648428,16.65383328137118,11.97986286866129,69.37440641644416
SimpleHome_XCS7_1003_WHT_Security_Camera,100,2,12830,shared_marginals,0.99998416,0.9992040201005026,0.0016,1.0,0.8561448899648428,16.65383328137118,11.97986286866129,69.37440641644416
SimpleHome_XCS7_1003_WHT_Security_Camera,100,2,12830,collaborative_js,0.9981077200000001,0.9688844221105528,0.0,0.0,0.8561448899648428,16.65383328137118,11.97986286866129,69.37440641644416
SimpleHome_XCS7_1003_WHT_Security_Camera,100,3,8023,local,0.99960072,0.9799356783919597,0.0,0.0,0.9490804341897164,30.136940894239736,12.933214148993297,214.71538445021957
SimpleHome_XCS7_1003_WHT_Security_Camera,100,3,8023,peer_scale_local_center,0.99999996,0.9999979899497488,0.0,0.0,0.9490804341897164,30.136940894239736,12.933214148993297,214.71538445021957
SimpleHome_XCS7_1003_WHT_Security_Camera,100,3,8023,shared_marginals,1.0,1.0,0.0,0.0,0.9490804341897164,30.136940894239736,12.933214148993297,214.71538445021957
SimpleHome_XCS7_1003_WHT_Security_Camera,100,3,8023,collaborative_js,0.99960072,0.9799356783919597,0.0,0.0,0.9490804341897164,30.136940894239736,12.933214148993297,214.71538445021957
SimpleHome_XCS7_1003_WHT_Security_Camera,100,4,5815,local,0.99991976,0.99596783919598,0.0,0.0012,0.9947459406410789,76.86453056553675,29.876347544061222,5305.67807474975
SimpleHome_XCS7_1003_WHT_Security_Camera,100,4,5815,peer_scale_local_center,1.0,1.0,0.0,1.0,0.9947459406410789,76.86453056553675,29.876347544061222,5305.67807474975
SimpleHome_XCS7_1003_WHT_Security_Camera,100,4,5815,shared_marginals,1.0,1.0,0.0,1.0,0.9947459406410789,76.86453056553675,29.876347544061222,5305.67807474975
SimpleHome_XCS7_1003_WHT_Security_Camera,100,4,5815,collaborative_js,0.9999197200000001,0.9959658291457287,0.0,0.0012,0.9947459406410789,76.86453056553675,29.876347544061222,5305.67807474975
SimpleHome_XCS7_1003_WHT_Security_Camera,100,5,6301,local,0.9989165199999999,0.9974552763819096,1.0,1.0,0.9420269477177089,56.04737801419853,18.683352673044666,287.77771768523746
SimpleHome_XCS7_1003_WHT_Security_Camera,100,5,6301,peer_scale_local_center,0.99999408,0.9997025125628141,1.0,1.0,0.9420269477177089,56.04737801419853,18.683352673044666,287.77771768523746
SimpleHome_XCS7_1003_WHT_Security_Camera,100,5,6301,shared_marginals,0.99995408,0.9976924623115577,1.0,1.0,0.9420269477177089,56.04737801419853,18.683352673044666,287.77771768523746
SimpleHome_XCS7_1003_WHT_Security_Camera,100,5,6301,collaborative_js,0.9989659599999999,0.9977165829145729,1.0,1.0,0.9420269477177089,56.04737801419853,18.683352673044666,287.77771768523746
SimpleHome_XCS7_1003_WHT_Security_Camera,100,6,12444,local,0.98983948,0.7627216080402011,0.0258,1.0,0.9972060565957942,99.0,30.083816599527943,10051.676980017772
SimpleHome_XCS7_1003_WHT_Security_Camera,100,6,12444,peer_scale_local_center,1.0,1.0,0.022,1.0,0.9972060565957942,99.0,30.083816599527943,10051.676980017772
SimpleHome_XCS7_1003_WHT_Security_Camera,100,6,12444,shared_marginals,0.9999977600000001,0.9998874371859297,0.0196,1.0,0.9972060565957942,99.0,30.083816599527943,10051.676980017772
SimpleHome_XCS7_1003_WHT_Security_Camera,100,6,12444,collaborative_js,0.9898492,0.7631879396984924,0.0258,1.0,0.9972060565957942,99.0,30.083816599527943,10051.676980017772
SimpleHome_XCS7_1003_WHT_Security_Camera,100,7,5002,local,0.98110152,0.7609869346733669,0.0202,0.5516,0.997952315599215,99.0,25.590318725657315,11520.485635683897
SimpleHome_XCS7_1003_WHT_Security_Camera,100,7,5002,peer_scale_local_center,0.99999892,0.9999457286432161,0.3838,1.0,0.997952315599215,99.0,25.590318725657315,11520.485635683897
SimpleHome_XCS7_1003_WHT_Security_Camera,100,7,5002,shared_marginals,0.99999664,0.9998311557788944,0.4104,1.0,0.997952315599215,99.0,25.590318725657315,11520.485635683897
SimpleHome_XCS7_1003_WHT_Security_Camera,100,7,5002,collaborative_js,0.98116596,0.7612824120603016,0.0202,0.5516,0.997952315599215,99.0,25.590318725657315,11520.485635683897
SimpleHome_XCS7_1003_WHT_Security_Camera,300,0,2204,local,0.98874468,0.5535115577889447,0.0106,0.2648,0.9970539474199255,299.0,27.600188505191475,8689.657706158103
SimpleHome_XCS7_1003_WHT_Security_Camera,300,0,2204,peer_scale_local_center,0.99999904,0.9999517587939699,0.0324,1.0,0.9970539474199255,299.0,27.600188505191475,8689.657706158103
SimpleHome_XCS7_1003_WHT_Security_Camera,300,0,2204,shared_marginals,0.99999804,0.9999015075376885,0.0226,1.0,0.9970539474199255,299.0,27.600188505191475,8689.657706158103
SimpleHome_XCS7_1003_WHT_Security_Camera,300,0,2204,collaborative_js,0.9887526,0.5535276381909547,0.0106,0.2646,0.9970539474199255,299.0,27.600188505191475,8689.657706158103
SimpleHome_XCS7_1003_WHT_Security_Camera,300,1,1942,local,0.99724232,0.8614231155778894,0.0,0.001,0.9959209040984636,299.0,31.35220009433664,7195.761218381878
SimpleHome_XCS7_1003_WHT_Security_Camera,300,1,1942,peer_scale_local_center,0.99999864,0.9999316582914572,0.0014,1.0,0.9959209040984636,299.0,31.35220009433664,7195.761218381878
SimpleHome_XCS7_1003_WHT_Security_Camera,300,1,1942,shared_marginals,0.9999994,0.9999698492462312,0.0028,1.0,0.9959209040984636,299.0,31.35220009433664,7195.761218381878
SimpleHome_XCS7_1003_WHT_Security_Camera,300,1,1942,collaborative_js,0.99724492,0.8615537688442212,0.0,0.0008,0.9959209040984636,299.0,31.35220009433664,7195.761218381878
SimpleHome_XCS7_1003_WHT_Security_Camera,300,2,5291,local,0.94552872,0.5119577889447237,0.0108,0.0984,0.9976550199394084,299.0,26.887126597051505,10612.937404155413
SimpleHome_XCS7_1003_WHT_Security_Camera,300,2,5291,peer_scale_local_center,0.99999964,0.9999819095477387,0.0114,1.0,0.9976550199394084,299.0,26.887126597051505,10612.937404155413
SimpleHome_XCS7_1003_WHT_Security_Camera,300,2,5291,shared_marginals,0.99999968,0.9999839195979899,0.0104,1.0,0.9976550199394084,299.0,26.887126597051505,10612.937404155413
SimpleHome_XCS7_1003_WHT_Security_Camera,300,2,5291,collaborative_js,0.9457048,0.5120301507537689,0.0108,0.0968,0.9976550199394084,299.0,26.887126597051505,10612.937404155413
SimpleHome_XCS7_1003_WHT_Security_Camera,300,3,4659,local,0.9992015599999999,0.9598773869346733,0.0,0.0004,0.995757763492168,299.0,27.002004358157475,5893.590400252071
SimpleHome_XCS7_1003_WHT_Security_Camera,300,3,4659,peer_scale_local_center,0.9999996800000001,0.9999839195979899,0.0142,1.0,0.995757763492168,299.0,27.002004358157475,5893.590400252071
SimpleHome_XCS7_1003_WHT_Security_Camera,300,3,4659,shared_marginals,0.9999986799999999,0.9999336683417085,0.0194,1.0,0.995757763492168,299.0,27.002004358157475,5893.590400252071
SimpleHome_XCS7_1003_WHT_Security_Camera,300,3,4659,collaborative_js,0.9992015599999999,0.9598773869346733,0.0,0.0004,0.995757763492168,299.0,27.002004358157475,5893.590400252071
SimpleHome_XCS7_1003_WHT_Security_Camera,300,4,10602,local,0.96396556,0.7473527638190955,0.0976,1.0,0.9983693715504754,299.0,32.2622461736257,18558.639880500385
SimpleHome_XCS7_1003_WHT_Security_Camera,300,4,10602,peer_scale_local_center,1.0,1.0,0.1186,1.0,0.9983693715504754,299.0,32.2622461736257,18558.639880500385
SimpleHome_XCS7_1003_WHT_Security_Camera,300,4,10602,shared_marginals,0.99999968,0.9999839195979899,0.1116,1.0,0.9983693715504754,299.0,32.2622461736257,18558.639880500385
SimpleHome_XCS7_1003_WHT_Security_Camera,300,4,10602,collaborative_js,0.96406904,0.7477587939698493,0.0976,1.0,0.9983693715504754,299.0,32.2622461736257,18558.639880500385
SimpleHome_XCS7_1003_WHT_Security_Camera,300,5,11346,local,0.99960808,0.9803055276381909,0.0,0.0,0.9686313779262307,77.01403218002697,12.923127876289533,348.21828802685957
SimpleHome_XCS7_1003_WHT_Security_Camera,300,5,11346,peer_scale_local_center,0.99999916,0.9999577889447235,0.0,0.4964,0.9686313779262307,77.01403218002697,12.923127876289533,348.21828802685957
SimpleHome_XCS7_1003_WHT_Security_Camera,300,5,11346,shared_marginals,0.9999978,0.9998894472361808,0.0,0.9924,0.9686313779262307,77.01403218002697,12.923127876289533,348.21828802685957
SimpleHome_XCS7_1003_WHT_Security_Camera,300,5,11346,collaborative_js,0.9998337199999999,0.9916442211055276,0.0,0.0,0.9686313779262307,77.01403218002697,12.923127876289533,348.21828802685957
SimpleHome_XCS7_1003_WHT_Security_Camera,300,6,3672,local,0.9413084399999999,0.5128502512562814,0.0658,0.5004,0.9976709200673745,299.0,28.438610209658393,11351.525484079926
SimpleHome_XCS7_1003_WHT_Security_Camera,300,6,3672,peer_scale_local_center,1.0,1.0,0.0092,1.0,0.9976709200673745,299.0,28.438610209658393,11351.525484079926
SimpleHome_XCS7_1003_WHT_Security_Camera,300,6,3672,shared_marginals,1.0,1.0,0.0064,1.0,0.9976709200673745,299.0,28.438610209658393,11351.525484079926
SimpleHome_XCS7_1003_WHT_Security_Camera,300,6,3672,collaborative_js,0.9414547600000001,0.5128824120603015,0.0656,0.5004,0.9976709200673745,299.0,28.438610209658393,11351.525484079926
SimpleHome_XCS7_1003_WHT_Security_Camera,300,7,6164,local,0.8105084,0.8517005025125628,0.9964,1.0,0.9147476562081164,68.44465902501882,20.1805691851815,213.25594554401408
SimpleHome_XCS7_1003_WHT_Security_Camera,300,7,6164,peer_scale_local_center,0.9999785999999999,0.9989246231155778,0.011,1.0,0.9147476562081164,68.44465902501882,20.1805691851815,213.25594554401408
SimpleHome_XCS7_1003_WHT_Security_Camera,300,7,6164,shared_marginals,0.9999433600000001,0.9971537688442211,0.0018,1.0,0.9147476562081164,68.44465902501882,20.1805691851815,213.25594554401408
SimpleHome_XCS7_1003_WHT_Security_Camera,300,7,6164,collaborative_js,0.95474804,0.9246994974874372,0.9932,1.0,0.9147476562081164,68.44465902501882,20.1805691851815,213.25594554401408
SimpleHome_XCS7_1003_WHT_Security_Camera,1000,0,6719,local,0.99921076,0.9603396984924624,0.0008,0.031,0.9963963511971943,999.0,28.594896567969716,7379.991232015596
SimpleHome_XCS7_1003_WHT_Security_Camera,1000,0,6719,peer_scale_local_center,0.99999224,0.9996100502512563,0.0028,1.0,0.9963963511971943,999.0,28.594896567969716,7379.991232015596
SimpleHome_XCS7_1003_WHT_Security_Camera,1000,0,6719,shared_marginals,0.9999971200000001,0.9998552763819095,0.0042,1.0,0.9963963511971943,999.0,28.594896567969716,7379.991232015596
SimpleHome_XCS7_1003_WHT_Security_Camera,1000,0,6719,collaborative_js,0.99921076,0.9603396984924624,0.0008,0.0306,0.9963963511971943,999.0,28.594896567969716,7379.991232015596
SimpleHome_XCS7_1003_WHT_Security_Camera,1000,1,3775,local,0.99810356,0.9047015075376885,0.0008,0.0328,0.9964583940836392,999.0,31.71942583334696,8391.51123394482
SimpleHome_XCS7_1003_WHT_Security_Camera,1000,1,3775,peer_scale_local_center,1.0,1.0,0.0024,1.0,0.9964583940836392,999.0,31.71942583334696,8391.51123394482
SimpleHome_XCS7_1003_WHT_Security_Camera,1000,1,3775,shared_marginals,1.0,1.0,0.0048,1.0,0.9964583940836392,999.0,31.71942583334696,8391.51123394482
SimpleHome_XCS7_1003_WHT_Security_Camera,1000,1,3775,collaborative_js,0.99810372,0.9047095477386935,0.0008,0.0328,0.9964583940836392,999.0,31.71942583334696,8391.51123394482
SimpleHome_XCS7_1003_WHT_Security_Camera,1000,2,1934,local,0.99880764,0.9400824120603015,0.0,0.0016,0.9961459558200026,999.0,31.892830661531836,7756.224180479489
SimpleHome_XCS7_1003_WHT_Security_Camera,1000,2,1934,peer_scale_local_center,0.9999920800000001,0.9996020100502513,0.001,1.0,0.9961459558200026,999.0,31.892830661531836,7756.224180479489
SimpleHome_XCS7_1003_WHT_Security_Camera,1000,2,1934,shared_marginals,0.99999816,0.9999075376884421,0.0012,1.0,0.9961459558200026,999.0,31.892830661531836,7756.224180479489
SimpleHome_XCS7_1003_WHT_Security_Camera,1000,2,1934,collaborative_js,0.99880768,0.9400844221105528,0.0,0.0016,0.9961459558200026,999.0,31.892830661531836,7756.224180479489
SimpleHome_XCS7_1003_WHT_Security_Camera,1000,3,4359,local,0.9993983200000001,0.9697648241206029,0.0,0.0004,0.9960119226448125,999.0,30.255185024986922,7084.913984487896
SimpleHome_XCS7_1003_WHT_Security_Camera,1000,3,4359,peer_scale_local_center,0.99999884,0.9999417085427136,0.0058,1.0,0.9960119226448125,999.0,30.255185024986922,7084.913984487896
SimpleHome_XCS7_1003_WHT_Security_Camera,1000,3,4359,shared_marginals,0.9999990400000001,0.9999517587939698,0.0096,1.0,0.9960119226448125,999.0,30.255185024986922,7084.913984487896
SimpleHome_XCS7_1003_WHT_Security_Camera,1000,3,4359,collaborative_js,0.99939836,0.9697668341708543,0.0,0.0004,0.9960119226448125,999.0,30.255185024986922,7084.913984487896
SimpleHome_XCS7_1003_WHT_Security_Camera,1000,4,10941,local,0.9997368799999999,0.9867778894472361,0.0,0.0,0.9613593856187012,288.89973871663324,18.2016474424369,419.290627280453
SimpleHome_XCS7_1003_WHT_Security_Camera,1000,4,10941,peer_scale_local_center,0.99988516,0.9942291457286432,0.0,0.4932,0.9613593856187012,288.89973871663324,18.2016474424369,419.290627280453
SimpleHome_XCS7_1003_WHT_Security_Camera,1000,4,10941,shared_marginals,0.99990708,0.9953306532663317,0.0,0.52,0.9613593856187012,288.89973871663324,18.2016474424369,419.290627280453
SimpleHome_XCS7_1003_WHT_Security_Camera,1000,4,10941,collaborative_js,0.99973828,0.9868482412060302,0.0,0.0,0.9613593856187012,288.89973871663324,18.2016474424369,419.290627280453
SimpleHome_XCS7_1003_WHT_Security_Camera,1000,5,5946,local,0.99745536,0.8905628140703518,0.0,0.0,0.6383321943223099,108.37912887447665,17.491741794272375,42.83417420924176
SimpleHome_XCS7_1003_WHT_Security_Camera,1000,5,5946,peer_scale_local_center,0.9973310000000001,0.8904582914572865,0.0,0.0,0.6383321943223099,108.37912887447665,17.491741794272375,42.83417420924176
SimpleHome_XCS7_1003_WHT_Security_Camera,1000,5,5946,shared_marginals,0.99758132,0.8927959798994975,0.0,0.0,0.6383321943223099,108.37912887447665,17.491741794272375,42.83417420924176
SimpleHome_XCS7_1003_WHT_Security_Camera,1000,5,5946,collaborative_js,0.99741308,0.890486432160804,0.0,0.0,0.6383321943223099,108.37912887447665,17.491741794272375,42.83417420924176
SimpleHome_XCS7_1003_WHT_Security_Camera,1000,6,11015,local,0.99976956,0.9884201005025126,0.0,0.0,0.9610984852492519,288.88310321090677,18.300460466977285,419.01865702193095
SimpleHome_XCS7_1003_WHT_Security_Camera,1000,6,11015,peer_scale_local_center,0.99988564,0.9942532663316582,0.0,0.4828,0.9610984852492519,288.88310321090677,18.300460466977285,419.01865702193095
SimpleHome_XCS7_1003_WHT_Security_Camera,1000,6,11015,shared_marginals,0.99990904,0.9954291457286433,0.0,0.522,0.9610984852492519,288.88310321090677,18.300460466977285,419.01865702193095
SimpleHome_XCS7_1003_WHT_Security_Camera,1000,6,11015,collaborative_js,0.99977068,0.9884763819095477,0.0,0.0,0.9610984852492519,288.88310321090677,18.300460466977285,419.01865702193095
SimpleHome_XCS7_1003_WHT_Security_Camera,1000,7,11558,local,0.99324064,0.8478291457286432,0.0,0.0,0.9899605456874507,747.365823440551,33.12399940501871,3100.1684390469286
SimpleHome_XCS7_1003_WHT_Security_Camera,1000,7,11558,peer_scale_local_center,0.9966684800000001,0.8991175879396984,0.0,0.5248,0.9899605456874507,747.365823440551,33.12399940501871,3100.1684390469286
SimpleHome_XCS7_1003_WHT_Security_Camera,1000,7,11558,shared_marginals,0.9978733599999999,0.8991819095477387,0.0,0.5774,0.9899605456874507,747.365823440551,33.12399940501871,3100.1684390469286
SimpleHome_XCS7_1003_WHT_Security_Camera,1000,7,11558,collaborative_js,0.9932023999999999,0.8479236180904522,0.0,0.0,0.9899605456874507,747.365823440551,33.12399940501871,3100.1684390469286
