device,support_n,replicate,offset,method,auroc,spauc01,fpr,tpr,max_peer_weight,peer_weight_entropy
Danmini_Doorbell,30,0,3066,shared_oas,0.9996377599999999,0.9817969849246231,0.0934,1.0,0.125,2.0794415416798357
Danmini_Doorbell,30,0,3066,local_center_peer_scale,0.99971524,0.9856904522613066,0.0816,1.0,0.125,2.0794415416798357
Danmini_Doorbell,30,0,3066,soft_mean,0.9997235200000001,0.9861065326633165,0.0736,1.0,0.2549365061206427,1.9421828061216182
Danmini_Doorbell,30,0,3066,soft_mean_scale,0.99985168,0.9925467336683418,0.0604,1.0,0.9882197147542352,0.07514259400408321
Danmini_Doorbell,30,1,10169,shared_oas,0.9991022,0.9548844221105528,0.087,1.0,0.125,2.0794415416798357
Danmini_Doorbell,30,1,10169,local_center_peer_scale,0.99907996,0.9537668341708543,0.0492,1.0,0.125,2.0794415416798357
Danmini_Doorbell,30,1,10169,soft_mean,0.9990827600000001,0.9539075376884423,0.045,1.0,0.2531831493337087,1.9435573606860919
Danmini_Doorbell,30,1,10169,soft_mean_scale,0.9990742,0.9534773869346734,0.0292,1.0,0.9798126616598213,0.11883881753887646
Danmini_Doorbell,30,2,13306,shared_oas,0.9992416399999999,0.9618914572864321,0.4022,1.0,0.125,2.0794415416798357
Danmini_Doorbell,30,2,13306,local_center_peer_scale,0.9992095599999999,0.9602793969849246,0.303,1.0,0.125,2.0794415416798357
Danmini_Doorbell,30,2,13306,soft_mean,0.99923716,0.9616663316582914,0.2816,1.0,0.25435541000524853,1.9377254269621094
Danmini_Doorbell,30,2,13306,soft_mean_scale,0.9991688799999999,0.958235175879397,0.243,1.0,0.9871133941554777,0.07898971623274298
Danmini_Doorbell,30,3,27615,shared_oas,0.9995086799999999,0.9753105527638191,0.17,1.0,0.125,2.0794415416798357
Danmini_Doorbell,30,3,27615,local_center_peer_scale,0.99947524,0.9736301507537688,0.141,1.0,0.125,2.0794415416798357
Danmini_Doorbell,30,3,27615,soft_mean,0.999522,0.9759798994974873,0.1254,1.0,0.25246496272532254,1.943854327448123
Danmini_Doorbell,30,3,27615,soft_mean_scale,0.9993027600000001,0.9649628140703518,0.1088,1.0,0.9874643961558895,0.0782657698993542
Danmini_Doorbell,30,4,18659,shared_oas,0.99900312,0.9499055276381909,0.1614,1.0,0.125,2.0794415416798357
Danmini_Doorbell,30,4,18659,local_center_peer_scale,0.9991878,0.9591859296482412,0.1586,1.0,0.125,2.0794415416798357
Danmini_Doorbell,30,4,18659,soft_mean,0.99931728,0.9656924623115578,0.1576,1.0,0.25012554104620954,1.9452255431447703
Danmini_Doorbell,30,4,18659,soft_mean_scale,0.9991298,0.9562713567839196,0.0632,1.0,0.9804052294515305,0.1157472557821593
Danmini_Doorbell,30,5,31107,shared_oas,0.9995103200000001,0.9753929648241206,0.8878,1.0,0.125,2.0794415416798357
Danmini_Doorbell,30,5,31107,local_center_peer_scale,0.9995113600000001,0.9754452261306532,0.9208,1.0,0.125,2.0794415416798357
Danmini_Doorbell,30,5,31107,soft_mean,0.99953448,0.9766070351758794,0.8988,1.0,0.25589853264783957,1.955939630160986
Danmini_Doorbell,30,5,31107,soft_mean_scale,0.99954,0.9768844221105528,0.0176,1.0,0.9734934330868226,0.14789890003772424
Danmini_Doorbell,30,6,9331,shared_oas,0.99934616,0.9671437185929648,0.091,1.0,0.125,2.0794415416798357
Danmini_Doorbell,30,6,9331,local_center_peer_scale,0.99929184,0.9644140703517587,0.0816,1.0,0.125,2.0794415416798357
Danmini_Doorbell,30,6,9331,soft_mean,0.999317,0.9656783919597991,0.072,1.0,0.2518277395953198,1.944579523951579
Danmini_Doorbell,30,6,9331,soft_mean_scale,0.9993164400000001,0.9656502512562815,0.0504,1.0,0.9824965424160608,0.10532774792344138
Danmini_Doorbell,30,7,30718,shared_oas,0.99965376,0.9826010050251257,0.1562,1.0,0.125,2.0794415416798357
Danmini_Doorbell,30,7,30718,local_center_peer_scale,0.99967476,0.9836562814070352,0.1204,1.0,0.125,2.0794415416798357
Danmini_Doorbell,30,7,30718,soft_mean,0.99970252,0.985051256281407,0.1172,1.0,0.25225035939916807,1.938803008429906
Danmini_Doorbell,30,7,30718,soft_mean_scale,0.99956936,0.9783597989949748,0.0462,1.0,0.9782305201098198,0.12663805275370418
Danmini_Doorbell,30,8,4527,shared_oas,0.99928928,0.9642854271356784,0.0944,1.0,0.125,2.0794415416798357
Danmini_Doorbell,30,8,4527,local_center_peer_scale,0.99931516,0.9655859296482412,0.0898,1.0,0.125,2.0794415416798357
Danmini_Doorbell,30,8,4527,soft_mean,0.99929488,0.9645668341708542,0.0834,1.0,0.24978971232752287,1.9454387305162135
Danmini_Doorbell,30,8,4527,soft_mean_scale,0.99919556,0.9595758793969849,0.0376,1.0,0.9815835048850408,0.10973599848567626
Danmini_Doorbell,30,9,4724,shared_oas,0.99886784,0.9431075376884421,0.3488,1.0,0.125,2.0794415416798357
Danmini_Doorbell,30,9,4724,local_center_peer_scale,0.9989198,0.9457185929648242,0.2874,1.0,0.125,2.0794415416798357
Danmini_Doorbell,30,9,4724,soft_mean,0.99900928,0.9502150753768843,0.2736,1.0,0.24876778259403606,1.9445448288075236
Danmini_Doorbell,30,9,4724,soft_mean_scale,0.99907404,0.9534693467336683,0.2742,1.0,0.9778852323234527,0.12828943843598453
Danmini_Doorbell,30,10,4582,shared_oas,0.99922624,0.9611175879396985,0.2026,1.0,0.125,2.0794415416798357
Danmini_Doorbell,30,10,4582,local_center_peer_scale,0.9991656,0.958070351758794,0.1782,1.0,0.125,2.0794415416798357
Danmini_Doorbell,30,10,4582,soft_mean,0.9991822,0.9589045226130652,0.1744,1.0,0.25383694169433463,1.9381799426720745
Danmini_Doorbell,30,10,4582,soft_mean_scale,0.99890088,0.94476783919598,0.125,1.0,0.9857170122161674,0.08643940169742087
Danmini_Doorbell,30,11,17120,shared_oas,0.99954368,0.9770693467336683,0.2866,1.0,0.125,2.0794415416798357
Danmini_Doorbell,30,11,17120,local_center_peer_scale,0.999477,0.9737185929648242,0.2606,1.0,0.125,2.0794415416798357
Danmini_Doorbell,30,11,17120,soft_mean,0.9994798,0.973859296482412,0.2424,1.0,0.2536001775555839,1.938181584456511
Danmini_Doorbell,30,11,17120,soft_mean_scale,0.9992970800000001,0.9646773869346733,0.2176,1.0,0.9839880612054318,0.09513793022347286
Danmini_Doorbell,30,12,31305,shared_oas,0.9994604,0.9728844221105528,0.9656,1.0,0.125,2.0794415416798357
Danmini_Doorbell,30,12,31305,local_center_peer_scale,0.99937592,0.9686391959798994,0.9566,1.0,0.125,2.0794415416798357
Danmini_Doorbell,30,12,31305,soft_mean,0.99943708,0.9717125628140704,0.9548,1.0,0.25846787177277775,1.9635936630715976
Danmini_Doorbell,30,12,31305,soft_mean_scale,0.9993342,0.9665427135678393,0.932,1.0,0.9856351470175561,0.08538503281991866
Danmini_Doorbell,30,13,18998,shared_oas,0.9991460799999999,0.957089447236181,0.2032,1.0,0.125,2.0794415416798357
Danmini_Doorbell,30,13,18998,local_center_peer_scale,0.9992549199999999,0.9625587939698492,0.1796,1.0,0.125,2.0794415416798357
Danmini_Doorbell,30,13,18998,soft_mean,0.9992881600000001,0.9642291457286432,0.1718,1.0,0.2550046286457547,1.9388444359462915
Danmini_Doorbell,30,13,18998,soft_mean_scale,0.99912632,0.9560964824120604,0.159,1.0,0.9888199985164219,0.07068193490652978
Danmini_Doorbell,30,14,349,shared_oas,0.9988937999999999,0.9444120603015076,0.9168,1.0,0.125,2.0794415416798357
Danmini_Doorbell,30,14,349,local_center_peer_scale,0.99893112,0.9462874371859297,0.9038,1.0,0.125,2.0794415416798357
Danmini_Doorbell,30,14,349,soft_mean,0.99897404,0.9484442211055275,0.8954,1.0,0.2604046163339665,1.959280653084978
Danmini_Doorbell,30,14,349,soft_mean_scale,0.99890804,0.9451276381909548,0.8018,1.0,0.9864809209558175,0.0825467780098615
Danmini_Doorbell,30,15,13437,shared_oas,0.91447988,0.8843437185929648,0.0012,0.6342,0.125,2.0794415416798357
Danmini_Doorbell,30,15,13437,local_center_peer_scale,0.9060438,0.889175879396985,0.0,0.4536,0.125,2.0794415416798357
Danmini_Doorbell,30,15,13437,soft_mean,0.9063422800000001,0.890470351758794,0.0,0.4536,0.24431831682686064,1.9558540763150596
Danmini_Doorbell,30,15,13437,soft_mean_scale,0.90803484,0.8913386934673366,0.0,0.4956,0.8258131705744897,0.6662980340791398
Danmini_Doorbell,30,16,18320,shared_oas,0.99918064,0.9588261306532664,0.1216,1.0,0.125,2.0794415416798357
Danmini_Doorbell,30,16,18320,local_center_peer_scale,0.99897684,0.9485849246231155,0.1034,1.0,0.125,2.0794415416798357
Danmini_Doorbell,30,16,18320,soft_mean,0.99905068,0.9522954773869347,0.1088,1.0,0.25257993800574874,1.942932554450792
Danmini_Doorbell,30,16,18320,soft_mean_scale,0.99884848,0.9421346733668342,0.0502,1.0,0.9780538861740524,0.12710042746235103
Danmini_Doorbell,30,17,21163,shared_oas,0.99925392,0.9625085427135678,0.1558,1.0,0.125,2.0794415416798357
Danmini_Doorbell,30,17,21163,local_center_peer_scale,0.9992470800000001,0.9621648241206031,0.1098,1.0,0.125,2.0794415416798357
Danmini_Doorbell,30,17,21163,soft_mean,0.999243,0.9619597989949749,0.1042,1.0,0.25441991414652215,1.9371274833483705
Danmini_Doorbell,30,17,21163,soft_mean_scale,0.99902892,0.9512020100502512,0.1078,1.0,0.9847181306714813,0.09223567914943373
Danmini_Doorbell,30,18,7049,shared_oas,0.9990058799999999,0.9500442211055277,0.109,1.0,0.125,2.0794415416798357
Danmini_Doorbell,30,18,7049,local_center_peer_scale,0.99903796,0.9516562814070353,0.0802,1.0,0.125,2.0794415416798357
Danmini_Doorbell,30,18,7049,soft_mean,0.9990658,0.9530552763819096,0.0726,1.0,0.25528121405856175,1.9408583273435869
Danmini_Doorbell,30,18,7049,soft_mean_scale,0.99875388,0.9373809045226129,0.0708,1.0,0.9889976845477989,0.07067222129683318
Danmini_Doorbell,30,19,14968,shared_oas,0.9997737999999999,0.9886331658291456,0.1514,1.0,0.125,2.0794415416798357
Danmini_Doorbell,30,19,14968,local_center_peer_scale,0.99977476,0.9886814070351758,0.1384,1.0,0.125,2.0794415416798357
Danmini_Doorbell,30,19,14968,soft_mean,0.9997759599999999,0.9887417085427136,0.14,1.0,0.25190526808835545,1.9434012018984028
Danmini_Doorbell,30,19,14968,soft_mean_scale,0.99940488,0.970094472361809,0.0438,1.0,0.978276781314903,0.12598756380602613
Danmini_Doorbell,30,20,31320,shared_oas,0.99943516,0.97161608040201,0.0864,1.0,0.125,2.0794415416798357
Danmini_Doorbell,30,20,31320,local_center_peer_scale,0.9994876,0.974251256281407,0.0692,1.0,0.125,2.0794415416798357
Danmini_Doorbell,30,20,31320,soft_mean,0.99950848,0.9753005025125627,0.047,1.0,0.2552151074350351,1.9720518163974532
Danmini_Doorbell,30,20,31320,soft_mean_scale,0.99933448,0.9665567839195981,0.0376,1.0,0.9874680215802429,0.07994001410598359
Danmini_Doorbell,30,21,29678,shared_oas,0.9994424399999999,0.9719819095477387,0.1466,1.0,0.125,2.0794415416798357
Danmini_Doorbell,30,21,29678,local_center_peer_scale,0.9994048799999999,0.970094472361809,0.1348,1.0,0.125,2.0794415416798357
Danmini_Doorbell,30,21,29678,soft_mean,0.99943964,0.9718412060301507,0.1266,1.0,0.2542056140571892,1.9382377635056138
Danmini_Doorbell,30,21,29678,soft_mean_scale,0.99933076,0.9663698492462311,0.1236,1.0,0.9827644798327642,0.10193398254745129
Danmini_Doorbell,30,22,31133,shared_oas,0.999447,0.9722110552763819,0.8502,1.0,0.125,2.0794415416798357
Danmini_Doorbell,30,22,31133,local_center_peer_scale,0.99944284,0.9720020100502513,0.8784,1.0,0.125,2.0794415416798357
Danmini_Doorbell,30,22,31133,soft_mean,0.99946068,0.9728984924623115,0.7698,1.0,0.257415325656522,1.9568138698637365
Danmini_Doorbell,30,22,31133,soft_mean_scale,0.99935388,0.9675316582914573,0.0148,1.0,0.9743634774416686,0.14507440281442396
Danmini_Doorbell,30,23,24004,shared_oas,0.99945368,0.9725467336683417,0.3446,1.0,0.125,2.0794415416798357
Danmini_Doorbell,30,23,24004,local_center_peer_scale,0.99946968,0.9733507537688443,0.2836,1.0,0.125,2.0794415416798357
Danmini_Doorbell,30,23,24004,soft_mean,0.99947192,0.9734633165829145,0.249,1.0,0.25229054572736015,1.9400476259797177
Danmini_Doorbell,30,23,24004,soft_mean_scale,0.99916048,0.9578130653266332,0.2044,1.0,0.9866719569267912,0.08221431861561411
Danmini_Doorbell,30,24,3385,shared_oas,0.9990892,0.9542311557788945,0.3172,1.0,0.125,2.0794415416798357
Danmini_Doorbell,30,24,3385,local_center_peer_scale,0.99907488,0.9535115577889448,0.277,1.0,0.125,2.0794415416798357
Danmini_Doorbell,30,24,3385,soft_mean,0.99911948,0.9557527638190955,0.258,1.0,0.25517289441886776,1.9361842571679644
Danmini_Doorbell,30,24,3385,soft_mean_scale,0.9990395200000001,0.9517346733668341,0.25,1.0,0.9851108870359758,0.08878666165890374
Danmini_Doorbell,30,25,4246,shared_oas,0.99913924,0.956745728643216,0.115,1.0,0.125,2.0794415416798357
Danmini_Doorbell,30,25,4246,local_center_peer_scale,0.99915016,0.9572944723618091,0.085,1.0,0.125,2.0794415416798357
Danmini_Doorbell,30,25,4246,soft_mean,0.99915596,0.9575859296482412,0.0754,1.0,0.24633131798883842,1.9545981548667402
Danmini_Doorbell,30,25,4246,soft_mean_scale,0.99921908,0.9607577889447236,0.0338,1.0,0.9778186410925912,0.12857745782692304
Danmini_Doorbell,30,26,2167,shared_oas,0.9992392,0.9617688442211056,0.098,1.0,0.125,2.0794415416798357
Danmini_Doorbell,30,26,2167,local_center_peer_scale,0.99928396,0.9640180904522613,0.0896,1.0,0.125,2.0794415416798357
Danmini_Doorbell,30,26,2167,soft_mean,0.9992985999999999,0.9647537688442211,0.0806,1.0,0.24704671695826017,1.9502165955876447
Danmini_Doorbell,30,26,2167,soft_mean_scale,0.9992516,0.962391959798995,0.0528,1.0,0.9785516076977622,0.1254192270194508
Danmini_Doorbell,30,27,16414,shared_oas,0.9994734,0.9735376884422111,0.1482,1.0,0.125,2.0794415416798357
Danmini_Doorbell,30,27,16414,local_center_peer_scale,0.9994042,0.9700603015075377,0.1238,1.0,0.125,2.0794415416798357
Danmini_Doorbell,30,27,16414,soft_mean,0.99941248,0.9704763819095478,0.1216,1.0,0.25709416548546316,1.9430320421949214
Danmini_Doorbell,30,27,16414,soft_mean_scale,0.99910672,0.9551115577889447,0.1258,1.0,0.9871980890651771,0.07790663325228576
Danmini_Doorbell,30,28,8904,shared_oas,0.99940264,0.9699819095477387,0.2324,1.0,0.125,2.0794415416798357
Danmini_Doorbell,30,28,8904,local_center_peer_scale,0.9993999600000001,0.9698472361809045,0.2246,1.0,0.125,2.0794415416798357
Danmini_Doorbell,30,28,8904,soft_mean,0.999378,0.9687437185929648,0.22,1.0,0.2553890754706097,1.9359090238772776
Danmini_Doorbell,30,28,8904,soft_mean_scale,0.99927864,0.9637507537688443,0.188,1.0,0.9856551951233736,0.08668848347479746
Danmini_Doorbell,30,29,2259,shared_oas,0.9991814800000001,0.9588683417085427,0.2062,1.0,0.125,2.0794415416798357
Danmini_Doorbell,30,29,2259,local_center_peer_scale,0.9992086,0.9602311557788945,0.1642,1.0,0.125,2.0794415416798357
Danmini_Doorbell,30,29,2259,soft_mean,0.99921492,0.9605487437185931,0.1522,1.0,0.25201381398048023,1.9430596135471845
Danmini_Doorbell,30,29,2259,soft_mean_scale,0.99896272,0.9478753768844221,0.1436,1.0,0.9859283311352194,0.08624058850383576
Danmini_Doorbell,100,0,17212,shared_oas,0.9993812,0.9689045226130654,0.0596,1.0,0.125,2.0794415416798357
Danmini_Doorbell,100,0,17212,local_center_peer_scale,0.999486,0.9741708542713569,0.056,1.0,0.125,2.0794415416798357
Danmini_Doorbell,100,0,17212,soft_mean,0.99945144,0.9724341708542714,0.0534,1.0,0.2523288865489737,1.9411647562874308
Danmini_Doorbell,100,0,17212,soft_mean_scale,0.9990264400000001,0.9510773869346734,0.0344,1.0,0.9550941975917377,0.23624354305851758
Danmini_Doorbell,100,1,15458,shared_oas,0.99908084,0.9538110552763819,0.1598,1.0,0.125,2.0794415416798357
Danmini_Doorbell,100,1,15458,local_center_peer_scale,0.9991082,0.9551859296482412,0.1618,1.0,0.125,2.0794415416798357
Danmini_Doorbell,100,1,15458,soft_mean,0.99909944,0.9547457286432162,0.1546,1.0,0.2504773755178395,1.942826897587494
Danmini_Doorbell,100,1,15458,soft_mean_scale,0.99899392,0.9494432160804019,0.1464,1.0,0.9883594688919807,0.074148175521809
Danmini_Doorbell,100,2,8066,shared_oas,0.99917904,0.958745728643216,0.1544,1.0,0.125,2.0794415416798357
Danmini_Doorbell,100,2,8066,local_center_peer_scale,0.99919084,0.9593386934673367,0.1586,1.0,0.125,2.0794415416798357
Danmini_Doorbell,100,2,8066,soft_mean,0.9991764799999999,0.9586170854271356,0.1552,1.0,0.25442386236358516,1.936061569488715
Danmini_Doorbell,100,2,8066,soft_mean_scale,0.99893124,0.9462934673366834,0.1148,1.0,0.990007056099948,0.06498319587237548
Danmini_Doorbell,100,3,10873,shared_oas,0.99971256,0.9855557788944722,0.0526,1.0,0.125,2.0794415416798357
Danmini_Doorbell,100,3,10873,local_center_peer_scale,0.99969756,0.9848020100502513,0.0468,1.0,0.125,2.0794415416798357
Danmini_Doorbell,100,3,10873,soft_mean,0.99970048,0.984948743718593,0.0464,1.0,0.253097486923471,1.9441658325128022
Danmini_Doorbell,100,3,10873,soft_mean_scale,0.99909488,0.9545165829145729,0.0312,1.0,0.9534804988614813,0.243503387871199
Danmini_Doorbell,100,4,5999,shared_oas,0.9984944400000001,0.9243698492462311,0.0308,1.0,0.125,2.0794415416798357
Danmini_Doorbell,100,4,5999,local_center_peer_scale,0.998425,0.9208884422110553,0.0286,1.0,0.125,2.0794415416798357
Danmini_Doorbell,100,4,5999,soft_mean,0.999,0.9497788944723617,0.0208,1.0,0.255982444591984,1.936082185850399
Danmini_Doorbell,100,4,5999,soft_mean_scale,0.99935472,0.9675738693467337,0.0144,1.0,0.9369745621616548,0.3141186091922539
Danmini_Doorbell,100,5,22149,shared_oas,0.99914004,0.9567859296482413,0.047,1.0,0.125,2.0794415416798357
Danmini_Doorbell,100,5,22149,local_center_peer_scale,0.9992311199999999,0.9613628140703516,0.0358,1.0,0.125,2.0794415416798357
Danmini_Doorbell,100,5,22149,soft_mean,0.9992004,0.959819095477387,0.0352,1.0,0.2539282150981765,1.9451528264463294
Danmini_Doorbell,100,5,22149,soft_mean_scale,0.9990346,0.9514874371859297,0.0282,1.0,0.9486678311952507,0.2665324198711032
Danmini_Doorbell,100,6,9494,shared_oas,0.9984488,0.9220502512562814,0.1862,1.0,0.125,2.0794415416798357
Danmini_Doorbell,100,6,9494,local_center_peer_scale,0.9984350399999999,0.9213587939698493,0.1986,1.0,0.125,2.0794415416798357
Danmini_Doorbell,100,6,9494,soft_mean,0.99859928,0.9296120603015076,0.1974,1.0,0.25247707233355837,1.9384136754159271
Danmini_Doorbell,100,6,9494,soft_mean_scale,0.99855524,0.9273989949748744,0.1686,1.0,0.988680523691616,0.07174627784159343
Danmini_Doorbell,100,7,12692,shared_oas,0.99910328,0.9549386934673367,0.0538,1.0,0.125,2.0794415416798357
Danmini_Doorbell,100,7,12692,local_center_peer_scale,0.99899536,0.9495155778894473,0.058,1.0,0.125,2.0794415416798357
Danmini_Doorbell,100,7,12692,soft_mean,0.99913272,0.9564180904522613,0.0472,1.0,0.2561250227074628,1.9353679100185894
Danmini_Doorbell,100,7,12692,soft_mean_scale,0.99954356,0.9770633165829146,0.0112,1.0,0.9387763069754991,0.3071844851417874
Danmini_Doorbell,100,8,31221,shared_oas,0.99940792,0.9702472361809045,0.892,1.0,0.125,2.0794415416798357
Danmini_Doorbell,100,8,31221,local_center_peer_scale,0.99947968,0.9738532663316584,0.899,1.0,0.125,2.0794415416798357
Danmini_Doorbell,100,8,31221,soft_mean,0.9995354,0.9766532663316583,0.8954,1.0,0.25932716398293165,1.960655347761794
Danmini_Doorbell,100,8,31221,soft_mean_scale,0.99936172,0.9679256281407036,0.7764,1.0,0.9880073977155456,0.07732293455460848
Danmini_Doorbell,100,9,9668,shared_oas,0.99891292,0.9453728643216082,0.0602,1.0,0.125,2.0794415416798357
Danmini_Doorbell,100,9,9668,local_center_peer_scale,0.99913424,0.9564944723618091,0.0564,1.0,0.125,2.0794415416798357
Danmini_Doorbell,100,9,9668,soft_mean,0.9993609600000001,0.9678874371859297,0.0482,1.0,0.2519596833607482,1.941479553259824
Danmini_Doorbell,100,9,9668,soft_mean_scale,0.99936808,0.9682452261306533,0.015,1.0,0.9263790667641649,0.3573298653682417
Danmini_Doorbell,100,10,5601,shared_oas,0.99878388,0.9388884422110553,0.0634,1.0,0.125,2.0794415416798357
Danmini_Doorbell,100,10,5601,local_center_peer_scale,0.99866232,0.9327839195979899,0.0626,1.0,0.125,2.0794415416798357
Danmini_Doorbell,100,10,5601,soft_mean,0.9990678000000001,0.9531557788944724,0.06,1.0,0.2516049004669023,1.9445926132848697
Danmini_Doorbell,100,10,5601,soft_mean_scale,0.99910716,0.9551336683417084,0.0384,1.0,0.9482834856953585,0.26539687046297367
Danmini_Doorbell,100,11,6284,shared_oas,0.9995341999999999,0.9765929648241205,0.1256,1.0,0.125,2.0794415416798357
Danmini_Doorbell,100,11,6284,local_center_peer_scale,0.999547,0.9772361809045226,0.1198,1.0,0.125,2.0794415416798357
Danmini_Doorbell,100,11,6284,soft_mean,0.9995486,0.9773165829145729,0.1162,1.0,0.2518122180823999,1.9395666969001153
Danmini_Doorbell,100,11,6284,soft_mean_scale,0.99932388,0.9660241206030151,0.0488,1.0,0.9878266733565806,0.07747145069650503
Danmini_Doorbell,100,12,26455,shared_oas,0.9992078400000001,0.9601929648241205,0.1968,1.0,0.125,2.0794415416798357
Danmini_Doorbell,100,12,26455,local_center_peer_scale,0.99924772,0.9621969849246231,0.1966,1.0,0.125,2.0794415416798357
Danmini_Doorbell,100,12,26455,soft_mean,0.99924884,0.9622532663316583,0.19,1.0,0.25600204923447656,1.9339814485107794
Danmini_Doorbell,100,12,26455,soft_mean_scale,0.9992164800000001,0.960627135678392,0.1724,1.0,0.9913369278524752,0.05682910088382012
Danmini_Doorbell,100,13,10940,shared_oas,0.9995134,0.9755477386934673,0.1068,1.0,0.125,2.0794415416798357
Danmini_Doorbell,100,13,10940,local_center_peer_scale,0.9994848000000001,0.9741105527638191,0.0988,1.0,0.125,2.0794415416798357
Danmini_Doorbell,100,13,10940,soft_mean,0.99948652,0.974196984924623,0.094,1.0,0.25490789062544805,1.945740787139567
Danmini_Doorbell,100,13,10940,soft_mean_scale,0.99946092,0.9729105527638191,0.06,1.0,0.9874608414781565,0.07875002465407856
Danmini_Doorbell,100,14,28924,shared_oas,0.99954848,0.9773105527638192,0.1682,1.0,0.125,2.0794415416798357
Danmini_Doorbell,100,14,28924,local_center_peer_scale,0.999587,0.979246231155779,0.17,1.0,0.125,2.0794415416798357
Danmini_Doorbell,100,14,28924,soft_mean,0.99958852,0.9793226130653265,0.1692,1.0,0.24871653141328848,1.9412538949208304
Danmini_Doorbell,100,14,28924,soft_mean_scale,0.99928812,0.964227135678392,0.1314,1.0,0.9856390537397458,0.08849598274481849
Danmini_Doorbell,100,15,7917,shared_oas,0.9994430000000001,0.9720100502512563,0.1364,1.0,0.125,2.0794415416798357
Danmini_Doorbell,100,15,7917,local_center_peer_scale,0.9994346799999999,0.971591959798995,0.1326,1.0,0.125,2.0794415416798357
Danmini_Doorbell,100,15,7917,soft_mean,0.9994190799999999,0.9708080402010051,0.1236,1.0,0.2562030744451009,1.932489972269697
Danmini_Doorbell,100,15,7917,soft_mean_scale,0.99931052,0.9653527638190954,0.1166,1.0,0.9895173240971318,0.06782497505704461
Danmini_Doorbell,100,16,10415,shared_oas,0.99949204,0.9744743718592965,0.0472,1.0,0.125,2.0794415416798357
Danmini_Doorbell,100,16,10415,local_center_peer_scale,0.99948676,0.9742090452261307,0.0426,1.0,0.125,2.0794415416798357
Danmini_Doorbell,100,16,10415,soft_mean,0.99942276,0.9709929648241205,0.0418,1.0,0.2586719166215264,1.9424352932121276
Danmini_Doorbell,100,16,10415,soft_mean_scale,0.99849928,0.9245869346733668,0.018,1.0,0.9570252742558443,0.2278126812735684
Danmini_Doorbell,100,17,10361,shared_oas,0.9996320399999999,0.9815095477386935,0.156,1.0,0.125,2.0794415416798357
Danmini_Doorbell,100,17,10361,local_center_peer_scale,0.99962036,0.9809226130653266,0.1438,1.0,0.125,2.0794415416798357
Danmini_Doorbell,100,17,10361,soft_mean,0.9996206,0.9809346733668342,0.1402,1.0,0.25316697606535515,1.9398212380189581
Danmini_Doorbell,100,17,10361,soft_mean_scale,0.99927444,0.9635396984924625,0.135,1.0,0.9931651531955284,0.04654361367086782
Danmini_Doorbell,100,18,30769,shared_oas,0.9995839999999999,0.9790954773869347,0.087,1.0,0.125,2.0794415416798357
Danmini_Doorbell,100,18,30769,local_center_peer_scale,0.99957756,0.9787718592964825,0.0792,1.0,0.125,2.0794415416798357
Danmini_Doorbell,100,18,30769,soft_mean,0.9995751199999999,0.9786492462311558,0.0722,1.0,0.25441908174556277,1.937450834547719
Danmini_Doorbell,100,18,30769,soft_mean_scale,0.99961144,0.9804743718592965,0.0522,1.0,0.9893265745747952,0.06838327984346966
Danmini_Doorbell,100,19,4735,shared_oas,0.998876,0.9435175879396984,0.1476,1.0,0.125,2.0794415416798357
Danmini_Doorbell,100,19,4735,local_center_peer_scale,0.9988752,0.9434773869346733,0.1486,1.0,0.125,2.0794415416798357
Danmini_Doorbell,100,19,4735,soft_mean,0.99887136,0.9432844221105529,0.1392,1.0,0.2531508737604364,1.9353716862587418
Danmini_Doorbell,100,19,4735,soft_mean_scale,0.9988018399999999,0.9397909547738693,0.0868,1.0,0.9832746490283617,0.1005519029539199
Danmini_Doorbell,100,20,7836,shared_oas,0.9991458400000001,0.9570773869346734,0.0504,1.0,0.125,2.0794415416798357
Danmini_Doorbell,100,20,7836,local_center_peer_scale,0.99936064,0.9678713567839197,0.0444,1.0,0.125,2.0794415416798357
Danmini_Doorbell,100,20,7836,soft_mean,0.99932484,0.9660723618090452,0.043,1.0,0.2540471967237511,1.9448489830847395
Danmini_Doorbell,100,20,7836,soft_mean_scale,0.99924352,0.9619859296482411,0.0296,1.0,0.9538931217331552,0.24291753406141608
Danmini_Doorbell,100,21,30664,shared_oas,0.9985850399999999,0.9288964824120602,0.0562,1.0,0.125,2.0794415416798357
Danmini_Doorbell,100,21,30664,local_center_peer_scale,0.99890088,0.9448040201005025,0.0474,1.0,0.125,2.0794415416798357
Danmini_Doorbell,100,21,30664,soft_mean,0.99907548,0.9535417085427136,0.0466,1.0,0.255766572572557,1.9352853149173301
Danmini_Doorbell,100,21,30664,soft_mean_scale,0.9991941200000001,0.9595035175879396,0.0294,1.0,0.9384401389972071,0.3038722986227367
Danmini_Doorbell,100,22,32378,shared_oas,0.9992169599999999,0.960651256281407,0.2032,1.0,0.125,2.0794415416798357
Danmini_Doorbell,100,22,32378,local_center_peer_scale,0.9992842399999999,0.9640321608040201,0.1864,1.0,0.125,2.0794415416798357
Danmini_Doorbell,100,22,32378,soft_mean,0.9992464,0.9621306532663316,0.181,1.0,0.25101484941809343,1.941131250491083
Danmini_Doorbell,100,22,32378,soft_mean_scale,0.99884856,0.9421386934673367,0.1444,1.0,0.9892172744648526,0.06957438908850873
Danmini_Doorbell,100,23,6882,shared_oas,0.9992174,0.9606733668341709,0.129,1.0,0.125,2.0794415416798357
Danmini_Doorbell,100,23,6882,local_center_peer_scale,0.99925392,0.9625085427135678,0.1254,1.0,0.125,2.0794415416798357
Danmini_Doorbell,100,23,6882,soft_mean,0.99931064,0.9653587939698492,0.1144,1.0,0.25286058611283124,1.940403382711072
Danmini_Doorbell,100,23,6882,soft_mean_scale,0.9991770799999999,0.9586472361809045,0.1038,1.0,0.9897881731686798,0.06600423008069263
Danmini_Doorbell,100,24,6214,shared_oas,0.9994331599999999,0.9715155778894472,0.124,1.0,0.125,2.0794415416798357
Danmini_Doorbell,100,24,6214,local_center_peer_scale,0.99934828,0.9672502512562815,0.1234,1.0,0.125,2.0794415416798357
Danmini_Doorbell,100,24,6214,soft_mean,0.99936576,0.9681286432160805,0.1148,1.0,0.25539912220188105,1.9339003835431596
Danmini_Doorbell,100,24,6214,soft_mean_scale,0.99941172,0.9704381909547739,0.0772,1.0,0.9888298516770321,0.07091790322717723
Danmini_Doorbell,100,25,25754,shared_oas,0.9992247599999999,0.961043216080402,0.1338,1.0,0.125,2.0794415416798357
Danmini_Doorbell,100,25,25754,local_center_peer_scale,0.9992496799999999,0.9622954773869347,0.125,1.0,0.125,2.0794415416798357
Danmini_Doorbell,100,25,25754,soft_mean,0.9992496799999999,0.9622954773869347,0.122,1.0,0.254406864379575,1.9343743067052515
Danmini_Doorbell,100,25,25754,soft_mean_scale,0.99869844,0.9345949748743718,0.0364,1.0,0.9883487513284963,0.07363146629073417
Danmini_Doorbell,100,26,8723,shared_oas,0.99972336,0.9860984924623115,0.1456,1.0,0.125,2.0794415416798357
Danmini_Doorbell,100,26,8723,local_center_peer_scale,0.9997142,0.9856381909547738,0.1466,1.0,0.125,2.0794415416798357
Danmini_Doorbell,100,26,8723,soft_mean,0.9997130000000001,0.9855778894472361,0.137,1.0,0.2505427212505682,1.942831377971522
Danmini_Doorbell,100,26,8723,soft_mean_scale,0.99929032,0.9643376884422111,0.0856,1.0,0.9871661351721457,0.08055281090136687
Danmini_Doorbell,100,27,29898,shared_oas,0.99939684,0.9696904522613066,0.126,1.0,0.125,2.0794415416798357
Danmini_Doorbell,100,27,29898,local_center_peer_scale,0.99940144,0.969921608040201,0.1096,1.0,0.125,2.0794415416798357
Danmini_Doorbell,100,27,29898,soft_mean,0.99939964,0.9698311557788946,0.108,1.0,0.25717742830636026,1.9387391660964843
Danmini_Doorbell,100,27,29898,soft_mean_scale,0.99882592,0.9410010050251256,0.1072,1.0,0.9931841216501566,0.0462067155525691
Danmini_Doorbell,100,28,21426,shared_oas,0.99924008,0.9618130653266332,0.2596,1.0,0.125,2.0794415416798357
Danmini_Doorbell,100,28,21426,local_center_peer_scale,0.9992298000000001,0.9612964824120602,0.2232,1.0,0.125,2.0794415416798357
Danmini_Doorbell,100,28,21426,soft_mean,0.99923124,0.9613688442211055,0.2138,1.0,0.2500398503678804,1.9418992861994009
Danmini_Doorbell,100,28,21426,soft_mean_scale,0.99901292,0.9503979899497488,0.1658,1.0,0.9878265657544911,0.07729711837364542
Danmini_Doorbell,100,29,14430,shared_oas,0.99912436,0.9559979899497487,0.1296,1.0,0.125,2.0794415416798357
Danmini_Doorbell,100,29,14430,local_center_peer_scale,0.99922124,0.9608663316582915,0.1156,1.0,0.125,2.0794415416798357
Danmini_Doorbell,100,29,14430,soft_mean,0.99918436,0.9590130653266331,0.1084,1.0,0.254468372033561,1.9504107557027068
Danmini_Doorbell,100,29,14430,soft_mean_scale,0.9990386,0.9516884422110553,0.1124,1.0,0.9897963933288206,0.06657307451422431
Danmini_Doorbell,300,0,6190,shared_oas,0.999584,0.9790954773869346,0.0738,1.0,0.125,2.0794415416798357
Danmini_Doorbell,300,0,6190,local_center_peer_scale,0.9995514799999999,0.9774613065326633,0.0632,1.0,0.125,2.0794415416798357
Danmini_Doorbell,300,0,6190,soft_mean,0.9995981199999999,0.9798050251256281,0.0616,1.0,0.2541032672630361,1.936979620139989
Danmini_Doorbell,300,0,6190,soft_mean_scale,0.99932056,0.9658572864321608,0.0244,1.0,0.9537530464792559,0.2416033869799113
Danmini_Doorbell,300,1,15853,shared_oas,0.99919864,0.9597306532663317,0.1172,1.0,0.125,2.0794415416798357
Danmini_Doorbell,300,1,15853,local_center_peer_scale,0.9991724799999999,0.9584160804020101,0.1056,1.0,0.125,2.0794415416798357
Danmini_Doorbell,300,1,15853,soft_mean,0.99945812,0.9727698492462311,0.1056,1.0,0.25265663536873906,1.9388739883500787
Danmini_Doorbell,300,1,15853,soft_mean_scale,0.99911748,0.9556522613065327,0.0766,1.0,0.9650263916623621,0.19053721320750144
Danmini_Doorbell,300,2,25007,shared_oas,0.99181524,0.8715396984924624,0.0422,1.0,0.125,2.0794415416798357
Danmini_Doorbell,300,2,25007,local_center_peer_scale,0.9905043600000001,0.865481407035176,0.0212,0.7918,0.125,2.0794415416798357
Danmini_Doorbell,300,2,25007,soft_mean,0.99144972,0.8681949748743718,0.0184,0.7916,0.2503904522478473,1.9430247209016418
Danmini_Doorbell,300,2,25007,soft_mean_scale,0.9944488,0.8507839195979899,0.007,0.776,0.9429133684390317,0.2859501388049832
Danmini_Doorbell,300,3,18406,shared_oas,0.9995489999999999,0.9773366834170854,0.0716,1.0,0.125,2.0794415416798357
Danmini_Doorbell,300,3,18406,local_center_peer_scale,0.9994380399999999,0.9717608040201005,0.0674,1.0,0.125,2.0794415416798357
Danmini_Doorbell,300,3,18406,soft_mean,0.9993076,0.9652060301507537,0.0652,1.0,0.2527445984069312,1.9418473780262469
Danmini_Doorbell,300,3,18406,soft_mean_scale,0.99854196,0.9267316582914573,0.0476,1.0,0.9679855871342873,0.17798861166943203
Danmini_Doorbell,300,4,4485,shared_oas,0.9989127600000001,0.945364824120603,0.097,1.0,0.125,2.0794415416798357
Danmini_Doorbell,300,4,4485,local_center_peer_scale,0.9991393199999999,0.9567497487437185,0.093,1.0,0.125,2.0794415416798357
Danmini_Doorbell,300,4,4485,soft_mean,0.99907764,0.9536502512562814,0.0916,1.0,0.25501570363277337,1.9339670471167705
Danmini_Doorbell,300,4,4485,soft_mean_scale,0.9992792,0.9637788944723619,0.0734,1.0,0.9550112677968954,0.23535253994428162
Danmini_Doorbell,300,5,3811,shared_oas,0.9992112799999999,0.9603658291457287,0.1232,1.0,0.125,2.0794415416798357
Danmini_Doorbell,300,5,3811,local_center_peer_scale,0.9992758399999999,0.9636100502512562,0.1148,1.0,0.125,2.0794415416798357
Danmini_Doorbell,300,5,3811,soft_mean,0.99927456,0.9635457286432161,0.111,1.0,0.25510914498474563,1.9328227068964112
Danmini_Doorbell,300,5,3811,soft_mean_scale,0.99938432,0.9690613065326634,0.0504,1.0,0.9870864782815926,0.07998173980843165
Danmini_Doorbell,300,6,12004,shared_oas,0.99837316,0.9182492462311558,0.0002,0.7818,0.125,2.0794415416798357
Danmini_Doorbell,300,6,12004,local_center_peer_scale,0.99824828,0.9119738693467336,0.0,0.4586,0.125,2.0794415416798357
Danmini_Doorbell,300,6,12004,soft_mean,0.9982153199999999,0.9103175879396985,0.0,0.4586,0.24872739251892442,1.9531651968855934
Danmini_Doorbell,300,6,12004,soft_mean_scale,0.9984577600000001,0.9225005025125628,0.0,0.0,0.7450903688087137,0.9520142566828828
Danmini_Doorbell,300,7,32732,shared_oas,0.9985596800000001,0.9276221105527638,0.126,1.0,0.125,2.0794415416798357
Danmini_Doorbell,300,7,32732,local_center_peer_scale,0.99820536,0.9099417085427135,0.1282,1.0,0.125,2.0794415416798357
Danmini_Doorbell,300,7,32732,soft_mean,0.99821388,0.9103396984924623,0.1252,1.0,0.2533006627262246,1.938001427523994
Danmini_Doorbell,300,7,32732,soft_mean_scale,0.99880292,0.9398452261306534,0.0956,1.0,0.9635833191387126,0.19725940508879067
Danmini_Doorbell,300,8,16630,shared_oas,0.99982588,0.9912502512562814,0.0706,1.0,0.125,2.0794415416798357
Danmini_Doorbell,300,8,16630,local_center_peer_scale,0.99975348,0.9876120603015075,0.0704,1.0,0.125,2.0794415416798357
Danmini_Doorbell,300,8,16630,soft_mean,0.99976716,0.9882994974874372,0.0696,1.0,0.25244189099966535,1.9441819527193474
Danmini_Doorbell,300,8,16630,soft_mean_scale,0.9987609199999999,0.9377346733668341,0.0522,1.0,0.9654310899362489,0.1900811766830444
Danmini_Doorbell,300,9,28799,shared_oas,0.99815244,0.9072221105527638,0.1204,1.0,0.125,2.0794415416798357
Danmini_Doorbell,300,9,28799,local_center_peer_scale,0.99756896,0.880775879396985,0.1296,1.0,0.125,2.0794415416798357
Danmini_Doorbell,300,9,28799,soft_mean,0.9976543999999999,0.8827276381909548,0.1224,1.0,0.2529165942837264,1.937478348867688
Danmini_Doorbell,300,9,28799,soft_mean_scale,0.9985084799999999,0.9250914572864322,0.0968,1.0,0.9634768239732014,0.1976873999438545
Danmini_Doorbell,300,10,26373,shared_oas,0.9988741999999999,0.9434271356783921,0.1066,1.0,0.125,2.0794415416798357
Danmini_Doorbell,300,10,26373,local_center_peer_scale,0.99797156,0.8982331658291458,0.1114,1.0,0.125,2.0794415416798357
Danmini_Doorbell,300,10,26373,soft_mean,0.99807084,0.9031879396984925,0.1062,1.0,0.2549594392561834,1.934657517455523
Danmini_Doorbell,300,10,26373,soft_mean_scale,0.9991084800000001,0.9552,0.0728,1.0,0.9607358709944317,0.20873079404128564
Danmini_Doorbell,300,11,13076,shared_oas,0.99620432,0.8878874371859297,0.0316,0.9998,0.125,2.0794415416798357
Danmini_Doorbell,300,11,13076,local_center_peer_scale,0.9958142400000001,0.8870070351758794,0.0156,0.7946,0.125,2.0794415416798357
Danmini_Doorbell,300,11,13076,soft_mean,0.99622184,0.8867276381909548,0.0148,0.795,0.2508372546838618,1.9432647786352286
Danmini_Doorbell,300,11,13076,soft_mean_scale,0.99726744,0.8813447236180905,0.0062,0.7926,0.9416513548513672,0.2918173906339018
Danmini_Doorbell,300,12,4632,shared_oas,0.99861788,0.9305467336683416,0.1064,1.0,0.125,2.0794415416798357
Danmini_Doorbell,300,12,4632,local_center_peer_scale,0.99799268,0.899435175879397,0.1164,1.0,0.125,2.0794415416798357
Danmini_Doorbell,300,12,4632,soft_mean,0.9983046799999999,0.9149185929648241,0.1054,1.0,0.2527846921933268,1.9374459547198486
Danmini_Doorbell,300,12,4632,soft_mean_scale,0.9993701199999999,0.9683477386934674,0.0586,1.0,0.9508018589640249,0.2536081065313138
Danmini_Doorbell,300,13,25879,shared_oas,0.9992757600000001,0.9636060301507539,0.0828,1.0,0.125,2.0794415416798357
Danmini_Doorbell,300,13,25879,local_center_peer_scale,0.9994782,0.9737788944723618,0.0778,1.0,0.125,2.0794415416798357
Danmini_Doorbell,300,13,25879,soft_mean,0.9994628,0.9730050251256281,0.0756,1.0,0.25309898210679516,1.9383910242156177
Danmini_Doorbell,300,13,25879,soft_mean_scale,0.99912032,0.9557949748743719,0.0624,1.0,0.9639631055503514,0.19647555529494234
Danmini_Doorbell,300,14,20567,shared_oas,0.99954936,0.9773547738693467,0.0588,1.0,0.125,2.0794415416798357
Danmini_Doorbell,300,14,20567,local_center_peer_scale,0.99957436,0.9786110552763819,0.0576,1.0,0.125,2.0794415416798357
Danmini_Doorbell,300,14,20567,soft_mean,0.99957728,0.9787577889447237,0.0576,1.0,0.25475494663485787,1.9420511085285979
Danmini_Doorbell,300,14,20567,soft_mean_scale,0.9993139999999999,0.9655276381909548,0.0438,1.0,0.953177541145045,0.24500375986585515
Danmini_Doorbell,300,15,12034,shared_oas,0.9985757599999999,0.9284301507537689,0.0,0.7692,0.125,2.0794415416798357
Danmini_Doorbell,300,15,12034,local_center_peer_scale,0.99835376,0.9172743718592965,0.0,0.4622,0.125,2.0794415416798357
Danmini_Doorbell,300,15,12034,soft_mean,0.9983662,0.9178994974874373,0.0,0.4622,0.24913385685139436,1.9524319156586267
Danmini_Doorbell,300,15,12034,soft_mean_scale,0.9986162799999999,0.9304663316582915,0.0,0.0,0.7494185551675555,0.9403528345696857
Danmini_Doorbell,300,16,1260,shared_oas,0.9988996,0.9447035175879397,0.113,1.0,0.125,2.0794415416798357
Danmini_Doorbell,300,16,1260,local_center_peer_scale,0.99842152,0.9206914572864322,0.106,1.0,0.125,2.0794415416798357
Danmini_Doorbell,300,16,1260,soft_mean,0.99878312,0.9388522613065327,0.1018,1.0,0.2531647754615945,1.936652158581083
Danmini_Doorbell,300,16,1260,soft_mean_scale,0.9993228,0.9659698492462312,0.0364,1.0,0.9863244658134924,0.08422451119372067
Danmini_Doorbell,300,17,12070,shared_oas,0.99828008,0.9135718592964824,0.0,0.7254,0.125,2.0794415416798357
Danmini_Doorbell,300,17,12070,local_center_peer_scale,0.9982742,0.9132763819095477,0.0,0.4454,0.125,2.0794415416798357
Danmini_Doorbell,300,17,12070,soft_mean,0.99828812,0.9139758793969849,0.0,0.4454,0.24810085974811397,1.9550528922358967
Danmini_Doorbell,300,17,12070,soft_mean_scale,0.99845368,0.9222954773869347,0.0,0.0,0.7467080049492588,0.9513837007246739
Danmini_Doorbell,300,18,30145,shared_oas,0.99889964,0.944705527638191,0.1338,1.0,0.125,2.0794415416798357
Danmini_Doorbell,300,18,30145,local_center_peer_scale,0.9986380399999999,0.9315597989949749,0.13,1.0,0.125,2.0794415416798357
Danmini_Doorbell,300,18,30145,soft_mean,0.99861576,0.9304402010050251,0.1296,1.0,0.253962193741544,1.9344470650882752
Danmini_Doorbell,300,18,30145,soft_mean_scale,0.99936844,0.9682633165829146,0.0764,1.0,0.9551304124487136,0.23439642841676955
Danmini_Doorbell,300,19,14797,shared_oas,0.9991862,0.9591055276381908,0.0912,1.0,0.125,2.0794415416798357
Danmini_Doorbell,300,19,14797,local_center_peer_scale,0.9989133600000001,0.9453949748743717,0.107,1.0,0.125,2.0794415416798357
Danmini_Doorbell,300,19,14797,soft_mean,0.9991526399999999,0.9574190954773869,0.0974,1.0,0.25324823591586043,1.9369999446519899
Danmini_Doorbell,300,19,14797,soft_mean_scale,0.99940372,0.9700361809045226,0.0432,1.0,0.9520551859019848,0.24988532984575468
Danmini_Doorbell,300,20,18266,shared_oas,0.99973296,0.986580904522613,0.0884,1.0,0.125,2.0794415416798357
Danmini_Doorbell,300,20,18266,local_center_peer_scale,0.9996524800000001,0.9825366834170854,0.0774,1.0,0.125,2.0794415416798357
Danmini_Doorbell,300,20,18266,soft_mean,0.99965276,0.9825507537688443,0.0782,1.0,0.25414174436702097,1.9407566071142255
Danmini_Doorbell,300,20,18266,soft_mean_scale,0.9985832,0.9288040201005024,0.065,1.0,0.9664895773996949,0.18442619917635672
Danmini_Doorbell,300,21,20138,shared_oas,0.99981424,0.9906653266331658,0.0652,1.0,0.125,2.0794415416798357
Danmini_Doorbell,300,21,20138,local_center_peer_scale,0.99975816,0.9878472361809045,0.0698,1.0,0.125,2.0794415416798357
Danmini_Doorbell,300,21,20138,soft_mean,0.99975836,0.9878572864321609,0.0692,1.0,0.2565978525395906,1.9606797800670819
Danmini_Doorbell,300,21,20138,soft_mean_scale,0.99867756,0.933545728643216,0.0542,1.0,0.9676209940296094,0.1813974004857256
Danmini_Doorbell,300,22,3848,shared_oas,0.9993018800000001,0.9649185929648241,0.14,1.0,0.125,2.0794415416798357
Danmini_Doorbell,300,22,3848,local_center_peer_scale,0.9993011599999999,0.9648824120603015,0.1472,1.0,0.125,2.0794415416798357
Danmini_Doorbell,300,22,3848,soft_mean,0.9992686399999999,0.9632482412060301,0.1414,1.0,0.2548726257184211,1.9334197339106347
Danmini_Doorbell,300,22,3848,soft_mean_scale,0.99925424,0.962524623115578,0.1174,1.0,0.9872011584325863,0.07946100734951772
Danmini_Doorbell,300,23,14383,shared_oas,0.99971164,0.9855095477386935,0.059,1.0,0.125,2.0794415416798357
Danmini_Doorbell,300,23,14383,local_center_peer_scale,0.9997670399999999,0.9882934673366834,0.0566,1.0,0.125,2.0794415416798357
Danmini_Doorbell,300,23,14383,soft_mean,0.99976952,0.9884180904522613,0.0508,1.0,0.2543576580239633,1.9491277179880369
Danmini_Doorbell,300,23,14383,soft_mean_scale,0.99945988,0.9728582914572864,0.0244,1.0,0.9524755087459783,0.24891009897631755
Danmini_Doorbell,300,24,5290,shared_oas,0.9995336,0.9765628140703517,0.167,1.0,0.125,2.0794415416798357
Danmini_Doorbell,300,24,5290,local_center_peer_scale,0.9995952800000001,0.9796623115577889,0.1688,1.0,0.125,2.0794415416798357
Danmini_Doorbell,300,24,5290,soft_mean,0.99956608,0.9781949748743719,0.1672,1.0,0.25221853990253934,1.9386964380935376
Danmini_Doorbell,300,24,5290,soft_mean_scale,0.99873584,0.9364743718592965,0.1544,1.0,0.9903339121191126,0.06273689689720854
Danmini_Doorbell,300,25,31800,shared_oas,0.9991952,0.9595577889447237,0.0796,1.0,0.125,2.0794415416798357
Danmini_Doorbell,300,25,31800,local_center_peer_scale,0.99920568,0.9600844221105528,0.0788,1.0,0.125,2.0794415416798357
Danmini_Doorbell,300,25,31800,soft_mean,0.9991502,0.9572964824120603,0.0774,1.0,0.2550578825853653,1.9494322909107071
Danmini_Doorbell,300,25,31800,soft_mean_scale,0.9990608400000001,0.9528060301507537,0.082,1.0,0.9884898687574241,0.07339145527478258
Danmini_Doorbell,300,26,21550,shared_oas,0.9982629199999999,0.9127236180904523,0.124,1.0,0.125,2.0794415416798357
Danmini_Doorbell,300,26,21550,local_center_peer_scale,0.9976024,0.8807316582914573,0.127,1.0,0.125,2.0794415416798357
Danmini_Doorbell,300,26,21550,soft_mean,0.99766732,0.8835597989949748,0.1236,1.0,0.25576576600469575,1.9324931170131643
Danmini_Doorbell,300,26,21550,soft_mean_scale,0.9989484399999999,0.9471879396984925,0.0718,1.0,0.9698112216760687,0.16840263884010498
Danmini_Doorbell,300,27,3032,shared_oas,0.9992395599999999,0.9617869346733668,0.0836,1.0,0.125,2.0794415416798357
Danmini_Doorbell,300,27,3032,local_center_peer_scale,0.99927804,0.9637206030150753,0.0714,1.0,0.125,2.0794415416798357
Danmini_Doorbell,300,27,3032,soft_mean,0.9993685999999999,0.9682713567839196,0.0716,1.0,0.2546846257885615,1.9359064196594513
Danmini_Doorbell,300,27,3032,soft_mean_scale,0.99948072,0.9739055276381908,0.0486,1.0,0.9552478480784435,0.23436652982531284
Danmini_Doorbell,300,28,8954,shared_oas,0.99917428,0.9585065326633166,0.094,1.0,0.125,2.0794415416798357
Danmini_Doorbell,300,28,8954,local_center_peer_scale,0.99910644,0.9551095477386935,0.1002,1.0,0.125,2.0794415416798357
Danmini_Doorbell,300,28,8954,soft_mean,0.99917124,0.9583537688442212,0.09,1.0,0.25449126616617357,1.933880803019738
Danmini_Doorbell,300,28,8954,soft_mean_scale,0.9998066800000001,0.9902854271356784,0.044,1.0,0.9553908152098255,0.23356399996430277
Danmini_Doorbell,300,29,30254,shared_oas,0.9982394400000001,0.9115296482412061,0.1138,1.0,0.125,2.0794415416798357
Danmini_Doorbell,300,29,30254,local_center_peer_scale,0.99748956,0.8742613065326632,0.1108,1.0,0.125,2.0794415416798357
Danmini_Doorbell,300,29,30254,soft_mean,0.99763076,0.8811075376884422,0.1084,1.0,0.2545129927721728,1.9342896662934752
Danmini_Doorbell,300,29,30254,soft_mean_scale,0.99888408,0.9439236180904522,0.0418,1.0,0.9584360310492012,0.22012787325543515
Danmini_Doorbell,1000,0,21068,shared_oas,0.9993012,0.9648844221105527,0.0918,1.0,0.125,2.0794415416798357
Danmini_Doorbell,1000,0,21068,local_center_peer_scale,0.9985449200000001,0.9269788944723618,0.081,1.0,0.125,2.0794415416798357
Danmini_Doorbell,1000,0,21068,soft_mean,0.9987796,0.9387075376884423,0.0804,1.0,0.25461435784182024,1.9347370696762396
Danmini_Doorbell,1000,0,21068,soft_mean_scale,0.99890884,0.9451678391959799,0.0842,1.0,0.9628875290034359,0.19998863689248514
Danmini_Doorbell,1000,1,21225,shared_oas,0.99908128,0.9538331658291457,0.078,1.0,0.125,2.0794415416798357
Danmini_Doorbell,1000,1,21225,local_center_peer_scale,0.99835016,0.9171336683417086,0.0768,1.0,0.125,2.0794415416798357
Danmini_Doorbell,1000,1,21225,soft_mean,0.9983978,0.9195175879396985,0.0746,1.0,0.2547394715419617,1.936078162572707
Danmini_Doorbell,1000,1,21225,soft_mean_scale,0.99851632,0.9254552763819095,0.0774,1.0,0.961239066916564,0.2078902014299364
Danmini_Doorbell,1000,2,2976,shared_oas,0.9992572399999999,0.9626753768844221,0.1018,1.0,0.125,2.0794415416798357
Danmini_Doorbell,1000,2,2976,local_center_peer_scale,0.99901996,0.9507517587939699,0.095,1.0,0.125,2.0794415416798357
Danmini_Doorbell,1000,2,2976,soft_mean,0.9993393199999999,0.9668000000000001,0.0938,1.0,0.25519766114949416,1.9344711795056837
Danmini_Doorbell,1000,2,2976,soft_mean_scale,0.99957712,0.9787497487437187,0.0872,1.0,0.9580002518743695,0.2221257955234713
Danmini_Doorbell,1000,3,8874,shared_oas,0.9986168,0.9304924623115578,0.1624,1.0,0.125,2.0794415416798357
Danmini_Doorbell,1000,3,8874,local_center_peer_scale,0.99912988,0.9563095477386936,0.165,1.0,0.125,2.0794415416798357
Danmini_Doorbell,1000,3,8874,soft_mean,0.9991380799999999,0.9567175879396985,0.1654,1.0,0.25380998413904404,1.9347433409869348
Danmini_Doorbell,1000,3,8874,soft_mean_scale,0.9990464800000001,0.9520844221105528,0.1592,1.0,0.9563302443516758,0.22991844267527728
Danmini_Doorbell,1000,4,21480,shared_oas,0.99944456,0.9720884422110552,0.1018,1.0,0.125,2.0794415416798357
Danmini_Doorbell,1000,4,21480,local_center_peer_scale,0.9987909199999999,0.9392422110552764,0.098,1.0,0.125,2.0794415416798357
Danmini_Doorbell,1000,4,21480,soft_mean,0.9988794799999999,0.9436924623115578,0.0978,1.0,0.254938843285074,1.9361672438983868
Danmini_Doorbell,1000,4,21480,soft_mean_scale,0.99876924,0.9381527638190955,0.093,1.0,0.9656360735170789,0.187704222665325
Danmini_Doorbell,1000,5,22470,shared_oas,0.9994187600000001,0.9707919597989949,0.1268,1.0,0.125,2.0794415416798357
Danmini_Doorbell,1000,5,22470,local_center_peer_scale,0.99949052,0.9743979899497487,0.1252,1.0,0.125,2.0794415416798357
Danmini_Doorbell,1000,5,22470,soft_mean,0.9994641599999999,0.9730733668341708,0.1244,1.0,0.25416046507277246,1.9363204595633234
Danmini_Doorbell,1000,5,22470,soft_mean_scale,0.9996648,0.9831557788944725,0.1132,1.0,0.9595957490047287,0.21538082251682378
Danmini_Doorbell,1000,6,23835,shared_oas,0.9995596,0.9778693467336683,0.0776,1.0,0.125,2.0794415416798357
Danmini_Doorbell,1000,6,23835,local_center_peer_scale,0.99947384,0.9735597989949749,0.0752,1.0,0.125,2.0794415416798357
Danmini_Doorbell,1000,6,23835,soft_mean,0.9994692399999999,0.9733286432160804,0.0742,1.0,0.2540399162550969,1.93669518099024
Danmini_Doorbell,1000,6,23835,soft_mean_scale,0.99949464,0.9746050251256282,0.0772,1.0,0.9559778427502891,0.23128002727895822
Danmini_Doorbell,1000,7,23783,shared_oas,0.99918768,0.9591798994974874,0.0798,1.0,0.125,2.0794415416798357
Danmini_Doorbell,1000,7,23783,local_center_peer_scale,0.99894576,0.9470532663316583,0.0752,1.0,0.125,2.0794415416798357
Danmini_Doorbell,1000,7,23783,soft_mean,0.9989398,0.9467477386934673,0.0738,1.0,0.254144552108284,1.9364922274135137
Danmini_Doorbell,1000,7,23783,soft_mean_scale,0.99889232,0.944337688442211,0.078,1.0,0.9560869706404831,0.23067315734471755
Danmini_Doorbell,1000,8,28327,shared_oas,0.9979032,0.8952281407035176,0.1394,1.0,0.125,2.0794415416798357
Danmini_Doorbell,1000,8,28327,local_center_peer_scale,0.99721656,0.8690673366834172,0.137,1.0,0.125,2.0794415416798357
Danmini_Doorbell,1000,8,28327,soft_mean,0.99763968,0.8829226130653267,0.1324,1.0,0.25395567908558747,1.9349491414114932
Danmini_Doorbell,1000,8,28327,soft_mean_scale,0.99870912,0.9351316582914573,0.133,1.0,0.9622318060013124,0.203174794527049
Danmini_Doorbell,1000,9,28058,shared_oas,0.99807936,0.9039658291457286,0.1448,1.0,0.125,2.0794415416798357
Danmini_Doorbell,1000,9,28058,local_center_peer_scale,0.99784016,0.893246231155779,0.1456,1.0,0.125,2.0794415416798357
Danmini_Doorbell,1000,9,28058,soft_mean,0.99797344,0.8991879396984925,0.1416,1.0,0.2539250912410298,1.9343197151721814
Danmini_Doorbell,1000,9,28058,soft_mean_scale,0.99939456,0.9697326633165829,0.1378,1.0,0.9585662160837025,0.2193473725093452
Danmini_Doorbell,1000,10,22086,shared_oas,0.9990508,0.9523015075376884,0.0902,1.0,0.125,2.0794415416798357
Danmini_Doorbell,1000,10,22086,local_center_peer_scale,0.9990536,0.9524422110552764,0.0902,1.0,0.125,2.0794415416798357
Danmini_Doorbell,1000,10,22086,soft_mean,0.9991237199999999,0.9559658291457285,0.0892,1.0,0.25476954249540706,1.9374878091880359
Danmini_Doorbell,1000,10,22086,soft_mean_scale,0.99895672,0.9475738693467337,0.0818,1.0,0.9604663764773121,0.2116394318082474
Danmini_Doorbell,1000,11,24131,shared_oas,0.99963832,0.9818251256281406,0.0918,1.0,0.125,2.0794415416798357
Danmini_Doorbell,1000,11,24131,local_center_peer_scale,0.99939608,0.9696522613065327,0.0954,1.0,0.125,2.0794415416798357
Danmini_Doorbell,1000,11,24131,soft_mean,0.99946148,0.9729386934673366,0.0944,1.0,0.2541549061954508,1.9377938276396178
Danmini_Doorbell,1000,11,24131,soft_mean_scale,0.9994821599999999,0.9739778894472362,0.088,1.0,0.9558479652608818,0.23180339375159792
Danmini_Doorbell,1000,12,17887,shared_oas,0.9994460000000001,0.9721608040201004,0.0934,1.0,0.125,2.0794415416798357
Danmini_Doorbell,1000,12,17887,local_center_peer_scale,0.9991357200000001,0.9565829145728644,0.0846,1.0,0.125,2.0794415416798357
Danmini_Doorbell,1000,12,17887,soft_mean,0.99914728,0.9571497487437186,0.0844,1.0,0.2533891526014971,1.9378369738929693
Danmini_Doorbell,1000,12,17887,soft_mean_scale,0.9991528399999999,0.9574291457286431,0.0888,1.0,0.9529866031155917,0.243827977652943
Danmini_Doorbell,1000,13,6029,shared_oas,0.99951588,0.9756723618090453,0.0838,1.0,0.125,2.0794415416798357
Danmini_Doorbell,1000,13,6029,local_center_peer_scale,0.99887956,0.9436964824120604,0.073,1.0,0.125,2.0794415416798357
Danmini_Doorbell,1000,13,6029,soft_mean,0.99910164,0.9548562814070352,0.0706,1.0,0.2547123706664731,1.9358053615302961
Danmini_Doorbell,1000,13,6029,soft_mean_scale,0.99924176,0.961897487437186,0.0796,1.0,0.9581618319684803,0.2213542629292587
Danmini_Doorbell,1000,14,8085,shared_oas,0.99964212,0.98201608040201,0.099,1.0,0.125,2.0794415416798357
Danmini_Doorbell,1000,14,8085,local_center_peer_scale,0.99951908,0.9758331658291457,0.0818,1.0,0.125,2.0794415416798357
Danmini_Doorbell,1000,14,8085,soft_mean,0.99952464,0.9761125628140703,0.0808,1.0,0.25413944269767563,1.9368177829308628
Danmini_Doorbell,1000,14,8085,soft_mean_scale,0.99934892,0.9672824120603015,0.0866,1.0,0.9583398376546551,0.2208033913454254
Danmini_Doorbell,1000,15,18792,shared_oas,0.9985456,0.9269145728643216,0.0,0.5864,0.125,2.0794415416798357
Danmini_Doorbell,1000,15,18792,local_center_peer_scale,0.9988683199999999,0.9431316582914573,0.0,0.4962,0.125,2.0794415416798357
Danmini_Doorbell,1000,15,18792,soft_mean,0.9987066400000001,0.9350070351758795,0.0,0.5404,0.25634668641727293,1.9543071096385827
Danmini_Doorbell,1000,15,18792,soft_mean_scale,0.99874328,0.9368482412060302,0.0,0.5884,0.800500785486943,0.7642647484554844
Danmini_Doorbell,1000,16,13407,shared_oas,0.99947756,0.9737467336683416,0.0,0.4612,0.125,2.0794415416798357
Danmini_Doorbell,1000,16,13407,local_center_peer_scale,0.99939592,0.9696442211055276,0.0,0.345,0.125,2.0794415416798357
Danmini_Doorbell,1000,16,13407,soft_mean,0.99927556,0.9635959798994975,0.0,0.3812,0.25312921552624945,1.966726066589878
Danmini_Doorbell,1000,16,13407,soft_mean_scale,0.9991512,0.9573467336683417,0.0,0.4014,0.7255606157190866,0.9891717677396704
Danmini_Doorbell,1000,17,4095,shared_oas,0.99938856,0.9692743718592964,0.1078,1.0,0.125,2.0794415416798357
Danmini_Doorbell,1000,17,4095,local_center_peer_scale,0.99944088,0.9719035175879397,0.0854,1.0,0.125,2.0794415416798357
Danmini_Doorbell,1000,17,4095,soft_mean,0.9994601200000001,0.972870351758794,0.0834,1.0,0.25427957246154415,1.9351171477384401
Danmini_Doorbell,1000,17,4095,soft_mean_scale,0.99936828,0.9682552763819094,0.0924,1.0,0.9556486127462522,0.2323782379992731
Danmini_Doorbell,1000,18,7259,shared_oas,0.99970676,0.9852643216080401,0.1082,1.0,0.125,2.0794415416798357
Danmini_Doorbell,1000,18,7259,local_center_peer_scale,0.99940572,0.9701366834170854,0.0974,1.0,0.125,2.0794415416798357
Danmini_Doorbell,1000,18,7259,soft_mean,0.99943424,0.9715698492462311,0.0972,1.0,0.2551080210031597,1.934237291087186
Danmini_Doorbell,1000,18,7259,soft_mean_scale,0.9993258,0.9661206030150754,0.0892,1.0,0.9581973167012576,0.22140811546488579
Danmini_Doorbell,1000,19,19094,shared_oas,0.99827504,0.9133185929648241,0.0022,0.806,0.125,2.0794415416798357
Danmini_Doorbell,1000,19,19094,local_center_peer_scale,0.99842228,0.9207175879396985,0.0028,0.795,0.125,2.0794415416798357
Danmini_Doorbell,1000,19,19094,soft_mean,0.99829256,0.9141989949748743,0.0028,0.8022,0.2592407514009,1.9513417862443947
Danmini_Doorbell,1000,19,19094,soft_mean_scale,0.99814932,0.9070010050251257,0.0058,0.8062,0.9469371396445545,0.27100877967905257
Danmini_Doorbell,1000,20,16045,shared_oas,0.99904164,0.9518412060301508,0.0904,1.0,0.125,2.0794415416798357
Danmini_Doorbell,1000,20,16045,local_center_peer_scale,0.99858008,0.9287236180904522,0.091,1.0,0.125,2.0794415416798357
Danmini_Doorbell,1000,20,16045,soft_mean,0.99863832,0.9316422110552764,0.0908,1.0,0.25366088962732,1.9399215084338413
Danmini_Doorbell,1000,20,16045,soft_mean_scale,0.99872492,0.9359256281407036,0.088,1.0,0.957484732008997,0.224970056839002
Danmini_Doorbell,1000,21,19109,shared_oas,0.99838392,0.9187899497487437,0.002,0.7954,0.125,2.0794415416798357
Danmini_Doorbell,1000,21,19109,local_center_peer_scale,0.9988212,0.9407638190954775,0.0028,0.7954,0.125,2.0794415416798357
Danmini_Doorbell,1000,21,19109,soft_mean,0.99865624,0.9324743718592965,0.0032,0.7954,0.25921220572353226,1.9516292063320002
Danmini_Doorbell,1000,21,19109,soft_mean_scale,0.99852052,0.9256542713567839,0.0048,0.7944,0.9466357915985693,0.2723179673372178
Danmini_Doorbell,1000,22,18717,shared_oas,0.9985066800000001,0.9249587939698491,0.0,0.5812,0.125,2.0794415416798357
Danmini_Doorbell,1000,22,18717,local_center_peer_scale,0.9987066,0.9350050251256281,0.0,0.496,0.125,2.0794415416798357
Danmini_Doorbell,1000,22,18717,soft_mean,0.99870592,0.9349708542713568,0.0,0.5408,0.2559333001745806,1.954234922616512
Danmini_Doorbell,1000,22,18717,soft_mean_scale,0.9986586399999999,0.9325949748743718,0.0,0.5958,0.7998180125932559,0.7650843771761096
Danmini_Doorbell,1000,23,28673,shared_oas,0.99805692,0.9027738693467338,0.1696,1.0,0.125,2.0794415416798357
Danmini_Doorbell,1000,23,28673,local_center_peer_scale,0.9976045600000001,0.8814291457286433,0.1892,1.0,0.125,2.0794415416798357
Danmini_Doorbell,1000,23,28673,soft_mean,0.99787796,0.8944180904522614,0.1846,1.0,0.25368923169501184,1.936189313944379
Danmini_Doorbell,1000,23,28673,soft_mean_scale,0.99895928,0.9477407035175879,0.1608,1.0,0.9592080093565563,0.21671914029670075
Danmini_Doorbell,1000,24,6962,shared_oas,0.99943116,0.9714150753768844,0.0858,1.0,0.125,2.0794415416798357
Danmini_Doorbell,1000,24,6962,local_center_peer_scale,0.99901036,0.950414070351759,0.0802,1.0,0.125,2.0794415416798357
Danmini_Doorbell,1000,24,6962,soft_mean,0.9990264799999999,0.9511115577889449,0.0782,1.0,0.2550515176848725,1.935934231522247
Danmini_Doorbell,1000,24,6962,soft_mean_scale,0.9989794000000001,0.948713567839196,0.0794,1.0,0.9567941318954619,0.22787558034092506
Danmini_Doorbell,1000,25,30234,shared_oas,0.9991048,0.9550150753768845,0.0,0.4692,0.125,2.0794415416798357
Danmini_Doorbell,1000,25,30234,local_center_peer_scale,0.99914524,0.9570472361809046,0.0,0.1892,0.125,2.0794415416798357
Danmini_Doorbell,1000,25,30234,soft_mean,0.99918568,0.9590793969849246,0.0,0.23,0.25305969167133086,1.9618198198774486
Danmini_Doorbell,1000,25,30234,soft_mean_scale,0.99914044,0.9568060301507537,0.0,0.4086,0.7155702905176115,1.0006799491968557
Danmini_Doorbell,1000,26,5859,shared_oas,0.9995365599999999,0.9767115577889447,0.1104,1.0,0.125,2.0794415416798357
Danmini_Doorbell,1000,26,5859,local_center_peer_scale,0.9993808,0.9688844221105526,0.0986,1.0,0.125,2.0794415416798357
Danmini_Doorbell,1000,26,5859,soft_mean,0.99938364,0.9690271356783919,0.0984,1.0,0.2546589314478335,1.934849318385262
Danmini_Doorbell,1000,26,5859,soft_mean_scale,0.99927188,0.9634110552763819,0.0934,1.0,0.9557339874497189,0.23269879841644525
Danmini_Doorbell,1000,27,2047,shared_oas,0.9992490799999999,0.9622653266331658,0.1126,1.0,0.125,2.0794415416798357
Danmini_Doorbell,1000,27,2047,local_center_peer_scale,0.9990364399999999,0.9515798994974873,0.103,1.0,0.125,2.0794415416798357
Danmini_Doorbell,1000,27,2047,soft_mean,0.9991011200000001,0.9548301507537689,0.106,1.0,0.25382646043883494,1.9374273564670963
Danmini_Doorbell,1000,27,2047,soft_mean_scale,0.9989124,0.9453467336683417,0.1082,1.0,0.9589032754251148,0.21816960732426105
Danmini_Doorbell,1000,28,6271,shared_oas,0.99914848,0.9572100502512563,0.0938,1.0,0.125,2.0794415416798357
Danmini_Doorbell,1000,28,6271,local_center_peer_scale,0.9988235599999999,0.9409226130653265,0.0978,1.0,0.125,2.0794415416798357
Danmini_Doorbell,1000,28,6271,soft_mean,0.9988699999999999,0.9432160804020101,0.0972,1.0,0.2541936531047452,1.9376784515059111
Danmini_Doorbell,1000,28,6271,soft_mean_scale,0.9991774,0.9586633165829145,0.0942,1.0,0.9560454280439704,0.23152613097745994
Danmini_Doorbell,1000,29,6575,shared_oas,0.99912352,0.9559557788944724,0.085,1.0,0.125,2.0794415416798357
Danmini_Doorbell,1000,29,6575,local_center_peer_scale,0.9990936399999999,0.9544542713567838,0.0818,1.0,0.125,2.0794415416798357
Danmini_Doorbell,1000,29,6575,soft_mean,0.9991784,0.958713567839196,0.0796,1.0,0.2543866672148754,1.9365690010668297
Danmini_Doorbell,1000,29,6575,soft_mean_scale,0.99932736,0.9661989949748744,0.0828,1.0,0.9562188175581535,0.23045055441771542
Ecobee_Thermostat,30,0,5755,shared_oas,0.9998329444063143,0.9916052465484595,0.05948295584534431,1.0,0.125,2.0794415416798357
Ecobee_Thermostat,30,0,5755,local_center_peer_scale,0.9998681766186228,0.9933757094785297,0.05101807366735301,1.0,0.125,2.0794415416798357
Ecobee_Thermostat,30,0,5755,soft_mean,0.999824571036376,0.9911844741897544,0.050560512468542665,1.0,0.3142523034427458,1.9371647536312029
Ecobee_Thermostat,30,0,5755,soft_mean_scale,0.9998244795241363,0.9911798755847414,0.05811027224891329,1.0,0.4062341904334322,1.7920143396013937
Ecobee_Thermostat,30,1,3731,shared_oas,0.9998565088080531,0.9927893873393505,0.011896591169068863,1.0,0.125,2.0794415416798357
Ecobee_Thermostat,30,1,3731,local_center_peer_scale,0.9998657057881492,0.9932515471431741,0.008693662777396477,1.0,0.125,2.0794415416798357
Ecobee_Thermostat,30,1,3731,soft_mean,0.9998658430565088,0.9932584450506938,0.010066346373827499,1.0,0.270072260380521,1.9827709342069468
Ecobee_Thermostat,30,1,3731,soft_mean_scale,0.999865751544269,0.9932538464456806,0.01029512697323267,1.0,0.3522974968625741,1.8547128724919966
Ecobee_Thermostat,30,2,4982,shared_oas,0.9997636238846946,0.9881218032509838,0.004346831388698238,1.0,0.125,2.0794415416798357
Ecobee_Thermostat,30,2,4982,local_center_peer_scale,0.9998605353466027,0.99299172595993,0.0038892701898878973,1.0,0.125,2.0794415416798357
Ecobee_Thermostat,30,2,4982,soft_mean,0.9998608098833219,0.9930055217749695,0.0029741477922672157,1.0,0.2649846908253898,1.9857674592877264
Ecobee_Thermostat,30,2,4982,soft_mean_scale,0.9998607183710821,0.9930009231699564,0.0013726835964310226,1.0,0.3603131382220563,1.8106275670176695
Ecobee_Thermostat,30,3,7619,shared_oas,0.9998315717227179,0.991536267473262,0.021505376344086023,1.0,0.125,2.0794415416798357
Ecobee_Thermostat,30,3,7619,local_center_peer_scale,0.99985769846717,0.9928491692045218,0.017387325554792953,1.0,0.125,2.0794415416798357
Ecobee_Thermostat,30,3,7619,soft_mean,0.9998577442232899,0.9928514685070284,0.018988789750629148,1.0,0.26500793937953926,1.9961603141167616
Ecobee_Thermostat,30,3,7619,soft_mean_scale,0.99985769846717,0.9928491692045218,0.017387325554792953,1.0,0.3405060885379426,1.8843438533038954
Ecobee_Thermostat,30,4,7515,shared_oas,0.9998353237245482,0.9917248102788019,0.06703271562571494,1.0,0.125,2.0794415416798357
Ecobee_Thermostat,30,4,7515,local_center_peer_scale,0.9998603065660032,0.9929802294473971,0.055364905056051246,1.0,0.125,2.0794415416798357
Ecobee_Thermostat,30,4,7515,soft_mean,0.9998604438343629,0.9929871273549169,0.05078929306794784,1.0,0.2619789751818014,1.9927684855889756
Ecobee_Thermostat,30,4,7515,soft_mean_scale,0.9998603523221231,0.9929825287499037,0.05078929306794784,1.0,0.37428698433923524,1.8307458916748347
Ecobee_Thermostat,30,5,6994,shared_oas,0.9998551361244565,0.992720408264153,0.0011439029970258523,1.0,0.125,2.0794415416798357
Ecobee_Thermostat,30,5,6994,local_center_peer_scale,0.9998650652024709,0.9932193569080819,0.0011439029970258523,1.0,0.125,2.0794415416798357
Ecobee_Thermostat,30,5,6994,soft_mean,0.9998650652024709,0.9932193569080819,0.0011439029970258523,1.0,0.2142765009491957,2.0376427000986226
Ecobee_Thermostat,30,5,6994,soft_mean_scale,0.999865019446351,0.9932170576055754,0.0006863417982155113,0.804,0.28277115057176294,1.952360627906403
Ecobee_Thermostat,30,6,4950,shared_oas,0.9997670555936856,0.9882942509389777,0.04461221688400824,1.0,0.125,2.0794415416798357
Ecobee_Thermostat,30,6,4950,local_center_peer_scale,0.999814230153283,0.9906648318232664,0.0340883093113704,1.0,0.125,2.0794415416798357
Ecobee_Thermostat,30,6,4950,soft_mean,0.9998143216655228,0.9906694304282795,0.037977579501258296,1.0,0.21466919007419694,2.0247279682517747
Ecobee_Thermostat,30,6,4950,soft_mean_scale,0.9998142759094029,0.9906671311257729,0.04392587508579272,1.0,0.2911490787002812,1.9051370245113115
Ecobee_Thermostat,30,7,3835,shared_oas,0.9998206817661863,0.9909890334766949,0.03385952871196522,1.0,0.125,2.0794415416798357
Ecobee_Thermostat,30,7,3835,local_center_peer_scale,0.999865751544269,0.9932538464456806,0.03088538091969801,1.0,0.125,2.0794415416798357
Ecobee_Thermostat,30,7,3835,soft_mean,0.9998660260809883,0.9932676422607203,0.023335621139327384,1.0,0.2367388143841172,2.0145987670465457
Ecobee_Thermostat,30,7,3835,soft_mean_scale,0.9998657057881492,0.9932515471431741,0.02104781514527568,1.0,0.3406314797633742,1.872583979563243
Ecobee_Thermostat,30,8,1848,shared_oas,0.999834225577671,0.9916696270186439,0.10775566231983527,1.0,0.125,2.0794415416798357
Ecobee_Thermostat,30,8,1848,local_center_peer_scale,0.9998610844200412,0.993019317590009,0.07366735300846489,1.0,0.125,2.0794415416798357
Ecobee_Thermostat,30,8,1848,soft_mean,0.999861175932281,0.9930239161950223,0.08785175017158545,1.0,0.19785286481414402,2.0258393847916727
Ecobee_Thermostat,30,8,1848,soft_mean_scale,0.9998611759322809,0.9930239161950223,0.111416151910318,1.0,0.295948005678951,1.8839468440533893
Ecobee_Thermostat,30,9,8149,shared_oas,0.9997940059482957,0.989648540115356,0.0363761153054221,1.0,0.125,2.0794415416798357
Ecobee_Thermostat,30,9,8149,local_center_peer_scale,0.9998185769846717,0.990883265561392,0.026767330130404943,1.0,0.125,2.0794415416798357
Ecobee_Thermostat,30,9,8149,soft_mean,0.9998187142530314,0.9908901634689118,0.0263097689315946,1.0,0.3005002223086764,1.9530457727420714
Ecobee_Thermostat,30,9,8149,soft_mean_scale,0.9998185312285518,0.9908809662588853,0.027911233127430792,1.0,0.4020806087493015,1.7831838487782625
Ecobee_Thermostat,30,10,4096,shared_oas,0.9998480439258751,0.9923640163756324,0.04140928849233585,1.0,0.125,2.0794415416798357
Ecobee_Thermostat,30,10,4096,local_center_peer_scale,0.9998571951498513,0.9928238768769493,0.03111416151910318,1.0,0.125,2.0794415416798357
Ecobee_Thermostat,30,10,4096,soft_mean,0.9998572409059712,0.9928261761794559,0.03271562571493937,1.0,0.2910317301914399,1.9609012037540614
Ecobee_Thermostat,30,10,4096,soft_mean_scale,0.9998571951498513,0.9928238768769493,0.0324868451155342,1.0,0.3960121876531609,1.8008629590945828
Ecobee_Thermostat,30,11,2513,shared_oas,0.9998291008922443,0.9914121051379063,0.3461450469000229,1.0,0.125,2.0794415416798357
Ecobee_Thermostat,30,11,2513,local_center_peer_scale,0.9998628689087166,0.9931089903877658,0.33539235872797984,1.0,0.125,2.0794415416798357
Ecobee_Thermostat,30,11,2513,soft_mean,0.9998628689087166,0.9931089903877658,0.34111187371310914,1.0,0.264709039952953,1.990661241556562
Ecobee_Thermostat,30,11,2513,soft_mean_scale,0.9998628689087166,0.9931089903877658,0.34934797529169526,1.0,0.3700159794860622,1.8409363135112318
Ecobee_Thermostat,30,12,6800,shared_oas,0.9984161061541982,0.9211457884250812,0.1594600777854038,1.0,0.125,2.0794415416798357
Ecobee_Thermostat,30,12,6800,local_center_peer_scale,0.998176527110501,0.9083780605153426,0.15465568519789522,1.0,0.125,2.0794415416798357
Ecobee_Thermostat,30,12,6800,soft_mean,0.9938905513612446,0.8997684372445618,0.15831617478837795,1.0,0.24261996473524047,2.000997434952299
Ecobee_Thermostat,30,12,6800,soft_mean_scale,0.9906955845344314,0.8996594043196997,0.14802104781514527,1.0,0.3488939786980386,1.8184313391647833
Ecobee_Thermostat,30,13,3874,shared_oas,0.9998529855868222,0.9926123410463435,0.014184397163120567,1.0,0.125,2.0794415416798357
Ecobee_Thermostat,30,13,3874,local_center_peer_scale,0.9998673987645849,0.9933366213359177,0.008007320979180966,1.0,0.125,2.0794415416798357
Ecobee_Thermostat,30,13,3874,soft_mean,0.9998676275451842,0.9933481178484507,0.010066346373827499,1.0,0.254949885633025,1.9955155425343012
Ecobee_Thermostat,30,13,3874,soft_mean_scale,0.9998674445207048,0.9933389206384243,0.011210249370853352,1.0,0.3349907944332715,1.8788578606999828
Ecobee_Thermostat,30,14,5750,shared_oas,0.9998423244108899,0.9920766035623094,0.014641958361930909,1.0,0.125,2.0794415416798357
Ecobee_Thermostat,30,14,5750,local_center_peer_scale,0.9998635552505148,0.9931434799253647,0.0066346373827499425,1.0,0.125,2.0794415416798357
Ecobee_Thermostat,30,14,5750,soft_mean,0.9998636925188745,0.9931503778328844,0.0061770761839396015,1.0,0.2956389074301316,1.9614287318339145
Ecobee_Thermostat,30,14,5750,soft_mean_scale,0.9998635552505148,0.9931434799253647,0.005948295584534431,1.0,0.38346170797888995,1.8250564050633336
Ecobee_Thermostat,30,15,4003,shared_oas,0.9998475863646763,0.9923410233505666,0.00549073438572409,1.0,0.125,2.0794415416798357
Ecobee_Thermostat,30,15,4003,local_center_peer_scale,0.9998205902539465,0.9909844348716816,0.004575611988103409,1.0,0.125,2.0794415416798357
Ecobee_Thermostat,30,15,4003,soft_mean,0.9998206817661862,0.9909890334766949,0.004346831388698238,1.0,0.25672496523753374,2.0009956522977985
Ecobee_Thermostat,30,15,4003,soft_mean_scale,0.9998205902539464,0.9909844348716816,0.004346831388698238,1.0,0.34003449145454023,1.8837465822589783
Ecobee_Thermostat,30,16,7890,shared_oas,0.9998551361244566,0.992720408264153,0.005033173186913749,1.0,0.125,2.0794415416798357
Ecobee_Thermostat,30,16,7890,local_center_peer_scale,0.9998231983527798,0.991115495114557,0.004118050789293068,1.0,0.125,2.0794415416798357
Ecobee_Thermostat,30,16,7890,soft_mean,0.9998232441088996,0.9911177944170635,0.0036604895904827272,1.0,0.30886643799603375,1.943581375042468
Ecobee_Thermostat,30,16,7890,soft_mean_scale,0.9998232441088996,0.9911177944170635,0.0029741477922672157,1.0,0.4003341627014211,1.7915389798666275
Ecobee_Thermostat,30,17,172,shared_oas,0.9998565088080531,0.9927893873393505,0.026996110729810112,1.0,0.125,2.0794415416798357
Ecobee_Thermostat,30,17,172,local_center_peer_scale,0.9998585220773278,0.9928905566496404,0.0263097689315946,1.0,0.125,2.0794415416798357
Ecobee_Thermostat,30,17,172,soft_mean,0.9998586135895676,0.9928951552546534,0.022878059940517045,1.0,0.2934169760554523,1.9465537064626635
Ecobee_Thermostat,30,17,172,soft_mean_scale,0.9998585220773278,0.9928905566496404,0.02081903454587051,1.0,0.36278601315174563,1.830205342477075
Ecobee_Thermostat,30,18,2511,shared_oas,0.9998327613818349,0.9915960493384331,0.3582704186684969,1.0,0.125,2.0794415416798357
Ecobee_Thermostat,30,18,2511,local_center_peer_scale,0.9998666209105468,0.9932975331933058,0.34339967970716084,1.0,0.125,2.0794415416798357
Ecobee_Thermostat,30,18,2511,soft_mean,0.9998667581789065,0.9933044311008257,0.3491191946922901,1.0,0.26389969098909,1.9915012407147714
Ecobee_Thermostat,30,18,2511,soft_mean_scale,0.9998666666666667,0.9932998324958124,0.3562113932738504,1.0,0.3692658665264134,1.841655675946215
Ecobee_Thermostat,30,19,5532,shared_oas,0.9998476321207962,0.9923433226530731,0.05307709906199954,1.0,0.125,2.0794415416798357
Ecobee_Thermostat,30,19,5532,local_center_peer_scale,0.999867307252345,0.9933320227309046,0.048501487073896135,1.0,0.125,2.0794415416798357
Ecobee_Thermostat,30,19,5532,soft_mean,0.9998672614962252,0.993329723428398,0.05833905284831846,1.0,0.2513474172971908,1.9957255577132003
Ecobee_Thermostat,30,19,5532,soft_mean_scale,0.9998672157401052,0.9933274241258914,0.0750400366048959,1.0,0.37075481787897363,1.8277177733965593
Ecobee_Thermostat,30,20,2837,shared_oas,0.9998371997254633,0.991819081681572,0.0011439029970258523,0.9988,0.125,2.0794415416798357
Ecobee_Thermostat,30,20,2837,local_center_peer_scale,0.9998643788606727,0.9931848673704832,0.0011439029970258523,1.0,0.125,2.0794415416798357
Ecobee_Thermostat,30,20,2837,soft_mean,0.9998643788606727,0.9931848673704832,0.0004575611988103409,0.8028,0.2333315597978684,2.0152882105172925
Ecobee_Thermostat,30,20,2837,soft_mean_scale,0.9998643788606727,0.9931848673704832,0.00022878059940517045,0.8022,0.3296732424878172,1.87998682858866
Ecobee_Thermostat,30,21,6936,shared_oas,0.9998387096774194,0.9918949586642891,0.0036604895904827272,1.0,0.125,2.0794415416798357
Ecobee_Thermostat,30,21,6936,local_center_peer_scale,0.9998555479295356,0.9927411019867123,0.003202928391672386,1.0,0.125,2.0794415416798357
Ecobee_Thermostat,30,21,6936,soft_mean,0.9998556394417754,0.9927457005917255,0.002745367192862045,1.0,0.22903684727410212,2.0218147661526396
Ecobee_Thermostat,30,21,6936,soft_mean_scale,0.9998555021734157,0.9927388026842057,0.0011439029970258523,1.0,0.31932177924809035,1.9008557999018831
Ecobee_Thermostat,30,22,6935,shared_oas,0.9998463967055594,0.9922812414853954,0.004118050789293068,1.0,0.125,2.0794415416798357
Ecobee_Thermostat,30,22,6935,local_center_peer_scale,0.9998634179821552,0.9931365820178448,0.0036604895904827272,1.0,0.125,2.0794415416798357
Ecobee_Thermostat,30,22,6935,soft_mean,0.9998635094943948,0.993141180622858,0.002745367192862045,1.0,0.2110672533101449,2.0320496374615393
Ecobee_Thermostat,30,22,6935,soft_mean_scale,0.999863463738275,0.9931388813203514,0.001601464195836193,1.0,0.29942786274318856,1.9187566760166153
Ecobee_Thermostat,30,23,6165,shared_oas,0.9998372454815831,0.9918213809840783,0.2516586593456875,1.0,0.125,2.0794415416798357
Ecobee_Thermostat,30,23,6165,local_center_peer_scale,0.9998224204987418,0.991076406971945,0.2502859757492565,1.0,0.125,2.0794415416798357
Ecobee_Thermostat,30,23,6165,soft_mean,0.9998224204987417,0.9910764069719451,0.2260352322123084,1.0,0.2386949325837187,2.0060804878142338
Ecobee_Thermostat,30,23,6165,soft_mean_scale,0.9998224204987417,0.9910764069719451,0.2129947380462137,1.0,0.34050144240195607,1.8622061498634674
Ecobee_Thermostat,30,24,385,shared_oas,0.9997962479981699,0.9897612059381786,0.11553420269961108,1.0,0.125,2.0794415416798357
Ecobee_Thermostat,30,24,385,local_center_peer_scale,0.9998156028368794,0.9907338108984639,0.09654541294898193,1.0,0.125,2.0794415416798357
Ecobee_Thermostat,30,24,385,soft_mean,0.9998157401052391,0.9907407088059836,0.08968199496682681,1.0,0.25034946906187866,1.9954384828487712
Ecobee_Thermostat,30,24,385,soft_mean_scale,0.9998156028368794,0.9907338108984639,0.0928849233584992,1.0,0.3529205071997396,1.8454793688538897
Ecobee_Thermostat,30,25,3055,shared_oas,0.9998575154426904,0.9928399719944955,0.10775566231983527,1.0,0.125,2.0794415416798357
Ecobee_Thermostat,30,25,3055,local_center_peer_scale,0.9998681308625028,0.9933734101760231,0.08098833218943034,1.0,0.125,2.0794415416798357
Ecobee_Thermostat,30,25,3055,soft_mean,0.9998243880118967,0.9911752769797282,0.08258979638526653,1.0,0.272158266092674,1.984368465708203
Ecobee_Thermostat,30,25,3055,soft_mean_scale,0.9998243422557768,0.9911729776772216,0.0867078471745596,1.0,0.38156434343810874,1.8136719839359543
Ecobee_Thermostat,30,26,1211,shared_oas,0.9998520247083048,0.9925640556937052,0.0011439029970258523,0.9992,0.125,2.0794415416798357
Ecobee_Thermostat,30,26,1211,local_center_peer_scale,0.9998634179821552,0.9931365820178448,0.0011439029970258523,0.9998,0.125,2.0794415416798357
Ecobee_Thermostat,30,26,1211,soft_mean,0.9998635552505148,0.9931434799253647,0.0004575611988103409,0.8014,0.2427157347492731,2.0091385379878486
Ecobee_Thermostat,30,26,1211,soft_mean_scale,0.9998182109357127,0.9908648711413393,0.00022878059940517045,0.8012,0.34349329638325343,1.8690437255127939
Ecobee_Thermostat,30,27,6350,shared_oas,0.9997928620452986,0.9895910575526914,0.08876687256920614,1.0,0.125,2.0794415416798357
Ecobee_Thermostat,30,27,6350,local_center_peer_scale,0.9998107069320522,0.9904877855302594,0.0867078471745596,1.0,0.125,2.0794415416798357
Ecobee_Thermostat,30,27,6350,soft_mean,0.999810798444292,0.9904923841352725,0.07298101121024937,1.0,0.27026568057947703,1.9844187083307478
Ecobee_Thermostat,30,27,6350,soft_mean_scale,0.999810752688172,0.990490084832766,0.07572637840311142,1.0,0.3705866797830249,1.8376885380803711
Ecobee_Thermostat,30,28,3052,shared_oas,0.9998531228551819,0.9926192389538633,0.10821322351864562,1.0,0.125,2.0794415416798357
Ecobee_Thermostat,30,28,3052,local_center_peer_scale,0.9998197666437887,0.9909430474265631,0.07160832761381834,1.0,0.125,2.0794415416798357
Ecobee_Thermostat,30,28,3052,soft_mean,0.9998197666437887,0.9909430474265631,0.06703271562571494,1.0,0.25003473523046277,2.00325281955457
Ecobee_Thermostat,30,28,3052,soft_mean_scale,0.9998198123999085,0.9909453467290696,0.0688629604209563,1.0,0.36067241069630274,1.835160903617492
Ecobee_Thermostat,30,29,384,shared_oas,0.9997974834134066,0.9898232871058563,0.12102493708533517,1.0,0.125,2.0794415416798357
Ecobee_Thermostat,30,29,384,local_center_peer_scale,0.999816151910318,0.990761402528543,0.1029512697323267,1.0,0.125,2.0794415416798357
Ecobee_Thermostat,30,29,384,soft_mean,0.9998163806909174,0.9907728990410758,0.09402882635552505,1.0,0.2655058392571927,1.9803171467756004
Ecobee_Thermostat,30,29,384,soft_mean_scale,0.9998162891786776,0.9907683004360627,0.09608785175017158,1.0,0.3694639029754792,1.8234140028605856
Ecobee_Thermostat,100,0,8129,shared_oas,0.9998618622740791,0.993058405732621,0.06840539922214596,1.0,0.125,2.0794415416798357
Ecobee_Thermostat,100,0,8129,local_center_peer_scale,0.9998662548615878,0.9932791387732531,0.0642873484328529,1.0,0.125,2.0794415416798357
Ecobee_Thermostat,100,0,8129,soft_mean,0.9998662091054679,0.9932768394707465,0.05925417524593914,1.0,0.2775295964705127,1.9740244689626758
Ecobee_Thermostat,100,0,8129,soft_mean_scale,0.9998662091054679,0.9932768394707465,0.05673758865248227,1.0,0.3824938609968918,1.7985414924510317
Ecobee_Thermostat,100,1,7591,shared_oas,0.9998524822695035,0.9925870487187711,0.0789293067947838,1.0,0.125,2.0794415416798357
Ecobee_Thermostat,100,1,7591,local_center_peer_scale,0.9998567833447723,0.9928031831543902,0.07458247540608556,1.0,0.125,2.0794415416798357
Ecobee_Thermostat,100,1,7591,soft_mean,0.9998567833447723,0.9928031831543902,0.07137954701441318,1.0,0.30655758213073564,1.948542859655629
Ecobee_Thermostat,100,1,7591,soft_mean_scale,0.9998567375886526,0.9928008838518835,0.06954930221917181,1.0,0.41321306095000726,1.7710332737983647
Ecobee_Thermostat,100,2,1597,shared_oas,0.9998172500571951,0.990816585788701,0.07687028140013727,1.0,0.125,2.0794415416798357
Ecobee_Thermostat,100,2,1597,local_center_peer_scale,0.999821139327385,0.9910120265017606,0.08144589338824068,1.0,0.125,2.0794415416798357
Ecobee_Thermostat,100,2,1597,soft_mean,0.999821139327385,0.9910120265017606,0.08968199496682681,1.0,0.27417802883296877,1.9769759914698721
Ecobee_Thermostat,100,2,1597,soft_mean_scale,0.999821139327385,0.9910120265017606,0.10226492793411118,1.0,0.38349506998811644,1.802862290576709
Ecobee_Thermostat,100,3,4537,shared_oas,0.9998571036376116,0.9928192782719362,0.09585907115076642,1.0,0.125,2.0794415416798357
Ecobee_Thermostat,100,3,4537,local_center_peer_scale,0.9998612674445208,0.9930285148000354,0.0812171127888355,1.0,0.125,2.0794415416798357
Ecobee_Thermostat,100,3,4537,soft_mean,0.9998614504690002,0.9930377120100617,0.07984442919240449,1.0,0.3100886376055256,1.9426434108793724
Ecobee_Thermostat,100,3,4537,soft_mean_scale,0.9998613132006406,0.993030814102542,0.08258979638526653,1.0,0.4104004235620213,1.7668108816306098
Ecobee_Thermostat,100,4,995,shared_oas,0.9998593456874857,0.9929319440947588,0.03957904369709449,1.0,0.125,2.0794415416798357
Ecobee_Thermostat,100,4,995,local_center_peer_scale,0.9998608556394418,0.9930078210774762,0.035232212308396245,1.0,0.125,2.0794415416798357
Ecobee_Thermostat,100,4,995,soft_mean,0.9998608556394418,0.9930078210774762,0.028140013726835965,1.0,0.2925931922018753,1.9584971279733414
Ecobee_Thermostat,100,4,995,soft_mean_scale,0.9998608556394418,0.9930078210774762,0.026767330130404943,1.0,0.39161091902883244,1.7969632826503061
Ecobee_Thermostat,100,5,278,shared_oas,0.9998581560283688,0.9928721622295875,0.08533516357812858,1.0,0.125,2.0794415416798357
Ecobee_Thermostat,100,5,278,local_center_peer_scale,0.9998603065660032,0.9929802294473971,0.06840539922214596,1.0,0.125,2.0794415416798357
Ecobee_Thermostat,100,5,278,soft_mean,0.9998603523221231,0.9929825287499037,0.06588881262868909,1.0,0.30525302034958846,1.9422631783236861
Ecobee_Thermostat,100,5,278,soft_mean_scale,0.999860398078243,0.9929848280524103,0.06474490963166324,1.0,0.4145410011000531,1.749307649777268
Ecobee_Thermostat,100,6,2813,shared_oas,0.9998524365133837,0.9925847494162645,0.05216197666437886,1.0,0.125,2.0794415416798357
Ecobee_Thermostat,100,6,2813,local_center_peer_scale,0.9998562342713339,0.992775591524311,0.04918782887211164,1.0,0.125,2.0794415416798357
Ecobee_Thermostat,100,6,2813,soft_mean,0.9998562342713339,0.992775591524311,0.05216197666437886,1.0,0.2813833695057059,1.9689894399766679
Ecobee_Thermostat,100,6,2813,soft_mean_scale,0.9998562342713339,0.992775591524311,0.06199954243880119,1.0,0.38502994230188725,1.7976082979173595
Ecobee_Thermostat,100,7,199,shared_oas,0.9998603523221231,0.9929825287499037,0.10729810112102493,1.0,0.125,2.0794415416798357
Ecobee_Thermostat,100,7,199,local_center_peer_scale,0.9998616792495997,0.9930492085225946,0.11484786090139557,1.0,0.125,2.0794415416798357
Ecobee_Thermostat,100,7,199,soft_mean,0.9998616792495997,0.9930492085225946,0.11187371310912834,1.0,0.3293290673850615,1.9093346635360149
Ecobee_Thermostat,100,7,199,soft_mean_scale,0.9998616792495997,0.9930492085225946,0.10615419812399908,1.0,0.4520800914147551,1.6872744903637402
Ecobee_Thermostat,100,8,6661,shared_oas,0.9998602150537634,0.9929756308423839,0.04392587508579272,1.0,0.125,2.0794415416798357
Ecobee_Thermostat,100,8,6661,local_center_peer_scale,0.9998610844200412,0.993019317590009,0.03957904369709449,1.0,0.125,2.0794415416798357
Ecobee_Thermostat,100,8,6661,soft_mean,0.9998611301761611,0.9930216168925157,0.04278197208876687,1.0,0.30651350873339894,1.9341428553698163
Ecobee_Thermostat,100,8,6661,soft_mean_scale,0.999861175932281,0.9930239161950222,0.046900022878059944,1.0,0.42808414330774447,1.712853150855621
Ecobee_Thermostat,100,9,5883,shared_oas,0.9998628689087166,0.9931089903877659,0.06474490963166324,1.0,0.125,2.0794415416798357
Ecobee_Thermostat,100,9,5883,local_center_peer_scale,0.9998654770075498,0.9932400506306411,0.06634637382749943,1.0,0.125,2.0794415416798357
Ecobee_Thermostat,100,9,5883,soft_mean,0.9998655227636697,0.9932423499331478,0.0681766186227408,1.0,0.33563392068659215,1.9144585409340404
Ecobee_Thermostat,100,9,5883,soft_mean_scale,0.9998655227636697,0.9932423499331478,0.07778540379775795,1.0,0.4300107670823894,1.7453386550157954
Ecobee_Thermostat,100,10,6655,shared_oas,0.9998643788606726,0.9931848673704832,0.04598490048043926,1.0,0.125,2.0794415416798357
Ecobee_Thermostat,100,10,6655,local_center_peer_scale,0.9998655685197896,0.9932446492356544,0.041866849691146193,1.0,0.125,2.0794415416798357
Ecobee_Thermostat,100,10,6655,soft_mean,0.9998655685197896,0.9932446492356544,0.045069778082818576,1.0,0.31178088874316706,1.927182933265869
Ecobee_Thermostat,100,10,6655,soft_mean_scale,0.9998656142759095,0.993246948538161,0.043468313886982385,1.0,0.4309081121929263,1.706909801620176
Ecobee_Thermostat,100,11,8641,shared_oas,0.9998640128117136,0.9931664729504305,0.2331274307938687,1.0,0.125,2.0794415416798357
Ecobee_Thermostat,100,11,8641,local_center_peer_scale,0.9998660260809883,0.9932676422607203,0.23106840539922216,1.0,0.125,2.0794415416798357
Ecobee_Thermostat,100,11,8641,soft_mean,0.9998660260809883,0.9932676422607203,0.2136810798444292,1.0,0.25502803412056496,1.9986843054305
Ecobee_Thermostat,100,11,8641,soft_mean_scale,0.9998660260809884,0.9932676422607203,0.22031571722717913,1.0,0.3479122100525415,1.8619694063691856
Ecobee_Thermostat,100,12,1586,shared_oas,0.9998607183710821,0.9930009231699564,0.048501487073896135,1.0,0.125,2.0794415416798357
Ecobee_Thermostat,100,12,1586,local_center_peer_scale,0.9998653397391901,0.9932331527231215,0.043697094486387554,1.0,0.125,2.0794415416798357
Ecobee_Thermostat,100,12,1586,soft_mean,0.9998653397391901,0.9932331527231215,0.04804392587508579,1.0,0.28186799047217376,1.9699630806297803
Ecobee_Thermostat,100,12,1586,soft_mean_scale,0.9998653397391901,0.9932331527231215,0.05422100205902539,1.0,0.39252910813163017,1.7938346234354918
Ecobee_Thermostat,100,13,8068,shared_oas,0.9999061999542439,0.9952864298615014,0.07641272020132693,1.0,0.125,2.0794415416798357
Ecobee_Thermostat,100,13,8068,local_center_peer_scale,0.9999086707847175,0.9954105921968571,0.07618393960192175,1.0,0.125,2.0794415416798357
Ecobee_Thermostat,100,13,8068,soft_mean,0.9999086707847175,0.9954105921968571,0.08945321436742164,1.0,0.3096232681202912,1.940454479790977
Ecobee_Thermostat,100,13,8068,soft_mean_scale,0.9999086707847175,0.9954105921968571,0.10478151452756806,1.0,0.42751816028316614,1.7364512067348363
Ecobee_Thermostat,100,14,1115,shared_oas,0.9998160603980782,0.9907568039235297,0.010066346373827499,1.0,0.125,2.0794415416798357
Ecobee_Thermostat,100,14,1115,local_center_peer_scale,0.9998628231525967,0.9931066910852593,0.0075497597803706245,1.0,0.125,2.0794415416798357
Ecobee_Thermostat,100,14,1115,soft_mean,0.9998171585449553,0.9908119871836878,0.0068634179821551134,1.0,0.32627350935894484,1.9186510450451875
Ecobee_Thermostat,100,14,1115,soft_mean_scale,0.9998171585449553,0.9908119871836878,0.0068634179821551134,1.0,0.416877437887199,1.7599961423898784
Ecobee_Thermostat,100,15,7696,shared_oas,0.9998556394417755,0.9927457005917255,0.05971173644474949,1.0,0.125,2.0794415416798357
Ecobee_Thermostat,100,15,7696,local_center_peer_scale,0.9998570578814917,0.9928169789694297,0.05948295584534431,1.0,0.125,2.0794415416798357
Ecobee_Thermostat,100,15,7696,soft_mean,0.9998570578814917,0.9928169789694297,0.0565088080530771,1.0,0.2903181268132109,1.9614178626688887
Ecobee_Thermostat,100,15,7696,soft_mean_scale,0.9998570578814917,0.9928169789694297,0.06314344543582705,1.0,0.38850367601931407,1.7996096475477303
Ecobee_Thermostat,100,16,6597,shared_oas,0.9998167467398765,0.9907912934611285,0.06794783802333562,1.0,0.125,2.0794415416798357
Ecobee_Thermostat,100,16,6597,local_center_peer_scale,0.9998632349576756,0.9931273848078185,0.08739418897277511,1.0,0.125,2.0794415416798357
Ecobee_Thermostat,100,16,6597,soft_mean,0.9998633264699154,0.9931319834128318,0.071150766415008,1.0,0.3185513751424959,1.9166524216078424
Ecobee_Thermostat,100,16,6597,soft_mean_scale,0.9998633722260353,0.9931342827153383,0.06771905742393045,1.0,0.43077291464871703,1.708485628419759
Ecobee_Thermostat,100,17,4558,shared_oas,0.9998538091969801,0.992653728491462,0.13109128345916266,1.0,0.125,2.0794415416798357
Ecobee_Thermostat,100,17,4558,local_center_peer_scale,0.9998585678334477,0.9928928559521469,0.12056737588652482,1.0,0.125,2.0794415416798357
Ecobee_Thermostat,100,17,4558,soft_mean,0.9998585678334477,0.9928928559521469,0.11347517730496454,1.0,0.2967603631470716,1.9573140456685465
Ecobee_Thermostat,100,17,4558,soft_mean_scale,0.9998585678334477,0.9928928559521469,0.10386639212994737,1.0,0.396510053397892,1.78779557382147
Ecobee_Thermostat,100,18,747,shared_oas,0.9998594829558454,0.9929388420022786,0.07915808739418898,1.0,0.125,2.0794415416798357
Ecobee_Thermostat,100,18,747,local_center_peer_scale,0.9998170212765957,0.9908050892761681,0.07915808739418898,1.0,0.125,2.0794415416798357
Ecobee_Thermostat,100,18,747,soft_mean,0.9998170212765958,0.9908050892761681,0.07687028140013727,1.0,0.31313554975407176,1.9429599242159643
Ecobee_Thermostat,100,18,747,soft_mean_scale,0.9998169755204758,0.9908027899736616,0.08716540837336993,1.0,0.41645591321820163,1.7653425902211493
Ecobee_Thermostat,100,19,3291,shared_oas,0.9998673987645847,0.9933366213359177,0.12331274307938687,1.0,0.125,2.0794415416798357
Ecobee_Thermostat,100,19,3291,local_center_peer_scale,0.999870006863418,0.9934676815787931,0.11942347288949898,1.0,0.125,2.0794415416798357
Ecobee_Thermostat,100,19,3291,soft_mean,0.999870006863418,0.9934676815787931,0.11233127430793868,1.0,0.2727134267713173,1.974807730128472
Ecobee_Thermostat,100,19,3291,soft_mean_scale,0.999870006863418,0.9934676815787931,0.11004346831388698,1.0,0.3776461833108744,1.8044400537731748
Ecobee_Thermostat,100,20,1672,shared_oas,0.9998258522077328,0.9912488546599388,0.0720658888126287,1.0,0.125,2.0794415416798357
Ecobee_Thermostat,100,20,1672,local_center_peer_scale,0.9998281857698467,0.9913661190877747,0.07526881720430108,1.0,0.125,2.0794415416798357
Ecobee_Thermostat,100,20,1672,soft_mean,0.9998281857698467,0.9913661190877747,0.0789293067947838,1.0,0.31680612335920033,1.9338982481006657
Ecobee_Thermostat,100,20,1672,soft_mean_scale,0.9998281857698467,0.9913661190877747,0.08922443376801648,1.0,0.3960681039070463,1.788268807404104
Ecobee_Thermostat,100,21,5307,shared_oas,0.9998576069549303,0.9928445705995086,0.16929764355982613,1.0,0.125,2.0794415416798357
Ecobee_Thermostat,100,21,5307,local_center_peer_scale,0.9998618622740791,0.993058405732621,0.16861130176161063,1.0,0.125,2.0794415416798357
Ecobee_Thermostat,100,21,5307,soft_mean,0.9998618622740791,0.993058405732621,0.19446350949439486,1.0,0.29574806789063185,1.9554746868847572
Ecobee_Thermostat,100,21,5307,soft_mean_scale,0.9998618622740791,0.993058405732621,0.21185083504918784,1.0,0.38940461243891944,1.7905225635093052
Ecobee_Thermostat,100,22,5985,shared_oas,0.999861175932281,0.9930239161950222,0.0642873484328529,1.0,0.125,2.0794415416798357
Ecobee_Thermostat,100,22,5985,local_center_peer_scale,0.9998627316403569,0.9931020924802461,0.06657515442690459,1.0,0.125,2.0794415416798357
Ecobee_Thermostat,100,22,5985,soft_mean,0.9998627316403569,0.9931020924802461,0.07458247540608556,1.0,0.34914683930459733,1.8988277626147094
Ecobee_Thermostat,100,22,5985,soft_mean_scale,0.9998627773964768,0.9931043917827527,0.07709906199954245,1.0,0.4367918663957115,1.7369825361848552
Ecobee_Thermostat,100,23,1379,shared_oas,0.9998140013726836,0.9906533353107334,0.04964539007092199,1.0,0.125,2.0794415416798357
Ecobee_Thermostat,100,23,1379,local_center_peer_scale,0.9998161061541981,0.9907591032260363,0.04918782887211164,1.0,0.125,2.0794415416798357
Ecobee_Thermostat,100,23,1379,soft_mean,0.999816151910318,0.990761402528543,0.0464424616792496,1.0,0.2726004898506248,1.9802159552879708
Ecobee_Thermostat,100,23,1379,soft_mean_scale,0.999816151910318,0.990761402528543,0.04438343628460307,1.0,0.37864624296282273,1.8110772070494026
Ecobee_Thermostat,100,24,122,shared_oas,0.9999133836650652,0.9956474203550353,0.05788149164950812,1.0,0.125,2.0794415416798357
Ecobee_Thermostat,100,24,122,local_center_peer_scale,0.9999140242507435,0.9956796105901276,0.053763440860215055,1.0,0.125,2.0794415416798357
Ecobee_Thermostat,100,24,122,soft_mean,0.9999140700068634,0.995681909892634,0.048959048272706474,1.0,0.32381405997307044,1.908715197776807
Ecobee_Thermostat,100,24,122,soft_mean_scale,0.9999141157629833,0.9956842091951407,0.04781514527568062,1.0,0.43532273461241955,1.700973806829571
Ecobee_Thermostat,100,25,69,shared_oas,0.999904964539007,0.9952243486938237,0.003202928391672386,1.0,0.125,2.0794415416798357
Ecobee_Thermostat,100,25,69,local_center_peer_scale,0.9999057881491649,0.9952657361389422,0.004575611988103409,1.0,0.125,2.0794415416798357
Ecobee_Thermostat,100,25,69,soft_mean,0.9999057881491649,0.9952657361389422,0.005033173186913749,1.0,0.3671590604130388,1.8431760303200853
Ecobee_Thermostat,100,25,69,soft_mean_scale,0.999905788149165,0.9952657361389422,0.004804392587508579,1.0,0.44596020666227126,1.6784740911754523
Ecobee_Thermostat,100,26,3418,shared_oas,0.9998636467627546,0.9931480785303778,0.0750400366048959,1.0,0.125,2.0794415416798357
Ecobee_Thermostat,100,26,3418,local_center_peer_scale,0.9998656600320294,0.9932492478406676,0.07343857240905971,1.0,0.125,2.0794415416798357
Ecobee_Thermostat,100,26,3418,soft_mean,0.9998656600320294,0.9932492478406676,0.07412491420727522,1.0,0.30232543731821654,1.950540541878205
Ecobee_Thermostat,100,26,3418,soft_mean_scale,0.9998656600320294,0.9932492478406676,0.0828185769846717,1.0,0.41017175399694805,1.7730411081644988
Ecobee_Thermostat,100,27,4538,shared_oas,0.9998579730038892,0.9928629650195613,0.09540150995195608,1.0,0.125,2.0794415416798357
Ecobee_Thermostat,100,27,4538,local_center_peer_scale,0.9998614504690002,0.9930377120100617,0.08098833218943034,1.0,0.125,2.0794415416798357
Ecobee_Thermostat,100,27,4538,soft_mean,0.9998614504690002,0.9930377120100617,0.08053077099061999,1.0,0.3123609280602996,1.9409674793853067
Ecobee_Thermostat,100,27,4538,soft_mean_scale,0.9998614504690002,0.9930377120100617,0.08350491878288721,1.0,0.4108934604528331,1.7681980223571758
Ecobee_Thermostat,100,28,2755,shared_oas,0.9998592999313658,0.9929296447922522,0.06291466483642187,1.0,0.125,2.0794415416798357
Ecobee_Thermostat,100,28,2755,local_center_peer_scale,0.9998640128117136,0.9931664729504305,0.06291466483642187,1.0,0.125,2.0794415416798357
Ecobee_Thermostat,100,28,2755,soft_mean,0.9998640585678334,0.9931687722529371,0.06291466483642187,1.0,0.27366929302691895,1.9709195399594264
Ecobee_Thermostat,100,28,2755,soft_mean_scale,0.9998640585678334,0.9931687722529371,0.06566003202928392,1.0,0.38083240131860274,1.7975904118162531
Ecobee_Thermostat,100,29,1525,shared_oas,0.9998580187600091,0.9928652643220679,0.12354152367879204,1.0,0.125,2.0794415416798357
Ecobee_Thermostat,100,29,1525,local_center_peer_scale,0.9998611301761611,0.9930216168925157,0.12033859528711965,1.0,0.125,2.0794415416798357
Ecobee_Thermostat,100,29,1525,soft_mean,0.9998611301761611,0.9930216168925157,0.10157858613589568,1.0,0.26147882159951774,1.9872373316299063
Ecobee_Thermostat,100,29,1525,soft_mean_scale,0.999861175932281,0.9930239161950223,0.10409517272935255,1.0,0.3698455244243812,1.8181727949065076
Ecobee_Thermostat,300,0,3667,shared_oas,0.999779638526653,0.9889265591282884,0.02081903454587051,1.0,0.125,2.0794415416798357
Ecobee_Thermostat,300,0,3667,local_center_peer_scale,0.999736948066804,0.986781309889645,0.018988789750629148,1.0,0.125,2.0794415416798357
Ecobee_Thermostat,300,0,3667,soft_mean,0.99978078242965,0.988984041690953,0.017158544955387784,1.0,0.2991313190883067,1.9464248585310593
Ecobee_Thermostat,300,0,3667,soft_mean_scale,0.9997808281857699,0.9889863409934596,0.015785861358956762,1.0,0.4036950443311525,1.7699049187336326
Ecobee_Thermostat,300,1,595,shared_oas,0.9998140471288035,0.99065563461324,0.06154198123999085,1.0,0.125,2.0794415416798357
Ecobee_Thermostat,300,1,595,local_center_peer_scale,0.9997691603752002,0.9884000188542805,0.06108442004118051,1.0,0.125,2.0794415416798357
Ecobee_Thermostat,300,1,595,soft_mean,0.9997691603752002,0.9884000188542805,0.05833905284831846,1.0,0.32112118238442194,1.9289814029890964
Ecobee_Thermostat,300,1,595,soft_mean_scale,0.9997691603752002,0.9884000188542805,0.06520247083047358,1.0,0.4290998692226987,1.7385979999487138
Ecobee_Thermostat,300,2,530,shared_oas,0.9998650652024709,0.9932193569080818,0.03935026309768932,1.0,0.125,2.0794415416798357
Ecobee_Thermostat,300,2,530,local_center_peer_scale,0.9998214596202242,0.9910281216193068,0.04095172729352551,1.0,0.125,2.0794415416798357
Ecobee_Thermostat,300,2,530,soft_mean,0.9998215053763442,0.9910304209218135,0.036604895904827274,1.0,0.31171749937632603,1.9395002019877086
Ecobee_Thermostat,300,2,530,soft_mean_scale,0.9998660260809884,0.9932676422607203,0.03752001830244795,1.0,0.41912920516208385,1.7534927583353157
Ecobee_Thermostat,300,3,7578,shared_oas,0.9998652939830702,0.9932308534206149,0.030427819720887667,1.0,0.125,2.0794415416798357
Ecobee_Thermostat,300,3,7578,local_center_peer_scale,0.9997768474033403,0.9887863016753867,0.03225806451612903,1.0,0.125,2.0794415416798357
Ecobee_Thermostat,300,3,7578,soft_mean,0.9998215053763441,0.9910304209218133,0.03225806451612903,1.0,0.31307573890255214,1.936750033149377
Ecobee_Thermostat,300,3,7578,soft_mean_scale,0.9998215053763441,0.9910304209218133,0.03591855410661176,1.0,0.41757510124860897,1.756112670432165
Ecobee_Thermostat,300,4,5490,shared_oas,0.9998560512468542,0.9927663943142848,0.13315030885380919,1.0,0.125,2.0794415416798357
Ecobee_Thermostat,300,4,5490,local_center_peer_scale,0.9998097918096546,0.9904417994801277,0.13200640585678333,1.0,0.125,2.0794415416798357
Ecobee_Thermostat,300,4,5490,soft_mean,0.9998097460535347,0.9904395001776212,0.1338366506520247,1.0,0.3300534871555145,1.916346688964679
Ecobee_Thermostat,300,4,5490,soft_mean_scale,0.9998097918096545,0.9904417994801277,0.1338366506520247,1.0,0.4216689328654565,1.751574635686071
Ecobee_Thermostat,300,5,1487,shared_oas,0.9998589796385267,0.9929135496747061,0.0967741935483871,1.0,0.125,2.0794415416798357
Ecobee_Thermostat,300,5,1487,local_center_peer_scale,0.9998134065431252,0.9906234443781479,0.09860443834362846,1.0,0.125,2.0794415416798357
Ecobee_Thermostat,300,5,1487,soft_mean,0.9998134065431252,0.9906234443781479,0.09311370395790437,1.0,0.291026583209349,1.9573969726024545
Ecobee_Thermostat,300,5,1487,soft_mean_scale,0.9998133607870052,0.9906211450756414,0.09196980096087852,1.0,0.3969211582231029,1.778261154189869
Ecobee_Thermostat,300,6,195,shared_oas,0.9998646991535117,0.9932009624880292,0.04964539007092199,1.0,0.125,2.0794415416798357
Ecobee_Thermostat,300,6,195,local_center_peer_scale,0.9998656142759095,0.993246948538161,0.04598490048043926,1.0,0.125,2.0794415416798357
Ecobee_Thermostat,300,6,195,soft_mean,0.999910363761153,0.9954956663896009,0.04667124227865477,1.0,0.3204757461190466,1.9235292503191437
Ecobee_Thermostat,300,6,195,soft_mean_scale,0.999910363761153,0.9954956663896009,0.04735758407687028,1.0,0.43608344647819736,1.706098718772669
Ecobee_Thermostat,300,7,1762,shared_oas,0.9998136810798444,0.9906372401931873,0.10706932052161977,1.0,0.125,2.0794415416798357
Ecobee_Thermostat,300,7,1762,local_center_peer_scale,0.9998146877144818,0.9906878248483322,0.10844200411805079,1.0,0.125,2.0794415416798357
Ecobee_Thermostat,300,7,1762,soft_mean,0.9998146877144818,0.9906878248483322,0.11713566689544727,1.0,0.2833257782558724,1.9650177623327103
Ecobee_Thermostat,300,7,1762,soft_mean_scale,0.9998147334706017,0.9906901241508388,0.11965225348890414,1.0,0.3861423414783607,1.789254094682422
Ecobee_Thermostat,300,8,1794,shared_oas,0.9998613132006406,0.993030814102542,0.10043468313886983,1.0,0.125,2.0794415416798357
Ecobee_Thermostat,300,8,1794,local_center_peer_scale,0.9998159231297186,0.99074990601601,0.10157858613589568,1.0,0.125,2.0794415416798357
Ecobee_Thermostat,300,8,1794,soft_mean,0.9998159688858385,0.9907522053185166,0.08991077556623199,1.0,0.2809754651714312,1.966814505832525
Ecobee_Thermostat,300,8,1794,soft_mean_scale,0.9998160146419584,0.9907545046210233,0.08945321436742164,1.0,0.3874691830800729,1.7867547926120486
Ecobee_Thermostat,300,9,6915,shared_oas,0.9998596659803249,0.9929480392123049,0.08007320979180965,1.0,0.125,2.0794415416798357
Ecobee_Thermostat,300,9,6915,local_center_peer_scale,0.9998140928849234,0.9906579339157466,0.0812171127888355,1.0,0.125,2.0794415416798357
Ecobee_Thermostat,300,9,6915,soft_mean,0.9998141843971632,0.9906625325207599,0.07938686799359414,1.0,0.2728452606816245,1.98097317073543
Ecobee_Thermostat,300,9,6915,soft_mean_scale,0.9998141843971632,0.9906625325207599,0.07915808739418898,1.0,0.36973662613444175,1.8266838899096833
Ecobee_Thermostat,300,10,1786,shared_oas,0.9998641958361931,0.9931756701604568,0.09608785175017158,1.0,0.125,2.0794415416798357
Ecobee_Thermostat,300,10,1786,local_center_peer_scale,0.9998201784488675,0.9909637411491223,0.09860443834362846,1.0,0.125,2.0794415416798357
Ecobee_Thermostat,300,10,1786,soft_mean,0.9998201784488675,0.9909637411491223,0.0889956531686113,1.0,0.27574935629339203,1.9718629481069352
Ecobee_Thermostat,300,10,1786,soft_mean_scale,0.9998201784488675,0.9909637411491223,0.0867078471745596,1.0,0.382073177560311,1.7933086329231478
Ecobee_Thermostat,300,11,4663,shared_oas,0.9998636925188744,0.9931503778328844,0.09746053534660261,1.0,0.125,2.0794415416798357
Ecobee_Thermostat,300,11,4663,local_center_peer_scale,0.9998664836421872,0.993290635285786,0.09654541294898193,1.0,0.125,2.0794415416798357
Ecobee_Thermostat,300,11,4663,soft_mean,0.9998664836421872,0.993290635285786,0.09608785175017158,1.0,0.27535822970621565,1.9685937567251803
Ecobee_Thermostat,300,11,4663,soft_mean_scale,0.9998664836421872,0.993290635285786,0.0967741935483871,1.0,0.38153807734275935,1.786966057774729
Ecobee_Thermostat,300,12,1009,shared_oas,0.9997639441775339,0.9881378983685298,0.09242736215968886,1.0,0.125,2.0794415416798357
Ecobee_Thermostat,300,12,1009,local_center_peer_scale,0.9996704186684969,0.9834381240450709,0.09036833676504233,1.0,0.125,2.0794415416798357
Ecobee_Thermostat,300,12,1009,soft_mean,0.9997175017158545,0.9858041063243466,0.09334248455730954,1.0,0.31837990098277225,1.9280477327430234
Ecobee_Thermostat,300,12,1009,soft_mean_scale,0.9997175017158545,0.9858041063243466,0.09540150995195608,1.0,0.4190807914154895,1.7513839759750267
Ecobee_Thermostat,300,13,1521,shared_oas,0.999864653397392,0.9931986631855227,0.12560054907343857,1.0,0.125,2.0794415416798357
Ecobee_Thermostat,300,13,1521,local_center_peer_scale,0.9998213681079844,0.9910235230142936,0.13109128345916266,1.0,0.125,2.0794415416798357
Ecobee_Thermostat,300,13,1521,soft_mean,0.9998213681079844,0.9910235230142936,0.1292610386639213,1.0,0.2877840817842275,1.960779013191378
Ecobee_Thermostat,300,13,1521,soft_mean_scale,0.9998213681079844,0.9910235230142936,0.13109128345916266,1.0,0.3900179216512162,1.7887726606491792
Ecobee_Thermostat,300,14,6303,shared_oas,0.9829570807595516,0.8973754381608339,0.0,0.7756,0.125,2.0794415416798357
Ecobee_Thermostat,300,14,6303,local_center_peer_scale,0.982541203385953,0.8973800367658471,0.0,0.7954,0.125,2.0794415416798357
Ecobee_Thermostat,300,14,6303,soft_mean,0.9832407687028141,0.8973800367658471,0.0,0.7954,0.3248251148213541,1.9254159325972717
Ecobee_Thermostat,300,14,6303,soft_mean_scale,0.9833801876000915,0.8973800367658471,0.0,0.7954,0.4084099747433925,1.7585370112632523
Ecobee_Thermostat,300,15,4719,shared_oas,0.9998593914436056,0.9929342433972654,0.12880347746511095,1.0,0.125,2.0794415416798357
Ecobee_Thermostat,300,15,4719,local_center_peer_scale,0.9998617707618395,0.9930538071276078,0.13109128345916266,1.0,0.125,2.0794415416798357
Ecobee_Thermostat,300,15,4719,soft_mean,0.9998617707618395,0.9930538071276078,0.12331274307938687,1.0,0.2681700981318339,1.9747058702975497
Ecobee_Thermostat,300,15,4719,soft_mean_scale,0.9998617707618395,0.9930538071276078,0.11873713109128346,1.0,0.3733532431787013,1.796391390854787
Ecobee_Thermostat,300,16,7337,shared_oas,0.9998628689087166,0.9931089903877659,0.10981468771448182,1.0,0.125,2.0794415416798357
Ecobee_Thermostat,300,16,7337,local_center_peer_scale,0.9998189887897505,0.9909039592839511,0.1091283459162663,1.0,0.125,2.0794415416798357
Ecobee_Thermostat,300,16,7337,soft_mean,0.9998190345458705,0.9909062585864578,0.10844200411805079,1.0,0.32685386460017984,1.9228202509422956
Ecobee_Thermostat,300,16,7337,soft_mean_scale,0.9998190803019903,0.9909085578889645,0.10775566231983527,1.0,0.435313065053737,1.7316284519787393
Ecobee_Thermostat,300,17,5751,shared_oas,0.9998202242049874,0.9909660404516291,0.0720658888126287,1.0,0.125,2.0794415416798357
Ecobee_Thermostat,300,17,5751,local_center_peer_scale,0.9997762525737817,0.9887564107428012,0.07046442461679249,1.0,0.125,2.0794415416798357
Ecobee_Thermostat,300,17,5751,soft_mean,0.9997762983299017,0.9887587100453077,0.07595515900251659,1.0,0.34395286139055115,1.9021428583100648
Ecobee_Thermostat,300,17,5751,soft_mean_scale,0.9997762983299017,0.9887587100453077,0.07549759780370624,1.0,0.43705254252342396,1.7298929727700976
Ecobee_Thermostat,300,18,2667,shared_oas,0.9998635552505146,0.9931434799253647,0.05239075726378403,1.0,0.125,2.0794415416798357
Ecobee_Thermostat,300,18,2667,local_center_peer_scale,0.9998193548387098,0.9909223537040038,0.05513612445664608,1.0,0.125,2.0794415416798357
Ecobee_Thermostat,300,18,2667,soft_mean,0.9998193548387097,0.9909223537040038,0.04964539007092199,1.0,0.29160262688383337,1.957029739958177
Ecobee_Thermostat,300,18,2667,soft_mean_scale,0.9998193548387097,0.9909223537040038,0.06405856783344772,1.0,0.40063774872700014,1.77648456126651
Ecobee_Thermostat,300,19,1861,shared_oas,0.9998652482269502,0.9932285541181083,0.10729810112102493,1.0,0.125,2.0794415416798357
Ecobee_Thermostat,300,19,1861,local_center_peer_scale,0.9998210478151452,0.9910074278967476,0.11027224891329215,1.0,0.125,2.0794415416798357
Ecobee_Thermostat,300,19,1861,soft_mean,0.9998210478151452,0.9910074278967476,0.10386639212994737,1.0,0.2767942655316963,1.9710491988780894
Ecobee_Thermostat,300,19,1861,soft_mean_scale,0.9998210478151452,0.9910074278967476,0.10935712651567148,1.0,0.3839238008329518,1.7910339547186265
Ecobee_Thermostat,300,20,883,shared_oas,0.9997678792038435,0.9883356383840962,0.09082589796385267,1.0,0.125,2.0794415416798357
Ecobee_Thermostat,300,20,883,local_center_peer_scale,0.9997229924502402,0.9860800226251367,0.0867078471745596,1.0,0.125,2.0794415416798357
Ecobee_Thermostat,300,20,883,soft_mean,0.9997229924502402,0.9860800226251367,0.0789293067947838,1.0,0.31349119445804735,1.9326361044361495
Ecobee_Thermostat,300,20,883,soft_mean_scale,0.9997229924502402,0.9860800226251367,0.07801418439716312,1.0,0.4157351923030461,1.7569577028689012
Ecobee_Thermostat,300,21,6243,shared_oas,0.9773341569434912,0.8981794582613364,0.0,0.0,0.125,2.0794415416798357
Ecobee_Thermostat,300,21,6243,local_center_peer_scale,0.9768244337680164,0.8981863561688562,0.0,0.4124,0.125,2.0794415416798357
Ecobee_Thermostat,300,21,6243,soft_mean,0.9777977579501258,0.8981840568663496,0.0,0.4208,0.3183111706362591,1.934369565709532
Ecobee_Thermostat,300,21,6243,soft_mean_scale,0.9780295126973232,0.8981840568663496,0.0,0.4194,0.40479375972771137,1.766899243313577
Ecobee_Thermostat,300,22,7706,shared_oas,0.9998599862731641,0.992964134329851,0.08419126058110273,1.0,0.125,2.0794415416798357
Ecobee_Thermostat,300,22,7706,local_center_peer_scale,0.9998140471288035,0.99065563461324,0.08419126058110273,1.0,0.125,2.0794415416798357
Ecobee_Thermostat,300,22,7706,soft_mean,0.9998140471288034,0.99065563461324,0.07664150080073209,1.0,0.30309943914149684,1.945908391016455
Ecobee_Thermostat,300,22,7706,soft_mean_scale,0.9998140471288035,0.99065563461324,0.0750400366048959,1.0,0.4119187837809187,1.7597318524722692
Ecobee_Thermostat,300,23,7320,shared_oas,0.9998602150537635,0.9929756308423839,0.05239075726378403,1.0,0.125,2.0794415416798357
Ecobee_Thermostat,300,23,7320,local_center_peer_scale,0.9998146419583619,0.9906855255458256,0.0626858842370167,1.0,0.125,2.0794415416798357
Ecobee_Thermostat,300,23,7320,soft_mean,0.9998146419583619,0.9906855255458256,0.06291466483642187,1.0,0.3283869320803047,1.9207126889273947
Ecobee_Thermostat,300,23,7320,soft_mean_scale,0.999814641958362,0.9906855255458256,0.06154198123999085,1.0,0.4391059164325632,1.7249821661227815
Ecobee_Thermostat,300,24,3348,shared_oas,0.9997726378403111,0.988574765844781,0.11164493250972317,1.0,0.125,2.0794415416798357
Ecobee_Thermostat,300,24,3348,local_center_peer_scale,0.9997733699382292,0.9886115546848864,0.10981468771448182,1.0,0.125,2.0794415416798357
Ecobee_Thermostat,300,24,3348,soft_mean,0.9998186684969115,0.9908878641664052,0.10981468771448182,1.0,0.30924294562730914,1.9383300784451152
Ecobee_Thermostat,300,24,3348,soft_mean_scale,0.9997734156943492,0.9886138539873929,0.11187371310912834,1.0,0.4141699952476082,1.757043814403168
Ecobee_Thermostat,300,25,2569,shared_oas,0.9998642873484328,0.99318026876547,0.11233127430793868,1.0,0.125,2.0794415416798357
Ecobee_Thermostat,300,25,2569,local_center_peer_scale,0.9998204987417068,0.9909798362666685,0.10867078471745596,1.0,0.125,2.0794415416798357
Ecobee_Thermostat,300,25,2569,soft_mean,0.9998204987417068,0.9909798362666685,0.09265614275909403,1.0,0.29467550851692487,1.9510376301980674
Ecobee_Thermostat,300,25,2569,soft_mean_scale,0.9998205444978265,0.990982135569175,0.08830931137039578,1.0,0.4066480777036714,1.7646769897856034
Ecobee_Thermostat,300,26,742,shared_oas,0.9998200411805079,0.9909568432416027,0.07778540379775795,1.0,0.125,2.0794415416798357
Ecobee_Thermostat,300,26,742,local_center_peer_scale,0.9997759322809425,0.988740315625255,0.0812171127888355,1.0,0.125,2.0794415416798357
Ecobee_Thermostat,300,26,742,soft_mean,0.9997759322809426,0.988740315625255,0.07709906199954245,1.0,0.3219096860979591,1.9284477707036451
Ecobee_Thermostat,300,26,742,soft_mean_scale,0.9997759780370625,0.9887426149277616,0.07847174559597346,1.0,0.4271487690647614,1.7429903551371613
Ecobee_Thermostat,300,27,4868,shared_oas,0.9998133607870053,0.9906211450756413,0.11553420269961108,1.0,0.125,2.0794415416798357
Ecobee_Thermostat,300,27,4868,local_center_peer_scale,0.999861953786319,0.9930630043376341,0.11187371310912834,1.0,0.125,2.0794415416798357
Ecobee_Thermostat,300,27,4868,soft_mean,0.9998619995424388,0.9930653036401408,0.10867078471745596,1.0,0.2656281823094323,1.9769051195130134
Ecobee_Thermostat,300,27,4868,soft_mean_scale,0.9998620452985586,0.9930676029426473,0.10318005033173187,1.0,0.36854312431964215,1.8001500341694734
Ecobee_Thermostat,300,28,2506,shared_oas,0.9998571951498513,0.9928238768769494,0.13886982383893845,1.0,0.125,2.0794415416798357
Ecobee_Thermostat,300,28,2506,local_center_peer_scale,0.9998108899565317,0.9904969827402857,0.13177762525737818,1.0,0.125,2.0794415416798357
Ecobee_Thermostat,300,28,2506,soft_mean,0.9998108899565317,0.9904969827402857,0.13269274765499886,1.0,0.30484356567845394,1.9422064543780642
Ecobee_Thermostat,300,28,2506,soft_mean_scale,0.9998109357126517,0.9904992820427924,0.1322351864561885,1.0,0.41579602257318465,1.7552027522058402
Ecobee_Thermostat,300,29,3583,shared_oas,0.9997707618393961,0.9884804944420109,0.11461908030199039,1.0,0.125,2.0794415416798357
Ecobee_Thermostat,300,29,3583,local_center_peer_scale,0.9996800274536719,0.9839209775714537,0.11736444749485243,1.0,0.125,2.0794415416798357
Ecobee_Thermostat,300,29,3583,soft_mean,0.999725737817433,0.9862179807755318,0.11118737131091283,1.0,0.30139597391775874,1.9446417011541781
Ecobee_Thermostat,300,29,3583,soft_mean_scale,0.9996800274536719,0.9839209775714537,0.11027224891329215,1.0,0.4075450332934233,1.762258516106101
Ecobee_Thermostat,1000,0,5484,shared_oas,0.9822443834362846,0.8986382840765255,0.0,0.604,0.125,2.0794415416798357
Ecobee_Thermostat,1000,0,5484,local_center_peer_scale,0.9820148707389613,0.8986589777990847,0.0,0.7696,0.125,2.0794415416798357
Ecobee_Thermostat,1000,0,5484,soft_mean,0.9825216197666439,0.8986589777990845,0.0,0.775,0.33376948828092706,1.9101231464881363
Ecobee_Thermostat,1000,0,5484,soft_mean_scale,0.9826134980553649,0.8986520798915649,0.0,0.7742,0.44034191959920377,1.7115871672675573
Ecobee_Thermostat,1000,1,3516,shared_oas,0.999604209563029,0.980111033318043,0.05124685426675818,1.0,0.125,2.0794415416798357
Ecobee_Thermostat,1000,1,3516,local_center_peer_scale,0.9996046671242278,0.9801340263431088,0.05147563486616335,1.0,0.125,2.0794415416798357
Ecobee_Thermostat,1000,1,3516,soft_mean,0.9996046671242279,0.9801340263431088,0.05078929306794784,1.0,0.3060008461342407,1.9391417271946867
Ecobee_Thermostat,1000,1,3516,soft_mean_scale,0.9996046671242279,0.9801340263431088,0.050331731869137496,1.0,0.4090443836935907,1.761567761860384
Ecobee_Thermostat,1000,2,1477,shared_oas,0.9994501944635095,0.9723715810808791,0.09883321894303362,1.0,0.125,2.0794415416798357
Ecobee_Thermostat,1000,2,1477,local_center_peer_scale,0.9994050789293069,0.9701044688093867,0.09883321894303362,1.0,0.125,2.0794415416798357
Ecobee_Thermostat,1000,2,1477,soft_mean,0.9994051246854266,0.9701067681118933,0.09791809654541295,1.0,0.3008301972358569,1.9458535856334829
Ecobee_Thermostat,1000,2,1477,soft_mean_scale,0.9994051246854266,0.9701067681118933,0.09929078014184398,1.0,0.40558823660093507,1.7638904027066846
Ecobee_Thermostat,1000,3,6583,shared_oas,0.9997266071837109,0.9862616675231569,0.006405856783344772,1.0,0.125,2.0794415416798357
Ecobee_Thermostat,1000,3,6583,local_center_peer_scale,0.9994537176847405,0.9725486273738861,0.005948295584534431,1.0,0.125,2.0794415416798357
Ecobee_Thermostat,1000,3,6583,soft_mean,0.9994538549530999,0.972555525281406,0.006405856783344772,1.0,0.31360459230101667,1.9322503375632833
Ecobee_Thermostat,1000,3,6583,soft_mean_scale,0.9994538549531,0.972555525281406,0.006405856783344772,1.0,0.4286706827557143,1.7181433903771082
Ecobee_Thermostat,1000,4,263,shared_oas,0.9995031800503317,0.9750341733835042,0.0340883093113704,1.0,0.125,2.0794415416798357
Ecobee_Thermostat,1000,4,263,local_center_peer_scale,0.9994579730038893,0.9727624625069985,0.03225806451612903,1.0,0.125,2.0794415416798357
Ecobee_Thermostat,1000,4,263,soft_mean,0.9994579730038893,0.9727624625069985,0.03180050331731869,1.0,0.32246554966982555,1.9226209879591156
Ecobee_Thermostat,1000,4,263,soft_mean_scale,0.9994579730038893,0.9727624625069985,0.029055136124456645,1.0,0.42942914117105996,1.7251655231479592
Ecobee_Thermostat,1000,5,7124,shared_oas,0.9995001143902996,0.974880120115563,0.071150766415008,1.0,0.125,2.0794415416798357
Ecobee_Thermostat,1000,5,7124,local_center_peer_scale,0.9994091512239761,0.9703091067324727,0.07137954701441318,1.0,0.125,2.0794415416798357
Ecobee_Thermostat,1000,5,7124,soft_mean,0.9994091512239761,0.9703091067324727,0.071150766415008,1.0,0.3163454540097925,1.9316355888538363
Ecobee_Thermostat,1000,5,7124,soft_mean_scale,0.9994091512239761,0.9703091067324727,0.07160832761381834,1.0,0.4268177333455036,1.7388715470341962
Ecobee_Thermostat,1000,6,5062,shared_oas,0.9994507435369482,0.9723991727109581,0.11667810569663692,1.0,0.125,2.0794415416798357
Ecobee_Thermostat,1000,6,5062,local_center_peer_scale,0.9994048959048273,0.9700952715993604,0.11461908030199039,1.0,0.125,2.0794415416798357
Ecobee_Thermostat,1000,6,5062,soft_mean,0.9994048959048272,0.9700952715993604,0.11736444749485243,1.0,0.3242593418543857,1.9212842596090418
Ecobee_Thermostat,1000,6,5062,soft_mean_scale,0.9994048959048272,0.9700952715993604,0.1169068862960421,1.0,0.4209512578630689,1.7461146578605216
Ecobee_Thermostat,1000,7,816,shared_oas,0.9994105696636926,0.9703803851101768,0.0720658888126287,1.0,0.125,2.0794415416798357
Ecobee_Thermostat,1000,7,816,local_center_peer_scale,0.9993616563715397,0.9679224307306378,0.07000686341798215,1.0,0.125,2.0794415416798357
Ecobee_Thermostat,1000,7,816,soft_mean,0.9993616563715397,0.9679224307306378,0.07343857240905971,1.0,0.30830191769259724,1.9378228584965054
Ecobee_Thermostat,1000,7,816,soft_mean_scale,0.9993616563715397,0.9679224307306378,0.07389613360787005,1.0,0.4140304082875234,1.7539051994673078
Ecobee_Thermostat,1000,8,5679,shared_oas,0.991933836650652,0.9025969702090871,0.0,0.4876,0.125,2.0794415416798357
Ecobee_Thermostat,1000,8,5679,local_center_peer_scale,0.991801143902997,0.9025992695115936,0.0,0.6728,0.125,2.0794415416798357
Ecobee_Thermostat,1000,8,5679,soft_mean,0.9919783573552963,0.9026015688141003,0.0,0.6898,0.3446185738608796,1.8952304519790273
Ecobee_Thermostat,1000,8,5679,soft_mean_scale,0.9919783573552963,0.9026015688141003,0.0,0.6892,0.4468272100654091,1.6953784276376918
Ecobee_Thermostat,1000,9,519,shared_oas,0.9994810340883094,0.9739213109703171,0.05078929306794784,1.0,0.125,2.0794415416798357
Ecobee_Thermostat,1000,9,519,local_center_peer_scale,0.9994339052848318,0.971553029388535,0.04987417067032716,1.0,0.125,2.0794415416798357
Ecobee_Thermostat,1000,9,519,soft_mean,0.9994339052848319,0.971553029388535,0.0464424616792496,1.0,0.31607399640006206,1.9303180742659052
Ecobee_Thermostat,1000,9,519,soft_mean_scale,0.9994339052848319,0.971553029388535,0.043697094486387554,1.0,0.4230091128259323,1.7423835568223254
Ecobee_Thermostat,1000,10,2094,shared_oas,0.9994858384808968,0.9741627377335086,0.11827956989247312,1.0,0.125,2.0794415416798357
Ecobee_Thermostat,1000,10,2094,local_center_peer_scale,0.9993924959963396,0.9694721606200758,0.11965225348890414,1.0,0.125,2.0794415416798357
Ecobee_Thermostat,1000,10,2094,soft_mean,0.9993924959963396,0.9694721606200758,0.1169068862960421,1.0,0.31204300374068317,1.9348692951355013
Ecobee_Thermostat,1000,10,2094,soft_mean_scale,0.9993924959963395,0.9694721606200758,0.11622054449782658,1.0,0.4208379998025809,1.7453877567875855
Ecobee_Thermostat,1000,11,3718,shared_oas,0.9995949210706933,0.9796442749092062,0.03111416151910318,1.0,0.125,2.0794415416798357
Ecobee_Thermostat,1000,11,3718,local_center_peer_scale,0.9995951956074125,0.9796580707242457,0.030427819720887667,1.0,0.125,2.0794415416798357
Ecobee_Thermostat,1000,11,3718,soft_mean,0.9995951956074124,0.9796580707242457,0.028140013726835965,1.0,0.30731800945399,1.9383447569464975
Ecobee_Thermostat,1000,11,3718,soft_mean_scale,0.9995951956074125,0.9796580707242457,0.027453671928620454,1.0,0.4086924110940779,1.7619295535106705
Ecobee_Thermostat,1000,12,3401,shared_oas,0.9995845801876002,0.9791246325427181,0.024708304735758406,1.0,0.125,2.0794415416798357
Ecobee_Thermostat,1000,12,3401,local_center_peer_scale,0.9995849004804392,0.9791407276602642,0.023564401738732556,1.0,0.125,2.0794415416798357
Ecobee_Thermostat,1000,12,3401,soft_mean,0.9995849004804392,0.9791407276602642,0.022191718142301534,1.0,0.30365307431742433,1.9418618961411638
Ecobee_Thermostat,1000,12,3401,soft_mean_scale,0.9995849004804391,0.9791407276602642,0.01990391214824983,1.0,0.40710198631246464,1.764943066388389
Ecobee_Thermostat,1000,13,2964,shared_oas,0.999588057652711,0.9792993795332186,0.09700297414779227,1.0,0.125,2.0794415416798357
Ecobee_Thermostat,1000,13,2964,local_center_peer_scale,0.9995881949210706,0.9793062774407384,0.09746053534660261,1.0,0.125,2.0794415416798357
Ecobee_Thermostat,1000,13,2964,soft_mean,0.9995881949210706,0.9793062774407384,0.0951727293525509,1.0,0.30768028074911813,1.9376487943592382
Ecobee_Thermostat,1000,13,2964,soft_mean_scale,0.9995881949210706,0.9793062774407384,0.09494394875314573,1.0,0.41426431778513695,1.7524648731393673
Ecobee_Thermostat,1000,14,5111,shared_oas,0.9994493708533517,0.9723301936357607,0.12010981468771448,1.0,0.125,2.0794415416798357
Ecobee_Thermostat,1000,14,5111,local_center_peer_scale,0.9994036147334706,0.970030891129176,0.11827956989247312,1.0,0.125,2.0794415416798357
Ecobee_Thermostat,1000,14,5111,soft_mean,0.9994036604895905,0.9700331904316826,0.11782200869366277,1.0,0.3256887363020808,1.919784412362667
Ecobee_Thermostat,1000,14,5111,soft_mean_scale,0.9994036604895905,0.9700331904316826,0.11782200869366277,1.0,0.42245465440710844,1.744474380127965
Ecobee_Thermostat,1000,15,4036,shared_oas,0.9995147105925418,0.9756135976151634,0.04232441088995653,1.0,0.125,2.0794415416798357
Ecobee_Thermostat,1000,15,4036,local_center_peer_scale,0.9995592770533059,0.9778531182565768,0.04072294669412034,1.0,0.125,2.0794415416798357
Ecobee_Thermostat,1000,15,4036,soft_mean,0.9995592770533059,0.9778531182565768,0.03889270189887897,1.0,0.2930983607071626,1.9520314908748038
Ecobee_Thermostat,1000,15,4036,soft_mean_scale,0.9995592770533059,0.9778531182565768,0.03568977350720659,1.0,0.39647731483838816,1.7731807996498365
Ecobee_Thermostat,1000,16,5493,shared_oas,0.9835716312056737,0.9060255521487557,0.0,0.5906,0.125,2.0794415416798357
Ecobee_Thermostat,1000,16,5493,local_center_peer_scale,0.983486158773736,0.9060301507537689,0.0,0.7796,0.125,2.0794415416798357
Ecobee_Thermostat,1000,16,5493,soft_mean,0.9839139784946237,0.9060301507537689,0.0,0.7882,0.33780458995053353,1.9053928759944476
Ecobee_Thermostat,1000,16,5493,soft_mean_scale,0.9840423244108899,0.9060301507537689,0.0,0.7856,0.4429545443519841,1.707112657275172
Ecobee_Thermostat,1000,17,5406,shared_oas,0.9994920155570807,0.9744731435718974,0.09997712194005948,1.0,0.125,2.0794415416798357
Ecobee_Thermostat,1000,17,5406,local_center_peer_scale,0.9993997712194006,0.9698377497186229,0.10157858613589568,1.0,0.125,2.0794415416798357
Ecobee_Thermostat,1000,17,5406,soft_mean,0.9993997712194006,0.9698377497186229,0.10043468313886983,1.0,0.3306116487532077,1.9153734296087692
Ecobee_Thermostat,1000,17,5406,soft_mean_scale,0.9993997712194006,0.9698377497186229,0.10089224433768017,1.0,0.42777881362961484,1.7403014466195135
Ecobee_Thermostat,1000,18,7374,shared_oas,0.9994931594600778,0.9745306261345621,0.09471516815374056,1.0,0.125,2.0794415416798357
Ecobee_Thermostat,1000,18,7374,local_center_peer_scale,0.9994010066346374,0.9698998308863007,0.09334248455730954,1.0,0.125,2.0794415416798357
Ecobee_Thermostat,1000,18,7374,soft_mean,0.9994010066346373,0.9698998308863007,0.09585907115076642,1.0,0.31232367715804976,1.9365063076592541
Ecobee_Thermostat,1000,18,7374,soft_mean_scale,0.9994010066346373,0.9698998308863007,0.09700297414779227,1.0,0.42262756502998555,1.744476783152483
Ecobee_Thermostat,1000,19,5995,shared_oas,0.9924197666437886,0.8990816815718952,0.0,0.771,0.125,2.0794415416798357
Ecobee_Thermostat,1000,19,5995,local_center_peer_scale,0.9921441775337452,0.8990839808744018,0.0,0.7986,0.125,2.0794415416798357
Ecobee_Thermostat,1000,19,5995,soft_mean,0.9922819949668268,0.8990839808744018,0.0,0.7986,0.32926396744549025,1.9128805478209079
Ecobee_Thermostat,1000,19,5995,soft_mean_scale,0.9920523450011439,0.8990862801769084,0.0,0.7986,0.4342025495733301,1.712728802734226
Ecobee_Thermostat,1000,20,1649,shared_oas,0.9994468085106383,0.9722014326953918,0.11233127430793868,1.0,0.125,2.0794415416798357
Ecobee_Thermostat,1000,20,1649,local_center_peer_scale,0.9994008236101578,0.9698906336762743,0.11416151910318005,1.0,0.125,2.0794415416798357
Ecobee_Thermostat,1000,20,1649,soft_mean,0.9994008236101578,0.9698906336762743,0.111416151910318,1.0,0.3079343533213596,1.938715425520934
Ecobee_Thermostat,1000,20,1649,soft_mean_scale,0.9994008236101578,0.9698906336762743,0.11072981011210249,1.0,0.41295331656939044,1.7549547418303468
Ecobee_Thermostat,1000,21,1228,shared_oas,0.9994861587737359,0.9741788328510547,0.10867078471745596,1.0,0.125,2.0794415416798357
Ecobee_Thermostat,1000,21,1228,local_center_peer_scale,0.9994396247998171,0.9718404422018581,0.10798444291924045,1.0,0.125,2.0794415416798357
Ecobee_Thermostat,1000,21,1228,soft_mean,0.9993929993136582,0.9694974529476483,0.10889956531686112,1.0,0.2931594733402104,1.953799818520027
Ecobee_Thermostat,1000,21,1228,soft_mean_scale,0.9993930450697781,0.9694997522501548,0.11004346831388698,1.0,0.40002626196884983,1.7708733562570727
Ecobee_Thermostat,1000,22,396,shared_oas,0.9994852894074583,0.9741351461034296,0.04621368107984443,1.0,0.125,2.0794415416798357
Ecobee_Thermostat,1000,22,396,local_center_peer_scale,0.9994391214824982,0.9718151498742856,0.04232441088995653,1.0,0.125,2.0794415416798357
Ecobee_Thermostat,1000,22,396,soft_mean,0.9994391672386181,0.9718174491767921,0.03889270189887897,1.0,0.317328393799016,1.9292813881969408
Ecobee_Thermostat,1000,22,396,soft_mean_scale,0.9994391672386181,0.9718174491767921,0.03568977350720659,1.0,0.4239407583932615,1.7398369218544423
Ecobee_Thermostat,1000,23,3808,shared_oas,0.9995828872111646,0.9790395583499746,0.03134294211850835,1.0,0.125,2.0794415416798357
Ecobee_Thermostat,1000,23,3808,local_center_peer_scale,0.9995832075040036,0.9790556534675207,0.030427819720887667,1.0,0.125,2.0794415416798357
Ecobee_Thermostat,1000,23,3808,soft_mean,0.9995832075040036,0.9790556534675207,0.028140013726835965,1.0,0.3032174742524955,1.9425013430716078
Ecobee_Thermostat,1000,23,3808,soft_mean_scale,0.9995832075040036,0.9790556534675207,0.027682452528025623,1.0,0.405935075926084,1.765001818764176
Ecobee_Thermostat,1000,24,4706,shared_oas,0.9994618165179593,0.9729556039175516,0.1130176161061542,1.0,0.125,2.0794415416798357
Ecobee_Thermostat,1000,24,4706,local_center_peer_scale,0.9994618622740792,0.9729579032200582,0.11210249370853352,1.0,0.125,2.0794415416798357
Ecobee_Thermostat,1000,24,4706,soft_mean,0.9994170212765957,0.9707045867636053,0.10844200411805079,1.0,0.295837740058153,1.9489660110718006
Ecobee_Thermostat,1000,24,4706,soft_mean_scale,0.9994170670327156,0.9707068860661119,0.10935712651567148,1.0,0.3961797539377505,1.774215279802354
Ecobee_Thermostat,1000,25,6136,shared_oas,0.9935759780370625,0.9034078882171094,0.0,0.657,0.125,2.0794415416798357
Ecobee_Thermostat,1000,25,6136,local_center_peer_scale,0.9932242507435369,0.9034124868221225,0.0,0.7722,0.125,2.0794415416798357
Ecobee_Thermostat,1000,25,6136,soft_mean,0.9933123770304279,0.9034124868221225,0.0,0.7754,0.3212471513231495,1.9223613060999099
Ecobee_Thermostat,1000,25,6136,soft_mean_scale,0.9933123770304279,0.9034124868221225,0.0,0.7676,0.4260757516771451,1.7244773003079403
Ecobee_Thermostat,1000,26,5865,shared_oas,0.992255776710135,0.9011009290331778,0.0,0.5176,0.125,2.0794415416798357
Ecobee_Thermostat,1000,26,5865,local_center_peer_scale,0.9920756806222832,0.9011009290331778,0.0,0.6856,0.125,2.0794415416798357
Ecobee_Thermostat,1000,26,5865,soft_mean,0.9921207046442463,0.9011009290331778,0.0,0.7004,0.3401586250737308,1.8994690697021661
Ecobee_Thermostat,1000,26,5865,soft_mean_scale,0.9921657744223289,0.9011032283356843,0.0,0.6994,0.4432530516751925,1.698471156396304
Ecobee_Thermostat,1000,27,6214,shared_oas,0.9931920841912606,0.8982385733287808,0.0,0.5618,0.125,2.0794415416798357
Ecobee_Thermostat,1000,27,6214,local_center_peer_scale,0.9929147105925418,0.8982615663538465,0.0,0.7096,0.125,2.0794415416798357
Ecobee_Thermostat,1000,27,6214,soft_mean,0.9931925875085793,0.8982638656563531,0.0,0.714,0.3219119285427549,1.9218048334503117
Ecobee_Thermostat,1000,27,6214,soft_mean_scale,0.9930537176847404,0.8982661649588597,0.0,0.7132,0.4264963855646184,1.723751508819069
Ecobee_Thermostat,1000,28,4213,shared_oas,0.9994973232669869,0.9747398626626612,0.050560512468542665,1.0,0.125,2.0794415416798357
Ecobee_Thermostat,1000,28,4213,local_center_peer_scale,0.9995432624113475,0.9770483623792723,0.04667124227865477,1.0,0.125,2.0794415416798357
Ecobee_Thermostat,1000,28,4213,soft_mean,0.9994976435598262,0.9747559577802074,0.045298558682223745,1.0,0.2901905087013815,1.9545132511186287
Ecobee_Thermostat,1000,28,4213,soft_mean_scale,0.9994976435598261,0.9747559577802074,0.04163806909174102,1.0,0.3927757517555748,1.775749743205414
Ecobee_Thermostat,1000,29,3362,shared_oas,0.9995784488675361,0.9788165260068358,0.024708304735758406,1.0,0.125,2.0794415416798357
Ecobee_Thermostat,1000,29,3362,local_center_peer_scale,0.9995787234042554,0.9788303218218752,0.023335621139327384,1.0,0.125,2.0794415416798357
Ecobee_Thermostat,1000,29,3362,soft_mean,0.9995787234042554,0.9788303218218752,0.022191718142301534,1.0,0.30464346675143533,1.9406910246593547
Ecobee_Thermostat,1000,29,3362,soft_mean_scale,0.9995787234042554,0.9788303218218752,0.01990391214824983,1.0,0.4087293005259853,1.7622633499191516
Ennio_Doorbell,30,0,2789,shared_oas,0.9990384800000001,0.9516824120603015,0.0966,1.0,0.125,2.0794415416798357
Ennio_Doorbell,30,0,2789,local_center_peer_scale,0.9990441600000001,0.9519678391959799,0.161,1.0,0.125,2.0794415416798357
Ennio_Doorbell,30,0,2789,soft_mean,0.9992044,0.9600201005025126,0.16,1.0,0.2324301260142887,1.9941588532393135
Ennio_Doorbell,30,0,2789,soft_mean_scale,0.9403266400000001,0.7703376884422111,0.1508,1.0,0.9794990761195408,0.1219437816646108
Ennio_Doorbell,30,1,5452,shared_oas,0.9992768799999999,0.9636623115577889,0.0174,1.0,0.125,2.0794415416798357
Ennio_Doorbell,30,1,5452,local_center_peer_scale,0.99935712,0.967694472361809,0.0152,1.0,0.125,2.0794415416798357
Ennio_Doorbell,30,1,5452,soft_mean,0.9993580400000001,0.967740703517588,0.015,1.0,0.1710201084969951,2.0379234545445986
Ennio_Doorbell,30,1,5452,soft_mean_scale,0.99935976,0.967827135678392,0.0068,1.0,0.5278903228678266,1.588941745918386
Ennio_Doorbell,30,2,773,shared_oas,0.99917144,0.9583638190954773,0.02,1.0,0.125,2.0794415416798357
Ennio_Doorbell,30,2,773,local_center_peer_scale,0.9991823599999999,0.9589125628140704,0.0044,0.9994,0.125,2.0794415416798357
Ennio_Doorbell,30,2,773,soft_mean,0.9991076,0.9551557788944725,0.004,0.9976,0.25593670868383245,1.9716993216629282
Ennio_Doorbell,30,2,773,soft_mean_scale,0.9978498800000001,0.8919537688442212,0.0,0.4026,0.9317760851971532,0.36509360027673166
Ennio_Doorbell,30,3,11275,shared_oas,0.9994004799999999,0.9698733668341708,0.027,1.0,0.125,2.0794415416798357
Ennio_Doorbell,30,3,11275,local_center_peer_scale,0.99890468,0.9449587939698494,0.0036,0.9974,0.125,2.0794415416798357
Ennio_Doorbell,30,3,11275,soft_mean,0.99890512,0.944980904522613,0.0028,0.9954,0.2731793371936567,1.9563391729038457
Ennio_Doorbell,30,3,11275,soft_mean_scale,0.99835016,0.9170934673366835,0.0,0.3938,0.9463729839959667,0.2972967209216635
Ennio_Doorbell,30,4,25151,shared_oas,0.9997088,0.9853829145728644,0.809,1.0,0.125,2.0794415416798357
Ennio_Doorbell,30,4,25151,local_center_peer_scale,0.94362488,0.5901668341708542,0.008,0.473,0.125,2.0794415416798357
Ennio_Doorbell,30,4,25151,soft_mean,0.94219512,0.5815577889447237,0.0086,0.5812,0.35746974934587084,1.7119777351298457
Ennio_Doorbell,30,4,25151,soft_mean_scale,0.89053028,0.5497829145728643,0.6428,1.0,0.9985097093824733,0.012073238869882026
Ennio_Doorbell,30,5,19067,shared_oas,0.99943104,0.9714090452261306,0.025,1.0,0.125,2.0794415416798357
Ennio_Doorbell,30,5,19067,local_center_peer_scale,0.9991922,0.9594070351758794,0.0128,1.0,0.125,2.0794415416798357
Ennio_Doorbell,30,5,19067,soft_mean,0.99919336,0.9594653266331659,0.0118,1.0,0.26208189246803587,1.9665823696098101
Ennio_Doorbell,30,5,19067,soft_mean_scale,0.9982723600000001,0.9131839195979898,0.0032,0.6098,0.923130356608841,0.4020325047491272
Ennio_Doorbell,30,6,516,shared_oas,0.99935356,0.9675155778894473,0.0292,1.0,0.125,2.0794415416798357
Ennio_Doorbell,30,6,516,local_center_peer_scale,0.99927152,0.9633929648241206,0.0208,1.0,0.125,2.0794415416798357
Ennio_Doorbell,30,6,516,soft_mean,0.99927032,0.9633326633165828,0.0188,1.0,0.22122215242914547,2.003517164135805
Ennio_Doorbell,30,6,516,soft_mean_scale,0.99792716,0.8958371859296483,0.007,1.0,0.9005384363414293,0.4964940204466378
Ennio_Doorbell,30,7,21556,shared_oas,0.99932536,0.9660984924623115,0.0198,1.0,0.125,2.0794415416798357
Ennio_Doorbell,30,7,21556,local_center_peer_scale,0.99915892,0.9577346733668342,0.0068,1.0,0.125,2.0794415416798357
Ennio_Doorbell,30,7,21556,soft_mean,0.9991585599999999,0.9577165829145728,0.0058,1.0,0.26200839562658973,1.9654387210685087
Ennio_Doorbell,30,7,21556,soft_mean_scale,0.9982072000000001,0.9099095477386936,0.0,0.3934,0.922384493933495,0.4049674066648412
Ennio_Doorbell,30,8,14063,shared_oas,0.9992898,0.9643115577889447,0.1966,1.0,0.125,2.0794415416798357
Ennio_Doorbell,30,8,14063,local_center_peer_scale,0.99663876,0.8310934673366834,0.1882,1.0,0.125,2.0794415416798357
Ennio_Doorbell,30,8,14063,soft_mean,0.9966333199999999,0.8308201005025126,0.1852,1.0,0.307926369131023,1.9031127065181752
Ennio_Doorbell,30,8,14063,soft_mean_scale,0.93851948,0.747467336683417,0.146,1.0,0.9990235508938854,0.008286125264403914
Ennio_Doorbell,30,9,5088,shared_oas,0.9997507999999999,0.9874773869346734,0.015,1.0,0.125,2.0794415416798357
Ennio_Doorbell,30,9,5088,local_center_peer_scale,0.9997536800000001,0.9876221105527638,0.014,1.0,0.125,2.0794415416798357
Ennio_Doorbell,30,9,5088,soft_mean,0.99975468,0.9876723618090453,0.0136,1.0,0.20052232593152575,2.0236678570981144
Ennio_Doorbell,30,9,5088,soft_mean_scale,0.99975868,0.9878733668341708,0.0062,1.0,0.7041555802760834,1.1510604340304704
Ennio_Doorbell,30,10,24499,shared_oas,0.99898364,0.9489266331658293,0.0096,1.0,0.125,2.0794415416798357
Ennio_Doorbell,30,10,24499,local_center_peer_scale,0.9989888,0.9491859296482412,0.0034,0.9994,0.125,2.0794415416798357
Ennio_Doorbell,30,10,24499,soft_mean,0.99898952,0.9492221105527638,0.003,0.9986,0.2377315692037124,1.9896455236126562
Ennio_Doorbell,30,10,24499,soft_mean_scale,0.9989947600000001,0.9494854271356784,0.0,0.6024,0.8266908620205828,0.770720791685328
Ennio_Doorbell,30,11,9492,shared_oas,0.9995175599999999,0.975756783919598,0.0214,1.0,0.125,2.0794415416798357
Ennio_Doorbell,30,11,9492,local_center_peer_scale,0.99952092,0.9759256281407036,0.022,1.0,0.125,2.0794415416798357
Ennio_Doorbell,30,11,9492,soft_mean,0.99952156,0.9759577889447236,0.0214,1.0,0.204515322126854,2.021763833629535
Ennio_Doorbell,30,11,9492,soft_mean_scale,0.99801084,0.9000422110552764,0.143,1.0,0.9172690592242491,0.4052768219059064
Ennio_Doorbell,30,12,17046,shared_oas,0.99905716,0.9526211055276381,0.013,1.0,0.125,2.0794415416798357
Ennio_Doorbell,30,12,17046,local_center_peer_scale,0.9990344400000001,0.9514793969849247,0.0074,0.9998,0.125,2.0794415416798357
Ennio_Doorbell,30,12,17046,soft_mean,0.99886596,0.9430130653266331,0.0074,0.9996,0.16702316968567182,2.0315781285269163
Ennio_Doorbell,30,12,17046,soft_mean_scale,0.9976910400000001,0.8839718592964824,0.0,0.4956,0.8969758146930187,0.5133596579415912
Ennio_Doorbell,30,13,8401,shared_oas,0.99928492,0.9640663316582915,0.0156,1.0,0.125,2.0794415416798357
Ennio_Doorbell,30,13,8401,local_center_peer_scale,0.9992894400000001,0.9642934673366834,0.0136,1.0,0.125,2.0794415416798357
Ennio_Doorbell,30,13,8401,soft_mean,0.9992900800000001,0.9643256281407036,0.0138,1.0,0.18125341143251567,2.042460307377037
Ennio_Doorbell,30,13,8401,soft_mean_scale,0.9728663599999999,0.8010934673366834,0.0026,0.605,0.9297834809350158,0.3552431070501075
Ennio_Doorbell,30,14,1309,shared_oas,0.999342,0.9669346733668341,0.0594,1.0,0.125,2.0794415416798357
Ennio_Doorbell,30,14,1309,local_center_peer_scale,0.9993462399999999,0.9671477386934673,0.0312,1.0,0.125,2.0794415416798357
Ennio_Doorbell,30,14,1309,soft_mean,0.99934724,0.9671979899497487,0.0886,1.0,0.23192876841718935,1.9952368864251568
Ennio_Doorbell,30,14,1309,soft_mean_scale,0.94318028,0.7887678391959798,0.1414,1.0,0.967506364454938,0.18101785881507337
Ennio_Doorbell,30,15,12807,shared_oas,0.9982835600000001,0.9137467336683418,0.0432,1.0,0.125,2.0794415416798357
Ennio_Doorbell,30,15,12807,local_center_peer_scale,0.9977931200000001,0.8891015075376885,0.016,1.0,0.125,2.0794415416798357
Ennio_Doorbell,30,15,12807,soft_mean,0.99738432,0.8685587939698493,0.0148,1.0,0.2428844159202721,1.986340701693764
Ennio_Doorbell,30,15,12807,soft_mean_scale,0.997789,0.8888944723618091,0.0012,0.591,0.8949967097893865,0.5076561994892981
Ennio_Doorbell,30,16,14764,shared_oas,0.99931296,0.965475376884422,0.0422,1.0,0.125,2.0794415416798357
Ennio_Doorbell,30,16,14764,local_center_peer_scale,0.9993094800000001,0.9653005025125628,0.005,0.9998,0.125,2.0794415416798357
Ennio_Doorbell,30,16,14764,soft_mean,0.99931356,0.965505527638191,0.0036,0.998,0.26344031464404494,1.9667540858106047
Ennio_Doorbell,30,16,14764,soft_mean_scale,0.99829104,0.9141226130653266,0.0,0.405,0.9282556076950939,0.3800929603766691
Ennio_Doorbell,30,17,10714,shared_oas,0.9988842,0.9439296482412061,0.0184,1.0,0.125,2.0794415416798357
Ennio_Doorbell,30,17,10714,local_center_peer_scale,0.99904604,0.9520623115577891,0.0172,1.0,0.125,2.0794415416798357
Ennio_Doorbell,30,17,10714,soft_mean,0.99904724,0.9521226130653266,0.0172,1.0,0.1697424380196808,2.0481643147590627
Ennio_Doorbell,30,17,10714,soft_mean_scale,0.99904932,0.952227135678392,0.0162,1.0,0.5849340589906675,1.4658236972843846
Ennio_Doorbell,30,18,16083,shared_oas,0.99880924,0.9401628140703517,0.3528,1.0,0.125,2.0794415416798357
Ennio_Doorbell,30,18,16083,local_center_peer_scale,0.99878256,0.9388743718592965,0.3406,1.0,0.125,2.0794415416798357
Ennio_Doorbell,30,18,16083,soft_mean,0.99876928,0.9382110552763819,0.3354,1.0,0.3128738933536326,1.8996933761553234
Ennio_Doorbell,30,18,16083,soft_mean_scale,0.93771664,0.7556562814070351,0.1638,1.0,0.9991480169967605,0.007397403171805693
Ennio_Doorbell,30,19,2587,shared_oas,0.9992696,0.9632964824120602,0.0112,1.0,0.125,2.0794415416798357
Ennio_Doorbell,30,19,2587,local_center_peer_scale,0.99935352,0.967513567839196,0.0076,1.0,0.125,2.0794415416798357
Ennio_Doorbell,30,19,2587,soft_mean,0.99935372,0.9675236180904523,0.0076,1.0,0.19494090231008226,2.027255969849737
Ennio_Doorbell,30,19,2587,soft_mean_scale,0.99935464,0.9675698492462311,0.0028,1.0,0.7044919013218593,1.153456731948941
Ennio_Doorbell,30,20,20126,shared_oas,0.99944404,0.972062311557789,0.0174,1.0,0.125,2.0794415416798357
Ennio_Doorbell,30,20,20126,local_center_peer_scale,0.9994379999999999,0.9717587939698493,0.0068,1.0,0.125,2.0794415416798357
Ennio_Doorbell,30,20,20126,soft_mean,0.99944056,0.9718874371859296,0.0062,1.0,0.262952611866345,1.9652924151028925
Ennio_Doorbell,30,20,20126,soft_mean_scale,0.9983608,0.9176281407035176,0.0,0.4102,0.9180783554570252,0.4223921178833534
Ennio_Doorbell,30,21,11907,shared_oas,0.99907412,0.9534733668341709,0.0222,1.0,0.125,2.0794415416798357
Ennio_Doorbell,30,21,11907,local_center_peer_scale,0.9999444,0.9972060301507537,0.0042,0.9908,0.125,2.0794415416798357
Ennio_Doorbell,30,21,11907,soft_mean,0.9999471999999999,0.9973467336683417,0.0018,0.9868,0.21433545862096312,2.010436543269903
Ennio_Doorbell,30,21,11907,soft_mean_scale,0.99991884,0.9959216080402009,0.0,0.4006,0.9268592758483459,0.38519828326951033
Ennio_Doorbell,30,22,562,shared_oas,0.99890668,0.945059296482412,0.023,1.0,0.125,2.0794415416798357
Ennio_Doorbell,30,22,562,local_center_peer_scale,0.99890284,0.9448663316582915,0.01,1.0,0.125,2.0794415416798357
Ennio_Doorbell,30,22,562,soft_mean,0.99890696,0.9450733668341709,0.008,1.0,0.226454375429444,1.9976435088664728
Ennio_Doorbell,30,22,562,soft_mean_scale,0.9974796,0.8733467336683417,0.0,0.4626,0.9073803358934919,0.46857520851546786
Ennio_Doorbell,30,23,15010,shared_oas,0.99724512,0.8615638190954774,0.0202,1.0,0.125,2.0794415416798357
Ennio_Doorbell,30,23,15010,local_center_peer_scale,0.9967096400000001,0.8347015075376885,0.0042,0.543,0.125,2.0794415416798357
Ennio_Doorbell,30,23,15010,soft_mean,0.99671572,0.8350150753768844,0.001,0.5386,0.26221485679935086,1.9620942867230313
Ennio_Doorbell,30,23,15010,soft_mean_scale,0.99742676,0.8711135678391959,0.0,0.4142,0.8972485562227378,0.504102299158399
Ennio_Doorbell,30,24,6667,shared_oas,0.99935328,0.9675015075376885,0.0808,1.0,0.125,2.0794415416798357
Ennio_Doorbell,30,24,6667,local_center_peer_scale,0.9995185999999999,0.9758090452261307,0.0174,1.0,0.125,2.0794415416798357
Ennio_Doorbell,30,24,6667,soft_mean,0.99951948,0.9758532663316584,0.0176,1.0,0.19545595004205518,2.0274769625296325
Ennio_Doorbell,30,24,6667,soft_mean_scale,0.99944044,0.971881407035176,0.0744,1.0,0.7834864424991349,0.9189240564451693
Ennio_Doorbell,30,25,20925,shared_oas,0.99910348,0.9549487437185931,0.1324,1.0,0.125,2.0794415416798357
Ennio_Doorbell,30,25,20925,local_center_peer_scale,0.99813396,0.9062291457286431,0.0418,1.0,0.125,2.0794415416798357
Ennio_Doorbell,30,25,20925,soft_mean,0.99731612,0.8651316582914573,0.033,1.0,0.3010839914275054,1.9169068293935538
Ennio_Doorbell,30,25,20925,soft_mean_scale,0.95881548,0.7678994974874371,0.0026,0.4634,0.9863762254868703,0.08936925980677482
Ennio_Doorbell,30,26,12598,shared_oas,0.99963904,0.9818613065326633,0.1162,1.0,0.125,2.0794415416798357
Ennio_Doorbell,30,26,12598,local_center_peer_scale,0.9998668000000001,0.9933065326633166,0.0112,1.0,0.125,2.0794415416798357
Ennio_Doorbell,30,26,12598,soft_mean,0.99990376,0.9951638190954774,0.0096,1.0,0.23983697726490452,1.9816720386976348
Ennio_Doorbell,30,26,12598,soft_mean_scale,0.99887836,0.9436361809045226,0.0028,0.6044,0.9734476920806112,0.159025957731856
Ennio_Doorbell,30,27,22002,shared_oas,0.99933276,0.9664703517587939,0.022,1.0,0.125,2.0794415416798357
Ennio_Doorbell,30,27,22002,local_center_peer_scale,0.99933116,0.9663899497487437,0.0076,1.0,0.125,2.0794415416798357
Ennio_Doorbell,30,27,22002,soft_mean,0.9993367599999999,0.9666713567839196,0.0038,1.0,0.26906921198507655,1.959914809810033
Ennio_Doorbell,30,27,22002,soft_mean_scale,0.9980832399999999,0.9036804020100502,0.0,0.4064,0.9235941693975673,0.3991977684988504
Ennio_Doorbell,30,28,25385,shared_oas,0.89429556,0.7977688442211055,0.977,1.0,0.125,2.0794415416798357
Ennio_Doorbell,30,28,25385,local_center_peer_scale,0.86917432,0.7678150753768844,0.9762,1.0,0.125,2.0794415416798357
Ennio_Doorbell,30,28,25385,soft_mean,0.8833456800000001,0.7656824120603016,0.9772,1.0,0.2692292676005879,1.9333084652224408
Ennio_Doorbell,30,28,25385,soft_mean_scale,0.8938688000000001,0.6991356783919598,0.8484,1.0,0.9991080195427781,0.007634990338119036
Ennio_Doorbell,30,29,9776,shared_oas,0.9999709999999999,0.9985427135678393,0.093,1.0,0.125,2.0794415416798357
Ennio_Doorbell,30,29,9776,local_center_peer_scale,0.99996256,0.9981185929648242,0.0836,1.0,0.125,2.0794415416798357
Ennio_Doorbell,30,29,9776,soft_mean,0.99996504,0.998243216080402,0.083,1.0,0.17457922831769648,2.0334220135811063
Ennio_Doorbell,30,29,9776,soft_mean_scale,0.9999804,0.9990150753768845,0.0656,1.0,0.5214167252880617,1.592060688616495
Ennio_Doorbell,100,0,20253,shared_oas,0.99932048,0.9658532663316584,0.3908,1.0,0.125,2.0794415416798357
Ennio_Doorbell,100,0,20253,local_center_peer_scale,0.99882788,0.9410994974874372,0.414,1.0,0.125,2.0794415416798357
Ennio_Doorbell,100,0,20253,soft_mean,0.9988315200000001,0.9412824120603014,0.4094,1.0,0.2769442562323106,1.9499635742041512
Ennio_Doorbell,100,0,20253,soft_mean_scale,0.9978737200000001,0.8931517587939699,0.3256,1.0,0.960282368747877,0.23177572363729487
Ennio_Doorbell,100,1,14139,shared_oas,0.99966948,0.9833909547738694,0.1626,1.0,0.125,2.0794415416798357
Ennio_Doorbell,100,1,14139,local_center_peer_scale,0.9995878,0.979286432160804,0.1554,1.0,0.125,2.0794415416798357
Ennio_Doorbell,100,1,14139,soft_mean,0.99958512,0.9791517587939698,0.1498,1.0,0.28515912661958875,1.9401782183362049
Ennio_Doorbell,100,1,14139,soft_mean_scale,0.99830356,0.9147517587939697,0.08,1.0,0.9693962369078937,0.18532752048084083
Ennio_Doorbell,100,2,25423,shared_oas,0.99979624,0.9897608040201005,0.0762,1.0,0.125,2.0794415416798357
Ennio_Doorbell,100,2,25423,local_center_peer_scale,0.99996328,0.9981547738693468,0.0808,1.0,0.125,2.0794415416798357
Ennio_Doorbell,100,2,25423,soft_mean,0.99996544,0.9982633165829147,0.08,1.0,0.1900609613634501,2.026275861749358
Ennio_Doorbell,100,2,25423,soft_mean_scale,0.9999714799999999,0.9985668341708543,0.0154,1.0,0.9056157279969733,0.47119114050047656
Ennio_Doorbell,100,3,19487,shared_oas,0.9994946,0.9746030150753768,0.0654,1.0,0.125,2.0794415416798357
Ennio_Doorbell,100,3,19487,local_center_peer_scale,0.99924936,0.9622793969849246,0.0586,1.0,0.125,2.0794415416798357
Ennio_Doorbell,100,3,19487,soft_mean,0.99924868,0.9622452261306533,0.0518,1.0,0.2734575811626229,1.9516965399200112
Ennio_Doorbell,100,3,19487,soft_mean_scale,0.99846428,0.9228281407035177,0.021,1.0,0.960097210545029,0.23279784853588942
Ennio_Doorbell,100,4,10648,shared_oas,0.9990358,0.9515477386934673,0.065,1.0,0.125,2.0794415416798357
Ennio_Doorbell,100,4,10648,local_center_peer_scale,0.99888544,0.943991959798995,0.0594,1.0,0.125,2.0794415416798357
Ennio_Doorbell,100,4,10648,soft_mean,0.99888652,0.9440462311557789,0.0566,1.0,0.1914033345760404,2.0352759864413335
Ennio_Doorbell,100,4,10648,soft_mean_scale,0.9990456000000001,0.9520402010050252,0.0392,1.0,0.6873038712560078,1.2095873727042896
Ennio_Doorbell,100,5,20808,shared_oas,0.99728616,0.8636281407035176,0.0426,1.0,0.125,2.0794415416798357
Ennio_Doorbell,100,5,20808,local_center_peer_scale,0.9970182799999999,0.8501788944723618,0.0258,1.0,0.125,2.0794415416798357
Ennio_Doorbell,100,5,20808,soft_mean,0.9970490399999999,0.851724623115578,0.0232,1.0,0.2866595961294957,1.9361324975371477
Ennio_Doorbell,100,5,20808,soft_mean_scale,0.9972968799999999,0.8641788944723618,0.0104,0.9996,0.9631697268669389,0.2160261330887562
Ennio_Doorbell,100,6,24509,shared_oas,0.99907896,0.9537165829145728,0.007,1.0,0.125,2.0794415416798357
Ennio_Doorbell,100,6,24509,local_center_peer_scale,0.9990808,0.9538090452261306,0.005,1.0,0.125,2.0794415416798357
Ennio_Doorbell,100,6,24509,soft_mean,0.99908116,0.9538271356783921,0.005,1.0,0.26483750751591817,1.963444753511141
Ennio_Doorbell,100,6,24509,soft_mean_scale,0.99926692,0.9631618090452262,0.0042,1.0,0.9240840159610578,0.39102087832141263
Ennio_Doorbell,100,7,8753,shared_oas,0.9991106399999999,0.9553085427135678,0.0564,1.0,0.125,2.0794415416798357
Ennio_Doorbell,100,7,8753,local_center_peer_scale,0.99911332,0.955443216080402,0.0364,1.0,0.125,2.0794415416798357
Ennio_Doorbell,100,7,8753,soft_mean,0.99911392,0.9554733668341708,0.0286,1.0,0.21637501808573442,2.008128328324671
Ennio_Doorbell,100,7,8753,soft_mean_scale,0.99927596,0.96361608040201,0.004,1.0,0.8264601718708899,0.7677443388878413
Ennio_Doorbell,100,8,3535,shared_oas,0.99942636,0.9711738693467337,0.0596,1.0,0.125,2.0794415416798357
Ennio_Doorbell,100,8,3535,local_center_peer_scale,0.9994276799999999,0.9712402010050252,0.0592,1.0,0.125,2.0794415416798357
Ennio_Doorbell,100,8,3535,soft_mean,0.99942868,0.9712904522613065,0.054,1.0,0.2059501033431404,2.0141063228979066
Ennio_Doorbell,100,8,3535,soft_mean_scale,0.9994304,0.9713768844221106,0.0276,1.0,0.7364841981907477,1.0617912424733447
Ennio_Doorbell,100,9,23350,shared_oas,0.9956912,0.7836201005025126,0.0426,1.0,0.125,2.0794415416798357
Ennio_Doorbell,100,9,23350,local_center_peer_scale,0.995876,0.7938251256281407,0.0328,1.0,0.125,2.0794415416798357
Ennio_Doorbell,100,9,23350,soft_mean,0.99600452,0.7995396984924623,0.027,1.0,0.28788581491402454,1.9343006278625414
Ennio_Doorbell,100,9,23350,soft_mean_scale,0.99744288,0.871537688442211,0.0098,0.9998,0.9628879581667925,0.21666596084733278
Ennio_Doorbell,100,10,5355,shared_oas,0.99849016,0.9241286432160805,0.0426,1.0,0.125,2.0794415416798357
Ennio_Doorbell,100,10,5355,local_center_peer_scale,0.99848696,0.9239678391959799,0.0306,1.0,0.125,2.0794415416798357
Ennio_Doorbell,100,10,5355,soft_mean,0.99849068,0.9241547738693467,0.0246,1.0,0.2253739596739622,1.9973653424473774
Ennio_Doorbell,100,10,5355,soft_mean_scale,0.99936536,0.9681085427135678,0.0,0.6028,0.8355174491311145,0.7324881514677828
Ennio_Doorbell,100,11,8849,shared_oas,0.99854044,0.9266552763819096,0.0612,1.0,0.125,2.0794415416798357
Ennio_Doorbell,100,11,8849,local_center_peer_scale,0.9983782,0.918502512562814,0.0568,1.0,0.125,2.0794415416798357
Ennio_Doorbell,100,11,8849,soft_mean,0.9983785199999999,0.9185185929648241,0.0524,1.0,0.2176086424843021,2.005419218024777
Ennio_Doorbell,100,11,8849,soft_mean_scale,0.99910744,0.9551477386934675,0.025,1.0,0.7358104788477459,1.0561516451327277
Ennio_Doorbell,100,12,11245,shared_oas,0.99933268,0.9664663316582914,0.183,1.0,0.125,2.0794415416798357
Ennio_Doorbell,100,12,11245,local_center_peer_scale,0.99908952,0.9542472361809045,0.1866,1.0,0.125,2.0794415416798357
Ennio_Doorbell,100,12,11245,soft_mean,0.99900804,0.9501527638190954,0.1778,1.0,0.29073306438698887,1.9331060154823954
Ennio_Doorbell,100,12,11245,soft_mean_scale,0.9976954,0.8841909547738693,0.104,1.0,0.9705969783666861,0.1787668545460978
Ennio_Doorbell,100,13,5223,shared_oas,0.99905144,0.9523336683417085,0.155,1.0,0.125,2.0794415416798357
Ennio_Doorbell,100,13,5223,local_center_peer_scale,0.998821,0.9407537688442211,0.1556,1.0,0.125,2.0794415416798357
Ennio_Doorbell,100,13,5223,soft_mean,0.99882288,0.9408482412060302,0.1514,1.0,0.20210483431167778,2.0207051162709875
Ennio_Doorbell,100,13,5223,soft_mean_scale,0.99898228,0.9488582914572865,0.1026,1.0,0.7529872792598674,1.012873397138853
Ennio_Doorbell,100,14,14131,shared_oas,0.99917928,0.9587577889447236,0.1556,1.0,0.125,2.0794415416798357
Ennio_Doorbell,100,14,14131,local_center_peer_scale,0.99901708,0.9506070351758794,0.1478,1.0,0.125,2.0794415416798357
Ennio_Doorbell,100,14,14131,soft_mean,0.99901516,0.9505105527638191,0.1428,1.0,0.2756695341164667,1.9518478230976801
Ennio_Doorbell,100,14,14131,soft_mean_scale,0.99767512,0.8831718592964825,0.0846,1.0,0.9622393723107965,0.22228867051555465
Ennio_Doorbell,100,15,13400,shared_oas,0.9995715599999999,0.9784703517587939,0.0898,1.0,0.125,2.0794415416798357
Ennio_Doorbell,100,15,13400,local_center_peer_scale,0.99948412,0.9740763819095478,0.096,1.0,0.125,2.0794415416798357
Ennio_Doorbell,100,15,13400,soft_mean,0.99956248,0.9780140703517587,0.0922,1.0,0.2866081382154069,1.9366889109350498
Ennio_Doorbell,100,15,13400,soft_mean_scale,0.9980245999999999,0.9007336683417085,0.032,1.0,0.9699075904696395,0.18211226117669255
Ennio_Doorbell,100,16,24810,shared_oas,0.9998028800000001,0.990094472361809,0.2586,1.0,0.125,2.0794415416798357
Ennio_Doorbell,100,16,24810,local_center_peer_scale,0.99996944,0.9984643216080402,0.2866,1.0,0.125,2.0794415416798357
Ennio_Doorbell,100,16,24810,soft_mean,0.99997404,0.9986954773869346,0.2568,1.0,0.2252225129495616,1.997008359385675
Ennio_Doorbell,100,16,24810,soft_mean_scale,0.99926384,0.9630070351758795,0.1992,1.0,0.9474227586694131,0.2904340728450514
Ennio_Doorbell,100,17,953,shared_oas,0.9993190799999999,0.9657829145728644,0.0524,1.0,0.125,2.0794415416798357
Ennio_Doorbell,100,17,953,local_center_peer_scale,0.9993242400000001,0.9660422110552764,0.0348,1.0,0.125,2.0794415416798357
Ennio_Doorbell,100,17,953,soft_mean,0.9993252,0.9660904522613065,0.0272,1.0,0.2694801792169349,1.9591638439924839
Ennio_Doorbell,100,17,953,soft_mean_scale,0.99935128,0.9674010050251256,0.0068,1.0,0.9469019916038576,0.2953317212399401
Ennio_Doorbell,100,18,1703,shared_oas,0.99910048,0.9547979899497487,0.065,1.0,0.125,2.0794415416798357
Ennio_Doorbell,100,18,1703,local_center_peer_scale,0.99869892,0.934619095477387,0.06,1.0,0.125,2.0794415416798357
Ennio_Doorbell,100,18,1703,soft_mean,0.9986990800000001,0.934627135678392,0.0572,1.0,0.19746001922599696,2.0277575833711277
Ennio_Doorbell,100,18,1703,soft_mean_scale,0.99910568,0.9550592964824121,0.0082,1.0,0.714987095350802,1.125357379063784
Ennio_Doorbell,100,19,24384,shared_oas,0.9992576799999999,0.962697487437186,0.0562,1.0,0.125,2.0794415416798357
Ennio_Doorbell,100,19,24384,local_center_peer_scale,0.99910172,0.9548603015075376,0.0324,1.0,0.125,2.0794415416798357
Ennio_Doorbell,100,19,24384,soft_mean,0.99910344,0.9549467336683417,0.0268,1.0,0.26824026859325245,1.9582442456320774
Ennio_Doorbell,100,19,24384,soft_mean_scale,0.9992040000000001,0.96,0.0128,1.0,0.9347611851930274,0.35049093904535833
Ennio_Doorbell,100,20,11265,shared_oas,0.99908232,0.9538854271356784,0.3462,1.0,0.125,2.0794415416798357
Ennio_Doorbell,100,20,11265,local_center_peer_scale,0.9988345999999999,0.9414371859296482,0.3752,1.0,0.125,2.0794415416798357
Ennio_Doorbell,100,20,11265,soft_mean,0.9988368,0.9415477386934674,0.3698,1.0,0.27691919437213514,1.9500665607070182
Ennio_Doorbell,100,20,11265,soft_mean_scale,0.997901,0.8945226130653267,0.3034,1.0,0.9620414766386721,0.22300492602511582
Ennio_Doorbell,100,21,5641,shared_oas,0.99943112,0.9714130653266333,0.068,1.0,0.125,2.0794415416798357
Ennio_Doorbell,100,21,5641,local_center_peer_scale,0.99943524,0.9716201005025127,0.05,1.0,0.125,2.0794415416798357
Ennio_Doorbell,100,21,5641,soft_mean,0.99943748,0.9717326633165829,0.0418,1.0,0.2203270105642111,2.005434036475248
Ennio_Doorbell,100,21,5641,soft_mean_scale,0.99952284,0.9760221105527639,0.0044,1.0,0.8227009022662076,0.7796049989028081
Ennio_Doorbell,100,22,13489,shared_oas,0.9968528799999999,0.8418532663316582,0.0714,1.0,0.125,2.0794415416798357
Ennio_Doorbell,100,22,13489,local_center_peer_scale,0.99654352,0.8263095477386935,0.0716,1.0,0.125,2.0794415416798357
Ennio_Doorbell,100,22,13489,soft_mean,0.9966368,0.8309989949748744,0.071,1.0,0.28970591109752986,1.9308214520976368
Ennio_Doorbell,100,22,13489,soft_mean_scale,0.99742456,0.8706050251256281,0.0666,1.0,0.9669931353694547,0.19680450429098803
Ennio_Doorbell,100,23,11728,shared_oas,0.9996289199999999,0.9813527638190955,0.0732,1.0,0.125,2.0794415416798357
Ennio_Doorbell,100,23,11728,local_center_peer_scale,0.9999567199999999,0.9978251256281407,0.0736,1.0,0.125,2.0794415416798357
Ennio_Doorbell,100,23,11728,soft_mean,0.9999634,0.9981608040201005,0.0694,1.0,0.212187567109516,2.0065383695758223
Ennio_Doorbell,100,23,11728,soft_mean_scale,0.99999652,0.9998251256281407,0.0116,1.0,0.9420817761784153,0.31413028990525127
Ennio_Doorbell,100,24,14333,shared_oas,0.99916352,0.9579658291457287,0.3536,1.0,0.125,2.0794415416798357
Ennio_Doorbell,100,24,14333,local_center_peer_scale,0.99907388,0.9534613065326633,0.3812,1.0,0.125,2.0794415416798357
Ennio_Doorbell,100,24,14333,soft_mean,0.99907456,0.9534954773869346,0.3782,1.0,0.27573573856906886,1.9520575104750417
Ennio_Doorbell,100,24,14333,soft_mean_scale,0.99772716,0.8857869346733669,0.3118,1.0,0.9625387182500907,0.22067645445193285
Ennio_Doorbell,100,25,1203,shared_oas,0.99935756,0.9677165829145729,0.13,1.0,0.125,2.0794415416798357
Ennio_Doorbell,100,25,1203,local_center_peer_scale,0.9992008800000001,0.959843216080402,0.1384,1.0,0.125,2.0794415416798357
Ennio_Doorbell,100,25,1203,soft_mean,0.9992018,0.9598894472361809,0.1364,1.0,0.20614516035180933,2.017792060898056
Ennio_Doorbell,100,25,1203,soft_mean_scale,0.99920364,0.9599819095477387,0.1082,1.0,0.7677156592247268,0.9657043415506823
Ennio_Doorbell,100,26,19943,shared_oas,0.99923824,0.9617206030150753,0.063,1.0,0.125,2.0794415416798357
Ennio_Doorbell,100,26,19943,local_center_peer_scale,0.9988155599999999,0.9404804020100502,0.0558,1.0,0.125,2.0794415416798357
Ennio_Doorbell,100,26,19943,soft_mean,0.99906,0.9527638190954775,0.0488,1.0,0.28398295591061634,1.9399683283785163
Ennio_Doorbell,100,26,19943,soft_mean_scale,0.99769124,0.8839819095477387,0.0196,1.0,0.9662897857724138,0.20093981201425729
Ennio_Doorbell,100,27,4680,shared_oas,0.99876796,0.9380884422110553,0.0958,1.0,0.125,2.0794415416798357
Ennio_Doorbell,100,27,4680,local_center_peer_scale,0.99869012,0.9341768844221106,0.0506,1.0,0.125,2.0794415416798357
Ennio_Doorbell,100,27,4680,soft_mean,0.99869136,0.9342391959798995,0.0476,1.0,0.20139353801635118,2.020928202027932
Ennio_Doorbell,100,27,4680,soft_mean_scale,0.9990192800000001,0.9507175879396985,0.0144,1.0,0.7303929893651802,1.0795891529505028
Ennio_Doorbell,100,28,8427,shared_oas,0.99902612,0.9510613065326633,0.033,1.0,0.125,2.0794415416798357
Ennio_Doorbell,100,28,8427,local_center_peer_scale,0.998711,0.9352261306532663,0.0264,1.0,0.125,2.0794415416798357
Ennio_Doorbell,100,28,8427,soft_mean,0.99887264,0.943348743718593,0.023,1.0,0.20464952379290965,2.0192933664162327
Ennio_Doorbell,100,28,8427,soft_mean_scale,0.99887612,0.9435236180904523,0.0074,1.0,0.725173173386468,1.0962894588111338
Ennio_Doorbell,100,29,21974,shared_oas,0.99939364,0.9695296482412061,0.0492,1.0,0.125,2.0794415416798357
Ennio_Doorbell,100,29,21974,local_center_peer_scale,0.99930492,0.9650713567839195,0.0412,1.0,0.125,2.0794415416798357
Ennio_Doorbell,100,29,21974,soft_mean,0.99930448,0.9650492462311557,0.0342,1.0,0.2762743348052593,1.9492626583379646
Ennio_Doorbell,100,29,21974,soft_mean_scale,0.9979124,0.8950954773869346,0.0122,1.0,0.9593282418769092,0.2362643060603199
Ennio_Doorbell,300,0,12085,shared_oas,0.94541228,0.7132703517587939,0.0,0.0,0.125,2.0794415416798357
Ennio_Doorbell,300,0,12085,local_center_peer_scale,0.9474267199999999,0.6941989949748744,0.0,0.0,0.125,2.0794415416798357
Ennio_Doorbell,300,0,12085,soft_mean,0.94567228,0.6778472361809045,0.0,0.0,0.21452814024084013,1.9859801680671718
Ennio_Doorbell,300,0,12085,soft_mean_scale,0.94361176,0.6646532663316582,0.0,0.0,0.4740482100343521,1.4886245467783623
Ennio_Doorbell,300,1,1380,shared_oas,0.9990945600000001,0.9545005025125629,0.0932,1.0,0.125,2.0794415416798357
Ennio_Doorbell,300,1,1380,local_center_peer_scale,0.99910004,0.9547758793969849,0.0924,1.0,0.125,2.0794415416798357
Ennio_Doorbell,300,1,1380,soft_mean,0.99910128,0.9548381909547738,0.0906,1.0,0.20733572850817117,2.0163156094804036
Ennio_Doorbell,300,1,1380,soft_mean_scale,0.9991024,0.954894472361809,0.0658,1.0,0.7495852723166857,1.0233463215872118
Ennio_Doorbell,300,2,16724,shared_oas,0.9495554,0.7868804020100502,0.0,0.4528,0.125,2.0794415416798357
Ennio_Doorbell,300,2,16724,local_center_peer_scale,0.9637673600000001,0.7869768844221106,0.0,0.4536,0.125,2.0794415416798357
Ennio_Doorbell,300,2,16724,soft_mean,0.96496636,0.7866733668341708,0.0,0.454,0.2680824608747176,1.9595207185864365
Ennio_Doorbell,300,2,16724,soft_mean_scale,0.97464868,0.7846010050251255,0.0014,0.5136,0.9055294534881257,0.46198786363812894
Ennio_Doorbell,300,3,4467,shared_oas,0.97161952,0.7905628140703518,0.1288,1.0,0.125,2.0794415416798357
Ennio_Doorbell,300,3,4467,local_center_peer_scale,0.9712406,0.788,0.1242,1.0,0.125,2.0794415416798357
Ennio_Doorbell,300,3,4467,soft_mean,0.97259764,0.7912261306532663,0.1238,1.0,0.20863640312579224,2.0133363189206213
Ennio_Doorbell,300,3,4467,soft_mean_scale,0.97640832,0.7961185929648241,0.0986,1.0,0.7049329058052192,1.1454078859078067
Ennio_Doorbell,300,4,16116,shared_oas,0.99673312,0.8359798994974874,0.062,1.0,0.125,2.0794415416798357
Ennio_Doorbell,300,4,16116,local_center_peer_scale,0.99640256,0.8194653266331657,0.062,1.0,0.125,2.0794415416798357
Ennio_Doorbell,300,4,16116,soft_mean,0.9963428,0.8164201005025127,0.0588,1.0,0.24643660822075344,1.9862919933837784
Ennio_Doorbell,300,4,16116,soft_mean_scale,0.9967497599999999,0.8366713567839197,0.0294,1.0,0.8539232325528249,0.6772706558059463
Ennio_Doorbell,300,5,3631,shared_oas,0.99816968,0.9080241206030151,0.0754,1.0,0.125,2.0794415416798357
Ennio_Doorbell,300,5,3631,local_center_peer_scale,0.99796964,0.8979718592964825,0.0748,1.0,0.125,2.0794415416798357
Ennio_Doorbell,300,5,3631,soft_mean,0.99799632,0.8993125628140703,0.0728,1.0,0.20892938983979914,2.012036327272392
Ennio_Doorbell,300,5,3631,soft_mean_scale,0.9985767999999999,0.9284824120603015,0.0436,1.0,0.7556532652949705,1.0024799089604262
Ennio_Doorbell,300,6,11832,shared_oas,0.98404804,0.7810854271356784,0.0094,0.5962,0.125,2.0794415416798357
Ennio_Doorbell,300,6,11832,local_center_peer_scale,0.9825592,0.7797286432160804,0.0044,0.5812,0.125,2.0794415416798357
Ennio_Doorbell,300,6,11832,soft_mean,0.98215248,0.7790472361809045,0.0046,0.5848,0.2475220234954346,1.9778649101414782
Ennio_Doorbell,300,6,11832,soft_mean_scale,0.98377556,0.7641065326633165,0.0136,0.5968,0.9503816188627734,0.27513056262575486
Ennio_Doorbell,300,7,15161,shared_oas,0.9659594800000001,0.7588562814070352,0.2848,1.0,0.125,2.0794415416798357
Ennio_Doorbell,300,7,15161,local_center_peer_scale,0.9703267600000001,0.7558934673366834,0.2732,1.0,0.125,2.0794415416798357
Ennio_Doorbell,300,7,15161,soft_mean,0.9716684,0.7499577889447236,0.2732,1.0,0.2869382262250033,1.9372290742347245
Ennio_Doorbell,300,7,15161,soft_mean_scale,0.98950816,0.7537748743718593,0.2662,1.0,0.9668849100555866,0.1968958950941601
Ennio_Doorbell,300,8,25388,shared_oas,0.97460668,0.793443216080402,0.078,0.9994,0.125,2.0794415416798357
Ennio_Doorbell,300,8,25388,local_center_peer_scale,0.99584096,0.7991979899497488,0.0812,0.9994,0.125,2.0794415416798357
Ennio_Doorbell,300,8,25388,soft_mean,0.99556872,0.7922211055276382,0.0788,0.9994,0.22621907806130329,1.9961841695600784
Ennio_Doorbell,300,8,25388,soft_mean_scale,0.99652764,0.8317065326633166,0.0772,0.9994,0.9290424480912115,0.368700636874663
Ennio_Doorbell,300,9,2727,shared_oas,0.9983918,0.9191859296482412,0.0484,1.0,0.125,2.0794415416798357
Ennio_Doorbell,300,9,2727,local_center_peer_scale,0.9981513999999999,0.907105527638191,0.0502,1.0,0.125,2.0794415416798357
Ennio_Doorbell,300,9,2727,soft_mean,0.9983926399999999,0.9192281407035175,0.0444,1.0,0.20874579384631814,2.012431485304776
Ennio_Doorbell,300,9,2727,soft_mean_scale,0.99887492,0.9434633165829145,0.0234,1.0,0.7395503841702333,1.051405670165625
Ennio_Doorbell,300,10,1285,shared_oas,0.99920152,0.9598753768844221,0.107,1.0,0.125,2.0794415416798357
Ennio_Doorbell,300,10,1285,local_center_peer_scale,0.99912932,0.9562472361809045,0.1116,1.0,0.125,2.0794415416798357
Ennio_Doorbell,300,10,1285,soft_mean,0.99913016,0.9562894472361809,0.1078,1.0,0.20635471703298444,2.0182512153901735
Ennio_Doorbell,300,10,1285,soft_mean_scale,0.99936712,0.968196984924623,0.092,1.0,0.7465419543190945,1.0330312701845268
Ennio_Doorbell,300,11,16953,shared_oas,0.95173308,0.7867477386934674,0.0,0.409,0.125,2.0794415416798357
Ennio_Doorbell,300,11,16953,local_center_peer_scale,0.9837651199999999,0.7783618090452261,0.0,0.4088,0.125,2.0794415416798357
Ennio_Doorbell,300,11,16953,soft_mean,0.98300516,0.776297487437186,0.0,0.4088,0.25487290723796674,1.9721921423867785
Ennio_Doorbell,300,11,16953,soft_mean_scale,0.9875398400000001,0.7601949748743719,0.0024,0.4688,0.9334760361393935,0.3472176209857491
Ennio_Doorbell,300,12,22808,shared_oas,0.99940844,0.9702733668341709,0.3158,1.0,0.125,2.0794415416798357
Ennio_Doorbell,300,12,22808,local_center_peer_scale,0.99940376,0.970038190954774,0.3104,1.0,0.125,2.0794415416798357
Ennio_Doorbell,300,12,22808,soft_mean,0.99923784,0.9617005025125627,0.3106,1.0,0.2864217504787657,1.9382454956495019
Ennio_Doorbell,300,12,22808,soft_mean_scale,0.99797544,0.8982633165829146,0.292,1.0,0.9722924494315636,0.17023372090746705
Ennio_Doorbell,300,13,17735,shared_oas,0.9990826399999999,0.9539015075376884,0.0622,1.0,0.125,2.0794415416798357
Ennio_Doorbell,300,13,17735,local_center_peer_scale,0.99917468,0.9585266331658292,0.0536,1.0,0.125,2.0794415416798357
Ennio_Doorbell,300,13,17735,soft_mean,0.9991766000000001,0.9586231155778895,0.0522,1.0,0.27727422800381685,1.947559852133316
Ennio_Doorbell,300,13,17735,soft_mean_scale,0.99837196,0.9181889447236182,0.0308,1.0,0.9632046965795885,0.21658596997022705
Ennio_Doorbell,300,14,1473,shared_oas,0.9996725599999999,0.9835457286432161,0.1034,1.0,0.125,2.0794415416798357
Ennio_Doorbell,300,14,1473,local_center_peer_scale,0.9996772,0.9837788944723618,0.1082,1.0,0.125,2.0794415416798357
Ennio_Doorbell,300,14,1473,soft_mean,0.99967772,0.9838050251256282,0.1052,1.0,0.20806665256951895,2.0154456233383957
Ennio_Doorbell,300,14,1473,soft_mean_scale,0.99967808,0.9838231155778894,0.0796,1.0,0.7525632264945626,1.014303250824122
Ennio_Doorbell,300,15,2532,shared_oas,0.99911768,0.9556623115577889,0.1106,1.0,0.125,2.0794415416798357
Ennio_Doorbell,300,15,2532,local_center_peer_scale,0.99888612,0.9440261306532662,0.1124,1.0,0.125,2.0794415416798357
Ennio_Doorbell,300,15,2532,soft_mean,0.99896696,0.9480884422110553,0.1092,1.0,0.2062723452901601,2.015676936421843
Ennio_Doorbell,300,15,2532,soft_mean_scale,0.99912628,0.956094472361809,0.0874,1.0,0.7344645522726713,1.0692970600807428
Ennio_Doorbell,300,16,12060,shared_oas,0.94717804,0.7380562814070352,0.0016,0.408,0.125,2.0794415416798357
Ennio_Doorbell,300,16,12060,local_center_peer_scale,0.94661852,0.715678391959799,0.0028,0.405,0.125,2.0794415416798357
Ennio_Doorbell,300,16,12060,soft_mean,0.9448786,0.7025648241206031,0.0034,0.4072,0.21218302579204276,1.9875524085418725
Ennio_Doorbell,300,16,12060,soft_mean_scale,0.94283312,0.6866633165829146,0.0016,0.3514,0.46548842874222296,1.506999131254922
Ennio_Doorbell,300,17,25386,shared_oas,0.9725409600000001,0.7922733668341708,0.083,0.9996,0.125,2.0794415416798357
Ennio_Doorbell,300,17,25386,local_center_peer_scale,0.99633036,0.8189547738693468,0.0858,0.9996,0.125,2.0794415416798357
Ennio_Doorbell,300,17,25386,soft_mean,0.9961912,0.8118994974874372,0.0828,0.9996,0.22573455310957657,1.9965934689595128
Ennio_Doorbell,300,17,25386,soft_mean_scale,0.99745852,0.8753005025125629,0.081,0.9996,0.9289924457627899,0.36891945864187414
Ennio_Doorbell,300,18,3125,shared_oas,0.9746228,0.7913386934673367,0.0634,0.61,0.125,2.0794415416798357
Ennio_Doorbell,300,18,3125,local_center_peer_scale,0.97354184,0.788532663316583,0.064,0.61,0.125,2.0794415416798357
Ennio_Doorbell,300,18,3125,soft_mean,0.97438928,0.7915095477386935,0.0614,0.61,0.204556417453056,2.018865641526266
Ennio_Doorbell,300,18,3125,soft_mean_scale,0.977923,0.8003678391959799,0.0436,0.61,0.692092195037231,1.183260115670933
Ennio_Doorbell,300,19,16900,shared_oas,0.9547555600000001,0.7771859296482412,0.0,0.3888,0.125,2.0794415416798357
Ennio_Doorbell,300,19,16900,local_center_peer_scale,0.98309084,0.7614613065326634,0.0,0.3866,0.125,2.0794415416798357
Ennio_Doorbell,300,19,16900,soft_mean,0.98254676,0.7591336683417086,0.0,0.3866,0.2644305371894418,1.963393824689362
Ennio_Doorbell,300,19,16900,soft_mean_scale,0.98591052,0.7369628140703518,0.0036,0.4498,0.9333943250753545,0.3469298950239418
Ennio_Doorbell,300,20,17259,shared_oas,0.99275056,0.7754713567839195,0.0088,0.5914,0.125,2.0794415416798357
Ennio_Doorbell,300,20,17259,local_center_peer_scale,0.9932186,0.7743638190954774,0.0088,0.5914,0.125,2.0794415416798357
Ennio_Doorbell,300,20,17259,soft_mean,0.9933078000000001,0.774737688442211,0.0088,0.5914,0.22069673959410863,2.006632341257457
Ennio_Doorbell,300,20,17259,soft_mean_scale,0.993567,0.7795417085427135,0.0056,0.5824,0.8570812395667468,0.6552149008948355
Ennio_Doorbell,300,21,4780,shared_oas,0.99920624,0.9601125628140703,0.1304,1.0,0.125,2.0794415416798357
Ennio_Doorbell,300,21,4780,local_center_peer_scale,0.9990534400000001,0.9524341708542714,0.1278,1.0,0.125,2.0794415416798357
Ennio_Doorbell,300,21,4780,soft_mean,0.99905364,0.9524442211055276,0.1218,1.0,0.20854852698362797,2.015180569282577
Ennio_Doorbell,300,21,4780,soft_mean_scale,0.99929028,0.9643356783919599,0.1038,1.0,0.748268871171297,1.0261808538277606
Ennio_Doorbell,300,22,7496,shared_oas,0.99919888,0.9597427135678391,0.0882,1.0,0.125,2.0794415416798357
Ennio_Doorbell,300,22,7496,local_center_peer_scale,0.99920364,0.9599819095477387,0.0886,1.0,0.125,2.0794415416798357
Ennio_Doorbell,300,22,7496,soft_mean,0.99920424,0.9600120603015075,0.084,1.0,0.20861699022242863,2.0146400065370846
Ennio_Doorbell,300,22,7496,soft_mean_scale,0.99920464,0.9600321608040201,0.0644,1.0,0.7453896226913315,1.0351607352632914
Ennio_Doorbell,300,23,14715,shared_oas,0.999231,0.961356783919598,0.0654,1.0,0.125,2.0794415416798357
Ennio_Doorbell,300,23,14715,local_center_peer_scale,0.9990720399999999,0.9533688442211055,0.0624,1.0,0.125,2.0794415416798357
Ennio_Doorbell,300,23,14715,soft_mean,0.999073,0.9534170854271357,0.0564,1.0,0.2867399280507214,1.9379528466541474
Ennio_Doorbell,300,23,14715,soft_mean_scale,0.99837972,0.9185788944723619,0.0146,1.0,0.9750683853246745,0.15582580894454834
Ennio_Doorbell,300,24,1654,shared_oas,0.9991834399999999,0.9589668341708544,0.0628,1.0,0.125,2.0794415416798357
Ennio_Doorbell,300,24,1654,local_center_peer_scale,0.9991902,0.9593065326633166,0.0642,1.0,0.125,2.0794415416798357
Ennio_Doorbell,300,24,1654,soft_mean,0.999191,0.9593467336683417,0.0594,1.0,0.20724982161684571,2.0171684274206942
Ennio_Doorbell,300,24,1654,soft_mean_scale,0.99919344,0.9594693467336683,0.0436,1.0,0.7500869130610743,1.0216095570610422
Ennio_Doorbell,300,25,16275,shared_oas,0.99786428,0.8926773869346734,0.069,1.0,0.125,2.0794415416798357
Ennio_Doorbell,300,25,16275,local_center_peer_scale,0.9978170000000001,0.8903015075376886,0.0692,1.0,0.125,2.0794415416798357
Ennio_Doorbell,300,25,16275,soft_mean,0.9976274,0.8807738693467337,0.066,1.0,0.261481429983992,1.967322822027694
Ennio_Doorbell,300,25,16275,soft_mean_scale,0.9976641599999999,0.8826211055276383,0.0268,1.0,0.9290544982924842,0.3760328402811399
Ennio_Doorbell,300,26,13745,shared_oas,0.99618896,0.8085226130653267,0.2058,1.0,0.125,2.0794415416798357
Ennio_Doorbell,300,26,13745,local_center_peer_scale,0.9960214,0.8002190954773869,0.2024,1.0,0.125,2.0794415416798357
Ennio_Doorbell,300,26,13745,soft_mean,0.9962768399999999,0.8130773869346735,0.1968,1.0,0.2863874814096724,1.9374623751209792
Ennio_Doorbell,300,26,13745,soft_mean_scale,0.9973944400000001,0.8691557788944724,0.162,1.0,0.9720672614656144,0.17112194954993448
Ennio_Doorbell,300,27,326,shared_oas,0.9957858399999999,0.7882331658291457,0.0064,0.5838,0.125,2.0794415416798357
Ennio_Doorbell,300,27,326,local_center_peer_scale,0.99597164,0.7975698492462311,0.0062,0.5838,0.125,2.0794415416798357
Ennio_Doorbell,300,27,326,soft_mean,0.99599996,0.7989929648241205,0.0062,0.5838,0.21936904476128788,2.0058738880412705
Ennio_Doorbell,300,27,326,soft_mean_scale,0.99597828,0.7979035175879396,0.004,0.5838,0.858204994622401,0.6517580670614957
Ennio_Doorbell,300,28,22234,shared_oas,0.9988032800000001,0.9398633165829146,0.0886,1.0,0.125,2.0794415416798357
Ennio_Doorbell,300,28,22234,local_center_peer_scale,0.99813588,0.9063256281407035,0.0856,1.0,0.125,2.0794415416798357
Ennio_Doorbell,300,28,22234,soft_mean,0.9982243199999999,0.9107698492462312,0.0818,1.0,0.28495384247324107,1.9394571483880836
Ennio_Doorbell,300,28,22234,soft_mean_scale,0.9977897600000001,0.8889326633165828,0.0552,1.0,0.9710967538189682,0.17658609529843966
Ennio_Doorbell,300,29,25650,shared_oas,0.94571336,0.7297929648241206,0.0,0.0,0.125,2.0794415416798357
Ennio_Doorbell,300,29,25650,local_center_peer_scale,0.96703572,0.719137688442211,0.0,0.0,0.125,2.0794415416798357
Ennio_Doorbell,300,29,25650,soft_mean,0.9490356799999999,0.7172241206030151,0.0,0.0,0.20950908916348485,1.9874818623153714
Ennio_Doorbell,300,29,25650,soft_mean_scale,0.94431276,0.7050733668341709,0.0,0.0,0.4740370206596444,1.5008105430730196
Ennio_Doorbell,1000,0,1050,shared_oas,0.99858988,0.9291396984924623,0.0998,1.0,0.125,2.0794415416798357
Ennio_Doorbell,1000,0,1050,local_center_peer_scale,0.99793244,0.8961025125628141,0.1032,1.0,0.125,2.0794415416798357
Ennio_Doorbell,1000,0,1050,soft_mean,0.9979584,0.8974070351758794,0.1024,1.0,0.2105936491387668,2.0145274702304454
Ennio_Doorbell,1000,0,1050,soft_mean_scale,0.99860152,0.9297246231155778,0.09,1.0,0.7569306169409921,0.9982308245292475
Ennio_Doorbell,1000,1,20467,shared_oas,0.97021808,0.7595517587939699,0.2222,1.0,0.125,2.0794415416798357
Ennio_Doorbell,1000,1,20467,local_center_peer_scale,0.9706212,0.7590793969849245,0.229,1.0,0.125,2.0794415416798357
Ennio_Doorbell,1000,1,20467,soft_mean,0.97094888,0.7590653266331658,0.227,1.0,0.2854133587857249,1.9389146529374648
Ennio_Doorbell,1000,1,20467,soft_mean_scale,0.9858534800000001,0.7519457286432161,0.2092,1.0,0.9710418074043982,0.17617626402654998
Ennio_Doorbell,1000,2,19541,shared_oas,0.9645441200000001,0.758643216080402,0.2318,1.0,0.125,2.0794415416798357
Ennio_Doorbell,1000,2,19541,local_center_peer_scale,0.9691689199999999,0.7584040201005025,0.2456,1.0,0.125,2.0794415416798357
Ennio_Doorbell,1000,2,19541,soft_mean,0.9695293599999999,0.7572040201005025,0.2446,1.0,0.28589231020326467,1.9374090225898932
Ennio_Doorbell,1000,2,19541,soft_mean_scale,0.98655608,0.7488562814070352,0.2264,1.0,0.9691612951322393,0.1855447556337999
Ennio_Doorbell,1000,3,8850,shared_oas,0.99730496,0.8646934673366834,0.1258,1.0,0.125,2.0794415416798357
Ennio_Doorbell,1000,3,8850,local_center_peer_scale,0.99400008,0.7838613065326634,0.1264,1.0,0.125,2.0794415416798357
Ennio_Doorbell,1000,3,8850,soft_mean,0.9953788,0.7883417085427136,0.124,1.0,0.2079677076653543,2.0144821901846726
Ennio_Doorbell,1000,3,8850,soft_mean_scale,0.99805352,0.9021869346733669,0.1128,1.0,0.748538730528653,1.0267218151967135
Ennio_Doorbell,1000,4,8752,shared_oas,0.9978736,0.8932442211055276,0.1154,1.0,0.125,2.0794415416798357
Ennio_Doorbell,1000,4,8752,local_center_peer_scale,0.994604,0.7929768844221106,0.1188,1.0,0.125,2.0794415416798357
Ennio_Doorbell,1000,4,8752,soft_mean,0.9955372,0.7959175879396985,0.1152,1.0,0.20885025337764196,2.0138897752497686
Ennio_Doorbell,1000,4,8752,soft_mean_scale,0.9986432399999999,0.9318211055276382,0.1024,1.0,0.7533428250221091,1.0117661283167543
Ennio_Doorbell,1000,5,12942,shared_oas,0.9534772,0.7776261306532664,0.0024,0.5248,0.125,2.0794415416798357
Ennio_Doorbell,1000,5,12942,local_center_peer_scale,0.95846804,0.7766070351758794,0.0012,0.5246,0.125,2.0794415416798357
Ennio_Doorbell,1000,5,12942,soft_mean,0.95970524,0.7750974874371859,0.0022,0.5246,0.2794796196014815,1.946222126000356
Ennio_Doorbell,1000,5,12942,soft_mean_scale,0.97615016,0.7606170854271357,0.0054,0.5298,0.9520395644575284,0.2656828207664803
Ennio_Doorbell,1000,6,1969,shared_oas,0.9721557599999999,0.7806090452261307,0.1166,1.0,0.125,2.0794415416798357
Ennio_Doorbell,1000,6,1969,local_center_peer_scale,0.97040156,0.7702713567839196,0.1194,1.0,0.125,2.0794415416798357
Ennio_Doorbell,1000,6,1969,soft_mean,0.97140556,0.7768341708542714,0.1186,1.0,0.20853143314370262,2.0138755511323976
Ennio_Doorbell,1000,6,1969,soft_mean_scale,0.97536092,0.7953105527638191,0.1106,1.0,0.7327609704919026,1.069638110461683
Ennio_Doorbell,1000,7,20735,shared_oas,0.9669466800000001,0.7643175879396985,0.232,1.0,0.125,2.0794415416798357
Ennio_Doorbell,1000,7,20735,local_center_peer_scale,0.9678116,0.7641266331658292,0.2246,1.0,0.125,2.0794415416798357
Ennio_Doorbell,1000,7,20735,soft_mean,0.96807124,0.7640281407035177,0.2204,1.0,0.2868997073291301,1.9366959254649898
Ennio_Doorbell,1000,7,20735,soft_mean_scale,0.9847085200000001,0.7521989949748744,0.2022,1.0,0.9717436824574655,0.17246765932208696
Ennio_Doorbell,1000,8,14009,shared_oas,0.9663013600000001,0.7633989949748744,0.2112,1.0,0.125,2.0794415416798357
Ennio_Doorbell,1000,8,14009,local_center_peer_scale,0.9667384,0.7632542713567839,0.211,1.0,0.125,2.0794415416798357
Ennio_Doorbell,1000,8,14009,soft_mean,0.967245,0.7632080402010051,0.2072,1.0,0.28630962244926705,1.9378910347137712
Ennio_Doorbell,1000,8,14009,soft_mean_scale,0.98401868,0.7595477386934674,0.1916,1.0,0.972652086059984,0.16785051331753464
Ennio_Doorbell,1000,9,15048,shared_oas,0.9680740800000001,0.7619577889447237,0.0368,0.5346,0.125,2.0794415416798357
Ennio_Doorbell,1000,9,15048,local_center_peer_scale,0.9689394000000001,0.7626673366834171,0.025,0.5298,0.125,2.0794415416798357
Ennio_Doorbell,1000,9,15048,soft_mean,0.97002112,0.7627819095477387,0.0164,0.5294,0.27730390710618563,1.9499575068113129
Ennio_Doorbell,1000,9,15048,soft_mean_scale,0.98524508,0.7630773869346734,0.0006,0.5268,0.946582272768543,0.29554950476366093
Ennio_Doorbell,1000,10,20047,shared_oas,0.9696626800000001,0.7635939698492462,0.2002,1.0,0.125,2.0794415416798357
Ennio_Doorbell,1000,10,20047,local_center_peer_scale,0.97014428,0.7633869346733668,0.2082,1.0,0.125,2.0794415416798357
Ennio_Doorbell,1000,10,20047,soft_mean,0.97064568,0.7626211055276382,0.2074,1.0,0.285444190526129,1.9387824972942636
Ennio_Doorbell,1000,10,20047,soft_mean_scale,0.9852402,0.7472763819095477,0.1962,1.0,0.971006886579693,0.17644186748857793
Ennio_Doorbell,1000,11,18353,shared_oas,0.9668852,0.7544462311557789,0.0468,0.5996,0.125,2.0794415416798357
Ennio_Doorbell,1000,11,18353,local_center_peer_scale,0.9663043199999999,0.7533145728643216,0.048,0.5996,0.125,2.0794415416798357
Ennio_Doorbell,1000,11,18353,soft_mean,0.9664228800000001,0.7543879396984925,0.0456,0.5996,0.2521275383354769,1.980188670741742
Ennio_Doorbell,1000,11,18353,soft_mean_scale,0.9699033200000001,0.7638231155778894,0.023,0.5986,0.8434857120929233,0.7072360051848443
Ennio_Doorbell,1000,12,11790,shared_oas,0.95530548,0.7195658291457286,0.0,0.0,0.125,2.0794415416798357
Ennio_Doorbell,1000,12,11790,local_center_peer_scale,0.95630052,0.7128643216080403,0.0,0.0,0.125,2.0794415416798357
Ennio_Doorbell,1000,12,11790,soft_mean,0.95592484,0.7116623115577889,0.0,0.0,0.21832520009910614,2.0024828716706495
Ennio_Doorbell,1000,12,11790,soft_mean_scale,0.9549842000000001,0.6914030150753769,0.0,0.0,0.6702631753512438,1.1545307809198504
Ennio_Doorbell,1000,13,975,shared_oas,0.99998644,0.9993185929648241,0.1088,1.0,0.125,2.0794415416798357
Ennio_Doorbell,1000,13,975,local_center_peer_scale,0.999517,0.9757286432160804,0.1118,1.0,0.125,2.0794415416798357
Ennio_Doorbell,1000,13,975,soft_mean,0.9995972,0.9797587939698493,0.1102,1.0,0.21503346287521746,2.011219239531093
Ennio_Doorbell,1000,13,975,soft_mean_scale,0.99959908,0.9798532663316583,0.095,1.0,0.769250218703905,0.9600545224900728
Ennio_Doorbell,1000,14,1559,shared_oas,0.96989568,0.7655537688442211,0.1162,1.0,0.125,2.0794415416798357
Ennio_Doorbell,1000,14,1559,local_center_peer_scale,0.9680970799999999,0.7608623115577889,0.1154,1.0,0.125,2.0794415416798357
Ennio_Doorbell,1000,14,1559,soft_mean,0.96958968,0.7642170854271357,0.1144,1.0,0.2083007961842145,2.0148174495992275
Ennio_Doorbell,1000,14,1559,soft_mean_scale,0.973889,0.7869909547738694,0.1008,1.0,0.7345007536298823,1.0652101156070541
Ennio_Doorbell,1000,15,12580,shared_oas,0.9671312400000001,0.7390974874371858,0.0,0.0,0.125,2.0794415416798357
Ennio_Doorbell,1000,15,12580,local_center_peer_scale,0.97164932,0.7250030150753769,0.0,0.0,0.125,2.0794415416798357
Ennio_Doorbell,1000,15,12580,soft_mean,0.97145844,0.7206894472361809,0.0,0.0,0.24474274773138452,1.981424339946698
Ennio_Doorbell,1000,15,12580,soft_mean_scale,0.9717798,0.6960060301507538,0.0,0.0004,0.724698501087383,1.024056911850959
Ennio_Doorbell,1000,16,11531,shared_oas,0.9429991200000001,0.7169105527638191,0.0,0.0,0.125,2.0794415416798357
Ennio_Doorbell,1000,16,11531,local_center_peer_scale,0.96659128,0.7087175879396985,0.0,0.0,0.125,2.0794415416798357
Ennio_Doorbell,1000,16,11531,soft_mean,0.96613764,0.7078190954773869,0.0,0.0,0.21784844740218823,2.0029249244740384
Ennio_Doorbell,1000,16,11531,soft_mean_scale,0.9658474399999999,0.6936140703517588,0.0,0.0,0.6617603465173841,1.1731989953004245
Ennio_Doorbell,1000,17,5135,shared_oas,0.9937187199999999,0.7897346733668342,0.1176,1.0,0.125,2.0794415416798357
Ennio_Doorbell,1000,17,5135,local_center_peer_scale,0.99003328,0.7866030150753769,0.1186,1.0,0.125,2.0794415416798357
Ennio_Doorbell,1000,17,5135,soft_mean,0.99056472,0.7889206030150755,0.1176,1.0,0.20799063656833577,2.0152876794464936
Ennio_Doorbell,1000,17,5135,soft_mean_scale,0.9974865199999999,0.8738331658291458,0.1074,1.0,0.7512395143987571,1.0174027197982913
Ennio_Doorbell,1000,18,9837,shared_oas,0.97052548,0.7613768844221105,0.088,1.0,0.125,2.0794415416798357
Ennio_Doorbell,1000,18,9837,local_center_peer_scale,0.9695311999999999,0.7612060301507538,0.0854,1.0,0.125,2.0794415416798357
Ennio_Doorbell,1000,18,9837,soft_mean,0.97017196,0.7612844221105528,0.0806,1.0,0.20389890206852548,2.022115855347164
Ennio_Doorbell,1000,18,9837,soft_mean_scale,0.97539692,0.7786311557788945,0.064,1.0,0.7127599601119129,1.1325638804519464
Ennio_Doorbell,1000,19,18988,shared_oas,0.97411052,0.7630633165829146,0.1184,1.0,0.125,2.0794415416798357
Ennio_Doorbell,1000,19,18988,local_center_peer_scale,0.9761260800000001,0.7621829145728642,0.1232,1.0,0.125,2.0794415416798357
Ennio_Doorbell,1000,19,18988,soft_mean,0.9770527199999999,0.761803015075377,0.1186,1.0,0.2834807693935387,1.9401414031984925
Ennio_Doorbell,1000,19,18988,soft_mean_scale,0.9892243599999999,0.7562251256281407,0.0986,1.0,0.9696697593461542,0.1832195618165685
Ennio_Doorbell,1000,20,23172,shared_oas,0.9658475200000001,0.7603698492462312,0.1,1.0,0.125,2.0794415416798357
Ennio_Doorbell,1000,20,23172,local_center_peer_scale,0.9680746800000001,0.7606633165829146,0.0876,0.9998,0.125,2.0794415416798357
Ennio_Doorbell,1000,20,23172,soft_mean,0.9689164800000001,0.7607597989949749,0.0856,0.9998,0.28323311786740646,1.9407522703718312
Ennio_Doorbell,1000,20,23172,soft_mean_scale,0.99016468,0.7710592964824121,0.0776,1.0,0.9601122638189237,0.2310726479002975
Ennio_Doorbell,1000,21,9746,shared_oas,0.96915368,0.7593788944723618,0.0962,1.0,0.125,2.0794415416798357
Ennio_Doorbell,1000,21,9746,local_center_peer_scale,0.9693782,0.7596140703517588,0.0948,1.0,0.125,2.0794415416798357
Ennio_Doorbell,1000,21,9746,soft_mean,0.97010572,0.763591959798995,0.089,1.0,0.2015583978469056,2.023225703925786
Ennio_Doorbell,1000,21,9746,soft_mean_scale,0.97415112,0.7823859296482413,0.0706,0.9994,0.7031858725254395,1.160067073521487
Ennio_Doorbell,1000,22,933,shared_oas,0.99965936,0.9828824120603015,0.1148,1.0,0.125,2.0794415416798357
Ennio_Doorbell,1000,22,933,local_center_peer_scale,0.99934892,0.9672824120603015,0.1152,1.0,0.125,2.0794415416798357
Ennio_Doorbell,1000,22,933,soft_mean,0.9993502,0.9673467336683417,0.1142,1.0,0.21765698315984147,2.0090966824664784
Ennio_Doorbell,1000,22,933,soft_mean_scale,0.9995923600000001,0.9795155778894473,0.0986,1.0,0.7767956633211133,0.9357852822589849
Ennio_Doorbell,1000,23,10828,shared_oas,0.97750816,0.7679457286432161,0.0002,0.4592,0.125,2.0794415416798357
Ennio_Doorbell,1000,23,10828,local_center_peer_scale,0.98030068,0.7653246231155779,0.0,0.4554,0.125,2.0794415416798357
Ennio_Doorbell,1000,23,10828,soft_mean,0.98008892,0.7641889447236181,0.0,0.4554,0.2692071408552739,1.9568844746786445
Ennio_Doorbell,1000,23,10828,soft_mean_scale,0.98046824,0.7571758793969849,0.0062,0.5202,0.9468131098335126,0.2893706963809154
Ennio_Doorbell,1000,24,496,shared_oas,0.9788129999999999,0.7635336683417085,0.0378,0.5976,0.125,2.0794415416798357
Ennio_Doorbell,1000,24,496,local_center_peer_scale,0.9783908,0.7637728643216081,0.0386,0.5976,0.125,2.0794415416798357
Ennio_Doorbell,1000,24,496,soft_mean,0.97863764,0.7638793969849247,0.0368,0.5976,0.23911645221404149,1.9896405264153874
Ennio_Doorbell,1000,24,496,soft_mean_scale,0.98191552,0.767467336683417,0.024,0.5976,0.827523044405431,0.7601626612879506
Ennio_Doorbell,1000,25,12511,shared_oas,0.97928132,0.7408984924623117,0.0,0.0,0.125,2.0794415416798357
Ennio_Doorbell,1000,25,12511,local_center_peer_scale,0.98199632,0.7229668341708543,0.0,0.0,0.125,2.0794415416798357
Ennio_Doorbell,1000,25,12511,soft_mean,0.9818766400000001,0.7183437185929649,0.0,0.0,0.24208412700031956,1.9843007202418248
Ennio_Doorbell,1000,25,12511,soft_mean_scale,0.9815476000000001,0.6942291457286431,0.0,0.0,0.7221675412261752,1.0312257987872726
Ennio_Doorbell,1000,26,20809,shared_oas,0.96682148,0.7649185929648241,0.2218,1.0,0.125,2.0794415416798357
Ennio_Doorbell,1000,26,20809,local_center_peer_scale,0.96734024,0.7648160804020101,0.2206,1.0,0.125,2.0794415416798357
Ennio_Doorbell,1000,26,20809,soft_mean,0.9684057599999999,0.7647778894472361,0.2144,1.0,0.2871629862230268,1.9362525607357746
Ennio_Doorbell,1000,26,20809,soft_mean_scale,0.9864310799999999,0.7604,0.1986,1.0,0.9720265684983616,0.17097891320433756
Ennio_Doorbell,1000,27,17277,shared_oas,0.98551608,0.7685628140703518,0.0232,0.6086,0.125,2.0794415416798357
Ennio_Doorbell,1000,27,17277,local_center_peer_scale,0.98637404,0.768486432160804,0.0234,0.6086,0.125,2.0794415416798357
Ennio_Doorbell,1000,27,17277,soft_mean,0.98653352,0.7685949748743719,0.021,0.6086,0.24810066328689917,1.9816244012572284
Ennio_Doorbell,1000,27,17277,soft_mean_scale,0.9891628,0.7706613065326633,0.012,0.6078,0.8656066884666652,0.6249827101190051
Ennio_Doorbell,1000,28,13935,shared_oas,0.96901576,0.7614251256281408,0.2118,1.0,0.125,2.0794415416798357
Ennio_Doorbell,1000,28,13935,local_center_peer_scale,0.9696404,0.7610371859296482,0.2144,1.0,0.125,2.0794415416798357
Ennio_Doorbell,1000,28,13935,soft_mean,0.9697024,0.7609487437185929,0.2106,1.0,0.28740667917021545,1.9364502756324762
Ennio_Doorbell,1000,28,13935,soft_mean_scale,0.98604152,0.7565809045226131,0.1916,1.0,0.9732675363947693,0.16453794311367875
Ennio_Doorbell,1000,29,14180,shared_oas,0.96317084,0.7632804020100502,0.2304,1.0,0.125,2.0794415416798357
Ennio_Doorbell,1000,29,14180,local_center_peer_scale,0.9638688399999998,0.7632120603015076,0.23,1.0,0.125,2.0794415416798357
Ennio_Doorbell,1000,29,14180,soft_mean,0.9647118800000002,0.7631778894472362,0.2276,1.0,0.28736856484244105,1.9365639771814867
Ennio_Doorbell,1000,29,14180,soft_mean_scale,0.983406,0.7591698492462311,0.1926,1.0,0.9728805181229853,0.16659063654419948
Philips_B120N10_Baby_Monitor,30,0,97728,shared_oas,0.9926019199999999,0.6440964824120603,0.1814,1.0,0.125,2.0794415416798357
Philips_B120N10_Baby_Monitor,30,0,97728,local_center_peer_scale,0.99132476,0.6045788944723618,0.163,1.0,0.125,2.0794415416798357
Philips_B120N10_Baby_Monitor,30,0,97728,soft_mean,0.99144168,0.6114271356783919,0.1598,1.0,0.18436315958188454,1.978555470232646
Philips_B120N10_Baby_Monitor,30,0,97728,soft_mean_scale,0.9883160799999999,0.5763798994974875,0.0968,1.0,0.7918171525797592,0.7853420131127191
Philips_B120N10_Baby_Monitor,30,1,58159,shared_oas,0.99673756,0.8366351758793971,0.9262,1.0,0.125,2.0794415416798357
Philips_B120N10_Baby_Monitor,30,1,58159,local_center_peer_scale,0.99683848,0.8416984924623115,0.8492,1.0,0.125,2.0794415416798357
Philips_B120N10_Baby_Monitor,30,1,58159,soft_mean,0.9967468,0.8371316582914573,0.8364,1.0,0.1768266498856034,2.0090453822366956
Philips_B120N10_Baby_Monitor,30,1,58159,soft_mean_scale,0.9933694399999999,0.7035336683417086,0.7244,1.0,0.7050079337136197,1.0023089235772642
Philips_B120N10_Baby_Monitor,30,2,25110,shared_oas,0.99523708,0.761105527638191,0.4008,1.0,0.125,2.0794415416798357
Philips_B120N10_Baby_Monitor,30,2,25110,local_center_peer_scale,0.99433312,0.7160944723618091,0.3774,1.0,0.125,2.0794415416798357
Philips_B120N10_Baby_Monitor,30,2,25110,soft_mean,0.99433396,0.7161829145728643,0.3788,1.0,0.18167726570462833,1.9953157307123408
Philips_B120N10_Baby_Monitor,30,2,25110,soft_mean_scale,0.99224108,0.66041608040201,0.3496,1.0,0.7107779065975904,1.0399433498213573
Philips_B120N10_Baby_Monitor,30,3,39050,shared_oas,0.99510096,0.7547015075376884,0.1636,1.0,0.125,2.0794415416798357
Philips_B120N10_Baby_Monitor,30,3,39050,local_center_peer_scale,0.99418428,0.7112221105527639,0.1162,1.0,0.125,2.0794415416798357
Philips_B120N10_Baby_Monitor,30,3,39050,soft_mean,0.99428964,0.714659296482412,0.1084,1.0,0.18214731717345164,1.9841709931472558
Philips_B120N10_Baby_Monitor,30,3,39050,soft_mean_scale,0.99067072,0.6334773869346734,0.076,1.0,0.7997207046506527,0.7563029101244565
Philips_B120N10_Baby_Monitor,30,4,107692,shared_oas,0.9936126,0.6813507537688441,0.9452,1.0,0.125,2.0794415416798357
Philips_B120N10_Baby_Monitor,30,4,107692,local_center_peer_scale,0.9924156399999999,0.6395778894472361,0.9392,1.0,0.125,2.0794415416798357
Philips_B120N10_Baby_Monitor,30,4,107692,soft_mean,0.99219696,0.640808040201005,0.9312,1.0,0.187232879870717,2.0095192363150565
Philips_B120N10_Baby_Monitor,30,4,107692,soft_mean_scale,0.9857211599999999,0.5445829145728643,0.3534,1.0,0.701995602667882,0.9594256596124516
Philips_B120N10_Baby_Monitor,30,5,15147,shared_oas,0.9952049199999999,0.7590693467336683,0.3324,1.0,0.125,2.0794415416798357
Philips_B120N10_Baby_Monitor,30,5,15147,local_center_peer_scale,0.99458008,0.7278391959798995,0.2722,1.0,0.125,2.0794415416798357
Philips_B120N10_Baby_Monitor,30,5,15147,soft_mean,0.99470452,0.7341266331658292,0.2602,1.0,0.184491855122693,1.9805934257308189
Philips_B120N10_Baby_Monitor,30,5,15147,soft_mean_scale,0.99077512,0.618391959798995,0.2414,1.0,0.7987967210601283,0.7377799008852778
Philips_B120N10_Baby_Monitor,30,6,20879,shared_oas,0.99655928,0.8275577889447236,0.1184,1.0,0.125,2.0794415416798357
Philips_B120N10_Baby_Monitor,30,6,20879,local_center_peer_scale,0.99600332,0.7998231155778894,0.0814,1.0,0.125,2.0794415416798357
Philips_B120N10_Baby_Monitor,30,6,20879,soft_mean,0.99575568,0.7874834170854272,0.0808,1.0,0.18172194799367197,1.9864446886688671
Philips_B120N10_Baby_Monitor,30,6,20879,soft_mean_scale,0.99352444,0.7180341708542713,0.049,1.0,0.7491258079837625,0.9305478046598836
Philips_B120N10_Baby_Monitor,30,7,37778,shared_oas,0.99435552,0.7232180904522614,0.2714,1.0,0.125,2.0794415416798357
Philips_B120N10_Baby_Monitor,30,7,37778,local_center_peer_scale,0.9936494000000001,0.688329648241206,0.1808,1.0,0.125,2.0794415416798357
Philips_B120N10_Baby_Monitor,30,7,37778,soft_mean,0.99383252,0.6914412060301507,0.1628,1.0,0.191227798369154,1.9864903905987317
Philips_B120N10_Baby_Monitor,30,7,37778,soft_mean_scale,0.98883248,0.5642653266331659,0.1414,1.0,0.8024492892513445,0.7419208027425876
Philips_B120N10_Baby_Monitor,30,8,81115,shared_oas,0.9961114400000001,0.8050371859296483,0.1402,1.0,0.125,2.0794415416798357
Philips_B120N10_Baby_Monitor,30,8,81115,local_center_peer_scale,0.99542888,0.770980904522613,0.0748,1.0,0.125,2.0794415416798357
Philips_B120N10_Baby_Monitor,30,8,81115,soft_mean,0.9955552400000001,0.7773708542713569,0.0688,1.0,0.18395570276455572,1.9787308796826097
Philips_B120N10_Baby_Monitor,30,8,81115,soft_mean_scale,0.9913663199999999,0.6491376884422111,0.0506,1.0,0.8150799947867361,0.71132004871369
Philips_B120N10_Baby_Monitor,30,9,29506,shared_oas,0.99632948,0.8158030150753769,0.1466,1.0,0.125,2.0794415416798357
Philips_B120N10_Baby_Monitor,30,9,29506,local_center_peer_scale,0.9953578,0.7779597989949749,0.1072,1.0,0.125,2.0794415416798357
Philips_B120N10_Baby_Monitor,30,9,29506,soft_mean,0.9949282,0.7606934673366834,0.115,1.0,0.20725076136299098,1.9744836387926807
Philips_B120N10_Baby_Monitor,30,9,29506,soft_mean_scale,0.99265516,0.6979798994974874,0.0534,1.0,0.7554845380472426,0.91413509468615
Philips_B120N10_Baby_Monitor,30,10,88030,shared_oas,0.9971384400000001,0.8562070351758795,0.0512,1.0,0.125,2.0794415416798357
Philips_B120N10_Baby_Monitor,30,10,88030,local_center_peer_scale,0.99634084,0.8161728643216081,0.038,1.0,0.125,2.0794415416798357
Philips_B120N10_Baby_Monitor,30,10,88030,soft_mean,0.9961061999999999,0.8044160804020102,0.0418,1.0,0.19774796511474546,1.9757898539480978
Philips_B120N10_Baby_Monitor,30,10,88030,soft_mean_scale,0.9960166,0.8000562814070352,0.0192,1.0,0.7216665457777701,1.0154771843870907
Philips_B120N10_Baby_Monitor,30,11,3335,shared_oas,0.99418132,0.7080804020100502,0.3002,1.0,0.125,2.0794415416798357
Philips_B120N10_Baby_Monitor,30,11,3335,local_center_peer_scale,0.99347912,0.6775819095477387,0.1926,1.0,0.125,2.0794415416798357
Philips_B120N10_Baby_Monitor,30,11,3335,soft_mean,0.9935429600000001,0.6809688442211055,0.1984,1.0,0.1849068177112809,2.006241497251697
Philips_B120N10_Baby_Monitor,30,11,3335,soft_mean_scale,0.99100244,0.6305507537688442,0.1404,1.0,0.7177087992693059,0.9775539213414706
Philips_B120N10_Baby_Monitor,30,12,56939,shared_oas,0.9968477600000001,0.8417427135678393,0.1676,1.0,0.125,2.0794415416798357
Philips_B120N10_Baby_Monitor,30,12,56939,local_center_peer_scale,0.99631992,0.8152562814070352,0.0838,1.0,0.125,2.0794415416798357
Philips_B120N10_Baby_Monitor,30,12,56939,soft_mean,0.9963794800000001,0.8182733668341708,0.0756,1.0,0.17506083643224013,1.997976205769624
Philips_B120N10_Baby_Monitor,30,12,56939,soft_mean_scale,0.98979628,0.6276040201005025,0.0652,1.0,0.8018257598644104,0.7099685749084423
Philips_B120N10_Baby_Monitor,30,13,7304,shared_oas,0.99854224,0.9268201005025125,0.03,1.0,0.125,2.0794415416798357
Philips_B120N10_Baby_Monitor,30,13,7304,local_center_peer_scale,0.99863448,0.9314733668341708,0.0154,0.9998,0.125,2.0794415416798357
Philips_B120N10_Baby_Monitor,30,13,7304,soft_mean,0.99847972,0.923686432160804,0.019,1.0,0.20128005433976895,2.0308969174555522
Philips_B120N10_Baby_Monitor,30,13,7304,soft_mean_scale,0.9981137600000001,0.9053005025125629,0.007,0.9996,0.41299079864705424,1.730843062503268
Philips_B120N10_Baby_Monitor,30,14,111927,shared_oas,0.9943329200000001,0.7173447236180905,0.9728,1.0,0.125,2.0794415416798357
Philips_B120N10_Baby_Monitor,30,14,111927,local_center_peer_scale,0.9932850400000001,0.6829869346733668,0.9628,1.0,0.125,2.0794415416798357
Philips_B120N10_Baby_Monitor,30,14,111927,soft_mean,0.9930554400000001,0.6825286432160804,0.9628,1.0,0.18985190166430216,2.008488386829576
Philips_B120N10_Baby_Monitor,30,14,111927,soft_mean_scale,0.9894163600000001,0.6068562814070352,0.8224,1.0,0.6568742139358524,1.0699975888867979
Philips_B120N10_Baby_Monitor,30,15,112065,shared_oas,0.993811,0.6903819095477387,0.9372,1.0,0.125,2.0794415416798357
Philips_B120N10_Baby_Monitor,30,15,112065,local_center_peer_scale,0.99278224,0.6589889447236181,0.9246,1.0,0.125,2.0794415416798357
Philips_B120N10_Baby_Monitor,30,15,112065,soft_mean,0.99236128,0.656980904522613,0.9214,1.0,0.18795842785362926,2.017781333219172
Philips_B120N10_Baby_Monitor,30,15,112065,soft_mean_scale,0.98903352,0.5872361809045226,0.381,1.0,0.6530707281032897,1.0998879992367847
Philips_B120N10_Baby_Monitor,30,16,114079,shared_oas,0.99400468,0.6989768844221106,0.138,1.0,0.125,2.0794415416798357
Philips_B120N10_Baby_Monitor,30,16,114079,local_center_peer_scale,0.99314188,0.6649246231155779,0.0628,1.0,0.125,2.0794415416798357
Philips_B120N10_Baby_Monitor,30,16,114079,soft_mean,0.9931514,0.6664020100502512,0.057,1.0,0.18106462660645672,1.9959164461921741
Philips_B120N10_Baby_Monitor,30,16,114079,soft_mean_scale,0.9869887599999999,0.5502291457286432,0.0464,1.0,0.7731725344989554,0.7861605599467982
Philips_B120N10_Baby_Monitor,30,17,65279,shared_oas,0.7945574000000001,0.7887437185929649,0.0026,0.5014,0.125,2.0794415416798357
Philips_B120N10_Baby_Monitor,30,17,65279,local_center_peer_scale,0.7871729999999999,0.7079899497487437,0.0,0.1268,0.125,2.0794415416798357
Philips_B120N10_Baby_Monitor,30,17,65279,soft_mean,0.7884112000000001,0.6814130653266331,0.0034,0.1908,0.22226528531803477,2.002095049839961
Philips_B120N10_Baby_Monitor,30,17,65279,soft_mean_scale,0.7867106399999999,0.6010291457286432,0.0088,0.425,0.3843774830385225,1.5599129281759445
Philips_B120N10_Baby_Monitor,30,18,108398,shared_oas,0.9954058,0.7695899497487437,0.6578,1.0,0.125,2.0794415416798357
Philips_B120N10_Baby_Monitor,30,18,108398,local_center_peer_scale,0.9951000000000001,0.7544120603015075,0.586,1.0,0.125,2.0794415416798357
Philips_B120N10_Baby_Monitor,30,18,108398,soft_mean,0.9952864,0.7638211055276383,0.737,1.0,0.18283187858691521,2.006876959511542
Philips_B120N10_Baby_Monitor,30,18,108398,soft_mean_scale,0.99369584,0.7160582914572864,0.3196,1.0,0.6599479751175438,1.1367526255024403
Philips_B120N10_Baby_Monitor,30,19,97596,shared_oas,0.99497124,0.7474452261306532,0.141,1.0,0.125,2.0794415416798357
Philips_B120N10_Baby_Monitor,30,19,97596,local_center_peer_scale,0.99377556,0.6936341708542714,0.081,1.0,0.125,2.0794415416798357
Philips_B120N10_Baby_Monitor,30,19,97596,soft_mean,0.9937705600000001,0.6955577889447236,0.0758,1.0,0.18616665294481896,1.9794814919912214
Philips_B120N10_Baby_Monitor,30,19,97596,soft_mean_scale,0.9903096,0.6055115577889447,0.0508,1.0,0.8183147013602279,0.7067853862076445
Philips_B120N10_Baby_Monitor,30,20,5832,shared_oas,0.9971054,0.854564824120603,0.1514,1.0,0.125,2.0794415416798357
Philips_B120N10_Baby_Monitor,30,20,5832,local_center_peer_scale,0.99659048,0.8287859296482413,0.0614,1.0,0.125,2.0794415416798357
Philips_B120N10_Baby_Monitor,30,20,5832,soft_mean,0.99634404,0.8164582914572864,0.0594,1.0,0.17931020535886788,1.993906438395336
Philips_B120N10_Baby_Monitor,30,20,5832,soft_mean_scale,0.99552952,0.775662311557789,0.049,1.0,0.6966528509342286,1.0836029102384748
Philips_B120N10_Baby_Monitor,30,21,73919,shared_oas,0.9963416,0.8163175879396986,0.3518,1.0,0.125,2.0794415416798357
Philips_B120N10_Baby_Monitor,30,21,73919,local_center_peer_scale,0.99561376,0.780070351758794,0.3356,1.0,0.125,2.0794415416798357
Philips_B120N10_Baby_Monitor,30,21,73919,soft_mean,0.99574344,0.7866412060301509,0.3476,1.0,0.17756255218551234,1.9914634844692127
Philips_B120N10_Baby_Monitor,30,21,73919,soft_mean_scale,0.99339632,0.6852582914572865,0.3086,1.0,0.7345216910819312,0.9602260306649261
Philips_B120N10_Baby_Monitor,30,22,89070,shared_oas,0.99607068,0.802643216080402,0.4544,1.0,0.125,2.0794415416798357
Philips_B120N10_Baby_Monitor,30,22,89070,local_center_peer_scale,0.99519548,0.7588623115577889,0.3604,1.0,0.125,2.0794415416798357
Philips_B120N10_Baby_Monitor,30,22,89070,soft_mean,0.99519396,0.758840201005025,0.3216,1.0,0.17887565662904176,1.9897559264960654
Philips_B120N10_Baby_Monitor,30,22,89070,soft_mean_scale,0.99068948,0.6149608040201004,0.2708,1.0,0.8209459971289982,0.6796963618261859
Philips_B120N10_Baby_Monitor,30,23,11977,shared_oas,0.99390852,0.6942773869346733,0.3818,1.0,0.125,2.0794415416798357
Philips_B120N10_Baby_Monitor,30,23,11977,local_center_peer_scale,0.9934016,0.6689447236180904,0.3334,1.0,0.125,2.0794415416798357
Philips_B120N10_Baby_Monitor,30,23,11977,soft_mean,0.99376056,0.686918592964824,0.3394,1.0,0.18637503192845004,1.9864017879682916
Philips_B120N10_Baby_Monitor,30,23,11977,soft_mean_scale,0.9874908,0.544321608040201,0.2648,1.0,0.784710433282497,0.7839898415418569
Philips_B120N10_Baby_Monitor,30,24,32191,shared_oas,0.99537964,0.7682693467336683,0.434,1.0,0.125,2.0794415416798357
Philips_B120N10_Baby_Monitor,30,24,32191,local_center_peer_scale,0.99498304,0.7483979899497488,0.4156,1.0,0.125,2.0794415416798357
Philips_B120N10_Baby_Monitor,30,24,32191,soft_mean,0.994898,0.7441969849246232,0.4202,1.0,0.20044901852232483,1.9879515431854875
Philips_B120N10_Baby_Monitor,30,24,32191,soft_mean_scale,0.9930062799999999,0.6866733668341709,0.4032,1.0,0.8073573838211827,0.7465694782038825
Philips_B120N10_Baby_Monitor,30,25,6776,shared_oas,0.9977185199999999,0.8854231155778894,0.1322,1.0,0.125,2.0794415416798357
Philips_B120N10_Baby_Monitor,30,25,6776,local_center_peer_scale,0.99719748,0.8593628140703518,0.1162,1.0,0.125,2.0794415416798357
Philips_B120N10_Baby_Monitor,30,25,6776,soft_mean,0.9968868,0.843827135678392,0.1334,1.0,0.18580710750726695,1.9872181768283341
Philips_B120N10_Baby_Monitor,30,25,6776,soft_mean_scale,0.9961863200000001,0.8190613065326633,0.0742,1.0,0.7180509965698394,1.0240408737697273
Philips_B120N10_Baby_Monitor,30,26,59157,shared_oas,0.9964607999999999,0.8221507537688442,0.15,1.0,0.125,2.0794415416798357
Philips_B120N10_Baby_Monitor,30,26,59157,local_center_peer_scale,0.9964864800000001,0.8234412060301508,0.1328,1.0,0.125,2.0794415416798357
Philips_B120N10_Baby_Monitor,30,26,59157,soft_mean,0.99611008,0.8045286432160804,0.1428,1.0,0.20702722445465316,2.00091953725836
Philips_B120N10_Baby_Monitor,30,26,59157,soft_mean_scale,0.99631216,0.814713567839196,0.1184,1.0,0.5474570225737406,1.4674562879880308
Philips_B120N10_Baby_Monitor,30,27,110764,shared_oas,0.99450648,0.7241025125628141,0.322,1.0,0.125,2.0794415416798357
Philips_B120N10_Baby_Monitor,30,27,110764,local_center_peer_scale,0.99385204,0.6953788944723618,0.2288,1.0,0.125,2.0794415416798357
Philips_B120N10_Baby_Monitor,30,27,110764,soft_mean,0.9940236,0.7060703517587941,0.2202,1.0,0.18321192074891385,1.9792848642166936
Philips_B120N10_Baby_Monitor,30,27,110764,soft_mean_scale,0.9901896800000001,0.5927316582914572,0.205,1.0,0.823753405952231,0.6856374076394459
Philips_B120N10_Baby_Monitor,30,28,90109,shared_oas,0.99584436,0.7911738693467337,0.0282,1.0,0.125,2.0794415416798357
Philips_B120N10_Baby_Monitor,30,28,90109,local_center_peer_scale,0.99521368,0.7595658291457286,0.0152,1.0,0.125,2.0794415416798357
Philips_B120N10_Baby_Monitor,30,28,90109,soft_mean,0.9949158,0.744673366834171,0.0182,1.0,0.18700523030874336,1.9783631275758187
Philips_B120N10_Baby_Monitor,30,28,90109,soft_mean_scale,0.99464292,0.7452522613065327,0.0052,0.4422,0.7744181653628378,0.8669680743048191
Philips_B120N10_Baby_Monitor,30,29,74526,shared_oas,0.99331308,0.6663859296482412,0.146,1.0,0.125,2.0794415416798357
Philips_B120N10_Baby_Monitor,30,29,74526,local_center_peer_scale,0.99232124,0.6273206030150754,0.067,1.0,0.125,2.0794415416798357
Philips_B120N10_Baby_Monitor,30,29,74526,soft_mean,0.9923607600000001,0.629521608040201,0.0624,1.0,0.1932829050821678,1.9813222390609906
Philips_B120N10_Baby_Monitor,30,29,74526,soft_mean_scale,0.98808144,0.5499979899497488,0.045,1.0,0.8270761312659245,0.661820948506116
Philips_B120N10_Baby_Monitor,100,0,93430,shared_oas,0.99749952,0.8743477386934673,0.3368,1.0,0.125,2.0794415416798357
Philips_B120N10_Baby_Monitor,100,0,93430,local_center_peer_scale,0.99713924,0.8562432160804021,0.347,1.0,0.125,2.0794415416798357
Philips_B120N10_Baby_Monitor,100,0,93430,soft_mean,0.99703504,0.8510070351758794,0.3468,1.0,0.1822756788985623,1.9861982882910014
Philips_B120N10_Baby_Monitor,100,0,93430,soft_mean_scale,0.9972376,0.8611859296482411,0.3166,1.0,0.8251204410730765,0.716696394212214
Philips_B120N10_Baby_Monitor,100,1,73929,shared_oas,0.99510764,0.7543115577889448,0.747,1.0,0.125,2.0794415416798357
Philips_B120N10_Baby_Monitor,100,1,73929,local_center_peer_scale,0.99446976,0.7225386934673367,0.6962,1.0,0.125,2.0794415416798357
Philips_B120N10_Baby_Monitor,100,1,73929,soft_mean,0.9947628,0.7372944723618091,0.7084,1.0,0.18126858433459056,1.9780651802728837
Philips_B120N10_Baby_Monitor,100,1,73929,soft_mean_scale,0.990845,0.6213065326633166,0.6356,1.0,0.8607740764175299,0.5801610609650524
Philips_B120N10_Baby_Monitor,100,2,101542,shared_oas,0.9970468,0.8516201005025126,0.5172,1.0,0.125,2.0794415416798357
Philips_B120N10_Baby_Monitor,100,2,101542,local_center_peer_scale,0.9964533999999999,0.821811055276382,0.5344,1.0,0.125,2.0794415416798357
Philips_B120N10_Baby_Monitor,100,2,101542,soft_mean,0.9964266,0.8204783919597991,0.5352,1.0,0.18628766864806987,1.9855321058710405
Philips_B120N10_Baby_Monitor,100,2,101542,soft_mean_scale,0.99606696,0.8027155778894473,0.475,1.0,0.8285668954512628,0.701172908980023
Philips_B120N10_Baby_Monitor,100,3,48657,shared_oas,0.99845732,0.922478391959799,0.15,1.0,0.125,2.0794415416798357
Philips_B120N10_Baby_Monitor,100,3,48657,local_center_peer_scale,0.99851524,0.9253889447236181,0.1436,1.0,0.125,2.0794415416798357
Philips_B120N10_Baby_Monitor,100,3,48657,soft_mean,0.9981968800000001,0.9093909547738693,0.179,1.0,0.22234555432598338,1.9868781240559423
Philips_B120N10_Baby_Monitor,100,3,48657,soft_mean_scale,0.99831224,0.9151879396984923,0.125,1.0,0.6214995135776675,1.2752021891673433
Philips_B120N10_Baby_Monitor,100,4,115756,shared_oas,0.9962804799999999,0.8131778894472362,0.0612,1.0,0.125,2.0794415416798357
Philips_B120N10_Baby_Monitor,100,4,115756,local_center_peer_scale,0.99632084,0.8152844221105529,0.0548,1.0,0.125,2.0794415416798357
Philips_B120N10_Baby_Monitor,100,4,115756,soft_mean,0.99628028,0.8132582914572865,0.0648,1.0,0.1783824496905998,1.9846338833832358
Philips_B120N10_Baby_Monitor,100,4,115756,soft_mean_scale,0.99373384,0.7309587939698492,0.0294,1.0,0.826686968489054,0.679983276131194
Philips_B120N10_Baby_Monitor,100,5,98688,shared_oas,0.99629172,0.8136562814070352,0.0542,1.0,0.125,2.0794415416798357
Philips_B120N10_Baby_Monitor,100,5,98688,local_center_peer_scale,0.99586136,0.7921206030150754,0.0542,1.0,0.125,2.0794415416798357
Philips_B120N10_Baby_Monitor,100,5,98688,soft_mean,0.9957296000000001,0.7855417085427137,0.0644,1.0,0.179738891758255,1.9834927961836577
Philips_B120N10_Baby_Monitor,100,5,98688,soft_mean_scale,0.99608252,0.8034231155778895,0.0252,1.0,0.8370285048792727,0.6759511857668049
Philips_B120N10_Baby_Monitor,100,6,45204,shared_oas,0.9937765599999999,0.702321608040201,0.469,1.0,0.125,2.0794415416798357
Philips_B120N10_Baby_Monitor,100,6,45204,local_center_peer_scale,0.99310324,0.6778552763819096,0.4538,1.0,0.125,2.0794415416798357
Philips_B120N10_Baby_Monitor,100,6,45204,soft_mean,0.9935932399999999,0.6995577889447236,0.449,1.0,0.2015273563845352,1.9740947650735405
Philips_B120N10_Baby_Monitor,100,6,45204,soft_mean_scale,0.989877,0.6191819095477387,0.3962,1.0,0.816756773299607,0.7214500238180894
Philips_B120N10_Baby_Monitor,100,7,55716,shared_oas,0.9945577999999999,0.7268904522613066,0.8526,1.0,0.125,2.0794415416798357
Philips_B120N10_Baby_Monitor,100,7,55716,local_center_peer_scale,0.99407164,0.7111557788944725,0.8522,1.0,0.125,2.0794415416798357
Philips_B120N10_Baby_Monitor,100,7,55716,soft_mean,0.9941653199999999,0.7159979899497488,0.8578,1.0,0.18277876262509188,1.998573282065869
Philips_B120N10_Baby_Monitor,100,7,55716,soft_mean_scale,0.9907034800000001,0.6172582914572864,0.779,1.0,0.7684580052846264,0.8527287469508383
Philips_B120N10_Baby_Monitor,100,8,89538,shared_oas,0.997207,0.8596482412060302,0.3888,1.0,0.125,2.0794415416798357
Philips_B120N10_Baby_Monitor,100,8,89538,local_center_peer_scale,0.99687984,0.8432341708542713,0.3636,1.0,0.125,2.0794415416798357
Philips_B120N10_Baby_Monitor,100,8,89538,soft_mean,0.99676204,0.8373427135678392,0.3746,1.0,0.18535503455113217,1.9855869588635247
Philips_B120N10_Baby_Monitor,100,8,89538,soft_mean_scale,0.9961544,0.8070894472361809,0.3134,1.0,0.7923047556893412,0.8170839585357424
Philips_B120N10_Baby_Monitor,100,9,54354,shared_oas,0.9976219199999999,0.8807035175879396,0.9948,1.0,0.125,2.0794415416798357
Philips_B120N10_Baby_Monitor,100,9,54354,local_center_peer_scale,0.99767032,0.8832221105527639,0.9938,1.0,0.125,2.0794415416798357
Philips_B120N10_Baby_Monitor,100,9,54354,soft_mean,0.997672,0.8833286432160804,0.9938,1.0,0.1680127938497927,2.0269498321847066
Philips_B120N10_Baby_Monitor,100,9,54354,soft_mean_scale,0.9967004,0.8347839195979899,0.9826,1.0,0.6553273223596023,1.1398201195585265
Philips_B120N10_Baby_Monitor,100,10,63996,shared_oas,0.99673628,0.8359939698492462,0.0,0.0,0.125,2.0794415416798357
Philips_B120N10_Baby_Monitor,100,10,63996,local_center_peer_scale,0.9981378399999999,0.906424120603015,0.0,0.0,0.125,2.0794415416798357
Philips_B120N10_Baby_Monitor,100,10,63996,soft_mean,0.99751384,0.8750673366834172,0.0,0.0,0.2613319473410583,1.9733125816101103
Philips_B120N10_Baby_Monitor,100,10,63996,soft_mean_scale,0.9967674400000001,0.8375597989949749,0.0,0.0,0.3313381775101506,1.7830566564318158
Philips_B120N10_Baby_Monitor,100,11,53264,shared_oas,0.99642568,0.8207798994974874,0.4438,1.0,0.125,2.0794415416798357
Philips_B120N10_Baby_Monitor,100,11,53264,local_center_peer_scale,0.99580824,0.7899296482412059,0.4418,1.0,0.125,2.0794415416798357
Philips_B120N10_Baby_Monitor,100,11,53264,soft_mean,0.9959542800000001,0.7972643216080402,0.4468,1.0,0.18697997636328367,1.9826046855736283
Philips_B120N10_Baby_Monitor,100,11,53264,soft_mean_scale,0.99406172,0.7387356783919599,0.3668,1.0,0.8481764338638327,0.6236953024247398
Philips_B120N10_Baby_Monitor,100,12,17828,shared_oas,0.9973863199999999,0.8686773869346733,0.0376,1.0,0.125,2.0794415416798357
Philips_B120N10_Baby_Monitor,100,12,17828,local_center_peer_scale,0.9979387200000001,0.8964301507537689,0.0338,1.0,0.125,2.0794415416798357
Philips_B120N10_Baby_Monitor,100,12,17828,soft_mean,0.99772012,0.8854472361809045,0.037,1.0,0.20505185892107408,1.9842662020505477
Philips_B120N10_Baby_Monitor,100,12,17828,soft_mean_scale,0.99763572,0.8812201005025125,0.0296,1.0,0.5831627510313129,1.3466286723014442
Philips_B120N10_Baby_Monitor,100,13,6333,shared_oas,0.9952831200000001,0.7631517587939699,0.5284,1.0,0.125,2.0794415416798357
Philips_B120N10_Baby_Monitor,100,13,6333,local_center_peer_scale,0.9939491199999999,0.6965005025125628,0.531,1.0,0.125,2.0794415416798357
Philips_B120N10_Baby_Monitor,100,13,6333,soft_mean,0.99398368,0.7002532663316583,0.5412,1.0,0.18591322630973822,1.9786775365655491
Philips_B120N10_Baby_Monitor,100,13,6333,soft_mean_scale,0.99082936,0.6219396984924623,0.5106,1.0,0.8532348885563021,0.6017482506194622
Philips_B120N10_Baby_Monitor,100,14,39337,shared_oas,0.99812468,0.9057909547738694,0.5016,1.0,0.125,2.0794415416798357
Philips_B120N10_Baby_Monitor,100,14,39337,local_center_peer_scale,0.99763084,0.8810231155778895,0.4962,1.0,0.125,2.0794415416798357
Philips_B120N10_Baby_Monitor,100,14,39337,soft_mean,0.9976406400000001,0.8815798994974875,0.5058,1.0,0.18018867220238183,1.9795060797713426
Philips_B120N10_Baby_Monitor,100,14,39337,soft_mean_scale,0.9963008799999999,0.8150753768844221,0.3846,1.0,0.83505999712112,0.678310156365183
Philips_B120N10_Baby_Monitor,100,15,64312,shared_oas,0.9986974799999999,0.9345467336683417,0.276,1.0,0.125,2.0794415416798357
Philips_B120N10_Baby_Monitor,100,15,64312,local_center_peer_scale,0.99851528,0.9253909547738693,0.2394,1.0,0.125,2.0794415416798357
Philips_B120N10_Baby_Monitor,100,15,64312,soft_mean,0.99825192,0.912156783919598,0.2482,1.0,0.19750622488282188,1.996282131598233
Philips_B120N10_Baby_Monitor,100,15,64312,soft_mean_scale,0.99849312,0.9242773869346734,0.193,1.0,0.725966334271145,1.0122138843432742
Philips_B120N10_Baby_Monitor,100,16,552,shared_oas,0.99644128,0.8582814070351759,1.0,1.0,0.125,2.0794415416798357
Philips_B120N10_Baby_Monitor,100,16,552,local_center_peer_scale,0.75210808,0.7292522613065326,1.0,1.0,0.125,2.0794415416798357
Philips_B120N10_Baby_Monitor,100,16,552,soft_mean,0.73356036,0.7098753768844221,1.0,1.0,0.817785915941638,0.6816970123444092
Philips_B120N10_Baby_Monitor,100,16,552,soft_mean_scale,0.77769436,0.6201246231155779,1.0,1.0,0.9838446213954035,0.10533866416841767
Philips_B120N10_Baby_Monitor,100,17,41845,shared_oas,0.99757688,0.8782512562814071,0.2972,1.0,0.125,2.0794415416798357
Philips_B120N10_Baby_Monitor,100,17,41845,local_center_peer_scale,0.9974909599999999,0.8739356783919597,0.298,1.0,0.125,2.0794415416798357
Philips_B120N10_Baby_Monitor,100,17,41845,soft_mean,0.99718164,0.8583959798994976,0.3146,1.0,0.1873672451928769,1.9802245693460954
Philips_B120N10_Baby_Monitor,100,17,41845,soft_mean_scale,0.99776312,0.8877306532663317,0.2382,1.0,0.795101140260967,0.8053467288073095
Philips_B120N10_Baby_Monitor,100,18,58414,shared_oas,0.9982823200000001,0.9136844221105528,0.0044,0.7934,0.125,2.0794415416798357
Philips_B120N10_Baby_Monitor,100,18,58414,local_center_peer_scale,0.9988694,0.9431859296482412,0.0052,0.9992,0.125,2.0794415416798357
Philips_B120N10_Baby_Monitor,100,18,58414,soft_mean,0.99785152,0.8920361809045226,0.0054,0.9998,0.2990289771776141,1.9122290335459105
Philips_B120N10_Baby_Monitor,100,18,58414,soft_mean_scale,0.9972716,0.862894472361809,0.0062,1.0,0.3590969647518279,1.7254581381427312
Philips_B120N10_Baby_Monitor,100,19,68137,shared_oas,0.9973702799999999,0.8678532663316583,0.7494,1.0,0.125,2.0794415416798357
Philips_B120N10_Baby_Monitor,100,19,68137,local_center_peer_scale,0.99719712,0.8591517587939699,0.744,1.0,0.125,2.0794415416798357
Philips_B120N10_Baby_Monitor,100,19,68137,soft_mean,0.99698696,0.8485909547738694,0.7632,1.0,0.19528644224236474,2.0181096377177794
Philips_B120N10_Baby_Monitor,100,19,68137,soft_mean_scale,0.9971358,0.856070351758794,0.619,1.0,0.5554440560010521,1.4270377544569735
Philips_B120N10_Baby_Monitor,100,20,7078,shared_oas,0.99629128,0.8136321608040201,0.3046,1.0,0.125,2.0794415416798357
Philips_B120N10_Baby_Monitor,100,20,7078,local_center_peer_scale,0.9953600400000001,0.7669145728643216,0.3062,1.0,0.125,2.0794415416798357
Philips_B120N10_Baby_Monitor,100,20,7078,soft_mean,0.99541048,0.7695195979899498,0.3248,1.0,0.1835367686329065,1.9760504170588615
Philips_B120N10_Baby_Monitor,100,20,7078,soft_mean_scale,0.99581944,0.7904643216080403,0.2614,1.0,0.8065951055827404,0.7744592455327421
Philips_B120N10_Baby_Monitor,100,21,49166,shared_oas,0.9978585999999999,0.892391959798995,0.3484,1.0,0.125,2.0794415416798357
Philips_B120N10_Baby_Monitor,100,21,49166,local_center_peer_scale,0.99779576,0.8892341708542713,0.322,1.0,0.125,2.0794415416798357
Philips_B120N10_Baby_Monitor,100,21,49166,soft_mean,0.99751464,0.8751155778894473,0.3142,1.0,0.22855693291561774,1.9650197711505042
Philips_B120N10_Baby_Monitor,100,21,49166,soft_mean_scale,0.99772432,0.8856502512562814,0.2804,1.0,0.6342272804050193,1.2388798440329754
Philips_B120N10_Baby_Monitor,100,22,56241,shared_oas,0.9965851600000001,0.828572864321608,0.1516,1.0,0.125,2.0794415416798357
Philips_B120N10_Baby_Monitor,100,22,56241,local_center_peer_scale,0.9963612,0.8174251256281407,0.1554,1.0,0.125,2.0794415416798357
Philips_B120N10_Baby_Monitor,100,22,56241,soft_mean,0.9962902800000001,0.8138613065326634,0.18,1.0,0.1865975362612085,1.9894375675688292
Philips_B120N10_Baby_Monitor,100,22,56241,soft_mean_scale,0.9936108,0.7351557788944724,0.1108,1.0,0.7914559956630068,0.8036373689045527
Philips_B120N10_Baby_Monitor,100,23,95359,shared_oas,0.9944079600000001,0.7193025125628141,0.527,1.0,0.125,2.0794415416798357
Philips_B120N10_Baby_Monitor,100,23,95359,local_center_peer_scale,0.99394656,0.6963517587939698,0.5328,1.0,0.125,2.0794415416798357
Philips_B120N10_Baby_Monitor,100,23,95359,soft_mean,0.99408688,0.7034412060301508,0.5284,1.0,0.18329547743033786,1.981775937862977
Philips_B120N10_Baby_Monitor,100,23,95359,soft_mean_scale,0.9909398800000001,0.6227336683417085,0.4384,1.0,0.8608099119655782,0.5772529001167295
Philips_B120N10_Baby_Monitor,100,24,68982,shared_oas,0.99588312,0.7933145728643216,0.7916,1.0,0.125,2.0794415416798357
Philips_B120N10_Baby_Monitor,100,24,68982,local_center_peer_scale,0.9955532,0.7768100502512563,0.798,1.0,0.125,2.0794415416798357
Philips_B120N10_Baby_Monitor,100,24,68982,soft_mean,0.9955958800000001,0.7789768844221105,0.8008,1.0,0.18180748064699362,1.997789323547976
Philips_B120N10_Baby_Monitor,100,24,68982,soft_mean_scale,0.9955509200000001,0.7774713567839197,0.439,1.0,0.8068474841075725,0.7648705985529939
Philips_B120N10_Baby_Monitor,100,25,88993,shared_oas,0.9975837200000001,0.8785809045226131,0.0764,1.0,0.125,2.0794415416798357
Philips_B120N10_Baby_Monitor,100,25,88993,local_center_peer_scale,0.99744808,0.8717829145728643,0.0748,1.0,0.125,2.0794415416798357
Philips_B120N10_Baby_Monitor,100,25,88993,soft_mean,0.99717948,0.858305527638191,0.0952,1.0,0.18630960138399888,1.9878116260423409
Philips_B120N10_Baby_Monitor,100,25,88993,soft_mean_scale,0.9976170000000001,0.8802592964824121,0.0402,1.0,0.7389062047839027,0.9682029574708801
Philips_B120N10_Baby_Monitor,100,26,69772,shared_oas,0.99643328,0.8207758793969849,0.0062,0.999,0.125,2.0794415416798357
Philips_B120N10_Baby_Monitor,100,26,69772,local_center_peer_scale,0.99722108,0.8603557788944725,0.0056,0.9974,0.125,2.0794415416798357
Philips_B120N10_Baby_Monitor,100,26,69772,soft_mean,0.9966514,0.8317286432160804,0.0054,0.9968,0.27375107789824554,1.949368174983261
Philips_B120N10_Baby_Monitor,100,26,69772,soft_mean_scale,0.99604976,0.8014954773869347,0.0054,0.9966,0.32619174266268985,1.7872442404684783
Philips_B120N10_Baby_Monitor,100,27,72774,shared_oas,0.9944732,0.722486432160804,0.3816,1.0,0.125,2.0794415416798357
Philips_B120N10_Baby_Monitor,100,27,72774,local_center_peer_scale,0.9936706799999999,0.6824663316582915,0.3672,1.0,0.125,2.0794415416798357
Philips_B120N10_Baby_Monitor,100,27,72774,soft_mean,0.99373572,0.6858773869346734,0.3812,1.0,0.1837489841172136,1.9873644503512424
Philips_B120N10_Baby_Monitor,100,27,72774,soft_mean_scale,0.99384056,0.7145989949748743,0.297,1.0,0.836331948791489,0.6720837145850643
Philips_B120N10_Baby_Monitor,100,28,66586,shared_oas,0.9969216799999999,0.8453105527638191,0.0044,0.9972,0.125,2.0794415416798357
Philips_B120N10_Baby_Monitor,100,28,66586,local_center_peer_scale,0.99778952,0.8889206030150754,0.005,0.9996,0.125,2.0794415416798357
Philips_B120N10_Baby_Monitor,100,28,66586,soft_mean,0.9972327599999999,0.8609427135678391,0.0052,0.9998,0.248919469159732,1.9470198498648612
Philips_B120N10_Baby_Monitor,100,28,66586,soft_mean_scale,0.99659208,0.8287477386934674,0.0052,0.9998,0.3106305145845911,1.793446677367579
Philips_B120N10_Baby_Monitor,100,29,29611,shared_oas,0.99459076,0.7283738693467336,0.4422,1.0,0.125,2.0794415416798357
Philips_B120N10_Baby_Monitor,100,29,29611,local_center_peer_scale,0.99402296,0.7000221105527638,0.4362,1.0,0.125,2.0794415416798357
Philips_B120N10_Baby_Monitor,100,29,29611,soft_mean,0.99415388,0.7066472361809044,0.4228,1.0,0.177747473530805,1.990077847342463
Philips_B120N10_Baby_Monitor,100,29,29611,soft_mean_scale,0.9915836,0.6443517587939698,0.3362,1.0,0.818878929890639,0.7081256189955943
Philips_B120N10_Baby_Monitor,300,0,52877,shared_oas,0.99428492,0.7257989949748744,0.1332,1.0,0.125,2.0794415416798357
Philips_B120N10_Baby_Monitor,300,0,52877,local_center_peer_scale,0.9935716,0.6843316582914573,0.1286,1.0,0.125,2.0794415416798357
Philips_B120N10_Baby_Monitor,300,0,52877,soft_mean,0.9932164,0.6687597989949748,0.135,1.0,0.19396550378683755,1.9997047818883669
Philips_B120N10_Baby_Monitor,300,0,52877,soft_mean_scale,0.99482728,0.7472482412060302,0.093,1.0,0.7516555610504531,0.9307361999638794
Philips_B120N10_Baby_Monitor,300,1,14929,shared_oas,0.99405072,0.7152462311557789,0.231,1.0,0.125,2.0794415416798357
Philips_B120N10_Baby_Monitor,300,1,14929,local_center_peer_scale,0.99295824,0.7166653266331658,0.2426,1.0,0.125,2.0794415416798357
Philips_B120N10_Baby_Monitor,300,1,14929,soft_mean,0.99310096,0.7298592964824121,0.2686,1.0,0.2021812031309762,1.9683736924800723
Philips_B120N10_Baby_Monitor,300,1,14929,soft_mean_scale,0.99158096,0.7088180904522613,0.2022,1.0,0.7816687575095224,0.8398140887947929
Philips_B120N10_Baby_Monitor,300,2,36901,shared_oas,0.9934416,0.6710673366834171,0.8748,1.0,0.125,2.0794415416798357
Philips_B120N10_Baby_Monitor,300,2,36901,local_center_peer_scale,0.9924512,0.6307919597989949,0.8692,1.0,0.125,2.0794415416798357
Philips_B120N10_Baby_Monitor,300,2,36901,soft_mean,0.99245108,0.6331256281407035,0.875,1.0,0.19129535685821383,1.9839143485617963
Philips_B120N10_Baby_Monitor,300,2,36901,soft_mean_scale,0.9900865999999999,0.6411839195979899,0.841,1.0,0.8544099480864384,0.6224183993450271
Philips_B120N10_Baby_Monitor,300,3,53469,shared_oas,0.99854516,0.9270793969849247,0.9306,1.0,0.125,2.0794415416798357
Philips_B120N10_Baby_Monitor,300,3,53469,local_center_peer_scale,0.99810992,0.9067577889447236,0.9302,1.0,0.125,2.0794415416798357
Philips_B120N10_Baby_Monitor,300,3,53469,soft_mean,0.99790856,0.8966211055276382,0.9334,1.0,0.1885246027957222,2.0136307212270177
Philips_B120N10_Baby_Monitor,300,3,53469,soft_mean_scale,0.99704396,0.8629386934673366,0.9404,1.0,0.6361802035119353,1.2027132835339498
Philips_B120N10_Baby_Monitor,300,4,57594,shared_oas,0.99933064,0.9664281407035176,0.0,0.0,0.125,2.0794415416798357
Philips_B120N10_Baby_Monitor,300,4,57594,local_center_peer_scale,0.99999664,0.9998613065326634,0.0,0.0,0.125,2.0794415416798357
Philips_B120N10_Baby_Monitor,300,4,57594,soft_mean,0.99999636,0.9998532663316584,0.0,0.0,0.22137286340984946,1.9996779457094491
Philips_B120N10_Baby_Monitor,300,4,57594,soft_mean_scale,0.999996,0.9998371859296482,0.0,0.0,0.2511571189742452,1.8832384611020845
Philips_B120N10_Baby_Monitor,300,5,30455,shared_oas,0.99827572,0.9133587939698492,0.099,1.0,0.125,2.0794415416798357
Philips_B120N10_Baby_Monitor,300,5,30455,local_center_peer_scale,0.9980281599999999,0.9009125628140704,0.092,1.0,0.125,2.0794415416798357
Philips_B120N10_Baby_Monitor,300,5,30455,soft_mean,0.99783336,0.8911236180904523,0.0998,1.0,0.20008232069965803,1.9921472447707163
Philips_B120N10_Baby_Monitor,300,5,30455,soft_mean_scale,0.99851888,0.9255819095477387,0.0468,1.0,0.7690460189131991,0.8799388853338099
Philips_B120N10_Baby_Monitor,300,6,31109,shared_oas,0.9970550800000001,0.8520462311557789,0.4376,1.0,0.125,2.0794415416798357
Philips_B120N10_Baby_Monitor,300,6,31109,local_center_peer_scale,0.99659244,0.8289447236180905,0.4262,1.0,0.125,2.0794415416798357
Philips_B120N10_Baby_Monitor,300,6,31109,soft_mean,0.9965290400000001,0.8257989949748743,0.43,1.0,0.18318302007533704,1.986063253862521
Philips_B120N10_Baby_Monitor,300,6,31109,soft_mean_scale,0.996605,0.8302693467336684,0.3248,1.0,0.8506331198469699,0.6335408507494348
Philips_B120N10_Baby_Monitor,300,7,81839,shared_oas,0.99647924,0.8231899497487437,0.404,1.0,0.125,2.0794415416798357
Philips_B120N10_Baby_Monitor,300,7,81839,local_center_peer_scale,0.99574452,0.7866412060301508,0.4056,1.0,0.125,2.0794415416798357
Philips_B120N10_Baby_Monitor,300,7,81839,soft_mean,0.99584592,0.7918231155778894,0.4006,1.0,0.18316003931488667,1.9802275824635205
Philips_B120N10_Baby_Monitor,300,7,81839,soft_mean_scale,0.99349524,0.6880763819095477,0.3638,1.0,0.8443582939063584,0.6554010932602073
Philips_B120N10_Baby_Monitor,300,8,67690,shared_oas,0.9986953199999999,0.9344381909547739,0.0056,0.9956,0.125,2.0794415416798357
Philips_B120N10_Baby_Monitor,300,8,67690,local_center_peer_scale,0.9999286,0.9964120603015074,0.003,0.9946,0.125,2.0794415416798357
Philips_B120N10_Baby_Monitor,300,8,67690,soft_mean,0.9999283200000001,0.9963979899497488,0.0032,0.9944,0.1940385738887852,2.009132125950069
Philips_B120N10_Baby_Monitor,300,8,67690,soft_mean_scale,0.9999272,0.9963417085427135,0.003,0.9942,0.2316167227694572,1.9733694496423975
Philips_B120N10_Baby_Monitor,300,9,17233,shared_oas,0.9975996,0.8793768844221106,0.4548,1.0,0.125,2.0794415416798357
Philips_B120N10_Baby_Monitor,300,9,17233,local_center_peer_scale,0.9969593999999999,0.8472321608040201,0.4432,1.0,0.125,2.0794415416798357
Philips_B120N10_Baby_Monitor,300,9,17233,soft_mean,0.99686932,0.8427296482412061,0.4484,1.0,0.17930093232273253,1.9879863960815478
Philips_B120N10_Baby_Monitor,300,9,17233,soft_mean_scale,0.9958152,0.8007979899497488,0.4402,1.0,0.8447250012658585,0.6435860190034851
Philips_B120N10_Baby_Monitor,300,10,97264,shared_oas,0.99800548,0.8997728643216081,0.4706,1.0,0.125,2.0794415416798357
Philips_B120N10_Baby_Monitor,300,10,97264,local_center_peer_scale,0.99749576,0.8741668341708542,0.4654,1.0,0.125,2.0794415416798357
Philips_B120N10_Baby_Monitor,300,10,97264,soft_mean,0.9975438,0.8765889447236181,0.4644,1.0,0.18138564569453625,1.9834531452191613
Philips_B120N10_Baby_Monitor,300,10,97264,soft_mean_scale,0.9974067600000001,0.8697849246231155,0.3848,1.0,0.8595571199215952,0.6025675537224628
Philips_B120N10_Baby_Monitor,300,11,54600,shared_oas,0.99999484,0.9998974874371858,0.0,0.0,0.125,2.0794415416798357
Philips_B120N10_Baby_Monitor,300,11,54600,local_center_peer_scale,0.9998054000000001,0.998243216080402,0.0,0.0,0.125,2.0794415416798357
Philips_B120N10_Baby_Monitor,300,11,54600,soft_mean,0.99977964,0.997254271356784,0.0,0.0,0.20848569509596163,1.9306388410125197
Philips_B120N10_Baby_Monitor,300,11,54600,soft_mean_scale,0.9997596,0.9964000000000002,0.0,0.0,0.25738440153240266,1.7686251369023602
Philips_B120N10_Baby_Monitor,300,12,19414,shared_oas,0.99678816,0.8386713567839196,0.558,1.0,0.125,2.0794415416798357
Philips_B120N10_Baby_Monitor,300,12,19414,local_center_peer_scale,0.9968462400000001,0.8417306532663317,0.5406,1.0,0.125,2.0794415416798357
Philips_B120N10_Baby_Monitor,300,12,19414,soft_mean,0.9967666000000001,0.8377567839195981,0.5826,1.0,0.19296108320458488,1.9827127536088374
Philips_B120N10_Baby_Monitor,300,12,19414,soft_mean_scale,0.99616696,0.8078311557788945,0.4844,1.0,0.8347952882271652,0.6905928236383594
Philips_B120N10_Baby_Monitor,300,13,57603,shared_oas,0.9945848399999999,0.8375658291457286,0.0,0.0,0.125,2.0794415416798357
Philips_B120N10_Baby_Monitor,300,13,57603,local_center_peer_scale,0.99985084,0.9925045226130653,0.0,0.0,0.125,2.0794415416798357
Philips_B120N10_Baby_Monitor,300,13,57603,soft_mean,0.99984304,0.9921125628140703,0.0,0.0,0.22342829052408977,1.9948975972461094
Philips_B120N10_Baby_Monitor,300,13,57603,soft_mean_scale,0.99983032,0.9914753768844221,0.0,0.0,0.2561221947160101,1.8678577069728761
Philips_B120N10_Baby_Monitor,300,14,95964,shared_oas,0.99666924,0.8326552763819095,0.361,1.0,0.125,2.0794415416798357
Philips_B120N10_Baby_Monitor,300,14,95964,local_center_peer_scale,0.9962924,0.8138211055276383,0.348,1.0,0.125,2.0794415416798357
Philips_B120N10_Baby_Monitor,300,14,95964,soft_mean,0.99623292,0.8108381909547739,0.3458,1.0,0.1840789798489703,1.9817580663166294
Philips_B120N10_Baby_Monitor,300,14,95964,soft_mean_scale,0.99712484,0.8556060301507538,0.3016,1.0,0.8281721328776573,0.7065205363150289
Philips_B120N10_Baby_Monitor,300,15,26678,shared_oas,0.99615044,0.806586934673367,0.2802,1.0,0.125,2.0794415416798357
Philips_B120N10_Baby_Monitor,300,15,26678,local_center_peer_scale,0.99557948,0.7779537688442211,0.28,1.0,0.125,2.0794415416798357
Philips_B120N10_Baby_Monitor,300,15,26678,soft_mean,0.99557104,0.7775638190954774,0.3136,1.0,0.19479901556654183,1.9829751312794595
Philips_B120N10_Baby_Monitor,300,15,26678,soft_mean_scale,0.99572864,0.7861788944723618,0.221,1.0,0.8323430637397632,0.6991708590993255
Philips_B120N10_Baby_Monitor,300,16,57095,shared_oas,0.9973384000000001,0.8662994974874372,0.1456,1.0,0.125,2.0794415416798357
Philips_B120N10_Baby_Monitor,300,16,57095,local_center_peer_scale,0.9972328,0.8610030150753769,0.1388,1.0,0.125,2.0794415416798357
Philips_B120N10_Baby_Monitor,300,16,57095,soft_mean,0.9973293200000001,0.8658633165829146,0.1566,1.0,0.1783480750887995,1.9874662549334874
Philips_B120N10_Baby_Monitor,300,16,57095,soft_mean_scale,0.99362168,0.707356783919598,0.0868,1.0,0.8503466461921612,0.6005768457127119
Philips_B120N10_Baby_Monitor,300,17,27920,shared_oas,0.99455772,0.7266673366834171,0.4216,1.0,0.125,2.0794415416798357
Philips_B120N10_Baby_Monitor,300,17,27920,local_center_peer_scale,0.99315424,0.6564522613065327,0.4204,1.0,0.125,2.0794415416798357
Philips_B120N10_Baby_Monitor,300,17,27920,soft_mean,0.99337596,0.6678994974874372,0.4192,1.0,0.17881143781641765,1.9862705727104564
Philips_B120N10_Baby_Monitor,300,17,27920,soft_mean_scale,0.9934678,0.6921386934673366,0.4324,1.0,0.8472102682891967,0.6435163498966199
Philips_B120N10_Baby_Monitor,300,18,66635,shared_oas,0.99714556,0.8565869346733669,0.0546,1.0,0.125,2.0794415416798357
Philips_B120N10_Baby_Monitor,300,18,66635,local_center_peer_scale,0.99816876,0.9079778894472362,0.0382,1.0,0.125,2.0794415416798357
Philips_B120N10_Baby_Monitor,300,18,66635,soft_mean,0.99806848,0.9029386934673367,0.0374,1.0,0.2065529534471614,2.00241788887861
Philips_B120N10_Baby_Monitor,300,18,66635,soft_mean_scale,0.9980849199999999,0.9037648241206031,0.0266,1.0,0.4455718915716648,1.5865731824084506
Philips_B120N10_Baby_Monitor,300,19,37361,shared_oas,0.9950753999999999,0.7525507537688443,0.0268,1.0,0.125,2.0794415416798357
Philips_B120N10_Baby_Monitor,300,19,37361,local_center_peer_scale,0.9970334799999999,0.8509286432160804,0.0304,1.0,0.125,2.0794415416798357
Philips_B120N10_Baby_Monitor,300,19,37361,soft_mean,0.99655916,0.8270934673366834,0.0334,1.0,0.23632596965929398,1.989078451174707
Philips_B120N10_Baby_Monitor,300,19,37361,soft_mean_scale,0.99588544,0.7932381909547739,0.034,1.0,0.2604581462406962,1.8855922818020632
Philips_B120N10_Baby_Monitor,300,20,91780,shared_oas,0.99668364,0.8333487437185929,0.5178,1.0,0.125,2.0794415416798357
Philips_B120N10_Baby_Monitor,300,20,91780,local_center_peer_scale,0.99624932,0.8115577889447236,0.514,1.0,0.125,2.0794415416798357
Philips_B120N10_Baby_Monitor,300,20,91780,soft_mean,0.99622972,0.8105829145728642,0.5198,1.0,0.18142926844852836,1.981616930474074
Philips_B120N10_Baby_Monitor,300,20,91780,soft_mean_scale,0.99632884,0.8156261306532664,0.4902,1.0,0.8643830360032716,0.5826322865368518
Philips_B120N10_Baby_Monitor,300,21,93524,shared_oas,0.9932214,0.7413889447236182,0.1856,1.0,0.125,2.0794415416798357
Philips_B120N10_Baby_Monitor,300,21,93524,local_center_peer_scale,0.9914358,0.7129447236180905,0.21,1.0,0.125,2.0794415416798357
Philips_B120N10_Baby_Monitor,300,21,93524,soft_mean,0.9913297600000001,0.7133829145728643,0.2202,1.0,0.1815261328309684,1.982464256398617
Philips_B120N10_Baby_Monitor,300,21,93524,soft_mean_scale,0.98881256,0.6586010050251256,0.113,1.0,0.840611779891159,0.6535327429965271
Philips_B120N10_Baby_Monitor,300,22,23178,shared_oas,0.99790468,0.8947075376884422,0.472,1.0,0.125,2.0794415416798357
Philips_B120N10_Baby_Monitor,300,22,23178,local_center_peer_scale,0.9975218400000001,0.8755417085427135,0.4396,1.0,0.125,2.0794415416798357
Philips_B120N10_Baby_Monitor,300,22,23178,soft_mean,0.99749392,0.8741608040201005,0.4378,1.0,0.1918025000704009,1.9870111031976
Philips_B120N10_Baby_Monitor,300,22,23178,soft_mean_scale,0.9972190400000001,0.8605025125628141,0.3778,1.0,0.8363607163384116,0.6865420335927543
Philips_B120N10_Baby_Monitor,300,23,91291,shared_oas,0.9964993600000001,0.8240924623115579,0.4208,1.0,0.125,2.0794415416798357
Philips_B120N10_Baby_Monitor,300,23,91291,local_center_peer_scale,0.9961336799999999,0.8057185929648241,0.3636,1.0,0.125,2.0794415416798357
Philips_B120N10_Baby_Monitor,300,23,91291,soft_mean,0.99597372,0.7976804020100503,0.3444,1.0,0.188676907467784,1.9915228411447918
Philips_B120N10_Baby_Monitor,300,23,91291,soft_mean_scale,0.99709228,0.8538834170854271,0.2612,1.0,0.8233406341528948,0.7060830381190419
Philips_B120N10_Baby_Monitor,300,24,25453,shared_oas,0.99619472,0.8087798994974874,0.5472,1.0,0.125,2.0794415416798357
Philips_B120N10_Baby_Monitor,300,24,25453,local_center_peer_scale,0.99566908,0.7824783919597991,0.571,1.0,0.125,2.0794415416798357
Philips_B120N10_Baby_Monitor,300,24,25453,soft_mean,0.9954072,0.7693788944723619,0.597,1.0,0.190416462399505,1.9820374580343192
Philips_B120N10_Baby_Monitor,300,24,25453,soft_mean_scale,0.9956792,0.7832683417085426,0.52,1.0,0.8413335755110527,0.6701784062574702
Philips_B120N10_Baby_Monitor,300,25,70953,shared_oas,0.99265156,0.634094472361809,0.5524,1.0,0.125,2.0794415416798357
Philips_B120N10_Baby_Monitor,300,25,70953,local_center_peer_scale,0.990799,0.5671276381909548,0.5576,1.0,0.125,2.0794415416798357
Philips_B120N10_Baby_Monitor,300,25,70953,soft_mean,0.9913004400000001,0.5892482412060301,0.5598,1.0,0.18123926900141196,1.9850167947879926
Philips_B120N10_Baby_Monitor,300,25,70953,soft_mean_scale,0.98017468,0.49763417085427136,0.5474,1.0,0.8737158218848239,0.5296839160545819
Philips_B120N10_Baby_Monitor,300,26,77499,shared_oas,0.99651976,0.825113567839196,0.1554,1.0,0.125,2.0794415416798357
Philips_B120N10_Baby_Monitor,300,26,77499,local_center_peer_scale,0.9958977999999999,0.7940562814070352,0.163,1.0,0.125,2.0794415416798357
Philips_B120N10_Baby_Monitor,300,26,77499,soft_mean,0.9958070400000001,0.7895437185929648,0.1796,1.0,0.18267037118412707,1.9797426005490268
Philips_B120N10_Baby_Monitor,300,26,77499,soft_mean_scale,0.9951757200000001,0.759913567839196,0.0768,1.0,0.8524115330175125,0.6286741278796041
Philips_B120N10_Baby_Monitor,300,27,11016,shared_oas,0.9949887199999999,0.7509185929648241,0.791,1.0,0.125,2.0794415416798357
Philips_B120N10_Baby_Monitor,300,27,11016,local_center_peer_scale,0.99422204,0.7279618090452261,0.7912,1.0,0.125,2.0794415416798357
Philips_B120N10_Baby_Monitor,300,27,11016,soft_mean,0.9946442799999999,0.7513628140703518,0.7992,1.0,0.19918154080320646,1.9803319245937714
Philips_B120N10_Baby_Monitor,300,27,11016,soft_mean_scale,0.9903897599999999,0.6275195979899497,0.4502,1.0,0.8153368180536671,0.7274690300251675
Philips_B120N10_Baby_Monitor,300,28,102076,shared_oas,0.99731616,0.8651336683417086,0.24,1.0,0.125,2.0794415416798357
Philips_B120N10_Baby_Monitor,300,28,102076,local_center_peer_scale,0.99660908,0.8296341708542714,0.2338,1.0,0.125,2.0794415416798357
Philips_B120N10_Baby_Monitor,300,28,102076,soft_mean,0.99653684,0.8260381909547738,0.254,1.0,0.1812919423711492,1.9811602887314912
Philips_B120N10_Baby_Monitor,300,28,102076,soft_mean_scale,0.99719692,0.8594713567839196,0.146,1.0,0.8420349076278949,0.6605431621770971
Philips_B120N10_Baby_Monitor,300,29,17443,shared_oas,0.99753256,0.8760080402010051,0.5104,1.0,0.125,2.0794415416798357
Philips_B120N10_Baby_Monitor,300,29,17443,local_center_peer_scale,0.99700124,0.8493165829145729,0.5046,1.0,0.125,2.0794415416798357
Philips_B120N10_Baby_Monitor,300,29,17443,soft_mean,0.99689324,0.8439095477386935,0.4954,1.0,0.18283012252915143,1.9837638751372304
Philips_B120N10_Baby_Monitor,300,29,17443,soft_mean_scale,0.99705056,0.8521608040201005,0.3708,1.0,0.8593827158396616,0.5967984533011995
Philips_B120N10_Baby_Monitor,1000,0,92647,shared_oas,0.99493568,0.8064140703517588,0.4312,1.0,0.125,2.0794415416798357
Philips_B120N10_Baby_Monitor,1000,0,92647,local_center_peer_scale,0.99342444,0.7873547738693467,0.439,1.0,0.125,2.0794415416798357
Philips_B120N10_Baby_Monitor,1000,0,92647,soft_mean,0.9930952399999999,0.7890070351758793,0.4348,1.0,0.18093192672461597,1.9817631509300513
Philips_B120N10_Baby_Monitor,1000,0,92647,soft_mean_scale,0.99156108,0.785254271356784,0.4202,1.0,0.8391334718746635,0.6684540954205072
Philips_B120N10_Baby_Monitor,1000,1,86328,shared_oas,0.9969287600000001,0.845670351758794,0.5726,1.0,0.125,2.0794415416798357
Philips_B120N10_Baby_Monitor,1000,1,86328,local_center_peer_scale,0.99655224,0.8268783919597991,0.5742,1.0,0.125,2.0794415416798357
Philips_B120N10_Baby_Monitor,1000,1,86328,soft_mean,0.99642664,0.8205788944723619,0.573,1.0,0.1849334413660075,1.9807719486465767
Philips_B120N10_Baby_Monitor,1000,1,86328,soft_mean_scale,0.9954818799999999,0.7750834170854272,0.5716,1.0,0.8674531577283435,0.5758190155139182
Philips_B120N10_Baby_Monitor,1000,2,46996,shared_oas,0.9923858400000001,0.7596502512562815,0.3524,1.0,0.125,2.0794415416798357
Philips_B120N10_Baby_Monitor,1000,2,46996,local_center_peer_scale,0.99162412,0.755113567839196,0.3418,1.0,0.125,2.0794415416798357
Philips_B120N10_Baby_Monitor,1000,2,46996,soft_mean,0.99126064,0.754619095477387,0.341,1.0,0.19157091508205698,1.9731643142003383
Philips_B120N10_Baby_Monitor,1000,2,46996,soft_mean_scale,0.9879583599999999,0.684353768844221,0.3386,1.0,0.8129368608575746,0.7439106894042171
Philips_B120N10_Baby_Monitor,1000,3,85637,shared_oas,0.9975282,0.8757889447236181,0.4372,1.0,0.125,2.0794415416798357
Philips_B120N10_Baby_Monitor,1000,3,85637,local_center_peer_scale,0.9968536,0.8418974874371858,0.4416,1.0,0.125,2.0794415416798357
Philips_B120N10_Baby_Monitor,1000,3,85637,soft_mean,0.99662168,0.8302452261306534,0.4446,1.0,0.1831208087546949,1.9802730132515274
Philips_B120N10_Baby_Monitor,1000,3,85637,soft_mean_scale,0.9974036,0.86956783919598,0.4116,1.0,0.8544358094980922,0.6219751182787074
Philips_B120N10_Baby_Monitor,1000,4,18777,shared_oas,0.99840392,0.9197949748743719,0.385,1.0,0.125,2.0794415416798357
Philips_B120N10_Baby_Monitor,1000,4,18777,local_center_peer_scale,0.9981880799999999,0.908948743718593,0.383,1.0,0.125,2.0794415416798357
Philips_B120N10_Baby_Monitor,1000,4,18777,soft_mean,0.9979582800000001,0.8974010050251255,0.381,1.0,0.18738310331395475,1.9823471164084911
Philips_B120N10_Baby_Monitor,1000,4,18777,soft_mean_scale,0.99809852,0.9046834170854272,0.372,1.0,0.8414521786145299,0.6679925143665953
Philips_B120N10_Baby_Monitor,1000,5,17611,shared_oas,0.9980715200000001,0.9031437185929649,0.0198,1.0,0.125,2.0794415416798357
Philips_B120N10_Baby_Monitor,1000,5,17611,local_center_peer_scale,0.99928244,0.9639417085427135,0.0182,1.0,0.125,2.0794415416798357
Philips_B120N10_Baby_Monitor,1000,5,17611,soft_mean,0.99927076,0.9633547738693466,0.018,1.0,0.19785169374162428,1.9897623012735384
Philips_B120N10_Baby_Monitor,1000,5,17611,soft_mean_scale,0.99949264,0.9745045226130653,0.0128,1.0,0.5374591723433295,1.4299359416727981
Philips_B120N10_Baby_Monitor,1000,6,51202,shared_oas,0.99702056,0.8503718592964825,0.3668,1.0,0.125,2.0794415416798357
Philips_B120N10_Baby_Monitor,1000,6,51202,local_center_peer_scale,0.99605856,0.802251256281407,0.3684,1.0,0.125,2.0794415416798357
Philips_B120N10_Baby_Monitor,1000,6,51202,soft_mean,0.9959435999999999,0.7964743718592965,0.367,1.0,0.1805896479426901,1.9807771847159028
Philips_B120N10_Baby_Monitor,1000,6,51202,soft_mean_scale,0.99677956,0.8385869346733668,0.3384,1.0,0.8522824266103318,0.6303111747311861
Philips_B120N10_Baby_Monitor,1000,7,83555,shared_oas,0.99654656,0.8265849246231156,0.503,1.0,0.125,2.0794415416798357
Philips_B120N10_Baby_Monitor,1000,7,83555,local_center_peer_scale,0.99539272,0.7690633165829146,0.4974,1.0,0.125,2.0794415416798357
Philips_B120N10_Baby_Monitor,1000,7,83555,soft_mean,0.99538572,0.7689286432160805,0.5022,1.0,0.18308015231913422,1.9818170586493296
Philips_B120N10_Baby_Monitor,1000,7,83555,soft_mean_scale,0.9940530399999999,0.705105527638191,0.4812,1.0,0.8632702139805651,0.5898894872938232
Philips_B120N10_Baby_Monitor,1000,8,28386,shared_oas,0.9975549199999999,0.8771316582914572,0.1862,1.0,0.125,2.0794415416798357
Philips_B120N10_Baby_Monitor,1000,8,28386,local_center_peer_scale,0.9975651600000001,0.8776462311557789,0.1922,1.0,0.125,2.0794415416798357
Philips_B120N10_Baby_Monitor,1000,8,28386,soft_mean,0.9974308000000001,0.8708944723618091,0.1938,1.0,0.19292855716136376,1.983612879681991
Philips_B120N10_Baby_Monitor,1000,8,28386,soft_mean_scale,0.99842336,0.9207718592964824,0.1886,1.0,0.8235118386725507,0.7186978799259738
Philips_B120N10_Baby_Monitor,1000,9,103012,shared_oas,0.995329,0.7654653266331659,0.3884,1.0,0.125,2.0794415416798357
Philips_B120N10_Baby_Monitor,1000,9,103012,local_center_peer_scale,0.9941646799999999,0.7073065326633166,0.3886,1.0,0.125,2.0794415416798357
Philips_B120N10_Baby_Monitor,1000,9,103012,soft_mean,0.9941979999999999,0.7090391959798995,0.3888,1.0,0.1811177248778817,1.9816284765588699
Philips_B120N10_Baby_Monitor,1000,9,103012,soft_mean_scale,0.9946547600000001,0.7325688442211056,0.3458,1.0,0.8542445344693266,0.6222795617552901
Philips_B120N10_Baby_Monitor,1000,10,94136,shared_oas,0.99700844,0.8496763819095479,0.4442,1.0,0.125,2.0794415416798357
Philips_B120N10_Baby_Monitor,1000,10,94136,local_center_peer_scale,0.99624368,0.8113326633165829,0.45,1.0,0.125,2.0794415416798357
Philips_B120N10_Baby_Monitor,1000,10,94136,soft_mean,0.99610088,0.804164824120603,0.4448,1.0,0.182831974936735,1.983102730743936
Philips_B120N10_Baby_Monitor,1000,10,94136,soft_mean_scale,0.99702064,0.8502834170854272,0.427,1.0,0.8564238539069658,0.6151231633310423
Philips_B120N10_Baby_Monitor,1000,11,18015,shared_oas,0.99563504,0.7807798994974875,0.1786,1.0,0.125,2.0794415416798357
Philips_B120N10_Baby_Monitor,1000,11,18015,local_center_peer_scale,0.9950601600000001,0.7518874371859297,0.1624,1.0,0.125,2.0794415416798357
Philips_B120N10_Baby_Monitor,1000,11,18015,soft_mean,0.9951833200000001,0.7580824120603016,0.1586,1.0,0.18821238015780617,1.9838843419866168
Philips_B120N10_Baby_Monitor,1000,11,18015,soft_mean_scale,0.9968031199999999,0.8395477386934673,0.123,1.0,0.8363593993396639,0.6667025754380334
Philips_B120N10_Baby_Monitor,1000,12,71729,shared_oas,0.99733644,0.8661809045226132,0.3848,1.0,0.125,2.0794415416798357
Philips_B120N10_Baby_Monitor,1000,12,71729,local_center_peer_scale,0.9964687600000001,0.8228482412060302,0.389,1.0,0.125,2.0794415416798357
Philips_B120N10_Baby_Monitor,1000,12,71729,soft_mean,0.99637968,0.81838391959799,0.3924,1.0,0.18139140785588376,1.9815241968231454
Philips_B120N10_Baby_Monitor,1000,12,71729,soft_mean_scale,0.99621728,0.810956783919598,0.3486,1.0,0.8662585131575568,0.5808402626891989
Philips_B120N10_Baby_Monitor,1000,13,83642,shared_oas,0.99640624,0.8195638190954774,0.4638,1.0,0.125,2.0794415416798357
Philips_B120N10_Baby_Monitor,1000,13,83642,local_center_peer_scale,0.9945995599999999,0.7296281407035177,0.4602,1.0,0.125,2.0794415416798357
Philips_B120N10_Baby_Monitor,1000,13,83642,soft_mean,0.9945615600000001,0.7279839195979899,0.4552,1.0,0.1825364543093958,1.9824972847290319
Philips_B120N10_Baby_Monitor,1000,13,83642,soft_mean_scale,0.993598,0.6903497487437186,0.4516,1.0,0.8599644995269945,0.6022863720409536
Philips_B120N10_Baby_Monitor,1000,14,16335,shared_oas,0.9954632,0.7722090452261305,0.0206,1.0,0.125,2.0794415416798357
Philips_B120N10_Baby_Monitor,1000,14,16335,local_center_peer_scale,0.99817764,0.908424120603015,0.0212,1.0,0.125,2.0794415416798357
Philips_B120N10_Baby_Monitor,1000,14,16335,soft_mean,0.99818188,0.9086391959798995,0.022,1.0,0.20181397324214614,1.9961574168373588
Philips_B120N10_Baby_Monitor,1000,14,16335,soft_mean_scale,0.99824624,0.9118713567839196,0.0162,1.0,0.415619546465072,1.658805352356294
Philips_B120N10_Baby_Monitor,1000,15,40811,shared_oas,0.9973368,0.8661909547738693,0.4114,1.0,0.125,2.0794415416798357
Philips_B120N10_Baby_Monitor,1000,15,40811,local_center_peer_scale,0.996252,0.8118291457286433,0.4114,1.0,0.125,2.0794415416798357
Philips_B120N10_Baby_Monitor,1000,15,40811,soft_mean,0.9961122,0.8048301507537688,0.4108,1.0,0.18170530402800034,1.9811695676831638
Philips_B120N10_Baby_Monitor,1000,15,40811,soft_mean_scale,0.99593268,0.7962331658291457,0.3956,1.0,0.853791564284862,0.6257269472773503
Philips_B120N10_Baby_Monitor,1000,16,81941,shared_oas,0.99486668,0.7422572864321608,0.4952,1.0,0.125,2.0794415416798357
Philips_B120N10_Baby_Monitor,1000,16,81941,local_center_peer_scale,0.9941818,0.709310552763819,0.4946,1.0,0.125,2.0794415416798357
Philips_B120N10_Baby_Monitor,1000,16,81941,soft_mean,0.99393748,0.6974793969849247,0.494,1.0,0.18320395396287095,1.982331502375688
Philips_B120N10_Baby_Monitor,1000,16,81941,soft_mean_scale,0.9930133999999999,0.668424120603015,0.4788,1.0,0.8578478333988026,0.6106237268752205
Philips_B120N10_Baby_Monitor,1000,17,92936,shared_oas,0.9925808,0.7305165829145729,0.3688,1.0,0.125,2.0794415416798357
Philips_B120N10_Baby_Monitor,1000,17,92936,local_center_peer_scale,0.9911772000000001,0.7087738693467337,0.3868,1.0,0.125,2.0794415416798357
Philips_B120N10_Baby_Monitor,1000,17,92936,soft_mean,0.9909460800000001,0.7146834170854272,0.3874,1.0,0.1808912342212959,1.9821589785918454
Philips_B120N10_Baby_Monitor,1000,17,92936,soft_mean_scale,0.98949416,0.7006894472361809,0.3552,1.0,0.8418832758662194,0.6582771289266038
Philips_B120N10_Baby_Monitor,1000,18,89284,shared_oas,0.99628824,0.8135437185929648,0.4146,1.0,0.125,2.0794415416798357
Philips_B120N10_Baby_Monitor,1000,18,89284,local_center_peer_scale,0.99501944,0.750548743718593,0.4122,1.0,0.125,2.0794415416798357
Philips_B120N10_Baby_Monitor,1000,18,89284,soft_mean,0.99492072,0.7457929648241206,0.4074,1.0,0.18286162067112474,1.9803117246657425
Philips_B120N10_Baby_Monitor,1000,18,89284,soft_mean_scale,0.9938064400000001,0.6947517587939698,0.4132,1.0,0.8525315452827822,0.6294467287914733
Philips_B120N10_Baby_Monitor,1000,19,95583,shared_oas,0.99776888,0.8878834170854273,0.241,1.0,0.125,2.0794415416798357
Philips_B120N10_Baby_Monitor,1000,19,95583,local_center_peer_scale,0.99767456,0.8831437185929648,0.2352,1.0,0.125,2.0794415416798357
Philips_B120N10_Baby_Monitor,1000,19,95583,soft_mean,0.9975374,0.876251256281407,0.2348,1.0,0.18355971731120518,1.9821506129123039
Philips_B120N10_Baby_Monitor,1000,19,95583,soft_mean_scale,0.9984681200000001,0.9230211055276382,0.1648,1.0,0.851544129070353,0.629418510171085
Philips_B120N10_Baby_Monitor,1000,20,12507,shared_oas,0.99728476,0.8635718592964824,0.3456,1.0,0.125,2.0794415416798357
Philips_B120N10_Baby_Monitor,1000,20,12507,local_center_peer_scale,0.99712816,0.8557346733668343,0.348,1.0,0.125,2.0794415416798357
Philips_B120N10_Baby_Monitor,1000,20,12507,soft_mean,0.99691608,0.8451155778894472,0.3478,1.0,0.19864185494343775,1.971498549864005
Philips_B120N10_Baby_Monitor,1000,20,12507,soft_mean_scale,0.9975726,0.8780201005025126,0.336,1.0,0.8037128029098921,0.786642740381419
Philips_B120N10_Baby_Monitor,1000,21,111998,shared_oas,0.99999952,0.9999758793969848,0.0,0.0164,0.125,2.0794415416798357
Philips_B120N10_Baby_Monitor,1000,21,111998,local_center_peer_scale,0.99990476,0.9952140703517588,0.0,0.0996,0.125,2.0794415416798357
Philips_B120N10_Baby_Monitor,1000,21,111998,soft_mean,0.9999041999999999,0.9951859296482413,0.0,0.0966,0.19055100118824148,1.9974649072862496
Philips_B120N10_Baby_Monitor,1000,21,111998,soft_mean_scale,0.99990368,0.9951597989949749,0.0,0.0882,0.2277261252645687,1.8736324010765353
Philips_B120N10_Baby_Monitor,1000,22,85322,shared_oas,0.99232484,0.7389608040201006,0.385,1.0,0.125,2.0794415416798357
Philips_B120N10_Baby_Monitor,1000,22,85322,local_center_peer_scale,0.99051484,0.7266773869346733,0.385,1.0,0.125,2.0794415416798357
Philips_B120N10_Baby_Monitor,1000,22,85322,soft_mean,0.99037252,0.7329386934673366,0.3848,1.0,0.183375165743177,1.9809919634612272
Philips_B120N10_Baby_Monitor,1000,22,85322,soft_mean_scale,0.988945,0.7268442211055277,0.3632,1.0,0.8398885100024124,0.6645685799321434
Philips_B120N10_Baby_Monitor,1000,23,18046,shared_oas,0.99680532,0.8395798994974875,0.1846,1.0,0.125,2.0794415416798357
Philips_B120N10_Baby_Monitor,1000,23,18046,local_center_peer_scale,0.99650328,0.8244201005025126,0.1618,1.0,0.125,2.0794415416798357
Philips_B120N10_Baby_Monitor,1000,23,18046,soft_mean,0.99657304,0.8279356783919598,0.1598,1.0,0.18774134090127673,1.983294699457317
Philips_B120N10_Baby_Monitor,1000,23,18046,soft_mean_scale,0.9977928399999999,0.8891356783919597,0.1248,1.0,0.8425944177492845,0.6472087579308359
Philips_B120N10_Baby_Monitor,1000,24,14480,shared_oas,0.99518852,0.8992180904522613,0.0,0.4616,0.125,2.0794415416798357
Philips_B120N10_Baby_Monitor,1000,24,14480,local_center_peer_scale,0.99107384,0.8989869346733668,0.0,0.5252,0.125,2.0794415416798357
Philips_B120N10_Baby_Monitor,1000,24,14480,soft_mean,0.99012504,0.8989708542713568,0.0,0.5816,0.23303641585556373,1.9610417011654386
Philips_B120N10_Baby_Monitor,1000,24,14480,soft_mean_scale,0.9900814,0.8987638190954774,0.0,0.456,0.2524609018190511,1.7711384144978382
Philips_B120N10_Baby_Monitor,1000,25,92477,shared_oas,0.99533284,0.7657608040201005,0.4294,1.0,0.125,2.0794415416798357
Philips_B120N10_Baby_Monitor,1000,25,92477,local_center_peer_scale,0.99417844,0.708078391959799,0.4308,1.0,0.125,2.0794415416798357
Philips_B120N10_Baby_Monitor,1000,25,92477,soft_mean,0.9941106799999999,0.7047517587939698,0.431,1.0,0.18265223762770305,1.98134710559912
Philips_B120N10_Baby_Monitor,1000,25,92477,soft_mean_scale,0.9943778799999999,0.7211959798994975,0.4092,1.0,0.8411160708882105,0.6690307885120101
Philips_B120N10_Baby_Monitor,1000,26,79323,shared_oas,0.99782676,0.8908060301507538,0.4456,1.0,0.125,2.0794415416798357
Philips_B120N10_Baby_Monitor,1000,26,79323,local_center_peer_scale,0.99731684,0.8652422110552764,0.439,1.0,0.125,2.0794415416798357
Philips_B120N10_Baby_Monitor,1000,26,79323,soft_mean,0.9970916799999999,0.8539457286432162,0.4368,1.0,0.18076376433098792,1.9824001068251995
Philips_B120N10_Baby_Monitor,1000,26,79323,soft_mean_scale,0.9975058,0.8747457286432161,0.4214,1.0,0.8659320246445553,0.5810776755588668
Philips_B120N10_Baby_Monitor,1000,27,52611,shared_oas,0.99527136,0.8956663316582915,0.0,0.0,0.125,2.0794415416798357
Philips_B120N10_Baby_Monitor,1000,27,52611,local_center_peer_scale,0.99573668,0.8988824120603015,0.0,0.0,0.125,2.0794415416798357
Philips_B120N10_Baby_Monitor,1000,27,52611,soft_mean,0.99553512,0.8988522613065326,0.0,0.0,0.1785209390969495,2.0200251891107435
Philips_B120N10_Baby_Monitor,1000,27,52611,soft_mean_scale,0.99553412,0.8988100502512563,0.0,0.0,0.24644966010450683,1.8803865510614393
Philips_B120N10_Baby_Monitor,1000,28,33794,shared_oas,0.99678928,0.8387819095477387,0.4836,1.0,0.125,2.0794415416798357
Philips_B120N10_Baby_Monitor,1000,28,33794,local_center_peer_scale,0.99584844,0.7923075376884422,0.4984,1.0,0.125,2.0794415416798357
Philips_B120N10_Baby_Monitor,1000,28,33794,soft_mean,0.9957860000000001,0.7892341708542714,0.4986,1.0,0.1891161845842722,1.9839547081204651
Philips_B120N10_Baby_Monitor,1000,28,33794,soft_mean_scale,0.9942492,0.7164180904522612,0.4888,1.0,0.8406074003500953,0.6713831737989555
Philips_B120N10_Baby_Monitor,1000,29,107263,shared_oas,0.8222815600000001,0.8720040201005024,0.0264,0.8004,0.125,2.0794415416798357
Philips_B120N10_Baby_Monitor,1000,29,107263,local_center_peer_scale,0.8186485600000001,0.8606110552763819,0.0682,0.8004,0.125,2.0794415416798357
Philips_B120N10_Baby_Monitor,1000,29,107263,soft_mean,0.8184358,0.8580221105527639,0.0728,0.8004,0.18179919070105385,2.013777761749089
Philips_B120N10_Baby_Monitor,1000,29,107263,soft_mean_scale,0.8217443999999999,0.8260804020100503,0.0782,0.8004,0.6764354768854922,1.1038955130003523
Provision_PT_737E_Security_Camera,30,0,29656,shared_oas,0.87858232,0.5717246231155779,0.4208,1.0,0.125,2.0794415416798357
Provision_PT_737E_Security_Camera,30,0,29656,local_center_peer_scale,0.8457824800000001,0.5029587939698492,0.3754,1.0,0.125,2.0794415416798357
Provision_PT_737E_Security_Camera,30,0,29656,soft_mean,0.8254515199999999,0.4975376884422111,0.3826,1.0,0.2338012967160193,1.9284482875395708
Provision_PT_737E_Security_Camera,30,0,29656,soft_mean_scale,0.80280136,0.49748743718592964,0.3376,1.0,0.8522636206213117,0.5046124345102799
Provision_PT_737E_Security_Camera,30,1,13218,shared_oas,0.93410936,0.634635175879397,0.269,1.0,0.125,2.0794415416798357
Provision_PT_737E_Security_Camera,30,1,13218,local_center_peer_scale,0.9169227600000001,0.688862311557789,0.2448,1.0,0.125,2.0794415416798357
Provision_PT_737E_Security_Camera,30,1,13218,soft_mean,0.8968695600000001,0.6186633165829145,0.2432,1.0,0.22031319972637278,1.9647458873584849
Provision_PT_737E_Security_Camera,30,1,13218,soft_mean_scale,0.8394594,0.49748743718592964,0.2362,0.802,0.6637404194729136,0.9899444674093552
Provision_PT_737E_Security_Camera,30,2,5502,shared_oas,0.9990214,0.9513065326633166,0.9034,1.0,0.125,2.0794415416798357
Provision_PT_737E_Security_Camera,30,2,5502,local_center_peer_scale,0.98325376,0.8469346733668341,0.8954,1.0,0.125,2.0794415416798357
Provision_PT_737E_Security_Camera,30,2,5502,soft_mean,0.9951876,0.8624844221105528,0.9548,1.0,0.9364304737894812,0.3324186103024952
Provision_PT_737E_Security_Camera,30,2,5502,soft_mean_scale,0.9944131199999999,0.8669045226130653,0.947,1.0,0.7246905116482832,0.9504186847359539
Provision_PT_737E_Security_Camera,30,3,8582,shared_oas,0.99955432,0.9776040201005025,0.005,1.0,0.125,2.0794415416798357
Provision_PT_737E_Security_Camera,30,3,8582,local_center_peer_scale,0.99854776,0.9270231155778894,0.004,0.9892,0.125,2.0794415416798357
Provision_PT_737E_Security_Camera,30,3,8582,soft_mean,0.9978662399999999,0.8927758793969849,0.143,1.0,0.8065097866084351,0.8032375634433364
Provision_PT_737E_Security_Camera,30,3,8582,soft_mean_scale,0.99790796,0.8948723618090453,0.1764,1.0,0.7537560644706215,0.9705719927531498
Provision_PT_737E_Security_Camera,30,4,30800,shared_oas,0.92549584,0.670148743718593,0.2748,1.0,0.125,2.0794415416798357
Provision_PT_737E_Security_Camera,30,4,30800,local_center_peer_scale,0.90456876,0.6934452261306533,0.2496,1.0,0.125,2.0794415416798357
Provision_PT_737E_Security_Camera,30,4,30800,soft_mean,0.8895052400000001,0.6449085427135679,0.2458,1.0,0.22407051079115012,1.9667902017101768
Provision_PT_737E_Security_Camera,30,4,30800,soft_mean_scale,0.8515883599999999,0.505113567839196,0.2384,0.9994,0.6131260038787114,1.1354388735121295
Provision_PT_737E_Security_Camera,30,5,6277,shared_oas,0.8621373999999999,0.5628984924623116,0.4534,1.0,0.125,2.0794415416798357
Provision_PT_737E_Security_Camera,30,5,6277,local_center_peer_scale,0.84001944,0.5009346733668342,0.4416,1.0,0.125,2.0794415416798357
Provision_PT_737E_Security_Camera,30,5,6277,soft_mean,0.8196126800000001,0.49748743718592964,0.4278,1.0,0.24707590640479052,1.894525873191387
Provision_PT_737E_Security_Camera,30,5,6277,soft_mean_scale,0.798095,0.49748743718592964,0.4682,1.0,0.9215928464963343,0.3193271687199801
Provision_PT_737E_Security_Camera,30,6,33793,shared_oas,0.9124188400000001,0.5849266331658292,0.2384,1.0,0.125,2.0794415416798357
Provision_PT_737E_Security_Camera,30,6,33793,local_center_peer_scale,0.8832300400000002,0.5873447236180904,0.2264,0.8066,0.125,2.0794415416798357
Provision_PT_737E_Security_Camera,30,6,33793,soft_mean,0.85464692,0.4975678391959799,0.2278,0.806,0.22719265179355655,1.9358900267655594
Provision_PT_737E_Security_Camera,30,6,33793,soft_mean_scale,0.81151904,0.49748743718592964,0.2294,0.6852,0.7031617610761431,0.7664221689861825
Provision_PT_737E_Security_Camera,30,7,1193,shared_oas,0.92391624,0.5988502512562814,0.2746,1.0,0.125,2.0794415416798357
Provision_PT_737E_Security_Camera,30,7,1193,local_center_peer_scale,0.9099619200000001,0.6652462311557789,0.2368,1.0,0.125,2.0794415416798357
Provision_PT_737E_Security_Camera,30,7,1193,soft_mean,0.8872673999999999,0.5080381909547739,0.2328,1.0,0.2423470965245581,1.9270706049981552
Provision_PT_737E_Security_Camera,30,7,1193,soft_mean_scale,0.82495316,0.49748743718592964,0.2266,0.7892,0.7463017469296361,0.7400353465843539
Provision_PT_737E_Security_Camera,30,8,27941,shared_oas,0.9291566,0.6051798994974874,0.2702,1.0,0.125,2.0794415416798357
Provision_PT_737E_Security_Camera,30,8,27941,local_center_peer_scale,0.91031548,0.6694814070351759,0.2412,1.0,0.125,2.0794415416798357
Provision_PT_737E_Security_Camera,30,8,27941,soft_mean,0.89121344,0.600580904522613,0.2374,1.0,0.22213435263719547,1.969724745328956
Provision_PT_737E_Security_Camera,30,8,27941,soft_mean_scale,0.84363856,0.49748743718592964,0.2312,1.0,0.6669487324596495,0.9900493728795337
Provision_PT_737E_Security_Camera,30,9,2234,shared_oas,0.9148676799999998,0.6336422110552764,0.2564,1.0,0.125,2.0794415416798357
Provision_PT_737E_Security_Camera,30,9,2234,local_center_peer_scale,0.90192308,0.6996402010050251,0.2364,1.0,0.125,2.0794415416798357
Provision_PT_737E_Security_Camera,30,9,2234,soft_mean,0.88702032,0.628667336683417,0.235,1.0,0.22968080691116846,1.9456032460289712
Provision_PT_737E_Security_Camera,30,9,2234,soft_mean_scale,0.8377241200000002,0.49748743718592964,0.23,0.7478,0.6840113976681745,0.9945876713899675
Provision_PT_737E_Security_Camera,30,10,30114,shared_oas,0.9148178,0.6082412060301507,0.2548,1.0,0.125,2.0794415416798357
Provision_PT_737E_Security_Camera,30,10,30114,local_center_peer_scale,0.8973277199999998,0.6404743718592965,0.238,1.0,0.125,2.0794415416798357
Provision_PT_737E_Security_Camera,30,10,30114,soft_mean,0.88042032,0.5854894472361809,0.2348,1.0,0.22248431905697413,1.962771153413668
Provision_PT_737E_Security_Camera,30,10,30114,soft_mean_scale,0.83476648,0.49748743718592964,0.2292,0.7562,0.6618551815834698,0.9981300248022371
Provision_PT_737E_Security_Camera,30,11,29803,shared_oas,0.88007176,0.5808060301507538,0.5868,1.0,0.125,2.0794415416798357
Provision_PT_737E_Security_Camera,30,11,29803,local_center_peer_scale,0.8540856400000002,0.6025768844221105,0.5522,1.0,0.125,2.0794415416798357
Provision_PT_737E_Security_Camera,30,11,29803,soft_mean,0.8300559999999999,0.4982130653266332,0.5076,1.0,0.24400408543109517,1.9045751790510224
Provision_PT_737E_Security_Camera,30,11,29803,soft_mean_scale,0.7954352399999999,0.49748743718592964,0.459,1.0,0.8769818922920111,0.4333634171505492
Provision_PT_737E_Security_Camera,30,12,29925,shared_oas,0.99946652,0.9731919597989951,0.0,0.0,0.125,2.0794415416798357
Provision_PT_737E_Security_Camera,30,12,29925,local_center_peer_scale,0.9995348,0.9766231155778895,0.0,0.0,0.125,2.0794415416798357
Provision_PT_737E_Security_Camera,30,12,29925,soft_mean,0.99950692,0.9752221105527639,0.0,0.0,0.16270574453689926,2.0519010739644594
Provision_PT_737E_Security_Camera,30,12,29925,soft_mean_scale,0.99931328,0.9654914572864322,0.0,0.0,0.3091933753104913,1.9348297580042213
Provision_PT_737E_Security_Camera,30,13,15042,shared_oas,0.88312504,0.5991015075376884,0.4308,1.0,0.125,2.0794415416798357
Provision_PT_737E_Security_Camera,30,13,15042,local_center_peer_scale,0.86104364,0.5846050251256282,0.3846,1.0,0.125,2.0794415416798357
Provision_PT_737E_Security_Camera,30,13,15042,soft_mean,0.8430599599999999,0.4975899497487437,0.373,1.0,0.23825757135976788,1.9228319498457984
Provision_PT_737E_Security_Camera,30,13,15042,soft_mean_scale,0.81415856,0.49748743718592964,0.4108,1.0,0.8095210997052678,0.6112245768045227
Provision_PT_737E_Security_Camera,30,14,25706,shared_oas,0.9244915600000001,0.6989346733668342,0.2548,1.0,0.125,2.0794415416798357
Provision_PT_737E_Security_Camera,30,14,25706,local_center_peer_scale,0.9152755600000001,0.699772864321608,0.2364,1.0,0.125,2.0794415416798357
Provision_PT_737E_Security_Camera,30,14,25706,soft_mean,0.89771756,0.6546954773869347,0.233,1.0,0.21231110802541217,1.9831956540816278
Provision_PT_737E_Security_Camera,30,14,25706,soft_mean_scale,0.85284752,0.5191376884422111,0.2294,0.9996,0.5933400067294816,1.1756027508526863
Provision_PT_737E_Security_Camera,30,15,1343,shared_oas,0.89646588,0.6224100502512563,0.3734,1.0,0.125,2.0794415416798357
Provision_PT_737E_Security_Camera,30,15,1343,local_center_peer_scale,0.8747366400000001,0.686259296482412,0.3324,1.0,0.125,2.0794415416798357
Provision_PT_737E_Security_Camera,30,15,1343,soft_mean,0.86059312,0.63841608040201,0.3134,1.0,0.23794399444629857,1.913657541930282
Provision_PT_737E_Security_Camera,30,15,1343,soft_mean_scale,0.8136102399999998,0.49748743718592964,0.2402,0.9998,0.727358483542705,0.8515376215103563
Provision_PT_737E_Security_Camera,30,16,14163,shared_oas,0.9133454400000001,0.5428824120603015,0.3234,1.0,0.125,2.0794415416798357
Provision_PT_737E_Security_Camera,30,16,14163,local_center_peer_scale,0.90616084,0.5801065326633166,0.2708,1.0,0.125,2.0794415416798357
Provision_PT_737E_Security_Camera,30,16,14163,soft_mean,0.8849568800000001,0.49933065326633164,0.2666,1.0,0.2327118971612196,1.9251969404984508
Provision_PT_737E_Security_Camera,30,16,14163,soft_mean_scale,0.81749856,0.49748743718592964,0.2384,1.0,0.7009240198214847,0.8686763689029214
Provision_PT_737E_Security_Camera,30,17,18623,shared_oas,0.87677672,0.5814472361809045,0.8352,1.0,0.125,2.0794415416798357
Provision_PT_737E_Security_Camera,30,17,18623,local_center_peer_scale,0.8398014400000001,0.5006934673366834,0.9912,1.0,0.125,2.0794415416798357
Provision_PT_737E_Security_Camera,30,17,18623,soft_mean,0.81735908,0.49748743718592964,0.983,1.0,0.26351336153120447,1.9574881545733027
Provision_PT_737E_Security_Camera,30,17,18623,soft_mean_scale,0.7996054000000001,0.49748743718592964,0.6744,1.0,0.8619712127852768,0.4705437945144071
Provision_PT_737E_Security_Camera,30,18,18508,shared_oas,0.999317,0.9657628140703517,0.004,0.9904,0.125,2.0794415416798357
Provision_PT_737E_Security_Camera,30,18,18508,local_center_peer_scale,0.998197,0.9365005025125628,0.0,0.0142,0.125,2.0794415416798357
Provision_PT_737E_Security_Camera,30,18,18508,soft_mean,0.9965810800000001,0.9221085427135678,0.0002,0.2964,0.34860497696265746,1.6748515784941034
Provision_PT_737E_Security_Camera,30,18,18508,soft_mean_scale,0.9953417199999999,0.9159497487437186,0.0008,0.5484,0.5113191866425684,1.4916590950819226
Provision_PT_737E_Security_Camera,30,19,35987,shared_oas,0.89287524,0.6018592964824121,0.3248,1.0,0.125,2.0794415416798357
Provision_PT_737E_Security_Camera,30,19,35987,local_center_peer_scale,0.8649703200000002,0.6113788944723618,0.2836,1.0,0.125,2.0794415416798357
Provision_PT_737E_Security_Camera,30,19,35987,soft_mean,0.8457038,0.49847035175879395,0.2814,1.0,0.22247038017156442,1.9570117143899013
Provision_PT_737E_Security_Camera,30,19,35987,soft_mean_scale,0.81003612,0.49748743718592964,0.2852,1.0,0.7845197566761072,0.6571573624506446
Provision_PT_737E_Security_Camera,30,20,35877,shared_oas,0.93469852,0.6474994974874372,0.2472,1.0,0.125,2.0794415416798357
Provision_PT_737E_Security_Camera,30,20,35877,local_center_peer_scale,0.91982132,0.6960502512562814,0.2364,1.0,0.125,2.0794415416798357
Provision_PT_737E_Security_Camera,30,20,35877,soft_mean,0.90517484,0.666894472361809,0.2322,1.0,0.23013733137742207,1.9539842030535357
Provision_PT_737E_Security_Camera,30,20,35877,soft_mean_scale,0.86064268,0.5082934673366835,0.2206,0.7928,0.6537096995655461,1.0443474631845762
Provision_PT_737E_Security_Camera,30,21,28539,shared_oas,0.8983668,0.5823035175879396,0.4494,1.0,0.125,2.0794415416798357
Provision_PT_737E_Security_Camera,30,21,28539,local_center_peer_scale,0.87535916,0.5355839195979899,0.464,1.0,0.125,2.0794415416798357
Provision_PT_737E_Security_Camera,30,21,28539,soft_mean,0.85045128,0.4975899497487437,0.4626,1.0,0.24631232499817915,1.896776472513944
Provision_PT_737E_Security_Camera,30,21,28539,soft_mean_scale,0.81272488,0.49748743718592964,0.4304,1.0,0.8328913521473748,0.5392529748438986
Provision_PT_737E_Security_Camera,30,22,22836,shared_oas,0.9042119200000001,0.5986894472361809,0.2794,1.0,0.125,2.0794415416798357
Provision_PT_737E_Security_Camera,30,22,22836,local_center_peer_scale,0.89334232,0.6323899497487437,0.2388,1.0,0.125,2.0794415416798357
Provision_PT_737E_Security_Camera,30,22,22836,soft_mean,0.8751758,0.5003417085427135,0.235,1.0,0.23998771115233267,1.9154607374071488
Provision_PT_737E_Security_Camera,30,22,22836,soft_mean_scale,0.8261955999999999,0.49748743718592964,0.2292,0.5748,0.7654814321673525,0.7536612136650638
Provision_PT_737E_Security_Camera,30,23,27335,shared_oas,0.9993217200000001,0.9659155778894473,0.0034,1.0,0.125,2.0794415416798357
Provision_PT_737E_Security_Camera,30,23,27335,local_center_peer_scale,0.9989720000000001,0.9483417085427135,0.0,0.0,0.125,2.0794415416798357
Provision_PT_737E_Security_Camera,30,23,27335,soft_mean,0.998436,0.9214070351758794,0.0014,0.4388,0.54757627391653,1.4417079835477375
Provision_PT_737E_Security_Camera,30,23,27335,soft_mean_scale,0.9983896800000001,0.9190793969849247,0.0016,0.6416,0.5981960293357935,1.3639176856482256
Provision_PT_737E_Security_Camera,30,24,13142,shared_oas,0.9950373200000001,0.8385507537688441,0.0,0.015,0.125,2.0794415416798357
Provision_PT_737E_Security_Camera,30,24,13142,local_center_peer_scale,0.99373412,0.7957688442211055,0.0,0.0,0.125,2.0794415416798357
Provision_PT_737E_Security_Camera,30,24,13142,soft_mean,0.99487064,0.8256422110552764,0.0,0.0,0.19839100778227595,2.044360464264868
Provision_PT_737E_Security_Camera,30,24,13142,soft_mean_scale,0.99806436,0.9037567839195979,0.0,0.0,0.3613254106466257,1.8710758866615653
Provision_PT_737E_Security_Camera,30,25,40766,shared_oas,0.99962332,0.9810713567839195,0.003,0.9992,0.125,2.0794415416798357
Provision_PT_737E_Security_Camera,30,25,40766,local_center_peer_scale,0.99960608,0.9802050251256282,0.0,0.0,0.125,2.0794415416798357
Provision_PT_737E_Security_Camera,30,25,40766,soft_mean,0.99910684,0.9551175879396985,0.0,0.3064,0.40627999304016105,1.7459363293552506
Provision_PT_737E_Security_Camera,30,25,40766,soft_mean_scale,0.99876472,0.9379256281407036,0.0004,0.391,0.5732424294700941,1.4392745283505177
Provision_PT_737E_Security_Camera,30,26,23423,shared_oas,0.9989016799999999,0.9448080402010051,0.834,1.0,0.125,2.0794415416798357
Provision_PT_737E_Security_Camera,30,26,23423,local_center_peer_scale,0.8591192,0.7941346733668342,0.8898,1.0,0.125,2.0794415416798357
Provision_PT_737E_Security_Camera,30,26,23423,soft_mean,0.9423772,0.8229185929648242,0.994,1.0,0.9487134999248884,0.27987805862190196
Provision_PT_737E_Security_Camera,30,26,23423,soft_mean_scale,0.93650996,0.805913567839196,0.9934,1.0,0.4260285073596703,1.162156326202905
Provision_PT_737E_Security_Camera,30,27,8370,shared_oas,0.87370824,0.5571276381909548,0.422,1.0,0.125,2.0794415416798357
Provision_PT_737E_Security_Camera,30,27,8370,local_center_peer_scale,0.84177124,0.499513567839196,0.3786,1.0,0.125,2.0794415416798357
Provision_PT_737E_Security_Camera,30,27,8370,soft_mean,0.8200480000000001,0.49748743718592964,0.3776,1.0,0.24608472080884106,1.90153443498525
Provision_PT_737E_Security_Camera,30,27,8370,soft_mean_scale,0.79014364,0.49748743718592964,0.3642,1.0,0.9486125193020539,0.22358679723736824
Provision_PT_737E_Security_Camera,30,28,9442,shared_oas,0.9557528000000001,0.8478874371859296,0.0,0.2952,0.125,2.0794415416798357
Provision_PT_737E_Security_Camera,30,28,9442,local_center_peer_scale,0.9527105599999999,0.8271557788944723,0.0,0.2046,0.125,2.0794415416798357
Provision_PT_737E_Security_Camera,30,28,9442,soft_mean,0.94766572,0.8042452261306532,0.0,0.0188,0.19011010392410416,2.0214261416928334
Provision_PT_737E_Security_Camera,30,28,9442,soft_mean_scale,0.94954296,0.8200824120603015,0.0,0.0,0.23546894513283367,1.92538861383944
Provision_PT_737E_Security_Camera,30,29,25981,shared_oas,0.8841403600000001,0.5720984924623116,0.4342,1.0,0.125,2.0794415416798357
Provision_PT_737E_Security_Camera,30,29,25981,local_center_peer_scale,0.8513976,0.5065065326633166,0.4174,1.0,0.125,2.0794415416798357
Provision_PT_737E_Security_Camera,30,29,25981,soft_mean,0.828576,0.49748743718592964,0.4108,1.0,0.2467614778039892,1.8971362408308656
Provision_PT_737E_Security_Camera,30,29,25981,soft_mean_scale,0.8039441200000002,0.49748743718592964,0.3818,1.0,0.8975153560782191,0.3833887988972451
Provision_PT_737E_Security_Camera,100,0,25740,shared_oas,0.8780439200000002,0.5921326633165829,0.2836,1.0,0.125,2.0794415416798357
Provision_PT_737E_Security_Camera,100,0,25740,local_center_peer_scale,0.87147356,0.599278391959799,0.2792,1.0,0.125,2.0794415416798357
Provision_PT_737E_Security_Camera,100,0,25740,soft_mean,0.8558501199999999,0.5032984924623115,0.2766,1.0,0.2335116609972449,1.93804546734599
Provision_PT_737E_Security_Camera,100,0,25740,soft_mean_scale,0.82587024,0.49748743718592964,0.2492,1.0,0.7334271591322029,0.8045316098066235
Provision_PT_737E_Security_Camera,100,1,535,shared_oas,0.9995352000000001,0.976643216080402,0.0014,1.0,0.125,2.0794415416798357
Provision_PT_737E_Security_Camera,100,1,535,local_center_peer_scale,0.99962948,0.9813809045226132,0.0,0.0,0.125,2.0794415416798357
Provision_PT_737E_Security_Camera,100,1,535,soft_mean,0.99957048,0.9784160804020101,0.0,0.0,0.4513408835088024,1.7016994557637122
Provision_PT_737E_Security_Camera,100,1,535,soft_mean_scale,0.99956692,0.9782371859296484,0.0,0.0044,0.6890619770078349,1.1738556676179686
Provision_PT_737E_Security_Camera,100,2,4516,shared_oas,0.99978408,0.9891497487437186,0.0,0.0,0.125,2.0794415416798357
Provision_PT_737E_Security_Camera,100,2,4516,local_center_peer_scale,0.9998476,0.9923417085427135,0.0,0.0,0.125,2.0794415416798357
Provision_PT_737E_Security_Camera,100,2,4516,soft_mean,0.9998357600000001,0.9917467336683417,0.0,0.0,0.31001290047230223,1.9461170658412517
Provision_PT_737E_Security_Camera,100,2,4516,soft_mean_scale,0.9998352,0.9917185929648241,0.0,0.0,0.5577672354061588,1.5110280187518845
Provision_PT_737E_Security_Camera,100,3,10507,shared_oas,0.86093,0.6075758793969849,0.2674,1.0,0.125,2.0794415416798357
Provision_PT_737E_Security_Camera,100,3,10507,local_center_peer_scale,0.8618462400000001,0.6521668341708543,0.2398,1.0,0.125,2.0794415416798357
Provision_PT_737E_Security_Camera,100,3,10507,soft_mean,0.8510313199999999,0.5884402010050251,0.2366,0.9998,0.24029749423637148,1.9162005723762447
Provision_PT_737E_Security_Camera,100,3,10507,soft_mean_scale,0.81930236,0.49748743718592964,0.231,0.5052,0.7455291075851516,0.7841187095669351
Provision_PT_737E_Security_Camera,100,4,40297,shared_oas,0.99933348,0.9665065326633165,0.0,0.3228,0.125,2.0794415416798357
Provision_PT_737E_Security_Camera,100,4,40297,local_center_peer_scale,0.99936852,0.9682673366834171,0.0,0.0366,0.125,2.0794415416798357
Provision_PT_737E_Security_Camera,100,4,40297,soft_mean,0.99940744,0.9702231155778895,0.0,0.0476,0.3435851335444516,1.894463788550266
Provision_PT_737E_Security_Camera,100,4,40297,soft_mean_scale,0.9994318000000001,0.9714472361809046,0.0,0.1684,0.5990777545146126,1.412063543647669
Provision_PT_737E_Security_Camera,100,5,11948,shared_oas,0.8686653199999999,0.6036201005025126,0.3404,1.0,0.125,2.0794415416798357
Provision_PT_737E_Security_Camera,100,5,11948,local_center_peer_scale,0.86983908,0.6572281407035175,0.382,1.0,0.125,2.0794415416798357
Provision_PT_737E_Security_Camera,100,5,11948,soft_mean,0.8621995199999999,0.5915899497487437,0.3642,1.0,0.23676825668713658,1.9311342380418706
Provision_PT_737E_Security_Camera,100,5,11948,soft_mean_scale,0.8317298,0.49748743718592964,0.3044,1.0,0.7260151514522988,0.8466976586793393
Provision_PT_737E_Security_Camera,100,6,41292,shared_oas,0.99019336,0.6989145728643216,0.0,0.0036,0.125,2.0794415416798357
Provision_PT_737E_Security_Camera,100,6,41292,local_center_peer_scale,0.98893712,0.6556381909547738,0.0002,0.1726,0.125,2.0794415416798357
Provision_PT_737E_Security_Camera,100,6,41292,soft_mean,0.98741696,0.6131758793969849,0.0,0.0002,0.2000876581386169,2.000127215751868
Provision_PT_737E_Security_Camera,100,6,41292,soft_mean_scale,0.9873483200000001,0.6126713567839196,0.0,0.0,0.29597731878438094,1.8122727603241469
Provision_PT_737E_Security_Camera,100,7,13683,shared_oas,0.8946613199999999,0.6126030150753768,0.4166,1.0,0.125,2.0794415416798357
Provision_PT_737E_Security_Camera,100,7,13683,local_center_peer_scale,0.8868292,0.666227135678392,0.4064,1.0,0.125,2.0794415416798357
Provision_PT_737E_Security_Camera,100,7,13683,soft_mean,0.87315004,0.6059195979899498,0.3956,1.0,0.23399001625830848,1.937174561089644
Provision_PT_737E_Security_Camera,100,7,13683,soft_mean_scale,0.8408856000000001,0.4975075376884422,0.3906,1.0,0.7452562390798375,0.8062141783121215
Provision_PT_737E_Security_Camera,100,8,3236,shared_oas,0.99822764,0.9109386934673367,0.064,1.0,0.125,2.0794415416798357
Provision_PT_737E_Security_Camera,100,8,3236,local_center_peer_scale,0.9980704,0.9032824120603016,0.0,0.0002,0.125,2.0794415416798357
Provision_PT_737E_Security_Camera,100,8,3236,soft_mean,0.9976836400000001,0.8837949748743719,0.0,0.0006,0.44790519653361655,1.7201230676784616
Provision_PT_737E_Security_Camera,100,8,3236,soft_mean_scale,0.99752336,0.8757105527638192,0.0,0.0224,0.7098014779742227,1.1315637634094409
Provision_PT_737E_Security_Camera,100,9,37566,shared_oas,0.86614524,0.607027135678392,0.3992,1.0,0.125,2.0794415416798357
Provision_PT_737E_Security_Camera,100,9,37566,local_center_peer_scale,0.863787,0.6353869346733668,0.3844,1.0,0.125,2.0794415416798357
Provision_PT_737E_Security_Camera,100,9,37566,soft_mean,0.85698216,0.5938572864321608,0.3844,1.0,0.23544735741049055,1.9301006652933232
Provision_PT_737E_Security_Camera,100,9,37566,soft_mean_scale,0.8288537600000001,0.49748743718592964,0.3398,1.0,0.7406982194273963,0.8110171358365524
Provision_PT_737E_Security_Camera,100,10,3149,shared_oas,0.9995211199999999,0.9759356783919598,0.0,0.0,0.125,2.0794415416798357
Provision_PT_737E_Security_Camera,100,10,3149,local_center_peer_scale,0.99966488,0.983159798994975,0.0,0.0,0.125,2.0794415416798357
Provision_PT_737E_Security_Camera,100,10,3149,soft_mean,0.9996587600000001,0.9828522613065327,0.0,0.0,0.25474022820368025,2.001143562677867
Provision_PT_737E_Security_Camera,100,10,3149,soft_mean_scale,0.99966288,0.9830592964824121,0.0,0.0,0.48208895469778495,1.6692691629067475
Provision_PT_737E_Security_Camera,100,11,23355,shared_oas,0.99987512,0.9937246231155779,0.001,0.9992,0.125,2.0794415416798357
Provision_PT_737E_Security_Camera,100,11,23355,local_center_peer_scale,0.99979772,0.9898351758793971,0.0,0.0,0.125,2.0794415416798357
Provision_PT_737E_Security_Camera,100,11,23355,soft_mean,0.9995698399999999,0.978391959798995,0.0,0.0,0.6859504685777601,1.1332180012303352
Provision_PT_737E_Security_Camera,100,11,23355,soft_mean_scale,0.99955516,0.9776582914572864,0.0,0.0414,0.8081904354099568,0.8112890158854418
Provision_PT_737E_Security_Camera,100,12,4915,shared_oas,0.99977804,0.9889467336683417,0.0,0.0,0.125,2.0794415416798357
Provision_PT_737E_Security_Camera,100,12,4915,local_center_peer_scale,0.99981084,0.9906894472361809,0.0,0.0,0.125,2.0794415416798357
Provision_PT_737E_Security_Camera,100,12,4915,soft_mean,0.99980904,0.9905949748743719,0.0,0.0,0.17851746140291536,2.030094455041095
Provision_PT_737E_Security_Camera,100,12,4915,soft_mean_scale,0.9998162,0.9908964824120603,0.0,0.0,0.23739797459817266,1.9534842242986885
Provision_PT_737E_Security_Camera,100,13,23583,shared_oas,0.87212008,0.6118773869346733,0.2584,1.0,0.125,2.0794415416798357
Provision_PT_737E_Security_Camera,100,13,23583,local_center_peer_scale,0.8686024399999999,0.6390452261306532,0.2694,1.0,0.125,2.0794415416798357
Provision_PT_737E_Security_Camera,100,13,23583,soft_mean,0.8560273599999999,0.568572864321608,0.26,1.0,0.254921671786763,1.951790868067971
Provision_PT_737E_Security_Camera,100,13,23583,soft_mean_scale,0.82192632,0.49748743718592964,0.2428,1.0,0.6617200691172979,0.9515211859510004
Provision_PT_737E_Security_Camera,100,14,2704,shared_oas,0.99953568,0.9766673366834171,0.0,0.0,0.125,2.0794415416798357
Provision_PT_737E_Security_Camera,100,14,2704,local_center_peer_scale,0.99973352,0.9866090452261307,0.0,0.0,0.125,2.0794415416798357
Provision_PT_737E_Security_Camera,100,14,2704,soft_mean,0.99969116,0.9844804020100503,0.0,0.0,0.23879359208862694,2.012644833000742
Provision_PT_737E_Security_Camera,100,14,2704,soft_mean_scale,0.9996883200000001,0.984337688442211,0.0,0.0,0.44340364285854184,1.7419821970091323
Provision_PT_737E_Security_Camera,100,15,8399,shared_oas,0.8816292,0.6237527638190955,0.7096,1.0,0.125,2.0794415416798357
Provision_PT_737E_Security_Camera,100,15,8399,local_center_peer_scale,0.8739918799999999,0.6615376884422111,0.7118,1.0,0.125,2.0794415416798357
Provision_PT_737E_Security_Camera,100,15,8399,soft_mean,0.86403624,0.5989306532663317,0.712,1.0,0.24053157348410453,1.921807598619415
Provision_PT_737E_Security_Camera,100,15,8399,soft_mean_scale,0.8347954399999999,0.49748743718592964,0.7088,1.0,0.7354142771168871,0.8256308569136768
Provision_PT_737E_Security_Camera,100,16,6201,shared_oas,0.8672444,0.6211658291457286,0.315,1.0,0.125,2.0794415416798357
Provision_PT_737E_Security_Camera,100,16,6201,local_center_peer_scale,0.86464716,0.669302512562814,0.3606,1.0,0.125,2.0794415416798357
Provision_PT_737E_Security_Camera,100,16,6201,soft_mean,0.8578977200000001,0.5990613065326633,0.3256,1.0,0.24123404332720597,1.9198598302080034
Provision_PT_737E_Security_Camera,100,16,6201,soft_mean_scale,0.83294244,0.49748743718592964,0.2808,1.0,0.6936899608012231,0.9391964085806943
Provision_PT_737E_Security_Camera,100,17,4494,shared_oas,0.99508224,0.8983618090452261,0.0,0.0,0.125,2.0794415416798357
Provision_PT_737E_Security_Camera,100,17,4494,local_center_peer_scale,0.99131368,0.8983417085427136,0.0,0.0,0.125,2.0794415416798357
Provision_PT_737E_Security_Camera,100,17,4494,soft_mean,0.9907849200000001,0.898345728643216,0.0,0.0,0.2059823194401627,2.0311484929469925
Provision_PT_737E_Security_Camera,100,17,4494,soft_mean_scale,0.9894045600000001,0.8983417085427136,0.0,0.0,0.3845505883432645,1.8323673958839386
Provision_PT_737E_Security_Camera,100,18,14962,shared_oas,0.87208204,0.614078391959799,0.3332,1.0,0.125,2.0794415416798357
Provision_PT_737E_Security_Camera,100,18,14962,local_center_peer_scale,0.8677990000000001,0.6355276381909547,0.3306,1.0,0.125,2.0794415416798357
Provision_PT_737E_Security_Camera,100,18,14962,soft_mean,0.8570534399999999,0.5979819095477387,0.323,1.0,0.23136631667450314,1.9487007780945258
Provision_PT_737E_Security_Camera,100,18,14962,soft_mean_scale,0.8332270800000001,0.49750150753768846,0.3102,1.0,0.6761525775999807,0.9653679027861659
Provision_PT_737E_Security_Camera,100,19,39492,shared_oas,0.9996988,0.9848643216080402,0.0,0.0,0.125,2.0794415416798357
Provision_PT_737E_Security_Camera,100,19,39492,local_center_peer_scale,0.9997423200000001,0.9870512562814071,0.0,0.0,0.125,2.0794415416798357
Provision_PT_737E_Security_Camera,100,19,39492,soft_mean,0.9997404400000001,0.986956783919598,0.0,0.0,0.27645204308141846,1.9828635388564966
Provision_PT_737E_Security_Camera,100,19,39492,soft_mean_scale,0.9997020000000001,0.9850251256281407,0.0,0.0,0.5083289581311843,1.6171646369569705
Provision_PT_737E_Security_Camera,100,20,17052,shared_oas,0.9977146,0.8851557788944724,0.005,1.0,0.125,2.0794415416798357
Provision_PT_737E_Security_Camera,100,20,17052,local_center_peer_scale,0.99746704,0.8727155778894473,0.0048,0.9772,0.125,2.0794415416798357
Provision_PT_737E_Security_Camera,100,20,17052,soft_mean,0.99657188,0.8277326633165829,0.0062,1.0,0.7819415363707913,0.8785294759476121
Provision_PT_737E_Security_Camera,100,20,17052,soft_mean_scale,0.99651384,0.82481608040201,0.0062,1.0,0.8744634966524804,0.5859955355560403
Provision_PT_737E_Security_Camera,100,21,35937,shared_oas,0.99919356,0.9594753768844221,0.0,0.0,0.125,2.0794415416798357
Provision_PT_737E_Security_Camera,100,21,35937,local_center_peer_scale,0.9992230400000001,0.960956783919598,0.0,0.0,0.125,2.0794415416798357
Provision_PT_737E_Security_Camera,100,21,35937,soft_mean,0.9992044,0.9600201005025126,0.0,0.0,0.18687880553337452,2.0421862191989746
Provision_PT_737E_Security_Camera,100,21,35937,soft_mean_scale,0.99915388,0.9574814070351758,0.0,0.0,0.3453675535972815,1.8919166154901532
Provision_PT_737E_Security_Camera,100,22,2536,shared_oas,0.87612984,0.6099095477386934,0.434,1.0,0.125,2.0794415416798357
Provision_PT_737E_Security_Camera,100,22,2536,local_center_peer_scale,0.8715256000000001,0.6376703517587939,0.435,1.0,0.125,2.0794415416798357
Provision_PT_737E_Security_Camera,100,22,2536,soft_mean,0.86060672,0.6001125628140703,0.4182,1.0,0.23496224905670737,1.9360298633198734
Provision_PT_737E_Security_Camera,100,22,2536,soft_mean_scale,0.83296788,0.49754773869346736,0.4178,1.0,0.7329647663332367,0.8339850310622249
Provision_PT_737E_Security_Camera,100,23,40659,shared_oas,0.8799132399999998,0.6053869346733668,0.2902,1.0,0.125,2.0794415416798357
Provision_PT_737E_Security_Camera,100,23,40659,local_center_peer_scale,0.8724598000000001,0.6342834170854271,0.3824,1.0,0.125,2.0794415416798357
Provision_PT_737E_Security_Camera,100,23,40659,soft_mean,0.8579850000000001,0.568235175879397,0.352,1.0,0.24530922194580052,1.9471171140308545
Provision_PT_737E_Security_Camera,100,23,40659,soft_mean_scale,0.81857592,0.49748743718592964,0.3212,1.0,0.6830195513101694,0.9450144468223948
Provision_PT_737E_Security_Camera,100,24,20097,shared_oas,0.8923932400000001,0.6198733668341708,0.4482,1.0,0.125,2.0794415416798357
Provision_PT_737E_Security_Camera,100,24,20097,local_center_peer_scale,0.88237044,0.6860140703517588,0.4898,1.0,0.125,2.0794415416798357
Provision_PT_737E_Security_Camera,100,24,20097,soft_mean,0.86780384,0.6139557788944723,0.4524,1.0,0.23852495730183196,1.9268161753467674
Provision_PT_737E_Security_Camera,100,24,20097,soft_mean_scale,0.83471016,0.49748743718592964,0.3878,1.0,0.7473441332640822,0.8047611982346586
Provision_PT_737E_Security_Camera,100,25,20123,shared_oas,0.8732422799999999,0.6236482412060301,0.5344,1.0,0.125,2.0794415416798357
Provision_PT_737E_Security_Camera,100,25,20123,local_center_peer_scale,0.86871208,0.6708341708542713,0.576,1.0,0.125,2.0794415416798357
Provision_PT_737E_Security_Camera,100,25,20123,soft_mean,0.8608546400000001,0.6110090452261306,0.5616,1.0,0.23689254388580483,1.9328155988944766
Provision_PT_737E_Security_Camera,100,25,20123,soft_mean_scale,0.83402756,0.49783718592964826,0.545,1.0,0.722286645611835,0.8719459806682239
Provision_PT_737E_Security_Camera,100,26,32429,shared_oas,0.9993816400000001,0.9689266331658292,0.0022,0.7884,0.125,2.0794415416798357
Provision_PT_737E_Security_Camera,100,26,32429,local_center_peer_scale,0.9994660799999999,0.9731698492462311,0.0016,0.7864,0.125,2.0794415416798357
Provision_PT_737E_Security_Camera,100,26,32429,soft_mean,0.9994631599999999,0.9730231155778895,0.0016,0.7868,0.18180341335315833,2.04500705733365
Provision_PT_737E_Security_Camera,100,26,32429,soft_mean_scale,0.9994038000000001,0.9700402010050251,0.002,0.7882,0.3352508693165833,1.9038396933775072
Provision_PT_737E_Security_Camera,100,27,32802,shared_oas,0.87068196,0.6059597989949749,0.254,1.0,0.125,2.0794415416798357
Provision_PT_737E_Security_Camera,100,27,32802,local_center_peer_scale,0.8685652799999999,0.6362854271356784,0.2386,1.0,0.125,2.0794415416798357
Provision_PT_737E_Security_Camera,100,27,32802,soft_mean,0.8606263600000001,0.5894331658291457,0.2352,1.0,0.24132303137879,1.916157682299922
Provision_PT_737E_Security_Camera,100,27,32802,soft_mean_scale,0.83053832,0.49748743718592964,0.2274,0.7022,0.7416710522216586,0.7967107588676935
Provision_PT_737E_Security_Camera,100,28,14545,shared_oas,0.86630612,0.6105085427135678,0.3428,1.0,0.125,2.0794415416798357
Provision_PT_737E_Security_Camera,100,28,14545,local_center_peer_scale,0.8614173999999999,0.6150391959798995,0.3364,1.0,0.125,2.0794415416798357
Provision_PT_737E_Security_Camera,100,28,14545,soft_mean,0.8512944,0.5863859296482412,0.3302,1.0,0.233287847531857,1.9420250231451497
Provision_PT_737E_Security_Camera,100,28,14545,soft_mean_scale,0.8235469200000001,0.49748743718592964,0.3206,1.0,0.7036561387142396,0.8995135764575144
Provision_PT_737E_Security_Camera,100,29,14649,shared_oas,0.87268812,0.5996542713567838,0.408,1.0,0.125,2.0794415416798357
Provision_PT_737E_Security_Camera,100,29,14649,local_center_peer_scale,0.8719158400000001,0.6161105527638191,0.4454,1.0,0.125,2.0794415416798357
Provision_PT_737E_Security_Camera,100,29,14649,soft_mean,0.85777372,0.5247095477386935,0.4172,1.0,0.23408331234810534,1.9365330549637014
Provision_PT_737E_Security_Camera,100,29,14649,soft_mean_scale,0.82197808,0.49748743718592964,0.3736,1.0,0.7370008990690162,0.8269791027118233
Provision_PT_737E_Security_Camera,300,0,13336,shared_oas,0.9995736,0.9785728643216081,0.0,0.0,0.125,2.0794415416798357
Provision_PT_737E_Security_Camera,300,0,13336,local_center_peer_scale,0.99961716,0.9807618090452261,0.0,0.0,0.125,2.0794415416798357
Provision_PT_737E_Security_Camera,300,0,13336,soft_mean,0.9994289999999999,0.9713065326633166,0.0,0.0,0.2803715236636179,1.970694119763904
Provision_PT_737E_Security_Camera,300,0,13336,soft_mean_scale,0.99950456,0.9751035175879397,0.0,0.0,0.5401976350596872,1.5537125387359603
Provision_PT_737E_Security_Camera,300,1,12823,shared_oas,0.999644,0.9821105527638191,0.0,0.0,0.125,2.0794415416798357
Provision_PT_737E_Security_Camera,300,1,12823,local_center_peer_scale,0.99969428,0.9846371859296483,0.0,0.0,0.125,2.0794415416798357
Provision_PT_737E_Security_Camera,300,1,12823,soft_mean,0.99973128,0.9864964824120603,0.0,0.0,0.2151671324631133,2.011388109097358
Provision_PT_737E_Security_Camera,300,1,12823,soft_mean_scale,0.999735,0.9866834170854272,0.0,0.0,0.41421253742842656,1.7758320897149495
Provision_PT_737E_Security_Camera,300,2,32530,shared_oas,0.9986440400000001,0.9318613065326633,0.0,0.0,0.125,2.0794415416798357
Provision_PT_737E_Security_Camera,300,2,32530,local_center_peer_scale,0.99873836,0.9366010050251257,0.0,0.0,0.125,2.0794415416798357
Provision_PT_737E_Security_Camera,300,2,32530,soft_mean,0.99871476,0.9354150753768844,0.0,0.0,0.27775969369512177,1.9779499446482351
Provision_PT_737E_Security_Camera,300,2,32530,soft_mean_scale,0.9986444,0.9318793969849246,0.0,0.0,0.5438911803445947,1.550732407893995
Provision_PT_737E_Security_Camera,300,3,29642,shared_oas,0.8373416,0.49748743718592964,0.299,1.0,0.125,2.0794415416798357
Provision_PT_737E_Security_Camera,300,3,29642,local_center_peer_scale,0.8379376399999999,0.49748743718592964,0.2846,1.0,0.125,2.0794415416798357
Provision_PT_737E_Security_Camera,300,3,29642,soft_mean,0.8231796,0.49748743718592964,0.2842,1.0,0.2365705396751043,1.9288048043888582
Provision_PT_737E_Security_Camera,300,3,29642,soft_mean_scale,0.7990898399999999,0.49748743718592964,0.2714,1.0,0.7360096512312637,0.8109732144450073
Provision_PT_737E_Security_Camera,300,4,10391,shared_oas,0.99691952,0.855435175879397,0.0,0.0,0.125,2.0794415416798357
Provision_PT_737E_Security_Camera,300,4,10391,local_center_peer_scale,0.99810064,0.9046231155778894,0.0,0.0,0.125,2.0794415416798357
Provision_PT_737E_Security_Camera,300,4,10391,soft_mean,0.99804964,0.9021185929648241,0.0,0.0,0.16854119125188388,2.026595749371753
Provision_PT_737E_Security_Camera,300,4,10391,soft_mean_scale,0.99809972,0.904508542713568,0.0,0.0,0.2776251653541839,1.9228356277799197
Provision_PT_737E_Security_Camera,300,5,16856,shared_oas,0.99897684,0.9485849246231155,0.0,0.0,0.125,2.0794415416798357
Provision_PT_737E_Security_Camera,300,5,16856,local_center_peer_scale,0.99897876,0.9486814070351759,0.0,0.0,0.125,2.0794415416798357
Provision_PT_737E_Security_Camera,300,5,16856,soft_mean,0.99890532,0.9449909547738694,0.0,0.0,0.27620699607677635,1.974622238875436
Provision_PT_737E_Security_Camera,300,5,16856,soft_mean_scale,0.99891732,0.9455939698492462,0.0,0.0,0.5299710091070473,1.574991463511969
Provision_PT_737E_Security_Camera,300,6,2725,shared_oas,0.9990679600000001,0.9531638190954774,0.0,0.0,0.125,2.0794415416798357
Provision_PT_737E_Security_Camera,300,6,2725,local_center_peer_scale,0.99901908,0.9507075376884422,0.0,0.0,0.125,2.0794415416798357
Provision_PT_737E_Security_Camera,300,6,2725,soft_mean,0.99899636,0.9495658291457286,0.0,0.0,0.28145497682074666,1.9717507939023478
Provision_PT_737E_Security_Camera,300,6,2725,soft_mean_scale,0.9990234400000001,0.9509266331658291,0.0,0.0,0.5388131577699574,1.5577805487749585
Provision_PT_737E_Security_Camera,300,7,30959,shared_oas,0.8990421200000001,0.6853145728643215,0.0,0.2136,0.125,2.0794415416798357
Provision_PT_737E_Security_Camera,300,7,30959,local_center_peer_scale,0.8911352399999999,0.6834834170854271,0.0,0.2736,0.125,2.0794415416798357
Provision_PT_737E_Security_Camera,300,7,30959,soft_mean,0.8845251200000002,0.6744562814070352,0.0,0.2076,0.23022547371748492,1.9437418815104999
Provision_PT_737E_Security_Camera,300,7,30959,soft_mean_scale,0.87415624,0.640964824120603,0.0,0.0,0.5729913237421616,1.265620213645602
Provision_PT_737E_Security_Camera,300,8,35621,shared_oas,0.99901664,0.9505849246231155,0.0,0.0,0.125,2.0794415416798357
Provision_PT_737E_Security_Camera,300,8,35621,local_center_peer_scale,0.9989205200000001,0.9457547738693468,0.0,0.0,0.125,2.0794415416798357
Provision_PT_737E_Security_Camera,300,8,35621,soft_mean,0.99877196,0.9382894472361809,0.0,0.0,0.2820687391033698,1.9714700566624321
Provision_PT_737E_Security_Camera,300,8,35621,soft_mean_scale,0.99864608,0.9319638190954773,0.0,0.0,0.5479605926168826,1.540074292668093
Provision_PT_737E_Security_Camera,300,9,10026,shared_oas,0.8566303200000001,0.6023396984924623,0.2806,1.0,0.125,2.0794415416798357
Provision_PT_737E_Security_Camera,300,9,10026,local_center_peer_scale,0.8589769599999999,0.6095477386934673,0.2626,1.0,0.125,2.0794415416798357
Provision_PT_737E_Security_Camera,300,9,10026,soft_mean,0.8486842800000001,0.5526693467336683,0.262,1.0,0.23963795932934914,1.9195115962154041
Provision_PT_737E_Security_Camera,300,9,10026,soft_mean_scale,0.82266964,0.49748743718592964,0.2446,1.0,0.7497670143293899,0.7692004457567791
Provision_PT_737E_Security_Camera,300,10,20332,shared_oas,0.99837124,0.9184261306532664,0.0,0.0,0.125,2.0794415416798357
Provision_PT_737E_Security_Camera,300,10,20332,local_center_peer_scale,0.9987518400000001,0.9377788944723617,0.0,0.0,0.125,2.0794415416798357
Provision_PT_737E_Security_Camera,300,10,20332,soft_mean,0.9987973200000001,0.939937688442211,0.0,0.0,0.1775175044543445,2.0213916518123405
Provision_PT_737E_Security_Camera,300,10,20332,soft_mean_scale,0.9988826000000001,0.9438492462311558,0.0,0.0,0.32297953898373244,1.8662452567310113
Provision_PT_737E_Security_Camera,300,11,16838,shared_oas,0.9994225999999999,0.9709849246231155,0.0,0.0,0.125,2.0794415416798357
Provision_PT_737E_Security_Camera,300,11,16838,local_center_peer_scale,0.99955272,0.9775236180904523,0.0,0.0,0.125,2.0794415416798357
Provision_PT_737E_Security_Camera,300,11,16838,soft_mean,0.9995712,0.9784522613065327,0.0,0.0,0.25192088183043015,1.9935206477235239
Provision_PT_737E_Security_Camera,300,11,16838,soft_mean_scale,0.99963348,0.9815819095477387,0.0,0.0,0.48737170340214764,1.6576549351422425
Provision_PT_737E_Security_Camera,300,12,1733,shared_oas,0.9990156,0.9505326633165829,0.0462,1.0,0.125,2.0794415416798357
Provision_PT_737E_Security_Camera,300,12,1733,local_center_peer_scale,0.999085,0.9540201005025125,0.0338,1.0,0.125,2.0794415416798357
Provision_PT_737E_Security_Camera,300,12,1733,soft_mean,0.9992291600000001,0.9612643216080402,0.0142,1.0,0.34236139651577663,1.9020047477795834
Provision_PT_737E_Security_Camera,300,12,1733,soft_mean_scale,0.99922156,0.9608824120603014,0.013,1.0,0.6216126858620775,1.3680740451508007
Provision_PT_737E_Security_Camera,300,13,40471,shared_oas,0.84978788,0.5530854271356784,0.2746,1.0,0.125,2.0794415416798357
Provision_PT_737E_Security_Camera,300,13,40471,local_center_peer_scale,0.8496592400000001,0.5645507537688442,0.2648,1.0,0.125,2.0794415416798357
Provision_PT_737E_Security_Camera,300,13,40471,soft_mean,0.83982776,0.49748743718592964,0.2652,1.0,0.24611294968032335,1.9539378967604524
Provision_PT_737E_Security_Camera,300,13,40471,soft_mean_scale,0.8151109200000001,0.49748743718592964,0.2548,1.0,0.6485411641408524,0.9713429211205495
Provision_PT_737E_Security_Camera,300,14,13494,shared_oas,0.99774444,0.8866552763819096,0.0,0.0,0.125,2.0794415416798357
Provision_PT_737E_Security_Camera,300,14,13494,local_center_peer_scale,0.9976226,0.8805326633165829,0.0,0.0,0.125,2.0794415416798357
Provision_PT_737E_Security_Camera,300,14,13494,soft_mean,0.99760828,0.8798130653266332,0.0,0.0,0.2764753009323104,1.976456332287622
Provision_PT_737E_Security_Camera,300,14,13494,soft_mean_scale,0.99747812,0.8732723618090452,0.0,0.0,0.53953597158589,1.5581206129673224
Provision_PT_737E_Security_Camera,300,15,12531,shared_oas,0.9985714800000001,0.9282150753768843,0.0012,0.2208,0.125,2.0794415416798357
Provision_PT_737E_Security_Camera,300,15,12531,local_center_peer_scale,0.9984714,0.9231859296482412,0.0012,0.111,0.125,2.0794415416798357
Provision_PT_737E_Security_Camera,300,15,12531,soft_mean,0.99831784,0.9154693467336683,0.0012,0.2378,0.32505602015702645,1.9240600979052773
Provision_PT_737E_Security_Camera,300,15,12531,soft_mean_scale,0.99814064,0.906564824120603,0.002,0.8324,0.6115111886454945,1.3980482963498182
Provision_PT_737E_Security_Camera,300,16,6452,shared_oas,0.8519284800000002,0.594972864321608,0.2554,1.0,0.125,2.0794415416798357
Provision_PT_737E_Security_Camera,300,16,6452,local_center_peer_scale,0.8534654799999999,0.6007376884422111,0.2414,1.0,0.125,2.0794415416798357
Provision_PT_737E_Security_Camera,300,16,6452,soft_mean,0.8419529199999999,0.5167537688442211,0.241,1.0,0.23641805391472734,1.928108248165552
Provision_PT_737E_Security_Camera,300,16,6452,soft_mean_scale,0.81930924,0.49748743718592964,0.2408,1.0,0.6925294833890369,0.8855898479378344
Provision_PT_737E_Security_Camera,300,17,29313,shared_oas,0.99809688,0.9043658291457286,0.0,0.0,0.125,2.0794415416798357
Provision_PT_737E_Security_Camera,300,17,29313,local_center_peer_scale,0.99823504,0.9113085427135679,0.0,0.0,0.125,2.0794415416798357
Provision_PT_737E_Security_Camera,300,17,29313,soft_mean,0.99820816,0.9099577889447236,0.0,0.0,0.2711185566020356,1.9799136847554957
Provision_PT_737E_Security_Camera,300,17,29313,soft_mean_scale,0.99802412,0.9007095477386935,0.0,0.0,0.523195468896479,1.5892476244674891
Provision_PT_737E_Security_Camera,300,18,29511,shared_oas,0.99923396,0.961505527638191,0.0,0.0,0.125,2.0794415416798357
Provision_PT_737E_Security_Camera,300,18,29511,local_center_peer_scale,0.9991895599999999,0.9592743718592965,0.0,0.0,0.125,2.0794415416798357
Provision_PT_737E_Security_Camera,300,18,29511,soft_mean,0.9991395200000001,0.9567597989949749,0.0,0.0,0.2718587501503246,1.978979374982371
Provision_PT_737E_Security_Camera,300,18,29511,soft_mean_scale,0.99902836,0.9511738693467338,0.0,0.0,0.5199823045361032,1.5963088428129057
Provision_PT_737E_Security_Camera,300,19,40457,shared_oas,0.84574124,0.49748743718592964,0.268,1.0,0.125,2.0794415416798357
Provision_PT_737E_Security_Camera,300,19,40457,local_center_peer_scale,0.8447368000000001,0.49748743718592964,0.2568,1.0,0.125,2.0794415416798357
Provision_PT_737E_Security_Camera,300,19,40457,soft_mean,0.83193956,0.49748743718592964,0.2564,1.0,0.2470158838779276,1.952650117021038
Provision_PT_737E_Security_Camera,300,19,40457,soft_mean_scale,0.8082009600000001,0.49748743718592964,0.243,1.0,0.6696895243896602,0.9355118122889302
Provision_PT_737E_Security_Camera,300,20,34988,shared_oas,0.99842056,0.9206311557788944,0.0,0.0,0.125,2.0794415416798357
Provision_PT_737E_Security_Camera,300,20,34988,local_center_peer_scale,0.9983221600000001,0.915686432160804,0.0,0.0,0.125,2.0794415416798357
Provision_PT_737E_Security_Camera,300,20,34988,soft_mean,0.99832516,0.9158371859296482,0.0,0.0,0.2774996929842828,1.9730303462878023
Provision_PT_737E_Security_Camera,300,20,34988,soft_mean_scale,0.9981203200000001,0.9055437185929649,0.0,0.0,0.5418825479880643,1.5516087481474308
Provision_PT_737E_Security_Camera,300,21,40891,shared_oas,0.8492802,0.5779839195979899,0.292,1.0,0.125,2.0794415416798357
Provision_PT_737E_Security_Camera,300,21,40891,local_center_peer_scale,0.8513012,0.5901427135678392,0.2824,1.0,0.125,2.0794415416798357
Provision_PT_737E_Security_Camera,300,21,40891,soft_mean,0.8384098400000002,0.49748743718592964,0.282,1.0,0.237200857005176,1.9351922375660404
Provision_PT_737E_Security_Camera,300,21,40891,soft_mean_scale,0.81344156,0.49748743718592964,0.2658,1.0,0.7041856710581529,0.8842009632023097
Provision_PT_737E_Security_Camera,300,22,11546,shared_oas,0.99917364,0.9584743718592965,0.0,0.0,0.125,2.0794415416798357
Provision_PT_737E_Security_Camera,300,22,11546,local_center_peer_scale,0.99916624,0.9581025125628141,0.0,0.0,0.125,2.0794415416798357
Provision_PT_737E_Security_Camera,300,22,11546,soft_mean,0.9991932,0.9594572864321607,0.0,0.0,0.28180190035317376,1.9695521773642768
Provision_PT_737E_Security_Camera,300,22,11546,soft_mean_scale,0.99919848,0.9597226130653267,0.0,0.0,0.5411410373246683,1.551818759011082
Provision_PT_737E_Security_Camera,300,23,30353,shared_oas,0.99844528,0.9218733668341708,0.0,0.0,0.125,2.0794415416798357
Provision_PT_737E_Security_Camera,300,23,30353,local_center_peer_scale,0.9983988,0.9195376884422111,0.0,0.0,0.125,2.0794415416798357
Provision_PT_737E_Security_Camera,300,23,30353,soft_mean,0.99832568,0.9158633165829146,0.0,0.0,0.2821677465219521,1.968859656890921
Provision_PT_737E_Security_Camera,300,23,30353,soft_mean_scale,0.99820668,0.9098834170854272,0.0,0.0,0.547715522615674,1.5393820886655032
Provision_PT_737E_Security_Camera,300,24,3801,shared_oas,0.85114628,0.5704361809045226,0.2584,1.0,0.125,2.0794415416798357
Provision_PT_737E_Security_Camera,300,24,3801,local_center_peer_scale,0.85491984,0.593764824120603,0.2532,1.0,0.125,2.0794415416798357
Provision_PT_737E_Security_Camera,300,24,3801,soft_mean,0.84265044,0.5010532663316583,0.2492,1.0,0.23521494945668336,1.931217700685949
Provision_PT_737E_Security_Camera,300,24,3801,soft_mean_scale,0.8159730800000001,0.49748743718592964,0.2418,1.0,0.712279863652419,0.8620844808125108
Provision_PT_737E_Security_Camera,300,25,21468,shared_oas,0.99915256,0.9574150753768844,0.0088,1.0,0.125,2.0794415416798357
Provision_PT_737E_Security_Camera,300,25,21468,local_center_peer_scale,0.99917088,0.9583356783919598,0.0066,1.0,0.125,2.0794415416798357
Provision_PT_737E_Security_Camera,300,25,21468,soft_mean,0.99909492,0.9545185929648241,0.0064,1.0,0.25055406939358615,1.9973052315330677
Provision_PT_737E_Security_Camera,300,25,21468,soft_mean_scale,0.99890012,0.9447296482412061,0.0074,1.0,0.49221777908475206,1.6500764717787488
Provision_PT_737E_Security_Camera,300,26,5067,shared_oas,0.98925896,0.7056482412060301,0.0,0.0,0.125,2.0794415416798357
Provision_PT_737E_Security_Camera,300,26,5067,local_center_peer_scale,0.98851628,0.7009929648241207,0.0,0.0,0.125,2.0794415416798357
Provision_PT_737E_Security_Camera,300,26,5067,soft_mean,0.98801556,0.6995195979899498,0.0,0.0,0.19469528683998724,2.005988945804205
Provision_PT_737E_Security_Camera,300,26,5067,soft_mean_scale,0.99027356,0.7062090452261307,0.0,0.0,0.24587644805804576,1.8645813297692335
Provision_PT_737E_Security_Camera,300,27,11458,shared_oas,0.99941104,0.9704040201005024,0.0,0.0,0.125,2.0794415416798357
Provision_PT_737E_Security_Camera,300,27,11458,local_center_peer_scale,0.99950384,0.975067336683417,0.0,0.0,0.125,2.0794415416798357
Provision_PT_737E_Security_Camera,300,27,11458,soft_mean,0.99945524,0.9726251256281406,0.0,0.0,0.19361285883824758,2.0185371154130887
Provision_PT_737E_Security_Camera,300,27,11458,soft_mean_scale,0.9994596800000001,0.9728482412060302,0.0,0.0,0.36401587200983987,1.8384016557368095
Provision_PT_737E_Security_Camera,300,28,40478,shared_oas,0.91848476,0.6972221105527638,0.0,0.0,0.125,2.0794415416798357
Provision_PT_737E_Security_Camera,300,28,40478,local_center_peer_scale,0.9129893200000001,0.6860422110552764,0.0,0.1888,0.125,2.0794415416798357
Provision_PT_737E_Security_Camera,300,28,40478,soft_mean,0.9068211199999999,0.6786874371859297,0.0,0.0,0.23859066345706278,1.9653233603190439
Provision_PT_737E_Security_Camera,300,28,40478,soft_mean_scale,0.89912188,0.6766331658291458,0.0,0.0,0.479907412514309,1.440221606728424
Provision_PT_737E_Security_Camera,300,29,29004,shared_oas,0.9988015600000001,0.9397768844221106,0.0012,0.4518,0.125,2.0794415416798357
Provision_PT_737E_Security_Camera,300,29,29004,local_center_peer_scale,0.99869072,0.9342070351758794,0.001,0.149,0.125,2.0794415416798357
Provision_PT_737E_Security_Camera,300,29,29004,soft_mean,0.99864672,0.9319959798994975,0.0012,0.4196,0.28990231122687743,1.9649324367807557
Provision_PT_737E_Security_Camera,300,29,29004,soft_mean_scale,0.9986035600000001,0.9298271356783919,0.0014,0.6138,0.561935235202678,1.5117129368010507
Provision_PT_737E_Security_Camera,1000,0,8977,shared_oas,0.99532896,0.8334934673366834,0.0644,1.0,0.125,2.0794415416798357
Provision_PT_737E_Security_Camera,1000,0,8977,local_center_peer_scale,0.9952752,0.8309386934673367,0.0652,1.0,0.125,2.0794415416798357
Provision_PT_737E_Security_Camera,1000,0,8977,soft_mean,0.99788824,0.8939437185929648,0.0634,1.0,0.2813858946874151,1.968276507946318
Provision_PT_737E_Security_Camera,1000,0,8977,soft_mean_scale,0.9991302799999999,0.9562954773869348,0.0626,1.0,0.5444470106165544,1.5480445075984726
Provision_PT_737E_Security_Camera,1000,1,32936,shared_oas,0.99842696,0.9209527638190955,0.0832,1.0,0.125,2.0794415416798357
Provision_PT_737E_Security_Camera,1000,1,32936,local_center_peer_scale,0.99840124,0.9196603015075377,0.083,1.0,0.125,2.0794415416798357
Provision_PT_737E_Security_Camera,1000,1,32936,soft_mean,0.99838864,0.9190271356783919,0.0884,1.0,0.2672370373317318,1.9778497012355103
Provision_PT_737E_Security_Camera,1000,1,32936,soft_mean_scale,0.9982648399999999,0.9128060301507538,0.0878,1.0,0.5177380696478778,1.5968684780998386
Provision_PT_737E_Security_Camera,1000,2,32669,shared_oas,0.99842528,0.9208683417085427,0.0922,1.0,0.125,2.0794415416798357
Provision_PT_737E_Security_Camera,1000,2,32669,local_center_peer_scale,0.99855,0.9271356783919598,0.0914,1.0,0.125,2.0794415416798357
Provision_PT_737E_Security_Camera,1000,2,32669,soft_mean,0.99859984,0.9296402010050251,0.0906,1.0,0.21488329003502496,2.0089277165853563
Provision_PT_737E_Security_Camera,1000,2,32669,soft_mean_scale,0.9987426,0.9368140703517588,0.0944,1.0,0.4174087712200215,1.758045901005831
Provision_PT_737E_Security_Camera,1000,3,39977,shared_oas,0.9897465999999999,0.6725105527638191,0.0126,0.4936,0.125,2.0794415416798357
Provision_PT_737E_Security_Camera,1000,3,39977,local_center_peer_scale,0.9913620799999999,0.7166572864321608,0.0134,0.6292,0.125,2.0794415416798357
Provision_PT_737E_Security_Camera,1000,3,39977,soft_mean,0.99259616,0.7497266331658292,0.007,0.621,0.22143387706211787,2.016356135607249
Provision_PT_737E_Security_Camera,1000,3,39977,soft_mean_scale,0.9940599999999999,0.802494472361809,0.0026,0.5826,0.3992859843590082,1.790261266533848
Provision_PT_737E_Security_Camera,1000,4,3352,shared_oas,0.98595392,0.674132663316583,0.0648,1.0,0.125,2.0794415416798357
Provision_PT_737E_Security_Camera,1000,4,3352,local_center_peer_scale,0.98633812,0.6610814070351758,0.0648,1.0,0.125,2.0794415416798357
Provision_PT_737E_Security_Camera,1000,4,3352,soft_mean,0.98798856,0.7230130653266331,0.064,1.0,0.22445539042621077,2.0047914583480724
Provision_PT_737E_Security_Camera,1000,4,3352,soft_mean_scale,0.989979,0.7946291457286432,0.0652,1.0,0.43816235394399117,1.7313122946945505
Provision_PT_737E_Security_Camera,1000,5,16404,shared_oas,0.99868192,0.9337648241206029,0.0196,1.0,0.125,2.0794415416798357
Provision_PT_737E_Security_Camera,1000,5,16404,local_center_peer_scale,0.9984937199999999,0.9243075376884422,0.0222,1.0,0.125,2.0794415416798357
Provision_PT_737E_Security_Camera,1000,5,16404,soft_mean,0.99838196,0.9186914572864322,0.0254,1.0,0.1924616235089051,2.01460440921029
Provision_PT_737E_Security_Camera,1000,5,16404,soft_mean_scale,0.99799424,0.899208040201005,0.0372,1.0,0.36648492864315546,1.8220566840631474
Provision_PT_737E_Security_Camera,1000,6,33738,shared_oas,0.99834756,0.9169628140703519,0.0378,1.0,0.125,2.0794415416798357
Provision_PT_737E_Security_Camera,1000,6,33738,local_center_peer_scale,0.99793944,0.896454271356784,0.0404,1.0,0.125,2.0794415416798357
Provision_PT_737E_Security_Camera,1000,6,33738,soft_mean,0.9981247599999999,0.9057668341708542,0.0396,1.0,0.22560129274653362,2.0085945934152214
Provision_PT_737E_Security_Camera,1000,6,33738,soft_mean_scale,0.99773136,0.8860462311557789,0.0328,1.0,0.43462505888328595,1.742181184031946
Provision_PT_737E_Security_Camera,1000,7,21050,shared_oas,0.9991564000000001,0.957608040201005,0.0072,1.0,0.125,2.0794415416798357
Provision_PT_737E_Security_Camera,1000,7,21050,local_center_peer_scale,0.99912404,0.9559819095477387,0.0082,1.0,0.125,2.0794415416798357
Provision_PT_737E_Security_Camera,1000,7,21050,soft_mean,0.9989541200000001,0.947443216080402,0.0138,1.0,0.2069286261445241,2.0141843826401487
Provision_PT_737E_Security_Camera,1000,7,21050,soft_mean_scale,0.99872576,0.9359678391959799,0.0218,1.0,0.4029599982747572,1.7862681482655214
Provision_PT_737E_Security_Camera,1000,8,9457,shared_oas,0.99869124,0.9342331658291456,0.0162,1.0,0.125,2.0794415416798357
Provision_PT_737E_Security_Camera,1000,8,9457,local_center_peer_scale,0.99869392,0.93436783919598,0.0186,1.0,0.125,2.0794415416798357
Provision_PT_737E_Security_Camera,1000,8,9457,soft_mean,0.99867892,0.9336140703517588,0.0254,1.0,0.2638613874658487,1.9828885744122786
Provision_PT_737E_Security_Camera,1000,8,9457,soft_mean_scale,0.9985080000000001,0.9250251256281408,0.0336,1.0,0.5214700895571186,1.594408374185544
Provision_PT_737E_Security_Camera,1000,9,18399,shared_oas,0.9947094400000001,0.8503859296482412,0.0004,0.1342,0.125,2.0794415416798357
Provision_PT_737E_Security_Camera,1000,9,18399,local_center_peer_scale,0.99516504,0.8545849246231156,0.0006,0.1948,0.125,2.0794415416798357
Provision_PT_737E_Security_Camera,1000,9,18399,soft_mean,0.9955919999999999,0.8664180904522613,0.0004,0.1806,0.23809790906353306,2.0093055250339575
Provision_PT_737E_Security_Camera,1000,9,18399,soft_mean_scale,0.9958626399999999,0.8787557788944724,0.0,0.1714,0.4024085016032655,1.7434392872134201
Provision_PT_737E_Security_Camera,1000,10,39938,shared_oas,0.9908911599999999,0.6961125628140703,0.0144,0.7254,0.125,2.0794415416798357
Provision_PT_737E_Security_Camera,1000,10,39938,local_center_peer_scale,0.99265304,0.7564221105527638,0.0142,0.7722,0.125,2.0794415416798357
Provision_PT_737E_Security_Camera,1000,10,39938,soft_mean,0.99423436,0.8124783919597989,0.0118,0.7734,0.26046339231107596,1.9914740415426908
Provision_PT_737E_Security_Camera,1000,10,39938,soft_mean_scale,0.99533816,0.854062311557789,0.0022,0.7576,0.4700192509100105,1.678169634259772
Provision_PT_737E_Security_Camera,1000,11,2036,shared_oas,0.9981684,0.9079597989949748,0.1296,1.0,0.125,2.0794415416798357
Provision_PT_737E_Security_Camera,1000,11,2036,local_center_peer_scale,0.99789056,0.8939979899497488,0.1324,1.0,0.125,2.0794415416798357
Provision_PT_737E_Security_Camera,1000,11,2036,soft_mean,0.9979176000000001,0.8953567839195979,0.1326,1.0,0.20232540286439044,2.01297552469495
Provision_PT_737E_Security_Camera,1000,11,2036,soft_mean_scale,0.9979576,0.8973668341708543,0.1332,1.0,0.3885558413888502,1.7956615780429959
Provision_PT_737E_Security_Camera,1000,12,17234,shared_oas,0.9983270799999999,0.9159336683417085,0.0774,1.0,0.125,2.0794415416798357
Provision_PT_737E_Security_Camera,1000,12,17234,local_center_peer_scale,0.99819104,0.909097487437186,0.0778,1.0,0.125,2.0794415416798357
Provision_PT_737E_Security_Camera,1000,12,17234,soft_mean,0.9983491600000001,0.9170432160804021,0.076,1.0,0.2240389470469308,2.0047908134218018
Provision_PT_737E_Security_Camera,1000,12,17234,soft_mean_scale,0.99773888,0.8863758793969849,0.0748,1.0,0.43595885967369646,1.7351856368667091
Provision_PT_737E_Security_Camera,1000,13,7790,shared_oas,0.9977608,0.8874773869346734,0.0928,1.0,0.125,2.0794415416798357
Provision_PT_737E_Security_Camera,1000,13,7790,local_center_peer_scale,0.99765076,0.8820060301507537,0.0938,1.0,0.125,2.0794415416798357
Provision_PT_737E_Security_Camera,1000,13,7790,soft_mean,0.99747104,0.8729326633165829,0.0926,1.0,0.20459597494748408,2.0138013960310825
Provision_PT_737E_Security_Camera,1000,13,7790,soft_mean_scale,0.9968400399999999,0.8413306532663316,0.0938,1.0,0.3978540043108509,1.7881977856785656
Provision_PT_737E_Security_Camera,1000,14,311,shared_oas,0.98770328,0.6881547738693468,0.0236,0.801,0.125,2.0794415416798357
Provision_PT_737E_Security_Camera,1000,14,311,local_center_peer_scale,0.99018964,0.7360643216080403,0.0234,0.801,0.125,2.0794415416798357
Provision_PT_737E_Security_Camera,1000,14,311,soft_mean,0.9911485600000001,0.7700924623115578,0.023,0.801,0.206993299752594,2.0199385372623713
Provision_PT_737E_Security_Camera,1000,14,311,soft_mean_scale,0.99250136,0.8007236180904522,0.0224,0.8008,0.3739637255761844,1.8242102121001649
Provision_PT_737E_Security_Camera,1000,15,5211,shared_oas,0.9970692,0.8527396984924623,0.0754,1.0,0.125,2.0794415416798357
Provision_PT_737E_Security_Camera,1000,15,5211,local_center_peer_scale,0.9968135600000001,0.8399236180904524,0.0778,1.0,0.125,2.0794415416798357
Provision_PT_737E_Security_Camera,1000,15,5211,soft_mean,0.9972734400000001,0.8629869346733668,0.0762,1.0,0.2193421139534492,2.0091990697417224
Provision_PT_737E_Security_Camera,1000,15,5211,soft_mean_scale,0.99826768,0.9129487437185929,0.0732,1.0,0.4312198115512813,1.7448641998874344
Provision_PT_737E_Security_Camera,1000,16,11403,shared_oas,0.99709872,0.8542311557788945,0.1072,1.0,0.125,2.0794415416798357
Provision_PT_737E_Security_Camera,1000,16,11403,local_center_peer_scale,0.9965052,0.8363276381909548,0.1076,1.0,0.125,2.0794415416798357
Provision_PT_737E_Security_Camera,1000,16,11403,soft_mean,0.99754964,0.8769085427135679,0.1078,1.0,0.20468812235437864,2.0110394982617184
Provision_PT_737E_Security_Camera,1000,16,11403,soft_mean_scale,0.997628,0.8808100502512564,0.1108,1.0,0.391665163148097,1.7908942222330164
Provision_PT_737E_Security_Camera,1000,17,21796,shared_oas,0.99801104,0.9000522613065327,0.078,1.0,0.125,2.0794415416798357
Provision_PT_737E_Security_Camera,1000,17,21796,local_center_peer_scale,0.99784496,0.8917185929648241,0.077,1.0,0.125,2.0794415416798357
Provision_PT_737E_Security_Camera,1000,17,21796,soft_mean,0.99825556,0.9123396984924623,0.0772,1.0,0.22316071332410486,2.0057060022491795
Provision_PT_737E_Security_Camera,1000,17,21796,soft_mean_scale,0.9981418799999999,0.9066271356783919,0.0782,1.0,0.4356983042614547,1.7355785912239328
Provision_PT_737E_Security_Camera,1000,18,16609,shared_oas,0.9986223200000001,0.9307698492462312,0.0168,1.0,0.125,2.0794415416798357
Provision_PT_737E_Security_Camera,1000,18,16609,local_center_peer_scale,0.998475,0.9233668341708543,0.0182,1.0,0.125,2.0794415416798357
Provision_PT_737E_Security_Camera,1000,18,16609,soft_mean,0.99817956,0.9085206030150754,0.0276,1.0,0.2859066976024369,1.9586729761592028
Provision_PT_737E_Security_Camera,1000,18,16609,soft_mean_scale,0.9980382799999999,0.9014371859296482,0.0374,1.0,0.5469176517276861,1.5371937413895191
Provision_PT_737E_Security_Camera,1000,19,23385,shared_oas,0.99511416,0.8305145728643216,0.0004,0.2642,0.125,2.0794415416798357
Provision_PT_737E_Security_Camera,1000,19,23385,local_center_peer_scale,0.9961408,0.8670311557788944,0.0004,0.347,0.125,2.0794415416798357
Provision_PT_737E_Security_Camera,1000,19,23385,soft_mean,0.9963036399999999,0.8731135678391959,0.0004,0.3264,0.3019185939869858,1.9506457295341908
Provision_PT_737E_Security_Camera,1000,19,23385,soft_mean_scale,0.99649416,0.876391959798995,0.0002,0.3068,0.5269547026276241,1.5649961538730788
Provision_PT_737E_Security_Camera,1000,20,18087,shared_oas,0.9892592,0.8237909547738693,0.0,0.0008,0.125,2.0794415416798357
Provision_PT_737E_Security_Camera,1000,20,18087,local_center_peer_scale,0.9893549199999999,0.818894472361809,0.0,0.0,0.125,2.0794415416798357
Provision_PT_737E_Security_Camera,1000,20,18087,soft_mean,0.98976592,0.8345768844221106,0.0,0.0,0.2215876575746729,2.0209980583267813
Provision_PT_737E_Security_Camera,1000,20,18087,soft_mean_scale,0.9903848000000001,0.8559899497487438,0.0,0.0,0.36955839567421134,1.7853953463700263
Provision_PT_737E_Security_Camera,1000,21,1834,shared_oas,0.99798076,0.8985306532663316,0.0638,1.0,0.125,2.0794415416798357
Provision_PT_737E_Security_Camera,1000,21,1834,local_center_peer_scale,0.99779408,0.8891497487437185,0.064,1.0,0.125,2.0794415416798357
Provision_PT_737E_Security_Camera,1000,21,1834,soft_mean,0.9985961600000001,0.9294552763819095,0.065,1.0,0.2865697211060644,1.959871484907866
Provision_PT_737E_Security_Camera,1000,21,1834,soft_mean_scale,0.9988314,0.9412763819095478,0.0656,1.0,0.5486957178484554,1.5347610358267139
Provision_PT_737E_Security_Camera,1000,22,34705,shared_oas,0.99864712,0.93201608040201,0.0954,1.0,0.125,2.0794415416798357
Provision_PT_737E_Security_Camera,1000,22,34705,local_center_peer_scale,0.99860932,0.9301165829145729,0.098,1.0,0.125,2.0794415416798357
Provision_PT_737E_Security_Camera,1000,22,34705,soft_mean,0.99862352,0.9308301507537688,0.0984,1.0,0.28153425012932476,1.964185091458568
Provision_PT_737E_Security_Camera,1000,22,34705,soft_mean_scale,0.9985420399999999,0.9267356783919598,0.1014,1.0,0.5428138603269086,1.5465325592509473
Provision_PT_737E_Security_Camera,1000,23,3541,shared_oas,0.9825337599999999,0.6713326633165829,0.0656,1.0,0.125,2.0794415416798357
Provision_PT_737E_Security_Camera,1000,23,3541,local_center_peer_scale,0.9830814,0.6581909547738694,0.065,1.0,0.125,2.0794415416798357
Provision_PT_737E_Security_Camera,1000,23,3541,soft_mean,0.98468548,0.7039195979899497,0.0648,1.0,0.22253701919077537,2.0067443401678364
Provision_PT_737E_Security_Camera,1000,23,3541,soft_mean_scale,0.9867679199999999,0.7782010050251256,0.0642,1.0,0.43507037643522944,1.736718665715839
Provision_PT_737E_Security_Camera,1000,24,34909,shared_oas,0.997566,0.8776884422110552,0.0988,1.0,0.125,2.0794415416798357
Provision_PT_737E_Security_Camera,1000,24,34909,local_center_peer_scale,0.9974951999999999,0.8741306532663317,0.1014,1.0,0.125,2.0794415416798357
Provision_PT_737E_Security_Camera,1000,24,34909,soft_mean,0.99753328,0.8760442211055276,0.1004,1.0,0.20442145075665694,2.0114530568235534
Provision_PT_737E_Security_Camera,1000,24,34909,soft_mean_scale,0.99753,0.8758793969849246,0.1014,1.0,0.393460506715214,1.7882143022213017
Provision_PT_737E_Security_Camera,1000,25,35566,shared_oas,0.99851868,0.9255618090452262,0.0814,1.0,0.125,2.0794415416798357
Provision_PT_737E_Security_Camera,1000,25,35566,local_center_peer_scale,0.9984796,0.9235979899497487,0.0816,1.0,0.125,2.0794415416798357
Provision_PT_737E_Security_Camera,1000,25,35566,soft_mean,0.9983835999999999,0.9187738693467337,0.0838,1.0,0.2665624988290827,1.9784016780497327
Provision_PT_737E_Security_Camera,1000,25,35566,soft_mean_scale,0.998171,0.9080904522613065,0.0856,1.0,0.5192525189256925,1.5949735889097012
Provision_PT_737E_Security_Camera,1000,26,4536,shared_oas,0.99451784,0.8189246231155779,0.0676,1.0,0.125,2.0794415416798357
Provision_PT_737E_Security_Camera,1000,26,4536,local_center_peer_scale,0.99422736,0.8093587939698492,0.0682,1.0,0.125,2.0794415416798357
Provision_PT_737E_Security_Camera,1000,26,4536,soft_mean,0.995654,0.8589065326633165,0.0688,1.0,0.27108249954185226,1.9772118634833549
Provision_PT_737E_Security_Camera,1000,26,4536,soft_mean_scale,0.99822564,0.9108361809045226,0.0686,1.0,0.5257176485163301,1.5855558784333388
Provision_PT_737E_Security_Camera,1000,27,8000,shared_oas,0.9988166,0.9405326633165829,0.1,1.0,0.125,2.0794415416798357
Provision_PT_737E_Security_Camera,1000,27,8000,local_center_peer_scale,0.99882336,0.9408723618090453,0.0996,1.0,0.125,2.0794415416798357
Provision_PT_737E_Security_Camera,1000,27,8000,soft_mean,0.99866388,0.9328582914572865,0.0992,1.0,0.2184622248920336,2.0078771196032803
Provision_PT_737E_Security_Camera,1000,27,8000,soft_mean_scale,0.9979814,0.898564824120603,0.1002,1.0,0.42899953500469884,1.7472257885572062
Provision_PT_737E_Security_Camera,1000,28,29632,shared_oas,0.9973204400000001,0.8653487437185929,0.101,1.0,0.125,2.0794415416798357
Provision_PT_737E_Security_Camera,1000,28,29632,local_center_peer_scale,0.99724488,0.8615517587939698,0.102,1.0,0.125,2.0794415416798357
Provision_PT_737E_Security_Camera,1000,28,29632,soft_mean,0.9973002400000001,0.8643336683417085,0.102,1.0,0.2033477645558912,2.010648306787143
Provision_PT_737E_Security_Camera,1000,28,29632,soft_mean_scale,0.9975636,0.8775678391959799,0.1048,1.0,0.39110666202984823,1.7899020222157285
Provision_PT_737E_Security_Camera,1000,29,7329,shared_oas,0.99492684,0.8260924623115578,0.1182,1.0,0.125,2.0794415416798357
Provision_PT_737E_Security_Camera,1000,29,7329,local_center_peer_scale,0.99495188,0.8283437185929647,0.1242,1.0,0.125,2.0794415416798357
Provision_PT_737E_Security_Camera,1000,29,7329,soft_mean,0.9962277199999999,0.8623155778894472,0.124,1.0,0.23264554064421528,2.002890518006328
Provision_PT_737E_Security_Camera,1000,29,7329,soft_mean_scale,0.9984827999999999,0.9237648241206031,0.1216,1.0,0.45801316283649646,1.7042984062267248
Provision_PT_838_Security_Camera,30,0,36363,shared_oas,0.84962956,0.5023678391959799,0.5164,1.0,0.125,2.0794415416798357
Provision_PT_838_Security_Camera,30,0,36363,local_center_peer_scale,0.8090984800000001,0.49889447236180906,0.4976,1.0,0.125,2.0794415416798357
Provision_PT_838_Security_Camera,30,0,36363,soft_mean,0.78281692,0.49748743718592964,0.5102,1.0,0.2306423604950262,1.9275128122271217
Provision_PT_838_Security_Camera,30,0,36363,soft_mean_scale,0.7448874400000001,0.49748743718592964,0.5386,1.0,0.9074288873621343,0.3330228243035596
Provision_PT_838_Security_Camera,30,1,50635,shared_oas,0.89346212,0.639035175879397,0.4698,1.0,0.125,2.0794415416798357
Provision_PT_838_Security_Camera,30,1,50635,local_center_peer_scale,0.8808501200000001,0.6706733668341708,0.3746,1.0,0.125,2.0794415416798357
Provision_PT_838_Security_Camera,30,1,50635,soft_mean,0.8735657199999999,0.6301668341708543,0.3312,1.0,0.20114947139184503,2.012464300618026
Provision_PT_838_Security_Camera,30,1,50635,soft_mean_scale,0.82181312,0.4975155778894472,0.3016,1.0,0.5392961595363065,1.300837064384555
Provision_PT_838_Security_Camera,30,2,8099,shared_oas,0.93644116,0.7627417085427136,0.2904,1.0,0.125,2.0794415416798357
Provision_PT_838_Security_Camera,30,2,8099,local_center_peer_scale,0.92576624,0.7390994974874372,0.2872,1.0,0.125,2.0794415416798357
Provision_PT_838_Security_Camera,30,2,8099,soft_mean,0.9194294799999999,0.7043195979899497,0.2878,1.0,0.19519071118689404,2.004148296554081
Provision_PT_838_Security_Camera,30,2,8099,soft_mean_scale,0.9044651199999999,0.7010854271356783,0.2866,1.0,0.4650016676837886,1.5286649205247884
Provision_PT_838_Security_Camera,30,3,8222,shared_oas,0.8508991199999999,0.6353809045226131,0.3696,1.0,0.125,2.0794415416798357
Provision_PT_838_Security_Camera,30,3,8222,local_center_peer_scale,0.8411871999999998,0.6489467336683417,0.3296,1.0,0.125,2.0794415416798357
Provision_PT_838_Security_Camera,30,3,8222,soft_mean,0.83549316,0.6219457286432161,0.3276,1.0,0.21885462722663895,1.9741418054301292
Provision_PT_838_Security_Camera,30,3,8222,soft_mean_scale,0.81135728,0.5006854271356784,0.3032,0.787,0.6606040118379726,1.0431465617574767
Provision_PT_838_Security_Camera,30,4,4372,shared_oas,0.99952292,0.9760261306532664,0.001,0.9828,0.125,2.0794415416798357
Provision_PT_838_Security_Camera,30,4,4372,local_center_peer_scale,0.99924536,0.9636984924623115,0.0012,0.8486,0.125,2.0794415416798357
Provision_PT_838_Security_Camera,30,4,4372,soft_mean,0.99915544,0.9593145728643215,0.002,0.9796,0.3669612797027849,1.7639967089698507
Provision_PT_838_Security_Camera,30,4,4372,soft_mean_scale,0.9991545199999999,0.9591999999999999,0.0022,0.9934,0.5106786396868263,1.5547359497569802
Provision_PT_838_Security_Camera,30,5,4354,shared_oas,0.99989564,0.9947678391959798,0.0,0.0,0.125,2.0794415416798357
Provision_PT_838_Security_Camera,30,5,4354,local_center_peer_scale,0.9999235599999999,0.9966211055276382,0.0,0.0,0.125,2.0794415416798357
Provision_PT_838_Security_Camera,30,5,4354,soft_mean,0.999891,0.9950311557788944,0.0,0.0,0.227299781700716,1.9771556676112227
Provision_PT_838_Security_Camera,30,5,4354,soft_mean_scale,0.9998429999999999,0.9927979899497488,0.0,0.0,0.33783663917618967,1.8729932520541996
Provision_PT_838_Security_Camera,30,6,44158,shared_oas,0.9996136400000001,0.9805849246231155,0.0024,1.0,0.125,2.0794415416798357
Provision_PT_838_Security_Camera,30,6,44158,local_center_peer_scale,0.99915816,0.9578592964824121,0.0,0.0,0.125,2.0794415416798357
Provision_PT_838_Security_Camera,30,6,44158,soft_mean,0.9990865999999999,0.9542613065326633,0.0004,0.5936,0.5043263030983973,1.4957475397925395
Provision_PT_838_Security_Camera,30,6,44158,soft_mean_scale,0.99907852,0.9538552763819095,0.0008,0.6052,0.5610833937415648,1.4189848212942773
Provision_PT_838_Security_Camera,30,7,428,shared_oas,0.9995801999999999,0.9790030150753769,0.0,0.6718,0.125,2.0794415416798357
Provision_PT_838_Security_Camera,30,7,428,local_center_peer_scale,0.9948424,0.8726834170854272,0.0,0.0,0.125,2.0794415416798357
Provision_PT_838_Security_Camera,30,7,428,soft_mean,0.994255,0.8496944723618091,0.0,0.0,0.2567979580237268,1.9564603171466968
Provision_PT_838_Security_Camera,30,7,428,soft_mean_scale,0.9931114399999998,0.821175879396985,0.0,0.0,0.3902527183298967,1.6659677179377217
Provision_PT_838_Security_Camera,30,8,40333,shared_oas,0.93718116,0.7199879396984925,0.0906,0.7088,0.125,2.0794415416798357
Provision_PT_838_Security_Camera,30,8,40333,local_center_peer_scale,0.9218062800000001,0.7138773869346734,0.0952,0.5892,0.125,2.0794415416798357
Provision_PT_838_Security_Camera,30,8,40333,soft_mean,0.9146819199999999,0.6988562814070352,0.0616,0.448,0.1851343433741228,2.0314509830545195
Provision_PT_838_Security_Camera,30,8,40333,soft_mean_scale,0.9106819999999999,0.6892502512562814,0.0,0.0,0.3251951053430888,1.815490882158655
Provision_PT_838_Security_Camera,30,9,46470,shared_oas,0.8611138800000001,0.5480060301507538,0.3436,1.0,0.125,2.0794415416798357
Provision_PT_838_Security_Camera,30,9,46470,local_center_peer_scale,0.8129011199999999,0.4978492462311558,0.3464,1.0,0.125,2.0794415416798357
Provision_PT_838_Security_Camera,30,9,46470,soft_mean,0.79070484,0.49748743718592964,0.3538,1.0,0.22026059034575304,1.948764827146683
Provision_PT_838_Security_Camera,30,9,46470,soft_mean_scale,0.7518273199999999,0.49748743718592964,0.3502,1.0,0.8935445689673742,0.3736635610041755
Provision_PT_838_Security_Camera,30,10,35576,shared_oas,0.8928752799999999,0.5118110552763819,0.3074,1.0,0.125,2.0794415416798357
Provision_PT_838_Security_Camera,30,10,35576,local_center_peer_scale,0.8879548399999999,0.5091075376884422,0.3016,1.0,0.125,2.0794415416798357
Provision_PT_838_Security_Camera,30,10,35576,soft_mean,0.8741992399999999,0.49748743718592964,0.3026,1.0,0.1964537925136,2.00567525979258
Provision_PT_838_Security_Camera,30,10,35576,soft_mean_scale,0.7825803199999999,0.49748743718592964,0.3086,1.0,0.6404804149078649,1.0074513280381643
Provision_PT_838_Security_Camera,30,11,53700,shared_oas,0.99963352,0.9815839195979899,0.0016,0.998,0.125,2.0794415416798357
Provision_PT_838_Security_Camera,30,11,53700,local_center_peer_scale,0.9982839600000001,0.9376402010050251,0.0016,0.9544,0.125,2.0794415416798357
Provision_PT_838_Security_Camera,30,11,53700,soft_mean,0.9984385600000001,0.9394251256281407,0.0226,0.9962,0.3425904684566246,1.7549401363918202
Provision_PT_838_Security_Camera,30,11,53700,soft_mean_scale,0.9986064,0.945851256281407,0.0234,0.9998,0.5003356762963147,1.5553813793269118
Provision_PT_838_Security_Camera,30,12,18840,shared_oas,0.92415596,0.6259477386934673,0.3162,1.0,0.125,2.0794415416798357
Provision_PT_838_Security_Camera,30,12,18840,local_center_peer_scale,0.91674948,0.6330211055276382,0.3098,1.0,0.125,2.0794415416798357
Provision_PT_838_Security_Camera,30,12,18840,soft_mean,0.8944976,0.6110934673366835,0.3098,1.0,0.20135383721361377,1.9981170234872576
Provision_PT_838_Security_Camera,30,12,18840,soft_mean_scale,0.84247056,0.49870150753768844,0.3108,1.0,0.5427546161968791,1.2681668694685697
Provision_PT_838_Security_Camera,30,13,48958,shared_oas,0.9996624000000001,0.983035175879397,0.002,0.9994,0.125,2.0794415416798357
Provision_PT_838_Security_Camera,30,13,48958,local_center_peer_scale,0.99818944,0.9337105527638191,0.0,0.0,0.125,2.0794415416798357
Provision_PT_838_Security_Camera,30,13,48958,soft_mean,0.9984519199999999,0.9356643216080403,0.0012,0.5036,0.39361758975027217,1.6530365713028825
Provision_PT_838_Security_Camera,30,13,48958,soft_mean_scale,0.9986226,0.9429125628140704,0.0014,0.7828,0.5598730697991859,1.4283255241402848
Provision_PT_838_Security_Camera,30,14,35248,shared_oas,0.8602181999999998,0.49748743718592964,0.3298,1.0,0.125,2.0794415416798357
Provision_PT_838_Security_Camera,30,14,35248,local_center_peer_scale,0.81644716,0.49748743718592964,0.3096,1.0,0.125,2.0794415416798357
Provision_PT_838_Security_Camera,30,14,35248,soft_mean,0.7862760799999999,0.49748743718592964,0.3132,1.0,0.2120432110623276,1.9613479167806025
Provision_PT_838_Security_Camera,30,14,35248,soft_mean_scale,0.74214092,0.49748743718592964,0.3284,0.7956,0.8942386463092016,0.39397044865841324
Provision_PT_838_Security_Camera,30,15,11200,shared_oas,0.98184288,0.725019095477387,0.0,0.0,0.125,2.0794415416798357
Provision_PT_838_Security_Camera,30,15,11200,local_center_peer_scale,0.99349128,0.8078251256281407,0.0,0.0,0.125,2.0794415416798357
Provision_PT_838_Security_Camera,30,15,11200,soft_mean,0.9953886,0.8692743718592966,0.0,0.0,0.26802985214511293,1.9337808124508462
Provision_PT_838_Security_Camera,30,15,11200,soft_mean_scale,0.99738448,0.9102592964824121,0.0,0.0,0.30715966334667183,1.8714331729173153
Provision_PT_838_Security_Camera,30,16,13807,shared_oas,0.9252551199999999,0.6949889447236182,0.0898,0.564,0.125,2.0794415416798357
Provision_PT_838_Security_Camera,30,16,13807,local_center_peer_scale,0.91387064,0.7048402010050251,0.0764,0.4436,0.125,2.0794415416798357
Provision_PT_838_Security_Camera,30,16,13807,soft_mean,0.90761136,0.693553768844221,0.0132,0.411,0.18756322856100383,2.0217170289488022
Provision_PT_838_Security_Camera,30,16,13807,soft_mean_scale,0.90325336,0.6830050251256281,0.0,0.0,0.42452328775987863,1.6614309369239182
Provision_PT_838_Security_Camera,30,17,37937,shared_oas,0.8989353999999998,0.5002713567839197,0.3132,1.0,0.125,2.0794415416798357
Provision_PT_838_Security_Camera,30,17,37937,local_center_peer_scale,0.88244544,0.49761005025125626,0.3104,1.0,0.125,2.0794415416798357
Provision_PT_838_Security_Camera,30,17,37937,soft_mean,0.8730731599999999,0.49748743718592964,0.312,1.0,0.1633250950220722,2.0594575809187017
Provision_PT_838_Security_Camera,30,17,37937,soft_mean_scale,0.79915804,0.49748743718592964,0.3202,1.0,0.5098793647984335,1.3406761647782115
Provision_PT_838_Security_Camera,30,18,62850,shared_oas,0.8905543600000001,0.6174412060301507,0.3214,1.0,0.125,2.0794415416798357
Provision_PT_838_Security_Camera,30,18,62850,local_center_peer_scale,0.88189964,0.6223718592964824,0.3062,1.0,0.125,2.0794415416798357
Provision_PT_838_Security_Camera,30,18,62850,soft_mean,0.8723662799999999,0.6036120603015075,0.3066,1.0,0.21835155618394148,2.002289474411774
Provision_PT_838_Security_Camera,30,18,62850,soft_mean_scale,0.8069310000000001,0.49748743718592964,0.2886,0.7952,0.6131975927246988,1.0476197955608544
Provision_PT_838_Security_Camera,30,19,25741,shared_oas,0.83971744,0.49748743718592964,0.3886,1.0,0.125,2.0794415416798357
Provision_PT_838_Security_Camera,30,19,25741,local_center_peer_scale,0.8113791199999999,0.49748743718592964,0.3712,1.0,0.125,2.0794415416798357
Provision_PT_838_Security_Camera,30,19,25741,soft_mean,0.7741032800000001,0.49748743718592964,0.3836,1.0,0.22766649229053462,1.932650704115538
Provision_PT_838_Security_Camera,30,19,25741,soft_mean_scale,0.71531544,0.49748743718592964,0.379,1.0,0.8996953317093864,0.35522345675574457
Provision_PT_838_Security_Camera,30,20,52189,shared_oas,0.9513295600000001,0.6911738693467336,0.1774,0.9982,0.125,2.0794415416798357
Provision_PT_838_Security_Camera,30,20,52189,local_center_peer_scale,0.92625376,0.6845708542713568,0.1584,0.7848,0.125,2.0794415416798357
Provision_PT_838_Security_Camera,30,20,52189,soft_mean,0.91712284,0.6672020100502513,0.1522,0.7832,0.18307840988754845,2.0145294604844786
Provision_PT_838_Security_Camera,30,20,52189,soft_mean_scale,0.90789344,0.659732663316583,0.0098,0.3556,0.3545898183455465,1.745090461827119
Provision_PT_838_Security_Camera,30,21,48757,shared_oas,0.9182532,0.7201728643216081,0.0324,0.4512,0.125,2.0794415416798357
Provision_PT_838_Security_Camera,30,21,48757,local_center_peer_scale,0.9070005600000001,0.7120100502512563,0.0062,0.4292,0.125,2.0794415416798357
Provision_PT_838_Security_Camera,30,21,48757,soft_mean,0.9023256,0.7077045226130654,0.0,0.416,0.19752920860475134,1.9973988756041725
Provision_PT_838_Security_Camera,30,21,48757,soft_mean_scale,0.8951436,0.7072723618090452,0.0,0.0,0.4675238515327781,1.5298949705786067
Provision_PT_838_Security_Camera,30,22,20849,shared_oas,0.8379956799999999,0.49748743718592964,0.3368,1.0,0.125,2.0794415416798357
Provision_PT_838_Security_Camera,30,22,20849,local_center_peer_scale,0.79355884,0.49748743718592964,0.3022,0.9996,0.125,2.0794415416798357
Provision_PT_838_Security_Camera,30,22,20849,soft_mean,0.76742928,0.49748743718592964,0.3034,0.9994,0.22794221738697276,1.9435342995627498
Provision_PT_838_Security_Camera,30,22,20849,soft_mean_scale,0.731621,0.49748743718592964,0.3064,0.7928,0.7971228275384012,0.6366197403678022
Provision_PT_838_Security_Camera,30,23,29661,shared_oas,0.8805763600000001,0.5939376884422111,0.3126,1.0,0.125,2.0794415416798357
Provision_PT_838_Security_Camera,30,23,29661,local_center_peer_scale,0.8748969999999999,0.5945185929648241,0.3016,1.0,0.125,2.0794415416798357
Provision_PT_838_Security_Camera,30,23,29661,soft_mean,0.86384192,0.5093467336683417,0.3018,1.0,0.20614486829502837,1.9889070465364056
Provision_PT_838_Security_Camera,30,23,29661,soft_mean_scale,0.7863923199999998,0.49748743718592964,0.297,1.0,0.6644056916735462,0.9700783805513964
Provision_PT_838_Security_Camera,30,24,55813,shared_oas,0.99977188,0.9885366834170854,0.1228,1.0,0.125,2.0794415416798357
Provision_PT_838_Security_Camera,30,24,55813,local_center_peer_scale,0.99935896,0.9712281407035176,0.5238,1.0,0.125,2.0794415416798357
Provision_PT_838_Security_Camera,30,24,55813,soft_mean,0.99918552,0.9636783919597989,0.5272,1.0,0.4129702840663492,1.6265025005496092
Provision_PT_838_Security_Camera,30,24,55813,soft_mean_scale,0.99915368,0.9631457286432161,0.5938,1.0,0.5571099962461202,1.426993365133205
Provision_PT_838_Security_Camera,30,25,47360,shared_oas,0.9075146,0.633678391959799,0.3516,1.0,0.125,2.0794415416798357
Provision_PT_838_Security_Camera,30,25,47360,local_center_peer_scale,0.8970764,0.6391135678391959,0.3158,1.0,0.125,2.0794415416798357
Provision_PT_838_Security_Camera,30,25,47360,soft_mean,0.8848202399999998,0.6199457286432161,0.3124,1.0,0.21543072359500892,1.9678339630385335
Provision_PT_838_Security_Camera,30,25,47360,soft_mean_scale,0.8154494800000001,0.49847035175879395,0.2968,1.0,0.6647541089936845,1.0035398749877797
Provision_PT_838_Security_Camera,30,26,57681,shared_oas,0.9605497999999999,0.8102412060301507,0.009,0.6714,0.125,2.0794415416798357
Provision_PT_838_Security_Camera,30,26,57681,local_center_peer_scale,0.9438698400000001,0.7134653266331659,0.0,0.3848,0.125,2.0794415416798357
Provision_PT_838_Security_Camera,30,26,57681,soft_mean,0.94200156,0.7127919597989949,0.0,0.2404,0.18273162836482965,2.011963330978114
Provision_PT_838_Security_Camera,30,26,57681,soft_mean_scale,0.93430864,0.7093266331658292,0.0,0.0,0.41696278137589343,1.6363965966343614
Provision_PT_838_Security_Camera,30,27,14078,shared_oas,0.82946028,0.49755175879396984,0.7494,1.0,0.125,2.0794415416798357
Provision_PT_838_Security_Camera,30,27,14078,local_center_peer_scale,0.7986233999999999,0.4997246231155779,0.6692,1.0,0.125,2.0794415416798357
Provision_PT_838_Security_Camera,30,27,14078,soft_mean,0.7728085199999999,0.49748743718592964,0.6658,1.0,0.235932725386342,1.9209636209562717
Provision_PT_838_Security_Camera,30,27,14078,soft_mean_scale,0.7424103999999999,0.49748743718592964,0.719,1.0,0.9244503359503689,0.29941159735123024
Provision_PT_838_Security_Camera,30,28,15600,shared_oas,0.8308044000000001,0.6151376884422111,0.4152,1.0,0.125,2.0794415416798357
Provision_PT_838_Security_Camera,30,28,15600,local_center_peer_scale,0.83018952,0.6282753768844221,0.317,0.7994,0.125,2.0794415416798357
Provision_PT_838_Security_Camera,30,28,15600,soft_mean,0.8235063200000001,0.6005628140703517,0.3124,0.7994,0.21822847289109792,1.9778051077408525
Provision_PT_838_Security_Camera,30,28,15600,soft_mean_scale,0.790924,0.49748743718592964,0.2986,0.7588,0.6275144768670224,1.017142675292226
Provision_PT_838_Security_Camera,30,29,34142,shared_oas,0.9998686,0.9933969849246231,0.0016,0.9994,0.125,2.0794415416798357
Provision_PT_838_Security_Camera,30,29,34142,local_center_peer_scale,0.99961888,0.9808482412060302,0.0,0.0,0.125,2.0794415416798357
Provision_PT_838_Security_Camera,30,29,34142,soft_mean,0.9995290400000001,0.9765668341708543,0.0,0.3432,0.34973518208873516,1.763964692013269
Provision_PT_838_Security_Camera,30,29,34142,soft_mean_scale,0.99951496,0.9760844221105528,0.0004,0.5904,0.4945494641369272,1.5847043950770132
Provision_PT_838_Security_Camera,100,0,60932,shared_oas,0.91481192,0.699867336683417,0.1352,0.7478,0.125,2.0794415416798357
Provision_PT_838_Security_Camera,100,0,60932,local_center_peer_scale,0.89396108,0.6999899497487437,0.191,0.7794,0.125,2.0794415416798357
Provision_PT_838_Security_Camera,100,0,60932,soft_mean,0.88928448,0.6996402010050251,0.1704,0.7252,0.20291687388661261,1.988019886017427
Provision_PT_838_Security_Camera,100,0,60932,soft_mean_scale,0.87749876,0.698870351758794,0.0192,0.402,0.5393562962843621,1.3801112095649803
Provision_PT_838_Security_Camera,100,1,46430,shared_oas,0.9701134,0.6939678391959799,0.0,0.2308,0.125,2.0794415416798357
Provision_PT_838_Security_Camera,100,1,46430,local_center_peer_scale,0.9684896799999999,0.6782211055276381,0.0,0.2804,0.125,2.0794415416798357
Provision_PT_838_Security_Camera,100,1,46430,soft_mean,0.9679503999999999,0.6722874371859296,0.0,0.2138,0.18865091105801288,2.0121934107043766
Provision_PT_838_Security_Camera,100,1,46430,soft_mean_scale,0.96788848,0.6661165829145728,0.0,0.0,0.302445689191364,1.7910971522629313
Provision_PT_838_Security_Camera,100,2,50212,shared_oas,0.9989588399999999,0.9476804020100502,0.004,1.0,0.125,2.0794415416798357
Provision_PT_838_Security_Camera,100,2,50212,local_center_peer_scale,0.9988358,0.941497487437186,0.0,0.0,0.125,2.0794415416798357
Provision_PT_838_Security_Camera,100,2,50212,soft_mean,0.99864316,0.9318170854271357,0.0,0.0,0.4902679728735148,1.5702580228088812
Provision_PT_838_Security_Camera,100,2,50212,soft_mean_scale,0.9985301999999999,0.9261407035175879,0.0,0.0,0.7121376892602627,1.0893837763165508
Provision_PT_838_Security_Camera,100,3,1204,shared_oas,0.99966948,0.9833909547738694,0.0004,0.609,0.125,2.0794415416798357
Provision_PT_838_Security_Camera,100,3,1204,local_center_peer_scale,0.99958748,0.979270351758794,0.0,0.5846,0.125,2.0794415416798357
Provision_PT_838_Security_Camera,100,3,1204,soft_mean,0.999565,0.978140703517588,0.0004,0.6504,0.29586610167642596,1.9105732664642212
Provision_PT_838_Security_Camera,100,3,1204,soft_mean_scale,0.99955848,0.9778130653266331,0.0008,0.7026,0.49815129016945686,1.6031124014142195
Provision_PT_838_Security_Camera,100,4,37709,shared_oas,0.99909972,0.9549447236180906,0.0002,0.2862,0.125,2.0794415416798357
Provision_PT_838_Security_Camera,100,4,37709,local_center_peer_scale,0.9985782000000001,0.9286592964824121,0.0002,0.2248,0.125,2.0794415416798357
Provision_PT_838_Security_Camera,100,4,37709,soft_mean,0.99874484,0.9369527638190954,0.0002,0.2186,0.19224040185785815,2.022401698529943
Provision_PT_838_Security_Camera,100,4,37709,soft_mean_scale,0.99936136,0.9679075376884422,0.0,0.2032,0.3240591959045899,1.8735696362778247
Provision_PT_838_Security_Camera,100,5,9307,shared_oas,0.99903164,0.9513386934673367,0.6126,1.0,0.125,2.0794415416798357
Provision_PT_838_Security_Camera,100,5,9307,local_center_peer_scale,0.99882156,0.941772864321608,0.75,1.0,0.125,2.0794415416798357
Provision_PT_838_Security_Camera,100,5,9307,soft_mean,0.9987697600000001,0.9407115577889447,0.77,1.0,0.30663932462562615,1.8816873428586405
Provision_PT_838_Security_Camera,100,5,9307,soft_mean_scale,0.9988142,0.9431758793969849,0.7696,1.0,0.5093790092164018,1.5617315453815102
Provision_PT_838_Security_Camera,100,6,21654,shared_oas,0.99962328,0.9810693467336684,0.0,0.0,0.125,2.0794415416798357
Provision_PT_838_Security_Camera,100,6,21654,local_center_peer_scale,0.99952344,0.9760522613065328,0.0,0.0,0.125,2.0794415416798357
Provision_PT_838_Security_Camera,100,6,21654,soft_mean,0.9995734,0.9785628140703517,0.0,0.0,0.2633731205503952,1.9865602758511474
Provision_PT_838_Security_Camera,100,6,21654,soft_mean_scale,0.99962972,0.9813929648241206,0.0,0.0,0.49144776086401687,1.640530862173554
Provision_PT_838_Security_Camera,100,7,26953,shared_oas,0.999025,0.9510050251256281,0.509,1.0,0.125,2.0794415416798357
Provision_PT_838_Security_Camera,100,7,26953,local_center_peer_scale,0.9992502,0.9625829145728644,0.7266,1.0,0.125,2.0794415416798357
Provision_PT_838_Security_Camera,100,7,26953,soft_mean,0.99921592,0.9609909547738693,0.7642,1.0,0.2995532802033491,1.8780109687070956
Provision_PT_838_Security_Camera,100,7,26953,soft_mean_scale,0.99924236,0.9625628140703517,0.7954,1.0,0.5009148816541502,1.5979746895904179
Provision_PT_838_Security_Camera,100,8,18677,shared_oas,0.99920444,0.9600221105527639,0.0,0.0,0.125,2.0794415416798357
Provision_PT_838_Security_Camera,100,8,18677,local_center_peer_scale,0.99922096,0.9608522613065327,0.0,0.0,0.125,2.0794415416798357
Provision_PT_838_Security_Camera,100,8,18677,soft_mean,0.99922552,0.9610814070351759,0.0,0.0,0.21522990801030456,2.02328897359218
Provision_PT_838_Security_Camera,100,8,18677,soft_mean_scale,0.99923916,0.9617668341708543,0.0,0.0,0.39584060003163407,1.8109882085083298
Provision_PT_838_Security_Camera,100,9,40844,shared_oas,0.99901544,0.9505246231155778,0.0414,1.0,0.125,2.0794415416798357
Provision_PT_838_Security_Camera,100,9,40844,local_center_peer_scale,0.99910056,0.9548020100502512,0.031,1.0,0.125,2.0794415416798357
Provision_PT_838_Security_Camera,100,9,40844,soft_mean,0.99907696,0.9536160804020101,0.0418,1.0,0.2609486077374329,1.9213712152713889
Provision_PT_838_Security_Camera,100,9,40844,soft_mean_scale,0.99901364,0.9504341708542714,0.0518,1.0,0.442302376511575,1.709925652018402
Provision_PT_838_Security_Camera,100,10,11893,shared_oas,0.99975904,0.9878914572864321,0.0526,1.0,0.125,2.0794415416798357
Provision_PT_838_Security_Camera,100,10,11893,local_center_peer_scale,0.9997923599999999,0.9901949748743719,0.2982,1.0,0.125,2.0794415416798357
Provision_PT_838_Security_Camera,100,10,11893,soft_mean,0.99974836,0.9882552763819096,0.3958,1.0,0.3106862227666956,1.8762844893903403
Provision_PT_838_Security_Camera,100,10,11893,soft_mean_scale,0.99976268,0.9890773869346734,0.4684,1.0,0.5033817798134488,1.5808477512496464
Provision_PT_838_Security_Camera,100,11,4572,shared_oas,0.8496726400000001,0.6875336683417085,0.2396,0.7272,0.125,2.0794415416798357
Provision_PT_838_Security_Camera,100,11,4572,local_center_peer_scale,0.846287,0.6999798994974875,0.252,0.7086,0.125,2.0794415416798357
Provision_PT_838_Security_Camera,100,11,4572,soft_mean,0.8429090800000001,0.6797809045226131,0.2464,0.5692,0.20673983517203623,1.9897837270756704
Provision_PT_838_Security_Camera,100,11,4572,soft_mean_scale,0.8337551200000001,0.6370211055276382,0.1128,0.4146,0.5873778781947874,1.252205907971216
Provision_PT_838_Security_Camera,100,12,18195,shared_oas,0.79386544,0.49748743718592964,0.3568,1.0,0.125,2.0794415416798357
Provision_PT_838_Security_Camera,100,12,18195,local_center_peer_scale,0.80013924,0.49748743718592964,0.3134,1.0,0.125,2.0794415416798357
Provision_PT_838_Security_Camera,100,12,18195,soft_mean,0.7904956399999999,0.49748743718592964,0.3082,1.0,0.23107960481588039,1.9387988296955039
Provision_PT_838_Security_Camera,100,12,18195,soft_mean_scale,0.75736256,0.49748743718592964,0.2982,0.5474,0.7572341545694257,0.7225536389331686
Provision_PT_838_Security_Camera,100,13,37302,shared_oas,0.9998767999999999,0.9938090452261306,0.0018,0.9998,0.125,2.0794415416798357
Provision_PT_838_Security_Camera,100,13,37302,local_center_peer_scale,0.99987612,0.9937748743718593,0.0,0.0,0.125,2.0794415416798357
Provision_PT_838_Security_Camera,100,13,37302,soft_mean,0.9999013999999999,0.9950452261306533,0.0,0.0,0.31238143948162733,1.9082277462372281
Provision_PT_838_Security_Camera,100,13,37302,soft_mean_scale,0.99993488,0.9967276381909548,0.0,0.0,0.5360028030665739,1.523085804519099
Provision_PT_838_Security_Camera,100,14,5171,shared_oas,0.9995114399999999,0.9754492462311557,0.5958,1.0,0.125,2.0794415416798357
Provision_PT_838_Security_Camera,100,14,5171,local_center_peer_scale,0.99948404,0.9743336683417085,0.7472,1.0,0.125,2.0794415416798357
Provision_PT_838_Security_Camera,100,14,5171,soft_mean,0.99941448,0.9712120603015075,0.7456,1.0,0.2680851156771545,1.9173857103487493
Provision_PT_838_Security_Camera,100,14,5171,soft_mean_scale,0.99935648,0.968878391959799,0.7524,1.0,0.44494326285769475,1.69399859788046
Provision_PT_838_Security_Camera,100,15,33309,shared_oas,0.9990422,0.9518693467336683,0.2936,1.0,0.125,2.0794415416798357
Provision_PT_838_Security_Camera,100,15,33309,local_center_peer_scale,0.99919048,0.9593206030150754,0.2546,1.0,0.125,2.0794415416798357
Provision_PT_838_Security_Camera,100,15,33309,soft_mean,0.9991133600000001,0.9554452261306533,0.2906,1.0,0.31506941302407826,1.8661492093025873
Provision_PT_838_Security_Camera,100,15,33309,soft_mean_scale,0.99909064,0.9543035175879397,0.3348,1.0,0.5283707602662595,1.544611575538593
Provision_PT_838_Security_Camera,100,16,59201,shared_oas,0.9996282000000001,0.9813165829145729,0.2144,1.0,0.125,2.0794415416798357
Provision_PT_838_Security_Camera,100,16,59201,local_center_peer_scale,0.9989132000000001,0.9572904522613066,0.7116,1.0,0.125,2.0794415416798357
Provision_PT_838_Security_Camera,100,16,59201,soft_mean,0.99803604,0.9361185929648241,0.7036,1.0,0.554440990868853,1.3832553625017967
Provision_PT_838_Security_Camera,100,16,59201,soft_mean_scale,0.99781152,0.9312140703517587,0.7032,1.0,0.6802953441709959,1.1283774121341292
Provision_PT_838_Security_Camera,100,17,46869,shared_oas,0.99970288,0.9850693467336684,0.0108,1.0,0.125,2.0794415416798357
Provision_PT_838_Security_Camera,100,17,46869,local_center_peer_scale,0.99701816,0.9239417085427135,0.0002,0.559,0.125,2.0794415416798357
Provision_PT_838_Security_Camera,100,17,46869,soft_mean,0.9971808,0.9262391959798995,0.0226,0.9306,0.7216132748551757,1.0052155184922031
Provision_PT_838_Security_Camera,100,17,46869,soft_mean_scale,0.9972458799999999,0.92881608040201,0.0228,0.9632,0.7694773812414653,0.8837969224421787
Provision_PT_838_Security_Camera,100,18,20480,shared_oas,0.8616778400000003,0.5967336683417086,0.4472,1.0,0.125,2.0794415416798357
Provision_PT_838_Security_Camera,100,18,20480,local_center_peer_scale,0.86006168,0.597772864321608,0.4418,1.0,0.125,2.0794415416798357
Provision_PT_838_Security_Camera,100,18,20480,soft_mean,0.84641844,0.5799155778894473,0.4416,1.0,0.20468989158848128,1.9997160264311964
Provision_PT_838_Security_Camera,100,18,20480,soft_mean_scale,0.8073641599999999,0.49748743718592964,0.3866,1.0,0.5324968747485155,1.2807501089666746
Provision_PT_838_Security_Camera,100,19,51643,shared_oas,0.9995611600000001,0.9779477386934673,0.0018,1.0,0.125,2.0794415416798357
Provision_PT_838_Security_Camera,100,19,51643,local_center_peer_scale,0.99712816,0.9201748743718594,0.0,0.0838,0.125,2.0794415416798357
Provision_PT_838_Security_Camera,100,19,51643,soft_mean,0.99700532,0.9199477386934674,0.0016,0.8804,0.6144149672152154,1.252447347193043
Provision_PT_838_Security_Camera,100,19,51643,soft_mean_scale,0.9970856,0.9235658291457287,0.0018,0.8852,0.7215699489141875,1.025347881803544
Provision_PT_838_Security_Camera,100,20,56105,shared_oas,0.8025294399999999,0.49748743718592964,0.342,1.0,0.125,2.0794415416798357
Provision_PT_838_Security_Camera,100,20,56105,local_center_peer_scale,0.80233684,0.49748743718592964,0.3198,1.0,0.125,2.0794415416798357
Provision_PT_838_Security_Camera,100,20,56105,soft_mean,0.7928142799999999,0.49748743718592964,0.3124,1.0,0.22791938826550845,1.947817906470359
Provision_PT_838_Security_Camera,100,20,56105,soft_mean_scale,0.7501978,0.49748743718592964,0.301,0.7324,0.800033780951256,0.6328771895058934
Provision_PT_838_Security_Camera,100,21,37100,shared_oas,0.80202628,0.49748743718592964,0.3362,1.0,0.125,2.0794415416798357
Provision_PT_838_Security_Camera,100,21,37100,local_center_peer_scale,0.8064720799999999,0.49748743718592964,0.3272,1.0,0.125,2.0794415416798357
Provision_PT_838_Security_Camera,100,21,37100,soft_mean,0.79257228,0.49748743718592964,0.314,1.0,0.23023876081753544,1.9405724231173462
Provision_PT_838_Security_Camera,100,21,37100,soft_mean_scale,0.7474318,0.49748743718592964,0.3012,0.7986,0.7742233796959591,0.6840460820224212
Provision_PT_838_Security_Camera,100,22,31046,shared_oas,0.99954692,0.977521608040201,0.0358,0.9998,0.125,2.0794415416798357
Provision_PT_838_Security_Camera,100,22,31046,local_center_peer_scale,0.99369304,0.7964482412060301,0.4138,1.0,0.125,2.0794415416798357
Provision_PT_838_Security_Camera,100,22,31046,soft_mean,0.9918336000000001,0.7404160804020101,0.5232,1.0,0.31085943258976323,1.907556251532923
Provision_PT_838_Security_Camera,100,22,31046,soft_mean_scale,0.99017708,0.6840562814070352,0.5376,1.0,0.520351163557707,1.5277404211261967
Provision_PT_838_Security_Camera,100,23,59634,shared_oas,0.8103909999999999,0.49748743718592964,0.5274,1.0,0.125,2.0794415416798357
Provision_PT_838_Security_Camera,100,23,59634,local_center_peer_scale,0.8141081200000001,0.49748743718592964,0.4958,1.0,0.125,2.0794415416798357
Provision_PT_838_Security_Camera,100,23,59634,soft_mean,0.80313804,0.49748743718592964,0.4962,1.0,0.21346062641152572,1.9780812240538872
Provision_PT_838_Security_Camera,100,23,59634,soft_mean_scale,0.7645404,0.49748743718592964,0.4838,1.0,0.6663790630837846,0.9387245527178159
Provision_PT_838_Security_Camera,100,24,39248,shared_oas,0.9998742,0.9936783919597989,0.0,0.0002,0.125,2.0794415416798357
Provision_PT_838_Security_Camera,100,24,39248,local_center_peer_scale,0.99988456,0.9941989949748744,0.0,0.0,0.125,2.0794415416798357
Provision_PT_838_Security_Camera,100,24,39248,soft_mean,0.99988732,0.994337688442211,0.0,0.0,0.2192748126918566,2.017061995317777
Provision_PT_838_Security_Camera,100,24,39248,soft_mean_scale,0.9998857600000001,0.9942592964824121,0.0,0.0,0.39286186402656637,1.8119515751069841
Provision_PT_838_Security_Camera,100,25,57814,shared_oas,0.99934176,0.9669226130653267,0.5594,1.0,0.125,2.0794415416798357
Provision_PT_838_Security_Camera,100,25,57814,local_center_peer_scale,0.99846988,0.9373226130653267,0.7534,1.0,0.125,2.0794415416798357
Provision_PT_838_Security_Camera,100,25,57814,soft_mean,0.99731752,0.9133929648241206,0.749,1.0,0.5831789096222698,1.3326495390951445
Provision_PT_838_Security_Camera,100,25,57814,soft_mean_scale,0.9968728,0.9073145728643215,0.7456,1.0,0.7135231868860958,1.0505572682174873
Provision_PT_838_Security_Camera,100,26,32711,shared_oas,0.99963136,0.9814753768844221,0.0044,1.0,0.125,2.0794415416798357
Provision_PT_838_Security_Camera,100,26,32711,local_center_peer_scale,0.99915936,0.9628000000000001,0.0,0.1938,0.125,2.0794415416798357
Provision_PT_838_Security_Camera,100,26,32711,soft_mean,0.99906428,0.9572944723618091,0.0012,0.6656,0.7364785782449836,0.9668310016590963
Provision_PT_838_Security_Camera,100,26,32711,soft_mean_scale,0.9990726,0.958281407035176,0.0012,0.6706,0.7526974761644754,0.9140826662461954
Provision_PT_838_Security_Camera,100,27,21745,shared_oas,0.99921236,0.9604201005025126,0.0024,0.999,0.125,2.0794415416798357
Provision_PT_838_Security_Camera,100,27,21745,local_center_peer_scale,0.99883644,0.9419939698492463,0.0,0.0,0.125,2.0794415416798357
Provision_PT_838_Security_Camera,100,27,21745,soft_mean,0.99880628,0.9405226130653266,0.0,0.0,0.4224486135563633,1.687726364141351
Provision_PT_838_Security_Camera,100,27,21745,soft_mean_scale,0.99885588,0.9428241206030151,0.0,0.0,0.6170064375475087,1.325619511129371
Provision_PT_838_Security_Camera,100,28,37960,shared_oas,0.8153956399999999,0.49748743718592964,0.3368,1.0,0.125,2.0794415416798357
Provision_PT_838_Security_Camera,100,28,37960,local_center_peer_scale,0.8241917200000001,0.5235698492462312,0.328,1.0,0.125,2.0794415416798357
Provision_PT_838_Security_Camera,100,28,37960,soft_mean,0.8115908399999999,0.49748743718592964,0.3216,1.0,0.22597709620309112,1.9490084186998224
Provision_PT_838_Security_Camera,100,28,37960,soft_mean_scale,0.77245952,0.49748743718592964,0.299,0.8114,0.7104959476127906,0.8240641617929798
Provision_PT_838_Security_Camera,100,29,38717,shared_oas,0.91005208,0.7067839195979899,0.1406,0.7118,0.125,2.0794415416798357
Provision_PT_838_Security_Camera,100,29,38717,local_center_peer_scale,0.88500596,0.7047698492462311,0.2018,0.7018,0.125,2.0794415416798357
Provision_PT_838_Security_Camera,100,29,38717,soft_mean,0.8829406800000001,0.7030452261306532,0.163,0.6626,0.2349951685792799,2.0088681246859603
Provision_PT_838_Security_Camera,100,29,38717,soft_mean_scale,0.8725208,0.6980402010050251,0.0,0.3748,0.40088394280503525,1.566184701338607
Provision_PT_838_Security_Camera,300,0,17716,shared_oas,0.9986313600000001,0.9312281407035177,0.0,0.0418,0.125,2.0794415416798357
Provision_PT_838_Security_Camera,300,0,17716,local_center_peer_scale,0.99813312,0.9062311557788945,0.0,0.0002,0.125,2.0794415416798357
Provision_PT_838_Security_Camera,300,0,17716,soft_mean,0.99854864,0.9270673366834172,0.0,0.038,0.25018036477347094,1.9762886622991824
Provision_PT_838_Security_Camera,300,0,17716,soft_mean_scale,0.99880152,0.9397748743718592,0.0,0.2014,0.4711344557547534,1.6693314503980097
Provision_PT_838_Security_Camera,300,1,3030,shared_oas,0.82965868,0.5992884422110553,0.3924,1.0,0.125,2.0794415416798357
Provision_PT_838_Security_Camera,300,1,3030,local_center_peer_scale,0.83268384,0.6112040201005025,0.412,1.0,0.125,2.0794415416798357
Provision_PT_838_Security_Camera,300,1,3030,soft_mean,0.8265806399999999,0.5970653266331658,0.3936,1.0,0.2190375677121304,1.9728782930285729
Provision_PT_838_Security_Camera,300,1,3030,soft_mean_scale,0.81575084,0.5924603015075377,0.3856,1.0,0.6112451896731845,1.178973116374908
Provision_PT_838_Security_Camera,300,2,1916,shared_oas,0.9992402800000001,0.9618231155778895,0.0238,1.0,0.125,2.0794415416798357
Provision_PT_838_Security_Camera,300,2,1916,local_center_peer_scale,0.9992636,0.9629949748743718,0.0148,1.0,0.125,2.0794415416798357
Provision_PT_838_Security_Camera,300,2,1916,soft_mean,0.99928412,0.9640261306532663,0.0166,1.0,0.2951606634457026,1.9169808302685356
Provision_PT_838_Security_Camera,300,2,1916,soft_mean_scale,0.99936668,0.9681748743718592,0.028,1.0,0.5327241966936388,1.5461654863861964
Provision_PT_838_Security_Camera,300,3,14624,shared_oas,0.8797865599999999,0.698705527638191,0.363,1.0,0.125,2.0794415416798357
Provision_PT_838_Security_Camera,300,3,14624,local_center_peer_scale,0.8731145199999999,0.7002472361809046,0.3684,1.0,0.125,2.0794415416798357
Provision_PT_838_Security_Camera,300,3,14624,soft_mean,0.8682788400000001,0.6995195979899498,0.3512,1.0,0.21757933413499647,1.9688661515802193
Provision_PT_838_Security_Camera,300,3,14624,soft_mean_scale,0.8516647200000002,0.6979175879396985,0.3282,1.0,0.6197987778584149,1.1654071519760407
Provision_PT_838_Security_Camera,300,4,17301,shared_oas,0.99527016,0.8783658291457286,0.0,0.0,0.125,2.0794415416798357
Provision_PT_838_Security_Camera,300,4,17301,local_center_peer_scale,0.99431868,0.8744060301507537,0.0,0.0,0.125,2.0794415416798357
Provision_PT_838_Security_Camera,300,4,17301,soft_mean,0.99472952,0.8770090452261307,0.0,0.0,0.3028379243939509,1.9471586285302882
Provision_PT_838_Security_Camera,300,4,17301,soft_mean_scale,0.99392872,0.874729648241206,0.0,0.0,0.565974859097949,1.49279073332341
Provision_PT_838_Security_Camera,300,5,30611,shared_oas,0.98561204,0.8926753768844221,0.0,0.0,0.125,2.0794415416798357
Provision_PT_838_Security_Camera,300,5,30611,local_center_peer_scale,0.8064089200000001,0.8662854271356784,0.0,0.0,0.125,2.0794415416798357
Provision_PT_838_Security_Camera,300,5,30611,soft_mean,0.8060351999999998,0.8736743718592965,0.0,0.0,0.3703668611431902,1.8277752133014922
Provision_PT_838_Security_Camera,300,5,30611,soft_mean_scale,0.80560008,0.875545728643216,0.0,0.0,0.5785933023980151,1.3803749863153434
Provision_PT_838_Security_Camera,300,6,47508,shared_oas,0.9989608,0.9477788944723617,0.0162,1.0,0.125,2.0794415416798357
Provision_PT_838_Security_Camera,300,6,47508,local_center_peer_scale,0.99878696,0.939043216080402,0.015,1.0,0.125,2.0794415416798357
Provision_PT_838_Security_Camera,300,6,47508,soft_mean,0.99839356,0.9192743718592966,0.0254,1.0,0.5699617626231122,1.412559726872948
Provision_PT_838_Security_Camera,300,6,47508,soft_mean_scale,0.99819604,0.909348743718593,0.0276,1.0,0.7906854623491593,0.8563899861192197
Provision_PT_838_Security_Camera,300,7,52501,shared_oas,0.9989638,0.947929648241206,0.0,0.0,0.125,2.0794415416798357
Provision_PT_838_Security_Camera,300,7,52501,local_center_peer_scale,0.99850736,0.9249929648241206,0.0,0.0,0.125,2.0794415416798357
Provision_PT_838_Security_Camera,300,7,52501,soft_mean,0.9984603599999999,0.9226311557788944,0.0,0.0,0.17936837079727097,2.0151433293674854
Provision_PT_838_Security_Camera,300,7,52501,soft_mean_scale,0.99854636,0.9269527638190954,0.0,0.0,0.21098915017372177,1.8703799035873212
Provision_PT_838_Security_Camera,300,8,57338,shared_oas,0.7494891200000001,0.49748743718592964,0.3614,1.0,0.125,2.0794415416798357
Provision_PT_838_Security_Camera,300,8,57338,local_center_peer_scale,0.75303224,0.49748743718592964,0.35,1.0,0.125,2.0794415416798357
Provision_PT_838_Security_Camera,300,8,57338,soft_mean,0.74549136,0.49748743718592964,0.3488,1.0,0.21009643533950165,1.9857697722269738
Provision_PT_838_Security_Camera,300,8,57338,soft_mean_scale,0.7064495599999999,0.49748743718592964,0.328,1.0,0.6153851744478013,1.0350228757807445
Provision_PT_838_Security_Camera,300,9,19473,shared_oas,0.99956576,0.9781788944723617,0.0,0.0,0.125,2.0794415416798357
Provision_PT_838_Security_Camera,300,9,19473,local_center_peer_scale,0.9990865200000001,0.9540964824120604,0.0,0.0,0.125,2.0794415416798357
Provision_PT_838_Security_Camera,300,9,19473,soft_mean,0.99908124,0.9538311557788944,0.0,0.0,0.1939972414320613,2.017260607533803
Provision_PT_838_Security_Camera,300,9,19473,soft_mean_scale,0.99885484,0.942454271356784,0.0,0.0,0.35003735241786466,1.8518488641644206
Provision_PT_838_Security_Camera,300,10,35562,shared_oas,0.9998184800000001,0.990878391959799,0.0258,1.0,0.125,2.0794415416798357
Provision_PT_838_Security_Camera,300,10,35562,local_center_peer_scale,0.9997582,0.9878492462311558,0.0006,0.7866,0.125,2.0794415416798357
Provision_PT_838_Security_Camera,300,10,35562,soft_mean,0.99984996,0.9924603015075377,0.0,0.6472,0.3341121655277369,1.8916626607374383
Provision_PT_838_Security_Camera,300,10,35562,soft_mean_scale,0.99993444,0.9967055276381909,0.0,0.6348,0.590230847388596,1.4211946544364666
Provision_PT_838_Security_Camera,300,11,30092,shared_oas,0.99961188,0.9804964824120603,0.319,1.0,0.125,2.0794415416798357
Provision_PT_838_Security_Camera,300,11,30092,local_center_peer_scale,0.999699,0.9848743718592965,0.3788,1.0,0.125,2.0794415416798357
Provision_PT_838_Security_Camera,300,11,30092,soft_mean,0.9997172,0.9857889447236181,0.3754,1.0,0.3966152187949644,1.7400843059139819
Provision_PT_838_Security_Camera,300,11,30092,soft_mean_scale,0.99971492,0.9856743718592964,0.3998,1.0,0.6393838413595667,1.2862105801052843
Provision_PT_838_Security_Camera,300,12,25453,shared_oas,0.84433928,0.6880884422110553,0.323,1.0,0.125,2.0794415416798357
Provision_PT_838_Security_Camera,300,12,25453,local_center_peer_scale,0.8393475600000001,0.7009346733668342,0.3244,1.0,0.125,2.0794415416798357
Provision_PT_838_Security_Camera,300,12,25453,soft_mean,0.8371513599999999,0.6919557788944724,0.3214,1.0,0.21314965468897934,1.9759920896534382
Provision_PT_838_Security_Camera,300,12,25453,soft_mean_scale,0.8316846,0.6605125628140703,0.3034,1.0,0.5777939615229245,1.2448150025476448
Provision_PT_838_Security_Camera,300,13,18913,shared_oas,0.9993656,0.9681206030150753,0.0,0.0,0.125,2.0794415416798357
Provision_PT_838_Security_Camera,300,13,18913,local_center_peer_scale,0.9991488,0.9572422110552764,0.0,0.0,0.125,2.0794415416798357
Provision_PT_838_Security_Camera,300,13,18913,soft_mean,0.9995126,0.9755075376884421,0.0,0.0,0.21914483853528846,2.007908732237816
Provision_PT_838_Security_Camera,300,13,18913,soft_mean_scale,0.99965,0.9824120603015074,0.0,0.0,0.4005199084856388,1.783277458013425
Provision_PT_838_Security_Camera,300,14,19417,shared_oas,0.99916488,0.9580341708542713,0.0,0.0,0.125,2.0794415416798357
Provision_PT_838_Security_Camera,300,14,19417,local_center_peer_scale,0.99889768,0.9446070351758795,0.0,0.0,0.125,2.0794415416798357
Provision_PT_838_Security_Camera,300,14,19417,soft_mean,0.99879476,0.9394351758793971,0.0,0.0,0.23565158692031798,1.9856712534366279
Provision_PT_838_Security_Camera,300,14,19417,soft_mean_scale,0.99868452,0.9338954773869348,0.0,0.0,0.4348411263820602,1.7303105044081182
Provision_PT_838_Security_Camera,300,15,47387,shared_oas,0.99937372,0.9685286432160803,0.0046,0.999,0.125,2.0794415416798357
Provision_PT_838_Security_Camera,300,15,47387,local_center_peer_scale,0.99934444,0.9670572864321608,0.0002,0.421,0.125,2.0794415416798357
Provision_PT_838_Security_Camera,300,15,47387,soft_mean,0.9986700000000001,0.9331658291457287,0.0,0.0494,0.39261511917160297,1.804592475580018
Provision_PT_838_Security_Camera,300,15,47387,soft_mean_scale,0.99772512,0.8856844221105529,0.0002,0.0526,0.6780685608381336,1.2011053823248983
Provision_PT_838_Security_Camera,300,16,16946,shared_oas,0.9987854399999999,0.9389668341708544,0.0,0.0,0.125,2.0794415416798357
Provision_PT_838_Security_Camera,300,16,16946,local_center_peer_scale,0.99860912,0.9301065326633167,0.0,0.0,0.125,2.0794415416798357
Provision_PT_838_Security_Camera,300,16,16946,soft_mean,0.99861716,0.930510552763819,0.0,0.0,0.21300920276432034,2.0017650640052973
Provision_PT_838_Security_Camera,300,16,16946,soft_mean_scale,0.99858024,0.9286552763819096,0.0,0.0,0.3899503109957638,1.786768140735889
Provision_PT_838_Security_Camera,300,17,37095,shared_oas,0.9993285199999999,0.9663175879396985,0.0,0.0,0.125,2.0794415416798357
Provision_PT_838_Security_Camera,300,17,37095,local_center_peer_scale,0.99891368,0.9454371859296482,0.0,0.0,0.125,2.0794415416798357
Provision_PT_838_Security_Camera,300,17,37095,soft_mean,0.9993848799999999,0.9690894472361808,0.0,0.0,0.20872083025301036,2.0068322878987885
Provision_PT_838_Security_Camera,300,17,37095,soft_mean_scale,0.99973764,0.9868160804020101,0.0,0.0,0.3769147751556575,1.805422913871825
Provision_PT_838_Security_Camera,300,18,35580,shared_oas,0.99963532,0.9816743718592965,0.0396,1.0,0.125,2.0794415416798357
Provision_PT_838_Security_Camera,300,18,35580,local_center_peer_scale,0.999602,0.98,0.017,1.0,0.125,2.0794415416798357
Provision_PT_838_Security_Camera,300,18,35580,soft_mean,0.99976424,0.9881527638190954,0.0066,1.0,0.35480616963978906,1.8569942130318284
Provision_PT_838_Security_Camera,300,18,35580,soft_mean_scale,0.9998276,0.9913366834170855,0.0064,1.0,0.614980263262579,1.3583843107085598
Provision_PT_838_Security_Camera,300,19,33151,shared_oas,0.99981568,0.990737688442211,0.044,1.0,0.125,2.0794415416798357
Provision_PT_838_Security_Camera,300,19,33151,local_center_peer_scale,0.99979896,0.9898974874371859,0.0374,1.0,0.125,2.0794415416798357
Provision_PT_838_Security_Camera,300,19,33151,soft_mean,0.99986432,0.9931819095477387,0.034,1.0,0.43464227995595184,1.692341240354454
Provision_PT_838_Security_Camera,300,19,33151,soft_mean_scale,0.9998666399999999,0.9932984924623115,0.0314,1.0,0.670290260493658,1.2010449971652395
Provision_PT_838_Security_Camera,300,20,2195,shared_oas,0.8240690800000001,0.605835175879397,0.1654,0.4092,0.125,2.0794415416798357
Provision_PT_838_Security_Camera,300,20,2195,local_center_peer_scale,0.8197664400000001,0.6048140703517588,0.1896,0.4102,0.125,2.0794415416798357
Provision_PT_838_Security_Camera,300,20,2195,soft_mean,0.8140886,0.5967457286432161,0.1606,0.4066,0.22044170672586247,1.9771233402798825
Provision_PT_838_Security_Camera,300,20,2195,soft_mean_scale,0.8077758399999999,0.5935738693467336,0.0,0.0,0.5812070407088064,1.2453362257623366
Provision_PT_838_Security_Camera,300,21,2073,shared_oas,0.9958562400000001,0.8784763819095478,0.0,0.0,0.125,2.0794415416798357
Provision_PT_838_Security_Camera,300,21,2073,local_center_peer_scale,0.99457796,0.8574954773869347,0.0,0.0,0.125,2.0794415416798357
Provision_PT_838_Security_Camera,300,21,2073,soft_mean,0.99468664,0.858824120603015,0.0,0.0,0.18383414328847505,2.012820689116613
Provision_PT_838_Security_Camera,300,21,2073,soft_mean_scale,0.99511408,0.8761547738693467,0.0,0.0,0.21781281358307744,1.8654882308845477
Provision_PT_838_Security_Camera,300,22,31452,shared_oas,0.8314785599999999,0.521105527638191,0.0,0.0,0.125,2.0794415416798357
Provision_PT_838_Security_Camera,300,22,31452,local_center_peer_scale,0.8123909999999999,0.521105527638191,0.0,0.0014,0.125,2.0794415416798357
Provision_PT_838_Security_Camera,300,22,31452,soft_mean,0.81418392,0.521105527638191,0.0,0.0,0.217626666399997,2.0035326782557186
Provision_PT_838_Security_Camera,300,22,31452,soft_mean_scale,0.8205254,0.521105527638191,0.0,0.0,0.2651783945540662,1.8122167269979577
Provision_PT_838_Security_Camera,300,23,46354,shared_oas,0.99951036,0.9753949748743719,0.0,0.0,0.125,2.0794415416798357
Provision_PT_838_Security_Camera,300,23,46354,local_center_peer_scale,0.99942428,0.9710693467336684,0.0,0.0,0.125,2.0794415416798357
Provision_PT_838_Security_Camera,300,23,46354,soft_mean,0.9993909599999999,0.9693949748743719,0.0,0.0,0.23783650684456217,1.997169266763009
Provision_PT_838_Security_Camera,300,23,46354,soft_mean_scale,0.9991016399999999,0.9548562814070352,0.0,0.0,0.4619003399789715,1.679724335212479
Provision_PT_838_Security_Camera,300,24,54023,shared_oas,0.90302484,0.678964824120603,0.2498,1.0,0.125,2.0794415416798357
Provision_PT_838_Security_Camera,300,24,54023,local_center_peer_scale,0.8961043200000001,0.6871819095477387,0.2542,1.0,0.125,2.0794415416798357
Provision_PT_838_Security_Camera,300,24,54023,soft_mean,0.89404296,0.6854190954773869,0.2468,1.0,0.2091513254479067,1.97924712214972
Provision_PT_838_Security_Camera,300,24,54023,soft_mean_scale,0.88850364,0.6830110552763818,0.2416,1.0,0.4775453694535639,1.4830705505450705
Provision_PT_838_Security_Camera,300,25,42558,shared_oas,0.99949776,0.9747618090452261,0.0,0.0,0.125,2.0794415416798357
Provision_PT_838_Security_Camera,300,25,42558,local_center_peer_scale,0.999205,0.9600502512562814,0.0,0.0,0.125,2.0794415416798357
Provision_PT_838_Security_Camera,300,25,42558,soft_mean,0.9990104399999999,0.9502733668341709,0.0,0.0,0.2709541960903115,1.9741852520886356
Provision_PT_838_Security_Camera,300,25,42558,soft_mean_scale,0.9988556,0.9424924623115578,0.0,0.0,0.5244181557811576,1.577641753718789
Provision_PT_838_Security_Camera,300,26,45317,shared_oas,0.9995106,0.9754070351758795,0.0,0.0,0.125,2.0794415416798357
Provision_PT_838_Security_Camera,300,26,45317,local_center_peer_scale,0.99953788,0.9767778894472363,0.0,0.0,0.125,2.0794415416798357
Provision_PT_838_Security_Camera,300,26,45317,soft_mean,0.99931756,0.9657065326633166,0.0,0.0,0.25590175368533385,1.9855826287668938
Provision_PT_838_Security_Camera,300,26,45317,soft_mean_scale,0.99899348,0.9494211055276383,0.0,0.0,0.49652132360635826,1.6305897895778974
Provision_PT_838_Security_Camera,300,27,46545,shared_oas,0.8771159599999999,0.6941306532663316,0.3848,1.0,0.125,2.0794415416798357
Provision_PT_838_Security_Camera,300,27,46545,local_center_peer_scale,0.8736812,0.697129648241206,0.4014,1.0,0.125,2.0794415416798357
Provision_PT_838_Security_Camera,300,27,46545,soft_mean,0.86707444,0.69678391959799,0.387,1.0,0.22130926704870937,1.96031882542091
Provision_PT_838_Security_Camera,300,27,46545,soft_mean_scale,0.85091116,0.6847195979899497,0.325,1.0,0.6282560337652449,1.127778565750373
Provision_PT_838_Security_Camera,300,28,43905,shared_oas,0.99848108,0.9236723618090452,0.0,0.0,0.125,2.0794415416798357
Provision_PT_838_Security_Camera,300,28,43905,local_center_peer_scale,0.99808032,0.9035336683417085,0.0,0.0,0.125,2.0794415416798357
Provision_PT_838_Security_Camera,300,28,43905,soft_mean,0.9980652799999999,0.9027778894472362,0.0,0.0,0.21208987287757916,2.012251598510499
Provision_PT_838_Security_Camera,300,28,43905,soft_mean_scale,0.9978244,0.8906733668341709,0.0,0.0,0.38474271397280957,1.794529340052199
Provision_PT_838_Security_Camera,300,29,45682,shared_oas,0.9992506,0.9623417085427136,0.0004,0.27,0.125,2.0794415416798357
Provision_PT_838_Security_Camera,300,29,45682,local_center_peer_scale,0.99920108,0.9598532663316584,0.0002,0.2752,0.125,2.0794415416798357
Provision_PT_838_Security_Camera,300,29,45682,soft_mean,0.99908304,0.9539216080402011,0.0004,0.3218,0.24782464279762337,1.9887634906789429
Provision_PT_838_Security_Camera,300,29,45682,soft_mean_scale,0.99917488,0.9585366834170854,0.0004,0.3486,0.4730174423879923,1.6569142508016756
Provision_PT_838_Security_Camera,1000,0,52366,shared_oas,0.99771224,0.8850492462311558,0.0506,1.0,0.125,2.0794415416798357
Provision_PT_838_Security_Camera,1000,0,52366,local_center_peer_scale,0.9971555599999999,0.8575597989949748,0.0528,1.0,0.125,2.0794415416798357
Provision_PT_838_Security_Camera,1000,0,52366,soft_mean,0.99690168,0.8474834170854271,0.0506,1.0,0.36879451408391817,1.83973555528329
Provision_PT_838_Security_Camera,1000,0,52366,soft_mean_scale,0.99654952,0.8337386934673366,0.0542,1.0,0.6536244015286593,1.2657565510009203
Provision_PT_838_Security_Camera,1000,1,28649,shared_oas,0.9997727599999999,0.988580904522613,0.0282,1.0,0.125,2.0794415416798357
Provision_PT_838_Security_Camera,1000,1,28649,local_center_peer_scale,0.99963288,0.9815517587939698,0.0312,1.0,0.125,2.0794415416798357
Provision_PT_838_Security_Camera,1000,1,28649,soft_mean,0.9996617999999999,0.9830050251256282,0.0334,1.0,0.2987032423400357,1.9208330398914029
Provision_PT_838_Security_Camera,1000,1,28649,soft_mean_scale,0.99970776,0.9853346733668342,0.0406,1.0,0.5464813340712193,1.5126054873700416
Provision_PT_838_Security_Camera,1000,2,59121,shared_oas,0.99841148,0.9201748743718594,0.04,1.0,0.125,2.0794415416798357
Provision_PT_838_Security_Camera,1000,2,59121,local_center_peer_scale,0.99804176,0.9016422110552764,0.0416,1.0,0.125,2.0794415416798357
Provision_PT_838_Security_Camera,1000,2,59121,soft_mean,0.9975900400000001,0.8824361809045227,0.0428,1.0,0.4139020326294415,1.76529042291243
Provision_PT_838_Security_Camera,1000,2,59121,soft_mean_scale,0.99706904,0.863843216080402,0.0448,1.0,0.7010868904045328,1.1382975987580308
Provision_PT_838_Security_Camera,1000,3,19852,shared_oas,0.9993518,0.9674271356783919,0.023,1.0,0.125,2.0794415416798357
Provision_PT_838_Security_Camera,1000,3,19852,local_center_peer_scale,0.99922,0.9608040201005026,0.0256,1.0,0.125,2.0794415416798357
Provision_PT_838_Security_Camera,1000,3,19852,soft_mean,0.99923272,0.9614432160804021,0.0266,1.0,0.26050600462131734,1.959878147367053
Provision_PT_838_Security_Camera,1000,3,19852,soft_mean_scale,0.9991468,0.9571256281407037,0.03,1.0,0.48659285920502277,1.6283194496412872
Provision_PT_838_Security_Camera,1000,4,20522,shared_oas,0.99903832,0.9516743718592964,0.025,1.0,0.125,2.0794415416798357
Provision_PT_838_Security_Camera,1000,4,20522,local_center_peer_scale,0.9988885200000001,0.9441467336683418,0.033,1.0,0.125,2.0794415416798357
Provision_PT_838_Security_Camera,1000,4,20522,soft_mean,0.9988538,0.9424020100502513,0.0362,1.0,0.2413061844656275,1.9750129042106481
Provision_PT_838_Security_Camera,1000,4,20522,soft_mean_scale,0.9988416400000001,0.9417989949748744,0.043,1.0,0.4593194267798349,1.6758925005044691
Provision_PT_838_Security_Camera,1000,5,50865,shared_oas,0.9979117599999999,0.895591959798995,0.1946,1.0,0.125,2.0794415416798357
Provision_PT_838_Security_Camera,1000,5,50865,local_center_peer_scale,0.9971523999999999,0.8579698492462311,0.186,1.0,0.125,2.0794415416798357
Provision_PT_838_Security_Camera,1000,5,50865,soft_mean,0.9965844799999999,0.832902512562814,0.1854,1.0,0.44508734479374357,1.7103495087663911
Provision_PT_838_Security_Camera,1000,5,50865,soft_mean_scale,0.99611112,0.8141929648241206,0.1868,1.0,0.7261801361829369,1.066892662516877
Provision_PT_838_Security_Camera,1000,6,9756,shared_oas,0.99930056,0.9649206030150754,0.0036,0.999,0.125,2.0794415416798357
Provision_PT_838_Security_Camera,1000,6,9756,local_center_peer_scale,0.9986132,0.9303236180904523,0.006,0.999,0.125,2.0794415416798357
Provision_PT_838_Security_Camera,1000,6,9756,soft_mean,0.9986436799999999,0.9318713567839196,0.0238,1.0,0.255714197697084,1.9740792094209358
Provision_PT_838_Security_Camera,1000,6,9756,soft_mean_scale,0.9985106800000001,0.9252482412060302,0.0308,1.0,0.481770615737259,1.6484834650660423
Provision_PT_838_Security_Camera,1000,7,21233,shared_oas,0.99926536,0.9630834170854272,0.0332,1.0,0.125,2.0794415416798357
Provision_PT_838_Security_Camera,1000,7,21233,local_center_peer_scale,0.99895228,0.9473989949748745,0.037,1.0,0.125,2.0794415416798357
Provision_PT_838_Security_Camera,1000,7,21233,soft_mean,0.9993791200000001,0.9688683417085426,0.035,1.0,0.27269278242716294,1.953249884958606
Provision_PT_838_Security_Camera,1000,7,21233,soft_mean_scale,0.9993051199999999,0.9655035175879397,0.0322,1.0,0.5123239753468953,1.585395222941174
Provision_PT_838_Security_Camera,1000,8,17798,shared_oas,0.99827892,0.9136542713567839,0.0026,0.7216,0.125,2.0794415416798357
Provision_PT_838_Security_Camera,1000,8,17798,local_center_peer_scale,0.9981557999999999,0.9074030150753769,0.0012,0.6338,0.125,2.0794415416798357
Provision_PT_838_Security_Camera,1000,8,17798,soft_mean,0.99856808,0.9281125628140704,0.0014,0.7072,0.29037599179097373,1.9381257230879163
Provision_PT_838_Security_Camera,1000,8,17798,soft_mean_scale,0.99887068,0.9433587939698492,0.0066,0.997,0.5379316556505245,1.5397201335357305
Provision_PT_838_Security_Camera,1000,9,57210,shared_oas,0.99770852,0.8848522613065326,0.0486,1.0,0.125,2.0794415416798357
Provision_PT_838_Security_Camera,1000,9,57210,local_center_peer_scale,0.99671224,0.8352120603015075,0.0496,1.0,0.125,2.0794415416798357
Provision_PT_838_Security_Camera,1000,9,57210,soft_mean,0.9965017599999999,0.8262914572864322,0.0514,1.0,0.30129606032485223,1.9335619144436196
Provision_PT_838_Security_Camera,1000,9,57210,soft_mean_scale,0.99616108,0.8133165829145729,0.0548,1.0,0.561206172224457,1.4866369601041571
Provision_PT_838_Security_Camera,1000,10,36098,shared_oas,0.99853228,0.9262452261306533,0.068,1.0,0.125,2.0794415416798357
Provision_PT_838_Security_Camera,1000,10,36098,local_center_peer_scale,0.9979423199999999,0.8965989949748743,0.0692,1.0,0.125,2.0794415416798357
Provision_PT_838_Security_Camera,1000,10,36098,soft_mean,0.99825536,0.912329648241206,0.067,1.0,0.2619513620667051,1.963466961204442
Provision_PT_838_Security_Camera,1000,10,36098,soft_mean_scale,0.99846516,0.9228723618090452,0.067,1.0,0.4889764501129631,1.6283847659085406
Provision_PT_838_Security_Camera,1000,11,58426,shared_oas,0.99868804,0.9340723618090453,0.0466,1.0,0.125,2.0794415416798357
Provision_PT_838_Security_Camera,1000,11,58426,local_center_peer_scale,0.99832016,0.9155859296482414,0.0482,1.0,0.125,2.0794415416798357
Provision_PT_838_Security_Camera,1000,11,58426,soft_mean,0.9980164,0.9010773869346733,0.05,1.0,0.4372635360618107,1.7231943116007666
Provision_PT_838_Security_Camera,1000,11,58426,soft_mean_scale,0.99770864,0.8880984924623117,0.0512,1.0,0.7211321103347933,1.0806123792454962
Provision_PT_838_Security_Camera,1000,12,61838,shared_oas,0.9966556000000001,0.8522532663316584,0.0196,1.0,0.125,2.0794415416798357
Provision_PT_838_Security_Camera,1000,12,61838,local_center_peer_scale,0.9966448800000001,0.851702512562814,0.0196,1.0,0.125,2.0794415416798357
Provision_PT_838_Security_Camera,1000,12,61838,soft_mean,0.99658428,0.846627135678392,0.017,1.0,0.45326039589220435,1.6955286107815422
Provision_PT_838_Security_Camera,1000,12,61838,soft_mean_scale,0.99671096,0.8428582914572864,0.0146,1.0,0.7110928768518404,1.1040084743173475
Provision_PT_838_Security_Camera,1000,13,45891,shared_oas,0.99627388,0.8191256281407036,0.0526,1.0,0.125,2.0794415416798357
Provision_PT_838_Security_Camera,1000,13,45891,local_center_peer_scale,0.99589864,0.7978753768844221,0.0514,1.0,0.125,2.0794415416798357
Provision_PT_838_Security_Camera,1000,13,45891,soft_mean,0.9956254800000001,0.7939477386934674,0.053,1.0,0.29013533893249366,1.9457790354838402
Provision_PT_838_Security_Camera,1000,13,45891,soft_mean_scale,0.99528984,0.7903798994974874,0.0546,1.0,0.5522781486955465,1.5089462230488109
Provision_PT_838_Security_Camera,1000,14,56481,shared_oas,0.99765304,0.882086432160804,0.0772,1.0,0.125,2.0794415416798357
Provision_PT_838_Security_Camera,1000,14,56481,local_center_peer_scale,0.9975668799999999,0.8777688442211056,0.0734,1.0,0.125,2.0794415416798357
Provision_PT_838_Security_Camera,1000,14,56481,soft_mean,0.99730196,0.8653306532663316,0.0744,1.0,0.3347274199553719,1.888697561935782
Provision_PT_838_Security_Camera,1000,14,56481,soft_mean_scale,0.99707304,0.8564603015075377,0.0748,1.0,0.6139681828101125,1.363883918583211
Provision_PT_838_Security_Camera,1000,15,8591,shared_oas,0.99793064,0.8960241206030151,0.0802,1.0,0.125,2.0794415416798357
Provision_PT_838_Security_Camera,1000,15,8591,local_center_peer_scale,0.99742116,0.8704100502512562,0.0782,1.0,0.125,2.0794415416798357
Provision_PT_838_Security_Camera,1000,15,8591,soft_mean,0.9982198,0.9105427135678392,0.0762,1.0,0.3243198988210769,1.8955514332722
Provision_PT_838_Security_Camera,1000,15,8591,soft_mean_scale,0.9987944400000001,0.9394190954773869,0.076,1.0,0.5819906087962551,1.4415444811988185
Provision_PT_838_Security_Camera,1000,16,7498,shared_oas,0.99908784,0.9541688442211056,0.002,0.9188,0.125,2.0794415416798357
Provision_PT_838_Security_Camera,1000,16,7498,local_center_peer_scale,0.99896368,0.9479236180904523,0.002,0.698,0.125,2.0794415416798357
Provision_PT_838_Security_Camera,1000,16,7498,soft_mean,0.99932764,0.9662130653266332,0.002,0.9518,0.34697254606890465,1.8650589037853764
Provision_PT_838_Security_Camera,1000,16,7498,soft_mean_scale,0.9994563599999999,0.9726814070351759,0.0052,0.9996,0.6154527548652886,1.3611497747734516
Provision_PT_838_Security_Camera,1000,17,43355,shared_oas,0.9979384,0.8964402010050251,0.1654,1.0,0.125,2.0794415416798357
Provision_PT_838_Security_Camera,1000,17,43355,local_center_peer_scale,0.9976356,0.8815115577889447,0.1378,1.0,0.125,2.0794415416798357
Provision_PT_838_Security_Camera,1000,17,43355,soft_mean,0.9970156,0.8533306532663316,0.1366,1.0,0.41747722927519093,1.7596150693738883
Provision_PT_838_Security_Camera,1000,17,43355,soft_mean_scale,0.99642056,0.8284442211055276,0.122,1.0,0.7010285498626685,1.13833719653495
Provision_PT_838_Security_Camera,1000,18,37279,shared_oas,0.9970522,0.8655035175879398,0.0458,1.0,0.125,2.0794415416798357
Provision_PT_838_Security_Camera,1000,18,37279,local_center_peer_scale,0.99606164,0.862478391959799,0.0466,1.0,0.125,2.0794415416798357
Provision_PT_838_Security_Camera,1000,18,37279,soft_mean,0.9953823199999999,0.8654452261306533,0.0484,1.0,0.353971003884734,1.8558992323787233
Provision_PT_838_Security_Camera,1000,18,37279,soft_mean_scale,0.99420624,0.8543919597989951,0.0498,1.0,0.6227122516721371,1.3431271907164017
Provision_PT_838_Security_Camera,1000,19,12014,shared_oas,0.99894664,0.9470773869346734,0.0124,1.0,0.125,2.0794415416798357
Provision_PT_838_Security_Camera,1000,19,12014,local_center_peer_scale,0.99829124,0.9141326633165829,0.0196,1.0,0.125,2.0794415416798357
Provision_PT_838_Security_Camera,1000,19,12014,soft_mean,0.9982810400000001,0.9136201005025126,0.0312,1.0,0.29523152335424063,1.9293684829290072
Provision_PT_838_Security_Camera,1000,19,12014,soft_mean_scale,0.99821228,0.910164824120603,0.0426,1.0,0.5451333012623796,1.5207542416355078
Provision_PT_838_Security_Camera,1000,20,49027,shared_oas,0.99718512,0.8586070351758794,0.0882,1.0,0.125,2.0794415416798357
Provision_PT_838_Security_Camera,1000,20,49027,local_center_peer_scale,0.99658888,0.830156783919598,0.09,1.0,0.125,2.0794415416798357
Provision_PT_838_Security_Camera,1000,20,49027,soft_mean,0.9963360000000001,0.820502512562814,0.0926,1.0,0.32696583944614416,1.9014947891679168
Provision_PT_838_Security_Camera,1000,20,49027,soft_mean_scale,0.9961145199999999,0.8155276381909548,0.0916,1.0,0.6042839054118674,1.388501756033474
Provision_PT_838_Security_Camera,1000,21,18372,shared_oas,0.9990340000000001,0.9515738693467337,0.0118,0.9998,0.125,2.0794415416798357
Provision_PT_838_Security_Camera,1000,21,18372,local_center_peer_scale,0.99873464,0.9365306532663317,0.011,0.9998,0.125,2.0794415416798357
Provision_PT_838_Security_Camera,1000,21,18372,soft_mean,0.9989925599999999,0.9495336683417086,0.0336,1.0,0.3268264204697035,1.8892985789301204
Provision_PT_838_Security_Camera,1000,21,18372,soft_mean_scale,0.9988231599999999,0.9410311557788944,0.0474,1.0,0.586480300871244,1.4282971216450704
Provision_PT_838_Security_Camera,1000,22,54401,shared_oas,0.99708536,0.8599115577889447,0.0712,1.0,0.125,2.0794415416798357
Provision_PT_838_Security_Camera,1000,22,54401,local_center_peer_scale,0.99632212,0.8219195979899498,0.0748,1.0,0.125,2.0794415416798357
Provision_PT_838_Security_Camera,1000,22,54401,soft_mean,0.99580564,0.8051356783919598,0.07,1.0,0.37252361386739646,1.8311276192608448
Provision_PT_838_Security_Camera,1000,22,54401,soft_mean_scale,0.99523268,0.7854673366834172,0.0726,1.0,0.6563051323115322,1.2563779224766929
Provision_PT_838_Security_Camera,1000,23,57116,shared_oas,0.9978583999999999,0.8923819095477388,0.057,1.0,0.125,2.0794415416798357
Provision_PT_838_Security_Camera,1000,23,57116,local_center_peer_scale,0.9969916,0.8495175879396986,0.0606,1.0,0.125,2.0794415416798357
Provision_PT_838_Security_Camera,1000,23,57116,soft_mean,0.9966320399999999,0.8353869346733669,0.0614,1.0,0.36576354387816984,1.8440261908476776
Provision_PT_838_Security_Camera,1000,23,57116,soft_mean_scale,0.99618348,0.8205125628140704,0.062,1.0,0.6466052376212246,1.2834559005863304
Provision_PT_838_Security_Camera,1000,24,63546,shared_oas,0.9842621600000001,0.7976824120603014,0.004,0.5974,0.125,2.0794415416798357
Provision_PT_838_Security_Camera,1000,24,63546,local_center_peer_scale,0.9748009599999999,0.7946914572864322,0.004,0.5642,0.125,2.0794415416798357
Provision_PT_838_Security_Camera,1000,24,63546,soft_mean,0.9751849999999999,0.8267417085427136,0.0028,0.5256,0.4219439618599923,1.7534860128377696
Provision_PT_838_Security_Camera,1000,24,63546,soft_mean_scale,0.9760458000000001,0.8414030150753768,0.0022,0.5192,0.6536046471069894,1.2309951277526427
Provision_PT_838_Security_Camera,1000,25,19069,shared_oas,0.99963672,0.9817447236180904,0.023,1.0,0.125,2.0794415416798357
Provision_PT_838_Security_Camera,1000,25,19069,local_center_peer_scale,0.9995896,0.9793768844221106,0.0256,1.0,0.125,2.0794415416798357
Provision_PT_838_Security_Camera,1000,25,19069,soft_mean,0.9995816799999999,0.9789788944723619,0.0278,1.0,0.28284695205630145,1.9415335441557031
Provision_PT_838_Security_Camera,1000,25,19069,soft_mean_scale,0.9995543600000001,0.9776060301507539,0.033,1.0,0.5211116747170136,1.5672443371429914
Provision_PT_838_Security_Camera,1000,26,10562,shared_oas,0.9814021599999999,0.7099577889447236,0.0792,1.0,0.125,2.0794415416798357
Provision_PT_838_Security_Camera,1000,26,10562,local_center_peer_scale,0.9771871599999999,0.6964060301507538,0.0818,1.0,0.125,2.0794415416798357
Provision_PT_838_Security_Camera,1000,26,10562,soft_mean,0.9761536799999999,0.6982974874371859,0.0824,1.0,0.2674404694113154,1.9638860217323946
Provision_PT_838_Security_Camera,1000,26,10562,soft_mean_scale,0.9748545599999999,0.6953608040201005,0.0828,1.0,0.5009996684497353,1.6101718260831788
Provision_PT_838_Security_Camera,1000,27,47075,shared_oas,0.99653268,0.8269286432160804,0.0532,1.0,0.125,2.0794415416798357
Provision_PT_838_Security_Camera,1000,27,47075,local_center_peer_scale,0.99606368,0.8031879396984924,0.0534,1.0,0.125,2.0794415416798357
Provision_PT_838_Security_Camera,1000,27,47075,soft_mean,0.9957498,0.789419095477387,0.0542,1.0,0.2844269611657902,1.949460862940727
Provision_PT_838_Security_Camera,1000,27,47075,soft_mean_scale,0.99530496,0.7775075376884422,0.0554,1.0,0.5395465990622179,1.5282258565786244
Provision_PT_838_Security_Camera,1000,28,11232,shared_oas,0.99920612,0.9601065326633166,0.0116,1.0,0.125,2.0794415416798357
Provision_PT_838_Security_Camera,1000,28,11232,local_center_peer_scale,0.998779,0.9387155778894473,0.018,1.0,0.125,2.0794415416798357
Provision_PT_838_Security_Camera,1000,28,11232,soft_mean,0.99869876,0.9347115577889447,0.0272,1.0,0.28065931422049634,1.9480569222747914
Provision_PT_838_Security_Camera,1000,28,11232,soft_mean_scale,0.9986367599999999,0.9318231155778895,0.0312,1.0,0.5244026789800633,1.564798535331982
Provision_PT_838_Security_Camera,1000,29,42500,shared_oas,0.9974977199999999,0.8742793969849246,0.0408,1.0,0.125,2.0794415416798357
Provision_PT_838_Security_Camera,1000,29,42500,local_center_peer_scale,0.9962602,0.814086432160804,0.047,1.0,0.125,2.0794415416798357
Provision_PT_838_Security_Camera,1000,29,42500,soft_mean,0.9956322,0.8007678391959798,0.0488,1.0,0.2753565810144135,1.9593581173788026
Provision_PT_838_Security_Camera,1000,29,42500,soft_mean_scale,0.99471756,0.7739336683417085,0.049,1.0,0.5225867053564864,1.5631297924926544
Samsung_SNH_1011_N_Webcam,30,0,21793,shared_oas,0.99927168,0.9634010050251256,0.0452,1.0,0.125,2.0794415416798357
Samsung_SNH_1011_N_Webcam,30,0,21793,local_center_peer_scale,0.99918868,0.9592301507537688,0.0126,1.0,0.125,2.0794415416798357
Samsung_SNH_1011_N_Webcam,30,0,21793,soft_mean,0.99919112,0.9593527638190955,0.01,1.0,0.23388637260061224,1.97379076154259
Samsung_SNH_1011_N_Webcam,30,0,21793,soft_mean_scale,0.99718472,0.8585286432160804,0.032,1.0,0.5036208225370925,1.3181317835195454
Samsung_SNH_1011_N_Webcam,30,1,28810,shared_oas,0.99956276,0.9780281407035176,0.1204,1.0,0.125,2.0794415416798357
Samsung_SNH_1011_N_Webcam,30,1,28810,local_center_peer_scale,0.9999111199999999,0.9955336683417084,0.1222,1.0,0.125,2.0794415416798357
Samsung_SNH_1011_N_Webcam,30,1,28810,soft_mean,0.99991452,0.9957045226130653,0.1244,1.0,0.2809912838557304,1.9294652783333723
Samsung_SNH_1011_N_Webcam,30,1,28810,soft_mean_scale,0.9978144,0.8901708542713569,0.1288,1.0,0.5262388907691962,1.2616023152477298
Samsung_SNH_1011_N_Webcam,30,2,24023,shared_oas,0.99907252,0.9533929648241206,0.0312,1.0,0.125,2.0794415416798357
Samsung_SNH_1011_N_Webcam,30,2,24023,local_center_peer_scale,0.99924568,0.962094472361809,0.0136,1.0,0.125,2.0794415416798357
Samsung_SNH_1011_N_Webcam,30,2,24023,soft_mean,0.9991868,0.9591356783919598,0.012,1.0,0.23646251402085003,1.9751685102690224
Samsung_SNH_1011_N_Webcam,30,2,24023,soft_mean_scale,0.99731616,0.8651336683417086,0.018,1.0,0.489852470825322,1.3402093730349365
Samsung_SNH_1011_N_Webcam,30,3,31897,shared_oas,0.98484644,0.8010914572864322,0.0044,0.6056,0.125,2.0794415416798357
Samsung_SNH_1011_N_Webcam,30,3,31897,local_center_peer_scale,0.97727556,0.8009788944723618,0.0044,0.6054,0.125,2.0794415416798357
Samsung_SNH_1011_N_Webcam,30,3,31897,soft_mean,0.9822454399999999,0.8012522613065327,0.0048,0.6054,0.2463993315829279,1.8979758312195016
Samsung_SNH_1011_N_Webcam,30,3,31897,soft_mean_scale,0.97539476,0.7896643216080402,0.0054,0.6056,0.45513853164116513,1.418549827950729
Samsung_SNH_1011_N_Webcam,30,4,23152,shared_oas,0.99942552,0.9711316582914573,0.5056,1.0,0.125,2.0794415416798357
Samsung_SNH_1011_N_Webcam,30,4,23152,local_center_peer_scale,0.99927404,0.9635195979899498,0.555,1.0,0.125,2.0794415416798357
Samsung_SNH_1011_N_Webcam,30,4,23152,soft_mean,0.9992768,0.9636582914572864,0.5548,1.0,0.22498917833364548,1.9881217848916892
Samsung_SNH_1011_N_Webcam,30,4,23152,soft_mean_scale,0.9973063999999999,0.864643216080402,0.5394,1.0,0.47996869286380367,1.3542483196859862
Samsung_SNH_1011_N_Webcam,30,5,19966,shared_oas,0.99938324,0.9690070351758795,0.027,1.0,0.125,2.0794415416798357
Samsung_SNH_1011_N_Webcam,30,5,19966,local_center_peer_scale,0.999509,0.9753266331658291,0.0128,1.0,0.125,2.0794415416798357
Samsung_SNH_1011_N_Webcam,30,5,19966,soft_mean,0.99943956,0.9718371859296482,0.012,1.0,0.21248986727000854,2.0043910133808884
Samsung_SNH_1011_N_Webcam,30,5,19966,soft_mean_scale,0.99728032,0.863332663316583,0.0136,1.0,0.3271707902409612,1.6070824638554169
Samsung_SNH_1011_N_Webcam,30,6,5907,shared_oas,0.99881224,0.9403135678391961,0.0252,1.0,0.125,2.0794415416798357
Samsung_SNH_1011_N_Webcam,30,6,5907,local_center_peer_scale,0.99866484,0.9329065326633166,0.0118,1.0,0.125,2.0794415416798357
Samsung_SNH_1011_N_Webcam,30,6,5907,soft_mean,0.99868184,0.9337608040201004,0.0106,1.0,0.23883917553187964,1.9761961842974862
Samsung_SNH_1011_N_Webcam,30,6,5907,soft_mean_scale,0.9973923600000001,0.8689628140703518,0.012,1.0,0.24102469393390852,1.8051788852528303
Samsung_SNH_1011_N_Webcam,30,7,7967,shared_oas,0.9990001599999999,0.949756783919598,0.0246,1.0,0.125,2.0794415416798357
Samsung_SNH_1011_N_Webcam,30,7,7967,local_center_peer_scale,0.9991668800000001,0.9581346733668341,0.0118,1.0,0.125,2.0794415416798357
Samsung_SNH_1011_N_Webcam,30,7,7967,soft_mean,0.9992599600000001,0.9628120603015076,0.0114,1.0,0.24495181762948376,1.9650031880657177
Samsung_SNH_1011_N_Webcam,30,7,7967,soft_mean_scale,0.99716916,0.8577467336683418,0.0124,1.0,0.4438352254627659,1.4009947983665874
Samsung_SNH_1011_N_Webcam,30,8,5670,shared_oas,0.99915128,0.9573507537688443,0.028,1.0,0.125,2.0794415416798357
Samsung_SNH_1011_N_Webcam,30,8,5670,local_center_peer_scale,0.9990904399999999,0.9542934673366834,0.013,1.0,0.125,2.0794415416798357
Samsung_SNH_1011_N_Webcam,30,8,5670,soft_mean,0.9991006,0.9548040201005026,0.0118,1.0,0.2525398132082687,1.9522834434961083
Samsung_SNH_1011_N_Webcam,30,8,5670,soft_mean_scale,0.9975575999999999,0.8772663316582915,0.018,1.0,0.445602828916973,1.3975505940588326
Samsung_SNH_1011_N_Webcam,30,9,30963,shared_oas,0.99892904,0.9461829145728643,0.0348,1.0,0.125,2.0794415416798357
Samsung_SNH_1011_N_Webcam,30,9,30963,local_center_peer_scale,0.99907444,0.9534894472361809,0.015,1.0,0.125,2.0794415416798357
Samsung_SNH_1011_N_Webcam,30,9,30963,soft_mean,0.9990976399999999,0.9546552763819096,0.014,1.0,0.2279649512865135,1.9831017419678845
Samsung_SNH_1011_N_Webcam,30,9,30963,soft_mean_scale,0.99665436,0.8318773869346734,0.0214,1.0,0.3862447732763865,1.4929436657143067
Samsung_SNH_1011_N_Webcam,30,10,22896,shared_oas,0.99939804,0.9697507537688442,0.0296,1.0,0.125,2.0794415416798357
Samsung_SNH_1011_N_Webcam,30,10,22896,local_center_peer_scale,0.9994103599999999,0.9703698492462312,0.0118,1.0,0.125,2.0794415416798357
Samsung_SNH_1011_N_Webcam,30,10,22896,soft_mean,0.99958436,0.979113567839196,0.0112,1.0,0.23566993770785258,1.972834132872165
Samsung_SNH_1011_N_Webcam,30,10,22896,soft_mean_scale,0.99744232,0.8714733668341709,0.0192,1.0,0.5026793655328486,1.3247271882899203
Samsung_SNH_1011_N_Webcam,30,11,1467,shared_oas,0.99903324,0.9514190954773869,0.0338,1.0,0.125,2.0794415416798357
Samsung_SNH_1011_N_Webcam,30,11,1467,local_center_peer_scale,0.99925156,0.9623899497487438,0.0108,1.0,0.125,2.0794415416798357
Samsung_SNH_1011_N_Webcam,30,11,1467,soft_mean,0.99926388,0.9630090452261306,0.0094,1.0,0.23300008579287354,1.9720383549254341
Samsung_SNH_1011_N_Webcam,30,11,1467,soft_mean_scale,0.99800592,0.8997949748743719,0.0188,1.0,0.38693226724415825,1.4810875358365125
Samsung_SNH_1011_N_Webcam,30,12,16322,shared_oas,0.99967212,0.9835236180904523,0.572,1.0,0.125,2.0794415416798357
Samsung_SNH_1011_N_Webcam,30,12,16322,local_center_peer_scale,0.9996264,0.983121608040201,0.002,0.9936,0.125,2.0794415416798357
Samsung_SNH_1011_N_Webcam,30,12,16322,soft_mean,0.99951324,0.9809829145728644,0.0022,0.9946,0.3342258626992521,1.8100897831839646
Samsung_SNH_1011_N_Webcam,30,12,16322,soft_mean_scale,0.99961184,0.9821386934673366,0.0372,0.9992,0.33188156622005105,1.8489046981637043
Samsung_SNH_1011_N_Webcam,30,13,28710,shared_oas,0.9992782800000001,0.9637326633165829,0.0316,1.0,0.125,2.0794415416798357
Samsung_SNH_1011_N_Webcam,30,13,28710,local_center_peer_scale,0.99919272,0.9594331658291457,0.0122,1.0,0.125,2.0794415416798357
Samsung_SNH_1011_N_Webcam,30,13,28710,soft_mean,0.99935872,0.9677748743718593,0.0114,1.0,0.25123786870647236,1.9648496748862008
Samsung_SNH_1011_N_Webcam,30,13,28710,soft_mean_scale,0.99775724,0.8872984924623115,0.0184,1.0,0.46328670769507796,1.4177044269285828
Samsung_SNH_1011_N_Webcam,30,14,25144,shared_oas,0.99924092,0.9618552763819095,0.0268,1.0,0.125,2.0794415416798357
Samsung_SNH_1011_N_Webcam,30,14,25144,local_center_peer_scale,0.9992228,0.9609447236180906,0.011,1.0,0.125,2.0794415416798357
Samsung_SNH_1011_N_Webcam,30,14,25144,soft_mean,0.99925248,0.9624361809045227,0.0096,1.0,0.23773867974421714,1.9743852586613984
Samsung_SNH_1011_N_Webcam,30,14,25144,soft_mean_scale,0.99799076,0.8990331658291457,0.0184,1.0,0.4408359876586369,1.4386010650645153
Samsung_SNH_1011_N_Webcam,30,15,27120,shared_oas,0.9989857999999999,0.949035175879397,0.0218,1.0,0.125,2.0794415416798357
Samsung_SNH_1011_N_Webcam,30,15,27120,local_center_peer_scale,0.99910308,0.9549286432160804,0.009,1.0,0.125,2.0794415416798357
Samsung_SNH_1011_N_Webcam,30,15,27120,soft_mean,0.99912268,0.955913567839196,0.0078,1.0,0.24962089918630265,1.9606505908386236
Samsung_SNH_1011_N_Webcam,30,15,27120,soft_mean_scale,0.99757352,0.8780663316582915,0.0086,1.0,0.426775976535121,1.4678881092398193
Samsung_SNH_1011_N_Webcam,30,16,28934,shared_oas,0.9992520399999999,0.9624140703517587,0.04,1.0,0.125,2.0794415416798357
Samsung_SNH_1011_N_Webcam,30,16,28934,local_center_peer_scale,0.9992526399999999,0.9624442211055276,0.0096,1.0,0.125,2.0794415416798357
Samsung_SNH_1011_N_Webcam,30,16,28934,soft_mean,0.99934104,0.9668864321608039,0.0092,1.0,0.24085005138136992,1.981638750097439
Samsung_SNH_1011_N_Webcam,30,16,28934,soft_mean_scale,0.9975637599999999,0.877575879396985,0.0096,1.0,0.45725339219524197,1.4077000129575492
Samsung_SNH_1011_N_Webcam,30,17,9239,shared_oas,0.9992464,0.9621306532663316,0.0234,1.0,0.125,2.0794415416798357
Samsung_SNH_1011_N_Webcam,30,17,9239,local_center_peer_scale,0.99901836,0.9506713567839196,0.0114,1.0,0.125,2.0794415416798357
Samsung_SNH_1011_N_Webcam,30,17,9239,soft_mean,0.998948,0.9471356783919598,0.0108,1.0,0.25061532455553764,1.96628055412075
Samsung_SNH_1011_N_Webcam,30,17,9239,soft_mean_scale,0.9973091599999999,0.8647819095477387,0.012,1.0,0.44264831100460283,1.4414268146653708
Samsung_SNH_1011_N_Webcam,30,18,14807,shared_oas,0.9990622,0.9528743718592965,0.0458,1.0,0.125,2.0794415416798357
Samsung_SNH_1011_N_Webcam,30,18,14807,local_center_peer_scale,0.99896144,0.9478110552763819,0.0152,1.0,0.125,2.0794415416798357
Samsung_SNH_1011_N_Webcam,30,18,14807,soft_mean,0.9990450000000001,0.9520100502512563,0.0116,1.0,0.21873675511454108,1.9927001507275015
Samsung_SNH_1011_N_Webcam,30,18,14807,soft_mean_scale,0.99735568,0.8671195979899498,0.0254,1.0,0.3416948973307327,1.5597782571847847
Samsung_SNH_1011_N_Webcam,30,19,19545,shared_oas,0.99919644,0.9596201005025126,0.0062,1.0,0.125,2.0794415416798357
Samsung_SNH_1011_N_Webcam,30,19,19545,local_center_peer_scale,0.9995095199999999,0.9753527638190955,0.0054,1.0,0.125,2.0794415416798357
Samsung_SNH_1011_N_Webcam,30,19,19545,soft_mean,0.99951144,0.9754492462311558,0.0048,1.0,0.2339018045779365,1.982293496701016
Samsung_SNH_1011_N_Webcam,30,19,19545,soft_mean_scale,0.99951136,0.9754452261306532,0.0018,1.0,0.28125508605262967,1.945559162466608
Samsung_SNH_1011_N_Webcam,30,20,29519,shared_oas,0.99940324,0.9700120603015076,0.0212,1.0,0.125,2.0794415416798357
Samsung_SNH_1011_N_Webcam,30,20,29519,local_center_peer_scale,0.99925952,0.9627899497487438,0.0116,1.0,0.125,2.0794415416798357
Samsung_SNH_1011_N_Webcam,30,20,29519,soft_mean,0.99926336,0.9629829145728643,0.0112,1.0,0.2104144201651621,2.0071653829028664
Samsung_SNH_1011_N_Webcam,30,20,29519,soft_mean_scale,0.99675448,0.8369085427135678,0.0134,1.0,0.3927439116622035,1.518972555555025
Samsung_SNH_1011_N_Webcam,30,21,16595,shared_oas,0.9995195600000001,0.9758572864321609,0.0058,1.0,0.125,2.0794415416798357
Samsung_SNH_1011_N_Webcam,30,21,16595,local_center_peer_scale,0.9995389199999999,0.9970552763819095,0.1934,0.9996,0.125,2.0794415416798357
Samsung_SNH_1011_N_Webcam,30,21,16595,soft_mean,0.999532,0.996886432160804,0.194,0.9998,0.2352661130429867,1.830379622462919
Samsung_SNH_1011_N_Webcam,30,21,16595,soft_mean_scale,0.99948868,0.9974914572864322,0.1938,0.9998,0.21038754749055166,1.9806377935477504
Samsung_SNH_1011_N_Webcam,30,22,22051,shared_oas,0.99896364,0.947921608040201,0.0342,1.0,0.125,2.0794415416798357
Samsung_SNH_1011_N_Webcam,30,22,22051,local_center_peer_scale,0.9992576,0.9626934673366834,0.0126,1.0,0.125,2.0794415416798357
Samsung_SNH_1011_N_Webcam,30,22,22051,soft_mean,0.99927248,0.9634412060301507,0.0106,1.0,0.24370612220838425,1.9581545366199253
Samsung_SNH_1011_N_Webcam,30,22,22051,soft_mean_scale,0.99743276,0.8709929648241206,0.0196,1.0,0.33255786985916935,1.5827354891085506
Samsung_SNH_1011_N_Webcam,30,23,18899,shared_oas,0.9638792,0.7959216080402011,0.0002,0.5936,0.125,2.0794415416798357
Samsung_SNH_1011_N_Webcam,30,23,18899,local_center_peer_scale,0.5988072,0.795137688442211,0.0002,0.5742,0.125,2.0794415416798357
Samsung_SNH_1011_N_Webcam,30,23,18899,soft_mean,0.5993834,0.795427135678392,0.0022,0.5942,0.2222536996579049,1.9061832224749373
Samsung_SNH_1011_N_Webcam,30,23,18899,soft_mean_scale,0.5990424,0.7821206030150754,0.004,0.5942,0.2941096410722905,1.670251465074284
Samsung_SNH_1011_N_Webcam,30,24,15634,shared_oas,0.9997346,0.9869145728643216,0.9682,1.0,0.125,2.0794415416798357
Samsung_SNH_1011_N_Webcam,30,24,15634,local_center_peer_scale,0.99981584,0.9912120603015075,0.9878,1.0,0.125,2.0794415416798357
Samsung_SNH_1011_N_Webcam,30,24,15634,soft_mean,0.99998112,0.9995678391959799,0.988,1.0,0.23836474205314565,1.9029165926050775
Samsung_SNH_1011_N_Webcam,30,24,15634,soft_mean_scale,0.99950104,0.9753286432160805,0.9756,1.0,0.3571473872911706,1.7448154436089567
Samsung_SNH_1011_N_Webcam,30,25,21043,shared_oas,0.9994402,0.9718693467336683,0.031,1.0,0.125,2.0794415416798357
Samsung_SNH_1011_N_Webcam,30,25,21043,local_center_peer_scale,0.99936704,0.9681929648241205,0.0116,1.0,0.125,2.0794415416798357
Samsung_SNH_1011_N_Webcam,30,25,21043,soft_mean,0.99936704,0.9681929648241205,0.0106,1.0,0.23482428893691235,1.9673093290295145
Samsung_SNH_1011_N_Webcam,30,25,21043,soft_mean_scale,0.99768856,0.8838472361809045,0.0168,1.0,0.3435158281443063,1.5623841258518023
Samsung_SNH_1011_N_Webcam,30,26,4304,shared_oas,0.9994198,0.9708442211055277,0.1466,1.0,0.125,2.0794415416798357
Samsung_SNH_1011_N_Webcam,30,26,4304,local_center_peer_scale,0.9995196000000001,0.9758592964824121,0.1422,1.0,0.125,2.0794415416798357
Samsung_SNH_1011_N_Webcam,30,26,4304,soft_mean,0.99952316,0.9760381909547738,0.1452,1.0,0.2086630659901968,2.00578495091568
Samsung_SNH_1011_N_Webcam,30,26,4304,soft_mean_scale,0.99700992,0.8497447236180904,0.1862,1.0,0.4384649275111078,1.4001197816167745
Samsung_SNH_1011_N_Webcam,30,27,3809,shared_oas,0.99949676,0.9747115577889447,0.035,1.0,0.125,2.0794415416798357
Samsung_SNH_1011_N_Webcam,30,27,3809,local_center_peer_scale,0.99926772,0.9632020100502512,0.0136,1.0,0.125,2.0794415416798357
Samsung_SNH_1011_N_Webcam,30,27,3809,soft_mean,0.9993534399999999,0.9675095477386935,0.011,1.0,0.23185407800025326,1.9741652569916401
Samsung_SNH_1011_N_Webcam,30,27,3809,soft_mean_scale,0.9975529599999999,0.8770331658291457,0.021,1.0,0.3953027222663802,1.5503802040638155
Samsung_SNH_1011_N_Webcam,30,28,10615,shared_oas,0.99933992,0.9668301507537689,0.029,1.0,0.125,2.0794415416798357
Samsung_SNH_1011_N_Webcam,30,28,10615,local_center_peer_scale,0.99933492,0.9665788944723618,0.0124,1.0,0.125,2.0794415416798357
Samsung_SNH_1011_N_Webcam,30,28,10615,soft_mean,0.9993462399999999,0.9671477386934674,0.0118,1.0,0.24593835644729345,1.968506220597108
Samsung_SNH_1011_N_Webcam,30,28,10615,soft_mean_scale,0.9976757599999999,0.8832040201005025,0.0198,1.0,0.47913892857317314,1.3758531371968368
Samsung_SNH_1011_N_Webcam,30,29,30732,shared_oas,0.99920624,0.9601125628140703,0.0412,1.0,0.125,2.0794415416798357
Samsung_SNH_1011_N_Webcam,30,29,30732,local_center_peer_scale,0.99926652,0.9631417085427136,0.016,1.0,0.125,2.0794415416798357
Samsung_SNH_1011_N_Webcam,30,29,30732,soft_mean,0.99927312,0.9634733668341708,0.013,1.0,0.25111612479280143,1.9604429686704108
Samsung_SNH_1011_N_Webcam,30,29,30732,soft_mean_scale,0.99766556,0.8826914572864322,0.0208,1.0,0.41667860452155653,1.4276884436571717
Samsung_SNH_1011_N_Webcam,100,0,10443,shared_oas,0.99908612,0.9540763819095478,0.4364,1.0,0.125,2.0794415416798357
Samsung_SNH_1011_N_Webcam,100,0,10443,local_center_peer_scale,0.9988218,0.9407939698492462,0.4738,1.0,0.125,2.0794415416798357
Samsung_SNH_1011_N_Webcam,100,0,10443,soft_mean,0.9986696,0.9331457286432161,0.4748,1.0,0.25857795689439234,1.946378883137457
Samsung_SNH_1011_N_Webcam,100,0,10443,soft_mean_scale,0.99740596,0.8696462311557789,0.459,1.0,0.4141090763863588,1.4884966319538981
Samsung_SNH_1011_N_Webcam,100,1,26944,shared_oas,0.9966139199999999,0.8298452261306533,0.0498,1.0,0.125,2.0794415416798357
Samsung_SNH_1011_N_Webcam,100,1,26944,local_center_peer_scale,0.9959337199999999,0.7956643216080401,0.044,1.0,0.125,2.0794415416798357
Samsung_SNH_1011_N_Webcam,100,1,26944,soft_mean,0.9958436399999999,0.7911376884422111,0.048,1.0,0.24904477063418765,1.9590202131488166
Samsung_SNH_1011_N_Webcam,100,1,26944,soft_mean_scale,0.9955968,0.7787336683417085,0.0396,1.0,0.3429230824884251,1.6898326053190613
Samsung_SNH_1011_N_Webcam,100,2,29503,shared_oas,0.99942412,0.9710613065326634,0.215,1.0,0.125,2.0794415416798357
Samsung_SNH_1011_N_Webcam,100,2,29503,local_center_peer_scale,0.9993868,0.9691859296482412,0.2482,1.0,0.125,2.0794415416798357
Samsung_SNH_1011_N_Webcam,100,2,29503,soft_mean,0.99947432,0.9735839195979901,0.253,1.0,0.23787429982987585,1.9777795536949396
Samsung_SNH_1011_N_Webcam,100,2,29503,soft_mean_scale,0.99644016,0.821113567839196,0.2662,1.0,0.41345499120143886,1.4842348576730888
Samsung_SNH_1011_N_Webcam,100,3,15185,shared_oas,0.9993956,0.9696281407035177,0.2448,1.0,0.125,2.0794415416798357
Samsung_SNH_1011_N_Webcam,100,3,15185,local_center_peer_scale,0.99935564,0.9676201005025126,0.2536,1.0,0.125,2.0794415416798357
Samsung_SNH_1011_N_Webcam,100,3,15185,soft_mean,0.99935836,0.967756783919598,0.2484,1.0,0.25027967459502354,1.9507941699139284
Samsung_SNH_1011_N_Webcam,100,3,15185,soft_mean_scale,0.99717636,0.8581085427135678,0.2714,1.0,0.4237784429822665,1.4506342903655418
Samsung_SNH_1011_N_Webcam,100,4,23558,shared_oas,0.9984793200000001,0.92358391959799,0.0738,1.0,0.125,2.0794415416798357
Samsung_SNH_1011_N_Webcam,100,4,23558,local_center_peer_scale,0.9987638,0.9378793969849246,0.0748,1.0,0.125,2.0794415416798357
Samsung_SNH_1011_N_Webcam,100,4,23558,soft_mean,0.99844776,0.9219979899497488,0.0738,1.0,0.23090875724657903,1.9819125653126675
Samsung_SNH_1011_N_Webcam,100,4,23558,soft_mean_scale,0.9972253999999999,0.860572864321608,0.0414,1.0,0.505026927916691,1.3074788241028614
Samsung_SNH_1011_N_Webcam,100,5,31631,shared_oas,0.99886208,0.9428180904522613,0.4658,1.0,0.125,2.0794415416798357
Samsung_SNH_1011_N_Webcam,100,5,31631,local_center_peer_scale,0.99921096,0.9603497487437187,0.447,1.0,0.125,2.0794415416798357
Samsung_SNH_1011_N_Webcam,100,5,31631,soft_mean,0.9993262399999999,0.9661427135678391,0.4164,1.0,0.24111132773829788,1.9623001138817062
Samsung_SNH_1011_N_Webcam,100,5,31631,soft_mean_scale,0.99673412,0.8358854271356784,0.4418,1.0,0.4353315391915677,1.354172738474528
Samsung_SNH_1011_N_Webcam,100,6,15954,shared_oas,0.99908624,0.9542733668341709,0.0038,0.9998,0.125,2.0794415416798357
Samsung_SNH_1011_N_Webcam,100,6,15954,local_center_peer_scale,0.99732696,0.9537728643216081,0.0356,0.9996,0.125,2.0794415416798357
Samsung_SNH_1011_N_Webcam,100,6,15954,soft_mean,0.99728448,0.954713567839196,0.0356,0.9998,0.23463228852906906,1.8403442968621186
Samsung_SNH_1011_N_Webcam,100,6,15954,soft_mean_scale,0.9972804,0.9540824120603015,0.0356,0.9998,0.27235422551012267,1.8157181932550652
Samsung_SNH_1011_N_Webcam,100,7,7040,shared_oas,0.99931212,0.9654331658291457,0.1004,1.0,0.125,2.0794415416798357
Samsung_SNH_1011_N_Webcam,100,7,7040,local_center_peer_scale,0.99925308,0.9624663316582915,0.0958,1.0,0.125,2.0794415416798357
Samsung_SNH_1011_N_Webcam,100,7,7040,soft_mean,0.9992660400000001,0.9631175879396985,0.1004,1.0,0.260720589173898,1.9420203421374143
Samsung_SNH_1011_N_Webcam,100,7,7040,soft_mean_scale,0.9971080800000001,0.8546773869346733,0.1426,1.0,0.44709828663119805,1.3978331123120489
Samsung_SNH_1011_N_Webcam,100,8,29132,shared_oas,0.9984943199999999,0.924337688442211,0.1614,1.0,0.125,2.0794415416798357
Samsung_SNH_1011_N_Webcam,100,8,29132,local_center_peer_scale,0.99832376,0.9157668341708542,0.1622,1.0,0.125,2.0794415416798357
Samsung_SNH_1011_N_Webcam,100,8,29132,soft_mean,0.99832508,0.9158331658291458,0.1544,1.0,0.21676126296313009,2.0056938099730774
Samsung_SNH_1011_N_Webcam,100,8,29132,soft_mean_scale,0.99667684,0.8330070351758794,0.1854,1.0,0.5322181213719194,1.2966235731069555
Samsung_SNH_1011_N_Webcam,100,9,30069,shared_oas,0.99910728,0.9551396984924623,0.3932,1.0,0.125,2.0794415416798357
Samsung_SNH_1011_N_Webcam,100,9,30069,local_center_peer_scale,0.9990127999999999,0.950391959798995,0.386,1.0,0.125,2.0794415416798357
Samsung_SNH_1011_N_Webcam,100,9,30069,soft_mean,0.99902104,0.9508060301507538,0.362,1.0,0.24142674703090175,1.964051179328879
Samsung_SNH_1011_N_Webcam,100,9,30069,soft_mean_scale,0.9972394400000001,0.861278391959799,0.3604,1.0,0.39461630671481,1.563597450187288
Samsung_SNH_1011_N_Webcam,100,10,23445,shared_oas,0.998328,0.9159798994974874,0.2466,1.0,0.125,2.0794415416798357
Samsung_SNH_1011_N_Webcam,100,10,23445,local_center_peer_scale,0.99833316,0.9162391959798994,0.2276,1.0,0.125,2.0794415416798357
Samsung_SNH_1011_N_Webcam,100,10,23445,soft_mean,0.99825756,0.9124402010050252,0.209,1.0,0.23434891713227035,1.9754150513603643
Samsung_SNH_1011_N_Webcam,100,10,23445,soft_mean_scale,0.9970718,0.8528542713567839,0.2776,1.0,0.4765534940341414,1.3651641531699674
Samsung_SNH_1011_N_Webcam,100,11,12477,shared_oas,0.99946048,0.9728884422110553,0.0222,1.0,0.125,2.0794415416798357
Samsung_SNH_1011_N_Webcam,100,11,12477,local_center_peer_scale,0.99950836,0.9752944723618091,0.0118,1.0,0.125,2.0794415416798357
Samsung_SNH_1011_N_Webcam,100,11,12477,soft_mean,0.99935088,0.9673809045226132,0.0102,1.0,0.25750231845823446,1.9459842952574444
Samsung_SNH_1011_N_Webcam,100,11,12477,soft_mean_scale,0.9975961600000001,0.8792040201005025,0.0134,1.0,0.38723166881457644,1.5053260240910151
Samsung_SNH_1011_N_Webcam,100,12,4011,shared_oas,0.99912344,0.9559517587939699,0.4104,1.0,0.125,2.0794415416798357
Samsung_SNH_1011_N_Webcam,100,12,4011,local_center_peer_scale,0.99854132,0.9266994974874372,0.4094,1.0,0.125,2.0794415416798357
Samsung_SNH_1011_N_Webcam,100,12,4011,soft_mean,0.9983088,0.9150150753768844,0.4086,1.0,0.23716616523572714,1.9670959788942315
Samsung_SNH_1011_N_Webcam,100,12,4011,soft_mean_scale,0.99696704,0.8475899497487437,0.4238,1.0,0.4434784976716365,1.4033689112887013
Samsung_SNH_1011_N_Webcam,100,13,7444,shared_oas,0.99694048,0.8462552763819096,0.0928,1.0,0.125,2.0794415416798357
Samsung_SNH_1011_N_Webcam,100,13,7444,local_center_peer_scale,0.99682212,0.8403075376884422,0.0918,1.0,0.125,2.0794415416798357
Samsung_SNH_1011_N_Webcam,100,13,7444,soft_mean,0.99684088,0.8412502512562814,0.0944,1.0,0.2507636505945485,1.9526477524348582
Samsung_SNH_1011_N_Webcam,100,13,7444,soft_mean_scale,0.99662696,0.8305005025125629,0.084,1.0,0.29899477779981837,1.7057683561175523
Samsung_SNH_1011_N_Webcam,100,14,4509,shared_oas,0.99979044,0.9894693467336684,0.1306,1.0,0.125,2.0794415416798357
Samsung_SNH_1011_N_Webcam,100,14,4509,local_center_peer_scale,0.99964772,0.9822974874371859,0.124,1.0,0.125,2.0794415416798357
Samsung_SNH_1011_N_Webcam,100,14,4509,soft_mean,0.99957516,0.9786512562814069,0.1126,1.0,0.24135063723365238,1.9640649594973323
Samsung_SNH_1011_N_Webcam,100,14,4509,soft_mean_scale,0.99782172,0.8905386934673367,0.1418,1.0,0.3889623434742763,1.590550878840599
Samsung_SNH_1011_N_Webcam,100,15,20570,shared_oas,0.99877028,0.9382050251256282,0.005,1.0,0.125,2.0794415416798357
Samsung_SNH_1011_N_Webcam,100,15,20570,local_center_peer_scale,0.99902696,0.9511035175879397,0.005,1.0,0.125,2.0794415416798357
Samsung_SNH_1011_N_Webcam,100,15,20570,soft_mean,0.9990352,0.9515175879396984,0.0046,1.0,0.25630728808126635,1.9502067391226938
Samsung_SNH_1011_N_Webcam,100,15,20570,soft_mean_scale,0.9990340400000001,0.951459296482412,0.0024,1.0,0.2870559396910322,1.9241896832409782
Samsung_SNH_1011_N_Webcam,100,16,18883,shared_oas,0.90562704,0.791105527638191,0.0,0.3722,0.125,2.0794415416798357
Samsung_SNH_1011_N_Webcam,100,16,18883,local_center_peer_scale,0.9047504,0.795270351758794,0.0,0.2124,0.125,2.0794415416798357
Samsung_SNH_1011_N_Webcam,100,16,18883,soft_mean,0.9080295599999999,0.7949507537688442,0.0,0.3856,0.21954427944434204,1.9687212263402716
Samsung_SNH_1011_N_Webcam,100,16,18883,soft_mean_scale,0.90092908,0.7684341708542713,0.0,0.4,0.2767528198815148,1.7863955478607367
Samsung_SNH_1011_N_Webcam,100,17,24221,shared_oas,0.9983685999999999,0.9180201005025126,0.3224,1.0,0.125,2.0794415416798357
Samsung_SNH_1011_N_Webcam,100,17,24221,local_center_peer_scale,0.9989169200000001,0.9455738693467337,0.326,1.0,0.125,2.0794415416798357
Samsung_SNH_1011_N_Webcam,100,17,24221,soft_mean,0.99901988,0.9507477386934674,0.3306,1.0,0.24577786319178235,1.9590109560128561
Samsung_SNH_1011_N_Webcam,100,17,24221,soft_mean_scale,0.9968964800000001,0.8440442211055277,0.3446,1.0,0.49718080816593613,1.322977077918642
Samsung_SNH_1011_N_Webcam,100,18,10853,shared_oas,0.9995767600000001,0.9787316582914574,0.0302,1.0,0.125,2.0794415416798357
Samsung_SNH_1011_N_Webcam,100,18,10853,local_center_peer_scale,0.999601,0.9799497487437187,0.0276,1.0,0.125,2.0794415416798357
Samsung_SNH_1011_N_Webcam,100,18,10853,soft_mean,0.99960116,0.9799577889447236,0.0308,1.0,0.2647351699296306,1.9392490804197717
Samsung_SNH_1011_N_Webcam,100,18,10853,soft_mean_scale,0.99960116,0.9799577889447236,0.0194,1.0,0.31075703860545806,1.9140826910233502
Samsung_SNH_1011_N_Webcam,100,19,1201,shared_oas,0.9990075199999999,0.9501266331658291,0.1714,1.0,0.125,2.0794415416798357
Samsung_SNH_1011_N_Webcam,100,19,1201,local_center_peer_scale,0.99886932,0.9431819095477387,0.1818,1.0,0.125,2.0794415416798357
Samsung_SNH_1011_N_Webcam,100,19,1201,soft_mean,0.99849108,0.9241748743718593,0.18,1.0,0.23408336291796172,1.965709467290353
Samsung_SNH_1011_N_Webcam,100,19,1201,soft_mean_scale,0.997749,0.8868844221105527,0.1684,1.0,0.32576259463744084,1.581888505497076
Samsung_SNH_1011_N_Webcam,100,20,26390,shared_oas,0.998684,0.9338693467336684,0.3834,1.0,0.125,2.0794415416798357
Samsung_SNH_1011_N_Webcam,100,20,26390,local_center_peer_scale,0.99897724,0.9486050251256282,0.396,1.0,0.125,2.0794415416798357
Samsung_SNH_1011_N_Webcam,100,20,26390,soft_mean,0.9990800400000001,0.9537708542713568,0.3982,1.0,0.2603748624818182,1.9502482704800368
Samsung_SNH_1011_N_Webcam,100,20,26390,soft_mean_scale,0.9972834,0.8634874371859296,0.3972,1.0,0.45495974065241834,1.4237521859449753
Samsung_SNH_1011_N_Webcam,100,21,30759,shared_oas,0.9973894400000001,0.8688160804020101,0.0528,1.0,0.125,2.0794415416798357
Samsung_SNH_1011_N_Webcam,100,21,30759,local_center_peer_scale,0.9972946399999999,0.8640522613065327,0.0514,1.0,0.125,2.0794415416798357
Samsung_SNH_1011_N_Webcam,100,21,30759,soft_mean,0.9972905599999999,0.8638472361809045,0.049,1.0,0.24721196638104173,1.9585637117176955
Samsung_SNH_1011_N_Webcam,100,21,30759,soft_mean_scale,0.99704784,0.8516502512562814,0.0448,1.0,0.3150398553839626,1.7315075065488772
Samsung_SNH_1011_N_Webcam,100,22,30802,shared_oas,0.99865804,0.932564824120603,0.5526,1.0,0.125,2.0794415416798357
Samsung_SNH_1011_N_Webcam,100,22,30802,local_center_peer_scale,0.99899096,0.9492944723618091,0.5666,1.0,0.125,2.0794415416798357
Samsung_SNH_1011_N_Webcam,100,22,30802,soft_mean,0.99901692,0.9505989949748744,0.565,1.0,0.2599969392149908,1.9418327182759136
Samsung_SNH_1011_N_Webcam,100,22,30802,soft_mean_scale,0.99757448,0.8781145728643216,0.5588,1.0,0.3878142087843083,1.5942589410012196
Samsung_SNH_1011_N_Webcam,100,23,11501,shared_oas,0.99867428,0.933380904522613,0.2606,1.0,0.125,2.0794415416798357
Samsung_SNH_1011_N_Webcam,100,23,11501,local_center_peer_scale,0.99845456,0.9223396984924623,0.2654,1.0,0.125,2.0794415416798357
Samsung_SNH_1011_N_Webcam,100,23,11501,soft_mean,0.99822672,0.9108904522613065,0.2552,1.0,0.2552165769765855,1.9539297247485987
Samsung_SNH_1011_N_Webcam,100,23,11501,soft_mean_scale,0.9967345599999999,0.8359075376884422,0.2762,1.0,0.5171682406395945,1.2964465601216362
Samsung_SNH_1011_N_Webcam,100,24,13964,shared_oas,0.99839652,0.9194231155778894,0.2498,1.0,0.125,2.0794415416798357
Samsung_SNH_1011_N_Webcam,100,24,13964,local_center_peer_scale,0.99834688,0.9169286432160804,0.2302,1.0,0.125,2.0794415416798357
Samsung_SNH_1011_N_Webcam,100,24,13964,soft_mean,0.99834792,0.916980904522613,0.2206,1.0,0.235223267131081,1.9671327214850196
Samsung_SNH_1011_N_Webcam,100,24,13964,soft_mean_scale,0.99710588,0.8545668341708543,0.2422,1.0,0.43807587575945234,1.422802616153282
Samsung_SNH_1011_N_Webcam,100,25,12104,shared_oas,0.99904668,0.952094472361809,0.133,1.0,0.125,2.0794415416798357
Samsung_SNH_1011_N_Webcam,100,25,12104,local_center_peer_scale,0.99915728,0.9576522613065327,0.1302,1.0,0.125,2.0794415416798357
Samsung_SNH_1011_N_Webcam,100,25,12104,soft_mean,0.9988398399999999,0.9417005025125629,0.1346,1.0,0.23296485096335298,1.9721557738377646
Samsung_SNH_1011_N_Webcam,100,25,12104,soft_mean_scale,0.99753216,0.8759879396984924,0.1138,1.0,0.2622442288906165,1.7470899835963145
Samsung_SNH_1011_N_Webcam,100,26,4120,shared_oas,0.9992313199999999,0.9613728643216081,0.388,1.0,0.125,2.0794415416798357
Samsung_SNH_1011_N_Webcam,100,26,4120,local_center_peer_scale,0.9990262000000001,0.9510653266331659,0.395,1.0,0.125,2.0794415416798357
Samsung_SNH_1011_N_Webcam,100,26,4120,soft_mean,0.99903416,0.9514653266331659,0.393,1.0,0.24917303771854174,1.9498381915340417
Samsung_SNH_1011_N_Webcam,100,26,4120,soft_mean_scale,0.9969766800000001,0.8480743718592965,0.4008,1.0,0.467412414465215,1.3537385147812047
Samsung_SNH_1011_N_Webcam,100,27,8984,shared_oas,0.99936048,0.9678633165829147,0.1866,1.0,0.125,2.0794415416798357
Samsung_SNH_1011_N_Webcam,100,27,8984,local_center_peer_scale,0.99893064,0.9462633165829146,0.197,1.0,0.125,2.0794415416798357
Samsung_SNH_1011_N_Webcam,100,27,8984,soft_mean,0.99853116,0.9261889447236181,0.1956,1.0,0.22118450495902975,1.9929379526419346
Samsung_SNH_1011_N_Webcam,100,27,8984,soft_mean_scale,0.9978010399999999,0.8894994974874372,0.1846,1.0,0.3284040984689596,1.6184296973733652
Samsung_SNH_1011_N_Webcam,100,28,6384,shared_oas,0.99940388,0.9700442211055276,0.2338,1.0,0.125,2.0794415416798357
Samsung_SNH_1011_N_Webcam,100,28,6384,local_center_peer_scale,0.9995146,0.9756080402010051,0.2384,1.0,0.125,2.0794415416798357
Samsung_SNH_1011_N_Webcam,100,28,6384,soft_mean,0.99959988,0.9798934673366835,0.2398,1.0,0.23730153192093786,1.9743219162126788
Samsung_SNH_1011_N_Webcam,100,28,6384,soft_mean_scale,0.99791032,0.8949909547738694,0.225,1.0,0.32323808852589486,1.579329203542539
Samsung_SNH_1011_N_Webcam,100,29,32330,shared_oas,0.99922884,0.9612482412060301,0.9814,1.0,0.125,2.0794415416798357
Samsung_SNH_1011_N_Webcam,100,29,32330,local_center_peer_scale,0.99927632,0.9636341708542714,0.9904,1.0,0.125,2.0794415416798357
Samsung_SNH_1011_N_Webcam,100,29,32330,soft_mean,0.99928316,0.9639778894472362,0.9904,1.0,0.25136617792883786,1.9329976267093587
Samsung_SNH_1011_N_Webcam,100,29,32330,soft_mean_scale,0.99772188,0.8855216080402011,0.988,1.0,0.33436519423698724,1.5997697797389194
Samsung_SNH_1011_N_Webcam,300,0,33196,shared_oas,0.99967056,0.9836100502512563,0.0,0.0,0.125,2.0794415416798357
Samsung_SNH_1011_N_Webcam,300,0,33196,local_center_peer_scale,0.9976231600000001,0.9519095477386935,0.0,0.0,0.125,2.0794415416798357
Samsung_SNH_1011_N_Webcam,300,0,33196,soft_mean,0.9958815599999999,0.9220321608040201,0.0,0.0,0.24239355471879595,1.9578692092796322
Samsung_SNH_1011_N_Webcam,300,0,33196,soft_mean_scale,0.9940280800000001,0.8972683417085427,0.0,0.0,0.3418254971504815,1.8173063199791797
Samsung_SNH_1011_N_Webcam,300,1,29999,shared_oas,0.99683708,0.8410592964824121,0.1408,1.0,0.125,2.0794415416798357
Samsung_SNH_1011_N_Webcam,300,1,29999,local_center_peer_scale,0.9963134800000001,0.8147477386934674,0.1414,1.0,0.125,2.0794415416798357
Samsung_SNH_1011_N_Webcam,300,1,29999,soft_mean,0.9963071600000001,0.8144301507537689,0.1246,1.0,0.24495114731145867,1.9587855539749657
Samsung_SNH_1011_N_Webcam,300,1,29999,soft_mean_scale,0.9960522,0.8016180904522614,0.157,1.0,0.32960970857002736,1.7096730713328532
Samsung_SNH_1011_N_Webcam,300,2,28107,shared_oas,0.99904648,0.9520844221105528,0.5542,1.0,0.125,2.0794415416798357
Samsung_SNH_1011_N_Webcam,300,2,28107,local_center_peer_scale,0.99867608,0.9334713567839197,0.5516,1.0,0.125,2.0794415416798357
Samsung_SNH_1011_N_Webcam,300,2,28107,soft_mean,0.9988482799999999,0.9421246231155779,0.5572,1.0,0.25342585653921407,1.9581861076216038
Samsung_SNH_1011_N_Webcam,300,2,28107,soft_mean_scale,0.99775624,0.8872482412060301,0.5574,1.0,0.45942424392214015,1.3982072031446338
Samsung_SNH_1011_N_Webcam,300,3,26133,shared_oas,0.99601064,0.799529648241206,0.093,1.0,0.125,2.0794415416798357
Samsung_SNH_1011_N_Webcam,300,3,26133,local_center_peer_scale,0.99600384,0.7991879396984924,0.0924,1.0,0.125,2.0794415416798357
Samsung_SNH_1011_N_Webcam,300,3,26133,soft_mean,0.9959986000000001,0.7989246231155779,0.0858,1.0,0.25361874370498205,1.9578169350711394
Samsung_SNH_1011_N_Webcam,300,3,26133,soft_mean_scale,0.99619204,0.8086452261306533,0.1,1.0,0.33520925389689343,1.6996056917916373
Samsung_SNH_1011_N_Webcam,300,4,24923,shared_oas,0.99815332,0.9072020100502513,0.245,1.0,0.125,2.0794415416798357
Samsung_SNH_1011_N_Webcam,300,4,24923,local_center_peer_scale,0.99819036,0.9090633165829146,0.2456,1.0,0.125,2.0794415416798357
Samsung_SNH_1011_N_Webcam,300,4,24923,soft_mean,0.9981948,0.9092864321608041,0.2572,1.0,0.25295894042654754,1.9522632669694213
Samsung_SNH_1011_N_Webcam,300,4,24923,soft_mean_scale,0.99769476,0.8841587939698492,0.2192,1.0,0.3762105222529899,1.5202281016778771
Samsung_SNH_1011_N_Webcam,300,5,24448,shared_oas,0.9980587200000001,0.9024482412060302,0.4208,1.0,0.125,2.0794415416798357
Samsung_SNH_1011_N_Webcam,300,5,24448,local_center_peer_scale,0.99790508,0.8947276381909548,0.399,1.0,0.125,2.0794415416798357
Samsung_SNH_1011_N_Webcam,300,5,24448,soft_mean,0.99777004,0.8879417085427136,0.401,1.0,0.2500406701402589,1.9542650344350405
Samsung_SNH_1011_N_Webcam,300,5,24448,soft_mean_scale,0.9965603199999999,0.8271517587939698,0.3984,1.0,0.5275475200072279,1.2727588771959595
Samsung_SNH_1011_N_Webcam,300,6,23434,shared_oas,0.9976073599999999,0.8797668341708542,0.2016,1.0,0.125,2.0794415416798357
Samsung_SNH_1011_N_Webcam,300,6,23434,local_center_peer_scale,0.99780816,0.8898572864321608,0.2058,1.0,0.125,2.0794415416798357
Samsung_SNH_1011_N_Webcam,300,6,23434,soft_mean,0.99780932,0.8899155778894472,0.1924,1.0,0.23754354660845997,1.9718817094936014
Samsung_SNH_1011_N_Webcam,300,6,23434,soft_mean_scale,0.99669616,0.8339778894472362,0.2376,1.0,0.4770875748705558,1.3610278944287313
Samsung_SNH_1011_N_Webcam,300,7,24404,shared_oas,0.9978092,0.8899095477386935,0.4252,1.0,0.125,2.0794415416798357
Samsung_SNH_1011_N_Webcam,300,7,24404,local_center_peer_scale,0.99764996,0.8819075376884422,0.427,1.0,0.125,2.0794415416798357
Samsung_SNH_1011_N_Webcam,300,7,24404,soft_mean,0.9977548399999999,0.8871778894472362,0.424,1.0,0.24646515731401028,1.9590391274374142
Samsung_SNH_1011_N_Webcam,300,7,24404,soft_mean_scale,0.99672928,0.8356422110552764,0.41,1.0,0.5285895884366261,1.2696482192806893
Samsung_SNH_1011_N_Webcam,300,8,31166,shared_oas,0.94927364,0.7169809045226131,0.005,0.4042,0.125,2.0794415416798357
Samsung_SNH_1011_N_Webcam,300,8,31166,local_center_peer_scale,0.9452894000000001,0.7182854271356784,0.0048,0.4042,0.125,2.0794415416798357
Samsung_SNH_1011_N_Webcam,300,8,31166,soft_mean,0.95055344,0.722948743718593,0.005,0.4042,0.26011091171883893,1.9410633984953387
Samsung_SNH_1011_N_Webcam,300,8,31166,soft_mean_scale,0.93884624,0.6879618090452261,0.0058,0.405,0.4349049897832013,1.525041681671734
Samsung_SNH_1011_N_Webcam,300,9,18844,shared_oas,0.9272945600000001,0.7652542713567839,0.0,0.3954,0.125,2.0794415416798357
Samsung_SNH_1011_N_Webcam,300,9,18844,local_center_peer_scale,0.9259692800000001,0.7790994974874372,0.0,0.3984,0.125,2.0794415416798357
Samsung_SNH_1011_N_Webcam,300,9,18844,soft_mean,0.93035012,0.7780261306532663,0.0,0.4,0.24660912545443342,1.9306475829761929
Samsung_SNH_1011_N_Webcam,300,9,18844,soft_mean_scale,0.9215896,0.7440321608040201,0.0008,0.4,0.2991730238455265,1.7630059877127309
Samsung_SNH_1011_N_Webcam,300,10,18476,shared_oas,0.9992829599999999,0.9639678391959798,0.3798,1.0,0.125,2.0794415416798357
Samsung_SNH_1011_N_Webcam,300,10,18476,local_center_peer_scale,0.99847848,0.9235417085427136,0.3736,1.0,0.125,2.0794415416798357
Samsung_SNH_1011_N_Webcam,300,10,18476,soft_mean,0.9983255600000001,0.9158572864321608,0.38,1.0,0.2538012389465625,1.9453093270733035
Samsung_SNH_1011_N_Webcam,300,10,18476,soft_mean_scale,0.99717776,0.8581788944723618,0.3824,1.0,0.5435111712933846,1.2468215981607726
Samsung_SNH_1011_N_Webcam,300,11,14714,shared_oas,0.99914256,0.9569125628140704,0.0384,1.0,0.125,2.0794415416798357
Samsung_SNH_1011_N_Webcam,300,11,14714,local_center_peer_scale,0.99915764,0.9576703517587939,0.0354,1.0,0.125,2.0794415416798357
Samsung_SNH_1011_N_Webcam,300,11,14714,soft_mean,0.99916272,0.9579256281407036,0.0378,1.0,0.23409860308780714,1.9725758240370648
Samsung_SNH_1011_N_Webcam,300,11,14714,soft_mean_scale,0.99915832,0.9577045226130654,0.0338,1.0,0.2469245965524594,1.939322290741627
Samsung_SNH_1011_N_Webcam,300,12,17842,shared_oas,0.99793188,0.8960743718592964,0.2788,1.0,0.125,2.0794415416798357
Samsung_SNH_1011_N_Webcam,300,12,17842,local_center_peer_scale,0.99790016,0.8944804020100503,0.2726,1.0,0.125,2.0794415416798357
Samsung_SNH_1011_N_Webcam,300,12,17842,soft_mean,0.9979934,0.8991658291457287,0.2722,1.0,0.2503554528846304,1.949826360768177
Samsung_SNH_1011_N_Webcam,300,12,17842,soft_mean_scale,0.99676736,0.8375557788944723,0.2764,1.0,0.5403837131069537,1.2538105164401392
Samsung_SNH_1011_N_Webcam,300,13,10488,shared_oas,0.99820832,0.9099658291457287,0.4144,1.0,0.125,2.0794415416798357
Samsung_SNH_1011_N_Webcam,300,13,10488,local_center_peer_scale,0.99846284,0.9227557788944725,0.4204,1.0,0.125,2.0794415416798357
Samsung_SNH_1011_N_Webcam,300,13,10488,soft_mean,0.99846284,0.9227557788944725,0.4162,1.0,0.2612449775247259,1.9416790370617572
Samsung_SNH_1011_N_Webcam,300,13,10488,soft_mean_scale,0.9976480799999999,0.8818130653266332,0.4202,1.0,0.4414353577935298,1.44144155580158
Samsung_SNH_1011_N_Webcam,300,14,24291,shared_oas,0.99833744,0.916454271356784,0.3566,1.0,0.125,2.0794415416798357
Samsung_SNH_1011_N_Webcam,300,14,24291,local_center_peer_scale,0.9983989999999999,0.9195477386934674,0.3702,1.0,0.125,2.0794415416798357
Samsung_SNH_1011_N_Webcam,300,14,24291,soft_mean,0.99841812,0.920508542713568,0.371,1.0,0.24212122247354684,1.9641538349716812
Samsung_SNH_1011_N_Webcam,300,14,24291,soft_mean_scale,0.9974966399999999,0.8742030150753769,0.3684,1.0,0.5272815378780773,1.2700340757818531
Samsung_SNH_1011_N_Webcam,300,15,1974,shared_oas,0.9985835200000001,0.9288201005025125,0.2334,1.0,0.125,2.0794415416798357
Samsung_SNH_1011_N_Webcam,300,15,1974,local_center_peer_scale,0.99869792,0.9345688442211055,0.22,1.0,0.125,2.0794415416798357
Samsung_SNH_1011_N_Webcam,300,15,1974,soft_mean,0.9987001600000001,0.9346814070351759,0.2066,1.0,0.24115418379068956,1.957586706549335
Samsung_SNH_1011_N_Webcam,300,15,1974,soft_mean_scale,0.9980159200000001,0.9002974874371859,0.191,1.0,0.3565497308494605,1.5231295162694254
Samsung_SNH_1011_N_Webcam,300,16,32143,shared_oas,0.99922672,0.9611417085427136,0.0502,1.0,0.125,2.0794415416798357
Samsung_SNH_1011_N_Webcam,300,16,32143,local_center_peer_scale,0.9997514,0.9875075376884422,0.0552,1.0,0.125,2.0794415416798357
Samsung_SNH_1011_N_Webcam,300,16,32143,soft_mean,0.99975412,0.9876442211055276,0.0602,1.0,0.25184869359438966,1.934052798225169
Samsung_SNH_1011_N_Webcam,300,16,32143,soft_mean_scale,0.9997539599999999,0.9876361809045227,0.0628,1.0,0.26072695749616626,1.9128706265609825
Samsung_SNH_1011_N_Webcam,300,17,7113,shared_oas,0.99910324,0.9549366834170854,0.0536,1.0,0.125,2.0794415416798357
Samsung_SNH_1011_N_Webcam,300,17,7113,local_center_peer_scale,0.99934048,0.9668582914572864,0.0492,1.0,0.125,2.0794415416798357
Samsung_SNH_1011_N_Webcam,300,17,7113,soft_mean,0.99943116,0.9714150753768844,0.0524,1.0,0.261917692594279,1.9395286411057988
Samsung_SNH_1011_N_Webcam,300,17,7113,soft_mean_scale,0.9994298,0.9713467336683417,0.0348,1.0,0.2661870416509872,1.9275290650667265
Samsung_SNH_1011_N_Webcam,300,18,6387,shared_oas,0.99863692,0.9315035175879396,0.2738,1.0,0.125,2.0794415416798357
Samsung_SNH_1011_N_Webcam,300,18,6387,local_center_peer_scale,0.9985181599999999,0.9255356783919598,0.2382,1.0,0.125,2.0794415416798357
Samsung_SNH_1011_N_Webcam,300,18,6387,soft_mean,0.998537,0.9264824120603015,0.2606,1.0,0.25003451110052927,1.9599574408042446
Samsung_SNH_1011_N_Webcam,300,18,6387,soft_mean_scale,0.9974013199999999,0.8694130653266332,0.1866,1.0,0.3335648511158144,1.5697137083309456
Samsung_SNH_1011_N_Webcam,300,19,10604,shared_oas,0.99950896,0.9753246231155779,0.0256,1.0,0.125,2.0794415416798357
Samsung_SNH_1011_N_Webcam,300,19,10604,local_center_peer_scale,0.99960464,0.980132663316583,0.025,1.0,0.125,2.0794415416798357
Samsung_SNH_1011_N_Webcam,300,19,10604,soft_mean,0.99960476,0.9801386934673366,0.0282,1.0,0.26654810540903373,1.9378242880832919
Samsung_SNH_1011_N_Webcam,300,19,10604,soft_mean_scale,0.99968376,0.9841085427135678,0.0118,1.0,0.300476001490415,1.915054930306906
Samsung_SNH_1011_N_Webcam,300,20,2547,shared_oas,0.9992327200000001,0.9614432160804021,0.0634,1.0,0.125,2.0794415416798357
Samsung_SNH_1011_N_Webcam,300,20,2547,local_center_peer_scale,0.99938004,0.9688462311557788,0.0598,1.0,0.125,2.0794415416798357
Samsung_SNH_1011_N_Webcam,300,20,2547,soft_mean,0.99940328,0.9700140703517588,0.0622,1.0,0.23764031291256343,1.9647347156506236
Samsung_SNH_1011_N_Webcam,300,20,2547,soft_mean_scale,0.9993904,0.9693668341708543,0.0482,1.0,0.2526698722399865,1.9307792655559435
Samsung_SNH_1011_N_Webcam,300,21,26410,shared_oas,0.99821336,0.9102190954773869,0.0552,1.0,0.125,2.0794415416798357
Samsung_SNH_1011_N_Webcam,300,21,26410,local_center_peer_scale,0.99831988,0.9155718592964825,0.055,1.0,0.125,2.0794415416798357
Samsung_SNH_1011_N_Webcam,300,21,26410,soft_mean,0.99832356,0.915756783919598,0.0568,1.0,0.25715089061118684,1.9532714526914725
Samsung_SNH_1011_N_Webcam,300,21,26410,soft_mean_scale,0.99714892,0.856729648241206,0.0524,1.0,0.4751739518684396,1.3786555064161827
Samsung_SNH_1011_N_Webcam,300,22,30441,shared_oas,0.9975332,0.8760402010050251,0.111,1.0,0.125,2.0794415416798357
Samsung_SNH_1011_N_Webcam,300,22,30441,local_center_peer_scale,0.99758344,0.878564824120603,0.0796,1.0,0.125,2.0794415416798357
Samsung_SNH_1011_N_Webcam,300,22,30441,soft_mean,0.99758304,0.8785447236180906,0.0782,1.0,0.24723069773380688,1.9592614566647617
Samsung_SNH_1011_N_Webcam,300,22,30441,soft_mean_scale,0.9958497599999999,0.7914452261306533,0.1038,1.0,0.4392169008640318,1.3755738643836875
Samsung_SNH_1011_N_Webcam,300,23,2761,shared_oas,0.9975604800000001,0.8774110552763819,0.0714,1.0,0.125,2.0794415416798357
Samsung_SNH_1011_N_Webcam,300,23,2761,local_center_peer_scale,0.99728276,0.8634552763819097,0.0694,1.0,0.125,2.0794415416798357
Samsung_SNH_1011_N_Webcam,300,23,2761,soft_mean,0.99734076,0.8663698492462312,0.067,1.0,0.24517991730611002,1.9550544495281659
Samsung_SNH_1011_N_Webcam,300,23,2761,soft_mean_scale,0.99712532,0.8555437185929649,0.0704,1.0,0.32216975473325465,1.6936485182917553
Samsung_SNH_1011_N_Webcam,300,24,14780,shared_oas,0.9991526,0.9574170854271357,0.052,1.0,0.125,2.0794415416798357
Samsung_SNH_1011_N_Webcam,300,24,14780,local_center_peer_scale,0.99916588,0.9580844221105529,0.0468,1.0,0.125,2.0794415416798357
Samsung_SNH_1011_N_Webcam,300,24,14780,soft_mean,0.99916828,0.9582050251256282,0.0506,1.0,0.23441283128640641,1.9718138620629955
Samsung_SNH_1011_N_Webcam,300,24,14780,soft_mean_scale,0.999166,0.9580904522613065,0.0458,1.0,0.24293857528635798,1.941609185814107
Samsung_SNH_1011_N_Webcam,300,25,8864,shared_oas,0.99712552,0.8555537688442211,0.0416,1.0,0.125,2.0794415416798357
Samsung_SNH_1011_N_Webcam,300,25,8864,local_center_peer_scale,0.99684692,0.8415537688442212,0.0398,1.0,0.125,2.0794415416798357
Samsung_SNH_1011_N_Webcam,300,25,8864,soft_mean,0.9968414,0.8412763819095478,0.0416,1.0,0.23245841094055836,1.980700397839313
Samsung_SNH_1011_N_Webcam,300,25,8864,soft_mean_scale,0.9968454800000001,0.8414814070351759,0.035,1.0,0.23614945482337757,1.852608217070657
Samsung_SNH_1011_N_Webcam,300,26,26005,shared_oas,0.99645464,0.8218412060301508,0.0536,1.0,0.125,2.0794415416798357
Samsung_SNH_1011_N_Webcam,300,26,26005,local_center_peer_scale,0.9964898,0.8236080402010051,0.046,1.0,0.125,2.0794415416798357
Samsung_SNH_1011_N_Webcam,300,26,26005,soft_mean,0.99672872,0.8356140703517588,0.0476,1.0,0.2505503950237059,1.9617257683489062
Samsung_SNH_1011_N_Webcam,300,26,26005,soft_mean_scale,0.9963932799999999,0.8187577889447236,0.0434,1.0,0.30551696418162344,1.7262712404000422
Samsung_SNH_1011_N_Webcam,300,27,9451,shared_oas,0.9959782,0.7978994974874372,0.1004,1.0,0.125,2.0794415416798357
Samsung_SNH_1011_N_Webcam,300,27,9451,local_center_peer_scale,0.99581552,0.7897246231155779,0.0936,1.0,0.125,2.0794415416798357
Samsung_SNH_1011_N_Webcam,300,27,9451,soft_mean,0.9959728,0.7976281407035176,0.0908,1.0,0.2458354725077116,1.9703395674086712
Samsung_SNH_1011_N_Webcam,300,27,9451,soft_mean_scale,0.99574268,0.7860643216080402,0.1072,1.0,0.345902511536504,1.7043040062032282
Samsung_SNH_1011_N_Webcam,300,28,17467,shared_oas,0.9976200399999999,0.8804040201005026,0.286,1.0,0.125,2.0794415416798357
Samsung_SNH_1011_N_Webcam,300,28,17467,local_center_peer_scale,0.9977874400000001,0.88881608040201,0.2846,1.0,0.125,2.0794415416798357
Samsung_SNH_1011_N_Webcam,300,28,17467,soft_mean,0.99779868,0.8893809045226131,0.2872,1.0,0.2427238810480726,1.9587644017731236
Samsung_SNH_1011_N_Webcam,300,28,17467,soft_mean_scale,0.9969893599999999,0.8487115577889448,0.2918,1.0,0.4002722903577632,1.4770340606333434
Samsung_SNH_1011_N_Webcam,300,29,7418,shared_oas,0.9971019200000001,0.8543678391959799,0.0654,1.0,0.125,2.0794415416798357
Samsung_SNH_1011_N_Webcam,300,29,7418,local_center_peer_scale,0.9971317199999999,0.8558653266331657,0.0616,1.0,0.125,2.0794415416798357
Samsung_SNH_1011_N_Webcam,300,29,7418,soft_mean,0.99712088,0.8553206030150754,0.0632,1.0,0.26141118974160016,1.9390581904752324
Samsung_SNH_1011_N_Webcam,300,29,7418,soft_mean_scale,0.99675636,0.8370030150753769,0.0614,1.0,0.2779372979509405,1.7542102242240318
Samsung_SNH_1011_N_Webcam,1000,0,930,shared_oas,0.99846764,0.9229969849246231,0.0618,1.0,0.125,2.0794415416798357
Samsung_SNH_1011_N_Webcam,1000,0,930,local_center_peer_scale,0.99855184,0.9272281407035176,0.0526,1.0,0.125,2.0794415416798357
Samsung_SNH_1011_N_Webcam,1000,0,930,soft_mean,0.99855248,0.9272603015075378,0.057,1.0,0.24594425939998324,1.952980627964112
Samsung_SNH_1011_N_Webcam,1000,0,930,soft_mean_scale,0.99855204,0.9272381909547739,0.0562,1.0,0.2352441819545116,1.937395050814743
Samsung_SNH_1011_N_Webcam,1000,1,20948,shared_oas,0.99825456,0.9122894472361809,0.0786,1.0,0.125,2.0794415416798357
Samsung_SNH_1011_N_Webcam,1000,1,20948,local_center_peer_scale,0.9982608000000001,0.9126030150753769,0.0804,1.0,0.125,2.0794415416798357
Samsung_SNH_1011_N_Webcam,1000,1,20948,soft_mean,0.99834324,0.9167457286432161,0.08,1.0,0.2473724137198148,1.955989249000996
Samsung_SNH_1011_N_Webcam,1000,1,20948,soft_mean_scale,0.99833888,0.916526633165829,0.0796,1.0,0.2558974781845873,1.935538153424166
Samsung_SNH_1011_N_Webcam,1000,2,12337,shared_oas,0.9988007999999999,0.9397386934673366,0.0688,1.0,0.125,2.0794415416798357
Samsung_SNH_1011_N_Webcam,1000,2,12337,local_center_peer_scale,0.9988659599999999,0.9430130653266331,0.072,1.0,0.125,2.0794415416798357
Samsung_SNH_1011_N_Webcam,1000,2,12337,soft_mean,0.99886772,0.9431015075376884,0.072,1.0,0.2434203914965707,1.9620966864702118
Samsung_SNH_1011_N_Webcam,1000,2,12337,soft_mean_scale,0.9988661999999999,0.9430251256281407,0.0726,1.0,0.2504514235039428,1.9368353014538855
Samsung_SNH_1011_N_Webcam,1000,3,14698,shared_oas,0.9959585599999999,0.7969125628140703,0.0,0.5872,0.125,2.0794415416798357
Samsung_SNH_1011_N_Webcam,1000,3,14698,local_center_peer_scale,0.99749444,0.8740924623115578,0.0,0.5944,0.125,2.0794415416798357
Samsung_SNH_1011_N_Webcam,1000,3,14698,soft_mean,0.99733292,0.865975879396985,0.0,0.5944,0.2446000356548448,1.9531894175021747
Samsung_SNH_1011_N_Webcam,1000,3,14698,soft_mean_scale,0.99733268,0.8659638190954774,0.0,0.5928,0.2634795741761678,1.9305540421255318
Samsung_SNH_1011_N_Webcam,1000,4,27352,shared_oas,0.9994732399999999,0.9735296482412061,0.043,1.0,0.125,2.0794415416798357
Samsung_SNH_1011_N_Webcam,1000,4,27352,local_center_peer_scale,0.99940636,0.9701688442211056,0.0422,1.0,0.125,2.0794415416798357
Samsung_SNH_1011_N_Webcam,1000,4,27352,soft_mean,0.99948676,0.9742090452261307,0.0432,1.0,0.25997901351990216,1.9473602931699006
Samsung_SNH_1011_N_Webcam,1000,4,27352,soft_mean_scale,0.99948096,0.9739175879396985,0.0364,1.0,0.2646163728629456,1.9270580745187964
Samsung_SNH_1011_N_Webcam,1000,5,14977,shared_oas,0.99200812,0.8010653266331659,0.0,0.0,0.125,2.0794415416798357
Samsung_SNH_1011_N_Webcam,1000,5,14977,local_center_peer_scale,0.9971483600000001,0.8567015075376885,0.0,0.0,0.125,2.0794415416798357
Samsung_SNH_1011_N_Webcam,1000,5,14977,soft_mean,0.99722924,0.8607658291457287,0.0,0.0,0.26017068871009874,1.932925922599592
Samsung_SNH_1011_N_Webcam,1000,5,14977,soft_mean_scale,0.99722868,0.8607376884422111,0.0,0.0,0.2971717446437283,1.8458703655150903
Samsung_SNH_1011_N_Webcam,1000,6,1723,shared_oas,0.9989430800000001,0.9468884422110553,0.088,1.0,0.125,2.0794415416798357
Samsung_SNH_1011_N_Webcam,1000,6,1723,local_center_peer_scale,0.99847256,0.9232442211055276,0.0766,1.0,0.125,2.0794415416798357
Samsung_SNH_1011_N_Webcam,1000,6,1723,soft_mean,0.99847276,0.923254271356784,0.0756,1.0,0.24368366522960383,1.9571746237513383
Samsung_SNH_1011_N_Webcam,1000,6,1723,soft_mean_scale,0.99847276,0.923254271356784,0.0736,1.0,0.24536273997119118,1.9335151647461573
Samsung_SNH_1011_N_Webcam,1000,7,1417,shared_oas,0.99894008,0.9467376884422112,0.0934,1.0,0.125,2.0794415416798357
Samsung_SNH_1011_N_Webcam,1000,7,1417,local_center_peer_scale,0.9988114,0.9402713567839196,0.0796,1.0,0.125,2.0794415416798357
Samsung_SNH_1011_N_Webcam,1000,7,1417,soft_mean,0.9988185199999999,0.9406291457286432,0.0856,1.0,0.24268944796098035,1.9582259674359275
Samsung_SNH_1011_N_Webcam,1000,7,1417,soft_mean_scale,0.9986488,0.9321005025125628,0.0726,1.0,0.2322615886217292,1.9342756091339568
Samsung_SNH_1011_N_Webcam,1000,8,24722,shared_oas,0.99865724,0.9325246231155779,0.1158,1.0,0.125,2.0794415416798357
Samsung_SNH_1011_N_Webcam,1000,8,24722,local_center_peer_scale,0.99867664,0.9334994974874372,0.1168,1.0,0.125,2.0794415416798357
Samsung_SNH_1011_N_Webcam,1000,8,24722,soft_mean,0.99867792,0.9335638190954774,0.1178,1.0,0.2498066983301476,1.9576571034892574
Samsung_SNH_1011_N_Webcam,1000,8,24722,soft_mean_scale,0.99866368,0.9328482412060302,0.1172,1.0,0.25733489548902355,1.9314780839433703
Samsung_SNH_1011_N_Webcam,1000,9,2412,shared_oas,0.99912504,0.9560321608040201,0.0668,1.0,0.125,2.0794415416798357
Samsung_SNH_1011_N_Webcam,1000,9,2412,local_center_peer_scale,0.9985356799999999,0.9264160804020101,0.0586,1.0,0.125,2.0794415416798357
Samsung_SNH_1011_N_Webcam,1000,9,2412,soft_mean,0.99869076,0.9342090452261307,0.0592,1.0,0.2467952743158209,1.953024384346525
Samsung_SNH_1011_N_Webcam,1000,9,2412,soft_mean_scale,0.99869032,0.9341869346733669,0.0576,1.0,0.23164282563391095,1.9287086915046054
Samsung_SNH_1011_N_Webcam,1000,10,30756,shared_oas,0.94529056,0.6961487437185929,0.006,0.4006,0.125,2.0794415416798357
Samsung_SNH_1011_N_Webcam,1000,10,30756,local_center_peer_scale,0.9420168400000001,0.6984522613065327,0.006,0.4006,0.125,2.0794415416798357
Samsung_SNH_1011_N_Webcam,1000,10,30756,soft_mean,0.94556384,0.7008301507537689,0.0058,0.4006,0.2672254064953658,1.930601566695902
Samsung_SNH_1011_N_Webcam,1000,10,30756,soft_mean_scale,0.9380011199999999,0.6929768844221105,0.0106,0.4008,0.30216803223346733,1.7808649548802533
Samsung_SNH_1011_N_Webcam,1000,11,308,shared_oas,0.99949088,0.9744160804020101,0.0124,1.0,0.125,2.0794415416798357
Samsung_SNH_1011_N_Webcam,1000,11,308,local_center_peer_scale,0.9995842,0.979105527638191,0.011,1.0,0.125,2.0794415416798357
Samsung_SNH_1011_N_Webcam,1000,11,308,soft_mean,0.99958912,0.9793527638190955,0.0104,1.0,0.253969234694057,1.9344395258837928
Samsung_SNH_1011_N_Webcam,1000,11,308,soft_mean_scale,0.9995866,0.9792261306532664,0.0108,1.0,0.2737249968258725,1.923871874754989
Samsung_SNH_1011_N_Webcam,1000,12,33491,shared_oas,0.98867812,0.8036140703517588,0.0,0.5164,0.125,2.0794415416798357
Samsung_SNH_1011_N_Webcam,1000,12,33491,local_center_peer_scale,0.9989927200000001,0.9706713567839197,0.0,0.476,0.125,2.0794415416798357
Samsung_SNH_1011_N_Webcam,1000,12,33491,soft_mean,0.99874344,0.9609527638190956,0.0,0.4516,0.2594900655116982,1.8898395092642644
Samsung_SNH_1011_N_Webcam,1000,12,33491,soft_mean_scale,0.99848264,0.9509608040201005,0.0,0.4668,0.3447097476827267,1.7630590918117357
Samsung_SNH_1011_N_Webcam,1000,13,6391,shared_oas,0.9988813999999999,0.9437889447236181,0.0494,1.0,0.125,2.0794415416798357
Samsung_SNH_1011_N_Webcam,1000,13,6391,local_center_peer_scale,0.99891668,0.9455618090452261,0.049,1.0,0.125,2.0794415416798357
Samsung_SNH_1011_N_Webcam,1000,13,6391,soft_mean,0.99891784,0.9456201005025126,0.0488,1.0,0.25679045564661074,1.95043841582925
Samsung_SNH_1011_N_Webcam,1000,13,6391,soft_mean_scale,0.9989178,0.9456180904522613,0.0498,1.0,0.2494669844398312,1.9346889824527826
Samsung_SNH_1011_N_Webcam,1000,14,1664,shared_oas,0.999398,0.969748743718593,0.089,1.0,0.125,2.0794415416798357
Samsung_SNH_1011_N_Webcam,1000,14,1664,local_center_peer_scale,0.9991624,0.9579095477386934,0.0836,1.0,0.125,2.0794415416798357
Samsung_SNH_1011_N_Webcam,1000,14,1664,soft_mean,0.99916276,0.9579276381909547,0.0848,1.0,0.24349447769781218,1.9577302381848392
Samsung_SNH_1011_N_Webcam,1000,14,1664,soft_mean_scale,0.99916272,0.9579256281407035,0.0854,1.0,0.24502823096485696,1.9340546963809182
Samsung_SNH_1011_N_Webcam,1000,15,21347,shared_oas,0.99908368,0.9539537688442211,0.0872,1.0,0.125,2.0794415416798357
Samsung_SNH_1011_N_Webcam,1000,15,21347,local_center_peer_scale,0.99835992,0.91758391959799,0.0772,1.0,0.125,2.0794415416798357
Samsung_SNH_1011_N_Webcam,1000,15,21347,soft_mean,0.9983606,0.9176180904522613,0.0762,1.0,0.24369774518787765,1.9591521773202853
Samsung_SNH_1011_N_Webcam,1000,15,21347,soft_mean_scale,0.99844068,0.9216422110552764,0.0756,1.0,0.24323323047874496,1.9325452322791807
Samsung_SNH_1011_N_Webcam,1000,16,28750,shared_oas,0.99474468,0.7359155778894473,0.0518,1.0,0.125,2.0794415416798357
Samsung_SNH_1011_N_Webcam,1000,16,28750,local_center_peer_scale,0.99470428,0.7338834170854271,0.0488,1.0,0.125,2.0794415416798357
Samsung_SNH_1011_N_Webcam,1000,16,28750,soft_mean,0.99469016,0.7331738693467337,0.0502,1.0,0.24093222959598576,1.9750386999327918
Samsung_SNH_1011_N_Webcam,1000,16,28750,soft_mean_scale,0.9946667199999999,0.7319959798994975,0.0578,1.0,0.36723768793652944,1.6531180834870667
Samsung_SNH_1011_N_Webcam,1000,17,33705,shared_oas,0.98751508,0.7988040201005024,0.0,0.0,0.125,2.0794415416798357
Samsung_SNH_1011_N_Webcam,1000,17,33705,local_center_peer_scale,0.99895156,0.9786994974874372,0.0,0.0,0.125,2.0794415416798357
Samsung_SNH_1011_N_Webcam,1000,17,33705,soft_mean,0.9986962,0.9709467336683417,0.0,0.0,0.24974889297802513,1.8883098981169943
Samsung_SNH_1011_N_Webcam,1000,17,33705,soft_mean_scale,0.99858056,0.9687396984924623,0.0,0.0,0.3737202430948904,1.7304403302364224
Samsung_SNH_1011_N_Webcam,1000,18,10872,shared_oas,0.99830412,0.9147798994974874,0.0558,1.0,0.125,2.0794415416798357
Samsung_SNH_1011_N_Webcam,1000,18,10872,local_center_peer_scale,0.99833708,0.9164361809045226,0.0536,1.0,0.125,2.0794415416798357
Samsung_SNH_1011_N_Webcam,1000,18,10872,soft_mean,0.9983396,0.9165628140703518,0.0548,1.0,0.2591874907297901,1.944704447990295
Samsung_SNH_1011_N_Webcam,1000,18,10872,soft_mean_scale,0.9982576000000001,0.9124422110552763,0.0548,1.0,0.2887036190663833,1.9235718349095343
Samsung_SNH_1011_N_Webcam,1000,19,19096,shared_oas,0.9990752,0.9535276381909548,0.0158,1.0,0.125,2.0794415416798357
Samsung_SNH_1011_N_Webcam,1000,19,19096,local_center_peer_scale,0.99911892,0.9557246231155778,0.0134,1.0,0.125,2.0794415416798357
Samsung_SNH_1011_N_Webcam,1000,19,19096,soft_mean,0.99912384,0.9559718592964823,0.0138,1.0,0.24970036831438736,1.9414177995318656
Samsung_SNH_1011_N_Webcam,1000,19,19096,soft_mean_scale,0.9991196,0.9557587939698493,0.0144,1.0,0.2614972984432144,1.9309855674003051
Samsung_SNH_1011_N_Webcam,1000,20,27638,shared_oas,0.99856184,0.9277306532663316,0.0444,1.0,0.125,2.0794415416798357
Samsung_SNH_1011_N_Webcam,1000,20,27638,local_center_peer_scale,0.99857724,0.9285045226130653,0.042,1.0,0.125,2.0794415416798357
Samsung_SNH_1011_N_Webcam,1000,20,27638,soft_mean,0.9985852000000001,0.9289045226130652,0.043,1.0,0.25912749125136875,1.949512474856565
Samsung_SNH_1011_N_Webcam,1000,20,27638,soft_mean_scale,0.9985702000000001,0.9281507537688443,0.0434,1.0,0.2554130030917092,1.93061779091427
Samsung_SNH_1011_N_Webcam,1000,21,20634,shared_oas,0.99925436,0.9625306532663316,0.1246,1.0,0.125,2.0794415416798357
Samsung_SNH_1011_N_Webcam,1000,21,20634,local_center_peer_scale,0.9990954,0.9545427135678393,0.1292,1.0,0.125,2.0794415416798357
Samsung_SNH_1011_N_Webcam,1000,21,20634,soft_mean,0.99917652,0.958619095477387,0.13,1.0,0.24899634011101388,1.9539505875164997
Samsung_SNH_1011_N_Webcam,1000,21,20634,soft_mean_scale,0.99917624,0.9586050251256282,0.132,1.0,0.26125996347036257,1.9328278477595902
Samsung_SNH_1011_N_Webcam,1000,22,4144,shared_oas,0.99924688,0.9621547738693468,0.0544,1.0,0.125,2.0794415416798357
Samsung_SNH_1011_N_Webcam,1000,22,4144,local_center_peer_scale,0.99894116,0.946791959798995,0.049,1.0,0.125,2.0794415416798357
Samsung_SNH_1011_N_Webcam,1000,22,4144,soft_mean,0.99894312,0.9468904522613066,0.0492,1.0,0.24502133503415044,1.9567549414176317
Samsung_SNH_1011_N_Webcam,1000,22,4144,soft_mean_scale,0.9989391999999999,0.9466934673366835,0.046,1.0,0.2459301287082873,1.9328538153057064
Samsung_SNH_1011_N_Webcam,1000,23,11654,shared_oas,0.99839892,0.9195437185929649,0.0612,1.0,0.125,2.0794415416798357
Samsung_SNH_1011_N_Webcam,1000,23,11654,local_center_peer_scale,0.99830664,0.9149065326633166,0.0586,1.0,0.125,2.0794415416798357
Samsung_SNH_1011_N_Webcam,1000,23,11654,soft_mean,0.99830672,0.914910552763819,0.058,1.0,0.24405867999200595,1.962834350518865
Samsung_SNH_1011_N_Webcam,1000,23,11654,soft_mean_scale,0.9983042400000001,0.9147859296482412,0.059,1.0,0.27415378302562105,1.9338753084759823
Samsung_SNH_1011_N_Webcam,1000,24,5461,shared_oas,0.9995504,0.9774070351758795,0.078,1.0,0.125,2.0794415416798357
Samsung_SNH_1011_N_Webcam,1000,24,5461,local_center_peer_scale,0.99955908,0.977843216080402,0.0686,1.0,0.125,2.0794415416798357
Samsung_SNH_1011_N_Webcam,1000,24,5461,soft_mean,0.99955928,0.9778532663316584,0.069,1.0,0.2535416170261464,1.950861599294237
Samsung_SNH_1011_N_Webcam,1000,24,5461,soft_mean_scale,0.99955912,0.9778452261306533,0.068,1.0,0.26766152586460795,1.9298437246928863
Samsung_SNH_1011_N_Webcam,1000,25,20946,shared_oas,0.99891204,0.9453286432160803,0.0736,1.0,0.125,2.0794415416798357
Samsung_SNH_1011_N_Webcam,1000,25,20946,local_center_peer_scale,0.99891836,0.945646231155779,0.0746,1.0,0.125,2.0794415416798357
Samsung_SNH_1011_N_Webcam,1000,25,20946,soft_mean,0.99891952,0.9457045226130654,0.0752,1.0,0.2474166058031467,1.9557198914320373
Samsung_SNH_1011_N_Webcam,1000,25,20946,soft_mean_scale,0.9989157599999999,0.9455155778894473,0.0746,1.0,0.25571270710235366,1.9355492908114555
Samsung_SNH_1011_N_Webcam,1000,26,12807,shared_oas,0.9988883999999999,0.9441407035175879,0.086,1.0,0.125,2.0794415416798357
Samsung_SNH_1011_N_Webcam,1000,26,12807,local_center_peer_scale,0.99902296,0.9509025125628141,0.0672,1.0,0.125,2.0794415416798357
Samsung_SNH_1011_N_Webcam,1000,26,12807,soft_mean,0.9990282,0.9511658291457286,0.0692,1.0,0.2467531171505249,1.95665727418347
Samsung_SNH_1011_N_Webcam,1000,26,12807,soft_mean_scale,0.9989356399999999,0.9465145728643216,0.0674,1.0,0.25729966894396733,1.940376140076009
Samsung_SNH_1011_N_Webcam,1000,27,22415,shared_oas,0.99701248,0.8498733668341709,0.168,1.0,0.125,2.0794415416798357
Samsung_SNH_1011_N_Webcam,1000,27,22415,local_center_peer_scale,0.9967428399999999,0.8363236180904523,0.1616,1.0,0.125,2.0794415416798357
Samsung_SNH_1011_N_Webcam,1000,27,22415,soft_mean,0.9968020000000001,0.8392964824120603,0.15,1.0,0.24689219668604798,1.9554011885586835
Samsung_SNH_1011_N_Webcam,1000,27,22415,soft_mean_scale,0.99682996,0.8407015075376885,0.1806,1.0,0.4139676650260747,1.5483605898408228
Samsung_SNH_1011_N_Webcam,1000,28,9177,shared_oas,0.99580908,0.7894010050251257,0.0618,1.0,0.125,2.0794415416798357
Samsung_SNH_1011_N_Webcam,1000,28,9177,local_center_peer_scale,0.99562836,0.7803195979899498,0.0622,1.0,0.125,2.0794415416798357
Samsung_SNH_1011_N_Webcam,1000,28,9177,soft_mean,0.995633,0.7805527638190954,0.0626,1.0,0.2594366893576897,1.954219832113449
Samsung_SNH_1011_N_Webcam,1000,28,9177,soft_mean_scale,0.99526952,0.7622874371859296,0.0608,1.0,0.35108778053787776,1.6917785249604531
Samsung_SNH_1011_N_Webcam,1000,29,3400,shared_oas,0.99655432,0.8268502512562814,0.1756,1.0,0.125,2.0794415416798357
Samsung_SNH_1011_N_Webcam,1000,29,3400,local_center_peer_scale,0.9965548799999999,0.8268783919597991,0.1748,1.0,0.125,2.0794415416798357
Samsung_SNH_1011_N_Webcam,1000,29,3400,soft_mean,0.9965333599999999,0.8257969849246232,0.1682,1.0,0.2481480990208445,1.9518872047400508
Samsung_SNH_1011_N_Webcam,1000,29,3400,soft_mean_scale,0.99577668,0.7877728643216081,0.1794,1.0,0.39743675201678735,1.5841181358495509
SimpleHome_XCS7_1002_WHT_Security_Camera,30,0,1704,shared_oas,0.99980868,0.9903859296482411,1.0,1.0,0.125,2.0794415416798357
SimpleHome_XCS7_1002_WHT_Security_Camera,30,0,1704,local_center_peer_scale,0.55592996,0.581929648241206,1.0,1.0,0.125,2.0794415416798357
SimpleHome_XCS7_1002_WHT_Security_Camera,30,0,1704,soft_mean,0.50191524,0.5717346733668341,1.0,1.0,0.5444126872156935,1.050883278684346
SimpleHome_XCS7_1002_WHT_Security_Camera,30,0,1704,soft_mean_scale,0.61858916,0.6046854271356784,1.0,1.0,0.9483080494306735,0.26938514465273183
SimpleHome_XCS7_1002_WHT_Security_Camera,30,1,4165,shared_oas,0.99911264,0.957505527638191,0.0604,1.0,0.125,2.0794415416798357
SimpleHome_XCS7_1002_WHT_Security_Camera,30,1,4165,local_center_peer_scale,0.9985027200000001,0.9285587939698492,0.0622,1.0,0.125,2.0794415416798357
SimpleHome_XCS7_1002_WHT_Security_Camera,30,1,4165,soft_mean,0.99799684,0.9041366834170854,0.05,1.0,0.1978847957471664,2.0139267589369023
SimpleHome_XCS7_1002_WHT_Security_Camera,30,1,4165,soft_mean_scale,0.9874271200000001,0.7448241206030151,0.036,0.9974,0.5819224696740113,1.0053606712546828
SimpleHome_XCS7_1002_WHT_Security_Camera,30,2,19763,shared_oas,0.9993268399999999,0.9674170854271356,0.101,1.0,0.125,2.0794415416798357
SimpleHome_XCS7_1002_WHT_Security_Camera,30,2,19763,local_center_peer_scale,0.99785868,0.8948522613065327,0.1028,1.0,0.125,2.0794415416798357
SimpleHome_XCS7_1002_WHT_Security_Camera,30,2,19763,soft_mean,0.9973156,0.8683437185929648,0.0762,1.0,0.21299262930758278,2.013039256579775
SimpleHome_XCS7_1002_WHT_Security_Camera,30,2,19763,soft_mean_scale,0.9888386800000001,0.7479437185929648,0.0362,1.0,0.61862920733167,1.0185227196312894
SimpleHome_XCS7_1002_WHT_Security_Camera,30,3,5928,shared_oas,0.999182,0.9612040201005025,0.1148,1.0,0.125,2.0794415416798357
SimpleHome_XCS7_1002_WHT_Security_Camera,30,3,5928,local_center_peer_scale,0.9985674,0.931348743718593,0.1588,1.0,0.125,2.0794415416798357
SimpleHome_XCS7_1002_WHT_Security_Camera,30,3,5928,soft_mean,0.99838308,0.9223356783919597,0.1276,1.0,0.20632582812301672,2.011125861480138
SimpleHome_XCS7_1002_WHT_Security_Camera,30,3,5928,soft_mean_scale,0.9893335600000001,0.7516502512562815,0.0806,1.0,0.5785672578324369,1.0168360985444318
SimpleHome_XCS7_1002_WHT_Security_Camera,30,4,27416,shared_oas,0.9990252399999999,0.95404824120603,0.2386,1.0,0.125,2.0794415416798357
SimpleHome_XCS7_1002_WHT_Security_Camera,30,4,27416,local_center_peer_scale,0.99856672,0.9319778894472361,0.1722,1.0,0.125,2.0794415416798357
SimpleHome_XCS7_1002_WHT_Security_Camera,30,4,27416,soft_mean,0.998324,0.9202914572864322,0.1666,1.0,0.22034424942176517,1.9962183046939426
SimpleHome_XCS7_1002_WHT_Security_Camera,30,4,27416,soft_mean_scale,0.98255936,0.750251256281407,0.1436,1.0,0.6605635744543353,0.8687743756903324
SimpleHome_XCS7_1002_WHT_Security_Camera,30,5,15038,shared_oas,0.99893628,0.9477668341708543,0.0262,1.0,0.125,2.0794415416798357
SimpleHome_XCS7_1002_WHT_Security_Camera,30,5,15038,local_center_peer_scale,0.99866076,0.9344281407035178,0.0244,0.9998,0.125,2.0794415416798357
SimpleHome_XCS7_1002_WHT_Security_Camera,30,5,15038,soft_mean,0.99808132,0.905348743718593,0.0256,0.9998,0.17149561879726052,2.051063546576964
SimpleHome_XCS7_1002_WHT_Security_Camera,30,5,15038,soft_mean_scale,0.991373,0.7667497487437186,0.0098,0.6428,0.44860452356904934,1.0863968237181294
SimpleHome_XCS7_1002_WHT_Security_Camera,30,6,26233,shared_oas,0.99939172,0.9704723618090452,0.2996,1.0,0.125,2.0794415416798357
SimpleHome_XCS7_1002_WHT_Security_Camera,30,6,26233,local_center_peer_scale,0.99862904,0.9328984924623116,0.3116,1.0,0.125,2.0794415416798357
SimpleHome_XCS7_1002_WHT_Security_Camera,30,6,26233,soft_mean,0.99835008,0.919608040201005,0.3038,1.0,0.21559380590150692,1.9949070084168317
SimpleHome_XCS7_1002_WHT_Security_Camera,30,6,26233,soft_mean_scale,0.98303948,0.7514874371859297,0.2528,1.0,0.712129639426779,0.8031838884652318
SimpleHome_XCS7_1002_WHT_Security_Camera,30,7,12047,shared_oas,0.9994594800000001,0.974094472361809,0.193,1.0,0.125,2.0794415416798357
SimpleHome_XCS7_1002_WHT_Security_Camera,30,7,12047,local_center_peer_scale,0.9991889199999999,0.9616804020100502,0.162,1.0,0.125,2.0794415416798357
SimpleHome_XCS7_1002_WHT_Security_Camera,30,7,12047,soft_mean,0.99882728,0.9441226130653266,0.168,1.0,0.2176516767442575,1.9955174644606597
SimpleHome_XCS7_1002_WHT_Security_Camera,30,7,12047,soft_mean_scale,0.9814309999999999,0.7494994974874373,0.1644,1.0,0.7925090333448297,0.6608990500151056
SimpleHome_XCS7_1002_WHT_Security_Camera,30,8,9042,shared_oas,0.998998,0.9521547738693468,0.332,1.0,0.125,2.0794415416798357
SimpleHome_XCS7_1002_WHT_Security_Camera,30,8,9042,local_center_peer_scale,0.99846068,0.9267155778894471,0.261,1.0,0.125,2.0794415416798357
SimpleHome_XCS7_1002_WHT_Security_Camera,30,8,9042,soft_mean,0.99833668,0.9214291457286433,0.1676,1.0,0.21705152164779046,2.007802278273612
SimpleHome_XCS7_1002_WHT_Security_Camera,30,8,9042,soft_mean_scale,0.98639432,0.7405105527638192,0.0638,1.0,0.6542639132745834,0.9394599301731958
SimpleHome_XCS7_1002_WHT_Security_Camera,30,9,21427,shared_oas,0.9993928,0.9711035175879398,0.2312,1.0,0.125,2.0794415416798357
SimpleHome_XCS7_1002_WHT_Security_Camera,30,9,21427,local_center_peer_scale,0.99891112,0.9486512562814071,0.1586,1.0,0.125,2.0794415416798357
SimpleHome_XCS7_1002_WHT_Security_Camera,30,9,21427,soft_mean,0.99855236,0.9316623115577889,0.1224,1.0,0.21958382277020713,2.0048253351505787
SimpleHome_XCS7_1002_WHT_Security_Camera,30,9,21427,soft_mean_scale,0.98233456,0.7458030150753769,0.1096,1.0,0.6651047448492566,0.8938811086015856
SimpleHome_XCS7_1002_WHT_Security_Camera,30,10,9508,shared_oas,0.99927852,0.9655577889447235,0.0798,1.0,0.125,2.0794415416798357
SimpleHome_XCS7_1002_WHT_Security_Camera,30,10,9508,local_center_peer_scale,0.99847424,0.9261005025125628,0.0666,1.0,0.125,2.0794415416798357
SimpleHome_XCS7_1002_WHT_Security_Camera,30,10,9508,soft_mean,0.99831756,0.9188964824120603,0.0632,1.0,0.20760139470054376,2.0164032972850796
SimpleHome_XCS7_1002_WHT_Security_Camera,30,10,9508,soft_mean_scale,0.9856588000000002,0.7477648241206031,0.0632,1.0,0.6038585298149368,0.9820296667871502
SimpleHome_XCS7_1002_WHT_Security_Camera,30,11,13214,shared_oas,0.99965268,0.9825969849246231,0.002,0.9968,0.125,2.0794415416798357
SimpleHome_XCS7_1002_WHT_Security_Camera,30,11,13214,local_center_peer_scale,0.9998194,0.990964824120603,0.0002,0.7006,0.125,2.0794415416798357
SimpleHome_XCS7_1002_WHT_Security_Camera,30,11,13214,soft_mean,0.99982556,0.9912723618090453,0.0002,0.6842,0.15111800038595982,2.070069001327612
SimpleHome_XCS7_1002_WHT_Security_Camera,30,11,13214,soft_mean_scale,0.99984416,0.9921748743718593,0.0,0.67,0.2500600919009277,1.9721064588415778
SimpleHome_XCS7_1002_WHT_Security_Camera,30,12,20398,shared_oas,0.99943112,0.9723075376884422,0.0778,1.0,0.125,2.0794415416798357
SimpleHome_XCS7_1002_WHT_Security_Camera,30,12,20398,local_center_peer_scale,0.99878296,0.9414130653266333,0.066,1.0,0.125,2.0794415416798357
SimpleHome_XCS7_1002_WHT_Security_Camera,30,12,20398,soft_mean,0.9985919200000001,0.9324301507537689,0.0554,1.0,0.21516643703833102,2.004016963332361
SimpleHome_XCS7_1002_WHT_Security_Camera,30,12,20398,soft_mean_scale,0.98923816,0.7454030150753769,0.0318,0.9992,0.5916727060748034,1.017943500893653
SimpleHome_XCS7_1002_WHT_Security_Camera,30,13,16965,shared_oas,0.99935004,0.9693467336683417,0.0692,1.0,0.125,2.0794415416798357
SimpleHome_XCS7_1002_WHT_Security_Camera,30,13,16965,local_center_peer_scale,0.9990144799999999,0.9535175879396984,0.069,1.0,0.125,2.0794415416798357
SimpleHome_XCS7_1002_WHT_Security_Camera,30,13,16965,soft_mean,0.99904824,0.9555296482412061,0.0538,1.0,0.1983755618314845,2.0288566066892866
SimpleHome_XCS7_1002_WHT_Security_Camera,30,13,16965,soft_mean_scale,0.99102592,0.763411055276382,0.0298,0.9972,0.5449974538109544,1.0670072490613984
SimpleHome_XCS7_1002_WHT_Security_Camera,30,14,8516,shared_oas,0.99951,0.9762934673366833,0.1188,1.0,0.125,2.0794415416798357
SimpleHome_XCS7_1002_WHT_Security_Camera,30,14,8516,local_center_peer_scale,0.99874204,0.9388824120603017,0.1226,1.0,0.125,2.0794415416798357
SimpleHome_XCS7_1002_WHT_Security_Camera,30,14,8516,soft_mean,0.9982091599999999,0.9131557788944724,0.091,1.0,0.20886012368317836,2.0136767781267815
SimpleHome_XCS7_1002_WHT_Security_Camera,30,14,8516,soft_mean_scale,0.98783696,0.7433246231155779,0.0512,1.0,0.5806461630465671,1.0237433431212906
SimpleHome_XCS7_1002_WHT_Security_Camera,30,15,14719,shared_oas,0.99915556,0.9590251256281407,0.197,1.0,0.125,2.0794415416798357
SimpleHome_XCS7_1002_WHT_Security_Camera,30,15,14719,local_center_peer_scale,0.99836532,0.9226814070351759,0.2878,1.0,0.125,2.0794415416798357
SimpleHome_XCS7_1002_WHT_Security_Camera,30,15,14719,soft_mean,0.99772664,0.8927718592964824,0.2472,1.0,0.249910779021264,1.9875753197365986
SimpleHome_XCS7_1002_WHT_Security_Camera,30,15,14719,soft_mean_scale,0.98004236,0.7440140703517588,0.237,1.0,0.7320590506458865,0.7973480549694107
SimpleHome_XCS7_1002_WHT_Security_Camera,30,16,6888,shared_oas,0.99933512,0.9689628140703518,0.0674,1.0,0.125,2.0794415416798357
SimpleHome_XCS7_1002_WHT_Security_Camera,30,16,6888,local_center_peer_scale,0.99916724,0.9611155778894471,0.0426,1.0,0.125,2.0794415416798357
SimpleHome_XCS7_1002_WHT_Security_Camera,30,16,6888,soft_mean,0.99901432,0.9537125628140704,0.0354,1.0,0.2059328645457498,2.0260569022396484
SimpleHome_XCS7_1002_WHT_Security_Camera,30,16,6888,soft_mean_scale,0.98921472,0.746070351758794,0.007,0.4948,0.595577900272834,1.0149866954855755
SimpleHome_XCS7_1002_WHT_Security_Camera,30,17,22762,shared_oas,0.999452,0.9732683417085428,0.0514,1.0,0.125,2.0794415416798357
SimpleHome_XCS7_1002_WHT_Security_Camera,30,17,22762,local_center_peer_scale,0.99806276,0.9042673366834172,0.0538,1.0,0.125,2.0794415416798357
SimpleHome_XCS7_1002_WHT_Security_Camera,30,17,22762,soft_mean,0.99771692,0.887451256281407,0.0358,1.0,0.2088070641526925,2.012149155530438
SimpleHome_XCS7_1002_WHT_Security_Camera,30,17,22762,soft_mean_scale,0.9898386,0.7423155778894472,0.0212,0.7224,0.5660446403643321,1.044255114521667
SimpleHome_XCS7_1002_WHT_Security_Camera,30,18,17752,shared_oas,0.99922652,0.9627095477386934,0.0506,1.0,0.125,2.0794415416798357
SimpleHome_XCS7_1002_WHT_Security_Camera,30,18,17752,local_center_peer_scale,0.999027,0.9525266331658292,0.0466,1.0,0.125,2.0794415416798357
SimpleHome_XCS7_1002_WHT_Security_Camera,30,18,17752,soft_mean,0.99871892,0.9371276381909548,0.0448,1.0,0.19616981010917584,2.0315995737173043
SimpleHome_XCS7_1002_WHT_Security_Camera,30,18,17752,soft_mean_scale,0.99645864,0.8938934673366834,0.049,1.0,0.4261621162059569,1.5218977232951971
SimpleHome_XCS7_1002_WHT_Security_Camera,30,19,21294,shared_oas,0.9990769599999999,0.9549165829145728,0.1944,1.0,0.125,2.0794415416798357
SimpleHome_XCS7_1002_WHT_Security_Camera,30,19,21294,local_center_peer_scale,0.9976360400000001,0.8835979899497488,0.2558,1.0,0.125,2.0794415416798357
SimpleHome_XCS7_1002_WHT_Security_Camera,30,19,21294,soft_mean,0.99727204,0.8659417085427136,0.2238,1.0,0.20317256948843088,2.0211487507474577
SimpleHome_XCS7_1002_WHT_Security_Camera,30,19,21294,soft_mean_scale,0.9889651199999999,0.7449829145728644,0.0818,1.0,0.5492288414816595,1.0648616998875977
SimpleHome_XCS7_1002_WHT_Security_Camera,30,20,16114,shared_oas,0.99982468,0.9912442211055277,0.0162,1.0,0.125,2.0794415416798357
SimpleHome_XCS7_1002_WHT_Security_Camera,30,20,16114,local_center_peer_scale,0.99982464,0.9912381909547738,0.0014,0.9992,0.125,2.0794415416798357
SimpleHome_XCS7_1002_WHT_Security_Camera,30,20,16114,soft_mean,0.99982488,0.9912502512562814,0.0018,0.9994,0.15809660736989511,2.070315383339402
SimpleHome_XCS7_1002_WHT_Security_Camera,30,20,16114,soft_mean_scale,0.9998248799999999,0.9912562814070351,0.0,0.7868,0.21863896912378858,2.0206727429990017
SimpleHome_XCS7_1002_WHT_Security_Camera,30,21,1139,shared_oas,0.9981981200000001,0.9464381909547739,0.6846,1.0,0.125,2.0794415416798357
SimpleHome_XCS7_1002_WHT_Security_Camera,30,21,1139,local_center_peer_scale,0.96263024,0.8694512562814071,0.9998,1.0,0.125,2.0794415416798357
SimpleHome_XCS7_1002_WHT_Security_Camera,30,21,1139,soft_mean,0.9606228800000001,0.8694793969849246,1.0,1.0,0.36910252539037064,1.571783452160123
SimpleHome_XCS7_1002_WHT_Security_Camera,30,21,1139,soft_mean_scale,0.951266,0.8352683417085427,0.9798,0.987,0.24120697305377783,1.7634393776158896
SimpleHome_XCS7_1002_WHT_Security_Camera,30,22,26802,shared_oas,0.9990264799999999,0.9544120603015076,0.2846,1.0,0.125,2.0794415416798357
SimpleHome_XCS7_1002_WHT_Security_Camera,30,22,26802,local_center_peer_scale,0.99843192,0.9267195979899499,0.2908,1.0,0.125,2.0794415416798357
SimpleHome_XCS7_1002_WHT_Security_Camera,30,22,26802,soft_mean,0.9980498400000001,0.9084844221105528,0.2748,1.0,0.22411027086142837,1.9904688496309024
SimpleHome_XCS7_1002_WHT_Security_Camera,30,22,26802,soft_mean_scale,0.97955132,0.7465587939698493,0.237,1.0,0.791973254947561,0.6679697690995972
SimpleHome_XCS7_1002_WHT_Security_Camera,30,23,854,shared_oas,0.99977988,0.9890552763819096,0.0004,0.8008,0.125,2.0794415416798357
SimpleHome_XCS7_1002_WHT_Security_Camera,30,23,854,local_center_peer_scale,0.9996920800000001,0.984994974874372,0.0002,0.1794,0.125,2.0794415416798357
SimpleHome_XCS7_1002_WHT_Security_Camera,30,23,854,soft_mean,0.9997294,0.9869407035175879,0.0,0.0056,0.1735533527885985,2.0651465162503264
SimpleHome_XCS7_1002_WHT_Security_Camera,30,23,854,soft_mean_scale,0.99851868,0.9289547738693467,0.0,0.0,0.34784235505550204,1.4168419784670183
SimpleHome_XCS7_1002_WHT_Security_Camera,30,24,18531,shared_oas,0.99915836,0.9599437185929649,0.0456,1.0,0.125,2.0794415416798357
SimpleHome_XCS7_1002_WHT_Security_Camera,30,24,18531,local_center_peer_scale,0.99908368,0.9567618090452261,0.0364,1.0,0.125,2.0794415416798357
SimpleHome_XCS7_1002_WHT_Security_Camera,30,24,18531,soft_mean,0.99882908,0.9440964824120603,0.036,1.0,0.19399957091948464,2.0411698860768737
SimpleHome_XCS7_1002_WHT_Security_Camera,30,24,18531,soft_mean_scale,0.99608884,0.8689608040201006,0.0458,0.9998,0.3387347618459691,1.5693944575843837
SimpleHome_XCS7_1002_WHT_Security_Camera,30,25,9419,shared_oas,0.9994388,0.9740844221105527,0.1754,1.0,0.125,2.0794415416798357
SimpleHome_XCS7_1002_WHT_Security_Camera,30,25,9419,local_center_peer_scale,0.9989404,0.9499899497487437,0.1358,1.0,0.125,2.0794415416798357
SimpleHome_XCS7_1002_WHT_Security_Camera,30,25,9419,soft_mean,0.9984192,0.9244763819095476,0.1324,1.0,0.21854292886376395,2.0058358354901116
SimpleHome_XCS7_1002_WHT_Security_Camera,30,25,9419,soft_mean_scale,0.980156,0.7537788944723618,0.134,1.0,0.6928711752306674,0.8284856189955714
SimpleHome_XCS7_1002_WHT_Security_Camera,30,26,9834,shared_oas,0.99993512,0.9967396984924624,0.0002,0.9716,0.125,2.0794415416798357
SimpleHome_XCS7_1002_WHT_Security_Camera,30,26,9834,local_center_peer_scale,0.9999228,0.9961206030150753,0.0,0.0,0.125,2.0794415416798357
SimpleHome_XCS7_1002_WHT_Security_Camera,30,26,9834,soft_mean,0.9999239600000001,0.9961788944723619,0.0,0.0,0.17162877065784055,2.054003011446426
SimpleHome_XCS7_1002_WHT_Security_Camera,30,26,9834,soft_mean_scale,0.99993232,0.9965989949748744,0.0,0.0,0.3509157830599506,1.8176119114690559
SimpleHome_XCS7_1002_WHT_Security_Camera,30,27,13722,shared_oas,0.99978624,0.9901869346733669,0.0664,1.0,0.125,2.0794415416798357
SimpleHome_XCS7_1002_WHT_Security_Camera,30,27,13722,local_center_peer_scale,0.9983211999999999,0.9171276381909548,0.0668,1.0,0.125,2.0794415416798357
SimpleHome_XCS7_1002_WHT_Security_Camera,30,27,13722,soft_mean,0.9975769600000001,0.880305527638191,0.062,1.0,0.21781631667014895,2.004930044393907
SimpleHome_XCS7_1002_WHT_Security_Camera,30,27,13722,soft_mean_scale,0.9835520400000001,0.7434170854271357,0.098,1.0,0.6371620885594999,0.8972571335327233
SimpleHome_XCS7_1002_WHT_Security_Camera,30,28,17274,shared_oas,0.9999560399999999,0.9977909547738694,0.0216,1.0,0.125,2.0794415416798357
SimpleHome_XCS7_1002_WHT_Security_Camera,30,28,17274,local_center_peer_scale,0.999997,0.9998492462311558,0.0086,1.0,0.125,2.0794415416798357
SimpleHome_XCS7_1002_WHT_Security_Camera,30,28,17274,soft_mean,0.99999752,0.9998753768844222,0.0082,1.0,0.15144954011334316,2.071404781339925
SimpleHome_XCS7_1002_WHT_Security_Camera,30,28,17274,soft_mean_scale,0.99999868,0.9999336683417085,0.0004,0.9998,0.27346995716057226,1.8778659549772638
SimpleHome_XCS7_1002_WHT_Security_Camera,30,29,29800,shared_oas,0.99988088,0.9940140703517588,1.0,1.0,0.125,2.0794415416798357
SimpleHome_XCS7_1002_WHT_Security_Camera,30,29,29800,local_center_peer_scale,0.42628296,0.6883356783919597,1.0,1.0,0.125,2.0794415416798357
SimpleHome_XCS7_1002_WHT_Security_Camera,30,29,29800,soft_mean,0.4111424,0.6657165829145728,1.0,1.0,0.4984516902901784,1.0646667565759058
SimpleHome_XCS7_1002_WHT_Security_Camera,30,29,29800,soft_mean_scale,0.41802668000000004,0.6329226130653266,1.0,1.0,0.37592480686601915,1.421659302070076
SimpleHome_XCS7_1002_WHT_Security_Camera,100,0,14079,shared_oas,0.99976696,0.9884804020100504,0.0002,0.78,0.125,2.0794415416798357
SimpleHome_XCS7_1002_WHT_Security_Camera,100,0,14079,local_center_peer_scale,0.99991068,0.9957045226130653,0.0,0.3448,0.125,2.0794415416798357
SimpleHome_XCS7_1002_WHT_Security_Camera,100,0,14079,soft_mean,0.9999106400000001,0.9956984924623116,0.0,0.2668,0.1984301704550302,2.0397024563271224
SimpleHome_XCS7_1002_WHT_Security_Camera,100,0,14079,soft_mean_scale,0.99990952,0.9957165829145729,0.0,0.0,0.37799756625708936,1.728080467026732
SimpleHome_XCS7_1002_WHT_Security_Camera,100,1,9280,shared_oas,0.99853852,0.9290271356783919,0.0666,1.0,0.125,2.0794415416798357
SimpleHome_XCS7_1002_WHT_Security_Camera,100,1,9280,local_center_peer_scale,0.99711468,0.8722311557788944,0.0448,1.0,0.125,2.0794415416798357
SimpleHome_XCS7_1002_WHT_Security_Camera,100,1,9280,soft_mean,0.9963184,0.865921608040201,0.0438,1.0,0.2150914955659375,2.0072753246395427
SimpleHome_XCS7_1002_WHT_Security_Camera,100,1,9280,soft_mean_scale,0.9918504400000001,0.7754251256281407,0.054,1.0,0.5654296172874491,1.23279112298384
SimpleHome_XCS7_1002_WHT_Security_Camera,100,2,30539,shared_oas,0.9994474400000001,0.9725266331658292,0.0,0.6026,0.125,2.0794415416798357
SimpleHome_XCS7_1002_WHT_Security_Camera,100,2,30539,local_center_peer_scale,0.91109188,0.8679839195979899,0.0,0.4964,0.125,2.0794415416798357
SimpleHome_XCS7_1002_WHT_Security_Camera,100,2,30539,soft_mean,0.91674708,0.8729688442211055,0.0,0.4798,0.17842698065211907,2.02916548703939
SimpleHome_XCS7_1002_WHT_Security_Camera,100,2,30539,soft_mean_scale,0.92196272,0.8709266331658292,0.0,0.0,0.2428572954655843,1.9452649216116615
SimpleHome_XCS7_1002_WHT_Security_Camera,100,3,20732,shared_oas,0.9989395600000001,0.9485507537688442,0.1238,1.0,0.125,2.0794415416798357
SimpleHome_XCS7_1002_WHT_Security_Camera,100,3,20732,local_center_peer_scale,0.99858592,0.9317226130653267,0.1214,1.0,0.125,2.0794415416798357
SimpleHome_XCS7_1002_WHT_Security_Camera,100,3,20732,soft_mean,0.9980528799999999,0.9057487437185929,0.13,1.0,0.2229655966489063,1.996952716493607
SimpleHome_XCS7_1002_WHT_Security_Camera,100,3,20732,soft_mean_scale,0.98636212,0.7494894472361808,0.1456,1.0,0.658517507390997,0.9048034937511532
SimpleHome_XCS7_1002_WHT_Security_Camera,100,4,11668,shared_oas,0.9994638,0.9731758793969849,0.0188,1.0,0.125,2.0794415416798357
SimpleHome_XCS7_1002_WHT_Security_Camera,100,4,11668,local_center_peer_scale,0.99964676,0.9824321608040201,0.0144,1.0,0.125,2.0794415416798357
SimpleHome_XCS7_1002_WHT_Security_Camera,100,4,11668,soft_mean,0.99965452,0.9827979899497488,0.0138,1.0,0.19017317693251548,2.0466383366404752
SimpleHome_XCS7_1002_WHT_Security_Camera,100,4,11668,soft_mean_scale,0.99966188,0.9831115577889448,0.0102,0.9984,0.36530699487981017,1.756818782445497
SimpleHome_XCS7_1002_WHT_Security_Camera,100,5,10234,shared_oas,0.9996562,0.982729648241206,0.0276,1.0,0.125,2.0794415416798357
SimpleHome_XCS7_1002_WHT_Security_Camera,100,5,10234,local_center_peer_scale,0.99990244,0.995097487437186,0.0214,1.0,0.125,2.0794415416798357
SimpleHome_XCS7_1002_WHT_Security_Camera,100,5,10234,soft_mean,0.9998969600000001,0.9948482412060302,0.0208,1.0,0.17708005191095938,2.0570908091902727
SimpleHome_XCS7_1002_WHT_Security_Camera,100,5,10234,soft_mean_scale,0.99988808,0.9946130653266332,0.015,0.9996,0.3202400188945592,1.8482129833652805
SimpleHome_XCS7_1002_WHT_Security_Camera,100,6,23987,shared_oas,0.9993683999999999,0.9706492462311558,0.1016,1.0,0.125,2.0794415416798357
SimpleHome_XCS7_1002_WHT_Security_Camera,100,6,23987,local_center_peer_scale,0.99902036,0.9549829145728643,0.1024,1.0,0.125,2.0794415416798357
SimpleHome_XCS7_1002_WHT_Security_Camera,100,6,23987,soft_mean,0.99888336,0.9506170854271356,0.099,1.0,0.21025874847677217,2.006442679521391
SimpleHome_XCS7_1002_WHT_Security_Camera,100,6,23987,soft_mean_scale,0.98693344,0.7443959798994976,0.076,1.0,0.617772426184684,0.9531332320472903
SimpleHome_XCS7_1002_WHT_Security_Camera,100,7,29417,shared_oas,0.99889324,0.9455819095477387,0.1636,1.0,0.125,2.0794415416798357
SimpleHome_XCS7_1002_WHT_Security_Camera,100,7,29417,local_center_peer_scale,0.99846952,0.9276703517587941,0.7564,1.0,0.125,2.0794415416798357
SimpleHome_XCS7_1002_WHT_Security_Camera,100,7,29417,soft_mean,0.99845528,0.9275517587939699,0.571,1.0,0.22903032605663529,2.0069051296360305
SimpleHome_XCS7_1002_WHT_Security_Camera,100,7,29417,soft_mean_scale,0.9889508,0.7795738693467337,0.0868,1.0,0.48612608162801524,1.0824527072263534
SimpleHome_XCS7_1002_WHT_Security_Camera,100,8,19847,shared_oas,0.99852556,0.9278432160804021,0.3164,1.0,0.125,2.0794415416798357
SimpleHome_XCS7_1002_WHT_Security_Camera,100,8,19847,local_center_peer_scale,0.9963162,0.8240964824120602,0.4224,1.0,0.125,2.0794415416798357
SimpleHome_XCS7_1002_WHT_Security_Camera,100,8,19847,soft_mean,0.99524744,0.7883115577889448,0.403,1.0,0.21321279683074215,2.002515797058844
SimpleHome_XCS7_1002_WHT_Security_Camera,100,8,19847,soft_mean_scale,0.98478772,0.7376984924623116,0.2292,1.0,0.6503648346165352,0.9437203122187898
SimpleHome_XCS7_1002_WHT_Security_Camera,100,9,21331,shared_oas,0.99833608,0.9184,0.052,1.0,0.125,2.0794415416798357
SimpleHome_XCS7_1002_WHT_Security_Camera,100,9,21331,local_center_peer_scale,0.9970243599999999,0.8840582914572865,0.0492,1.0,0.125,2.0794415416798357
SimpleHome_XCS7_1002_WHT_Security_Camera,100,9,21331,soft_mean,0.99593284,0.8826291457286433,0.0472,1.0,0.21343648338057225,2.0020104966037464
SimpleHome_XCS7_1002_WHT_Security_Camera,100,9,21331,soft_mean_scale,0.99303952,0.8179236180904522,0.0468,1.0,0.5355088754683058,1.2822884588746826
SimpleHome_XCS7_1002_WHT_Security_Camera,100,10,27644,shared_oas,0.9990806,0.9557206030150753,0.1144,1.0,0.125,2.0794415416798357
SimpleHome_XCS7_1002_WHT_Security_Camera,100,10,27644,local_center_peer_scale,0.9988037599999999,0.9427839195979899,0.1108,1.0,0.125,2.0794415416798357
SimpleHome_XCS7_1002_WHT_Security_Camera,100,10,27644,soft_mean,0.99874344,0.9406592964824121,0.1054,1.0,0.21404134986022738,1.9941058881573044
SimpleHome_XCS7_1002_WHT_Security_Camera,100,10,27644,soft_mean_scale,0.98830416,0.7588884422110553,0.0718,1.0,0.6121944994610834,0.958082447451722
SimpleHome_XCS7_1002_WHT_Security_Camera,100,11,666,shared_oas,0.99977972,0.9889306532663317,0.0054,1.0,0.125,2.0794415416798357
SimpleHome_XCS7_1002_WHT_Security_Camera,100,11,666,local_center_peer_scale,0.99990632,0.9952924623115578,0.0044,1.0,0.125,2.0794415416798357
SimpleHome_XCS7_1002_WHT_Security_Camera,100,11,666,soft_mean,0.99990716,0.9953346733668342,0.0044,1.0,0.1759088800941989,2.0556023133448047
SimpleHome_XCS7_1002_WHT_Security_Camera,100,11,666,soft_mean_scale,0.99990964,0.995459296482412,0.0042,1.0,0.2777608189533958,1.9567415003629938
SimpleHome_XCS7_1002_WHT_Security_Camera,100,12,11688,shared_oas,0.99953828,0.9767999999999999,0.0018,0.9984,0.125,2.0794415416798357
SimpleHome_XCS7_1002_WHT_Security_Camera,100,12,11688,local_center_peer_scale,0.99970804,0.9853306532663317,0.0,0.418,0.125,2.0794415416798357
SimpleHome_XCS7_1002_WHT_Security_Camera,100,12,11688,soft_mean,0.99972204,0.9860341708542715,0.0,0.418,0.18069665835214024,2.0532347348477598
SimpleHome_XCS7_1002_WHT_Security_Camera,100,12,11688,soft_mean_scale,0.9997619600000001,0.9880422110552765,0.0,0.418,0.34704051378197864,1.788958755104667
SimpleHome_XCS7_1002_WHT_Security_Camera,100,13,14250,shared_oas,0.8746618399999999,0.851529648241206,0.0,0.505,0.125,2.0794415416798357
SimpleHome_XCS7_1002_WHT_Security_Camera,100,13,14250,local_center_peer_scale,0.87300264,0.847051256281407,0.0,0.4818,0.125,2.0794415416798357
SimpleHome_XCS7_1002_WHT_Security_Camera,100,13,14250,soft_mean,0.8731165200000001,0.8458150753768844,0.0,0.4818,0.15656102574157488,2.066018171888344
SimpleHome_XCS7_1002_WHT_Security_Camera,100,13,14250,soft_mean_scale,0.8732040400000001,0.8448422110552765,0.0,0.4818,0.20313474819150995,1.9933837919375414
SimpleHome_XCS7_1002_WHT_Security_Camera,100,14,4686,shared_oas,0.99859412,0.9327417085427134,0.0954,1.0,0.125,2.0794415416798357
SimpleHome_XCS7_1002_WHT_Security_Camera,100,14,4686,local_center_peer_scale,0.9964868800000001,0.8435497487437187,0.0966,1.0,0.125,2.0794415416798357
SimpleHome_XCS7_1002_WHT_Security_Camera,100,14,4686,soft_mean,0.9949560000000001,0.7786412060301509,0.0904,1.0,0.21845229848361264,1.9996941192329223
SimpleHome_XCS7_1002_WHT_Security_Camera,100,14,4686,soft_mean_scale,0.98452644,0.744980904522613,0.086,1.0,0.6187507053891682,0.948587084460615
SimpleHome_XCS7_1002_WHT_Security_Camera,100,15,11310,shared_oas,0.99957976,0.9807819095477387,0.088,1.0,0.125,2.0794415416798357
SimpleHome_XCS7_1002_WHT_Security_Camera,100,15,11310,local_center_peer_scale,0.99903168,0.9559195979899499,0.0888,1.0,0.125,2.0794415416798357
SimpleHome_XCS7_1002_WHT_Security_Camera,100,15,11310,soft_mean,0.9986772399999999,0.9423698492462311,0.0872,1.0,0.2090772110864311,2.008001487235894
SimpleHome_XCS7_1002_WHT_Security_Camera,100,15,11310,soft_mean_scale,0.98741088,0.7502572864321608,0.0594,1.0,0.6035241940027265,0.9760730087995574
SimpleHome_XCS7_1002_WHT_Security_Camera,100,16,3600,shared_oas,0.9993052,0.9676582914572864,0.1684,1.0,0.125,2.0794415416798357
SimpleHome_XCS7_1002_WHT_Security_Camera,100,16,3600,local_center_peer_scale,0.99881008,0.9450010050251256,0.1696,1.0,0.125,2.0794415416798357
SimpleHome_XCS7_1002_WHT_Security_Camera,100,16,3600,soft_mean,0.9980836399999999,0.9116160804020101,0.1722,1.0,0.21213377045047652,2.006062890995309
SimpleHome_XCS7_1002_WHT_Security_Camera,100,16,3600,soft_mean_scale,0.98106612,0.7504482412060302,0.1658,1.0,0.6317330750306615,0.9225504245010882
SimpleHome_XCS7_1002_WHT_Security_Camera,100,17,21282,shared_oas,0.99933944,0.968024120603015,0.1008,1.0,0.125,2.0794415416798357
SimpleHome_XCS7_1002_WHT_Security_Camera,100,17,21282,local_center_peer_scale,0.99893852,0.9490974874371859,0.1418,1.0,0.125,2.0794415416798357
SimpleHome_XCS7_1002_WHT_Security_Camera,100,17,21282,soft_mean,0.9981658400000001,0.9114291457286432,0.1208,1.0,0.21083184991226875,2.0029261968190166
SimpleHome_XCS7_1002_WHT_Security_Camera,100,17,21282,soft_mean_scale,0.98727716,0.7464341708542714,0.06,1.0,0.6047755051237719,0.9786498776103927
SimpleHome_XCS7_1002_WHT_Security_Camera,100,18,20994,shared_oas,0.99591268,0.8883417085427135,0.0404,1.0,0.125,2.0794415416798357
SimpleHome_XCS7_1002_WHT_Security_Camera,100,18,20994,local_center_peer_scale,0.99443492,0.8718190954773869,0.0336,1.0,0.125,2.0794415416798357
SimpleHome_XCS7_1002_WHT_Security_Camera,100,18,20994,soft_mean,0.9942237199999999,0.8638834170854272,0.03,1.0,0.21821962235665837,2.001228968314376
SimpleHome_XCS7_1002_WHT_Security_Camera,100,18,20994,soft_mean_scale,0.9912753599999999,0.7811155778894473,0.0256,0.8032,0.5584160015900287,1.2439116505772465
SimpleHome_XCS7_1002_WHT_Security_Camera,100,19,20113,shared_oas,0.99910068,0.9566954773869347,0.1082,1.0,0.125,2.0794415416798357
SimpleHome_XCS7_1002_WHT_Security_Camera,100,19,20113,local_center_peer_scale,0.99743912,0.875764824120603,0.1116,1.0,0.125,2.0794415416798357
SimpleHome_XCS7_1002_WHT_Security_Camera,100,19,20113,soft_mean,0.99653804,0.8370592964824122,0.106,1.0,0.22063986064277147,1.998441718672776
SimpleHome_XCS7_1002_WHT_Security_Camera,100,19,20113,soft_mean_scale,0.9862032,0.7503055276381909,0.0856,1.0,0.633592382236443,0.9385593589289991
SimpleHome_XCS7_1002_WHT_Security_Camera,100,20,12808,shared_oas,0.9994102,0.9738894472361809,0.1036,1.0,0.125,2.0794415416798357
SimpleHome_XCS7_1002_WHT_Security_Camera,100,20,12808,local_center_peer_scale,0.99882132,0.9474170854271358,0.106,1.0,0.125,2.0794415416798357
SimpleHome_XCS7_1002_WHT_Security_Camera,100,20,12808,soft_mean,0.9987002,0.9453829145728644,0.1002,1.0,0.210370215327464,2.0099726615753255
SimpleHome_XCS7_1002_WHT_Security_Camera,100,20,12808,soft_mean_scale,0.9860174799999999,0.7402311557788945,0.0892,1.0,0.6151766137629868,0.9720708119606588
SimpleHome_XCS7_1002_WHT_Security_Camera,100,21,5893,shared_oas,0.9991998,0.9621346733668342,0.2318,1.0,0.125,2.0794415416798357
SimpleHome_XCS7_1002_WHT_Security_Camera,100,21,5893,local_center_peer_scale,0.9978452,0.8970572864321609,0.312,1.0,0.125,2.0794415416798357
SimpleHome_XCS7_1002_WHT_Security_Camera,100,21,5893,soft_mean,0.99696276,0.8578894472361809,0.308,1.0,0.2181695765359513,1.9949258276075597
SimpleHome_XCS7_1002_WHT_Security_Camera,100,21,5893,soft_mean_scale,0.98571984,0.7412783919597989,0.176,1.0,0.6126591404361993,0.968649540265313
SimpleHome_XCS7_1002_WHT_Security_Camera,100,22,9271,shared_oas,0.99923752,0.9640281407035176,0.3222,1.0,0.125,2.0794415416798357
SimpleHome_XCS7_1002_WHT_Security_Camera,100,22,9271,local_center_peer_scale,0.9979383199999999,0.900918592964824,0.3414,1.0,0.125,2.0794415416798357
SimpleHome_XCS7_1002_WHT_Security_Camera,100,22,9271,soft_mean,0.9974279599999999,0.8766472361809046,0.3286,1.0,0.21463830951421417,2.007810690890588
SimpleHome_XCS7_1002_WHT_Security_Camera,100,22,9271,soft_mean_scale,0.98634652,0.7344964824120603,0.1582,1.0,0.6367912433509265,0.9364783892276464
SimpleHome_XCS7_1002_WHT_Security_Camera,100,23,10137,shared_oas,0.99946204,0.973208040201005,0.0312,1.0,0.125,2.0794415416798357
SimpleHome_XCS7_1002_WHT_Security_Camera,100,23,10137,local_center_peer_scale,0.99968116,0.9839778894472362,0.0296,1.0,0.125,2.0794415416798357
SimpleHome_XCS7_1002_WHT_Security_Camera,100,23,10137,soft_mean,0.9996804,0.9839497487437187,0.0286,1.0,0.1621584915795027,2.0650770229108892
SimpleHome_XCS7_1002_WHT_Security_Camera,100,23,10137,soft_mean_scale,0.99968132,0.9840221105527638,0.0272,1.0,0.22656659968457735,1.9777234321763628
SimpleHome_XCS7_1002_WHT_Security_Camera,100,24,6615,shared_oas,0.99879948,0.9424080402010051,0.1028,1.0,0.125,2.0794415416798357
SimpleHome_XCS7_1002_WHT_Security_Camera,100,24,6615,local_center_peer_scale,0.99690576,0.8533226130653266,0.157,1.0,0.125,2.0794415416798357
SimpleHome_XCS7_1002_WHT_Security_Camera,100,24,6615,soft_mean,0.9959127200000001,0.8122251256281408,0.1376,1.0,0.2147282242777954,2.0007198051230253
SimpleHome_XCS7_1002_WHT_Security_Camera,100,24,6615,soft_mean_scale,0.98628712,0.7410130653266331,0.0688,1.0,0.6091394863802345,0.9673020996225367
SimpleHome_XCS7_1002_WHT_Security_Camera,100,25,12752,shared_oas,0.99986004,0.9933587939698492,0.0118,0.9976,0.125,2.0794415416798357
SimpleHome_XCS7_1002_WHT_Security_Camera,100,25,12752,local_center_peer_scale,0.99982772,0.9919316582914572,0.0008,0.9916,0.125,2.0794415416798357
SimpleHome_XCS7_1002_WHT_Security_Camera,100,25,12752,soft_mean,0.99979528,0.9904040201005027,0.001,0.9872,0.21110375936296516,2.0146338679043687
SimpleHome_XCS7_1002_WHT_Security_Camera,100,25,12752,soft_mean_scale,0.9983156799999999,0.9172924623115577,0.0004,0.6022,0.45927461870888214,1.3118289500078935
SimpleHome_XCS7_1002_WHT_Security_Camera,100,26,7098,shared_oas,0.99904472,0.9543879396984924,0.0736,1.0,0.125,2.0794415416798357
SimpleHome_XCS7_1002_WHT_Security_Camera,100,26,7098,local_center_peer_scale,0.99907488,0.9559035175879396,0.0568,1.0,0.125,2.0794415416798357
SimpleHome_XCS7_1002_WHT_Security_Camera,100,26,7098,soft_mean,0.99907256,0.9557165829145728,0.0556,1.0,0.21229462942867958,2.0090313963560327
SimpleHome_XCS7_1002_WHT_Security_Camera,100,26,7098,soft_mean_scale,0.99570136,0.8441467336683417,0.0576,1.0,0.5763236770652269,1.2258517397960749
SimpleHome_XCS7_1002_WHT_Security_Camera,100,27,29601,shared_oas,0.99915956,0.9600060301507538,0.1382,1.0,0.125,2.0794415416798357
SimpleHome_XCS7_1002_WHT_Security_Camera,100,27,29601,local_center_peer_scale,0.9965293999999999,0.8346753768844221,0.2932,1.0,0.125,2.0794415416798357
SimpleHome_XCS7_1002_WHT_Security_Camera,100,27,29601,soft_mean,0.9954917600000001,0.8011276381909548,0.269,1.0,0.22839554102902337,2.0032379577520745
SimpleHome_XCS7_1002_WHT_Security_Camera,100,27,29601,soft_mean_scale,0.98441992,0.745670351758794,0.0798,1.0,0.555292168668709,1.0214347741713796
SimpleHome_XCS7_1002_WHT_Security_Camera,100,28,19061,shared_oas,0.99909176,0.9570713567839195,0.0806,1.0,0.125,2.0794415416798357
SimpleHome_XCS7_1002_WHT_Security_Camera,100,28,19061,local_center_peer_scale,0.9988273200000001,0.9470391959798995,0.0838,1.0,0.125,2.0794415416798357
SimpleHome_XCS7_1002_WHT_Security_Camera,100,28,19061,soft_mean,0.9987721199999999,0.9456582914572864,0.0754,1.0,0.2080128537241898,2.0100453864881827
SimpleHome_XCS7_1002_WHT_Security_Camera,100,28,19061,soft_mean_scale,0.9866127600000001,0.770297487437186,0.051,1.0,0.5719142778891286,0.9935033013438768
SimpleHome_XCS7_1002_WHT_Security_Camera,100,29,19931,shared_oas,0.9969383199999999,0.8907115577889446,0.0496,1.0,0.125,2.0794415416798357
SimpleHome_XCS7_1002_WHT_Security_Camera,100,29,19931,local_center_peer_scale,0.9954805600000001,0.8827336683417086,0.0416,1.0,0.125,2.0794415416798357
SimpleHome_XCS7_1002_WHT_Security_Camera,100,29,19931,soft_mean,0.99505636,0.8739537688442212,0.04,1.0,0.21618272115711065,2.004304979440956
SimpleHome_XCS7_1002_WHT_Security_Camera,100,29,19931,soft_mean_scale,0.99159652,0.7775839195979899,0.0326,1.0,0.541015837822076,1.269422171548747
SimpleHome_XCS7_1002_WHT_Security_Camera,300,0,19135,shared_oas,0.9753218,0.5214854271356784,0.0,0.0,0.125,2.0794415416798357
SimpleHome_XCS7_1002_WHT_Security_Camera,300,0,19135,local_center_peer_scale,0.9786833199999999,0.5808361809045226,0.0,0.0,0.125,2.0794415416798357
SimpleHome_XCS7_1002_WHT_Security_Camera,300,0,19135,soft_mean,0.9783098399999999,0.5657386934673367,0.0,0.0,0.15651112104628917,2.0602835196331837
SimpleHome_XCS7_1002_WHT_Security_Camera,300,0,19135,soft_mean_scale,0.9767285199999999,0.5143015075376884,0.0,0.0,0.26286890777382493,1.8481478693592823
SimpleHome_XCS7_1002_WHT_Security_Camera,300,1,5558,shared_oas,0.9966367199999999,0.878321608040201,0.1038,1.0,0.125,2.0794415416798357
SimpleHome_XCS7_1002_WHT_Security_Camera,300,1,5558,local_center_peer_scale,0.9934042399999999,0.821278391959799,0.1044,1.0,0.125,2.0794415416798357
SimpleHome_XCS7_1002_WHT_Security_Camera,300,1,5558,soft_mean,0.99234476,0.8064904522613066,0.0992,1.0,0.21738254556851677,1.9965463592734216
SimpleHome_XCS7_1002_WHT_Security_Camera,300,1,5558,soft_mean_scale,0.9880656800000001,0.7402412060301509,0.078,1.0,0.6342685634661382,1.0807456797017876
SimpleHome_XCS7_1002_WHT_Security_Camera,300,2,744,shared_oas,0.99992676,0.9963195979899497,0.0044,1.0,0.125,2.0794415416798357
SimpleHome_XCS7_1002_WHT_Security_Camera,300,2,744,local_center_peer_scale,0.9999756399999999,0.998775879396985,0.0044,1.0,0.125,2.0794415416798357
SimpleHome_XCS7_1002_WHT_Security_Camera,300,2,744,soft_mean,0.99997652,0.9988201005025126,0.0036,1.0,0.1617190827991133,2.061812532870227
SimpleHome_XCS7_1002_WHT_Security_Camera,300,2,744,soft_mean_scale,0.99997808,0.9988984924623115,0.003,1.0,0.3264906428921944,1.9096284557079932
SimpleHome_XCS7_1002_WHT_Security_Camera,300,3,18512,shared_oas,0.9981555599999999,0.9076522613065328,0.0064,0.9706,0.125,2.0794415416798357
SimpleHome_XCS7_1002_WHT_Security_Camera,300,3,18512,local_center_peer_scale,0.9995904800000001,0.9797889447236181,0.0,0.617,0.125,2.0794415416798357
SimpleHome_XCS7_1002_WHT_Security_Camera,300,3,18512,soft_mean,0.9994462,0.9725447236180904,0.0,0.5876,0.20720540439658014,2.0309053065306584
SimpleHome_XCS7_1002_WHT_Security_Camera,300,3,18512,soft_mean_scale,0.99843652,0.9218673366834171,0.0,0.4616,0.31732577836431053,1.7022653247151025
SimpleHome_XCS7_1002_WHT_Security_Camera,300,4,29115,shared_oas,0.98319292,0.7409065326633166,0.028,0.608,0.125,2.0794415416798357
SimpleHome_XCS7_1002_WHT_Security_Camera,300,4,29115,local_center_peer_scale,0.9827140799999999,0.7408964824120603,0.0272,0.539,0.125,2.0794415416798357
SimpleHome_XCS7_1002_WHT_Security_Camera,300,4,29115,soft_mean,0.98269244,0.7409005025125628,0.0278,0.5756,0.23146572611007263,1.9985882969865452
SimpleHome_XCS7_1002_WHT_Security_Camera,300,4,29115,soft_mean_scale,0.9825139199999999,0.7408884422110553,0.0286,0.7142,0.3188970198270146,1.4520625620646082
SimpleHome_XCS7_1002_WHT_Security_Camera,300,5,17467,shared_oas,0.9984754800000001,0.9393386934673367,0.106,1.0,0.125,2.0794415416798357
SimpleHome_XCS7_1002_WHT_Security_Camera,300,5,17467,local_center_peer_scale,0.99625044,0.8732663316582915,0.1008,1.0,0.125,2.0794415416798357
SimpleHome_XCS7_1002_WHT_Security_Camera,300,5,17467,soft_mean,0.99427764,0.7996040201005026,0.0994,1.0,0.21275592451730715,1.9965171613358972
SimpleHome_XCS7_1002_WHT_Security_Camera,300,5,17467,soft_mean_scale,0.98248104,0.7118854271356784,0.0856,1.0,0.6135642102557337,0.9642109650514379
SimpleHome_XCS7_1002_WHT_Security_Camera,300,6,5568,shared_oas,0.9967813999999999,0.8742311557788944,0.11,1.0,0.125,2.0794415416798357
SimpleHome_XCS7_1002_WHT_Security_Camera,300,6,5568,local_center_peer_scale,0.9932803200000001,0.8213929648241207,0.111,1.0,0.125,2.0794415416798357
SimpleHome_XCS7_1002_WHT_Security_Camera,300,6,5568,soft_mean,0.99232388,0.8072844221105528,0.1068,1.0,0.2167239836955708,1.9964166967638508
SimpleHome_XCS7_1002_WHT_Security_Camera,300,6,5568,soft_mean_scale,0.98814248,0.7474854271356784,0.0856,1.0,0.633893730513187,1.0809477887229624
SimpleHome_XCS7_1002_WHT_Security_Camera,300,7,4713,shared_oas,0.9973493999999999,0.8733226130653267,0.1084,1.0,0.125,2.0794415416798357
SimpleHome_XCS7_1002_WHT_Security_Camera,300,7,4713,local_center_peer_scale,0.99458092,0.8115859296482412,0.1128,1.0,0.125,2.0794415416798357
SimpleHome_XCS7_1002_WHT_Security_Camera,300,7,4713,soft_mean,0.9932222799999999,0.7879859296482412,0.1048,1.0,0.2161314457569073,2.0028699181206564
SimpleHome_XCS7_1002_WHT_Security_Camera,300,7,4713,soft_mean_scale,0.9875582399999999,0.7448180904522613,0.0736,1.0,0.6304124644214695,1.1016863707159141
SimpleHome_XCS7_1002_WHT_Security_Camera,300,8,4623,shared_oas,0.99709644,0.8653065326633166,0.1268,1.0,0.125,2.0794415416798357
SimpleHome_XCS7_1002_WHT_Security_Camera,300,8,4623,local_center_peer_scale,0.99357708,0.7524120603015076,0.125,1.0,0.125,2.0794415416798357
SimpleHome_XCS7_1002_WHT_Security_Camera,300,8,4623,soft_mean,0.9917728,0.7433206030150754,0.124,1.0,0.21903795091844713,1.9978416260931926
SimpleHome_XCS7_1002_WHT_Security_Camera,300,8,4623,soft_mean_scale,0.9832853600000001,0.6899336683417086,0.1276,1.0,0.6587060680562525,0.9045829926687466
SimpleHome_XCS7_1002_WHT_Security_Camera,300,9,25024,shared_oas,0.99894512,0.9509226130653268,0.099,1.0,0.125,2.0794415416798357
SimpleHome_XCS7_1002_WHT_Security_Camera,300,9,25024,local_center_peer_scale,0.9967257199999999,0.8704542713567839,0.1016,1.0,0.125,2.0794415416798357
SimpleHome_XCS7_1002_WHT_Security_Camera,300,9,25024,soft_mean,0.99501432,0.8519618090452261,0.0976,1.0,0.2149186080967505,2.002513385416899
SimpleHome_XCS7_1002_WHT_Security_Camera,300,9,25024,soft_mean_scale,0.9876773999999999,0.7380884422110553,0.0746,1.0,0.6220071467573404,1.1075958414318559
SimpleHome_XCS7_1002_WHT_Security_Camera,300,10,23466,shared_oas,0.99636772,0.8888884422110552,0.1082,1.0,0.125,2.0794415416798357
SimpleHome_XCS7_1002_WHT_Security_Camera,300,10,23466,local_center_peer_scale,0.99302992,0.8293306532663316,0.1146,1.0,0.125,2.0794415416798357
SimpleHome_XCS7_1002_WHT_Security_Camera,300,10,23466,soft_mean,0.9920755600000001,0.8097206030150754,0.1106,1.0,0.21769665764352622,1.9969972808708918
SimpleHome_XCS7_1002_WHT_Security_Camera,300,10,23466,soft_mean_scale,0.9881457199999999,0.7480201005025126,0.0826,1.0,0.618292729110632,1.110152256551434
SimpleHome_XCS7_1002_WHT_Security_Camera,300,11,27782,shared_oas,0.9961140799999999,0.879913567839196,0.0954,1.0,0.125,2.0794415416798357
SimpleHome_XCS7_1002_WHT_Security_Camera,300,11,27782,local_center_peer_scale,0.99361312,0.8331497487437186,0.1002,1.0,0.125,2.0794415416798357
SimpleHome_XCS7_1002_WHT_Security_Camera,300,11,27782,soft_mean,0.99275948,0.8109065326633166,0.096,1.0,0.21621156103791078,1.9992367814763796
SimpleHome_XCS7_1002_WHT_Security_Camera,300,11,27782,soft_mean_scale,0.9890130399999999,0.7400462311557789,0.0798,1.0,0.6028498436154998,1.1426382937390434
SimpleHome_XCS7_1002_WHT_Security_Camera,300,12,9570,shared_oas,0.9962463199999999,0.8114251256281407,0.0028,0.5038,0.125,2.0794415416798357
SimpleHome_XCS7_1002_WHT_Security_Camera,300,12,9570,local_center_peer_scale,0.99601756,0.80001608040201,0.0,0.4228,0.125,2.0794415416798357
SimpleHome_XCS7_1002_WHT_Security_Camera,300,12,9570,soft_mean,0.99598364,0.7982170854271358,0.0,0.4228,0.2104846448452835,2.0160289574356396
SimpleHome_XCS7_1002_WHT_Security_Camera,300,12,9570,soft_mean_scale,0.99587872,0.7929346733668342,0.0,0.4228,0.30811067810581794,1.6762688379432245
SimpleHome_XCS7_1002_WHT_Security_Camera,300,13,8621,shared_oas,0.9989952799999999,0.9510994974874372,0.0818,1.0,0.125,2.0794415416798357
SimpleHome_XCS7_1002_WHT_Security_Camera,300,13,8621,local_center_peer_scale,0.9941218799999999,0.8443939698492462,0.0792,1.0,0.125,2.0794415416798357
SimpleHome_XCS7_1002_WHT_Security_Camera,300,13,8621,soft_mean,0.9930326,0.8213608040201006,0.074,1.0,0.21583574916302709,1.990600846413036
SimpleHome_XCS7_1002_WHT_Security_Camera,300,13,8621,soft_mean_scale,0.9880827199999999,0.7584020100502512,0.0542,1.0,0.605717798060565,1.1345629513119944
SimpleHome_XCS7_1002_WHT_Security_Camera,300,14,29261,shared_oas,0.99657568,0.8475638190954774,0.0544,1.0,0.125,2.0794415416798357
SimpleHome_XCS7_1002_WHT_Security_Camera,300,14,29261,local_center_peer_scale,0.99415304,0.8220422110552764,0.4108,1.0,0.125,2.0794415416798357
SimpleHome_XCS7_1002_WHT_Security_Camera,300,14,29261,soft_mean,0.9932206,0.8121447236180905,0.056,1.0,0.23635421146282165,1.9985140737284053
SimpleHome_XCS7_1002_WHT_Security_Camera,300,14,29261,soft_mean_scale,0.9895038800000001,0.7454532663316583,0.0496,1.0,0.4740886687869177,1.3173125388850835
SimpleHome_XCS7_1002_WHT_Security_Camera,300,15,24379,shared_oas,0.99510828,0.8422432160804021,0.074,1.0,0.125,2.0794415416798357
SimpleHome_XCS7_1002_WHT_Security_Camera,300,15,24379,local_center_peer_scale,0.99148988,0.7832221105527638,0.0772,1.0,0.125,2.0794415416798357
SimpleHome_XCS7_1002_WHT_Security_Camera,300,15,24379,soft_mean,0.9906556400000001,0.7682452261306534,0.0688,1.0,0.21556578085207148,2.0013368097830377
SimpleHome_XCS7_1002_WHT_Security_Camera,300,15,24379,soft_mean_scale,0.9873261600000001,0.7429527638190955,0.0368,1.0,0.6183899146345818,1.1205500117210665
SimpleHome_XCS7_1002_WHT_Security_Camera,300,16,27886,shared_oas,0.9964997600000001,0.8825105527638191,0.0948,1.0,0.125,2.0794415416798357
SimpleHome_XCS7_1002_WHT_Security_Camera,300,16,27886,local_center_peer_scale,0.99397572,0.8170472361809045,0.0988,1.0,0.125,2.0794415416798357
SimpleHome_XCS7_1002_WHT_Security_Camera,300,16,27886,soft_mean,0.9932331999999999,0.7996562814070352,0.0936,1.0,0.21697767694838407,2.0010010501249456
SimpleHome_XCS7_1002_WHT_Security_Camera,300,16,27886,soft_mean_scale,0.99027952,0.745019095477387,0.0756,1.0,0.6129651201205314,1.1257521348475803
SimpleHome_XCS7_1002_WHT_Security_Camera,300,17,8704,shared_oas,0.99868752,0.9367678391959797,0.123,1.0,0.125,2.0794415416798357
SimpleHome_XCS7_1002_WHT_Security_Camera,300,17,8704,local_center_peer_scale,0.99686376,0.8652422110552764,0.1204,1.0,0.125,2.0794415416798357
SimpleHome_XCS7_1002_WHT_Security_Camera,300,17,8704,soft_mean,0.9951524399999999,0.7952060301507538,0.1178,1.0,0.2173944484513211,1.9837499361028186
SimpleHome_XCS7_1002_WHT_Security_Camera,300,17,8704,soft_mean_scale,0.9859737199999999,0.744972864321608,0.1098,1.0,0.6572124789419943,0.9005267206717125
SimpleHome_XCS7_1002_WHT_Security_Camera,300,18,28660,shared_oas,0.99215584,0.74438391959799,0.0006,0.4876,0.125,2.0794415416798357
SimpleHome_XCS7_1002_WHT_Security_Camera,300,18,28660,local_center_peer_scale,0.99183232,0.7425085427135678,0.0,0.4212,0.125,2.0794415416798357
SimpleHome_XCS7_1002_WHT_Security_Camera,300,18,28660,soft_mean,0.99174116,0.7422130653266332,0.0,0.4212,0.2095539190710158,2.016573513970209
SimpleHome_XCS7_1002_WHT_Security_Camera,300,18,28660,soft_mean_scale,0.99165744,0.7389507537688442,0.0,0.4098,0.36999396693756037,1.641962571894343
SimpleHome_XCS7_1002_WHT_Security_Camera,300,19,13311,shared_oas,0.9950335600000001,0.874164824120603,0.0814,1.0,0.125,2.0794415416798357
SimpleHome_XCS7_1002_WHT_Security_Camera,300,19,13311,local_center_peer_scale,0.9915674000000001,0.7941949748743719,0.0842,1.0,0.125,2.0794415416798357
SimpleHome_XCS7_1002_WHT_Security_Camera,300,19,13311,soft_mean,0.99078616,0.7836381909547738,0.0754,1.0,0.21951858313106692,1.992676427022127
SimpleHome_XCS7_1002_WHT_Security_Camera,300,19,13311,soft_mean_scale,0.98727288,0.7488160804020101,0.0498,1.0,0.61986537315578,1.1112229704270211
SimpleHome_XCS7_1002_WHT_Security_Camera,300,20,11264,shared_oas,0.9971977200000001,0.8594592964824121,0.0034,0.5978,0.125,2.0794415416798357
SimpleHome_XCS7_1002_WHT_Security_Camera,300,20,11264,local_center_peer_scale,0.99679396,0.8391015075376884,0.0,0.4186,0.125,2.0794415416798357
SimpleHome_XCS7_1002_WHT_Security_Camera,300,20,11264,soft_mean,0.99646712,0.8226814070351759,0.0,0.4186,0.20607479752222882,2.020675603125083
SimpleHome_XCS7_1002_WHT_Security_Camera,300,20,11264,soft_mean_scale,0.996036,0.8009829145728644,0.0,0.4186,0.29382941432603565,1.6692373324929801
SimpleHome_XCS7_1002_WHT_Security_Camera,300,21,28652,shared_oas,0.9920292799999999,0.7479396984924623,0.0008,0.4958,0.125,2.0794415416798357
SimpleHome_XCS7_1002_WHT_Security_Camera,300,21,28652,local_center_peer_scale,0.99171012,0.746635175879397,0.0,0.4232,0.125,2.0794415416798357
SimpleHome_XCS7_1002_WHT_Security_Camera,300,21,28652,soft_mean,0.99164732,0.746337688442211,0.0,0.4232,0.20895371724228134,2.0181128915126423
SimpleHome_XCS7_1002_WHT_Security_Camera,300,21,28652,soft_mean_scale,0.99148424,0.7435195979899497,0.0,0.4202,0.37003703181966374,1.6443298055892743
SimpleHome_XCS7_1002_WHT_Security_Camera,300,22,13935,shared_oas,0.99749032,0.8738894472361809,0.023,1.0,0.125,2.0794415416798357
SimpleHome_XCS7_1002_WHT_Security_Camera,300,22,13935,local_center_peer_scale,0.99740144,0.8694190954773869,0.0168,1.0,0.125,2.0794415416798357
SimpleHome_XCS7_1002_WHT_Security_Camera,300,22,13935,soft_mean,0.99724976,0.8618050251256282,0.0164,1.0,0.20289130703568553,2.028572247495259
SimpleHome_XCS7_1002_WHT_Security_Camera,300,22,13935,soft_mean_scale,0.99696344,0.8474130653266332,0.0154,1.0,0.3227842711794577,1.7506879944619578
SimpleHome_XCS7_1002_WHT_Security_Camera,300,23,20791,shared_oas,0.99515668,0.8702030150753768,0.145,1.0,0.125,2.0794415416798357
SimpleHome_XCS7_1002_WHT_Security_Camera,300,23,20791,local_center_peer_scale,0.99245224,0.801051256281407,0.1376,1.0,0.125,2.0794415416798357
SimpleHome_XCS7_1002_WHT_Security_Camera,300,23,20791,soft_mean,0.99153372,0.7869246231155778,0.1294,1.0,0.21447509433259107,1.9977803763988904
SimpleHome_XCS7_1002_WHT_Security_Camera,300,23,20791,soft_mean_scale,0.9884782400000001,0.7419015075376885,0.0966,1.0,0.6222387396543891,1.107858346491575
SimpleHome_XCS7_1002_WHT_Security_Camera,300,24,10733,shared_oas,0.9997763199999999,0.9889306532663316,0.0822,1.0,0.125,2.0794415416798357
SimpleHome_XCS7_1002_WHT_Security_Camera,300,24,10733,local_center_peer_scale,0.9999028,0.9952422110552763,0.0832,1.0,0.125,2.0794415416798357
SimpleHome_XCS7_1002_WHT_Security_Camera,300,24,10733,soft_mean,0.9998546,0.9928542713567838,0.0824,1.0,0.19288197184783692,2.039810009412977
SimpleHome_XCS7_1002_WHT_Security_Camera,300,24,10733,soft_mean_scale,0.99955312,0.9777125628140704,0.0814,1.0,0.3836580430075753,1.7400470575454594
SimpleHome_XCS7_1002_WHT_Security_Camera,300,25,29466,shared_oas,0.99849384,0.9312381909547738,0.0564,1.0,0.125,2.0794415416798357
SimpleHome_XCS7_1002_WHT_Security_Camera,300,25,29466,local_center_peer_scale,0.9943002,0.8222693467336684,0.0564,1.0,0.125,2.0794415416798357
SimpleHome_XCS7_1002_WHT_Security_Camera,300,25,29466,soft_mean,0.99319336,0.8152763819095477,0.056,1.0,0.2270096728349288,1.9986659144075924
SimpleHome_XCS7_1002_WHT_Security_Camera,300,25,29466,soft_mean_scale,0.98899952,0.7490572864321609,0.0522,1.0,0.5232911094392909,1.2595277592872258
SimpleHome_XCS7_1002_WHT_Security_Camera,300,26,11660,shared_oas,0.9977280799999999,0.8866552763819096,0.0098,0.9924,0.125,2.0794415416798357
SimpleHome_XCS7_1002_WHT_Security_Camera,300,26,11660,local_center_peer_scale,0.99789128,0.8949587939698493,0.0008,0.6702,0.125,2.0794415416798357
SimpleHome_XCS7_1002_WHT_Security_Camera,300,26,11660,soft_mean,0.99693412,0.8470592964824121,0.001,0.6036,0.204970783704077,2.0150986412940677
SimpleHome_XCS7_1002_WHT_Security_Camera,300,26,11660,soft_mean_scale,0.99630996,0.8168643216080402,0.0002,0.51,0.31384986436097756,1.65079085536218
SimpleHome_XCS7_1002_WHT_Security_Camera,300,27,21624,shared_oas,0.99542884,0.8292180904522612,0.119,1.0,0.125,2.0794415416798357
SimpleHome_XCS7_1002_WHT_Security_Camera,300,27,21624,local_center_peer_scale,0.9909468,0.7569788944723619,0.1216,1.0,0.125,2.0794415416798357
SimpleHome_XCS7_1002_WHT_Security_Camera,300,27,21624,soft_mean,0.98980712,0.7495919597989951,0.1166,1.0,0.21888930144215946,1.9928243958097172
SimpleHome_XCS7_1002_WHT_Security_Camera,300,27,21624,soft_mean_scale,0.9875799599999999,0.7485386934673367,0.0978,1.0,0.625144415360093,1.1049273143652076
SimpleHome_XCS7_1002_WHT_Security_Camera,300,28,11213,shared_oas,0.9998332799999999,0.9916221105527638,0.0018,0.9986,0.125,2.0794415416798357
SimpleHome_XCS7_1002_WHT_Security_Camera,300,28,11213,local_center_peer_scale,0.99999344,0.9996703517587939,0.001,0.9986,0.125,2.0794415416798357
SimpleHome_XCS7_1002_WHT_Security_Camera,300,28,11213,soft_mean,0.99993452,0.9967095477386934,0.0002,0.9952,0.2037860327068301,2.025463644416702
SimpleHome_XCS7_1002_WHT_Security_Camera,300,28,11213,soft_mean_scale,0.9998913599999999,0.9945407035175879,0.0002,0.7438,0.29488161943181357,1.7273722392860673
SimpleHome_XCS7_1002_WHT_Security_Camera,300,29,11202,shared_oas,0.99758588,0.8834713567839196,0.0016,0.715,0.125,2.0794415416798357
SimpleHome_XCS7_1002_WHT_Security_Camera,300,29,11202,local_center_peer_scale,0.99716148,0.8660140703517588,0.0016,0.5674,0.125,2.0794415416798357
SimpleHome_XCS7_1002_WHT_Security_Camera,300,29,11202,soft_mean,0.996023,0.8382311557788944,0.0014,0.5126,0.20776714622723289,2.017870246359198
SimpleHome_XCS7_1002_WHT_Security_Camera,300,29,11202,soft_mean_scale,0.99499056,0.8176723618090453,0.0002,0.4272,0.30386566178918484,1.6636391902526593
SimpleHome_XCS7_1002_WHT_Security_Camera,1000,0,6964,shared_oas,0.99064708,0.7889889447236181,0.1454,1.0,0.125,2.0794415416798357
SimpleHome_XCS7_1002_WHT_Security_Camera,1000,0,6964,local_center_peer_scale,0.9879906399999999,0.7476522613065326,0.1524,1.0,0.125,2.0794415416798357
SimpleHome_XCS7_1002_WHT_Security_Camera,1000,0,6964,soft_mean,0.9875354399999999,0.7324140703517588,0.1486,1.0,0.21590765920667312,1.9966797642007605
SimpleHome_XCS7_1002_WHT_Security_Camera,1000,0,6964,soft_mean_scale,0.98609812,0.7199557788944724,0.1274,1.0,0.6355961555068199,1.0842580296923703
SimpleHome_XCS7_1002_WHT_Security_Camera,1000,1,8698,shared_oas,0.9968195999999999,0.8579839195979899,0.124,1.0,0.125,2.0794415416798357
SimpleHome_XCS7_1002_WHT_Security_Camera,1000,1,8698,local_center_peer_scale,0.9907906,0.7534512562814071,0.1296,1.0,0.125,2.0794415416798357
SimpleHome_XCS7_1002_WHT_Security_Camera,1000,1,8698,soft_mean,0.9899396399999999,0.7441809045226131,0.1234,1.0,0.21680987121910772,1.9930787379595354
SimpleHome_XCS7_1002_WHT_Security_Camera,1000,1,8698,soft_mean_scale,0.9871031600000001,0.7019015075376884,0.0962,1.0,0.6465330683841106,1.0528232712488201
SimpleHome_XCS7_1002_WHT_Security_Camera,1000,2,28907,shared_oas,0.9857218,0.7482814070351759,0.0,0.0,0.125,2.0794415416798357
SimpleHome_XCS7_1002_WHT_Security_Camera,1000,2,28907,local_center_peer_scale,0.98495692,0.7348562814070352,0.0,0.0,0.125,2.0794415416798357
SimpleHome_XCS7_1002_WHT_Security_Camera,1000,2,28907,soft_mean,0.98470924,0.7313386934673367,0.0,0.0,0.16325323738662792,2.0492065458364124
SimpleHome_XCS7_1002_WHT_Security_Camera,1000,2,28907,soft_mean_scale,0.984217,0.7193929648241206,0.0,0.0,0.23074830338606087,1.856299153946909
SimpleHome_XCS7_1002_WHT_Security_Camera,1000,3,13225,shared_oas,0.9962247200000001,0.8104020100502513,0.0758,1.0,0.125,2.0794415416798357
SimpleHome_XCS7_1002_WHT_Security_Camera,1000,3,13225,local_center_peer_scale,0.9960777599999999,0.8030552763819095,0.0762,1.0,0.125,2.0794415416798357
SimpleHome_XCS7_1002_WHT_Security_Camera,1000,3,13225,soft_mean,0.99560848,0.7794311557788944,0.0748,1.0,0.209674597303277,2.010426262804149
SimpleHome_XCS7_1002_WHT_Security_Camera,1000,3,13225,soft_mean_scale,0.99513748,0.7557346733668342,0.0708,1.0,0.317236261773339,1.6297853546730727
SimpleHome_XCS7_1002_WHT_Security_Camera,1000,4,3903,shared_oas,0.99588968,0.8246231155778895,0.1328,1.0,0.125,2.0794415416798357
SimpleHome_XCS7_1002_WHT_Security_Camera,1000,4,3903,local_center_peer_scale,0.9898364,0.7497989949748745,0.1372,1.0,0.125,2.0794415416798357
SimpleHome_XCS7_1002_WHT_Security_Camera,1000,4,3903,soft_mean,0.9883168800000001,0.7347979899497488,0.1296,1.0,0.21673470708536957,1.9933124105787752
SimpleHome_XCS7_1002_WHT_Security_Camera,1000,4,3903,soft_mean_scale,0.98618384,0.7196663316582914,0.1024,1.0,0.6507263493311032,1.0489542582346498
SimpleHome_XCS7_1002_WHT_Security_Camera,1000,5,5786,shared_oas,0.9961041599999999,0.8697668341708542,0.13,1.0,0.125,2.0794415416798357
SimpleHome_XCS7_1002_WHT_Security_Camera,1000,5,5786,local_center_peer_scale,0.99087184,0.7737809045226131,0.143,1.0,0.125,2.0794415416798357
SimpleHome_XCS7_1002_WHT_Security_Camera,1000,5,5786,soft_mean,0.99011564,0.7649105527638191,0.1404,1.0,0.2170583395344325,1.9905677086059113
SimpleHome_XCS7_1002_WHT_Security_Camera,1000,5,5786,soft_mean_scale,0.98779836,0.719451256281407,0.1252,1.0,0.6386984712453895,1.0668672617510662
SimpleHome_XCS7_1002_WHT_Security_Camera,1000,6,28718,shared_oas,0.98824968,0.7095316582914573,0.0166,0.4784,0.125,2.0794415416798357
SimpleHome_XCS7_1002_WHT_Security_Camera,1000,6,28718,local_center_peer_scale,0.9882934800000001,0.7017045226130654,0.0166,0.4778,0.125,2.0794415416798357
SimpleHome_XCS7_1002_WHT_Security_Camera,1000,6,28718,soft_mean,0.9882555199999999,0.7016984924623115,0.0166,0.4778,0.22326309401318362,2.00008258855095
SimpleHome_XCS7_1002_WHT_Security_Camera,1000,6,28718,soft_mean_scale,0.9880015999999999,0.6976201005025126,0.0168,0.4778,0.3527409851750829,1.5940706253009758
SimpleHome_XCS7_1002_WHT_Security_Camera,1000,7,4611,shared_oas,0.99295932,0.7785145728643216,0.0,0.048,0.125,2.0794415416798357
SimpleHome_XCS7_1002_WHT_Security_Camera,1000,7,4611,local_center_peer_scale,0.99501228,0.7798070351758795,0.0,0.0,0.125,2.0794415416798357
SimpleHome_XCS7_1002_WHT_Security_Camera,1000,7,4611,soft_mean,0.99495432,0.7692502512562813,0.0,0.0,0.2048917291739039,2.016703671328844
SimpleHome_XCS7_1002_WHT_Security_Camera,1000,7,4611,soft_mean_scale,0.99500892,0.7630150753768844,0.0,0.0,0.354911516466119,1.7881212518474903
SimpleHome_XCS7_1002_WHT_Security_Camera,1000,8,24359,shared_oas,0.99271412,0.7927437185929649,0.1122,1.0,0.125,2.0794415416798357
SimpleHome_XCS7_1002_WHT_Security_Camera,1000,8,24359,local_center_peer_scale,0.98736128,0.7378271356783921,0.1092,1.0,0.125,2.0794415416798357
SimpleHome_XCS7_1002_WHT_Security_Camera,1000,8,24359,soft_mean,0.9865385999999999,0.7277447236180905,0.1058,1.0,0.21700660446080705,1.994076248193285
SimpleHome_XCS7_1002_WHT_Security_Camera,1000,8,24359,soft_mean_scale,0.98468216,0.6996643216080403,0.1022,1.0,0.6467293502544721,1.0528994221796966
SimpleHome_XCS7_1002_WHT_Security_Camera,1000,9,17701,shared_oas,0.9972395199999999,0.9008804020100503,0.0,0.4266,0.125,2.0794415416798357
SimpleHome_XCS7_1002_WHT_Security_Camera,1000,9,17701,local_center_peer_scale,0.99818436,0.9088060301507537,0.0,0.351,0.125,2.0794415416798357
SimpleHome_XCS7_1002_WHT_Security_Camera,1000,9,17701,soft_mean,0.99810628,0.9048924623115578,0.0,0.299,0.21022437515358597,2.0192469992439652
SimpleHome_XCS7_1002_WHT_Security_Camera,1000,9,17701,soft_mean_scale,0.99802756,0.9009467336683417,0.0,0.088,0.3758418759393187,1.7619679231875265
SimpleHome_XCS7_1002_WHT_Security_Camera,1000,10,12584,shared_oas,0.9957872,0.7883396984924624,0.0886,1.0,0.125,2.0794415416798357
SimpleHome_XCS7_1002_WHT_Security_Camera,1000,10,12584,local_center_peer_scale,0.99569852,0.7838874371859297,0.0892,1.0,0.125,2.0794415416798357
SimpleHome_XCS7_1002_WHT_Security_Camera,1000,10,12584,soft_mean,0.9953367200000001,0.765710552763819,0.0878,1.0,0.2057700993070991,2.0221347751416476
SimpleHome_XCS7_1002_WHT_Security_Camera,1000,10,12584,soft_mean_scale,0.9950911600000001,0.7533688442211055,0.0854,1.0,0.30019650209442705,1.6988286136264228
SimpleHome_XCS7_1002_WHT_Security_Camera,1000,11,6535,shared_oas,0.99239436,0.7923517587939699,0.136,1.0,0.125,2.0794415416798357
SimpleHome_XCS7_1002_WHT_Security_Camera,1000,11,6535,local_center_peer_scale,0.9889504,0.7520261306532663,0.1394,1.0,0.125,2.0794415416798357
SimpleHome_XCS7_1002_WHT_Security_Camera,1000,11,6535,soft_mean,0.9883675999999999,0.7369869346733668,0.1362,1.0,0.21488028285955574,1.993925022490394
SimpleHome_XCS7_1002_WHT_Security_Camera,1000,11,6535,soft_mean_scale,0.9868382,0.7203195979899497,0.1234,1.0,0.6417473837341917,1.0667714086205962
SimpleHome_XCS7_1002_WHT_Security_Camera,1000,12,2450,shared_oas,0.99631468,0.8149487437185929,0.0278,1.0,0.125,2.0794415416798357
SimpleHome_XCS7_1002_WHT_Security_Camera,1000,12,2450,local_center_peer_scale,0.99610464,0.8043537688442212,0.0192,1.0,0.125,2.0794415416798357
SimpleHome_XCS7_1002_WHT_Security_Camera,1000,12,2450,soft_mean,0.99563276,0.7806452261306532,0.0174,1.0,0.21495509450931113,1.9951972698355123
SimpleHome_XCS7_1002_WHT_Security_Camera,1000,12,2450,soft_mean_scale,0.9950830399999999,0.7530311557788945,0.013,1.0,0.3983762553013166,1.491478443008039
SimpleHome_XCS7_1002_WHT_Security_Camera,1000,13,27177,shared_oas,0.9947661200000001,0.8352603015075377,0.1158,1.0,0.125,2.0794415416798357
SimpleHome_XCS7_1002_WHT_Security_Camera,1000,13,27177,local_center_peer_scale,0.99000636,0.764713567839196,0.119,1.0,0.125,2.0794415416798357
SimpleHome_XCS7_1002_WHT_Security_Camera,1000,13,27177,soft_mean,0.98934612,0.7489326633165829,0.1154,1.0,0.21765918802598663,1.993497432501084
SimpleHome_XCS7_1002_WHT_Security_Camera,1000,13,27177,soft_mean_scale,0.9876812800000001,0.7289386934673366,0.1042,1.0,0.6276376937619346,1.0936463660548312
SimpleHome_XCS7_1002_WHT_Security_Camera,1000,14,1507,shared_oas,0.99946856,0.9738874371859296,0.0,0.0,0.125,2.0794415416798357
SimpleHome_XCS7_1002_WHT_Security_Camera,1000,14,1507,local_center_peer_scale,0.99985464,0.9932603015075376,0.0,0.0,0.125,2.0794415416798357
SimpleHome_XCS7_1002_WHT_Security_Camera,1000,14,1507,soft_mean,0.9998519600000001,0.9932060301507537,0.0,0.0,0.23636448842214197,1.9391347712121232
SimpleHome_XCS7_1002_WHT_Security_Camera,1000,14,1507,soft_mean_scale,0.9998514,0.9932040201005026,0.0,0.0,0.2832756554146946,1.651606573615275
SimpleHome_XCS7_1002_WHT_Security_Camera,1000,15,28684,shared_oas,0.98865264,0.7248743718592965,0.0168,0.5604,0.125,2.0794415416798357
SimpleHome_XCS7_1002_WHT_Security_Camera,1000,15,28684,local_center_peer_scale,0.98856184,0.7103537688442211,0.0168,0.5388,0.125,2.0794415416798357
SimpleHome_XCS7_1002_WHT_Security_Camera,1000,15,28684,soft_mean,0.98847812,0.7103497487437186,0.0168,0.5332,0.22296683319533672,2.0007064990233445
SimpleHome_XCS7_1002_WHT_Security_Camera,1000,15,28684,soft_mean_scale,0.98826764,0.7018371859296483,0.0172,0.5408,0.35928660709915655,1.587329053344937
SimpleHome_XCS7_1002_WHT_Security_Camera,1000,16,16516,shared_oas,0.99991076,0.9955155778894471,0.0288,1.0,0.125,2.0794415416798357
SimpleHome_XCS7_1002_WHT_Security_Camera,1000,16,16516,local_center_peer_scale,0.99988824,0.99438391959799,0.0266,1.0,0.125,2.0794415416798357
SimpleHome_XCS7_1002_WHT_Security_Camera,1000,16,16516,soft_mean,0.9998764,0.993788944723618,0.0252,1.0,0.20700457804357497,2.013017844755728
SimpleHome_XCS7_1002_WHT_Security_Camera,1000,16,16516,soft_mean_scale,0.99986028,0.9929788944723619,0.0212,1.0,0.31568200257590934,1.6371929982710522
SimpleHome_XCS7_1002_WHT_Security_Camera,1000,17,616,shared_oas,0.9980220000000001,0.9013045226130654,0.0,0.0,0.125,2.0794415416798357
SimpleHome_XCS7_1002_WHT_Security_Camera,1000,17,616,local_center_peer_scale,0.9986477199999999,0.9397386934673367,0.0,0.0,0.125,2.0794415416798357
SimpleHome_XCS7_1002_WHT_Security_Camera,1000,17,616,soft_mean,0.99834204,0.9271597989949749,0.0,0.0,0.2970436830346811,1.8376381902871548
SimpleHome_XCS7_1002_WHT_Security_Camera,1000,17,616,soft_mean_scale,0.99827812,0.9233507537688442,0.0,0.0,0.3582048221770533,1.4967532486172161
SimpleHome_XCS7_1002_WHT_Security_Camera,1000,18,4933,shared_oas,0.9938151199999999,0.7853929648241207,0.0,0.3834,0.125,2.0794415416798357
SimpleHome_XCS7_1002_WHT_Security_Camera,1000,18,4933,local_center_peer_scale,0.99509928,0.7860844221105527,0.0,0.1392,0.125,2.0794415416798357
SimpleHome_XCS7_1002_WHT_Security_Camera,1000,18,4933,soft_mean,0.9951658800000001,0.7777628140703517,0.0,0.0982,0.20479099157276948,2.0146928627940497
SimpleHome_XCS7_1002_WHT_Security_Camera,1000,18,4933,soft_mean_scale,0.9951607200000001,0.7730150753768844,0.0,0.2788,0.3538530986228396,1.7882586826408438
SimpleHome_XCS7_1002_WHT_Security_Camera,1000,19,23183,shared_oas,0.98414756,0.7463316582914573,0.0,0.4952,0.125,2.0794415416798357
SimpleHome_XCS7_1002_WHT_Security_Camera,1000,19,23183,local_center_peer_scale,0.9852112,0.7463236180904522,0.0,0.4746,0.125,2.0794415416798357
SimpleHome_XCS7_1002_WHT_Security_Camera,1000,19,23183,soft_mean,0.9853698799999999,0.7460422110552765,0.0,0.4786,0.2103258243135664,2.004727403968604
SimpleHome_XCS7_1002_WHT_Security_Camera,1000,19,23183,soft_mean_scale,0.9854215199999999,0.7441125628140703,0.0,0.4174,0.3467100109700545,1.7282902389209664
SimpleHome_XCS7_1002_WHT_Security_Camera,1000,20,14599,shared_oas,0.99906724,0.9531778894472362,0.0,0.0,0.125,2.0794415416798357
SimpleHome_XCS7_1002_WHT_Security_Camera,1000,20,14599,local_center_peer_scale,0.9999018000000001,0.9950673366834171,0.0,0.0,0.125,2.0794415416798357
SimpleHome_XCS7_1002_WHT_Security_Camera,1000,20,14599,soft_mean,0.99990364,0.9951577889447235,0.0,0.0,0.17006933723975892,2.056382110528202
SimpleHome_XCS7_1002_WHT_Security_Camera,1000,20,14599,soft_mean_scale,0.99995032,0.9975035175879396,0.0,0.0,0.22172759746580065,1.8776701832162463
SimpleHome_XCS7_1002_WHT_Security_Camera,1000,21,9661,shared_oas,0.99999696,0.9998472361809045,0.04,1.0,0.125,2.0794415416798357
SimpleHome_XCS7_1002_WHT_Security_Camera,1000,21,9661,local_center_peer_scale,0.9999964400000001,0.9998211055276383,0.0384,1.0,0.125,2.0794415416798357
SimpleHome_XCS7_1002_WHT_Security_Camera,1000,21,9661,soft_mean,0.99999664,0.9998311557788944,0.0384,1.0,0.17635126290184672,2.0560942021996578
SimpleHome_XCS7_1002_WHT_Security_Camera,1000,21,9661,soft_mean_scale,0.9999975600000001,0.9998773869346733,0.0384,1.0,0.31174609164240535,1.8779668845292226
SimpleHome_XCS7_1002_WHT_Security_Camera,1000,22,28157,shared_oas,0.9839191600000001,0.7348462311557789,0.0154,0.488,0.125,2.0794415416798357
SimpleHome_XCS7_1002_WHT_Security_Camera,1000,22,28157,local_center_peer_scale,0.98765116,0.7219959798994975,0.0154,0.4878,0.125,2.0794415416798357
SimpleHome_XCS7_1002_WHT_Security_Camera,1000,22,28157,soft_mean,0.9877049999999999,0.7097909547738694,0.0154,0.4878,0.21509489803643086,1.997135822568193
SimpleHome_XCS7_1002_WHT_Security_Camera,1000,22,28157,soft_mean_scale,0.9889004,0.709310552763819,0.0162,0.488,0.29722940376808477,1.5949854542785866
SimpleHome_XCS7_1002_WHT_Security_Camera,1000,23,27744,shared_oas,0.99209428,0.8084341708542714,0.137,1.0,0.125,2.0794415416798357
SimpleHome_XCS7_1002_WHT_Security_Camera,1000,23,27744,local_center_peer_scale,0.9874739199999999,0.7463979899497487,0.1424,1.0,0.125,2.0794415416798357
SimpleHome_XCS7_1002_WHT_Security_Camera,1000,23,27744,soft_mean,0.9867811599999999,0.7322030150753769,0.139,1.0,0.21845719444807687,1.9899876470620521
SimpleHome_XCS7_1002_WHT_Security_Camera,1000,23,27744,soft_mean_scale,0.984306,0.7037668341708543,0.1252,1.0,0.6342618399475011,1.0802486382273915
SimpleHome_XCS7_1002_WHT_Security_Camera,1000,24,20514,shared_oas,0.9901260000000001,0.7724582914572864,0.1274,1.0,0.125,2.0794415416798357
SimpleHome_XCS7_1002_WHT_Security_Camera,1000,24,20514,local_center_peer_scale,0.9872238400000001,0.7367718592964825,0.137,1.0,0.125,2.0794415416798357
SimpleHome_XCS7_1002_WHT_Security_Camera,1000,24,20514,soft_mean,0.9867353999999999,0.7341628140703518,0.1346,1.0,0.21682112525294547,1.991458696391689
SimpleHome_XCS7_1002_WHT_Security_Camera,1000,24,20514,soft_mean_scale,0.9848201600000001,0.6724924623115578,0.1222,1.0,0.6343219424932223,1.0817458564669697
SimpleHome_XCS7_1002_WHT_Security_Camera,1000,25,24738,shared_oas,0.9967804,0.8624120603015075,0.1222,1.0,0.125,2.0794415416798357
SimpleHome_XCS7_1002_WHT_Security_Camera,1000,25,24738,local_center_peer_scale,0.990434,0.7474090452261306,0.1234,1.0,0.125,2.0794415416798357
SimpleHome_XCS7_1002_WHT_Security_Camera,1000,25,24738,soft_mean,0.9885683999999999,0.7071959798994976,0.1214,1.0,0.21607261615503093,1.9881876706406816
SimpleHome_XCS7_1002_WHT_Security_Camera,1000,25,24738,soft_mean_scale,0.98552612,0.6640964824120603,0.1134,1.0,0.6371165911427065,1.0738747816351548
SimpleHome_XCS7_1002_WHT_Security_Camera,1000,26,14621,shared_oas,0.99893688,0.9465768844221105,0.0,0.0,0.125,2.0794415416798357
SimpleHome_XCS7_1002_WHT_Security_Camera,1000,26,14621,local_center_peer_scale,0.9998971999999999,0.9948341708542714,0.0,0.0,0.125,2.0794415416798357
SimpleHome_XCS7_1002_WHT_Security_Camera,1000,26,14621,soft_mean,0.9998994,0.9949447236180904,0.0,0.0,0.16924602315290085,2.0570742223866443
SimpleHome_XCS7_1002_WHT_Security_Camera,1000,26,14621,soft_mean_scale,0.99990368,0.9951597989949749,0.0,0.0,0.22378380958270036,1.8776146509583302
SimpleHome_XCS7_1002_WHT_Security_Camera,1000,27,10252,shared_oas,0.99993484,0.9967256281407035,0.042,1.0,0.125,2.0794415416798357
SimpleHome_XCS7_1002_WHT_Security_Camera,1000,27,10252,local_center_peer_scale,0.99992504,0.9962331658291457,0.0434,1.0,0.125,2.0794415416798357
SimpleHome_XCS7_1002_WHT_Security_Camera,1000,27,10252,soft_mean,0.99990872,0.9954130653266332,0.042,1.0,0.18444970587686338,2.0486307193815336
SimpleHome_XCS7_1002_WHT_Security_Camera,1000,27,10252,soft_mean_scale,0.99988356,0.994148743718593,0.0422,1.0,0.3143788029475497,1.8465633593326398
SimpleHome_XCS7_1002_WHT_Security_Camera,1000,28,17092,shared_oas,0.99540052,0.7694633165829146,0.029,1.0,0.125,2.0794415416798357
SimpleHome_XCS7_1002_WHT_Security_Camera,1000,28,17092,local_center_peer_scale,0.9950260400000001,0.7506633165829146,0.0196,1.0,0.125,2.0794415416798357
SimpleHome_XCS7_1002_WHT_Security_Camera,1000,28,17092,soft_mean,0.99480312,0.7394492462311558,0.0186,1.0,0.21295847971691176,2.0032258684750834
SimpleHome_XCS7_1002_WHT_Security_Camera,1000,28,17092,soft_mean_scale,0.99450748,0.7245427135678393,0.0182,1.0,0.4029372120712052,1.4917920605139732
SimpleHome_XCS7_1002_WHT_Security_Camera,1000,29,9338,shared_oas,0.99999744,0.9998713567839196,0.0,0.4134,0.125,2.0794415416798357
SimpleHome_XCS7_1002_WHT_Security_Camera,1000,29,9338,local_center_peer_scale,0.99999708,0.9998532663316583,0.0,0.3966,0.125,2.0794415416798357
SimpleHome_XCS7_1002_WHT_Security_Camera,1000,29,9338,soft_mean,0.99999764,0.9998814070351758,0.0,0.3912,0.1965689270331396,2.0336113793865263
SimpleHome_XCS7_1002_WHT_Security_Camera,1000,29,9338,soft_mean_scale,0.99999852,0.9999256281407035,0.0,0.354,0.31017174972178163,1.7659730726086162
SimpleHome_XCS7_1003_WHT_Security_Camera,30,0,12275,shared_oas,0.99999908,0.999953768844221,0.9598,1.0,0.125,2.0794415416798357
SimpleHome_XCS7_1003_WHT_Security_Camera,30,0,12275,local_center_peer_scale,0.9999996800000001,0.9999839195979899,0.9636,1.0,0.125,2.0794415416798357
SimpleHome_XCS7_1003_WHT_Security_Camera,30,0,12275,soft_mean,0.99999968,0.9999839195979899,0.9526,1.0,0.21808980825614538,1.9716918527030427
SimpleHome_XCS7_1003_WHT_Security_Camera,30,0,12275,soft_mean_scale,1.0,1.0,0.034,1.0,0.912187376698939,0.31870496420889777
SimpleHome_XCS7_1003_WHT_Security_Camera,30,1,2975,shared_oas,0.99999868,0.9999336683417086,0.155,1.0,0.125,2.0794415416798357
SimpleHome_XCS7_1003_WHT_Security_Camera,30,1,2975,local_center_peer_scale,0.99999976,0.9999879396984924,0.2058,1.0,0.125,2.0794415416798357
SimpleHome_XCS7_1003_WHT_Security_Camera,30,1,2975,soft_mean,0.99999976,0.9999879396984924,0.2042,1.0,0.23817106386277578,1.9656604415811179
SimpleHome_XCS7_1003_WHT_Security_Camera,30,1,2975,soft_mean_scale,1.0,1.0,0.1624,1.0,0.9604763020233114,0.17808542803204044
SimpleHome_XCS7_1003_WHT_Security_Camera,30,2,6607,shared_oas,0.9999986399999999,0.9999316582914572,0.0652,1.0,0.125,2.0794415416798357
SimpleHome_XCS7_1003_WHT_Security_Camera,30,2,6607,local_center_peer_scale,0.99999984,0.9999919597989949,0.0732,1.0,0.125,2.0794415416798357
SimpleHome_XCS7_1003_WHT_Security_Camera,30,2,6607,soft_mean,0.99999992,0.9999959798994974,0.0662,1.0,0.23171228842117506,1.9739133426971482
SimpleHome_XCS7_1003_WHT_Security_Camera,30,2,6607,soft_mean_scale,1.0,1.0,0.0362,1.0,0.9673691419502047,0.1508848586926503
SimpleHome_XCS7_1003_WHT_Security_Camera,30,3,10756,shared_oas,0.99999852,0.9999256281407035,0.1054,1.0,0.125,2.0794415416798357
SimpleHome_XCS7_1003_WHT_Security_Camera,30,3,10756,local_center_peer_scale,1.0,1.0,0.1226,1.0,0.125,2.0794415416798357
SimpleHome_XCS7_1003_WHT_Security_Camera,30,3,10756,soft_mean,1.0,1.0,0.1168,1.0,0.2362977694408342,1.966846273881088
SimpleHome_XCS7_1003_WHT_Security_Camera,30,3,10756,soft_mean_scale,1.0,1.0,0.0746,1.0,0.9541908198690048,0.20009537443276626
SimpleHome_XCS7_1003_WHT_Security_Camera,30,4,3651,shared_oas,0.99999944,0.9999718592964824,0.0792,1.0,0.125,2.0794415416798357
SimpleHome_XCS7_1003_WHT_Security_Camera,30,4,3651,local_center_peer_scale,0.99999964,0.9999819095477387,0.0818,1.0,0.125,2.0794415416798357
SimpleHome_XCS7_1003_WHT_Security_Camera,30,4,3651,soft_mean,0.99999964,0.9999819095477387,0.084,1.0,0.2356870647978664,1.963266826617172
SimpleHome_XCS7_1003_WHT_Security_Camera,30,4,3651,soft_mean_scale,1.0,1.0,0.0562,1.0,0.9508611536915503,0.20820819324402953
SimpleHome_XCS7_1003_WHT_Security_Camera,30,5,195,shared_oas,0.9999424,0.9971055276381908,0.626,1.0,0.125,2.0794415416798357
SimpleHome_XCS7_1003_WHT_Security_Camera,30,5,195,local_center_peer_scale,0.9999252799999999,0.9962452261306532,0.0002,0.985,0.125,2.0794415416798357
SimpleHome_XCS7_1003_WHT_Security_Camera,30,5,195,soft_mean,0.99992408,0.9961849246231156,0.0002,0.9832,0.2517943863109168,1.8380906131918135
SimpleHome_XCS7_1003_WHT_Security_Camera,30,5,195,soft_mean_scale,0.9999214399999999,0.9960522613065327,0.0016,0.9924,0.2560139375129238,1.9383019476693966
SimpleHome_XCS7_1003_WHT_Security_Camera,30,6,3626,shared_oas,0.99999416,0.9997065326633165,0.0906,1.0,0.125,2.0794415416798357
SimpleHome_XCS7_1003_WHT_Security_Camera,30,6,3626,local_center_peer_scale,0.9999994000000001,0.9999698492462312,0.087,1.0,0.125,2.0794415416798357
SimpleHome_XCS7_1003_WHT_Security_Camera,30,6,3626,soft_mean,1.0,1.0,0.0886,1.0,0.2320599469973273,1.9664275155999058
SimpleHome_XCS7_1003_WHT_Security_Camera,30,6,3626,soft_mean_scale,1.0,1.0,0.077,1.0,0.9399039825550585,0.24261268927766305
SimpleHome_XCS7_1003_WHT_Security_Camera,30,7,12420,shared_oas,0.99999968,0.9999839195979899,0.078,1.0,0.125,2.0794415416798357
SimpleHome_XCS7_1003_WHT_Security_Camera,30,7,12420,local_center_peer_scale,0.99999968,0.9999839195979899,0.0786,1.0,0.125,2.0794415416798357
SimpleHome_XCS7_1003_WHT_Security_Camera,30,7,12420,soft_mean,0.99999968,0.9999839195979899,0.0458,1.0,0.19772783465560445,1.9956303998271692
SimpleHome_XCS7_1003_WHT_Security_Camera,30,7,12420,soft_mean_scale,1.0,1.0,0.0172,1.0,0.9221630400144449,0.2958682071433573
SimpleHome_XCS7_1003_WHT_Security_Camera,30,8,343,shared_oas,0.9999448000000001,0.9972261306532664,0.5696,1.0,0.125,2.0794415416798357
SimpleHome_XCS7_1003_WHT_Security_Camera,30,8,343,local_center_peer_scale,0.9999811200000001,0.999051256281407,0.0016,1.0,0.125,2.0794415416798357
SimpleHome_XCS7_1003_WHT_Security_Camera,30,8,343,soft_mean,0.9999786,0.998924623115578,0.0016,1.0,0.18127720967160713,1.9866646315884315
SimpleHome_XCS7_1003_WHT_Security_Camera,30,8,343,soft_mean_scale,0.99997888,0.9989386934673368,0.0016,1.0,0.2036360899431187,1.9948230159168756
SimpleHome_XCS7_1003_WHT_Security_Camera,30,9,3518,shared_oas,0.9999969200000001,0.9998452261306532,0.4408,1.0,0.125,2.0794415416798357
SimpleHome_XCS7_1003_WHT_Security_Camera,30,9,3518,local_center_peer_scale,1.0,1.0,0.4454,1.0,0.125,2.0794415416798357
SimpleHome_XCS7_1003_WHT_Security_Camera,30,9,3518,soft_mean,1.0,1.0,0.4428,1.0,0.23974520856404782,1.9613847007564156
SimpleHome_XCS7_1003_WHT_Security_Camera,30,9,3518,soft_mean_scale,1.0,1.0,0.4122,1.0,0.9487105472785712,0.21492860796391902
SimpleHome_XCS7_1003_WHT_Security_Camera,30,10,9591,shared_oas,0.99998636,0.9993145728643216,0.084,1.0,0.125,2.0794415416798357
SimpleHome_XCS7_1003_WHT_Security_Camera,30,10,9591,local_center_peer_scale,0.99999072,0.9995336683417085,0.0856,1.0,0.125,2.0794415416798357
SimpleHome_XCS7_1003_WHT_Security_Camera,30,10,9591,soft_mean,0.99999816,0.9999075376884421,0.0828,1.0,0.23317045004774709,1.9696445092420811
SimpleHome_XCS7_1003_WHT_Security_Camera,30,10,9591,soft_mean_scale,1.0,1.0,0.0836,1.0,0.9862390233216882,0.07426160106664317
SimpleHome_XCS7_1003_WHT_Security_Camera,30,11,12460,shared_oas,0.9999998,0.9999899497487437,0.0024,1.0,0.125,2.0794415416798357
SimpleHome_XCS7_1003_WHT_Security_Camera,30,11,12460,local_center_peer_scale,1.0,1.0,0.002,1.0,0.125,2.0794415416798357
SimpleHome_XCS7_1003_WHT_Security_Camera,30,11,12460,soft_mean,1.0,1.0,0.002,1.0,0.19777454599688432,1.995657988971702
SimpleHome_XCS7_1003_WHT_Security_Camera,30,11,12460,soft_mean_scale,1.0,1.0,0.0016,1.0,0.9286335923185582,0.2772835807981873
SimpleHome_XCS7_1003_WHT_Security_Camera,30,12,8606,shared_oas,0.9999977600000001,0.9998874371859297,0.1508,1.0,0.125,2.0794415416798357
SimpleHome_XCS7_1003_WHT_Security_Camera,30,12,8606,local_center_peer_scale,0.9999996800000001,0.9999839195979899,0.2048,1.0,0.125,2.0794415416798357
SimpleHome_XCS7_1003_WHT_Security_Camera,30,12,8606,soft_mean,0.99999972,0.9999859296482412,0.1938,1.0,0.22517831112926598,1.974893868066129
SimpleHome_XCS7_1003_WHT_Security_Camera,30,12,8606,soft_mean_scale,1.0,1.0,0.1332,1.0,0.9638248036166995,0.16442197428568966
SimpleHome_XCS7_1003_WHT_Security_Camera,30,13,5649,shared_oas,0.99999948,0.9999738693467337,0.028,1.0,0.125,2.0794415416798357
SimpleHome_XCS7_1003_WHT_Security_Camera,30,13,5649,local_center_peer_scale,1.0,1.0,0.0316,1.0,0.125,2.0794415416798357
SimpleHome_XCS7_1003_WHT_Security_Camera,30,13,5649,soft_mean,1.0,1.0,0.0302,1.0,0.23575749921076855,1.9682028712521578
SimpleHome_XCS7_1003_WHT_Security_Camera,30,13,5649,soft_mean_scale,1.0,1.0,0.0318,1.0,0.9539725124663764,0.2002504346121096
SimpleHome_XCS7_1003_WHT_Security_Camera,30,14,2368,shared_oas,0.99999744,0.9998713567839196,0.0498,1.0,0.125,2.0794415416798357
SimpleHome_XCS7_1003_WHT_Security_Camera,30,14,2368,local_center_peer_scale,0.99999928,0.9999638190954774,0.072,1.0,0.125,2.0794415416798357
SimpleHome_XCS7_1003_WHT_Security_Camera,30,14,2368,soft_mean,0.99999976,0.9999879396984924,0.0372,1.0,0.23222889163136906,1.9680745621180549
SimpleHome_XCS7_1003_WHT_Security_Camera,30,14,2368,soft_mean_scale,1.0,1.0,0.0254,1.0,0.9452931880632416,0.2249447463808371
SimpleHome_XCS7_1003_WHT_Security_Camera,30,15,10391,shared_oas,1.0,1.0,0.0,0.7968,0.125,2.0794415416798357
SimpleHome_XCS7_1003_WHT_Security_Camera,30,15,10391,local_center_peer_scale,1.0,1.0,0.0,0.7938,0.125,2.0794415416798357
SimpleHome_XCS7_1003_WHT_Security_Camera,30,15,10391,soft_mean,1.0,1.0,0.0,0.7968,0.21994624311027028,1.9811358855988446
SimpleHome_XCS7_1003_WHT_Security_Camera,30,15,10391,soft_mean_scale,1.0,1.0,0.0002,1.0,0.8222637236526864,0.5620828514580762
SimpleHome_XCS7_1003_WHT_Security_Camera,30,16,10475,shared_oas,0.99999992,0.9999959798994975,0.0536,1.0,0.125,2.0794415416798357
SimpleHome_XCS7_1003_WHT_Security_Camera,30,16,10475,local_center_peer_scale,1.0,1.0,0.0468,1.0,0.125,2.0794415416798357
SimpleHome_XCS7_1003_WHT_Security_Camera,30,16,10475,soft_mean,1.0,1.0,0.0486,1.0,0.22721548449603046,1.9757962051163664
SimpleHome_XCS7_1003_WHT_Security_Camera,30,16,10475,soft_mean_scale,1.0,1.0,0.0316,1.0,0.8961162528621158,0.3747434576709052
SimpleHome_XCS7_1003_WHT_Security_Camera,30,17,5429,shared_oas,0.9999986399999999,0.9999316582914572,0.061,1.0,0.125,2.0794415416798357
SimpleHome_XCS7_1003_WHT_Security_Camera,30,17,5429,local_center_peer_scale,0.99999964,0.9999819095477387,0.028,1.0,0.125,2.0794415416798357
SimpleHome_XCS7_1003_WHT_Security_Camera,30,17,5429,soft_mean,0.99999996,0.9999979899497488,0.0302,1.0,0.2292882169945155,1.9696150083464343
SimpleHome_XCS7_1003_WHT_Security_Camera,30,17,5429,soft_mean_scale,1.0,1.0,0.0048,1.0,0.8172240241488998,0.5672152270124508
SimpleHome_XCS7_1003_WHT_Security_Camera,30,18,9077,shared_oas,0.99999444,0.9997206030150754,0.0884,1.0,0.125,2.0794415416798357
SimpleHome_XCS7_1003_WHT_Security_Camera,30,18,9077,local_center_peer_scale,1.0,1.0,0.0872,1.0,0.125,2.0794415416798357
SimpleHome_XCS7_1003_WHT_Security_Camera,30,18,9077,soft_mean,1.0,1.0,0.083,1.0,0.2364041785975182,1.9679851400810005
SimpleHome_XCS7_1003_WHT_Security_Camera,30,18,9077,soft_mean_scale,1.0,1.0,0.0682,1.0,0.9544888857834296,0.19783353829712422
SimpleHome_XCS7_1003_WHT_Security_Camera,30,19,5157,shared_oas,0.9999948,0.9997386934673367,0.4398,1.0,0.125,2.0794415416798357
SimpleHome_XCS7_1003_WHT_Security_Camera,30,19,5157,local_center_peer_scale,0.99999876,0.999937688442211,0.443,1.0,0.125,2.0794415416798357
SimpleHome_XCS7_1003_WHT_Security_Camera,30,19,5157,soft_mean,0.99999992,0.9999959798994974,0.4416,1.0,0.2344023857225511,1.9638613936683265
SimpleHome_XCS7_1003_WHT_Security_Camera,30,19,5157,soft_mean_scale,1.0,1.0,0.4336,1.0,0.9557275261355651,0.19182837240575554
SimpleHome_XCS7_1003_WHT_Security_Camera,30,20,11569,shared_oas,0.9999914400000001,0.9995698492462312,0.1358,1.0,0.125,2.0794415416798357
SimpleHome_XCS7_1003_WHT_Security_Camera,30,20,11569,local_center_peer_scale,0.99999916,0.9999577889447235,0.1512,1.0,0.125,2.0794415416798357
SimpleHome_XCS7_1003_WHT_Security_Camera,30,20,11569,soft_mean,0.9999998400000001,0.999991959798995,0.149,1.0,0.23399318070707792,1.9713631764702808
SimpleHome_XCS7_1003_WHT_Security_Camera,30,20,11569,soft_mean_scale,1.0,1.0,0.1054,1.0,0.9486119470750312,0.21767120135407508
SimpleHome_XCS7_1003_WHT_Security_Camera,30,21,11766,shared_oas,0.99999876,0.9999376884422111,0.0614,1.0,0.125,2.0794415416798357
SimpleHome_XCS7_1003_WHT_Security_Camera,30,21,11766,local_center_peer_scale,0.99999984,0.9999919597989949,0.0518,1.0,0.125,2.0794415416798357
SimpleHome_XCS7_1003_WHT_Security_Camera,30,21,11766,soft_mean,1.0,1.0,0.0554,1.0,0.22819402724694368,1.9786431254519021
SimpleHome_XCS7_1003_WHT_Security_Camera,30,21,11766,soft_mean_scale,1.0,1.0,0.0238,1.0,0.8520268761561062,0.4872113506273079
SimpleHome_XCS7_1003_WHT_Security_Camera,30,22,7490,shared_oas,0.9999982799999999,0.9999135678391959,0.132,1.0,0.125,2.0794415416798357
SimpleHome_XCS7_1003_WHT_Security_Camera,30,22,7490,local_center_peer_scale,1.0,1.0,0.129,1.0,0.125,2.0794415416798357
SimpleHome_XCS7_1003_WHT_Security_Camera,30,22,7490,soft_mean,1.0,1.0,0.1264,1.0,0.23639168307918643,1.9658057376956881
SimpleHome_XCS7_1003_WHT_Security_Camera,30,22,7490,soft_mean_scale,1.0,1.0,0.0904,1.0,0.9747610558711974,0.12322289127109978
SimpleHome_XCS7_1003_WHT_Security_Camera,30,23,5905,shared_oas,0.99999624,0.9998110552763819,0.0042,1.0,0.125,2.0794415416798357
SimpleHome_XCS7_1003_WHT_Security_Camera,30,23,5905,local_center_peer_scale,0.9999988799999999,0.9999437185929648,0.0044,1.0,0.125,2.0794415416798357
SimpleHome_XCS7_1003_WHT_Security_Camera,30,23,5905,soft_mean,0.99999968,0.9999839195979899,0.0042,1.0,0.22003277294195564,1.9866033271399646
SimpleHome_XCS7_1003_WHT_Security_Camera,30,23,5905,soft_mean_scale,1.0,1.0,0.0068,1.0,0.9570582037846098,0.1839840189964235
SimpleHome_XCS7_1003_WHT_Security_Camera,30,24,10243,shared_oas,0.9999993199999999,0.9999658291457285,0.041,1.0,0.125,2.0794415416798357
SimpleHome_XCS7_1003_WHT_Security_Camera,30,24,10243,local_center_peer_scale,1.0,1.0,0.0392,1.0,0.125,2.0794415416798357
SimpleHome_XCS7_1003_WHT_Security_Camera,30,24,10243,soft_mean,1.0,1.0,0.0394,1.0,0.22744237381361504,1.9717139611966086
SimpleHome_XCS7_1003_WHT_Security_Camera,30,24,10243,soft_mean_scale,1.0,1.0,0.033,1.0,0.8932772611023246,0.3856209022937419
SimpleHome_XCS7_1003_WHT_Security_Camera,30,25,4747,shared_oas,0.99999732,0.9998653266331657,0.1986,1.0,0.125,2.0794415416798357
SimpleHome_XCS7_1003_WHT_Security_Camera,30,25,4747,local_center_peer_scale,0.9999998800000001,0.9999939698492462,0.2492,1.0,0.125,2.0794415416798357
SimpleHome_XCS7_1003_WHT_Security_Camera,30,25,4747,soft_mean,0.99999996,0.9999979899497488,0.2474,1.0,0.24298759649538668,1.9627431009733471
SimpleHome_XCS7_1003_WHT_Security_Camera,30,25,4747,soft_mean_scale,1.0,1.0,0.2118,1.0,0.9602735097898932,0.17808049011492375
SimpleHome_XCS7_1003_WHT_Security_Camera,30,26,798,shared_oas,0.99999952,0.999975879396985,0.0684,1.0,0.125,2.0794415416798357
SimpleHome_XCS7_1003_WHT_Security_Camera,30,26,798,local_center_peer_scale,0.99999952,0.999975879396985,0.318,1.0,0.125,2.0794415416798357
SimpleHome_XCS7_1003_WHT_Security_Camera,30,26,798,soft_mean,0.99999952,0.999975879396985,0.071,1.0,0.20444446988997578,1.9885864603096064
SimpleHome_XCS7_1003_WHT_Security_Camera,30,26,798,soft_mean_scale,1.0,1.0,0.0362,1.0,0.9464220056218455,0.22036422326953997
SimpleHome_XCS7_1003_WHT_Security_Camera,30,27,4999,shared_oas,0.9999939999999999,0.9996984924623116,0.4322,1.0,0.125,2.0794415416798357
SimpleHome_XCS7_1003_WHT_Security_Camera,30,27,4999,local_center_peer_scale,0.99999956,0.9999778894472362,0.4294,1.0,0.125,2.0794415416798357
SimpleHome_XCS7_1003_WHT_Security_Camera,30,27,4999,soft_mean,1.0,1.0,0.4284,1.0,0.23487026898363653,1.963663632010399
SimpleHome_XCS7_1003_WHT_Security_Camera,30,27,4999,soft_mean_scale,1.0,1.0,0.4242,1.0,0.9631348331003379,0.16431352168450025
SimpleHome_XCS7_1003_WHT_Security_Camera,30,28,7731,shared_oas,0.9999994400000001,0.9999718592964824,0.012,1.0,0.125,2.0794415416798357
SimpleHome_XCS7_1003_WHT_Security_Camera,30,28,7731,local_center_peer_scale,0.99999972,0.9999859296482412,0.0098,1.0,0.125,2.0794415416798357
SimpleHome_XCS7_1003_WHT_Security_Camera,30,28,7731,soft_mean,0.99999972,0.9999859296482412,0.0076,1.0,0.23353778956671828,1.969287266403798
SimpleHome_XCS7_1003_WHT_Security_Camera,30,28,7731,soft_mean_scale,1.0,1.0,0.0084,1.0,0.9438410659232147,0.23381415443109793
SimpleHome_XCS7_1003_WHT_Security_Camera,30,29,5268,shared_oas,0.999996,0.9997989949748743,0.4598,1.0,0.125,2.0794415416798357
SimpleHome_XCS7_1003_WHT_Security_Camera,30,29,5268,local_center_peer_scale,0.9999994,0.9999698492462312,0.4744,1.0,0.125,2.0794415416798357
SimpleHome_XCS7_1003_WHT_Security_Camera,30,29,5268,soft_mean,0.99999992,0.9999959798994974,0.4732,1.0,0.23768873818677533,1.9623077669684106
SimpleHome_XCS7_1003_WHT_Security_Camera,30,29,5268,soft_mean_scale,1.0,1.0,0.464,1.0,0.9505336121367207,0.20926173166536083
SimpleHome_XCS7_1003_WHT_Security_Camera,100,0,7098,shared_oas,0.99999952,0.999975879396985,0.1604,1.0,0.125,2.0794415416798357
SimpleHome_XCS7_1003_WHT_Security_Camera,100,0,7098,local_center_peer_scale,1.0,1.0,0.1384,1.0,0.125,2.0794415416798357
SimpleHome_XCS7_1003_WHT_Security_Camera,100,0,7098,soft_mean,1.0,1.0,0.1396,1.0,0.23658198252704188,1.9647910610183754
SimpleHome_XCS7_1003_WHT_Security_Camera,100,0,7098,soft_mean_scale,1.0,1.0,0.1408,1.0,0.9640687986971876,0.16600298986534265
SimpleHome_XCS7_1003_WHT_Security_Camera,100,1,4565,shared_oas,1.0,1.0,0.05,1.0,0.125,2.0794415416798357
SimpleHome_XCS7_1003_WHT_Security_Camera,100,1,4565,local_center_peer_scale,1.0,1.0,0.0714,1.0,0.125,2.0794415416798357
SimpleHome_XCS7_1003_WHT_Security_Camera,100,1,4565,soft_mean,1.0,1.0,0.068,1.0,0.23293735531222806,1.967053360898637
SimpleHome_XCS7_1003_WHT_Security_Camera,100,1,4565,soft_mean_scale,1.0,1.0,0.0404,1.0,0.885426167291681,0.4023911594721308
SimpleHome_XCS7_1003_WHT_Security_Camera,100,2,3634,shared_oas,0.99999952,0.999975879396985,0.1862,1.0,0.125,2.0794415416798357
SimpleHome_XCS7_1003_WHT_Security_Camera,100,2,3634,local_center_peer_scale,1.0,1.0,0.2256,1.0,0.125,2.0794415416798357
SimpleHome_XCS7_1003_WHT_Security_Camera,100,2,3634,soft_mean,1.0,1.0,0.2222,1.0,0.23559584710613177,1.963267343900389
SimpleHome_XCS7_1003_WHT_Security_Camera,100,2,3634,soft_mean_scale,1.0,1.0,0.1584,1.0,0.9453490205940194,0.22735117252932308
SimpleHome_XCS7_1003_WHT_Security_Camera,100,3,3497,shared_oas,0.9999963199999999,0.9998150753768844,0.4364,1.0,0.125,2.0794415416798357
SimpleHome_XCS7_1003_WHT_Security_Camera,100,3,3497,local_center_peer_scale,1.0,1.0,0.4324,1.0,0.125,2.0794415416798357
SimpleHome_XCS7_1003_WHT_Security_Camera,100,3,3497,soft_mean,1.0,1.0,0.4328,1.0,0.23503232924145373,1.961751626190988
SimpleHome_XCS7_1003_WHT_Security_Camera,100,3,3497,soft_mean_scale,1.0,1.0,0.4306,1.0,0.9521978823440135,0.20558605454191636
SimpleHome_XCS7_1003_WHT_Security_Camera,100,4,9384,shared_oas,0.99999996,0.9999979899497488,0.013,1.0,0.125,2.0794415416798357
SimpleHome_XCS7_1003_WHT_Security_Camera,100,4,9384,local_center_peer_scale,1.0,1.0,0.0132,1.0,0.125,2.0794415416798357
SimpleHome_XCS7_1003_WHT_Security_Camera,100,4,9384,soft_mean,1.0,1.0,0.0128,1.0,0.2287018939620945,1.9739129222677436
SimpleHome_XCS7_1003_WHT_Security_Camera,100,4,9384,soft_mean_scale,1.0,1.0,0.01,1.0,0.9165249724469317,0.3127577058758631
SimpleHome_XCS7_1003_WHT_Security_Camera,100,5,8246,shared_oas,0.9999998800000001,0.9999939698492462,0.0342,1.0,0.125,2.0794415416798357
SimpleHome_XCS7_1003_WHT_Security_Camera,100,5,8246,local_center_peer_scale,1.0,1.0,0.0268,1.0,0.125,2.0794415416798357
SimpleHome_XCS7_1003_WHT_Security_Camera,100,5,8246,soft_mean,1.0,1.0,0.0292,1.0,0.20303735350157423,1.993985695885315
SimpleHome_XCS7_1003_WHT_Security_Camera,100,5,8246,soft_mean_scale,1.0,1.0,0.0038,1.0,0.902452576541088,0.3443125801135972
SimpleHome_XCS7_1003_WHT_Security_Camera,100,6,12198,shared_oas,0.9999931599999999,0.9996562814070351,0.9956,1.0,0.125,2.0794415416798357
SimpleHome_XCS7_1003_WHT_Security_Camera,100,6,12198,local_center_peer_scale,0.9999959599999999,0.9997969849246231,0.9916,1.0,0.125,2.0794415416798357
SimpleHome_XCS7_1003_WHT_Security_Camera,100,6,12198,soft_mean,0.9999980799999999,0.9999035175879396,0.9926,1.0,0.22470522637149967,1.9708010538323617
SimpleHome_XCS7_1003_WHT_Security_Camera,100,6,12198,soft_mean_scale,1.0,1.0,0.9908,1.0,0.9175167919428953,0.3082944929595841
SimpleHome_XCS7_1003_WHT_Security_Camera,100,7,5721,shared_oas,0.99999892,0.9999457286432161,0.0114,1.0,0.125,2.0794415416798357
SimpleHome_XCS7_1003_WHT_Security_Camera,100,7,5721,local_center_peer_scale,1.0,1.0,0.0144,1.0,0.125,2.0794415416798357
SimpleHome_XCS7_1003_WHT_Security_Camera,100,7,5721,soft_mean,1.0,1.0,0.0128,1.0,0.23414242873122967,1.9694695348180455
SimpleHome_XCS7_1003_WHT_Security_Camera,100,7,5721,soft_mean_scale,1.0,1.0,0.014,1.0,0.9544302057623658,0.1994250328452904
SimpleHome_XCS7_1003_WHT_Security_Camera,100,8,7971,shared_oas,0.99999996,0.9999979899497488,0.0,0.0494,0.125,2.0794415416798357
SimpleHome_XCS7_1003_WHT_Security_Camera,100,8,7971,local_center_peer_scale,0.9999986,0.999929648241206,0.0,0.0,0.125,2.0794415416798357
SimpleHome_XCS7_1003_WHT_Security_Camera,100,8,7971,soft_mean,0.99999856,0.9999276381909548,0.0,0.0,0.23613821270544746,1.9700449137027847
SimpleHome_XCS7_1003_WHT_Security_Camera,100,8,7971,soft_mean_scale,0.99999524,0.9997608040201005,0.0,0.0,0.3340402365097959,1.6372006990665127
SimpleHome_XCS7_1003_WHT_Security_Camera,100,9,5538,shared_oas,0.99999976,0.9999879396984924,0.1506,1.0,0.125,2.0794415416798357
SimpleHome_XCS7_1003_WHT_Security_Camera,100,9,5538,local_center_peer_scale,0.99999972,0.9999859296482412,0.1482,1.0,0.125,2.0794415416798357
SimpleHome_XCS7_1003_WHT_Security_Camera,100,9,5538,soft_mean,0.99999972,0.9999859296482412,0.1492,1.0,0.2323928422046697,1.9698631851812172
SimpleHome_XCS7_1003_WHT_Security_Camera,100,9,5538,soft_mean_scale,0.99999972,0.9999859296482412,0.0972,1.0,0.8723311933569733,0.44446315389216723
SimpleHome_XCS7_1003_WHT_Security_Camera,100,10,12348,shared_oas,0.99999648,0.9998231155778894,0.0896,1.0,0.125,2.0794415416798357
SimpleHome_XCS7_1003_WHT_Security_Camera,100,10,12348,local_center_peer_scale,1.0,1.0,0.5242,1.0,0.125,2.0794415416798357
SimpleHome_XCS7_1003_WHT_Security_Camera,100,10,12348,soft_mean,1.0,1.0,0.7392,1.0,0.20931954715777493,1.9890411565580124
SimpleHome_XCS7_1003_WHT_Security_Camera,100,10,12348,soft_mean_scale,1.0,1.0,0.0166,1.0,0.8252253609037713,0.5463680481134455
SimpleHome_XCS7_1003_WHT_Security_Camera,100,11,18,shared_oas,0.9999996,0.9999798994974874,0.0,0.0,0.125,2.0794415416798357
SimpleHome_XCS7_1003_WHT_Security_Camera,100,11,18,local_center_peer_scale,0.9997654,0.9978492462311559,0.0,0.0,0.125,2.0794415416798357
SimpleHome_XCS7_1003_WHT_Security_Camera,100,11,18,soft_mean,0.99980748,0.999851256281407,0.0,0.0,0.21283627255853768,1.999700362889752
SimpleHome_XCS7_1003_WHT_Security_Camera,100,11,18,soft_mean_scale,0.9998568800000001,0.9998572864321609,0.0,0.0,0.46303276018773026,1.6773682769370108
SimpleHome_XCS7_1003_WHT_Security_Camera,100,12,4818,shared_oas,0.99999964,0.9999819095477387,0.041,1.0,0.125,2.0794415416798357
SimpleHome_XCS7_1003_WHT_Security_Camera,100,12,4818,local_center_peer_scale,1.0,1.0,0.045,1.0,0.125,2.0794415416798357
SimpleHome_XCS7_1003_WHT_Security_Camera,100,12,4818,soft_mean,1.0,1.0,0.0456,1.0,0.2255974056167226,1.9730482311242774
SimpleHome_XCS7_1003_WHT_Security_Camera,100,12,4818,soft_mean_scale,1.0,1.0,0.026,1.0,0.8745541837858591,0.446067952070769
SimpleHome_XCS7_1003_WHT_Security_Camera,100,13,2234,shared_oas,0.99999944,0.9999718592964824,0.3542,1.0,0.125,2.0794415416798357
SimpleHome_XCS7_1003_WHT_Security_Camera,100,13,2234,local_center_peer_scale,1.0,1.0,0.3518,1.0,0.125,2.0794415416798357
SimpleHome_XCS7_1003_WHT_Security_Camera,100,13,2234,soft_mean,1.0,1.0,0.3526,1.0,0.2309739592886407,1.9681022575776739
SimpleHome_XCS7_1003_WHT_Security_Camera,100,13,2234,soft_mean_scale,1.0,1.0,0.0436,1.0,0.8766741700156977,0.41987620687477184
SimpleHome_XCS7_1003_WHT_Security_Camera,100,14,8971,shared_oas,0.99999924,0.999961809045226,0.0096,1.0,0.125,2.0794415416798357
SimpleHome_XCS7_1003_WHT_Security_Camera,100,14,8971,local_center_peer_scale,1.0,1.0,0.0132,1.0,0.125,2.0794415416798357
SimpleHome_XCS7_1003_WHT_Security_Camera,100,14,8971,soft_mean,1.0,1.0,0.013,1.0,0.23058798287015664,1.9720522903174569
SimpleHome_XCS7_1003_WHT_Security_Camera,100,14,8971,soft_mean_scale,1.0,1.0,0.0022,1.0,0.8592326892256648,0.4810727386938447
SimpleHome_XCS7_1003_WHT_Security_Camera,100,15,8587,shared_oas,0.99999928,0.9999638190954774,0.0,0.7438,0.125,2.0794415416798357
SimpleHome_XCS7_1003_WHT_Security_Camera,100,15,8587,local_center_peer_scale,0.99999976,0.9999879396984924,0.0,0.0118,0.125,2.0794415416798357
SimpleHome_XCS7_1003_WHT_Security_Camera,100,15,8587,soft_mean,1.0,1.0,0.0,0.0072,0.20549532737459852,2.023777315211867
SimpleHome_XCS7_1003_WHT_Security_Camera,100,15,8587,soft_mean_scale,1.0,1.0,0.0,0.0,0.28591844312840164,1.7634315492287038
SimpleHome_XCS7_1003_WHT_Security_Camera,100,16,3807,shared_oas,0.99999888,0.9999437185929649,0.006,1.0,0.125,2.0794415416798357
SimpleHome_XCS7_1003_WHT_Security_Camera,100,16,3807,local_center_peer_scale,0.99999964,0.9999819095477387,0.0078,1.0,0.125,2.0794415416798357
SimpleHome_XCS7_1003_WHT_Security_Camera,100,16,3807,soft_mean,1.0,1.0,0.0074,1.0,0.23141084898522193,1.9719026709087941
SimpleHome_XCS7_1003_WHT_Security_Camera,100,16,3807,soft_mean_scale,1.0,1.0,0.0024,1.0,0.8597365576470739,0.47897712831815126
SimpleHome_XCS7_1003_WHT_Security_Camera,100,17,2993,shared_oas,1.0,1.0,0.0426,1.0,0.125,2.0794415416798357
SimpleHome_XCS7_1003_WHT_Security_Camera,100,17,2993,local_center_peer_scale,1.0,1.0,0.0354,1.0,0.125,2.0794415416798357
SimpleHome_XCS7_1003_WHT_Security_Camera,100,17,2993,soft_mean,1.0,1.0,0.0348,1.0,0.23629896264709999,1.967553535261443
SimpleHome_XCS7_1003_WHT_Security_Camera,100,17,2993,soft_mean_scale,1.0,1.0,0.0308,1.0,0.9421243497064716,0.23394205462079343
SimpleHome_XCS7_1003_WHT_Security_Camera,100,18,7298,shared_oas,0.9999966,0.9998291457286432,0.021,1.0,0.125,2.0794415416798357
SimpleHome_XCS7_1003_WHT_Security_Camera,100,18,7298,local_center_peer_scale,0.99999432,0.9997145728643216,0.0196,1.0,0.125,2.0794415416798357
SimpleHome_XCS7_1003_WHT_Security_Camera,100,18,7298,soft_mean,0.9999545200000001,0.9977145728643215,0.02,1.0,0.23343439780645606,1.9683356516016985
SimpleHome_XCS7_1003_WHT_Security_Camera,100,18,7298,soft_mean_scale,0.9999966,0.9998291457286432,0.0218,1.0,0.8796064089407006,0.38589048981846075
SimpleHome_XCS7_1003_WHT_Security_Camera,100,19,10397,shared_oas,0.9999996,0.9999798994974873,0.0004,1.0,0.125,2.0794415416798357
SimpleHome_XCS7_1003_WHT_Security_Camera,100,19,10397,local_center_peer_scale,0.99999632,0.9998150753768844,0.0006,1.0,0.125,2.0794415416798357
SimpleHome_XCS7_1003_WHT_Security_Camera,100,19,10397,soft_mean,0.99995736,0.9978572864321609,0.0004,1.0,0.2253630106578687,1.9749772048137682
SimpleHome_XCS7_1003_WHT_Security_Camera,100,19,10397,soft_mean_scale,0.99999932,0.9999658291457285,0.0002,1.0,0.8686186502472584,0.4524699236679201
SimpleHome_XCS7_1003_WHT_Security_Camera,100,20,900,shared_oas,1.0,1.0,0.3758,1.0,0.125,2.0794415416798357
SimpleHome_XCS7_1003_WHT_Security_Camera,100,20,900,local_center_peer_scale,1.0,1.0,0.3738,1.0,0.125,2.0794415416798357
SimpleHome_XCS7_1003_WHT_Security_Camera,100,20,900,soft_mean,1.0,1.0,0.3714,1.0,0.22228071827413534,1.9765013212801725
SimpleHome_XCS7_1003_WHT_Security_Camera,100,20,900,soft_mean_scale,1.0,1.0,0.3566,1.0,0.8646507493740085,0.44483858811023147
SimpleHome_XCS7_1003_WHT_Security_Camera,100,21,4688,shared_oas,0.9999984,0.9999195979899498,0.1362,1.0,0.125,2.0794415416798357
SimpleHome_XCS7_1003_WHT_Security_Camera,100,21,4688,local_center_peer_scale,1.0,1.0,0.1626,1.0,0.125,2.0794415416798357
SimpleHome_XCS7_1003_WHT_Security_Camera,100,21,4688,soft_mean,1.0,1.0,0.1594,1.0,0.2392497855173604,1.9637201220234797
SimpleHome_XCS7_1003_WHT_Security_Camera,100,21,4688,soft_mean_scale,1.0,1.0,0.1216,1.0,0.9652474267068233,0.16078102408808506
SimpleHome_XCS7_1003_WHT_Security_Camera,100,22,4071,shared_oas,0.99999932,0.9999658291457287,0.3558,1.0,0.125,2.0794415416798357
SimpleHome_XCS7_1003_WHT_Security_Camera,100,22,4071,local_center_peer_scale,0.99999996,0.9999979899497488,0.355,1.0,0.125,2.0794415416798357
SimpleHome_XCS7_1003_WHT_Security_Camera,100,22,4071,soft_mean,1.0,1.0,0.3548,1.0,0.22597541686718373,1.9705484968239957
SimpleHome_XCS7_1003_WHT_Security_Camera,100,22,4071,soft_mean_scale,1.0,1.0,0.0278,1.0,0.8743235781453801,0.42785193303790786
SimpleHome_XCS7_1003_WHT_Security_Camera,100,23,7996,shared_oas,0.9999998800000001,0.9999939698492462,0.0,0.4046,0.125,2.0794415416798357
SimpleHome_XCS7_1003_WHT_Security_Camera,100,23,7996,local_center_peer_scale,0.9999982799999999,0.9999135678391959,0.0,0.0,0.125,2.0794415416798357
SimpleHome_XCS7_1003_WHT_Security_Camera,100,23,7996,soft_mean,0.99999812,0.999905527638191,0.0,0.1436,0.22812569373425523,1.9857295619611406
SimpleHome_XCS7_1003_WHT_Security_Camera,100,23,7996,soft_mean_scale,0.99999312,0.999654271356784,0.0,0.0018,0.31998129289824406,1.6514970530102688
SimpleHome_XCS7_1003_WHT_Security_Camera,100,24,5282,shared_oas,0.9999958,0.999788944723618,0.4584,1.0,0.125,2.0794415416798357
SimpleHome_XCS7_1003_WHT_Security_Camera,100,24,5282,local_center_peer_scale,0.99999828,0.9999135678391959,0.4678,1.0,0.125,2.0794415416798357
SimpleHome_XCS7_1003_WHT_Security_Camera,100,24,5282,soft_mean,0.99999936,0.9999678391959799,0.4652,1.0,0.236286853545556,1.9619821591875923
SimpleHome_XCS7_1003_WHT_Security_Camera,100,24,5282,soft_mean_scale,1.0,1.0,0.4454,1.0,0.9475691945695239,0.21991337860227195
SimpleHome_XCS7_1003_WHT_Security_Camera,100,25,7885,shared_oas,0.9999186,0.9959095477386934,0.0,0.5022,0.125,2.0794415416798357
SimpleHome_XCS7_1003_WHT_Security_Camera,100,25,7885,local_center_peer_scale,0.9997298800000001,0.9864261306532662,0.0,0.502,0.125,2.0794415416798357
SimpleHome_XCS7_1003_WHT_Security_Camera,100,25,7885,soft_mean,0.99972424,0.9861427135678392,0.0,0.502,0.20382135124512693,1.9808970902953118
SimpleHome_XCS7_1003_WHT_Security_Camera,100,25,7885,soft_mean_scale,0.99984828,0.992375879396985,0.0,0.573,0.6495737538165068,0.816495531459181
SimpleHome_XCS7_1003_WHT_Security_Camera,100,26,324,shared_oas,0.99999896,0.9999477386934674,1.0,1.0,0.125,2.0794415416798357
SimpleHome_XCS7_1003_WHT_Security_Camera,100,26,324,local_center_peer_scale,0.99999912,0.9999557788944724,1.0,1.0,0.125,2.0794415416798357
SimpleHome_XCS7_1003_WHT_Security_Camera,100,26,324,soft_mean,0.99999908,0.999953768844221,1.0,1.0,0.23097048151398267,1.929325083093798
SimpleHome_XCS7_1003_WHT_Security_Camera,100,26,324,soft_mean_scale,0.99999908,0.999953768844221,1.0,1.0,0.3114950140980679,1.830245479340072
SimpleHome_XCS7_1003_WHT_Security_Camera,100,27,12715,shared_oas,0.9999992,0.9999597989949749,0.0202,1.0,0.125,2.0794415416798357
SimpleHome_XCS7_1003_WHT_Security_Camera,100,27,12715,local_center_peer_scale,0.99995188,0.9975819095477387,0.0392,1.0,0.125,2.0794415416798357
SimpleHome_XCS7_1003_WHT_Security_Camera,100,27,12715,soft_mean,0.9999538800000001,0.9976824120603015,0.0452,1.0,0.22321933293159657,1.9761672609237508
SimpleHome_XCS7_1003_WHT_Security_Camera,100,27,12715,soft_mean_scale,0.99999896,0.9999477386934673,0.0002,1.0,0.7986479052016956,0.6129261538045581
SimpleHome_XCS7_1003_WHT_Security_Camera,100,28,5155,shared_oas,0.99999696,0.9998472361809045,0.4256,1.0,0.125,2.0794415416798357
SimpleHome_XCS7_1003_WHT_Security_Camera,100,28,5155,local_center_peer_scale,0.99999972,0.9999859296482412,0.4194,1.0,0.125,2.0794415416798357
SimpleHome_XCS7_1003_WHT_Security_Camera,100,28,5155,soft_mean,0.99999968,0.9999839195979899,0.4196,1.0,0.23121123056461715,1.964751381620686
SimpleHome_XCS7_1003_WHT_Security_Camera,100,28,5155,soft_mean_scale,0.99999996,0.9999979899497488,0.4082,1.0,0.8930989410377785,0.3801747666217907
SimpleHome_XCS7_1003_WHT_Security_Camera,100,29,5116,shared_oas,0.99999408,0.9997025125628141,0.411,1.0,0.125,2.0794415416798357
SimpleHome_XCS7_1003_WHT_Security_Camera,100,29,5116,local_center_peer_scale,0.9999982,0.9999095477386934,0.4028,1.0,0.125,2.0794415416798357
SimpleHome_XCS7_1003_WHT_Security_Camera,100,29,5116,soft_mean,0.9999998800000001,0.9999939698492462,0.4018,1.0,0.23341942327725748,1.9642182491006825
SimpleHome_XCS7_1003_WHT_Security_Camera,100,29,5116,soft_mean_scale,1.0,1.0,0.3804,1.0,0.8881436710670632,0.39380322665510625
SimpleHome_XCS7_1003_WHT_Security_Camera,300,0,6377,shared_oas,0.9999996800000001,0.9999839195979899,0.0,0.5168,0.125,2.0794415416798357
SimpleHome_XCS7_1003_WHT_Security_Camera,300,0,6377,local_center_peer_scale,0.9999922,0.999608040201005,0.0,0.0058,0.125,2.0794415416798357
SimpleHome_XCS7_1003_WHT_Security_Camera,300,0,6377,soft_mean,0.9999838,0.9991859296482412,0.0,0.0,0.17760753301880566,2.0458914588022363
SimpleHome_XCS7_1003_WHT_Security_Camera,300,0,6377,soft_mean_scale,0.99998284,0.999137688442211,0.0,0.0,0.16668948729728417,2.0179133819097754
SimpleHome_XCS7_1003_WHT_Security_Camera,300,1,4614,shared_oas,0.9999992799999999,0.9999638190954774,0.0342,1.0,0.125,2.0794415416798357
SimpleHome_XCS7_1003_WHT_Security_Camera,300,1,4614,local_center_peer_scale,0.9999996,0.9999798994974874,0.0332,1.0,0.125,2.0794415416798357
SimpleHome_XCS7_1003_WHT_Security_Camera,300,1,4614,soft_mean,0.9999996,0.9999798994974874,0.035,1.0,0.236004975015756,1.9656423473313291
SimpleHome_XCS7_1003_WHT_Security_Camera,300,1,4614,soft_mean_scale,0.9999996,0.9999798994974874,0.0204,1.0,0.8850373960451663,0.4114961200299843
SimpleHome_XCS7_1003_WHT_Security_Camera,300,2,692,shared_oas,1.0,1.0,0.0106,1.0,0.125,2.0794415416798357
SimpleHome_XCS7_1003_WHT_Security_Camera,300,2,692,local_center_peer_scale,1.0,1.0,0.0098,1.0,0.125,2.0794415416798357
SimpleHome_XCS7_1003_WHT_Security_Camera,300,2,692,soft_mean,1.0,1.0,0.0098,1.0,0.20312742554738958,1.9869453661710363
SimpleHome_XCS7_1003_WHT_Security_Camera,300,2,692,soft_mean_scale,1.0,1.0,0.0026,1.0,0.8917009874928812,0.3994615585101873
SimpleHome_XCS7_1003_WHT_Security_Camera,300,3,11655,shared_oas,0.99978956,0.9894251256281408,0.0,0.778,0.125,2.0794415416798357
SimpleHome_XCS7_1003_WHT_Security_Camera,300,3,11655,local_center_peer_scale,0.99960616,0.9802090452261307,0.0,0.7146,0.125,2.0794415416798357
SimpleHome_XCS7_1003_WHT_Security_Camera,300,3,11655,soft_mean,0.9996021199999999,0.9800060301507538,0.0002,0.755,0.20969517450983713,1.9770766079218738
SimpleHome_XCS7_1003_WHT_Security_Camera,300,3,11655,soft_mean_scale,0.9999492400000001,0.9974492462311557,0.0002,0.7888,0.7026753307142664,0.7514114026902619
SimpleHome_XCS7_1003_WHT_Security_Camera,300,4,3826,shared_oas,0.9999988000000001,0.9999396984924623,0.0016,1.0,0.125,2.0794415416798357
SimpleHome_XCS7_1003_WHT_Security_Camera,300,4,3826,local_center_peer_scale,0.9999979600000001,0.999897487437186,0.0002,1.0,0.125,2.0794415416798357
SimpleHome_XCS7_1003_WHT_Security_Camera,300,4,3826,soft_mean,0.9999972,0.999859296482412,0.0008,1.0,0.23240512102015326,1.9687825771592204
SimpleHome_XCS7_1003_WHT_Security_Camera,300,4,3826,soft_mean_scale,0.999998,0.9998994974874371,0.0014,1.0,0.8347249210815313,0.49754574713757277
SimpleHome_XCS7_1003_WHT_Security_Camera,300,5,5868,shared_oas,0.99665644,0.8995718592964824,0.0,0.4174,0.125,2.0794415416798357
SimpleHome_XCS7_1003_WHT_Security_Camera,300,5,5868,local_center_peer_scale,0.9944766399999999,0.8993708542713568,0.0,0.4174,0.125,2.0794415416798357
SimpleHome_XCS7_1003_WHT_Security_Camera,300,5,5868,soft_mean,0.99415724,0.899224120603015,0.0,0.4174,0.20472670485015174,2.0112591511775073
SimpleHome_XCS7_1003_WHT_Security_Camera,300,5,5868,soft_mean_scale,0.99403088,0.8988381909547738,0.0,0.4166,0.3049138465534428,1.8247672933917527
SimpleHome_XCS7_1003_WHT_Security_Camera,300,6,11568,shared_oas,0.9999994,0.9999698492462312,0.0168,1.0,0.125,2.0794415416798357
SimpleHome_XCS7_1003_WHT_Security_Camera,300,6,11568,local_center_peer_scale,0.99999964,0.9999819095477387,0.0198,1.0,0.125,2.0794415416798357
SimpleHome_XCS7_1003_WHT_Security_Camera,300,6,11568,soft_mean,0.99999964,0.9999819095477387,0.0188,1.0,0.23123921201211015,1.9711712274187962
SimpleHome_XCS7_1003_WHT_Security_Camera,300,6,11568,soft_mean_scale,0.99999964,0.9999819095477387,0.0104,1.0,0.8668798865658024,0.4559656226217965
SimpleHome_XCS7_1003_WHT_Security_Camera,300,7,539,shared_oas,0.99999992,0.9999959798994974,0.017,1.0,0.125,2.0794415416798357
SimpleHome_XCS7_1003_WHT_Security_Camera,300,7,539,local_center_peer_scale,1.0,1.0,0.018,1.0,0.125,2.0794415416798357
SimpleHome_XCS7_1003_WHT_Security_Camera,300,7,539,soft_mean,1.0,1.0,0.0176,1.0,0.1869018418613763,1.9984232227385161
SimpleHome_XCS7_1003_WHT_Security_Camera,300,7,539,soft_mean_scale,1.0,1.0,0.0106,1.0,0.9043010953891073,0.3552874207748048
SimpleHome_XCS7_1003_WHT_Security_Camera,300,8,10067,shared_oas,0.99995764,0.9978713567839196,0.0,0.4724,0.125,2.0794415416798357
SimpleHome_XCS7_1003_WHT_Security_Camera,300,8,10067,local_center_peer_scale,0.99999964,0.9999819095477387,0.0,0.2506,0.125,2.0794415416798357
SimpleHome_XCS7_1003_WHT_Security_Camera,300,8,10067,soft_mean,0.9999996800000001,0.9999839195979899,0.0,0.1002,0.19431386346154275,2.015517804721901
SimpleHome_XCS7_1003_WHT_Security_Camera,300,8,10067,soft_mean_scale,0.99999876,0.999937688442211,0.0,0.0,0.3617526655324622,1.6186922455065211
SimpleHome_XCS7_1003_WHT_Security_Camera,300,9,3617,shared_oas,1.0,1.0,0.009,1.0,0.125,2.0794415416798357
SimpleHome_XCS7_1003_WHT_Security_Camera,300,9,3617,local_center_peer_scale,1.0,1.0,0.0112,1.0,0.125,2.0794415416798357
SimpleHome_XCS7_1003_WHT_Security_Camera,300,9,3617,soft_mean,1.0,1.0,0.0122,1.0,0.23349887744287665,1.967163475294329
SimpleHome_XCS7_1003_WHT_Security_Camera,300,9,3617,soft_mean_scale,1.0,1.0,0.0058,1.0,0.844618533113589,0.5040566095224179
SimpleHome_XCS7_1003_WHT_Security_Camera,300,10,11248,shared_oas,1.0,1.0,0.0,0.4938,0.125,2.0794415416798357
SimpleHome_XCS7_1003_WHT_Security_Camera,300,10,11248,local_center_peer_scale,1.0,1.0,0.0,0.4578,0.125,2.0794415416798357
SimpleHome_XCS7_1003_WHT_Security_Camera,300,10,11248,soft_mean,1.0,1.0,0.0,0.4292,0.19790155366071616,1.9993501427311142
SimpleHome_XCS7_1003_WHT_Security_Camera,300,10,11248,soft_mean_scale,0.99999848,0.9999236180904523,0.0,0.0,0.4465449993054884,1.4666447585512716
SimpleHome_XCS7_1003_WHT_Security_Camera,300,11,4269,shared_oas,0.99999996,0.9999979899497488,0.012,1.0,0.125,2.0794415416798357
SimpleHome_XCS7_1003_WHT_Security_Camera,300,11,4269,local_center_peer_scale,1.0,1.0,0.0124,1.0,0.125,2.0794415416798357
SimpleHome_XCS7_1003_WHT_Security_Camera,300,11,4269,soft_mean,0.99999996,0.9999979899497488,0.012,1.0,0.22770872784765658,1.9678122043142507
SimpleHome_XCS7_1003_WHT_Security_Camera,300,11,4269,soft_mean_scale,0.99999996,0.9999979899497488,0.0034,1.0,0.8405214829557043,0.5103159876579405
SimpleHome_XCS7_1003_WHT_Security_Camera,300,12,11468,shared_oas,1.0,1.0,0.0108,1.0,0.125,2.0794415416798357
SimpleHome_XCS7_1003_WHT_Security_Camera,300,12,11468,local_center_peer_scale,1.0,1.0,0.0126,1.0,0.125,2.0794415416798357
SimpleHome_XCS7_1003_WHT_Security_Camera,300,12,11468,soft_mean,1.0,1.0,0.0124,1.0,0.23215031318634566,1.9701616115715241
SimpleHome_XCS7_1003_WHT_Security_Camera,300,12,11468,soft_mean_scale,1.0,1.0,0.0062,1.0,0.8805096960478759,0.4199210184670519
SimpleHome_XCS7_1003_WHT_Security_Camera,300,13,7683,shared_oas,0.9998728,0.993608040201005,0.0,0.6898,0.125,2.0794415416798357
SimpleHome_XCS7_1003_WHT_Security_Camera,300,13,7683,local_center_peer_scale,0.99995084,0.997529648241206,0.0,0.6654,0.125,2.0794415416798357
SimpleHome_XCS7_1003_WHT_Security_Camera,300,13,7683,soft_mean,0.9999510399999999,0.9975396984924623,0.0,0.6654,0.1752939085027781,2.0512609903221946
SimpleHome_XCS7_1003_WHT_Security_Camera,300,13,7683,soft_mean_scale,0.9999480799999999,0.9973909547738693,0.0,0.6666,0.26435379219493294,1.9650954440788482
SimpleHome_XCS7_1003_WHT_Security_Camera,300,14,3177,shared_oas,0.99999924,0.999961809045226,0.4332,1.0,0.125,2.0794415416798357
SimpleHome_XCS7_1003_WHT_Security_Camera,300,14,3177,local_center_peer_scale,0.9999994,0.9999698492462312,0.4176,1.0,0.125,2.0794415416798357
SimpleHome_XCS7_1003_WHT_Security_Camera,300,14,3177,soft_mean,0.99999956,0.9999778894472362,0.4244,1.0,0.23621865914257273,1.9605282375344866
SimpleHome_XCS7_1003_WHT_Security_Camera,300,14,3177,soft_mean_scale,0.99999992,0.9999959798994974,0.4172,1.0,0.9205942385945479,0.2976444033753908
SimpleHome_XCS7_1003_WHT_Security_Camera,300,15,2390,shared_oas,0.9999971200000001,0.9998552763819095,0.3474,1.0,0.125,2.0794415416798357
SimpleHome_XCS7_1003_WHT_Security_Camera,300,15,2390,local_center_peer_scale,0.9999998,0.9999899497487438,0.3404,1.0,0.125,2.0794415416798357
SimpleHome_XCS7_1003_WHT_Security_Camera,300,15,2390,soft_mean,1.0,1.0,0.3436,1.0,0.23370168735606267,1.964195940988568
SimpleHome_XCS7_1003_WHT_Security_Camera,300,15,2390,soft_mean_scale,1.0,1.0,0.3346,1.0,0.8731235910517421,0.43402079381937475
SimpleHome_XCS7_1003_WHT_Security_Camera,300,16,3769,shared_oas,0.99999912,0.9999557788944724,0.0032,1.0,0.125,2.0794415416798357
SimpleHome_XCS7_1003_WHT_Security_Camera,300,16,3769,local_center_peer_scale,0.99999816,0.9999075376884421,0.001,1.0,0.125,2.0794415416798357
SimpleHome_XCS7_1003_WHT_Security_Camera,300,16,3769,soft_mean,0.999998,0.9998994974874371,0.0012,1.0,0.2332324603116637,1.968452311818666
SimpleHome_XCS7_1003_WHT_Security_Camera,300,16,3769,soft_mean_scale,0.99999824,0.9999115577889448,0.003,1.0,0.8427231786519469,0.48003094546680586
SimpleHome_XCS7_1003_WHT_Security_Camera,300,17,6121,shared_oas,0.99999436,0.9997165829145729,0.0016,1.0,0.125,2.0794415416798357
SimpleHome_XCS7_1003_WHT_Security_Camera,300,17,6121,local_center_peer_scale,0.9999916799999999,0.9995819095477386,0.0016,1.0,0.125,2.0794415416798357
SimpleHome_XCS7_1003_WHT_Security_Camera,300,17,6121,soft_mean,0.99999164,0.9995798994974874,0.0018,1.0,0.2048863938139512,1.9734979474703644
SimpleHome_XCS7_1003_WHT_Security_Camera,300,17,6121,soft_mean_scale,0.99999184,0.9995899497487436,0.0016,1.0,0.2513852209994664,1.9154197620198719
SimpleHome_XCS7_1003_WHT_Security_Camera,300,18,2405,shared_oas,0.99999692,0.9998452261306532,0.0172,1.0,0.125,2.0794415416798357
SimpleHome_XCS7_1003_WHT_Security_Camera,300,18,2405,local_center_peer_scale,0.99999944,0.9999718592964824,0.0164,1.0,0.125,2.0794415416798357
SimpleHome_XCS7_1003_WHT_Security_Camera,300,18,2405,soft_mean,0.9999998400000001,0.999991959798995,0.0142,1.0,0.23447579120330012,1.963499557051291
SimpleHome_XCS7_1003_WHT_Security_Camera,300,18,2405,soft_mean_scale,1.0,1.0,0.005,1.0,0.8698914915522291,0.44248055160767363
SimpleHome_XCS7_1003_WHT_Security_Camera,300,19,12447,shared_oas,0.8280082000000001,0.900462311557789,0.0,0.0,0.125,2.0794415416798357
SimpleHome_XCS7_1003_WHT_Security_Camera,300,19,12447,local_center_peer_scale,0.8095523200000001,0.899624120603015,0.0,0.0,0.125,2.0794415416798357
SimpleHome_XCS7_1003_WHT_Security_Camera,300,19,12447,soft_mean,0.8095493600000001,0.8994753768844221,0.0,0.0,0.20005386859255198,2.014052836365768
SimpleHome_XCS7_1003_WHT_Security_Camera,300,19,12447,soft_mean_scale,0.8095374000000001,0.8988743718592964,0.0,0.0,0.29983137804053034,1.8253090300875883
SimpleHome_XCS7_1003_WHT_Security_Camera,300,20,11826,shared_oas,0.9974056,0.902705527638191,0.0,0.8058,0.125,2.0794415416798357
SimpleHome_XCS7_1003_WHT_Security_Camera,300,20,11826,local_center_peer_scale,0.9957791199999999,0.9026934673366834,0.0,0.8048,0.125,2.0794415416798357
SimpleHome_XCS7_1003_WHT_Security_Camera,300,20,11826,soft_mean,0.99558552,0.9026934673366834,0.0,0.804,0.2089940692966845,1.977594246110113
SimpleHome_XCS7_1003_WHT_Security_Camera,300,20,11826,soft_mean_scale,0.9969406,0.9026874371859297,0.0,0.8028,0.4873603481623887,0.8245049457579636
SimpleHome_XCS7_1003_WHT_Security_Camera,300,21,12368,shared_oas,0.80284336,0.8975618090452262,0.0,0.4844,0.125,2.0794415416798357
SimpleHome_XCS7_1003_WHT_Security_Camera,300,21,12368,local_center_peer_scale,0.80145636,0.8975035175879397,0.0,0.4838,0.125,2.0794415416798357
SimpleHome_XCS7_1003_WHT_Security_Camera,300,21,12368,soft_mean,0.80153756,0.8974874371859296,0.0,0.4838,0.19665745956972,1.9970009309296417
SimpleHome_XCS7_1003_WHT_Security_Camera,300,21,12368,soft_mean_scale,0.8034952000000001,0.897545728643216,0.0,0.485,0.6719343210250762,0.796120822430731
SimpleHome_XCS7_1003_WHT_Security_Camera,300,22,1505,shared_oas,0.99999748,0.9998733668341708,0.0104,1.0,0.125,2.0794415416798357
SimpleHome_XCS7_1003_WHT_Security_Camera,300,22,1505,local_center_peer_scale,0.99999896,0.9999477386934674,0.0118,1.0,0.125,2.0794415416798357
SimpleHome_XCS7_1003_WHT_Security_Camera,300,22,1505,soft_mean,0.9999992,0.9999597989949749,0.0104,1.0,0.23278932591814355,1.9640890759079743
SimpleHome_XCS7_1003_WHT_Security_Camera,300,22,1505,soft_mean_scale,0.99999952,0.999975879396985,0.0064,1.0,0.8667406314774637,0.4376464866637193
SimpleHome_XCS7_1003_WHT_Security_Camera,300,23,5377,shared_oas,1.0,1.0,0.0108,1.0,0.125,2.0794415416798357
SimpleHome_XCS7_1003_WHT_Security_Camera,300,23,5377,local_center_peer_scale,1.0,1.0,0.012,1.0,0.125,2.0794415416798357
SimpleHome_XCS7_1003_WHT_Security_Camera,300,23,5377,soft_mean,1.0,1.0,0.0134,1.0,0.23306214694935443,1.9672732151137113
SimpleHome_XCS7_1003_WHT_Security_Camera,300,23,5377,soft_mean_scale,1.0,1.0,0.0102,1.0,0.843312291676964,0.5079944612968221
SimpleHome_XCS7_1003_WHT_Security_Camera,300,24,8179,shared_oas,0.99999876,0.999937688442211,0.0026,1.0,0.125,2.0794415416798357
SimpleHome_XCS7_1003_WHT_Security_Camera,300,24,8179,local_center_peer_scale,0.99999716,0.9998572864321608,0.002,1.0,0.125,2.0794415416798357
SimpleHome_XCS7_1003_WHT_Security_Camera,300,24,8179,soft_mean,0.99999696,0.9998472361809045,0.0022,1.0,0.20232460775893293,1.98881567303807
SimpleHome_XCS7_1003_WHT_Security_Camera,300,24,8179,soft_mean_scale,0.99999772,0.9998854271356783,0.0002,1.0,0.7774407634182694,0.5969233378868335
SimpleHome_XCS7_1003_WHT_Security_Camera,300,25,3902,shared_oas,0.99999908,0.999953768844221,0.0038,1.0,0.125,2.0794415416798357
SimpleHome_XCS7_1003_WHT_Security_Camera,300,25,3902,local_center_peer_scale,0.99999824,0.9999115577889448,0.0018,1.0,0.125,2.0794415416798357
SimpleHome_XCS7_1003_WHT_Security_Camera,300,25,3902,soft_mean,0.99999752,0.9998753768844221,0.0024,1.0,0.23105185245092946,1.9680444794596932
SimpleHome_XCS7_1003_WHT_Security_Camera,300,25,3902,soft_mean_scale,0.9999984000000001,0.9999195979899498,0.001,1.0,0.8297673850884922,0.5064680494441594
SimpleHome_XCS7_1003_WHT_Security_Camera,300,26,5112,shared_oas,0.99999716,0.9998572864321608,0.0356,1.0,0.125,2.0794415416798357
SimpleHome_XCS7_1003_WHT_Security_Camera,300,26,5112,local_center_peer_scale,0.99999972,0.9999859296482412,0.0272,1.0,0.125,2.0794415416798357
SimpleHome_XCS7_1003_WHT_Security_Camera,300,26,5112,soft_mean,0.99999968,0.9999839195979899,0.0304,1.0,0.23401836183629385,1.9629444736467443
SimpleHome_XCS7_1003_WHT_Security_Camera,300,26,5112,soft_mean_scale,0.99999996,0.9999979899497488,0.0086,1.0,0.884601726027883,0.40234749129656744
SimpleHome_XCS7_1003_WHT_Security_Camera,300,27,9321,shared_oas,0.9999992400000001,0.999961809045226,0.0064,1.0,0.125,2.0794415416798357
SimpleHome_XCS7_1003_WHT_Security_Camera,300,27,9321,local_center_peer_scale,0.99999724,0.9998613065326633,0.0042,1.0,0.125,2.0794415416798357
SimpleHome_XCS7_1003_WHT_Security_Camera,300,27,9321,soft_mean,0.9999966,0.9998291457286432,0.0044,1.0,0.23098590114309103,1.9706696527850234
SimpleHome_XCS7_1003_WHT_Security_Camera,300,27,9321,soft_mean_scale,0.9999979999999999,0.9998994974874371,0.009,1.0,0.854984166142207,0.44295512044849694
SimpleHome_XCS7_1003_WHT_Security_Camera,300,28,5320,shared_oas,0.99999976,0.9999879396984924,0.0194,1.0,0.125,2.0794415416798357
SimpleHome_XCS7_1003_WHT_Security_Camera,300,28,5320,local_center_peer_scale,1.0,1.0,0.021,1.0,0.125,2.0794415416798357
SimpleHome_XCS7_1003_WHT_Security_Camera,300,28,5320,soft_mean,0.99999992,0.9999959798994975,0.0218,1.0,0.23302816663003315,1.9663363744606066
SimpleHome_XCS7_1003_WHT_Security_Camera,300,28,5320,soft_mean_scale,0.99999996,0.9999979899497488,0.0154,1.0,0.8447622246876032,0.5045358772168022
SimpleHome_XCS7_1003_WHT_Security_Camera,300,29,7128,shared_oas,0.99999388,0.9996924623115577,0.0286,1.0,0.125,2.0794415416798357
SimpleHome_XCS7_1003_WHT_Security_Camera,300,29,7128,local_center_peer_scale,0.99998888,0.9994412060301507,0.0238,1.0,0.125,2.0794415416798357
SimpleHome_XCS7_1003_WHT_Security_Camera,300,29,7128,soft_mean,0.9999509200000001,0.9975336683417085,0.024,1.0,0.23493036441319368,1.9662275845951067
SimpleHome_XCS7_1003_WHT_Security_Camera,300,29,7128,soft_mean_scale,0.9999881599999999,0.9994050251256281,0.0314,1.0,0.8474537431781238,0.4589277698658889
SimpleHome_XCS7_1003_WHT_Security_Camera,1000,0,84,shared_oas,0.99991884,0.9959216080402009,0.0,0.4278,0.125,2.0794415416798357
SimpleHome_XCS7_1003_WHT_Security_Camera,1000,0,84,local_center_peer_scale,0.9999436,0.9971658291457286,0.0,0.0,0.125,2.0794415416798357
SimpleHome_XCS7_1003_WHT_Security_Camera,1000,0,84,soft_mean,0.99994012,0.9969909547738693,0.0,0.0,0.17737835102508068,2.0526014101347236
SimpleHome_XCS7_1003_WHT_Security_Camera,1000,0,84,soft_mean_scale,0.99993708,0.9968381909547739,0.0,0.0,0.19218728660877446,2.032899356812502
SimpleHome_XCS7_1003_WHT_Security_Camera,1000,1,8920,shared_oas,1.0,1.0,0.006,1.0,0.125,2.0794415416798357
SimpleHome_XCS7_1003_WHT_Security_Camera,1000,1,8920,local_center_peer_scale,1.0,1.0,0.0044,1.0,0.125,2.0794415416798357
SimpleHome_XCS7_1003_WHT_Security_Camera,1000,1,8920,soft_mean,1.0,1.0,0.0052,1.0,0.23257462135727008,1.9690178666757552
SimpleHome_XCS7_1003_WHT_Security_Camera,1000,1,8920,soft_mean_scale,1.0,1.0,0.005,1.0,0.8579517632507994,0.4461597923407874
SimpleHome_XCS7_1003_WHT_Security_Camera,1000,2,5836,shared_oas,0.998564,0.9278391959798995,0.0,0.4122,0.125,2.0794415416798357
SimpleHome_XCS7_1003_WHT_Security_Camera,1000,2,5836,local_center_peer_scale,0.99847844,0.9235396984924623,0.0,0.4122,0.125,2.0794415416798357
SimpleHome_XCS7_1003_WHT_Security_Camera,1000,2,5836,soft_mean,0.9984772,0.9234773869346734,0.0,0.4122,0.18728655274479783,2.046254063593228
SimpleHome_XCS7_1003_WHT_Security_Camera,1000,2,5836,soft_mean_scale,0.9984753199999999,0.9233829145728644,0.0,0.4122,0.2991655639821103,1.9196030472593406
SimpleHome_XCS7_1003_WHT_Security_Camera,1000,3,11577,shared_oas,0.99787384,0.8972663316582914,0.0,0.5774,0.125,2.0794415416798357
SimpleHome_XCS7_1003_WHT_Security_Camera,1000,3,11577,local_center_peer_scale,0.99664596,0.897191959798995,0.0,0.5216,0.125,2.0794415416798357
SimpleHome_XCS7_1003_WHT_Security_Camera,1000,3,11577,soft_mean,0.99640024,0.8971698492462312,0.0,0.5194,0.20910559855077068,1.978555134094048
SimpleHome_XCS7_1003_WHT_Security_Camera,1000,3,11577,soft_mean_scale,0.99770956,0.8972281407035176,0.0,0.5286,0.6097714654891736,0.8226269800017403
SimpleHome_XCS7_1003_WHT_Security_Camera,1000,4,8509,shared_oas,0.99958256,0.9790231155778895,0.0,0.4702,0.125,2.0794415416798357
SimpleHome_XCS7_1003_WHT_Security_Camera,1000,4,8509,local_center_peer_scale,0.99937892,0.9687899497487438,0.0,0.4156,0.125,2.0794415416798357
SimpleHome_XCS7_1003_WHT_Security_Camera,1000,4,8509,soft_mean,0.99936956,0.9683195979899497,0.0,0.4156,0.2077768000097198,1.9908909827575574
SimpleHome_XCS7_1003_WHT_Security_Camera,1000,4,8509,soft_mean_scale,0.99946564,0.9731477386934674,0.0,0.389,0.4526390599207214,1.428780039650281
SimpleHome_XCS7_1003_WHT_Security_Camera,1000,5,3492,shared_oas,0.9999968,0.9998391959798996,0.0086,1.0,0.125,2.0794415416798357
SimpleHome_XCS7_1003_WHT_Security_Camera,1000,5,3492,local_center_peer_scale,0.9999916400000001,0.9995798994974874,0.005,1.0,0.125,2.0794415416798357
SimpleHome_XCS7_1003_WHT_Security_Camera,1000,5,3492,soft_mean,0.9999897600000001,0.9994854271356783,0.0054,1.0,0.23270937642094874,1.9659577039775864
SimpleHome_XCS7_1003_WHT_Security_Camera,1000,5,3492,soft_mean_scale,0.9999914400000001,0.999569849246231,0.0104,1.0,0.8556121345317673,0.45182703949335057
SimpleHome_XCS7_1003_WHT_Security_Camera,1000,6,8506,shared_oas,0.99954192,0.976980904522613,0.0,0.4836,0.125,2.0794415416798357
SimpleHome_XCS7_1003_WHT_Security_Camera,1000,6,8506,local_center_peer_scale,0.99930012,0.9648301507537689,0.0,0.4216,0.125,2.0794415416798357
SimpleHome_XCS7_1003_WHT_Security_Camera,1000,6,8506,soft_mean,0.9992930800000001,0.9644763819095478,0.0,0.4214,0.2069780129809061,1.991589483633278
SimpleHome_XCS7_1003_WHT_Security_Camera,1000,6,8506,soft_mean_scale,0.9993102,0.9653366834170855,0.0,0.3816,0.4487315045637272,1.4369662977783761
SimpleHome_XCS7_1003_WHT_Security_Camera,1000,7,10956,shared_oas,0.99990384,0.99516783919598,0.0,0.5156,0.125,2.0794415416798357
SimpleHome_XCS7_1003_WHT_Security_Camera,1000,7,10956,local_center_peer_scale,0.9998813599999999,0.9940381909547737,0.0,0.4876,0.125,2.0794415416798357
SimpleHome_XCS7_1003_WHT_Security_Camera,1000,7,10956,soft_mean,0.9998777999999999,0.993859296482412,0.0,0.478,0.21408648706392877,1.9803532315831243
SimpleHome_XCS7_1003_WHT_Security_Camera,1000,7,10956,soft_mean_scale,0.99987016,0.993475376884422,0.0,0.4268,0.4979450743033275,1.277317408304561
SimpleHome_XCS7_1003_WHT_Security_Camera,1000,8,4117,shared_oas,0.9999998,0.9999899497487437,0.001,1.0,0.125,2.0794415416798357
SimpleHome_XCS7_1003_WHT_Security_Camera,1000,8,4117,local_center_peer_scale,0.9999986000000001,0.999929648241206,0.0006,1.0,0.125,2.0794415416798357
SimpleHome_XCS7_1003_WHT_Security_Camera,1000,8,4117,soft_mean,0.9999986000000001,0.999929648241206,0.0006,1.0,0.2310623388856757,1.9665416095133277
SimpleHome_XCS7_1003_WHT_Security_Camera,1000,8,4117,soft_mean_scale,0.99999688,0.999843216080402,0.0006,1.0,0.7645633089914908,0.6128211089994148
SimpleHome_XCS7_1003_WHT_Security_Camera,1000,9,3401,shared_oas,0.9999978,0.9998894472361808,0.0082,1.0,0.125,2.0794415416798357
SimpleHome_XCS7_1003_WHT_Security_Camera,1000,9,3401,local_center_peer_scale,0.9999928,0.9996381909547738,0.004,1.0,0.125,2.0794415416798357
SimpleHome_XCS7_1003_WHT_Security_Camera,1000,9,3401,soft_mean,0.9999912,0.9995577889447236,0.0044,1.0,0.23283690069177068,1.965834736061337
SimpleHome_XCS7_1003_WHT_Security_Camera,1000,9,3401,soft_mean_scale,0.99999316,0.9996562814070351,0.0078,1.0,0.8555624460977849,0.4520277080526803
SimpleHome_XCS7_1003_WHT_Security_Camera,1000,10,10472,shared_oas,0.99999864,0.9999316582914572,0.0,0.4982,0.125,2.0794415416798357
SimpleHome_XCS7_1003_WHT_Security_Camera,1000,10,10472,local_center_peer_scale,0.99999516,0.999756783919598,0.0,0.4694,0.125,2.0794415416798357
SimpleHome_XCS7_1003_WHT_Security_Camera,1000,10,10472,soft_mean,0.99999236,0.99961608040201,0.0,0.4334,0.22264439301619668,1.9780037781757605
SimpleHome_XCS7_1003_WHT_Security_Camera,1000,10,10472,soft_mean_scale,0.99998592,0.9992924623115578,0.0,0.429,0.6236411368972546,1.0964434092126076
SimpleHome_XCS7_1003_WHT_Security_Camera,1000,11,9776,shared_oas,0.9996496,0.982391959798995,0.0,0.4956,0.125,2.0794415416798357
SimpleHome_XCS7_1003_WHT_Security_Camera,1000,11,9776,local_center_peer_scale,0.99949212,0.974478391959799,0.0,0.4352,0.125,2.0794415416798357
SimpleHome_XCS7_1003_WHT_Security_Camera,1000,11,9776,soft_mean,0.99945392,0.9725587939698492,0.0,0.4352,0.21602844804057358,1.9850952737385086
SimpleHome_XCS7_1003_WHT_Security_Camera,1000,11,9776,soft_mean_scale,0.99960044,0.979921608040201,0.0,0.435,0.53769435274407,1.2401192987418375
SimpleHome_XCS7_1003_WHT_Security_Camera,1000,12,5134,shared_oas,0.99863008,0.9311597989949749,0.0,0.0,0.125,2.0794415416798357
SimpleHome_XCS7_1003_WHT_Security_Camera,1000,12,5134,local_center_peer_scale,0.9982674399999999,0.9129366834170853,0.0,0.0,0.125,2.0794415416798357
SimpleHome_XCS7_1003_WHT_Security_Camera,1000,12,5134,soft_mean,0.9982665599999999,0.9128924623115577,0.0,0.0,0.20901238517324355,1.9842596037473
SimpleHome_XCS7_1003_WHT_Security_Camera,1000,12,5134,soft_mean_scale,0.99834448,0.916808040201005,0.0,0.0,0.2871982864155101,1.7118542761538111
SimpleHome_XCS7_1003_WHT_Security_Camera,1000,13,3177,shared_oas,0.99999732,0.9998653266331659,0.004,1.0,0.125,2.0794415416798357
SimpleHome_XCS7_1003_WHT_Security_Camera,1000,13,3177,local_center_peer_scale,0.99999252,0.999624120603015,0.0026,1.0,0.125,2.0794415416798357
SimpleHome_XCS7_1003_WHT_Security_Camera,1000,13,3177,soft_mean,0.99999136,0.9995658291457286,0.0024,1.0,0.23387284779300563,1.9644669081161283
SimpleHome_XCS7_1003_WHT_Security_Camera,1000,13,3177,soft_mean_scale,0.9999933200000001,0.9996643216080402,0.0022,1.0,0.8602085955830714,0.44055386556301324
SimpleHome_XCS7_1003_WHT_Security_Camera,1000,14,1224,shared_oas,0.99999852,0.9999256281407035,0.0182,1.0,0.125,2.0794415416798357
SimpleHome_XCS7_1003_WHT_Security_Camera,1000,14,1224,local_center_peer_scale,0.9999966,0.9998291457286432,0.015,1.0,0.125,2.0794415416798357
SimpleHome_XCS7_1003_WHT_Security_Camera,1000,14,1224,soft_mean,0.9999958,0.999788944723618,0.0152,1.0,0.23173095392673965,1.9666535409782955
SimpleHome_XCS7_1003_WHT_Security_Camera,1000,14,1224,soft_mean_scale,0.9999937999999999,0.9996884422110552,0.0098,1.0,0.7743559386957063,0.5858873956258506
SimpleHome_XCS7_1003_WHT_Security_Camera,1000,15,5106,shared_oas,0.9979836,0.8986733668341708,0.0,0.0,0.125,2.0794415416798357
SimpleHome_XCS7_1003_WHT_Security_Camera,1000,15,5106,local_center_peer_scale,0.99754,0.8986693467336683,0.0,0.0,0.125,2.0794415416798357
SimpleHome_XCS7_1003_WHT_Security_Camera,1000,15,5106,soft_mean,0.99757984,0.8986452261306532,0.0,0.0,0.20860360300476682,1.9835990250545674
SimpleHome_XCS7_1003_WHT_Security_Camera,1000,15,5106,soft_mean_scale,0.9976982400000001,0.8985165829145729,0.0,0.0,0.28790404670295744,1.710618416797801
SimpleHome_XCS7_1003_WHT_Security_Camera,1000,16,2272,shared_oas,0.99999932,0.9999658291457285,0.007,1.0,0.125,2.0794415416798357
SimpleHome_XCS7_1003_WHT_Security_Camera,1000,16,2272,local_center_peer_scale,0.99999432,0.9997145728643215,0.006,1.0,0.125,2.0794415416798357
SimpleHome_XCS7_1003_WHT_Security_Camera,1000,16,2272,soft_mean,0.99999336,0.9996663316582914,0.006,1.0,0.23371576120699494,1.9647990015214707
SimpleHome_XCS7_1003_WHT_Security_Camera,1000,16,2272,soft_mean_scale,0.9999941600000001,0.9997065326633165,0.0052,1.0,0.8472108566955521,0.4673644156126902
SimpleHome_XCS7_1003_WHT_Security_Camera,1000,17,7869,shared_oas,0.9999122,0.9955879396984926,0.0,0.4974,0.125,2.0794415416798357
SimpleHome_XCS7_1003_WHT_Security_Camera,1000,17,7869,local_center_peer_scale,0.99990936,0.9954452261306532,0.0,0.4834,0.125,2.0794415416798357
SimpleHome_XCS7_1003_WHT_Security_Camera,1000,17,7869,soft_mean,0.9999030400000001,0.9951276381909548,0.0,0.4338,0.21427190566557797,1.9999585860314288
SimpleHome_XCS7_1003_WHT_Security_Camera,1000,17,7869,soft_mean_scale,0.999897,0.9948241206030151,0.0,0.4278,0.300778827602774,1.6479781650711107
SimpleHome_XCS7_1003_WHT_Security_Camera,1000,18,7005,shared_oas,0.99988436,0.9941889447236181,0.0,0.4196,0.125,2.0794415416798357
SimpleHome_XCS7_1003_WHT_Security_Camera,1000,18,7005,local_center_peer_scale,0.9999184400000001,0.9959015075376885,0.0,0.0,0.125,2.0794415416798357
SimpleHome_XCS7_1003_WHT_Security_Camera,1000,18,7005,soft_mean,0.9999174000000001,0.9958492462311558,0.0,0.0,0.19326842781949286,2.010436205784476
SimpleHome_XCS7_1003_WHT_Security_Camera,1000,18,7005,soft_mean_scale,0.9999137600000001,0.9956663316582914,0.0,0.0,0.25271310265048424,1.803164002074611
SimpleHome_XCS7_1003_WHT_Security_Camera,1000,19,11966,shared_oas,0.8340284,0.898086432160804,0.0,0.4176,0.125,2.0794415416798357
SimpleHome_XCS7_1003_WHT_Security_Camera,1000,19,11966,local_center_peer_scale,0.8046221200000001,0.8980723618090453,0.0,0.0,0.125,2.0794415416798357
SimpleHome_XCS7_1003_WHT_Security_Camera,1000,19,11966,soft_mean,0.80470328,0.8980743718592965,0.0,0.0,0.20870006903070248,2.008648576152078
SimpleHome_XCS7_1003_WHT_Security_Camera,1000,19,11966,soft_mean_scale,0.80466276,0.8980763819095479,0.0,0.0,0.31177522095401117,1.8745119586472831
SimpleHome_XCS7_1003_WHT_Security_Camera,1000,20,886,shared_oas,0.99999764,0.9998814070351758,0.0006,1.0,0.125,2.0794415416798357
SimpleHome_XCS7_1003_WHT_Security_Camera,1000,20,886,local_center_peer_scale,0.99999172,0.9995839195979899,0.0006,1.0,0.125,2.0794415416798357
SimpleHome_XCS7_1003_WHT_Security_Camera,1000,20,886,soft_mean,0.99999096,0.9995457286432161,0.0006,1.0,0.23073638377044733,1.9672142856503463
SimpleHome_XCS7_1003_WHT_Security_Camera,1000,20,886,soft_mean_scale,0.99999056,0.9995256281407034,0.0006,1.0,0.798895563012966,0.5575843284594476
SimpleHome_XCS7_1003_WHT_Security_Camera,1000,21,6518,shared_oas,0.9999971200000001,0.9998552763819095,0.004,1.0,0.125,2.0794415416798357
SimpleHome_XCS7_1003_WHT_Security_Camera,1000,21,6518,local_center_peer_scale,0.99999288,0.9996422110552763,0.0028,1.0,0.125,2.0794415416798357
SimpleHome_XCS7_1003_WHT_Security_Camera,1000,21,6518,soft_mean,0.9999922,0.999608040201005,0.0032,1.0,0.2344964606421219,1.9671648187018733
SimpleHome_XCS7_1003_WHT_Security_Camera,1000,21,6518,soft_mean_scale,0.999993,0.9996482412060301,0.0032,1.0,0.8572766924004968,0.4452353957019311
SimpleHome_XCS7_1003_WHT_Security_Camera,1000,22,5734,shared_oas,0.99865132,0.932227135678392,0.0,0.4134,0.125,2.0794415416798357
SimpleHome_XCS7_1003_WHT_Security_Camera,1000,22,5734,local_center_peer_scale,0.99856228,0.9277527638190954,0.0,0.4134,0.125,2.0794415416798357
SimpleHome_XCS7_1003_WHT_Security_Camera,1000,22,5734,soft_mean,0.99856112,0.927694472361809,0.0,0.4134,0.18733320208094387,2.0459005558195402
SimpleHome_XCS7_1003_WHT_Security_Camera,1000,22,5734,soft_mean_scale,0.99855924,0.9276,0.0,0.4134,0.2989295314705125,1.9194212255906684
SimpleHome_XCS7_1003_WHT_Security_Camera,1000,23,3934,shared_oas,0.99999556,0.9997768844221105,0.0006,1.0,0.125,2.0794415416798357
SimpleHome_XCS7_1003_WHT_Security_Camera,1000,23,3934,local_center_peer_scale,0.99998572,0.9992824120603014,0.0012,1.0,0.125,2.0794415416798357
SimpleHome_XCS7_1003_WHT_Security_Camera,1000,23,3934,soft_mean,0.9999348,0.9967236180904523,0.001,1.0,0.23080005402688086,1.9674827498150376
SimpleHome_XCS7_1003_WHT_Security_Camera,1000,23,3934,soft_mean_scale,0.99994056,0.9970130653266331,0.0012,1.0,0.8463335064535343,0.4737256268335113
SimpleHome_XCS7_1003_WHT_Security_Camera,1000,24,6047,shared_oas,0.999919,0.9959296482412061,0.0,0.4116,0.125,2.0794415416798357
SimpleHome_XCS7_1003_WHT_Security_Camera,1000,24,6047,local_center_peer_scale,0.9999433999999999,0.9971557788944723,0.0,0.0,0.125,2.0794415416798357
SimpleHome_XCS7_1003_WHT_Security_Camera,1000,24,6047,soft_mean,0.99994296,0.9971336683417086,0.0,0.0,0.18112829155892088,2.0529435465539083
SimpleHome_XCS7_1003_WHT_Security_Camera,1000,24,6047,soft_mean_scale,0.99994132,0.997051256281407,0.0,0.0,0.1946294628171528,2.033739575784378
SimpleHome_XCS7_1003_WHT_Security_Camera,1000,25,5141,shared_oas,0.99850524,0.9248864321608041,0.0,0.0,0.125,2.0794415416798357
SimpleHome_XCS7_1003_WHT_Security_Camera,1000,25,5141,local_center_peer_scale,0.9982690799999999,0.913019095477387,0.0,0.0,0.125,2.0794415416798357
SimpleHome_XCS7_1003_WHT_Security_Camera,1000,25,5141,soft_mean,0.9982684,0.9129849246231156,0.0,0.0,0.20887554141677278,1.9845065080902564
SimpleHome_XCS7_1003_WHT_Security_Camera,1000,25,5141,soft_mean_scale,0.9983447200000001,0.9168201005025125,0.0,0.0,0.2874925364361306,1.7118264144543738
SimpleHome_XCS7_1003_WHT_Security_Camera,1000,26,11808,shared_oas,0.9961652000000001,0.900635175879397,0.0,0.4328,0.125,2.0794415416798357
SimpleHome_XCS7_1003_WHT_Security_Camera,1000,26,11808,local_center_peer_scale,0.995888,0.9006070351758795,0.0,0.4328,0.125,2.0794415416798357
SimpleHome_XCS7_1003_WHT_Security_Camera,1000,26,11808,soft_mean,0.99580892,0.9006050251256281,0.0,0.4328,0.21807543060753448,1.9827962065874294
SimpleHome_XCS7_1003_WHT_Security_Camera,1000,26,11808,soft_mean_scale,0.99568996,0.9005849246231156,0.0,0.3946,0.3057491566795233,1.714766367547365
SimpleHome_XCS7_1003_WHT_Security_Camera,1000,27,9377,shared_oas,0.99964948,0.9823859296482411,0.0,0.4692,0.125,2.0794415416798357
SimpleHome_XCS7_1003_WHT_Security_Camera,1000,27,9377,local_center_peer_scale,0.9995134800000001,0.9755517587939698,0.0,0.407,0.125,2.0794415416798357
SimpleHome_XCS7_1003_WHT_Security_Camera,1000,27,9377,soft_mean,0.99951288,0.9755216080402009,0.0,0.407,0.2167373179155132,1.9848379892503
SimpleHome_XCS7_1003_WHT_Security_Camera,1000,27,9377,soft_mean_scale,0.99950684,0.9752180904522613,0.0,0.4064,0.5617042397703921,1.2005748446702087
SimpleHome_XCS7_1003_WHT_Security_Camera,1000,28,4294,shared_oas,0.9999992,0.9999597989949749,0.0086,1.0,0.125,2.0794415416798357
SimpleHome_XCS7_1003_WHT_Security_Camera,1000,28,4294,local_center_peer_scale,0.99999896,0.9999477386934674,0.0056,1.0,0.125,2.0794415416798357
SimpleHome_XCS7_1003_WHT_Security_Camera,1000,28,4294,soft_mean,0.99999884,0.9999417085427136,0.0054,1.0,0.2317549262659135,1.9659001256944646
SimpleHome_XCS7_1003_WHT_Security_Camera,1000,28,4294,soft_mean_scale,0.9999972800000001,0.9998633165829146,0.0106,1.0,0.7681815444293358,0.6078013930080629
SimpleHome_XCS7_1003_WHT_Security_Camera,1000,29,8381,shared_oas,0.9997560400000001,0.987740703517588,0.0,0.4744,0.125,2.0794415416798357
SimpleHome_XCS7_1003_WHT_Security_Camera,1000,29,8381,local_center_peer_scale,0.99967484,0.9836603015075377,0.0,0.4186,0.125,2.0794415416798357
SimpleHome_XCS7_1003_WHT_Security_Camera,1000,29,8381,soft_mean,0.99967484,0.9836603015075377,0.0,0.4184,0.2008529752403357,1.994773824738865
SimpleHome_XCS7_1003_WHT_Security_Camera,1000,29,8381,soft_mean_scale,0.99975608,0.9877427135678392,0.0,0.3966,0.4212534868006119,1.4832451995056326
