device,support_n,replicate,offset,method,auroc,spauc01,fpr,tpr,mean_ess,covariance_ess
Danmini_Doorbell,30,0,3066,oas_nominal,0.99971524,0.9856904522613066,0.0816,1.0,29.0,29.0
Danmini_Doorbell,30,0,3066,oas_covariance_ess,0.9997161999999999,0.9857386934673367,0.0832,1.0,29.0,29.0
Danmini_Doorbell,30,0,3066,bartz_hac,0.9997171199999999,0.9857849246231155,0.0866,1.0,29.0,29.0
Danmini_Doorbell,30,0,3066,shared_marginals,0.9996377599999999,0.9817969849246231,0.0934,1.0,29.0,29.0
Danmini_Doorbell,30,0,3066,collaborative_ess_mean_oas,0.9997353600000001,0.9867015075376884,0.0794,1.0,29.0,29.0
Danmini_Doorbell,30,0,3066,collaborative_bartz_mean_oas,0.99973484,0.9866753768844221,0.0794,1.0,29.0,29.0
Danmini_Doorbell,30,1,10169,oas_nominal,0.99907996,0.9537668341708543,0.0492,1.0,29.0,29.0
Danmini_Doorbell,30,1,10169,oas_covariance_ess,0.99907984,0.9537608040201004,0.05,1.0,29.0,29.0
Danmini_Doorbell,30,1,10169,bartz_hac,0.99908072,0.9538050251256281,0.052,1.0,29.0,29.0
Danmini_Doorbell,30,1,10169,shared_marginals,0.9991022,0.9548844221105528,0.087,1.0,29.0,29.0
Danmini_Doorbell,30,1,10169,collaborative_ess_mean_oas,0.9990812400000001,0.9538311557788945,0.0494,1.0,29.0,29.0
Danmini_Doorbell,30,1,10169,collaborative_bartz_mean_oas,0.9990820800000001,0.9538733668341708,0.049,1.0,29.0,29.0
Danmini_Doorbell,30,2,13306,oas_nominal,0.9992095599999999,0.9602793969849246,0.303,1.0,29.0,29.0
Danmini_Doorbell,30,2,13306,oas_covariance_ess,0.99920992,0.9602974874371859,0.3132,1.0,29.0,29.0
Danmini_Doorbell,30,2,13306,bartz_hac,0.99920528,0.9600643216080402,0.3932,1.0,29.0,29.0
Danmini_Doorbell,30,2,13306,shared_marginals,0.9992416399999999,0.9618914572864321,0.4022,1.0,29.0,29.0
Danmini_Doorbell,30,2,13306,collaborative_ess_mean_oas,0.99928472,0.9640562814070351,0.275,1.0,29.0,29.0
Danmini_Doorbell,30,2,13306,collaborative_bartz_mean_oas,0.99928084,0.9638613065326632,0.3414,1.0,29.0,29.0
Danmini_Doorbell,30,3,27615,oas_nominal,0.99947524,0.9736301507537688,0.141,1.0,29.0,29.0
Danmini_Doorbell,30,3,27615,oas_covariance_ess,0.9994749199999999,0.9736140703517588,0.1444,1.0,29.0,29.0
Danmini_Doorbell,30,3,27615,bartz_hac,0.9994763999999999,0.9736884422110552,0.1252,1.0,29.0,29.0
Danmini_Doorbell,30,3,27615,shared_marginals,0.9995086799999999,0.9753105527638191,0.17,1.0,29.0,29.0
Danmini_Doorbell,30,3,27615,collaborative_ess_mean_oas,0.9995341200000001,0.976588944723618,0.1098,1.0,29.0,29.0
Danmini_Doorbell,30,3,27615,collaborative_bartz_mean_oas,0.99953512,0.9766391959798996,0.0942,1.0,29.0,29.0
Danmini_Doorbell,30,4,18659,oas_nominal,0.9991878,0.9591859296482412,0.1586,1.0,29.0,29.0
Danmini_Doorbell,30,4,18659,oas_covariance_ess,0.99919044,0.9593185929648242,0.1626,1.0,29.0,29.0
Danmini_Doorbell,30,4,18659,bartz_hac,0.99919756,0.9596763819095477,0.1706,1.0,29.0,29.0
Danmini_Doorbell,30,4,18659,shared_marginals,0.99900312,0.9499055276381909,0.1614,1.0,29.0,29.0
Danmini_Doorbell,30,4,18659,collaborative_ess_mean_oas,0.9992306,0.9613366834170856,0.1344,1.0,29.0,29.0
Danmini_Doorbell,30,4,18659,collaborative_bartz_mean_oas,0.9992346,0.961537688442211,0.1366,1.0,29.0,29.0
Danmini_Doorbell,30,5,31107,oas_nominal,0.9995113600000001,0.9754452261306532,0.9208,1.0,29.0,29.0
Danmini_Doorbell,30,5,31107,oas_covariance_ess,0.99951128,0.9754412060301507,0.9244,1.0,29.0,29.0
Danmini_Doorbell,30,5,31107,bartz_hac,0.99951076,0.9754150753768844,0.8946,1.0,29.0,29.0
Danmini_Doorbell,30,5,31107,shared_marginals,0.9995103200000001,0.9753929648241206,0.8878,1.0,29.0,29.0
Danmini_Doorbell,30,5,31107,collaborative_ess_mean_oas,0.9995124400000001,0.9754994974874371,0.0906,1.0,29.0,29.0
Danmini_Doorbell,30,5,31107,collaborative_bartz_mean_oas,0.99951152,0.9754532663316583,0.0494,1.0,29.0,29.0
Danmini_Doorbell,30,6,9331,oas_nominal,0.99929184,0.9644140703517587,0.0816,1.0,29.0,29.0
Danmini_Doorbell,30,6,9331,oas_covariance_ess,0.9992920000000001,0.964422110552764,0.0828,1.0,29.0,29.0
Danmini_Doorbell,30,6,9331,bartz_hac,0.99929104,0.9643738693467336,0.0746,1.0,29.0,29.0
Danmini_Doorbell,30,6,9331,shared_marginals,0.99934616,0.9671437185929648,0.091,1.0,29.0,29.0
Danmini_Doorbell,30,6,9331,collaborative_ess_mean_oas,0.9993597200000001,0.9678251256281407,0.0624,1.0,29.0,29.0
Danmini_Doorbell,30,6,9331,collaborative_bartz_mean_oas,0.9993609600000001,0.9678874371859296,0.0532,1.0,29.0,29.0
Danmini_Doorbell,30,7,30718,oas_nominal,0.99967476,0.9836562814070352,0.1204,1.0,29.0,29.0
Danmini_Doorbell,30,7,30718,oas_covariance_ess,0.9996750400000001,0.983670351758794,0.124,1.0,29.0,29.0
Danmini_Doorbell,30,7,30718,bartz_hac,0.99967276,0.9835557788944723,0.1458,1.0,29.0,29.0
Danmini_Doorbell,30,7,30718,shared_marginals,0.99965376,0.9826010050251257,0.1562,1.0,29.0,29.0
Danmini_Doorbell,30,7,30718,collaborative_ess_mean_oas,0.99969,0.9844221105527639,0.105,1.0,29.0,29.0
Danmini_Doorbell,30,7,30718,collaborative_bartz_mean_oas,0.99968952,0.9843979899497488,0.1096,1.0,29.0,29.0
Danmini_Doorbell,100,0,17212,oas_nominal,0.999486,0.9741708542713569,0.056,1.0,99.0,99.0
Danmini_Doorbell,100,0,17212,oas_covariance_ess,0.99948616,0.9741788944723618,0.0562,1.0,99.0,99.0
Danmini_Doorbell,100,0,17212,bartz_hac,0.99948468,0.9741045226130653,0.0484,1.0,99.0,99.0
Danmini_Doorbell,100,0,17212,shared_marginals,0.9993812,0.9689045226130654,0.0596,1.0,99.0,99.0
Danmini_Doorbell,100,0,17212,collaborative_ess_mean_oas,0.9996528,0.9825527638190954,0.043,1.0,99.0,99.0
Danmini_Doorbell,100,0,17212,collaborative_bartz_mean_oas,0.99965168,0.9824964824120603,0.0328,1.0,99.0,99.0
Danmini_Doorbell,100,1,15458,oas_nominal,0.9991082,0.9551859296482412,0.1618,1.0,99.0,94.52363291828829
Danmini_Doorbell,100,1,15458,oas_covariance_ess,0.99910696,0.9551236180904523,0.1624,1.0,99.0,94.52363291828829
Danmini_Doorbell,100,1,15458,bartz_hac,0.99910652,0.9551015075376884,0.1716,1.0,99.0,94.52363291828829
Danmini_Doorbell,100,1,15458,shared_marginals,0.99908084,0.9538110552763819,0.1598,1.0,99.0,94.52363291828829
Danmini_Doorbell,100,1,15458,collaborative_ess_mean_oas,0.9991168,0.9556180904522613,0.139,1.0,99.0,94.52363291828829
Danmini_Doorbell,100,1,15458,collaborative_bartz_mean_oas,0.999116,0.9555778894472362,0.1476,1.0,99.0,94.52363291828829
Danmini_Doorbell,100,2,8066,oas_nominal,0.99919084,0.9593386934673367,0.1586,1.0,99.0,99.0
Danmini_Doorbell,100,2,8066,oas_covariance_ess,0.9991907999999999,0.9593366834170854,0.1588,1.0,99.0,99.0
Danmini_Doorbell,100,2,8066,bartz_hac,0.99919196,0.9593949748743718,0.1574,1.0,99.0,99.0
Danmini_Doorbell,100,2,8066,shared_marginals,0.99917904,0.958745728643216,0.1544,1.0,99.0,99.0
Danmini_Doorbell,100,2,8066,collaborative_ess_mean_oas,0.9991958799999999,0.959591959798995,0.1286,1.0,99.0,99.0
Danmini_Doorbell,100,2,8066,collaborative_bartz_mean_oas,0.9991971199999999,0.9596542713567839,0.1198,1.0,99.0,99.0
Danmini_Doorbell,100,3,10873,oas_nominal,0.99969756,0.9848020100502513,0.0468,1.0,99.0,99.0
Danmini_Doorbell,100,3,10873,oas_covariance_ess,0.999698,0.9848241206030152,0.0486,1.0,99.0,99.0
Danmini_Doorbell,100,3,10873,bartz_hac,0.99969796,0.9848221105527639,0.0412,1.0,99.0,99.0
Danmini_Doorbell,100,3,10873,shared_marginals,0.99971256,0.9855557788944722,0.0526,1.0,99.0,99.0
Danmini_Doorbell,100,3,10873,collaborative_ess_mean_oas,0.9996991199999999,0.9848804020100503,0.0452,1.0,99.0,99.0
Danmini_Doorbell,100,3,10873,collaborative_bartz_mean_oas,0.9996989199999999,0.984870351758794,0.0374,1.0,99.0,99.0
Danmini_Doorbell,100,4,5999,oas_nominal,0.998425,0.9208884422110553,0.0286,1.0,99.0,99.0
Danmini_Doorbell,100,4,5999,oas_covariance_ess,0.99842504,0.9208904522613066,0.0288,1.0,99.0,99.0
Danmini_Doorbell,100,4,5999,bartz_hac,0.99855384,0.9273608040201005,0.0304,1.0,99.0,99.0
Danmini_Doorbell,100,4,5999,shared_marginals,0.9984944400000001,0.9243698492462311,0.0308,1.0,99.0,99.0
Danmini_Doorbell,100,4,5999,collaborative_ess_mean_oas,0.99905356,0.952462311557789,0.0224,1.0,99.0,99.0
Danmini_Doorbell,100,4,5999,collaborative_bartz_mean_oas,0.9990586,0.9527155778894473,0.0242,1.0,99.0,99.0
Danmini_Doorbell,100,5,22149,oas_nominal,0.9992311199999999,0.9613628140703516,0.0358,1.0,99.0,99.0
Danmini_Doorbell,100,5,22149,oas_covariance_ess,0.99923188,0.9614010050251256,0.0364,1.0,99.0,99.0
Danmini_Doorbell,100,5,22149,bartz_hac,0.9992342799999999,0.961521608040201,0.0264,1.0,99.0,99.0
Danmini_Doorbell,100,5,22149,shared_marginals,0.99914004,0.9567859296482413,0.047,1.0,99.0,99.0
Danmini_Doorbell,100,5,22149,collaborative_ess_mean_oas,0.99923964,0.9617909547738693,0.0352,1.0,99.0,99.0
Danmini_Doorbell,100,5,22149,collaborative_bartz_mean_oas,0.99924072,0.9618452261306534,0.0252,1.0,99.0,99.0
Danmini_Doorbell,100,6,9494,oas_nominal,0.9984350399999999,0.9213587939698493,0.1986,1.0,99.0,99.0
Danmini_Doorbell,100,6,9494,oas_covariance_ess,0.9984332,0.9212663316582915,0.199,1.0,99.0,99.0
Danmini_Doorbell,100,6,9494,bartz_hac,0.99845496,0.9223597989949748,0.2114,1.0,99.0,99.0
Danmini_Doorbell,100,6,9494,shared_marginals,0.9984488,0.9220502512562814,0.1862,1.0,99.0,99.0
Danmini_Doorbell,100,6,9494,collaborative_ess_mean_oas,0.9985780799999999,0.9285467336683416,0.175,1.0,99.0,99.0
Danmini_Doorbell,100,6,9494,collaborative_bartz_mean_oas,0.99859528,0.9294110552763819,0.18,1.0,99.0,99.0
Danmini_Doorbell,100,7,12692,oas_nominal,0.99899536,0.9495155778894473,0.058,1.0,99.0,99.0
Danmini_Doorbell,100,7,12692,oas_covariance_ess,0.9989964,0.9495678391959799,0.0584,1.0,99.0,99.0
Danmini_Doorbell,100,7,12692,bartz_hac,0.99901288,0.9503959798994975,0.0504,1.0,99.0,99.0
Danmini_Doorbell,100,7,12692,shared_marginals,0.99910328,0.9549386934673367,0.0538,1.0,99.0,99.0
Danmini_Doorbell,100,7,12692,collaborative_ess_mean_oas,0.9992243199999999,0.9610211055276381,0.0388,1.0,99.0,99.0
Danmini_Doorbell,100,7,12692,collaborative_bartz_mean_oas,0.999232,0.9614070351758794,0.034,1.0,99.0,99.0
Danmini_Doorbell,300,0,6190,oas_nominal,0.9995514799999999,0.9774613065326633,0.0632,1.0,299.0,299.0
Danmini_Doorbell,300,0,6190,oas_covariance_ess,0.9995514799999999,0.9774613065326633,0.0632,1.0,299.0,299.0
Danmini_Doorbell,300,0,6190,bartz_hac,0.9995494,0.977356783919598,0.0562,1.0,299.0,299.0
Danmini_Doorbell,300,0,6190,shared_marginals,0.999584,0.9790954773869346,0.0738,1.0,299.0,299.0
Danmini_Doorbell,300,0,6190,collaborative_ess_mean_oas,0.9995522,0.977497487437186,0.0616,1.0,299.0,299.0
Danmini_Doorbell,300,0,6190,collaborative_bartz_mean_oas,0.99954932,0.9773527638190955,0.056,1.0,299.0,299.0
Danmini_Doorbell,300,1,15853,oas_nominal,0.9991724799999999,0.9584160804020101,0.1056,1.0,299.0,261.1367636584271
Danmini_Doorbell,300,1,15853,oas_covariance_ess,0.99925444,0.9625346733668342,0.1038,1.0,299.0,261.1367636584271
Danmini_Doorbell,300,1,15853,bartz_hac,0.9991722399999999,0.9584040201005026,0.1014,1.0,299.0,261.1367636584271
Danmini_Doorbell,300,1,15853,shared_marginals,0.99919864,0.9597306532663317,0.1172,1.0,299.0,261.1367636584271
Danmini_Doorbell,300,1,15853,collaborative_ess_mean_oas,0.99929516,0.964580904522613,0.1012,1.0,299.0,261.1367636584271
Danmini_Doorbell,300,1,15853,collaborative_bartz_mean_oas,0.9991732,0.9584522613065327,0.0962,1.0,299.0,261.1367636584271
Danmini_Doorbell,300,2,25007,oas_nominal,0.9905043600000001,0.865481407035176,0.0212,0.7918,299.0,141.1280226340477
Danmini_Doorbell,300,2,25007,oas_covariance_ess,0.9922544799999999,0.8724422110552764,0.0082,0.7806,299.0,141.1280226340477
Danmini_Doorbell,300,2,25007,bartz_hac,0.995992,0.8819859296482412,0.0002,0.4536,299.0,141.1280226340477
Danmini_Doorbell,300,2,25007,shared_marginals,0.99181524,0.8715396984924624,0.0422,1.0,299.0,141.1280226340477
Danmini_Doorbell,300,2,25007,collaborative_ess_mean_oas,0.9935278,0.8754713567839196,0.0082,0.7808,299.0,141.1280226340477
Danmini_Doorbell,300,2,25007,collaborative_bartz_mean_oas,0.99616608,0.8823778894472363,0.0002,0.4536,299.0,141.1280226340477
Danmini_Doorbell,300,3,18406,oas_nominal,0.9994380399999999,0.9717608040201005,0.0674,1.0,299.0,288.6212222482181
Danmini_Doorbell,300,3,18406,oas_covariance_ess,0.9994399199999999,0.9718552763819095,0.0684,1.0,299.0,288.6212222482181
Danmini_Doorbell,300,3,18406,bartz_hac,0.9994393199999999,0.9718251256281407,0.0694,1.0,299.0,288.6212222482181
Danmini_Doorbell,300,3,18406,shared_marginals,0.9995489999999999,0.9773366834170854,0.0716,1.0,299.0,288.6212222482181
Danmini_Doorbell,300,3,18406,collaborative_ess_mean_oas,0.99944008,0.9718633165829146,0.0676,1.0,299.0,288.6212222482181
Danmini_Doorbell,300,3,18406,collaborative_bartz_mean_oas,0.9994394799999999,0.9718331658291457,0.0688,1.0,299.0,288.6212222482181
Danmini_Doorbell,300,4,4485,oas_nominal,0.9991393199999999,0.9567497487437185,0.093,1.0,299.0,299.0
Danmini_Doorbell,300,4,4485,oas_covariance_ess,0.99913952,0.9567597989949749,0.0932,1.0,299.0,299.0
Danmini_Doorbell,300,4,4485,bartz_hac,0.9990356,0.9515396984924623,0.0914,1.0,299.0,299.0
Danmini_Doorbell,300,4,4485,shared_marginals,0.9989127600000001,0.945364824120603,0.097,1.0,299.0,299.0
Danmini_Doorbell,300,4,4485,collaborative_ess_mean_oas,0.9991435200000001,0.9569628140703519,0.0844,1.0,299.0,299.0
Danmini_Doorbell,300,4,4485,collaborative_bartz_mean_oas,0.99912124,0.9558452261306531,0.0822,1.0,299.0,299.0
Danmini_Doorbell,300,5,3811,oas_nominal,0.9992758399999999,0.9636100502512562,0.1148,1.0,299.0,289.6564014770918
Danmini_Doorbell,300,5,3811,oas_covariance_ess,0.9992760399999999,0.9636201005025125,0.114,1.0,299.0,289.6564014770918
Danmini_Doorbell,300,5,3811,bartz_hac,0.99927592,0.9636140703517587,0.1182,1.0,299.0,289.6564014770918
Danmini_Doorbell,300,5,3811,shared_marginals,0.9992112799999999,0.9603658291457287,0.1232,1.0,299.0,289.6564014770918
Danmini_Doorbell,300,5,3811,collaborative_ess_mean_oas,0.9992781599999999,0.9637266331658291,0.103,1.0,299.0,289.6564014770918
Danmini_Doorbell,300,5,3811,collaborative_bartz_mean_oas,0.99927844,0.9637407035175879,0.1056,1.0,299.0,289.6564014770918
Danmini_Doorbell,300,6,12004,oas_nominal,0.99824828,0.9119738693467336,0.0,0.4586,299.0,95.02236824888156
Danmini_Doorbell,300,6,12004,oas_covariance_ess,0.9983006,0.9146030150753769,0.0,0.4156,299.0,95.02236824888156
Danmini_Doorbell,300,6,12004,bartz_hac,0.99921796,0.9607015075376885,0.0,0.0,299.0,95.02236824888156
Danmini_Doorbell,300,6,12004,shared_marginals,0.99837316,0.9182492462311558,0.0002,0.7818,299.0,95.02236824888156
Danmini_Doorbell,300,6,12004,collaborative_ess_mean_oas,0.99834348,0.9167577889447236,0.0,0.419,299.0,95.02236824888156
Danmini_Doorbell,300,6,12004,collaborative_bartz_mean_oas,0.99934128,0.9668984924623116,0.0,0.0,299.0,95.02236824888156
Danmini_Doorbell,300,7,32732,oas_nominal,0.99820536,0.9099417085427135,0.1282,1.0,299.0,299.0
Danmini_Doorbell,300,7,32732,oas_covariance_ess,0.99820564,0.9099557788944723,0.1282,1.0,299.0,299.0
Danmini_Doorbell,300,7,32732,bartz_hac,0.9981098,0.9051718592964824,0.1298,1.0,299.0,299.0
Danmini_Doorbell,300,7,32732,shared_marginals,0.9985596800000001,0.9276221105527638,0.126,1.0,299.0,299.0
Danmini_Doorbell,300,7,32732,collaborative_ess_mean_oas,0.9982407200000001,0.9116844221105529,0.1142,1.0,299.0,299.0
Danmini_Doorbell,300,7,32732,collaborative_bartz_mean_oas,0.99822816,0.9110693467336684,0.1154,1.0,299.0,299.0
Danmini_Doorbell,1000,0,21068,oas_nominal,0.9985449200000001,0.9269788944723618,0.081,1.0,999.0,999.0
Danmini_Doorbell,1000,0,21068,oas_covariance_ess,0.9985453200000001,0.9269989949748745,0.081,1.0,999.0,999.0
Danmini_Doorbell,1000,0,21068,bartz_hac,0.99842652,0.9211718592964824,0.0814,1.0,999.0,999.0
Danmini_Doorbell,1000,0,21068,shared_marginals,0.9993012,0.9648844221105527,0.0918,1.0,999.0,999.0
Danmini_Doorbell,1000,0,21068,collaborative_ess_mean_oas,0.99854504,0.9269849246231157,0.081,1.0,999.0,999.0
Danmini_Doorbell,1000,0,21068,collaborative_bartz_mean_oas,0.9984262399999999,0.9211638190954774,0.0814,1.0,999.0,999.0
Danmini_Doorbell,1000,1,21225,oas_nominal,0.99835016,0.9171336683417086,0.0768,1.0,999.0,999.0
Danmini_Doorbell,1000,1,21225,oas_covariance_ess,0.9983507599999999,0.9171638190954774,0.0768,1.0,999.0,999.0
Danmini_Doorbell,1000,1,21225,bartz_hac,0.9978898399999999,0.8940281407035177,0.0768,1.0,999.0,999.0
Danmini_Doorbell,1000,1,21225,shared_marginals,0.99908128,0.9538331658291457,0.078,1.0,999.0,999.0
Danmini_Doorbell,1000,1,21225,collaborative_ess_mean_oas,0.99834972,0.9171115577889447,0.0768,1.0,999.0,999.0
Danmini_Doorbell,1000,1,21225,collaborative_bartz_mean_oas,0.9978894399999999,0.8940080402010051,0.0768,1.0,999.0,999.0
Danmini_Doorbell,1000,2,2976,oas_nominal,0.99901996,0.9507517587939699,0.095,1.0,999.0,999.0
Danmini_Doorbell,1000,2,2976,oas_covariance_ess,0.99902004,0.9507557788944724,0.095,1.0,999.0,999.0
Danmini_Doorbell,1000,2,2976,bartz_hac,0.99904236,0.9518773869346734,0.093,1.0,999.0,999.0
Danmini_Doorbell,1000,2,2976,shared_marginals,0.9992572399999999,0.9626753768844221,0.1018,1.0,999.0,999.0
Danmini_Doorbell,1000,2,2976,collaborative_ess_mean_oas,0.99902,0.9507537688442211,0.0944,1.0,999.0,999.0
Danmini_Doorbell,1000,2,2976,collaborative_bartz_mean_oas,0.9990420799999999,0.9518633165829147,0.0922,1.0,999.0,999.0
Danmini_Doorbell,1000,3,8874,oas_nominal,0.99912988,0.9563095477386936,0.165,1.0,999.0,999.0
Danmini_Doorbell,1000,3,8874,oas_covariance_ess,0.9991300399999999,0.9563175879396986,0.1652,1.0,999.0,999.0
Danmini_Doorbell,1000,3,8874,bartz_hac,0.99911048,0.9553386934673367,0.1668,1.0,999.0,999.0
Danmini_Doorbell,1000,3,8874,shared_marginals,0.9986168,0.9304924623115578,0.1624,1.0,999.0,999.0
Danmini_Doorbell,1000,3,8874,collaborative_ess_mean_oas,0.99913284,0.9564562814070352,0.164,1.0,999.0,999.0
Danmini_Doorbell,1000,3,8874,collaborative_bartz_mean_oas,0.99911392,0.9555115577889447,0.1656,1.0,999.0,999.0
Danmini_Doorbell,1000,4,21480,oas_nominal,0.9987909199999999,0.9392422110552764,0.098,1.0,999.0,999.0
Danmini_Doorbell,1000,4,21480,oas_covariance_ess,0.99879116,0.939254271356784,0.098,1.0,999.0,999.0
Danmini_Doorbell,1000,4,21480,bartz_hac,0.99841732,0.9204743718592965,0.0976,1.0,999.0,999.0
Danmini_Doorbell,1000,4,21480,shared_marginals,0.99944456,0.9720884422110552,0.1018,1.0,999.0,999.0
Danmini_Doorbell,1000,4,21480,collaborative_ess_mean_oas,0.9987910799999999,0.9392502512562815,0.098,1.0,999.0,999.0
Danmini_Doorbell,1000,4,21480,collaborative_bartz_mean_oas,0.9984168800000001,0.9204542713567838,0.0976,1.0,999.0,999.0
Danmini_Doorbell,1000,5,22470,oas_nominal,0.99949052,0.9743979899497487,0.1252,1.0,999.0,999.0
Danmini_Doorbell,1000,5,22470,oas_covariance_ess,0.99949064,0.9744040201005024,0.1252,1.0,999.0,999.0
Danmini_Doorbell,1000,5,22470,bartz_hac,0.9994801600000001,0.9738773869346734,0.1244,1.0,999.0,999.0
Danmini_Doorbell,1000,5,22470,shared_marginals,0.9994187600000001,0.9707919597989949,0.1268,1.0,999.0,999.0
Danmini_Doorbell,1000,5,22470,collaborative_ess_mean_oas,0.99949076,0.9744100502512563,0.1244,1.0,999.0,999.0
Danmini_Doorbell,1000,5,22470,collaborative_bartz_mean_oas,0.99948044,0.9738914572864321,0.124,1.0,999.0,999.0
Danmini_Doorbell,1000,6,23835,oas_nominal,0.99947384,0.9735597989949749,0.0752,1.0,999.0,999.0
Danmini_Doorbell,1000,6,23835,oas_covariance_ess,0.99947396,0.9735658291457286,0.0752,1.0,999.0,999.0
Danmini_Doorbell,1000,6,23835,bartz_hac,0.9994594,0.9728341708542714,0.0734,1.0,999.0,999.0
Danmini_Doorbell,1000,6,23835,shared_marginals,0.9995596,0.9778693467336683,0.0776,1.0,999.0,999.0
Danmini_Doorbell,1000,6,23835,collaborative_ess_mean_oas,0.99947408,0.9735718592964824,0.0756,1.0,999.0,999.0
Danmini_Doorbell,1000,6,23835,collaborative_bartz_mean_oas,0.99945944,0.9728361809045225,0.0734,1.0,999.0,999.0
Danmini_Doorbell,1000,7,23783,oas_nominal,0.99894576,0.9470532663316583,0.0752,1.0,999.0,999.0
Danmini_Doorbell,1000,7,23783,oas_covariance_ess,0.99894588,0.947059296482412,0.0752,1.0,999.0,999.0
Danmini_Doorbell,1000,7,23783,bartz_hac,0.99879764,0.9396261306532663,0.0722,1.0,999.0,999.0
Danmini_Doorbell,1000,7,23783,shared_marginals,0.99918768,0.9591798994974874,0.0798,1.0,999.0,999.0
Danmini_Doorbell,1000,7,23783,collaborative_ess_mean_oas,0.998946,0.9470653266331659,0.0752,1.0,999.0,999.0
Danmini_Doorbell,1000,7,23783,collaborative_bartz_mean_oas,0.99879772,0.9396281407035176,0.0726,1.0,999.0,999.0
Ecobee_Thermostat,30,0,5755,oas_nominal,0.9998681766186228,0.9933757094785297,0.05101807366735301,1.0,29.0,29.0
Ecobee_Thermostat,30,0,5755,oas_covariance_ess,0.9998681766186228,0.9933757094785297,0.053763440860215055,1.0,29.0,29.0
Ecobee_Thermostat,30,0,5755,bartz_hac,0.9998682223747427,0.9933780087810362,0.0727522306108442,1.0,29.0,29.0
Ecobee_Thermostat,30,0,5755,shared_marginals,0.9998329444063143,0.9916052465484595,0.05948295584534431,1.0,29.0,29.0
Ecobee_Thermostat,30,0,5755,collaborative_ess_mean_oas,0.999868085106383,0.9933711108735166,0.055822466254861584,1.0,29.0,29.0
Ecobee_Thermostat,30,0,5755,collaborative_bartz_mean_oas,0.9998681766186228,0.9933757094785297,0.07343857240905971,1.0,29.0,29.0
Ecobee_Thermostat,30,1,3731,oas_nominal,0.9998657057881492,0.9932515471431741,0.008693662777396477,1.0,29.0,29.0
Ecobee_Thermostat,30,1,3731,oas_covariance_ess,0.9998657057881492,0.9932515471431741,0.009380004575611988,1.0,29.0,29.0
Ecobee_Thermostat,30,1,3731,bartz_hac,0.9998657973003889,0.9932561457481872,0.012125371768474034,1.0,29.0,29.0
Ecobee_Thermostat,30,1,3731,shared_marginals,0.9998565088080531,0.9927893873393505,0.011896591169068863,1.0,29.0,29.0
Ecobee_Thermostat,30,1,3731,collaborative_ess_mean_oas,0.9998658430565088,0.9932584450506938,0.009608785175017159,1.0,29.0,29.0
Ecobee_Thermostat,30,1,3731,collaborative_bartz_mean_oas,0.9998659345687486,0.9932630436557071,0.011667810569663692,1.0,29.0,29.0
Ecobee_Thermostat,30,2,4982,oas_nominal,0.9998605353466027,0.99299172595993,0.0038892701898878973,1.0,29.0,29.0
Ecobee_Thermostat,30,2,4982,oas_covariance_ess,0.9998605353466027,0.99299172595993,0.0038892701898878973,1.0,29.0,29.0
Ecobee_Thermostat,30,2,4982,bartz_hac,0.9998608098833219,0.9930055217749696,0.0029741477922672157,1.0,29.0,29.0
Ecobee_Thermostat,30,2,4982,shared_marginals,0.9997636238846946,0.9881218032509838,0.004346831388698238,1.0,29.0,29.0
Ecobee_Thermostat,30,2,4982,collaborative_ess_mean_oas,0.9998604895904827,0.9929894266574235,0.004346831388698238,1.0,29.0,29.0
Ecobee_Thermostat,30,2,4982,collaborative_bartz_mean_oas,0.9998606726149624,0.9929986238674497,0.0036604895904827272,1.0,29.0,29.0
Ecobee_Thermostat,30,3,7619,oas_nominal,0.99985769846717,0.9928491692045218,0.017387325554792953,1.0,27.49857403768287,29.0
Ecobee_Thermostat,30,3,7619,oas_covariance_ess,0.99985769846717,0.9928491692045218,0.018531228551818806,1.0,27.49857403768287,29.0
Ecobee_Thermostat,30,3,7619,bartz_hac,0.9998578357355297,0.9928560671120416,0.019217570350034317,1.0,27.49857403768287,29.0
Ecobee_Thermostat,30,3,7619,shared_marginals,0.9998315717227179,0.991536267473262,0.021505376344086023,1.0,27.49857403768287,29.0
Ecobee_Thermostat,30,3,7619,collaborative_ess_mean_oas,0.9998575611988103,0.992842271297002,0.018760009151223975,1.0,27.49857403768287,29.0
Ecobee_Thermostat,30,3,7619,collaborative_bartz_mean_oas,0.9998577442232898,0.9928514685070284,0.01990391214824983,1.0,27.49857403768287,29.0
Ecobee_Thermostat,30,4,7515,oas_nominal,0.9998603065660032,0.9929802294473971,0.055364905056051246,1.0,29.0,29.0
Ecobee_Thermostat,30,4,7515,oas_covariance_ess,0.9998603065660032,0.9929802294473971,0.05811027224891329,1.0,29.0,29.0
Ecobee_Thermostat,30,4,7515,bartz_hac,0.9998604438343629,0.9929871273549169,0.05673758865248227,1.0,29.0,29.0
Ecobee_Thermostat,30,4,7515,shared_marginals,0.9998353237245482,0.9917248102788019,0.06703271562571494,1.0,29.0,29.0
Ecobee_Thermostat,30,4,7515,collaborative_ess_mean_oas,0.9998603065660032,0.9929802294473971,0.1649508121711279,1.0,29.0,29.0
Ecobee_Thermostat,30,4,7515,collaborative_bartz_mean_oas,0.9998603065660032,0.9929802294473971,0.18760009151223977,1.0,29.0,29.0
Ecobee_Thermostat,30,5,6994,oas_nominal,0.9998650652024709,0.9932193569080819,0.0011439029970258523,1.0,29.0,29.0
Ecobee_Thermostat,30,5,6994,oas_covariance_ess,0.9998650652024709,0.9932193569080819,0.0011439029970258523,1.0,29.0,29.0
Ecobee_Thermostat,30,5,6994,bartz_hac,0.9998651567147107,0.9932239555130951,0.0011439029970258523,1.0,29.0,29.0
Ecobee_Thermostat,30,5,6994,shared_marginals,0.9998551361244565,0.992720408264153,0.0011439029970258523,1.0,29.0,29.0
Ecobee_Thermostat,30,5,6994,collaborative_ess_mean_oas,0.9998649736902311,0.9932147583030688,0.0011439029970258523,1.0,29.0,29.0
Ecobee_Thermostat,30,5,6994,collaborative_bartz_mean_oas,0.9998650652024709,0.9932193569080819,0.0011439029970258523,1.0,29.0,29.0
Ecobee_Thermostat,30,6,4950,oas_nominal,0.999814230153283,0.9906648318232664,0.0340883093113704,1.0,29.0,29.0
Ecobee_Thermostat,30,6,4950,oas_covariance_ess,0.999814230153283,0.9906648318232664,0.036604895904827274,1.0,29.0,29.0
Ecobee_Thermostat,30,6,4950,bartz_hac,0.9998143216655228,0.9906694304282796,0.04072294669412034,1.0,29.0,29.0
Ecobee_Thermostat,30,6,4950,shared_marginals,0.9997670555936856,0.9882942509389777,0.04461221688400824,1.0,29.0,29.0
Ecobee_Thermostat,30,6,4950,collaborative_ess_mean_oas,0.999814230153283,0.9906648318232664,0.04781514527568062,1.0,29.0,29.0
Ecobee_Thermostat,30,6,4950,collaborative_bartz_mean_oas,0.9998143216655228,0.9906694304282796,0.06222832303820636,1.0,29.0,29.0
Ecobee_Thermostat,30,7,3835,oas_nominal,0.999865751544269,0.9932538464456806,0.03088538091969801,1.0,29.0,29.0
Ecobee_Thermostat,30,7,3835,oas_covariance_ess,0.9998657057881492,0.9932515471431741,0.03202928391672386,1.0,29.0,29.0
Ecobee_Thermostat,30,7,3835,bartz_hac,0.9998658430565088,0.9932584450506938,0.03980782429649966,1.0,29.0,29.0
Ecobee_Thermostat,30,7,3835,shared_marginals,0.9998206817661863,0.9909890334766949,0.03385952871196522,1.0,29.0,29.0
Ecobee_Thermostat,30,7,3835,collaborative_ess_mean_oas,0.9998656142759094,0.993246948538161,0.03180050331731869,1.0,29.0,29.0
Ecobee_Thermostat,30,7,3835,collaborative_bartz_mean_oas,0.9998657057881492,0.9932515471431741,0.040036604895904826,1.0,29.0,29.0
Ecobee_Thermostat,100,0,8129,oas_nominal,0.9998662548615878,0.9932791387732531,0.0642873484328529,1.0,99.0,99.0
Ecobee_Thermostat,100,0,8129,oas_covariance_ess,0.9998662548615878,0.9932791387732531,0.0649736902310684,1.0,99.0,99.0
Ecobee_Thermostat,100,0,8129,bartz_hac,0.9998662091054679,0.9932768394707465,0.07709906199954245,1.0,99.0,99.0
Ecobee_Thermostat,100,0,8129,shared_marginals,0.9998618622740791,0.993058405732621,0.06840539922214596,1.0,99.0,99.0
Ecobee_Thermostat,100,0,8129,collaborative_ess_mean_oas,0.9998662091054679,0.9932768394707465,0.06405856783344772,1.0,99.0,99.0
Ecobee_Thermostat,100,0,8129,collaborative_bartz_mean_oas,0.9998662548615876,0.9932791387732531,0.08304735758407687,1.0,99.0,99.0
Ecobee_Thermostat,100,1,7591,oas_nominal,0.9998567833447723,0.9928031831543902,0.07458247540608556,1.0,99.0,99.0
Ecobee_Thermostat,100,1,7591,oas_covariance_ess,0.9998567833447722,0.9928031831543902,0.0750400366048959,1.0,99.0,99.0
Ecobee_Thermostat,100,1,7591,bartz_hac,0.999856920613132,0.9928100810619098,0.07961564859299931,1.0,99.0,99.0
Ecobee_Thermostat,100,1,7591,shared_marginals,0.9998524822695035,0.9925870487187711,0.0789293067947838,1.0,99.0,99.0
Ecobee_Thermostat,100,1,7591,collaborative_ess_mean_oas,0.9998567833447723,0.9928031831543902,0.07526881720430108,1.0,99.0,99.0
Ecobee_Thermostat,100,1,7591,collaborative_bartz_mean_oas,0.9998568748570121,0.9928077817594033,0.07938686799359414,1.0,99.0,99.0
Ecobee_Thermostat,100,2,1597,oas_nominal,0.999821139327385,0.9910120265017606,0.08144589338824068,1.0,99.0,99.0
Ecobee_Thermostat,100,2,1597,oas_covariance_ess,0.999821139327385,0.9910120265017606,0.08144589338824068,1.0,99.0,99.0
Ecobee_Thermostat,100,2,1597,bartz_hac,0.9998658430565088,0.9932584450506938,0.09700297414779227,1.0,99.0,99.0
Ecobee_Thermostat,100,2,1597,shared_marginals,0.9998172500571951,0.990816585788701,0.07687028140013727,1.0,99.0,99.0
Ecobee_Thermostat,100,2,1597,collaborative_ess_mean_oas,0.999821139327385,0.9910120265017606,0.08464882177991306,1.0,99.0,99.0
Ecobee_Thermostat,100,2,1597,collaborative_bartz_mean_oas,0.9998658430565088,0.9932584450506938,0.10043468313886983,1.0,99.0,99.0
Ecobee_Thermostat,100,3,4537,oas_nominal,0.9998612674445208,0.9930285148000354,0.0812171127888355,1.0,99.0,99.0
Ecobee_Thermostat,100,3,4537,oas_covariance_ess,0.9998612674445208,0.9930285148000354,0.08213223518645618,1.0,99.0,99.0
Ecobee_Thermostat,100,3,4537,bartz_hac,0.9998614047128803,0.9930354127075551,0.07824296499656828,1.0,99.0,99.0
Ecobee_Thermostat,100,3,4537,shared_marginals,0.9998571036376116,0.9928192782719362,0.09585907115076642,1.0,99.0,99.0
Ecobee_Thermostat,100,3,4537,collaborative_ess_mean_oas,0.9998612216884009,0.9930262154975289,0.08556394417753374,1.0,99.0,99.0
Ecobee_Thermostat,100,3,4537,collaborative_bartz_mean_oas,0.9998614047128803,0.9930354127075551,0.08304735758407687,1.0,99.0,99.0
Ecobee_Thermostat,100,4,995,oas_nominal,0.9998608556394418,0.9930078210774762,0.035232212308396245,1.0,99.0,99.0
Ecobee_Thermostat,100,4,995,oas_covariance_ess,0.9998608556394418,0.9930078210774762,0.03591855410661176,1.0,99.0,99.0
Ecobee_Thermostat,100,4,995,bartz_hac,0.9998608098833219,0.9930055217749696,0.029283916723861818,1.0,99.0,99.0
Ecobee_Thermostat,100,4,995,shared_marginals,0.9998593456874857,0.9929319440947588,0.03957904369709449,1.0,99.0,99.0
Ecobee_Thermostat,100,4,995,collaborative_ess_mean_oas,0.9998608556394418,0.9930078210774762,0.03568977350720659,1.0,99.0,99.0
Ecobee_Thermostat,100,4,995,collaborative_bartz_mean_oas,0.9998608556394418,0.9930078210774762,0.029512697323266987,1.0,99.0,99.0
Ecobee_Thermostat,100,5,278,oas_nominal,0.9998603065660032,0.9929802294473971,0.06840539922214596,1.0,99.0,99.0
Ecobee_Thermostat,100,5,278,oas_covariance_ess,0.9998603065660032,0.9929802294473971,0.0688629604209563,1.0,99.0,99.0
Ecobee_Thermostat,100,5,278,bartz_hac,0.999860398078243,0.9929848280524103,0.06588881262868909,1.0,99.0,99.0
Ecobee_Thermostat,100,5,278,shared_marginals,0.9998581560283688,0.9928721622295875,0.08533516357812858,1.0,99.0,99.0
Ecobee_Thermostat,100,5,278,collaborative_ess_mean_oas,0.9998603065660032,0.9929802294473971,0.06840539922214596,1.0,99.0,99.0
Ecobee_Thermostat,100,5,278,collaborative_bartz_mean_oas,0.9998603523221231,0.9929825287499037,0.06634637382749943,1.0,99.0,99.0
Ecobee_Thermostat,100,6,2813,oas_nominal,0.9998562342713339,0.992775591524311,0.04918782887211164,1.0,99.0,99.0
Ecobee_Thermostat,100,6,2813,oas_covariance_ess,0.9998562342713339,0.992775591524311,0.04964539007092199,1.0,99.0,99.0
Ecobee_Thermostat,100,6,2813,bartz_hac,0.9998083276138183,0.990368221799917,0.04118050789293068,1.0,99.0,99.0
Ecobee_Thermostat,100,6,2813,shared_marginals,0.9998524365133837,0.9925847494162645,0.05216197666437886,1.0,99.0,99.0
Ecobee_Thermostat,100,6,2813,collaborative_ess_mean_oas,0.9998562342713339,0.992775591524311,0.05124685426675818,1.0,99.0,99.0
Ecobee_Thermostat,100,6,2813,collaborative_bartz_mean_oas,0.9998562342713339,0.992775591524311,0.045298558682223745,1.0,99.0,99.0
Ecobee_Thermostat,100,7,199,oas_nominal,0.9998616792495997,0.9930492085225946,0.11484786090139557,1.0,99.0,99.0
Ecobee_Thermostat,100,7,199,oas_covariance_ess,0.9998616792495997,0.9930492085225946,0.11667810569663692,1.0,99.0,99.0
Ecobee_Thermostat,100,7,199,bartz_hac,0.9998617250057196,0.9930515078251012,0.09746053534660261,1.0,99.0,99.0
Ecobee_Thermostat,100,7,199,shared_marginals,0.9998603523221231,0.9929825287499037,0.10729810112102493,1.0,99.0,99.0
Ecobee_Thermostat,100,7,199,collaborative_ess_mean_oas,0.9998616792495997,0.9930492085225946,0.09357126515671471,1.0,99.0,99.0
Ecobee_Thermostat,100,7,199,collaborative_bartz_mean_oas,0.9998617250057196,0.9930515078251012,0.08464882177991306,1.0,99.0,99.0
Ecobee_Thermostat,300,0,3667,oas_nominal,0.999736948066804,0.986781309889645,0.018988789750629148,1.0,299.0,299.0
Ecobee_Thermostat,300,0,3667,oas_covariance_ess,0.9997369480668039,0.986781309889645,0.018988789750629148,1.0,299.0,299.0
Ecobee_Thermostat,300,0,3667,bartz_hac,0.9996054907343858,0.9801754137882273,0.018760009151223975,1.0,299.0,299.0
Ecobee_Thermostat,300,0,3667,shared_marginals,0.999779638526653,0.9889265591282884,0.02081903454587051,1.0,299.0,299.0
Ecobee_Thermostat,300,0,3667,collaborative_ess_mean_oas,0.99978078242965,0.988984041690953,0.02127659574468085,1.0,299.0,299.0
Ecobee_Thermostat,300,0,3667,collaborative_bartz_mean_oas,0.9996054907343858,0.9801754137882273,0.02104781514527568,1.0,299.0,299.0
Ecobee_Thermostat,300,1,595,oas_nominal,0.9997691603752002,0.9884000188542805,0.06108442004118051,1.0,299.0,299.0
Ecobee_Thermostat,300,1,595,oas_covariance_ess,0.9997691603752002,0.9884000188542805,0.06108442004118051,1.0,299.0,299.0
Ecobee_Thermostat,300,1,595,bartz_hac,0.9996306566003202,0.9814400301668489,0.06703271562571494,1.0,299.0,299.0
Ecobee_Thermostat,300,1,595,shared_marginals,0.9998140471288035,0.99065563461324,0.06154198123999085,1.0,299.0,299.0
Ecobee_Thermostat,300,1,595,collaborative_ess_mean_oas,0.9997691603752002,0.9884000188542805,0.06199954243880119,1.0,299.0,299.0
Ecobee_Thermostat,300,1,595,collaborative_bartz_mean_oas,0.9996306566003204,0.9814400301668489,0.0688629604209563,1.0,299.0,299.0
Ecobee_Thermostat,300,2,530,oas_nominal,0.9998214596202242,0.9910281216193068,0.04095172729352551,1.0,299.0,299.0
Ecobee_Thermostat,300,2,530,oas_covariance_ess,0.9998214596202243,0.9910281216193068,0.04118050789293068,1.0,299.0,299.0
Ecobee_Thermostat,300,2,530,bartz_hac,0.9995094943948754,0.9753514771294127,0.04392587508579272,1.0,299.0,299.0
Ecobee_Thermostat,300,2,530,shared_marginals,0.9998650652024709,0.9932193569080818,0.03935026309768932,1.0,299.0,299.0
Ecobee_Thermostat,300,2,530,collaborative_ess_mean_oas,0.9998214596202243,0.9910281216193068,0.041866849691146193,1.0,299.0,299.0
Ecobee_Thermostat,300,2,530,collaborative_bartz_mean_oas,0.9996431022649279,0.98206544044864,0.04575611988103409,1.0,299.0,299.0
Ecobee_Thermostat,300,3,7578,oas_nominal,0.9997768474033403,0.9887863016753867,0.03225806451612903,1.0,299.0,299.0
Ecobee_Thermostat,300,3,7578,oas_covariance_ess,0.9997768474033403,0.9887863016753867,0.03225806451612903,1.0,299.0,299.0
Ecobee_Thermostat,300,3,7578,bartz_hac,0.9995983070235644,0.9798144232946935,0.035232212308396245,1.0,299.0,299.0
Ecobee_Thermostat,300,3,7578,shared_marginals,0.9998652939830702,0.9932308534206149,0.030427819720887667,1.0,299.0,299.0
Ecobee_Thermostat,300,3,7578,collaborative_ess_mean_oas,0.9998214596202242,0.9910281216193068,0.0324868451155342,1.0,299.0,299.0
Ecobee_Thermostat,300,3,7578,collaborative_bartz_mean_oas,0.9996429649965682,0.9820585425411201,0.03546099290780142,1.0,299.0,299.0
Ecobee_Thermostat,300,4,5490,oas_nominal,0.9998097918096546,0.9904417994801277,0.13200640585678333,1.0,299.0,299.0
Ecobee_Thermostat,300,4,5490,oas_covariance_ess,0.9998097918096546,0.9904417994801277,0.13246396705559368,1.0,299.0,299.0
Ecobee_Thermostat,300,4,5490,bartz_hac,0.9997147563486617,0.9856661481739515,0.13292152825440404,1.0,299.0,299.0
Ecobee_Thermostat,300,4,5490,shared_marginals,0.9998560512468542,0.9927663943142848,0.13315030885380919,1.0,299.0,299.0
Ecobee_Thermostat,300,4,5490,collaborative_ess_mean_oas,0.9998097460535347,0.9904395001776212,0.13292152825440404,1.0,299.0,299.0
Ecobee_Thermostat,300,4,5490,collaborative_bartz_mean_oas,0.9997622969572181,0.9880551234782928,0.1340654312514299,1.0,299.0,299.0
Ecobee_Thermostat,300,5,1487,oas_nominal,0.9998134065431252,0.9906234443781479,0.09860443834362846,1.0,299.0,299.0
Ecobee_Thermostat,300,5,1487,oas_covariance_ess,0.9998134065431252,0.9906234443781479,0.09860443834362846,1.0,299.0,299.0
Ecobee_Thermostat,300,5,1487,bartz_hac,0.999719972546328,0.9859282686597021,0.09357126515671471,1.0,299.0,299.0
Ecobee_Thermostat,300,5,1487,shared_marginals,0.9998589796385267,0.9929135496747061,0.0967741935483871,1.0,299.0,299.0
Ecobee_Thermostat,300,5,1487,collaborative_ess_mean_oas,0.9998134065431252,0.9906234443781479,0.09883321894303362,1.0,299.0,299.0
Ecobee_Thermostat,300,5,1487,collaborative_bartz_mean_oas,0.9997200183024479,0.9859305679622087,0.09540150995195608,1.0,299.0,299.0
Ecobee_Thermostat,300,6,195,oas_nominal,0.9998656142759095,0.993246948538161,0.04598490048043926,1.0,299.0,299.0
Ecobee_Thermostat,300,6,195,oas_covariance_ess,0.9998656142759095,0.993246948538161,0.04598490048043926,1.0,299.0,299.0
Ecobee_Thermostat,300,6,195,bartz_hac,0.9998209563029055,0.9910028292917343,0.04804392587508579,1.0,299.0,299.0
Ecobee_Thermostat,300,6,195,shared_marginals,0.9998646991535117,0.9932009624880292,0.04964539007092199,1.0,299.0,299.0
Ecobee_Thermostat,300,6,195,collaborative_ess_mean_oas,0.9998656142759095,0.993246948538161,0.045298558682223745,1.0,299.0,299.0
Ecobee_Thermostat,300,6,195,collaborative_bartz_mean_oas,0.9998657057881492,0.9932515471431741,0.04781514527568062,1.0,299.0,299.0
Ecobee_Thermostat,300,7,1762,oas_nominal,0.9998146877144818,0.9906878248483322,0.10844200411805079,1.0,299.0,299.0
Ecobee_Thermostat,300,7,1762,oas_covariance_ess,0.9998146877144818,0.9906878248483322,0.10889956531686112,1.0,299.0,299.0
Ecobee_Thermostat,300,7,1762,bartz_hac,0.9994905513612445,0.9743995658916866,0.1153054221002059,1.0,299.0,299.0
Ecobee_Thermostat,300,7,1762,shared_marginals,0.9998136810798444,0.9906372401931873,0.10706932052161977,1.0,299.0,299.0
Ecobee_Thermostat,300,7,1762,collaborative_ess_mean_oas,0.9998146877144818,0.9906878248483322,0.10867078471745596,1.0,299.0,299.0
Ecobee_Thermostat,300,7,1762,collaborative_bartz_mean_oas,0.9995368565545641,0.9767264600283505,0.11667810569663692,1.0,299.0,299.0
Ecobee_Thermostat,1000,0,5484,oas_nominal,0.9820148707389613,0.8986589777990847,0.0,0.7696,999.0,349.97661858344486
Ecobee_Thermostat,1000,0,5484,oas_covariance_ess,0.9854267673301303,0.8986865694291637,0.0,0.5716,999.0,349.97661858344486
Ecobee_Thermostat,1000,0,5484,bartz_hac,0.9839514527568062,0.8986865694291637,0.0,0.4634,999.0,349.97661858344486
Ecobee_Thermostat,1000,0,5484,shared_marginals,0.9822443834362846,0.8986382840765255,0.0,0.604,999.0,349.97661858344486
Ecobee_Thermostat,1000,0,5484,collaborative_ess_mean_oas,0.9855653626172501,0.8986888687316703,0.0,0.5716,999.0,349.97661858344486
Ecobee_Thermostat,1000,0,5484,collaborative_bartz_mean_oas,0.9842285518188059,0.8986888687316703,0.0,0.4634,999.0,349.97661858344486
Ecobee_Thermostat,1000,1,3516,oas_nominal,0.9996046671242278,0.9801340263431088,0.05147563486616335,1.0,999.0,999.0
Ecobee_Thermostat,1000,1,3516,oas_covariance_ess,0.9996046671242278,0.9801340263431088,0.05147563486616335,1.0,999.0,999.0
Ecobee_Thermostat,1000,1,3516,bartz_hac,0.9995607412491421,0.9779266959367876,0.050560512468542665,1.0,999.0,999.0
Ecobee_Thermostat,1000,1,3516,shared_marginals,0.999604209563029,0.980111033318043,0.05124685426675818,1.0,999.0,999.0
Ecobee_Thermostat,1000,1,3516,collaborative_ess_mean_oas,0.9996046671242278,0.9801340263431088,0.05216197666437886,1.0,999.0,999.0
Ecobee_Thermostat,1000,1,3516,collaborative_bartz_mean_oas,0.9995607412491421,0.9779266959367876,0.050560512468542665,1.0,999.0,999.0
Ecobee_Thermostat,1000,2,1477,oas_nominal,0.9994050789293069,0.9701044688093867,0.09883321894303362,1.0,999.0,999.0
Ecobee_Thermostat,1000,2,1477,oas_covariance_ess,0.9994050789293069,0.9701044688093867,0.09883321894303362,1.0,999.0,999.0
Ecobee_Thermostat,1000,2,1477,bartz_hac,0.9993114619080302,0.9654000958809146,0.09814687714481812,1.0,999.0,999.0
Ecobee_Thermostat,1000,2,1477,shared_marginals,0.9994501944635095,0.9723715810808791,0.09883321894303362,1.0,999.0,999.0
Ecobee_Thermostat,1000,2,1477,collaborative_ess_mean_oas,0.9994508808053076,0.9724060706184778,0.09860443834362846,1.0,999.0,999.0
Ecobee_Thermostat,1000,2,1477,collaborative_bartz_mean_oas,0.9993580416380691,0.9677407858326177,0.09860443834362846,1.0,999.0,999.0
Ecobee_Thermostat,1000,3,6583,oas_nominal,0.9994537176847405,0.9725486273738861,0.005948295584534431,1.0,999.0,999.0
Ecobee_Thermostat,1000,3,6583,oas_covariance_ess,0.9994537176847405,0.9725486273738861,0.005948295584534431,1.0,999.0,999.0
Ecobee_Thermostat,1000,3,6583,bartz_hac,0.9993566231983527,0.9676695074549135,0.00549073438572409,1.0,999.0,999.0
Ecobee_Thermostat,1000,3,6583,shared_marginals,0.9997266071837109,0.9862616675231569,0.006405856783344772,1.0,999.0,999.0
Ecobee_Thermostat,1000,3,6583,collaborative_ess_mean_oas,0.9994537176847403,0.9725486273738861,0.005948295584534431,1.0,999.0,999.0
Ecobee_Thermostat,1000,3,6583,collaborative_bartz_mean_oas,0.9993577213452298,0.9677246907150716,0.00549073438572409,1.0,999.0,999.0
Ecobee_Thermostat,1000,4,263,oas_nominal,0.9994579730038893,0.9727624625069985,0.03225806451612903,1.0,999.0,999.0
Ecobee_Thermostat,1000,4,263,oas_covariance_ess,0.9994579730038892,0.9727624625069985,0.03225806451612903,1.0,999.0,999.0
Ecobee_Thermostat,1000,4,263,bartz_hac,0.9993666895447266,0.9681753540063621,0.03180050331731869,1.0,999.0,999.0
Ecobee_Thermostat,1000,4,263,shared_marginals,0.9995031800503317,0.9750341733835042,0.0340883093113704,1.0,999.0,999.0
Ecobee_Thermostat,1000,4,263,collaborative_ess_mean_oas,0.9995031800503317,0.9750341733835042,0.03202928391672386,1.0,999.0,999.0
Ecobee_Thermostat,1000,4,263,collaborative_bartz_mean_oas,0.9993671013498056,0.9681960477289214,0.03202928391672386,1.0,999.0,999.0
Ecobee_Thermostat,1000,5,7124,oas_nominal,0.9994091512239761,0.9703091067324727,0.07137954701441318,1.0,999.0,999.0
Ecobee_Thermostat,1000,5,7124,oas_covariance_ess,0.9994091512239761,0.9703091067324727,0.07137954701441318,1.0,999.0,999.0
Ecobee_Thermostat,1000,5,7124,bartz_hac,0.9993591855410662,0.9677982683952824,0.07092198581560284,1.0,999.0,999.0
Ecobee_Thermostat,1000,5,7124,shared_marginals,0.9995001143902996,0.974880120115563,0.071150766415008,1.0,999.0,999.0
Ecobee_Thermostat,1000,5,7124,collaborative_ess_mean_oas,0.9994545870510181,0.9725923141215113,0.07137954701441318,1.0,999.0,999.0
Ecobee_Thermostat,1000,5,7124,collaborative_bartz_mean_oas,0.9994061313200641,0.9701573527670382,0.071150766415008,1.0,999.0,999.0
Ecobee_Thermostat,1000,6,5062,oas_nominal,0.9994048959048273,0.9700952715993604,0.11461908030199039,1.0,999.0,999.0
Ecobee_Thermostat,1000,6,5062,oas_covariance_ess,0.9994048959048272,0.9700952715993604,0.11461908030199039,1.0,999.0,999.0
Ecobee_Thermostat,1000,6,5062,bartz_hac,0.9992196751315489,0.9607876950527058,0.11599176389842142,1.0,999.0,999.0
Ecobee_Thermostat,1000,6,5062,shared_marginals,0.9994507435369482,0.9723991727109581,0.11667810569663692,1.0,999.0,999.0
Ecobee_Thermostat,1000,6,5062,collaborative_ess_mean_oas,0.9994506977808282,0.9723968734084516,0.11439029970258523,1.0,999.0,999.0
Ecobee_Thermostat,1000,6,5062,collaborative_bartz_mean_oas,0.9993121940059484,0.9654368847210199,0.11599176389842142,1.0,999.0,999.0
Ecobee_Thermostat,1000,7,816,oas_nominal,0.9993616563715397,0.9679224307306378,0.07000686341798215,1.0,999.0,999.0
Ecobee_Thermostat,1000,7,816,oas_covariance_ess,0.9993616563715397,0.9679224307306378,0.07000686341798215,1.0,999.0,999.0
Ecobee_Thermostat,1000,7,816,bartz_hac,0.9992116678105697,0.9603853171140534,0.06749027682452528,1.0,999.0,999.0
Ecobee_Thermostat,1000,7,816,shared_marginals,0.9994105696636926,0.9703803851101768,0.0720658888126287,1.0,999.0,999.0
Ecobee_Thermostat,1000,7,816,collaborative_ess_mean_oas,0.999410752688172,0.9703895823202031,0.07000686341798215,1.0,999.0,999.0
Ecobee_Thermostat,1000,7,816,collaborative_bartz_mean_oas,0.9992619995424388,0.9629145498712965,0.06771905742393045,1.0,999.0,999.0
Ennio_Doorbell,30,0,2789,oas_nominal,0.9990441600000001,0.9519678391959799,0.161,1.0,29.0,29.0
Ennio_Doorbell,30,0,2789,oas_covariance_ess,0.9990441200000001,0.9519658291457287,0.1616,1.0,29.0,29.0
Ennio_Doorbell,30,0,2789,bartz_hac,0.99904368,0.9519437185929649,0.177,1.0,29.0,29.0
Ennio_Doorbell,30,0,2789,shared_marginals,0.9990384800000001,0.9516824120603015,0.0966,1.0,29.0,29.0
Ennio_Doorbell,30,0,2789,collaborative_ess_mean_oas,0.9990439200000001,0.9519557788944724,0.162,1.0,29.0,29.0
Ennio_Doorbell,30,0,2789,collaborative_bartz_mean_oas,0.9990436,0.9519396984924624,0.1758,1.0,29.0,29.0
Ennio_Doorbell,30,1,5452,oas_nominal,0.99935712,0.967694472361809,0.0152,1.0,27.699215176638845,29.0
Ennio_Doorbell,30,1,5452,oas_covariance_ess,0.9993571600000001,0.9676964824120603,0.0164,1.0,27.699215176638845,29.0
Ennio_Doorbell,30,1,5452,bartz_hac,0.99935748,0.9677125628140704,0.015,1.0,27.699215176638845,29.0
Ennio_Doorbell,30,1,5452,shared_marginals,0.9992768799999999,0.9636623115577889,0.0174,1.0,27.699215176638845,29.0
Ennio_Doorbell,30,1,5452,collaborative_ess_mean_oas,0.99935648,0.9676623115577889,0.016,1.0,27.699215176638845,29.0
Ennio_Doorbell,30,1,5452,collaborative_bartz_mean_oas,0.99935708,0.9676924623115578,0.0158,1.0,27.699215176638845,29.0
Ennio_Doorbell,30,2,773,oas_nominal,0.9991823599999999,0.9589125628140704,0.0044,0.9994,14.247924880671606,17.29333973493945
Ennio_Doorbell,30,2,773,oas_covariance_ess,0.99917444,0.9585145728643216,0.002,0.5968,14.247924880671606,17.29333973493945
Ennio_Doorbell,30,2,773,bartz_hac,0.99917504,0.9585447236180904,0.0,0.5892,14.247924880671606,17.29333973493945
Ennio_Doorbell,30,2,773,shared_marginals,0.99917144,0.9583638190954773,0.02,1.0,14.247924880671606,17.29333973493945
Ennio_Doorbell,30,2,773,collaborative_ess_mean_oas,0.9989380400000001,0.946635175879397,0.002,0.5998,14.247924880671606,17.29333973493945
Ennio_Doorbell,30,2,773,collaborative_bartz_mean_oas,0.99893748,0.9466070351758795,0.003,0.9966,14.247924880671606,17.29333973493945
Ennio_Doorbell,30,3,11275,oas_nominal,0.99890468,0.9449587939698494,0.0036,0.9974,29.0,22.041820281760526
Ennio_Doorbell,30,3,11275,oas_covariance_ess,0.9989082,0.9451356783919599,0.0028,0.9946,29.0,22.041820281760526
Ennio_Doorbell,30,3,11275,bartz_hac,0.99916212,0.9578954773869346,0.0026,0.9946,29.0,22.041820281760526
Ennio_Doorbell,30,3,11275,shared_marginals,0.9994004799999999,0.9698733668341708,0.027,1.0,29.0,22.041820281760526
Ennio_Doorbell,30,3,11275,collaborative_ess_mean_oas,0.99890864,0.9451577889447236,0.0028,0.9952,29.0,22.041820281760526
Ennio_Doorbell,30,3,11275,collaborative_bartz_mean_oas,0.9991597600000001,0.9577768844221105,0.0028,0.997,29.0,22.041820281760526
Ennio_Doorbell,30,4,25151,oas_nominal,0.94362488,0.5901668341708542,0.008,0.473,29.0,29.0
Ennio_Doorbell,30,4,25151,oas_covariance_ess,0.9445762,0.590243216080402,0.008,0.4746,29.0,29.0
Ennio_Doorbell,30,4,25151,bartz_hac,0.9941717600000001,0.7151276381909548,0.0,0.0,29.0,29.0
Ennio_Doorbell,30,4,25151,shared_marginals,0.9997088,0.9853829145728644,0.809,1.0,29.0,29.0
Ennio_Doorbell,30,4,25151,collaborative_ess_mean_oas,0.9889652399999999,0.6230814070351759,0.0082,0.8108,29.0,29.0
Ennio_Doorbell,30,4,25151,collaborative_bartz_mean_oas,0.9760992,0.604729648241206,0.09,0.9394,29.0,29.0
Ennio_Doorbell,30,5,19067,oas_nominal,0.9991922,0.9594070351758794,0.0128,1.0,18.605852453297143,20.52471080682312
Ennio_Doorbell,30,5,19067,oas_covariance_ess,0.9991958400000001,0.9595899497487437,0.0162,1.0,18.605852453297143,20.52471080682312
Ennio_Doorbell,30,5,19067,bartz_hac,0.99920376,0.9599879396984925,0.0118,1.0,18.605852453297143,20.52471080682312
Ennio_Doorbell,30,5,19067,shared_marginals,0.99943104,0.9714090452261306,0.025,1.0,18.605852453297143,20.52471080682312
Ennio_Doorbell,30,5,19067,collaborative_ess_mean_oas,0.99919632,0.9596140703517588,0.0174,1.0,18.605852453297143,20.52471080682312
Ennio_Doorbell,30,5,19067,collaborative_bartz_mean_oas,0.99920272,0.9599356783919599,0.0104,1.0,18.605852453297143,20.52471080682312
Ennio_Doorbell,30,6,516,oas_nominal,0.99927152,0.9633929648241206,0.0208,1.0,21.54435300118958,21.5437857070894
Ennio_Doorbell,30,6,516,oas_covariance_ess,0.9992720799999999,0.9634211055276383,0.018,1.0,21.54435300118958,21.5437857070894
Ennio_Doorbell,30,6,516,bartz_hac,0.9992743999999999,0.963537688442211,0.017,1.0,21.54435300118958,21.5437857070894
Ennio_Doorbell,30,6,516,shared_marginals,0.99935356,0.9675155778894473,0.0292,1.0,21.54435300118958,21.5437857070894
Ennio_Doorbell,30,6,516,collaborative_ess_mean_oas,0.99927336,0.9634854271356785,0.0182,1.0,21.54435300118958,21.5437857070894
Ennio_Doorbell,30,6,516,collaborative_bartz_mean_oas,0.9992745199999999,0.9635437185929647,0.0172,1.0,21.54435300118958,21.5437857070894
Ennio_Doorbell,30,7,21556,oas_nominal,0.99915892,0.9577346733668342,0.0068,1.0,14.4296385343397,19.671161756087937
Ennio_Doorbell,30,7,21556,oas_covariance_ess,0.999163,0.9579396984924624,0.003,0.9984,14.4296385343397,19.671161756087937
Ennio_Doorbell,30,7,21556,bartz_hac,0.99933888,0.9667778894472361,0.0026,0.9982,14.4296385343397,19.671161756087937
Ennio_Doorbell,30,7,21556,shared_marginals,0.99932536,0.9660984924623115,0.0198,1.0,14.4296385343397,19.671161756087937
Ennio_Doorbell,30,7,21556,collaborative_ess_mean_oas,0.99932516,0.9660884422110552,0.0028,0.9988,14.4296385343397,19.671161756087937
Ennio_Doorbell,30,7,21556,collaborative_bartz_mean_oas,0.99933508,0.9665869346733668,0.0028,0.9998,14.4296385343397,19.671161756087937
Ennio_Doorbell,100,0,20253,oas_nominal,0.99882788,0.9410994974874372,0.414,1.0,57.566198781910046,64.92902819628605
Ennio_Doorbell,100,0,20253,oas_covariance_ess,0.99883768,0.941591959798995,0.382,1.0,57.566198781910046,64.92902819628605
Ennio_Doorbell,100,0,20253,bartz_hac,0.9991635999999999,0.9579698492462312,0.2872,1.0,57.566198781910046,64.92902819628605
Ennio_Doorbell,100,0,20253,shared_marginals,0.99932048,0.9658532663316584,0.3908,1.0,57.566198781910046,64.92902819628605
Ennio_Doorbell,100,0,20253,collaborative_ess_mean_oas,0.99915784,0.9576804020100502,0.3824,1.0,57.566198781910046,64.92902819628605
Ennio_Doorbell,100,0,20253,collaborative_bartz_mean_oas,0.99916372,0.9579758793969849,0.2956,1.0,57.566198781910046,64.92902819628605
Ennio_Doorbell,100,1,14139,oas_nominal,0.9995878,0.979286432160804,0.1554,1.0,56.063254995549165,60.37161206136158
Ennio_Doorbell,100,1,14139,oas_covariance_ess,0.99958884,0.9793386934673367,0.1576,1.0,56.063254995549165,60.37161206136158
Ennio_Doorbell,100,1,14139,bartz_hac,0.99959028,0.979411055276382,0.157,1.0,56.063254995549165,60.37161206136158
Ennio_Doorbell,100,1,14139,shared_marginals,0.99966948,0.9833909547738694,0.1626,1.0,56.063254995549165,60.37161206136158
Ennio_Doorbell,100,1,14139,collaborative_ess_mean_oas,0.99958896,0.9793447236180906,0.2538,1.0,56.063254995549165,60.37161206136158
Ennio_Doorbell,100,1,14139,collaborative_bartz_mean_oas,0.99959052,0.9794231155778894,0.2508,1.0,56.063254995549165,60.37161206136158
Ennio_Doorbell,100,2,25423,oas_nominal,0.99996328,0.9981547738693468,0.0808,1.0,51.288045805351715,58.06163586593869
Ennio_Doorbell,100,2,25423,oas_covariance_ess,0.9999657999999999,0.9982814070351759,0.081,1.0,51.288045805351715,58.06163586593869
Ennio_Doorbell,100,2,25423,bartz_hac,0.9999664,0.9983115577889448,0.073,1.0,51.288045805351715,58.06163586593869
Ennio_Doorbell,100,2,25423,shared_marginals,0.99979624,0.9897608040201005,0.0762,1.0,51.288045805351715,58.06163586593869
Ennio_Doorbell,100,2,25423,collaborative_ess_mean_oas,0.99996624,0.9983035175879398,0.1104,1.0,51.288045805351715,58.06163586593869
Ennio_Doorbell,100,2,25423,collaborative_bartz_mean_oas,0.99996768,0.9983758793969849,0.0942,1.0,51.288045805351715,58.06163586593869
Ennio_Doorbell,100,3,19487,oas_nominal,0.99924936,0.9622793969849246,0.0586,1.0,48.07062388895721,57.904452349466105
Ennio_Doorbell,100,3,19487,oas_covariance_ess,0.9992551199999999,0.9625688442211054,0.0644,1.0,48.07062388895721,57.904452349466105
Ennio_Doorbell,100,3,19487,bartz_hac,0.99925796,0.9627115577889447,0.07,1.0,48.07062388895721,57.904452349466105
Ennio_Doorbell,100,3,19487,shared_marginals,0.9994946,0.9746030150753768,0.0654,1.0,48.07062388895721,57.904452349466105
Ennio_Doorbell,100,3,19487,collaborative_ess_mean_oas,0.99925572,0.9625989949748744,0.0688,1.0,48.07062388895721,57.904452349466105
Ennio_Doorbell,100,3,19487,collaborative_bartz_mean_oas,0.99925848,0.962737688442211,0.0722,1.0,48.07062388895721,57.904452349466105
Ennio_Doorbell,100,4,10648,oas_nominal,0.99888544,0.943991959798995,0.0594,1.0,99.0,99.0
Ennio_Doorbell,100,4,10648,oas_covariance_ess,0.99888544,0.943991959798995,0.0594,1.0,99.0,99.0
Ennio_Doorbell,100,4,10648,bartz_hac,0.99888488,0.9439638190954773,0.0638,1.0,99.0,99.0
Ennio_Doorbell,100,4,10648,shared_marginals,0.9990358,0.9515477386934673,0.065,1.0,99.0,99.0
Ennio_Doorbell,100,4,10648,collaborative_ess_mean_oas,0.99888524,0.9439819095477388,0.065,1.0,99.0,99.0
Ennio_Doorbell,100,4,10648,collaborative_bartz_mean_oas,0.99888468,0.9439537688442211,0.0688,1.0,99.0,99.0
Ennio_Doorbell,100,5,20808,oas_nominal,0.9970182799999999,0.8501788944723618,0.0258,1.0,40.62112527114042,47.32591703727972
Ennio_Doorbell,100,5,20808,oas_covariance_ess,0.99714872,0.8567195979899498,0.0226,1.0,40.62112527114042,47.32591703727972
Ennio_Doorbell,100,5,20808,bartz_hac,0.99814672,0.906870351758794,0.0222,1.0,40.62112527114042,47.32591703727972
Ennio_Doorbell,100,5,20808,shared_marginals,0.99728616,0.8636281407035176,0.0426,1.0,40.62112527114042,47.32591703727972
Ennio_Doorbell,100,5,20808,collaborative_ess_mean_oas,0.99716088,0.8573306532663316,0.0448,1.0,40.62112527114042,47.32591703727972
Ennio_Doorbell,100,5,20808,collaborative_bartz_mean_oas,0.99814068,0.9065668341708544,0.037,1.0,40.62112527114042,47.32591703727972
Ennio_Doorbell,100,6,24509,oas_nominal,0.9990808,0.9538090452261306,0.005,1.0,56.138675474877616,59.13924869434084
Ennio_Doorbell,100,6,24509,oas_covariance_ess,0.9990813599999999,0.9538371859296482,0.0046,1.0,56.138675474877616,59.13924869434084
Ennio_Doorbell,100,6,24509,bartz_hac,0.99908192,0.9538653266331658,0.0046,1.0,56.138675474877616,59.13924869434084
Ennio_Doorbell,100,6,24509,shared_marginals,0.99907896,0.9537165829145728,0.007,1.0,56.138675474877616,59.13924869434084
Ennio_Doorbell,100,6,24509,collaborative_ess_mean_oas,0.99908164,0.953851256281407,0.0046,1.0,56.138675474877616,59.13924869434084
Ennio_Doorbell,100,6,24509,collaborative_bartz_mean_oas,0.99908212,0.9538753768844221,0.005,1.0,56.138675474877616,59.13924869434084
Ennio_Doorbell,100,7,8753,oas_nominal,0.99911332,0.955443216080402,0.0364,1.0,99.0,99.0
Ennio_Doorbell,100,7,8753,oas_covariance_ess,0.99911332,0.955443216080402,0.0366,1.0,99.0,99.0
Ennio_Doorbell,100,7,8753,bartz_hac,0.99911324,0.9554391959798995,0.0368,1.0,99.0,99.0
Ennio_Doorbell,100,7,8753,shared_marginals,0.9991106399999999,0.9553085427135678,0.0564,1.0,99.0,99.0
Ennio_Doorbell,100,7,8753,collaborative_ess_mean_oas,0.99911328,0.9554412060301507,0.0366,1.0,99.0,99.0
Ennio_Doorbell,100,7,8753,collaborative_bartz_mean_oas,0.99911324,0.9554391959798995,0.036,1.0,99.0,99.0
Ennio_Doorbell,300,0,12085,oas_nominal,0.9474267199999999,0.6941989949748744,0.0,0.0,60.551343335670076,43.418473627088716
Ennio_Doorbell,300,0,12085,oas_covariance_ess,0.96889776,0.7457005025125628,0.0,0.0,60.551343335670076,43.418473627088716
Ennio_Doorbell,300,0,12085,bartz_hac,0.9650403199999998,0.7338954773869347,0.0,0.0002,60.551343335670076,43.418473627088716
Ennio_Doorbell,300,0,12085,shared_marginals,0.94541228,0.7132703517587939,0.0,0.0,60.551343335670076,43.418473627088716
Ennio_Doorbell,300,0,12085,collaborative_ess_mean_oas,0.98949728,0.7452763819095477,0.0,0.0,60.551343335670076,43.418473627088716
Ennio_Doorbell,300,0,12085,collaborative_bartz_mean_oas,0.9894976799999999,0.745286432160804,0.0,0.0,60.551343335670076,43.418473627088716
Ennio_Doorbell,300,1,1380,oas_nominal,0.99910004,0.9547758793969849,0.0924,1.0,299.0,299.0
Ennio_Doorbell,300,1,1380,oas_covariance_ess,0.99910004,0.9547758793969849,0.0924,1.0,299.0,299.0
Ennio_Doorbell,300,1,1380,bartz_hac,0.99910016,0.9547819095477387,0.096,1.0,299.0,299.0
Ennio_Doorbell,300,1,1380,shared_marginals,0.9990945600000001,0.9545005025125629,0.0932,1.0,299.0,299.0
Ennio_Doorbell,300,1,1380,collaborative_ess_mean_oas,0.99910004,0.9547758793969849,0.0924,1.0,299.0,299.0
Ennio_Doorbell,300,1,1380,collaborative_bartz_mean_oas,0.99910016,0.9547819095477387,0.096,1.0,299.0,299.0
Ennio_Doorbell,300,2,16724,oas_nominal,0.9637673600000001,0.7869768844221106,0.0,0.4536,144.52950859123231,76.43355584016793
Ennio_Doorbell,300,2,16724,oas_covariance_ess,0.9708607600000001,0.7915939698492462,0.0,0.3948,144.52950859123231,76.43355584016793
Ennio_Doorbell,300,2,16724,bartz_hac,0.97782596,0.7980100502512563,0.0,0.3948,144.52950859123231,76.43355584016793
Ennio_Doorbell,300,2,16724,shared_marginals,0.9495554,0.7868804020100502,0.0,0.4528,144.52950859123231,76.43355584016793
Ennio_Doorbell,300,2,16724,collaborative_ess_mean_oas,0.9732789199999999,0.7919638190954774,0.0,0.3948,144.52950859123231,76.43355584016793
Ennio_Doorbell,300,2,16724,collaborative_bartz_mean_oas,0.98023876,0.7980502512562814,0.0,0.3948,144.52950859123231,76.43355584016793
Ennio_Doorbell,300,3,4467,oas_nominal,0.9712406,0.788,0.1242,1.0,293.94592325424344,299.0
Ennio_Doorbell,300,3,4467,oas_covariance_ess,0.97124132,0.7880341708542714,0.1244,1.0,293.94592325424344,299.0
Ennio_Doorbell,300,3,4467,bartz_hac,0.97264644,0.7895778894472362,0.1322,1.0,293.94592325424344,299.0
Ennio_Doorbell,300,3,4467,shared_marginals,0.97161952,0.7905628140703518,0.1288,1.0,293.94592325424344,299.0
Ennio_Doorbell,300,3,4467,collaborative_ess_mean_oas,0.9712432000000001,0.7881165829145729,0.1246,1.0,293.94592325424344,299.0
Ennio_Doorbell,300,3,4467,collaborative_bartz_mean_oas,0.97264792,0.7896502512562814,0.1318,1.0,293.94592325424344,299.0
Ennio_Doorbell,300,4,16116,oas_nominal,0.99640256,0.8194653266331657,0.062,1.0,191.82474745751892,299.0
Ennio_Doorbell,300,4,16116,oas_covariance_ess,0.9964033600000001,0.8195035175879397,0.062,1.0,191.82474745751892,299.0
Ennio_Doorbell,300,4,16116,bartz_hac,0.9969767199999999,0.8480904522613065,0.0624,1.0,191.82474745751892,299.0
Ennio_Doorbell,300,4,16116,shared_marginals,0.99673312,0.8359798994974874,0.062,1.0,191.82474745751892,299.0
Ennio_Doorbell,300,4,16116,collaborative_ess_mean_oas,0.9964046,0.8195638190954774,0.062,1.0,191.82474745751892,299.0
Ennio_Doorbell,300,4,16116,collaborative_bartz_mean_oas,0.9969765199999999,0.8480824120603014,0.0622,1.0,191.82474745751892,299.0
Ennio_Doorbell,300,5,3631,oas_nominal,0.99796964,0.8979718592964825,0.0748,1.0,287.7917322919058,299.0
Ennio_Doorbell,300,5,3631,oas_covariance_ess,0.99797012,0.8979959798994975,0.075,1.0,287.7917322919058,299.0
Ennio_Doorbell,300,5,3631,bartz_hac,0.9979763199999999,0.8983075376884422,0.077,1.0,287.7917322919058,299.0
Ennio_Doorbell,300,5,3631,shared_marginals,0.99816968,0.9080241206030151,0.0754,1.0,287.7917322919058,299.0
Ennio_Doorbell,300,5,3631,collaborative_ess_mean_oas,0.99797028,0.8980040201005025,0.075,1.0,287.7917322919058,299.0
Ennio_Doorbell,300,5,3631,collaborative_bartz_mean_oas,0.9979762799999999,0.898305527638191,0.077,1.0,287.7917322919058,299.0
Ennio_Doorbell,300,6,11832,oas_nominal,0.9825592,0.7797286432160804,0.0044,0.5812,148.1654810925467,182.44504308327984
Ennio_Doorbell,300,6,11832,oas_covariance_ess,0.9846964800000001,0.7813065326633166,0.0068,0.5958,148.1654810925467,182.44504308327984
Ennio_Doorbell,300,6,11832,bartz_hac,0.98917172,0.7836984924623116,0.0046,0.5968,148.1654810925467,182.44504308327984
Ennio_Doorbell,300,6,11832,shared_marginals,0.98404804,0.7810854271356784,0.0094,0.5962,148.1654810925467,182.44504308327984
Ennio_Doorbell,300,6,11832,collaborative_ess_mean_oas,0.98558296,0.7813587939698492,0.0088,0.5962,148.1654810925467,182.44504308327984
Ennio_Doorbell,300,6,11832,collaborative_bartz_mean_oas,0.98925116,0.7836381909547738,0.0046,0.5968,148.1654810925467,182.44504308327984
Ennio_Doorbell,300,7,15161,oas_nominal,0.9703267600000001,0.7558934673366834,0.2732,1.0,166.17301929621698,202.11504325337316
Ennio_Doorbell,300,7,15161,oas_covariance_ess,0.97184952,0.7581829145728642,0.29,1.0,166.17301929621698,202.11504325337316
Ennio_Doorbell,300,7,15161,bartz_hac,0.97650876,0.7592301507537689,0.2602,1.0,166.17301929621698,202.11504325337316
Ennio_Doorbell,300,7,15161,shared_marginals,0.9659594800000001,0.7588562814070352,0.2848,1.0,166.17301929621698,202.11504325337316
Ennio_Doorbell,300,7,15161,collaborative_ess_mean_oas,0.97193984,0.7582613065326633,0.2898,1.0,166.17301929621698,202.11504325337316
Ennio_Doorbell,300,7,15161,collaborative_bartz_mean_oas,0.97651044,0.759262311557789,0.2606,1.0,166.17301929621698,202.11504325337316
Ennio_Doorbell,1000,0,1050,oas_nominal,0.99793244,0.8961025125628141,0.1032,1.0,789.1571356079177,999.0
Ennio_Doorbell,1000,0,1050,oas_covariance_ess,0.9979326000000001,0.8961105527638191,0.1032,1.0,789.1571356079177,999.0
Ennio_Doorbell,1000,0,1050,bartz_hac,0.99793084,0.8960221105527639,0.1038,1.0,789.1571356079177,999.0
Ennio_Doorbell,1000,0,1050,shared_marginals,0.99858988,0.9291396984924623,0.0998,1.0,789.1571356079177,999.0
Ennio_Doorbell,1000,0,1050,collaborative_ess_mean_oas,0.99793264,0.8961125628140703,0.1032,1.0,789.1571356079177,999.0
Ennio_Doorbell,1000,0,1050,collaborative_bartz_mean_oas,0.99793084,0.8960221105527639,0.1038,1.0,789.1571356079177,999.0
Ennio_Doorbell,1000,1,20467,oas_nominal,0.9706212,0.7590793969849245,0.229,1.0,510.37479409514646,626.3130870639319
Ennio_Doorbell,1000,1,20467,oas_covariance_ess,0.97217176,0.7597025125628141,0.2282,1.0,510.37479409514646,626.3130870639319
Ennio_Doorbell,1000,1,20467,bartz_hac,0.9744926399999999,0.7620542713567839,0.2344,1.0,510.37479409514646,626.3130870639319
Ennio_Doorbell,1000,1,20467,shared_marginals,0.97021808,0.7595517587939699,0.2222,1.0,510.37479409514646,626.3130870639319
Ennio_Doorbell,1000,1,20467,collaborative_ess_mean_oas,0.97225304,0.7597025125628141,0.2286,1.0,510.37479409514646,626.3130870639319
Ennio_Doorbell,1000,1,20467,collaborative_bartz_mean_oas,0.97441112,0.7620522613065326,0.2344,1.0,510.37479409514646,626.3130870639319
Ennio_Doorbell,1000,2,19541,oas_nominal,0.9691689199999999,0.7584040201005025,0.2456,1.0,565.278444337277,631.5122139426961
Ennio_Doorbell,1000,2,19541,oas_covariance_ess,0.9707048,0.7585688442211056,0.2378,1.0,565.278444337277,631.5122139426961
Ennio_Doorbell,1000,2,19541,bartz_hac,0.97255364,0.7589909547738694,0.236,1.0,565.278444337277,631.5122139426961
Ennio_Doorbell,1000,2,19541,shared_marginals,0.9645441200000001,0.758643216080402,0.2318,1.0,565.278444337277,631.5122139426961
Ennio_Doorbell,1000,2,19541,collaborative_ess_mean_oas,0.970706,0.7585708542713567,0.238,1.0,565.278444337277,631.5122139426961
Ennio_Doorbell,1000,2,19541,collaborative_bartz_mean_oas,0.9725524,0.7589909547738694,0.2358,1.0,565.278444337277,631.5122139426961
Ennio_Doorbell,1000,3,8850,oas_nominal,0.99400008,0.7838613065326634,0.1264,1.0,929.308949788251,999.0
Ennio_Doorbell,1000,3,8850,oas_covariance_ess,0.99400028,0.7838713567839196,0.1264,1.0,929.308949788251,999.0
Ennio_Doorbell,1000,3,8850,bartz_hac,0.9938328399999999,0.7835678391959799,0.1286,1.0,929.308949788251,999.0
Ennio_Doorbell,1000,3,8850,shared_marginals,0.99730496,0.8646934673366834,0.1258,1.0,929.308949788251,999.0
Ennio_Doorbell,1000,3,8850,collaborative_ess_mean_oas,0.99400036,0.7838753768844221,0.1264,1.0,929.308949788251,999.0
Ennio_Doorbell,1000,3,8850,collaborative_bartz_mean_oas,0.9938326399999999,0.7835577889447236,0.1286,1.0,929.308949788251,999.0
Ennio_Doorbell,1000,4,8752,oas_nominal,0.994604,0.7929768844221106,0.1188,1.0,942.0825620493699,999.0
Ennio_Doorbell,1000,4,8752,oas_covariance_ess,0.99460444,0.7929989949748744,0.1188,1.0,942.0825620493699,999.0
Ennio_Doorbell,1000,4,8752,bartz_hac,0.9942692,0.7921366834170854,0.1194,1.0,942.0825620493699,999.0
Ennio_Doorbell,1000,4,8752,shared_marginals,0.9978736,0.8932442211055276,0.1154,1.0,942.0825620493699,999.0
Ennio_Doorbell,1000,4,8752,collaborative_ess_mean_oas,0.99460444,0.7929989949748744,0.1188,1.0,942.0825620493699,999.0
Ennio_Doorbell,1000,4,8752,collaborative_bartz_mean_oas,0.994269,0.7921266331658292,0.1194,1.0,942.0825620493699,999.0
Ennio_Doorbell,1000,5,12942,oas_nominal,0.95846804,0.7766070351758794,0.0012,0.5246,507.32375671697287,309.00872704827344
Ennio_Doorbell,1000,5,12942,oas_covariance_ess,0.98053436,0.7882150753768844,0.0,0.5236,507.32375671697287,309.00872704827344
Ennio_Doorbell,1000,5,12942,bartz_hac,0.9875659600000001,0.7903457286432161,0.0,0.4726,507.32375671697287,309.00872704827344
Ennio_Doorbell,1000,5,12942,shared_marginals,0.9534772,0.7776261306532664,0.0024,0.5248,507.32375671697287,309.00872704827344
Ennio_Doorbell,1000,5,12942,collaborative_ess_mean_oas,0.9808508,0.7881447236180905,0.0,0.524,507.32375671697287,309.00872704827344
Ennio_Doorbell,1000,5,12942,collaborative_bartz_mean_oas,0.98804224,0.7903457286432161,0.0,0.4722,507.32375671697287,309.00872704827344
Ennio_Doorbell,1000,6,1969,oas_nominal,0.97040156,0.7702713567839196,0.1194,1.0,924.8878485820117,999.0
Ennio_Doorbell,1000,6,1969,oas_covariance_ess,0.97040388,0.7703075376884423,0.1194,1.0,924.8878485820117,999.0
Ennio_Doorbell,1000,6,1969,bartz_hac,0.97039452,0.770164824120603,0.1202,1.0,924.8878485820117,999.0
Ennio_Doorbell,1000,6,1969,shared_marginals,0.9721557599999999,0.7806090452261307,0.1166,1.0,924.8878485820117,999.0
Ennio_Doorbell,1000,6,1969,collaborative_ess_mean_oas,0.97040476,0.7703175879396985,0.1194,1.0,924.8878485820117,999.0
Ennio_Doorbell,1000,6,1969,collaborative_bartz_mean_oas,0.97039444,0.7701628140703518,0.1202,1.0,924.8878485820117,999.0
Ennio_Doorbell,1000,7,20735,oas_nominal,0.9678116,0.7641266331658292,0.2246,1.0,507.992069586437,626.0235346068648
Ennio_Doorbell,1000,7,20735,oas_covariance_ess,0.9695154800000001,0.7643738693467337,0.2366,1.0,507.992069586437,626.0235346068648
Ennio_Doorbell,1000,7,20735,bartz_hac,0.97212672,0.7646130653266332,0.2322,1.0,507.992069586437,626.0235346068648
Ennio_Doorbell,1000,7,20735,shared_marginals,0.9669466800000001,0.7643175879396985,0.232,1.0,507.992069586437,626.0235346068648
Ennio_Doorbell,1000,7,20735,collaborative_ess_mean_oas,0.96951604,0.7643738693467337,0.2364,1.0,507.992069586437,626.0235346068648
Ennio_Doorbell,1000,7,20735,collaborative_bartz_mean_oas,0.97212492,0.7646130653266332,0.2316,1.0,507.992069586437,626.0235346068648
Philips_B120N10_Baby_Monitor,30,0,97728,oas_nominal,0.99132476,0.6045788944723618,0.163,1.0,29.0,29.0
Philips_B120N10_Baby_Monitor,30,0,97728,oas_covariance_ess,0.99134384,0.6051537688442211,0.1678,1.0,29.0,29.0
Philips_B120N10_Baby_Monitor,30,0,97728,bartz_hac,0.99213368,0.6318994974874371,0.1412,1.0,29.0,29.0
Philips_B120N10_Baby_Monitor,30,0,97728,shared_marginals,0.9926019199999999,0.6440964824120603,0.1814,1.0,29.0,29.0
Philips_B120N10_Baby_Monitor,30,0,97728,collaborative_ess_mean_oas,0.99142196,0.6129849246231156,0.1742,1.0,29.0,29.0
Philips_B120N10_Baby_Monitor,30,0,97728,collaborative_bartz_mean_oas,0.99222212,0.6380743718592965,0.148,1.0,29.0,29.0
Philips_B120N10_Baby_Monitor,30,1,58159,oas_nominal,0.99683848,0.8416984924623115,0.8492,1.0,29.0,29.0
Philips_B120N10_Baby_Monitor,30,1,58159,oas_covariance_ess,0.99683364,0.8414592964824121,0.8534,1.0,29.0,29.0
Philips_B120N10_Baby_Monitor,30,1,58159,bartz_hac,0.996818,0.8406874371859296,0.8388,1.0,29.0,29.0
Philips_B120N10_Baby_Monitor,30,1,58159,shared_marginals,0.99673756,0.8366351758793971,0.9262,1.0,29.0,29.0
Philips_B120N10_Baby_Monitor,30,1,58159,collaborative_ess_mean_oas,0.9967584,0.8376361809045226,0.8318,1.0,29.0,29.0
Philips_B120N10_Baby_Monitor,30,1,58159,collaborative_bartz_mean_oas,0.9967798400000001,0.838697487437186,0.744,1.0,29.0,29.0
Philips_B120N10_Baby_Monitor,30,2,25110,oas_nominal,0.99433312,0.7160944723618091,0.3774,1.0,29.0,29.0
Philips_B120N10_Baby_Monitor,30,2,25110,oas_covariance_ess,0.9943447999999999,0.7166834170854273,0.3806,1.0,29.0,29.0
Philips_B120N10_Baby_Monitor,30,2,25110,bartz_hac,0.99450032,0.7245346733668342,0.3984,1.0,29.0,29.0
Philips_B120N10_Baby_Monitor,30,2,25110,shared_marginals,0.99523708,0.761105527638191,0.4008,1.0,29.0,29.0
Philips_B120N10_Baby_Monitor,30,2,25110,collaborative_ess_mean_oas,0.9947878,0.7387879396984924,0.3848,1.0,29.0,29.0
Philips_B120N10_Baby_Monitor,30,2,25110,collaborative_bartz_mean_oas,0.994815,0.7401909547738694,0.394,1.0,29.0,29.0
Philips_B120N10_Baby_Monitor,30,3,39050,oas_nominal,0.99418428,0.7112221105527639,0.1162,1.0,29.0,29.0
Philips_B120N10_Baby_Monitor,30,3,39050,oas_covariance_ess,0.99419012,0.711521608040201,0.1228,1.0,29.0,29.0
Philips_B120N10_Baby_Monitor,30,3,39050,bartz_hac,0.99426268,0.7191457286432161,0.082,1.0,29.0,29.0
Philips_B120N10_Baby_Monitor,30,3,39050,shared_marginals,0.99510096,0.7547015075376884,0.1636,1.0,29.0,29.0
Philips_B120N10_Baby_Monitor,30,3,39050,collaborative_ess_mean_oas,0.99468716,0.7362854271356785,0.1238,1.0,29.0,29.0
Philips_B120N10_Baby_Monitor,30,3,39050,collaborative_bartz_mean_oas,0.9946177199999999,0.7349065326633166,0.0814,1.0,29.0,29.0
Philips_B120N10_Baby_Monitor,30,4,107692,oas_nominal,0.9924156399999999,0.6395778894472361,0.9392,1.0,29.0,29.0
Philips_B120N10_Baby_Monitor,30,4,107692,oas_covariance_ess,0.9924292799999999,0.6402532663316582,0.9406,1.0,29.0,29.0
Philips_B120N10_Baby_Monitor,30,4,107692,bartz_hac,0.99276452,0.6653145728643216,0.891,1.0,29.0,29.0
Philips_B120N10_Baby_Monitor,30,4,107692,shared_marginals,0.9936126,0.6813507537688441,0.9452,1.0,29.0,29.0
Philips_B120N10_Baby_Monitor,30,4,107692,collaborative_ess_mean_oas,0.9927419599999999,0.6482814070351759,0.913,1.0,29.0,29.0
Philips_B120N10_Baby_Monitor,30,4,107692,collaborative_bartz_mean_oas,0.99296024,0.6697768844221106,0.5072,1.0,29.0,29.0
Philips_B120N10_Baby_Monitor,30,5,15147,oas_nominal,0.99458008,0.7278391959798995,0.2722,1.0,25.097769233555052,29.0
Philips_B120N10_Baby_Monitor,30,5,15147,oas_covariance_ess,0.99458696,0.7281869346733669,0.274,1.0,25.097769233555052,29.0
Philips_B120N10_Baby_Monitor,30,5,15147,bartz_hac,0.9947157600000001,0.7347175879396984,0.2192,1.0,25.097769233555052,29.0
Philips_B120N10_Baby_Monitor,30,5,15147,shared_marginals,0.9952049199999999,0.7590693467336683,0.3324,1.0,25.097769233555052,29.0
Philips_B120N10_Baby_Monitor,30,5,15147,collaborative_ess_mean_oas,0.9947493599999999,0.736305527638191,0.278,1.0,25.097769233555052,29.0
Philips_B120N10_Baby_Monitor,30,5,15147,collaborative_bartz_mean_oas,0.9947777999999999,0.7378050251256282,0.2206,1.0,25.097769233555052,29.0
Philips_B120N10_Baby_Monitor,30,6,20879,oas_nominal,0.99600332,0.7998231155778894,0.0814,1.0,29.0,29.0
Philips_B120N10_Baby_Monitor,30,6,20879,oas_covariance_ess,0.9960129600000001,0.8003115577889447,0.0834,1.0,29.0,29.0
Philips_B120N10_Baby_Monitor,30,6,20879,bartz_hac,0.99615728,0.8077427135678392,0.0878,1.0,29.0,29.0
Philips_B120N10_Baby_Monitor,30,6,20879,shared_marginals,0.99655928,0.8275577889447236,0.1184,1.0,29.0,29.0
Philips_B120N10_Baby_Monitor,30,6,20879,collaborative_ess_mean_oas,0.99606236,0.802737688442211,0.0852,1.0,29.0,29.0
Philips_B120N10_Baby_Monitor,30,6,20879,collaborative_bartz_mean_oas,0.996197,0.8096341708542714,0.0866,1.0,29.0,29.0
Philips_B120N10_Baby_Monitor,30,7,37778,oas_nominal,0.9936494000000001,0.688329648241206,0.1808,1.0,29.0,29.0
Philips_B120N10_Baby_Monitor,30,7,37778,oas_covariance_ess,0.9936578,0.6887417085427135,0.185,1.0,29.0,29.0
Philips_B120N10_Baby_Monitor,30,7,37778,bartz_hac,0.9937842800000001,0.6971276381909548,0.1312,1.0,29.0,29.0
Philips_B120N10_Baby_Monitor,30,7,37778,shared_marginals,0.99435552,0.7232180904522614,0.2714,1.0,29.0,29.0
Philips_B120N10_Baby_Monitor,30,7,37778,collaborative_ess_mean_oas,0.99404556,0.7062150753768844,0.1894,1.0,29.0,29.0
Philips_B120N10_Baby_Monitor,30,7,37778,collaborative_bartz_mean_oas,0.9941236800000001,0.7120442211055276,0.1266,1.0,29.0,29.0
Philips_B120N10_Baby_Monitor,100,0,93430,oas_nominal,0.99713924,0.8562432160804021,0.347,1.0,99.0,99.0
Philips_B120N10_Baby_Monitor,100,0,93430,oas_covariance_ess,0.9971376000000001,0.8561608040201005,0.3474,1.0,99.0,99.0
Philips_B120N10_Baby_Monitor,100,0,93430,bartz_hac,0.99698312,0.8483979899497488,0.3296,1.0,99.0,99.0
Philips_B120N10_Baby_Monitor,100,0,93430,shared_marginals,0.99749952,0.8743477386934673,0.3368,1.0,99.0,99.0
Philips_B120N10_Baby_Monitor,100,0,93430,collaborative_ess_mean_oas,0.9971838,0.8584824120603015,0.347,1.0,99.0,99.0
Philips_B120N10_Baby_Monitor,100,0,93430,collaborative_bartz_mean_oas,0.99704488,0.8515015075376884,0.3288,1.0,99.0,99.0
Philips_B120N10_Baby_Monitor,100,1,73929,oas_nominal,0.99446976,0.7225386934673367,0.6962,1.0,99.0,99.0
Philips_B120N10_Baby_Monitor,100,1,73929,oas_covariance_ess,0.99446924,0.7225105527638191,0.6982,1.0,99.0,99.0
Philips_B120N10_Baby_Monitor,100,1,73929,bartz_hac,0.99449448,0.7237226130653267,0.7246,1.0,99.0,99.0
Philips_B120N10_Baby_Monitor,100,1,73929,shared_marginals,0.99510764,0.7543115577889448,0.747,1.0,99.0,99.0
Philips_B120N10_Baby_Monitor,100,1,73929,collaborative_ess_mean_oas,0.99458216,0.7281628140703518,0.701,1.0,99.0,99.0
Philips_B120N10_Baby_Monitor,100,1,73929,collaborative_bartz_mean_oas,0.99458788,0.7284140703517588,0.7262,1.0,99.0,99.0
Philips_B120N10_Baby_Monitor,100,2,101542,oas_nominal,0.9964533999999999,0.821811055276382,0.5344,1.0,99.0,99.0
Philips_B120N10_Baby_Monitor,100,2,101542,oas_covariance_ess,0.9964542000000001,0.8218512562814071,0.535,1.0,99.0,99.0
Philips_B120N10_Baby_Monitor,100,2,101542,bartz_hac,0.9964888,0.8235879396984924,0.5116,1.0,99.0,99.0
Philips_B120N10_Baby_Monitor,100,2,101542,shared_marginals,0.9970468,0.8516201005025126,0.5172,1.0,99.0,99.0
Philips_B120N10_Baby_Monitor,100,2,101542,collaborative_ess_mean_oas,0.9965556400000001,0.8269427135678392,0.5406,1.0,99.0,99.0
Philips_B120N10_Baby_Monitor,100,2,101542,collaborative_bartz_mean_oas,0.99656132,0.8272261306532663,0.5186,1.0,99.0,99.0
Philips_B120N10_Baby_Monitor,100,3,48657,oas_nominal,0.99851524,0.9253889447236181,0.1436,1.0,97.57621049839581,99.0
Philips_B120N10_Baby_Monitor,100,3,48657,oas_covariance_ess,0.99851048,0.9251497487437186,0.1454,1.0,97.57621049839581,99.0
Philips_B120N10_Baby_Monitor,100,3,48657,bartz_hac,0.9980897599999999,0.9040080402010051,0.1614,1.0,97.57621049839581,99.0
Philips_B120N10_Baby_Monitor,100,3,48657,shared_marginals,0.99845732,0.922478391959799,0.15,1.0,97.57621049839581,99.0
Philips_B120N10_Baby_Monitor,100,3,48657,collaborative_ess_mean_oas,0.99867584,0.9334592964824121,0.1468,1.0,97.57621049839581,99.0
Philips_B120N10_Baby_Monitor,100,3,48657,collaborative_bartz_mean_oas,0.9981373600000001,0.9064,0.1566,1.0,97.57621049839581,99.0
Philips_B120N10_Baby_Monitor,100,4,115756,oas_nominal,0.99632084,0.8152844221105529,0.0548,1.0,99.0,72.04338274099557
Philips_B120N10_Baby_Monitor,100,4,115756,oas_covariance_ess,0.9961798000000001,0.8082150753768844,0.0374,1.0,99.0,72.04338274099557
Philips_B120N10_Baby_Monitor,100,4,115756,bartz_hac,0.9960038,0.7994211055276381,0.033,1.0,99.0,72.04338274099557
Philips_B120N10_Baby_Monitor,100,4,115756,shared_marginals,0.9962804799999999,0.8131778894472362,0.0612,1.0,99.0,72.04338274099557
Philips_B120N10_Baby_Monitor,100,4,115756,collaborative_ess_mean_oas,0.99625788,0.8121266331658292,0.0374,1.0,99.0,72.04338274099557
Philips_B120N10_Baby_Monitor,100,4,115756,collaborative_bartz_mean_oas,0.99601504,0.7999778894472362,0.032,1.0,99.0,72.04338274099557
Philips_B120N10_Baby_Monitor,100,5,98688,oas_nominal,0.99586136,0.7921206030150754,0.0542,1.0,99.0,99.0
Philips_B120N10_Baby_Monitor,100,5,98688,oas_covariance_ess,0.99586008,0.7920562814070351,0.0544,1.0,99.0,99.0
Philips_B120N10_Baby_Monitor,100,5,98688,bartz_hac,0.99577648,0.7878371859296482,0.0514,1.0,99.0,99.0
Philips_B120N10_Baby_Monitor,100,5,98688,shared_marginals,0.99629172,0.8136562814070352,0.0542,1.0,99.0,99.0
Philips_B120N10_Baby_Monitor,100,5,98688,collaborative_ess_mean_oas,0.99596296,0.7972100502512562,0.0544,1.0,99.0,99.0
Philips_B120N10_Baby_Monitor,100,5,98688,collaborative_bartz_mean_oas,0.9958052,0.789270351758794,0.0514,1.0,99.0,99.0
Philips_B120N10_Baby_Monitor,100,6,45204,oas_nominal,0.99310324,0.6778552763819096,0.4538,1.0,92.58470244090459,99.0
Philips_B120N10_Baby_Monitor,100,6,45204,oas_covariance_ess,0.9931052399999999,0.6779537688442211,0.4542,1.0,92.58470244090459,99.0
Philips_B120N10_Baby_Monitor,100,6,45204,bartz_hac,0.99311816,0.6781386934673367,0.4456,1.0,92.58470244090459,99.0
Philips_B120N10_Baby_Monitor,100,6,45204,shared_marginals,0.9937765599999999,0.702321608040201,0.469,1.0,92.58470244090459,99.0
Philips_B120N10_Baby_Monitor,100,6,45204,collaborative_ess_mean_oas,0.99319408,0.6841547738693468,0.4556,1.0,92.58470244090459,99.0
Philips_B120N10_Baby_Monitor,100,6,45204,collaborative_bartz_mean_oas,0.99325036,0.6845447236180905,0.446,1.0,92.58470244090459,99.0
Philips_B120N10_Baby_Monitor,100,7,55716,oas_nominal,0.99407164,0.7111557788944725,0.8522,1.0,99.0,99.0
Philips_B120N10_Baby_Monitor,100,7,55716,oas_covariance_ess,0.99406968,0.7110532663316582,0.854,1.0,99.0,99.0
Philips_B120N10_Baby_Monitor,100,7,55716,bartz_hac,0.99419872,0.7091497487437186,0.8596,1.0,99.0,99.0
Philips_B120N10_Baby_Monitor,100,7,55716,shared_marginals,0.9945577999999999,0.7268904522613066,0.8526,1.0,99.0,99.0
Philips_B120N10_Baby_Monitor,100,7,55716,collaborative_ess_mean_oas,0.9939701999999999,0.7102251256281407,0.8194,1.0,99.0,99.0
Philips_B120N10_Baby_Monitor,100,7,55716,collaborative_bartz_mean_oas,0.9940695599999999,0.7067658291457286,0.8242,1.0,99.0,99.0
Philips_B120N10_Baby_Monitor,300,0,52877,oas_nominal,0.9935716,0.6843316582914573,0.1286,1.0,294.7189986341606,299.0
Philips_B120N10_Baby_Monitor,300,0,52877,oas_covariance_ess,0.99357304,0.6843959798994975,0.1286,1.0,294.7189986341606,299.0
Philips_B120N10_Baby_Monitor,300,0,52877,bartz_hac,0.99381196,0.6936502512562814,0.1106,1.0,294.7189986341606,299.0
Philips_B120N10_Baby_Monitor,300,0,52877,shared_marginals,0.99428492,0.7257989949748744,0.1332,1.0,294.7189986341606,299.0
Philips_B120N10_Baby_Monitor,300,0,52877,collaborative_ess_mean_oas,0.99357168,0.6842793969849246,0.1286,1.0,294.7189986341606,299.0
Philips_B120N10_Baby_Monitor,300,0,52877,collaborative_bartz_mean_oas,0.99382832,0.6944562814070352,0.1106,1.0,294.7189986341606,299.0
Philips_B120N10_Baby_Monitor,300,1,14929,oas_nominal,0.99295824,0.7166653266331658,0.2426,1.0,299.0,282.38624161380113
Philips_B120N10_Baby_Monitor,300,1,14929,oas_covariance_ess,0.9930332399999999,0.7164301507537688,0.239,1.0,299.0,282.38624161380113
Philips_B120N10_Baby_Monitor,300,1,14929,bartz_hac,0.9932868,0.7151718592964824,0.2446,1.0,299.0,282.38624161380113
Philips_B120N10_Baby_Monitor,300,1,14929,shared_marginals,0.99405072,0.7152462311557789,0.231,1.0,299.0,282.38624161380113
Philips_B120N10_Baby_Monitor,300,1,14929,collaborative_ess_mean_oas,0.9929498,0.7182331658291458,0.239,1.0,299.0,282.38624161380113
Philips_B120N10_Baby_Monitor,300,1,14929,collaborative_bartz_mean_oas,0.99327212,0.7164321608040202,0.244,1.0,299.0,282.38624161380113
Philips_B120N10_Baby_Monitor,300,2,36901,oas_nominal,0.9924512,0.6307919597989949,0.8692,1.0,299.0,299.0
Philips_B120N10_Baby_Monitor,300,2,36901,oas_covariance_ess,0.99245208,0.6308261306532663,0.8692,1.0,299.0,299.0
Philips_B120N10_Baby_Monitor,300,2,36901,bartz_hac,0.9925042,0.6308381909547739,0.877,1.0,299.0,299.0
Philips_B120N10_Baby_Monitor,300,2,36901,shared_marginals,0.9934416,0.6710673366834171,0.8748,1.0,299.0,299.0
Philips_B120N10_Baby_Monitor,300,2,36901,collaborative_ess_mean_oas,0.99251972,0.6339819095477387,0.8692,1.0,299.0,299.0
Philips_B120N10_Baby_Monitor,300,2,36901,collaborative_bartz_mean_oas,0.9925449999999999,0.6327678391959799,0.8772,1.0,299.0,299.0
Philips_B120N10_Baby_Monitor,300,3,53469,oas_nominal,0.99810992,0.9067577889447236,0.9302,1.0,299.0,237.77328533193875
Philips_B120N10_Baby_Monitor,300,3,53469,oas_covariance_ess,0.99809156,0.9057226130653266,0.9222,1.0,299.0,237.77328533193875
Philips_B120N10_Baby_Monitor,300,3,53469,bartz_hac,0.99801696,0.9018572864321608,0.9248,1.0,299.0,237.77328533193875
Philips_B120N10_Baby_Monitor,300,3,53469,shared_marginals,0.99854516,0.9270793969849247,0.9306,1.0,299.0,237.77328533193875
Philips_B120N10_Baby_Monitor,300,3,53469,collaborative_ess_mean_oas,0.99831224,0.9162211055276382,0.873,1.0,299.0,237.77328533193875
Philips_B120N10_Baby_Monitor,300,3,53469,collaborative_bartz_mean_oas,0.9982008,0.9106271356783919,0.8794,1.0,299.0,237.77328533193875
Philips_B120N10_Baby_Monitor,300,4,57594,oas_nominal,0.99999664,0.9998613065326634,0.0,0.0,43.76289371906422,48.79117227268446
Philips_B120N10_Baby_Monitor,300,4,57594,oas_covariance_ess,0.99999932,0.9999658291457285,0.0,0.0,43.76289371906422,48.79117227268446
Philips_B120N10_Baby_Monitor,300,4,57594,bartz_hac,0.9999992400000001,0.999961809045226,0.0,0.0,43.76289371906422,48.79117227268446
Philips_B120N10_Baby_Monitor,300,4,57594,shared_marginals,0.99933064,0.9664281407035176,0.0,0.0,43.76289371906422,48.79117227268446
Philips_B120N10_Baby_Monitor,300,4,57594,collaborative_ess_mean_oas,0.99999896,0.9999477386934674,0.0,0.0,43.76289371906422,48.79117227268446
Philips_B120N10_Baby_Monitor,300,4,57594,collaborative_bartz_mean_oas,0.99999884,0.9999417085427136,0.0,0.0,43.76289371906422,48.79117227268446
Philips_B120N10_Baby_Monitor,300,5,30455,oas_nominal,0.9980281599999999,0.9009125628140704,0.092,1.0,299.0,262.4180811405234
Philips_B120N10_Baby_Monitor,300,5,30455,oas_covariance_ess,0.99797316,0.8981487437185929,0.083,1.0,299.0,262.4180811405234
Philips_B120N10_Baby_Monitor,300,5,30455,bartz_hac,0.9978803599999999,0.8934854271356784,0.0684,1.0,299.0,262.4180811405234
Philips_B120N10_Baby_Monitor,300,5,30455,shared_marginals,0.99827572,0.9133587939698492,0.099,1.0,299.0,262.4180811405234
Philips_B120N10_Baby_Monitor,300,5,30455,collaborative_ess_mean_oas,0.99800612,0.8998050251256282,0.083,1.0,299.0,262.4180811405234
Philips_B120N10_Baby_Monitor,300,5,30455,collaborative_bartz_mean_oas,0.9978910400000001,0.8940221105527638,0.0682,1.0,299.0,262.4180811405234
Philips_B120N10_Baby_Monitor,300,6,31109,oas_nominal,0.99659244,0.8289447236180905,0.4262,1.0,299.0,299.0
Philips_B120N10_Baby_Monitor,300,6,31109,oas_covariance_ess,0.99659208,0.8289266331658292,0.4276,1.0,299.0,299.0
Philips_B120N10_Baby_Monitor,300,6,31109,bartz_hac,0.99659136,0.8288783919597991,0.4296,1.0,299.0,299.0
Philips_B120N10_Baby_Monitor,300,6,31109,shared_marginals,0.9970550800000001,0.8520462311557789,0.4376,1.0,299.0,299.0
Philips_B120N10_Baby_Monitor,300,6,31109,collaborative_ess_mean_oas,0.9966298,0.830808040201005,0.4278,1.0,299.0,299.0
Philips_B120N10_Baby_Monitor,300,6,31109,collaborative_bartz_mean_oas,0.9966398,0.8313045226130653,0.4292,1.0,299.0,299.0
Philips_B120N10_Baby_Monitor,300,7,81839,oas_nominal,0.99574452,0.7866412060301508,0.4056,1.0,299.0,299.0
Philips_B120N10_Baby_Monitor,300,7,81839,oas_covariance_ess,0.9957450800000001,0.7866633165829146,0.406,1.0,299.0,299.0
Philips_B120N10_Baby_Monitor,300,7,81839,bartz_hac,0.99585748,0.7921849246231156,0.3934,1.0,299.0,299.0
Philips_B120N10_Baby_Monitor,300,7,81839,shared_marginals,0.99647924,0.8231899497487437,0.404,1.0,299.0,299.0
Philips_B120N10_Baby_Monitor,300,7,81839,collaborative_ess_mean_oas,0.99580648,0.7897547738693467,0.4056,1.0,299.0,299.0
Philips_B120N10_Baby_Monitor,300,7,81839,collaborative_bartz_mean_oas,0.99587272,0.7929487437185929,0.3938,1.0,299.0,299.0
Philips_B120N10_Baby_Monitor,1000,0,92647,oas_nominal,0.99342444,0.7873547738693467,0.439,1.0,999.0,909.060484954216
Philips_B120N10_Baby_Monitor,1000,0,92647,oas_covariance_ess,0.9935286799999999,0.7885587939698493,0.4426,1.0,999.0,909.060484954216
Philips_B120N10_Baby_Monitor,1000,0,92647,bartz_hac,0.99400432,0.794259296482412,0.4372,1.0,999.0,909.060484954216
Philips_B120N10_Baby_Monitor,1000,0,92647,shared_marginals,0.99493568,0.8064140703517588,0.4312,1.0,999.0,909.060484954216
Philips_B120N10_Baby_Monitor,1000,0,92647,collaborative_ess_mean_oas,0.993537,0.7889728643216081,0.442,1.0,999.0,909.060484954216
Philips_B120N10_Baby_Monitor,1000,0,92647,collaborative_bartz_mean_oas,0.99400856,0.7944723618090452,0.4372,1.0,999.0,909.060484954216
Philips_B120N10_Baby_Monitor,1000,1,86328,oas_nominal,0.99655224,0.8268783919597991,0.5742,1.0,999.0,999.0
Philips_B120N10_Baby_Monitor,1000,1,86328,oas_covariance_ess,0.99655224,0.8268783919597991,0.5742,1.0,999.0,999.0
Philips_B120N10_Baby_Monitor,1000,1,86328,bartz_hac,0.99655344,0.8269185929648242,0.5798,1.0,999.0,999.0
Philips_B120N10_Baby_Monitor,1000,1,86328,shared_marginals,0.9969287600000001,0.845670351758794,0.5726,1.0,999.0,999.0
Philips_B120N10_Baby_Monitor,1000,1,86328,collaborative_ess_mean_oas,0.99655516,0.8270231155778894,0.5742,1.0,999.0,999.0
Philips_B120N10_Baby_Monitor,1000,1,86328,collaborative_bartz_mean_oas,0.99655536,0.827011055276382,0.5796,1.0,999.0,999.0
Philips_B120N10_Baby_Monitor,1000,2,46996,oas_nominal,0.99162412,0.755113567839196,0.3418,1.0,999.0,999.0
Philips_B120N10_Baby_Monitor,1000,2,46996,oas_covariance_ess,0.99162412,0.755113567839196,0.3418,1.0,999.0,999.0
Philips_B120N10_Baby_Monitor,1000,2,46996,bartz_hac,0.99152516,0.7521306532663317,0.3514,1.0,999.0,999.0
Philips_B120N10_Baby_Monitor,1000,2,46996,shared_marginals,0.9923858400000001,0.7596502512562815,0.3524,1.0,999.0,999.0
Philips_B120N10_Baby_Monitor,1000,2,46996,collaborative_ess_mean_oas,0.9916415999999999,0.755991959798995,0.3418,1.0,999.0,999.0
Philips_B120N10_Baby_Monitor,1000,2,46996,collaborative_bartz_mean_oas,0.991538,0.752775879396985,0.3514,1.0,999.0,999.0
Philips_B120N10_Baby_Monitor,1000,3,85637,oas_nominal,0.9968536,0.8418974874371858,0.4416,1.0,999.0,999.0
Philips_B120N10_Baby_Monitor,1000,3,85637,oas_covariance_ess,0.99685356,0.8418954773869347,0.4416,1.0,999.0,999.0
Philips_B120N10_Baby_Monitor,1000,3,85637,bartz_hac,0.99671548,0.8349567839195979,0.443,1.0,999.0,999.0
Philips_B120N10_Baby_Monitor,1000,3,85637,shared_marginals,0.9975282,0.8757889447236181,0.4372,1.0,999.0,999.0
Philips_B120N10_Baby_Monitor,1000,3,85637,collaborative_ess_mean_oas,0.99685648,0.8420422110552763,0.4416,1.0,999.0,999.0
Philips_B120N10_Baby_Monitor,1000,3,85637,collaborative_bartz_mean_oas,0.99671728,0.8350472361809045,0.443,1.0,999.0,999.0
Philips_B120N10_Baby_Monitor,1000,4,18777,oas_nominal,0.9981880799999999,0.908948743718593,0.383,1.0,999.0,999.0
Philips_B120N10_Baby_Monitor,1000,4,18777,oas_covariance_ess,0.99818776,0.908932663316583,0.383,1.0,999.0,999.0
Philips_B120N10_Baby_Monitor,1000,4,18777,bartz_hac,0.9980760399999999,0.9033185929648241,0.3834,1.0,999.0,999.0
Philips_B120N10_Baby_Monitor,1000,4,18777,shared_marginals,0.99840392,0.9197949748743719,0.385,1.0,999.0,999.0
Philips_B120N10_Baby_Monitor,1000,4,18777,collaborative_ess_mean_oas,0.99819148,0.9091195979899497,0.383,1.0,999.0,999.0
Philips_B120N10_Baby_Monitor,1000,4,18777,collaborative_bartz_mean_oas,0.9980796399999999,0.9034994974874371,0.3828,1.0,999.0,999.0
Philips_B120N10_Baby_Monitor,1000,5,17611,oas_nominal,0.99928244,0.9639417085427135,0.0182,1.0,236.24172379189164,196.2103881764562
Philips_B120N10_Baby_Monitor,1000,5,17611,oas_covariance_ess,0.9988534,0.9423819095477386,0.0038,0.7602,236.24172379189164,196.2103881764562
Philips_B120N10_Baby_Monitor,1000,5,17611,bartz_hac,0.99796692,0.897835175879397,0.0,0.0,236.24172379189164,196.2103881764562
Philips_B120N10_Baby_Monitor,1000,5,17611,shared_marginals,0.9980715200000001,0.9031437185929649,0.0198,1.0,236.24172379189164,196.2103881764562
Philips_B120N10_Baby_Monitor,1000,5,17611,collaborative_ess_mean_oas,0.99885324,0.9423738693467336,0.0038,0.7602,236.24172379189164,196.2103881764562
Philips_B120N10_Baby_Monitor,1000,5,17611,collaborative_bartz_mean_oas,0.99797036,0.8980080402010051,0.0,0.0,236.24172379189164,196.2103881764562
Philips_B120N10_Baby_Monitor,1000,6,51202,oas_nominal,0.99605856,0.802251256281407,0.3684,1.0,999.0,999.0
Philips_B120N10_Baby_Monitor,1000,6,51202,oas_covariance_ess,0.9960588,0.8022633165829145,0.3684,1.0,999.0,999.0
Philips_B120N10_Baby_Monitor,1000,6,51202,bartz_hac,0.9961034799999999,0.8044462311557788,0.3638,1.0,999.0,999.0
Philips_B120N10_Baby_Monitor,1000,6,51202,shared_marginals,0.99702056,0.8503718592964825,0.3668,1.0,999.0,999.0
Philips_B120N10_Baby_Monitor,1000,6,51202,collaborative_ess_mean_oas,0.9960667200000001,0.8026592964824121,0.3684,1.0,999.0,999.0
Philips_B120N10_Baby_Monitor,1000,6,51202,collaborative_bartz_mean_oas,0.9961088,0.8047135678391959,0.364,1.0,999.0,999.0
Philips_B120N10_Baby_Monitor,1000,7,83555,oas_nominal,0.99539272,0.7690633165829146,0.4974,1.0,999.0,999.0
Philips_B120N10_Baby_Monitor,1000,7,83555,oas_covariance_ess,0.99539372,0.7691115577889447,0.4974,1.0,999.0,999.0
Philips_B120N10_Baby_Monitor,1000,7,83555,bartz_hac,0.9957988,0.789262311557789,0.503,1.0,999.0,999.0
Philips_B120N10_Baby_Monitor,1000,7,83555,shared_marginals,0.99654656,0.8265849246231156,0.503,1.0,999.0,999.0
Philips_B120N10_Baby_Monitor,1000,7,83555,collaborative_ess_mean_oas,0.9953949200000001,0.7691738693467337,0.4974,1.0,999.0,999.0
Philips_B120N10_Baby_Monitor,1000,7,83555,collaborative_bartz_mean_oas,0.99580124,0.7893788944723618,0.503,1.0,999.0,999.0
Provision_PT_737E_Security_Camera,30,0,29656,oas_nominal,0.8457824800000001,0.5029587939698492,0.3754,1.0,20.440031607274143,19.022303140976813
Provision_PT_737E_Security_Camera,30,0,29656,oas_covariance_ess,0.84978352,0.505905527638191,0.3466,1.0,20.440031607274143,19.022303140976813
Provision_PT_737E_Security_Camera,30,0,29656,bartz_hac,0.8480487999999998,0.5046693467336684,0.3356,1.0,20.440031607274143,19.022303140976813
Provision_PT_737E_Security_Camera,30,0,29656,shared_marginals,0.87858232,0.5717246231155779,0.4208,1.0,20.440031607274143,19.022303140976813
Provision_PT_737E_Security_Camera,30,0,29656,collaborative_ess_mean_oas,0.8499680399999999,0.5061889447236181,0.3478,1.0,20.440031607274143,19.022303140976813
Provision_PT_737E_Security_Camera,30,0,29656,collaborative_bartz_mean_oas,0.84812508,0.5046412060301507,0.3384,1.0,20.440031607274143,19.022303140976813
Provision_PT_737E_Security_Camera,30,1,13218,oas_nominal,0.9169227600000001,0.688862311557789,0.2448,1.0,16.2949005355917,19.004967413112684
Provision_PT_737E_Security_Camera,30,1,13218,oas_covariance_ess,0.9258833200000001,0.6982713567839196,0.2418,1.0,16.2949005355917,19.004967413112684
Provision_PT_737E_Security_Camera,30,1,13218,bartz_hac,0.93480092,0.7037085427135679,0.237,1.0,16.2949005355917,19.004967413112684
Provision_PT_737E_Security_Camera,30,1,13218,shared_marginals,0.93410936,0.634635175879397,0.269,1.0,16.2949005355917,19.004967413112684
Provision_PT_737E_Security_Camera,30,1,13218,collaborative_ess_mean_oas,0.92599488,0.6985226130653266,0.2424,1.0,16.2949005355917,19.004967413112684
Provision_PT_737E_Security_Camera,30,1,13218,collaborative_bartz_mean_oas,0.9336492000000001,0.7032281407035176,0.2402,1.0,16.2949005355917,19.004967413112684
Provision_PT_737E_Security_Camera,30,2,5502,oas_nominal,0.98325376,0.8469346733668341,0.8954,1.0,9.23951943471524,29.0
Provision_PT_737E_Security_Camera,30,2,5502,oas_covariance_ess,0.9826410800000001,0.8443316582914573,0.8942,1.0,9.23951943471524,29.0
Provision_PT_737E_Security_Camera,30,2,5502,bartz_hac,0.997387,0.911302512562814,0.9988,1.0,9.23951943471524,29.0
Provision_PT_737E_Security_Camera,30,2,5502,shared_marginals,0.9990214,0.9513065326633166,0.9034,1.0,9.23951943471524,29.0
Provision_PT_737E_Security_Camera,30,2,5502,collaborative_ess_mean_oas,0.99379584,0.8874492462311558,0.884,1.0,9.23951943471524,29.0
Provision_PT_737E_Security_Camera,30,2,5502,collaborative_bartz_mean_oas,0.9952447999999999,0.892862311557789,0.9604,1.0,9.23951943471524,29.0
Provision_PT_737E_Security_Camera,30,3,8582,oas_nominal,0.99854776,0.9270231155778894,0.004,0.9892,9.521408962583076,29.0
Provision_PT_737E_Security_Camera,30,3,8582,oas_covariance_ess,0.99855068,0.9271698492462311,0.004,0.9932,9.521408962583076,29.0
Provision_PT_737E_Security_Camera,30,3,8582,bartz_hac,0.99857436,0.9283597989949748,0.0,0.0,9.521408962583076,29.0
Provision_PT_737E_Security_Camera,30,3,8582,shared_marginals,0.99955432,0.9776040201005025,0.005,1.0,9.521408962583076,29.0
Provision_PT_737E_Security_Camera,30,3,8582,collaborative_ess_mean_oas,0.99853996,0.9266311557788944,0.0042,1.0,9.521408962583076,29.0
Provision_PT_737E_Security_Camera,30,3,8582,collaborative_bartz_mean_oas,0.99847292,0.9232623115577889,0.0076,1.0,9.521408962583076,29.0
Provision_PT_737E_Security_Camera,30,4,30800,oas_nominal,0.90456876,0.6934452261306533,0.2496,1.0,13.478942137637942,17.117499564226506
Provision_PT_737E_Security_Camera,30,4,30800,oas_covariance_ess,0.91634364,0.6966050251256282,0.2434,1.0,13.478942137637942,17.117499564226506
Provision_PT_737E_Security_Camera,30,4,30800,bartz_hac,0.9218995599999998,0.6978030150753769,0.2414,1.0,13.478942137637942,17.117499564226506
Provision_PT_737E_Security_Camera,30,4,30800,shared_marginals,0.92549584,0.670148743718593,0.2748,1.0,13.478942137637942,17.117499564226506
Provision_PT_737E_Security_Camera,30,4,30800,collaborative_ess_mean_oas,0.91581184,0.6973849246231156,0.2438,1.0,13.478942137637942,17.117499564226506
Provision_PT_737E_Security_Camera,30,4,30800,collaborative_bartz_mean_oas,0.9212134399999999,0.6983597989949749,0.2426,1.0,13.478942137637942,17.117499564226506
Provision_PT_737E_Security_Camera,30,5,6277,oas_nominal,0.84001944,0.5009346733668342,0.4416,1.0,29.0,21.262824985398584
Provision_PT_737E_Security_Camera,30,5,6277,oas_covariance_ess,0.8427907999999998,0.5061366834170854,0.4152,1.0,29.0,21.262824985398584
Provision_PT_737E_Security_Camera,30,5,6277,bartz_hac,0.8447179199999999,0.5134291457286432,0.3514,1.0,29.0,21.262824985398584
Provision_PT_737E_Security_Camera,30,5,6277,shared_marginals,0.8621373999999999,0.5628984924623116,0.4534,1.0,29.0,21.262824985398584
Provision_PT_737E_Security_Camera,30,5,6277,collaborative_ess_mean_oas,0.84267964,0.5052080402010051,0.4162,1.0,29.0,21.262824985398584
Provision_PT_737E_Security_Camera,30,5,6277,collaborative_bartz_mean_oas,0.8446083999999999,0.5127457286432161,0.3744,1.0,29.0,21.262824985398584
Provision_PT_737E_Security_Camera,30,6,33793,oas_nominal,0.8832300400000002,0.5873447236180904,0.2264,0.8066,29.0,29.0
Provision_PT_737E_Security_Camera,30,6,33793,oas_covariance_ess,0.8835976000000001,0.5883557788944723,0.2278,0.8068,29.0,29.0
Provision_PT_737E_Security_Camera,30,6,33793,bartz_hac,0.90009028,0.6399979899497488,0.0624,0.3974,29.0,29.0
Provision_PT_737E_Security_Camera,30,6,33793,shared_marginals,0.9124188400000001,0.5849266331658292,0.2384,1.0,29.0,29.0
Provision_PT_737E_Security_Camera,30,6,33793,collaborative_ess_mean_oas,0.8849731600000001,0.5884562814070352,0.2278,0.8074,29.0,29.0
Provision_PT_737E_Security_Camera,30,6,33793,collaborative_bartz_mean_oas,0.9000484000000001,0.6370934673366834,0.0858,0.4034,29.0,29.0
Provision_PT_737E_Security_Camera,30,7,1193,oas_nominal,0.9099619200000001,0.6652462311557789,0.2368,1.0,19.752291125037583,22.365114631226646
Provision_PT_737E_Security_Camera,30,7,1193,oas_covariance_ess,0.914412,0.6737467336683417,0.233,1.0,19.752291125037583,22.365114631226646
Provision_PT_737E_Security_Camera,30,7,1193,bartz_hac,0.91978044,0.680886432160804,0.2244,0.9998,19.752291125037583,22.365114631226646
Provision_PT_737E_Security_Camera,30,7,1193,shared_marginals,0.92391624,0.5988502512562814,0.2746,1.0,19.752291125037583,22.365114631226646
Provision_PT_737E_Security_Camera,30,7,1193,collaborative_ess_mean_oas,0.9146392400000001,0.6719396984924623,0.2338,1.0,19.752291125037583,22.365114631226646
Provision_PT_737E_Security_Camera,30,7,1193,collaborative_bartz_mean_oas,0.9201104,0.6800884422110552,0.2256,1.0,19.752291125037583,22.365114631226646
Provision_PT_737E_Security_Camera,100,0,25740,oas_nominal,0.87147356,0.599278391959799,0.2792,1.0,48.688504733818135,48.145252608990006
Provision_PT_737E_Security_Camera,100,0,25740,oas_covariance_ess,0.8814258400000001,0.6117668341708542,0.2856,1.0,48.688504733818135,48.145252608990006
Provision_PT_737E_Security_Camera,100,0,25740,bartz_hac,0.88582456,0.6190814070351759,0.2918,1.0,48.688504733818135,48.145252608990006
Provision_PT_737E_Security_Camera,100,0,25740,shared_marginals,0.8780439200000002,0.5921326633165829,0.2836,1.0,48.688504733818135,48.145252608990006
Provision_PT_737E_Security_Camera,100,0,25740,collaborative_ess_mean_oas,0.88137984,0.6115919597989949,0.2858,1.0,48.688504733818135,48.145252608990006
Provision_PT_737E_Security_Camera,100,0,25740,collaborative_bartz_mean_oas,0.88542408,0.6181125628140703,0.2908,1.0,48.688504733818135,48.145252608990006
Provision_PT_737E_Security_Camera,100,1,535,oas_nominal,0.99962948,0.9813809045226132,0.0,0.0,14.55616567457142,26.78942395840106
Provision_PT_737E_Security_Camera,100,1,535,oas_covariance_ess,0.9993746,0.968572864321608,0.0,0.0,14.55616567457142,26.78942395840106
Provision_PT_737E_Security_Camera,100,1,535,bartz_hac,0.9995306,0.9764120603015075,0.0,0.0,14.55616567457142,26.78942395840106
Provision_PT_737E_Security_Camera,100,1,535,shared_marginals,0.9995352000000001,0.976643216080402,0.0014,1.0,14.55616567457142,26.78942395840106
Provision_PT_737E_Security_Camera,100,1,535,collaborative_ess_mean_oas,0.99934056,0.9668623115577889,0.0,0.0,14.55616567457142,26.78942395840106
Provision_PT_737E_Security_Camera,100,1,535,collaborative_bartz_mean_oas,0.9995098,0.9753668341708543,0.0,0.0,14.55616567457142,26.78942395840106
Provision_PT_737E_Security_Camera,100,2,4516,oas_nominal,0.9998476,0.9923417085427135,0.0,0.0,13.776514872571985,36.02486687478245
Provision_PT_737E_Security_Camera,100,2,4516,oas_covariance_ess,0.999728,0.9863316582914573,0.0,0.0,13.776514872571985,36.02486687478245
Provision_PT_737E_Security_Camera,100,2,4516,bartz_hac,0.9997944799999999,0.9896723618090453,0.0,0.0,13.776514872571985,36.02486687478245
Provision_PT_737E_Security_Camera,100,2,4516,shared_marginals,0.99978408,0.9891497487437186,0.0,0.0,13.776514872571985,36.02486687478245
Provision_PT_737E_Security_Camera,100,2,4516,collaborative_ess_mean_oas,0.99969064,0.9844542713567839,0.0,0.0,13.776514872571985,36.02486687478245
Provision_PT_737E_Security_Camera,100,2,4516,collaborative_bartz_mean_oas,0.99969588,0.9847175879396985,0.0,0.0,13.776514872571985,36.02486687478245
Provision_PT_737E_Security_Camera,100,3,10507,oas_nominal,0.8618462400000001,0.6521668341708543,0.2398,1.0,45.90377390200001,47.8835292048933
Provision_PT_737E_Security_Camera,100,3,10507,oas_covariance_ess,0.86952664,0.6723819095477387,0.2382,1.0,45.90377390200001,47.8835292048933
Provision_PT_737E_Security_Camera,100,3,10507,bartz_hac,0.8760486000000001,0.6828984924623116,0.234,0.9998,45.90377390200001,47.8835292048933
Provision_PT_737E_Security_Camera,100,3,10507,shared_marginals,0.86093,0.6075758793969849,0.2674,1.0,45.90377390200001,47.8835292048933
Provision_PT_737E_Security_Camera,100,3,10507,collaborative_ess_mean_oas,0.86955148,0.6722311557788945,0.2382,1.0,45.90377390200001,47.8835292048933
Provision_PT_737E_Security_Camera,100,3,10507,collaborative_bartz_mean_oas,0.8756148,0.6822150753768844,0.2346,0.9998,45.90377390200001,47.8835292048933
Provision_PT_737E_Security_Camera,100,4,40297,oas_nominal,0.99936852,0.9682673366834171,0.0,0.0366,14.420087868567864,37.91547820632187
Provision_PT_737E_Security_Camera,100,4,40297,oas_covariance_ess,0.99932024,0.9658412060301508,0.0,0.0348,14.420087868567864,37.91547820632187
Provision_PT_737E_Security_Camera,100,4,40297,bartz_hac,0.99938356,0.9690231155778894,0.0002,0.4898,14.420087868567864,37.91547820632187
Provision_PT_737E_Security_Camera,100,4,40297,shared_marginals,0.99933348,0.9665065326633165,0.0,0.3228,14.420087868567864,37.91547820632187
Provision_PT_737E_Security_Camera,100,4,40297,collaborative_ess_mean_oas,0.99920004,0.9598010050251256,0.0,0.0496,14.420087868567864,37.91547820632187
Provision_PT_737E_Security_Camera,100,4,40297,collaborative_bartz_mean_oas,0.9992783599999999,0.9637366834170854,0.0,0.0174,14.420087868567864,37.91547820632187
Provision_PT_737E_Security_Camera,100,5,11948,oas_nominal,0.86983908,0.6572281407035175,0.382,1.0,50.59687887267638,49.968643785840335
Provision_PT_737E_Security_Camera,100,5,11948,oas_covariance_ess,0.8780651600000001,0.6827256281407035,0.3846,1.0,50.59687887267638,49.968643785840335
Provision_PT_737E_Security_Camera,100,5,11948,bartz_hac,0.88331576,0.6896,0.3916,1.0,50.59687887267638,49.968643785840335
Provision_PT_737E_Security_Camera,100,5,11948,shared_marginals,0.8686653199999999,0.6036201005025126,0.3404,1.0,50.59687887267638,49.968643785840335
Provision_PT_737E_Security_Camera,100,5,11948,collaborative_ess_mean_oas,0.87807764,0.6826351758793969,0.3848,1.0,50.59687887267638,49.968643785840335
Provision_PT_737E_Security_Camera,100,5,11948,collaborative_bartz_mean_oas,0.88300828,0.6891798994974875,0.3908,1.0,50.59687887267638,49.968643785840335
Provision_PT_737E_Security_Camera,100,6,41292,oas_nominal,0.98893712,0.6556381909547738,0.0002,0.1726,37.83382344976185,31.111279481659654
Provision_PT_737E_Security_Camera,100,6,41292,oas_covariance_ess,0.99054648,0.713451256281407,0.0,0.0002,37.83382344976185,31.111279481659654
Provision_PT_737E_Security_Camera,100,6,41292,bartz_hac,0.99358592,0.766643216080402,0.0,0.0,37.83382344976185,31.111279481659654
Provision_PT_737E_Security_Camera,100,6,41292,shared_marginals,0.99019336,0.6989145728643216,0.0,0.0036,37.83382344976185,31.111279481659654
Provision_PT_737E_Security_Camera,100,6,41292,collaborative_ess_mean_oas,0.99056552,0.7136341708542713,0.0,0.0002,37.83382344976185,31.111279481659654
Provision_PT_737E_Security_Camera,100,6,41292,collaborative_bartz_mean_oas,0.9936988,0.7714994974874372,0.0,0.0,37.83382344976185,31.111279481659654
Provision_PT_737E_Security_Camera,100,7,13683,oas_nominal,0.8868292,0.666227135678392,0.4064,1.0,46.36458675104404,47.8842648824633
Provision_PT_737E_Security_Camera,100,7,13683,oas_covariance_ess,0.8957579200000001,0.6852201005025126,0.4146,1.0,46.36458675104404,47.8842648824633
Provision_PT_737E_Security_Camera,100,7,13683,bartz_hac,0.90089612,0.6916482412060302,0.4096,1.0,46.36458675104404,47.8842648824633
Provision_PT_737E_Security_Camera,100,7,13683,shared_marginals,0.8946613199999999,0.6126030150753768,0.4166,1.0,46.36458675104404,47.8842648824633
Provision_PT_737E_Security_Camera,100,7,13683,collaborative_ess_mean_oas,0.89566044,0.6851497487437186,0.4144,1.0,46.36458675104404,47.8842648824633
Provision_PT_737E_Security_Camera,100,7,13683,collaborative_bartz_mean_oas,0.90052712,0.6913829145728643,0.4096,1.0,46.36458675104404,47.8842648824633
Provision_PT_737E_Security_Camera,300,0,13336,oas_nominal,0.99961716,0.9807618090452261,0.0,0.0,33.837627509551744,60.34495872674066
Provision_PT_737E_Security_Camera,300,0,13336,oas_covariance_ess,0.9995736799999999,0.9785768844221105,0.0,0.0,33.837627509551744,60.34495872674066
Provision_PT_737E_Security_Camera,300,0,13336,bartz_hac,0.99958464,0.9791276381909548,0.0,0.0,33.837627509551744,60.34495872674066
Provision_PT_737E_Security_Camera,300,0,13336,shared_marginals,0.9995736,0.9785728643216081,0.0,0.0,33.837627509551744,60.34495872674066
Provision_PT_737E_Security_Camera,300,0,13336,collaborative_ess_mean_oas,0.99957016,0.9784,0.0,0.0,33.837627509551744,60.34495872674066
Provision_PT_737E_Security_Camera,300,0,13336,collaborative_bartz_mean_oas,0.99958644,0.9792180904522613,0.0,0.0,33.837627509551744,60.34495872674066
Provision_PT_737E_Security_Camera,300,1,12823,oas_nominal,0.99969428,0.9846371859296483,0.0,0.0,35.31851857292322,50.00621687181327
Provision_PT_737E_Security_Camera,300,1,12823,oas_covariance_ess,0.9996491599999999,0.9823698492462312,0.0,0.0,35.31851857292322,50.00621687181327
Provision_PT_737E_Security_Camera,300,1,12823,bartz_hac,0.9996961999999999,0.9847336683417085,0.0,0.0,35.31851857292322,50.00621687181327
Provision_PT_737E_Security_Camera,300,1,12823,shared_marginals,0.999644,0.9821105527638191,0.0,0.0,35.31851857292322,50.00621687181327
Provision_PT_737E_Security_Camera,300,1,12823,collaborative_ess_mean_oas,0.9996274799999999,0.9812804020100502,0.0,0.0,35.31851857292322,50.00621687181327
Provision_PT_737E_Security_Camera,300,1,12823,collaborative_bartz_mean_oas,0.9996208,0.9809447236180904,0.0,0.0,35.31851857292322,50.00621687181327
Provision_PT_737E_Security_Camera,300,2,32530,oas_nominal,0.99873836,0.9366010050251257,0.0,0.0,33.82048231053244,59.32530586299276
Provision_PT_737E_Security_Camera,300,2,32530,oas_covariance_ess,0.9989476,0.9471155778894472,0.0,0.0,33.82048231053244,59.32530586299276
Provision_PT_737E_Security_Camera,300,2,32530,bartz_hac,0.99888972,0.9442070351758793,0.0,0.0,33.82048231053244,59.32530586299276
Provision_PT_737E_Security_Camera,300,2,32530,shared_marginals,0.9986440400000001,0.9318613065326633,0.0,0.0,33.82048231053244,59.32530586299276
Provision_PT_737E_Security_Camera,300,2,32530,collaborative_ess_mean_oas,0.99892696,0.946078391959799,0.0,0.0,33.82048231053244,59.32530586299276
Provision_PT_737E_Security_Camera,300,2,32530,collaborative_bartz_mean_oas,0.9989044800000001,0.944948743718593,0.0,0.0,33.82048231053244,59.32530586299276
Provision_PT_737E_Security_Camera,300,3,29642,oas_nominal,0.8379376399999999,0.49748743718592964,0.2846,1.0,145.5110313112321,137.1730814699514
Provision_PT_737E_Security_Camera,300,3,29642,oas_covariance_ess,0.84794232,0.5777949748743718,0.2866,1.0,145.5110313112321,137.1730814699514
Provision_PT_737E_Security_Camera,300,3,29642,bartz_hac,0.8509670399999999,0.5885547738693467,0.2916,1.0,145.5110313112321,137.1730814699514
Provision_PT_737E_Security_Camera,300,3,29642,shared_marginals,0.8373416,0.49748743718592964,0.299,1.0,145.5110313112321,137.1730814699514
Provision_PT_737E_Security_Camera,300,3,29642,collaborative_ess_mean_oas,0.84794352,0.5777909547738693,0.2866,1.0,145.5110313112321,137.1730814699514
Provision_PT_737E_Security_Camera,300,3,29642,collaborative_bartz_mean_oas,0.85086576,0.5883658291457287,0.2914,1.0,145.5110313112321,137.1730814699514
Provision_PT_737E_Security_Camera,300,4,10391,oas_nominal,0.99810064,0.9046231155778894,0.0,0.0,39.12182282968883,43.7275183866279
Provision_PT_737E_Security_Camera,300,4,10391,oas_covariance_ess,0.996511,0.8456402010050251,0.0,0.0,39.12182282968883,43.7275183866279
Provision_PT_737E_Security_Camera,300,4,10391,bartz_hac,0.99651216,0.8457045226130653,0.0,0.0,39.12182282968883,43.7275183866279
Provision_PT_737E_Security_Camera,300,4,10391,shared_marginals,0.99691952,0.855435175879397,0.0,0.0,39.12182282968883,43.7275183866279
Provision_PT_737E_Security_Camera,300,4,10391,collaborative_ess_mean_oas,0.99650748,0.8454974874371859,0.0,0.0,39.12182282968883,43.7275183866279
Provision_PT_737E_Security_Camera,300,4,10391,collaborative_bartz_mean_oas,0.99651588,0.845905527638191,0.0,0.0,39.12182282968883,43.7275183866279
Provision_PT_737E_Security_Camera,300,5,16856,oas_nominal,0.99897876,0.9486814070351759,0.0,0.0,33.270715874978094,59.4964777831336
Provision_PT_737E_Security_Camera,300,5,16856,oas_covariance_ess,0.9993682,0.968251256281407,0.0,0.0,33.270715874978094,59.4964777831336
Provision_PT_737E_Security_Camera,300,5,16856,bartz_hac,0.99941012,0.9703577889447237,0.0,0.0,33.270715874978094,59.4964777831336
Provision_PT_737E_Security_Camera,300,5,16856,shared_marginals,0.99897684,0.9485849246231155,0.0,0.0,33.270715874978094,59.4964777831336
Provision_PT_737E_Security_Camera,300,5,16856,collaborative_ess_mean_oas,0.99936568,0.9681246231155778,0.0,0.0,33.270715874978094,59.4964777831336
Provision_PT_737E_Security_Camera,300,5,16856,collaborative_bartz_mean_oas,0.99943516,0.9716160804020102,0.0,0.0,33.270715874978094,59.4964777831336
Provision_PT_737E_Security_Camera,300,6,2725,oas_nominal,0.99901908,0.9507075376884422,0.0,0.0,34.4112082871445,60.58237383766461
Provision_PT_737E_Security_Camera,300,6,2725,oas_covariance_ess,0.99908328,0.9539336683417086,0.0,0.0,34.4112082871445,60.58237383766461
Provision_PT_737E_Security_Camera,300,6,2725,bartz_hac,0.9990953199999999,0.9545386934673368,0.0,0.0,34.4112082871445,60.58237383766461
Provision_PT_737E_Security_Camera,300,6,2725,shared_marginals,0.9990679600000001,0.9531638190954774,0.0,0.0,34.4112082871445,60.58237383766461
Provision_PT_737E_Security_Camera,300,6,2725,collaborative_ess_mean_oas,0.99912652,0.9561065326633165,0.0,0.0,34.4112082871445,60.58237383766461
Provision_PT_737E_Security_Camera,300,6,2725,collaborative_bartz_mean_oas,0.99911592,0.9555738693467337,0.0,0.0,34.4112082871445,60.58237383766461
Provision_PT_737E_Security_Camera,300,7,30959,oas_nominal,0.8911352399999999,0.6834834170854271,0.0,0.2736,94.16610335875362,86.12265323312323
Provision_PT_737E_Security_Camera,300,7,30959,oas_covariance_ess,0.9102578,0.7073286432160804,0.0,0.1868,94.16610335875362,86.12265323312323
Provision_PT_737E_Security_Camera,300,7,30959,bartz_hac,0.95747272,0.8605427135678392,0.0,0.0,94.16610335875362,86.12265323312323
Provision_PT_737E_Security_Camera,300,7,30959,shared_marginals,0.8990421200000001,0.6853145728643215,0.0,0.2136,94.16610335875362,86.12265323312323
Provision_PT_737E_Security_Camera,300,7,30959,collaborative_ess_mean_oas,0.91085892,0.7076321608040201,0.0,0.1868,94.16610335875362,86.12265323312323
Provision_PT_737E_Security_Camera,300,7,30959,collaborative_bartz_mean_oas,0.9576208000000002,0.8610010050251257,0.0,0.0,94.16610335875362,86.12265323312323
Provision_PT_737E_Security_Camera,1000,0,8977,oas_nominal,0.9952752,0.8309386934673367,0.0652,1.0,98.96616129514767,159.09490654621032
Provision_PT_737E_Security_Camera,1000,0,8977,oas_covariance_ess,0.99924188,0.9619035175879398,0.0636,1.0,98.96616129514767,159.09490654621032
Provision_PT_737E_Security_Camera,1000,0,8977,bartz_hac,0.99914476,0.9570231155778894,0.0584,1.0,98.96616129514767,159.09490654621032
Provision_PT_737E_Security_Camera,1000,0,8977,shared_marginals,0.99532896,0.8334934673366834,0.0644,1.0,98.96616129514767,159.09490654621032
Provision_PT_737E_Security_Camera,1000,0,8977,collaborative_ess_mean_oas,0.99928264,0.9639517587939699,0.063,1.0,98.96616129514767,159.09490654621032
Provision_PT_737E_Security_Camera,1000,0,8977,collaborative_bartz_mean_oas,0.9991501599999999,0.9572944723618091,0.0616,1.0,98.96616129514767,159.09490654621032
Provision_PT_737E_Security_Camera,1000,1,32936,oas_nominal,0.99840124,0.9196603015075377,0.083,1.0,100.39506995287,147.86637151779107
Provision_PT_737E_Security_Camera,1000,1,32936,oas_covariance_ess,0.99867816,0.9335758793969849,0.0762,1.0,100.39506995287,147.86637151779107
Provision_PT_737E_Security_Camera,1000,1,32936,bartz_hac,0.99864448,0.9318834170854271,0.0734,1.0,100.39506995287,147.86637151779107
Provision_PT_737E_Security_Camera,1000,1,32936,shared_marginals,0.99842696,0.9209527638190955,0.0832,1.0,100.39506995287,147.86637151779107
Provision_PT_737E_Security_Camera,1000,1,32936,collaborative_ess_mean_oas,0.99865864,0.9325949748743718,0.0758,1.0,100.39506995287,147.86637151779107
Provision_PT_737E_Security_Camera,1000,1,32936,collaborative_bartz_mean_oas,0.99865456,0.9323899497487438,0.0768,1.0,100.39506995287,147.86637151779107
Provision_PT_737E_Security_Camera,1000,2,32669,oas_nominal,0.99855,0.9271356783919598,0.0914,1.0,103.46080463742264,132.97148635339627
Provision_PT_737E_Security_Camera,1000,2,32669,oas_covariance_ess,0.99870088,0.9347175879396985,0.0798,1.0,103.46080463742264,132.97148635339627
Provision_PT_737E_Security_Camera,1000,2,32669,bartz_hac,0.9987020400000001,0.9347758793969849,0.0814,1.0,103.46080463742264,132.97148635339627
Provision_PT_737E_Security_Camera,1000,2,32669,shared_marginals,0.99842528,0.9208683417085427,0.0922,1.0,103.46080463742264,132.97148635339627
Provision_PT_737E_Security_Camera,1000,2,32669,collaborative_ess_mean_oas,0.99872848,0.9361045226130653,0.0814,1.0,103.46080463742264,132.97148635339627
Provision_PT_737E_Security_Camera,1000,2,32669,collaborative_bartz_mean_oas,0.99872704,0.9360321608040201,0.083,1.0,103.46080463742264,132.97148635339627
Provision_PT_737E_Security_Camera,1000,3,39977,oas_nominal,0.9913620799999999,0.7166572864321608,0.0134,0.6292,102.24050087998334,134.20731684481538
Provision_PT_737E_Security_Camera,1000,3,39977,oas_covariance_ess,0.995392,0.8574231155778895,0.0126,0.7942,102.24050087998334,134.20731684481538
Provision_PT_737E_Security_Camera,1000,3,39977,bartz_hac,0.99531384,0.8537005025125628,0.0132,0.7942,102.24050087998334,134.20731684481538
Provision_PT_737E_Security_Camera,1000,3,39977,shared_marginals,0.9897465999999999,0.6725105527638191,0.0126,0.4936,102.24050087998334,134.20731684481538
Provision_PT_737E_Security_Camera,1000,3,39977,collaborative_ess_mean_oas,0.99555424,0.8612201005025125,0.011,0.7942,102.24050087998334,134.20731684481538
Provision_PT_737E_Security_Camera,1000,3,39977,collaborative_bartz_mean_oas,0.9955509600000001,0.8610613065326633,0.0128,0.7944,102.24050087998334,134.20731684481538
Provision_PT_737E_Security_Camera,1000,4,3352,oas_nominal,0.98633812,0.6610814070351758,0.0648,1.0,103.06225738881452,138.5220741121581
Provision_PT_737E_Security_Camera,1000,4,3352,oas_covariance_ess,0.9953614000000001,0.8784562814070352,0.0626,1.0,103.06225738881452,138.5220741121581
Provision_PT_737E_Security_Camera,1000,4,3352,bartz_hac,0.9952734,0.8760723618090452,0.0638,1.0,103.06225738881452,138.5220741121581
Provision_PT_737E_Security_Camera,1000,4,3352,shared_marginals,0.98595392,0.674132663316583,0.0648,1.0,103.06225738881452,138.5220741121581
Provision_PT_737E_Security_Camera,1000,4,3352,collaborative_ess_mean_oas,0.9954222,0.8794854271356783,0.0626,1.0,103.06225738881452,138.5220741121581
Provision_PT_737E_Security_Camera,1000,4,3352,collaborative_bartz_mean_oas,0.9954246,0.8796060301507538,0.0662,1.0,103.06225738881452,138.5220741121581
Provision_PT_737E_Security_Camera,1000,5,16404,oas_nominal,0.9984937199999999,0.9243075376884422,0.0222,1.0,102.80466230302065,130.25639849284346
Provision_PT_737E_Security_Camera,1000,5,16404,oas_covariance_ess,0.99884604,0.9420120603015075,0.0158,1.0,102.80466230302065,130.25639849284346
Provision_PT_737E_Security_Camera,1000,5,16404,bartz_hac,0.99884284,0.941851256281407,0.0156,1.0,102.80466230302065,130.25639849284346
Provision_PT_737E_Security_Camera,1000,5,16404,shared_marginals,0.99868192,0.9337648241206029,0.0196,1.0,102.80466230302065,130.25639849284346
Provision_PT_737E_Security_Camera,1000,5,16404,collaborative_ess_mean_oas,0.99884792,0.9421065326633165,0.0166,1.0,102.80466230302065,130.25639849284346
Provision_PT_737E_Security_Camera,1000,5,16404,collaborative_bartz_mean_oas,0.9988374,0.9415778894472361,0.0152,1.0,102.80466230302065,130.25639849284346
Provision_PT_737E_Security_Camera,1000,6,33738,oas_nominal,0.99793944,0.896454271356784,0.0404,1.0,107.39117701689891,141.51185259270684
Provision_PT_737E_Security_Camera,1000,6,33738,oas_covariance_ess,0.99968508,0.9841748743718592,0.0286,1.0,107.39117701689891,141.51185259270684
Provision_PT_737E_Security_Camera,1000,6,33738,bartz_hac,0.99968324,0.9840824120603014,0.0314,1.0,107.39117701689891,141.51185259270684
Provision_PT_737E_Security_Camera,1000,6,33738,shared_marginals,0.99834756,0.9169628140703519,0.0378,1.0,107.39117701689891,141.51185259270684
Provision_PT_737E_Security_Camera,1000,6,33738,collaborative_ess_mean_oas,0.99968556,0.9841989949748744,0.029,1.0,107.39117701689891,141.51185259270684
Provision_PT_737E_Security_Camera,1000,6,33738,collaborative_bartz_mean_oas,0.99968556,0.9841989949748744,0.0316,1.0,107.39117701689891,141.51185259270684
Provision_PT_737E_Security_Camera,1000,7,21050,oas_nominal,0.99912404,0.9559819095477387,0.0082,1.0,105.88407221532076,141.48578997442152
Provision_PT_737E_Security_Camera,1000,7,21050,oas_covariance_ess,0.99923168,0.9613909547738694,0.0078,1.0,105.88407221532076,141.48578997442152
Provision_PT_737E_Security_Camera,1000,7,21050,bartz_hac,0.99923308,0.9614613065326633,0.0088,1.0,105.88407221532076,141.48578997442152
Provision_PT_737E_Security_Camera,1000,7,21050,shared_marginals,0.9991564000000001,0.957608040201005,0.0072,1.0,105.88407221532076,141.48578997442152
Provision_PT_737E_Security_Camera,1000,7,21050,collaborative_ess_mean_oas,0.9992302399999999,0.9613185929648241,0.0086,1.0,105.88407221532076,141.48578997442152
Provision_PT_737E_Security_Camera,1000,7,21050,collaborative_bartz_mean_oas,0.99922808,0.9612100502512563,0.0102,1.0,105.88407221532076,141.48578997442152
Provision_PT_838_Security_Camera,30,0,36363,oas_nominal,0.8090984800000001,0.49889447236180906,0.4976,1.0,29.0,29.0
Provision_PT_838_Security_Camera,30,0,36363,oas_covariance_ess,0.8094591200000002,0.49898492462311556,0.5074,1.0,29.0,29.0
Provision_PT_838_Security_Camera,30,0,36363,bartz_hac,0.81228848,0.49956381909547737,0.4208,1.0,29.0,29.0
Provision_PT_838_Security_Camera,30,0,36363,shared_marginals,0.84962956,0.5023678391959799,0.5164,1.0,29.0,29.0
Provision_PT_838_Security_Camera,30,0,36363,collaborative_ess_mean_oas,0.8078730000000002,0.4979678391959799,0.5014,1.0,29.0,29.0
Provision_PT_838_Security_Camera,30,0,36363,collaborative_bartz_mean_oas,0.81085788,0.4988140703517588,0.4108,1.0,29.0,29.0
Provision_PT_838_Security_Camera,30,1,50635,oas_nominal,0.8808501200000001,0.6706733668341708,0.3746,1.0,17.386489038184077,21.552715121633685
Provision_PT_838_Security_Camera,30,1,50635,oas_covariance_ess,0.88551924,0.6800321608040201,0.403,1.0,17.386489038184077,21.552715121633685
Provision_PT_838_Security_Camera,30,1,50635,bartz_hac,0.8914476800000002,0.6886211055276381,0.3522,1.0,17.386489038184077,21.552715121633685
Provision_PT_838_Security_Camera,30,1,50635,shared_marginals,0.89346212,0.639035175879397,0.4698,1.0,17.386489038184077,21.552715121633685
Provision_PT_838_Security_Camera,30,1,50635,collaborative_ess_mean_oas,0.8861729600000001,0.6754693467336683,0.4234,1.0,17.386489038184077,21.552715121633685
Provision_PT_838_Security_Camera,30,1,50635,collaborative_bartz_mean_oas,0.8916123200000001,0.6854472361809045,0.3722,1.0,17.386489038184077,21.552715121633685
Provision_PT_838_Security_Camera,30,2,8099,oas_nominal,0.92576624,0.7390994974874372,0.2872,1.0,16.636906894402966,21.07809493810514
Provision_PT_838_Security_Camera,30,2,8099,oas_covariance_ess,0.9285657199999999,0.7488482412060301,0.282,1.0,16.636906894402966,21.07809493810514
Provision_PT_838_Security_Camera,30,2,8099,bartz_hac,0.94158688,0.8084381909547739,0.2902,1.0,16.636906894402966,21.07809493810514
Provision_PT_838_Security_Camera,30,2,8099,shared_marginals,0.93644116,0.7627417085427136,0.2904,1.0,16.636906894402966,21.07809493810514
Provision_PT_838_Security_Camera,30,2,8099,collaborative_ess_mean_oas,0.9398618,0.7969246231155779,0.2838,1.0,16.636906894402966,21.07809493810514
Provision_PT_838_Security_Camera,30,2,8099,collaborative_bartz_mean_oas,0.9451614400000001,0.846243216080402,0.2916,1.0,16.636906894402966,21.07809493810514
Provision_PT_838_Security_Camera,30,3,8222,oas_nominal,0.8411871999999998,0.6489467336683417,0.3296,1.0,20.316622401349782,23.926720153454067
Provision_PT_838_Security_Camera,30,3,8222,oas_covariance_ess,0.8444402799999999,0.6544582914572864,0.3188,1.0,20.316622401349782,23.926720153454067
Provision_PT_838_Security_Camera,30,3,8222,bartz_hac,0.85792024,0.6789708542713567,0.3172,1.0,20.316622401349782,23.926720153454067
Provision_PT_838_Security_Camera,30,3,8222,shared_marginals,0.8508991199999999,0.6353809045226131,0.3696,1.0,20.316622401349782,23.926720153454067
Provision_PT_838_Security_Camera,30,3,8222,collaborative_ess_mean_oas,0.84454696,0.6543015075376885,0.3194,1.0,20.316622401349782,23.926720153454067
Provision_PT_838_Security_Camera,30,3,8222,collaborative_bartz_mean_oas,0.8569714,0.6771778894472362,0.318,1.0,20.316622401349782,23.926720153454067
Provision_PT_838_Security_Camera,30,4,4372,oas_nominal,0.99924536,0.9636984924623115,0.0012,0.8486,9.039614312479506,12.666048141168675
Provision_PT_838_Security_Camera,30,4,4372,oas_covariance_ess,0.9993827200000001,0.9705266331658291,0.0,0.021,9.039614312479506,12.666048141168675
Provision_PT_838_Security_Camera,30,4,4372,bartz_hac,0.99936784,0.9697668341708543,0.0,0.0,9.039614312479506,12.666048141168675
Provision_PT_838_Security_Camera,30,4,4372,shared_marginals,0.99952292,0.9760261306532664,0.001,0.9828,9.039614312479506,12.666048141168675
Provision_PT_838_Security_Camera,30,4,4372,collaborative_ess_mean_oas,0.99937916,0.9703015075376884,0.0016,0.9662,9.039614312479506,12.666048141168675
Provision_PT_838_Security_Camera,30,4,4372,collaborative_bartz_mean_oas,0.9993381600000001,0.9682914572864321,0.0014,0.9384,9.039614312479506,12.666048141168675
Provision_PT_838_Security_Camera,30,5,4354,oas_nominal,0.9999235599999999,0.9966211055276382,0.0,0.0,6.197228215934392,13.210247245491171
Provision_PT_838_Security_Camera,30,5,4354,oas_covariance_ess,0.99993524,0.9972261306532664,0.0,0.0,6.197228215934392,13.210247245491171
Provision_PT_838_Security_Camera,30,5,4354,bartz_hac,0.99994068,0.997505527638191,0.0,0.0,6.197228215934392,13.210247245491171
Provision_PT_838_Security_Camera,30,5,4354,shared_marginals,0.99989564,0.9947678391959798,0.0,0.0,6.197228215934392,13.210247245491171
Provision_PT_838_Security_Camera,30,5,4354,collaborative_ess_mean_oas,0.99994184,0.997513567839196,0.0,0.0,6.197228215934392,13.210247245491171
Provision_PT_838_Security_Camera,30,5,4354,collaborative_bartz_mean_oas,0.99995528,0.9982371859296483,0.0,0.0,6.197228215934392,13.210247245491171
Provision_PT_838_Security_Camera,30,6,44158,oas_nominal,0.99915816,0.9578592964824121,0.0,0.0,7.426529239281539,14.383033846685866
Provision_PT_838_Security_Camera,30,6,44158,oas_covariance_ess,0.99929952,0.9649768844221107,0.0,0.0,7.426529239281539,14.383033846685866
Provision_PT_838_Security_Camera,30,6,44158,bartz_hac,0.9994129199999999,0.9707919597989949,0.0,0.0,7.426529239281539,14.383033846685866
Provision_PT_838_Security_Camera,30,6,44158,shared_marginals,0.9996136400000001,0.9805849246231155,0.0024,1.0,7.426529239281539,14.383033846685866
Provision_PT_838_Security_Camera,30,6,44158,collaborative_ess_mean_oas,0.9994124,0.9706331658291458,0.0,0.0,7.426529239281539,14.383033846685866
Provision_PT_838_Security_Camera,30,6,44158,collaborative_bartz_mean_oas,0.99923704,0.9618150753768845,0.0,0.0,7.426529239281539,14.383033846685866
Provision_PT_838_Security_Camera,30,7,428,oas_nominal,0.9948424,0.8726834170854272,0.0,0.0,7.322696106945769,22.071579650046143
Provision_PT_838_Security_Camera,30,7,428,oas_covariance_ess,0.9950786,0.8785447236180906,0.0,0.0,7.322696106945769,22.071579650046143
Provision_PT_838_Security_Camera,30,7,428,bartz_hac,0.9948594399999999,0.8731095477386934,0.0,0.3488,7.322696106945769,22.071579650046143
Provision_PT_838_Security_Camera,30,7,428,shared_marginals,0.9995801999999999,0.9790030150753769,0.0,0.6718,7.322696106945769,22.071579650046143
Provision_PT_838_Security_Camera,30,7,428,collaborative_ess_mean_oas,0.99973048,0.9933346733668342,0.0,0.0,7.322696106945769,22.071579650046143
Provision_PT_838_Security_Camera,30,7,428,collaborative_bartz_mean_oas,0.99958856,0.9875155778894473,0.0,0.0,7.322696106945769,22.071579650046143
Provision_PT_838_Security_Camera,100,0,60932,oas_nominal,0.89396108,0.6999899497487437,0.191,0.7794,41.918742548920676,67.24312380960879
Provision_PT_838_Security_Camera,100,0,60932,oas_covariance_ess,0.90004032,0.7000683417085427,0.2016,0.7972,41.918742548920676,67.24312380960879
Provision_PT_838_Security_Camera,100,0,60932,bartz_hac,0.92925568,0.7002653266331659,0.0694,0.6582,41.918742548920676,67.24312380960879
Provision_PT_838_Security_Camera,100,0,60932,shared_marginals,0.91481192,0.699867336683417,0.1352,0.7478,41.918742548920676,67.24312380960879
Provision_PT_838_Security_Camera,100,0,60932,collaborative_ess_mean_oas,0.9165337199999999,0.7001045226130653,0.1868,0.7972,41.918742548920676,67.24312380960879
Provision_PT_838_Security_Camera,100,0,60932,collaborative_bartz_mean_oas,0.9395614799999998,0.7387819095477387,0.0164,0.607,41.918742548920676,67.24312380960879
Provision_PT_838_Security_Camera,100,1,46430,oas_nominal,0.9684896799999999,0.6782211055276381,0.0,0.2804,34.47041244571122,36.017816076241616
Provision_PT_838_Security_Camera,100,1,46430,oas_covariance_ess,0.97381024,0.6845587939698492,0.0,0.0,34.47041244571122,36.017816076241616
Provision_PT_838_Security_Camera,100,1,46430,bartz_hac,0.9780707599999999,0.6869949748743719,0.0,0.0,34.47041244571122,36.017816076241616
Provision_PT_838_Security_Camera,100,1,46430,shared_marginals,0.9701134,0.6939678391959799,0.0,0.2308,34.47041244571122,36.017816076241616
Provision_PT_838_Security_Camera,100,1,46430,collaborative_ess_mean_oas,0.97171356,0.6880723618090452,0.0,0.0,34.47041244571122,36.017816076241616
Provision_PT_838_Security_Camera,100,1,46430,collaborative_bartz_mean_oas,0.97813948,0.6861045226130653,0.0,0.0,34.47041244571122,36.017816076241616
Provision_PT_838_Security_Camera,100,2,50212,oas_nominal,0.9988358,0.941497487437186,0.0,0.0,15.678469935012393,24.052312668292636
Provision_PT_838_Security_Camera,100,2,50212,oas_covariance_ess,0.99922156,0.9608824120603014,0.0,0.0,15.678469935012393,24.052312668292636
Provision_PT_838_Security_Camera,100,2,50212,bartz_hac,0.9992286,0.9612361809045227,0.0,0.0,15.678469935012393,24.052312668292636
Provision_PT_838_Security_Camera,100,2,50212,shared_marginals,0.9989588399999999,0.9476804020100502,0.004,1.0,15.678469935012393,24.052312668292636
Provision_PT_838_Security_Camera,100,2,50212,collaborative_ess_mean_oas,0.99922004,0.9608060301507537,0.0,0.0,15.678469935012393,24.052312668292636
Provision_PT_838_Security_Camera,100,2,50212,collaborative_bartz_mean_oas,0.99892508,0.94598391959799,0.0,0.0,15.678469935012393,24.052312668292636
Provision_PT_838_Security_Camera,100,3,1204,oas_nominal,0.99958748,0.979270351758794,0.0,0.5846,19.092633251500512,37.00172441369244
Provision_PT_838_Security_Camera,100,3,1204,oas_covariance_ess,0.9997398799999999,0.9869286432160804,0.0,0.2974,19.092633251500512,37.00172441369244
Provision_PT_838_Security_Camera,100,3,1204,bartz_hac,0.99972076,0.9859678391959799,0.0,0.142,19.092633251500512,37.00172441369244
Provision_PT_838_Security_Camera,100,3,1204,shared_marginals,0.99966948,0.9833909547738694,0.0004,0.609,19.092633251500512,37.00172441369244
Provision_PT_838_Security_Camera,100,3,1204,collaborative_ess_mean_oas,0.9997254400000001,0.9862030150753769,0.0004,0.6862,19.092633251500512,37.00172441369244
Provision_PT_838_Security_Camera,100,3,1204,collaborative_bartz_mean_oas,0.99973224,0.9865447236180904,0.0008,0.9674,19.092633251500512,37.00172441369244
Provision_PT_838_Security_Camera,100,4,37709,oas_nominal,0.9985782000000001,0.9286592964824121,0.0002,0.2248,21.98064986707771,24.50035841749905
Provision_PT_838_Security_Camera,100,4,37709,oas_covariance_ess,0.9989498400000001,0.947608040201005,0.0,0.0,21.98064986707771,24.50035841749905
Provision_PT_838_Security_Camera,100,4,37709,bartz_hac,0.9990827999999999,0.9545346733668343,0.0,0.2096,21.98064986707771,24.50035841749905
Provision_PT_838_Security_Camera,100,4,37709,shared_marginals,0.99909972,0.9549447236180906,0.0002,0.2862,21.98064986707771,24.50035841749905
Provision_PT_838_Security_Camera,100,4,37709,collaborative_ess_mean_oas,0.9993228,0.9662070351758794,0.0,0.0002,21.98064986707771,24.50035841749905
Provision_PT_838_Security_Camera,100,4,37709,collaborative_bartz_mean_oas,0.99945744,0.9733045226130654,0.0,0.1926,21.98064986707771,24.50035841749905
Provision_PT_838_Security_Camera,100,5,9307,oas_nominal,0.99882156,0.941772864321608,0.75,1.0,16.870255797052078,37.24082334609923
Provision_PT_838_Security_Camera,100,5,9307,oas_covariance_ess,0.9988919599999999,0.9450753768844222,0.673,1.0,16.870255797052078,37.24082334609923
Provision_PT_838_Security_Camera,100,5,9307,bartz_hac,0.99886972,0.944078391959799,0.7068,1.0,16.870255797052078,37.24082334609923
Provision_PT_838_Security_Camera,100,5,9307,shared_marginals,0.99903164,0.9513386934673367,0.6126,1.0,16.870255797052078,37.24082334609923
Provision_PT_838_Security_Camera,100,5,9307,collaborative_ess_mean_oas,0.9988206,0.9415497487437186,0.6902,1.0,16.870255797052078,37.24082334609923
Provision_PT_838_Security_Camera,100,5,9307,collaborative_bartz_mean_oas,0.9988357999999999,0.9421346733668341,0.7274,1.0,16.870255797052078,37.24082334609923
Provision_PT_838_Security_Camera,100,6,21654,oas_nominal,0.99952344,0.9760522613065328,0.0,0.0,14.423252504734162,31.397041377120566
Provision_PT_838_Security_Camera,100,6,21654,oas_covariance_ess,0.9995871199999999,0.9792522613065326,0.0,0.0,14.423252504734162,31.397041377120566
Provision_PT_838_Security_Camera,100,6,21654,bartz_hac,0.99954712,0.9772422110552764,0.0,0.0,14.423252504734162,31.397041377120566
Provision_PT_838_Security_Camera,100,6,21654,shared_marginals,0.99962328,0.9810693467336684,0.0,0.0,14.423252504734162,31.397041377120566
Provision_PT_838_Security_Camera,100,6,21654,collaborative_ess_mean_oas,0.99964656,0.9822391959798995,0.0,0.0,14.423252504734162,31.397041377120566
Provision_PT_838_Security_Camera,100,6,21654,collaborative_bartz_mean_oas,0.99964588,0.982205025125628,0.0,0.0,14.423252504734162,31.397041377120566
Provision_PT_838_Security_Camera,100,7,26953,oas_nominal,0.9992502,0.9625829145728644,0.7266,1.0,15.59184654344489,41.4784678853438
Provision_PT_838_Security_Camera,100,7,26953,oas_covariance_ess,0.99924976,0.9625628140703518,0.7248,1.0,15.59184654344489,41.4784678853438
Provision_PT_838_Security_Camera,100,7,26953,bartz_hac,0.99924612,0.9623798994974875,0.7456,1.0,15.59184654344489,41.4784678853438
Provision_PT_838_Security_Camera,100,7,26953,shared_marginals,0.999025,0.9510050251256281,0.509,1.0,15.59184654344489,41.4784678853438
Provision_PT_838_Security_Camera,100,7,26953,collaborative_ess_mean_oas,0.99922532,0.9613366834170854,0.7706,1.0,15.59184654344489,41.4784678853438
Provision_PT_838_Security_Camera,100,7,26953,collaborative_bartz_mean_oas,0.99922636,0.961388944723618,0.7836,1.0,15.59184654344489,41.4784678853438
Provision_PT_838_Security_Camera,300,0,17716,oas_nominal,0.99813312,0.9062311557788945,0.0,0.0002,47.21291129221745,74.2847541332629
Provision_PT_838_Security_Camera,300,0,17716,oas_covariance_ess,0.9993055200000001,0.9651015075376884,0.0,0.076,47.21291129221745,74.2847541332629
Provision_PT_838_Security_Camera,300,0,17716,bartz_hac,0.99931096,0.9653748743718593,0.0006,0.6844,47.21291129221745,74.2847541332629
Provision_PT_838_Security_Camera,300,0,17716,shared_marginals,0.9986313600000001,0.9312281407035177,0.0,0.0418,47.21291129221745,74.2847541332629
Provision_PT_838_Security_Camera,300,0,17716,collaborative_ess_mean_oas,0.99934472,0.9670713567839196,0.0002,0.2848,47.21291129221745,74.2847541332629
Provision_PT_838_Security_Camera,300,0,17716,collaborative_bartz_mean_oas,0.9993508799999999,0.9673809045226132,0.0006,0.6832,47.21291129221745,74.2847541332629
Provision_PT_838_Security_Camera,300,1,3030,oas_nominal,0.83268384,0.6112040201005025,0.412,1.0,129.09741616766084,156.4307168860475
Provision_PT_838_Security_Camera,300,1,3030,oas_covariance_ess,0.8401634000000001,0.62158391959799,0.4482,1.0,129.09741616766084,156.4307168860475
Provision_PT_838_Security_Camera,300,1,3030,bartz_hac,0.86742224,0.6744924623115578,0.4544,1.0,129.09741616766084,156.4307168860475
Provision_PT_838_Security_Camera,300,1,3030,shared_marginals,0.82965868,0.5992884422110553,0.3924,1.0,129.09741616766084,156.4307168860475
Provision_PT_838_Security_Camera,300,1,3030,collaborative_ess_mean_oas,0.8402321600000001,0.6218693467336683,0.4492,1.0,129.09741616766084,156.4307168860475
Provision_PT_838_Security_Camera,300,1,3030,collaborative_bartz_mean_oas,0.8672469600000001,0.6744381909547739,0.4546,1.0,129.09741616766084,156.4307168860475
Provision_PT_838_Security_Camera,300,2,1916,oas_nominal,0.9992636,0.9629949748743718,0.0148,1.0,43.65509240126129,82.7503426430767
Provision_PT_838_Security_Camera,300,2,1916,oas_covariance_ess,0.99935272,0.9674733668341708,0.0198,1.0,43.65509240126129,82.7503426430767
Provision_PT_838_Security_Camera,300,2,1916,bartz_hac,0.99935352,0.967513567839196,0.023,1.0,43.65509240126129,82.7503426430767
Provision_PT_838_Security_Camera,300,2,1916,shared_marginals,0.9992402800000001,0.9618231155778895,0.0238,1.0,43.65509240126129,82.7503426430767
Provision_PT_838_Security_Camera,300,2,1916,collaborative_ess_mean_oas,0.9993544799999999,0.9675618090452262,0.0232,1.0,43.65509240126129,82.7503426430767
Provision_PT_838_Security_Camera,300,2,1916,collaborative_bartz_mean_oas,0.99935376,0.9675256281407034,0.0342,1.0,43.65509240126129,82.7503426430767
Provision_PT_838_Security_Camera,300,3,14624,oas_nominal,0.8731145199999999,0.7002472361809046,0.3684,1.0,139.34477381017462,166.22124608551056
Provision_PT_838_Security_Camera,300,3,14624,oas_covariance_ess,0.8775063200000001,0.7001929648241206,0.3828,1.0,139.34477381017462,166.22124608551056
Provision_PT_838_Security_Camera,300,3,14624,bartz_hac,0.8915979600000001,0.7004341708542714,0.45,1.0,139.34477381017462,166.22124608551056
Provision_PT_838_Security_Camera,300,3,14624,shared_marginals,0.8797865599999999,0.698705527638191,0.363,1.0,139.34477381017462,166.22124608551056
Provision_PT_838_Security_Camera,300,3,14624,collaborative_ess_mean_oas,0.8775893600000001,0.7002190954773869,0.383,1.0,139.34477381017462,166.22124608551056
Provision_PT_838_Security_Camera,300,3,14624,collaborative_bartz_mean_oas,0.89163892,0.7004482412060301,0.45,1.0,139.34477381017462,166.22124608551056
Provision_PT_838_Security_Camera,300,4,17301,oas_nominal,0.99431868,0.8744060301507537,0.0,0.0,37.93984744613784,63.64909811733547
Provision_PT_838_Security_Camera,300,4,17301,oas_covariance_ess,0.999099,0.9548060301507537,0.0,0.0,37.93984744613784,63.64909811733547
Provision_PT_838_Security_Camera,300,4,17301,bartz_hac,0.99754692,0.8848,0.0,0.0,37.93984744613784,63.64909811733547
Provision_PT_838_Security_Camera,300,4,17301,shared_marginals,0.99527016,0.8783658291457286,0.0,0.0,37.93984744613784,63.64909811733547
Provision_PT_838_Security_Camera,300,4,17301,collaborative_ess_mean_oas,0.99945928,0.9728281407035175,0.0,0.0,37.93984744613784,63.64909811733547
Provision_PT_838_Security_Camera,300,4,17301,collaborative_bartz_mean_oas,0.9994194,0.9708241206030152,0.0,0.0,37.93984744613784,63.64909811733547
Provision_PT_838_Security_Camera,300,5,30611,oas_nominal,0.8064089200000001,0.8662854271356784,0.0,0.0,38.60988510740522,73.9589368442734
Provision_PT_838_Security_Camera,300,5,30611,oas_covariance_ess,0.92975872,0.8858572864321608,0.0,0.0,38.60988510740522,73.9589368442734
Provision_PT_838_Security_Camera,300,5,30611,bartz_hac,0.8515018,0.8800924623115578,0.0,0.0,38.60988510740522,73.9589368442734
Provision_PT_838_Security_Camera,300,5,30611,shared_marginals,0.98561204,0.8926753768844221,0.0,0.0,38.60988510740522,73.9589368442734
Provision_PT_838_Security_Camera,300,5,30611,collaborative_ess_mean_oas,0.98523404,0.8943356783919598,0.0,0.0,38.60988510740522,73.9589368442734
Provision_PT_838_Security_Camera,300,5,30611,collaborative_bartz_mean_oas,0.98053876,0.8936723618090452,0.0,0.0,38.60988510740522,73.9589368442734
Provision_PT_838_Security_Camera,300,6,47508,oas_nominal,0.99878696,0.939043216080402,0.015,1.0,44.79548662545687,83.13424010118261
Provision_PT_838_Security_Camera,300,6,47508,oas_covariance_ess,0.999236,0.9616080402010051,0.01,1.0,44.79548662545687,83.13424010118261
Provision_PT_838_Security_Camera,300,6,47508,bartz_hac,0.9991082,0.9551859296482412,0.01,1.0,44.79548662545687,83.13424010118261
Provision_PT_838_Security_Camera,300,6,47508,shared_marginals,0.9989608,0.9477788944723617,0.0162,1.0,44.79548662545687,83.13424010118261
Provision_PT_838_Security_Camera,300,6,47508,collaborative_ess_mean_oas,0.99919004,0.9592984924623116,0.01,1.0,44.79548662545687,83.13424010118261
Provision_PT_838_Security_Camera,300,6,47508,collaborative_bartz_mean_oas,0.9990334399999999,0.9514291457286432,0.0124,1.0,44.79548662545687,83.13424010118261
Provision_PT_838_Security_Camera,300,7,52501,oas_nominal,0.99850736,0.9249929648241206,0.0,0.0,53.36674453450409,54.575303856891374
Provision_PT_838_Security_Camera,300,7,52501,oas_covariance_ess,0.99928932,0.9642874371859296,0.0,0.0,53.36674453450409,54.575303856891374
Provision_PT_838_Security_Camera,300,7,52501,bartz_hac,0.9996887600000001,0.9843597989949748,0.0,0.0,53.36674453450409,54.575303856891374
Provision_PT_838_Security_Camera,300,7,52501,shared_marginals,0.9989638,0.947929648241206,0.0,0.0,53.36674453450409,54.575303856891374
Provision_PT_838_Security_Camera,300,7,52501,collaborative_ess_mean_oas,0.99932936,0.9662994974874373,0.0,0.0,53.36674453450409,54.575303856891374
Provision_PT_838_Security_Camera,300,7,52501,collaborative_bartz_mean_oas,0.99972852,0.9863577889447237,0.0,0.0,53.36674453450409,54.575303856891374
Provision_PT_838_Security_Camera,1000,0,52366,oas_nominal,0.9971555599999999,0.8575597989949748,0.0528,1.0,117.39777916641549,255.36335526524496
Provision_PT_838_Security_Camera,1000,0,52366,oas_covariance_ess,0.9987828,0.9388341708542713,0.0526,1.0,117.39777916641549,255.36335526524496
Provision_PT_838_Security_Camera,1000,0,52366,bartz_hac,0.9982862,0.9138793969849246,0.0508,1.0,117.39777916641549,255.36335526524496
Provision_PT_838_Security_Camera,1000,0,52366,shared_marginals,0.99771224,0.8850492462311558,0.0506,1.0,117.39777916641549,255.36335526524496
Provision_PT_838_Security_Camera,1000,0,52366,collaborative_ess_mean_oas,0.99887396,0.9434150753768844,0.0564,1.0,117.39777916641549,255.36335526524496
Provision_PT_838_Security_Camera,1000,0,52366,collaborative_bartz_mean_oas,0.99865936,0.9326311557788944,0.0584,1.0,117.39777916641549,255.36335526524496
Provision_PT_838_Security_Camera,1000,1,28649,oas_nominal,0.99963288,0.9815517587939698,0.0312,1.0,119.56190858519217,192.6131286251968
Provision_PT_838_Security_Camera,1000,1,28649,oas_covariance_ess,0.99985728,0.9928281407035177,0.012,1.0,119.56190858519217,192.6131286251968
Provision_PT_838_Security_Camera,1000,1,28649,bartz_hac,0.999857,0.9928140703517588,0.0282,1.0,119.56190858519217,192.6131286251968
Provision_PT_838_Security_Camera,1000,1,28649,shared_marginals,0.9997727599999999,0.988580904522613,0.0282,1.0,119.56190858519217,192.6131286251968
Provision_PT_838_Security_Camera,1000,1,28649,collaborative_ess_mean_oas,0.99985596,0.9927618090452262,0.0122,1.0,119.56190858519217,192.6131286251968
Provision_PT_838_Security_Camera,1000,1,28649,collaborative_bartz_mean_oas,0.99985588,0.9927577889447237,0.0264,1.0,119.56190858519217,192.6131286251968
Provision_PT_838_Security_Camera,1000,2,59121,oas_nominal,0.99804176,0.9016422110552764,0.0416,1.0,116.36374520603047,277.2831860177676
Provision_PT_838_Security_Camera,1000,2,59121,oas_covariance_ess,0.9988489199999999,0.9421567839195979,0.0388,1.0,116.36374520603047,277.2831860177676
Provision_PT_838_Security_Camera,1000,2,59121,bartz_hac,0.9986274,0.9310251256281408,0.0398,1.0,116.36374520603047,277.2831860177676
Provision_PT_838_Security_Camera,1000,2,59121,shared_marginals,0.99841148,0.9201748743718594,0.04,1.0,116.36374520603047,277.2831860177676
Provision_PT_838_Security_Camera,1000,2,59121,collaborative_ess_mean_oas,0.9988584,0.9426331658291457,0.0422,1.0,116.36374520603047,277.2831860177676
Provision_PT_838_Security_Camera,1000,2,59121,collaborative_bartz_mean_oas,0.99872052,0.9357045226130654,0.0436,1.0,116.36374520603047,277.2831860177676
Provision_PT_838_Security_Camera,1000,3,19852,oas_nominal,0.99922,0.9608040201005026,0.0256,1.0,121.48164594610397,170.5543871170711
Provision_PT_838_Security_Camera,1000,3,19852,oas_covariance_ess,0.99987544,0.993740703517588,0.007,1.0,121.48164594610397,170.5543871170711
Provision_PT_838_Security_Camera,1000,3,19852,bartz_hac,0.99988024,0.9939819095477387,0.0136,1.0,121.48164594610397,170.5543871170711
Provision_PT_838_Security_Camera,1000,3,19852,shared_marginals,0.9993518,0.9674271356783919,0.023,1.0,121.48164594610397,170.5543871170711
Provision_PT_838_Security_Camera,1000,3,19852,collaborative_ess_mean_oas,0.9998782399999999,0.9938814070351758,0.0072,1.0,121.48164594610397,170.5543871170711
Provision_PT_838_Security_Camera,1000,3,19852,collaborative_bartz_mean_oas,0.99988472,0.9942070351758794,0.0128,1.0,121.48164594610397,170.5543871170711
Provision_PT_838_Security_Camera,1000,4,20522,oas_nominal,0.9988885200000001,0.9441467336683418,0.033,1.0,122.39498333168116,174.9090141942319
Provision_PT_838_Security_Camera,1000,4,20522,oas_covariance_ess,0.99931236,0.9654452261306532,0.0104,1.0,122.39498333168116,174.9090141942319
Provision_PT_838_Security_Camera,1000,4,20522,bartz_hac,0.99931844,0.9657507537688442,0.0102,1.0,122.39498333168116,174.9090141942319
Provision_PT_838_Security_Camera,1000,4,20522,shared_marginals,0.99903832,0.9516743718592964,0.025,1.0,122.39498333168116,174.9090141942319
Provision_PT_838_Security_Camera,1000,4,20522,collaborative_ess_mean_oas,0.99931648,0.9656522613065326,0.0112,1.0,122.39498333168116,174.9090141942319
Provision_PT_838_Security_Camera,1000,4,20522,collaborative_bartz_mean_oas,0.99936464,0.9680723618090452,0.0108,1.0,122.39498333168116,174.9090141942319
Provision_PT_838_Security_Camera,1000,5,50865,oas_nominal,0.9971523999999999,0.8579698492462311,0.186,1.0,109.96890619214598,295.23903590075207
Provision_PT_838_Security_Camera,1000,5,50865,oas_covariance_ess,0.99902996,0.9512542713567838,0.181,1.0,109.96890619214598,295.23903590075207
Provision_PT_838_Security_Camera,1000,5,50865,bartz_hac,0.9982701599999999,0.9130814070351759,0.1826,1.0,109.96890619214598,295.23903590075207
Provision_PT_838_Security_Camera,1000,5,50865,shared_marginals,0.9979117599999999,0.895591959798995,0.1946,1.0,109.96890619214598,295.23903590075207
Provision_PT_838_Security_Camera,1000,5,50865,collaborative_ess_mean_oas,0.99916272,0.9579256281407036,0.1874,1.0,109.96890619214598,295.23903590075207
Provision_PT_838_Security_Camera,1000,5,50865,collaborative_bartz_mean_oas,0.9986340800000001,0.9313608040201005,0.193,1.0,109.96890619214598,295.23903590075207
Provision_PT_838_Security_Camera,1000,6,9756,oas_nominal,0.9986132,0.9303236180904523,0.006,0.999,118.30762875590663,170.062150437945
Provision_PT_838_Security_Camera,1000,6,9756,oas_covariance_ess,0.99988708,0.9943256281407035,0.0102,1.0,118.30762875590663,170.062150437945
Provision_PT_838_Security_Camera,1000,6,9756,bartz_hac,0.99988736,0.9943396984924624,0.0062,0.9998,118.30762875590663,170.062150437945
Provision_PT_838_Security_Camera,1000,6,9756,shared_marginals,0.99930056,0.9649206030150754,0.0036,0.999,118.30762875590663,170.062150437945
Provision_PT_838_Security_Camera,1000,6,9756,collaborative_ess_mean_oas,0.99988824,0.99438391959799,0.0116,1.0,118.30762875590663,170.062150437945
Provision_PT_838_Security_Camera,1000,6,9756,collaborative_bartz_mean_oas,0.9998890399999999,0.9944241206030151,0.0098,1.0,118.30762875590663,170.062150437945
Provision_PT_838_Security_Camera,1000,7,21233,oas_nominal,0.99895228,0.9473989949748745,0.037,1.0,126.50843195405542,184.07545794431883
Provision_PT_838_Security_Camera,1000,7,21233,oas_covariance_ess,0.99975824,0.987851256281407,0.0204,1.0,126.50843195405542,184.07545794431883
Provision_PT_838_Security_Camera,1000,7,21233,bartz_hac,0.9997585600000001,0.987867336683417,0.0324,1.0,126.50843195405542,184.07545794431883
Provision_PT_838_Security_Camera,1000,7,21233,shared_marginals,0.99926536,0.9630834170854272,0.0332,1.0,126.50843195405542,184.07545794431883
Provision_PT_838_Security_Camera,1000,7,21233,collaborative_ess_mean_oas,0.9997992,0.9899095477386934,0.0202,1.0,126.50843195405542,184.07545794431883
Provision_PT_838_Security_Camera,1000,7,21233,collaborative_bartz_mean_oas,0.99980404,0.9901527638190954,0.0316,1.0,126.50843195405542,184.07545794431883
Samsung_SNH_1011_N_Webcam,30,0,21793,oas_nominal,0.99918868,0.9592301507537688,0.0126,1.0,29.0,29.0
Samsung_SNH_1011_N_Webcam,30,0,21793,oas_covariance_ess,0.99918864,0.9592281407035176,0.0134,1.0,29.0,29.0
Samsung_SNH_1011_N_Webcam,30,0,21793,bartz_hac,0.99918892,0.9592422110552763,0.0348,1.0,29.0,29.0
Samsung_SNH_1011_N_Webcam,30,0,21793,shared_marginals,0.99927168,0.9634010050251256,0.0452,1.0,29.0,29.0
Samsung_SNH_1011_N_Webcam,30,0,21793,collaborative_ess_mean_oas,0.9991884,0.9592160804020101,0.0136,1.0,29.0,29.0
Samsung_SNH_1011_N_Webcam,30,0,21793,collaborative_bartz_mean_oas,0.9991882,0.9592060301507538,0.0218,1.0,29.0,29.0
Samsung_SNH_1011_N_Webcam,30,1,28810,oas_nominal,0.9999111199999999,0.9955336683417084,0.1222,1.0,29.0,29.0
Samsung_SNH_1011_N_Webcam,30,1,28810,oas_covariance_ess,0.99991108,0.9955316582914573,0.124,1.0,29.0,29.0
Samsung_SNH_1011_N_Webcam,30,1,28810,bartz_hac,0.9999114,0.9955477386934674,0.185,1.0,29.0,29.0
Samsung_SNH_1011_N_Webcam,30,1,28810,shared_marginals,0.99956276,0.9780281407035176,0.1204,1.0,29.0,29.0
Samsung_SNH_1011_N_Webcam,30,1,28810,collaborative_ess_mean_oas,0.9999101199999999,0.9954834170854271,0.1274,1.0,29.0,29.0
Samsung_SNH_1011_N_Webcam,30,1,28810,collaborative_bartz_mean_oas,0.99990996,0.995475376884422,0.164,1.0,29.0,29.0
Samsung_SNH_1011_N_Webcam,30,2,24023,oas_nominal,0.99924568,0.962094472361809,0.0136,1.0,29.0,29.0
Samsung_SNH_1011_N_Webcam,30,2,24023,oas_covariance_ess,0.9992458,0.9621005025125628,0.014,1.0,29.0,29.0
Samsung_SNH_1011_N_Webcam,30,2,24023,bartz_hac,0.99924584,0.962102512562814,0.0116,1.0,29.0,29.0
Samsung_SNH_1011_N_Webcam,30,2,24023,shared_marginals,0.99907252,0.9533929648241206,0.0312,1.0,29.0,29.0
Samsung_SNH_1011_N_Webcam,30,2,24023,collaborative_ess_mean_oas,0.99923608,0.9616120603015076,0.0144,1.0,29.0,29.0
Samsung_SNH_1011_N_Webcam,30,2,24023,collaborative_bartz_mean_oas,0.99922736,0.9611738693467337,0.0112,1.0,29.0,29.0
Samsung_SNH_1011_N_Webcam,30,3,31897,oas_nominal,0.97727556,0.8009788944723618,0.0044,0.6054,29.0,29.0
Samsung_SNH_1011_N_Webcam,30,3,31897,oas_covariance_ess,0.97727584,0.8009929648241205,0.0044,0.6054,29.0,29.0
Samsung_SNH_1011_N_Webcam,30,3,31897,bartz_hac,0.97735692,0.801105527638191,0.004,0.6054,29.0,29.0
Samsung_SNH_1011_N_Webcam,30,3,31897,shared_marginals,0.98484644,0.8010914572864322,0.0044,0.6056,29.0,29.0
Samsung_SNH_1011_N_Webcam,30,3,31897,collaborative_ess_mean_oas,0.98374744,0.8013306532663316,0.004,0.6054,29.0,29.0
Samsung_SNH_1011_N_Webcam,30,3,31897,collaborative_bartz_mean_oas,0.9839060000000001,0.8013748743718593,0.0008,0.6052,29.0,29.0
Samsung_SNH_1011_N_Webcam,30,4,23152,oas_nominal,0.99927404,0.9635195979899498,0.555,1.0,29.0,29.0
Samsung_SNH_1011_N_Webcam,30,4,23152,oas_covariance_ess,0.99927404,0.9635195979899498,0.5486,1.0,29.0,29.0
Samsung_SNH_1011_N_Webcam,30,4,23152,bartz_hac,0.99927432,0.9635336683417086,0.6188,1.0,29.0,29.0
Samsung_SNH_1011_N_Webcam,30,4,23152,shared_marginals,0.99942552,0.9711316582914573,0.5056,1.0,29.0,29.0
Samsung_SNH_1011_N_Webcam,30,4,23152,collaborative_ess_mean_oas,0.99927396,0.9635155778894472,0.5352,1.0,29.0,29.0
Samsung_SNH_1011_N_Webcam,30,4,23152,collaborative_bartz_mean_oas,0.99927368,0.9635015075376885,0.6228,1.0,29.0,29.0
Samsung_SNH_1011_N_Webcam,30,5,19966,oas_nominal,0.999509,0.9753266331658291,0.0128,1.0,29.0,29.0
Samsung_SNH_1011_N_Webcam,30,5,19966,oas_covariance_ess,0.9995088799999999,0.9753206030150754,0.0132,1.0,29.0,29.0
Samsung_SNH_1011_N_Webcam,30,5,19966,bartz_hac,0.99943584,0.9716502512562813,0.0138,1.0,29.0,29.0
Samsung_SNH_1011_N_Webcam,30,5,19966,shared_marginals,0.99938324,0.9690070351758795,0.027,1.0,29.0,29.0
Samsung_SNH_1011_N_Webcam,30,5,19966,collaborative_ess_mean_oas,0.9995086799999999,0.9753105527638191,0.0134,1.0,29.0,29.0
Samsung_SNH_1011_N_Webcam,30,5,19966,collaborative_bartz_mean_oas,0.9994353199999999,0.9716241206030152,0.0132,1.0,29.0,29.0
Samsung_SNH_1011_N_Webcam,30,6,5907,oas_nominal,0.99866484,0.9329065326633166,0.0118,1.0,29.0,29.0
Samsung_SNH_1011_N_Webcam,30,6,5907,oas_covariance_ess,0.99866448,0.9328884422110553,0.0122,1.0,29.0,29.0
Samsung_SNH_1011_N_Webcam,30,6,5907,bartz_hac,0.99866716,0.9330231155778894,0.0152,1.0,29.0,29.0
Samsung_SNH_1011_N_Webcam,30,6,5907,shared_marginals,0.99881224,0.9403135678391961,0.0252,1.0,29.0,29.0
Samsung_SNH_1011_N_Webcam,30,6,5907,collaborative_ess_mean_oas,0.99865772,0.932548743718593,0.0124,1.0,29.0,29.0
Samsung_SNH_1011_N_Webcam,30,6,5907,collaborative_bartz_mean_oas,0.9986550000000001,0.9324120603015076,0.0134,1.0,29.0,29.0
Samsung_SNH_1011_N_Webcam,30,7,7967,oas_nominal,0.9991668800000001,0.9581346733668341,0.0118,1.0,29.0,29.0
Samsung_SNH_1011_N_Webcam,30,7,7967,oas_covariance_ess,0.9991667200000001,0.9581266331658291,0.0124,1.0,29.0,29.0
Samsung_SNH_1011_N_Webcam,30,7,7967,bartz_hac,0.99916704,0.9581427135678391,0.0138,1.0,29.0,29.0
Samsung_SNH_1011_N_Webcam,30,7,7967,shared_marginals,0.9990001599999999,0.949756783919598,0.0246,1.0,29.0,29.0
Samsung_SNH_1011_N_Webcam,30,7,7967,collaborative_ess_mean_oas,0.9991698,0.9582814070351758,0.0124,1.0,29.0,29.0
Samsung_SNH_1011_N_Webcam,30,7,7967,collaborative_bartz_mean_oas,0.99916992,0.9582874371859298,0.0134,1.0,29.0,29.0
Samsung_SNH_1011_N_Webcam,100,0,10443,oas_nominal,0.9988218,0.9407939698492462,0.4738,1.0,99.0,99.0
Samsung_SNH_1011_N_Webcam,100,0,10443,oas_covariance_ess,0.99890428,0.9449386934673367,0.4734,1.0,99.0,99.0
Samsung_SNH_1011_N_Webcam,100,0,10443,bartz_hac,0.99824204,0.9116603015075377,0.4926,1.0,99.0,99.0
Samsung_SNH_1011_N_Webcam,100,0,10443,shared_marginals,0.99908612,0.9540763819095478,0.4364,1.0,99.0,99.0
Samsung_SNH_1011_N_Webcam,100,0,10443,collaborative_ess_mean_oas,0.9988199999999999,0.9407035175879397,0.4682,1.0,99.0,99.0
Samsung_SNH_1011_N_Webcam,100,0,10443,collaborative_bartz_mean_oas,0.9979894,0.898964824120603,0.472,1.0,99.0,99.0
Samsung_SNH_1011_N_Webcam,100,1,26944,oas_nominal,0.9959337199999999,0.7956643216080401,0.044,1.0,99.0,99.0
Samsung_SNH_1011_N_Webcam,100,1,26944,oas_covariance_ess,0.9959357999999999,0.7957688442211055,0.0444,1.0,99.0,99.0
Samsung_SNH_1011_N_Webcam,100,1,26944,bartz_hac,0.99548548,0.7813527638190955,0.0432,1.0,99.0,99.0
Samsung_SNH_1011_N_Webcam,100,1,26944,shared_marginals,0.9966139199999999,0.8298452261306533,0.0498,1.0,99.0,99.0
Samsung_SNH_1011_N_Webcam,100,1,26944,collaborative_ess_mean_oas,0.99593084,0.7955195979899499,0.0454,1.0,99.0,99.0
Samsung_SNH_1011_N_Webcam,100,1,26944,collaborative_bartz_mean_oas,0.99528504,0.7794934673366835,0.043,1.0,99.0,99.0
Samsung_SNH_1011_N_Webcam,100,2,29503,oas_nominal,0.9993868,0.9691859296482412,0.2482,1.0,99.0,99.0
Samsung_SNH_1011_N_Webcam,100,2,29503,oas_covariance_ess,0.99938676,0.96918391959799,0.2512,1.0,99.0,99.0
Samsung_SNH_1011_N_Webcam,100,2,29503,bartz_hac,0.9986749199999999,0.933413065326633,0.3284,1.0,99.0,99.0
Samsung_SNH_1011_N_Webcam,100,2,29503,shared_marginals,0.99942412,0.9710613065326634,0.215,1.0,99.0,99.0
Samsung_SNH_1011_N_Webcam,100,2,29503,collaborative_ess_mean_oas,0.9993856400000001,0.9691276381909548,0.218,1.0,99.0,99.0
Samsung_SNH_1011_N_Webcam,100,2,29503,collaborative_bartz_mean_oas,0.99850924,0.9250874371859297,0.2882,1.0,99.0,99.0
Samsung_SNH_1011_N_Webcam,100,3,15185,oas_nominal,0.99935564,0.9676201005025126,0.2536,1.0,99.0,99.0
Samsung_SNH_1011_N_Webcam,100,3,15185,oas_covariance_ess,0.9993555999999999,0.9676180904522612,0.254,1.0,99.0,99.0
Samsung_SNH_1011_N_Webcam,100,3,15185,bartz_hac,0.998956,0.9475376884422111,0.264,1.0,99.0,99.0
Samsung_SNH_1011_N_Webcam,100,3,15185,shared_marginals,0.9993956,0.9696281407035177,0.2448,1.0,99.0,99.0
Samsung_SNH_1011_N_Webcam,100,3,15185,collaborative_ess_mean_oas,0.99935548,0.9676120603015075,0.2522,1.0,99.0,99.0
Samsung_SNH_1011_N_Webcam,100,3,15185,collaborative_bartz_mean_oas,0.99879564,0.9394793969849247,0.26,1.0,99.0,99.0
Samsung_SNH_1011_N_Webcam,100,4,23558,oas_nominal,0.9987638,0.9378793969849246,0.0748,1.0,99.0,99.0
Samsung_SNH_1011_N_Webcam,100,4,23558,oas_covariance_ess,0.99868256,0.9337969849246232,0.0752,1.0,99.0,99.0
Samsung_SNH_1011_N_Webcam,100,4,23558,bartz_hac,0.99819296,0.9091939698492462,0.0752,1.0,99.0,99.0
Samsung_SNH_1011_N_Webcam,100,4,23558,shared_marginals,0.9984793200000001,0.92358391959799,0.0738,1.0,99.0,99.0
Samsung_SNH_1011_N_Webcam,100,4,23558,collaborative_ess_mean_oas,0.99867932,0.9336341708542715,0.0758,1.0,99.0,99.0
Samsung_SNH_1011_N_Webcam,100,4,23558,collaborative_bartz_mean_oas,0.998018,0.9004020100502512,0.0746,1.0,99.0,99.0
Samsung_SNH_1011_N_Webcam,100,5,31631,oas_nominal,0.99921096,0.9603497487437187,0.447,1.0,99.0,99.0
Samsung_SNH_1011_N_Webcam,100,5,31631,oas_covariance_ess,0.9992113199999999,0.9603678391959799,0.448,1.0,99.0,99.0
Samsung_SNH_1011_N_Webcam,100,5,31631,bartz_hac,0.9991699199999999,0.9582874371859296,0.494,1.0,99.0,99.0
Samsung_SNH_1011_N_Webcam,100,5,31631,shared_marginals,0.99886208,0.9428180904522613,0.4658,1.0,99.0,99.0
Samsung_SNH_1011_N_Webcam,100,5,31631,collaborative_ess_mean_oas,0.99920976,0.9602894472361809,0.437,1.0,99.0,99.0
Samsung_SNH_1011_N_Webcam,100,5,31631,collaborative_bartz_mean_oas,0.99916352,0.9579658291457287,0.4902,1.0,99.0,99.0
Samsung_SNH_1011_N_Webcam,100,6,15954,oas_nominal,0.99732696,0.9537728643216081,0.0356,0.9996,34.50660907816463,49.0632408566484
Samsung_SNH_1011_N_Webcam,100,6,15954,oas_covariance_ess,0.99768052,0.9554874371859297,0.0356,0.9966,34.50660907816463,49.0632408566484
Samsung_SNH_1011_N_Webcam,100,6,15954,bartz_hac,0.9975812000000001,0.9547879396984924,0.0356,0.9998,34.50660907816463,49.0632408566484
Samsung_SNH_1011_N_Webcam,100,6,15954,shared_marginals,0.99908624,0.9542733668341709,0.0038,0.9998,34.50660907816463,49.0632408566484
Samsung_SNH_1011_N_Webcam,100,6,15954,collaborative_ess_mean_oas,0.9978363600000001,0.9571497487437186,0.0356,0.9974,34.50660907816463,49.0632408566484
Samsung_SNH_1011_N_Webcam,100,6,15954,collaborative_bartz_mean_oas,0.99776928,0.9563135678391961,0.0356,0.9998,34.50660907816463,49.0632408566484
Samsung_SNH_1011_N_Webcam,100,7,7040,oas_nominal,0.99925308,0.9624663316582915,0.0958,1.0,99.0,99.0
Samsung_SNH_1011_N_Webcam,100,7,7040,oas_covariance_ess,0.9992532000000001,0.9624723618090453,0.0968,1.0,99.0,99.0
Samsung_SNH_1011_N_Webcam,100,7,7040,bartz_hac,0.99924564,0.9620924623115579,0.1176,1.0,99.0,99.0
Samsung_SNH_1011_N_Webcam,100,7,7040,shared_marginals,0.99931212,0.9654331658291457,0.1004,1.0,99.0,99.0
Samsung_SNH_1011_N_Webcam,100,7,7040,collaborative_ess_mean_oas,0.9992506800000001,0.9623457286432161,0.097,1.0,99.0,99.0
Samsung_SNH_1011_N_Webcam,100,7,7040,collaborative_bartz_mean_oas,0.9992411999999999,0.9618693467336683,0.1128,1.0,99.0,99.0
Samsung_SNH_1011_N_Webcam,300,0,33196,oas_nominal,0.9976231600000001,0.9519095477386935,0.0,0.0,80.16837102143516,74.97149226940206
Samsung_SNH_1011_N_Webcam,300,0,33196,oas_covariance_ess,0.9997612,0.9942653266331658,0.0,0.0,80.16837102143516,74.97149226940206
Samsung_SNH_1011_N_Webcam,300,0,33196,bartz_hac,0.9998414800000001,0.9961125628140703,0.0,0.0,80.16837102143516,74.97149226940206
Samsung_SNH_1011_N_Webcam,300,0,33196,shared_marginals,0.99967056,0.9836100502512563,0.0,0.0,80.16837102143516,74.97149226940206
Samsung_SNH_1011_N_Webcam,300,0,33196,collaborative_ess_mean_oas,0.9996847600000001,0.9926130653266332,0.0,0.0,80.16837102143516,74.97149226940206
Samsung_SNH_1011_N_Webcam,300,0,33196,collaborative_bartz_mean_oas,0.9998490800000001,0.9962713567839195,0.0,0.0,80.16837102143516,74.97149226940206
Samsung_SNH_1011_N_Webcam,300,1,29999,oas_nominal,0.9963134800000001,0.8147477386934674,0.1414,1.0,299.0,299.0
Samsung_SNH_1011_N_Webcam,300,1,29999,oas_covariance_ess,0.99631428,0.8147879396984925,0.1414,1.0,299.0,299.0
Samsung_SNH_1011_N_Webcam,300,1,29999,bartz_hac,0.9961035199999999,0.8041969849246231,0.1654,1.0,299.0,299.0
Samsung_SNH_1011_N_Webcam,300,1,29999,shared_marginals,0.99683708,0.8410592964824121,0.1408,1.0,299.0,299.0
Samsung_SNH_1011_N_Webcam,300,1,29999,collaborative_ess_mean_oas,0.99631232,0.814689447236181,0.1422,1.0,299.0,299.0
Samsung_SNH_1011_N_Webcam,300,1,29999,collaborative_bartz_mean_oas,0.99608568,0.8033005025125628,0.1632,1.0,299.0,299.0
Samsung_SNH_1011_N_Webcam,300,2,28107,oas_nominal,0.99867608,0.9334713567839197,0.5516,1.0,299.0,299.0
Samsung_SNH_1011_N_Webcam,300,2,28107,oas_covariance_ess,0.99867616,0.9334753768844222,0.5524,1.0,299.0,299.0
Samsung_SNH_1011_N_Webcam,300,2,28107,bartz_hac,0.99850264,0.9247557788944724,0.5244,1.0,299.0,299.0
Samsung_SNH_1011_N_Webcam,300,2,28107,shared_marginals,0.99904648,0.9520844221105528,0.5542,1.0,299.0,299.0
Samsung_SNH_1011_N_Webcam,300,2,28107,collaborative_ess_mean_oas,0.99867472,0.9334030150753769,0.5518,1.0,299.0,299.0
Samsung_SNH_1011_N_Webcam,300,2,28107,collaborative_bartz_mean_oas,0.99850188,0.9247175879396985,0.458,1.0,299.0,299.0
Samsung_SNH_1011_N_Webcam,300,3,26133,oas_nominal,0.99600384,0.7991879396984924,0.0924,1.0,299.0,299.0
Samsung_SNH_1011_N_Webcam,300,3,26133,oas_covariance_ess,0.99600456,0.7992241206030151,0.0932,1.0,299.0,299.0
Samsung_SNH_1011_N_Webcam,300,3,26133,bartz_hac,0.9958146800000001,0.7896824120603015,0.1152,1.0,299.0,299.0
Samsung_SNH_1011_N_Webcam,300,3,26133,shared_marginals,0.99601064,0.799529648241206,0.093,1.0,299.0,299.0
Samsung_SNH_1011_N_Webcam,300,3,26133,collaborative_ess_mean_oas,0.99600176,0.7990834170854271,0.0924,1.0,299.0,299.0
Samsung_SNH_1011_N_Webcam,300,3,26133,collaborative_bartz_mean_oas,0.9958009600000001,0.7889929648241206,0.1136,1.0,299.0,299.0
Samsung_SNH_1011_N_Webcam,300,4,24923,oas_nominal,0.99819036,0.9090633165829146,0.2456,1.0,299.0,299.0
Samsung_SNH_1011_N_Webcam,300,4,24923,oas_covariance_ess,0.9981904,0.9090653266331659,0.2456,1.0,299.0,299.0
Samsung_SNH_1011_N_Webcam,300,4,24923,bartz_hac,0.99784268,0.891591959798995,0.2126,1.0,299.0,299.0
Samsung_SNH_1011_N_Webcam,300,4,24923,shared_marginals,0.99815332,0.9072020100502513,0.245,1.0,299.0,299.0
Samsung_SNH_1011_N_Webcam,300,4,24923,collaborative_ess_mean_oas,0.99818916,0.909003015075377,0.2452,1.0,299.0,299.0
Samsung_SNH_1011_N_Webcam,300,4,24923,collaborative_bartz_mean_oas,0.99783692,0.8913025125628141,0.2058,1.0,299.0,299.0
Samsung_SNH_1011_N_Webcam,300,5,24448,oas_nominal,0.99790508,0.8947276381909548,0.399,1.0,299.0,299.0
Samsung_SNH_1011_N_Webcam,300,5,24448,oas_covariance_ess,0.99790524,0.8947356783919598,0.3996,1.0,299.0,299.0
Samsung_SNH_1011_N_Webcam,300,5,24448,bartz_hac,0.99738372,0.8685286432160804,0.3908,1.0,299.0,299.0
Samsung_SNH_1011_N_Webcam,300,5,24448,shared_marginals,0.9980587200000001,0.9024482412060302,0.4208,1.0,299.0,299.0
Samsung_SNH_1011_N_Webcam,300,5,24448,collaborative_ess_mean_oas,0.997902,0.894572864321608,0.4,1.0,299.0,299.0
Samsung_SNH_1011_N_Webcam,300,5,24448,collaborative_bartz_mean_oas,0.99737748,0.8682150753768845,0.3874,1.0,299.0,299.0
Samsung_SNH_1011_N_Webcam,300,6,23434,oas_nominal,0.99780816,0.8898572864321608,0.2058,1.0,299.0,299.0
Samsung_SNH_1011_N_Webcam,300,6,23434,oas_covariance_ess,0.9978082,0.8898592964824121,0.2064,1.0,299.0,299.0
Samsung_SNH_1011_N_Webcam,300,6,23434,bartz_hac,0.99726532,0.8625788944723618,0.222,1.0,299.0,299.0
Samsung_SNH_1011_N_Webcam,300,6,23434,shared_marginals,0.9976073599999999,0.8797668341708542,0.2016,1.0,299.0,299.0
Samsung_SNH_1011_N_Webcam,300,6,23434,collaborative_ess_mean_oas,0.997807,0.8897989949748744,0.2076,1.0,299.0,299.0
Samsung_SNH_1011_N_Webcam,300,6,23434,collaborative_bartz_mean_oas,0.99724676,0.8616462311557789,0.222,1.0,299.0,299.0
Samsung_SNH_1011_N_Webcam,300,7,24404,oas_nominal,0.99764996,0.8819075376884422,0.427,1.0,299.0,299.0
Samsung_SNH_1011_N_Webcam,300,7,24404,oas_covariance_ess,0.99764996,0.8819075376884422,0.4274,1.0,299.0,299.0
Samsung_SNH_1011_N_Webcam,300,7,24404,bartz_hac,0.9971508,0.8568241206030152,0.4202,1.0,299.0,299.0
Samsung_SNH_1011_N_Webcam,300,7,24404,shared_marginals,0.9978092,0.8899095477386935,0.4252,1.0,299.0,299.0
Samsung_SNH_1011_N_Webcam,300,7,24404,collaborative_ess_mean_oas,0.99764604,0.8817105527638192,0.4236,1.0,299.0,299.0
Samsung_SNH_1011_N_Webcam,300,7,24404,collaborative_bartz_mean_oas,0.997146,0.8565829145728643,0.4156,1.0,299.0,299.0
Samsung_SNH_1011_N_Webcam,1000,0,930,oas_nominal,0.99855184,0.9272281407035176,0.0526,1.0,999.0,999.0
Samsung_SNH_1011_N_Webcam,1000,0,930,oas_covariance_ess,0.99855184,0.9272281407035176,0.0526,1.0,999.0,999.0
Samsung_SNH_1011_N_Webcam,1000,0,930,bartz_hac,0.9984772399999999,0.9234793969849246,0.046,1.0,999.0,999.0
Samsung_SNH_1011_N_Webcam,1000,0,930,shared_marginals,0.99846764,0.9229969849246231,0.0618,1.0,999.0,999.0
Samsung_SNH_1011_N_Webcam,1000,0,930,collaborative_ess_mean_oas,0.99855184,0.9272281407035176,0.0526,1.0,999.0,999.0
Samsung_SNH_1011_N_Webcam,1000,0,930,collaborative_bartz_mean_oas,0.9984774399999999,0.923489447236181,0.046,1.0,999.0,999.0
Samsung_SNH_1011_N_Webcam,1000,1,20948,oas_nominal,0.9982608000000001,0.9126030150753769,0.0804,1.0,999.0,999.0
Samsung_SNH_1011_N_Webcam,1000,1,20948,oas_covariance_ess,0.9982608000000001,0.9126030150753769,0.0804,1.0,999.0,999.0
Samsung_SNH_1011_N_Webcam,1000,1,20948,bartz_hac,0.99791628,0.8952904522613065,0.0748,1.0,999.0,999.0
Samsung_SNH_1011_N_Webcam,1000,1,20948,shared_marginals,0.99825456,0.9122894472361809,0.0786,1.0,999.0,999.0
Samsung_SNH_1011_N_Webcam,1000,1,20948,collaborative_ess_mean_oas,0.9982608000000001,0.9126030150753769,0.0804,1.0,999.0,999.0
Samsung_SNH_1011_N_Webcam,1000,1,20948,collaborative_bartz_mean_oas,0.997835,0.8912060301507538,0.0748,1.0,999.0,999.0
Samsung_SNH_1011_N_Webcam,1000,2,12337,oas_nominal,0.9988659599999999,0.9430130653266331,0.072,1.0,999.0,999.0
Samsung_SNH_1011_N_Webcam,1000,2,12337,oas_covariance_ess,0.9988659599999999,0.9430130653266331,0.072,1.0,999.0,999.0
Samsung_SNH_1011_N_Webcam,1000,2,12337,bartz_hac,0.99854776,0.9270231155778894,0.0712,1.0,999.0,999.0
Samsung_SNH_1011_N_Webcam,1000,2,12337,shared_marginals,0.9988007999999999,0.9397386934673366,0.0688,1.0,999.0,999.0
Samsung_SNH_1011_N_Webcam,1000,2,12337,collaborative_ess_mean_oas,0.9988659599999999,0.9430130653266331,0.072,1.0,999.0,999.0
Samsung_SNH_1011_N_Webcam,1000,2,12337,collaborative_bartz_mean_oas,0.99854776,0.9270231155778894,0.0712,1.0,999.0,999.0
Samsung_SNH_1011_N_Webcam,1000,3,14698,oas_nominal,0.99749444,0.8740924623115578,0.0,0.5944,999.0,640.5881779077873
Samsung_SNH_1011_N_Webcam,1000,3,14698,oas_covariance_ess,0.9983028,0.914713567839196,0.0,0.5908,999.0,640.5881779077873
Samsung_SNH_1011_N_Webcam,1000,3,14698,bartz_hac,0.9976562,0.8822211055276382,0.0,0.3998,999.0,640.5881779077873
Samsung_SNH_1011_N_Webcam,1000,3,14698,shared_marginals,0.9959585599999999,0.7969125628140703,0.0,0.5872,999.0,640.5881779077873
Samsung_SNH_1011_N_Webcam,1000,3,14698,collaborative_ess_mean_oas,0.9983028,0.914713567839196,0.0,0.5908,999.0,640.5881779077873
Samsung_SNH_1011_N_Webcam,1000,3,14698,collaborative_bartz_mean_oas,0.99773704,0.8862834170854272,0.0,0.3982,999.0,640.5881779077873
Samsung_SNH_1011_N_Webcam,1000,4,27352,oas_nominal,0.99940636,0.9701688442211056,0.0422,1.0,999.0,999.0
Samsung_SNH_1011_N_Webcam,1000,4,27352,oas_covariance_ess,0.9994064,0.9701708542713567,0.0422,1.0,999.0,999.0
Samsung_SNH_1011_N_Webcam,1000,4,27352,bartz_hac,0.99864128,0.9317226130653267,0.0356,1.0,999.0,999.0
Samsung_SNH_1011_N_Webcam,1000,4,27352,shared_marginals,0.9994732399999999,0.9735296482412061,0.043,1.0,999.0,999.0
Samsung_SNH_1011_N_Webcam,1000,4,27352,collaborative_ess_mean_oas,0.99940636,0.9701688442211056,0.0422,1.0,999.0,999.0
Samsung_SNH_1011_N_Webcam,1000,4,27352,collaborative_bartz_mean_oas,0.9986408,0.9316984924623115,0.0354,1.0,999.0,999.0
Samsung_SNH_1011_N_Webcam,1000,5,14977,oas_nominal,0.9971483600000001,0.8567015075376885,0.0,0.0,290.2837821328334,232.67664228249618
Samsung_SNH_1011_N_Webcam,1000,5,14977,oas_covariance_ess,0.99873472,0.9364180904522614,0.0,0.0,290.2837821328334,232.67664228249618
Samsung_SNH_1011_N_Webcam,1000,5,14977,bartz_hac,0.99889288,0.9443658291457286,0.0,0.0,290.2837821328334,232.67664228249618
Samsung_SNH_1011_N_Webcam,1000,5,14977,shared_marginals,0.99200812,0.8010653266331659,0.0,0.0,290.2837821328334,232.67664228249618
Samsung_SNH_1011_N_Webcam,1000,5,14977,collaborative_ess_mean_oas,0.99889288,0.9443658291457286,0.0,0.0,290.2837821328334,232.67664228249618
Samsung_SNH_1011_N_Webcam,1000,5,14977,collaborative_bartz_mean_oas,0.99889288,0.9443658291457286,0.0,0.0,290.2837821328334,232.67664228249618
Samsung_SNH_1011_N_Webcam,1000,6,1723,oas_nominal,0.99847256,0.9232442211055276,0.0766,1.0,999.0,999.0
Samsung_SNH_1011_N_Webcam,1000,6,1723,oas_covariance_ess,0.99847256,0.9232442211055276,0.0766,1.0,999.0,999.0
Samsung_SNH_1011_N_Webcam,1000,6,1723,bartz_hac,0.9980640799999999,0.9027175879396985,0.0748,1.0,999.0,999.0
Samsung_SNH_1011_N_Webcam,1000,6,1723,shared_marginals,0.9989430800000001,0.9468884422110553,0.088,1.0,999.0,999.0
Samsung_SNH_1011_N_Webcam,1000,6,1723,collaborative_ess_mean_oas,0.99847256,0.9232442211055276,0.0764,1.0,999.0,999.0
Samsung_SNH_1011_N_Webcam,1000,6,1723,collaborative_bartz_mean_oas,0.99806392,0.9027095477386935,0.0728,1.0,999.0,999.0
Samsung_SNH_1011_N_Webcam,1000,7,1417,oas_nominal,0.9988114,0.9402713567839196,0.0796,1.0,999.0,999.0
Samsung_SNH_1011_N_Webcam,1000,7,1417,oas_covariance_ess,0.9988114,0.9402713567839196,0.0796,1.0,999.0,999.0
Samsung_SNH_1011_N_Webcam,1000,7,1417,bartz_hac,0.9983939199999999,0.9192924623115578,0.0628,1.0,999.0,999.0
Samsung_SNH_1011_N_Webcam,1000,7,1417,shared_marginals,0.99894008,0.9467376884422112,0.0934,1.0,999.0,999.0
Samsung_SNH_1011_N_Webcam,1000,7,1417,collaborative_ess_mean_oas,0.99881144,0.9402733668341708,0.0794,1.0,999.0,999.0
Samsung_SNH_1011_N_Webcam,1000,7,1417,collaborative_bartz_mean_oas,0.99839388,0.9192904522613066,0.062,1.0,999.0,999.0
SimpleHome_XCS7_1002_WHT_Security_Camera,30,0,1704,oas_nominal,0.55592996,0.581929648241206,1.0,1.0,5.5436842899944745,7.332101542665393
SimpleHome_XCS7_1002_WHT_Security_Camera,30,0,1704,oas_covariance_ess,0.5794276399999999,0.6266854271356783,1.0,1.0,5.5436842899944745,7.332101542665393
SimpleHome_XCS7_1002_WHT_Security_Camera,30,0,1704,bartz_hac,0.5686258399999999,0.5769206030150754,1.0,1.0,5.5436842899944745,7.332101542665393
SimpleHome_XCS7_1002_WHT_Security_Camera,30,0,1704,shared_marginals,0.99980868,0.9903859296482411,1.0,1.0,5.5436842899944745,7.332101542665393
SimpleHome_XCS7_1002_WHT_Security_Camera,30,0,1704,collaborative_ess_mean_oas,0.33640368,0.5668824120603015,1.0,1.0,5.5436842899944745,7.332101542665393
SimpleHome_XCS7_1002_WHT_Security_Camera,30,0,1704,collaborative_bartz_mean_oas,0.46610399999999996,0.5764763819095478,1.0,1.0,5.5436842899944745,7.332101542665393
SimpleHome_XCS7_1002_WHT_Security_Camera,30,1,4165,oas_nominal,0.9985027200000001,0.9285587939698492,0.0622,1.0,18.614608174340987,15.843396637555173
SimpleHome_XCS7_1002_WHT_Security_Camera,30,1,4165,oas_covariance_ess,0.9987604,0.9403417085427135,0.0458,1.0,18.614608174340987,15.843396637555173
SimpleHome_XCS7_1002_WHT_Security_Camera,30,1,4165,bartz_hac,0.99831336,0.9198633165829145,0.0068,0.9898,18.614608174340987,15.843396637555173
SimpleHome_XCS7_1002_WHT_Security_Camera,30,1,4165,shared_marginals,0.99911264,0.957505527638191,0.0604,1.0,18.614608174340987,15.843396637555173
SimpleHome_XCS7_1002_WHT_Security_Camera,30,1,4165,collaborative_ess_mean_oas,0.9989744,0.9506934673366834,0.0428,1.0,18.614608174340987,15.843396637555173
SimpleHome_XCS7_1002_WHT_Security_Camera,30,1,4165,collaborative_bartz_mean_oas,0.99876016,0.941208040201005,0.02,0.9978,18.614608174340987,15.843396637555173
SimpleHome_XCS7_1002_WHT_Security_Camera,30,2,19763,oas_nominal,0.99785868,0.8948522613065327,0.1028,1.0,16.3357841773587,15.652851266492583
SimpleHome_XCS7_1002_WHT_Security_Camera,30,2,19763,oas_covariance_ess,0.99827532,0.9150090452261307,0.068,1.0,16.3357841773587,15.652851266492583
SimpleHome_XCS7_1002_WHT_Security_Camera,30,2,19763,bartz_hac,0.99733816,0.8703175879396985,0.0644,1.0,16.3357841773587,15.652851266492583
SimpleHome_XCS7_1002_WHT_Security_Camera,30,2,19763,shared_marginals,0.9993268399999999,0.9674170854271356,0.101,1.0,16.3357841773587,15.652851266492583
SimpleHome_XCS7_1002_WHT_Security_Camera,30,2,19763,collaborative_ess_mean_oas,0.99920324,0.961356783919598,0.0602,1.0,16.3357841773587,15.652851266492583
SimpleHome_XCS7_1002_WHT_Security_Camera,30,2,19763,collaborative_bartz_mean_oas,0.99878948,0.9416542713567839,0.0572,1.0,16.3357841773587,15.652851266492583
SimpleHome_XCS7_1002_WHT_Security_Camera,30,3,5928,oas_nominal,0.9985674,0.931348743718593,0.1588,1.0,22.274149847752177,16.192202587075688
SimpleHome_XCS7_1002_WHT_Security_Camera,30,3,5928,oas_covariance_ess,0.9988338800000001,0.9443618090452262,0.1246,1.0,22.274149847752177,16.192202587075688
SimpleHome_XCS7_1002_WHT_Security_Camera,30,3,5928,bartz_hac,0.9983896000000001,0.9228040201005026,0.1186,1.0,22.274149847752177,16.192202587075688
SimpleHome_XCS7_1002_WHT_Security_Camera,30,3,5928,shared_marginals,0.999182,0.9612040201005025,0.1148,1.0,22.274149847752177,16.192202587075688
SimpleHome_XCS7_1002_WHT_Security_Camera,30,3,5928,collaborative_ess_mean_oas,0.9990570400000001,0.9552844221105528,0.0988,1.0,22.274149847752177,16.192202587075688
SimpleHome_XCS7_1002_WHT_Security_Camera,30,3,5928,collaborative_bartz_mean_oas,0.9988147199999999,0.9437005025125628,0.107,1.0,22.274149847752177,16.192202587075688
SimpleHome_XCS7_1002_WHT_Security_Camera,30,4,27416,oas_nominal,0.99856672,0.9319778894472361,0.1722,1.0,24.927755649818618,15.70380780296862
SimpleHome_XCS7_1002_WHT_Security_Camera,30,4,27416,oas_covariance_ess,0.9987928,0.942705527638191,0.1638,1.0,24.927755649818618,15.70380780296862
SimpleHome_XCS7_1002_WHT_Security_Camera,30,4,27416,bartz_hac,0.99827056,0.9180482412060302,0.231,1.0,24.927755649818618,15.70380780296862
SimpleHome_XCS7_1002_WHT_Security_Camera,30,4,27416,shared_marginals,0.9990252399999999,0.95404824120603,0.2386,1.0,24.927755649818618,15.70380780296862
SimpleHome_XCS7_1002_WHT_Security_Camera,30,4,27416,collaborative_ess_mean_oas,0.99881792,0.9438090452261307,0.1744,1.0,24.927755649818618,15.70380780296862
SimpleHome_XCS7_1002_WHT_Security_Camera,30,4,27416,collaborative_bartz_mean_oas,0.9986678,0.937278391959799,0.2226,1.0,24.927755649818618,15.70380780296862
SimpleHome_XCS7_1002_WHT_Security_Camera,30,5,15038,oas_nominal,0.99866076,0.9344281407035178,0.0244,0.9998,15.96867754360554,17.27104902796339
SimpleHome_XCS7_1002_WHT_Security_Camera,30,5,15038,oas_covariance_ess,0.99941656,0.9720743718592965,0.0244,0.9998,15.96867754360554,17.27104902796339
SimpleHome_XCS7_1002_WHT_Security_Camera,30,5,15038,bartz_hac,0.99927636,0.9650954773869347,0.0226,0.9992,15.96867754360554,17.27104902796339
SimpleHome_XCS7_1002_WHT_Security_Camera,30,5,15038,shared_marginals,0.99893628,0.9477668341708543,0.0262,1.0,15.96867754360554,17.27104902796339
SimpleHome_XCS7_1002_WHT_Security_Camera,30,5,15038,collaborative_ess_mean_oas,0.9993416799999999,0.9682552763819094,0.0294,1.0,15.96867754360554,17.27104902796339
SimpleHome_XCS7_1002_WHT_Security_Camera,30,5,15038,collaborative_bartz_mean_oas,0.9992838799999999,0.9654432160804021,0.0292,1.0,15.96867754360554,17.27104902796339
SimpleHome_XCS7_1002_WHT_Security_Camera,30,6,26233,oas_nominal,0.99862904,0.9328984924623116,0.3116,1.0,26.191330509360675,12.312550127676852
SimpleHome_XCS7_1002_WHT_Security_Camera,30,6,26233,oas_covariance_ess,0.9989626399999999,0.9491236180904523,0.2744,1.0,26.191330509360675,12.312550127676852
SimpleHome_XCS7_1002_WHT_Security_Camera,30,6,26233,bartz_hac,0.99844944,0.9248804020100503,0.3738,1.0,26.191330509360675,12.312550127676852
SimpleHome_XCS7_1002_WHT_Security_Camera,30,6,26233,shared_marginals,0.99939172,0.9704723618090452,0.2996,1.0,26.191330509360675,12.312550127676852
SimpleHome_XCS7_1002_WHT_Security_Camera,30,6,26233,collaborative_ess_mean_oas,0.99926272,0.9640683417085427,0.2346,1.0,26.191330509360675,12.312550127676852
SimpleHome_XCS7_1002_WHT_Security_Camera,30,6,26233,collaborative_bartz_mean_oas,0.99890872,0.9468562814070351,0.26,1.0,26.191330509360675,12.312550127676852
SimpleHome_XCS7_1002_WHT_Security_Camera,30,7,12047,oas_nominal,0.9991889199999999,0.9616804020100502,0.162,1.0,25.714417999584175,11.356991071488517
SimpleHome_XCS7_1002_WHT_Security_Camera,30,7,12047,oas_covariance_ess,0.9993142,0.9670773869346734,0.0602,1.0,25.714417999584175,11.356991071488517
SimpleHome_XCS7_1002_WHT_Security_Camera,30,7,12047,bartz_hac,0.99909952,0.9577748743718593,0.0104,0.9934,25.714417999584175,11.356991071488517
SimpleHome_XCS7_1002_WHT_Security_Camera,30,7,12047,shared_marginals,0.9994594800000001,0.974094472361809,0.193,1.0,25.714417999584175,11.356991071488517
SimpleHome_XCS7_1002_WHT_Security_Camera,30,7,12047,collaborative_ess_mean_oas,0.99938808,0.9706170854271357,0.0586,1.0,25.714417999584175,11.356991071488517
SimpleHome_XCS7_1002_WHT_Security_Camera,30,7,12047,collaborative_bartz_mean_oas,0.99924788,0.9642331658291456,0.0006,0.5118,25.714417999584175,11.356991071488517
SimpleHome_XCS7_1002_WHT_Security_Camera,100,0,14079,oas_nominal,0.99991068,0.9957045226130653,0.0,0.3448,24.902995707332796,21.220654585329193
SimpleHome_XCS7_1002_WHT_Security_Camera,100,0,14079,oas_covariance_ess,0.99996852,0.9984522613065328,0.0,0.0,24.902995707332796,21.220654585329193
SimpleHome_XCS7_1002_WHT_Security_Camera,100,0,14079,bartz_hac,0.99996904,0.9984763819095478,0.0,0.0,24.902995707332796,21.220654585329193
SimpleHome_XCS7_1002_WHT_Security_Camera,100,0,14079,shared_marginals,0.99976696,0.9884804020100504,0.0002,0.78,24.902995707332796,21.220654585329193
SimpleHome_XCS7_1002_WHT_Security_Camera,100,0,14079,collaborative_ess_mean_oas,0.9999669999999999,0.9983798994974875,0.0,0.0,24.902995707332796,21.220654585329193
SimpleHome_XCS7_1002_WHT_Security_Camera,100,0,14079,collaborative_bartz_mean_oas,0.99996712,0.99838391959799,0.0,0.0,24.902995707332796,21.220654585329193
SimpleHome_XCS7_1002_WHT_Security_Camera,100,1,9280,oas_nominal,0.99711468,0.8722311557788944,0.0448,1.0,64.4574009835318,50.137312036846126
SimpleHome_XCS7_1002_WHT_Security_Camera,100,1,9280,oas_covariance_ess,0.99768576,0.8861386934673368,0.0468,1.0,64.4574009835318,50.137312036846126
SimpleHome_XCS7_1002_WHT_Security_Camera,100,1,9280,bartz_hac,0.9967340000000001,0.8618713567839196,0.04,1.0,64.4574009835318,50.137312036846126
SimpleHome_XCS7_1002_WHT_Security_Camera,100,1,9280,shared_marginals,0.99853852,0.9290271356783919,0.0666,1.0,64.4574009835318,50.137312036846126
SimpleHome_XCS7_1002_WHT_Security_Camera,100,1,9280,collaborative_ess_mean_oas,0.99798464,0.9011638190954774,0.0452,1.0,64.4574009835318,50.137312036846126
SimpleHome_XCS7_1002_WHT_Security_Camera,100,1,9280,collaborative_bartz_mean_oas,0.99697416,0.866729648241206,0.04,1.0,64.4574009835318,50.137312036846126
SimpleHome_XCS7_1002_WHT_Security_Camera,100,2,30539,oas_nominal,0.91109188,0.8679839195979899,0.0,0.4964,28.810672354034544,39.694062261150584
SimpleHome_XCS7_1002_WHT_Security_Camera,100,2,30539,oas_covariance_ess,0.90282708,0.8836321608040201,0.0,0.4182,28.810672354034544,39.694062261150584
SimpleHome_XCS7_1002_WHT_Security_Camera,100,2,30539,bartz_hac,0.90393612,0.8832763819095477,0.0,0.4952,28.810672354034544,39.694062261150584
SimpleHome_XCS7_1002_WHT_Security_Camera,100,2,30539,shared_marginals,0.9994474400000001,0.9725266331658292,0.0,0.6026,28.810672354034544,39.694062261150584
SimpleHome_XCS7_1002_WHT_Security_Camera,100,2,30539,collaborative_ess_mean_oas,0.9960684000000001,0.8954271356783918,0.0,0.4854,28.810672354034544,39.694062261150584
SimpleHome_XCS7_1002_WHT_Security_Camera,100,2,30539,collaborative_bartz_mean_oas,0.9959944000000001,0.8955859296482411,0.0,0.5932,28.810672354034544,39.694062261150584
SimpleHome_XCS7_1002_WHT_Security_Camera,100,3,20732,oas_nominal,0.99858592,0.9317226130653267,0.1214,1.0,72.2215148832528,41.56763176941257
SimpleHome_XCS7_1002_WHT_Security_Camera,100,3,20732,oas_covariance_ess,0.99866468,0.9352160804020101,0.1212,1.0,72.2215148832528,41.56763176941257
SimpleHome_XCS7_1002_WHT_Security_Camera,100,3,20732,bartz_hac,0.99855232,0.9303155778894473,0.1156,1.0,72.2215148832528,41.56763176941257
SimpleHome_XCS7_1002_WHT_Security_Camera,100,3,20732,shared_marginals,0.9989395600000001,0.9485507537688442,0.1238,1.0,72.2215148832528,41.56763176941257
SimpleHome_XCS7_1002_WHT_Security_Camera,100,3,20732,collaborative_ess_mean_oas,0.99871888,0.9379256281407036,0.1212,1.0,72.2215148832528,41.56763176941257
SimpleHome_XCS7_1002_WHT_Security_Camera,100,3,20732,collaborative_bartz_mean_oas,0.99856108,0.9309005025125627,0.1146,1.0,72.2215148832528,41.56763176941257
SimpleHome_XCS7_1002_WHT_Security_Camera,100,4,11668,oas_nominal,0.99964676,0.9824321608040201,0.0144,1.0,26.00891234252082,22.08373408689869
SimpleHome_XCS7_1002_WHT_Security_Camera,100,4,11668,oas_covariance_ess,0.99975448,0.9876683417085426,0.0136,1.0,26.00891234252082,22.08373408689869
SimpleHome_XCS7_1002_WHT_Security_Camera,100,4,11668,bartz_hac,0.99974488,0.9871859296482413,0.0132,1.0,26.00891234252082,22.08373408689869
SimpleHome_XCS7_1002_WHT_Security_Camera,100,4,11668,shared_marginals,0.9994638,0.9731758793969849,0.0188,1.0,26.00891234252082,22.08373408689869
SimpleHome_XCS7_1002_WHT_Security_Camera,100,4,11668,collaborative_ess_mean_oas,0.9997710000000001,0.9884964824120603,0.015,1.0,26.00891234252082,22.08373408689869
SimpleHome_XCS7_1002_WHT_Security_Camera,100,4,11668,collaborative_bartz_mean_oas,0.9997585999999999,0.9878753768844222,0.0154,1.0,26.00891234252082,22.08373408689869
SimpleHome_XCS7_1002_WHT_Security_Camera,100,5,10234,oas_nominal,0.99990244,0.995097487437186,0.0214,1.0,24.27784715371874,26.3889132597487
SimpleHome_XCS7_1002_WHT_Security_Camera,100,5,10234,oas_covariance_ess,0.99993556,0.9967618090452262,0.0218,1.0,24.27784715371874,26.3889132597487
SimpleHome_XCS7_1002_WHT_Security_Camera,100,5,10234,bartz_hac,0.99992768,0.9963658291457287,0.0216,1.0,24.27784715371874,26.3889132597487
SimpleHome_XCS7_1002_WHT_Security_Camera,100,5,10234,shared_marginals,0.9996562,0.982729648241206,0.0276,1.0,24.27784715371874,26.3889132597487
SimpleHome_XCS7_1002_WHT_Security_Camera,100,5,10234,collaborative_ess_mean_oas,0.9999318,0.9965728643216081,0.0246,1.0,24.27784715371874,26.3889132597487
SimpleHome_XCS7_1002_WHT_Security_Camera,100,5,10234,collaborative_bartz_mean_oas,0.9999281600000001,0.9963899497487437,0.0248,1.0,24.27784715371874,26.3889132597487
SimpleHome_XCS7_1002_WHT_Security_Camera,100,6,23987,oas_nominal,0.99902036,0.9549829145728643,0.1024,1.0,58.708411783012885,41.162168713603464
SimpleHome_XCS7_1002_WHT_Security_Camera,100,6,23987,oas_covariance_ess,0.99924024,0.9645306532663316,0.0992,1.0,58.708411783012885,41.162168713603464
SimpleHome_XCS7_1002_WHT_Security_Camera,100,6,23987,bartz_hac,0.99887988,0.9494291457286432,0.0912,1.0,58.708411783012885,41.162168713603464
SimpleHome_XCS7_1002_WHT_Security_Camera,100,6,23987,shared_marginals,0.9993683999999999,0.9706492462311558,0.1016,1.0,58.708411783012885,41.162168713603464
SimpleHome_XCS7_1002_WHT_Security_Camera,100,6,23987,collaborative_ess_mean_oas,0.99923508,0.9643678391959798,0.0986,1.0,58.708411783012885,41.162168713603464
SimpleHome_XCS7_1002_WHT_Security_Camera,100,6,23987,collaborative_bartz_mean_oas,0.99879912,0.9466894472361809,0.0898,1.0,58.708411783012885,41.162168713603464
SimpleHome_XCS7_1002_WHT_Security_Camera,100,7,29417,oas_nominal,0.99846952,0.9276703517587941,0.7564,1.0,51.93527309323446,39.991749859573154
SimpleHome_XCS7_1002_WHT_Security_Camera,100,7,29417,oas_covariance_ess,0.99893584,0.9481206030150753,0.5662,1.0,51.93527309323446,39.991749859573154
SimpleHome_XCS7_1002_WHT_Security_Camera,100,7,29417,bartz_hac,0.9982234799999999,0.9168683417085428,0.5664,1.0,51.93527309323446,39.991749859573154
SimpleHome_XCS7_1002_WHT_Security_Camera,100,7,29417,shared_marginals,0.99889324,0.9455819095477387,0.1636,1.0,51.93527309323446,39.991749859573154
SimpleHome_XCS7_1002_WHT_Security_Camera,100,7,29417,collaborative_ess_mean_oas,0.99893716,0.948124623115578,0.4926,1.0,51.93527309323446,39.991749859573154
SimpleHome_XCS7_1002_WHT_Security_Camera,100,7,29417,collaborative_bartz_mean_oas,0.9983076799999999,0.9201266331658292,0.5378,1.0,51.93527309323446,39.991749859573154
SimpleHome_XCS7_1002_WHT_Security_Camera,300,0,19135,oas_nominal,0.9786833199999999,0.5808361809045226,0.0,0.0,75.72015903326131,40.770856665589235
SimpleHome_XCS7_1002_WHT_Security_Camera,300,0,19135,oas_covariance_ess,0.98716436,0.6779859296482412,0.0,0.0,75.72015903326131,40.770856665589235
SimpleHome_XCS7_1002_WHT_Security_Camera,300,0,19135,bartz_hac,0.9843678,0.6100984924623115,0.0,0.0,75.72015903326131,40.770856665589235
SimpleHome_XCS7_1002_WHT_Security_Camera,300,0,19135,shared_marginals,0.9753218,0.5214854271356784,0.0,0.0,75.72015903326131,40.770856665589235
SimpleHome_XCS7_1002_WHT_Security_Camera,300,0,19135,collaborative_ess_mean_oas,0.9855237600000001,0.6301005025125628,0.0,0.0,75.72015903326131,40.770856665589235
SimpleHome_XCS7_1002_WHT_Security_Camera,300,0,19135,collaborative_bartz_mean_oas,0.9849698799999999,0.6282030150753769,0.0,0.0,75.72015903326131,40.770856665589235
SimpleHome_XCS7_1002_WHT_Security_Camera,300,1,5558,oas_nominal,0.9934042399999999,0.821278391959799,0.1044,1.0,162.63177820046678,139.85832752476622
SimpleHome_XCS7_1002_WHT_Security_Camera,300,1,5558,oas_covariance_ess,0.99517004,0.8641527638190956,0.1018,1.0,162.63177820046678,139.85832752476622
SimpleHome_XCS7_1002_WHT_Security_Camera,300,1,5558,bartz_hac,0.9923584400000001,0.801843216080402,0.1026,1.0,162.63177820046678,139.85832752476622
SimpleHome_XCS7_1002_WHT_Security_Camera,300,1,5558,shared_marginals,0.9966367199999999,0.878321608040201,0.1038,1.0,162.63177820046678,139.85832752476622
SimpleHome_XCS7_1002_WHT_Security_Camera,300,1,5558,collaborative_ess_mean_oas,0.99505164,0.8623537688442211,0.1074,1.0,162.63177820046678,139.85832752476622
SimpleHome_XCS7_1002_WHT_Security_Camera,300,1,5558,collaborative_bartz_mean_oas,0.99212432,0.7981145728643216,0.1114,1.0,162.63177820046678,139.85832752476622
SimpleHome_XCS7_1002_WHT_Security_Camera,300,2,744,oas_nominal,0.9999756399999999,0.998775879396985,0.0044,1.0,66.27289066947878,63.24486099202035
SimpleHome_XCS7_1002_WHT_Security_Camera,300,2,744,oas_covariance_ess,0.9999792399999999,0.9989567839195981,0.0046,1.0,66.27289066947878,63.24486099202035
SimpleHome_XCS7_1002_WHT_Security_Camera,300,2,744,bartz_hac,0.99997876,0.9989326633165829,0.0044,1.0,66.27289066947878,63.24486099202035
SimpleHome_XCS7_1002_WHT_Security_Camera,300,2,744,shared_marginals,0.99992676,0.9963195979899497,0.0044,1.0,66.27289066947878,63.24486099202035
SimpleHome_XCS7_1002_WHT_Security_Camera,300,2,744,collaborative_ess_mean_oas,0.9999796,0.9989748743718593,0.0054,1.0,66.27289066947878,63.24486099202035
SimpleHome_XCS7_1002_WHT_Security_Camera,300,2,744,collaborative_bartz_mean_oas,0.9999790399999999,0.9989467336683417,0.0046,1.0,66.27289066947878,63.24486099202035
SimpleHome_XCS7_1002_WHT_Security_Camera,300,3,18512,oas_nominal,0.9995904800000001,0.9797889447236181,0.0,0.617,85.3216626675189,59.96832873101887
SimpleHome_XCS7_1002_WHT_Security_Camera,300,3,18512,oas_covariance_ess,0.99981968,0.9911195979899498,0.0,0.0904,85.3216626675189,59.96832873101887
SimpleHome_XCS7_1002_WHT_Security_Camera,300,3,18512,bartz_hac,0.9998173600000001,0.9910251256281408,0.0,0.0,85.3216626675189,59.96832873101887
SimpleHome_XCS7_1002_WHT_Security_Camera,300,3,18512,shared_marginals,0.9981555599999999,0.9076522613065328,0.0064,0.9706,85.3216626675189,59.96832873101887
SimpleHome_XCS7_1002_WHT_Security_Camera,300,3,18512,collaborative_ess_mean_oas,0.99981596,0.9909326633165829,0.0,0.1136,85.3216626675189,59.96832873101887
SimpleHome_XCS7_1002_WHT_Security_Camera,300,3,18512,collaborative_bartz_mean_oas,0.99981328,0.9908201005025126,0.0,0.0,85.3216626675189,59.96832873101887
SimpleHome_XCS7_1002_WHT_Security_Camera,300,4,29115,oas_nominal,0.9827140799999999,0.7408964824120603,0.0272,0.539,159.74026543063238,89.67666672263124
SimpleHome_XCS7_1002_WHT_Security_Camera,300,4,29115,oas_covariance_ess,0.98425616,0.741105527638191,0.0156,0.5248,159.74026543063238,89.67666672263124
SimpleHome_XCS7_1002_WHT_Security_Camera,300,4,29115,bartz_hac,0.9837412,0.7409949748743718,0.0,0.4766,159.74026543063238,89.67666672263124
SimpleHome_XCS7_1002_WHT_Security_Camera,300,4,29115,shared_marginals,0.98319292,0.7409065326633166,0.028,0.608,159.74026543063238,89.67666672263124
SimpleHome_XCS7_1002_WHT_Security_Camera,300,4,29115,collaborative_ess_mean_oas,0.98472852,0.7417125628140704,0.0092,0.4878,159.74026543063238,89.67666672263124
SimpleHome_XCS7_1002_WHT_Security_Camera,300,4,29115,collaborative_bartz_mean_oas,0.98430684,0.7411195979899498,0.0,0.3594,159.74026543063238,89.67666672263124
SimpleHome_XCS7_1002_WHT_Security_Camera,300,5,17467,oas_nominal,0.99625044,0.8732663316582915,0.1008,1.0,146.73720580293957,111.53870338337954
SimpleHome_XCS7_1002_WHT_Security_Camera,300,5,17467,oas_covariance_ess,0.99824484,0.9266050251256281,0.1062,1.0,146.73720580293957,111.53870338337954
SimpleHome_XCS7_1002_WHT_Security_Camera,300,5,17467,bartz_hac,0.99443704,0.8156140703517587,0.0992,1.0,146.73720580293957,111.53870338337954
SimpleHome_XCS7_1002_WHT_Security_Camera,300,5,17467,shared_marginals,0.9984754800000001,0.9393386934673367,0.106,1.0,146.73720580293957,111.53870338337954
SimpleHome_XCS7_1002_WHT_Security_Camera,300,5,17467,collaborative_ess_mean_oas,0.9982067600000001,0.9257929648241207,0.1074,1.0,146.73720580293957,111.53870338337954
SimpleHome_XCS7_1002_WHT_Security_Camera,300,5,17467,collaborative_bartz_mean_oas,0.99400508,0.7952924623115578,0.1004,1.0,146.73720580293957,111.53870338337954
SimpleHome_XCS7_1002_WHT_Security_Camera,300,6,5568,oas_nominal,0.9932803200000001,0.8213929648241207,0.111,1.0,162.63177820058743,138.22617480796447
SimpleHome_XCS7_1002_WHT_Security_Camera,300,6,5568,oas_covariance_ess,0.99496776,0.8604723618090452,0.107,1.0,162.63177820058743,138.22617480796447
SimpleHome_XCS7_1002_WHT_Security_Camera,300,6,5568,bartz_hac,0.99222772,0.7980241206030151,0.11,1.0,162.63177820058743,138.22617480796447
SimpleHome_XCS7_1002_WHT_Security_Camera,300,6,5568,shared_marginals,0.9967813999999999,0.8742311557788944,0.11,1.0,162.63177820058743,138.22617480796447
SimpleHome_XCS7_1002_WHT_Security_Camera,300,6,5568,collaborative_ess_mean_oas,0.99488884,0.8586733668341708,0.1092,1.0,162.63177820058743,138.22617480796447
SimpleHome_XCS7_1002_WHT_Security_Camera,300,6,5568,collaborative_bartz_mean_oas,0.9919928,0.7937206030150754,0.1178,1.0,162.63177820058743,138.22617480796447
SimpleHome_XCS7_1002_WHT_Security_Camera,300,7,4713,oas_nominal,0.99458092,0.8115859296482412,0.1128,1.0,162.45315934073528,136.5572154361031
SimpleHome_XCS7_1002_WHT_Security_Camera,300,7,4713,oas_covariance_ess,0.996636,0.8505366834170853,0.1068,1.0,162.45315934073528,136.5572154361031
SimpleHome_XCS7_1002_WHT_Security_Camera,300,7,4713,bartz_hac,0.99312044,0.7850010050251257,0.111,1.0,162.45315934073528,136.5572154361031
SimpleHome_XCS7_1002_WHT_Security_Camera,300,7,4713,shared_marginals,0.9973493999999999,0.8733226130653267,0.1084,1.0,162.45315934073528,136.5572154361031
SimpleHome_XCS7_1002_WHT_Security_Camera,300,7,4713,collaborative_ess_mean_oas,0.99659228,0.850424120603015,0.1084,1.0,162.45315934073528,136.5572154361031
SimpleHome_XCS7_1002_WHT_Security_Camera,300,7,4713,collaborative_bartz_mean_oas,0.9929648,0.7826994974874372,0.1122,1.0,162.45315934073528,136.5572154361031
SimpleHome_XCS7_1002_WHT_Security_Camera,1000,0,6964,oas_nominal,0.9879906399999999,0.7476522613065326,0.1524,1.0,531.4079151711298,403.5286072622048
SimpleHome_XCS7_1002_WHT_Security_Camera,1000,0,6964,oas_covariance_ess,0.9899082400000001,0.7822492462311559,0.1416,1.0,531.4079151711298,403.5286072622048
SimpleHome_XCS7_1002_WHT_Security_Camera,1000,0,6964,bartz_hac,0.9877743200000001,0.7412221105527639,0.1526,1.0,531.4079151711298,403.5286072622048
SimpleHome_XCS7_1002_WHT_Security_Camera,1000,0,6964,shared_marginals,0.99064708,0.7889889447236181,0.1454,1.0,531.4079151711298,403.5286072622048
SimpleHome_XCS7_1002_WHT_Security_Camera,1000,0,6964,collaborative_ess_mean_oas,0.98990644,0.7821728643216082,0.1408,1.0,531.4079151711298,403.5286072622048
SimpleHome_XCS7_1002_WHT_Security_Camera,1000,0,6964,collaborative_bartz_mean_oas,0.98779296,0.7417628140703517,0.1528,1.0,531.4079151711298,403.5286072622048
SimpleHome_XCS7_1002_WHT_Security_Camera,1000,1,8698,oas_nominal,0.9907906,0.7534512562814071,0.1296,1.0,532.5528882396799,358.8364705827012
SimpleHome_XCS7_1002_WHT_Security_Camera,1000,1,8698,oas_covariance_ess,0.99479452,0.8380462311557788,0.1202,1.0,532.5528882396799,358.8364705827012
SimpleHome_XCS7_1002_WHT_Security_Camera,1000,1,8698,bartz_hac,0.9903870400000001,0.743835175879397,0.1264,1.0,532.5528882396799,358.8364705827012
SimpleHome_XCS7_1002_WHT_Security_Camera,1000,1,8698,shared_marginals,0.9968195999999999,0.8579839195979899,0.124,1.0,532.5528882396799,358.8364705827012
SimpleHome_XCS7_1002_WHT_Security_Camera,1000,1,8698,collaborative_ess_mean_oas,0.99477888,0.8374753768844221,0.1202,1.0,532.5528882396799,358.8364705827012
SimpleHome_XCS7_1002_WHT_Security_Camera,1000,1,8698,collaborative_bartz_mean_oas,0.9904157600000001,0.744556783919598,0.1262,1.0,532.5528882396799,358.8364705827012
SimpleHome_XCS7_1002_WHT_Security_Camera,1000,2,28907,oas_nominal,0.98495692,0.7348562814070352,0.0,0.0,91.40504705198151,81.50310810622427
SimpleHome_XCS7_1002_WHT_Security_Camera,1000,2,28907,oas_covariance_ess,0.9917318799999999,0.8400321608040201,0.0,0.0,91.40504705198151,81.50310810622427
SimpleHome_XCS7_1002_WHT_Security_Camera,1000,2,28907,bartz_hac,0.9924706,0.8554592964824121,0.0,0.0,91.40504705198151,81.50310810622427
SimpleHome_XCS7_1002_WHT_Security_Camera,1000,2,28907,shared_marginals,0.9857218,0.7482814070351759,0.0,0.0,91.40504705198151,81.50310810622427
SimpleHome_XCS7_1002_WHT_Security_Camera,1000,2,28907,collaborative_ess_mean_oas,0.9915064399999999,0.8323115577889447,0.0,0.0,91.40504705198151,81.50310810622427
SimpleHome_XCS7_1002_WHT_Security_Camera,1000,2,28907,collaborative_bartz_mean_oas,0.99267488,0.8562150753768845,0.0,0.0,91.40504705198151,81.50310810622427
SimpleHome_XCS7_1002_WHT_Security_Camera,1000,3,13225,oas_nominal,0.9960777599999999,0.8030552763819095,0.0762,1.0,288.3539188853312,188.07683254703235
SimpleHome_XCS7_1002_WHT_Security_Camera,1000,3,13225,oas_covariance_ess,0.99722496,0.8605969849246232,0.0616,1.0,288.3539188853312,188.07683254703235
SimpleHome_XCS7_1002_WHT_Security_Camera,1000,3,13225,bartz_hac,0.9969654,0.8475597989949749,0.0612,1.0,288.3539188853312,188.07683254703235
SimpleHome_XCS7_1002_WHT_Security_Camera,1000,3,13225,shared_marginals,0.9962247200000001,0.8104020100502513,0.0758,1.0,288.3539188853312,188.07683254703235
SimpleHome_XCS7_1002_WHT_Security_Camera,1000,3,13225,collaborative_ess_mean_oas,0.9972320400000001,0.8609527638190955,0.0614,1.0,288.3539188853312,188.07683254703235
SimpleHome_XCS7_1002_WHT_Security_Camera,1000,3,13225,collaborative_bartz_mean_oas,0.99695724,0.8471497487437185,0.0608,1.0,288.3539188853312,188.07683254703235
SimpleHome_XCS7_1002_WHT_Security_Camera,1000,4,3903,oas_nominal,0.9898364,0.7497989949748745,0.1372,1.0,532.4219380842101,363.5766557582161
SimpleHome_XCS7_1002_WHT_Security_Camera,1000,4,3903,oas_covariance_ess,0.9946328,0.8117849246231156,0.1294,1.0,532.4219380842101,363.5766557582161
SimpleHome_XCS7_1002_WHT_Security_Camera,1000,4,3903,bartz_hac,0.98929912,0.7429788944723619,0.1358,1.0,532.4219380842101,363.5766557582161
SimpleHome_XCS7_1002_WHT_Security_Camera,1000,4,3903,shared_marginals,0.99588968,0.8246231155778895,0.1328,1.0,532.4219380842101,363.5766557582161
SimpleHome_XCS7_1002_WHT_Security_Camera,1000,4,3903,collaborative_ess_mean_oas,0.9945847600000001,0.8115417085427136,0.1294,1.0,532.4219380842101,363.5766557582161
SimpleHome_XCS7_1002_WHT_Security_Camera,1000,4,3903,collaborative_bartz_mean_oas,0.9893599599999999,0.7439376884422111,0.1356,1.0,532.4219380842101,363.5766557582161
SimpleHome_XCS7_1002_WHT_Security_Camera,1000,5,5786,oas_nominal,0.99087184,0.7737809045226131,0.143,1.0,532.9854475165963,356.5946734222105
SimpleHome_XCS7_1002_WHT_Security_Camera,1000,5,5786,oas_covariance_ess,0.9943016399999999,0.8474291457286433,0.1252,1.0,532.9854475165963,356.5946734222105
SimpleHome_XCS7_1002_WHT_Security_Camera,1000,5,5786,bartz_hac,0.99036296,0.7644321608040201,0.1436,1.0,532.9854475165963,356.5946734222105
SimpleHome_XCS7_1002_WHT_Security_Camera,1000,5,5786,shared_marginals,0.9961041599999999,0.8697668341708542,0.13,1.0,532.9854475165963,356.5946734222105
SimpleHome_XCS7_1002_WHT_Security_Camera,1000,5,5786,collaborative_ess_mean_oas,0.99426184,0.8460683417085428,0.1248,1.0,532.9854475165963,356.5946734222105
SimpleHome_XCS7_1002_WHT_Security_Camera,1000,5,5786,collaborative_bartz_mean_oas,0.9903825199999999,0.7649748743718594,0.1446,1.0,532.9854475165963,356.5946734222105
SimpleHome_XCS7_1002_WHT_Security_Camera,1000,6,28718,oas_nominal,0.9882934800000001,0.7017045226130654,0.0166,0.4778,300.73478618617713,230.83913267438788
SimpleHome_XCS7_1002_WHT_Security_Camera,1000,6,28718,oas_covariance_ess,0.9899279200000001,0.7375417085427136,0.0,0.466,300.73478618617713,230.83913267438788
SimpleHome_XCS7_1002_WHT_Security_Camera,1000,6,28718,bartz_hac,0.98986712,0.7363276381909548,0.0,0.351,300.73478618617713,230.83913267438788
SimpleHome_XCS7_1002_WHT_Security_Camera,1000,6,28718,shared_marginals,0.98824968,0.7095316582914573,0.0166,0.4784,300.73478618617713,230.83913267438788
SimpleHome_XCS7_1002_WHT_Security_Camera,1000,6,28718,collaborative_ess_mean_oas,0.9899316,0.7375437185929649,0.0,0.468,300.73478618617713,230.83913267438788
SimpleHome_XCS7_1002_WHT_Security_Camera,1000,6,28718,collaborative_bartz_mean_oas,0.9898769199999999,0.7366231155778894,0.0,0.3882,300.73478618617713,230.83913267438788
SimpleHome_XCS7_1002_WHT_Security_Camera,1000,7,4611,oas_nominal,0.99501228,0.7798070351758795,0.0,0.0,246.46645833700316,178.02593107600322
SimpleHome_XCS7_1002_WHT_Security_Camera,1000,7,4611,oas_covariance_ess,0.9970394,0.8513125628140704,0.0,0.0,246.46645833700316,178.02593107600322
SimpleHome_XCS7_1002_WHT_Security_Camera,1000,7,4611,bartz_hac,0.99767992,0.8834170854271357,0.0,0.0,246.46645833700316,178.02593107600322
SimpleHome_XCS7_1002_WHT_Security_Camera,1000,7,4611,shared_marginals,0.99295932,0.7785145728643216,0.0,0.048,246.46645833700316,178.02593107600322
SimpleHome_XCS7_1002_WHT_Security_Camera,1000,7,4611,collaborative_ess_mean_oas,0.99712496,0.8555618090452262,0.0,0.0,246.46645833700316,178.02593107600322
SimpleHome_XCS7_1002_WHT_Security_Camera,1000,7,4611,collaborative_bartz_mean_oas,0.9976769600000001,0.8832663316582914,0.0,0.0,246.46645833700316,178.02593107600322
SimpleHome_XCS7_1003_WHT_Security_Camera,30,0,12275,oas_nominal,0.9999996800000001,0.9999839195979899,0.9636,1.0,29.0,29.0
SimpleHome_XCS7_1003_WHT_Security_Camera,30,0,12275,oas_covariance_ess,0.9999996800000001,0.9999839195979899,0.9662,1.0,29.0,29.0
SimpleHome_XCS7_1003_WHT_Security_Camera,30,0,12275,bartz_hac,0.99999912,0.9999557788944724,0.799,1.0,29.0,29.0
SimpleHome_XCS7_1003_WHT_Security_Camera,30,0,12275,shared_marginals,0.99999908,0.999953768844221,0.9598,1.0,29.0,29.0
SimpleHome_XCS7_1003_WHT_Security_Camera,30,0,12275,collaborative_ess_mean_oas,0.9999996800000001,0.9999839195979899,0.8874,1.0,29.0,29.0
SimpleHome_XCS7_1003_WHT_Security_Camera,30,0,12275,collaborative_bartz_mean_oas,0.9999990400000001,0.9999517587939699,0.0872,1.0,29.0,29.0
SimpleHome_XCS7_1003_WHT_Security_Camera,30,1,2975,oas_nominal,0.99999976,0.9999879396984924,0.2058,1.0,29.0,29.0
SimpleHome_XCS7_1003_WHT_Security_Camera,30,1,2975,oas_covariance_ess,0.99999976,0.9999879396984924,0.2038,1.0,29.0,29.0
SimpleHome_XCS7_1003_WHT_Security_Camera,30,1,2975,bartz_hac,0.9999996,0.9999798994974874,0.3354,1.0,29.0,29.0
SimpleHome_XCS7_1003_WHT_Security_Camera,30,1,2975,shared_marginals,0.99999868,0.9999336683417086,0.155,1.0,29.0,29.0
SimpleHome_XCS7_1003_WHT_Security_Camera,30,1,2975,collaborative_ess_mean_oas,0.99999976,0.9999879396984924,0.202,1.0,29.0,29.0
SimpleHome_XCS7_1003_WHT_Security_Camera,30,1,2975,collaborative_bartz_mean_oas,0.99999956,0.9999778894472362,0.3346,1.0,29.0,29.0
SimpleHome_XCS7_1003_WHT_Security_Camera,30,2,6607,oas_nominal,0.99999984,0.9999919597989949,0.0732,1.0,29.0,29.0
SimpleHome_XCS7_1003_WHT_Security_Camera,30,2,6607,oas_covariance_ess,0.99999984,0.9999919597989949,0.0732,1.0,29.0,29.0
SimpleHome_XCS7_1003_WHT_Security_Camera,30,2,6607,bartz_hac,0.9999994799999999,0.9999738693467337,0.0722,1.0,29.0,29.0
SimpleHome_XCS7_1003_WHT_Security_Camera,30,2,6607,shared_marginals,0.9999986399999999,0.9999316582914572,0.0652,1.0,29.0,29.0
SimpleHome_XCS7_1003_WHT_Security_Camera,30,2,6607,collaborative_ess_mean_oas,0.9999998800000001,0.9999939698492462,0.0764,1.0,29.0,29.0
SimpleHome_XCS7_1003_WHT_Security_Camera,30,2,6607,collaborative_bartz_mean_oas,0.9999996,0.9999798994974873,0.0782,1.0,29.0,29.0
SimpleHome_XCS7_1003_WHT_Security_Camera,30,3,10756,oas_nominal,1.0,1.0,0.1226,1.0,29.0,29.0
SimpleHome_XCS7_1003_WHT_Security_Camera,30,3,10756,oas_covariance_ess,1.0,1.0,0.123,1.0,29.0,29.0
SimpleHome_XCS7_1003_WHT_Security_Camera,30,3,10756,bartz_hac,0.99999972,0.9999859296482412,0.1526,1.0,29.0,29.0
SimpleHome_XCS7_1003_WHT_Security_Camera,30,3,10756,shared_marginals,0.99999852,0.9999256281407035,0.1054,1.0,29.0,29.0
SimpleHome_XCS7_1003_WHT_Security_Camera,30,3,10756,collaborative_ess_mean_oas,1.0,1.0,0.1182,1.0,29.0,29.0
SimpleHome_XCS7_1003_WHT_Security_Camera,30,3,10756,collaborative_bartz_mean_oas,0.99999968,0.9999839195979899,0.1324,1.0,29.0,29.0
SimpleHome_XCS7_1003_WHT_Security_Camera,30,4,3651,oas_nominal,0.99999964,0.9999819095477387,0.0818,1.0,29.0,29.0
SimpleHome_XCS7_1003_WHT_Security_Camera,30,4,3651,oas_covariance_ess,0.99999964,0.9999819095477387,0.0828,1.0,29.0,29.0
SimpleHome_XCS7_1003_WHT_Security_Camera,30,4,3651,bartz_hac,0.99999972,0.9999859296482412,0.0156,1.0,29.0,29.0
SimpleHome_XCS7_1003_WHT_Security_Camera,30,4,3651,shared_marginals,0.99999944,0.9999718592964824,0.0792,1.0,29.0,29.0
SimpleHome_XCS7_1003_WHT_Security_Camera,30,4,3651,collaborative_ess_mean_oas,0.99999964,0.9999819095477387,0.0928,1.0,29.0,29.0
SimpleHome_XCS7_1003_WHT_Security_Camera,30,4,3651,collaborative_bartz_mean_oas,0.9999998,0.9999899497487438,0.009,1.0,29.0,29.0
SimpleHome_XCS7_1003_WHT_Security_Camera,30,5,195,oas_nominal,0.9999252799999999,0.9962452261306532,0.0002,0.985,14.059973734393028,23.07462635601273
SimpleHome_XCS7_1003_WHT_Security_Camera,30,5,195,oas_covariance_ess,0.99992872,0.9964180904522613,0.0002,0.737,14.059973734393028,23.07462635601273
SimpleHome_XCS7_1003_WHT_Security_Camera,30,5,195,bartz_hac,0.99993904,0.9969366834170854,0.0,0.3002,14.059973734393028,23.07462635601273
SimpleHome_XCS7_1003_WHT_Security_Camera,30,5,195,shared_marginals,0.9999424,0.9971055276381908,0.626,1.0,14.059973734393028,23.07462635601273
SimpleHome_XCS7_1003_WHT_Security_Camera,30,5,195,collaborative_ess_mean_oas,0.99992772,0.9963678391959798,0.0002,0.9832,14.059973734393028,23.07462635601273
SimpleHome_XCS7_1003_WHT_Security_Camera,30,5,195,collaborative_bartz_mean_oas,0.9999362399999999,0.9967959798994974,0.0,0.709,14.059973734393028,23.07462635601273
SimpleHome_XCS7_1003_WHT_Security_Camera,30,6,3626,oas_nominal,0.9999994000000001,0.9999698492462312,0.087,1.0,29.0,29.0
SimpleHome_XCS7_1003_WHT_Security_Camera,30,6,3626,oas_covariance_ess,0.9999994400000001,0.9999718592964824,0.0884,1.0,29.0,29.0
SimpleHome_XCS7_1003_WHT_Security_Camera,30,6,3626,bartz_hac,0.99999268,0.9996321608040202,0.0254,1.0,29.0,29.0
SimpleHome_XCS7_1003_WHT_Security_Camera,30,6,3626,shared_marginals,0.99999416,0.9997065326633165,0.0906,1.0,29.0,29.0
SimpleHome_XCS7_1003_WHT_Security_Camera,30,6,3626,collaborative_ess_mean_oas,0.9999996,0.9999798994974873,0.0968,1.0,29.0,29.0
SimpleHome_XCS7_1003_WHT_Security_Camera,30,6,3626,collaborative_bartz_mean_oas,0.99999272,0.9996341708542713,0.0112,1.0,29.0,29.0
SimpleHome_XCS7_1003_WHT_Security_Camera,30,7,12420,oas_nominal,0.99999968,0.9999839195979899,0.0786,1.0,29.0,29.0
SimpleHome_XCS7_1003_WHT_Security_Camera,30,7,12420,oas_covariance_ess,0.99999968,0.9999839195979899,0.091,1.0,29.0,29.0
SimpleHome_XCS7_1003_WHT_Security_Camera,30,7,12420,bartz_hac,0.99999968,0.9999839195979899,0.0224,1.0,29.0,29.0
SimpleHome_XCS7_1003_WHT_Security_Camera,30,7,12420,shared_marginals,0.99999968,0.9999839195979899,0.078,1.0,29.0,29.0
SimpleHome_XCS7_1003_WHT_Security_Camera,30,7,12420,collaborative_ess_mean_oas,0.99999968,0.9999839195979899,0.0812,1.0,29.0,29.0
SimpleHome_XCS7_1003_WHT_Security_Camera,30,7,12420,collaborative_bartz_mean_oas,0.99999968,0.9999839195979899,0.022,1.0,29.0,29.0
SimpleHome_XCS7_1003_WHT_Security_Camera,100,0,7098,oas_nominal,1.0,1.0,0.1384,1.0,99.0,99.0
SimpleHome_XCS7_1003_WHT_Security_Camera,100,0,7098,oas_covariance_ess,1.0,1.0,0.1386,1.0,99.0,99.0
SimpleHome_XCS7_1003_WHT_Security_Camera,100,0,7098,bartz_hac,0.9999998800000001,0.9999939698492462,0.0978,1.0,99.0,99.0
SimpleHome_XCS7_1003_WHT_Security_Camera,100,0,7098,shared_marginals,0.99999952,0.999975879396985,0.1604,1.0,99.0,99.0
SimpleHome_XCS7_1003_WHT_Security_Camera,100,0,7098,collaborative_ess_mean_oas,1.0,1.0,0.1376,1.0,99.0,99.0
SimpleHome_XCS7_1003_WHT_Security_Camera,100,0,7098,collaborative_bartz_mean_oas,0.9999998,0.9999899497487437,0.0936,1.0,99.0,99.0
SimpleHome_XCS7_1003_WHT_Security_Camera,100,1,4565,oas_nominal,1.0,1.0,0.0714,1.0,99.0,99.0
SimpleHome_XCS7_1003_WHT_Security_Camera,100,1,4565,oas_covariance_ess,1.0,1.0,0.0714,1.0,99.0,99.0
SimpleHome_XCS7_1003_WHT_Security_Camera,100,1,4565,bartz_hac,0.9999998,0.9999899497487437,0.086,1.0,99.0,99.0
SimpleHome_XCS7_1003_WHT_Security_Camera,100,1,4565,shared_marginals,1.0,1.0,0.05,1.0,99.0,99.0
SimpleHome_XCS7_1003_WHT_Security_Camera,100,1,4565,collaborative_ess_mean_oas,1.0,1.0,0.0696,1.0,99.0,99.0
SimpleHome_XCS7_1003_WHT_Security_Camera,100,1,4565,collaborative_bartz_mean_oas,0.9999998,0.9999899497487437,0.0846,1.0,99.0,99.0
SimpleHome_XCS7_1003_WHT_Security_Camera,100,2,3634,oas_nominal,1.0,1.0,0.2256,1.0,99.0,99.0
SimpleHome_XCS7_1003_WHT_Security_Camera,100,2,3634,oas_covariance_ess,1.0,1.0,0.2254,1.0,99.0,99.0
SimpleHome_XCS7_1003_WHT_Security_Camera,100,2,3634,bartz_hac,1.0,1.0,0.2234,1.0,99.0,99.0
SimpleHome_XCS7_1003_WHT_Security_Camera,100,2,3634,shared_marginals,0.99999952,0.999975879396985,0.1862,1.0,99.0,99.0
SimpleHome_XCS7_1003_WHT_Security_Camera,100,2,3634,collaborative_ess_mean_oas,1.0,1.0,0.225,1.0,99.0,99.0
SimpleHome_XCS7_1003_WHT_Security_Camera,100,2,3634,collaborative_bartz_mean_oas,1.0,1.0,0.219,1.0,99.0,99.0
SimpleHome_XCS7_1003_WHT_Security_Camera,100,3,3497,oas_nominal,1.0,1.0,0.4324,1.0,99.0,99.0
SimpleHome_XCS7_1003_WHT_Security_Camera,100,3,3497,oas_covariance_ess,1.0,1.0,0.433,1.0,99.0,99.0
SimpleHome_XCS7_1003_WHT_Security_Camera,100,3,3497,bartz_hac,0.9999922,0.999608040201005,0.385,1.0,99.0,99.0
SimpleHome_XCS7_1003_WHT_Security_Camera,100,3,3497,shared_marginals,0.9999963199999999,0.9998150753768844,0.4364,1.0,99.0,99.0
SimpleHome_XCS7_1003_WHT_Security_Camera,100,3,3497,collaborative_ess_mean_oas,1.0,1.0,0.4326,1.0,99.0,99.0
SimpleHome_XCS7_1003_WHT_Security_Camera,100,3,3497,collaborative_bartz_mean_oas,0.99999052,0.9995236180904522,0.3814,1.0,99.0,99.0
SimpleHome_XCS7_1003_WHT_Security_Camera,100,4,9384,oas_nominal,1.0,1.0,0.0132,1.0,99.0,99.0
SimpleHome_XCS7_1003_WHT_Security_Camera,100,4,9384,oas_covariance_ess,1.0,1.0,0.0132,1.0,99.0,99.0
SimpleHome_XCS7_1003_WHT_Security_Camera,100,4,9384,bartz_hac,1.0,1.0,0.0122,1.0,99.0,99.0
SimpleHome_XCS7_1003_WHT_Security_Camera,100,4,9384,shared_marginals,0.99999996,0.9999979899497488,0.013,1.0,99.0,99.0
SimpleHome_XCS7_1003_WHT_Security_Camera,100,4,9384,collaborative_ess_mean_oas,1.0,1.0,0.0132,1.0,99.0,99.0
SimpleHome_XCS7_1003_WHT_Security_Camera,100,4,9384,collaborative_bartz_mean_oas,1.0,1.0,0.0118,1.0,99.0,99.0
SimpleHome_XCS7_1003_WHT_Security_Camera,100,5,8246,oas_nominal,1.0,1.0,0.0268,1.0,99.0,99.0
SimpleHome_XCS7_1003_WHT_Security_Camera,100,5,8246,oas_covariance_ess,1.0,1.0,0.0274,1.0,99.0,99.0
SimpleHome_XCS7_1003_WHT_Security_Camera,100,5,8246,bartz_hac,1.0,1.0,0.02,1.0,99.0,99.0
SimpleHome_XCS7_1003_WHT_Security_Camera,100,5,8246,shared_marginals,0.9999998800000001,0.9999939698492462,0.0342,1.0,99.0,99.0
SimpleHome_XCS7_1003_WHT_Security_Camera,100,5,8246,collaborative_ess_mean_oas,1.0,1.0,0.0236,1.0,99.0,99.0
SimpleHome_XCS7_1003_WHT_Security_Camera,100,5,8246,collaborative_bartz_mean_oas,1.0,1.0,0.0164,1.0,99.0,99.0
SimpleHome_XCS7_1003_WHT_Security_Camera,100,6,12198,oas_nominal,0.9999959599999999,0.9997969849246231,0.9916,1.0,99.0,99.0
SimpleHome_XCS7_1003_WHT_Security_Camera,100,6,12198,oas_covariance_ess,0.99999604,0.9998010050251256,0.9916,1.0,99.0,99.0
SimpleHome_XCS7_1003_WHT_Security_Camera,100,6,12198,bartz_hac,0.9999864399999999,0.9993185929648241,0.987,1.0,99.0,99.0
SimpleHome_XCS7_1003_WHT_Security_Camera,100,6,12198,shared_marginals,0.9999931599999999,0.9996562814070351,0.9956,1.0,99.0,99.0
SimpleHome_XCS7_1003_WHT_Security_Camera,100,6,12198,collaborative_ess_mean_oas,0.9999967999999999,0.9998391959798996,0.9908,1.0,99.0,99.0
SimpleHome_XCS7_1003_WHT_Security_Camera,100,6,12198,collaborative_bartz_mean_oas,0.99998804,0.9993989949748744,0.9734,1.0,99.0,99.0
SimpleHome_XCS7_1003_WHT_Security_Camera,100,7,5721,oas_nominal,1.0,1.0,0.0144,1.0,99.0,99.0
SimpleHome_XCS7_1003_WHT_Security_Camera,100,7,5721,oas_covariance_ess,1.0,1.0,0.0144,1.0,99.0,99.0
SimpleHome_XCS7_1003_WHT_Security_Camera,100,7,5721,bartz_hac,1.0,1.0,0.0138,1.0,99.0,99.0
SimpleHome_XCS7_1003_WHT_Security_Camera,100,7,5721,shared_marginals,0.99999892,0.9999457286432161,0.0114,1.0,99.0,99.0
SimpleHome_XCS7_1003_WHT_Security_Camera,100,7,5721,collaborative_ess_mean_oas,1.0,1.0,0.0144,1.0,99.0,99.0
SimpleHome_XCS7_1003_WHT_Security_Camera,100,7,5721,collaborative_bartz_mean_oas,1.0,1.0,0.013,1.0,99.0,99.0
SimpleHome_XCS7_1003_WHT_Security_Camera,300,0,6377,oas_nominal,0.9999922,0.999608040201005,0.0,0.0058,56.723954980881174,56.2771597206738
SimpleHome_XCS7_1003_WHT_Security_Camera,300,0,6377,oas_covariance_ess,0.99999948,0.9999738693467337,0.0,0.0,56.723954980881174,56.2771597206738
SimpleHome_XCS7_1003_WHT_Security_Camera,300,0,6377,bartz_hac,1.0,1.0,0.0,0.0,56.723954980881174,56.2771597206738
SimpleHome_XCS7_1003_WHT_Security_Camera,300,0,6377,shared_marginals,0.9999996800000001,0.9999839195979899,0.0,0.5168,56.723954980881174,56.2771597206738
SimpleHome_XCS7_1003_WHT_Security_Camera,300,0,6377,collaborative_ess_mean_oas,0.9999992400000001,0.999961809045226,0.0,0.0,56.723954980881174,56.2771597206738
SimpleHome_XCS7_1003_WHT_Security_Camera,300,0,6377,collaborative_bartz_mean_oas,0.99999996,0.9999979899497488,0.0,0.0,56.723954980881174,56.2771597206738
SimpleHome_XCS7_1003_WHT_Security_Camera,300,1,4614,oas_nominal,0.9999996,0.9999798994974874,0.0332,1.0,299.0,299.0
SimpleHome_XCS7_1003_WHT_Security_Camera,300,1,4614,oas_covariance_ess,0.9999996,0.9999798994974874,0.0332,1.0,299.0,299.0
SimpleHome_XCS7_1003_WHT_Security_Camera,300,1,4614,bartz_hac,0.99995196,0.9975859296482412,0.0342,1.0,299.0,299.0
SimpleHome_XCS7_1003_WHT_Security_Camera,300,1,4614,shared_marginals,0.9999992799999999,0.9999638190954774,0.0342,1.0,299.0,299.0
SimpleHome_XCS7_1003_WHT_Security_Camera,300,1,4614,collaborative_ess_mean_oas,0.9999996,0.9999798994974874,0.0332,1.0,299.0,299.0
SimpleHome_XCS7_1003_WHT_Security_Camera,300,1,4614,collaborative_bartz_mean_oas,0.99995168,0.9975718592964824,0.0338,1.0,299.0,299.0
SimpleHome_XCS7_1003_WHT_Security_Camera,300,2,692,oas_nominal,1.0,1.0,0.0098,1.0,299.0,299.0
SimpleHome_XCS7_1003_WHT_Security_Camera,300,2,692,oas_covariance_ess,1.0,1.0,0.0098,1.0,299.0,299.0
SimpleHome_XCS7_1003_WHT_Security_Camera,300,2,692,bartz_hac,0.99999832,0.9999155778894473,0.009,1.0,299.0,299.0
SimpleHome_XCS7_1003_WHT_Security_Camera,300,2,692,shared_marginals,1.0,1.0,0.0106,1.0,299.0,299.0
SimpleHome_XCS7_1003_WHT_Security_Camera,300,2,692,collaborative_ess_mean_oas,1.0,1.0,0.01,1.0,299.0,299.0
SimpleHome_XCS7_1003_WHT_Security_Camera,300,2,692,collaborative_bartz_mean_oas,0.99999812,0.999905527638191,0.0092,1.0,299.0,299.0
SimpleHome_XCS7_1003_WHT_Security_Camera,300,3,11655,oas_nominal,0.99960616,0.9802090452261307,0.0,0.7146,299.0,119.79463738247647
SimpleHome_XCS7_1003_WHT_Security_Camera,300,3,11655,oas_covariance_ess,0.99970484,0.9851678391959798,0.0,0.4766,299.0,119.79463738247647
SimpleHome_XCS7_1003_WHT_Security_Camera,300,3,11655,bartz_hac,0.99965704,0.9827658291457286,0.0,0.0004,299.0,119.79463738247647
SimpleHome_XCS7_1003_WHT_Security_Camera,300,3,11655,shared_marginals,0.99978956,0.9894251256281408,0.0,0.778,299.0,119.79463738247647
SimpleHome_XCS7_1003_WHT_Security_Camera,300,3,11655,collaborative_ess_mean_oas,0.9997047600000001,0.9851638190954773,0.0,0.4764,299.0,119.79463738247647
SimpleHome_XCS7_1003_WHT_Security_Camera,300,3,11655,collaborative_bartz_mean_oas,0.99965688,0.9827577889447237,0.0,0.0,299.0,119.79463738247647
SimpleHome_XCS7_1003_WHT_Security_Camera,300,4,3826,oas_nominal,0.9999979600000001,0.999897487437186,0.0002,1.0,299.0,299.0
SimpleHome_XCS7_1003_WHT_Security_Camera,300,4,3826,oas_covariance_ess,0.9999979600000001,0.999897487437186,0.0002,1.0,299.0,299.0
SimpleHome_XCS7_1003_WHT_Security_Camera,300,4,3826,bartz_hac,0.9999926,0.9996281407035175,0.0002,1.0,299.0,299.0
SimpleHome_XCS7_1003_WHT_Security_Camera,300,4,3826,shared_marginals,0.9999988000000001,0.9999396984924623,0.0016,1.0,299.0,299.0
SimpleHome_XCS7_1003_WHT_Security_Camera,300,4,3826,collaborative_ess_mean_oas,0.9999979600000001,0.999897487437186,0.0002,1.0,299.0,299.0
SimpleHome_XCS7_1003_WHT_Security_Camera,300,4,3826,collaborative_bartz_mean_oas,0.9999926,0.9996281407035175,0.0002,1.0,299.0,299.0
SimpleHome_XCS7_1003_WHT_Security_Camera,300,5,5868,oas_nominal,0.9944766399999999,0.8993708542713568,0.0,0.4174,61.23259741139932,63.030208665944016
SimpleHome_XCS7_1003_WHT_Security_Camera,300,5,5868,oas_covariance_ess,0.9986548,0.9324020100502513,0.0,0.0,61.23259741139932,63.030208665944016
SimpleHome_XCS7_1003_WHT_Security_Camera,300,5,5868,bartz_hac,0.99901088,0.9502954773869348,0.0,0.0,61.23259741139932,63.030208665944016
SimpleHome_XCS7_1003_WHT_Security_Camera,300,5,5868,shared_marginals,0.99665644,0.8995718592964824,0.0,0.4174,61.23259741139932,63.030208665944016
SimpleHome_XCS7_1003_WHT_Security_Camera,300,5,5868,collaborative_ess_mean_oas,0.9990899599999999,0.9542693467336684,0.0,0.0036,61.23259741139932,63.030208665944016
SimpleHome_XCS7_1003_WHT_Security_Camera,300,5,5868,collaborative_bartz_mean_oas,0.99936692,0.9681869346733669,0.0,0.0,61.23259741139932,63.030208665944016
SimpleHome_XCS7_1003_WHT_Security_Camera,300,6,11568,oas_nominal,0.99999964,0.9999819095477387,0.0198,1.0,299.0,299.0
SimpleHome_XCS7_1003_WHT_Security_Camera,300,6,11568,oas_covariance_ess,0.99999964,0.9999819095477387,0.0198,1.0,299.0,299.0
SimpleHome_XCS7_1003_WHT_Security_Camera,300,6,11568,bartz_hac,0.99997988,0.9989889447236181,0.0298,1.0,299.0,299.0
SimpleHome_XCS7_1003_WHT_Security_Camera,300,6,11568,shared_marginals,0.9999994,0.9999698492462312,0.0168,1.0,299.0,299.0
SimpleHome_XCS7_1003_WHT_Security_Camera,300,6,11568,collaborative_ess_mean_oas,0.99999964,0.9999819095477387,0.0198,1.0,299.0,299.0
SimpleHome_XCS7_1003_WHT_Security_Camera,300,6,11568,collaborative_bartz_mean_oas,0.9999790000000001,0.9989447236180904,0.0302,1.0,299.0,299.0
SimpleHome_XCS7_1003_WHT_Security_Camera,300,7,539,oas_nominal,1.0,1.0,0.018,1.0,299.0,299.0
SimpleHome_XCS7_1003_WHT_Security_Camera,300,7,539,oas_covariance_ess,1.0,1.0,0.018,1.0,299.0,299.0
SimpleHome_XCS7_1003_WHT_Security_Camera,300,7,539,bartz_hac,1.0,1.0,0.0166,1.0,299.0,299.0
SimpleHome_XCS7_1003_WHT_Security_Camera,300,7,539,shared_marginals,0.99999992,0.9999959798994974,0.017,1.0,299.0,299.0
SimpleHome_XCS7_1003_WHT_Security_Camera,300,7,539,collaborative_ess_mean_oas,1.0,1.0,0.0176,1.0,299.0,299.0
SimpleHome_XCS7_1003_WHT_Security_Camera,300,7,539,collaborative_bartz_mean_oas,1.0,1.0,0.0162,1.0,299.0,299.0
SimpleHome_XCS7_1003_WHT_Security_Camera,1000,0,84,oas_nominal,0.9999436,0.9971658291457286,0.0,0.0,122.13709198245436,144.24479431554587
SimpleHome_XCS7_1003_WHT_Security_Camera,1000,0,84,oas_covariance_ess,0.99999952,0.9999758793969848,0.0,0.0,122.13709198245436,144.24479431554587
SimpleHome_XCS7_1003_WHT_Security_Camera,1000,0,84,bartz_hac,0.99999492,0.9997447236180904,0.0,0.0,122.13709198245436,144.24479431554587
SimpleHome_XCS7_1003_WHT_Security_Camera,1000,0,84,shared_marginals,0.99991884,0.9959216080402009,0.0,0.4278,122.13709198245436,144.24479431554587
SimpleHome_XCS7_1003_WHT_Security_Camera,1000,0,84,collaborative_ess_mean_oas,0.99999976,0.9999879396984924,0.0,0.0,122.13709198245436,144.24479431554587
SimpleHome_XCS7_1003_WHT_Security_Camera,1000,0,84,collaborative_bartz_mean_oas,0.99999728,0.9998633165829145,0.0,0.0,122.13709198245436,144.24479431554587
SimpleHome_XCS7_1003_WHT_Security_Camera,1000,1,8920,oas_nominal,1.0,1.0,0.0044,1.0,999.0,999.0
SimpleHome_XCS7_1003_WHT_Security_Camera,1000,1,8920,oas_covariance_ess,1.0,1.0,0.0044,1.0,999.0,999.0
SimpleHome_XCS7_1003_WHT_Security_Camera,1000,1,8920,bartz_hac,0.99999992,0.9999959798994974,0.0048,1.0,999.0,999.0
SimpleHome_XCS7_1003_WHT_Security_Camera,1000,1,8920,shared_marginals,1.0,1.0,0.006,1.0,999.0,999.0
SimpleHome_XCS7_1003_WHT_Security_Camera,1000,1,8920,collaborative_ess_mean_oas,1.0,1.0,0.0044,1.0,999.0,999.0
SimpleHome_XCS7_1003_WHT_Security_Camera,1000,1,8920,collaborative_bartz_mean_oas,0.99999992,0.9999959798994974,0.0048,1.0,999.0,999.0
SimpleHome_XCS7_1003_WHT_Security_Camera,1000,2,5836,oas_nominal,0.99847844,0.9235396984924623,0.0,0.4122,122.77017945906171,153.30953521296695
SimpleHome_XCS7_1003_WHT_Security_Camera,1000,2,5836,oas_covariance_ess,0.99976184,0.9880321608040201,0.0,0.4112,122.77017945906171,153.30953521296695
SimpleHome_XCS7_1003_WHT_Security_Camera,1000,2,5836,bartz_hac,0.99960312,0.9800562814070352,0.0,0.4038,122.77017945906171,153.30953521296695
SimpleHome_XCS7_1003_WHT_Security_Camera,1000,2,5836,shared_marginals,0.998564,0.9278391959798995,0.0,0.4122,122.77017945906171,153.30953521296695
SimpleHome_XCS7_1003_WHT_Security_Camera,1000,2,5836,collaborative_ess_mean_oas,0.9997619600000001,0.9880381909547739,0.0,0.4092,122.77017945906171,153.30953521296695
SimpleHome_XCS7_1003_WHT_Security_Camera,1000,2,5836,collaborative_bartz_mean_oas,0.99960328,0.9800643216080402,0.0,0.366,122.77017945906171,153.30953521296695
SimpleHome_XCS7_1003_WHT_Security_Camera,1000,3,11577,oas_nominal,0.99664596,0.897191959798995,0.0,0.5216,996.1222180945232,442.9687201788017
SimpleHome_XCS7_1003_WHT_Security_Camera,1000,3,11577,oas_covariance_ess,0.9980374799999999,0.9013809045226131,0.0,0.5562,996.1222180945232,442.9687201788017
SimpleHome_XCS7_1003_WHT_Security_Camera,1000,3,11577,bartz_hac,0.99730068,0.897224120603015,0.0,0.5158,996.1222180945232,442.9687201788017
SimpleHome_XCS7_1003_WHT_Security_Camera,1000,3,11577,shared_marginals,0.99787384,0.8972663316582914,0.0,0.5774,996.1222180945232,442.9687201788017
SimpleHome_XCS7_1003_WHT_Security_Camera,1000,3,11577,collaborative_ess_mean_oas,0.99816012,0.9075437185929649,0.0,0.557,996.1222180945232,442.9687201788017
SimpleHome_XCS7_1003_WHT_Security_Camera,1000,3,11577,collaborative_bartz_mean_oas,0.99758704,0.8972341708542714,0.0,0.518,996.1222180945232,442.9687201788017
SimpleHome_XCS7_1003_WHT_Security_Camera,1000,4,8509,oas_nominal,0.99937892,0.9687899497487438,0.0,0.4156,353.22290163529715,194.49307605577656
SimpleHome_XCS7_1003_WHT_Security_Camera,1000,4,8509,oas_covariance_ess,0.9998744399999999,0.9936904522613066,0.0,0.0,353.22290163529715,194.49307605577656
SimpleHome_XCS7_1003_WHT_Security_Camera,1000,4,8509,bartz_hac,0.9997946,0.989678391959799,0.0,0.0,353.22290163529715,194.49307605577656
SimpleHome_XCS7_1003_WHT_Security_Camera,1000,4,8509,shared_marginals,0.99958256,0.9790231155778895,0.0,0.4702,353.22290163529715,194.49307605577656
SimpleHome_XCS7_1003_WHT_Security_Camera,1000,4,8509,collaborative_ess_mean_oas,0.9998746,0.9936984924623116,0.0,0.0,353.22290163529715,194.49307605577656
SimpleHome_XCS7_1003_WHT_Security_Camera,1000,4,8509,collaborative_bartz_mean_oas,0.99979476,0.9896864321608041,0.0,0.0,353.22290163529715,194.49307605577656
SimpleHome_XCS7_1003_WHT_Security_Camera,1000,5,3492,oas_nominal,0.9999916400000001,0.9995798994974874,0.005,1.0,999.0,999.0
SimpleHome_XCS7_1003_WHT_Security_Camera,1000,5,3492,oas_covariance_ess,0.9999916400000001,0.9995798994974874,0.0052,1.0,999.0,999.0
SimpleHome_XCS7_1003_WHT_Security_Camera,1000,5,3492,bartz_hac,0.99995056,0.9975155778894471,0.0018,1.0,999.0,999.0
SimpleHome_XCS7_1003_WHT_Security_Camera,1000,5,3492,shared_marginals,0.9999968,0.9998391959798996,0.0086,1.0,999.0,999.0
SimpleHome_XCS7_1003_WHT_Security_Camera,1000,5,3492,collaborative_ess_mean_oas,0.9999916400000001,0.9995798994974874,0.0052,1.0,999.0,999.0
SimpleHome_XCS7_1003_WHT_Security_Camera,1000,5,3492,collaborative_bartz_mean_oas,0.9999504,0.9975075376884421,0.0018,1.0,999.0,999.0
SimpleHome_XCS7_1003_WHT_Security_Camera,1000,6,8506,oas_nominal,0.99930012,0.9648301507537689,0.0,0.4216,358.94814819472947,193.6337102208049
SimpleHome_XCS7_1003_WHT_Security_Camera,1000,6,8506,oas_covariance_ess,0.9998349599999999,0.9917065326633165,0.0,0.0,358.94814819472947,193.6337102208049
SimpleHome_XCS7_1003_WHT_Security_Camera,1000,6,8506,bartz_hac,0.9997152,0.9856884422110552,0.0,0.0,358.94814819472947,193.6337102208049
SimpleHome_XCS7_1003_WHT_Security_Camera,1000,6,8506,shared_marginals,0.99954192,0.976980904522613,0.0,0.4836,358.94814819472947,193.6337102208049
SimpleHome_XCS7_1003_WHT_Security_Camera,1000,6,8506,collaborative_ess_mean_oas,0.99983508,0.9917125628140704,0.0,0.0,358.94814819472947,193.6337102208049
SimpleHome_XCS7_1003_WHT_Security_Camera,1000,6,8506,collaborative_bartz_mean_oas,0.99975468,0.9876723618090453,0.0,0.0,358.94814819472947,193.6337102208049
SimpleHome_XCS7_1003_WHT_Security_Camera,1000,7,10956,oas_nominal,0.9998813599999999,0.9940381909547737,0.0,0.4876,359.63685125708054,255.27580145242737
SimpleHome_XCS7_1003_WHT_Security_Camera,1000,7,10956,oas_covariance_ess,0.99995736,0.9978572864321609,0.0,0.4888,359.63685125708054,255.27580145242737
SimpleHome_XCS7_1003_WHT_Security_Camera,1000,7,10956,bartz_hac,0.9999507999999999,0.9975276381909548,0.0,0.4234,359.63685125708054,255.27580145242737
SimpleHome_XCS7_1003_WHT_Security_Camera,1000,7,10956,shared_marginals,0.99990384,0.99516783919598,0.0,0.5156,359.63685125708054,255.27580145242737
SimpleHome_XCS7_1003_WHT_Security_Camera,1000,7,10956,collaborative_ess_mean_oas,0.99995736,0.9978572864321609,0.0,0.4888,359.63685125708054,255.27580145242737
SimpleHome_XCS7_1003_WHT_Security_Camera,1000,7,10956,collaborative_bartz_mean_oas,0.9999501199999999,0.9974934673366833,0.0,0.4234,359.63685125708054,255.27580145242737
