device,support_n,replicate,offset,method,peer_weight,auroc,spauc01,fpr,tpr
Danmini_Doorbell,30,0,3066,shared_oas,1.0,0.9996377599999999,0.9817969849246231,0.0934,1.0
Danmini_Doorbell,30,0,3066,local_oas,0.0,0.99971524,0.9856904522613066,0.0816,1.0
Danmini_Doorbell,30,0,3066,peer_cov_fixed,1.0,0.9996718,0.9835075376884423,0.0918,1.0
Danmini_Doorbell,30,0,3066,risk_blend,0.013576215665665846,0.9996167199999999,0.9807396984924623,0.1114,1.0
Danmini_Doorbell,30,0,3066,risk_blend_mismatch,0.0022319137377275716,0.9997145199999999,0.985654271356784,0.0918,1.0
Danmini_Doorbell,30,0,3066,peer_cov_soft,1.0,0.99930964,0.9653085427135679,0.084,1.0
Danmini_Doorbell,30,0,3066,risk_soft_cov,0.9635352654755568,0.99930964,0.9653085427135679,0.0632,1.0
Danmini_Doorbell,30,0,3066,risk_soft_cov_mismatch,0.004643309514147765,0.99939964,0.9698311557788946,0.0936,1.0
Danmini_Doorbell,30,1,10169,shared_oas,1.0,0.9991022,0.9548844221105528,0.087,1.0
Danmini_Doorbell,30,1,10169,local_oas,0.0,0.99907996,0.9537668341708543,0.0492,1.0
Danmini_Doorbell,30,1,10169,peer_cov_fixed,1.0,0.9995944400000001,0.9796201005025126,0.1216,1.0
Danmini_Doorbell,30,1,10169,risk_blend,0.016324528191351276,0.99938612,0.96915175879397,0.094,1.0
Danmini_Doorbell,30,1,10169,risk_blend_mismatch,0.0026880172859358605,0.99926484,0.9630572864321607,0.0704,1.0
Danmini_Doorbell,30,1,10169,peer_cov_soft,1.0,0.9990292399999999,0.9512180904522614,0.1386,1.0
Danmini_Doorbell,30,1,10169,risk_soft_cov,0.969569384792132,0.999029,0.9512060301507538,0.1028,1.0
Danmini_Doorbell,30,1,10169,risk_soft_cov_mismatch,0.005554818658993573,0.9991142,0.9554874371859297,0.0812,1.0
Danmini_Doorbell,30,2,13306,shared_oas,1.0,0.9992416399999999,0.9618914572864321,0.4022,1.0
Danmini_Doorbell,30,2,13306,local_oas,0.0,0.9992095599999999,0.9602793969849246,0.303,1.0
Danmini_Doorbell,30,2,13306,peer_cov_fixed,1.0,0.99963948,0.9818834170854271,0.3384,1.0
Danmini_Doorbell,30,2,13306,risk_blend,0.012899619901272719,0.9995206799999999,0.9759135678391959,0.3684,1.0
Danmini_Doorbell,30,2,13306,risk_blend_mismatch,0.0020874330857899533,0.99942884,0.9712984924623116,0.3112,1.0
Danmini_Doorbell,30,2,13306,peer_cov_soft,1.0,0.99920268,0.9599336683417086,0.3032,1.0
Danmini_Doorbell,30,2,13306,risk_soft_cov,0.9616706544599579,0.99919812,0.9597045226130654,0.263,1.0
Danmini_Doorbell,30,2,13306,risk_soft_cov_mismatch,0.004360712029159188,0.9992750800000001,0.9635718592964825,0.327,1.0
Danmini_Doorbell,30,3,27615,shared_oas,1.0,0.9995086799999999,0.9753105527638191,0.17,1.0
Danmini_Doorbell,30,3,27615,local_oas,0.0,0.99947524,0.9736301507537688,0.141,1.0
Danmini_Doorbell,30,3,27615,peer_cov_fixed,1.0,0.99963536,0.9816763819095478,0.1462,1.0
Danmini_Doorbell,30,3,27615,risk_blend,0.013453189589049844,0.99980904,0.9904040201005027,0.2014,1.0
Danmini_Doorbell,30,3,27615,risk_blend_mismatch,0.0021838021438308694,0.99964492,0.982156783919598,0.1688,1.0
Danmini_Doorbell,30,3,27615,peer_cov_soft,1.0,0.999143,0.9569346733668342,0.1998,1.0
Danmini_Doorbell,30,3,27615,risk_soft_cov,0.9632096520835678,0.99913996,0.9567819095477386,0.118,1.0
Danmini_Doorbell,30,3,27615,risk_soft_cov_mismatch,0.004572749687952862,0.9993282,0.9662412060301507,0.1764,1.0
Danmini_Doorbell,30,4,18659,shared_oas,1.0,0.99900312,0.9499055276381909,0.1614,1.0
Danmini_Doorbell,30,4,18659,local_oas,0.0,0.9991878,0.9591859296482412,0.1586,1.0
Danmini_Doorbell,30,4,18659,peer_cov_fixed,1.0,0.99954332,0.9770512562814071,0.1418,1.0
Danmini_Doorbell,30,4,18659,risk_blend,0.011352547547688663,0.9994869599999999,0.9742190954773868,0.2224,1.0
Danmini_Doorbell,30,4,18659,risk_blend_mismatch,0.001840506323838498,0.99951412,0.9755839195979901,0.1876,1.0
Danmini_Doorbell,30,4,18659,peer_cov_soft,1.0,0.99920692,0.9601467336683418,0.1582,1.0
Danmini_Doorbell,30,4,18659,risk_soft_cov,0.9566086597316702,0.9992015599999999,0.9598773869346734,0.0902,1.0
Danmini_Doorbell,30,4,18659,risk_soft_cov_mismatch,0.0038244767375173253,0.9992899599999999,0.9643195979899497,0.1592,1.0
Danmini_Doorbell,30,5,31107,shared_oas,1.0,0.9995103200000001,0.9753929648241206,0.8878,1.0
Danmini_Doorbell,30,5,31107,local_oas,0.0,0.9995113600000001,0.9754452261306532,0.9208,1.0
Danmini_Doorbell,30,5,31107,peer_cov_fixed,1.0,0.9997588000000001,0.9878793969849247,0.9344,1.0
Danmini_Doorbell,30,5,31107,risk_blend,0.014120053483807902,0.99956676,0.9782291457286432,0.9532,1.0
Danmini_Doorbell,30,5,31107,risk_blend_mismatch,0.002310246079010253,0.99950488,0.9751195979899497,0.9438,1.0
Danmini_Doorbell,30,5,31107,peer_cov_soft,1.0,0.99948052,0.9738954773869346,0.212,1.0
Danmini_Doorbell,30,5,31107,risk_soft_cov,0.9649090827674192,0.99948052,0.9738954773869346,0.1406,1.0
Danmini_Doorbell,30,5,31107,risk_soft_cov_mismatch,0.004795577167046865,0.99948104,0.973921608040201,0.9414,1.0
Danmini_Doorbell,30,6,9331,shared_oas,1.0,0.99934616,0.9671437185929648,0.091,1.0
Danmini_Doorbell,30,6,9331,local_oas,0.0,0.99929184,0.9644140703517587,0.0816,1.0
Danmini_Doorbell,30,6,9331,peer_cov_fixed,1.0,0.99975852,0.9878653266331658,0.0756,1.0
Danmini_Doorbell,30,6,9331,risk_blend,0.015030942129285537,0.99962872,0.9813427135678392,0.1068,1.0
Danmini_Doorbell,30,6,9331,risk_blend_mismatch,0.002481811062759792,0.99957136,0.9784603015075377,0.0952,1.0
Danmini_Doorbell,30,6,9331,peer_cov_soft,1.0,0.99924684,0.9621527638190955,0.1024,1.0
Danmini_Doorbell,30,6,9331,risk_soft_cov,0.9669948889566863,0.99924684,0.9621527638190955,0.0784,1.0
Danmini_Doorbell,30,6,9331,risk_soft_cov_mismatch,0.005159009559565018,0.99942324,0.9710170854271356,0.099,1.0
Danmini_Doorbell,30,7,30718,shared_oas,1.0,0.99965376,0.9826010050251257,0.1562,1.0
Danmini_Doorbell,30,7,30718,local_oas,0.0,0.99967476,0.9836562814070352,0.1204,1.0
Danmini_Doorbell,30,7,30718,peer_cov_fixed,1.0,0.99952092,0.9759256281407036,0.1524,1.0
Danmini_Doorbell,30,7,30718,risk_blend,0.014787837858224429,0.9996216,0.9809849246231156,0.1948,1.0
Danmini_Doorbell,30,7,30718,risk_blend_mismatch,0.0024159762720612032,0.99969332,0.984588944723618,0.1676,1.0
Danmini_Doorbell,30,7,30718,peer_cov_soft,1.0,0.99924768,0.9621949748743719,0.1938,1.0
Danmini_Doorbell,30,7,30718,risk_soft_cov,0.9664624969509458,0.99924492,0.9620562814070353,0.117,1.0
Danmini_Doorbell,30,7,30718,risk_soft_cov_mismatch,0.004987335422245855,0.99943456,0.9715859296482412,0.1612,1.0
Danmini_Doorbell,30,8,4527,shared_oas,1.0,0.99928928,0.9642854271356784,0.0944,1.0
Danmini_Doorbell,30,8,4527,local_oas,0.0,0.99931516,0.9655859296482412,0.0898,1.0
Danmini_Doorbell,30,8,4527,peer_cov_fixed,1.0,0.999574,0.9785929648241205,0.0868,1.0
Danmini_Doorbell,30,8,4527,risk_blend,0.013754297451827211,0.99971608,0.9857326633165828,0.1008,1.0
Danmini_Doorbell,30,8,4527,risk_blend_mismatch,0.0022530119997499092,0.9994492,0.9723216080402011,0.094,1.0
Danmini_Doorbell,30,8,4527,peer_cov_soft,1.0,0.9992127599999999,0.9604402010050251,0.0954,1.0
Danmini_Doorbell,30,8,4527,risk_soft_cov,0.9639966533085297,0.9992101999999999,0.9603115577889447,0.0664,1.0
Danmini_Doorbell,30,8,4527,risk_soft_cov_mismatch,0.004710904038219116,0.99928076,0.9638572864321607,0.0894,1.0
Danmini_Doorbell,30,9,4724,shared_oas,1.0,0.99886784,0.9431075376884421,0.3488,1.0
Danmini_Doorbell,30,9,4724,local_oas,0.0,0.9989198,0.9457185929648242,0.2874,1.0
Danmini_Doorbell,30,9,4724,peer_cov_fixed,1.0,0.9998438799999999,0.9921547738693467,0.1812,1.0
Danmini_Doorbell,30,9,4724,risk_blend,0.014668911414371422,0.99964316,0.9820683417085427,0.354,1.0
Danmini_Doorbell,30,9,4724,risk_blend_mismatch,0.00239688657165237,0.9993930799999999,0.9695015075376885,0.3146,1.0
Danmini_Doorbell,30,9,4724,peer_cov_soft,1.0,0.999368,0.9682412060301508,0.2,1.0
Danmini_Doorbell,30,9,4724,risk_soft_cov,0.9661958438290567,0.99936372,0.9680261306532664,0.1234,1.0
Danmini_Doorbell,30,9,4724,risk_soft_cov_mismatch,0.004943476837182726,0.99933328,0.9664964824120603,0.3176,1.0
Danmini_Doorbell,30,10,4582,shared_oas,1.0,0.99922624,0.9611175879396985,0.2026,1.0
Danmini_Doorbell,30,10,4582,local_oas,0.0,0.9991656,0.958070351758794,0.1782,1.0
Danmini_Doorbell,30,10,4582,peer_cov_fixed,1.0,0.99963448,0.9816321608040202,0.2436,1.0
Danmini_Doorbell,30,10,4582,risk_blend,0.011475588493174293,0.9995758800000001,0.9786874371859297,0.2034,1.0
Danmini_Doorbell,30,10,4582,risk_blend_mismatch,0.0018584581219580096,0.9993494399999999,0.9673085427135679,0.1882,1.0
Danmini_Doorbell,30,10,4582,peer_cov_soft,1.0,0.9992951200000001,0.9645788944723619,0.263,1.0
Danmini_Doorbell,30,10,4582,risk_soft_cov,0.9570590355189685,0.99928604,0.9641226130653267,0.1706,1.0
Danmini_Doorbell,30,10,4582,risk_soft_cov_mismatch,0.0038863799447170287,0.99924908,0.9622653266331658,0.1892,1.0
Danmini_Doorbell,30,11,17120,shared_oas,1.0,0.99954368,0.9770693467336683,0.2866,1.0
Danmini_Doorbell,30,11,17120,local_oas,0.0,0.999477,0.9737185929648242,0.2606,1.0
Danmini_Doorbell,30,11,17120,peer_cov_fixed,1.0,0.99972892,0.9863778894472361,0.228,1.0
Danmini_Doorbell,30,11,17120,risk_blend,0.015071709866351498,0.99970076,0.9849628140703518,0.288,1.0
Danmini_Doorbell,30,11,17120,risk_blend_mismatch,0.0024672831534247623,0.99961748,0.9807778894472362,0.2684,1.0
Danmini_Doorbell,30,11,17120,peer_cov_soft,1.0,0.99940652,0.9701768844221106,0.232,1.0
Danmini_Doorbell,30,11,17120,risk_soft_cov,0.9670825438640002,0.99940136,0.9699175879396985,0.1484,1.0
Danmini_Doorbell,30,11,17120,risk_soft_cov_mismatch,0.005091366308674339,0.9994810000000001,0.9739195979899498,0.2656,1.0
Danmini_Doorbell,30,12,31305,shared_oas,1.0,0.9994604,0.9728844221105528,0.9656,1.0
Danmini_Doorbell,30,12,31305,local_oas,0.0,0.99937592,0.9686391959798994,0.9566,1.0
Danmini_Doorbell,30,12,31305,peer_cov_fixed,1.0,0.99950728,0.9752402010050252,0.8502,1.0
Danmini_Doorbell,30,12,31305,risk_blend,0.01222807428568411,0.99945776,0.9727517587939698,0.9596,1.0
Danmini_Doorbell,30,12,31305,risk_blend_mismatch,0.001991656022314012,0.99952768,0.9762653266331658,0.9616,1.0
Danmini_Doorbell,30,12,31305,peer_cov_soft,1.0,0.99914312,0.956940703517588,0.3754,1.0
Danmini_Doorbell,30,12,31305,risk_soft_cov,0.959624262813333,0.99913964,0.9567658291457286,0.3488,1.0
Danmini_Doorbell,30,12,31305,risk_soft_cov_mismatch,0.004150638456174348,0.99926316,0.962972864321608,0.9602,1.0
Danmini_Doorbell,30,13,18998,shared_oas,1.0,0.9991460799999999,0.957089447236181,0.2032,1.0
Danmini_Doorbell,30,13,18998,local_oas,0.0,0.9992549199999999,0.9625587939698492,0.1796,1.0
Danmini_Doorbell,30,13,18998,peer_cov_fixed,1.0,0.9997332800000001,0.9865969849246231,0.197,1.0
Danmini_Doorbell,30,13,18998,risk_blend,0.010284334635256725,0.99963692,0.9817547738693467,0.215,1.0
Danmini_Doorbell,30,13,18998,risk_blend_mismatch,0.001660726340844897,0.9993603600000001,0.9678572864321608,0.2002,1.0
Danmini_Doorbell,30,13,18998,peer_cov_soft,1.0,0.9993602,0.9678492462311556,0.3334,1.0
Danmini_Doorbell,30,13,18998,risk_soft_cov,0.9522675354856892,0.99936004,0.9678412060301507,0.3004,1.0
Danmini_Doorbell,30,13,18998,risk_soft_cov_mismatch,0.0034779832713449322,0.9993062,0.9651356783919598,0.2104,1.0
Danmini_Doorbell,30,14,349,shared_oas,1.0,0.9988937999999999,0.9444120603015076,0.9168,1.0
Danmini_Doorbell,30,14,349,local_oas,0.0,0.99893112,0.9462874371859297,0.9038,1.0
Danmini_Doorbell,30,14,349,peer_cov_fixed,1.0,0.99951232,0.9754934673366835,0.5918,1.0
Danmini_Doorbell,30,14,349,risk_blend,0.012120440478623604,0.99934948,0.967310552763819,0.9276,1.0
Danmini_Doorbell,30,14,349,risk_blend_mismatch,0.0019702690177022895,0.99906764,0.9531477386934673,0.918,1.0
Danmini_Doorbell,30,14,349,peer_cov_soft,1.0,0.9990128399999999,0.9503939698492463,0.4136,1.0
Danmini_Doorbell,30,14,349,risk_soft_cov,0.9592760556596869,0.99900532,0.9500160804020101,0.3984,1.0
Danmini_Doorbell,30,14,349,risk_soft_cov_mismatch,0.004114652651623373,0.9990149199999999,0.9504984924623117,0.9278,1.0
Danmini_Doorbell,30,15,13437,shared_oas,1.0,0.91447988,0.8843437185929648,0.0012,0.6342
Danmini_Doorbell,30,15,13437,local_oas,0.0,0.9060438,0.889175879396985,0.0,0.4536
Danmini_Doorbell,30,15,13437,peer_cov_fixed,1.0,0.99980244,0.9900723618090452,0.0038,0.9998
Danmini_Doorbell,30,15,13437,risk_blend,0.09886427762931833,0.9490373999999999,0.9000060301507538,0.0,0.5572
Danmini_Doorbell,30,15,13437,risk_blend_mismatch,0.020639022100656185,0.9144508800000002,0.8926753768844221,0.0,0.4534
Danmini_Doorbell,30,15,13437,peer_cov_soft,1.0,0.99937312,0.9684984924623116,0.0058,1.0
Danmini_Doorbell,30,15,13437,risk_soft_cov,0.9952774093971162,0.99933404,0.9665346733668342,0.0058,1.0
Danmini_Doorbell,30,15,13437,risk_soft_cov_mismatch,0.04753137238575722,0.9145898000000001,0.8976984924623116,0.0,0.4738
Danmini_Doorbell,30,16,18320,shared_oas,1.0,0.99918064,0.9588261306532664,0.1216,1.0
Danmini_Doorbell,30,16,18320,local_oas,0.0,0.99897684,0.9485849246231155,0.1034,1.0
Danmini_Doorbell,30,16,18320,peer_cov_fixed,1.0,0.9995877599999999,0.9792844221105528,0.1044,1.0
Danmini_Doorbell,30,16,18320,risk_blend,0.022281892084878175,0.9995642,0.9781005025125629,0.1188,1.0
Danmini_Doorbell,30,16,18320,risk_blend_mismatch,0.003689439987858877,0.99937672,0.9686793969849247,0.1084,1.0
Danmini_Doorbell,30,16,18320,peer_cov_soft,1.0,0.99925544,0.9625849246231155,0.0726,1.0
Danmini_Doorbell,30,16,18320,risk_soft_cov,0.9776556290868192,0.99925168,0.9623959798994974,0.0642,1.0
Danmini_Doorbell,30,16,18320,risk_soft_cov_mismatch,0.0075455266503052275,0.99930472,0.9650613065326634,0.0988,1.0
Danmini_Doorbell,30,17,21163,shared_oas,1.0,0.99925392,0.9625085427135678,0.1558,1.0
Danmini_Doorbell,30,17,21163,local_oas,0.0,0.9992470800000001,0.9621648241206031,0.1098,1.0
Danmini_Doorbell,30,17,21163,peer_cov_fixed,1.0,0.99962632,0.9812221105527639,0.1702,1.0
Danmini_Doorbell,30,17,21163,risk_blend,0.015097294152458878,0.999497,0.9747236180904523,0.1664,1.0
Danmini_Doorbell,30,17,21163,risk_blend_mismatch,0.002469713142244289,0.99931304,0.9654793969849247,0.1328,1.0
Danmini_Doorbell,30,17,21163,peer_cov_soft,1.0,0.9992460000000001,0.9621105527638192,0.2928,1.0
Danmini_Doorbell,30,17,21163,risk_soft_cov,0.9671373190652292,0.99924228,0.9619236180904522,0.2094,1.0
Danmini_Doorbell,30,17,21163,risk_soft_cov_mismatch,0.0050939419284264376,0.99932432,0.9660462311557789,0.1428,1.0
Danmini_Doorbell,30,18,7049,shared_oas,1.0,0.9990058799999999,0.9500442211055277,0.109,1.0
Danmini_Doorbell,30,18,7049,local_oas,0.0,0.99903796,0.9516562814070353,0.0802,1.0
Danmini_Doorbell,30,18,7049,peer_cov_fixed,1.0,0.99971256,0.9855557788944724,0.1132,1.0
Danmini_Doorbell,30,18,7049,risk_blend,0.013073527921141597,0.9995124000000001,0.975497487437186,0.124,1.0
Danmini_Doorbell,30,18,7049,risk_blend_mismatch,0.002133208598915847,0.99929488,0.9645668341708542,0.1024,1.0
Danmini_Doorbell,30,18,7049,peer_cov_soft,1.0,0.9991749999999999,0.9585427135678393,0.2544,1.0
Danmini_Doorbell,30,18,7049,risk_soft_cov,0.9621676444534886,0.9991726,0.9584221105527637,0.1636,1.0
Danmini_Doorbell,30,18,7049,risk_soft_cov_mismatch,0.0044712842397006455,0.99921488,0.9605467336683418,0.126,1.0
Danmini_Doorbell,30,19,14968,shared_oas,1.0,0.9997737999999999,0.9886331658291456,0.1514,1.0
Danmini_Doorbell,30,19,14968,local_oas,0.0,0.99977476,0.9886814070351758,0.1384,1.0
Danmini_Doorbell,30,19,14968,peer_cov_fixed,1.0,0.99966944,0.9833889447236182,0.1532,1.0
Danmini_Doorbell,30,19,14968,risk_blend,0.01682891296972803,0.9997409599999999,0.9869829145728644,0.1796,1.0
Danmini_Doorbell,30,19,14968,risk_blend_mismatch,0.0027591318540799987,0.99978156,0.9890231155778895,0.158,1.0
Danmini_Doorbell,30,19,14968,peer_cov_soft,1.0,0.9994266399999999,0.9711879396984924,0.1106,1.0
Danmini_Doorbell,30,19,14968,risk_soft_cov,0.9704691859501359,0.9994266399999999,0.9711879396984924,0.0914,1.0
Danmini_Doorbell,30,19,14968,risk_soft_cov_mismatch,0.005694627154510994,0.9995552799999999,0.9776522613065327,0.139,1.0
Danmini_Doorbell,30,20,31320,shared_oas,1.0,0.99943516,0.97161608040201,0.0864,1.0
Danmini_Doorbell,30,20,31320,local_oas,0.0,0.9994876,0.974251256281407,0.0692,1.0
Danmini_Doorbell,30,20,31320,peer_cov_fixed,1.0,0.99967376,0.9836060301507538,0.243,1.0
Danmini_Doorbell,30,20,31320,risk_blend,0.015346470264262122,0.999592,0.9794974874371859,0.7656,1.0
Danmini_Doorbell,30,20,31320,risk_blend_mismatch,0.002536985424256685,0.9996322400000001,0.9815195979899498,0.5246,1.0
Danmini_Doorbell,30,20,31320,peer_cov_soft,1.0,0.99943344,0.971529648241206,0.2928,1.0
Danmini_Doorbell,30,20,31320,risk_soft_cov,0.9676615601473743,0.99942972,0.9713427135678392,0.2084,1.0
Danmini_Doorbell,30,20,31320,risk_soft_cov_mismatch,0.0052865799296190905,0.99948472,0.9741065326633166,0.5368,1.0
Danmini_Doorbell,30,21,29678,shared_oas,1.0,0.9994424399999999,0.9719819095477387,0.1466,1.0
Danmini_Doorbell,30,21,29678,local_oas,0.0,0.9994048799999999,0.970094472361809,0.1348,1.0
Danmini_Doorbell,30,21,29678,peer_cov_fixed,1.0,0.99952464,0.9761125628140703,0.1834,1.0
Danmini_Doorbell,30,21,29678,risk_blend,0.01507031443392533,0.99947972,0.9738552763819095,0.174,1.0
Danmini_Doorbell,30,21,29678,risk_blend_mismatch,0.0024671468189035165,0.99948604,0.9741728643216081,0.149,1.0
Danmini_Doorbell,30,21,29678,peer_cov_soft,1.0,0.9991722000000001,0.9584020100502513,0.1354,1.0
Danmini_Doorbell,30,21,29678,risk_soft_cov,0.9670795511146115,0.99912744,0.9561527638190954,0.0998,1.0
Danmini_Doorbell,30,21,29678,risk_soft_cov_mismatch,0.0050829709077838655,0.999251,0.9623618090452262,0.1396,1.0
Danmini_Doorbell,30,22,31133,shared_oas,1.0,0.999447,0.9722110552763819,0.8502,1.0
Danmini_Doorbell,30,22,31133,local_oas,0.0,0.99944284,0.9720020100502513,0.8784,1.0
Danmini_Doorbell,30,22,31133,peer_cov_fixed,1.0,0.99959764,0.9797809045226131,0.788,1.0
Danmini_Doorbell,30,22,31133,risk_blend,0.015097648893966541,0.99962796,0.9813045226130652,0.9282,1.0
Danmini_Doorbell,30,22,31133,risk_blend_mismatch,0.0024888255236526187,0.9994894,0.9743417085427135,0.9024,1.0
Danmini_Doorbell,30,22,31133,peer_cov_soft,1.0,0.99922844,0.9612281407035177,0.082,1.0
Danmini_Doorbell,30,22,31133,risk_soft_cov,0.9671380772949923,0.99922532,0.9610713567839195,0.067,1.0
Danmini_Doorbell,30,22,31133,risk_soft_cov_mismatch,0.005163638457995766,0.99936036,0.9678572864321608,0.894,1.0
Danmini_Doorbell,30,23,24004,shared_oas,1.0,0.99945368,0.9725467336683417,0.3446,1.0
Danmini_Doorbell,30,23,24004,local_oas,0.0,0.99946968,0.9733507537688443,0.2836,1.0
Danmini_Doorbell,30,23,24004,peer_cov_fixed,1.0,0.99958808,0.9793005025125628,0.2422,1.0
Danmini_Doorbell,30,23,24004,risk_blend,0.01564757365865076,0.99958008,0.9788984924623116,0.3674,1.0
Danmini_Doorbell,30,23,24004,risk_blend_mismatch,0.0025449499143447318,0.99955948,0.9778633165829146,0.334,1.0
Danmini_Doorbell,30,23,24004,peer_cov_soft,1.0,0.99922636,0.9611236180904522,0.2488,1.0
Danmini_Doorbell,30,23,24004,risk_soft_cov,0.9682734909441739,0.99922516,0.9610633165829146,0.168,1.0
Danmini_Doorbell,30,23,24004,risk_soft_cov_mismatch,0.005275400876125283,0.9993673599999999,0.9682090452261307,0.353,1.0
Danmini_Doorbell,30,24,3385,shared_oas,1.0,0.9990892,0.9542311557788945,0.3172,1.0
Danmini_Doorbell,30,24,3385,local_oas,0.0,0.99907488,0.9535115577889448,0.277,1.0
Danmini_Doorbell,30,24,3385,peer_cov_fixed,1.0,0.9996378,0.9817989949748744,0.282,1.0
Danmini_Doorbell,30,24,3385,risk_blend,0.012825737712955676,0.9995098,0.9753668341708543,0.316,1.0
Danmini_Doorbell,30,24,3385,risk_blend_mismatch,0.0020819325451815703,0.9993574,0.9677085427135679,0.2834,1.0
Danmini_Doorbell,30,24,3385,peer_cov_soft,1.0,0.99918728,0.9591597989949749,0.2724,1.0
Danmini_Doorbell,30,24,3385,risk_soft_cov,0.9614555959104899,0.9991812,0.9588542713567839,0.1798,1.0
Danmini_Doorbell,30,24,3385,risk_soft_cov_mismatch,0.004319052551091146,0.9991918000000001,0.9593869346733668,0.271,1.0
Danmini_Doorbell,30,25,4246,shared_oas,1.0,0.99913924,0.956745728643216,0.115,1.0
Danmini_Doorbell,30,25,4246,local_oas,0.0,0.99915016,0.9572944723618091,0.085,1.0
Danmini_Doorbell,30,25,4246,peer_cov_fixed,1.0,0.999679,0.9838693467336683,0.1202,1.0
Danmini_Doorbell,30,25,4246,risk_blend,0.015597716860794296,0.99960824,0.980313567839196,0.1256,1.0
Danmini_Doorbell,30,25,4246,risk_blend_mismatch,0.0025522959829566085,0.9993092,0.965286432160804,0.1024,1.0
Danmini_Doorbell,30,25,4246,peer_cov_soft,1.0,0.9992753999999999,0.9635879396984924,0.082,1.0
Danmini_Doorbell,30,25,4246,risk_soft_cov,0.968173746589863,0.99922912,0.961262311557789,0.0718,1.0
Danmini_Doorbell,30,25,4246,risk_soft_cov_mismatch,0.005266922924003996,0.99923488,0.9615517587939699,0.0994,1.0
Danmini_Doorbell,30,26,2167,shared_oas,1.0,0.9992392,0.9617688442211056,0.098,1.0
Danmini_Doorbell,30,26,2167,local_oas,0.0,0.99928396,0.9640180904522613,0.0896,1.0
Danmini_Doorbell,30,26,2167,peer_cov_fixed,1.0,0.9994839600000001,0.9740683417085427,0.0808,1.0
Danmini_Doorbell,30,26,2167,risk_blend,0.014870774495267905,0.9995828400000001,0.9790371859296483,0.1334,1.0
Danmini_Doorbell,30,26,2167,risk_blend_mismatch,0.002459547056140376,0.9994298,0.9713467336683417,0.1098,1.0
Danmini_Doorbell,30,26,2167,peer_cov_soft,1.0,0.99916488,0.9580341708542713,0.1128,1.0
Danmini_Doorbell,30,26,2167,risk_soft_cov,0.9666460160462389,0.99915696,0.9576361809045226,0.0792,1.0
Danmini_Doorbell,30,26,2167,risk_soft_cov_mismatch,0.0050943102252463315,0.99921516,0.9605608040201006,0.105,1.0
Danmini_Doorbell,30,27,16414,shared_oas,1.0,0.9994734,0.9735376884422111,0.1482,1.0
Danmini_Doorbell,30,27,16414,local_oas,0.0,0.9994042,0.9700603015075377,0.1238,1.0
Danmini_Doorbell,30,27,16414,peer_cov_fixed,1.0,0.9997604,0.9879597989949749,0.264,1.0
Danmini_Doorbell,30,27,16414,risk_blend,0.010637300627651383,0.99958468,0.979129648241206,0.1918,1.0
Danmini_Doorbell,30,27,16414,risk_blend_mismatch,0.001721135179149253,0.99950052,0.9749005025125628,0.1436,1.0
Danmini_Doorbell,30,27,16414,peer_cov_soft,1.0,0.9994784,0.9737889447236181,0.2556,1.0
Danmini_Doorbell,30,27,16414,risk_soft_cov,0.9537939039581936,0.99947792,0.9737648241206031,0.1684,1.0
Danmini_Doorbell,30,27,16414,risk_soft_cov_mismatch,0.003558582743149605,0.9994750800000001,0.9736221105527638,0.1332,1.0
Danmini_Doorbell,30,28,8904,shared_oas,1.0,0.99940264,0.9699819095477387,0.2324,1.0
Danmini_Doorbell,30,28,8904,local_oas,0.0,0.9993999600000001,0.9698472361809045,0.2246,1.0
Danmini_Doorbell,30,28,8904,peer_cov_fixed,1.0,0.99971796,0.9858271356783919,0.2356,1.0
Danmini_Doorbell,30,28,8904,risk_blend,0.01339712821846806,0.99962852,0.981332663316583,0.2432,1.0
Danmini_Doorbell,30,28,8904,risk_blend_mismatch,0.002179665758883244,0.9995217200000001,0.9759658291457287,0.2314,1.0
Danmini_Doorbell,30,28,8904,peer_cov_soft,1.0,0.99935408,0.9675417085427136,0.322,1.0
Danmini_Doorbell,30,28,8904,risk_soft_cov,0.9630593651393029,0.99935124,0.9673989949748744,0.2622,1.0
Danmini_Doorbell,30,28,8904,risk_soft_cov_mismatch,0.0045304563826542976,0.999472,0.9734673366834171,0.2384,1.0
Danmini_Doorbell,30,29,2259,shared_oas,1.0,0.9991814800000001,0.9588683417085427,0.2062,1.0
Danmini_Doorbell,30,29,2259,local_oas,0.0,0.9992086,0.9602311557788945,0.1642,1.0
Danmini_Doorbell,30,29,2259,peer_cov_fixed,1.0,0.99953296,0.9765306532663316,0.17,1.0
Danmini_Doorbell,30,29,2259,risk_blend,0.01178852310353801,0.9993745199999999,0.9685688442211056,0.2234,1.0
Danmini_Doorbell,30,29,2259,risk_blend_mismatch,0.0019144553101076084,0.9992266000000001,0.9611356783919598,0.188,1.0
Danmini_Doorbell,30,29,2259,peer_cov_soft,1.0,0.99925728,0.9626773869346734,0.2844,1.0
Danmini_Doorbell,30,29,2259,risk_soft_cov,0.9581639239105075,0.9992506,0.9623417085427136,0.2068,1.0
Danmini_Doorbell,30,29,2259,risk_soft_cov_mismatch,0.00396948983525385,0.99915316,0.9574452261306533,0.2134,1.0
Danmini_Doorbell,100,0,17212,shared_oas,1.0,0.9993812,0.9689045226130654,0.0596,1.0
Danmini_Doorbell,100,0,17212,local_oas,0.0,0.999486,0.9741708542713569,0.056,1.0
Danmini_Doorbell,100,0,17212,peer_cov_fixed,1.0,0.99967584,0.983710552763819,0.092,1.0
Danmini_Doorbell,100,0,17212,risk_blend,0.004904622124413994,0.9998218,0.9910452261306533,0.0714,1.0
Danmini_Doorbell,100,0,17212,risk_blend_mismatch,0.0008025237240954265,0.9996948,0.9846633165829146,0.0632,1.0
Danmini_Doorbell,100,0,17212,peer_cov_soft,1.0,0.99911052,0.9553025125628141,0.062,1.0
Danmini_Doorbell,100,0,17212,risk_soft_cov,0.9044233992057517,0.99910692,0.955121608040201,0.0426,1.0
Danmini_Doorbell,100,0,17212,risk_soft_cov_mismatch,0.0016695937951524944,0.99913236,0.9564,0.0588,1.0
Danmini_Doorbell,100,1,15458,shared_oas,1.0,0.99908084,0.9538110552763819,0.1598,1.0
Danmini_Doorbell,100,1,15458,local_oas,0.0,0.9991082,0.9551859296482412,0.1618,1.0
Danmini_Doorbell,100,1,15458,peer_cov_fixed,1.0,0.99961336,0.9805708542713568,0.1582,1.0
Danmini_Doorbell,100,1,15458,risk_blend,0.00411940317339918,0.999642,0.9820100502512563,0.1604,1.0
Danmini_Doorbell,100,1,15458,risk_blend_mismatch,0.0006701243416631126,0.99931996,0.965827135678392,0.159,1.0
Danmini_Doorbell,100,1,15458,peer_cov_soft,1.0,0.9990536400000001,0.9524442211055276,0.1168,1.0
Danmini_Doorbell,100,1,15458,risk_soft_cov,0.8881628228390164,0.99904676,0.9520984924623116,0.0642,1.0
Danmini_Doorbell,100,1,15458,risk_soft_cov_mismatch,0.0013892181252956244,0.99921428,0.9605165829145729,0.1576,1.0
Danmini_Doorbell,100,2,8066,shared_oas,1.0,0.99917904,0.958745728643216,0.1544,1.0
Danmini_Doorbell,100,2,8066,local_oas,0.0,0.99919084,0.9593386934673367,0.1586,1.0
Danmini_Doorbell,100,2,8066,peer_cov_fixed,1.0,0.9993522,0.9674472361809046,0.1276,1.0
Danmini_Doorbell,100,2,8066,risk_blend,0.003970825906834752,0.99959856,0.9798271356783919,0.1554,1.0
Danmini_Doorbell,100,2,8066,risk_blend_mismatch,0.0006446135749498121,0.99926368,0.9629989949748743,0.161,1.0
Danmini_Doorbell,100,2,8066,peer_cov_soft,1.0,0.99876508,0.9379437185929649,0.0828,1.0
Danmini_Doorbell,100,2,8066,risk_soft_cov,0.8844464269153134,0.9987189599999999,0.9356261306532664,0.0572,1.0
Danmini_Doorbell,100,2,8066,risk_soft_cov_mismatch,0.0013411444145258204,0.99916532,0.9580562814070352,0.1562,1.0
Danmini_Doorbell,100,3,10873,shared_oas,1.0,0.99971256,0.9855557788944722,0.0526,1.0
Danmini_Doorbell,100,3,10873,local_oas,0.0,0.99969756,0.9848020100502513,0.0468,1.0
Danmini_Doorbell,100,3,10873,peer_cov_fixed,1.0,0.99967568,0.983702512562814,0.1336,1.0
Danmini_Doorbell,100,3,10873,risk_blend,0.0051000691874366535,0.9997469600000001,0.9872844221105528,0.0594,1.0
Danmini_Doorbell,100,3,10873,risk_blend_mismatch,0.0008338189340497919,0.99974304,0.9870874371859296,0.0528,1.0
Danmini_Doorbell,100,3,10873,peer_cov_soft,1.0,0.9992288,0.9612462311557788,0.1266,1.0
Danmini_Doorbell,100,3,10873,risk_soft_cov,0.9077646820007914,0.99918616,0.9591035175879397,0.0576,1.0
Danmini_Doorbell,100,3,10873,risk_soft_cov_mismatch,0.0017342554614410606,0.99970172,0.985011055276382,0.052,1.0
Danmini_Doorbell,100,4,5999,shared_oas,1.0,0.9984944400000001,0.9243698492462311,0.0308,1.0
Danmini_Doorbell,100,4,5999,local_oas,0.0,0.998425,0.9208884422110553,0.0286,1.0
Danmini_Doorbell,100,4,5999,peer_cov_fixed,1.0,0.9995017599999999,0.9749628140703519,0.0776,1.0
Danmini_Doorbell,100,4,5999,risk_blend,0.0046383019640750785,0.99953268,0.9765165829145728,0.0596,1.0
Danmini_Doorbell,100,4,5999,risk_blend_mismatch,0.0007574631442417202,0.9991627599999999,0.9579557788944724,0.0422,1.0
Danmini_Doorbell,100,4,5999,peer_cov_soft,1.0,0.999034,0.9514572864321609,0.078,1.0
Danmini_Doorbell,100,4,5999,risk_soft_cov,0.8994630162402685,0.9990654400000001,0.9530371859296483,0.0364,1.0
Danmini_Doorbell,100,4,5999,risk_soft_cov_mismatch,0.0015785945765307025,0.99834868,0.9170472361809044,0.0408,1.0
Danmini_Doorbell,100,5,22149,shared_oas,1.0,0.99914004,0.9567859296482413,0.047,1.0
Danmini_Doorbell,100,5,22149,local_oas,0.0,0.9992311199999999,0.9613628140703516,0.0358,1.0
Danmini_Doorbell,100,5,22149,peer_cov_fixed,1.0,0.9995634800000001,0.9780643216080401,0.0888,1.0
Danmini_Doorbell,100,5,22149,risk_blend,0.0044215424310218784,0.99960564,0.9801829145728643,0.0466,1.0
Danmini_Doorbell,100,5,22149,risk_blend_mismatch,0.000720439905589621,0.99923728,0.9616723618090453,0.0402,1.0
Danmini_Doorbell,100,5,22149,peer_cov_soft,1.0,0.99912848,0.9562050251256282,0.1146,1.0
Danmini_Doorbell,100,5,22149,risk_soft_cov,0.895031141443284,0.9991972,0.9596582914572864,0.0384,1.0
Danmini_Doorbell,100,5,22149,risk_soft_cov_mismatch,0.0015061040200364075,0.99871832,0.9355939698492461,0.04,1.0
Danmini_Doorbell,100,6,9494,shared_oas,1.0,0.9984488,0.9220502512562814,0.1862,1.0
Danmini_Doorbell,100,6,9494,local_oas,0.0,0.9984350399999999,0.9213587939698493,0.1986,1.0
Danmini_Doorbell,100,6,9494,peer_cov_fixed,1.0,0.99958932,0.9793628140703518,0.1276,1.0
Danmini_Doorbell,100,6,9494,risk_blend,0.003702029227696796,0.99933236,0.9664502512562814,0.2028,1.0
Danmini_Doorbell,100,6,9494,risk_blend_mismatch,0.0005984444703188275,0.99892076,0.9457668341708543,0.203,1.0
Danmini_Doorbell,100,6,9494,peer_cov_soft,1.0,0.99886224,0.9428261306532664,0.1126,1.0
Danmini_Doorbell,100,6,9494,risk_soft_cov,0.8770584772807264,0.99889232,0.944337688442211,0.0626,1.0
Danmini_Doorbell,100,6,9494,risk_soft_cov_mismatch,0.0012433521007716563,0.99875468,0.9374211055276382,0.2012,1.0
Danmini_Doorbell,100,7,12692,shared_oas,1.0,0.99910328,0.9549386934673367,0.0538,1.0
Danmini_Doorbell,100,7,12692,local_oas,0.0,0.99899536,0.9495155778894473,0.058,1.0
Danmini_Doorbell,100,7,12692,peer_cov_fixed,1.0,0.99968596,0.984219095477387,0.0718,1.0
Danmini_Doorbell,100,7,12692,risk_blend,0.004658712002591644,0.99967308,0.9835718592964824,0.0694,1.0
Danmini_Doorbell,100,7,12692,risk_blend_mismatch,0.0007582152733593377,0.9991408,0.9568241206030151,0.0628,1.0
Danmini_Doorbell,100,7,12692,peer_cov_soft,1.0,0.99924704,0.9621628140703518,0.2314,1.0
Danmini_Doorbell,100,7,12692,risk_soft_cov,0.8998612136407302,0.9992402,0.961819095477387,0.0482,1.0
Danmini_Doorbell,100,7,12692,risk_soft_cov_mismatch,0.0015884839605545755,0.99904856,0.952188944723618,0.0548,1.0
Danmini_Doorbell,100,8,31221,shared_oas,1.0,0.99940792,0.9702472361809045,0.892,1.0
Danmini_Doorbell,100,8,31221,local_oas,0.0,0.99947968,0.9738532663316584,0.899,1.0
Danmini_Doorbell,100,8,31221,peer_cov_fixed,1.0,0.9997216,0.9860100502512563,0.5436,1.0
Danmini_Doorbell,100,8,31221,risk_blend,0.004097873576719674,0.99973008,0.9864361809045226,0.903,1.0
Danmini_Doorbell,100,8,31221,risk_blend_mismatch,0.0006642646299988735,0.9996118,0.9804924623115578,0.9034,1.0
Danmini_Doorbell,100,8,31221,peer_cov_soft,1.0,0.99923288,0.961451256281407,0.2898,1.0
Danmini_Doorbell,100,8,31221,risk_soft_cov,0.8876391106358487,0.9992325599999999,0.9614351758793971,0.121,1.0
Danmini_Doorbell,100,8,31221,risk_soft_cov_mismatch,0.0013815657276060015,0.99960688,0.9802452261306532,0.8964,1.0
Danmini_Doorbell,100,9,9668,shared_oas,1.0,0.99891292,0.9453728643216082,0.0602,1.0
Danmini_Doorbell,100,9,9668,local_oas,0.0,0.99913424,0.9564944723618091,0.0564,1.0
Danmini_Doorbell,100,9,9668,peer_cov_fixed,1.0,0.99976568,0.9882251256281407,0.0744,1.0
Danmini_Doorbell,100,9,9668,risk_blend,0.005874008439677811,0.9996998,0.9849145728643216,0.0648,1.0
Danmini_Doorbell,100,9,9668,risk_blend_mismatch,0.0009715432011231114,0.9993373999999999,0.9667035175879397,0.063,1.0
Danmini_Doorbell,100,9,9668,peer_cov_soft,1.0,0.9992416000000001,0.9618894472361809,0.0598,1.0
Danmini_Doorbell,100,9,9668,risk_soft_cov,0.9189900598929479,0.9991958,0.9595879396984925,0.0416,1.0
Danmini_Doorbell,100,9,9668,risk_soft_cov_mismatch,0.002012048511374154,0.99886008,0.9427175879396985,0.049,1.0
Danmini_Doorbell,100,10,5601,shared_oas,1.0,0.99878388,0.9388884422110553,0.0634,1.0
Danmini_Doorbell,100,10,5601,local_oas,0.0,0.99866232,0.9327839195979899,0.0626,1.0
Danmini_Doorbell,100,10,5601,peer_cov_fixed,1.0,0.9995074,0.9752462311557788,0.088,1.0
Danmini_Doorbell,100,10,5601,risk_blend,0.004748862101806131,0.99964708,0.9822653266331658,0.0828,1.0
Danmini_Doorbell,100,10,5601,risk_blend_mismatch,0.0007796539257969958,0.9991785200000001,0.9587195979899497,0.0704,1.0
Danmini_Doorbell,100,10,5601,peer_cov_soft,1.0,0.99887668,0.9435517587939698,0.0674,1.0
Danmini_Doorbell,100,10,5601,risk_soft_cov,0.901583132697902,0.99891228,0.9453407035175879,0.0414,1.0
Danmini_Doorbell,100,10,5601,risk_soft_cov_mismatch,0.0016214642304323468,0.99856568,0.9279236180904523,0.0664,1.0
Danmini_Doorbell,100,11,6284,shared_oas,1.0,0.9995341999999999,0.9765929648241205,0.1256,1.0
Danmini_Doorbell,100,11,6284,local_oas,0.0,0.999547,0.9772361809045226,0.1198,1.0
Danmini_Doorbell,100,11,6284,peer_cov_fixed,1.0,0.99963868,0.981843216080402,0.2252,1.0
Danmini_Doorbell,100,11,6284,risk_blend,0.004840935807496622,0.99973288,0.9865768844221106,0.1422,1.0
Danmini_Doorbell,100,11,6284,risk_blend_mismatch,0.000788190401588094,0.99963664,0.9817407035175879,0.1438,1.0
Danmini_Doorbell,100,11,6284,peer_cov_soft,1.0,0.99907408,0.9534713567839196,0.1324,1.0
Danmini_Doorbell,100,11,6284,risk_soft_cov,0.9032820276353154,0.99903148,0.9513306532663317,0.0718,1.0
Danmini_Doorbell,100,11,6284,risk_soft_cov_mismatch,0.001627385680059595,0.99962504,0.9811577889447236,0.1248,1.0
Danmini_Doorbell,100,12,26455,shared_oas,1.0,0.9992078400000001,0.9601929648241205,0.1968,1.0
Danmini_Doorbell,100,12,26455,local_oas,0.0,0.99924772,0.9621969849246231,0.1966,1.0
Danmini_Doorbell,100,12,26455,peer_cov_fixed,1.0,0.99956256,0.9780180904522613,0.1432,1.0
Danmini_Doorbell,100,12,26455,risk_blend,0.003248614915911837,0.99942088,0.9708984924623115,0.2016,1.0
Danmini_Doorbell,100,12,26455,risk_blend_mismatch,0.0005224240070619683,0.9993006,0.9648542713567838,0.1994,1.0
Danmini_Doorbell,100,12,26455,peer_cov_soft,1.0,0.9989284,0.9461507537688442,0.3006,1.0
Danmini_Doorbell,100,12,26455,risk_soft_cov,0.8622087405717292,0.9988851999999999,0.9439798994974874,0.1616,1.0
Danmini_Doorbell,100,12,26455,risk_soft_cov_mismatch,0.00108760945369481,0.99922624,0.9611175879396985,0.198,1.0
Danmini_Doorbell,100,13,10940,shared_oas,1.0,0.9995134,0.9755477386934673,0.1068,1.0
Danmini_Doorbell,100,13,10940,local_oas,0.0,0.9994848000000001,0.9741105527638191,0.0988,1.0
Danmini_Doorbell,100,13,10940,peer_cov_fixed,1.0,0.9997267200000001,0.9862673366834172,0.083,1.0
Danmini_Doorbell,100,13,10940,risk_blend,0.004773789269032857,0.9996619600000001,0.9830130653266331,0.089,1.0
Danmini_Doorbell,100,13,10940,risk_blend_mismatch,0.0007815352431645515,0.99956548,0.9781648241206029,0.0972,1.0
Danmini_Doorbell,100,13,10940,peer_cov_soft,1.0,0.9992287999999999,0.9612462311557789,0.2612,1.0
Danmini_Doorbell,100,13,10940,risk_soft_cov,0.9020489081785231,0.99915024,0.9572984924623116,0.0754,1.0
Danmini_Doorbell,100,13,10940,risk_soft_cov_mismatch,0.0016192393953178758,0.9995766399999999,0.9787256281407035,0.0942,1.0
Danmini_Doorbell,100,14,28924,shared_oas,1.0,0.99954848,0.9773105527638192,0.1682,1.0
Danmini_Doorbell,100,14,28924,local_oas,0.0,0.999587,0.979246231155779,0.17,1.0
Danmini_Doorbell,100,14,28924,peer_cov_fixed,1.0,0.99971776,0.9858170854271358,0.2018,1.0
Danmini_Doorbell,100,14,28924,risk_blend,0.004919110790965862,0.99977524,0.988705527638191,0.1718,1.0
Danmini_Doorbell,100,14,28924,risk_blend_mismatch,0.0008088874977870902,0.99964476,0.982148743718593,0.1706,1.0
Danmini_Doorbell,100,14,28924,peer_cov_soft,1.0,0.99927548,0.963591959798995,0.0346,1.0
Danmini_Doorbell,100,14,28924,risk_soft_cov,0.9046793304765055,0.99927024,0.9633286432160804,0.0324,1.0
Danmini_Doorbell,100,14,28924,risk_soft_cov_mismatch,0.0016453634356728504,0.99956188,0.9779839195979899,0.1684,1.0
Danmini_Doorbell,100,15,7917,shared_oas,1.0,0.9994430000000001,0.9720100502512563,0.1364,1.0
Danmini_Doorbell,100,15,7917,local_oas,0.0,0.9994346799999999,0.971591959798995,0.1326,1.0
Danmini_Doorbell,100,15,7917,peer_cov_fixed,1.0,0.99967792,0.9838150753768844,0.1954,1.0
Danmini_Doorbell,100,15,7917,risk_blend,0.003988760034144485,0.9997632799999999,0.9881045226130653,0.1844,1.0
Danmini_Doorbell,100,15,7917,risk_blend_mismatch,0.000644266067246425,0.99956548,0.9781648241206031,0.145,1.0
Danmini_Doorbell,100,15,7917,peer_cov_soft,1.0,0.9992142799999999,0.960516582914573,0.181,1.0
Danmini_Doorbell,100,15,7917,risk_soft_cov,0.884908012019957,0.9991726,0.9584221105527639,0.08,1.0
Danmini_Doorbell,100,15,7917,risk_soft_cov_mismatch,0.0013355771515343412,0.9994993200000001,0.9748402010050251,0.1324,1.0
Danmini_Doorbell,100,16,10415,shared_oas,1.0,0.99949204,0.9744743718592965,0.0472,1.0
Danmini_Doorbell,100,16,10415,local_oas,0.0,0.99948676,0.9742090452261307,0.0426,1.0
Danmini_Doorbell,100,16,10415,peer_cov_fixed,1.0,0.99943496,0.9716060301507536,0.0922,1.0
Danmini_Doorbell,100,16,10415,risk_blend,0.004047666157321375,0.9994646,0.9730954773869347,0.0496,1.0
Danmini_Doorbell,100,16,10415,risk_blend_mismatch,0.0006606585892119022,0.9994635199999999,0.9730412060301508,0.0452,1.0
Danmini_Doorbell,100,16,10415,peer_cov_soft,1.0,0.99873764,0.936564824120603,0.0804,1.0
Danmini_Doorbell,100,16,10415,risk_soft_cov,0.8863986276912819,0.99872988,0.9361748743718593,0.039,1.0
Danmini_Doorbell,100,16,10415,risk_soft_cov_mismatch,0.0013769238628865961,0.99917696,0.9586412060301508,0.0442,1.0
Danmini_Doorbell,100,17,10361,shared_oas,1.0,0.9996320399999999,0.9815095477386935,0.156,1.0
Danmini_Doorbell,100,17,10361,local_oas,0.0,0.99962036,0.9809226130653266,0.1438,1.0
Danmini_Doorbell,100,17,10361,peer_cov_fixed,1.0,0.99972224,0.9860422110552765,0.1842,1.0
Danmini_Doorbell,100,17,10361,risk_blend,0.0033871624013226886,0.9998558799999999,0.9927577889447237,0.1612,1.0
Danmini_Doorbell,100,17,10361,risk_blend_mismatch,0.0005458322362765863,0.99970556,0.9852040201005026,0.1498,1.0
Danmini_Doorbell,100,17,10361,peer_cov_soft,1.0,0.9992474,0.9621809045226131,0.1588,1.0
Danmini_Doorbell,100,17,10361,risk_soft_cov,0.8671118611859903,0.999285,0.964070351758794,0.098,1.0
Danmini_Doorbell,100,17,10361,risk_soft_cov_mismatch,0.0011370372147266592,0.9996620799999999,0.983019095477387,0.15,1.0
Danmini_Doorbell,100,18,30769,shared_oas,1.0,0.9995839999999999,0.9790954773869347,0.087,1.0
Danmini_Doorbell,100,18,30769,local_oas,0.0,0.99957756,0.9787718592964825,0.0792,1.0
Danmini_Doorbell,100,18,30769,peer_cov_fixed,1.0,0.999647,0.9822613065326633,0.0516,1.0
Danmini_Doorbell,100,18,30769,risk_blend,0.004054982303259287,0.9998226,0.9910854271356784,0.1088,1.0
Danmini_Doorbell,100,18,30769,risk_blend_mismatch,0.0006569293463782906,0.9997229999999999,0.9860804020100502,0.0976,1.0
Danmini_Doorbell,100,18,30769,peer_cov_soft,1.0,0.9992026,0.9599296482412061,0.021,1.0
Danmini_Doorbell,100,18,30769,risk_soft_cov,0.8865810831584928,0.9992405599999999,0.9618371859296482,0.0206,1.0
Danmini_Doorbell,100,18,30769,risk_soft_cov_mismatch,0.0013686295055895378,0.9995120799999999,0.9754814070351758,0.0858,1.0
Danmini_Doorbell,100,19,4735,shared_oas,1.0,0.998876,0.9435175879396984,0.1476,1.0
Danmini_Doorbell,100,19,4735,local_oas,0.0,0.9988752,0.9434773869346733,0.1486,1.0
Danmini_Doorbell,100,19,4735,peer_cov_fixed,1.0,0.99959556,0.9796763819095478,0.0926,1.0
Danmini_Doorbell,100,19,4735,risk_blend,0.004653423899527931,0.99950876,0.9753145728643215,0.136,1.0
Danmini_Doorbell,100,19,4735,risk_blend_mismatch,0.0007541384434990892,0.99900084,0.9497909547738693,0.144,1.0
Danmini_Doorbell,100,19,4735,peer_cov_soft,1.0,0.99882892,0.94115175879397,0.0614,1.0
Danmini_Doorbell,100,19,4735,risk_soft_cov,0.8997583448860855,0.998861,0.9427638190954775,0.0402,1.0
Danmini_Doorbell,100,19,4735,risk_soft_cov_mismatch,0.0015553469477164416,0.99912492,0.9560261306532662,0.1358,1.0
Danmini_Doorbell,100,20,7836,shared_oas,1.0,0.9991458400000001,0.9570773869346734,0.0504,1.0
Danmini_Doorbell,100,20,7836,local_oas,0.0,0.99936064,0.9678713567839197,0.0444,1.0
Danmini_Doorbell,100,20,7836,peer_cov_fixed,1.0,0.99956256,0.9780180904522613,0.07,1.0
Danmini_Doorbell,100,20,7836,risk_blend,0.004984029133282263,0.999733,0.9865829145728642,0.0556,1.0
Danmini_Doorbell,100,20,7836,risk_blend_mismatch,0.0008182627814639516,0.99938144,0.9689165829145729,0.0486,1.0
Danmini_Doorbell,100,20,7836,peer_cov_soft,1.0,0.99922892,0.9612522613065326,0.2006,1.0
Danmini_Doorbell,100,20,7836,risk_soft_cov,0.9058095230003583,0.99918388,0.9589889447236181,0.056,1.0
Danmini_Doorbell,100,20,7836,risk_soft_cov_mismatch,0.0017165483625288334,0.99884236,0.941827135678392,0.0476,1.0
Danmini_Doorbell,100,21,30664,shared_oas,1.0,0.9985850399999999,0.9288964824120602,0.0562,1.0
Danmini_Doorbell,100,21,30664,local_oas,0.0,0.99890088,0.9448040201005025,0.0474,1.0
Danmini_Doorbell,100,21,30664,peer_cov_fixed,1.0,0.9997619999999999,0.9880402010050251,0.116,1.0
Danmini_Doorbell,100,21,30664,risk_blend,0.004720121327376951,0.99964928,0.9823758793969849,0.0624,1.0
Danmini_Doorbell,100,21,30664,risk_blend_mismatch,0.0007691274974386264,0.9989336799999999,0.9464160804020101,0.0532,1.0
Danmini_Doorbell,100,21,30664,peer_cov_soft,1.0,0.99924612,0.9621165829145728,0.1284,1.0
Danmini_Doorbell,100,21,30664,risk_soft_cov,0.9010405992499405,0.9992418000000001,0.9618994974874371,0.0464,1.0
Danmini_Doorbell,100,21,30664,risk_soft_cov_mismatch,0.0015950758529779203,0.9984663199999999,0.9229306532663316,0.051,1.0
Danmini_Doorbell,100,22,32378,shared_oas,1.0,0.9992169599999999,0.960651256281407,0.2032,1.0
Danmini_Doorbell,100,22,32378,local_oas,0.0,0.9992842399999999,0.9640321608040201,0.1864,1.0
Danmini_Doorbell,100,22,32378,peer_cov_fixed,1.0,0.9994838,0.9740603015075378,0.1192,1.0
Danmini_Doorbell,100,22,32378,risk_blend,0.0046486235000637085,0.99964964,0.9823939698492463,0.1762,1.0
Danmini_Doorbell,100,22,32378,risk_blend_mismatch,0.0007572346345758676,0.9993872,0.9692060301507539,0.1812,1.0
Danmini_Doorbell,100,22,32378,peer_cov_soft,1.0,0.99894984,0.9472281407035177,0.0496,1.0
Danmini_Doorbell,100,22,32378,risk_soft_cov,0.8996647811345851,0.99893964,0.9467155778894473,0.037,1.0
Danmini_Doorbell,100,22,32378,risk_soft_cov_mismatch,0.0015695851164970616,0.99930244,0.9649467336683416,0.1774,1.0
Danmini_Doorbell,100,23,6882,shared_oas,1.0,0.9992174,0.9606733668341709,0.129,1.0
Danmini_Doorbell,100,23,6882,local_oas,0.0,0.99925392,0.9625085427135678,0.1254,1.0
Danmini_Doorbell,100,23,6882,peer_cov_fixed,1.0,0.9995780400000001,0.9787959798994974,0.1898,1.0
Danmini_Doorbell,100,23,6882,risk_blend,0.0036077817744121507,0.9996694,0.9833869346733668,0.1362,1.0
Danmini_Doorbell,100,23,6882,risk_blend_mismatch,0.0005820601330745462,0.9994455600000001,0.9721386934673366,0.124,1.0
Danmini_Doorbell,100,23,6882,peer_cov_soft,1.0,0.9991120800000001,0.955380904522613,0.1624,1.0
Danmini_Doorbell,100,23,6882,risk_soft_cov,0.874240292118731,0.99910376,0.9549628140703518,0.0786,1.0
Danmini_Doorbell,100,23,6882,risk_soft_cov_mismatch,0.0012130530798912847,0.99939376,0.9695356783919599,0.1216,1.0
Danmini_Doorbell,100,24,6214,shared_oas,1.0,0.9994331599999999,0.9715155778894472,0.124,1.0
Danmini_Doorbell,100,24,6214,local_oas,0.0,0.99934828,0.9672502512562815,0.1234,1.0
Danmini_Doorbell,100,24,6214,peer_cov_fixed,1.0,0.9995574,0.9777587939698491,0.067,1.0
Danmini_Doorbell,100,24,6214,risk_blend,0.00473042830764478,0.99963828,0.9818231155778894,0.1298,1.0
Danmini_Doorbell,100,24,6214,risk_blend_mismatch,0.0007691292084190127,0.99949708,0.9747276381909548,0.135,1.0
Danmini_Doorbell,100,24,6214,peer_cov_soft,1.0,0.999121,0.9558291457286432,0.0702,1.0
Danmini_Doorbell,100,24,6214,risk_soft_cov,0.9012358448559714,0.9991173600000001,0.955646231155779,0.0428,1.0
Danmini_Doorbell,100,24,6214,risk_soft_cov_mismatch,0.0015927456893930685,0.99935712,0.967694472361809,0.1294,1.0
Danmini_Doorbell,100,25,25754,shared_oas,1.0,0.9992247599999999,0.961043216080402,0.1338,1.0
Danmini_Doorbell,100,25,25754,local_oas,0.0,0.9992496799999999,0.9622954773869347,0.125,1.0
Danmini_Doorbell,100,25,25754,peer_cov_fixed,1.0,0.9997942,0.9896582914572865,0.1554,1.0
Danmini_Doorbell,100,25,25754,risk_blend,0.0035704459566791753,0.9996282400000001,0.981318592964824,0.1598,1.0
Danmini_Doorbell,100,25,25754,risk_blend_mismatch,0.0005776717699257215,0.99934148,0.9669085427135679,0.1482,1.0
Danmini_Doorbell,100,25,25754,peer_cov_soft,1.0,0.99918632,0.9591115577889446,0.0718,1.0
Danmini_Doorbell,100,25,25754,risk_soft_cov,0.8730879739673928,0.99918352,0.9589708542713569,0.048,1.0
Danmini_Doorbell,100,25,25754,risk_soft_cov_mismatch,0.0011948910956196118,0.9993162,0.9656381909547739,0.1294,1.0
Danmini_Doorbell,100,26,8723,shared_oas,1.0,0.99972336,0.9860984924623115,0.1456,1.0
Danmini_Doorbell,100,26,8723,local_oas,0.0,0.9997142,0.9856381909547738,0.1466,1.0
Danmini_Doorbell,100,26,8723,peer_cov_fixed,1.0,0.99964312,0.9820663316582916,0.1874,1.0
Danmini_Doorbell,100,26,8723,risk_blend,0.004913539330874697,0.9998219199999999,0.9910512562814071,0.1482,1.0
Danmini_Doorbell,100,26,8723,risk_blend_mismatch,0.0008024265203729676,0.9997532,0.9875979899497487,0.1482,1.0
Danmini_Doorbell,100,26,8723,peer_cov_soft,1.0,0.999154,0.9574874371859297,0.1168,1.0
Danmini_Doorbell,100,26,8723,risk_soft_cov,0.904581076353422,0.99914992,0.9572824120603015,0.069,1.0
Danmini_Doorbell,100,26,8723,risk_soft_cov_mismatch,0.0016572025449159088,0.99964488,0.9821547738693468,0.1408,1.0
Danmini_Doorbell,100,27,29898,shared_oas,1.0,0.99939684,0.9696904522613066,0.126,1.0
Danmini_Doorbell,100,27,29898,local_oas,0.0,0.99940144,0.969921608040201,0.1096,1.0
Danmini_Doorbell,100,27,29898,peer_cov_fixed,1.0,0.99967996,0.9839175879396985,0.1406,1.0
Danmini_Doorbell,100,27,29898,risk_blend,0.0034012778742433846,0.99960616,0.9802090452261306,0.1222,1.0
Danmini_Doorbell,100,27,29898,risk_blend_mismatch,0.0005475755095994562,0.99943112,0.9714130653266333,0.1168,1.0
Danmini_Doorbell,100,27,29898,peer_cov_soft,1.0,0.99902488,0.9509989949748743,0.2774,1.0
Danmini_Doorbell,100,27,29898,risk_soft_cov,0.867591957728819,0.9989764,0.9485628140703518,0.1376,1.0
Danmini_Doorbell,100,27,29898,risk_soft_cov_mismatch,0.001141139749141932,0.9994799600000001,0.9738673366834172,0.124,1.0
Danmini_Doorbell,100,28,21426,shared_oas,1.0,0.99924008,0.9618130653266332,0.2596,1.0
Danmini_Doorbell,100,28,21426,local_oas,0.0,0.9992298000000001,0.9612964824120602,0.2232,1.0
Danmini_Doorbell,100,28,21426,peer_cov_fixed,1.0,0.9995122000000001,0.9754874371859297,0.187,1.0
Danmini_Doorbell,100,28,21426,risk_blend,0.0049493426794285,0.9997198,0.9859195979899498,0.2054,1.0
Danmini_Doorbell,100,28,21426,risk_blend_mismatch,0.0008075747979939692,0.99939336,0.9695155778894472,0.2136,1.0
Danmini_Doorbell,100,28,21426,peer_cov_soft,1.0,0.99888624,0.9440321608040201,0.1212,1.0
Danmini_Doorbell,100,28,21426,risk_soft_cov,0.905208988198719,0.9988834400000001,0.9438914572864322,0.0692,1.0
Danmini_Doorbell,100,28,21426,risk_soft_cov_mismatch,0.0016648592418714156,0.9993398800000001,0.9668281407035175,0.2128,1.0
Danmini_Doorbell,100,29,14430,shared_oas,1.0,0.99912436,0.9559979899497487,0.1296,1.0
Danmini_Doorbell,100,29,14430,local_oas,0.0,0.99922124,0.9608663316582915,0.1156,1.0
Danmini_Doorbell,100,29,14430,peer_cov_fixed,1.0,0.99950892,0.9753226130653266,0.1252,1.0
Danmini_Doorbell,100,29,14430,risk_blend,0.00418508497961276,0.99949844,0.9747959798994975,0.115,1.0
Danmini_Doorbell,100,29,14430,risk_blend_mismatch,0.0006810123223286363,0.99933216,0.9664402010050251,0.115,1.0
Danmini_Doorbell,100,29,14430,peer_cov_soft,1.0,0.99893208,0.9463356783919599,0.0644,1.0
Danmini_Doorbell,100,29,14430,risk_soft_cov,0.8897309397019262,0.99888504,0.9439718592964824,0.0424,1.0
Danmini_Doorbell,100,29,14430,risk_soft_cov_mismatch,0.0014098572507269466,0.9992336,0.9614874371859297,0.115,1.0
Danmini_Doorbell,300,0,6190,shared_oas,1.0,0.999584,0.9790954773869346,0.0738,1.0
Danmini_Doorbell,300,0,6190,local_oas,0.0,0.9995514799999999,0.9774613065326633,0.0632,1.0
Danmini_Doorbell,300,0,6190,peer_cov_fixed,1.0,0.9996744,0.9836381909547738,0.09,1.0
Danmini_Doorbell,300,0,6190,risk_blend,0.0016080682367817117,0.9997274,0.9863015075376884,0.0726,1.0
Danmini_Doorbell,300,0,6190,risk_blend_mismatch,0.0002614295573752981,0.999617,0.9807537688442212,0.0728,1.0
Danmini_Doorbell,300,0,6190,peer_cov_soft,1.0,0.9990928,0.9544120603015076,0.0514,1.0
Danmini_Doorbell,300,0,6190,risk_soft_cov,0.7556391298334664,0.99912596,0.9560783919597989,0.0324,1.0
Danmini_Doorbell,300,0,6190,risk_soft_cov_mismatch,0.0005421066921572341,0.99933216,0.9664402010050251,0.0642,1.0
Danmini_Doorbell,300,1,15853,shared_oas,1.0,0.99919864,0.9597306532663317,0.1172,1.0
Danmini_Doorbell,300,1,15853,local_oas,0.0,0.9991724799999999,0.9584160804020101,0.1056,1.0
Danmini_Doorbell,300,1,15853,peer_cov_fixed,1.0,0.9995962,0.9797085427135678,0.092,1.0
Danmini_Doorbell,300,1,15853,risk_blend,0.0016783487050286649,0.99960944,0.9803738693467337,0.106,1.0
Danmini_Doorbell,300,1,15853,risk_blend_mismatch,0.0002733482609983432,0.99917012,0.9582974874371859,0.1048,1.0
Danmini_Doorbell,300,1,15853,peer_cov_soft,1.0,0.99886564,0.9429969849246231,0.0692,1.0
Danmini_Doorbell,300,1,15853,risk_soft_cov,0.7634638993666267,0.99878132,0.938759798994975,0.04,1.0
Danmini_Doorbell,300,1,15853,risk_soft_cov_mismatch,0.0005671319895597091,0.99882532,0.9409708542713568,0.103,1.0
Danmini_Doorbell,300,2,25007,shared_oas,1.0,0.99181524,0.8715396984924624,0.0422,1.0
Danmini_Doorbell,300,2,25007,local_oas,0.0,0.9905043600000001,0.865481407035176,0.0212,0.7918
Danmini_Doorbell,300,2,25007,peer_cov_fixed,1.0,0.9996672,0.9832763819095478,0.0046,0.9998
Danmini_Doorbell,300,2,25007,risk_blend,0.005933019617678186,0.9954712,0.8851819095477387,0.009,0.7908
Danmini_Doorbell,300,2,25007,risk_blend_mismatch,0.0009971549338250848,0.9919221199999999,0.876635175879397,0.0192,0.7918
Danmini_Doorbell,300,2,25007,peer_cov_soft,1.0,0.99883528,0.9414713567839197,0.004,0.7932
Danmini_Doorbell,300,2,25007,risk_soft_cov,0.9197355095797493,0.99849296,0.9242693467336685,0.0036,0.7932
Danmini_Doorbell,300,2,25007,risk_soft_cov_mismatch,0.0020817558123440243,0.9921777599999999,0.8760060301507537,0.0178,0.7918
Danmini_Doorbell,300,3,18406,shared_oas,1.0,0.9995489999999999,0.9773366834170854,0.0716,1.0
Danmini_Doorbell,300,3,18406,local_oas,0.0,0.9994380399999999,0.9717608040201005,0.0674,1.0
Danmini_Doorbell,300,3,18406,peer_cov_fixed,1.0,0.99938668,0.9691798994974875,0.0922,1.0
Danmini_Doorbell,300,3,18406,risk_blend,0.0014177780452919754,0.9995314,0.9764522613065326,0.0676,1.0
Danmini_Doorbell,300,3,18406,risk_blend_mismatch,0.00023021241292649756,0.99943116,0.9714150753768844,0.0676,1.0
Danmini_Doorbell,300,3,18406,peer_cov_soft,1.0,0.9984996399999999,0.9246050251256281,0.1582,1.0
Danmini_Doorbell,300,3,18406,risk_soft_cov,0.7316056955443515,0.9984697199999999,0.9231015075376885,0.0474,1.0
Danmini_Doorbell,300,3,18406,risk_soft_cov_mismatch,0.0004780459189202488,0.9994211199999999,0.9709105527638191,0.0662,1.0
Danmini_Doorbell,300,4,4485,shared_oas,1.0,0.9989127600000001,0.945364824120603,0.097,1.0
Danmini_Doorbell,300,4,4485,local_oas,0.0,0.9991393199999999,0.9567497487437185,0.093,1.0
Danmini_Doorbell,300,4,4485,peer_cov_fixed,1.0,0.9997718800000001,0.9885366834170854,0.1048,1.0
Danmini_Doorbell,300,4,4485,risk_blend,0.0014474332178311066,0.99967348,0.9835919597989949,0.092,1.0
Danmini_Doorbell,300,4,4485,risk_blend_mismatch,0.00023426215020492342,0.99922212,0.9609105527638191,0.093,1.0
Danmini_Doorbell,300,4,4485,peer_cov_soft,1.0,0.99893436,0.9464502512562813,0.0982,1.0
Danmini_Doorbell,300,4,4485,risk_soft_cov,0.7356567361986606,0.99893168,0.9463155778894472,0.0346,1.0
Danmini_Doorbell,300,4,4485,risk_soft_cov_mismatch,0.000487472077077864,0.9986446,0.9318894472361808,0.091,1.0
Danmini_Doorbell,300,5,3811,shared_oas,1.0,0.9992112799999999,0.9603658291457287,0.1232,1.0
Danmini_Doorbell,300,5,3811,local_oas,0.0,0.9992758399999999,0.9636100502512562,0.1148,1.0
Danmini_Doorbell,300,5,3811,peer_cov_fixed,1.0,0.9994321199999999,0.9714633165829145,0.0682,1.0
Danmini_Doorbell,300,5,3811,risk_blend,0.001394574867351262,0.999717,0.9857788944723618,0.1292,1.0
Danmini_Doorbell,300,5,3811,risk_blend_mismatch,0.0002258124490828901,0.99941392,0.9705487437185929,0.1272,1.0
Danmini_Doorbell,300,5,3811,peer_cov_soft,1.0,0.9987878,0.9390854271356783,0.0204,1.0
Danmini_Doorbell,300,5,3811,risk_soft_cov,0.7283485709311559,0.99873784,0.9365748743718594,0.028,1.0
Danmini_Doorbell,300,5,3811,risk_soft_cov_mismatch,0.00046809842511574796,0.99939252,0.9694733668341708,0.1164,1.0
Danmini_Doorbell,300,6,12004,shared_oas,1.0,0.99837316,0.9182492462311558,0.0002,0.7818
Danmini_Doorbell,300,6,12004,local_oas,0.0,0.99824828,0.9119738693467336,0.0,0.4586
Danmini_Doorbell,300,6,12004,peer_cov_fixed,1.0,0.99962928,0.9813708542713568,0.0154,1.0
Danmini_Doorbell,300,6,12004,risk_blend,0.009348066157960787,0.99974516,0.9871939698492462,0.0,0.7334
Danmini_Doorbell,300,6,12004,risk_blend_mismatch,0.00164347713965129,0.9986982,0.9345829145728644,0.0,0.6564
Danmini_Doorbell,300,6,12004,peer_cov_soft,1.0,0.9988272,0.9410653266331659,0.0006,0.756
Danmini_Doorbell,300,6,12004,risk_soft_cov,0.9476898256973932,0.99884728,0.9420743718592964,0.0006,0.7494
Danmini_Doorbell,300,6,12004,risk_soft_cov_mismatch,0.003384408087751796,0.99863892,0.9316040201005026,0.0,0.6182
Danmini_Doorbell,300,7,32732,shared_oas,1.0,0.9985596800000001,0.9276221105527638,0.126,1.0
Danmini_Doorbell,300,7,32732,local_oas,0.0,0.99820536,0.9099417085427135,0.1282,1.0
Danmini_Doorbell,300,7,32732,peer_cov_fixed,1.0,0.99942844,0.9712783919597989,0.107,1.0
Danmini_Doorbell,300,7,32732,risk_blend,0.00127170104227094,0.9995632,0.9780502512562814,0.127,1.0
Danmini_Doorbell,300,7,32732,risk_blend_mismatch,0.00020604611007154748,0.9983749199999999,0.9183819095477386,0.1286,1.0
Danmini_Doorbell,300,7,32732,peer_cov_soft,1.0,0.9988598399999999,0.942705527638191,0.056,1.0
Danmini_Doorbell,300,7,32732,risk_soft_cov,0.7096949084941832,0.9987204399999999,0.9357005025125628,0.032,1.0
Danmini_Doorbell,300,7,32732,risk_soft_cov_mismatch,0.00042868350078728633,0.99835044,0.9171075376884422,0.125,1.0
Danmini_Doorbell,300,8,16630,shared_oas,1.0,0.99982588,0.9912502512562814,0.0706,1.0
Danmini_Doorbell,300,8,16630,local_oas,0.0,0.99975348,0.9876120603015075,0.0704,1.0
Danmini_Doorbell,300,8,16630,peer_cov_fixed,1.0,0.99963768,0.9817929648241206,0.0718,1.0
Danmini_Doorbell,300,8,16630,risk_blend,0.001407103762737496,0.999817,0.9908040201005024,0.0688,1.0
Danmini_Doorbell,300,8,16630,risk_blend_mismatch,0.00022876479269365972,0.99976708,0.9882954773869347,0.0698,1.0
Danmini_Doorbell,300,8,16630,peer_cov_soft,1.0,0.99890444,0.9449467336683417,0.0504,1.0
Danmini_Doorbell,300,8,16630,risk_soft_cov,0.7301170389701871,0.9988992,0.944683417085427,0.0316,1.0
Danmini_Doorbell,300,8,16630,risk_soft_cov_mismatch,0.00047453478273709566,0.99971024,0.9854391959798995,0.068,1.0
Danmini_Doorbell,300,9,28799,shared_oas,1.0,0.99815244,0.9072221105527638,0.1204,1.0
Danmini_Doorbell,300,9,28799,local_oas,0.0,0.99756896,0.880775879396985,0.1296,1.0
Danmini_Doorbell,300,9,28799,peer_cov_fixed,1.0,0.9994436,0.9720402010050251,0.0864,1.0
Danmini_Doorbell,300,9,28799,risk_blend,0.0014981193865104057,0.99876176,0.9378291457286433,0.1232,1.0
Danmini_Doorbell,300,9,28799,risk_blend_mismatch,0.0002442644501975286,0.99814684,0.9073005025125629,0.1272,1.0
Danmini_Doorbell,300,9,28799,peer_cov_soft,1.0,0.9985428000000001,0.9267738693467337,0.0218,1.0
Danmini_Doorbell,300,9,28799,risk_soft_cov,0.7423052239481975,0.9985202000000001,0.925638190954774,0.022,1.0
Danmini_Doorbell,300,9,28799,risk_soft_cov_mismatch,0.0005052738022985793,0.99809672,0.9044281407035176,0.1232,1.0
Danmini_Doorbell,300,10,26373,shared_oas,1.0,0.9988741999999999,0.9434271356783921,0.1066,1.0
Danmini_Doorbell,300,10,26373,local_oas,0.0,0.99797156,0.8982331658291458,0.1114,1.0
Danmini_Doorbell,300,10,26373,peer_cov_fixed,1.0,0.99959988,0.9798934673366835,0.1014,1.0
Danmini_Doorbell,300,10,26373,risk_blend,0.0011998953333609923,0.99951916,0.9758371859296482,0.1108,1.0
Danmini_Doorbell,300,10,26373,risk_blend_mismatch,0.0001938206305350537,0.9983118000000001,0.9152261306532663,0.1132,1.0
Danmini_Doorbell,300,10,26373,peer_cov_soft,1.0,0.99894468,0.9469688442211055,0.0808,1.0
Danmini_Doorbell,300,10,26373,risk_soft_cov,0.6975608796345735,0.99889824,0.9446351758793969,0.0504,1.0
Danmini_Doorbell,300,10,26373,risk_soft_cov_mismatch,0.0004026650899209748,0.9983491999999999,0.9170452261306533,0.1098,1.0
Danmini_Doorbell,300,11,13076,shared_oas,1.0,0.99620432,0.8878874371859297,0.0316,0.9998
Danmini_Doorbell,300,11,13076,local_oas,0.0,0.9958142400000001,0.8870070351758794,0.0156,0.7946
Danmini_Doorbell,300,11,13076,peer_cov_fixed,1.0,0.99950796,0.9752743718592964,0.009,1.0
Danmini_Doorbell,300,11,13076,risk_blend,0.004359277089573202,0.99668512,0.8894552763819096,0.0194,0.9998
Danmini_Doorbell,300,11,13076,risk_blend_mismatch,0.0007309350233921759,0.9960108,0.8886934673366834,0.0192,0.9998
Danmini_Doorbell,300,11,13076,peer_cov_soft,1.0,0.99901112,0.9503075376884422,0.0036,0.7956
Danmini_Doorbell,300,11,13076,risk_soft_cov,0.8936852764845679,0.99851128,0.9251899497487437,0.0066,0.7956
Danmini_Doorbell,300,11,13076,risk_soft_cov_mismatch,0.0015535000017675785,0.9959876400000001,0.8872040201005026,0.0194,0.9998
Danmini_Doorbell,300,12,4632,shared_oas,1.0,0.99861788,0.9305467336683416,0.1064,1.0
Danmini_Doorbell,300,12,4632,local_oas,0.0,0.99799268,0.899435175879397,0.1164,1.0
Danmini_Doorbell,300,12,4632,peer_cov_fixed,1.0,0.9994788,0.9738090452261305,0.0906,1.0
Danmini_Doorbell,300,12,4632,risk_blend,0.001595070802057883,0.9995946,0.9796281407035176,0.1316,1.0
Danmini_Doorbell,300,12,4632,risk_blend_mismatch,0.00025887126966967367,0.99847588,0.9234532663316584,0.1218,1.0
Danmini_Doorbell,300,12,4632,peer_cov_soft,1.0,0.9990119199999999,0.9503477386934673,0.0522,1.0
Danmini_Doorbell,300,12,4632,risk_soft_cov,0.754135096599488,0.99888124,0.9437809045226131,0.0332,1.0
Danmini_Doorbell,300,12,4632,risk_soft_cov_mismatch,0.0005360523951754556,0.99857764,0.9285246231155778,0.1086,1.0
Danmini_Doorbell,300,13,25879,shared_oas,1.0,0.9992757600000001,0.9636060301507539,0.0828,1.0
Danmini_Doorbell,300,13,25879,local_oas,0.0,0.9994782,0.9737788944723618,0.0778,1.0
Danmini_Doorbell,300,13,25879,peer_cov_fixed,1.0,0.99962576,0.9811939698492462,0.0542,1.0
Danmini_Doorbell,300,13,25879,risk_blend,0.0013586865355037381,0.9997102,0.9854371859296482,0.079,1.0
Danmini_Doorbell,300,13,25879,risk_blend_mismatch,0.00022075949867802455,0.99956716,0.9782492462311558,0.0794,1.0
Danmini_Doorbell,300,13,25879,peer_cov_soft,1.0,0.99911148,0.9553507537688442,0.0378,1.0
Danmini_Doorbell,300,13,25879,risk_soft_cov,0.7231524181010988,0.9989877199999999,0.9491316582914573,0.0268,1.0
Danmini_Doorbell,300,13,25879,risk_soft_cov_mismatch,0.0004573682822689173,0.9992344000000001,0.9615276381909548,0.075,1.0
Danmini_Doorbell,300,14,20567,shared_oas,1.0,0.99954936,0.9773547738693467,0.0588,1.0
Danmini_Doorbell,300,14,20567,local_oas,0.0,0.99957436,0.9786110552763819,0.0576,1.0
Danmini_Doorbell,300,14,20567,peer_cov_fixed,1.0,0.9996917999999999,0.9845125628140703,0.0534,1.0
Danmini_Doorbell,300,14,20567,risk_blend,0.0014572677736582199,0.9996332400000001,0.9815698492462313,0.0552,1.0
Danmini_Doorbell,300,14,20567,risk_blend_mismatch,0.00023660776599653547,0.99959664,0.9797306532663317,0.0574,1.0
Danmini_Doorbell,300,14,20567,peer_cov_soft,1.0,0.99895508,0.9474914572864321,0.0396,1.0
Danmini_Doorbell,300,14,20567,risk_soft_cov,0.7369733684797899,0.9989865600000001,0.9490733668341709,0.0328,1.0
Danmini_Doorbell,300,14,20567,risk_soft_cov_mismatch,0.0004910769573633238,0.99890576,0.9450130653266332,0.0572,1.0
Danmini_Doorbell,300,15,12034,shared_oas,1.0,0.9985757599999999,0.9284301507537689,0.0,0.7692
Danmini_Doorbell,300,15,12034,local_oas,0.0,0.99835376,0.9172743718592965,0.0,0.4622
Danmini_Doorbell,300,15,12034,peer_cov_fixed,1.0,0.99962944,0.9813788944723618,0.016,1.0
Danmini_Doorbell,300,15,12034,risk_blend,0.009203337572552943,0.99982956,0.991435175879397,0.0,0.7354
Danmini_Doorbell,300,15,12034,risk_blend_mismatch,0.0016157252634194036,0.99881672,0.9405386934673368,0.0,0.5562
Danmini_Doorbell,300,15,12034,peer_cov_soft,1.0,0.9989821999999999,0.9488542713567838,0.0004,0.7608
Danmini_Doorbell,300,15,12034,risk_soft_cov,0.9469035410761762,0.99879984,0.9396904522613065,0.0002,0.7534
Danmini_Doorbell,300,15,12034,risk_soft_cov_mismatch,0.0033331384070178233,0.99871896,0.9356261306532664,0.0,0.4836
Danmini_Doorbell,300,16,1260,shared_oas,1.0,0.9988996,0.9447035175879397,0.113,1.0
Danmini_Doorbell,300,16,1260,local_oas,0.0,0.99842152,0.9206914572864322,0.106,1.0
Danmini_Doorbell,300,16,1260,peer_cov_fixed,1.0,0.9996637199999999,0.9831015075376885,0.0776,1.0
Danmini_Doorbell,300,16,1260,risk_blend,0.0015693293595794835,0.99957684,0.9787356783919599,0.1332,1.0
Danmini_Doorbell,300,16,1260,risk_blend_mismatch,0.0002552926173860844,0.9989786399999999,0.948675376884422,0.1224,1.0
Danmini_Doorbell,300,16,1260,peer_cov_soft,1.0,0.99898428,0.9489587939698493,0.0372,1.0
Danmini_Doorbell,300,16,1260,risk_soft_cov,0.7511011562843827,0.9988542,0.9424221105527638,0.0306,1.0
Danmini_Doorbell,300,16,1260,risk_soft_cov_mismatch,0.0005292089818713955,0.99853236,0.9262492462311558,0.1066,1.0
Danmini_Doorbell,300,17,12070,shared_oas,1.0,0.99828008,0.9135718592964824,0.0,0.7254
Danmini_Doorbell,300,17,12070,local_oas,0.0,0.9982742,0.9132763819095477,0.0,0.4454
Danmini_Doorbell,300,17,12070,peer_cov_fixed,1.0,0.99958148,0.9789688442211055,0.0132,1.0
Danmini_Doorbell,300,17,12070,risk_blend,0.009411151635813068,0.99914468,0.957019095477387,0.0,0.7064
Danmini_Doorbell,300,17,12070,risk_blend_mismatch,0.001657668192321178,0.9985295599999999,0.9261085427135678,0.0,0.4788
Danmini_Doorbell,300,17,12070,peer_cov_soft,1.0,0.9989227599999999,0.9458673366834172,0.0006,0.751
Danmini_Doorbell,300,17,12070,risk_soft_cov,0.9480253868433557,0.998864,0.9429145728643216,0.0006,0.7414
Danmini_Doorbell,300,17,12070,risk_soft_cov_mismatch,0.0034241620602660843,0.99856576,0.9279276381909548,0.0,0.4454
Danmini_Doorbell,300,18,30145,shared_oas,1.0,0.99889964,0.944705527638191,0.1338,1.0
Danmini_Doorbell,300,18,30145,local_oas,0.0,0.9986380399999999,0.9315597989949749,0.13,1.0
Danmini_Doorbell,300,18,30145,peer_cov_fixed,1.0,0.99958628,0.9792100502512563,0.062,1.0
Danmini_Doorbell,300,18,30145,risk_blend,0.0014984951607747788,0.9994270399999999,0.971208040201005,0.1326,1.0
Danmini_Doorbell,300,18,30145,risk_blend_mismatch,0.0002429291494474095,0.99893352,0.9464080402010051,0.1312,1.0
Danmini_Doorbell,300,18,30145,peer_cov_soft,1.0,0.9989602399999999,0.9477507537688442,0.0388,1.0
Danmini_Doorbell,300,18,30145,risk_soft_cov,0.7423532679351901,0.9989146799999999,0.9454613065326634,0.0346,1.0
Danmini_Doorbell,300,18,30145,risk_soft_cov_mismatch,0.0005031543264977571,0.9988722800000001,0.9433306532663317,0.132,1.0
Danmini_Doorbell,300,19,14797,shared_oas,1.0,0.9991862,0.9591055276381908,0.0912,1.0
Danmini_Doorbell,300,19,14797,local_oas,0.0,0.9989133600000001,0.9453949748743717,0.107,1.0
Danmini_Doorbell,300,19,14797,peer_cov_fixed,1.0,0.99941984,0.9708462311557788,0.0756,1.0
Danmini_Doorbell,300,19,14797,risk_blend,0.0016035844112879515,0.9996572,0.9827738693467337,0.1184,1.0
Danmini_Doorbell,300,19,14797,risk_blend_mismatch,0.00026132513309139383,0.99922296,0.9609527638190956,0.1102,1.0
Danmini_Doorbell,300,19,14797,peer_cov_soft,1.0,0.99878064,0.9387256281407035,0.0392,1.0
Danmini_Doorbell,300,19,14797,risk_soft_cov,0.7551223508996484,0.99877536,0.9384603015075377,0.0304,1.0
Danmini_Doorbell,300,19,14797,risk_soft_cov_mismatch,0.0005420961821412702,0.99889004,0.9442231155778893,0.1,1.0
Danmini_Doorbell,300,20,18266,shared_oas,1.0,0.99973296,0.986580904522613,0.0884,1.0
Danmini_Doorbell,300,20,18266,local_oas,0.0,0.9996524800000001,0.9825366834170854,0.0774,1.0
Danmini_Doorbell,300,20,18266,peer_cov_fixed,1.0,0.99969412,0.9846291457286432,0.0888,1.0
Danmini_Doorbell,300,20,18266,risk_blend,0.0017942158166879166,0.99977056,0.988470351758794,0.0792,1.0
Danmini_Doorbell,300,20,18266,risk_blend_mismatch,0.00029144516912563476,0.99974968,0.9874211055276382,0.0784,1.0
Danmini_Doorbell,300,20,18266,peer_cov_soft,1.0,0.9990389999999999,0.9517085427135679,0.1298,1.0
Danmini_Doorbell,300,20,18266,risk_soft_cov,0.7753269760541872,0.99899308,0.9494010050251256,0.0428,1.0
Danmini_Doorbell,300,20,18266,risk_soft_cov_mismatch,0.000603657497546992,0.99957968,0.978878391959799,0.0778,1.0
Danmini_Doorbell,300,21,20138,shared_oas,1.0,0.99981424,0.9906653266331658,0.0652,1.0
Danmini_Doorbell,300,21,20138,local_oas,0.0,0.99975816,0.9878472361809045,0.0698,1.0
Danmini_Doorbell,300,21,20138,peer_cov_fixed,1.0,0.99936588,0.9681346733668341,0.0924,1.0
Danmini_Doorbell,300,21,20138,risk_blend,0.001386018753584329,0.99975772,0.9878251256281407,0.0678,1.0
Danmini_Doorbell,300,21,20138,risk_blend_mismatch,0.0002254567943012597,0.99980592,0.9902472361809045,0.0696,1.0
Danmini_Doorbell,300,21,20138,peer_cov_soft,1.0,0.9987184,0.9355979899497489,0.0722,1.0
Danmini_Doorbell,300,21,20138,risk_soft_cov,0.7271275134888001,0.9987069999999999,0.9350251256281407,0.049,1.0
Danmini_Doorbell,300,21,20138,risk_soft_cov_mismatch,0.0004684134910444618,0.9996406,0.9819396984924622,0.0684,1.0
Danmini_Doorbell,300,22,3848,shared_oas,1.0,0.9993018800000001,0.9649185929648241,0.14,1.0
Danmini_Doorbell,300,22,3848,local_oas,0.0,0.9993011599999999,0.9648824120603015,0.1472,1.0
Danmini_Doorbell,300,22,3848,peer_cov_fixed,1.0,0.99947148,0.9734412060301507,0.065,1.0
Danmini_Doorbell,300,22,3848,risk_blend,0.0013918755568387536,0.9997001200000001,0.9849306532663316,0.1406,1.0
Danmini_Doorbell,300,22,3848,risk_blend_mismatch,0.00022551868473669613,0.99945032,0.9723778894472361,0.1446,1.0
Danmini_Doorbell,300,22,3848,peer_cov_soft,1.0,0.9988884,0.9441407035175879,0.017,1.0
Danmini_Doorbell,300,22,3848,risk_soft_cov,0.7279645271578641,0.99891544,0.9454994974874371,0.0276,1.0
Danmini_Doorbell,300,22,3848,risk_soft_cov_mismatch,0.00046768405965566333,0.9992270000000001,0.9611557788944722,0.1418,1.0
Danmini_Doorbell,300,23,14383,shared_oas,1.0,0.99971164,0.9855095477386935,0.059,1.0
Danmini_Doorbell,300,23,14383,local_oas,0.0,0.9997670399999999,0.9882934673366834,0.0566,1.0
Danmini_Doorbell,300,23,14383,peer_cov_fixed,1.0,0.9995314,0.9764522613065327,0.044,1.0
Danmini_Doorbell,300,23,14383,risk_blend,0.001426050679863998,0.99966956,0.9833949748743719,0.058,1.0
Danmini_Doorbell,300,23,14383,risk_blend_mismatch,0.00023224198822896543,0.99972728,0.9862954773869348,0.059,1.0
Danmini_Doorbell,300,23,14383,peer_cov_soft,1.0,0.99892316,0.9458874371859296,0.032,1.0
Danmini_Doorbell,300,23,14383,risk_soft_cov,0.7327481873634963,0.9988747600000001,0.9434552763819095,0.0348,1.0
Danmini_Doorbell,300,23,14383,risk_soft_cov_mismatch,0.0004818891549873113,0.99958128,0.9789608040201004,0.0536,1.0
Danmini_Doorbell,300,24,5290,shared_oas,1.0,0.9995336,0.9765628140703517,0.167,1.0
Danmini_Doorbell,300,24,5290,local_oas,0.0,0.9995952800000001,0.9796623115577889,0.1688,1.0
Danmini_Doorbell,300,24,5290,peer_cov_fixed,1.0,0.99959012,0.979403015075377,0.1098,1.0
Danmini_Doorbell,300,24,5290,risk_blend,0.0014798258181770243,0.9997482799999999,0.9873507537688442,0.165,1.0
Danmini_Doorbell,300,24,5290,risk_blend_mismatch,0.00024023318143869414,0.9996694,0.9833869346733669,0.1664,1.0
Danmini_Doorbell,300,24,5290,peer_cov_soft,1.0,0.99903324,0.9514190954773869,0.045,1.0
Danmini_Doorbell,300,24,5290,risk_soft_cov,0.7399445081541778,0.9988642,0.9429246231155779,0.0592,1.0
Danmini_Doorbell,300,24,5290,risk_soft_cov_mismatch,0.0004975916841081023,0.9995226,0.9760100502512563,0.164,1.0
Danmini_Doorbell,300,25,31800,shared_oas,1.0,0.9991952,0.9595577889447237,0.0796,1.0
Danmini_Doorbell,300,25,31800,local_oas,0.0,0.99920568,0.9600844221105528,0.0788,1.0
Danmini_Doorbell,300,25,31800,peer_cov_fixed,1.0,0.99955248,0.9775115577889446,0.075,1.0
Danmini_Doorbell,300,25,31800,risk_blend,0.0013772968259408588,0.99953096,0.9764301507537688,0.0784,1.0
Danmini_Doorbell,300,25,31800,risk_blend_mismatch,0.000223390024833192,0.99931348,0.9655015075376884,0.0792,1.0
Danmini_Doorbell,300,25,31800,peer_cov_soft,1.0,0.9988927999999999,0.9443618090452262,0.0548,1.0
Danmini_Doorbell,300,25,31800,risk_soft_cov,0.7258714639671914,0.99870912,0.9351316582914573,0.0396,1.0
Danmini_Doorbell,300,25,31800,risk_soft_cov_mismatch,0.00046258052282960283,0.99938932,0.9693125628140703,0.077,1.0
Danmini_Doorbell,300,26,21550,shared_oas,1.0,0.9982629199999999,0.9127236180904523,0.124,1.0
Danmini_Doorbell,300,26,21550,local_oas,0.0,0.9976024,0.8807316582914573,0.127,1.0
Danmini_Doorbell,300,26,21550,peer_cov_fixed,1.0,0.9995386,0.9768140703517587,0.095,1.0
Danmini_Doorbell,300,26,21550,risk_blend,0.0012727556788654885,0.99855196,0.9272341708542714,0.1238,1.0
Danmini_Doorbell,300,26,21550,risk_blend_mismatch,0.00020532057888994707,0.9977493599999999,0.8875195979899497,0.1268,1.0
Danmini_Doorbell,300,26,21550,peer_cov_soft,1.0,0.9988693599999999,0.9431839195979899,0.1596,1.0
Danmini_Doorbell,300,26,21550,risk_soft_cov,0.7098658869524216,0.9986970799999999,0.9345266331658291,0.0492,1.0
Danmini_Doorbell,300,26,21550,risk_soft_cov_mismatch,0.0004296467341365319,0.9977610800000001,0.887694472361809,0.1246,1.0
Danmini_Doorbell,300,27,3032,shared_oas,1.0,0.9992395599999999,0.9617869346733668,0.0836,1.0
Danmini_Doorbell,300,27,3032,local_oas,0.0,0.99927804,0.9637206030150753,0.0714,1.0
Danmini_Doorbell,300,27,3032,peer_cov_fixed,1.0,0.99946856,0.9732944723618091,0.0582,1.0
Danmini_Doorbell,300,27,3032,risk_blend,0.0014527786690259452,0.99942908,0.9713105527638191,0.0794,1.0
Danmini_Doorbell,300,27,3032,risk_blend_mismatch,0.00023565002562986385,0.9993124800000001,0.965451256281407,0.0736,1.0
Danmini_Doorbell,300,27,3032,peer_cov_soft,1.0,0.99873384,0.9363738693467337,0.035,1.0
Danmini_Doorbell,300,27,3032,risk_soft_cov,0.736374002913035,0.99863364,0.9313386934673368,0.0346,1.0
Danmini_Doorbell,300,27,3032,risk_soft_cov_mismatch,0.0004891138961816965,0.99906388,0.9529587939698492,0.0748,1.0
Danmini_Doorbell,300,28,8954,shared_oas,1.0,0.99917428,0.9585065326633166,0.094,1.0
Danmini_Doorbell,300,28,8954,local_oas,0.0,0.99910644,0.9551095477386935,0.1002,1.0
Danmini_Doorbell,300,28,8954,peer_cov_fixed,1.0,0.99976944,0.9884140703517588,0.098,1.0
Danmini_Doorbell,300,28,8954,risk_blend,0.001546870906268466,0.9998130399999999,0.9906050251256282,0.105,1.0
Danmini_Doorbell,300,28,8954,risk_blend_mismatch,0.00025080699544172396,0.99920432,0.96001608040201,0.1,1.0
Danmini_Doorbell,300,28,8954,peer_cov_soft,1.0,0.99952196,0.9759778894472362,0.0618,1.0
Danmini_Doorbell,300,28,8954,risk_soft_cov,0.7483924610617885,0.9994426399999999,0.9719919597989949,0.0326,1.0
Danmini_Doorbell,300,28,8954,risk_soft_cov_mismatch,0.0005203598028402735,0.99919708,0.9596522613065328,0.0954,1.0
Danmini_Doorbell,300,29,30254,shared_oas,1.0,0.9982394400000001,0.9115296482412061,0.1138,1.0
Danmini_Doorbell,300,29,30254,local_oas,0.0,0.99748956,0.8742613065326632,0.1108,1.0
Danmini_Doorbell,300,29,30254,peer_cov_fixed,1.0,0.99940868,0.9702854271356783,0.0954,1.0
Danmini_Doorbell,300,29,30254,risk_blend,0.0014202876411252784,0.9991452799999999,0.9570492462311557,0.1134,1.0
Danmini_Doorbell,300,29,30254,risk_blend_mismatch,0.00022983242513485594,0.9979137199999999,0.8952884422110552,0.1186,1.0
Danmini_Doorbell,300,29,30254,peer_cov_soft,1.0,0.9986048,0.9298894472361808,0.086,1.0
Danmini_Doorbell,300,29,30254,risk_soft_cov,0.731953311996302,0.99851292,0.9252723618090453,0.0384,1.0
Danmini_Doorbell,300,29,30254,risk_soft_cov_mismatch,0.0004782550701475462,0.99796524,0.8977507537688443,0.1098,1.0
Danmini_Doorbell,1000,0,21068,shared_oas,1.0,0.9993012,0.9648844221105527,0.0918,1.0
Danmini_Doorbell,1000,0,21068,local_oas,0.0,0.9985449200000001,0.9269788944723618,0.081,1.0
Danmini_Doorbell,1000,0,21068,peer_cov_fixed,1.0,0.99934636,0.9671537688442211,0.0792,1.0
Danmini_Doorbell,1000,0,21068,risk_blend,0.00042159457560681353,0.9988758,0.9435075376884422,0.0802,1.0
Danmini_Doorbell,1000,0,21068,risk_blend_mismatch,6.823103180252633e-05,0.99860368,0.9298834170854271,0.0812,1.0
Danmini_Doorbell,1000,0,21068,peer_cov_soft,1.0,0.98769516,0.9005185929648242,0.1204,1.0
Danmini_Doorbell,1000,0,21068,risk_soft_cov,0.04954068026282374,0.99947672,0.9737045226130653,0.0882,1.0
Danmini_Doorbell,1000,0,21068,risk_soft_cov_mismatch,2.374534004088826e-05,0.99853424,0.9264361809045225,0.081,1.0
Danmini_Doorbell,1000,1,21225,shared_oas,1.0,0.99908128,0.9538331658291457,0.078,1.0
Danmini_Doorbell,1000,1,21225,local_oas,0.0,0.99835016,0.9171336683417086,0.0768,1.0
Danmini_Doorbell,1000,1,21225,peer_cov_fixed,1.0,0.99958036,0.9789125628140702,0.0672,1.0
Danmini_Doorbell,1000,1,21225,risk_blend,0.0004205024546213199,0.9983546799999999,0.9173206030150755,0.0772,1.0
Danmini_Doorbell,1000,1,21225,risk_blend_mismatch,6.811977154078263e-05,0.99813964,0.9065326633165829,0.0766,1.0
Danmini_Doorbell,1000,1,21225,peer_cov_soft,1.0,0.9882763999999999,0.9004020100502512,0.0948,1.0
Danmini_Doorbell,1000,1,21225,risk_soft_cov,0.04941863816656493,0.9995774399999999,0.9787658291457286,0.0628,1.0
Danmini_Doorbell,1000,1,21225,risk_soft_cov_mismatch,2.3698549023648012e-05,0.9980562799999999,0.9023597989949749,0.077,1.0
Danmini_Doorbell,1000,2,2976,shared_oas,1.0,0.9992572399999999,0.9626753768844221,0.1018,1.0
Danmini_Doorbell,1000,2,2976,local_oas,0.0,0.99901996,0.9507517587939699,0.095,1.0
Danmini_Doorbell,1000,2,2976,peer_cov_fixed,1.0,0.99959984,0.9798914572864322,0.0606,1.0
Danmini_Doorbell,1000,2,2976,risk_blend,0.0004250932553699835,0.9990479999999999,0.9521608040201005,0.0966,1.0
Danmini_Doorbell,1000,2,2976,risk_blend_mismatch,6.877128326695961e-05,0.99896976,0.9482291457286431,0.0978,1.0
Danmini_Doorbell,1000,2,2976,peer_cov_soft,1.0,0.9886059199999999,0.9044,0.0774,1.0
Danmini_Doorbell,1000,2,2976,risk_soft_cov,0.04993144084263431,0.99974316,0.9870934673366835,0.085,1.0
Danmini_Doorbell,1000,2,2976,risk_soft_cov_mismatch,2.3942194490711824e-05,0.99893612,0.9465386934673365,0.0962,1.0
Danmini_Doorbell,1000,3,8874,shared_oas,1.0,0.9986168,0.9304924623115578,0.1624,1.0
Danmini_Doorbell,1000,3,8874,local_oas,0.0,0.99912988,0.9563095477386936,0.165,1.0
Danmini_Doorbell,1000,3,8874,peer_cov_fixed,1.0,0.99949608,0.9746773869346734,0.0672,1.0
Danmini_Doorbell,1000,3,8874,risk_blend,0.00045604097542430134,0.99942096,0.9709025125628141,0.1678,1.0
Danmini_Doorbell,1000,3,8874,risk_blend_mismatch,7.400891378179313e-05,0.9991576400000001,0.9576804020100502,0.1666,1.0
Danmini_Doorbell,1000,3,8874,peer_cov_soft,1.0,0.9877838400000001,0.8992804020100502,0.1338,1.0
Danmini_Doorbell,1000,3,8874,risk_soft_cov,0.05337410790186561,0.99980108,0.9900040201005025,0.1324,1.0
Danmini_Doorbell,1000,3,8874,risk_soft_cov_mismatch,2.57014885802865e-05,0.99895936,0.9477507537688442,0.165,1.0
Danmini_Doorbell,1000,4,21480,shared_oas,1.0,0.99944456,0.9720884422110552,0.1018,1.0
Danmini_Doorbell,1000,4,21480,local_oas,0.0,0.9987909199999999,0.9392422110552764,0.098,1.0
Danmini_Doorbell,1000,4,21480,peer_cov_fixed,1.0,0.99953612,0.9766894472361809,0.0828,1.0
Danmini_Doorbell,1000,4,21480,risk_blend,0.00041157244591381756,0.9988224,0.9408241206030151,0.098,1.0
Danmini_Doorbell,1000,4,21480,risk_blend_mismatch,6.659342566747156e-05,0.99862072,0.9306894472361809,0.0978,1.0
Danmini_Doorbell,1000,4,21480,peer_cov_soft,1.0,0.98899472,0.9033165829145728,0.144,1.0
Danmini_Doorbell,1000,4,21480,risk_soft_cov,0.048419562443132114,0.9997444,0.9871557788944724,0.0818,1.0
Danmini_Doorbell,1000,4,21480,risk_soft_cov_mismatch,2.3188711732524498e-05,0.9985751199999999,0.9283979899497488,0.098,1.0
Danmini_Doorbell,1000,5,22470,shared_oas,1.0,0.9994187600000001,0.9707919597989949,0.1268,1.0
Danmini_Doorbell,1000,5,22470,local_oas,0.0,0.99949052,0.9743979899497487,0.1252,1.0
Danmini_Doorbell,1000,5,22470,peer_cov_fixed,1.0,0.99938092,0.9688904522613065,0.07,1.0
Danmini_Doorbell,1000,5,22470,risk_blend,0.0003940615277471946,0.9992712,0.9633768844221106,0.1294,1.0
Danmini_Doorbell,1000,5,22470,risk_blend_mismatch,6.387396416638017e-05,0.9992716399999999,0.9633989949748745,0.1266,1.0
Danmini_Doorbell,1000,5,22470,peer_cov_soft,1.0,0.9895058800000001,0.9034170854271357,0.0976,1.0
Danmini_Doorbell,1000,5,22470,risk_soft_cov,0.04645441056234504,0.99976284,0.9880824120603016,0.1138,1.0
Danmini_Doorbell,1000,5,22470,risk_soft_cov_mismatch,2.222846119008621e-05,0.99933136,0.9663999999999999,0.1264,1.0
Danmini_Doorbell,1000,6,23835,shared_oas,1.0,0.9995596,0.9778693467336683,0.0776,1.0
Danmini_Doorbell,1000,6,23835,local_oas,0.0,0.99947384,0.9735597989949749,0.0752,1.0
Danmini_Doorbell,1000,6,23835,peer_cov_fixed,1.0,0.99938244,0.9689668341708543,0.0612,1.0
Danmini_Doorbell,1000,6,23835,risk_blend,0.0004463288638111627,0.99946404,0.973067336683417,0.0738,1.0
Danmini_Doorbell,1000,6,23835,risk_blend_mismatch,7.241418053922215e-05,0.9995092,0.9753366834170855,0.0754,1.0
Danmini_Doorbell,1000,6,23835,peer_cov_soft,1.0,0.9890489600000001,0.9031155778894473,0.0806,1.0
Danmini_Doorbell,1000,6,23835,risk_soft_cov,0.052296385658475525,0.99976604,0.9882432160804021,0.0662,1.0
Danmini_Doorbell,1000,6,23835,risk_soft_cov_mismatch,2.5165516009373838e-05,0.99943792,0.9717547738693468,0.076,1.0
Danmini_Doorbell,1000,7,23783,shared_oas,1.0,0.99918768,0.9591798994974874,0.0798,1.0
Danmini_Doorbell,1000,7,23783,local_oas,0.0,0.99894576,0.9470532663316583,0.0752,1.0
Danmini_Doorbell,1000,7,23783,peer_cov_fixed,1.0,0.99920248,0.9599236180904522,0.0588,1.0
Danmini_Doorbell,1000,7,23783,risk_blend,0.00044338712378501707,0.99901196,0.9503497487437187,0.074,1.0
Danmini_Doorbell,1000,7,23783,risk_blend_mismatch,7.191458748662229e-05,0.99891696,0.9455859296482412,0.0752,1.0
Danmini_Doorbell,1000,7,23783,peer_cov_soft,1.0,0.98800888,0.8971075376884422,0.0764,1.0
Danmini_Doorbell,1000,7,23783,risk_soft_cov,0.051969469853176214,0.99955412,0.9775939698492463,0.0672,1.0
Danmini_Doorbell,1000,7,23783,risk_soft_cov_mismatch,2.499509333280661e-05,0.99893284,0.9464160804020101,0.0758,1.0
Danmini_Doorbell,1000,8,28327,shared_oas,1.0,0.9979032,0.8952281407035176,0.1394,1.0
Danmini_Doorbell,1000,8,28327,local_oas,0.0,0.99721656,0.8690673366834172,0.137,1.0
Danmini_Doorbell,1000,8,28327,peer_cov_fixed,1.0,0.999406,0.9701507537688442,0.0728,1.0
Danmini_Doorbell,1000,8,28327,risk_blend,0.00042109843020462687,0.99865708,0.9325185929648241,0.1364,1.0
Danmini_Doorbell,1000,8,28327,risk_blend_mismatch,6.825686091941686e-05,0.9979975999999999,0.9005206030150754,0.1366,1.0
Danmini_Doorbell,1000,8,28327,peer_cov_soft,1.0,0.9889699599999999,0.897224120603015,0.1106,1.0
Danmini_Doorbell,1000,8,28327,risk_soft_cov,0.049485240966870375,0.99956136,0.9779577889447235,0.0956,1.0
Danmini_Doorbell,1000,8,28327,risk_soft_cov_mismatch,2.3734535493276786e-05,0.99747332,0.8751336683417086,0.1372,1.0
Danmini_Doorbell,1000,9,28058,shared_oas,1.0,0.99807936,0.9039658291457286,0.1448,1.0
Danmini_Doorbell,1000,9,28058,local_oas,0.0,0.99784016,0.893246231155779,0.1456,1.0
Danmini_Doorbell,1000,9,28058,peer_cov_fixed,1.0,0.9996932799999999,0.9845869346733669,0.0844,1.0
Danmini_Doorbell,1000,9,28058,risk_blend,0.00043834283795245795,0.9991124,0.9553969849246231,0.1438,1.0
Danmini_Doorbell,1000,9,28058,risk_blend_mismatch,7.105141643028558e-05,0.9982770400000001,0.9140261306532662,0.1452,1.0
Danmini_Doorbell,1000,9,28058,peer_cov_soft,1.0,0.9867781600000001,0.897027135678392,0.143,1.0
Danmini_Doorbell,1000,9,28058,risk_soft_cov,0.05140837718461078,0.9997583600000001,0.9878572864321609,0.0986,1.0
Danmini_Doorbell,1000,9,28058,risk_soft_cov_mismatch,2.46922921705651e-05,0.9980275599999999,0.9021005025125628,0.1464,1.0
Danmini_Doorbell,1000,10,22086,shared_oas,1.0,0.9990508,0.9523015075376884,0.0902,1.0
Danmini_Doorbell,1000,10,22086,local_oas,0.0,0.9990536,0.9524422110552764,0.0902,1.0
Danmini_Doorbell,1000,10,22086,peer_cov_fixed,1.0,0.99933264,0.9664643216080402,0.0632,1.0
Danmini_Doorbell,1000,10,22086,risk_blend,0.00039977171426488925,0.9988302800000001,0.9412201005025125,0.0902,1.0
Danmini_Doorbell,1000,10,22086,risk_blend_mismatch,6.479212880846786e-05,0.9987408799999999,0.9367276381909547,0.09,1.0
Danmini_Doorbell,1000,10,22086,peer_cov_soft,1.0,0.9900893199999999,0.8961065326633165,0.1228,1.0
Danmini_Doorbell,1000,10,22086,risk_soft_cov,0.04709611635809044,0.9996630799999999,0.9830693467336684,0.0746,1.0
Danmini_Doorbell,1000,10,22086,risk_soft_cov_mismatch,2.255131860726507e-05,0.9986833199999999,0.933835175879397,0.0902,1.0
Danmini_Doorbell,1000,11,24131,shared_oas,1.0,0.99963832,0.9818251256281406,0.0918,1.0
Danmini_Doorbell,1000,11,24131,local_oas,0.0,0.99939608,0.9696522613065327,0.0954,1.0
Danmini_Doorbell,1000,11,24131,peer_cov_fixed,1.0,0.9995332,0.9765427135678393,0.0596,1.0
Danmini_Doorbell,1000,11,24131,risk_blend,0.00042501046513900085,0.9995209199999999,0.9759256281407036,0.0936,1.0
Danmini_Doorbell,1000,11,24131,risk_blend_mismatch,6.895036317580031e-05,0.9994607200000001,0.9729005025125628,0.0952,1.0
Danmini_Doorbell,1000,11,24131,peer_cov_soft,1.0,0.98910448,0.8970773869346733,0.0718,1.0
Danmini_Doorbell,1000,11,24131,risk_soft_cov,0.049922197846562474,0.99982732,0.9913226130653267,0.071,1.0
Danmini_Doorbell,1000,11,24131,risk_soft_cov_mismatch,2.3969116345512767e-05,0.99939544,0.9696201005025125,0.0956,1.0
Danmini_Doorbell,1000,12,17887,shared_oas,1.0,0.9994460000000001,0.9721608040201004,0.0934,1.0
Danmini_Doorbell,1000,12,17887,local_oas,0.0,0.9991357200000001,0.9565829145728644,0.0846,1.0
Danmini_Doorbell,1000,12,17887,peer_cov_fixed,1.0,0.99949836,0.974791959798995,0.0636,1.0
Danmini_Doorbell,1000,12,17887,risk_blend,0.0004732039752953049,0.99902636,0.9510733668341708,0.0858,1.0
Danmini_Doorbell,1000,12,17887,risk_blend_mismatch,7.683856270727608e-05,0.99906012,0.9527698492462312,0.0854,1.0
Danmini_Doorbell,1000,12,17887,peer_cov_soft,1.0,0.98935516,0.898675376884422,0.0568,1.0
Danmini_Doorbell,1000,12,17887,risk_soft_cov,0.05527270138527275,0.99968948,0.9843959798994975,0.0848,1.0
Danmini_Doorbell,1000,12,17887,risk_soft_cov_mismatch,2.6682244132556815e-05,0.99911844,0.9557206030150754,0.0852,1.0
Danmini_Doorbell,1000,13,6029,shared_oas,1.0,0.99951588,0.9756723618090453,0.0838,1.0
Danmini_Doorbell,1000,13,6029,local_oas,0.0,0.99887956,0.9436964824120604,0.073,1.0
Danmini_Doorbell,1000,13,6029,peer_cov_fixed,1.0,0.99967968,0.9839035175879398,0.0672,1.0
Danmini_Doorbell,1000,13,6029,risk_blend,0.0004294131866100936,0.9989878,0.9491356783919598,0.0748,1.0
Danmini_Doorbell,1000,13,6029,risk_blend_mismatch,6.95984592316494e-05,0.99879152,0.9392723618090453,0.0734,1.0
Danmini_Doorbell,1000,13,6029,peer_cov_soft,1.0,0.9875166400000001,0.8997527638190954,0.138,1.0
Danmini_Doorbell,1000,13,6029,risk_soft_cov,0.05041348607095777,0.99982636,0.9912743718592965,0.082,1.0
Danmini_Doorbell,1000,13,6029,risk_soft_cov_mismatch,2.4199875279986778e-05,0.99875268,0.9373206030150754,0.0738,1.0
Danmini_Doorbell,1000,14,8085,shared_oas,1.0,0.99964212,0.98201608040201,0.099,1.0
Danmini_Doorbell,1000,14,8085,local_oas,0.0,0.99951908,0.9758331658291457,0.0818,1.0
Danmini_Doorbell,1000,14,8085,peer_cov_fixed,1.0,0.9994457999999999,0.9721507537688443,0.0594,1.0
Danmini_Doorbell,1000,14,8085,risk_blend,0.00042942625973293693,0.9994879200000001,0.9742673366834171,0.0846,1.0
Danmini_Doorbell,1000,14,8085,risk_blend_mismatch,6.965159108838473e-05,0.99952908,0.9763356783919597,0.0828,1.0
Danmini_Doorbell,1000,14,8085,peer_cov_soft,1.0,0.9892392,0.9015678391959798,0.0622,1.0
Danmini_Doorbell,1000,14,8085,risk_soft_cov,0.05041494411654835,0.99968068,0.9839537688442211,0.0866,1.0
Danmini_Doorbell,1000,14,8085,risk_soft_cov_mismatch,2.421229583215271e-05,0.99950436,0.9750934673366833,0.0822,1.0
Danmini_Doorbell,1000,15,18792,shared_oas,1.0,0.9985456,0.9269145728643216,0.0,0.5864
Danmini_Doorbell,1000,15,18792,local_oas,0.0,0.9988683199999999,0.9431316582914573,0.0,0.4962
Danmini_Doorbell,1000,15,18792,peer_cov_fixed,1.0,0.9994337999999999,0.9715477386934672,0.006,1.0
Danmini_Doorbell,1000,15,18792,risk_blend,0.0058933106643991,0.99793948,0.898486432160804,0.0,0.5478
Danmini_Doorbell,1000,15,18792,risk_blend_mismatch,0.00098428629934604,0.99850488,0.9248683417085426,0.0,0.5014
Danmini_Doorbell,1000,15,18792,peer_cov_soft,1.0,0.9985935199999999,0.9293226130653267,0.0076,1.0
Danmini_Doorbell,1000,15,18792,risk_soft_cov,0.9192354017544645,0.99858296,0.928791959798995,0.004,0.798
Danmini_Doorbell,1000,15,18792,risk_soft_cov_mismatch,0.002041870849198189,0.9984647999999999,0.922854271356784,0.0,0.5012
Danmini_Doorbell,1000,16,13407,shared_oas,1.0,0.99947756,0.9737467336683416,0.0,0.4612
Danmini_Doorbell,1000,16,13407,local_oas,0.0,0.99939592,0.9696442211055276,0.0,0.345
Danmini_Doorbell,1000,16,13407,peer_cov_fixed,1.0,0.99954044,0.9769065326633166,0.001,0.7994
Danmini_Doorbell,1000,16,13407,risk_blend,0.018850614735601175,0.99907636,0.9535859296482412,0.0,0.0
Danmini_Doorbell,1000,16,13407,risk_blend_mismatch,0.0032793069021092853,0.9993962,0.9696582914572864,0.0,0.0
Danmini_Doorbell,1000,16,13407,peer_cov_soft,1.0,0.9988391600000001,0.9416663316582914,0.0008,0.7994
Danmini_Doorbell,1000,16,13407,risk_soft_cov,0.9736055099147216,0.99855576,0.9274251256281407,0.0002,0.6022
Danmini_Doorbell,1000,16,13407,risk_soft_cov_mismatch,0.006533788633302471,0.9990352,0.9515175879396984,0.0,0.0
Danmini_Doorbell,1000,17,4095,shared_oas,1.0,0.99938856,0.9692743718592964,0.1078,1.0
Danmini_Doorbell,1000,17,4095,local_oas,0.0,0.99944088,0.9719035175879397,0.0854,1.0
Danmini_Doorbell,1000,17,4095,peer_cov_fixed,1.0,0.99936828,0.9682552763819094,0.0614,1.0
Danmini_Doorbell,1000,17,4095,risk_blend,0.00042298959413395067,0.99952396,0.9760783919597988,0.0956,1.0
Danmini_Doorbell,1000,17,4095,risk_blend_mismatch,6.846057619645191e-05,0.9994907199999999,0.9744080402010051,0.0878,1.0
Danmini_Doorbell,1000,17,4095,peer_cov_soft,1.0,0.9883784,0.8952763819095477,0.0666,1.0
Danmini_Doorbell,1000,17,4095,risk_soft_cov,0.04969652530288326,0.99972448,0.9861547738693468,0.0984,1.0
Danmini_Doorbell,1000,17,4095,risk_soft_cov_mismatch,2.3827042908618855e-05,0.9993784,0.9687678391959799,0.0876,1.0
Danmini_Doorbell,1000,18,7259,shared_oas,1.0,0.99970676,0.9852643216080401,0.1082,1.0
Danmini_Doorbell,1000,18,7259,local_oas,0.0,0.99940572,0.9701366834170854,0.0974,1.0
Danmini_Doorbell,1000,18,7259,peer_cov_fixed,1.0,0.99934796,0.9672341708542713,0.0698,1.0
Danmini_Doorbell,1000,18,7259,risk_blend,0.00042454115287462676,0.99959996,0.979897487437186,0.1066,1.0
Danmini_Doorbell,1000,18,7259,risk_blend_mismatch,6.876735678967997e-05,0.9994596,0.9728442211055275,0.1028,1.0
Danmini_Doorbell,1000,18,7259,peer_cov_soft,1.0,0.9879118,0.9009788944723618,0.1392,1.0
Danmini_Doorbell,1000,18,7259,risk_soft_cov,0.04986979878431051,0.99977236,0.9885608040201006,0.1042,1.0
Danmini_Doorbell,1000,18,7259,risk_soft_cov_mismatch,2.3923491535249804e-05,0.99938508,0.9690994974874372,0.0986,1.0
Danmini_Doorbell,1000,19,19094,shared_oas,1.0,0.99827504,0.9133185929648241,0.0022,0.806
Danmini_Doorbell,1000,19,19094,local_oas,0.0,0.99842228,0.9207175879396985,0.0028,0.795
Danmini_Doorbell,1000,19,19094,peer_cov_fixed,1.0,0.99935996,0.9678371859296482,0.0068,1.0
Danmini_Doorbell,1000,19,19094,risk_blend,0.004980148731300079,0.99784596,0.901435175879397,0.0016,0.806
Danmini_Doorbell,1000,19,19094,risk_blend_mismatch,0.0008192560812374169,0.9980202,0.9005125628140704,0.0014,0.7988
Danmini_Doorbell,1000,19,19094,peer_cov_soft,1.0,0.99847628,0.9234311557788945,0.0082,1.0
Danmini_Doorbell,1000,19,19094,risk_soft_cov,0.9057427168879632,0.99838144,0.9186653266331659,0.0058,0.8074
Danmini_Doorbell,1000,19,19094,risk_soft_cov_mismatch,0.0017059849485018346,0.99816776,0.9079276381909547,0.0014,0.806
Danmini_Doorbell,1000,20,16045,shared_oas,1.0,0.99904164,0.9518412060301508,0.0904,1.0
Danmini_Doorbell,1000,20,16045,local_oas,0.0,0.99858008,0.9287236180904522,0.091,1.0
Danmini_Doorbell,1000,20,16045,peer_cov_fixed,1.0,0.9993628,0.9679798994974875,0.0522,1.0
Danmini_Doorbell,1000,20,16045,risk_blend,0.0004892644183806992,0.99856688,0.9280201005025126,0.0878,1.0
Danmini_Doorbell,1000,20,16045,risk_blend_mismatch,7.951626682226615e-05,0.99846272,0.9227959798994975,0.0902,1.0
Danmini_Doorbell,1000,20,16045,peer_cov_soft,1.0,0.98948156,0.9001386934673368,0.1362,1.0
Danmini_Doorbell,1000,20,16045,risk_soft_cov,0.05704250257926016,0.99955572,0.9776743718592965,0.0634,1.0
Danmini_Doorbell,1000,20,16045,risk_soft_cov_mismatch,2.7600194099877704e-05,0.99843016,0.9211959798994975,0.0912,1.0
Danmini_Doorbell,1000,21,19109,shared_oas,1.0,0.99838392,0.9187899497487437,0.002,0.7954
Danmini_Doorbell,1000,21,19109,local_oas,0.0,0.9988212,0.9407638190954775,0.0028,0.7954
Danmini_Doorbell,1000,21,19109,peer_cov_fixed,1.0,0.9995052799999999,0.9751396984924623,0.0046,0.9996
Danmini_Doorbell,1000,21,19109,risk_blend,0.004980498061151267,0.99791404,0.8951778894472362,0.004,0.7954
Danmini_Doorbell,1000,21,19109,risk_blend_mismatch,0.0008195238456468125,0.99825772,0.9124482412060302,0.0024,0.7954
Danmini_Doorbell,1000,21,19109,peer_cov_soft,1.0,0.9988002,0.9397085427135679,0.007,1.0
Danmini_Doorbell,1000,21,19109,risk_soft_cov,0.9057487349108044,0.9984580399999999,0.9225145728643216,0.007,1.0
Danmini_Doorbell,1000,21,19109,risk_soft_cov_mismatch,0.0017064271002892948,0.99818372,0.9087296482412061,0.0032,0.7954
Danmini_Doorbell,1000,22,18717,shared_oas,1.0,0.9985066800000001,0.9249587939698491,0.0,0.5812
Danmini_Doorbell,1000,22,18717,local_oas,0.0,0.9987066,0.9350050251256281,0.0,0.496
Danmini_Doorbell,1000,22,18717,peer_cov_fixed,1.0,0.99957884,0.9788361809045226,0.0056,1.0
Danmini_Doorbell,1000,22,18717,risk_blend,0.005617147676292022,0.99782028,0.8985788944723618,0.0,0.5464
Danmini_Doorbell,1000,22,18717,risk_blend_mismatch,0.0009393597207402711,0.99850512,0.9248804020100503,0.0,0.5016
Danmini_Doorbell,1000,22,18717,peer_cov_soft,1.0,0.99865056,0.9321889447236182,0.0064,1.0
Danmini_Doorbell,1000,22,18717,risk_soft_cov,0.915578332550456,0.99839988,0.919591959798995,0.0048,0.7982
Danmini_Doorbell,1000,22,18717,risk_soft_cov_mismatch,0.0019513713350304295,0.99834448,0.916808040201005,0.0,0.5002
Danmini_Doorbell,1000,23,28673,shared_oas,1.0,0.99805692,0.9027738693467338,0.1696,1.0
Danmini_Doorbell,1000,23,28673,local_oas,0.0,0.9976045600000001,0.8814291457286433,0.1892,1.0
Danmini_Doorbell,1000,23,28673,peer_cov_fixed,1.0,0.99955096,0.977435175879397,0.07,1.0
Danmini_Doorbell,1000,23,28673,risk_blend,0.0004038390911075915,0.9988606,0.9427437185929649,0.1724,1.0
Danmini_Doorbell,1000,23,28673,risk_blend_mismatch,6.550851486591986e-05,0.9981102000000001,0.9057105527638192,0.183,1.0
Danmini_Doorbell,1000,23,28673,peer_cov_soft,1.0,0.98935248,0.898227135678392,0.0838,1.0
Danmini_Doorbell,1000,23,28673,risk_soft_cov,0.04755268263302728,0.99980508,0.9902050251256282,0.1284,1.0
Danmini_Doorbell,1000,23,28673,risk_soft_cov_mismatch,2.2779392543981393e-05,0.9977765200000001,0.889591959798995,0.1884,1.0
Danmini_Doorbell,1000,24,6962,shared_oas,1.0,0.99943116,0.9714150753768844,0.0858,1.0
Danmini_Doorbell,1000,24,6962,local_oas,0.0,0.99901036,0.950414070351759,0.0802,1.0
Danmini_Doorbell,1000,24,6962,peer_cov_fixed,1.0,0.99940948,0.9703256281407036,0.0624,1.0
Danmini_Doorbell,1000,24,6962,risk_blend,0.0004446311054317162,0.998538,0.9266170854271356,0.0794,1.0
Danmini_Doorbell,1000,24,6962,risk_blend_mismatch,7.205964915367463e-05,0.9989421599999999,0.946956783919598,0.0794,1.0
Danmini_Doorbell,1000,24,6962,peer_cov_soft,1.0,0.98733528,0.8980884422110553,0.1272,1.0
Danmini_Doorbell,1000,24,6962,risk_soft_cov,0.05210774091665528,0.99982396,0.9911537688442211,0.0664,1.0
Danmini_Doorbell,1000,24,6962,risk_soft_cov_mismatch,2.5056737639451753e-05,0.9989916400000001,0.9494974874371859,0.08,1.0
Danmini_Doorbell,1000,25,30234,shared_oas,1.0,0.9991048,0.9550150753768845,0.0,0.4692
Danmini_Doorbell,1000,25,30234,local_oas,0.0,0.99914524,0.9570472361809046,0.0,0.1892
Danmini_Doorbell,1000,25,30234,peer_cov_fixed,1.0,0.99948904,0.9743236180904522,0.0018,0.7964
Danmini_Doorbell,1000,25,30234,risk_blend,0.020799033287298162,0.99898248,0.9488683417085426,0.0,0.0
Danmini_Doorbell,1000,25,30234,risk_blend_mismatch,0.0036055121162391433,0.99910476,0.9550130653266331,0.0,0.0
Danmini_Doorbell,1000,25,30234,peer_cov_soft,1.0,0.9986054,0.9299195979899497,0.0016,0.7966
Danmini_Doorbell,1000,25,30234,risk_soft_cov,0.9760652890586875,0.998044,0.9017085427135678,0.0008,0.6038
Danmini_Doorbell,1000,25,30234,risk_soft_cov_mismatch,0.007115888384114119,0.9989416,0.9468140703517589,0.0,0.0
Danmini_Doorbell,1000,26,5859,shared_oas,1.0,0.9995365599999999,0.9767115577889447,0.1104,1.0
Danmini_Doorbell,1000,26,5859,local_oas,0.0,0.9993808,0.9688844221105526,0.0986,1.0
Danmini_Doorbell,1000,26,5859,peer_cov_fixed,1.0,0.9994633199999999,0.9730311557788944,0.061,1.0
Danmini_Doorbell,1000,26,5859,risk_blend,0.00044756918907569763,0.99935476,0.9675758793969849,0.1026,1.0
Danmini_Doorbell,1000,26,5859,risk_blend_mismatch,7.263231089092423e-05,0.99929924,0.9647859296482413,0.1004,1.0
Danmini_Doorbell,1000,26,5859,peer_cov_soft,1.0,0.9874282400000001,0.9005447236180906,0.141,1.0
Danmini_Doorbell,1000,26,5859,risk_soft_cov,0.05243415611878273,0.99976416,0.988148743718593,0.0956,1.0
Danmini_Doorbell,1000,26,5859,risk_soft_cov_mismatch,2.522429712089171e-05,0.99932484,0.9660723618090452,0.0994,1.0
Danmini_Doorbell,1000,27,2047,shared_oas,1.0,0.9992490799999999,0.9622653266331658,0.1126,1.0
Danmini_Doorbell,1000,27,2047,local_oas,0.0,0.9990364399999999,0.9515798994974873,0.103,1.0
Danmini_Doorbell,1000,27,2047,peer_cov_fixed,1.0,0.9992715200000001,0.9633929648241206,0.06,1.0
Danmini_Doorbell,1000,27,2047,risk_blend,0.0004342320273194827,0.99891928,0.9456924623115579,0.1118,1.0
Danmini_Doorbell,1000,27,2047,risk_blend_mismatch,7.047537154412048e-05,0.99884288,0.9418552763819096,0.1068,1.0
Danmini_Doorbell,1000,27,2047,peer_cov_soft,1.0,0.98925564,0.8953145728643216,0.0578,1.0
Danmini_Doorbell,1000,27,2047,risk_soft_cov,0.050950630843911285,0.99964296,0.9820582914572864,0.0982,1.0
Danmini_Doorbell,1000,27,2047,risk_soft_cov_mismatch,2.449892653496899e-05,0.9988149999999999,0.9404582914572865,0.1052,1.0
Danmini_Doorbell,1000,28,6271,shared_oas,1.0,0.99914848,0.9572100502512563,0.0938,1.0
Danmini_Doorbell,1000,28,6271,local_oas,0.0,0.9988235599999999,0.9409226130653265,0.0978,1.0
Danmini_Doorbell,1000,28,6271,peer_cov_fixed,1.0,0.99947584,0.9736603015075376,0.0586,1.0
Danmini_Doorbell,1000,28,6271,risk_blend,0.00045093810664907646,0.9988402000000001,0.9417185929648241,0.0964,1.0
Danmini_Doorbell,1000,28,6271,risk_blend_mismatch,7.322325818610082e-05,0.998763,0.9378673366834172,0.0976,1.0
Danmini_Doorbell,1000,28,6271,peer_cov_soft,1.0,0.9877146000000001,0.8987939698492462,0.1398,1.0
Danmini_Doorbell,1000,28,6271,risk_soft_cov,0.052808161901848116,0.9998661999999999,0.9932763819095478,0.0706,1.0
Danmini_Doorbell,1000,28,6271,risk_soft_cov_mismatch,2.542688237430977e-05,0.9987786,0.9386894472361809,0.0982,1.0
Danmini_Doorbell,1000,29,6575,shared_oas,1.0,0.99912352,0.9559557788944724,0.085,1.0
Danmini_Doorbell,1000,29,6575,local_oas,0.0,0.9990936399999999,0.9544542713567838,0.0818,1.0
Danmini_Doorbell,1000,29,6575,peer_cov_fixed,1.0,0.99948192,0.9739658291457287,0.0588,1.0
Danmini_Doorbell,1000,29,6575,risk_blend,0.00044189017915624573,0.9988271599999999,0.9410633165829145,0.082,1.0
Danmini_Doorbell,1000,29,6575,risk_blend_mismatch,7.170781999624409e-05,0.9988254000000001,0.9409748743718593,0.0818,1.0
Danmini_Doorbell,1000,29,6575,peer_cov_soft,1.0,0.98812344,0.8955859296482412,0.1434,1.0
Danmini_Doorbell,1000,29,6575,risk_soft_cov,0.051803028413817315,0.99966464,0.9831477386934673,0.0688,1.0
Danmini_Doorbell,1000,29,6575,risk_soft_cov_mismatch,2.491052693841422e-05,0.99876608,0.9379939698492463,0.0822,1.0
Ecobee_Thermostat,30,0,5755,shared_oas,1.0,0.9998329444063143,0.9916052465484595,0.05948295584534431,1.0
Ecobee_Thermostat,30,0,5755,local_oas,0.0,0.9998681766186228,0.9933757094785297,0.05101807366735301,1.0
Ecobee_Thermostat,30,0,5755,peer_cov_fixed,1.0,0.9994735758407687,0.9735465246617439,0.07709906199954245,1.0
Ecobee_Thermostat,30,0,5755,risk_blend,0.6211887701841604,0.9997812857469687,0.9890093340185254,0.025165865934568748,1.0
Ecobee_Thermostat,30,0,5755,risk_blend_mismatch,0.2507064744629856,0.9998687714481812,0.9934056004111154,0.041866849691146193,1.0
Ecobee_Thermostat,30,0,5755,peer_cov_soft,1.0,0.9989480210478151,0.9471367360711127,0.09951956074124914,1.0
Ecobee_Thermostat,30,0,5755,risk_soft_cov,0.9999232807228157,0.9989480210478151,0.9471367360711127,0.0990619995424388,1.0
Ecobee_Thermostat,30,0,5755,risk_soft_cov_mismatch,0.2968144042354299,0.9998687714481812,0.9934056004111154,0.03957904369709449,1.0
Ecobee_Thermostat,30,1,3731,shared_oas,1.0,0.9998565088080531,0.9927893873393505,0.011896591169068863,1.0
Ecobee_Thermostat,30,1,3731,local_oas,0.0,0.9998657057881492,0.9932515471431741,0.008693662777396477,1.0
Ecobee_Thermostat,30,1,3731,peer_cov_fixed,1.0,0.9995064744909632,0.9752003899617052,0.040036604895904826,1.0
Ecobee_Thermostat,30,1,3731,risk_blend,0.5656566787761398,0.9999103180050332,0.9954933670870941,0.022878059940517045,1.0
Ecobee_Thermostat,30,1,3731,risk_blend_mismatch,0.2185048935804293,0.9998658430565088,0.9932584450506938,0.029283916723861818,1.0
Ecobee_Thermostat,30,1,3731,peer_cov_soft,1.0,0.9989721802791123,0.9483507677945895,0.07000686341798215,1.0
Ecobee_Thermostat,30,1,3731,risk_soft_cov,0.9999005557748596,0.9989721802791123,0.9483507677945895,0.07000686341798215,1.0
Ecobee_Thermostat,30,1,3731,risk_soft_cov_mismatch,0.28861528109059,0.9998659345687486,0.993263043655707,0.02722489132921528,1.0
Ecobee_Thermostat,30,2,4982,shared_oas,1.0,0.9997636238846946,0.9881218032509838,0.004346831388698238,1.0
Ecobee_Thermostat,30,2,4982,local_oas,0.0,0.9998605353466027,0.99299172595993,0.0038892701898878973,1.0
Ecobee_Thermostat,30,2,4982,peer_cov_fixed,1.0,0.9996246167924959,0.9812275286291904,0.09494394875314573,1.0
Ecobee_Thermostat,30,2,4982,risk_blend,0.5774668214746246,0.9998608556394417,0.9930078210774762,0.022191718142301534,1.0
Ecobee_Thermostat,30,2,4982,risk_blend_mismatch,0.18622583591927783,0.9998613132006406,0.993030814102542,0.015785861358956762,1.0
Ecobee_Thermostat,30,2,4982,peer_cov_soft,1.0,0.9992572409059712,0.9627381703760165,0.06909174102036147,1.0
Ecobee_Thermostat,30,2,4982,risk_soft_cov,0.9998910556081946,0.9992572409059712,0.9627381703760165,0.06909174102036147,1.0
Ecobee_Thermostat,30,2,4982,risk_soft_cov_mismatch,0.2490258531426915,0.9998613132006406,0.993030814102542,0.008236101578586136,1.0
Ecobee_Thermostat,30,3,7619,shared_oas,1.0,0.9998315717227179,0.991536267473262,0.021505376344086023,1.0
Ecobee_Thermostat,30,3,7619,local_oas,0.0,0.99985769846717,0.9928491692045218,0.017387325554792953,1.0
Ecobee_Thermostat,30,3,7619,peer_cov_fixed,1.0,0.999045390070922,0.9521781407610002,0.14619080301990392,1.0
Ecobee_Thermostat,30,3,7619,risk_blend,0.6291151902743763,0.99961921757035,0.9808652045402028,0.03889270189887897,1.0
Ecobee_Thermostat,30,3,7619,risk_blend_mismatch,0.22915366957960787,0.9997624799816975,0.9880643206883193,0.04140928849233585,1.0
Ecobee_Thermostat,30,3,7619,peer_cov_soft,1.0,0.9988128117135667,0.9403422971641552,0.20498741706703272,1.0
Ecobee_Thermostat,30,3,7619,risk_soft_cov,0.9998686247863933,0.9988128117135666,0.9403422971641552,0.2036147334706017,1.0
Ecobee_Thermostat,30,3,7619,risk_soft_cov_mismatch,0.28840184896474313,0.9997629375428964,0.988087313713385,0.043468313886982385,1.0
Ecobee_Thermostat,30,4,7515,shared_oas,1.0,0.9998353237245482,0.9917248102788019,0.06703271562571494,1.0
Ecobee_Thermostat,30,4,7515,local_oas,0.0,0.9998603065660032,0.9929802294473971,0.055364905056051246,1.0
Ecobee_Thermostat,30,4,7515,peer_cov_fixed,1.0,0.9992512010981469,0.962535831755437,0.17433081674673986,1.0
Ecobee_Thermostat,30,4,7515,risk_blend,0.6187026020324761,0.9995797300388928,0.9788953690897866,0.0688629604209563,1.0
Ecobee_Thermostat,30,4,7515,risk_blend_mismatch,0.22023786090139003,0.9998598032486845,0.9929549371198246,0.09631663234957676,1.0
Ecobee_Thermostat,30,4,7515,peer_cov_soft,1.0,0.9990193090825898,0.9508714701395331,0.2328986501944635,1.0
Ecobee_Thermostat,30,4,7515,risk_soft_cov,0.9998355393330143,0.9990193548387096,0.9508714701395331,0.23221230839624799,1.0
Ecobee_Thermostat,30,4,7515,risk_soft_cov_mismatch,0.30034518218195017,0.9999059711736444,0.9952749333489685,0.13315030885380919,1.0
Ecobee_Thermostat,30,5,6994,shared_oas,1.0,0.9998551361244565,0.992720408264153,0.0011439029970258523,1.0
Ecobee_Thermostat,30,5,6994,local_oas,0.0,0.9998650652024709,0.9932193569080819,0.0011439029970258523,1.0
Ecobee_Thermostat,30,5,6994,peer_cov_fixed,1.0,0.9995500800732098,0.9773909584527534,0.05742393045069778,1.0
Ecobee_Thermostat,30,5,6994,risk_blend,0.6365729916553976,0.9997757492564631,0.9887311184152286,0.02036147334706017,1.0
Ecobee_Thermostat,30,5,6994,risk_blend_mismatch,0.16767664166953034,0.9998654312514299,0.9932377513281346,0.01601464195836193,1.0
Ecobee_Thermostat,30,5,6994,peer_cov_soft,1.0,0.9995506291466484,0.9774185500828324,0.026767330130404943,1.0
Ecobee_Thermostat,30,5,6994,risk_soft_cov,0.9997836272144248,0.9995506291466484,0.9774185500828324,0.026767330130404943,1.0
Ecobee_Thermostat,30,5,6994,risk_soft_cov_mismatch,0.23860847014161296,0.9998654770075498,0.9932400506306411,0.00526195378631892,1.0
Ecobee_Thermostat,30,6,4950,shared_oas,1.0,0.9997670555936856,0.9882942509389777,0.04461221688400824,1.0
Ecobee_Thermostat,30,6,4950,local_oas,0.0,0.999814230153283,0.9906648318232664,0.0340883093113704,1.0
Ecobee_Thermostat,30,6,4950,peer_cov_fixed,1.0,0.9993901624342256,0.9695010858456088,0.13246396705559368,1.0
Ecobee_Thermostat,30,6,4950,risk_blend,0.5892247115636542,0.99953456874857,0.9766114949030211,0.15648592999313657,1.0
Ecobee_Thermostat,30,6,4950,risk_blend_mismatch,0.1953069807341268,0.9996744909631663,0.9836427619681569,0.1734156943491192,1.0
Ecobee_Thermostat,30,6,4950,peer_cov_soft,1.0,0.9991165408373369,0.955605067202864,0.046900022878059944,1.0
Ecobee_Thermostat,30,6,4950,risk_soft_cov,0.9998514398275341,0.9991165408373369,0.955605067202864,0.046900022878059944,1.0
Ecobee_Thermostat,30,6,4950,risk_soft_cov_mismatch,0.2643949275192527,0.9996283687943263,0.9813250650415197,0.18302447952413636,1.0
Ecobee_Thermostat,30,7,3835,shared_oas,1.0,0.9998206817661863,0.9909890334766949,0.03385952871196522,1.0
Ecobee_Thermostat,30,7,3835,local_oas,0.0,0.999865751544269,0.9932538464456806,0.03088538091969801,1.0
Ecobee_Thermostat,30,7,3835,peer_cov_fixed,1.0,0.9993703500343172,0.9685278140875966,0.07389613360787005,1.0
Ecobee_Thermostat,30,7,3835,risk_blend,0.6322002337810131,0.9998206360100664,0.9909867341741883,0.024250743536948068,1.0
Ecobee_Thermostat,30,7,3835,risk_blend_mismatch,0.21802961575384464,0.9998660718371083,0.9932699415632268,0.035003431708991076,1.0
Ecobee_Thermostat,30,7,3835,peer_cov_soft,1.0,0.9992393960192175,0.9618483403059681,0.10363761153054221,1.0
Ecobee_Thermostat,30,7,3835,risk_soft_cov,0.9998292675990651,0.9992393960192175,0.9618483403059681,0.10272248913292154,1.0
Ecobee_Thermostat,30,7,3835,risk_soft_cov_mismatch,0.3046330046798965,0.9999104552733928,0.9955002649946139,0.02539464653397392,1.0
Ecobee_Thermostat,30,8,1848,shared_oas,1.0,0.999834225577671,0.9916696270186439,0.10775566231983527,1.0
Ecobee_Thermostat,30,8,1848,local_oas,0.0,0.9998610844200412,0.993019317590009,0.07366735300846489,1.0
Ecobee_Thermostat,30,8,1848,peer_cov_fixed,1.0,0.9992575611988104,0.9626915175281578,0.12788835506749027,1.0
Ecobee_Thermostat,30,8,1848,risk_blend,0.5952326285528882,0.9994908258979639,0.9744133617067262,0.08556394417753374,1.0
Ecobee_Thermostat,30,8,1848,risk_blend_mismatch,0.19873227205297872,0.999676504232441,0.9837439312784467,0.14321665522763669,1.0
Ecobee_Thermostat,30,8,1848,peer_cov_soft,1.0,0.9987958361930909,0.9394892559342123,0.07458247540608556,1.0
Ecobee_Thermostat,30,8,1848,risk_soft_cov,0.9998561408416662,0.9987958361930909,0.9394892559342123,0.07435369480668039,1.0
Ecobee_Thermostat,30,8,1848,risk_soft_cov_mismatch,0.27457730310095496,0.999676504232441,0.9837439312784467,0.14527568062228324,1.0
Ecobee_Thermostat,30,9,8149,shared_oas,1.0,0.9997940059482957,0.989648540115356,0.0363761153054221,1.0
Ecobee_Thermostat,30,9,8149,local_oas,0.0,0.9998185769846717,0.990883265561392,0.026767330130404943,1.0
Ecobee_Thermostat,30,9,8149,peer_cov_fixed,1.0,0.9995403340196751,0.9770496959747261,0.09402882635552505,1.0
Ecobee_Thermostat,30,9,8149,risk_blend,0.6128838572456343,0.9999085792724777,0.9954059935918439,0.04804392587508579,1.0
Ecobee_Thermostat,30,9,8149,risk_blend_mismatch,0.20455324374523043,0.9998641043239533,0.9931710715554436,0.07389613360787005,1.0
Ecobee_Thermostat,30,9,8149,peer_cov_soft,1.0,0.9992706016929764,0.963460151363084,0.1571722717913521,1.0
Ecobee_Thermostat,30,9,8149,risk_soft_cov,0.9998964615122296,0.9992706474490963,0.9634624506655906,0.1555708075955159,1.0
Ecobee_Thermostat,30,9,8149,risk_soft_cov_mismatch,0.25762909196314504,0.9998641958361931,0.9931756701604568,0.06657515442690459,1.0
Ecobee_Thermostat,30,10,4096,shared_oas,1.0,0.9998480439258751,0.9923640163756324,0.04140928849233585,1.0
Ecobee_Thermostat,30,10,4096,local_oas,0.0,0.9998571951498513,0.9928238768769493,0.03111416151910318,1.0
Ecobee_Thermostat,30,10,4096,peer_cov_fixed,1.0,0.9994693205216197,0.9734788791820002,0.09837565774422329,1.0
Ecobee_Thermostat,30,10,4096,risk_blend,0.6624154664220174,0.999569572180279,0.9783704613205584,0.07618393960192175,1.0
Ecobee_Thermostat,30,10,4096,risk_blend_mismatch,0.19503142507940255,0.9998565088080531,0.9927893873393506,0.09494394875314573,1.0
Ecobee_Thermostat,30,10,4096,peer_cov_soft,1.0,0.9992348661633492,0.9615839205177109,0.06131320064058568,1.0
Ecobee_Thermostat,30,10,4096,risk_soft_cov,0.9998964958864169,0.9992348661633493,0.9615839205177109,0.06131320064058568,1.0
Ecobee_Thermostat,30,10,4096,risk_soft_cov_mismatch,0.23168899652732025,0.9998566003202928,0.9927939859443637,0.08304735758407687,1.0
Ecobee_Thermostat,30,11,2513,shared_oas,1.0,0.9998291008922443,0.9914121051379063,0.3461450469000229,1.0
Ecobee_Thermostat,30,11,2513,local_oas,0.0,0.9998628689087166,0.9931089903877658,0.33539235872797984,1.0
Ecobee_Thermostat,30,11,2513,peer_cov_fixed,1.0,0.9992682681308626,0.9632295543146987,0.1873713109128346,1.0
Ecobee_Thermostat,30,11,2513,risk_blend,0.6254774936384797,0.9995887439945094,0.9793338690708174,0.162434225577671,1.0
Ecobee_Thermostat,30,11,2513,risk_blend_mismatch,0.22286270632091312,0.9998629604209562,0.9931135889927791,0.3143445435827042,1.0
Ecobee_Thermostat,30,11,2513,peer_cov_soft,1.0,0.9990393502630978,0.9517261438742557,0.20247083047357584,1.0
Ecobee_Thermostat,30,11,2513,risk_soft_cov,0.9998535156329801,0.9990393502630976,0.9517261438742557,0.20224204987417066,1.0
Ecobee_Thermostat,30,11,2513,risk_soft_cov_mismatch,0.2937130819956848,0.9998629604209562,0.9931135889927791,0.30084648821779914,1.0
Ecobee_Thermostat,30,12,6800,shared_oas,1.0,0.9984161061541982,0.9211457884250812,0.1594600777854038,1.0
Ecobee_Thermostat,30,12,6800,local_oas,0.0,0.998176527110501,0.9083780605153426,0.15465568519789522,1.0
Ecobee_Thermostat,30,12,6800,peer_cov_fixed,1.0,0.9994469915351178,0.9723101667109282,0.10066346373827499,1.0
Ecobee_Thermostat,30,12,6800,risk_blend,0.5865818104409958,0.9999081674673987,0.9953852998692847,0.09265614275909403,1.0
Ecobee_Thermostat,30,12,6800,risk_blend_mismatch,0.2174434368437271,0.9998627773964768,0.9931043917827527,0.1571722717913521,1.0
Ecobee_Thermostat,30,12,6800,peer_cov_soft,1.0,0.9990401281171356,0.9517652320168677,0.16861130176161063,1.0
Ecobee_Thermostat,30,12,6800,risk_soft_cov,0.9998117827569794,0.9990401281171356,0.9517652320168677,0.16861130176161063,1.0
Ecobee_Thermostat,30,12,6800,risk_soft_cov_mismatch,0.3299944415060094,0.9997705788149165,0.9884712972319847,0.15122397620681766,1.0
Ecobee_Thermostat,30,13,3874,shared_oas,1.0,0.9998529855868222,0.9926123410463435,0.014184397163120567,1.0
Ecobee_Thermostat,30,13,3874,local_oas,0.0,0.9998673987645849,0.9933366213359177,0.008007320979180966,1.0
Ecobee_Thermostat,30,13,3874,peer_cov_fixed,1.0,0.9994214596202242,0.9710892370799319,0.12903225806451613,1.0
Ecobee_Thermostat,30,13,3874,risk_blend,0.5940652221038977,0.9996462594371998,0.9822240923215942,0.06405856783344772,1.0
Ecobee_Thermostat,30,13,3874,risk_blend_mismatch,0.22117152891171366,0.9998231525966598,0.9911131958120504,0.0642873484328529,1.0
Ecobee_Thermostat,30,13,3874,peer_cov_soft,1.0,0.9990253946465341,0.9511680801628826,0.06451612903225806,1.0
Ecobee_Thermostat,30,13,3874,risk_soft_cov,0.9998772151481609,0.9990254404026538,0.9511680801628826,0.0642873484328529,1.0
Ecobee_Thermostat,30,13,3874,risk_soft_cov_mismatch,0.28724893762507725,0.9998231525966598,0.9911131958120504,0.07847174559597346,1.0
Ecobee_Thermostat,30,14,5750,shared_oas,1.0,0.9998423244108899,0.9920766035623094,0.014641958361930909,1.0
Ecobee_Thermostat,30,14,5750,local_oas,0.0,0.9998635552505148,0.9931434799253647,0.0066346373827499425,1.0
Ecobee_Thermostat,30,14,5750,peer_cov_fixed,1.0,0.9994517044154656,0.972466519281376,0.04598490048043926,1.0
Ecobee_Thermostat,30,14,5750,risk_blend,0.6258990006452793,0.9997724090597117,0.9885632693322481,0.01967513154884466,1.0
Ecobee_Thermostat,30,14,5750,risk_blend_mismatch,0.2346801040201998,0.9998636010066346,0.9931457792278712,0.020132692747654998,1.0
Ecobee_Thermostat,30,14,5750,peer_cov_soft,1.0,0.998998444291924,0.9496705674333691,0.048272706474490966,1.0
Ecobee_Thermostat,30,14,5750,risk_soft_cov,0.9999125532930092,0.9989984442919241,0.9496705674333691,0.048272706474490966,1.0
Ecobee_Thermostat,30,14,5750,risk_soft_cov_mismatch,0.28356644215726073,0.9998637382749943,0.9931526771353909,0.01967513154884466,1.0
Ecobee_Thermostat,30,15,4003,shared_oas,1.0,0.9998475863646763,0.9923410233505666,0.00549073438572409,1.0
Ecobee_Thermostat,30,15,4003,local_oas,0.0,0.9998205902539465,0.9909844348716816,0.004575611988103409,1.0
Ecobee_Thermostat,30,15,4003,peer_cov_fixed,1.0,0.9994606726149623,0.972898121354887,0.01967513154884466,1.0
Ecobee_Thermostat,30,15,4003,risk_blend,0.6728260333731291,0.99986538549531,0.9932354520256279,0.0036604895904827272,1.0
Ecobee_Thermostat,30,15,4003,risk_blend_mismatch,0.20879053889399826,0.9998655685197896,0.9932446492356544,0.005719514985129261,1.0
Ecobee_Thermostat,30,15,4003,peer_cov_soft,1.0,0.9993708991077556,0.968386889836968,0.02127659574468085,1.0
Ecobee_Thermostat,30,15,4003,risk_soft_cov,0.9998748065492428,0.9994156943491191,0.9706379069909143,0.02127659574468085,1.0
Ecobee_Thermostat,30,15,4003,risk_soft_cov_mismatch,0.25915354201337015,0.9998656142759094,0.993246948538161,0.004804392587508579,1.0
Ecobee_Thermostat,30,16,7890,shared_oas,1.0,0.9998551361244566,0.992720408264153,0.005033173186913749,1.0
Ecobee_Thermostat,30,16,7890,local_oas,0.0,0.9998231983527798,0.991115495114557,0.004118050789293068,1.0
Ecobee_Thermostat,30,16,7890,peer_cov_fixed,1.0,0.99955767558911,0.9777726426688464,0.05513612445664608,1.0
Ecobee_Thermostat,30,16,7890,risk_blend,0.6447405951556485,0.9999115534202699,0.9955554482547719,0.015099519560741249,1.0
Ecobee_Thermostat,30,16,7890,risk_blend_mismatch,0.2053798378690819,0.9998673530084649,0.9933343220334112,0.014413177762525738,1.0
Ecobee_Thermostat,30,16,7890,peer_cov_soft,1.0,0.9994694577899793,0.9733395874361512,0.03935026309768932,1.0
Ecobee_Thermostat,30,16,7890,risk_soft_cov,0.9998722390995891,0.9994694577899794,0.9733395874361512,0.03935026309768932,1.0
Ecobee_Thermostat,30,16,7890,risk_soft_cov_mismatch,0.26073145908115425,0.9998674445207046,0.9933389206384243,0.0075497597803706245,1.0
Ecobee_Thermostat,30,17,172,shared_oas,1.0,0.9998565088080531,0.9927893873393505,0.026996110729810112,1.0
Ecobee_Thermostat,30,17,172,local_oas,0.0,0.9998585220773278,0.9928905566496404,0.0263097689315946,1.0
Ecobee_Thermostat,30,17,172,peer_cov_fixed,1.0,0.9994341340654312,0.9715645259010679,0.20086936627773966,1.0
Ecobee_Thermostat,30,17,172,risk_blend,0.5850769052780587,0.9998118508350491,0.9905452680929241,0.16472203157172272,1.0
Ecobee_Thermostat,30,17,172,risk_blend_mismatch,0.20926732590985733,0.999858888126287,0.9929089510696931,0.21642644703729125,1.0
Ecobee_Thermostat,30,17,172,peer_cov_soft,1.0,0.9990578357355296,0.9526550620869159,0.12148249828414551,1.0
Ecobee_Thermostat,30,17,172,risk_soft_cov,0.9998870986152079,0.9990578357355296,0.9526550620869159,0.12125371768474033,1.0
Ecobee_Thermostat,30,17,172,risk_soft_cov_mismatch,0.2632071229041826,0.999858842370167,0.9929066517671864,0.21230839624799816,1.0
Ecobee_Thermostat,30,18,2511,shared_oas,1.0,0.9998327613818349,0.9915960493384331,0.3582704186684969,1.0
Ecobee_Thermostat,30,18,2511,local_oas,0.0,0.9998666209105468,0.9932975331933058,0.34339967970716084,1.0
Ecobee_Thermostat,30,18,2511,peer_cov_fixed,1.0,0.9992893159460078,0.9642872334677275,0.19126058110272248,1.0
Ecobee_Thermostat,30,18,2511,risk_blend,0.6245565783973336,0.9996008693662778,0.9799431842350622,0.17089910775566233,1.0
Ecobee_Thermostat,30,18,2511,risk_blend_mismatch,0.22242718472472997,0.999866941203386,0.9933136283108519,0.30313429421185084,1.0
Ecobee_Thermostat,30,18,2511,peer_cov_soft,1.0,0.9990675360329445,0.9531425142183119,0.20315717227179136,1.0
Ecobee_Thermostat,30,18,2511,risk_soft_cov,0.9998554571871437,0.9990675360329445,0.9531425142183119,0.2029283916723862,1.0
Ecobee_Thermostat,30,18,2511,risk_soft_cov_mismatch,0.2925101614748348,0.9998669869595058,0.9933159276133585,0.3056508808053077,1.0
Ecobee_Thermostat,30,19,5532,shared_oas,1.0,0.9998476321207962,0.9923433226530731,0.05307709906199954,1.0
Ecobee_Thermostat,30,19,5532,local_oas,0.0,0.999867307252345,0.9933320227309046,0.048501487073896135,1.0
Ecobee_Thermostat,30,19,5532,peer_cov_fixed,1.0,0.9991535575383208,0.9576636097439841,0.11965225348890414,1.0
Ecobee_Thermostat,30,19,5532,risk_blend,0.6307764220609765,0.9994233813772593,0.9710294552147606,0.11370395790436971,1.0
Ecobee_Thermostat,30,19,5532,risk_blend_mismatch,0.2544483036940542,0.999645756119881,0.9821987999940218,0.13063372226035233,1.0
Ecobee_Thermostat,30,19,5532,peer_cov_soft,1.0,0.9989343857240905,0.9465671758472067,0.06657515442690459,1.0
Ecobee_Thermostat,30,19,5532,risk_soft_cov,0.9998261769091987,0.9989344772363303,0.9465694751497133,0.06588881262868909,1.0
Ecobee_Thermostat,30,19,5532,risk_soft_cov_mismatch,0.384815134055282,0.9996011896591169,0.9799592793526084,0.1441317776252574,1.0
Ecobee_Thermostat,30,20,2837,shared_oas,1.0,0.9998371997254633,0.991819081681572,0.0011439029970258523,0.9988
Ecobee_Thermostat,30,20,2837,local_oas,0.0,0.9998643788606727,0.9931848673704832,0.0011439029970258523,1.0
Ecobee_Thermostat,30,20,2837,peer_cov_fixed,1.0,0.9993622054449782,0.9680012738135886,0.03134294211850835,1.0
Ecobee_Thermostat,30,20,2837,risk_blend,0.6264807367504714,0.9999089910775567,0.9954266873144031,0.01555708075955159,1.0
Ecobee_Thermostat,30,20,2837,risk_blend_mismatch,0.23346022856338658,0.9998643331045528,0.9931825680679766,0.018302447952413637,1.0
Ecobee_Thermostat,30,20,2837,peer_cov_soft,1.0,0.9990474948524366,0.9521429844256746,0.036604895904827274,1.0
Ecobee_Thermostat,30,20,2837,risk_soft_cov,0.9998661130435427,0.9990474948524365,0.9521429844256746,0.0363761153054221,1.0
Ecobee_Thermostat,30,20,2837,risk_soft_cov_mismatch,0.3146329486411622,0.9998644703729124,0.9931894659754963,0.013498055364905056,1.0
Ecobee_Thermostat,30,21,6936,shared_oas,1.0,0.9998387096774194,0.9918949586642891,0.0036604895904827272,1.0
Ecobee_Thermostat,30,21,6936,local_oas,0.0,0.9998555479295356,0.9927411019867123,0.003202928391672386,1.0
Ecobee_Thermostat,30,21,6936,peer_cov_fixed,1.0,0.9994193548387097,0.9708777012493262,0.08602150537634409,1.0
Ecobee_Thermostat,30,21,6936,risk_blend,0.6278986343111735,0.9998555479295356,0.9927411019867123,0.028826355525051476,1.0
Ecobee_Thermostat,30,21,6936,risk_blend_mismatch,0.21194841015297874,0.9998557767101349,0.9927525984992452,0.031571722717913524,1.0
Ecobee_Thermostat,30,21,6936,peer_cov_soft,1.0,0.9990846488217799,0.9540024533557745,0.05696636925188744,1.0
Ecobee_Thermostat,30,21,6936,risk_soft_cov,0.9998897258999063,0.9990846488217799,0.9540024533557745,0.05673758865248227,1.0
Ecobee_Thermostat,30,21,6936,risk_soft_cov_mismatch,0.26654636039711865,0.9998558682223748,0.9927571971042584,0.008236101578586136,1.0
Ecobee_Thermostat,30,22,6935,shared_oas,1.0,0.9998463967055594,0.9922812414853954,0.004118050789293068,1.0
Ecobee_Thermostat,30,22,6935,local_oas,0.0,0.9998634179821552,0.9931365820178448,0.0036604895904827272,1.0
Ecobee_Thermostat,30,22,6935,peer_cov_fixed,1.0,0.9994083276138184,0.9702677192873541,0.07183710821322352,1.0
Ecobee_Thermostat,30,22,6935,risk_blend,0.630071798347244,0.9998639212994738,0.9931618743454174,0.027911233127430792,1.0
Ecobee_Thermostat,30,22,6935,risk_blend_mismatch,0.20971221654887057,0.9998639670555937,0.9931641736479239,0.033173186913749715,1.0
Ecobee_Thermostat,30,22,6935,peer_cov_soft,1.0,0.9991360787005261,0.9565868693731756,0.04484099748341341,1.0
Ecobee_Thermostat,30,22,6935,risk_soft_cov,0.9998800199646454,0.9991360787005262,0.9565868693731756,0.04461221688400824,1.0
Ecobee_Thermostat,30,22,6935,risk_soft_cov_mismatch,0.2692482704437935,0.9998639670555938,0.9931641736479239,0.009608785175017159,1.0
Ecobee_Thermostat,30,23,6165,shared_oas,1.0,0.9998372454815831,0.9918213809840783,0.2516586593456875,1.0
Ecobee_Thermostat,30,23,6165,local_oas,0.0,0.9998224204987418,0.991076406971945,0.2502859757492565,1.0
Ecobee_Thermostat,30,23,6165,peer_cov_fixed,1.0,0.9992274994280486,0.961727810868573,0.12720201326927477,1.0
Ecobee_Thermostat,30,23,6165,risk_blend,0.6057597414982795,0.9994186684969114,0.970794926359089,0.11416151910318005,1.0
Ecobee_Thermostat,30,23,6165,risk_blend_mismatch,0.2200075241517624,0.999599222145962,0.9798604093448251,0.213452299245024,1.0
Ecobee_Thermostat,30,23,6165,peer_cov_soft,1.0,0.9989221688400823,0.9461208122516035,0.05673758865248227,1.0
Ecobee_Thermostat,30,23,6165,risk_soft_cov,0.9998513517275623,0.9989222145962022,0.9461208122516035,0.0565088080530771,1.0
Ecobee_Thermostat,30,23,6165,risk_soft_cov_mismatch,0.30211429436911813,0.9995988560970029,0.9798420149247726,0.15099519560741248,1.0
Ecobee_Thermostat,30,24,385,shared_oas,1.0,0.9997962479981699,0.9897612059381786,0.11553420269961108,1.0
Ecobee_Thermostat,30,24,385,local_oas,0.0,0.9998156028368794,0.9907338108984639,0.09654541294898193,1.0
Ecobee_Thermostat,30,24,385,peer_cov_fixed,1.0,0.9994398993365363,0.9720717060479704,0.17295813315030886,1.0
Ecobee_Thermostat,30,24,385,risk_blend,0.6216936258689103,0.9994912834591627,0.9744363547317922,0.08396247998169755,1.0
Ecobee_Thermostat,30,24,385,risk_blend_mismatch,0.19198948702003502,0.9995848547243195,0.9791384283577577,0.14024250743536948,1.0
Ecobee_Thermostat,30,24,385,peer_cov_soft,1.0,0.9992598032486846,0.9628784278289182,0.162434225577671,1.0
Ecobee_Thermostat,30,24,385,risk_soft_cov,0.999823003908892,0.9992598032486846,0.9628784278289182,0.1617478837794555,1.0
Ecobee_Thermostat,30,24,385,risk_soft_cov_mismatch,0.2586861075170786,0.9996768245252803,0.9837600263959928,0.14619080301990392,1.0
Ecobee_Thermostat,30,25,3055,shared_oas,1.0,0.9998575154426904,0.9928399719944955,0.10775566231983527,1.0
Ecobee_Thermostat,30,25,3055,local_oas,0.0,0.9998681308625028,0.9933734101760231,0.08098833218943034,1.0
Ecobee_Thermostat,30,25,3055,peer_cov_fixed,1.0,0.9995517272935256,0.9776935006765697,0.17433081674673986,1.0
Ecobee_Thermostat,30,25,3055,risk_blend,0.5957557163118689,0.9998675360329444,0.9933435192434374,0.14275909402882636,1.0
Ecobee_Thermostat,30,25,3055,risk_blend_mismatch,0.19223284338793542,0.9998680393502631,0.99336881157101,0.1750171585449554,1.0
Ecobee_Thermostat,30,25,3055,peer_cov_soft,1.0,0.9992897277510866,0.9644702119612016,0.2127659574468085,1.0
Ecobee_Thermostat,30,25,3055,risk_soft_cov,0.9998490735136691,0.9993335163578128,0.9666706444600031,0.21230839624799816,1.0
Ecobee_Thermostat,30,25,3055,risk_soft_cov_mismatch,0.2610771845484542,0.9998681308625029,0.9933734101760231,0.19309082589796386,1.0
Ecobee_Thermostat,30,26,1211,shared_oas,1.0,0.9998520247083048,0.9925640556937052,0.0011439029970258523,0.9992
Ecobee_Thermostat,30,26,1211,local_oas,0.0,0.9998634179821552,0.9931365820178448,0.0011439029970258523,0.9998
Ecobee_Thermostat,30,26,1211,peer_cov_fixed,1.0,0.9991701212537176,0.958600092661891,0.09951956074124914,1.0
Ecobee_Thermostat,30,26,1211,risk_blend,0.6145455974994912,0.9997710363761153,0.9884942902570506,0.01967513154884466,1.0
Ecobee_Thermostat,30,26,1211,risk_blend_mismatch,0.23525456582355062,0.9998632349576756,0.9931273848078185,0.017844886753603295,1.0
Ecobee_Thermostat,30,26,1211,peer_cov_soft,1.0,0.9988541294898192,0.9426367021564008,0.030199039121482498,1.0
Ecobee_Thermostat,30,26,1211,risk_soft_cov,0.9998574444470235,0.9988541294898193,0.9426367021564008,0.030199039121482498,1.0
Ecobee_Thermostat,30,26,1211,risk_soft_cov_mismatch,0.3183050514204818,0.9998631892015557,0.993125085505312,0.007778540379775795,1.0
Ecobee_Thermostat,30,27,6350,shared_oas,1.0,0.9997928620452986,0.9895910575526914,0.08876687256920614,1.0
Ecobee_Thermostat,30,27,6350,local_oas,0.0,0.9998107069320522,0.9904877855302594,0.0867078471745596,1.0
Ecobee_Thermostat,30,27,6350,peer_cov_fixed,1.0,0.999147288949897,0.957150198487289,0.142301532830016,1.0
Ecobee_Thermostat,30,27,6350,risk_blend,0.6257439725807072,0.9997163578128574,0.9857466237616819,0.045298558682223745,1.0
Ecobee_Thermostat,30,27,6350,risk_blend_mismatch,0.24951747345638012,0.9998108899565317,0.9904969827402857,0.06840539922214596,1.0
Ecobee_Thermostat,30,27,6350,peer_cov_soft,1.0,0.9988166552276369,0.9405354385747084,0.10981468771448182,1.0
Ecobee_Thermostat,30,27,6350,risk_soft_cov,0.9998880868789973,0.9988166552276367,0.9405354385747084,0.10867078471745596,1.0
Ecobee_Thermostat,30,27,6350,risk_soft_cov_mismatch,0.3224420711150178,0.9997636696408145,0.9881241025534904,0.0649736902310684,1.0
Ecobee_Thermostat,30,28,3052,shared_oas,1.0,0.9998531228551819,0.9926192389538633,0.10821322351864562,1.0
Ecobee_Thermostat,30,28,3052,local_oas,0.0,0.9998197666437887,0.9909430474265631,0.07160832761381834,1.0
Ecobee_Thermostat,30,28,3052,peer_cov_fixed,1.0,0.9994581560283687,0.9727716597170248,0.18462594371997254,1.0
Ecobee_Thermostat,30,28,3052,risk_blend,0.6119680487669436,0.9998195378631892,0.9909315509140302,0.17867764813543813,1.0
Ecobee_Thermostat,30,28,3052,risk_blend_mismatch,0.1889066816606176,0.9998647449096316,0.9932032617905359,0.1773049645390071,1.0
Ecobee_Thermostat,30,28,3052,peer_cov_soft,1.0,0.9994580645161291,0.9727670611120116,0.20430107526881722,1.0
Ecobee_Thermostat,30,28,3052,risk_soft_cov,0.9998204175257983,0.9994581102722491,0.9727693604145182,0.20407229466941204,1.0
Ecobee_Thermostat,30,28,3052,risk_soft_cov_mismatch,0.2641141254776272,0.9998646991535116,0.9932009624880292,0.20544497826584307,1.0
Ecobee_Thermostat,30,29,384,shared_oas,1.0,0.9997974834134066,0.9898232871058563,0.12102493708533517,1.0
Ecobee_Thermostat,30,29,384,local_oas,0.0,0.999816151910318,0.990761402528543,0.1029512697323267,1.0
Ecobee_Thermostat,30,29,384,peer_cov_fixed,1.0,0.9994485929993137,0.9722911054931487,0.16517959277053307,1.0
Ecobee_Thermostat,30,29,384,risk_blend,0.616377317794484,0.9994953099977121,0.9746386933523716,0.14870738961336077,1.0
Ecobee_Thermostat,30,29,384,risk_blend_mismatch,0.19818065393201975,0.9996788835506749,0.983863495008789,0.18897277510867078,1.0
Ecobee_Thermostat,30,29,384,peer_cov_soft,1.0,0.9992652024708305,0.9630755010467575,0.12834591626630062,1.0
Ecobee_Thermostat,30,29,384,risk_soft_cov,0.9998435976832253,0.9992652024708305,0.9630755010467575,0.12788835506749027,1.0
Ecobee_Thermostat,30,29,384,risk_soft_cov_mismatch,0.2633437171795507,0.9996788835506749,0.9838634950087892,0.18920155570807595,1.0
Ecobee_Thermostat,100,0,8129,shared_oas,1.0,0.9998618622740791,0.993058405732621,0.06840539922214596,1.0
Ecobee_Thermostat,100,0,8129,local_oas,0.0,0.9998662548615878,0.9932791387732531,0.0642873484328529,1.0
Ecobee_Thermostat,100,0,8129,peer_cov_fixed,1.0,0.9961778540379775,0.900849569283158,0.09608785175017158,1.0
Ecobee_Thermostat,100,0,8129,risk_blend,0.3040087756702115,0.99986538549531,0.9932354520256281,0.053992221459620224,1.0
Ecobee_Thermostat,100,0,8129,risk_blend_mismatch,0.06070656408591069,0.9998661175932282,0.9932722408657333,0.055364905056051246,1.0
Ecobee_Thermostat,100,0,8129,peer_cov_soft,1.0,0.9966968657057882,0.901867493495848,0.09311370395790437,1.0
Ecobee_Thermostat,100,0,8129,risk_soft_cov,0.9988870434812627,0.9967416609471517,0.9018697927983547,0.08442004118050789,1.0
Ecobee_Thermostat,100,0,8129,risk_soft_cov_mismatch,0.08790492849418759,0.9998661633493481,0.9932745401682399,0.06588881262868909,1.0
Ecobee_Thermostat,100,1,7591,shared_oas,1.0,0.9998524822695035,0.9925870487187711,0.0789293067947838,1.0
Ecobee_Thermostat,100,1,7591,local_oas,0.0,0.9998567833447723,0.9928031831543902,0.07458247540608556,1.0
Ecobee_Thermostat,100,1,7591,peer_cov_fixed,1.0,0.9955595058339052,0.893925426721804,0.11256005490734386,1.0
Ecobee_Thermostat,100,1,7591,risk_blend,0.32715867897206335,0.9988479524136353,0.9421991678824229,0.07412491420727522,1.0
Ecobee_Thermostat,100,1,7591,risk_blend_mismatch,0.06428553478088522,0.9999031800503316,0.995134675896067,0.07183710821322352,1.0
Ecobee_Thermostat,100,1,7591,peer_cov_soft,1.0,0.9976579730038893,0.8951344919518665,0.09837565774422329,1.0
Ecobee_Thermostat,100,1,7591,risk_soft_cov,0.9980979342328606,0.9977533287577213,0.8951344919518665,0.091283459162663,1.0
Ecobee_Thermostat,100,1,7591,risk_soft_cov_mismatch,0.08758655539735441,0.9999032258064517,0.9951369751985735,0.07618393960192175,1.0
Ecobee_Thermostat,100,2,1597,shared_oas,1.0,0.9998172500571951,0.990816585788701,0.07687028140013727,1.0
Ecobee_Thermostat,100,2,1597,local_oas,0.0,0.999821139327385,0.9910120265017606,0.08144589338824068,1.0
Ecobee_Thermostat,100,2,1597,peer_cov_fixed,1.0,0.9961302676733013,0.9007067136184239,0.060626858842370165,1.0
Ecobee_Thermostat,100,2,1597,risk_blend,0.33302631330474347,0.9998209105467857,0.9910005299892277,0.08922443376801648,1.0
Ecobee_Thermostat,100,2,1597,risk_blend_mismatch,0.06250440205646873,0.9998658430565087,0.9932584450506938,0.08007320979180965,1.0
Ecobee_Thermostat,100,2,1597,peer_cov_soft,1.0,0.9978502859757492,0.9016763524784757,0.043697094486387554,1.0
Ecobee_Thermostat,100,2,1597,risk_soft_cov,0.9983332423239231,0.9978502859757493,0.9016763524784757,0.043010752688172046,1.0
Ecobee_Thermostat,100,2,1597,risk_soft_cov_mismatch,0.08636419857273177,0.9998658430565087,0.9932584450506938,0.06245710363761153,1.0
Ecobee_Thermostat,100,3,4537,shared_oas,1.0,0.9998571036376116,0.9928192782719362,0.09585907115076642,1.0
Ecobee_Thermostat,100,3,4537,local_oas,0.0,0.9998612674445208,0.9930285148000354,0.0812171127888355,1.0
Ecobee_Thermostat,100,3,4537,peer_cov_fixed,1.0,0.9968359643102265,0.8975674759061838,0.040265385495309995,1.0
Ecobee_Thermostat,100,3,4537,risk_blend,0.3170444726607706,0.9999074811256005,0.9953508103316859,0.043468313886982385,1.0
Ecobee_Thermostat,100,3,4537,risk_blend_mismatch,0.05966818933234997,0.9998614047128803,0.9930354127075551,0.06657515442690459,1.0
Ecobee_Thermostat,100,3,4537,peer_cov_soft,1.0,0.9957892473118279,0.8981544648430899,0.03935026309768932,1.0
Ecobee_Thermostat,100,3,4537,risk_soft_cov,0.9994436653431864,0.9957894303363075,0.8981636620531163,0.038663921299473804,1.0
Ecobee_Thermostat,100,3,4537,risk_soft_cov_mismatch,0.07837418416182716,0.9998614047128803,0.9930354127075551,0.06177076183939602,1.0
Ecobee_Thermostat,100,4,995,shared_oas,1.0,0.9998593456874857,0.9929319440947588,0.03957904369709449,1.0
Ecobee_Thermostat,100,4,995,local_oas,0.0,0.9998608556394418,0.9930078210774762,0.035232212308396245,1.0
Ecobee_Thermostat,100,4,995,peer_cov_fixed,1.0,0.9959516815374057,0.897395396106591,0.03225806451612903,1.0
Ecobee_Thermostat,100,4,995,risk_blend,0.32376575665056184,0.9998145046900023,0.9906786276383059,0.024479524136353237,1.0
Ecobee_Thermostat,100,4,995,risk_blend_mismatch,0.0635067768874648,0.9998609013955616,0.9930101203799827,0.027682452528025623,1.0
Ecobee_Thermostat,100,4,995,peer_cov_soft,1.0,0.995919606497369,0.8981311729086981,0.026996110729810112,1.0
Ecobee_Thermostat,100,4,995,risk_soft_cov,0.9991734969509022,0.996012308396248,0.8981311729086981,0.02653854953099977,1.0
Ecobee_Thermostat,100,4,995,risk_soft_cov_mismatch,0.08644577054978993,0.9998609013955616,0.9930101203799827,0.02585220773278426,1.0
Ecobee_Thermostat,100,5,278,shared_oas,1.0,0.9998581560283688,0.9928721622295875,0.08533516357812858,1.0
Ecobee_Thermostat,100,5,278,local_oas,0.0,0.9998603065660032,0.9929802294473971,0.06840539922214596,1.0
Ecobee_Thermostat,100,5,278,peer_cov_fixed,1.0,0.9963852665293983,0.8966422595705592,0.09151223976206818,1.0
Ecobee_Thermostat,100,5,278,risk_blend,0.3226576739191405,0.9999058796614048,0.9952703347439554,0.057195149851292613,1.0
Ecobee_Thermostat,100,5,278,risk_blend_mismatch,0.06400609330110109,0.9998602608098833,0.9929779301448904,0.08922443376801648,1.0
Ecobee_Thermostat,100,5,278,peer_cov_soft,1.0,0.9979509494394876,0.8977514890857858,0.06131320064058568,1.0
Ecobee_Thermostat,100,5,278,risk_soft_cov,0.9984502170721598,0.9979973461450469,0.8994068489323763,0.05673758865248227,1.0
Ecobee_Thermostat,100,5,278,risk_soft_cov_mismatch,0.09067750783294201,0.9999067490276825,0.9953140214915805,0.08373369938229239,1.0
Ecobee_Thermostat,100,6,2813,shared_oas,1.0,0.9998524365133837,0.9925847494162645,0.05216197666437886,1.0
Ecobee_Thermostat,100,6,2813,local_oas,0.0,0.9998562342713339,0.992775591524311,0.04918782887211164,1.0
Ecobee_Thermostat,100,6,2813,peer_cov_fixed,1.0,0.9958477236330359,0.8936623405290005,0.06543125142987874,1.0
Ecobee_Thermostat,100,6,2813,risk_blend,0.3023070326915185,0.9998560054907344,0.9927640950117781,0.035003431708991076,1.0
Ecobee_Thermostat,100,6,2813,risk_blend_mismatch,0.06456000986961605,0.9998560512468543,0.9927663943142847,0.043468313886982385,1.0
Ecobee_Thermostat,100,6,2813,peer_cov_soft,1.0,0.9930774651109586,0.8940187324175212,0.11416151910318005,1.0
Ecobee_Thermostat,100,6,2813,risk_soft_cov,0.9993832654533552,0.993221962937543,0.8940371268375739,0.11027224891329215,1.0
Ecobee_Thermostat,100,6,2813,risk_soft_cov_mismatch,0.09017646013049993,0.9998561427590941,0.9927709929192979,0.04095172729352551,1.0
Ecobee_Thermostat,100,7,199,shared_oas,1.0,0.9998603523221231,0.9929825287499037,0.10729810112102493,1.0
Ecobee_Thermostat,100,7,199,local_oas,0.0,0.9998616792495997,0.9930492085225946,0.11484786090139557,1.0
Ecobee_Thermostat,100,7,199,peer_cov_fixed,1.0,0.9966033859528712,0.897882480349586,0.08442004118050789,1.0
Ecobee_Thermostat,100,7,199,risk_blend,0.34604756848855256,0.998981514527568,0.9488503832362454,0.07847174559597346,1.0
Ecobee_Thermostat,100,7,199,risk_blend_mismatch,0.0658730424358981,0.9998150537634409,0.9907062192683849,0.1750171585449554,1.0
Ecobee_Thermostat,100,7,199,peer_cov_soft,1.0,0.9989797300388927,0.9488687776562981,0.05765271105010295,1.0
Ecobee_Thermostat,100,7,199,risk_soft_cov,0.9981787565736197,0.9990259894760923,0.951181875977922,0.050102951269732326,1.0
Ecobee_Thermostat,100,7,199,risk_soft_cov_mismatch,0.08914081828129905,0.9999073438572409,0.9953439124241661,0.1594600777854038,1.0
Ecobee_Thermostat,100,8,6661,shared_oas,1.0,0.9998602150537634,0.9929756308423839,0.04392587508579272,1.0
Ecobee_Thermostat,100,8,6661,local_oas,0.0,0.9998610844200412,0.993019317590009,0.03957904369709449,1.0
Ecobee_Thermostat,100,8,6661,peer_cov_fixed,1.0,0.9966815374056279,0.897351042561239,0.09860443834362846,1.0
Ecobee_Thermostat,100,8,6661,risk_blend,0.3155389908811102,0.999906520247083,0.9953025249790476,0.03568977350720659,1.0
Ecobee_Thermostat,100,8,6661,risk_blend_mismatch,0.06008950444697085,0.9998609929078014,0.9930147189849958,0.045069778082818576,1.0
Ecobee_Thermostat,100,8,6661,peer_cov_soft,1.0,0.9987493937314116,0.937199817435381,0.07961564859299931,1.0
Ecobee_Thermostat,100,8,6661,risk_soft_cov,0.9980194947590402,0.9987494852436514,0.9372044160403941,0.07572637840311142,1.0
Ecobee_Thermostat,100,8,6661,risk_soft_cov_mismatch,0.08477031542217034,0.9999072065888813,0.9953370145166462,0.04461221688400824,1.0
Ecobee_Thermostat,100,9,5883,shared_oas,1.0,0.9998628689087166,0.9931089903877659,0.06474490963166324,1.0
Ecobee_Thermostat,100,9,5883,local_oas,0.0,0.9998654770075498,0.9932400506306411,0.06634637382749943,1.0
Ecobee_Thermostat,100,9,5883,peer_cov_fixed,1.0,0.9966640128117136,0.9005993131983413,0.05239075726378403,1.0
Ecobee_Thermostat,100,9,5883,risk_blend,0.3155969200389719,0.9999103180050332,0.9954933670870941,0.033630748112560054,1.0
Ecobee_Thermostat,100,9,5883,risk_blend_mismatch,0.06218730833209082,0.9998656142759094,0.993246948538161,0.0526195378631892,1.0
Ecobee_Thermostat,100,9,5883,peer_cov_soft,1.0,0.9959188743994508,0.9013528176227741,0.04804392587508579,1.0
Ecobee_Thermostat,100,9,5883,risk_soft_cov,0.9992434819850075,0.9959638526652941,0.9013597155302939,0.04667124227865477,1.0
Ecobee_Thermostat,100,9,5883,risk_soft_cov_mismatch,0.08507126502346608,0.999910363761153,0.9954956663896006,0.048272706474490966,1.0
Ecobee_Thermostat,100,10,6655,shared_oas,1.0,0.9998643788606726,0.9931848673704832,0.04598490048043926,1.0
Ecobee_Thermostat,100,10,6655,local_oas,0.0,0.9998655685197896,0.9932446492356544,0.041866849691146193,1.0
Ecobee_Thermostat,100,10,6655,peer_cov_fixed,1.0,0.9968425989476093,0.9005848505855749,0.09700297414779227,1.0
Ecobee_Thermostat,100,10,6655,risk_blend,0.3101314597339609,0.9999101349805536,0.9954841698770678,0.034774651109585906,1.0
Ecobee_Thermostat,100,10,6655,risk_blend_mismatch,0.060645519381594036,0.9998654770075498,0.9932400506306411,0.043697094486387554,1.0
Ecobee_Thermostat,100,10,6655,peer_cov_soft,1.0,0.9986122168840083,0.9302621549752883,0.07092198581560284,1.0
Ecobee_Thermostat,100,10,6655,risk_soft_cov,0.9981064187015324,0.998656920613132,0.9325085735242215,0.0681766186227408,1.0
Ecobee_Thermostat,100,10,6655,risk_soft_cov_mismatch,0.08632853452460901,0.9999102264927935,0.995488768482081,0.041866849691146193,1.0
Ecobee_Thermostat,100,11,8641,shared_oas,1.0,0.9998640128117136,0.9931664729504305,0.2331274307938687,1.0
Ecobee_Thermostat,100,11,8641,local_oas,0.0,0.9998660260809883,0.9932676422607203,0.23106840539922216,1.0
Ecobee_Thermostat,100,11,8641,peer_cov_fixed,1.0,0.9963629832990163,0.9010019900463194,0.1169068862960421,1.0
Ecobee_Thermostat,100,11,8641,risk_blend,0.3364334727382198,0.9988829558453444,0.9438671279067494,0.14367421642644704,1.0
Ecobee_Thermostat,100,11,8641,risk_blend_mismatch,0.05934367885299151,0.999642736215969,0.9820470460285873,0.20018302447952413,1.0
Ecobee_Thermostat,100,11,8641,peer_cov_soft,1.0,0.9990616792495997,0.952848203497469,0.08579272477693892,1.0
Ecobee_Thermostat,100,11,8641,risk_soft_cov,0.9978125347808162,0.9990616792495995,0.952848203497469,0.08098833218943034,1.0
Ecobee_Thermostat,100,11,8641,risk_soft_cov_mismatch,0.0813537064528841,0.9998660260809883,0.9932676422607203,0.20178448867536034,1.0
Ecobee_Thermostat,100,12,1586,shared_oas,1.0,0.9998607183710821,0.9930009231699564,0.048501487073896135,1.0
Ecobee_Thermostat,100,12,1586,local_oas,0.0,0.9998653397391901,0.9932331527231215,0.043697094486387554,1.0
Ecobee_Thermostat,100,12,1586,peer_cov_fixed,1.0,0.9959188286433309,0.900142119887932,0.08007320979180965,1.0
Ecobee_Thermostat,100,12,1586,risk_blend,0.3255436308204075,0.9998188972775109,0.990899360678938,0.06954930221917181,1.0
Ecobee_Thermostat,100,12,1586,risk_blend_mismatch,0.06611381042757236,0.9998649736902311,0.9932147583030688,0.04941660947151681,1.0
Ecobee_Thermostat,100,12,1586,peer_cov_soft,1.0,0.9977913978494624,0.901193200042767,0.055822466254861584,1.0
Ecobee_Thermostat,100,12,1586,risk_soft_cov,0.9982599352615086,0.9978817204301076,0.9011954993452735,0.050102951269732326,1.0
Ecobee_Thermostat,100,12,1586,risk_soft_cov_mismatch,0.09418485934907166,0.9998651109585907,0.9932216562105884,0.06932052161976665,1.0
Ecobee_Thermostat,100,13,8068,shared_oas,1.0,0.9999061999542439,0.9952864298615014,0.07641272020132693,1.0
Ecobee_Thermostat,100,13,8068,local_oas,0.0,0.9999086707847175,0.9954105921968571,0.07618393960192175,1.0
Ecobee_Thermostat,100,13,8068,peer_cov_fixed,1.0,0.9960547700754977,0.898965681760438,0.07435369480668039,1.0
Ecobee_Thermostat,100,13,8068,risk_blend,0.3153118113416325,0.9997712194005949,0.9885034874670768,0.08030199039121483,1.0
Ecobee_Thermostat,100,13,8068,risk_blend_mismatch,0.06190744127051983,0.9999086707847175,0.9954105921968571,0.08007320979180965,1.0
Ecobee_Thermostat,100,13,8068,peer_cov_soft,1.0,0.9972073667353009,0.8995933913447356,0.06657515442690459,1.0
Ecobee_Thermostat,100,13,8068,risk_soft_cov,0.9987459754831824,0.9972989704873026,0.8995956906472421,0.06474490963166324,1.0
Ecobee_Thermostat,100,13,8068,risk_soft_cov_mismatch,0.08798830731167837,0.9999086707847175,0.9954105921968571,0.09585907115076642,1.0
Ecobee_Thermostat,100,14,1115,shared_oas,1.0,0.9998160603980782,0.9907568039235297,0.010066346373827499,1.0
Ecobee_Thermostat,100,14,1115,local_oas,0.0,0.9998628231525967,0.9931066910852593,0.0075497597803706245,1.0
Ecobee_Thermostat,100,14,1115,peer_cov_fixed,1.0,0.9960943948753145,0.8987479148200395,0.13886982383893845,1.0
Ecobee_Thermostat,100,14,1115,risk_blend,0.3130572815287854,0.9997711278883551,0.9884988888620636,0.07458247540608556,1.0
Ecobee_Thermostat,100,14,1115,risk_blend_mismatch,0.06056857729832098,0.9998627773964768,0.9931043917827527,0.033630748112560054,1.0
Ecobee_Thermostat,100,14,1115,peer_cov_soft,1.0,0.9958839167238619,0.8994646304043667,0.11164493250972317,1.0
Ecobee_Thermostat,100,14,1115,risk_soft_cov,0.9992335032784248,0.996021139327385,0.89946922900938,0.10363761153054221,1.0
Ecobee_Thermostat,100,14,1115,risk_soft_cov_mismatch,0.08003092101742665,0.9999085335163578,0.9954036942893374,0.048272706474490966,1.0
Ecobee_Thermostat,100,15,7696,shared_oas,1.0,0.9998556394417755,0.9927457005917255,0.05971173644474949,1.0
Ecobee_Thermostat,100,15,7696,local_oas,0.0,0.9998570578814917,0.9928169789694297,0.05948295584534431,1.0
Ecobee_Thermostat,100,15,7696,peer_cov_fixed,1.0,0.9958281400137269,0.8943826200322132,0.021505376344086023,0.9996
Ecobee_Thermostat,100,15,7696,risk_blend,0.31503144103547936,0.9998077785403797,0.9903406301698379,0.028140013726835965,1.0
Ecobee_Thermostat,100,15,7696,risk_blend_mismatch,0.06806313145246574,0.9998568748570121,0.9928077817594032,0.043697094486387554,1.0
Ecobee_Thermostat,100,15,7696,peer_cov_soft,1.0,0.9952307938686799,0.8951315258516328,0.024479524136353237,0.9998
Ecobee_Thermostat,100,15,7696,risk_soft_cov,0.9991819407931952,0.9953735529627088,0.8951315258516328,0.024479524136353237,0.9998
Ecobee_Thermostat,100,15,7696,risk_soft_cov_mismatch,0.09689015611291539,0.999856920613132,0.9928100810619098,0.038206360100663465,1.0
Ecobee_Thermostat,100,16,6597,shared_oas,1.0,0.9998167467398765,0.9907912934611285,0.06794783802333562,1.0
Ecobee_Thermostat,100,16,6597,local_oas,0.0,0.9998632349576756,0.9931273848078185,0.08739418897277511,1.0
Ecobee_Thermostat,100,16,6597,peer_cov_fixed,1.0,0.9965502173415695,0.8987843357717435,0.13315030885380919,1.0
Ecobee_Thermostat,100,16,6597,risk_blend,0.3029144258523533,0.9998630061770762,0.9931158882952856,0.04209563029055136,1.0
Ecobee_Thermostat,100,16,6597,risk_blend_mismatch,0.05923851863489573,0.9998632349576756,0.9931273848078185,0.05444978265843056,1.0
Ecobee_Thermostat,100,16,6597,peer_cov_soft,1.0,0.9982221917181422,0.9106819616269405,0.12491420727522307,1.0
Ecobee_Thermostat,100,16,6597,risk_soft_cov,0.9981937983851575,0.9982224662548616,0.910684260929447,0.12285518188057652,1.0
Ecobee_Thermostat,100,16,6597,risk_soft_cov_mismatch,0.08367150665530898,0.9999087622969572,0.9954151908018702,0.05467856325783574,1.0
Ecobee_Thermostat,100,17,4558,shared_oas,1.0,0.9998538091969801,0.992653728491462,0.13109128345916266,1.0
Ecobee_Thermostat,100,17,4558,local_oas,0.0,0.9998585678334477,0.9928928559521469,0.12056737588652482,1.0
Ecobee_Thermostat,100,17,4558,peer_cov_fixed,1.0,0.9963476092427362,0.8954047059824402,0.05605124685426676,1.0
Ecobee_Thermostat,100,17,4558,risk_blend,0.31237393359749294,0.999858476321208,0.9928882573471337,0.06222832303820636,1.0
Ecobee_Thermostat,100,17,4558,risk_blend_mismatch,0.06164107609287919,0.9998584763212081,0.9928882573471338,0.10180736673530084,1.0
Ecobee_Thermostat,100,17,4558,peer_cov_soft,1.0,0.995516906886296,0.8961168229617547,0.04621368107984443,1.0
Ecobee_Thermostat,100,17,4558,risk_soft_cov,0.9993231753066106,0.9955170899107756,0.8961260201717809,0.045069778082818576,1.0
Ecobee_Thermostat,100,17,4558,risk_soft_cov_mismatch,0.08432979719448379,0.9998586593456874,0.99289745455716,0.09929078014184398,1.0
Ecobee_Thermostat,100,18,747,shared_oas,1.0,0.9998594829558454,0.9929388420022786,0.07915808739418898,1.0
Ecobee_Thermostat,100,18,747,local_oas,0.0,0.9998170212765957,0.9908050892761681,0.07915808739418898,1.0
Ecobee_Thermostat,100,18,747,peer_cov_fixed,1.0,0.9963156714710593,0.8985876304423053,0.03591855410661176,0.9998
Ecobee_Thermostat,100,18,747,risk_blend,0.3456459265895843,0.9999081674673987,0.9953852998692847,0.0363761153054221,1.0
Ecobee_Thermostat,100,18,747,risk_blend_mismatch,0.061458543395040435,0.9999083047357584,0.9953921977768043,0.0526195378631892,1.0
Ecobee_Thermostat,100,18,747,peer_cov_soft,1.0,0.9977531457332418,0.8993900870171034,0.03385952871196522,1.0
Ecobee_Thermostat,100,18,747,risk_soft_cov,0.9986477839720522,0.9978446579730039,0.8993923863196099,0.03111416151910318,1.0
Ecobee_Thermostat,100,18,747,risk_soft_cov_mismatch,0.08179453225299604,0.9999082589796385,0.9953898984742977,0.05170441546556852,1.0
Ecobee_Thermostat,100,19,3291,shared_oas,1.0,0.9998673987645847,0.9933366213359177,0.12331274307938687,1.0
Ecobee_Thermostat,100,19,3291,local_oas,0.0,0.999870006863418,0.9934676815787931,0.11942347288949898,1.0
Ecobee_Thermostat,100,19,3291,peer_cov_fixed,1.0,0.9971636696408145,0.9038285226176639,0.08258979638526653,1.0
Ecobee_Thermostat,100,19,3291,risk_blend,0.3375892817848698,0.999870006863418,0.9934676815787931,0.09105467856325783,1.0
Ecobee_Thermostat,100,19,3291,risk_blend_mismatch,0.05206799928159089,0.999870006863418,0.9934676815787931,0.11347517730496454,1.0
Ecobee_Thermostat,100,19,3291,peer_cov_soft,1.0,0.9975728208647906,0.9047919303679228,0.06291466483642187,1.0
Ecobee_Thermostat,100,19,3291,risk_soft_cov,0.9989426685199398,0.9975728208647907,0.9047919303679228,0.06177076183939602,1.0
Ecobee_Thermostat,100,19,3291,risk_soft_cov_mismatch,0.06956326510618091,0.9999133379089453,0.9956451210525288,0.11210249370853352,1.0
Ecobee_Thermostat,100,20,1672,shared_oas,1.0,0.9998258522077328,0.9912488546599388,0.0720658888126287,1.0
Ecobee_Thermostat,100,20,1672,local_oas,0.0,0.9998281857698467,0.9913661190877747,0.07526881720430108,1.0
Ecobee_Thermostat,100,20,1672,peer_cov_fixed,1.0,0.9964998398535804,0.904856908656759,0.10409517272935255,1.0
Ecobee_Thermostat,100,20,1672,risk_blend,0.32718054373357064,0.9998705101807367,0.9934929739063655,0.053992221459620224,1.0
Ecobee_Thermostat,100,20,1672,risk_blend_mismatch,0.059161161017738655,0.9998710134980554,0.9935182662339379,0.06291466483642187,1.0
Ecobee_Thermostat,100,20,1672,peer_cov_soft,1.0,0.9972479524136353,0.9055269713932279,0.11416151910318005,1.0
Ecobee_Thermostat,100,20,1672,risk_soft_cov,0.9990826295477913,0.9973338824067718,0.9055292706957345,0.11187371310912834,1.0
Ecobee_Thermostat,100,20,1672,risk_soft_cov_mismatch,0.07852772029111174,0.9998709677419355,0.9935159669314313,0.06199954243880119,1.0
Ecobee_Thermostat,100,21,5307,shared_oas,1.0,0.9998576069549303,0.9928445705995086,0.16929764355982613,1.0
Ecobee_Thermostat,100,21,5307,local_oas,0.0,0.9998618622740791,0.993058405732621,0.16861130176161063,1.0
Ecobee_Thermostat,100,21,5307,peer_cov_fixed,1.0,0.9963304506977808,0.8976903046460856,0.11370395790436971,1.0
Ecobee_Thermostat,100,21,5307,risk_blend,0.31282977282788266,0.9998616334934798,0.9930469092200881,0.19492107069320522,1.0
Ecobee_Thermostat,100,21,5307,risk_blend_mismatch,0.05850159672171723,0.9998616792495997,0.9930492085225946,0.19126058110272248,1.0
Ecobee_Thermostat,100,21,5307,peer_cov_soft,1.0,0.9955724548158317,0.8985617402960812,0.15099519560741248,1.0
Ecobee_Thermostat,100,21,5307,risk_soft_cov,0.9993613541554248,0.9956648364218714,0.8985755361111207,0.14802104781514527,1.0
Ecobee_Thermostat,100,21,5307,risk_soft_cov_mismatch,0.079414587764775,0.9998616792495997,0.9930492085225946,0.21024937085335163,1.0
Ecobee_Thermostat,100,22,5985,shared_oas,1.0,0.999861175932281,0.9930239161950222,0.0642873484328529,1.0
Ecobee_Thermostat,100,22,5985,local_oas,0.0,0.9998627316403569,0.9931020924802461,0.06657515442690459,1.0
Ecobee_Thermostat,100,22,5985,peer_cov_fixed,1.0,0.9961828414550445,0.8988421862228093,0.05628002745367193,0.9998
Ecobee_Thermostat,100,22,5985,risk_blend,0.3163706549363333,0.9999080759551591,0.9953807012642715,0.023564401738732556,1.0
Ecobee_Thermostat,100,22,5985,risk_blend_mismatch,0.06533738223109536,0.9999080759551591,0.9953807012642715,0.041866849691146193,1.0
Ecobee_Thermostat,100,22,5985,peer_cov_soft,1.0,0.9971629375428964,0.8994905895296662,0.03271562571493937,1.0
Ecobee_Thermostat,100,22,5985,risk_soft_cov,0.9987850096932298,0.9971631205673759,0.8994905895296662,0.031571722717913524,1.0
Ecobee_Thermostat,100,22,5985,risk_soft_cov_mismatch,0.09223865475717065,0.999908121711279,0.9953830005667781,0.038435140700068635,1.0
Ecobee_Thermostat,100,23,1379,shared_oas,1.0,0.9998140013726836,0.9906533353107334,0.04964539007092199,1.0
Ecobee_Thermostat,100,23,1379,local_oas,0.0,0.9998161061541981,0.9907591032260363,0.04918782887211164,1.0
Ecobee_Thermostat,100,23,1379,peer_cov_fixed,1.0,0.9959798215511324,0.8980506283418925,0.0789293067947838,1.0
Ecobee_Thermostat,100,23,1379,risk_blend,0.33069827423585973,0.9998156943491192,0.9907384095034771,0.03591855410661176,1.0
Ecobee_Thermostat,100,23,1379,risk_blend_mismatch,0.06033579436687012,0.9998619995424388,0.9930653036401407,0.045527339281628915,1.0
Ecobee_Thermostat,100,23,1379,peer_cov_soft,1.0,0.9976562800274537,0.8990632871518425,0.07481125600549074,1.0
Ecobee_Thermostat,100,23,1379,risk_soft_cov,0.9984181881697497,0.9976562800274537,0.8990632871518425,0.07092198581560284,1.0
Ecobee_Thermostat,100,23,1379,risk_soft_cov_mismatch,0.08274136109234458,0.9998620910546785,0.9930699022451539,0.035003431708991076,1.0
Ecobee_Thermostat,100,24,122,shared_oas,1.0,0.9999133836650652,0.9956474203550353,0.05788149164950812,1.0
Ecobee_Thermostat,100,24,122,local_oas,0.0,0.9999140242507435,0.9956796105901276,0.053763440860215055,1.0
Ecobee_Thermostat,100,24,122,peer_cov_fixed,1.0,0.9962739418897277,0.9045205436930708,0.12331274307938687,1.0
Ecobee_Thermostat,100,24,122,risk_blend,0.33237711550303406,0.9995265614275909,0.976209116964369,0.04598490048043926,1.0
Ecobee_Thermostat,100,24,122,risk_blend_mismatch,0.06570246700852643,0.9999139327385038,0.9956750119851143,0.0649736902310684,1.0
Ecobee_Thermostat,100,24,122,peer_cov_soft,1.0,0.9981092656142759,0.9056228753007776,0.058796614047128805,1.0
Ecobee_Thermostat,100,24,122,risk_soft_cov,0.9983534256216705,0.9981520933424846,0.9071502329768265,0.05444978265843056,1.0
Ecobee_Thermostat,100,24,122,risk_soft_cov_mismatch,0.09021473124196674,0.999956897735072,0.9978340570387972,0.07046442461679249,1.0
Ecobee_Thermostat,100,25,69,shared_oas,1.0,0.999904964539007,0.9952243486938237,0.003202928391672386,1.0
Ecobee_Thermostat,100,25,69,local_oas,0.0,0.9999057881491649,0.9952657361389422,0.004575611988103409,1.0
Ecobee_Thermostat,100,25,69,peer_cov_fixed,1.0,0.9964450697780829,0.89572587255656,0.0626858842370167,1.0
Ecobee_Thermostat,100,25,69,risk_blend,0.3245444462159055,0.9998581560283688,0.9928721622295875,0.007778540379775795,1.0
Ecobee_Thermostat,100,25,69,risk_blend_mismatch,0.05712396779331112,0.9999056508808053,0.9952588382314225,0.006405856783344772,1.0
Ecobee_Thermostat,100,25,69,peer_cov_soft,1.0,0.9953952871196523,0.8963880716784562,0.07526881720430108,1.0
Ecobee_Thermostat,100,25,69,risk_soft_cov,0.9995968706002301,0.99544232441089,0.8964064660985089,0.0750400366048959,1.0
Ecobee_Thermostat,100,25,69,risk_soft_cov_mismatch,0.06859334698685353,0.9999525051475635,0.997613323998165,0.008007320979180966,1.0
Ecobee_Thermostat,100,26,3418,shared_oas,1.0,0.9998636467627546,0.9931480785303778,0.0750400366048959,1.0
Ecobee_Thermostat,100,26,3418,local_oas,0.0,0.9998656600320294,0.9932492478406676,0.07343857240905971,1.0
Ecobee_Thermostat,100,26,3418,peer_cov_fixed,1.0,0.9962997940974605,0.9006085104083676,0.09059711736444749,1.0
Ecobee_Thermostat,100,26,3418,risk_blend,0.3188622249907381,0.9999101349805536,0.9954841698770678,0.03752001830244795,1.0
Ecobee_Thermostat,100,26,3418,risk_blend_mismatch,0.06362944070624728,0.9998654770075498,0.9932400506306411,0.050331731869137496,1.0
Ecobee_Thermostat,100,26,3418,peer_cov_soft,1.0,0.9966345916266302,0.9014615516383105,0.06771905742393045,1.0
Ecobee_Thermostat,100,26,3418,risk_soft_cov,0.9989626730739167,0.996679615648593,0.9014684495458303,0.06566003202928392,1.0
Ecobee_Thermostat,100,26,3418,risk_soft_cov_mismatch,0.08926020635278717,0.9998654770075498,0.9932400506306411,0.048959048272706474,1.0
Ecobee_Thermostat,100,27,4538,shared_oas,1.0,0.9998579730038892,0.9928629650195613,0.09540150995195608,1.0
Ecobee_Thermostat,100,27,4538,local_oas,0.0,0.9998614504690002,0.9930377120100617,0.08098833218943034,1.0
Ecobee_Thermostat,100,27,4538,peer_cov_fixed,1.0,0.9966555936856555,0.8978095694671022,0.0425531914893617,1.0
Ecobee_Thermostat,100,27,4538,risk_blend,0.3244925308183842,0.9999074811256005,0.9953508103316859,0.043239533287577216,1.0
Ecobee_Thermostat,100,27,4538,risk_blend_mismatch,0.058877500950955695,0.9998614047128803,0.9930354127075551,0.06749027682452528,1.0
Ecobee_Thermostat,100,27,4538,peer_cov_soft,1.0,0.9959766643788607,0.8983407083461232,0.043697094486387554,1.0
Ecobee_Thermostat,100,27,4538,risk_soft_cov,0.999454968217421,0.9960231525966597,0.8983453069511365,0.043010752688172046,1.0
Ecobee_Thermostat,100,27,4538,risk_soft_cov_mismatch,0.07601003722367039,0.9998614047128803,0.9930354127075551,0.06222832303820636,1.0
Ecobee_Thermostat,100,28,2755,shared_oas,1.0,0.9998592999313658,0.9929296447922522,0.06291466483642187,1.0
Ecobee_Thermostat,100,28,2755,local_oas,0.0,0.9998640128117136,0.9931664729504305,0.06291466483642187,1.0
Ecobee_Thermostat,100,28,2755,peer_cov_fixed,1.0,0.996027316403569,0.8993128074598571,0.06794783802333562,1.0
Ecobee_Thermostat,100,28,2755,risk_blend,0.31384268474625254,0.999363486616335,0.9680144028309012,0.04667124227865477,1.0
Ecobee_Thermostat,100,28,2755,risk_blend_mismatch,0.05896512773714391,0.9998639212994738,0.9931618743454174,0.05948295584534431,1.0
Ecobee_Thermostat,100,28,2755,peer_cov_soft,1.0,0.9969176389842141,0.900392146042498,0.07481125600549074,1.0
Ecobee_Thermostat,100,28,2755,risk_soft_cov,0.9988350143617856,0.9970533973919011,0.900392146042498,0.0720658888126287,1.0
Ecobee_Thermostat,100,28,2755,risk_soft_cov_mismatch,0.08217042102106135,0.9998639670555937,0.9931641736479239,0.053763440860215055,1.0
Ecobee_Thermostat,100,29,1525,shared_oas,1.0,0.9998580187600091,0.9928652643220679,0.12354152367879204,1.0
Ecobee_Thermostat,100,29,1525,local_oas,0.0,0.9998611301761611,0.9930216168925157,0.12033859528711965,1.0
Ecobee_Thermostat,100,29,1525,peer_cov_fixed,1.0,0.9960395332875773,0.8971815609734788,0.06954930221917181,1.0
Ecobee_Thermostat,100,29,1525,risk_blend,0.32824294987541336,0.999860764127202,0.993003222472463,0.06749027682452528,1.0
Ecobee_Thermostat,100,29,1525,risk_blend_mismatch,0.059834178055555305,0.9998611301761611,0.9930216168925157,0.08922443376801648,1.0
Ecobee_Thermostat,100,29,1525,peer_cov_soft,1.0,0.9988428734843285,0.9418529389109813,0.04804392587508579,1.0
Ecobee_Thermostat,100,29,1525,risk_soft_cov,0.9978625425876687,0.9988428734843285,0.9418529389109813,0.04621368107984443,1.0
Ecobee_Thermostat,100,29,1525,risk_soft_cov_mismatch,0.08151557218328719,0.9998610844200412,0.993019317590009,0.08808053077099062,1.0
Ecobee_Thermostat,300,0,3667,shared_oas,1.0,0.999779638526653,0.9889265591282884,0.02081903454587051,1.0
Ecobee_Thermostat,300,0,3667,local_oas,0.0,0.999736948066804,0.986781309889645,0.018988789750629148,1.0
Ecobee_Thermostat,300,0,3667,peer_cov_fixed,1.0,0.9929410203614734,0.895256561921941,0.028140013726835965,0.8084
Ecobee_Thermostat,300,0,3667,risk_blend,0.13387352508983033,0.999912331274308,0.9955945363973839,0.017158544955387784,1.0
Ecobee_Thermostat,300,0,3667,risk_blend_mismatch,0.02030105974218758,0.999868496911462,0.9933918045960758,0.017844886753603295,1.0
Ecobee_Thermostat,300,0,3667,peer_cov_soft,1.0,0.9992547243193777,0.9625489607727495,0.023335621139327384,1.0
Ecobee_Thermostat,300,0,3667,risk_soft_cov,0.9905961852615887,0.9993423930450699,0.9669544243753658,0.02196293754289636,1.0
Ecobee_Thermostat,300,0,3667,risk_soft_cov_mismatch,0.022178048798007763,0.9998684969114618,0.9933918045960758,0.016472203157172273,1.0
Ecobee_Thermostat,300,1,595,shared_oas,1.0,0.9998140471288035,0.99065563461324,0.06154198123999085,1.0
Ecobee_Thermostat,300,1,595,local_oas,0.0,0.9997691603752002,0.9884000188542805,0.06108442004118051,1.0
Ecobee_Thermostat,300,1,595,peer_cov_fixed,1.0,0.9929507206588881,0.8905717330647749,0.023106840539922215,0.798
Ecobee_Thermostat,300,1,595,risk_blend,0.14170972198351656,0.9999073896133608,0.9953462117266727,0.02493708533516358,1.0
Ecobee_Thermostat,300,1,595,risk_blend_mismatch,0.020809295145691818,0.9998614504690002,0.9930377120100617,0.043010752688172046,1.0
Ecobee_Thermostat,300,1,595,peer_cov_soft,1.0,0.9993951040951727,0.9697372472060601,0.02585220773278426,1.0
Ecobee_Thermostat,300,1,595,risk_soft_cov,0.9907438646209126,0.9994416838252116,0.9720572434352039,0.023793182338137726,1.0
Ecobee_Thermostat,300,1,595,risk_soft_cov_mismatch,0.022567671529906252,0.9997690688629605,0.9883954202492673,0.043239533287577216,1.0
Ecobee_Thermostat,300,2,530,shared_oas,1.0,0.9998650652024709,0.9932193569080818,0.03935026309768932,1.0
Ecobee_Thermostat,300,2,530,local_oas,0.0,0.9998214596202242,0.9910281216193068,0.04095172729352551,1.0
Ecobee_Thermostat,300,2,530,peer_cov_fixed,1.0,0.9930054449782658,0.893897881077775,0.024250743536948068,0.8048
Ecobee_Thermostat,300,2,530,risk_blend,0.14275219701964167,0.999910775566232,0.9955163601121599,0.013726835964310227,1.0
Ecobee_Thermostat,300,2,530,risk_blend_mismatch,0.021079264321415266,0.9998661175932282,0.9932722408657333,0.027911233127430792,1.0
Ecobee_Thermostat,300,2,530,peer_cov_soft,1.0,0.9993299473804622,0.9663290140935747,0.0263097689315946,1.0
Ecobee_Thermostat,300,2,530,risk_soft_cov,0.9908920390464767,0.9994641958361931,0.9730751676478941,0.023793182338137726,1.0
Ecobee_Thermostat,300,2,530,risk_soft_cov_mismatch,0.022894552189589832,0.9997770761839396,0.9887977981879197,0.027453671928620454,1.0
Ecobee_Thermostat,300,3,7578,shared_oas,1.0,0.9998652939830702,0.9932308534206149,0.030427819720887667,1.0
Ecobee_Thermostat,300,3,7578,local_oas,0.0,0.9997768474033403,0.9887863016753867,0.03225806451612903,1.0
Ecobee_Thermostat,300,3,7578,peer_cov_fixed,1.0,0.9929683367650424,0.8927209371037296,0.02036147334706017,0.8044
Ecobee_Thermostat,300,3,7578,risk_blend,0.13501980225588003,0.9998656142759095,0.993246948538161,0.00549073438572409,1.0
Ecobee_Thermostat,300,3,7578,risk_blend_mismatch,0.021484357009700337,0.9998659803248684,0.9932653429582137,0.018988789750629148,1.0
Ecobee_Thermostat,300,3,7578,peer_cov_soft,1.0,0.9984766415008007,0.9236293340415185,0.017616106154198122,0.9998
Ecobee_Thermostat,300,3,7578,risk_soft_cov,0.9911585447764095,0.9989683367650424,0.9483031492396781,0.014870738961336078,0.9998
Ecobee_Thermostat,300,3,7578,risk_soft_cov_mismatch,0.023719005659450745,0.9998213223518645,0.991021223711787,0.017844886753603295,1.0
Ecobee_Thermostat,300,4,5490,shared_oas,1.0,0.9998560512468542,0.9927663943142848,0.13315030885380919,1.0
Ecobee_Thermostat,300,4,5490,local_oas,0.0,0.9998097918096546,0.9904417994801277,0.13200640585678333,1.0
Ecobee_Thermostat,300,4,5490,peer_cov_fixed,1.0,0.992332326698696,0.8862832119876436,0.06566003202928392,1.0
Ecobee_Thermostat,300,4,5490,risk_blend,0.13608738111214883,0.9998570578814916,0.9928169789694297,0.08030199039121483,1.0
Ecobee_Thermostat,300,4,5490,risk_blend_mismatch,0.02071474984784256,0.9998571951498513,0.9928238768769494,0.12102493708533517,1.0
Ecobee_Thermostat,300,4,5490,peer_cov_soft,1.0,0.9962889498970487,0.895468189724647,0.028826355525051476,1.0
Ecobee_Thermostat,300,4,5490,risk_soft_cov,0.9932382640368842,0.9965744680851063,0.895468189724647,0.02562342713337909,1.0
Ecobee_Thermostat,300,4,5490,risk_soft_cov_mismatch,0.024553825089100857,0.9999046900022878,0.9952105528787842,0.12354152367879204,1.0
Ecobee_Thermostat,300,5,1487,shared_oas,1.0,0.9998589796385267,0.9929135496747061,0.0967741935483871,1.0
Ecobee_Thermostat,300,5,1487,local_oas,0.0,0.9998134065431252,0.9906234443781479,0.09860443834362846,1.0
Ecobee_Thermostat,300,5,1487,peer_cov_fixed,1.0,0.9924956760466712,0.8890746572027375,0.05742393045069778,0.9998
Ecobee_Thermostat,300,5,1487,risk_blend,0.13871862753703773,0.9998597574925646,0.9929526378173181,0.071150766415008,1.0
Ecobee_Thermostat,300,5,1487,risk_blend_mismatch,0.020126065682374683,0.999859986273164,0.992964134329851,0.08419126058110273,1.0
Ecobee_Thermostat,300,5,1487,peer_cov_soft,1.0,0.9991599633951042,0.9577871052816128,0.038435140700068635,1.0
Ecobee_Thermostat,300,5,1487,risk_soft_cov,0.9904014711471499,0.9993465568519789,0.9671636609034648,0.03774879890185312,1.0
Ecobee_Thermostat,300,5,1487,risk_soft_cov_mismatch,0.02196983555625769,0.9997666437886068,0.9882735572164184,0.08464882177991306,1.0
Ecobee_Thermostat,300,6,195,shared_oas,1.0,0.9998646991535117,0.9932009624880292,0.04964539007092199,1.0
Ecobee_Thermostat,300,6,195,local_oas,0.0,0.9998656142759095,0.993246948538161,0.04598490048043926,1.0
Ecobee_Thermostat,300,6,195,peer_cov_fixed,1.0,0.9931062914664837,0.8926014423524624,0.0565088080530771,0.9996
Ecobee_Thermostat,300,6,195,risk_blend,0.14033694608396038,0.9997751086707847,0.9886989281801366,0.058796614047128805,1.0
Ecobee_Thermostat,300,6,195,risk_blend_mismatch,0.021180145275018488,0.9998655685197896,0.9932446492356544,0.048730267673301304,1.0
Ecobee_Thermostat,300,6,195,peer_cov_soft,1.0,0.9994627773964768,0.9730038892701899,0.04598490048043926,1.0
Ecobee_Thermostat,300,6,195,risk_soft_cov,0.9906214377218213,0.9995075268817204,0.9752526071216296,0.04095172729352551,1.0
Ecobee_Thermostat,300,6,195,risk_soft_cov_mismatch,0.022877148356569895,0.9997760237931823,0.9887449142302682,0.05833905284831846,1.0
Ecobee_Thermostat,300,7,1762,shared_oas,1.0,0.9998136810798444,0.9906372401931873,0.10706932052161977,1.0
Ecobee_Thermostat,300,7,1762,local_oas,0.0,0.9998146877144818,0.9906878248483322,0.10844200411805079,1.0
Ecobee_Thermostat,300,7,1762,peer_cov_fixed,1.0,0.9926082818576984,0.8889077738268096,0.048959048272706474,0.9998
Ecobee_Thermostat,300,7,1762,risk_blend,0.12993896134261435,0.9998608556394418,0.9930078210774762,0.045298558682223745,1.0
Ecobee_Thermostat,300,7,1762,risk_blend_mismatch,0.02050457246814097,0.9998610386639213,0.9930170182875026,0.08922443376801648,1.0
Ecobee_Thermostat,300,7,1762,peer_cov_soft,1.0,0.9954088309311371,0.8980467655136815,0.024250743536948068,1.0
Ecobee_Thermostat,300,7,1762,risk_soft_cov,0.9944447856796841,0.9959186456188516,0.8980559627237077,0.023335621139327384,1.0
Ecobee_Thermostat,300,7,1762,risk_soft_cov_mismatch,0.026972805990464675,0.9998610844200412,0.993019317590009,0.08991077556623199,1.0
Ecobee_Thermostat,300,8,1794,shared_oas,1.0,0.9998613132006406,0.993030814102542,0.10043468313886983,1.0
Ecobee_Thermostat,300,8,1794,local_oas,0.0,0.9998159231297186,0.99074990601601,0.10157858613589568,1.0
Ecobee_Thermostat,300,8,1794,peer_cov_fixed,1.0,0.992400366048959,0.8898868398271385,0.05216197666437886,1.0
Ecobee_Thermostat,300,8,1794,risk_blend,0.1305284605413299,0.9999078929306795,0.9953715040542452,0.046900022878059944,1.0
Ecobee_Thermostat,300,8,1794,risk_blend_mismatch,0.020904284284605112,0.9998619537863189,0.9930630043376343,0.08075955159002517,1.0
Ecobee_Thermostat,300,8,1794,peer_cov_soft,1.0,0.9975102264927934,0.8987916705467396,0.02081903454587051,1.0
Ecobee_Thermostat,300,8,1794,risk_soft_cov,0.9919619072502207,0.9976486845115534,0.8987916705467396,0.02059025394646534,1.0
Ecobee_Thermostat,300,8,1794,risk_soft_cov_mismatch,0.024723614568045935,0.999770029741478,0.9884437056019056,0.07801418439716312,1.0
Ecobee_Thermostat,300,9,6915,shared_oas,1.0,0.9998596659803249,0.9929480392123049,0.08007320979180965,1.0
Ecobee_Thermostat,300,9,6915,local_oas,0.0,0.9998140928849234,0.9906579339157466,0.0812171127888355,1.0
Ecobee_Thermostat,300,9,6915,peer_cov_fixed,1.0,0.9925922214596202,0.8887925097921545,0.053763440860215055,0.9998
Ecobee_Thermostat,300,9,6915,risk_blend,0.13778765604518178,0.999767330130405,0.9883080467540171,0.045527339281628915,1.0
Ecobee_Thermostat,300,9,6915,risk_blend_mismatch,0.020448384048726752,0.9998605811027226,0.9929940252624367,0.06199954243880119,1.0
Ecobee_Thermostat,300,9,6915,peer_cov_soft,1.0,0.9992503774879891,0.962485247100292,0.036604895904827274,1.0
Ecobee_Thermostat,300,9,6915,risk_soft_cov,0.9901555624181825,0.9994364676275451,0.971825013882039,0.034774651109585906,1.0
Ecobee_Thermostat,300,9,6915,risk_soft_cov_mismatch,0.022812287268067527,0.9997673301304051,0.9883080467540171,0.06474490963166324,1.0
Ecobee_Thermostat,300,10,1786,shared_oas,1.0,0.9998641958361931,0.9931756701604568,0.09608785175017158,1.0
Ecobee_Thermostat,300,10,1786,local_oas,0.0,0.9998201784488675,0.9909637411491223,0.09860443834362846,1.0
Ecobee_Thermostat,300,10,1786,peer_cov_fixed,1.0,0.992413040494166,0.8914675873073903,0.05170441546556852,0.9998
Ecobee_Thermostat,300,10,1786,risk_blend,0.1279165091407871,0.9999099061999542,0.9954726733645349,0.04804392587508579,1.0
Ecobee_Thermostat,300,10,1786,risk_blend_mismatch,0.021121716353393653,0.9998651109585907,0.9932216562105884,0.07755662319835278,1.0
Ecobee_Thermostat,300,10,1786,peer_cov_soft,1.0,0.9969864561885152,0.9011738399156616,0.02104781514527568,1.0
Ecobee_Thermostat,300,10,1786,risk_soft_cov,0.9923050079444762,0.9972114390299703,0.9011807378231813,0.019217570350034317,1.0
Ecobee_Thermostat,300,10,1786,risk_soft_cov_mismatch,0.025787902519516147,0.9998200869366277,0.9909591425441092,0.07481125600549074,1.0
Ecobee_Thermostat,300,11,4663,shared_oas,1.0,0.9998636925188744,0.9931503778328844,0.09746053534660261,1.0
Ecobee_Thermostat,300,11,4663,local_oas,0.0,0.9998664836421872,0.993290635285786,0.09654541294898193,1.0
Ecobee_Thermostat,300,11,4663,peer_cov_fixed,1.0,0.992986913749714,0.8931065531271088,0.05673758865248227,0.9998
Ecobee_Thermostat,300,11,4663,risk_blend,0.12545171983829423,0.9998217799130633,0.991044216736853,0.0464424616792496,1.0
Ecobee_Thermostat,300,11,4663,risk_blend_mismatch,0.01995640357944282,0.9998664836421871,0.993290635285786,0.08098833218943034,1.0
Ecobee_Thermostat,300,11,4663,peer_cov_soft,1.0,0.994126561427591,0.9021857629488095,0.023564401738732556,0.8056
Ecobee_Thermostat,300,11,4663,risk_soft_cov,0.9952281918288755,0.9947939601921757,0.9021873954535892,0.022191718142301534,0.8056
Ecobee_Thermostat,300,11,4663,risk_soft_cov_mismatch,0.027741896472801987,0.9998664378860672,0.9932883359832795,0.07595515900251659,1.0
Ecobee_Thermostat,300,12,1009,shared_oas,1.0,0.9997639441775339,0.9881378983685298,0.09242736215968886,1.0
Ecobee_Thermostat,300,12,1009,local_oas,0.0,0.9996704186684969,0.9834381240450709,0.09036833676504233,1.0
Ecobee_Thermostat,300,12,1009,peer_cov_fixed,1.0,0.9920124456646076,0.888116284924968,0.05628002745367193,1.0
Ecobee_Thermostat,300,12,1009,risk_blend,0.13418762072051366,0.9998587508579272,0.9929020531621733,0.03889270189887897,1.0
Ecobee_Thermostat,300,12,1009,risk_blend_mismatch,0.020812387043413066,0.9998587508579272,0.9929020531621733,0.07664150080073209,1.0
Ecobee_Thermostat,300,12,1009,peer_cov_soft,1.0,0.9974575154426905,0.8965829145728643,0.02653854953099977,1.0
Ecobee_Thermostat,300,12,1009,risk_soft_cov,0.9920644954187283,0.9979283459162662,0.8965829145728643,0.024708304735758406,1.0
Ecobee_Thermostat,300,12,1009,risk_soft_cov_mismatch,0.023611220806445933,0.9997645847632121,0.988170088603622,0.07732784259894761,1.0
Ecobee_Thermostat,300,13,1521,shared_oas,1.0,0.999864653397392,0.9931986631855227,0.12560054907343857,1.0
Ecobee_Thermostat,300,13,1521,local_oas,0.0,0.9998213681079844,0.9910235230142936,0.13109128345916266,1.0
Ecobee_Thermostat,300,13,1521,peer_cov_fixed,1.0,0.9925232212308396,0.8922916343327252,0.05628002745367193,1.0
Ecobee_Thermostat,300,13,1521,risk_blend,0.13331351731399432,0.9998660260809883,0.9932676422607203,0.08945321436742164,1.0
Ecobee_Thermostat,300,13,1521,risk_blend_mismatch,0.020624664416028615,0.9998661175932281,0.9932722408657333,0.12331274307938687,1.0
Ecobee_Thermostat,300,13,1521,peer_cov_soft,1.0,0.9987919011667811,0.9393312708589849,0.030199039121482498,1.0
Ecobee_Thermostat,300,13,1521,risk_soft_cov,0.9905260211070807,0.9990598490048044,0.9527798912199985,0.029512697323266987,1.0
Ecobee_Thermostat,300,13,1521,risk_soft_cov_mismatch,0.022498052927918122,0.9997768474033402,0.9887863016753868,0.12743079386867995,1.0
Ecobee_Thermostat,300,14,6303,shared_oas,1.0,0.9829570807595516,0.8973754381608339,0.0,0.7756
Ecobee_Thermostat,300,14,6303,local_oas,0.0,0.982541203385953,0.8973800367658471,0.0,0.7954
Ecobee_Thermostat,300,14,6303,peer_cov_fixed,1.0,0.9887843971631206,0.8869678982880543,0.008007320979180966,0.7936
Ecobee_Thermostat,300,14,6303,risk_blend,0.5046497307969067,0.9896762296957219,0.8972627723380112,0.00022878059940517045,0.795
Ecobee_Thermostat,300,14,6303,risk_blend_mismatch,0.11410789942593733,0.9827708533516357,0.8973662409508076,0.0,0.7954
Ecobee_Thermostat,300,14,6303,peer_cov_soft,1.0,0.9913852665293983,0.8947789278122482,0.0009151223976206818,0.7894
Ecobee_Thermostat,300,14,6303,risk_soft_cov,0.9998204088337274,0.9913854953099978,0.8947858257197678,0.0009151223976206818,0.7894
Ecobee_Thermostat,300,14,6303,risk_soft_cov_mismatch,0.12582181596437492,0.9820726149622513,0.8973731388583273,0.0,0.7948
Ecobee_Thermostat,300,15,4719,shared_oas,1.0,0.9998593914436056,0.9929342433972654,0.12880347746511095,1.0
Ecobee_Thermostat,300,15,4719,local_oas,0.0,0.9998617707618395,0.9930538071276078,0.13109128345916266,1.0
Ecobee_Thermostat,300,15,4719,peer_cov_fixed,1.0,0.9928045298558683,0.8899732476153359,0.05765271105010295,0.9998
Ecobee_Thermostat,300,15,4719,risk_blend,0.1250301609246272,0.9998156485929993,0.9907361102009704,0.08053077099061999,1.0
Ecobee_Thermostat,300,15,4719,risk_blend_mismatch,0.019634261373989895,0.9998618165179594,0.9930561064301144,0.11988103408830932,1.0
Ecobee_Thermostat,300,15,4719,peer_cov_soft,1.0,0.9964091512239762,0.8988714793367432,0.032944406314344546,1.0
Ecobee_Thermostat,300,15,4719,risk_soft_cov,0.9930839716958849,0.9966393045069778,0.8988714793367432,0.03088538091969801,1.0
Ecobee_Thermostat,300,15,4719,risk_soft_cov_mismatch,0.025175688619046493,0.9998158316174788,0.9907453074109969,0.1191946922900938,1.0
Ecobee_Thermostat,300,16,7337,shared_oas,1.0,0.9998628689087166,0.9931089903877659,0.10981468771448182,1.0
Ecobee_Thermostat,300,16,7337,local_oas,0.0,0.9998189887897505,0.9909039592839511,0.1091283459162663,1.0
Ecobee_Thermostat,300,16,7337,peer_cov_fixed,1.0,0.9918978265843056,0.8912262295232741,0.06657515442690459,0.9996
Ecobee_Thermostat,300,16,7337,risk_blend,0.14294484390330436,0.9998183939601921,0.9908740683513656,0.13429421185083504,1.0
Ecobee_Thermostat,300,16,7337,risk_blend_mismatch,0.02075428269682878,0.9999093113703957,0.9954427824319493,0.12033859528711965,1.0
Ecobee_Thermostat,300,16,7337,peer_cov_soft,1.0,0.999320796156486,0.9658691535922577,0.05833905284831846,1.0
Ecobee_Thermostat,300,16,7337,risk_soft_cov,0.99046145787618,0.999411164493251,0.9704102760427624,0.048959048272706474,1.0
Ecobee_Thermostat,300,16,7337,risk_soft_cov_mismatch,0.023022033830177056,0.9998186227407916,0.9908855648638986,0.10752688172043011,1.0
Ecobee_Thermostat,300,17,5751,shared_oas,1.0,0.9998202242049874,0.9909660404516291,0.0720658888126287,1.0
Ecobee_Thermostat,300,17,5751,local_oas,0.0,0.9997762525737817,0.9887564107428012,0.07046442461679249,1.0
Ecobee_Thermostat,300,17,5751,peer_cov_fixed,1.0,0.992901532830016,0.8936189986767513,0.024708304735758406,0.8044
Ecobee_Thermostat,300,17,5751,risk_blend,0.13677814750502237,0.999910455273393,0.9955002649946139,0.03431708991077557,1.0
Ecobee_Thermostat,300,17,5751,risk_blend_mismatch,0.02114463719363844,0.9998657973003889,0.9932561457481872,0.05124685426675818,1.0
Ecobee_Thermostat,300,17,5751,peer_cov_soft,1.0,0.9978531228551819,0.9017952494110912,0.022191718142301534,1.0
Ecobee_Thermostat,300,17,5751,risk_soft_cov,0.991939683811236,0.9983447266071838,0.9168532895546135,0.02059025394646534,1.0
Ecobee_Thermostat,300,17,5751,risk_soft_cov_mismatch,0.023716160011088293,0.9998657057881492,0.9932515471431742,0.06588881262868909,1.0
Ecobee_Thermostat,300,18,2667,shared_oas,1.0,0.9998635552505146,0.9931434799253647,0.05239075726378403,1.0
Ecobee_Thermostat,300,18,2667,local_oas,0.0,0.9998193548387098,0.9909223537040038,0.05513612445664608,1.0
Ecobee_Thermostat,300,18,2667,peer_cov_fixed,1.0,0.9917323724548158,0.8912288967141818,0.06337222603523221,0.9998
Ecobee_Thermostat,300,18,2667,risk_blend,0.12803484274582436,0.9999093113703957,0.9954427824319493,0.022878059940517045,1.0
Ecobee_Thermostat,300,18,2667,risk_blend_mismatch,0.021846835164475362,0.9998645161290323,0.9931917652780029,0.035003431708991076,1.0
Ecobee_Thermostat,300,18,2667,peer_cov_soft,1.0,0.9974207732784259,0.9006713273528475,0.04095172729352551,1.0
Ecobee_Thermostat,300,18,2667,risk_soft_cov,0.9917055705775408,0.9976921528254404,0.9006736266553541,0.03180050331731869,1.0
Ecobee_Thermostat,300,18,2667,risk_soft_cov_mismatch,0.025930045629950146,0.9998644703729124,0.9931894659754964,0.03591855410661176,1.0
Ecobee_Thermostat,300,19,1861,shared_oas,1.0,0.9998652482269502,0.9932285541181083,0.10729810112102493,1.0
Ecobee_Thermostat,300,19,1861,local_oas,0.0,0.9998210478151452,0.9910074278967476,0.11027224891329215,1.0
Ecobee_Thermostat,300,19,1861,peer_cov_fixed,1.0,0.9925948295584534,0.8923471854812842,0.04987417067032716,0.9998
Ecobee_Thermostat,300,19,1861,risk_blend,0.1304117627214702,0.9999102264927935,0.995488768482081,0.043239533287577216,1.0
Ecobee_Thermostat,300,19,1861,risk_blend_mismatch,0.021007131054483288,0.999865751544269,0.9932538464456806,0.08236101578586136,1.0
Ecobee_Thermostat,300,19,1861,peer_cov_soft,1.0,0.9984332646991535,0.9212955419973351,0.021505376344086023,1.0
Ecobee_Thermostat,300,19,1861,risk_soft_cov,0.9908752495065609,0.9987909402882634,0.9392576931787742,0.02104781514527568,1.0
Ecobee_Thermostat,300,19,1861,risk_soft_cov_mismatch,0.02376750958712394,0.9997762525737817,0.9887564107428012,0.08579272477693892,1.0
Ecobee_Thermostat,300,20,883,shared_oas,1.0,0.9997678792038435,0.9883356383840962,0.09082589796385267,1.0
Ecobee_Thermostat,300,20,883,local_oas,0.0,0.9997229924502402,0.9860800226251367,0.0867078471745596,1.0
Ecobee_Thermostat,300,20,883,peer_cov_fixed,1.0,0.9924797071608328,0.889768977580651,0.023106840539922215,0.7982
Ecobee_Thermostat,300,20,883,risk_blend,0.13301830297102213,0.9998614962251201,0.9930400113125684,0.03729123770304278,1.0
Ecobee_Thermostat,300,20,883,risk_blend_mismatch,0.02080470513943186,0.9998614962251201,0.9930400113125684,0.07229466941203386,1.0
Ecobee_Thermostat,300,20,883,peer_cov_soft,1.0,0.9967220773278427,0.8985929648241207,0.018760009151223975,1.0
Ecobee_Thermostat,300,20,883,risk_soft_cov,0.9927656858283603,0.9971375886524823,0.8985929648241207,0.017616106154198122,1.0
Ecobee_Thermostat,300,20,883,risk_soft_cov_mismatch,0.024412087466821462,0.9997691603752002,0.9884000188542805,0.06749027682452528,1.0
Ecobee_Thermostat,300,21,6243,shared_oas,1.0,0.9773341569434912,0.8981794582613364,0.0,0.0
Ecobee_Thermostat,300,21,6243,local_oas,0.0,0.9768244337680164,0.8981863561688562,0.0,0.4124
Ecobee_Thermostat,300,21,6243,peer_cov_fixed,1.0,0.9886754975978038,0.8873150239874734,0.0075497597803706245,0.7942
Ecobee_Thermostat,300,21,6243,risk_blend,0.5078865117693699,0.9888264927934113,0.8980467655136815,0.0,0.4686
Ecobee_Thermostat,300,21,6243,risk_blend_mismatch,0.11623489806588913,0.9785854953099977,0.8981725603538167,0.0,0.0546
Ecobee_Thermostat,300,21,6243,peer_cov_soft,1.0,0.9910349576755891,0.8952442836465558,0.0,0.719
Ecobee_Thermostat,300,21,6243,risk_soft_cov,0.9998288857342433,0.9910351407000686,0.8952511815540756,0.0,0.7192
Ecobee_Thermostat,300,21,6243,risk_soft_cov_mismatch,0.12813920669865755,0.9769633035918555,0.8981771589588299,0.0,0.4258
Ecobee_Thermostat,300,22,7706,shared_oas,1.0,0.9998599862731641,0.992964134329851,0.08419126058110273,1.0
Ecobee_Thermostat,300,22,7706,local_oas,0.0,0.9998140471288035,0.99065563461324,0.08419126058110273,1.0
Ecobee_Thermostat,300,22,7706,peer_cov_fixed,1.0,0.992852665293983,0.8897680808526733,0.01967513154884466,0.7962
Ecobee_Thermostat,300,22,7706,risk_blend,0.13264683563606763,0.9998605353466026,0.99299172595993,0.035003431708991076,1.0
Ecobee_Thermostat,300,22,7706,risk_blend_mismatch,0.020999660151320584,0.9998605353466026,0.99299172595993,0.07458247540608556,1.0
Ecobee_Thermostat,300,22,7706,peer_cov_soft,1.0,0.9979971631205673,0.8994452702772613,0.005033173186913749,0.7966
Ecobee_Thermostat,300,22,7706,risk_soft_cov,0.9918494299307693,0.9987415236787922,0.9368227318243011,0.0038892701898878973,0.7966
Ecobee_Thermostat,300,22,7706,risk_soft_cov_mismatch,0.024426394454587032,0.9997675131548844,0.9883172439640435,0.07435369480668039,1.0
Ecobee_Thermostat,300,23,7320,shared_oas,1.0,0.9998602150537635,0.9929756308423839,0.05239075726378403,1.0
Ecobee_Thermostat,300,23,7320,local_oas,0.0,0.9998146419583619,0.9906855255458256,0.0626858842370167,1.0
Ecobee_Thermostat,300,23,7320,peer_cov_fixed,1.0,0.9917464653397392,0.8896057271026834,0.04987417067032716,0.9998
Ecobee_Thermostat,300,23,7320,risk_blend,0.14473998464476856,0.9998141843971631,0.9906625325207599,0.04140928849233585,1.0
Ecobee_Thermostat,300,23,7320,risk_blend_mismatch,0.02099599616841928,0.9999071608327613,0.9953347152141399,0.04758636467627545,1.0
Ecobee_Thermostat,300,23,7320,peer_cov_soft,1.0,0.9993506291466483,0.967368298826551,0.031571722717913524,1.0
Ecobee_Thermostat,300,23,7320,risk_soft_cov,0.9906001670233255,0.9993972088766873,0.9697089887782541,0.029741477922672156,1.0
Ecobee_Thermostat,300,23,7320,risk_soft_cov_mismatch,0.023402837866946455,0.9998145046900023,0.9906786276383059,0.04232441088995653,1.0
Ecobee_Thermostat,300,24,3348,shared_oas,1.0,0.9997726378403111,0.988574765844781,0.11164493250972317,1.0
Ecobee_Thermostat,300,24,3348,local_oas,0.0,0.9997733699382292,0.9886115546848864,0.10981468771448182,1.0
Ecobee_Thermostat,300,24,3348,peer_cov_fixed,1.0,0.992990391214825,0.8923019352079546,0.05490734385724091,1.0
Ecobee_Thermostat,300,24,3348,risk_blend,0.13531899110362877,0.9999093113703958,0.9954427824319493,0.050331731869137496,1.0
Ecobee_Thermostat,300,24,3348,risk_blend_mismatch,0.01987394756984684,0.9998640585678334,0.993168772252937,0.09059711736444749,1.0
Ecobee_Thermostat,300,24,3348,peer_cov_soft,1.0,0.9974171585449554,0.9004887167477746,0.03752001830244795,1.0
Ecobee_Thermostat,300,24,3348,risk_soft_cov,0.9920243284916368,0.9980510638297873,0.9021055632773798,0.03271562571493937,1.0
Ecobee_Thermostat,300,24,3348,risk_soft_cov_mismatch,0.02270187823807293,0.9997734614504691,0.9886161532898996,0.1029512697323267,1.0
Ecobee_Thermostat,300,25,2569,shared_oas,1.0,0.9998642873484328,0.99318026876547,0.11233127430793868,1.0
Ecobee_Thermostat,300,25,2569,local_oas,0.0,0.9998204987417068,0.9909798362666685,0.10867078471745596,1.0
Ecobee_Thermostat,300,25,2569,peer_cov_fixed,1.0,0.9920492793411119,0.8915628244172131,0.09860443834362846,0.9998
Ecobee_Thermostat,300,25,2569,risk_blend,0.12996933238196456,0.9995946007778541,0.9796281797916602,0.07389613360787005,1.0
Ecobee_Thermostat,300,25,2569,risk_blend_mismatch,0.02111432180353987,0.9998652939830702,0.9932308534206149,0.10203614733470602,1.0
Ecobee_Thermostat,300,25,2569,peer_cov_soft,1.0,0.9985600549073439,0.927717493898226,0.045069778082818576,1.0
Ecobee_Thermostat,300,25,2569,risk_soft_cov,0.9907435530268066,0.9987401509951955,0.9367445555390772,0.03614733470601693,1.0
Ecobee_Thermostat,300,25,2569,risk_soft_cov_mismatch,0.02356782220831217,0.9997755662319835,0.9887219212052023,0.1013498055364905,1.0
Ecobee_Thermostat,300,26,742,shared_oas,1.0,0.9998200411805079,0.9909568432416027,0.07778540379775795,1.0
Ecobee_Thermostat,300,26,742,local_oas,0.0,0.9997759322809425,0.988740315625255,0.0812171127888355,1.0
Ecobee_Thermostat,300,26,742,peer_cov_fixed,1.0,0.9929468313886982,0.8945255906620726,0.023106840539922215,0.804
Ecobee_Thermostat,300,26,742,risk_blend,0.14366741051715917,0.9999102264927933,0.995488768482081,0.03111416151910318,1.0
Ecobee_Thermostat,300,26,742,risk_blend_mismatch,0.02063005763632965,0.9998655685197896,0.9932446492356544,0.0626858842370167,1.0
Ecobee_Thermostat,300,26,742,peer_cov_soft,1.0,0.9992831388698239,0.9639768276293387,0.01967513154884466,1.0
Ecobee_Thermostat,300,26,742,risk_soft_cov,0.9909971225269594,0.9994623655913979,0.9729831955476307,0.018531228551818806,1.0
Ecobee_Thermostat,300,26,742,risk_soft_cov_mismatch,0.022203994881658914,0.9997758865248227,0.9887380163227485,0.06360100663463739,1.0
Ecobee_Thermostat,300,27,4868,shared_oas,1.0,0.9998133607870053,0.9906211450756413,0.11553420269961108,1.0
Ecobee_Thermostat,300,27,4868,local_oas,0.0,0.999861953786319,0.9930630043376341,0.11187371310912834,1.0
Ecobee_Thermostat,300,27,4868,peer_cov_fixed,1.0,0.9928237474262184,0.8902961156733105,0.04804392587508579,0.9998
Ecobee_Thermostat,300,27,4868,risk_blend,0.12326540662818945,0.9998159688858386,0.9907522053185166,0.060855639441775335,1.0
Ecobee_Thermostat,300,27,4868,risk_blend_mismatch,0.01954372888934159,0.9998620910546785,0.9930699022451539,0.10363761153054221,1.0
Ecobee_Thermostat,300,27,4868,peer_cov_soft,1.0,0.9967347975291696,0.8989581860342666,0.028368794326241134,1.0
Ecobee_Thermostat,300,27,4868,risk_soft_cov,0.9921807751954669,0.9969650423244109,0.8989696825467994,0.027682452528025623,1.0
Ecobee_Thermostat,300,27,4868,risk_soft_cov_mismatch,0.024178128498686047,0.9997703957904369,0.9884621000219584,0.10546785632578358,1.0
Ecobee_Thermostat,300,28,2506,shared_oas,1.0,0.9998571951498513,0.9928238768769494,0.13886982383893845,1.0
Ecobee_Thermostat,300,28,2506,local_oas,0.0,0.9998108899565317,0.9904969827402857,0.13177762525737818,1.0
Ecobee_Thermostat,300,28,2506,peer_cov_fixed,1.0,0.9917029512697323,0.8866986499645333,0.11278883550674902,1.0
Ecobee_Thermostat,300,28,2506,risk_blend,0.13382263551886034,0.9991477007549759,0.9571708922098482,0.12674445207046442,1.0
Ecobee_Thermostat,300,28,2506,risk_blend_mismatch,0.020646381625665094,0.9998581102722489,0.9928698629270811,0.13566689544726607,1.0
Ecobee_Thermostat,300,28,2506,peer_cov_soft,1.0,0.9991489819263326,0.9572352726800325,0.055822466254861584,1.0
Ecobee_Thermostat,300,28,2506,risk_soft_cov,0.9902011273035722,0.999338091969801,0.9667382899397468,0.04941660947151681,1.0
Ecobee_Thermostat,300,28,2506,risk_soft_cov_mismatch,0.02238355971119473,0.9997636238846945,0.9881218032509838,0.14847860901395563,1.0
Ecobee_Thermostat,300,29,3583,shared_oas,1.0,0.9997707618393961,0.9884804944420109,0.11461908030199039,1.0
Ecobee_Thermostat,300,29,3583,local_oas,0.0,0.9996800274536719,0.9839209775714537,0.11736444749485243,1.0
Ecobee_Thermostat,300,29,3583,peer_cov_fixed,1.0,0.9927672843742851,0.8925923831005864,0.02608098833218943,0.8
Ecobee_Thermostat,300,29,3583,risk_blend,0.13411150271670663,0.9999085335163578,0.9954036942893374,0.04735758407687028,1.0
Ecobee_Thermostat,300,29,3583,risk_blend_mismatch,0.01967515634806696,0.9998628689087166,0.9931089903877659,0.09265614275909403,1.0
Ecobee_Thermostat,300,29,3583,peer_cov_soft,1.0,0.9992667124227865,0.9631513780294748,0.02608098833218943,1.0
Ecobee_Thermostat,300,29,3583,risk_soft_cov,0.9904470487037949,0.9994498741706704,0.972355485963333,0.024021962937542895,1.0
Ecobee_Thermostat,300,29,3583,risk_soft_cov_mismatch,0.021511873518555397,0.9997714024250743,0.9885126846771031,0.09471516815374056,1.0
Ecobee_Thermostat,1000,0,5484,shared_oas,1.0,0.9822443834362846,0.8986382840765255,0.0,0.604
Ecobee_Thermostat,1000,0,5484,local_oas,0.0,0.9820148707389613,0.8986589777990847,0.0,0.7696
Ecobee_Thermostat,1000,0,5484,peer_cov_fixed,1.0,0.9777006177076185,0.8637543701118265,0.017616106154198122,0.7978
Ecobee_Thermostat,1000,0,5484,risk_blend,0.13888161116430203,0.9888420041180508,0.8986842701266571,0.0,0.7966
Ecobee_Thermostat,1000,0,5484,risk_blend_mismatch,0.021831778422817562,0.9820635094943948,0.8986865694291637,0.0,0.7968
Ecobee_Thermostat,1000,0,5484,peer_cov_soft,1.0,0.9945524136353238,0.8986842701266571,0.00022878059940517045,0.7982
Ecobee_Thermostat,1000,0,5484,risk_soft_cov,0.9927837432858723,0.9946916495081217,0.8986842701266571,0.00022878059940517045,0.7982
Ecobee_Thermostat,1000,0,5484,risk_soft_cov_mismatch,0.025015825496868337,0.9828921985815603,0.8986888687316703,0.0,0.7976
Ecobee_Thermostat,1000,1,3516,shared_oas,1.0,0.999604209563029,0.980111033318043,0.05124685426675818,1.0
Ecobee_Thermostat,1000,1,3516,local_oas,0.0,0.9996046671242278,0.9801340263431088,0.05147563486616335,1.0
Ecobee_Thermostat,1000,1,3516,peer_cov_fixed,1.0,0.9830168840082361,0.8701697690005736,0.022649279341111873,0.8078
Ecobee_Thermostat,1000,1,3516,risk_blend,0.04555439420009829,0.9999121024937085,0.995583039884851,0.028826355525051476,1.0
Ecobee_Thermostat,1000,1,3516,risk_blend_mismatch,0.006101685056758041,0.9996046671242278,0.9801340263431088,0.04163806909174102,1.0
Ecobee_Thermostat,1000,1,3516,peer_cov_soft,1.0,0.997913429421185,0.9024093241315246,0.012582932967284374,1.0
Ecobee_Thermostat,1000,1,3516,risk_soft_cov,0.9671921525719458,0.9991499428048501,0.9572835580326708,0.01029512697323267,1.0
Ecobee_Thermostat,1000,1,3516,risk_soft_cov_mismatch,0.006277396500271933,0.9998682223747426,0.9933780087810362,0.04140928849233585,1.0
Ecobee_Thermostat,1000,2,1477,shared_oas,1.0,0.9994501944635095,0.9723715810808791,0.09883321894303362,1.0
Ecobee_Thermostat,1000,2,1477,local_oas,0.0,0.9994050789293069,0.9701044688093867,0.09883321894303362,1.0
Ecobee_Thermostat,1000,2,1477,peer_cov_fixed,1.0,0.9820631434454359,0.8635242329239425,0.035003431708991076,0.7998
Ecobee_Thermostat,1000,2,1477,risk_blend,0.04421992476807557,0.9998627316403569,0.9931020924802462,0.07389613360787005,1.0
Ecobee_Thermostat,1000,2,1477,risk_blend_mismatch,0.006209521529202151,0.9997254632807138,0.9862041849604923,0.09974834134065431,1.0
Ecobee_Thermostat,1000,2,1477,peer_cov_soft,1.0,0.9977826126744452,0.8984375089816504,0.033401967513154884,1.0
Ecobee_Thermostat,1000,2,1477,risk_soft_cov,0.966197739738046,0.9990599862731641,0.9527631293047254,0.028140013726835965,1.0
Ecobee_Thermostat,1000,2,1477,risk_soft_cov_mismatch,0.006271646196425074,0.9996795698924732,0.9838979845463879,0.09837565774422329,1.0
Ecobee_Thermostat,1000,3,6583,shared_oas,1.0,0.9997266071837109,0.9862616675231569,0.006405856783344772,1.0
Ecobee_Thermostat,1000,3,6583,local_oas,0.0,0.9994537176847405,0.9725486273738861,0.005948295584534431,1.0
Ecobee_Thermostat,1000,3,6583,peer_cov_fixed,1.0,0.9808370167009839,0.8653901628940861,0.032944406314344546,0.8006
Ecobee_Thermostat,1000,3,6583,risk_blend,0.04580504518875871,0.999408419126058,0.9702723178923673,0.027682452528025623,1.0
Ecobee_Thermostat,1000,3,6583,risk_blend_mismatch,0.006303810353926726,0.9994994280485016,0.9748456305779641,0.009151223976206819,1.0
Ecobee_Thermostat,1000,3,6583,peer_cov_soft,1.0,0.9977458247540609,0.8988151924113821,0.027682452528025623,1.0
Ecobee_Thermostat,1000,3,6583,risk_soft_cov,0.9673736850308826,0.9990609013955617,0.952809115354857,0.024021962937542895,1.0
Ecobee_Thermostat,1000,3,6583,risk_soft_cov_mismatch,0.00676078201611864,0.9997265614275911,0.9862593682206503,0.00983756577442233,1.0
Ecobee_Thermostat,1000,4,263,shared_oas,1.0,0.9995031800503317,0.9750341733835042,0.0340883093113704,1.0
Ecobee_Thermostat,1000,4,263,local_oas,0.0,0.9994579730038893,0.9727624625069985,0.03225806451612903,1.0
Ecobee_Thermostat,1000,4,263,peer_cov_fixed,1.0,0.9826695493022192,0.8699606014515497,0.022649279341111873,0.8022
Ecobee_Thermostat,1000,4,263,risk_blend,0.04513979766261258,0.9997740562800275,0.988646044222485,0.04278197208876687,1.0
Ecobee_Thermostat,1000,4,263,risk_blend_mismatch,0.006252671910507342,0.9995031800503318,0.9750341733835042,0.03202928391672386,1.0
Ecobee_Thermostat,1000,4,263,peer_cov_soft,1.0,0.9979407458247541,0.8996872258800293,0.028597574925646307,0.9998
Ecobee_Thermostat,1000,4,263,risk_soft_cov,0.9668877919763675,0.9991571722717913,0.9578130644069122,0.023335621139327384,0.9998
Ecobee_Thermostat,1000,4,263,risk_soft_cov_mismatch,0.006371119900919268,0.9994127659574468,0.9704907516304929,0.028597574925646307,1.0
Ecobee_Thermostat,1000,5,7124,shared_oas,1.0,0.9995001143902996,0.974880120115563,0.071150766415008,1.0
Ecobee_Thermostat,1000,5,7124,local_oas,0.0,0.9994091512239761,0.9703091067324727,0.07137954701441318,1.0
Ecobee_Thermostat,1000,5,7124,peer_cov_fixed,1.0,0.9790275451841685,0.8690126910001851,0.022420498741706704,0.801
Ecobee_Thermostat,1000,5,7124,risk_blend,0.04510443209445729,0.9998636925188743,0.9931503778328844,0.05170441546556852,1.0
Ecobee_Thermostat,1000,5,7124,risk_blend_mismatch,0.006313808985170872,0.9996819492107069,0.9840175482767302,0.071150766415008,1.0
Ecobee_Thermostat,1000,5,7124,peer_cov_soft,1.0,0.9979340654312514,0.8991295300570572,0.02608098833218943,1.0
Ecobee_Thermostat,1000,5,7124,risk_soft_cov,0.9668602283745378,0.9991568519789522,0.9576307527111652,0.023106840539922215,1.0
Ecobee_Thermostat,1000,5,7124,risk_soft_cov_mismatch,0.006668835594502474,0.99972692747655,0.9862777626407029,0.07092198581560284,1.0
Ecobee_Thermostat,1000,6,5062,shared_oas,1.0,0.9994507435369482,0.9723991727109581,0.11667810569663692,1.0
Ecobee_Thermostat,1000,6,5062,local_oas,0.0,0.9994048959048273,0.9700952715993604,0.11461908030199039,1.0
Ecobee_Thermostat,1000,6,5062,peer_cov_fixed,1.0,0.9829983985358042,0.8655080251405736,0.03065660032029284,0.7994
Ecobee_Thermostat,1000,6,5062,risk_blend,0.04459890356217961,0.9998168840082361,0.9907981913686483,0.09151223976206818,1.0
Ecobee_Thermostat,1000,6,5062,risk_blend_mismatch,0.006082717920238209,0.9994966369251888,0.9747053731250626,0.11553420269961108,1.0
Ecobee_Thermostat,1000,6,5062,peer_cov_soft,1.0,0.9980168382521162,0.9003436307596091,0.027911233127430792,1.0
Ecobee_Thermostat,1000,6,5062,risk_soft_cov,0.9665238737749519,0.9992028826355526,0.9599438510327892,0.022878059940517045,1.0
Ecobee_Thermostat,1000,6,5062,risk_soft_cov_mismatch,0.006021761761403227,0.999679249599634,0.9838818894288417,0.1169068862960421,1.0
Ecobee_Thermostat,1000,7,816,shared_oas,1.0,0.9994105696636926,0.9703803851101768,0.0720658888126287,1.0
Ecobee_Thermostat,1000,7,816,local_oas,0.0,0.9993616563715397,0.9679224307306378,0.07000686341798215,1.0
Ecobee_Thermostat,1000,7,816,peer_cov_fixed,1.0,0.9801554792953557,0.8592775821454561,0.03385952871196522,0.7854
Ecobee_Thermostat,1000,7,816,risk_blend,0.0448100497365686,0.9998035232212309,0.9901267950367256,0.043010752688172046,1.0
Ecobee_Thermostat,1000,7,816,risk_blend_mismatch,0.00610857527043759,0.9994598947609242,0.9728590332122751,0.06703271562571494,1.0
Ecobee_Thermostat,1000,7,816,peer_cov_soft,1.0,0.9975720430107526,0.8911008255645649,0.03111416151910318,1.0
Ecobee_Thermostat,1000,7,816,risk_soft_cov,0.9666401940533534,0.9989436742164265,0.9469183023329873,0.028826355525051476,1.0
Ecobee_Thermostat,1000,7,816,risk_soft_cov_mismatch,0.0063108724050186926,0.9996561885152139,0.9827230409655231,0.06863417982155114,1.0
Ecobee_Thermostat,1000,8,5679,shared_oas,1.0,0.991933836650652,0.9025969702090871,0.0,0.4876
Ecobee_Thermostat,1000,8,5679,local_oas,0.0,0.991801143902997,0.9025992695115936,0.0,0.6728
Ecobee_Thermostat,1000,8,5679,peer_cov_fixed,1.0,0.9783811942347289,0.8663615032379928,0.0162434225577671,0.8036
Ecobee_Thermostat,1000,8,5679,risk_blend,0.14674542730364704,0.9945912148249828,0.9025670792765015,0.0,0.7902
Ecobee_Thermostat,1000,8,5679,risk_blend_mismatch,0.023861791509037823,0.9909144818119424,0.9025923716040739,0.0,0.787
Ecobee_Thermostat,1000,8,5679,peer_cov_soft,1.0,0.9941367650423245,0.9024028630914812,0.0,0.8054
Ecobee_Thermostat,1000,8,5679,risk_soft_cov,0.9941436343974027,0.9943161290322581,0.9024084274035471,0.0,0.8054
Ecobee_Thermostat,1000,8,5679,risk_soft_cov_mismatch,0.02820045219403438,0.9911364905056051,0.9025969702090871,0.0,0.7954
Ecobee_Thermostat,1000,9,519,shared_oas,1.0,0.9994810340883094,0.9739213109703171,0.05078929306794784,1.0
Ecobee_Thermostat,1000,9,519,local_oas,0.0,0.9994339052848318,0.971553029388535,0.04987417067032716,1.0
Ecobee_Thermostat,1000,9,519,peer_cov_fixed,1.0,0.9813689773507207,0.8659365691417509,0.02104781514527568,0.7936
Ecobee_Thermostat,1000,9,519,risk_blend,0.045504361557705535,0.9998584763212078,0.9928882573471338,0.029512697323266987,1.0
Ecobee_Thermostat,1000,9,519,risk_blend_mismatch,0.006179844446800316,0.9994810798444291,0.9739236102728237,0.048501487073896135,1.0
Ecobee_Thermostat,1000,9,519,peer_cov_soft,1.0,0.9978082361015786,0.895289740857111,0.02997025852207733,1.0
Ecobee_Thermostat,1000,9,519,risk_soft_cov,0.9671554571634581,0.9991257378174331,0.9560672270066874,0.02585220773278426,1.0
Ecobee_Thermostat,1000,9,519,risk_soft_cov_mismatch,0.006406901659073714,0.9996696865705789,0.9834013352049655,0.04621368107984443,1.0
Ecobee_Thermostat,1000,10,2094,shared_oas,1.0,0.9994858384808968,0.9741627377335086,0.11827956989247312,1.0
Ecobee_Thermostat,1000,10,2094,local_oas,0.0,0.9993924959963396,0.9694721606200758,0.11965225348890414,1.0
Ecobee_Thermostat,1000,10,2094,peer_cov_fixed,1.0,0.9779677419354839,0.8658312380939241,0.03271562571493937,0.7956
Ecobee_Thermostat,1000,10,2094,risk_blend,0.04388791134088918,0.9998594829558454,0.9929388420022787,0.08464882177991306,1.0
Ecobee_Thermostat,1000,10,2094,risk_blend_mismatch,0.006487783287421213,0.9996726149622511,0.9835484905653871,0.11256005490734386,1.0
Ecobee_Thermostat,1000,10,2094,peer_cov_soft,1.0,0.9977777167696179,0.8963529153431307,0.04072294669412034,1.0
Ecobee_Thermostat,1000,10,2094,risk_soft_cov,0.9659371535053989,0.999083870967742,0.9541180852788307,0.030427819720887667,1.0
Ecobee_Thermostat,1000,10,2094,risk_soft_cov_mismatch,0.006570642452735826,0.999672660718371,0.9835507898678935,0.11622054449782658,1.0
Ecobee_Thermostat,1000,11,3718,shared_oas,1.0,0.9995949210706933,0.9796442749092062,0.03111416151910318,1.0
Ecobee_Thermostat,1000,11,3718,local_oas,0.0,0.9995951956074125,0.9796580707242457,0.030427819720887667,1.0
Ecobee_Thermostat,1000,11,3718,peer_cov_fixed,1.0,0.9828399450926562,0.8690545153127799,0.023564401738732556,0.803
Ecobee_Thermostat,1000,11,3718,risk_blend,0.04548172278100232,0.9999100434683138,0.9954795712720547,0.02127659574468085,1.0
Ecobee_Thermostat,1000,11,3718,risk_blend_mismatch,0.006087894569855788,0.9995951956074125,0.9796580707242457,0.03134294211850835,1.0
Ecobee_Thermostat,1000,11,3718,peer_cov_soft,1.0,0.9978196293754289,0.9001299565776721,0.022191718142301534,1.0
Ecobee_Thermostat,1000,11,3718,risk_soft_cov,0.9671409545464357,0.9991759322809426,0.9585895618564109,0.015785861358956762,1.0
Ecobee_Thermostat,1000,11,3718,risk_soft_cov_mismatch,0.00615844224594833,0.9998650652024709,0.9932193569080819,0.02081903454587051,1.0
Ecobee_Thermostat,1000,12,3401,shared_oas,1.0,0.9995845801876002,0.9791246325427181,0.024708304735758406,1.0
Ecobee_Thermostat,1000,12,3401,local_oas,0.0,0.9995849004804392,0.9791407276602642,0.023564401738732556,1.0
Ecobee_Thermostat,1000,12,3401,peer_cov_fixed,1.0,0.9822259894760924,0.8651703035884064,0.023793182338137726,0.7984
Ecobee_Thermostat,1000,12,3401,risk_blend,0.04554155697644562,0.9999077556623199,0.9953646061467254,0.019217570350034317,1.0
Ecobee_Thermostat,1000,12,3401,risk_blend_mismatch,0.006093746554357489,0.9998155113246396,0.9907292122934508,0.023793182338137726,1.0
Ecobee_Thermostat,1000,12,3401,peer_cov_soft,1.0,0.9977651338366507,0.8976380874861611,0.013040494166094716,1.0
Ecobee_Thermostat,1000,12,3401,risk_soft_cov,0.9671830586796593,0.9990632349576756,0.9529263797826928,0.011210249370853352,1.0
Ecobee_Thermostat,1000,12,3401,risk_soft_cov_mismatch,0.006253734205924786,0.9998616334934797,0.9930469092200881,0.013498055364905056,1.0
Ecobee_Thermostat,1000,13,2964,shared_oas,1.0,0.999588057652711,0.9792993795332186,0.09700297414779227,1.0
Ecobee_Thermostat,1000,13,2964,local_oas,0.0,0.9995881949210706,0.9793062774407384,0.09746053534660261,1.0
Ecobee_Thermostat,1000,13,2964,peer_cov_fixed,1.0,0.9828299245024023,0.8667470502822969,0.027682452528025623,0.7996
Ecobee_Thermostat,1000,13,2964,risk_blend,0.04418202297177094,0.9999084420041181,0.9953990956843242,0.0626858842370167,1.0
Ecobee_Thermostat,1000,13,2964,risk_blend_mismatch,0.006183478120588266,0.9996339510409518,0.9816055799473229,0.09242736215968886,1.0
Ecobee_Thermostat,1000,13,2964,peer_cov_soft,1.0,0.9979659116906887,0.8984513047966899,0.017158544955387784,1.0
Ecobee_Thermostat,1000,13,2964,risk_soft_cov,0.9661652157246203,0.9992077327842599,0.9601875770984871,0.015099519560741249,1.0
Ecobee_Thermostat,1000,13,2964,risk_soft_cov_mismatch,0.006293192348520082,0.9998627316403569,0.9931020924802462,0.08876687256920614,1.0
Ecobee_Thermostat,1000,14,5111,shared_oas,1.0,0.9994493708533517,0.9723301936357607,0.12010981468771448,1.0
Ecobee_Thermostat,1000,14,5111,local_oas,0.0,0.9994036147334706,0.970030891129176,0.11827956989247312,1.0
Ecobee_Thermostat,1000,14,5111,peer_cov_fixed,1.0,0.9827975291695265,0.8655733713178109,0.030199039121482498,0.799
Ecobee_Thermostat,1000,14,5111,risk_blend,0.04448735317190128,0.9998163349347975,0.9907705997385694,0.09311370395790437,1.0
Ecobee_Thermostat,1000,14,5111,risk_blend_mismatch,0.00610928571709707,0.9994956302905513,0.9746547884699176,0.11599176389842142,1.0
Ecobee_Thermostat,1000,14,5111,peer_cov_soft,1.0,0.9980061313200641,0.9000361910214536,0.027911233127430792,0.9998
Ecobee_Thermostat,1000,14,5111,risk_soft_cov,0.9664372500873486,0.9991968428277281,0.9597720701425223,0.023106840539922215,1.0
Ecobee_Thermostat,1000,14,5111,risk_soft_cov_mismatch,0.006044412911722918,0.9996786090139556,0.9838496991937495,0.11873713109128346,1.0
Ecobee_Thermostat,1000,15,4036,shared_oas,1.0,0.9995147105925418,0.9756135976151634,0.04232441088995653,1.0
Ecobee_Thermostat,1000,15,4036,local_oas,0.0,0.9995592770533059,0.9778531182565768,0.04072294669412034,1.0
Ecobee_Thermostat,1000,15,4036,peer_cov_fixed,1.0,0.9826387554335393,0.8688947827676474,0.030199039121482498,0.8068
Ecobee_Thermostat,1000,15,4036,risk_blend,0.04399216643051857,0.9998237016700983,0.9911407874421294,0.053992221459620224,1.0
Ecobee_Thermostat,1000,15,4036,risk_blend_mismatch,0.006022723748562578,0.9995153054221002,0.975643488547749,0.045527339281628915,1.0
Ecobee_Thermostat,1000,15,4036,peer_cov_soft,1.0,0.9978171585449553,0.9020227424010927,0.02997025852207733,1.0
Ecobee_Thermostat,1000,15,4036,risk_soft_cov,0.9660163790925148,0.9991361244566461,0.9565891686756822,0.02608098833218943,1.0
Ecobee_Thermostat,1000,15,4036,risk_soft_cov_mismatch,0.0061245587895973055,0.9997353008464883,0.986698534999408,0.04072294669412034,1.0
Ecobee_Thermostat,1000,16,5493,shared_oas,1.0,0.9835716312056737,0.9060255521487557,0.0,0.5906
Ecobee_Thermostat,1000,16,5493,local_oas,0.0,0.983486158773736,0.9060301507537689,0.0,0.7796
Ecobee_Thermostat,1000,16,5493,peer_cov_fixed,1.0,0.9790782429649966,0.8717252931323283,0.017158544955387784,0.8116
Ecobee_Thermostat,1000,16,5493,risk_blend,0.1406664839305771,0.9903311827956989,0.9060255521487557,0.0,0.8112
Ecobee_Thermostat,1000,16,5493,risk_blend_mismatch,0.02237498142921702,0.9837000686341798,0.9060301507537689,0.0,0.8114
Ecobee_Thermostat,1000,16,5493,peer_cov_soft,1.0,0.9945665980324868,0.9060255521487557,0.00022878059940517045,0.8126
Ecobee_Thermostat,1000,16,5493,risk_soft_cov,0.9934231340680015,0.9947805078929306,0.9060255521487557,0.00022878059940517045,0.8126
Ecobee_Thermostat,1000,16,5493,risk_soft_cov_mismatch,0.02615216421699902,0.9844701441317776,0.9060301507537689,0.0,0.8126
Ecobee_Thermostat,1000,17,5406,shared_oas,1.0,0.9994920155570807,0.9744731435718974,0.09997712194005948,1.0
Ecobee_Thermostat,1000,17,5406,local_oas,0.0,0.9993997712194006,0.9698377497186229,0.10157858613589568,1.0
Ecobee_Thermostat,1000,17,5406,peer_cov_fixed,1.0,0.9819406543125143,0.866446784367962,0.029512697323266987,0.798
Ecobee_Thermostat,1000,17,5406,risk_blend,0.04579468637628475,0.9998614962251201,0.9930400113125684,0.06657515442690459,1.0
Ecobee_Thermostat,1000,17,5406,risk_blend_mismatch,0.006322220677654655,0.9996306566003204,0.9814400301668489,0.08762296957218028,1.0
Ecobee_Thermostat,1000,17,5406,peer_cov_soft,1.0,0.9978118050789293,0.8976732438214867,0.026767330130404943,1.0
Ecobee_Thermostat,1000,17,5406,risk_soft_cov,0.9673785839953737,0.9990091512239763,0.9502086042199099,0.022878059940517045,1.0
Ecobee_Thermostat,1000,17,5406,risk_soft_cov_mismatch,0.006276088664561751,0.9996766872569207,0.9837531284884731,0.09036833676504233,1.0
Ecobee_Thermostat,1000,18,7374,shared_oas,1.0,0.9994931594600778,0.9745306261345621,0.09471516815374056,1.0
Ecobee_Thermostat,1000,18,7374,local_oas,0.0,0.9994010066346374,0.9698998308863007,0.09334248455730954,1.0
Ecobee_Thermostat,1000,18,7374,peer_cov_fixed,1.0,0.978541935483871,0.8680951083488824,0.022649279341111873,0.7982
Ecobee_Thermostat,1000,18,7374,risk_blend,0.04431868980061467,0.9998156943491192,0.9907384095034771,0.06382978723404255,1.0
Ecobee_Thermostat,1000,18,7374,risk_blend_mismatch,0.006347964675700861,0.9994931594600778,0.9745306261345621,0.08808053077099062,1.0
Ecobee_Thermostat,1000,18,7374,peer_cov_soft,1.0,0.997906474490963,0.8977845760488556,0.029512697323266987,1.0
Ecobee_Thermostat,1000,18,7374,risk_soft_cov,0.9662662684959206,0.9991471059254176,0.9571410012772625,0.022420498741706704,1.0
Ecobee_Thermostat,1000,18,7374,risk_soft_cov_mismatch,0.006570514856818871,0.9997234957675589,0.986105314952709,0.08853809196980096,1.0
Ecobee_Thermostat,1000,19,5995,shared_oas,1.0,0.9924197666437886,0.8990816815718952,0.0,0.771
Ecobee_Thermostat,1000,19,5995,local_oas,0.0,0.9921441775337452,0.8990839808744018,0.0,0.7986
Ecobee_Thermostat,1000,19,5995,peer_cov_fixed,1.0,0.9770979180965453,0.8629553165047383,0.015785861358956762,0.7964
Ecobee_Thermostat,1000,19,5995,risk_blend,0.14711331856250387,0.9940271333790894,0.8990563892443227,0.0,0.7986
Ecobee_Thermostat,1000,19,5995,risk_blend_mismatch,0.024638790920404125,0.99251159917639,0.8990793822693885,0.0,0.7986
Ecobee_Thermostat,1000,19,5995,peer_cov_soft,1.0,0.9946223289865019,0.8989552199340329,0.00022878059940517045,0.7986
Ecobee_Thermostat,1000,19,5995,risk_soft_cov,0.9931006544812407,0.9948982383893846,0.8989690157490726,0.00022878059940517045,0.7986
Ecobee_Thermostat,1000,19,5995,risk_soft_cov_mismatch,0.027989665066614378,0.9934304278197209,0.8990816815718952,0.0,0.7986
Ecobee_Thermostat,1000,20,1649,shared_oas,1.0,0.9994468085106383,0.9722014326953918,0.11233127430793868,1.0
Ecobee_Thermostat,1000,20,1649,local_oas,0.0,0.9994008236101578,0.9698906336762743,0.11416151910318005,1.0
Ecobee_Thermostat,1000,20,1649,peer_cov_fixed,1.0,0.9818274994280486,0.8657625809210776,0.03225806451612903,0.7984
Ecobee_Thermostat,1000,20,1649,risk_blend,0.04400562270767364,0.9998616792495996,0.9930492085225946,0.0789293067947838,1.0
Ecobee_Thermostat,1000,20,1649,risk_blend_mismatch,0.0063140583418492355,0.9997232669869596,0.9860938184401762,0.10432395332875773,1.0
Ecobee_Thermostat,1000,20,1649,peer_cov_soft,1.0,0.997859986273164,0.8978236641914675,0.03454587051018074,1.0
Ecobee_Thermostat,1000,20,1649,risk_soft_cov,0.9660377252754722,0.9990555479295355,0.9525400969615867,0.028140013726835965,1.0
Ecobee_Thermostat,1000,20,1649,risk_soft_cov_mismatch,0.006331302776775922,0.9996772363303592,0.983780720118552,0.10569663692518874,1.0
Ecobee_Thermostat,1000,21,1228,shared_oas,1.0,0.9994861587737359,0.9741788328510547,0.10867078471745596,1.0
Ecobee_Thermostat,1000,21,1228,local_oas,0.0,0.9994396247998171,0.9718404422018581,0.10798444291924045,1.0
Ecobee_Thermostat,1000,21,1228,peer_cov_fixed,1.0,0.9805266529398307,0.8638483426052707,0.035232212308396245,0.7954
Ecobee_Thermostat,1000,21,1228,risk_blend,0.04423025749682286,0.9998598490048044,0.9929572364223312,0.07961564859299931,1.0
Ecobee_Thermostat,1000,21,1228,risk_blend_mismatch,0.00620440939498573,0.9996730725234501,0.9835714835904529,0.10661175932280943,1.0
Ecobee_Thermostat,1000,21,1228,peer_cov_soft,1.0,0.9975955159002516,0.8963308880251175,0.03271562571493937,1.0
Ecobee_Thermostat,1000,21,1228,risk_soft_cov,0.9661978605571736,0.9988991077556623,0.9446787816915738,0.030427819720887667,1.0
Ecobee_Thermostat,1000,21,1228,risk_soft_cov_mismatch,0.0064722897189095465,0.9996729810112103,0.9835668849854395,0.10821322351864562,1.0
Ecobee_Thermostat,1000,22,396,shared_oas,1.0,0.9994852894074583,0.9741351461034296,0.04621368107984443,1.0
Ecobee_Thermostat,1000,22,396,local_oas,0.0,0.9994391214824982,0.9718151498742856,0.04232441088995653,1.0
Ecobee_Thermostat,1000,22,396,peer_cov_fixed,1.0,0.9810238846945779,0.8656591582943314,0.021734156943491192,0.7954
Ecobee_Thermostat,1000,22,396,risk_blend,0.04513334183985043,0.9997663234957676,0.9882574620988723,0.04278197208876687,1.0
Ecobee_Thermostat,1000,22,396,risk_blend_mismatch,0.006262276752316981,0.9994858842370167,0.9741650370360151,0.043010752688172046,1.0
Ecobee_Thermostat,1000,22,396,peer_cov_soft,1.0,0.9978276366964082,0.896211991092502,0.02997025852207733,1.0
Ecobee_Thermostat,1000,22,396,risk_soft_cov,0.9668823044522183,0.9991327385037748,0.956419020290195,0.02562342713337909,1.0
Ecobee_Thermostat,1000,22,396,risk_soft_cov_mismatch,0.006434089359382154,0.9996258979638527,0.9812009027061641,0.04049416609471517,1.0
Ecobee_Thermostat,1000,23,3808,shared_oas,1.0,0.9995828872111646,0.9790395583499746,0.03134294211850835,1.0
Ecobee_Thermostat,1000,23,3808,local_oas,0.0,0.9995832075040036,0.9790556534675207,0.030427819720887667,1.0
Ecobee_Thermostat,1000,23,3808,peer_cov_fixed,1.0,0.981633859528712,0.8668956082172473,0.03111416151910318,0.7972
Ecobee_Thermostat,1000,23,3808,risk_blend,0.045100833556217995,0.9999072523450011,0.995339313819153,0.024479524136353237,1.0
Ecobee_Thermostat,1000,23,3808,risk_blend_mismatch,0.006114569436478099,0.9995832075040035,0.9790556534675207,0.031571722717913524,1.0
Ecobee_Thermostat,1000,23,3808,peer_cov_soft,1.0,0.997756165637154,0.8972889613935613,0.028368794326241134,1.0
Ecobee_Thermostat,1000,23,3808,risk_soft_cov,0.9668599946959767,0.9990598032486845,0.9527539320946992,0.023106840539922215,1.0
Ecobee_Thermostat,1000,23,3808,risk_soft_cov_mismatch,0.0061888438876137476,0.9998610386639213,0.9930170182875024,0.02104781514527568,1.0
Ecobee_Thermostat,1000,24,4706,shared_oas,1.0,0.9994618165179593,0.9729556039175516,0.1130176161061542,1.0
Ecobee_Thermostat,1000,24,4706,local_oas,0.0,0.9994618622740792,0.9729579032200582,0.11210249370853352,1.0
Ecobee_Thermostat,1000,24,4706,peer_cov_fixed,1.0,0.9825218943033631,0.8695793081168828,0.038206360100663465,0.804
Ecobee_Thermostat,1000,24,4706,risk_blend,0.042979971344384145,0.9998206360100663,0.9909867341741883,0.07824296499656828,1.0
Ecobee_Thermostat,1000,24,4706,risk_blend_mismatch,0.005935308046372798,0.9996412720201326,0.9819734683483765,0.10844200411805079,1.0
Ecobee_Thermostat,1000,24,4706,peer_cov_soft,1.0,0.9980643788606726,0.9027326060639504,0.03180050331731869,1.0
Ecobee_Thermostat,1000,24,4706,risk_soft_cov,0.9653409312040454,0.9992740791580874,0.9635215657330349,0.026767330130404943,1.0
Ecobee_Thermostat,1000,24,4706,risk_soft_cov_mismatch,0.005897585593067125,0.9996860672614962,0.9842244855023229,0.10981468771448182,1.0
Ecobee_Thermostat,1000,25,6136,shared_oas,1.0,0.9935759780370625,0.9034078882171094,0.0,0.657
Ecobee_Thermostat,1000,25,6136,local_oas,0.0,0.9932242507435369,0.9034124868221225,0.0,0.7722
Ecobee_Thermostat,1000,25,6136,peer_cov_fixed,1.0,0.9786771448181194,0.8689849384189305,0.0162434225577671,0.8052
Ecobee_Thermostat,1000,25,6136,risk_blend,0.14843759478227694,0.9941068405399222,0.9033802965870303,0.0,0.7998
Ecobee_Thermostat,1000,25,6136,risk_blend_mismatch,0.024421906446534393,0.9930948524365133,0.9034032896120961,0.0,0.7992
Ecobee_Thermostat,1000,25,6136,peer_cov_soft,1.0,0.9950739876458476,0.9033894937970566,0.00022878059940517045,0.8072
Ecobee_Thermostat,1000,25,6136,risk_soft_cov,0.992887007853133,0.9953379089453215,0.9033940924020698,0.00022878059940517045,0.8072
Ecobee_Thermostat,1000,25,6136,risk_soft_cov_mismatch,0.027438411824143593,0.9938416380690916,0.9034101875196159,0.0,0.8036
Ecobee_Thermostat,1000,26,5865,shared_oas,1.0,0.992255776710135,0.9011009290331778,0.0,0.5176
Ecobee_Thermostat,1000,26,5865,local_oas,0.0,0.9920756806222832,0.9011009290331778,0.0,0.6856
Ecobee_Thermostat,1000,26,5865,peer_cov_fixed,1.0,0.97811919469229,0.8666242905214703,0.0162434225577671,0.8004
Ecobee_Thermostat,1000,26,5865,risk_blend,0.1456956097010086,0.9944614047128805,0.9010733374030988,0.0,0.7942
Ecobee_Thermostat,1000,26,5865,risk_blend_mismatch,0.02447805061046198,0.9909499428048503,0.9010940311256581,0.0,0.796
Ecobee_Thermostat,1000,26,5865,peer_cov_soft,1.0,0.9938738046213681,0.9009912293105886,0.0,0.8024
Ecobee_Thermostat,1000,26,5865,risk_soft_cov,0.9942575974612335,0.9941893845801877,0.9009935286130952,0.0,0.8024
Ecobee_Thermostat,1000,26,5865,risk_soft_cov_mismatch,0.029482977615804096,0.9918955387783116,0.9010986297306711,0.0,0.7958
Ecobee_Thermostat,1000,27,6214,shared_oas,1.0,0.9931920841912606,0.8982385733287808,0.0,0.5618
Ecobee_Thermostat,1000,27,6214,local_oas,0.0,0.9929147105925418,0.8982615663538465,0.0,0.7096
Ecobee_Thermostat,1000,27,6214,peer_cov_fixed,1.0,0.9782515671471059,0.8623959191979113,0.0162434225577671,0.7958
Ecobee_Thermostat,1000,27,6214,risk_blend,0.14906159707285133,0.9939762068176619,0.8981771589588299,0.0,0.7912
Ecobee_Thermostat,1000,27,6214,risk_blend_mismatch,0.024279386351979904,0.9927752459391443,0.8982339747237675,0.0,0.7784
Ecobee_Thermostat,1000,27,6214,peer_cov_soft,1.0,0.9951781285746968,0.8981748596563233,0.00022878059940517045,0.7972
Ecobee_Thermostat,1000,27,6214,risk_soft_cov,0.9926124028854384,0.9953172729352551,0.8981748596563233,0.00022878059940517045,0.7972
Ecobee_Thermostat,1000,27,6214,risk_soft_cov_mismatch,0.02690304720763655,0.9934236559139785,0.8982408726312874,0.0,0.788
Ecobee_Thermostat,1000,28,4213,shared_oas,1.0,0.9994973232669869,0.9747398626626612,0.050560512468542665,1.0
Ecobee_Thermostat,1000,28,4213,local_oas,0.0,0.9995432624113475,0.9770483623792723,0.04667124227865477,1.0
Ecobee_Thermostat,1000,28,4213,peer_cov_fixed,1.0,0.9825522306108442,0.8675535996155567,0.0340883093113704,0.8002
Ecobee_Thermostat,1000,28,4213,risk_blend,0.04307323487185186,0.9998173415694349,0.9908211843937142,0.0642873484328529,1.0
Ecobee_Thermostat,1000,28,4213,risk_blend_mismatch,0.005977531225545972,0.999497689315946,0.9747582570827139,0.05284831846259437,1.0
Ecobee_Thermostat,1000,28,4213,peer_cov_soft,1.0,0.997878883550675,0.898666105636855,0.03568977350720659,1.0
Ecobee_Thermostat,1000,28,4213,risk_soft_cov,0.9652960659719707,0.999154243880119,0.9574996924682897,0.029283916723861818,1.0
Ecobee_Thermostat,1000,28,4213,risk_soft_cov_mismatch,0.006023921209233856,0.9996801189659116,0.9839255761764669,0.04987417067032716,1.0
Ecobee_Thermostat,1000,29,3362,shared_oas,1.0,0.9995784488675361,0.9788165260068358,0.024708304735758406,1.0
Ecobee_Thermostat,1000,29,3362,local_oas,0.0,0.9995787234042554,0.9788303218218752,0.023335621139327384,1.0
Ecobee_Thermostat,1000,29,3362,peer_cov_fixed,1.0,0.9821898421413864,0.8636137447705239,0.024021962937542895,0.7948
Ecobee_Thermostat,1000,29,3362,risk_blend,0.04589198961542458,0.9999063829787233,0.9952956270715279,0.01990391214824983,1.0
Ecobee_Thermostat,1000,29,3362,risk_blend_mismatch,0.006045700310570848,0.9998127659574468,0.9905912541430557,0.025165865934568748,1.0
Ecobee_Thermostat,1000,29,3362,peer_cov_soft,1.0,0.9977778082818578,0.8960707679325477,0.013040494166094716,1.0
Ecobee_Thermostat,1000,29,3362,risk_soft_cov,0.9674369575372764,0.9990959048272706,0.9545680817723944,0.010066346373827499,1.0
Ecobee_Thermostat,1000,29,3362,risk_soft_cov_mismatch,0.006223270085889966,0.9998595744680852,0.9929434406072918,0.013269274765499885,1.0
Ennio_Doorbell,30,0,2789,shared_oas,1.0,0.9990384800000001,0.9516824120603015,0.0966,1.0
Ennio_Doorbell,30,0,2789,local_oas,0.0,0.9990441600000001,0.9519678391959799,0.161,1.0
Ennio_Doorbell,30,0,2789,peer_cov_fixed,1.0,0.99967968,0.9839035175879396,0.0386,1.0
Ennio_Doorbell,30,0,2789,risk_blend,0.10545130095427989,0.99936316,0.9679979899497486,0.1,1.0
Ennio_Doorbell,30,0,2789,risk_blend_mismatch,0.024566094487648918,0.9992026,0.9599296482412061,0.0952,1.0
Ennio_Doorbell,30,0,2789,peer_cov_soft,1.0,0.99695952,0.8484904522613066,0.246,1.0
Ennio_Doorbell,30,0,2789,risk_soft_cov,0.9984302549753181,0.99489804,0.8006713567839197,0.2448,1.0
Ennio_Doorbell,30,0,2789,risk_soft_cov_mismatch,0.07105712741408805,0.99928556,0.9640984924623115,0.0926,1.0
Ennio_Doorbell,30,1,5452,shared_oas,1.0,0.9992768799999999,0.9636623115577889,0.0174,1.0
Ennio_Doorbell,30,1,5452,local_oas,0.0,0.99935712,0.967694472361809,0.0152,1.0
Ennio_Doorbell,30,1,5452,peer_cov_fixed,1.0,0.9998392,0.9919195979899498,0.014,1.0
Ennio_Doorbell,30,1,5452,risk_blend,0.16479978731802863,0.9992869200000001,0.9641668341708542,0.0614,1.0
Ennio_Doorbell,30,1,5452,risk_blend_mismatch,0.045259197316168266,0.99928312,0.9639758793969849,0.0442,1.0
Ennio_Doorbell,30,1,5452,peer_cov_soft,1.0,0.98334196,0.8015919597989949,0.235,1.0
Ennio_Doorbell,30,1,5452,risk_soft_cov,0.9990642291168012,0.98350196,0.8015919597989949,0.2146,1.0
Ennio_Doorbell,30,1,5452,risk_soft_cov_mismatch,0.13044756293945856,0.9992892,0.964281407035176,0.0528,1.0
Ennio_Doorbell,30,2,773,shared_oas,1.0,0.99917144,0.9583638190954773,0.02,1.0
Ennio_Doorbell,30,2,773,local_oas,0.0,0.9991823599999999,0.9589125628140704,0.0044,0.9994
Ennio_Doorbell,30,2,773,peer_cov_fixed,1.0,0.9997584399999999,0.9878613065326634,0.071,1.0
Ennio_Doorbell,30,2,773,risk_blend,0.06257842973310794,0.9991958400000001,0.9595899497487437,0.0,0.5938
Ennio_Doorbell,30,2,773,risk_blend_mismatch,0.012794727331606822,0.99918652,0.959121608040201,0.0036,0.9966
Ennio_Doorbell,30,2,773,peer_cov_soft,1.0,0.97599712,0.8010030150753769,0.0832,0.9998
Ennio_Doorbell,30,2,773,risk_soft_cov,0.9972312381089968,0.97591832,0.8010030150753769,0.0712,0.9998
Ennio_Doorbell,30,2,773,risk_soft_cov_mismatch,0.040173911540353,0.99904856,0.952188944723618,0.0,0.6038
Ennio_Doorbell,30,3,11275,shared_oas,1.0,0.9994004799999999,0.9698733668341708,0.027,1.0
Ennio_Doorbell,30,3,11275,local_oas,0.0,0.99890468,0.9449587939698494,0.0036,0.9974
Ennio_Doorbell,30,3,11275,peer_cov_fixed,1.0,0.99950916,0.9753346733668342,0.0358,1.0
Ennio_Doorbell,30,3,11275,risk_blend,0.04361157814153776,0.9994108,0.970391959798995,0.0034,0.9998
Ennio_Doorbell,30,3,11275,risk_blend_mismatch,0.008509930752593544,0.99931976,0.9658170854271357,0.0062,1.0
Ennio_Doorbell,30,3,11275,peer_cov_soft,1.0,0.98328832,0.7953768844221105,0.0808,0.9996
Ennio_Doorbell,30,3,11275,risk_soft_cov,0.9959519084175192,0.9889838000000001,0.7953768844221105,0.0696,0.9996
Ennio_Doorbell,30,3,11275,risk_soft_cov_mismatch,0.02720527913821254,0.99942056,0.9708824120603015,0.006,1.0
Ennio_Doorbell,30,4,25151,shared_oas,1.0,0.9997088,0.9853829145728644,0.809,1.0
Ennio_Doorbell,30,4,25151,local_oas,0.0,0.94362488,0.5901668341708542,0.008,0.473
Ennio_Doorbell,30,4,25151,peer_cov_fixed,1.0,0.9994658,0.9756040201005025,1.0,1.0
Ennio_Doorbell,30,4,25151,risk_blend,0.029312164385293243,0.99479876,0.899624120603015,0.0,0.0744
Ennio_Doorbell,30,4,25151,risk_blend_mismatch,0.005171852661759026,0.9773279999999999,0.8651658291457287,0.0006,0.4716
Ennio_Doorbell,30,4,25151,peer_cov_soft,1.0,0.8835182799999999,0.7391035175879397,1.0,1.0
Ennio_Doorbell,30,4,25151,risk_soft_cov,0.993899664823475,0.93452348,0.7550010050251257,1.0,1.0
Ennio_Doorbell,30,4,25151,risk_soft_cov_mismatch,0.014635844017929053,0.98099196,0.870267336683417,0.0,0.0748
Ennio_Doorbell,30,5,19067,shared_oas,1.0,0.99943104,0.9714090452261306,0.025,1.0
Ennio_Doorbell,30,5,19067,local_oas,0.0,0.9991922,0.9594070351758794,0.0128,1.0
Ennio_Doorbell,30,5,19067,peer_cov_fixed,1.0,0.99960616,0.9802090452261306,0.0506,1.0
Ennio_Doorbell,30,5,19067,risk_blend,0.05181153202217416,0.9994384000000001,0.9717788944723619,0.0274,1.0
Ennio_Doorbell,30,5,19067,risk_blend_mismatch,0.01055312752777353,0.99942856,0.9712844221105528,0.02,1.0
Ennio_Doorbell,30,5,19067,peer_cov_soft,1.0,0.98293492,0.8042211055276383,0.0824,1.0
Ennio_Doorbell,30,5,19067,risk_soft_cov,0.9966195300317259,0.98924676,0.8042211055276383,0.081,1.0
Ennio_Doorbell,30,5,19067,risk_soft_cov_mismatch,0.032900712337934325,0.9994478400000001,0.9722532663316582,0.0126,1.0
Ennio_Doorbell,30,6,516,shared_oas,1.0,0.99935356,0.9675155778894473,0.0292,1.0
Ennio_Doorbell,30,6,516,local_oas,0.0,0.99927152,0.9633929648241206,0.0208,1.0
Ennio_Doorbell,30,6,516,peer_cov_fixed,1.0,0.99967672,0.9837547738693467,0.0612,1.0
Ennio_Doorbell,30,6,516,risk_blend,0.05746188704173833,0.99927308,0.9634713567839195,0.0358,1.0
Ennio_Doorbell,30,6,516,risk_blend_mismatch,0.011879065365858567,0.9992692799999999,0.9632804020100503,0.0332,1.0
Ennio_Doorbell,30,6,516,peer_cov_soft,1.0,0.98307248,0.8004020100502514,0.0758,0.9998
Ennio_Doorbell,30,6,516,risk_soft_cov,0.996969040298623,0.98918632,0.8004020100502514,0.0748,0.9998
Ennio_Doorbell,30,6,516,risk_soft_cov_mismatch,0.03757913183392025,0.9993582,0.967748743718593,0.027,1.0
Ennio_Doorbell,30,7,21556,shared_oas,1.0,0.99932536,0.9660984924623115,0.0198,1.0
Ennio_Doorbell,30,7,21556,local_oas,0.0,0.99915892,0.9577346733668342,0.0068,1.0
Ennio_Doorbell,30,7,21556,peer_cov_fixed,1.0,0.99983572,0.9917447236180904,0.035,1.0
Ennio_Doorbell,30,7,21556,risk_blend,0.05717095939730422,0.9993426400000001,0.9669668341708542,0.0026,0.9994
Ennio_Doorbell,30,7,21556,risk_blend_mismatch,0.011678816640646503,0.99932572,0.9661165829145728,0.0038,1.0
Ennio_Doorbell,30,7,21556,peer_cov_soft,1.0,0.9712343999999999,0.7969849246231155,0.075,0.9998
Ennio_Doorbell,30,7,21556,risk_soft_cov,0.9969527261160789,0.98391388,0.7969849246231155,0.0744,0.9998
Ennio_Doorbell,30,7,21556,risk_soft_cov_mismatch,0.03622822266292413,0.99934788,0.9672301507537688,0.0058,1.0
Ennio_Doorbell,30,8,14063,shared_oas,1.0,0.9992898,0.9643115577889447,0.1966,1.0
Ennio_Doorbell,30,8,14063,local_oas,0.0,0.99663876,0.8310934673366834,0.1882,1.0
Ennio_Doorbell,30,8,14063,peer_cov_fixed,1.0,0.99968504,0.984172864321608,0.2366,1.0
Ennio_Doorbell,30,8,14063,risk_blend,0.00731711477355516,0.99921556,0.9605809045226131,0.195,1.0
Ennio_Doorbell,30,8,14063,risk_blend_mismatch,0.0012443967740020543,0.99875152,0.9372623115577889,0.1894,1.0
Ennio_Doorbell,30,8,14063,peer_cov_soft,1.0,0.970869,0.804321608040201,0.2706,1.0
Ennio_Doorbell,30,8,14063,risk_soft_cov,0.9754718462277071,0.9702472,0.804321608040201,0.2648,1.0
Ennio_Doorbell,30,8,14063,risk_soft_cov_mismatch,0.004015530476005036,0.99875396,0.9373849246231156,0.1846,1.0
Ennio_Doorbell,30,9,5088,shared_oas,1.0,0.9997507999999999,0.9874773869346734,0.015,1.0
Ennio_Doorbell,30,9,5088,local_oas,0.0,0.9997536800000001,0.9876221105527638,0.014,1.0
Ennio_Doorbell,30,9,5088,peer_cov_fixed,1.0,0.9996763999999999,0.9837386934673367,0.0344,1.0
Ennio_Doorbell,30,9,5088,risk_blend,0.15453092075203623,0.9997554,0.9877085427135679,0.0422,1.0
Ennio_Doorbell,30,9,5088,risk_blend_mismatch,0.03980866630880451,0.99975388,0.98763216080402,0.0272,1.0
Ennio_Doorbell,30,9,5088,peer_cov_soft,1.0,0.99651444,0.8248462311557788,0.1402,1.0
Ennio_Doorbell,30,9,5088,risk_soft_cov,0.9989895015460354,0.9969109199999999,0.8447698492462312,0.1402,1.0
Ennio_Doorbell,30,9,5088,risk_soft_cov_mismatch,0.10758970659250411,0.99976072,0.987975879396985,0.0352,1.0
Ennio_Doorbell,30,10,24499,shared_oas,1.0,0.99898364,0.9489266331658293,0.0096,1.0
Ennio_Doorbell,30,10,24499,local_oas,0.0,0.9989888,0.9491859296482412,0.0034,0.9994
Ennio_Doorbell,30,10,24499,peer_cov_fixed,1.0,0.99984164,0.9920422110552762,0.0082,1.0
Ennio_Doorbell,30,10,24499,risk_blend,0.09714248049450407,0.99899228,0.9493608040201005,0.0034,0.9998
Ennio_Doorbell,30,10,24499,risk_blend_mismatch,0.02263205672065493,0.99898992,0.9492422110552764,0.0034,0.9998
Ennio_Doorbell,30,10,24499,peer_cov_soft,1.0,0.98689852,0.8066331658291457,0.0772,0.9998
Ennio_Doorbell,30,10,24499,risk_soft_cov,0.9982803559046544,0.99673952,0.8375396984924623,0.0772,0.9998
Ennio_Doorbell,30,10,24499,risk_soft_cov_mismatch,0.07105392478006572,0.9992266399999999,0.9611376884422111,0.003,0.9998
Ennio_Doorbell,30,11,9492,shared_oas,1.0,0.9995175599999999,0.975756783919598,0.0214,1.0
Ennio_Doorbell,30,11,9492,local_oas,0.0,0.99952092,0.9759256281407036,0.022,1.0
Ennio_Doorbell,30,11,9492,peer_cov_fixed,1.0,0.99983628,0.9917728643216079,0.0324,1.0
Ennio_Doorbell,30,11,9492,risk_blend,0.13142967410134715,0.99936076,0.9678773869346733,0.086,1.0
Ennio_Doorbell,30,11,9492,risk_blend_mismatch,0.029793446473202916,0.99952032,0.9758954773869347,0.0366,1.0
Ennio_Doorbell,30,11,9492,peer_cov_soft,1.0,0.99973424,0.9879256281407036,0.145,1.0
Ennio_Doorbell,30,11,9492,risk_soft_cov,0.9987771613345607,0.9997343200000001,0.9879256281407036,0.145,1.0
Ennio_Doorbell,30,11,9492,risk_soft_cov_mismatch,0.08437249146331982,0.99952244,0.9760020100502512,0.0842,1.0
Ennio_Doorbell,30,12,17046,shared_oas,1.0,0.99905716,0.9526211055276381,0.013,1.0
Ennio_Doorbell,30,12,17046,local_oas,0.0,0.9990344400000001,0.9514793969849247,0.0074,0.9998
Ennio_Doorbell,30,12,17046,peer_cov_fixed,1.0,0.9989398399999999,0.9467256281407035,0.0934,1.0
Ennio_Doorbell,30,12,17046,risk_blend,0.05773197678783471,0.9990969199999999,0.954619095477387,0.008,0.9998
Ennio_Doorbell,30,12,17046,risk_blend_mismatch,0.011899926997194063,0.9990724,0.9533869346733668,0.008,0.9998
Ennio_Doorbell,30,12,17046,peer_cov_soft,1.0,0.9828412,0.7976884422110553,0.0828,1.0
Ennio_Doorbell,30,12,17046,risk_soft_cov,0.9969840392576232,0.98927964,0.7976884422110553,0.0826,1.0
Ennio_Doorbell,30,12,17046,risk_soft_cov_mismatch,0.03727269562494155,0.99877196,0.9382894472361809,0.008,0.9998
Ennio_Doorbell,30,13,8401,shared_oas,1.0,0.99928492,0.9640663316582915,0.0156,1.0
Ennio_Doorbell,30,13,8401,local_oas,0.0,0.9992894400000001,0.9642934673366834,0.0136,1.0
Ennio_Doorbell,30,13,8401,peer_cov_fixed,1.0,0.9997616800000001,0.9880241206030151,0.015,1.0
Ennio_Doorbell,30,13,8401,risk_blend,0.15656120931886086,0.99944748,0.972235175879397,0.0856,1.0
Ennio_Doorbell,30,13,8401,risk_blend_mismatch,0.042259080099027194,0.9994453200000001,0.9721266331658291,0.0794,1.0
Ennio_Doorbell,30,13,8401,peer_cov_soft,1.0,0.9974870800000001,0.8737226130653266,0.0722,1.0
Ennio_Doorbell,30,13,8401,risk_soft_cov,0.9990050823556287,0.99646612,0.8224180904522613,0.0718,1.0
Ennio_Doorbell,30,13,8401,risk_soft_cov_mismatch,0.11026947721187995,0.99929276,0.9644603015075377,0.0732,1.0
Ennio_Doorbell,30,14,1309,shared_oas,1.0,0.999342,0.9669346733668341,0.0594,1.0
Ennio_Doorbell,30,14,1309,local_oas,0.0,0.9993462399999999,0.9671477386934673,0.0312,1.0
Ennio_Doorbell,30,14,1309,peer_cov_fixed,1.0,0.99983236,0.9915758793969849,0.0366,1.0
Ennio_Doorbell,30,14,1309,risk_blend,0.1194747279853114,0.99959104,0.9794492462311558,0.1014,1.0
Ennio_Doorbell,30,14,1309,risk_blend_mismatch,0.028318028018101835,0.99934596,0.9671336683417086,0.0984,1.0
Ennio_Doorbell,30,14,1309,peer_cov_soft,1.0,0.99918608,0.9629025125628141,0.217,1.0
Ennio_Doorbell,30,14,1309,risk_soft_cov,0.9986361763461336,0.99910532,0.9588140703517587,0.216,1.0
Ennio_Doorbell,30,14,1309,risk_soft_cov_mismatch,0.08170190664620974,0.9995118000000001,0.9754673366834171,0.0918,1.0
Ennio_Doorbell,30,15,12807,shared_oas,1.0,0.9982835600000001,0.9137467336683418,0.0432,1.0
Ennio_Doorbell,30,15,12807,local_oas,0.0,0.9977931200000001,0.8891015075376885,0.016,1.0
Ennio_Doorbell,30,15,12807,peer_cov_fixed,1.0,0.99942632,0.9711718592964824,0.1032,1.0
Ennio_Doorbell,30,15,12807,risk_blend,0.07617554909862648,0.99681224,0.839811055276382,0.0466,1.0
Ennio_Doorbell,30,15,12807,risk_blend_mismatch,0.01613389084879572,0.9963216,0.8151557788944723,0.036,1.0
Ennio_Doorbell,30,15,12807,peer_cov_soft,1.0,0.98108932,0.7944723618090452,0.0888,1.0
Ennio_Doorbell,30,15,12807,risk_soft_cov,0.9977572640185588,0.9865648,0.7944723618090452,0.088,1.0
Ennio_Doorbell,30,15,12807,risk_soft_cov_mismatch,0.051850211661213064,0.99705716,0.8521185929648241,0.0304,1.0
Ennio_Doorbell,30,16,14764,shared_oas,1.0,0.99931296,0.965475376884422,0.0422,1.0
Ennio_Doorbell,30,16,14764,local_oas,0.0,0.9993094800000001,0.9653005025125628,0.005,0.9998
Ennio_Doorbell,30,16,14764,peer_cov_fixed,1.0,0.99959472,0.9796341708542714,0.046,1.0
Ennio_Doorbell,30,16,14764,risk_blend,0.05419050248584481,0.99933896,0.9667819095477387,0.0032,0.9976
Ennio_Doorbell,30,16,14764,risk_blend_mismatch,0.01097466841565685,0.99932128,0.9658934673366835,0.0042,1.0
Ennio_Doorbell,30,16,14764,peer_cov_soft,1.0,0.98902208,0.7971859296482413,0.0796,1.0
Ennio_Doorbell,30,16,14764,risk_soft_cov,0.9967755375960622,0.98934496,0.7971859296482413,0.0476,1.0
Ennio_Doorbell,30,16,14764,risk_soft_cov_mismatch,0.03452590876963406,0.99934952,0.9673125628140704,0.006,1.0
Ennio_Doorbell,30,17,10714,shared_oas,1.0,0.9988842,0.9439296482412061,0.0184,1.0
Ennio_Doorbell,30,17,10714,local_oas,0.0,0.99904604,0.9520623115577891,0.0172,1.0
Ennio_Doorbell,30,17,10714,peer_cov_fixed,1.0,0.99975892,0.9878854271356784,0.0276,1.0
Ennio_Doorbell,30,17,10714,risk_blend,0.17068430896280876,0.998892,0.944321608040201,0.0254,1.0
Ennio_Doorbell,30,17,10714,risk_blend_mismatch,0.05436104863302044,0.99904924,0.9522231155778895,0.0236,1.0
Ennio_Doorbell,30,17,10714,peer_cov_soft,1.0,0.9990198,0.9522211055276382,0.1916,1.0
Ennio_Doorbell,30,17,10714,risk_soft_cov,0.9991034659753494,0.99909916,0.9561869346733669,0.19,1.0
Ennio_Doorbell,30,17,10714,risk_soft_cov_mismatch,0.16748473214891257,0.99905228,0.952375879396985,0.017,1.0
Ennio_Doorbell,30,18,16083,shared_oas,1.0,0.99880924,0.9401628140703517,0.3528,1.0
Ennio_Doorbell,30,18,16083,local_oas,0.0,0.99878256,0.9388743718592965,0.3406,1.0
Ennio_Doorbell,30,18,16083,peer_cov_fixed,1.0,0.9993529600000001,0.9674854271356784,0.1912,1.0
Ennio_Doorbell,30,18,16083,risk_blend,0.008684247283828876,0.9989712,0.9483015075376884,0.3334,1.0
Ennio_Doorbell,30,18,16083,risk_blend_mismatch,0.0014634388444667633,0.99896136,0.9478070351758794,0.3408,1.0
Ennio_Doorbell,30,18,16083,peer_cov_soft,1.0,0.970127,0.7976844221105528,0.2902,1.0
Ennio_Doorbell,30,18,16083,risk_soft_cov,0.979281101952806,0.9766491199999999,0.7976844221105528,0.2404,1.0
Ennio_Doorbell,30,18,16083,risk_soft_cov_mismatch,0.004734383371510739,0.99921752,0.9606793969849245,0.3386,1.0
Ennio_Doorbell,30,19,2587,shared_oas,1.0,0.9992696,0.9632964824120602,0.0112,1.0
Ennio_Doorbell,30,19,2587,local_oas,0.0,0.99935352,0.967513567839196,0.0076,1.0
Ennio_Doorbell,30,19,2587,peer_cov_fixed,1.0,0.9997539599999999,0.9876361809045225,0.0326,1.0
Ennio_Doorbell,30,19,2587,risk_blend,0.14253324760021288,0.9993532399999999,0.9674994974874371,0.0356,1.0
Ennio_Doorbell,30,19,2587,risk_blend_mismatch,0.037673333430121934,0.99935356,0.9675155778894473,0.0122,1.0
Ennio_Doorbell,30,19,2587,peer_cov_soft,1.0,0.9995612,0.9795477386934675,0.1918,1.0
Ennio_Doorbell,30,19,2587,risk_soft_cov,0.9988875464959155,0.9995624,0.9795477386934675,0.1896,1.0
Ennio_Doorbell,30,19,2587,risk_soft_cov_mismatch,0.10709123674080301,0.9993552,0.9675979899497487,0.0062,1.0
Ennio_Doorbell,30,20,20126,shared_oas,1.0,0.99944404,0.972062311557789,0.0174,1.0
Ennio_Doorbell,30,20,20126,local_oas,0.0,0.9994379999999999,0.9717587939698493,0.0068,1.0
Ennio_Doorbell,30,20,20126,peer_cov_fixed,1.0,0.99945232,0.972478391959799,0.0396,1.0
Ennio_Doorbell,30,20,20126,risk_blend,0.057899846220398746,0.999452,0.972462311557789,0.0026,0.9998
Ennio_Doorbell,30,20,20126,risk_blend_mismatch,0.011956102393258767,0.99944936,0.972329648241206,0.0038,1.0
Ennio_Doorbell,30,20,20126,peer_cov_soft,1.0,0.98233556,0.8046231155778893,0.077,0.9998
Ennio_Doorbell,30,20,20126,risk_soft_cov,0.9969932913014455,0.99018164,0.8046231155778893,0.0756,0.9998
Ennio_Doorbell,30,20,20126,risk_soft_cov_mismatch,0.03774328913775559,0.9994542799999999,0.9725768844221105,0.0052,0.9998
Ennio_Doorbell,30,21,11907,shared_oas,1.0,0.99907412,0.9534733668341709,0.0222,1.0
Ennio_Doorbell,30,21,11907,local_oas,0.0,0.9999444,0.9972060301507537,0.0042,0.9908
Ennio_Doorbell,30,21,11907,peer_cov_fixed,1.0,0.9994352000000001,0.9716180904522613,0.05,1.0
Ennio_Doorbell,30,21,11907,risk_blend,0.049650207203075905,0.99950332,0.9750412060301508,0.0,0.5948
Ennio_Doorbell,30,21,11907,risk_blend_mismatch,0.00990935652611033,0.9994764,0.9736884422110552,0.0042,0.995
Ennio_Doorbell,30,21,11907,peer_cov_soft,1.0,0.9881251200000001,0.8011055276381909,0.0828,1.0
Ennio_Doorbell,30,21,11907,risk_soft_cov,0.9964648823598717,0.98931676,0.8011155778894472,0.0828,1.0
Ennio_Doorbell,30,21,11907,risk_soft_cov_mismatch,0.030179514996209127,0.9992862,0.9641306532663317,0.0022,0.9998
Ennio_Doorbell,30,22,562,shared_oas,1.0,0.99890668,0.945059296482412,0.023,1.0
Ennio_Doorbell,30,22,562,local_oas,0.0,0.99890284,0.9448663316582915,0.01,1.0
Ennio_Doorbell,30,22,562,peer_cov_fixed,1.0,0.99942676,0.9711939698492462,0.0494,1.0
Ennio_Doorbell,30,22,562,risk_blend,0.05590780818532885,0.9989222400000001,0.9458412060301509,0.0048,1.0
Ennio_Doorbell,30,22,562,risk_blend_mismatch,0.011442875949279677,0.9989062,0.9450351758793969,0.01,1.0
Ennio_Doorbell,30,22,562,peer_cov_soft,1.0,0.96892944,0.7961809045226131,0.0812,0.9998
Ennio_Doorbell,30,22,562,risk_soft_cov,0.9968799306602553,0.98992944,0.7961809045226131,0.0818,0.9998
Ennio_Doorbell,30,22,562,risk_soft_cov_mismatch,0.03540730670636781,0.99894072,0.9467698492462311,0.0096,1.0
Ennio_Doorbell,30,23,15010,shared_oas,1.0,0.99724512,0.8615638190954774,0.0202,1.0
Ennio_Doorbell,30,23,15010,local_oas,0.0,0.9967096400000001,0.8347015075376885,0.0042,0.543
Ennio_Doorbell,30,23,15010,peer_cov_fixed,1.0,0.9996038,0.9800904522613065,0.0556,1.0
Ennio_Doorbell,30,23,15010,risk_blend,0.06290411382330177,0.99724216,0.8614150753768844,0.0,0.6058
Ennio_Doorbell,30,23,15010,risk_blend_mismatch,0.013156049525451496,0.996636,0.8309728643216081,0.0016,0.6028
Ennio_Doorbell,30,23,15010,peer_cov_soft,1.0,0.98163556,0.8020100502512563,0.0826,0.9998
Ennio_Doorbell,30,23,15010,risk_soft_cov,0.9972464881427622,0.9876184400000001,0.8020100502512563,0.0822,0.9998
Ennio_Doorbell,30,23,15010,risk_soft_cov_mismatch,0.04173839329272733,0.99732504,0.8655859296482412,0.003,0.6044
Ennio_Doorbell,30,24,6667,shared_oas,1.0,0.99935328,0.9675015075376885,0.0808,1.0
Ennio_Doorbell,30,24,6667,local_oas,0.0,0.9995185999999999,0.9758090452261307,0.0174,1.0
Ennio_Doorbell,30,24,6667,peer_cov_fixed,1.0,0.99959564,0.9796804020100502,0.013,1.0
Ennio_Doorbell,30,24,6667,risk_blend,0.12603303665266352,0.99951876,0.9758170854271356,0.1004,1.0
Ennio_Doorbell,30,24,6667,risk_blend_mismatch,0.03084942564387399,0.99951844,0.9758010050251256,0.0916,1.0
Ennio_Doorbell,30,24,6667,peer_cov_soft,1.0,0.99437872,0.7990954773869346,0.1836,1.0
Ennio_Doorbell,30,24,6667,risk_soft_cov,0.9987167787685207,0.99422912,0.7990954773869346,0.1826,1.0
Ennio_Doorbell,30,24,6667,risk_soft_cov_mismatch,0.08658909910566001,0.99944016,0.9718673366834171,0.0818,1.0
Ennio_Doorbell,30,25,20925,shared_oas,1.0,0.99910348,0.9549487437185931,0.1324,1.0
Ennio_Doorbell,30,25,20925,local_oas,0.0,0.99813396,0.9062291457286431,0.0418,1.0
Ennio_Doorbell,30,25,20925,peer_cov_fixed,1.0,0.99928408,0.9640241206030151,0.0678,1.0
Ennio_Doorbell,30,25,20925,risk_blend,0.01905094718702565,0.99910952,0.9552522613065326,0.0176,1.0
Ennio_Doorbell,30,25,20925,risk_blend_mismatch,0.003303700853951723,0.9991038799999999,0.9549688442211055,0.0204,1.0
Ennio_Doorbell,30,25,20925,peer_cov_soft,1.0,0.9848264800000001,0.800502512562814,0.0786,0.9998
Ennio_Doorbell,30,25,20925,risk_soft_cov,0.9905466817187693,0.98967444,0.800502512562814,0.0364,0.9998
Ennio_Doorbell,30,25,20925,risk_soft_cov_mismatch,0.010718101784409606,0.99927616,0.9636261306532663,0.0162,1.0
Ennio_Doorbell,30,26,12598,shared_oas,1.0,0.99963904,0.9818613065326633,0.1162,1.0
Ennio_Doorbell,30,26,12598,local_oas,0.0,0.9998668000000001,0.9933065326633166,0.0112,1.0
Ennio_Doorbell,30,26,12598,peer_cov_fixed,1.0,0.99976012,0.9879457286432161,0.2258,1.0
Ennio_Doorbell,30,26,12598,risk_blend,0.021803395303812735,0.9999825600000001,0.9991236180904522,0.1644,1.0
Ennio_Doorbell,30,26,12598,risk_blend_mismatch,0.004031379961233698,0.9999612,0.9980502512562814,0.0562,1.0
Ennio_Doorbell,30,26,12598,peer_cov_soft,1.0,0.9832982,0.8012060301507538,0.246,1.0
Ennio_Doorbell,30,26,12598,risk_soft_cov,0.9917532070771553,0.98630332,0.8012060301507538,0.2208,1.0
Ennio_Doorbell,30,26,12598,risk_soft_cov_mismatch,0.012597931434174172,0.99974832,0.9873527638190954,0.0138,1.0
Ennio_Doorbell,30,27,22002,shared_oas,1.0,0.99933276,0.9664703517587939,0.022,1.0
Ennio_Doorbell,30,27,22002,local_oas,0.0,0.99933116,0.9663899497487437,0.0076,1.0
Ennio_Doorbell,30,27,22002,peer_cov_fixed,1.0,0.99959968,0.9798834170854271,0.051,1.0
Ennio_Doorbell,30,27,22002,risk_blend,0.06285703521785384,0.99935452,0.9675638190954774,0.0,0.598
Ennio_Doorbell,30,27,22002,risk_blend_mismatch,0.012938520444137448,0.9993415999999999,0.9669145728643216,0.0026,0.9994
Ennio_Doorbell,30,27,22002,peer_cov_soft,1.0,0.98262156,0.7996984924623116,0.0792,1.0
Ennio_Doorbell,30,27,22002,risk_soft_cov,0.9972442934443903,0.98875964,0.7996984924623116,0.079,1.0
Ennio_Doorbell,30,27,22002,risk_soft_cov_mismatch,0.0412544714692194,0.9993622,0.9679497487437186,0.0018,0.9998
Ennio_Doorbell,30,28,25385,shared_oas,1.0,0.89429556,0.7977688442211055,0.977,1.0
Ennio_Doorbell,30,28,25385,local_oas,0.0,0.86917432,0.7678150753768844,0.9762,1.0
Ennio_Doorbell,30,28,25385,peer_cov_fixed,1.0,0.9995996,0.9798793969849247,0.0032,1.0
Ennio_Doorbell,30,28,25385,risk_blend,0.06752789030571497,0.84003124,0.7976040201005026,0.989,1.0
Ennio_Doorbell,30,28,25385,risk_blend_mismatch,0.011169481494827683,0.8604942800000001,0.7940804020100503,0.9892,1.0
Ennio_Doorbell,30,28,25385,peer_cov_soft,1.0,0.9672696799999999,0.7985929648241206,0.1422,0.9998
Ennio_Doorbell,30,28,25385,risk_soft_cov,0.9974471692896475,0.9668661599999999,0.7985929648241206,0.1428,0.9998
Ennio_Doorbell,30,28,25385,risk_soft_cov_mismatch,0.02867768173661203,0.8921481600000001,0.7959919597989951,0.9838,1.0
Ennio_Doorbell,30,29,9776,shared_oas,1.0,0.9999709999999999,0.9985427135678393,0.093,1.0
Ennio_Doorbell,30,29,9776,local_oas,0.0,0.99996256,0.9981185929648242,0.0836,1.0
Ennio_Doorbell,30,29,9776,peer_cov_fixed,1.0,0.99975096,0.9874854271356783,0.0072,1.0
Ennio_Doorbell,30,29,9776,risk_blend,0.16351855327347153,0.9997495599999999,0.9874150753768844,0.0886,1.0
Ennio_Doorbell,30,29,9776,risk_blend_mismatch,0.04245157622565629,0.99974576,0.9872241206030151,0.0912,1.0
Ennio_Doorbell,30,29,9776,peer_cov_soft,1.0,0.99954224,0.9796060301507539,0.0804,0.9996
Ennio_Doorbell,30,29,9776,risk_soft_cov,0.9990569878839465,0.99954252,0.9796060301507539,0.0794,0.9996
Ennio_Doorbell,30,29,9776,risk_soft_cov_mismatch,0.10329407888403616,0.99975748,0.987813065326633,0.07,1.0
Ennio_Doorbell,100,0,20253,shared_oas,1.0,0.99932048,0.9658532663316584,0.3908,1.0
Ennio_Doorbell,100,0,20253,local_oas,0.0,0.99882788,0.9410994974874372,0.414,1.0
Ennio_Doorbell,100,0,20253,peer_cov_fixed,1.0,0.99951612,0.9756844221105528,0.0396,1.0
Ennio_Doorbell,100,0,20253,risk_blend,0.015892582535368172,0.9993345199999999,0.9665587939698492,0.3728,1.0
Ennio_Doorbell,100,0,20253,risk_blend_mismatch,0.0031003718689063473,0.99932148,0.9659035175879397,0.397,1.0
Ennio_Doorbell,100,0,20253,peer_cov_soft,1.0,0.96824088,0.7984864321608041,0.0756,0.599
Ennio_Doorbell,100,0,20253,risk_soft_cov,0.988653250116696,0.9873288,0.7984924623115578,0.0298,0.5992
Ennio_Doorbell,100,0,20253,risk_soft_cov_mismatch,0.009895224824732365,0.99934724,0.9671979899497487,0.395,1.0
Ennio_Doorbell,100,1,14139,shared_oas,1.0,0.99966948,0.9833909547738694,0.1626,1.0
Ennio_Doorbell,100,1,14139,local_oas,0.0,0.9995878,0.979286432160804,0.1554,1.0
Ennio_Doorbell,100,1,14139,peer_cov_fixed,1.0,0.9996837199999999,0.9841065326633165,0.0938,1.0
Ennio_Doorbell,100,1,14139,risk_blend,0.013047740452059595,0.99967448,0.9836422110552765,0.1872,1.0
Ennio_Doorbell,100,1,14139,risk_blend_mismatch,0.0024439527721418493,0.9995911599999999,0.9794552763819095,0.1634,1.0
Ennio_Doorbell,100,1,14139,peer_cov_soft,1.0,0.96739372,0.8026110552763819,0.0818,0.6072
Ennio_Doorbell,100,1,14139,risk_soft_cov,0.9861740852012952,0.9873396,0.8026130653266332,0.0352,0.9996
Ennio_Doorbell,100,1,14139,risk_soft_cov_mismatch,0.007887477731444919,0.99967936,0.9838874371859296,0.1414,1.0
Ennio_Doorbell,100,2,25423,shared_oas,1.0,0.99979624,0.9897608040201005,0.0762,1.0
Ennio_Doorbell,100,2,25423,local_oas,0.0,0.99996328,0.9981547738693468,0.0808,1.0
Ennio_Doorbell,100,2,25423,peer_cov_fixed,1.0,0.9995048,0.9751155778894472,0.0386,1.0
Ennio_Doorbell,100,2,25423,risk_blend,0.02128535796506977,0.9998184400000001,0.9908763819095479,0.0868,1.0
Ennio_Doorbell,100,2,25423,risk_blend_mismatch,0.004236014006051627,0.99994052,0.997011055276382,0.0828,1.0
Ennio_Doorbell,100,2,25423,peer_cov_soft,1.0,0.96592972,0.793364824120603,0.0778,0.5888
Ennio_Doorbell,100,2,25423,risk_soft_cov,0.9915497590151732,0.98755368,0.7933668341708543,0.0148,0.5888
Ennio_Doorbell,100,2,25423,risk_soft_cov_mismatch,0.01266899588585986,0.99981836,0.9908723618090454,0.0692,1.0
Ennio_Doorbell,100,3,19487,shared_oas,1.0,0.9994946,0.9746030150753768,0.0654,1.0
Ennio_Doorbell,100,3,19487,local_oas,0.0,0.99924936,0.9622793969849246,0.0586,1.0
Ennio_Doorbell,100,3,19487,peer_cov_fixed,1.0,0.9996011199999999,0.9799557788944724,0.0474,1.0
Ennio_Doorbell,100,3,19487,risk_blend,0.019544562988994346,0.99950572,0.9751618090452261,0.05,1.0
Ennio_Doorbell,100,3,19487,risk_blend_mismatch,0.003807371080128797,0.99949652,0.9746994974874372,0.0564,1.0
Ennio_Doorbell,100,3,19487,peer_cov_soft,1.0,0.9680229600000001,0.7997969849246231,0.072,0.6016
Ennio_Doorbell,100,3,19487,risk_soft_cov,0.9907878285619062,0.9772004,0.7997989949748744,0.007,0.6016
Ennio_Doorbell,100,3,19487,risk_soft_cov_mismatch,0.01195121233569575,0.9995133199999999,0.9755437185929648,0.0356,1.0
Ennio_Doorbell,100,4,10648,shared_oas,1.0,0.9990358,0.9515477386934673,0.065,1.0
Ennio_Doorbell,100,4,10648,local_oas,0.0,0.99888544,0.943991959798995,0.0594,1.0
Ennio_Doorbell,100,4,10648,peer_cov_fixed,1.0,0.9995232000000001,0.9760402010050251,0.0104,1.0
Ennio_Doorbell,100,4,10648,risk_blend,0.05142478359846159,0.99904744,0.952132663316583,0.0448,1.0
Ennio_Doorbell,100,4,10648,risk_blend_mismatch,0.013716903690704076,0.99904532,0.9520261306532662,0.0532,1.0
Ennio_Doorbell,100,4,10648,peer_cov_soft,1.0,0.9702572,0.8014050251256282,0.0786,0.9998
Ennio_Doorbell,100,4,10648,risk_soft_cov,0.99659280881443,0.9717664399999999,0.8014070351758794,0.075,0.9998
Ennio_Doorbell,100,4,10648,risk_soft_cov_mismatch,0.041231457733442334,0.99905036,0.9522793969849246,0.0258,1.0
Ennio_Doorbell,100,5,20808,shared_oas,1.0,0.99728616,0.8636281407035176,0.0426,1.0
Ennio_Doorbell,100,5,20808,local_oas,0.0,0.9970182799999999,0.8501788944723618,0.0258,1.0
Ennio_Doorbell,100,5,20808,peer_cov_fixed,1.0,0.99959776,0.9797869346733669,0.0194,1.0
Ennio_Doorbell,100,5,20808,risk_blend,0.017073304831799824,0.99733376,0.8660180904522613,0.0264,1.0
Ennio_Doorbell,100,5,20808,risk_blend_mismatch,0.0032311311713066186,0.996488,0.8235175879396985,0.0274,1.0
Ennio_Doorbell,100,5,20808,peer_cov_soft,1.0,0.96643808,0.7983879396984925,0.0758,0.5988
Ennio_Doorbell,100,5,20808,risk_soft_cov,0.9894422002900449,0.96781972,0.798391959798995,0.0082,0.5988
Ennio_Doorbell,100,5,20808,risk_soft_cov_mismatch,0.010446005213277022,0.99707844,0.8531959798994975,0.0204,1.0
Ennio_Doorbell,100,6,24509,shared_oas,1.0,0.99907896,0.9537165829145728,0.007,1.0
Ennio_Doorbell,100,6,24509,local_oas,0.0,0.9990808,0.9538090452261306,0.005,1.0
Ennio_Doorbell,100,6,24509,peer_cov_fixed,1.0,0.99935664,0.967670351758794,0.0092,1.0
Ennio_Doorbell,100,6,24509,risk_blend,0.03401917366739023,0.9991034,0.9549447236180904,0.0082,1.0
Ennio_Doorbell,100,6,24509,risk_blend_mismatch,0.006716170889166023,0.9990821999999999,0.9538793969849246,0.007,1.0
Ennio_Doorbell,100,6,24509,peer_cov_soft,1.0,0.96876312,0.798391959798995,0.074,0.5988
Ennio_Doorbell,100,6,24509,risk_soft_cov,0.9947646641207991,0.96894468,0.798391959798995,0.0616,0.5988
Ennio_Doorbell,100,6,24509,risk_soft_cov_mismatch,0.021623320582410024,0.999259,0.9627638190954774,0.0066,1.0
Ennio_Doorbell,100,7,8753,shared_oas,1.0,0.9991106399999999,0.9553085427135678,0.0564,1.0
Ennio_Doorbell,100,7,8753,local_oas,0.0,0.99911332,0.955443216080402,0.0364,1.0
Ennio_Doorbell,100,7,8753,peer_cov_fixed,1.0,0.9998386,0.9918894472361809,0.0172,1.0
Ennio_Doorbell,100,7,8753,risk_blend,0.0400179814679265,0.99927512,0.9635738693467337,0.0574,1.0
Ennio_Doorbell,100,7,8753,risk_blend_mismatch,0.008946734478117698,0.9991136,0.9554572864321608,0.0646,1.0
Ennio_Doorbell,100,7,8753,peer_cov_soft,1.0,0.970401,0.7976763819095477,0.0774,0.9996
Ennio_Doorbell,100,7,8753,risk_soft_cov,0.9955734976371732,0.97074332,0.7976884422110553,0.0752,0.9996
Ennio_Doorbell,100,7,8753,risk_soft_cov_mismatch,0.02552273892764867,0.9992759999999999,0.9636180904522613,0.023,1.0
Ennio_Doorbell,100,8,3535,shared_oas,1.0,0.99942636,0.9711738693467337,0.0596,1.0
Ennio_Doorbell,100,8,3535,local_oas,0.0,0.9994276799999999,0.9712402010050252,0.0592,1.0
Ennio_Doorbell,100,8,3535,peer_cov_fixed,1.0,0.99975684,0.987780904522613,0.008,1.0
Ennio_Doorbell,100,8,3535,risk_blend,0.04121685068091867,0.99943616,0.9716663316582914,0.0404,1.0
Ennio_Doorbell,100,8,3535,risk_blend_mismatch,0.009448852898385096,0.9992736000000001,0.963497487437186,0.0518,1.0
Ennio_Doorbell,100,8,3535,peer_cov_soft,1.0,0.9692974000000001,0.7975638190954775,0.0758,0.5972
Ennio_Doorbell,100,8,3535,risk_soft_cov,0.9957070421916294,0.97060788,0.7975879396984924,0.0602,0.5972
Ennio_Doorbell,100,8,3535,risk_soft_cov_mismatch,0.02736650145804116,0.99943576,0.9716462311557789,0.0274,1.0
Ennio_Doorbell,100,9,23350,shared_oas,1.0,0.9956912,0.7836201005025126,0.0426,1.0
Ennio_Doorbell,100,9,23350,local_oas,0.0,0.995876,0.7938251256281407,0.0328,1.0
Ennio_Doorbell,100,9,23350,peer_cov_fixed,1.0,0.9995174400000001,0.9757507537688442,0.0332,1.0
Ennio_Doorbell,100,9,23350,risk_blend,0.014857502216719519,0.99626768,0.8124482412060302,0.0386,1.0
Ennio_Doorbell,100,9,23350,risk_blend_mismatch,0.0027886293321223846,0.99573308,0.7856341708542713,0.0376,1.0
Ennio_Doorbell,100,9,23350,peer_cov_soft,1.0,0.96636668,0.7987859296482412,0.0758,0.5996
Ennio_Doorbell,100,9,23350,risk_soft_cov,0.9878597399235709,0.9737342,0.7987939698492463,0.008,0.5996
Ennio_Doorbell,100,9,23350,risk_soft_cov_mismatch,0.009019697407134784,0.9964522,0.8217407035175879,0.0232,1.0
Ennio_Doorbell,100,10,5355,shared_oas,1.0,0.99849016,0.9241286432160805,0.0426,1.0
Ennio_Doorbell,100,10,5355,local_oas,0.0,0.99848696,0.9239678391959799,0.0306,1.0
Ennio_Doorbell,100,10,5355,peer_cov_fixed,1.0,0.99960132,0.9799658291457286,0.0158,1.0
Ennio_Doorbell,100,10,5355,risk_blend,0.03293995135917651,0.99912736,0.9561487437185929,0.0456,1.0
Ennio_Doorbell,100,10,5355,risk_blend_mismatch,0.0072884095370795016,0.99841296,0.9202492462311558,0.0508,1.0
Ennio_Doorbell,100,10,5355,peer_cov_soft,1.0,0.9715537599999999,0.8006994974874373,0.0754,0.9996
Ennio_Doorbell,100,10,5355,risk_soft_cov,0.9945880573930395,0.9720424000000001,0.8007035175879398,0.0736,0.9996
Ennio_Doorbell,100,10,5355,risk_soft_cov_mismatch,0.022436062952325538,0.99881012,0.9402070351758794,0.0172,1.0
Ennio_Doorbell,100,11,8849,shared_oas,1.0,0.99854044,0.9266552763819096,0.0612,1.0
Ennio_Doorbell,100,11,8849,local_oas,0.0,0.9983782,0.918502512562814,0.0568,1.0
Ennio_Doorbell,100,11,8849,peer_cov_fixed,1.0,0.9996756,0.9836984924623116,0.0118,1.0
Ennio_Doorbell,100,11,8849,risk_blend,0.04181265112122488,0.99870316,0.9348321608040201,0.068,1.0
Ennio_Doorbell,100,11,8849,risk_blend_mismatch,0.009384629489639536,0.99813576,0.9063195979899498,0.0714,1.0
Ennio_Doorbell,100,11,8849,peer_cov_soft,1.0,0.97023452,0.7963577889447236,0.078,0.9998
Ennio_Doorbell,100,11,8849,risk_soft_cov,0.9957705736216244,0.97039936,0.7963819095477387,0.0766,0.9998
Ennio_Doorbell,100,11,8849,risk_soft_cov_mismatch,0.026599378891477322,0.99862176,0.9307417085427135,0.0512,1.0
Ennio_Doorbell,100,12,11245,shared_oas,1.0,0.99933268,0.9664663316582914,0.183,1.0
Ennio_Doorbell,100,12,11245,local_oas,0.0,0.99908952,0.9542472361809045,0.1866,1.0
Ennio_Doorbell,100,12,11245,peer_cov_fixed,1.0,0.999601,0.9799497487437185,0.0924,1.0
Ennio_Doorbell,100,12,11245,risk_blend,0.01237708201345212,0.9993418,0.9669246231155779,0.2094,1.0
Ennio_Doorbell,100,12,11245,risk_blend_mismatch,0.002313990923881517,0.9990924,0.9543919597989949,0.1902,1.0
Ennio_Doorbell,100,12,11245,peer_cov_soft,1.0,0.96858864,0.8002010050251256,0.0758,0.6024
Ennio_Doorbell,100,12,11245,risk_soft_cov,0.9854260795015369,0.98759208,0.8002010050251256,0.0332,0.9998
Ennio_Doorbell,100,12,11245,risk_soft_cov_mismatch,0.00752752753940233,0.99927316,0.963475376884422,0.1698,1.0
Ennio_Doorbell,100,13,5223,shared_oas,1.0,0.99905144,0.9523336683417085,0.155,1.0
Ennio_Doorbell,100,13,5223,local_oas,0.0,0.998821,0.9407537688442211,0.1556,1.0
Ennio_Doorbell,100,13,5223,peer_cov_fixed,1.0,0.99976496,0.9881889447236181,0.017,1.0
Ennio_Doorbell,100,13,5223,risk_blend,0.04184331072418384,0.9993740000000001,0.9685427135678393,0.1322,1.0
Ennio_Doorbell,100,13,5223,risk_blend_mismatch,0.009658555688426471,0.9992162,0.9606130653266332,0.1412,1.0
Ennio_Doorbell,100,13,5223,peer_cov_soft,1.0,0.9710239199999999,0.8039115577889447,0.08,0.9998
Ennio_Doorbell,100,13,5223,risk_soft_cov,0.9957737941877216,0.98624472,0.8039195979899498,0.0794,0.9998
Ennio_Doorbell,100,13,5223,risk_soft_cov_mismatch,0.02857026425691204,0.99921932,0.9607698492462311,0.148,1.0
Ennio_Doorbell,100,14,14131,shared_oas,1.0,0.99917928,0.9587577889447236,0.1556,1.0
Ennio_Doorbell,100,14,14131,local_oas,0.0,0.99901708,0.9506070351758794,0.1478,1.0
Ennio_Doorbell,100,14,14131,peer_cov_fixed,1.0,0.99905452,0.9524884422110553,0.0908,1.0
Ennio_Doorbell,100,14,14131,risk_blend,0.01575839350386462,0.9991903999999999,0.9593165829145729,0.1792,1.0
Ennio_Doorbell,100,14,14131,risk_blend_mismatch,0.0030646540141752404,0.99902064,0.9507859296482413,0.1544,1.0
Ennio_Doorbell,100,14,14131,peer_cov_soft,1.0,0.96970844,0.8023095477386935,0.0756,0.6066
Ennio_Doorbell,100,14,14131,risk_soft_cov,0.9885561912056723,0.98843444,0.8023115577889448,0.0332,1.0
Ennio_Doorbell,100,14,14131,risk_soft_cov_mismatch,0.00978035254290285,0.9991245200000001,0.9560060301507538,0.1314,1.0
Ennio_Doorbell,100,15,13400,shared_oas,1.0,0.9995715599999999,0.9784703517587939,0.0898,1.0
Ennio_Doorbell,100,15,13400,local_oas,0.0,0.99948412,0.9740763819095478,0.096,1.0
Ennio_Doorbell,100,15,13400,peer_cov_fixed,1.0,0.9997562799999999,0.9877527638190955,0.0484,1.0
Ennio_Doorbell,100,15,13400,risk_blend,0.012234568547288738,0.9995763599999999,0.9787115577889447,0.0724,1.0
Ennio_Doorbell,100,15,13400,risk_blend_mismatch,0.0022767054377853344,0.99957208,0.9784964824120603,0.0882,1.0
Ennio_Doorbell,100,15,13400,peer_cov_soft,1.0,0.9663556799999999,0.7983879396984924,0.0774,0.5988
Ennio_Doorbell,100,15,13400,risk_soft_cov,0.9852567229943291,0.9945934000000001,0.798391959798995,0.0092,0.5988
Ennio_Doorbell,100,15,13400,risk_soft_cov_mismatch,0.007378564780087484,0.99958644,0.9792180904522613,0.0768,1.0
Ennio_Doorbell,100,16,24810,shared_oas,1.0,0.9998028800000001,0.990094472361809,0.2586,1.0
Ennio_Doorbell,100,16,24810,local_oas,0.0,0.99996944,0.9984643216080402,0.2866,1.0
Ennio_Doorbell,100,16,24810,peer_cov_fixed,1.0,0.99967656,0.9837467336683418,0.0494,1.0
Ennio_Doorbell,100,16,24810,risk_blend,0.01128121297129723,0.99982628,0.991270351758794,0.8918,1.0
Ennio_Doorbell,100,16,24810,risk_blend_mismatch,0.0021277158378314063,0.9999779599999999,0.9988924623115578,0.465,1.0
Ennio_Doorbell,100,16,24810,peer_cov_soft,1.0,0.96849736,0.798086432160804,0.0762,0.5982
Ennio_Doorbell,100,16,24810,risk_soft_cov,0.9840155244279255,0.99444816,0.7980904522613065,0.0298,0.9998
Ennio_Doorbell,100,16,24810,risk_soft_cov_mismatch,0.006663338916978864,0.999831,0.9915075376884421,0.313,1.0
Ennio_Doorbell,100,17,953,shared_oas,1.0,0.9993190799999999,0.9657829145728644,0.0524,1.0
Ennio_Doorbell,100,17,953,local_oas,0.0,0.9993242400000001,0.9660422110552764,0.0348,1.0
Ennio_Doorbell,100,17,953,peer_cov_fixed,1.0,0.99911956,0.955756783919598,0.025,1.0
Ennio_Doorbell,100,17,953,risk_blend,0.016962298074605434,0.9992702,0.9633266331658291,0.0428,1.0
Ennio_Doorbell,100,17,953,risk_blend_mismatch,0.0033660046626336373,0.9992624,0.9629346733668342,0.037,1.0
Ennio_Doorbell,100,17,953,peer_cov_soft,1.0,0.96824992,0.7990954773869346,0.0774,0.6002
Ennio_Doorbell,100,17,953,risk_soft_cov,0.9893726535278158,0.98855128,0.7990954773869346,0.027,0.6002
Ennio_Doorbell,100,17,953,risk_soft_cov_mismatch,0.011291776187640892,0.9993464400000001,0.9671577889447236,0.0202,1.0
Ennio_Doorbell,100,18,1703,shared_oas,1.0,0.99910048,0.9547979899497487,0.065,1.0
Ennio_Doorbell,100,18,1703,local_oas,0.0,0.99869892,0.934619095477387,0.06,1.0
Ennio_Doorbell,100,18,1703,peer_cov_fixed,1.0,0.9996732399999999,0.9835798994974874,0.0102,1.0
Ennio_Doorbell,100,18,1703,risk_blend,0.04723100316695147,0.99943036,0.9713748743718593,0.0512,1.0
Ennio_Doorbell,100,18,1703,risk_blend_mismatch,0.010825140705188451,0.9992679999999999,0.96321608040201,0.0582,1.0
Ennio_Doorbell,100,18,1703,peer_cov_soft,1.0,0.97006948,0.7956723618090453,0.0776,0.9994
Ennio_Doorbell,100,18,1703,risk_soft_cov,0.9962750610466384,0.97016632,0.7956783919597991,0.0758,0.9994
Ennio_Doorbell,100,18,1703,risk_soft_cov_mismatch,0.0304771833349789,0.99926828,0.9632301507537688,0.035,1.0
Ennio_Doorbell,100,19,24384,shared_oas,1.0,0.9992576799999999,0.962697487437186,0.0562,1.0
Ennio_Doorbell,100,19,24384,local_oas,0.0,0.99910172,0.9548603015075376,0.0324,1.0
Ennio_Doorbell,100,19,24384,peer_cov_fixed,1.0,0.9996004000000001,0.9799195979899498,0.0366,1.0
Ennio_Doorbell,100,19,24384,risk_blend,0.02328348552899717,0.9992688799999999,0.9632603015075376,0.0354,1.0
Ennio_Doorbell,100,19,24384,risk_blend_mismatch,0.004748936576808547,0.9992597599999999,0.9628020100502512,0.0348,1.0
Ennio_Doorbell,100,19,24384,peer_cov_soft,1.0,0.96692532,0.800297487437186,0.078,0.6026
Ennio_Doorbell,100,19,24384,risk_soft_cov,0.9922849914329746,0.96796892,0.8003015075376885,0.0094,0.6026
Ennio_Doorbell,100,19,24384,risk_soft_cov_mismatch,0.015547750218219787,0.99927588,0.9636120603015075,0.0196,1.0
Ennio_Doorbell,100,20,11265,shared_oas,1.0,0.99908232,0.9538854271356784,0.3462,1.0
Ennio_Doorbell,100,20,11265,local_oas,0.0,0.9988345999999999,0.9414371859296482,0.3752,1.0
Ennio_Doorbell,100,20,11265,peer_cov_fixed,1.0,0.99920624,0.9601125628140703,0.039,1.0
Ennio_Doorbell,100,20,11265,risk_blend,0.015221412929417106,0.9990974,0.954643216080402,0.3334,1.0
Ennio_Doorbell,100,20,11265,risk_blend_mismatch,0.002961899479996243,0.999083,0.9539195979899497,0.3586,1.0
Ennio_Doorbell,100,20,11265,peer_cov_soft,1.0,0.9675979600000001,0.800502512562814,0.0772,0.603
Ennio_Doorbell,100,20,11265,risk_soft_cov,0.9881508733472774,0.98768156,0.800502512562814,0.0292,0.603
Ennio_Doorbell,100,20,11265,risk_soft_cov_mismatch,0.009479577121993581,0.9991161599999999,0.9555859296482412,0.3566,1.0
Ennio_Doorbell,100,21,5641,shared_oas,1.0,0.99943112,0.9714130653266333,0.068,1.0
Ennio_Doorbell,100,21,5641,local_oas,0.0,0.99943524,0.9716201005025127,0.05,1.0
Ennio_Doorbell,100,21,5641,peer_cov_fixed,1.0,0.99960288,0.9800442211055277,0.016,1.0
Ennio_Doorbell,100,21,5641,risk_blend,0.04066057656333708,0.99952112,0.9759356783919598,0.056,1.0
Ennio_Doorbell,100,21,5641,risk_blend_mismatch,0.009186816558243951,0.9995172,0.9757386934673367,0.0634,1.0
Ennio_Doorbell,100,21,5641,peer_cov_soft,1.0,0.97164296,0.8005949748743719,0.0762,0.9998
Ennio_Doorbell,100,21,5641,risk_soft_cov,0.9956460524877673,0.9718844799999999,0.8006030150753769,0.074,0.9998
Ennio_Doorbell,100,21,5641,risk_soft_cov_mismatch,0.02691364690023461,0.9994446,0.9720904522613065,0.0358,1.0
Ennio_Doorbell,100,22,13489,shared_oas,1.0,0.9968528799999999,0.8418532663316582,0.0714,1.0
Ennio_Doorbell,100,22,13489,local_oas,0.0,0.99654352,0.8263095477386935,0.0716,1.0
Ennio_Doorbell,100,22,13489,peer_cov_fixed,1.0,0.9996095599999999,0.9803798994974874,0.087,1.0
Ennio_Doorbell,100,22,13489,risk_blend,0.013039913247643538,0.99688192,0.8433125628140703,0.0922,1.0
Ennio_Doorbell,100,22,13489,risk_blend_mismatch,0.002446051282384372,0.99636172,0.8171718592964825,0.0786,1.0
Ennio_Doorbell,100,22,13489,peer_cov_soft,1.0,0.96097476,0.8043155778894473,0.0798,0.6106
Ennio_Doorbell,100,22,13489,risk_soft_cov,0.9861657928128356,0.976158,0.804321608040201,0.0632,0.9998
Ennio_Doorbell,100,22,13489,risk_soft_cov_mismatch,0.007946354641133866,0.9966905199999999,0.8337005025125628,0.082,1.0
Ennio_Doorbell,100,23,11728,shared_oas,1.0,0.9996289199999999,0.9813527638190955,0.0732,1.0
Ennio_Doorbell,100,23,11728,local_oas,0.0,0.9999567199999999,0.9978251256281407,0.0736,1.0
Ennio_Doorbell,100,23,11728,peer_cov_fixed,1.0,0.9994343600000001,0.971575879396985,0.0462,1.0
Ennio_Doorbell,100,23,11728,risk_blend,0.013363334045401404,0.99966072,0.9829507537688442,0.0746,1.0
Ennio_Doorbell,100,23,11728,risk_blend_mismatch,0.002496318857384082,0.9999672799999999,0.9983557788944724,0.0736,1.0
Ennio_Doorbell,100,23,11728,peer_cov_soft,1.0,0.96813788,0.7969849246231155,0.0752,0.596
Ennio_Doorbell,100,23,11728,risk_soft_cov,0.9865004538050992,0.9889834,0.7969849246231155,0.0118,0.596
Ennio_Doorbell,100,23,11728,risk_soft_cov_mismatch,0.007845695877115361,0.9996644,0.9831356783919598,0.0156,1.0
Ennio_Doorbell,100,24,14333,shared_oas,1.0,0.99916352,0.9579658291457287,0.3536,1.0
Ennio_Doorbell,100,24,14333,local_oas,0.0,0.99907388,0.9534613065326633,0.3812,1.0
Ennio_Doorbell,100,24,14333,peer_cov_fixed,1.0,0.99928284,0.9639618090452262,0.037,1.0
Ennio_Doorbell,100,24,14333,risk_blend,0.01581979403857564,0.99917552,0.9585688442211056,0.3322,1.0
Ennio_Doorbell,100,24,14333,risk_blend_mismatch,0.0030761116428420308,0.9991654799999999,0.9580643216080402,0.3632,1.0
Ennio_Doorbell,100,24,14333,peer_cov_soft,1.0,0.967153,0.7996984924623116,0.0792,0.6014
Ennio_Doorbell,100,24,14333,risk_soft_cov,0.9886008041781751,0.98675548,0.7996984924623116,0.031,0.6014
Ennio_Doorbell,100,24,14333,risk_soft_cov_mismatch,0.009794403774372313,0.99911068,0.955310552763819,0.3618,1.0
Ennio_Doorbell,100,25,1203,shared_oas,1.0,0.99935756,0.9677165829145729,0.13,1.0
Ennio_Doorbell,100,25,1203,local_oas,0.0,0.9992008800000001,0.959843216080402,0.1384,1.0
Ennio_Doorbell,100,25,1203,peer_cov_fixed,1.0,0.99983916,0.9919175879396984,0.015,1.0
Ennio_Doorbell,100,25,1203,risk_blend,0.04035206061247348,0.999205,0.9600502512562814,0.133,1.0
Ennio_Doorbell,100,25,1203,risk_blend_mismatch,0.009499640691876603,0.99920476,0.9600381909547738,0.1284,1.0
Ennio_Doorbell,100,25,1203,peer_cov_soft,1.0,0.96946192,0.8004904522613066,0.0812,0.9996
Ennio_Doorbell,100,25,1203,risk_soft_cov,0.9956115052992728,0.9866774,0.8005005025125628,0.0802,0.9996
Ennio_Doorbell,100,25,1203,risk_soft_cov_mismatch,0.02805572113657775,0.99920548,0.9600743718592966,0.1366,1.0
Ennio_Doorbell,100,26,19943,shared_oas,1.0,0.99923824,0.9617206030150753,0.063,1.0
Ennio_Doorbell,100,26,19943,local_oas,0.0,0.9988155599999999,0.9404804020100502,0.0558,1.0
Ennio_Doorbell,100,26,19943,peer_cov_fixed,1.0,0.9993536399999999,0.9675195979899498,0.0244,1.0
Ennio_Doorbell,100,26,19943,risk_blend,0.017518048050912362,0.99924536,0.9620783919597989,0.047,1.0
Ennio_Doorbell,100,26,19943,risk_blend_mismatch,0.00331173647079358,0.99923392,0.9615035175879396,0.0548,1.0
Ennio_Doorbell,100,26,19943,peer_cov_soft,1.0,0.9666178400000001,0.7969849246231155,0.0762,0.596
Ennio_Doorbell,100,26,19943,risk_soft_cov,0.9897120890424288,0.97115068,0.7969849246231155,0.007,0.596
Ennio_Doorbell,100,26,19943,risk_soft_cov_mismatch,0.01063681763541033,0.9992652,0.9630753768844222,0.036,1.0
Ennio_Doorbell,100,27,4680,shared_oas,1.0,0.99876796,0.9380884422110553,0.0958,1.0
Ennio_Doorbell,100,27,4680,local_oas,0.0,0.99869012,0.9341768844221106,0.0506,1.0
Ennio_Doorbell,100,27,4680,peer_cov_fixed,1.0,0.9997550000000001,0.9876884422110552,0.0104,1.0
Ennio_Doorbell,100,27,4680,risk_blend,0.040234235629746505,0.99901808,0.9506572864321609,0.0824,1.0
Ennio_Doorbell,100,27,4680,risk_blend_mismatch,0.009036720487649481,0.99901668,0.9505869346733669,0.092,1.0
Ennio_Doorbell,100,27,4680,peer_cov_soft,1.0,0.96974596,0.7955638190954775,0.1248,1.0
Ennio_Doorbell,100,27,4680,risk_soft_cov,0.9955981722536985,0.97535696,0.7956482412060302,0.079,1.0
Ennio_Doorbell,100,27,4680,risk_soft_cov_mismatch,0.02621068507820556,0.9990230800000001,0.9509085427135677,0.0238,1.0
Ennio_Doorbell,100,28,8427,shared_oas,1.0,0.99902612,0.9510613065326633,0.033,1.0
Ennio_Doorbell,100,28,8427,local_oas,0.0,0.998711,0.9352261306532663,0.0264,1.0
Ennio_Doorbell,100,28,8427,peer_cov_fixed,1.0,0.9994382,0.9717688442211055,0.0104,1.0
Ennio_Doorbell,100,28,8427,risk_blend,0.04134090792174273,0.99919764,0.9596804020100502,0.027,1.0
Ennio_Doorbell,100,28,8427,risk_blend_mismatch,0.009668486243951249,0.9991960799999999,0.9596020100502511,0.025,1.0
Ennio_Doorbell,100,28,8427,peer_cov_soft,1.0,0.970891,0.7986693467336683,0.0778,0.9998
Ennio_Doorbell,100,28,8427,risk_soft_cov,0.9957204209481176,0.97145384,0.7986914572864322,0.0752,0.9998
Ennio_Doorbell,100,28,8427,risk_soft_cov_mismatch,0.027242205736309765,0.99919844,0.9597206030150753,0.011,1.0
Ennio_Doorbell,100,29,21974,shared_oas,1.0,0.99939364,0.9695296482412061,0.0492,1.0
Ennio_Doorbell,100,29,21974,local_oas,0.0,0.99930492,0.9650713567839195,0.0412,1.0
Ennio_Doorbell,100,29,21974,peer_cov_fixed,1.0,0.9996706399999999,0.9834492462311558,0.0206,1.0
Ennio_Doorbell,100,29,21974,risk_blend,0.020606162527664004,0.99940636,0.9701688442211055,0.0298,1.0
Ennio_Doorbell,100,29,21974,risk_blend_mismatch,0.004038635828275543,0.99939468,0.9695819095477387,0.038,1.0
Ennio_Doorbell,100,29,21974,peer_cov_soft,1.0,0.96778868,0.7951638190954775,0.07,0.5924
Ennio_Doorbell,100,29,21974,risk_soft_cov,0.9912676599901069,0.98303816,0.795175879396985,0.0056,0.5924
Ennio_Doorbell,100,29,21974,risk_soft_cov_mismatch,0.012928527854132775,0.9994200400000001,0.9708562814070352,0.0256,1.0
Ennio_Doorbell,300,0,12085,shared_oas,1.0,0.94541228,0.7132703517587939,0.0,0.0
Ennio_Doorbell,300,0,12085,local_oas,0.0,0.9474267199999999,0.6941989949748744,0.0,0.0
Ennio_Doorbell,300,0,12085,peer_cov_fixed,1.0,0.9973715999999999,0.8679195979899497,0.0004,0.6004
Ennio_Doorbell,300,0,12085,risk_blend,0.560949910577017,0.9850241200000001,0.7833829145728644,0.0,0.0
Ennio_Doorbell,300,0,12085,risk_blend_mismatch,0.06573469706027137,0.9485309199999999,0.7240201005025126,0.0,0.0
Ennio_Doorbell,300,0,12085,peer_cov_soft,1.0,0.998486,0.9239195979899497,0.0,0.0
Ennio_Doorbell,300,0,12085,risk_soft_cov,0.9989387761419305,0.99848596,0.9239175879396986,0.0,0.0
Ennio_Doorbell,300,0,12085,risk_soft_cov_mismatch,0.09912173216304285,0.9508585200000002,0.7222814070351758,0.0,0.0
Ennio_Doorbell,300,1,1380,shared_oas,1.0,0.9990945600000001,0.9545005025125629,0.0932,1.0
Ennio_Doorbell,300,1,1380,local_oas,0.0,0.99910004,0.9547758793969849,0.0924,1.0
Ennio_Doorbell,300,1,1380,peer_cov_fixed,1.0,0.99959384,0.9795899497487437,0.0066,0.9998
Ennio_Doorbell,300,1,1380,risk_blend,0.014515653161852314,0.9991080800000001,0.9551798994974875,0.1024,1.0
Ennio_Doorbell,300,1,1380,risk_blend_mismatch,0.00329423574707188,0.99910316,0.9549326633165829,0.1046,1.0
Ennio_Doorbell,300,1,1380,peer_cov_soft,1.0,0.9497443999999999,0.7964321608040201,0.0724,0.5952
Ennio_Doorbell,300,1,1380,risk_soft_cov,0.9875731268470977,0.97052872,0.7965829145728642,0.014,0.5952
Ennio_Doorbell,300,1,1380,risk_soft_cov_mismatch,0.009636182842962417,0.9991084,0.9551959798994976,0.081,1.0
Ennio_Doorbell,300,2,16724,shared_oas,1.0,0.9495554,0.7868804020100502,0.0,0.4528
Ennio_Doorbell,300,2,16724,local_oas,0.0,0.9637673600000001,0.7869768844221106,0.0,0.4536
Ennio_Doorbell,300,2,16724,peer_cov_fixed,1.0,0.99855232,0.9272522613065326,0.0034,0.5982
Ennio_Doorbell,300,2,16724,risk_blend,0.04289237717730733,0.95120888,0.7885829145728643,0.0,0.3948
Ennio_Doorbell,300,2,16724,risk_blend_mismatch,0.008755936731053796,0.95239332,0.7881246231155778,0.0,0.412
Ennio_Doorbell,300,2,16724,peer_cov_soft,1.0,0.94836224,0.7979899497487437,0.0678,0.5982
Ennio_Doorbell,300,2,16724,risk_soft_cov,0.9958812288781322,0.96749432,0.7980904522613065,0.0014,0.5982
Ennio_Doorbell,300,2,16724,risk_soft_cov_mismatch,0.02730062481325634,0.96251104,0.7880683417085427,0.0,0.4542
Ennio_Doorbell,300,3,4467,shared_oas,1.0,0.97161952,0.7905628140703518,0.1288,1.0
Ennio_Doorbell,300,3,4467,local_oas,0.0,0.9712406,0.788,0.1242,1.0
Ennio_Doorbell,300,3,4467,peer_cov_fixed,1.0,0.99935188,0.9674311557788944,0.0072,0.9998
Ennio_Doorbell,300,3,4467,risk_blend,0.01495899736572546,0.97804672,0.7971999999999999,0.1152,1.0
Ennio_Doorbell,300,3,4467,risk_blend_mismatch,0.003326588205894107,0.97309384,0.795756783919598,0.1216,1.0
Ennio_Doorbell,300,3,4467,peer_cov_soft,1.0,0.948361,0.7968321608040201,0.0868,0.5966
Ennio_Doorbell,300,3,4467,risk_soft_cov,0.9879423443530813,0.96965188,0.7972723618090451,0.0488,0.5966
Ennio_Doorbell,300,3,4467,risk_soft_cov_mismatch,0.0095862153666334,0.97673804,0.7965246231155779,0.1028,1.0
Ennio_Doorbell,300,4,16116,shared_oas,1.0,0.99673312,0.8359798994974874,0.062,1.0
Ennio_Doorbell,300,4,16116,local_oas,0.0,0.99640256,0.8194653266331657,0.062,1.0
Ennio_Doorbell,300,4,16116,peer_cov_fixed,1.0,0.99809656,0.9043497487437187,0.0084,1.0
Ennio_Doorbell,300,4,16116,risk_blend,0.010504271767611519,0.99606564,0.8023015075376885,0.055,1.0
Ennio_Doorbell,300,4,16116,risk_blend_mismatch,0.002359545170524831,0.99609012,0.8037286432160804,0.0624,1.0
Ennio_Doorbell,300,4,16116,peer_cov_soft,1.0,0.94983616,0.8008000000000001,0.0714,0.6036
Ennio_Doorbell,300,4,16116,risk_soft_cov,0.9828402730893785,0.97564644,0.8008040201005026,0.0008,0.6036
Ennio_Doorbell,300,4,16116,risk_soft_cov_mismatch,0.00873402481993014,0.9963748,0.8178472361809045,0.05,1.0
Ennio_Doorbell,300,5,3631,shared_oas,1.0,0.99816968,0.9080241206030151,0.0754,1.0
Ennio_Doorbell,300,5,3631,local_oas,0.0,0.99796964,0.8979718592964825,0.0748,1.0
Ennio_Doorbell,300,5,3631,peer_cov_fixed,1.0,0.99936832,0.9682572864321608,0.0082,1.0
Ennio_Doorbell,300,5,3631,risk_blend,0.015065031306917451,0.99849972,0.9246090452261306,0.0674,1.0
Ennio_Doorbell,300,5,3631,risk_blend_mismatch,0.00336698265557639,0.99794584,0.8967758793969849,0.0766,1.0
Ennio_Doorbell,300,5,3631,peer_cov_soft,1.0,0.95132168,0.80156783919598,0.077,0.6052
Ennio_Doorbell,300,5,3631,risk_soft_cov,0.9880274684372509,0.9690462,0.8016080402010051,0.0226,0.6052
Ennio_Doorbell,300,5,3631,risk_soft_cov_mismatch,0.00974573415534986,0.99857816,0.9285507537688442,0.0492,1.0
Ennio_Doorbell,300,6,11832,shared_oas,1.0,0.98404804,0.7810854271356784,0.0094,0.5962
Ennio_Doorbell,300,6,11832,local_oas,0.0,0.9825592,0.7797286432160804,0.0044,0.5812
Ennio_Doorbell,300,6,11832,peer_cov_fixed,1.0,0.99790496,0.8947216080402011,0.0552,1.0
Ennio_Doorbell,300,6,11832,risk_blend,0.005053200056021584,0.9810085599999999,0.7821206030150754,0.0168,0.5974
Ennio_Doorbell,300,6,11832,risk_blend_mismatch,0.0009545926036635993,0.98096988,0.7806733668341708,0.0096,0.5968
Ennio_Doorbell,300,6,11832,peer_cov_soft,1.0,0.94480256,0.7975879396984924,0.0784,0.5974
Ennio_Doorbell,300,6,11832,risk_soft_cov,0.9647915964786364,0.99522668,0.797686432160804,0.0158,0.9998
Ennio_Doorbell,300,6,11832,risk_soft_cov_mismatch,0.003000264432864782,0.98070476,0.7757587939698491,0.0096,0.5938
Ennio_Doorbell,300,7,15161,shared_oas,1.0,0.9659594800000001,0.7588562814070352,0.2848,1.0
Ennio_Doorbell,300,7,15161,local_oas,0.0,0.9703267600000001,0.7558934673366834,0.2732,1.0
Ennio_Doorbell,300,7,15161,peer_cov_fixed,1.0,0.99869776,0.9345608040201006,0.0362,1.0
Ennio_Doorbell,300,7,15161,risk_blend,0.004551752604072963,0.96446612,0.7639477386934673,0.3004,1.0
Ennio_Doorbell,300,7,15161,risk_blend_mismatch,0.0008597013326468614,0.9663149999999999,0.7588743718592965,0.2916,1.0
Ennio_Doorbell,300,7,15161,peer_cov_soft,1.0,0.94596448,0.7956783919597991,0.0698,0.5936
Ennio_Doorbell,300,7,15161,risk_soft_cov,0.961044999519391,0.99486596,0.7957788944723618,0.0098,0.5936
Ennio_Doorbell,300,7,15161,risk_soft_cov_mismatch,0.002771407402798356,0.97171772,0.7582010050251256,0.284,1.0
Ennio_Doorbell,300,8,25388,shared_oas,1.0,0.97460668,0.793443216080402,0.078,0.9994
Ennio_Doorbell,300,8,25388,local_oas,0.0,0.99584096,0.7991979899497488,0.0812,0.9994
Ennio_Doorbell,300,8,25388,peer_cov_fixed,1.0,0.99857928,0.9286070351758794,0.0424,1.0
Ennio_Doorbell,300,8,25388,risk_blend,0.005646916621672127,0.9923672400000001,0.7957849246231155,0.0826,0.9994
Ennio_Doorbell,300,8,25388,risk_blend_mismatch,0.0010794735096939523,0.9945028,0.7929708542713567,0.079,0.9994
Ennio_Doorbell,300,8,25388,peer_cov_soft,1.0,0.9493518000000001,0.8017969849246231,0.0692,0.6056
Ennio_Doorbell,300,8,25388,risk_soft_cov,0.968394616131946,0.9970206800000001,0.8532603015075377,0.0074,0.6056
Ennio_Doorbell,300,8,25388,risk_soft_cov_mismatch,0.003345156986347518,0.9926275200000001,0.7933407035175879,0.0768,0.9994
Ennio_Doorbell,300,9,2727,shared_oas,1.0,0.9983918,0.9191859296482412,0.0484,1.0
Ennio_Doorbell,300,9,2727,local_oas,0.0,0.9981513999999999,0.907105527638191,0.0502,1.0
Ennio_Doorbell,300,9,2727,peer_cov_fixed,1.0,0.99951784,0.9757708542713568,0.0072,1.0
Ennio_Doorbell,300,9,2727,risk_blend,0.014784413507377709,0.99871424,0.9353889447236181,0.0342,1.0
Ennio_Doorbell,300,9,2727,risk_blend_mismatch,0.0032934081887386973,0.99807132,0.9030814070351758,0.045,1.0
Ennio_Doorbell,300,9,2727,peer_cov_soft,1.0,0.9507386,0.798054271356784,0.0726,0.5982
Ennio_Doorbell,300,9,2727,risk_soft_cov,0.9877995610634919,0.97058824,0.7980904522613065,0.0004,0.5982
Ennio_Doorbell,300,9,2727,risk_soft_cov_mismatch,0.009493453476148557,0.99895532,0.9475035175879396,0.019,1.0
Ennio_Doorbell,300,10,1285,shared_oas,1.0,0.99920152,0.9598753768844221,0.107,1.0
Ennio_Doorbell,300,10,1285,local_oas,0.0,0.99912932,0.9562472361809045,0.1116,1.0
Ennio_Doorbell,300,10,1285,peer_cov_fixed,1.0,0.99960408,0.9801045226130654,0.0066,0.9998
Ennio_Doorbell,300,10,1285,risk_blend,0.014780196762103527,0.99936788,0.968235175879397,0.1044,1.0
Ennio_Doorbell,300,10,1285,risk_blend_mismatch,0.0033687824207207584,0.99936728,0.9682050251256282,0.1082,1.0
Ennio_Doorbell,300,10,1285,peer_cov_soft,1.0,0.95082488,0.8019095477386935,0.071,0.6062
Ennio_Doorbell,300,10,1285,risk_soft_cov,0.987796071198491,0.9718566,0.802110552763819,0.0184,0.6062
Ennio_Doorbell,300,10,1285,risk_soft_cov_mismatch,0.0098742266824153,0.99936872,0.9682773869346734,0.096,1.0
Ennio_Doorbell,300,11,16953,shared_oas,1.0,0.95173308,0.7867477386934674,0.0,0.409
Ennio_Doorbell,300,11,16953,local_oas,0.0,0.9837651199999999,0.7783618090452261,0.0,0.4088
Ennio_Doorbell,300,11,16953,peer_cov_fixed,1.0,0.997924,0.895678391959799,0.0038,0.601
Ennio_Doorbell,300,11,16953,risk_blend,0.035409677465352875,0.9539642,0.7905587939698493,0.0,0.409
Ennio_Doorbell,300,11,16953,risk_blend_mismatch,0.006904583163061439,0.95845556,0.7881206030150754,0.0,0.4084
Ennio_Doorbell,300,11,16953,peer_cov_soft,1.0,0.94743764,0.7992964824120603,0.0694,0.6006
Ennio_Doorbell,300,11,16953,risk_soft_cov,0.9949764217378375,0.96688748,0.7992964824120603,0.0296,0.6006
Ennio_Doorbell,300,11,16953,risk_soft_cov_mismatch,0.020845976131374296,0.9713668000000001,0.7840442211055276,0.0,0.409
Ennio_Doorbell,300,12,22808,shared_oas,1.0,0.99940844,0.9702733668341709,0.3158,1.0
Ennio_Doorbell,300,12,22808,local_oas,0.0,0.99940376,0.970038190954774,0.3104,1.0
Ennio_Doorbell,300,12,22808,peer_cov_fixed,1.0,0.99804596,0.9018070351758793,0.0312,1.0
Ennio_Doorbell,300,12,22808,risk_blend,0.00505647405033948,0.9994110399999999,0.9704040201005025,0.313,1.0
Ennio_Doorbell,300,12,22808,risk_blend_mismatch,0.000952879021692058,0.99924128,0.9618733668341709,0.3092,1.0
Ennio_Doorbell,300,12,22808,peer_cov_soft,1.0,0.9459332,0.7953768844221105,0.072,0.5928
Ennio_Doorbell,300,12,22808,risk_soft_cov,0.9648137029830371,0.9879470800000001,0.7953768844221105,0.0282,0.5928
Ennio_Doorbell,300,12,22808,risk_soft_cov_mismatch,0.003065837734322974,0.99941496,0.9706010050251257,0.299,1.0
Ennio_Doorbell,300,13,17735,shared_oas,1.0,0.9990826399999999,0.9539015075376884,0.0622,1.0
Ennio_Doorbell,300,13,17735,local_oas,0.0,0.99917468,0.9585266331658292,0.0536,1.0
Ennio_Doorbell,300,13,17735,peer_cov_fixed,1.0,0.99824356,0.9117366834170855,0.035,1.0
Ennio_Doorbell,300,13,17735,risk_blend,0.005551519442086847,0.99815392,0.9072321608040201,0.0618,1.0
Ennio_Doorbell,300,13,17735,risk_blend_mismatch,0.0010734673616504804,0.9990212799999999,0.9508180904522613,0.0556,1.0
Ennio_Doorbell,300,13,17735,peer_cov_soft,1.0,0.9450175599999999,0.7994834170854271,0.0732,0.601
Ennio_Doorbell,300,13,17735,risk_soft_cov,0.9678659769635307,0.9960896800000001,0.803505527638191,0.0096,0.601
Ennio_Doorbell,300,13,17735,risk_soft_cov_mismatch,0.0035371725501277713,0.9991810799999999,0.9588482412060302,0.0526,1.0
Ennio_Doorbell,300,14,1473,shared_oas,1.0,0.9996725599999999,0.9835457286432161,0.1034,1.0
Ennio_Doorbell,300,14,1473,local_oas,0.0,0.9996772,0.9837788944723618,0.1082,1.0
Ennio_Doorbell,300,14,1473,peer_cov_fixed,1.0,0.99951936,0.9758472361809045,0.007,0.9998
Ennio_Doorbell,300,14,1473,risk_blend,0.014434898478067452,0.9996794800000001,0.9838934673366835,0.102,1.0
Ennio_Doorbell,300,14,1473,risk_blend_mismatch,0.003278129856166424,0.99967808,0.9838231155778894,0.111,1.0
Ennio_Doorbell,300,14,1473,peer_cov_soft,1.0,0.9502537600000001,0.7995638190954775,0.0718,0.6016
Ennio_Doorbell,300,14,1473,risk_soft_cov,0.987503463433855,0.97083696,0.7997949748743718,0.0018,0.6016
Ennio_Doorbell,300,14,1473,risk_soft_cov_mismatch,0.009553166350437408,0.99967992,0.9839155778894473,0.0942,1.0
Ennio_Doorbell,300,15,2532,shared_oas,1.0,0.99911768,0.9556623115577889,0.1106,1.0
Ennio_Doorbell,300,15,2532,local_oas,0.0,0.99888612,0.9440261306532662,0.1124,1.0
Ennio_Doorbell,300,15,2532,peer_cov_fixed,1.0,0.9994422399999999,0.9719718592964824,0.0068,1.0
Ennio_Doorbell,300,15,2532,risk_blend,0.014620176880256578,0.9992846,0.9640502512562814,0.095,1.0
Ennio_Doorbell,300,15,2532,risk_blend_mismatch,0.003323996505955504,0.9991252,0.9560402010050251,0.1024,1.0
Ennio_Doorbell,300,15,2532,peer_cov_soft,1.0,0.95238204,0.800353768844221,0.0692,0.603
Ennio_Doorbell,300,15,2532,risk_soft_cov,0.9876621663603252,0.976394,0.800502512562814,0.0062,0.603
Ennio_Doorbell,300,15,2532,risk_soft_cov_mismatch,0.009719858484879646,0.9992847199999999,0.9640562814070351,0.094,1.0
Ennio_Doorbell,300,16,12060,shared_oas,1.0,0.94717804,0.7380562814070352,0.0016,0.408
Ennio_Doorbell,300,16,12060,local_oas,0.0,0.94661852,0.715678391959799,0.0028,0.405
Ennio_Doorbell,300,16,12060,peer_cov_fixed,1.0,0.99802208,0.9006070351758795,0.0036,0.6048
Ennio_Doorbell,300,16,12060,risk_blend,0.5650065072919884,0.99143384,0.791921608040201,0.0032,0.5996
Ennio_Doorbell,300,16,12060,risk_blend_mismatch,0.06616179929454787,0.95203456,0.7584160804020101,0.0036,0.4842
Ennio_Doorbell,300,16,12060,peer_cov_soft,1.0,0.9987335199999999,0.9363577889447237,0.0,0.0
Ennio_Doorbell,300,16,12060,risk_soft_cov,0.9989618196077839,0.99873344,0.9363537688442212,0.0,0.0
Ennio_Doorbell,300,16,12060,risk_soft_cov_mismatch,0.09940193500768456,0.95287588,0.7573467336683417,0.0,0.4048
Ennio_Doorbell,300,17,25386,shared_oas,1.0,0.9725409600000001,0.7922733668341708,0.083,0.9996
Ennio_Doorbell,300,17,25386,local_oas,0.0,0.99633036,0.8189547738693468,0.0858,0.9996
Ennio_Doorbell,300,17,25386,peer_cov_fixed,1.0,0.99904216,0.9518673366834172,0.0412,1.0
Ennio_Doorbell,300,17,25386,risk_blend,0.005621379210117412,0.99290832,0.7949909547738694,0.0868,0.9996
Ennio_Doorbell,300,17,25386,risk_blend_mismatch,0.001073921228510786,0.99500224,0.7922150753768844,0.083,0.9996
Ennio_Doorbell,300,17,25386,peer_cov_soft,1.0,0.9477483600000001,0.7994974874371858,0.0726,0.6012
Ennio_Doorbell,300,17,25386,risk_soft_cov,0.9682548042448471,0.9975057199999999,0.8756723618090452,0.006,0.6012
Ennio_Doorbell,300,17,25386,risk_soft_cov_mismatch,0.0033287939940270673,0.9932559999999999,0.7926391959798995,0.0818,0.9996
Ennio_Doorbell,300,18,3125,shared_oas,1.0,0.9746228,0.7913386934673367,0.0634,0.61
Ennio_Doorbell,300,18,3125,local_oas,0.0,0.97354184,0.788532663316583,0.064,0.61
Ennio_Doorbell,300,18,3125,peer_cov_fixed,1.0,0.99945132,0.9724281407035176,0.0056,0.9998
Ennio_Doorbell,300,18,3125,risk_blend,0.01621069167176852,0.98095772,0.8036683417085426,0.0466,0.6102
Ennio_Doorbell,300,18,3125,risk_blend_mismatch,0.0036353095862757395,0.9756530800000001,0.7999175879396985,0.0582,0.61
Ennio_Doorbell,300,18,3125,peer_cov_soft,1.0,0.95516632,0.8038713567839196,0.0698,0.61
Ennio_Doorbell,300,18,3125,risk_soft_cov,0.9888769912562658,0.97202912,0.8040201005025126,0.0042,0.61
Ennio_Doorbell,300,18,3125,risk_soft_cov_mismatch,0.010666543655335653,0.97885668,0.800227135678392,0.0446,0.61
Ennio_Doorbell,300,19,16900,shared_oas,1.0,0.9547555600000001,0.7771859296482412,0.0,0.3888
Ennio_Doorbell,300,19,16900,local_oas,0.0,0.98309084,0.7614613065326634,0.0,0.3866
Ennio_Doorbell,300,19,16900,peer_cov_fixed,1.0,0.997414,0.8700502512562813,0.0036,0.596
Ennio_Doorbell,300,19,16900,risk_blend,0.04023389713985919,0.9581632800000001,0.7815778894472363,0.0,0.3866
Ennio_Doorbell,300,19,16900,risk_blend_mismatch,0.00784528331264244,0.9609278400000001,0.7789366834170854,0.0,0.3866
Ennio_Doorbell,300,19,16900,peer_cov_soft,1.0,0.9450658399999999,0.7968844221105528,0.0706,0.5958
Ennio_Doorbell,300,19,16900,risk_soft_cov,0.9955981338382889,0.9656104400000001,0.7968844221105528,0.025,0.5958
Ennio_Doorbell,300,19,16900,risk_soft_cov_mismatch,0.023290387761753777,0.9716394399999999,0.7736140703517589,0.0,0.3874
Ennio_Doorbell,300,20,17259,shared_oas,1.0,0.99275056,0.7754713567839195,0.0088,0.5914
Ennio_Doorbell,300,20,17259,local_oas,0.0,0.9932186,0.7743638190954774,0.0088,0.5914
Ennio_Doorbell,300,20,17259,peer_cov_fixed,1.0,0.9985259599999999,0.9259276381909548,0.0084,0.9998
Ennio_Doorbell,300,20,17259,risk_blend,0.010248271574012114,0.99201532,0.7795517587939699,0.0086,0.5914
Ennio_Doorbell,300,20,17259,risk_blend_mismatch,0.0022586070753722784,0.9925809200000001,0.7751517587939698,0.0088,0.5914
Ennio_Doorbell,300,20,17259,peer_cov_soft,1.0,0.94687824,0.7945648241206029,0.0714,0.5914
Ennio_Doorbell,300,20,17259,risk_soft_cov,0.9824146933288148,0.9892948,0.7946733668341709,0.0,0.5914
Ennio_Doorbell,300,20,17259,risk_soft_cov_mismatch,0.008601225187455213,0.99250164,0.7752844221105528,0.0084,0.5914
Ennio_Doorbell,300,21,4780,shared_oas,1.0,0.99920624,0.9601125628140703,0.1304,1.0
Ennio_Doorbell,300,21,4780,local_oas,0.0,0.9990534400000001,0.9524341708542714,0.1278,1.0
Ennio_Doorbell,300,21,4780,peer_cov_fixed,1.0,0.9997623600000001,0.9880582914572864,0.0072,1.0
Ennio_Doorbell,300,21,4780,risk_blend,0.014960150143997524,0.99929088,0.9643658291457287,0.1264,1.0
Ennio_Doorbell,300,21,4780,risk_blend_mismatch,0.0033745968939233218,0.99928984,0.9643135678391961,0.1326,1.0
Ennio_Doorbell,300,21,4780,peer_cov_soft,1.0,0.94881332,0.8021648241206031,0.0812,0.6068
Ennio_Doorbell,300,21,4780,risk_soft_cov,0.9879432762125189,0.9680594,0.8024120603015076,0.0228,0.6068
Ennio_Doorbell,300,21,4780,risk_soft_cov_mismatch,0.00959338287210393,0.99929124,0.96438391959799,0.1158,1.0
Ennio_Doorbell,300,22,7496,shared_oas,1.0,0.99919888,0.9597427135678391,0.0882,1.0
Ennio_Doorbell,300,22,7496,local_oas,0.0,0.99920364,0.9599819095477387,0.0886,1.0
Ennio_Doorbell,300,22,7496,peer_cov_fixed,1.0,0.99944768,0.9722452261306532,0.0072,1.0
Ennio_Doorbell,300,22,7496,risk_blend,0.014859737239662475,0.9992057999999999,0.9600904522613065,0.0804,1.0
Ennio_Doorbell,300,22,7496,risk_blend_mismatch,0.0033077473316749455,0.9992028399999999,0.9599417085427135,0.0866,1.0
Ennio_Doorbell,300,22,7496,peer_cov_soft,1.0,0.9518906,0.8020683417085428,0.0706,0.6064
Ennio_Doorbell,300,22,7496,risk_soft_cov,0.9878615709553545,0.972448,0.8022110552763819,0.0178,0.6064
Ennio_Doorbell,300,22,7496,risk_soft_cov_mismatch,0.009466468586002407,0.99921164,0.96038391959799,0.071,1.0
Ennio_Doorbell,300,23,14715,shared_oas,1.0,0.999231,0.961356783919598,0.0654,1.0
Ennio_Doorbell,300,23,14715,local_oas,0.0,0.9990720399999999,0.9533688442211055,0.0624,1.0
Ennio_Doorbell,300,23,14715,peer_cov_fixed,1.0,0.99840436,0.9198170854271357,0.0358,1.0
Ennio_Doorbell,300,23,14715,risk_blend,0.004518229551705428,0.9992500799999999,0.9623155778894472,0.0478,1.0
Ennio_Doorbell,300,23,14715,risk_blend_mismatch,0.0008500788759592157,0.9992333999999999,0.9614773869346733,0.059,1.0
Ennio_Doorbell,300,23,14715,peer_cov_soft,1.0,0.9468822400000001,0.7994974874371858,0.0746,0.6012
Ennio_Doorbell,300,23,14715,risk_soft_cov,0.9607660424086245,0.98763772,0.7995979899497487,0.003,0.6012
Ennio_Doorbell,300,23,14715,risk_soft_cov_mismatch,0.0027534605202705156,0.99925388,0.9625065326633165,0.0442,1.0
Ennio_Doorbell,300,24,1654,shared_oas,1.0,0.9991834399999999,0.9589668341708544,0.0628,1.0
Ennio_Doorbell,300,24,1654,local_oas,0.0,0.9991902,0.9593065326633166,0.0642,1.0
Ennio_Doorbell,300,24,1654,peer_cov_fixed,1.0,0.99975916,0.987897487437186,0.008,1.0
Ennio_Doorbell,300,24,1654,risk_blend,0.014797483931813755,0.9991951600000001,0.9595557788944724,0.0414,1.0
Ennio_Doorbell,300,24,1654,risk_blend_mismatch,0.0033609123951242,0.99919236,0.9594150753768844,0.0566,1.0
Ennio_Doorbell,300,24,1654,peer_cov_soft,1.0,0.9516973200000001,0.7986773869346734,0.072,0.5996
Ennio_Doorbell,300,24,1654,risk_soft_cov,0.9878103659342028,0.97090608,0.7987939698492463,0.0006,0.5996
Ennio_Doorbell,300,24,1654,risk_soft_cov_mismatch,0.009771891109603623,0.9991987200000001,0.9597346733668342,0.0366,1.0
Ennio_Doorbell,300,25,16275,shared_oas,1.0,0.99786428,0.8926773869346734,0.069,1.0
Ennio_Doorbell,300,25,16275,local_oas,0.0,0.9978170000000001,0.8903015075376886,0.0692,1.0
Ennio_Doorbell,300,25,16275,peer_cov_fixed,1.0,0.99749452,0.8740964824120603,0.0112,1.0
Ennio_Doorbell,300,25,16275,risk_blend,0.007998909288345521,0.9967486799999999,0.8366331658291457,0.0594,1.0
Ennio_Doorbell,300,25,16275,risk_blend_mismatch,0.001652366132336708,0.99765288,0.8820542713567839,0.0664,1.0
Ennio_Doorbell,300,25,16275,peer_cov_soft,1.0,0.94739584,0.8033085427135678,0.0722,0.6086
Ennio_Doorbell,300,25,16275,risk_soft_cov,0.977530614300436,0.98841456,0.8033165829145729,0.0004,0.6086
Ennio_Doorbell,300,25,16275,risk_soft_cov_mismatch,0.0059414435609215065,0.99794516,0.8967417085427136,0.0602,1.0
Ennio_Doorbell,300,26,13745,shared_oas,1.0,0.99618896,0.8085226130653267,0.2058,1.0
Ennio_Doorbell,300,26,13745,local_oas,0.0,0.9960214,0.8002190954773869,0.2024,1.0
Ennio_Doorbell,300,26,13745,peer_cov_fixed,1.0,0.9983562,0.9173969849246232,0.0392,1.0
Ennio_Doorbell,300,26,13745,risk_blend,0.004610213813232641,0.99537196,0.7831718592964825,0.2226,1.0
Ennio_Doorbell,300,26,13745,risk_blend_mismatch,0.0008695842813943195,0.9954822,0.7730733668341709,0.2066,1.0
Ennio_Doorbell,300,26,13745,peer_cov_soft,1.0,0.9496799200000001,0.8033165829145729,0.0694,0.6086
Ennio_Doorbell,300,26,13745,risk_soft_cov,0.961522144703344,0.99521184,0.8033165829145729,0.0154,0.9996
Ennio_Doorbell,300,26,13745,risk_soft_cov_mismatch,0.002804474017155455,0.9965224,0.8253145728643216,0.2028,1.0
Ennio_Doorbell,300,27,326,shared_oas,1.0,0.9957858399999999,0.7882331658291457,0.0064,0.5838
Ennio_Doorbell,300,27,326,local_oas,0.0,0.99597164,0.7975698492462311,0.0062,0.5838
Ennio_Doorbell,300,27,326,peer_cov_fixed,1.0,0.99850016,0.9246311557788944,0.0074,0.9998
Ennio_Doorbell,300,27,326,risk_blend,0.008596234837063179,0.99543708,0.7832562814070352,0.0068,0.5838
Ennio_Doorbell,300,27,326,risk_blend_mismatch,0.0017869696323444737,0.9957305599999999,0.7854552763819096,0.0064,0.5838
Ennio_Doorbell,300,27,326,peer_cov_soft,1.0,0.94772292,0.7907537688442211,0.0696,0.5838
Ennio_Doorbell,300,27,326,risk_soft_cov,0.9790715918747043,0.98992796,0.7908542713567839,0.0006,0.5838
Ennio_Doorbell,300,27,326,risk_soft_cov_mismatch,0.0062295954692124945,0.9958218,0.7900402010050251,0.0062,0.5838
Ennio_Doorbell,300,28,22234,shared_oas,1.0,0.9988032800000001,0.9398633165829146,0.0886,1.0
Ennio_Doorbell,300,28,22234,local_oas,0.0,0.99813588,0.9063256281407035,0.0856,1.0
Ennio_Doorbell,300,28,22234,peer_cov_fixed,1.0,0.99809416,0.9042291457286432,0.0248,1.0
Ennio_Doorbell,300,28,22234,risk_blend,0.005485652181594149,0.99821512,0.9103075376884422,0.0966,1.0
Ennio_Doorbell,300,28,22234,risk_blend_mismatch,0.0010357695013126105,0.9978161600000001,0.8902592964824121,0.0862,1.0
Ennio_Doorbell,300,28,22234,peer_cov_soft,1.0,0.9461256800000001,0.800502512562814,0.07,0.603
Ennio_Doorbell,300,28,22234,risk_soft_cov,0.9674905971637474,0.99491072,0.800502512562814,0.008,0.603
Ennio_Doorbell,300,28,22234,risk_soft_cov_mismatch,0.0033155987971407825,0.99833024,0.9160924623115578,0.081,1.0
Ennio_Doorbell,300,29,25650,shared_oas,1.0,0.94571336,0.7297929648241206,0.0,0.0
Ennio_Doorbell,300,29,25650,local_oas,0.0,0.96703572,0.719137688442211,0.0,0.0
Ennio_Doorbell,300,29,25650,peer_cov_fixed,1.0,0.99751476,0.8751135678391959,0.0002,0.598
Ennio_Doorbell,300,29,25650,risk_blend,0.5658191487186225,0.99496684,0.7913206030150755,0.0,0.0
Ennio_Doorbell,300,29,25650,risk_blend_mismatch,0.06094251607954401,0.97492952,0.7419276381909548,0.0,0.0
Ennio_Doorbell,300,29,25650,peer_cov_soft,1.0,0.9989562,0.9475678391959799,0.0,0.0
Ennio_Doorbell,300,29,25650,risk_soft_cov,0.9988349464633312,0.9989562,0.9475658291457287,0.0,0.0
Ennio_Doorbell,300,29,25650,risk_soft_cov_mismatch,0.0907266321061974,0.97728956,0.7439396984924623,0.0,0.0
Ennio_Doorbell,1000,0,1050,shared_oas,1.0,0.99858988,0.9291396984924623,0.0998,1.0
Ennio_Doorbell,1000,0,1050,local_oas,0.0,0.99793244,0.8961025125628141,0.1032,1.0
Ennio_Doorbell,1000,0,1050,peer_cov_fixed,1.0,0.99833836,0.9165005025125628,0.0048,1.0
Ennio_Doorbell,1000,0,1050,risk_blend,0.004373767288119254,0.9984176,0.9204824120603015,0.1092,1.0
Ennio_Doorbell,1000,0,1050,risk_blend_mismatch,0.0009832031972077727,0.99805916,0.902470351758794,0.1066,1.0
Ennio_Doorbell,1000,0,1050,peer_cov_soft,1.0,0.93820952,0.7959035175879396,0.0748,0.6044
Ennio_Doorbell,1000,0,1050,risk_soft_cov,0.9595169912690963,0.9897144,0.8012060301507538,0.0014,0.6044
Ennio_Doorbell,1000,0,1050,risk_soft_cov_mismatch,0.0029314408469007396,0.99865172,0.9322472361809044,0.0974,1.0
Ennio_Doorbell,1000,1,20467,shared_oas,1.0,0.97021808,0.7595517587939699,0.2222,1.0
Ennio_Doorbell,1000,1,20467,local_oas,0.0,0.9706212,0.7590793969849245,0.229,1.0
Ennio_Doorbell,1000,1,20467,peer_cov_fixed,1.0,0.99830764,0.914956783919598,0.025,1.0
Ennio_Doorbell,1000,1,20467,risk_blend,0.0014549571949979705,0.97135656,0.7673849246231155,0.2262,1.0
Ennio_Doorbell,1000,1,20467,risk_blend_mismatch,0.0002748784325790916,0.9700906,0.759732663316583,0.2298,1.0
Ennio_Doorbell,1000,1,20467,peer_cov_soft,1.0,0.93860084,0.7967417085427135,0.0706,0.5974
Ennio_Doorbell,1000,1,20467,risk_soft_cov,0.8871517541119107,0.99557076,0.7976884422110553,0.0178,1.0
Ennio_Doorbell,1000,1,20467,risk_soft_cov_mismatch,0.0008850850161069598,0.97212688,0.7599195979899498,0.222,1.0
Ennio_Doorbell,1000,2,19541,shared_oas,1.0,0.9645441200000001,0.758643216080402,0.2318,1.0
Ennio_Doorbell,1000,2,19541,local_oas,0.0,0.9691689199999999,0.7584040201005025,0.2456,1.0
Ennio_Doorbell,1000,2,19541,peer_cov_fixed,1.0,0.99811412,0.90523216080402,0.025,1.0
Ennio_Doorbell,1000,2,19541,risk_blend,0.0014918103732771435,0.9673152,0.7602693467336683,0.2352,1.0
Ennio_Doorbell,1000,2,19541,risk_blend_mismatch,0.0002816984243801713,0.96758392,0.7586452261306533,0.2448,1.0
Ennio_Doorbell,1000,2,19541,peer_cov_soft,1.0,0.9192563199999999,0.7935597989949749,0.0732,0.5902
Ennio_Doorbell,1000,2,19541,risk_soft_cov,0.8896354622736318,0.9947562400000001,0.7941346733668342,0.0262,1.0
Ennio_Doorbell,1000,2,19541,risk_soft_cov_mismatch,0.000906977172398022,0.96953068,0.7585949748743719,0.2384,1.0
Ennio_Doorbell,1000,3,8850,shared_oas,1.0,0.99730496,0.8646934673366834,0.1258,1.0
Ennio_Doorbell,1000,3,8850,local_oas,0.0,0.99400008,0.7838613065326634,0.1264,1.0
Ennio_Doorbell,1000,3,8850,peer_cov_fixed,1.0,0.9985478,0.9270251256281408,0.0022,0.5968
Ennio_Doorbell,1000,3,8850,risk_blend,0.004427369734583614,0.9982258799999999,0.9108482412060301,0.1126,1.0
Ennio_Doorbell,1000,3,8850,risk_blend_mismatch,0.0009846576341039697,0.9975594400000001,0.8774713567839196,0.1204,1.0
Ennio_Doorbell,1000,3,8850,peer_cov_soft,1.0,0.9476391200000001,0.7904120603015076,0.0696,0.5968
Ennio_Doorbell,1000,3,8850,risk_soft_cov,0.9599895782893899,0.99489476,0.7973869346733669,0.0006,0.5968
Ennio_Doorbell,1000,3,8850,risk_soft_cov_mismatch,0.0028948455875475775,0.99830528,0.9148381909547739,0.1144,1.0
Ennio_Doorbell,1000,4,8752,shared_oas,1.0,0.9978736,0.8932442211055276,0.1154,1.0
Ennio_Doorbell,1000,4,8752,local_oas,0.0,0.994604,0.7929768844221106,0.1188,1.0
Ennio_Doorbell,1000,4,8752,peer_cov_fixed,1.0,0.9988060799999999,0.9400040201005025,0.0014,0.6022
Ennio_Doorbell,1000,4,8752,risk_blend,0.00445107538286453,0.99864764,0.9320422110552764,0.1026,1.0
Ennio_Doorbell,1000,4,8752,risk_blend_mismatch,0.0009880338440475492,0.99816084,0.9076683417085427,0.1112,1.0
Ennio_Doorbell,1000,4,8752,peer_cov_soft,1.0,0.9486252399999999,0.794259296482412,0.069,0.602
Ennio_Doorbell,1000,4,8752,risk_soft_cov,0.9601950947207684,0.9899770000000001,0.8002010050251256,0.0004,0.6024
Ennio_Doorbell,1000,4,8752,risk_soft_cov_mismatch,0.002900291657119274,0.9988857200000001,0.9440060301507538,0.1044,1.0
Ennio_Doorbell,1000,5,12942,shared_oas,1.0,0.9534772,0.7776261306532664,0.0024,0.5248
Ennio_Doorbell,1000,5,12942,local_oas,0.0,0.95846804,0.7766070351758794,0.0012,0.5246
Ennio_Doorbell,1000,5,12942,peer_cov_fixed,1.0,0.9982482,0.9119698492462311,0.0138,1.0
Ennio_Doorbell,1000,5,12942,risk_blend,0.004295133714011171,0.95166264,0.781859296482412,0.0024,0.525
Ennio_Doorbell,1000,5,12942,risk_blend_mismatch,0.0008247148051565366,0.95397032,0.7781608040201005,0.0022,0.5246
Ennio_Doorbell,1000,5,12942,peer_cov_soft,1.0,0.92853644,0.7990954773869346,0.0662,0.6026
Ennio_Doorbell,1000,5,12942,risk_soft_cov,0.9588032558013478,0.994591,0.8002452261306533,0.0042,0.6026
Ennio_Doorbell,1000,5,12942,risk_soft_cov_mismatch,0.0026697938979045824,0.95643356,0.7781326633165829,0.0024,0.5252
Ennio_Doorbell,1000,6,1969,shared_oas,1.0,0.9721557599999999,0.7806090452261307,0.1166,1.0
Ennio_Doorbell,1000,6,1969,local_oas,0.0,0.97040156,0.7702713567839196,0.1194,1.0
Ennio_Doorbell,1000,6,1969,peer_cov_fixed,1.0,0.99873412,0.9363879396984925,0.0036,0.9996
Ennio_Doorbell,1000,6,1969,risk_blend,0.00452018059472459,0.97967572,0.8006954773869347,0.1334,1.0
Ennio_Doorbell,1000,6,1969,risk_blend_mismatch,0.0010041240950384148,0.97419112,0.7933266331658292,0.1228,1.0
Ennio_Doorbell,1000,6,1969,peer_cov_soft,1.0,0.9325306,0.7954371859296483,0.0696,0.605
Ennio_Doorbell,1000,6,1969,risk_soft_cov,0.9607823866549338,0.98891528,0.8015075376884422,0.0026,0.605
Ennio_Doorbell,1000,6,1969,risk_soft_cov_mismatch,0.0029342634799676584,0.97718824,0.7989467336683418,0.112,1.0
Ennio_Doorbell,1000,7,20735,shared_oas,1.0,0.9669466800000001,0.7643175879396985,0.232,1.0
Ennio_Doorbell,1000,7,20735,local_oas,0.0,0.9678116,0.7641266331658292,0.2246,1.0
Ennio_Doorbell,1000,7,20735,peer_cov_fixed,1.0,0.9970004,0.8492663316582915,0.0264,1.0
Ennio_Doorbell,1000,7,20735,risk_blend,0.0014246114408168478,0.96882208,0.7649386934673367,0.2508,1.0
Ennio_Doorbell,1000,7,20735,risk_blend_mismatch,0.00026871503630589724,0.96722228,0.7642251256281407,0.2412,1.0
Ennio_Doorbell,1000,7,20735,peer_cov_soft,1.0,0.9223608,0.7956783919597991,0.068,0.5952
Ennio_Doorbell,1000,7,20735,risk_soft_cov,0.8850212500866054,0.99481612,0.7965648241206029,0.0274,1.0
Ennio_Doorbell,1000,7,20735,risk_soft_cov_mismatch,0.0008671800375740363,0.96959272,0.7643678391959798,0.2248,1.0
Ennio_Doorbell,1000,8,14009,shared_oas,1.0,0.9663013600000001,0.7633989949748744,0.2112,1.0
Ennio_Doorbell,1000,8,14009,local_oas,0.0,0.9667384,0.7632542713567839,0.211,1.0
Ennio_Doorbell,1000,8,14009,peer_cov_fixed,1.0,0.99758052,0.8784180904522614,0.0422,1.0
Ennio_Doorbell,1000,8,14009,risk_blend,0.0013114226230687832,0.96836924,0.7653788944723618,0.202,1.0
Ennio_Doorbell,1000,8,14009,risk_blend_mismatch,0.0002472970396920193,0.9666163999999999,0.7633085427135679,0.2074,1.0
Ennio_Doorbell,1000,8,14009,peer_cov_soft,1.0,0.9373261199999999,0.7968160804020101,0.0714,0.597
Ennio_Doorbell,1000,8,14009,risk_soft_cov,0.8763124849935737,0.99532304,0.7974452261306533,0.0268,1.0
Ennio_Doorbell,1000,8,14009,risk_soft_cov_mismatch,0.0007992596911054924,0.9683230800000001,0.7634512562814071,0.207,1.0
Ennio_Doorbell,1000,9,15048,shared_oas,1.0,0.9680740800000001,0.7619577889447237,0.0368,0.5346
Ennio_Doorbell,1000,9,15048,local_oas,0.0,0.9689394000000001,0.7626673366834171,0.025,0.5298
Ennio_Doorbell,1000,9,15048,peer_cov_fixed,1.0,0.99767344,0.8830874371859296,0.0192,1.0
Ennio_Doorbell,1000,9,15048,risk_blend,0.001772123298731127,0.9726790399999999,0.7637467336683417,0.0278,0.5534
Ennio_Doorbell,1000,9,15048,risk_blend_mismatch,0.00034971548524658077,0.9698144,0.7627316582914573,0.0276,0.5324
Ennio_Doorbell,1000,9,15048,peer_cov_soft,1.0,0.9426130800000001,0.7982753768844221,0.0636,0.5992
Ennio_Doorbell,1000,9,15048,risk_soft_cov,0.9054661330397414,0.9963884000000001,0.818651256281407,0.0002,0.5992
Ennio_Doorbell,1000,9,15048,risk_soft_cov_mismatch,0.0011983811855365,0.97248128,0.7630311557788945,0.0076,0.5304
Ennio_Doorbell,1000,10,20047,shared_oas,1.0,0.9696626800000001,0.7635939698492462,0.2002,1.0
Ennio_Doorbell,1000,10,20047,local_oas,0.0,0.97014428,0.7633869346733668,0.2082,1.0
Ennio_Doorbell,1000,10,20047,peer_cov_fixed,1.0,0.9971106000000001,0.8548060301507537,0.0276,1.0
Ennio_Doorbell,1000,10,20047,risk_blend,0.0013984907304924173,0.97142292,0.7636261306532663,0.2006,1.0
Ennio_Doorbell,1000,10,20047,risk_blend_mismatch,0.00026426760183860217,0.9698244799999999,0.7634070351758795,0.2032,1.0
Ennio_Doorbell,1000,10,20047,peer_cov_soft,1.0,0.9384856399999999,0.7978854271356783,0.07,0.5992
Ennio_Doorbell,1000,10,20047,risk_soft_cov,0.8831219971008223,0.9947831199999999,0.7985286432160804,0.0232,0.9996
Ennio_Doorbell,1000,10,20047,risk_soft_cov_mismatch,0.0008519452481983408,0.9718902399999999,0.7633748743718594,0.2036,1.0
Ennio_Doorbell,1000,11,18353,shared_oas,1.0,0.9668852,0.7544462311557789,0.0468,0.5996
Ennio_Doorbell,1000,11,18353,local_oas,0.0,0.9663043199999999,0.7533145728643216,0.048,0.5996
Ennio_Doorbell,1000,11,18353,peer_cov_fixed,1.0,0.9976764,0.8832361809045226,0.0036,0.5996
Ennio_Doorbell,1000,11,18353,risk_blend,0.0034242381372216065,0.97001424,0.763591959798995,0.051,0.5996
Ennio_Doorbell,1000,11,18353,risk_blend_mismatch,0.0007555176819897596,0.96740316,0.755262311557789,0.0514,0.5996
Ennio_Doorbell,1000,11,18353,peer_cov_soft,1.0,0.9287460399999999,0.7980643216080402,0.0672,0.5994
Ennio_Doorbell,1000,11,18353,risk_soft_cov,0.9488189530519274,0.99623512,0.8108603015075377,0.0004,0.5996
Ennio_Doorbell,1000,11,18353,risk_soft_cov_mismatch,0.0028767410230638095,0.96882756,0.7577869346733669,0.0408,0.5996
Ennio_Doorbell,1000,12,11790,shared_oas,1.0,0.95530548,0.7195658291457286,0.0,0.0
Ennio_Doorbell,1000,12,11790,local_oas,0.0,0.95630052,0.7128643216080403,0.0,0.0
Ennio_Doorbell,1000,12,11790,peer_cov_fixed,1.0,0.99772504,0.8856804020100502,0.0046,0.5946
Ennio_Doorbell,1000,12,11790,risk_blend,0.0937158628752717,0.96896688,0.7600442211055276,0.0,0.0
Ennio_Doorbell,1000,12,11790,risk_blend_mismatch,0.015989770412957037,0.9587488000000001,0.7205668341708543,0.0,0.0
Ennio_Doorbell,1000,12,11790,peer_cov_soft,1.0,0.926161,0.795175879396985,0.0054,0.5924
Ennio_Doorbell,1000,12,11790,risk_soft_cov,0.9982114364493985,0.94567608,0.796259296482412,0.0,0.5924
Ennio_Doorbell,1000,12,11790,risk_soft_cov_mismatch,0.024399582584092264,0.95647572,0.7185366834170854,0.0,0.0
Ennio_Doorbell,1000,13,975,shared_oas,1.0,0.99998644,0.9993185929648241,0.1088,1.0
Ennio_Doorbell,1000,13,975,local_oas,0.0,0.999517,0.9757286432160804,0.1118,1.0
Ennio_Doorbell,1000,13,975,peer_cov_fixed,1.0,0.99864456,0.9318874371859297,0.0034,0.9996
Ennio_Doorbell,1000,13,975,risk_blend,0.004276098663472676,0.99936092,0.9678854271356784,0.1136,1.0
Ennio_Doorbell,1000,13,975,risk_blend_mismatch,0.0009613919937659474,0.99935912,0.9677949748743719,0.1106,1.0
Ennio_Doorbell,1000,13,975,peer_cov_soft,1.0,0.944499,0.7960100502512564,0.0664,0.6016
Ennio_Doorbell,1000,13,975,risk_soft_cov,0.9586266975162052,0.99044172,0.7998974874371859,0.0008,0.6018
Ennio_Doorbell,1000,13,975,risk_soft_cov_mismatch,0.002982890320975074,0.9997576,0.9878190954773869,0.1064,1.0
Ennio_Doorbell,1000,14,1559,shared_oas,1.0,0.96989568,0.7655537688442211,0.1162,1.0
Ennio_Doorbell,1000,14,1559,local_oas,0.0,0.9680970799999999,0.7608623115577889,0.1154,1.0
Ennio_Doorbell,1000,14,1559,peer_cov_fixed,1.0,0.99846032,0.9226291457286433,0.0046,0.9994
Ennio_Doorbell,1000,14,1559,risk_blend,0.00453992416370395,0.97748612,0.7955879396984924,0.1226,1.0
Ennio_Doorbell,1000,14,1559,risk_blend_mismatch,0.0010213204428194092,0.97210748,0.7843517587939699,0.1188,1.0
Ennio_Doorbell,1000,14,1559,peer_cov_soft,1.0,0.9294950799999999,0.7908924623115579,0.074,0.5954
Ennio_Doorbell,1000,14,1559,risk_soft_cov,0.9609470228076352,0.99527268,0.7967819095477386,0.002,0.5956
Ennio_Doorbell,1000,14,1559,risk_soft_cov_mismatch,0.002987752842004842,0.97556992,0.7930090452261307,0.1078,1.0
Ennio_Doorbell,1000,15,12580,shared_oas,1.0,0.9671312400000001,0.7390974874371858,0.0,0.0
Ennio_Doorbell,1000,15,12580,local_oas,0.0,0.97164932,0.7250030150753769,0.0,0.0
Ennio_Doorbell,1000,15,12580,peer_cov_fixed,1.0,0.9978199600000001,0.8904502512562815,0.0052,0.5966
Ennio_Doorbell,1000,15,12580,risk_blend,0.09604200442652275,0.97446652,0.7704060301507538,0.0,0.0
Ennio_Doorbell,1000,15,12580,risk_blend_mismatch,0.016359959263115145,0.9615198,0.7472402010050252,0.0,0.0
Ennio_Doorbell,1000,15,12580,peer_cov_soft,1.0,0.9231259599999999,0.796140703517588,0.0006,0.5944
Ennio_Doorbell,1000,15,12580,risk_soft_cov,0.9982592747635342,0.94485432,0.7971859296482413,0.0,0.5944
Ennio_Doorbell,1000,15,12580,risk_soft_cov_mismatch,0.024816036645589717,0.96778576,0.7434814070351758,0.0,0.0
Ennio_Doorbell,1000,16,11531,shared_oas,1.0,0.9429991200000001,0.7169105527638191,0.0,0.0
Ennio_Doorbell,1000,16,11531,local_oas,0.0,0.96659128,0.7087175879396985,0.0,0.0
Ennio_Doorbell,1000,16,11531,peer_cov_fixed,1.0,0.99767152,0.8829909547738695,0.0038,0.5992
Ennio_Doorbell,1000,16,11531,risk_blend,0.09877479569687456,0.95827496,0.7594070351758795,0.0,0.0002
Ennio_Doorbell,1000,16,11531,risk_blend_mismatch,0.016954037958228686,0.94777204,0.7185688442211056,0.0,0.0002
Ennio_Doorbell,1000,16,11531,peer_cov_soft,1.0,0.9232604799999999,0.7976743718592965,0.0006,0.5976
Ennio_Doorbell,1000,16,11531,risk_soft_cov,0.9983127960972137,0.94460268,0.7984844221105527,0.0,0.5976
Ennio_Doorbell,1000,16,11531,risk_soft_cov_mismatch,0.02581605518505505,0.9465076,0.715678391959799,0.0,0.0
Ennio_Doorbell,1000,17,5135,shared_oas,1.0,0.9937187199999999,0.7897346733668342,0.1176,1.0
Ennio_Doorbell,1000,17,5135,local_oas,0.0,0.99003328,0.7866030150753769,0.1186,1.0
Ennio_Doorbell,1000,17,5135,peer_cov_fixed,1.0,0.99871076,0.9352140703517589,0.002,0.5976
Ennio_Doorbell,1000,17,5135,risk_blend,0.0044430593123023126,0.99846972,0.9231015075376885,0.108,1.0
Ennio_Doorbell,1000,17,5135,risk_blend_mismatch,0.0009849430220788833,0.9940228,0.7969145728643217,0.115,1.0
Ennio_Doorbell,1000,17,5135,peer_cov_soft,1.0,0.94129412,0.7924442211055276,0.0714,0.5974
Ennio_Doorbell,1000,17,5135,risk_soft_cov,0.9601258348680678,0.9909049600000001,0.7977889447236182,0.0006,0.5976
Ennio_Doorbell,1000,17,5135,risk_soft_cov_mismatch,0.0028763493112291395,0.99830568,0.9149386934673367,0.1122,1.0
Ennio_Doorbell,1000,18,9837,shared_oas,1.0,0.97052548,0.7613768844221105,0.088,1.0
Ennio_Doorbell,1000,18,9837,local_oas,0.0,0.9695311999999999,0.7612060301507538,0.0854,1.0
Ennio_Doorbell,1000,18,9837,peer_cov_fixed,1.0,0.99855624,0.9274492462311558,0.0008,0.599
Ennio_Doorbell,1000,18,9837,risk_blend,0.004418984522051481,0.97941764,0.795921608040201,0.06,1.0
Ennio_Doorbell,1000,18,9837,risk_blend_mismatch,0.0010555396019710005,0.97352068,0.7785266331658292,0.0756,1.0
Ennio_Doorbell,1000,18,9837,peer_cov_soft,1.0,0.9268727999999999,0.7934693467336684,0.076,0.599
Ennio_Doorbell,1000,18,9837,risk_soft_cov,0.9599163759137985,0.99198,0.7984924623115578,0.0,0.599
Ennio_Doorbell,1000,18,9837,risk_soft_cov_mismatch,0.003367573130347401,0.9778306,0.7889165829145728,0.0668,1.0
Ennio_Doorbell,1000,19,18988,shared_oas,1.0,0.97411052,0.7630633165829146,0.1184,1.0
Ennio_Doorbell,1000,19,18988,local_oas,0.0,0.9761260800000001,0.7621829145728642,0.1232,1.0
Ennio_Doorbell,1000,19,18988,peer_cov_fixed,1.0,0.99774968,0.8869185929648241,0.022,1.0
Ennio_Doorbell,1000,19,18988,risk_blend,0.001561627253702526,0.9748488799999999,0.7690693467336684,0.1102,1.0
Ennio_Doorbell,1000,19,18988,risk_blend_mismatch,0.0002961861406214602,0.9747499599999999,0.76278391959799,0.1142,1.0
Ennio_Doorbell,1000,19,18988,peer_cov_soft,1.0,0.9235363999999999,0.7980904522613065,0.0702,0.599
Ennio_Doorbell,1000,19,18988,risk_soft_cov,0.8940534495458435,0.99582884,0.7984723618090452,0.0194,1.0
Ennio_Doorbell,1000,19,18988,risk_soft_cov_mismatch,0.0009517162337914124,0.9768102399999999,0.7627537688442212,0.1114,1.0
Ennio_Doorbell,1000,20,23172,shared_oas,1.0,0.9658475200000001,0.7603698492462312,0.1,1.0
Ennio_Doorbell,1000,20,23172,local_oas,0.0,0.9680746800000001,0.7606633165829146,0.0876,0.9998
Ennio_Doorbell,1000,20,23172,peer_cov_fixed,1.0,0.99750212,0.874478391959799,0.024,1.0
Ennio_Doorbell,1000,20,23172,risk_blend,0.0016944145685900604,0.97115172,0.7610130653266332,0.103,1.0
Ennio_Doorbell,1000,20,23172,risk_blend_mismatch,0.0003223045036324766,0.9682852399999999,0.760713567839196,0.1004,1.0
Ennio_Doorbell,1000,20,23172,peer_cov_soft,1.0,0.9235716,0.7968522613065327,0.0724,0.5976
Ennio_Doorbell,1000,20,23172,risk_soft_cov,0.9015505364570148,0.9954046000000001,0.7977447236180905,0.0256,0.9998
Ennio_Doorbell,1000,20,23172,risk_soft_cov_mismatch,0.0010487840515232382,0.9709985600000001,0.7607959798994975,0.0882,1.0
Ennio_Doorbell,1000,21,9746,shared_oas,1.0,0.96915368,0.7593788944723618,0.0962,1.0
Ennio_Doorbell,1000,21,9746,local_oas,0.0,0.9693782,0.7596140703517588,0.0948,1.0
Ennio_Doorbell,1000,21,9746,peer_cov_fixed,1.0,0.99868764,0.9340522613065326,0.001,0.5904
Ennio_Doorbell,1000,21,9746,risk_blend,0.004465673705622144,0.97810272,0.7928804020100503,0.0676,1.0
Ennio_Doorbell,1000,21,9746,risk_blend_mismatch,0.001060814916427244,0.97229572,0.7840663316582914,0.0834,1.0
Ennio_Doorbell,1000,21,9746,peer_cov_soft,1.0,0.9275129200000001,0.7879216080402011,0.0706,0.5904
Ennio_Doorbell,1000,21,9746,risk_soft_cov,0.9603206127790404,0.99201724,0.7942713567839197,0.0004,0.5906
Ennio_Doorbell,1000,21,9746,risk_soft_cov_mismatch,0.0032869885345987184,0.9763570399999999,0.7916743718592965,0.074,0.9998
Ennio_Doorbell,1000,22,933,shared_oas,1.0,0.99965936,0.9828824120603015,0.1148,1.0
Ennio_Doorbell,1000,22,933,local_oas,0.0,0.99934892,0.9672824120603015,0.1152,1.0
Ennio_Doorbell,1000,22,933,peer_cov_fixed,1.0,0.9985603200000001,0.9276542713567839,0.0036,0.6006
Ennio_Doorbell,1000,22,933,risk_blend,0.004170326622466879,0.99911444,0.9554994974874371,0.1192,1.0
Ennio_Doorbell,1000,22,933,risk_blend_mismatch,0.0009336618408389444,0.9989518,0.9473266331658292,0.1156,1.0
Ennio_Doorbell,1000,22,933,peer_cov_soft,1.0,0.94486336,0.7955939698492462,0.0744,0.6002
Ennio_Doorbell,1000,22,933,risk_soft_cov,0.957617504708734,0.98849104,0.7991939698492463,0.0012,0.6004
Ennio_Doorbell,1000,22,933,risk_soft_cov_mismatch,0.0029419045468566246,0.9993517999999999,0.9674271356783919,0.1074,1.0
Ennio_Doorbell,1000,23,10828,shared_oas,1.0,0.97750816,0.7679457286432161,0.0002,0.4592
Ennio_Doorbell,1000,23,10828,local_oas,0.0,0.98030068,0.7653246231155779,0.0,0.4554
Ennio_Doorbell,1000,23,10828,peer_cov_fixed,1.0,0.9976666399999999,0.8827457286432161,0.0156,1.0
Ennio_Doorbell,1000,23,10828,risk_blend,0.004888187224742568,0.97799832,0.7793145728643216,0.0002,0.4612
Ennio_Doorbell,1000,23,10828,risk_blend_mismatch,0.0009347029799864036,0.97882472,0.7732221105527637,0.0,0.4554
Ennio_Doorbell,1000,23,10828,peer_cov_soft,1.0,0.92561984,0.7972381909547739,0.0664,0.5978
Ennio_Doorbell,1000,23,10828,risk_soft_cov,0.963640447908008,0.99281332,0.7978773869346734,0.0086,0.5978
Ennio_Doorbell,1000,23,10828,risk_soft_cov_mismatch,0.0029639137265502916,0.97941828,0.7677829145728643,0.0002,0.4688
Ennio_Doorbell,1000,24,496,shared_oas,1.0,0.9788129999999999,0.7635336683417085,0.0378,0.5976
Ennio_Doorbell,1000,24,496,local_oas,0.0,0.9783908,0.7637728643216081,0.0386,0.5976
Ennio_Doorbell,1000,24,496,peer_cov_fixed,1.0,0.99814748,0.9069085427135679,0.0022,0.5974
Ennio_Doorbell,1000,24,496,risk_blend,0.0035631635413802707,0.98037244,0.7687195979899497,0.0322,0.5976
Ennio_Doorbell,1000,24,496,risk_blend_mismatch,0.0007604663685580594,0.97880696,0.7640281407035177,0.0368,0.5976
Ennio_Doorbell,1000,24,496,peer_cov_soft,1.0,0.94522428,0.7967296482412061,0.0662,0.5974
Ennio_Doorbell,1000,24,496,risk_soft_cov,0.9507226534482932,0.9895373599999999,0.7977889447236182,0.0,0.5976
Ennio_Doorbell,1000,24,496,risk_soft_cov_mismatch,0.002709650258076824,0.97972672,0.7646854271356784,0.0346,0.5976
Ennio_Doorbell,1000,25,12511,shared_oas,1.0,0.97928132,0.7408984924623117,0.0,0.0
Ennio_Doorbell,1000,25,12511,local_oas,0.0,0.98199632,0.7229668341708543,0.0,0.0
Ennio_Doorbell,1000,25,12511,peer_cov_fixed,1.0,0.99771888,0.8853708542713568,0.0052,0.6076
Ennio_Doorbell,1000,25,12511,risk_blend,0.0957180980331675,0.9821167599999999,0.7716120603015075,0.0,0.0
Ennio_Doorbell,1000,25,12511,risk_blend_mismatch,0.016309057747606083,0.97281832,0.7497366834170854,0.0,0.0
Ennio_Doorbell,1000,25,12511,peer_cov_soft,1.0,0.9257773200000001,0.8021728643216081,0.0004,0.6064
Ennio_Doorbell,1000,25,12511,risk_soft_cov,0.9982527374308723,0.94827304,0.8027055276381909,0.0,0.6064
Ennio_Doorbell,1000,25,12511,risk_soft_cov_mismatch,0.0247702078086459,0.9780517999999999,0.7426673366834171,0.0,0.0
Ennio_Doorbell,1000,26,20809,shared_oas,1.0,0.96682148,0.7649185929648241,0.2218,1.0
Ennio_Doorbell,1000,26,20809,local_oas,0.0,0.96734024,0.7648160804020101,0.2206,1.0
Ennio_Doorbell,1000,26,20809,peer_cov_fixed,1.0,0.99800604,0.8998010050251257,0.0228,1.0
Ennio_Doorbell,1000,26,20809,risk_blend,0.0014511170915635333,0.9697961199999999,0.7724522613065326,0.2184,1.0
Ennio_Doorbell,1000,26,20809,risk_blend_mismatch,0.0002733586635304846,0.96705796,0.7650814070351759,0.2146,1.0
Ennio_Doorbell,1000,26,20809,peer_cov_soft,1.0,0.9247662,0.7989949748743719,0.0694,0.6014
Ennio_Doorbell,1000,26,20809,risk_soft_cov,0.8868865161574325,0.99617236,0.8076562814070353,0.0242,1.0
Ennio_Doorbell,1000,26,20809,risk_soft_cov_mismatch,0.0008819981397648467,0.97052516,0.7655236180904523,0.219,1.0
Ennio_Doorbell,1000,27,17277,shared_oas,1.0,0.98551608,0.7685628140703518,0.0232,0.6086
Ennio_Doorbell,1000,27,17277,local_oas,0.0,0.98637404,0.768486432160804,0.0234,0.6086
Ennio_Doorbell,1000,27,17277,peer_cov_fixed,1.0,0.9979616,0.8975678391959798,0.006,0.9998
Ennio_Doorbell,1000,27,17277,risk_blend,0.0033867515095650897,0.9845344,0.7700281407035177,0.0276,0.6086
Ennio_Doorbell,1000,27,17277,risk_blend_mismatch,0.0007248222351424471,0.98614728,0.7687819095477386,0.0248,0.6086
Ennio_Doorbell,1000,27,17277,peer_cov_soft,1.0,0.9292227200000001,0.8026130653266332,0.067,0.6082
Ennio_Doorbell,1000,27,17277,risk_soft_cov,0.9482799038199504,0.99639552,0.8190331658291456,0.002,0.6086
Ennio_Doorbell,1000,27,17277,risk_soft_cov_mismatch,0.002715337969616251,0.9863142,0.7692060301507538,0.022,0.6086
Ennio_Doorbell,1000,28,13935,shared_oas,1.0,0.96901576,0.7614251256281408,0.2118,1.0
Ennio_Doorbell,1000,28,13935,local_oas,0.0,0.9696404,0.7610371859296482,0.2144,1.0
Ennio_Doorbell,1000,28,13935,peer_cov_fixed,1.0,0.99849044,0.9241427135678393,0.0392,1.0
Ennio_Doorbell,1000,28,13935,risk_blend,0.001274289703513033,0.97045144,0.7672402010050251,0.2032,1.0
Ennio_Doorbell,1000,28,13935,risk_blend_mismatch,0.00023952747396160806,0.96904112,0.7614090452261306,0.209,1.0
Ennio_Doorbell,1000,28,13935,peer_cov_soft,1.0,0.94210912,0.7996603015075376,0.0702,0.6038
Ennio_Doorbell,1000,28,13935,risk_soft_cov,0.873161247340826,0.99587372,0.800775879396985,0.0212,1.0
Ennio_Doorbell,1000,28,13935,risk_soft_cov_mismatch,0.0007747754960255043,0.97063812,0.7615678391959799,0.2096,1.0
Ennio_Doorbell,1000,29,14180,shared_oas,1.0,0.96317084,0.7632804020100502,0.2304,1.0
Ennio_Doorbell,1000,29,14180,local_oas,0.0,0.9638688399999998,0.7632120603015076,0.23,1.0
Ennio_Doorbell,1000,29,14180,peer_cov_fixed,1.0,0.9973732399999999,0.8680020100502512,0.0424,1.0
Ennio_Doorbell,1000,29,14180,risk_blend,0.0013015919999057948,0.96634036,0.766478391959799,0.2326,1.0
Ennio_Doorbell,1000,29,14180,risk_blend_mismatch,0.0002448835409993006,0.96397248,0.7632723618090452,0.2306,1.0
Ennio_Doorbell,1000,29,14180,peer_cov_soft,1.0,0.9405095200000001,0.799137688442211,0.0688,0.6026
Ennio_Doorbell,1000,29,14180,risk_soft_cov,0.8754935396735734,0.9945109200000001,0.8002130653266332,0.0224,0.9998
Ennio_Doorbell,1000,29,14180,risk_soft_cov_mismatch,0.0007924198221139433,0.9663345999999999,0.7633467336683417,0.2266,1.0
Philips_B120N10_Baby_Monitor,30,0,97728,shared_oas,1.0,0.9926019199999999,0.6440964824120603,0.1814,1.0
Philips_B120N10_Baby_Monitor,30,0,97728,local_oas,0.0,0.99132476,0.6045788944723618,0.163,1.0
Philips_B120N10_Baby_Monitor,30,0,97728,peer_cov_fixed,1.0,0.99655688,0.8919095477386935,0.2416,1.0
Philips_B120N10_Baby_Monitor,30,0,97728,risk_blend,0.024361858488091262,0.9974036000000001,0.8701386934673366,0.218,1.0
Philips_B120N10_Baby_Monitor,30,0,97728,risk_blend_mismatch,0.004767325732438162,0.99426424,0.7250291457286433,0.1854,1.0
Philips_B120N10_Baby_Monitor,30,0,97728,peer_cov_soft,1.0,0.9865352000000001,0.7458231155778894,0.1808,1.0
Philips_B120N10_Baby_Monitor,30,0,97728,risk_soft_cov,0.9940154739186392,0.98687064,0.7488763819095478,0.1666,1.0
Philips_B120N10_Baby_Monitor,30,0,97728,risk_soft_cov_mismatch,0.019730678827906127,0.9931331200000001,0.6796361809045226,0.1516,1.0
Philips_B120N10_Baby_Monitor,30,1,58159,shared_oas,1.0,0.99673756,0.8366351758793971,0.9262,1.0
Philips_B120N10_Baby_Monitor,30,1,58159,local_oas,0.0,0.99683848,0.8416984924623115,0.8492,1.0
Philips_B120N10_Baby_Monitor,30,1,58159,peer_cov_fixed,1.0,0.99749116,0.8888140703517589,0.8738,1.0
Philips_B120N10_Baby_Monitor,30,1,58159,risk_blend,0.055552705334441975,0.9990364,0.9518894472361809,0.863,1.0
Philips_B120N10_Baby_Monitor,30,1,58159,risk_blend_mismatch,0.010942827635267419,0.99863528,0.931702512562814,0.8876,1.0
Philips_B120N10_Baby_Monitor,30,1,58159,peer_cov_soft,1.0,0.98840304,0.7463195979899498,0.3724,1.0
Philips_B120N10_Baby_Monitor,30,1,58159,risk_soft_cov,0.9974533266132085,0.9884516,0.7471859296482412,0.353,1.0
Philips_B120N10_Baby_Monitor,30,1,58159,risk_soft_cov_mismatch,0.04037751015737267,0.99601364,0.7999396984924623,0.8332,1.0
Philips_B120N10_Baby_Monitor,30,2,25110,shared_oas,1.0,0.99523708,0.761105527638191,0.4008,1.0
Philips_B120N10_Baby_Monitor,30,2,25110,local_oas,0.0,0.99433312,0.7160944723618091,0.3774,1.0
Philips_B120N10_Baby_Monitor,30,2,25110,peer_cov_fixed,1.0,0.99693652,0.8926472361809046,0.277,1.0
Philips_B120N10_Baby_Monitor,30,2,25110,risk_blend,0.04446298630467047,0.9983525999999999,0.9177447236180905,0.4924,1.0
Philips_B120N10_Baby_Monitor,30,2,25110,risk_blend_mismatch,0.009340854728286295,0.99725588,0.8626231155778894,0.4334,1.0
Philips_B120N10_Baby_Monitor,30,2,25110,peer_cov_soft,1.0,0.98655408,0.7462613065326633,0.194,1.0
Philips_B120N10_Baby_Monitor,30,2,25110,risk_soft_cov,0.9967802809071844,0.9867891599999999,0.7475879396984925,0.1924,1.0
Philips_B120N10_Baby_Monitor,30,2,25110,risk_soft_cov_mismatch,0.03761562972358281,0.9951954399999999,0.7611979899497487,0.3898,1.0
Philips_B120N10_Baby_Monitor,30,3,39050,shared_oas,1.0,0.99510096,0.7547015075376884,0.1636,1.0
Philips_B120N10_Baby_Monitor,30,3,39050,local_oas,0.0,0.99418428,0.7112221105527639,0.1162,1.0
Philips_B120N10_Baby_Monitor,30,3,39050,peer_cov_fixed,1.0,0.9971338000000001,0.8952723618090452,0.2568,1.0
Philips_B120N10_Baby_Monitor,30,3,39050,risk_blend,0.02692524781451285,0.9983141600000001,0.9160824120603015,0.1504,1.0
Philips_B120N10_Baby_Monitor,30,3,39050,risk_blend_mismatch,0.005183251853137566,0.99612984,0.8064482412060301,0.1338,1.0
Philips_B120N10_Baby_Monitor,30,3,39050,peer_cov_soft,1.0,0.98804288,0.7521165829145728,0.2178,1.0
Philips_B120N10_Baby_Monitor,30,3,39050,risk_soft_cov,0.9945962968493518,0.9882834400000001,0.7531035175879397,0.209,1.0
Philips_B120N10_Baby_Monitor,30,3,39050,risk_soft_cov_mismatch,0.020946344924747638,0.99558908,0.7792603015075377,0.1074,1.0
Philips_B120N10_Baby_Monitor,30,4,107692,shared_oas,1.0,0.9936126,0.6813507537688441,0.9452,1.0
Philips_B120N10_Baby_Monitor,30,4,107692,local_oas,0.0,0.9924156399999999,0.6395778894472361,0.9392,1.0
Philips_B120N10_Baby_Monitor,30,4,107692,peer_cov_fixed,1.0,0.9968334,0.8898090452261307,0.5434,1.0
Philips_B120N10_Baby_Monitor,30,4,107692,risk_blend,0.024179562846091927,0.99771908,0.8866371859296482,0.9554,1.0
Philips_B120N10_Baby_Monitor,30,4,107692,risk_blend_mismatch,0.004667624786543815,0.99521792,0.7619939698492462,0.9536,1.0
Philips_B120N10_Baby_Monitor,30,4,107692,peer_cov_soft,1.0,0.98561952,0.7408321608040201,0.251,1.0
Philips_B120N10_Baby_Monitor,30,4,107692,risk_soft_cov,0.9939695073448743,0.9860108399999999,0.7414773869346734,0.2408,1.0
Philips_B120N10_Baby_Monitor,30,4,107692,risk_soft_cov_mismatch,0.0195491461364742,0.9932913999999999,0.685670351758794,0.9462,1.0
Philips_B120N10_Baby_Monitor,30,5,15147,shared_oas,1.0,0.9952049199999999,0.7590693467336683,0.3324,1.0
Philips_B120N10_Baby_Monitor,30,5,15147,local_oas,0.0,0.99458008,0.7278391959798995,0.2722,1.0
Philips_B120N10_Baby_Monitor,30,5,15147,peer_cov_fixed,1.0,0.9973468799999999,0.891191959798995,0.2578,1.0
Philips_B120N10_Baby_Monitor,30,5,15147,risk_blend,0.0289038993088174,0.99782388,0.8909185929648242,0.3064,1.0
Philips_B120N10_Baby_Monitor,30,5,15147,risk_blend_mismatch,0.005725717231220049,0.99601948,0.8000783919597989,0.296,1.0
Philips_B120N10_Baby_Monitor,30,5,15147,peer_cov_soft,1.0,0.9890927599999999,0.7575457286432161,0.1966,1.0
Philips_B120N10_Baby_Monitor,30,5,15147,risk_soft_cov,0.9949745423159279,0.9891988400000001,0.7585507537688443,0.1876,1.0
Philips_B120N10_Baby_Monitor,30,5,15147,risk_soft_cov_mismatch,0.022719216322687613,0.99514808,0.7562311557788945,0.2614,1.0
Philips_B120N10_Baby_Monitor,30,6,20879,shared_oas,1.0,0.99655928,0.8275577889447236,0.1184,1.0
Philips_B120N10_Baby_Monitor,30,6,20879,local_oas,0.0,0.99600332,0.7998231155778894,0.0814,1.0
Philips_B120N10_Baby_Monitor,30,6,20879,peer_cov_fixed,1.0,0.99712828,0.892697487437186,0.222,1.0
Philips_B120N10_Baby_Monitor,30,6,20879,risk_blend,0.03050405879537884,0.99881208,0.9408603015075376,0.1062,1.0
Philips_B120N10_Baby_Monitor,30,6,20879,risk_blend_mismatch,0.0059381170986491484,0.9976238000000001,0.8810130653266333,0.0898,1.0
Philips_B120N10_Baby_Monitor,30,6,20879,peer_cov_soft,1.0,0.9878653199999999,0.749270351758794,0.1614,1.0
Philips_B120N10_Baby_Monitor,30,6,20879,risk_soft_cov,0.9952447230830781,0.9882568,0.7505487437185929,0.1546,1.0
Philips_B120N10_Baby_Monitor,30,6,20879,risk_soft_cov_mismatch,0.024385143482908125,0.99677516,0.8382633165829145,0.0712,1.0
Philips_B120N10_Baby_Monitor,30,7,37778,shared_oas,1.0,0.99435552,0.7232180904522614,0.2714,1.0
Philips_B120N10_Baby_Monitor,30,7,37778,local_oas,0.0,0.9936494000000001,0.688329648241206,0.1808,1.0
Philips_B120N10_Baby_Monitor,30,7,37778,peer_cov_fixed,1.0,0.99701112,0.8976261306532662,0.2656,1.0
Philips_B120N10_Baby_Monitor,30,7,37778,risk_blend,0.027362655707066457,0.9981798000000001,0.9090130653266331,0.2134,1.0
Philips_B120N10_Baby_Monitor,30,7,37778,risk_blend_mismatch,0.0052564441743617575,0.99607896,0.8036221105527638,0.1922,1.0
Philips_B120N10_Baby_Monitor,30,7,37778,peer_cov_soft,1.0,0.9862266799999999,0.738775879396985,0.2386,1.0
Philips_B120N10_Baby_Monitor,30,7,37778,risk_soft_cov,0.9946845964580855,0.98639964,0.7400180904522613,0.231,1.0
Philips_B120N10_Baby_Monitor,30,7,37778,risk_soft_cov_mismatch,0.021362874936703767,0.99438876,0.7279557788944724,0.1868,1.0
Philips_B120N10_Baby_Monitor,30,8,81115,shared_oas,1.0,0.9961114400000001,0.8050371859296483,0.1402,1.0
Philips_B120N10_Baby_Monitor,30,8,81115,local_oas,0.0,0.99542888,0.770980904522613,0.0748,1.0
Philips_B120N10_Baby_Monitor,30,8,81115,peer_cov_fixed,1.0,0.9971682799999999,0.8917688442211055,0.2494,1.0
Philips_B120N10_Baby_Monitor,30,8,81115,risk_blend,0.023655994557755102,0.99864492,0.9324542713567838,0.1566,1.0
Philips_B120N10_Baby_Monitor,30,8,81115,risk_blend_mismatch,0.004560272262340017,0.9971282800000001,0.8562231155778894,0.1106,1.0
Philips_B120N10_Baby_Monitor,30,8,81115,peer_cov_soft,1.0,0.9879118,0.7508221105527638,0.1648,1.0
Philips_B120N10_Baby_Monitor,30,8,81115,risk_soft_cov,0.9938335731406424,0.9880795600000001,0.7525185929648242,0.1588,1.0
Philips_B120N10_Baby_Monitor,30,8,81115,risk_soft_cov_mismatch,0.018754139114336547,0.9960814400000001,0.803529648241206,0.078,1.0
Philips_B120N10_Baby_Monitor,30,9,29506,shared_oas,1.0,0.99632948,0.8158030150753769,0.1466,1.0
Philips_B120N10_Baby_Monitor,30,9,29506,local_oas,0.0,0.9953578,0.7779597989949749,0.1072,1.0
Philips_B120N10_Baby_Monitor,30,9,29506,peer_cov_fixed,1.0,0.99719684,0.8939396984924624,0.1342,1.0
Philips_B120N10_Baby_Monitor,30,9,29506,risk_blend,0.038842057605045555,0.99876276,0.9381226130653266,0.099,1.0
Philips_B120N10_Baby_Monitor,30,9,29506,risk_blend_mismatch,0.008115691040941042,0.9982048,0.91003216080402,0.096,1.0
Philips_B120N10_Baby_Monitor,30,9,29506,peer_cov_soft,1.0,0.98727596,0.7536783919597989,0.1074,1.0
Philips_B120N10_Baby_Monitor,30,9,29506,risk_soft_cov,0.9962938530693274,0.9876552000000001,0.7556341708542713,0.102,1.0
Philips_B120N10_Baby_Monitor,30,9,29506,risk_soft_cov_mismatch,0.03161081460454395,0.9962991200000001,0.828659296482412,0.0772,1.0
Philips_B120N10_Baby_Monitor,30,10,88030,shared_oas,1.0,0.9971384400000001,0.8562070351758795,0.0512,1.0
Philips_B120N10_Baby_Monitor,30,10,88030,local_oas,0.0,0.99634084,0.8161728643216081,0.038,1.0
Philips_B120N10_Baby_Monitor,30,10,88030,peer_cov_fixed,1.0,0.99690328,0.8945125628140703,0.2416,1.0
Philips_B120N10_Baby_Monitor,30,10,88030,risk_blend,0.05927371956406267,0.99882572,0.941121608040201,0.0364,1.0
Philips_B120N10_Baby_Monitor,30,10,88030,risk_blend_mismatch,0.012709661764188685,0.99823676,0.9114251256281407,0.0338,1.0
Philips_B120N10_Baby_Monitor,30,10,88030,peer_cov_soft,1.0,0.9868670800000001,0.7542633165829146,0.0992,1.0
Philips_B120N10_Baby_Monitor,30,10,88030,risk_soft_cov,0.9976246457986562,0.98732688,0.7585728643216081,0.0948,1.0
Philips_B120N10_Baby_Monitor,30,10,88030,risk_soft_cov_mismatch,0.04575909334609346,0.9980055999999999,0.8997788944723618,0.0256,1.0
Philips_B120N10_Baby_Monitor,30,11,3335,shared_oas,1.0,0.99418132,0.7080804020100502,0.3002,1.0
Philips_B120N10_Baby_Monitor,30,11,3335,local_oas,0.0,0.99347912,0.6775819095477387,0.1926,1.0
Philips_B120N10_Baby_Monitor,30,11,3335,peer_cov_fixed,1.0,0.99717856,0.8908984924623116,0.2296,1.0
Philips_B120N10_Baby_Monitor,30,11,3335,risk_blend,0.03174609021326764,0.9982057999999999,0.9101467336683418,0.2686,1.0
Philips_B120N10_Baby_Monitor,30,11,3335,risk_blend_mismatch,0.006390181890134437,0.9964696,0.822988944723618,0.2302,1.0
Philips_B120N10_Baby_Monitor,30,11,3335,peer_cov_soft,1.0,0.9877545600000001,0.7489708542713569,0.1788,1.0
Philips_B120N10_Baby_Monitor,30,11,3335,risk_soft_cov,0.9954357520845489,0.9879493600000001,0.7512603015075376,0.1768,1.0
Philips_B120N10_Baby_Monitor,30,11,3335,risk_soft_cov_mismatch,0.02639394981138771,0.99470744,0.7426110552763819,0.183,1.0
Philips_B120N10_Baby_Monitor,30,12,56939,shared_oas,1.0,0.9968477600000001,0.8417427135678393,0.1676,1.0
Philips_B120N10_Baby_Monitor,30,12,56939,local_oas,0.0,0.99631992,0.8152562814070352,0.0838,1.0
Philips_B120N10_Baby_Monitor,30,12,56939,peer_cov_fixed,1.0,0.9973086000000001,0.8917688442211055,0.4138,1.0
Philips_B120N10_Baby_Monitor,30,12,56939,risk_blend,0.02718289816403697,0.9986668400000001,0.9331618090452262,0.3472,1.0
Philips_B120N10_Baby_Monitor,30,12,56939,risk_blend_mismatch,0.005206589277514945,0.9979332,0.8962673366834171,0.1862,1.0
Philips_B120N10_Baby_Monitor,30,12,56939,peer_cov_soft,1.0,0.98734076,0.7440683417085427,0.3158,1.0
Philips_B120N10_Baby_Monitor,30,12,56939,risk_soft_cov,0.9946486514664715,0.9875284,0.7471216080402009,0.2812,1.0
Philips_B120N10_Baby_Monitor,30,12,56939,risk_soft_cov_mismatch,0.020723714621544157,0.99634244,0.8163698492462312,0.114,1.0
Philips_B120N10_Baby_Monitor,30,13,7304,shared_oas,1.0,0.99854224,0.9268201005025125,0.03,1.0
Philips_B120N10_Baby_Monitor,30,13,7304,local_oas,0.0,0.99863448,0.9314733668341708,0.0154,0.9998
Philips_B120N10_Baby_Monitor,30,13,7304,peer_cov_fixed,1.0,0.99733368,0.8924381909547738,0.0618,1.0
Philips_B120N10_Baby_Monitor,30,13,7304,risk_blend,0.1214446968234834,0.99917296,0.9586170854271356,0.027,1.0
Philips_B120N10_Baby_Monitor,30,13,7304,risk_blend_mismatch,0.028922902412932616,0.9990298000000001,0.9513507537688443,0.025,1.0
Philips_B120N10_Baby_Monitor,30,13,7304,peer_cov_soft,1.0,0.9803673599999999,0.7279577889447236,0.041,0.7998
Philips_B120N10_Baby_Monitor,30,13,7304,risk_soft_cov,0.9990253682171558,0.9807271599999999,0.7280844221105528,0.0404,0.7998
Philips_B120N10_Baby_Monitor,30,13,7304,risk_soft_cov_mismatch,0.09778353359795401,0.9983432400000001,0.9168703517587939,0.0136,0.9998
Philips_B120N10_Baby_Monitor,30,14,111927,shared_oas,1.0,0.9943329200000001,0.7173447236180905,0.9728,1.0
Philips_B120N10_Baby_Monitor,30,14,111927,local_oas,0.0,0.9932850400000001,0.6829869346733668,0.9628,1.0
Philips_B120N10_Baby_Monitor,30,14,111927,peer_cov_fixed,1.0,0.99719656,0.8878874371859297,0.9822,1.0
Philips_B120N10_Baby_Monitor,30,14,111927,risk_blend,0.024076853005279907,0.99726276,0.8637487437185929,0.9826,1.0
Philips_B120N10_Baby_Monitor,30,14,111927,risk_blend_mismatch,0.004676165733952024,0.9956999599999999,0.7881145728643216,0.9744,1.0
Philips_B120N10_Baby_Monitor,30,14,111927,peer_cov_soft,1.0,0.9865191600000001,0.7534211055276382,0.3388,1.0
Philips_B120N10_Baby_Monitor,30,14,111927,risk_soft_cov,0.9939433040566926,0.98685776,0.754745728643216,0.3312,1.0
Philips_B120N10_Baby_Monitor,30,14,111927,risk_soft_cov_mismatch,0.019002852166689597,0.9940346800000001,0.7046954773869347,0.9684,1.0
Philips_B120N10_Baby_Monitor,30,15,112065,shared_oas,1.0,0.993811,0.6903819095477387,0.9372,1.0
Philips_B120N10_Baby_Monitor,30,15,112065,local_oas,0.0,0.99278224,0.6589889447236181,0.9246,1.0
Philips_B120N10_Baby_Monitor,30,15,112065,peer_cov_fixed,1.0,0.9969385599999999,0.8939175879396986,0.6014,1.0
Philips_B120N10_Baby_Monitor,30,15,112065,risk_blend,0.029949670425260526,0.9964754,0.82438391959799,0.947,1.0
Philips_B120N10_Baby_Monitor,30,15,112065,risk_blend_mismatch,0.005892304372361013,0.99465488,0.7337246231155778,0.9388,1.0
Philips_B120N10_Baby_Monitor,30,15,112065,peer_cov_soft,1.0,0.9873732,0.747497487437186,0.2094,1.0
Philips_B120N10_Baby_Monitor,30,15,112065,risk_soft_cov,0.995154367429837,0.9877252799999999,0.7490934673366834,0.2004,1.0
Philips_B120N10_Baby_Monitor,30,15,112065,risk_soft_cov_mismatch,0.024099688949712626,0.99338188,0.679161809045226,0.934,1.0
Philips_B120N10_Baby_Monitor,30,16,114079,shared_oas,1.0,0.99400468,0.6989768844221106,0.138,1.0
Philips_B120N10_Baby_Monitor,30,16,114079,local_oas,0.0,0.99314188,0.6649246231155779,0.0628,1.0
Philips_B120N10_Baby_Monitor,30,16,114079,peer_cov_fixed,1.0,0.99754972,0.8952964824120604,0.2666,1.0
Philips_B120N10_Baby_Monitor,30,16,114079,risk_blend,0.025005381866636887,0.99763044,0.8810251256281407,0.1226,1.0
Philips_B120N10_Baby_Monitor,30,16,114079,risk_blend_mismatch,0.004842531453385918,0.9954183200000001,0.7699678391959799,0.0854,1.0
Philips_B120N10_Baby_Monitor,30,16,114079,peer_cov_soft,1.0,0.9881193199999999,0.7481869346733669,0.2002,1.0
Philips_B120N10_Baby_Monitor,30,16,114079,risk_soft_cov,0.9941724142419053,0.9884628,0.7494713567839196,0.191,1.0
Philips_B120N10_Baby_Monitor,30,16,114079,risk_soft_cov_mismatch,0.01978585390444803,0.99374236,0.6982673366834171,0.0772,1.0
Philips_B120N10_Baby_Monitor,30,17,65279,shared_oas,1.0,0.7945574000000001,0.7887437185929649,0.0026,0.5014
Philips_B120N10_Baby_Monitor,30,17,65279,local_oas,0.0,0.7871729999999999,0.7079899497487437,0.0,0.1268
Philips_B120N10_Baby_Monitor,30,17,65279,peer_cov_fixed,1.0,0.9944671199999999,0.873443216080402,0.013,0.7942
Philips_B120N10_Baby_Monitor,30,17,65279,risk_blend,0.6560149757796597,0.7960257999999999,0.8599175879396985,0.0,0.0
Philips_B120N10_Baby_Monitor,30,17,65279,risk_blend_mismatch,0.2010153345679734,0.7951306,0.8438974874371858,0.0,0.0
Philips_B120N10_Baby_Monitor,30,17,65279,peer_cov_soft,1.0,0.9796328799999998,0.8223738693467337,0.011,0.6908
Philips_B120N10_Baby_Monitor,30,17,65279,risk_soft_cov,0.9999337571514247,0.9795096799999999,0.8223356783919598,0.011,0.6908
Philips_B120N10_Baby_Monitor,30,17,65279,risk_soft_cov_mismatch,0.27862902765446845,0.7923932400000001,0.7760040201005025,0.0,0.2892
Philips_B120N10_Baby_Monitor,30,18,108398,shared_oas,1.0,0.9954058,0.7695899497487437,0.6578,1.0
Philips_B120N10_Baby_Monitor,30,18,108398,local_oas,0.0,0.9951000000000001,0.7544120603015075,0.586,1.0
Philips_B120N10_Baby_Monitor,30,18,108398,peer_cov_fixed,1.0,0.9973759999999999,0.8939497487437186,0.2562,1.0
Philips_B120N10_Baby_Monitor,30,18,108398,risk_blend,0.05221376981768916,0.9987204000000001,0.9362492462311558,0.7152,1.0
Philips_B120N10_Baby_Monitor,30,18,108398,risk_blend_mismatch,0.011081317963901929,0.99740896,0.8702733668341709,0.78,1.0
Philips_B120N10_Baby_Monitor,30,18,108398,peer_cov_soft,1.0,0.9886442799999999,0.7528160804020101,0.2328,1.0
Philips_B120N10_Baby_Monitor,30,18,108398,risk_soft_cov,0.9972816073356844,0.98897532,0.7543115577889448,0.2306,1.0
Philips_B120N10_Baby_Monitor,30,18,108398,risk_soft_cov_mismatch,0.04442195056181827,0.9959494799999999,0.7968301507537688,0.414,1.0
Philips_B120N10_Baby_Monitor,30,19,97596,shared_oas,1.0,0.99497124,0.7474452261306532,0.141,1.0
Philips_B120N10_Baby_Monitor,30,19,97596,local_oas,0.0,0.99377556,0.6936341708542714,0.081,1.0
Philips_B120N10_Baby_Monitor,30,19,97596,peer_cov_fixed,1.0,0.99725076,0.8940442211055276,0.229,1.0
Philips_B120N10_Baby_Monitor,30,19,97596,risk_blend,0.02193663359957929,0.9983746,0.9186050251256281,0.1518,1.0
Philips_B120N10_Baby_Monitor,30,19,97596,risk_blend_mismatch,0.004227237521846395,0.9962688000000001,0.8127557788944724,0.1162,1.0
Philips_B120N10_Baby_Monitor,30,19,97596,peer_cov_soft,1.0,0.98796424,0.7518874371859297,0.1514,1.0
Philips_B120N10_Baby_Monitor,30,19,97596,risk_soft_cov,0.9933418431532988,0.98833732,0.753953768844221,0.146,1.0
Philips_B120N10_Baby_Monitor,30,19,97596,risk_soft_cov_mismatch,0.017191710787888614,0.99458656,0.7281809045226131,0.0834,1.0
Philips_B120N10_Baby_Monitor,30,20,5832,shared_oas,1.0,0.9971054,0.854564824120603,0.1514,1.0
Philips_B120N10_Baby_Monitor,30,20,5832,local_oas,0.0,0.99659048,0.8287859296482413,0.0614,1.0
Philips_B120N10_Baby_Monitor,30,20,5832,peer_cov_fixed,1.0,0.9970357999999999,0.8890331658291457,0.0542,1.0
Philips_B120N10_Baby_Monitor,30,20,5832,risk_blend,0.06624540034455322,0.9988018,0.9398552763819095,0.1036,1.0
Philips_B120N10_Baby_Monitor,30,20,5832,risk_blend_mismatch,0.013528199869792952,0.9985681200000001,0.9280603015075377,0.0842,1.0
Philips_B120N10_Baby_Monitor,30,20,5832,peer_cov_soft,1.0,0.98766116,0.7453286432160804,0.0358,0.7918
Philips_B120N10_Baby_Monitor,30,20,5832,risk_soft_cov,0.9978967175037932,0.9884754,0.7492723618090452,0.0354,0.7918
Philips_B120N10_Baby_Monitor,30,20,5832,risk_soft_cov_mismatch,0.04741161643138667,0.99783252,0.8910814070351758,0.0692,1.0
Philips_B120N10_Baby_Monitor,30,21,73919,shared_oas,1.0,0.9963416,0.8163175879396986,0.3518,1.0
Philips_B120N10_Baby_Monitor,30,21,73919,local_oas,0.0,0.99561376,0.780070351758794,0.3356,1.0
Philips_B120N10_Baby_Monitor,30,21,73919,peer_cov_fixed,1.0,0.99784092,0.8916763819095477,0.2448,1.0
Philips_B120N10_Baby_Monitor,30,21,73919,risk_blend,0.04235577851496553,0.99902184,0.951097487437186,0.4102,1.0
Philips_B120N10_Baby_Monitor,30,21,73919,risk_blend_mismatch,0.0087283135124268,0.99787968,0.8936904522613065,0.3746,1.0
Philips_B120N10_Baby_Monitor,30,21,73919,peer_cov_soft,1.0,0.98792856,0.7426673366834171,0.2102,1.0
Philips_B120N10_Baby_Monitor,30,21,73919,risk_soft_cov,0.9966131075158747,0.98799316,0.7430110552763819,0.2048,1.0
Philips_B120N10_Baby_Monitor,30,21,73919,risk_soft_cov_mismatch,0.03497670621916313,0.99557424,0.7777587939698493,0.3404,1.0
Philips_B120N10_Baby_Monitor,30,22,89070,shared_oas,1.0,0.99607068,0.802643216080402,0.4544,1.0
Philips_B120N10_Baby_Monitor,30,22,89070,local_oas,0.0,0.99519548,0.7588623115577889,0.3604,1.0
Philips_B120N10_Baby_Monitor,30,22,89070,peer_cov_fixed,1.0,0.9975018,0.8983075376884422,0.3836,1.0
Philips_B120N10_Baby_Monitor,30,22,89070,risk_blend,0.026438301547395193,0.99857892,0.9286994974874373,0.486,1.0
Philips_B120N10_Baby_Monitor,30,22,89070,risk_blend_mismatch,0.005230527291550944,0.9970100399999999,0.8498793969849245,0.4426,1.0
Philips_B120N10_Baby_Monitor,30,22,89070,peer_cov_soft,1.0,0.98849332,0.756289447236181,0.2116,1.0
Philips_B120N10_Baby_Monitor,30,22,89070,risk_soft_cov,0.9944945795842292,0.98867284,0.7579155778894472,0.2152,1.0
Philips_B120N10_Baby_Monitor,30,22,89070,risk_soft_cov_mismatch,0.021388926502582787,0.99585524,0.7919115577889447,0.4054,1.0
Philips_B120N10_Baby_Monitor,30,23,11977,shared_oas,1.0,0.99390852,0.6942773869346733,0.3818,1.0
Philips_B120N10_Baby_Monitor,30,23,11977,local_oas,0.0,0.9934016,0.6689447236180904,0.3334,1.0
Philips_B120N10_Baby_Monitor,30,23,11977,peer_cov_fixed,1.0,0.99766564,0.8979396984924624,0.3342,1.0
Philips_B120N10_Baby_Monitor,30,23,11977,risk_blend,0.03455131263293542,0.99811872,0.9057125628140704,0.3636,1.0
Philips_B120N10_Baby_Monitor,30,23,11977,risk_blend_mismatch,0.006893874776861671,0.99579288,0.7888884422110554,0.3556,1.0
Philips_B120N10_Baby_Monitor,30,23,11977,peer_cov_soft,1.0,0.98753848,0.7406211055276382,0.2484,1.0
Philips_B120N10_Baby_Monitor,30,23,11977,risk_soft_cov,0.9958169079019227,0.98765696,0.7417688442211055,0.227,1.0
Philips_B120N10_Baby_Monitor,30,23,11977,risk_soft_cov_mismatch,0.027166450944199574,0.99347348,0.6802613065326633,0.3176,1.0
Philips_B120N10_Baby_Monitor,30,24,32191,shared_oas,1.0,0.99537964,0.7682693467336683,0.434,1.0
Philips_B120N10_Baby_Monitor,30,24,32191,local_oas,0.0,0.99498304,0.7483979899497488,0.4156,1.0
Philips_B120N10_Baby_Monitor,30,24,32191,peer_cov_fixed,1.0,0.99744028,0.8907336683417085,0.2726,1.0
Philips_B120N10_Baby_Monitor,30,24,32191,risk_blend,0.0346981076361676,0.99873428,0.9369889447236182,0.4518,1.0
Philips_B120N10_Baby_Monitor,30,24,32191,risk_blend_mismatch,0.006924086869263465,0.9974375200000001,0.8716824120603015,0.4336,1.0
Philips_B120N10_Baby_Monitor,30,24,32191,peer_cov_soft,1.0,0.9882685600000001,0.7599959798994975,0.2026,1.0
Philips_B120N10_Baby_Monitor,30,24,32191,risk_soft_cov,0.995835173063116,0.98876496,0.7628100502512563,0.2054,1.0
Philips_B120N10_Baby_Monitor,30,24,32191,risk_soft_cov_mismatch,0.02765992065208712,0.9961148400000001,0.8050814070351759,0.4222,1.0
Philips_B120N10_Baby_Monitor,30,25,6776,shared_oas,1.0,0.9977185199999999,0.8854231155778894,0.1322,1.0
Philips_B120N10_Baby_Monitor,30,25,6776,local_oas,0.0,0.99719748,0.8593628140703518,0.1162,1.0
Philips_B120N10_Baby_Monitor,30,25,6776,peer_cov_fixed,1.0,0.9968194,0.8933587939698493,0.2962,1.0
Philips_B120N10_Baby_Monitor,30,25,6776,risk_blend,0.04526252710524909,0.9987758,0.938759798994975,0.2426,1.0
Philips_B120N10_Baby_Monitor,30,25,6776,risk_blend_mismatch,0.009661310332288398,0.99833244,0.9163075376884422,0.1826,1.0
Philips_B120N10_Baby_Monitor,30,25,6776,peer_cov_soft,1.0,0.9869774000000001,0.7445005025125628,0.1664,1.0
Philips_B120N10_Baby_Monitor,30,25,6776,risk_soft_cov,0.9968402180986355,0.9874025200000001,0.7489467336683417,0.16,1.0
Philips_B120N10_Baby_Monitor,30,25,6776,risk_soft_cov_mismatch,0.03843112173674966,0.99837648,0.9185025125628141,0.0856,1.0
Philips_B120N10_Baby_Monitor,30,26,59157,shared_oas,1.0,0.9964607999999999,0.8221507537688442,0.15,1.0
Philips_B120N10_Baby_Monitor,30,26,59157,local_oas,0.0,0.9964864800000001,0.8234412060301508,0.1328,1.0
Philips_B120N10_Baby_Monitor,30,26,59157,peer_cov_fixed,1.0,0.9972929199999999,0.894188944723618,0.073,1.0
Philips_B120N10_Baby_Monitor,30,26,59157,risk_blend,0.12080677980726055,0.99901832,0.9508783919597991,0.1662,1.0
Philips_B120N10_Baby_Monitor,30,26,59157,risk_blend_mismatch,0.028604804562838933,0.9986216,0.930791959798995,0.1626,1.0
Philips_B120N10_Baby_Monitor,30,26,59157,peer_cov_soft,1.0,0.9835221199999999,0.7321527638190954,0.0426,0.8024
Philips_B120N10_Baby_Monitor,30,26,59157,risk_soft_cov,0.9990020647438214,0.98425664,0.7344824120603015,0.0416,0.8024
Philips_B120N10_Baby_Monitor,30,26,59157,risk_soft_cov_mismatch,0.08465508893104601,0.99851284,0.9252683417085428,0.1238,1.0
Philips_B120N10_Baby_Monitor,30,27,110764,shared_oas,1.0,0.99450648,0.7241025125628141,0.322,1.0
Philips_B120N10_Baby_Monitor,30,27,110764,local_oas,0.0,0.99385204,0.6953788944723618,0.2288,1.0
Philips_B120N10_Baby_Monitor,30,27,110764,peer_cov_fixed,1.0,0.99765336,0.8944060301507537,0.2488,1.0
Philips_B120N10_Baby_Monitor,30,27,110764,risk_blend,0.022797790562578236,0.99798124,0.8986854271356784,0.275,1.0
Philips_B120N10_Baby_Monitor,30,27,110764,risk_blend_mismatch,0.004333891654269507,0.99572392,0.7852723618090452,0.2664,1.0
Philips_B120N10_Baby_Monitor,30,27,110764,peer_cov_soft,1.0,0.98853288,0.7574231155778894,0.1682,1.0
Philips_B120N10_Baby_Monitor,30,27,110764,risk_soft_cov,0.993597340915704,0.98871872,0.7586713567839196,0.1602,1.0
Philips_B120N10_Baby_Monitor,30,27,110764,risk_soft_cov_mismatch,0.017845071104970255,0.99439112,0.7183678391959799,0.2352,1.0
Philips_B120N10_Baby_Monitor,30,28,90109,shared_oas,1.0,0.99584436,0.7911738693467337,0.0282,1.0
Philips_B120N10_Baby_Monitor,30,28,90109,local_oas,0.0,0.99521368,0.7595658291457286,0.0152,1.0
Philips_B120N10_Baby_Monitor,30,28,90109,peer_cov_fixed,1.0,0.99696624,0.8922793969849245,0.0764,1.0
Philips_B120N10_Baby_Monitor,30,28,90109,risk_blend,0.033649640047867906,0.9983111600000001,0.9152462311557787,0.0246,1.0
Philips_B120N10_Baby_Monitor,30,28,90109,risk_blend_mismatch,0.006675191120244984,0.99684264,0.8413507537688443,0.0182,1.0
Philips_B120N10_Baby_Monitor,30,28,90109,peer_cov_soft,1.0,0.98808712,0.7521889447236181,0.0402,1.0
Philips_B120N10_Baby_Monitor,30,28,90109,risk_soft_cov,0.9957012855466089,0.9889056799999999,0.7593447236180905,0.037,1.0
Philips_B120N10_Baby_Monitor,30,28,90109,risk_soft_cov_mismatch,0.025746199343284013,0.9971276,0.8556582914572864,0.0128,1.0
Philips_B120N10_Baby_Monitor,30,29,74526,shared_oas,1.0,0.99331308,0.6663859296482412,0.146,1.0
Philips_B120N10_Baby_Monitor,30,29,74526,local_oas,0.0,0.99232124,0.6273206030150754,0.067,1.0
Philips_B120N10_Baby_Monitor,30,29,74526,peer_cov_fixed,1.0,0.997337,0.891246231155779,0.2152,1.0
Philips_B120N10_Baby_Monitor,30,29,74526,risk_blend,0.020534760302692672,0.9980201200000001,0.9007819095477387,0.0734,1.0
Philips_B120N10_Baby_Monitor,30,29,74526,risk_blend_mismatch,0.003883160475241064,0.99477304,0.7377185929648241,0.0716,1.0
Philips_B120N10_Baby_Monitor,30,29,74526,peer_cov_soft,1.0,0.9883044,0.7546090452261307,0.1634,1.0
Philips_B120N10_Baby_Monitor,30,29,74526,risk_soft_cov,0.9928804160273009,0.98846616,0.7555859296482412,0.1572,1.0
Philips_B120N10_Baby_Monitor,30,29,74526,risk_soft_cov_mismatch,0.015970527656179956,0.9935018800000001,0.67998391959799,0.0664,1.0
Philips_B120N10_Baby_Monitor,100,0,93430,shared_oas,1.0,0.99749952,0.8743477386934673,0.3368,1.0
Philips_B120N10_Baby_Monitor,100,0,93430,local_oas,0.0,0.99713924,0.8562432160804021,0.347,1.0
Philips_B120N10_Baby_Monitor,100,0,93430,peer_cov_fixed,1.0,0.9956149599999999,0.8668241206030151,0.2074,1.0
Philips_B120N10_Baby_Monitor,100,0,93430,risk_blend,0.010291168138525111,0.9989536400000001,0.947459296482412,0.3474,1.0
Philips_B120N10_Baby_Monitor,100,0,93430,risk_blend_mismatch,0.002026802303283539,0.9977608,0.8874773869346734,0.3496,1.0
Philips_B120N10_Baby_Monitor,100,0,93430,peer_cov_soft,1.0,0.983637,0.7664261306532663,0.1556,1.0
Philips_B120N10_Baby_Monitor,100,0,93430,risk_soft_cov,0.9857482864211745,0.9877804,0.781294472361809,0.1548,1.0
Philips_B120N10_Baby_Monitor,100,0,93430,risk_soft_cov_mismatch,0.008345842759731461,0.9986453200000001,0.9319256281407036,0.3284,1.0
Philips_B120N10_Baby_Monitor,100,1,73929,shared_oas,1.0,0.99510764,0.7543115577889448,0.747,1.0
Philips_B120N10_Baby_Monitor,100,1,73929,local_oas,0.0,0.99446976,0.7225386934673367,0.6962,1.0
Philips_B120N10_Baby_Monitor,100,1,73929,peer_cov_fixed,1.0,0.99561848,0.8696984924623117,0.204,1.0
Philips_B120N10_Baby_Monitor,100,1,73929,risk_blend,0.007417961037252147,0.99837632,0.9188241206030151,0.7292,1.0
Philips_B120N10_Baby_Monitor,100,1,73929,risk_blend_mismatch,0.0014079598621934014,0.9964356,0.821175879396985,0.7114,1.0
Philips_B120N10_Baby_Monitor,100,1,73929,peer_cov_soft,1.0,0.9830165599999999,0.7609969849246232,0.14,1.0
Philips_B120N10_Baby_Monitor,100,1,73929,risk_soft_cov,0.9802807398244874,0.98806524,0.7726150753768845,0.1672,1.0
Philips_B120N10_Baby_Monitor,100,1,73929,risk_soft_cov_mismatch,0.005728128465856199,0.9950878000000001,0.7533507537688442,0.7064,1.0
Philips_B120N10_Baby_Monitor,100,2,101542,shared_oas,1.0,0.9970468,0.8516201005025126,0.5172,1.0
Philips_B120N10_Baby_Monitor,100,2,101542,local_oas,0.0,0.9964533999999999,0.821811055276382,0.5344,1.0
Philips_B120N10_Baby_Monitor,100,2,101542,peer_cov_fixed,1.0,0.99469692,0.8557427135678393,0.2164,1.0
Philips_B120N10_Baby_Monitor,100,2,101542,risk_blend,0.01012888958269291,0.9986316000000001,0.9312984924623116,0.4904,1.0
Philips_B120N10_Baby_Monitor,100,2,101542,risk_blend_mismatch,0.0019892261113923096,0.99756188,0.8774954773869347,0.5174,1.0
Philips_B120N10_Baby_Monitor,100,2,101542,peer_cov_soft,1.0,0.97976216,0.7534010050251256,0.0678,0.8014
Philips_B120N10_Baby_Monitor,100,2,101542,risk_soft_cov,0.9855209208066417,0.9857532400000001,0.7682954773869346,0.082,1.0
Philips_B120N10_Baby_Monitor,100,2,101542,risk_soft_cov_mismatch,0.00809625928859082,0.9982165599999999,0.9104080402010051,0.5174,1.0
Philips_B120N10_Baby_Monitor,100,3,48657,shared_oas,1.0,0.99845732,0.922478391959799,0.15,1.0
Philips_B120N10_Baby_Monitor,100,3,48657,local_oas,0.0,0.99851524,0.9253889447236181,0.1436,1.0
Philips_B120N10_Baby_Monitor,100,3,48657,peer_cov_fixed,1.0,0.9949395600000001,0.8592020100502513,0.171,1.0
Philips_B120N10_Baby_Monitor,100,3,48657,risk_blend,0.02661019873406585,0.99948384,0.9741226130653267,0.2034,1.0
Philips_B120N10_Baby_Monitor,100,3,48657,risk_blend_mismatch,0.005680736090657571,0.99933296,0.9664804020100504,0.1622,1.0
Philips_B120N10_Baby_Monitor,100,3,48657,peer_cov_soft,1.0,0.9808782,0.7557989949748743,0.0408,0.8024
Philips_B120N10_Baby_Monitor,100,3,48657,risk_soft_cov,0.994530910693757,0.98623116,0.7709366834170854,0.04,0.8024
Philips_B120N10_Baby_Monitor,100,3,48657,risk_soft_cov_mismatch,0.02018634391979237,0.9990199200000001,0.9507497487437186,0.1132,1.0
Philips_B120N10_Baby_Monitor,100,4,115756,shared_oas,1.0,0.9962804799999999,0.8131778894472362,0.0612,1.0
Philips_B120N10_Baby_Monitor,100,4,115756,local_oas,0.0,0.99632084,0.8152844221105529,0.0548,1.0
Philips_B120N10_Baby_Monitor,100,4,115756,peer_cov_fixed,1.0,0.99589776,0.8658391959798994,0.126,1.0
Philips_B120N10_Baby_Monitor,100,4,115756,risk_blend,0.016896634456980145,0.99838912,0.919340703517588,0.035,1.0
Philips_B120N10_Baby_Monitor,100,4,115756,risk_blend_mismatch,0.0033207336664682484,0.99789428,0.89436783919598,0.0412,1.0
Philips_B120N10_Baby_Monitor,100,4,115756,peer_cov_soft,1.0,0.9827538000000001,0.7664060301507538,0.089,1.0
Philips_B120N10_Baby_Monitor,100,4,115756,risk_soft_cov,0.991328883581345,0.98720632,0.7769065326633167,0.061,1.0
Philips_B120N10_Baby_Monitor,100,4,115756,risk_soft_cov_mismatch,0.013293076643802491,0.9971382799999999,0.8563195979899498,0.0378,1.0
Philips_B120N10_Baby_Monitor,100,5,98688,shared_oas,1.0,0.99629172,0.8136562814070352,0.0542,1.0
Philips_B120N10_Baby_Monitor,100,5,98688,local_oas,0.0,0.99586136,0.7921206030150754,0.0542,1.0
Philips_B120N10_Baby_Monitor,100,5,98688,peer_cov_fixed,1.0,0.99543496,0.863121608040201,0.1466,1.0
Philips_B120N10_Baby_Monitor,100,5,98688,risk_blend,0.009421278881412299,0.9982721999999999,0.9133185929648242,0.0738,1.0
Philips_B120N10_Baby_Monitor,100,5,98688,risk_blend_mismatch,0.0018270085776605723,0.9966254800000001,0.8304623115577889,0.0604,1.0
Philips_B120N10_Baby_Monitor,100,5,98688,peer_cov_soft,1.0,0.98159,0.7622834170854271,0.089,1.0
Philips_B120N10_Baby_Monitor,100,5,98688,risk_soft_cov,0.9844393976749585,0.98711892,0.7752422110552764,0.0532,1.0
Philips_B120N10_Baby_Monitor,100,5,98688,risk_soft_cov_mismatch,0.00745979213035589,0.9974358,0.871145728643216,0.0318,1.0
Philips_B120N10_Baby_Monitor,100,6,45204,shared_oas,1.0,0.9937765599999999,0.702321608040201,0.469,1.0
Philips_B120N10_Baby_Monitor,100,6,45204,local_oas,0.0,0.99310324,0.6778552763819096,0.4538,1.0
Philips_B120N10_Baby_Monitor,100,6,45204,peer_cov_fixed,1.0,0.99483204,0.8593527638190954,0.2482,1.0
Philips_B120N10_Baby_Monitor,100,6,45204,risk_blend,0.01163838992485839,0.99765728,0.8830592964824121,0.4552,1.0
Philips_B120N10_Baby_Monitor,100,6,45204,risk_blend_mismatch,0.002300932328583312,0.99536848,0.7680623115577889,0.462,1.0
Philips_B120N10_Baby_Monitor,100,6,45204,peer_cov_soft,1.0,0.9806994800000001,0.7548462311557789,0.1416,1.0
Philips_B120N10_Baby_Monitor,100,6,45204,risk_soft_cov,0.9873941596750073,0.9857258000000001,0.7618412060301507,0.1324,1.0
Philips_B120N10_Baby_Monitor,100,6,45204,risk_soft_cov_mismatch,0.00912024488835217,0.9941318800000001,0.7202532663316583,0.4474,1.0
Philips_B120N10_Baby_Monitor,100,7,55716,shared_oas,1.0,0.9945577999999999,0.7268904522613066,0.8526,1.0
Philips_B120N10_Baby_Monitor,100,7,55716,local_oas,0.0,0.99407164,0.7111557788944725,0.8522,1.0
Philips_B120N10_Baby_Monitor,100,7,55716,peer_cov_fixed,1.0,0.99465576,0.8478814070351759,0.1326,1.0
Philips_B120N10_Baby_Monitor,100,7,55716,risk_blend,0.012382785867958598,0.9978114800000001,0.8903758793969849,0.8718,1.0
Philips_B120N10_Baby_Monitor,100,7,55716,risk_blend_mismatch,0.002459211294965567,0.99615896,0.8074050251256282,0.864,1.0
Philips_B120N10_Baby_Monitor,100,7,55716,peer_cov_soft,1.0,0.9807311999999999,0.7532884422110553,0.1572,1.0
Philips_B120N10_Baby_Monitor,100,7,55716,risk_soft_cov,0.9881518037582588,0.9857848800000001,0.763191959798995,0.1286,1.0
Philips_B120N10_Baby_Monitor,100,7,55716,risk_soft_cov_mismatch,0.010090229601787279,0.99466224,0.7405165829145729,0.8372,1.0
Philips_B120N10_Baby_Monitor,100,8,89538,shared_oas,1.0,0.997207,0.8596482412060302,0.3888,1.0
Philips_B120N10_Baby_Monitor,100,8,89538,local_oas,0.0,0.99687984,0.8432341708542713,0.3636,1.0
Philips_B120N10_Baby_Monitor,100,8,89538,peer_cov_fixed,1.0,0.994844,0.8557547738693467,0.2006,1.0
Philips_B120N10_Baby_Monitor,100,8,89538,risk_blend,0.012777614096993033,0.99858236,0.9289869346733668,0.3714,1.0
Philips_B120N10_Baby_Monitor,100,8,89538,risk_blend_mismatch,0.002559077448020454,0.9975740399999999,0.8780984924623115,0.3666,1.0
Philips_B120N10_Baby_Monitor,100,8,89538,peer_cov_soft,1.0,0.9809367999999999,0.7559517587939699,0.0626,0.7974
Philips_B120N10_Baby_Monitor,100,8,89538,risk_soft_cov,0.9885182469913963,0.98607908,0.7687457286432161,0.071,1.0
Philips_B120N10_Baby_Monitor,100,8,89538,risk_soft_cov_mismatch,0.01029859803753018,0.9983016,0.9146532663316582,0.3424,1.0
Philips_B120N10_Baby_Monitor,100,9,54354,shared_oas,1.0,0.9976219199999999,0.8807035175879396,0.9948,1.0
Philips_B120N10_Baby_Monitor,100,9,54354,local_oas,0.0,0.99767032,0.8832221105527639,0.9938,1.0
Philips_B120N10_Baby_Monitor,100,9,54354,peer_cov_fixed,1.0,0.9955502,0.8644000000000001,0.3434,1.0
Philips_B120N10_Baby_Monitor,100,9,54354,risk_blend,0.012839732632244867,0.99886548,0.9432763819095478,0.995,1.0
Philips_B120N10_Baby_Monitor,100,9,54354,risk_blend_mismatch,0.0024971868728663007,0.99865072,0.9324743718592965,0.994,1.0
Philips_B120N10_Baby_Monitor,100,9,54354,peer_cov_soft,1.0,0.98348592,0.7510291457286433,0.228,1.0
Philips_B120N10_Baby_Monitor,100,9,54354,risk_soft_cov,0.9885738716757444,0.98676992,0.7623276381909548,0.2826,1.0
Philips_B120N10_Baby_Monitor,100,9,54354,risk_soft_cov_mismatch,0.010187758490458745,0.99765164,0.8821386934673368,0.993,1.0
Philips_B120N10_Baby_Monitor,100,10,63996,shared_oas,1.0,0.99673628,0.8359939698492462,0.0,0.0
Philips_B120N10_Baby_Monitor,100,10,63996,local_oas,0.0,0.9981378399999999,0.906424120603015,0.0,0.0
Philips_B120N10_Baby_Monitor,100,10,63996,peer_cov_fixed,1.0,0.9956081200000001,0.8836743718592964,0.0036,0.7788
Philips_B120N10_Baby_Monitor,100,10,63996,risk_blend,0.7925742237338134,0.99860544,0.929991959798995,0.0,0.0
Philips_B120N10_Baby_Monitor,100,10,63996,risk_blend_mismatch,0.27048094394726624,0.99966612,0.9832301507537689,0.0,0.0
Philips_B120N10_Baby_Monitor,100,10,63996,peer_cov_soft,1.0,0.99525796,0.8836743718592965,0.0,0.0
Philips_B120N10_Baby_Monitor,100,10,63996,risk_soft_cov,0.9998932978489262,0.99526108,0.883827135678392,0.0,0.0
Philips_B120N10_Baby_Monitor,100,10,63996,risk_soft_cov_mismatch,0.3078774630204409,0.9993871599999999,0.9692221105527639,0.0,0.0
Philips_B120N10_Baby_Monitor,100,11,53264,shared_oas,1.0,0.99642568,0.8207798994974874,0.4438,1.0
Philips_B120N10_Baby_Monitor,100,11,53264,local_oas,0.0,0.99580824,0.7899296482412059,0.4418,1.0
Philips_B120N10_Baby_Monitor,100,11,53264,peer_cov_fixed,1.0,0.99590268,0.8671819095477388,0.26,1.0
Philips_B120N10_Baby_Monitor,100,11,53264,risk_blend,0.008860128015780738,0.9983136,0.9158693467336684,0.422,1.0
Philips_B120N10_Baby_Monitor,100,11,53264,risk_blend_mismatch,0.0017141160323966291,0.99686572,0.8429989949748744,0.4282,1.0
Philips_B120N10_Baby_Monitor,100,11,53264,peer_cov_soft,1.0,0.9837936799999999,0.7645165829145728,0.1498,1.0
Philips_B120N10_Baby_Monitor,100,11,53264,risk_soft_cov,0.9834609577329906,0.9886453199999999,0.7749165829145729,0.1434,1.0
Philips_B120N10_Baby_Monitor,100,11,53264,risk_soft_cov_mismatch,0.007129806754431962,0.99705824,0.8524824120603015,0.4242,1.0
Philips_B120N10_Baby_Monitor,100,12,17828,shared_oas,1.0,0.9973863199999999,0.8686773869346733,0.0376,1.0
Philips_B120N10_Baby_Monitor,100,12,17828,local_oas,0.0,0.9979387200000001,0.8964301507537689,0.0338,1.0
Philips_B120N10_Baby_Monitor,100,12,17828,peer_cov_fixed,1.0,0.9951511200000001,0.8668864321608041,0.0406,1.0
Philips_B120N10_Baby_Monitor,100,12,17828,risk_blend,0.04771164487822686,0.9989114800000001,0.9455417085427137,0.0246,1.0
Philips_B120N10_Baby_Monitor,100,12,17828,risk_blend_mismatch,0.011656129680996209,0.99903388,0.9514733668341708,0.0268,1.0
Philips_B120N10_Baby_Monitor,100,12,17828,peer_cov_soft,1.0,0.9802280800000001,0.7556964824120602,0.0386,0.8084
Philips_B120N10_Baby_Monitor,100,12,17828,risk_soft_cov,0.99701704478013,0.9836748799999999,0.7656020100502513,0.0354,0.8084
Philips_B120N10_Baby_Monitor,100,12,17828,risk_soft_cov_mismatch,0.040047991449450024,0.99885924,0.9427075376884422,0.0222,1.0
Philips_B120N10_Baby_Monitor,100,13,6333,shared_oas,1.0,0.9952831200000001,0.7631517587939699,0.5284,1.0
Philips_B120N10_Baby_Monitor,100,13,6333,local_oas,0.0,0.9939491199999999,0.6965005025125628,0.531,1.0
Philips_B120N10_Baby_Monitor,100,13,6333,peer_cov_fixed,1.0,0.9956784399999999,0.8726010050251256,0.2294,1.0
Philips_B120N10_Baby_Monitor,100,13,6333,risk_blend,0.008358877419451136,0.9977147999999999,0.88561608040201,0.5254,1.0
Philips_B120N10_Baby_Monitor,100,13,6333,risk_blend_mismatch,0.0016384244862568064,0.9958697599999999,0.7928683417085427,0.524,1.0
Philips_B120N10_Baby_Monitor,100,13,6333,peer_cov_soft,1.0,0.98322896,0.7594854271356783,0.1908,1.0
Philips_B120N10_Baby_Monitor,100,13,6333,risk_soft_cov,0.9824778409289321,0.9872524,0.7668964824120603,0.2014,1.0
Philips_B120N10_Baby_Monitor,100,13,6333,risk_soft_cov_mismatch,0.006796041781614921,0.99476852,0.7394773869346734,0.544,1.0
Philips_B120N10_Baby_Monitor,100,14,39337,shared_oas,1.0,0.99812468,0.9057909547738694,0.5016,1.0
Philips_B120N10_Baby_Monitor,100,14,39337,local_oas,0.0,0.99763084,0.8810231155778895,0.4962,1.0
Philips_B120N10_Baby_Monitor,100,14,39337,peer_cov_fixed,1.0,0.99586796,0.8667738693467337,0.23,1.0
Philips_B120N10_Baby_Monitor,100,14,39337,risk_blend,0.009156864327970618,0.9991044400000001,0.9553025125628141,0.5112,1.0
Philips_B120N10_Baby_Monitor,100,14,39337,risk_blend_mismatch,0.0017466181692410417,0.99845272,0.9222994974874372,0.5068,1.0
Philips_B120N10_Baby_Monitor,100,14,39337,peer_cov_soft,1.0,0.9823014000000001,0.7630532663316583,0.1444,1.0
Philips_B120N10_Baby_Monitor,100,14,39337,risk_soft_cov,0.983993055404544,0.98683848,0.7731819095477387,0.1504,1.0
Philips_B120N10_Baby_Monitor,100,14,39337,risk_soft_cov_mismatch,0.007074215852906389,0.99877812,0.9387015075376884,0.4896,1.0
Philips_B120N10_Baby_Monitor,100,15,64312,shared_oas,1.0,0.9986974799999999,0.9345467336683417,0.276,1.0
Philips_B120N10_Baby_Monitor,100,15,64312,local_oas,0.0,0.99851528,0.9253909547738693,0.2394,1.0
Philips_B120N10_Baby_Monitor,100,15,64312,peer_cov_fixed,1.0,0.99589936,0.8716321608040201,0.1936,1.0
Philips_B120N10_Baby_Monitor,100,15,64312,risk_blend,0.024527163048480963,0.9996008799999999,0.9799437185929647,0.3152,1.0
Philips_B120N10_Baby_Monitor,100,15,64312,risk_blend_mismatch,0.005028102295090527,0.99898196,0.9488422110552763,0.2698,1.0
Philips_B120N10_Baby_Monitor,100,15,64312,peer_cov_soft,1.0,0.9821797600000001,0.7616442211055277,0.0406,0.8028
Philips_B120N10_Baby_Monitor,100,15,64312,risk_soft_cov,0.9940565695271391,0.9874038,0.7756944723618091,0.036,0.8028
Philips_B120N10_Baby_Monitor,100,15,64312,risk_soft_cov_mismatch,0.018528140569071417,0.99907992,0.9537648241206029,0.1992,1.0
Philips_B120N10_Baby_Monitor,100,16,552,shared_oas,1.0,0.99644128,0.8582814070351759,1.0,1.0
Philips_B120N10_Baby_Monitor,100,16,552,local_oas,0.0,0.75210808,0.7292522613065326,1.0,1.0
Philips_B120N10_Baby_Monitor,100,16,552,peer_cov_fixed,1.0,0.9089492399999998,0.7593286432160804,1.0,1.0
Philips_B120N10_Baby_Monitor,100,16,552,risk_blend,4.448306115904773e-05,0.9399861599999999,0.8305125628140704,1.0,1.0
Philips_B120N10_Baby_Monitor,100,16,552,risk_blend_mismatch,7.384535387601718e-06,0.7910688,0.8025507537688443,1.0,1.0
Philips_B120N10_Baby_Monitor,100,16,552,peer_cov_soft,1.0,0.76466904,0.8550693467336683,1.0,1.0
Philips_B120N10_Baby_Monitor,100,16,552,risk_soft_cov,0.00559167088351123,0.7816858800000002,0.8461346733668342,1.0,1.0
Philips_B120N10_Baby_Monitor,100,16,552,risk_soft_cov_mismatch,2.4882066215198753e-06,0.6550598,0.7252341708542713,1.0,1.0
Philips_B120N10_Baby_Monitor,100,17,41845,shared_oas,1.0,0.99757688,0.8782512562814071,0.2972,1.0
Philips_B120N10_Baby_Monitor,100,17,41845,local_oas,0.0,0.9974909599999999,0.8739356783919597,0.298,1.0
Philips_B120N10_Baby_Monitor,100,17,41845,peer_cov_fixed,1.0,0.99536524,0.8549648241206029,0.122,1.0
Philips_B120N10_Baby_Monitor,100,17,41845,risk_blend,0.01209622754711012,0.99880188,0.9399417085427136,0.3208,1.0
Philips_B120N10_Baby_Monitor,100,17,41845,risk_blend_mismatch,0.0023463686549746007,0.99820864,0.91001608040201,0.3042,1.0
Philips_B120N10_Baby_Monitor,100,17,41845,peer_cov_soft,1.0,0.9839156800000001,0.7592663316582915,0.0394,0.8028
Philips_B120N10_Baby_Monitor,100,17,41845,risk_soft_cov,0.9878710491318412,0.98867636,0.77361608040201,0.0426,1.0
Philips_B120N10_Baby_Monitor,100,17,41845,risk_soft_cov_mismatch,0.009338639499682031,0.9987906,0.9392542713567839,0.2658,1.0
Philips_B120N10_Baby_Monitor,100,18,58414,shared_oas,1.0,0.9982823200000001,0.9136844221105528,0.0044,0.7934
Philips_B120N10_Baby_Monitor,100,18,58414,local_oas,0.0,0.9988694,0.9431859296482412,0.0052,0.9992
Philips_B120N10_Baby_Monitor,100,18,58414,peer_cov_fixed,1.0,0.9953648,0.8517447236180904,0.0054,0.7528
Philips_B120N10_Baby_Monitor,100,18,58414,risk_blend,0.7836517765529445,0.998396,0.9193969849246231,0.0,0.0
Philips_B120N10_Baby_Monitor,100,18,58414,risk_blend_mismatch,0.3203796424412445,0.99982784,0.991348743718593,0.0,0.0
Philips_B120N10_Baby_Monitor,100,18,58414,peer_cov_soft,1.0,0.9950108400000001,0.8483477386934672,0.0,0.0
Philips_B120N10_Baby_Monitor,100,18,58414,risk_soft_cov,0.9999111840325302,0.9950154400000001,0.8485788944723618,0.0,0.0
Philips_B120N10_Baby_Monitor,100,18,58414,risk_soft_cov_mismatch,0.34690901569890137,0.99937588,0.9686371859296482,0.0,0.0
Philips_B120N10_Baby_Monitor,100,19,68137,shared_oas,1.0,0.9973702799999999,0.8678532663316583,0.7494,1.0
Philips_B120N10_Baby_Monitor,100,19,68137,local_oas,0.0,0.99719712,0.8591517587939699,0.744,1.0
Philips_B120N10_Baby_Monitor,100,19,68137,peer_cov_fixed,1.0,0.99490392,0.8567155778894472,0.1332,1.0
Philips_B120N10_Baby_Monitor,100,19,68137,risk_blend,0.029178263784935814,0.99920284,0.9600201005025125,0.6298,1.0
Philips_B120N10_Baby_Monitor,100,19,68137,risk_blend_mismatch,0.006221527796344476,0.99880888,0.9401447236180904,0.709,1.0
Philips_B120N10_Baby_Monitor,100,19,68137,peer_cov_soft,1.0,0.98122492,0.7425185929648241,0.0468,0.793
Philips_B120N10_Baby_Monitor,100,19,68137,risk_soft_cov,0.9950229640227943,0.9853120400000001,0.7588663316582915,0.0486,0.793
Philips_B120N10_Baby_Monitor,100,19,68137,risk_soft_cov_mismatch,0.022482855693032055,0.99849824,0.9245346733668343,0.509,1.0
Philips_B120N10_Baby_Monitor,100,20,7078,shared_oas,1.0,0.99629128,0.8136321608040201,0.3046,1.0
Philips_B120N10_Baby_Monitor,100,20,7078,local_oas,0.0,0.9953600400000001,0.7669145728643216,0.3062,1.0
Philips_B120N10_Baby_Monitor,100,20,7078,peer_cov_fixed,1.0,0.9948466,0.8551155778894473,0.1426,1.0
Philips_B120N10_Baby_Monitor,100,20,7078,risk_blend,0.014398057242617335,0.99870408,0.9350090452261307,0.2576,1.0
Philips_B120N10_Baby_Monitor,100,20,7078,risk_blend_mismatch,0.002937875350679654,0.9968821999999999,0.843364824120603,0.2876,1.0
Philips_B120N10_Baby_Monitor,100,20,7078,peer_cov_soft,1.0,0.98039792,0.7542150753768844,0.1576,1.0
Philips_B120N10_Baby_Monitor,100,20,7078,risk_soft_cov,0.9898138639988596,0.98611072,0.7707899497487437,0.131,1.0
Philips_B120N10_Baby_Monitor,100,20,7078,risk_soft_cov_mismatch,0.01168032973544776,0.9979918,0.8990854271356783,0.2688,1.0
Philips_B120N10_Baby_Monitor,100,21,49166,shared_oas,1.0,0.9978585999999999,0.892391959798995,0.3484,1.0
Philips_B120N10_Baby_Monitor,100,21,49166,local_oas,0.0,0.99779576,0.8892341708542713,0.322,1.0
Philips_B120N10_Baby_Monitor,100,21,49166,peer_cov_fixed,1.0,0.9961568399999999,0.8643477386934673,0.153,1.0
Philips_B120N10_Baby_Monitor,100,21,49166,risk_blend,0.03321565038022886,0.9991596,0.9579437185929649,0.3084,1.0
Philips_B120N10_Baby_Monitor,100,21,49166,risk_blend_mismatch,0.007182565312745911,0.9990572799999999,0.952635175879397,0.3168,1.0
Philips_B120N10_Baby_Monitor,100,21,49166,peer_cov_soft,1.0,0.984183,0.7634150753768845,0.0336,0.8038
Philips_B120N10_Baby_Monitor,100,21,49166,risk_soft_cov,0.9956434356710536,0.98847624,0.7790552763819095,0.0296,0.8042
Philips_B120N10_Baby_Monitor,100,21,49166,risk_soft_cov_mismatch,0.022439484990424488,0.99916952,0.9582773869346733,0.285,1.0
Philips_B120N10_Baby_Monitor,100,22,56241,shared_oas,1.0,0.9965851600000001,0.828572864321608,0.1516,1.0
Philips_B120N10_Baby_Monitor,100,22,56241,local_oas,0.0,0.9963612,0.8174251256281407,0.1554,1.0
Philips_B120N10_Baby_Monitor,100,22,56241,peer_cov_fixed,1.0,0.9948792000000001,0.8521608040201005,0.212,1.0
Philips_B120N10_Baby_Monitor,100,22,56241,risk_blend,0.014320612064408269,0.99859168,0.9295195979899498,0.2328,1.0
Philips_B120N10_Baby_Monitor,100,22,56241,risk_blend_mismatch,0.002927508940772991,0.99746184,0.8726874371859297,0.1742,1.0
Philips_B120N10_Baby_Monitor,100,22,56241,peer_cov_soft,1.0,0.98060424,0.7534010050251256,0.1726,1.0
Philips_B120N10_Baby_Monitor,100,22,56241,risk_soft_cov,0.9897585455514,0.9846275600000001,0.7636663316582915,0.1428,1.0
Philips_B120N10_Baby_Monitor,100,22,56241,risk_soft_cov_mismatch,0.011912522817586845,0.99706056,0.8524281407035176,0.1162,1.0
Philips_B120N10_Baby_Monitor,100,23,95359,shared_oas,1.0,0.9944079600000001,0.7193025125628141,0.527,1.0
Philips_B120N10_Baby_Monitor,100,23,95359,local_oas,0.0,0.99394656,0.6963517587939698,0.5328,1.0
Philips_B120N10_Baby_Monitor,100,23,95359,peer_cov_fixed,1.0,0.99540864,0.8610592964824122,0.2204,1.0
Philips_B120N10_Baby_Monitor,100,23,95359,risk_blend,0.008610913718078969,0.9980093999999999,0.9003417085427134,0.5266,1.0
Philips_B120N10_Baby_Monitor,100,23,95359,risk_blend_mismatch,0.0016845096825492435,0.99591724,0.79518391959799,0.5292,1.0
Philips_B120N10_Baby_Monitor,100,23,95359,peer_cov_soft,1.0,0.98284512,0.7664502512562814,0.1682,1.0
Philips_B120N10_Baby_Monitor,100,23,95359,risk_soft_cov,0.9829862278613702,0.98677784,0.7736723618090452,0.1664,1.0
Philips_B120N10_Baby_Monitor,100,23,95359,risk_soft_cov_mismatch,0.007000979947350725,0.99490824,0.7444582914572865,0.5344,1.0
Philips_B120N10_Baby_Monitor,100,24,68982,shared_oas,1.0,0.99588312,0.7933145728643216,0.7916,1.0
Philips_B120N10_Baby_Monitor,100,24,68982,local_oas,0.0,0.9955532,0.7768100502512563,0.798,1.0
Philips_B120N10_Baby_Monitor,100,24,68982,peer_cov_fixed,1.0,0.99539184,0.869027135678392,0.2074,1.0
Philips_B120N10_Baby_Monitor,100,24,68982,risk_blend,0.008994292299424661,0.99838584,0.9191979899497487,0.7766,1.0
Philips_B120N10_Baby_Monitor,100,24,68982,risk_blend_mismatch,0.001732597904794443,0.9965676400000001,0.8277266331658291,0.7944,1.0
Philips_B120N10_Baby_Monitor,100,24,68982,peer_cov_soft,1.0,0.9826692,0.7624160804020101,0.1432,1.0
Philips_B120N10_Baby_Monitor,100,24,68982,risk_soft_cov,0.983705813629226,0.98636108,0.7729025125628141,0.1426,1.0
Philips_B120N10_Baby_Monitor,100,24,68982,risk_soft_cov_mismatch,0.007139198253819001,0.99709452,0.8540180904522612,0.7294,1.0
Philips_B120N10_Baby_Monitor,100,25,88993,shared_oas,1.0,0.9975837200000001,0.8785809045226131,0.0764,1.0
Philips_B120N10_Baby_Monitor,100,25,88993,local_oas,0.0,0.99744808,0.8717829145728643,0.0748,1.0
Philips_B120N10_Baby_Monitor,100,25,88993,peer_cov_fixed,1.0,0.99465284,0.8671718592964824,0.1346,1.0
Philips_B120N10_Baby_Monitor,100,25,88993,risk_blend,0.022265539365907246,0.99917068,0.9585447236180904,0.0722,1.0
Philips_B120N10_Baby_Monitor,100,25,88993,risk_blend_mismatch,0.0045423283858182775,0.99885536,0.9425065326633166,0.0716,1.0
Philips_B120N10_Baby_Monitor,100,25,88993,peer_cov_soft,1.0,0.9812244400000001,0.7587356783919598,0.0456,0.8118
Philips_B120N10_Baby_Monitor,100,25,88993,risk_soft_cov,0.9934417441956146,0.9851888,0.7683537688442211,0.0468,0.8118
Philips_B120N10_Baby_Monitor,100,25,88993,risk_soft_cov_mismatch,0.017600236177290982,0.99894924,0.9471979899497487,0.0368,1.0
Philips_B120N10_Baby_Monitor,100,26,69772,shared_oas,1.0,0.99643328,0.8207758793969849,0.0062,0.999
Philips_B120N10_Baby_Monitor,100,26,69772,local_oas,0.0,0.99722108,0.8603557788944725,0.0056,0.9974
Philips_B120N10_Baby_Monitor,100,26,69772,peer_cov_fixed,1.0,0.99567624,0.8689768844221105,0.0078,0.794
Philips_B120N10_Baby_Monitor,100,26,69772,risk_blend,0.8594812094205532,0.99785436,0.8923175879396985,0.0008,0.685
Philips_B120N10_Baby_Monitor,100,26,69772,risk_blend_mismatch,0.29922014880038067,0.9996564,0.9827356783919599,0.0,0.6586
Philips_B120N10_Baby_Monitor,100,26,69772,peer_cov_soft,1.0,0.99540448,0.8696201005025126,0.0,0.0
Philips_B120N10_Baby_Monitor,100,26,69772,risk_soft_cov,0.9999173869289761,0.9954062,0.8697025125628141,0.0,0.0
Philips_B120N10_Baby_Monitor,100,26,69772,risk_soft_cov_mismatch,0.32327842204055357,0.99924824,0.9622472361809045,0.0,0.0046
Philips_B120N10_Baby_Monitor,100,27,72774,shared_oas,1.0,0.9944732,0.722486432160804,0.3816,1.0
Philips_B120N10_Baby_Monitor,100,27,72774,local_oas,0.0,0.9936706799999999,0.6824663316582915,0.3672,1.0
Philips_B120N10_Baby_Monitor,100,27,72774,peer_cov_fixed,1.0,0.99474188,0.8639778894472361,0.2068,1.0
Philips_B120N10_Baby_Monitor,100,27,72774,risk_blend,0.008888362612565676,0.9975816799999999,0.8789768844221106,0.3802,1.0
Philips_B120N10_Baby_Monitor,100,27,72774,risk_blend_mismatch,0.001727022969686364,0.99509312,0.7537788944723618,0.3774,1.0
Philips_B120N10_Baby_Monitor,100,27,72774,peer_cov_soft,1.0,0.9815942799999999,0.7632321608040201,0.1534,1.0
Philips_B120N10_Baby_Monitor,100,27,72774,risk_soft_cov,0.9835130910527199,0.98627504,0.7746914572864322,0.1672,1.0
Philips_B120N10_Baby_Monitor,100,27,72774,risk_soft_cov_mismatch,0.007095335288583879,0.9966465200000001,0.8316422110552764,0.3578,1.0
Philips_B120N10_Baby_Monitor,100,28,66586,shared_oas,1.0,0.9969216799999999,0.8453105527638191,0.0044,0.9972
Philips_B120N10_Baby_Monitor,100,28,66586,local_oas,0.0,0.99778952,0.8889206030150754,0.005,0.9996
Philips_B120N10_Baby_Monitor,100,28,66586,peer_cov_fixed,1.0,0.99634508,0.8645608040201005,0.0028,0.6964
Philips_B120N10_Baby_Monitor,100,28,66586,risk_blend,0.8379773589569627,0.99872844,0.9361447236180904,0.0,0.0
Philips_B120N10_Baby_Monitor,100,28,66586,risk_blend_mismatch,0.21043174024580355,0.9997088000000001,0.9853668341708542,0.0,0.0824
Philips_B120N10_Baby_Monitor,100,28,66586,peer_cov_soft,1.0,0.9956780399999999,0.8637266331658291,0.0,0.0
Philips_B120N10_Baby_Monitor,100,28,66586,risk_soft_cov,0.9999445739266302,0.9956794,0.8637949748743718,0.0,0.0
Philips_B120N10_Baby_Monitor,100,28,66586,risk_soft_cov_mismatch,0.21735689320731122,0.99959628,0.9797125628140704,0.0,0.0012
Philips_B120N10_Baby_Monitor,100,29,29611,shared_oas,1.0,0.99459076,0.7283738693467336,0.4422,1.0
Philips_B120N10_Baby_Monitor,100,29,29611,local_oas,0.0,0.99402296,0.7000221105527638,0.4362,1.0
Philips_B120N10_Baby_Monitor,100,29,29611,peer_cov_fixed,1.0,0.9957392,0.8571497487437186,0.2264,1.0
Philips_B120N10_Baby_Monitor,100,29,29611,risk_blend,0.011497646716813248,0.99824752,0.9121768844221105,0.4498,1.0
Philips_B120N10_Baby_Monitor,100,29,29611,risk_blend_mismatch,0.002253089781913244,0.9963528,0.8169447236180905,0.442,1.0
Philips_B120N10_Baby_Monitor,100,29,29611,peer_cov_soft,1.0,0.98201544,0.7642552763819095,0.1474,1.0
Philips_B120N10_Baby_Monitor,100,29,29611,risk_soft_cov,0.9872400261274938,0.98709824,0.7725869346733668,0.1506,1.0
Philips_B120N10_Baby_Monitor,100,29,29611,risk_soft_cov_mismatch,0.0091753444820819,0.9951741199999999,0.7575597989949749,0.4222,1.0
Philips_B120N10_Baby_Monitor,300,0,52877,shared_oas,1.0,0.99428492,0.7257989949748744,0.1332,1.0
Philips_B120N10_Baby_Monitor,300,0,52877,local_oas,0.0,0.9935716,0.6843316582914573,0.1286,1.0
Philips_B120N10_Baby_Monitor,300,0,52877,peer_cov_fixed,1.0,0.9914942800000001,0.7934130653266331,0.1508,1.0
Philips_B120N10_Baby_Monitor,300,0,52877,risk_blend,0.005609854533632762,0.9982938,0.9146934673366833,0.13,1.0
Philips_B120N10_Baby_Monitor,300,0,52877,risk_blend_mismatch,0.0011332953554804126,0.99655248,0.8272884422110554,0.1274,1.0
Philips_B120N10_Baby_Monitor,300,0,52877,peer_cov_soft,1.0,0.9645594,0.7557025125628141,0.0528,0.7948
Philips_B120N10_Baby_Monitor,300,0,52877,risk_soft_cov,0.9740437494042111,0.9863278799999999,0.7942371859296482,0.04,0.795
Philips_B120N10_Baby_Monitor,300,0,52877,risk_soft_cov_mismatch,0.004594696858314475,0.9973379600000001,0.868603015075377,0.1044,1.0
Philips_B120N10_Baby_Monitor,300,1,14929,shared_oas,1.0,0.99405072,0.7152462311557789,0.231,1.0
Philips_B120N10_Baby_Monitor,300,1,14929,local_oas,0.0,0.99295824,0.7166653266331658,0.2426,1.0
Philips_B120N10_Baby_Monitor,300,1,14929,peer_cov_fixed,1.0,0.99257276,0.798008040201005,0.2292,1.0
Philips_B120N10_Baby_Monitor,300,1,14929,risk_blend,0.004639833029106995,0.99639672,0.8196100502512562,0.2258,1.0
Philips_B120N10_Baby_Monitor,300,1,14929,risk_blend_mismatch,0.0009348260440321112,0.9945587600000001,0.7350512562814071,0.2376,1.0
Philips_B120N10_Baby_Monitor,300,1,14929,peer_cov_soft,1.0,0.9661006799999999,0.7581045226130654,0.1692,1.0
Philips_B120N10_Baby_Monitor,300,1,14929,risk_soft_cov,0.9687571176138418,0.98131844,0.7646211055276382,0.136,1.0
Philips_B120N10_Baby_Monitor,300,1,14929,risk_soft_cov_mismatch,0.0036753503590391877,0.9944266399999999,0.7243879396984925,0.2144,1.0
Philips_B120N10_Baby_Monitor,300,2,36901,shared_oas,1.0,0.9934416,0.6710673366834171,0.8748,1.0
Philips_B120N10_Baby_Monitor,300,2,36901,local_oas,0.0,0.9924512,0.6307919597989949,0.8692,1.0
Philips_B120N10_Baby_Monitor,300,2,36901,peer_cov_fixed,1.0,0.9906408000000001,0.7900964824120603,0.233,1.0
Philips_B120N10_Baby_Monitor,300,2,36901,risk_blend,0.0033175965761020596,0.9969500400000001,0.8480341708542714,0.8582,1.0
Philips_B120N10_Baby_Monitor,300,2,36901,risk_blend_mismatch,0.000652260068484564,0.99408136,0.7038773869346734,0.8774,1.0
Philips_B120N10_Baby_Monitor,300,2,36901,peer_cov_soft,1.0,0.9633554400000001,0.7553185929648241,0.1424,0.7944
Philips_B120N10_Baby_Monitor,300,2,36901,risk_soft_cov,0.95678772850329,0.9816788399999999,0.7727939698492463,0.3416,1.0
Philips_B120N10_Baby_Monitor,300,2,36901,risk_soft_cov_mismatch,0.0026732354185539458,0.99475876,0.7379376884422111,0.8692,1.0
Philips_B120N10_Baby_Monitor,300,3,53469,shared_oas,1.0,0.99854516,0.9270793969849247,0.9306,1.0
Philips_B120N10_Baby_Monitor,300,3,53469,local_oas,0.0,0.99810992,0.9067577889447236,0.9302,1.0
Philips_B120N10_Baby_Monitor,300,3,53469,peer_cov_fixed,1.0,0.99045752,0.7696663316582915,0.1416,1.0
Philips_B120N10_Baby_Monitor,300,3,53469,risk_blend,0.006784102405014063,0.99766572,0.889780904522613,0.9262,1.0
Philips_B120N10_Baby_Monitor,300,3,53469,risk_blend_mismatch,0.0013432367103045101,0.9985254,0.9303597989949749,0.9288,1.0
Philips_B120N10_Baby_Monitor,300,3,53469,peer_cov_soft,1.0,0.95627296,0.7586291457286432,0.1832,0.796
Philips_B120N10_Baby_Monitor,300,3,53469,risk_soft_cov,0.9784645162862196,0.981982,0.780980904522613,0.151,1.0
Philips_B120N10_Baby_Monitor,300,3,53469,risk_soft_cov_mismatch,0.0054077550776529615,0.9989264,0.947889447236181,0.9234,1.0
Philips_B120N10_Baby_Monitor,300,4,57594,shared_oas,1.0,0.99933064,0.9664281407035176,0.0,0.0
Philips_B120N10_Baby_Monitor,300,4,57594,local_oas,0.0,0.99999664,0.9998613065326634,0.0,0.0
Philips_B120N10_Baby_Monitor,300,4,57594,peer_cov_fixed,1.0,0.9916826000000001,0.7941768844221107,0.0036,0.64
Philips_B120N10_Baby_Monitor,300,4,57594,risk_blend,0.6601457326835518,0.9981597200000001,0.9075597989949749,0.0,0.0
Philips_B120N10_Baby_Monitor,300,4,57594,risk_blend_mismatch,0.17136517809453639,0.9997879999999999,0.9893467336683417,0.0,0.0
Philips_B120N10_Baby_Monitor,300,4,57594,peer_cov_soft,1.0,0.9881032799999999,0.76961608040201,0.0,0.0
Philips_B120N10_Baby_Monitor,300,4,57594,risk_soft_cov,0.999884504830958,0.98810868,0.7698773869346733,0.0,0.0
Philips_B120N10_Baby_Monitor,300,4,57594,risk_soft_cov_mismatch,0.1685894105629898,0.99978744,0.9893185929648242,0.0,0.0
Philips_B120N10_Baby_Monitor,300,5,30455,shared_oas,1.0,0.99827572,0.9133587939698492,0.099,1.0
Philips_B120N10_Baby_Monitor,300,5,30455,local_oas,0.0,0.9980281599999999,0.9009125628140704,0.092,1.0
Philips_B120N10_Baby_Monitor,300,5,30455,peer_cov_fixed,1.0,0.99288996,0.8167135678391959,0.1626,1.0
Philips_B120N10_Baby_Monitor,300,5,30455,risk_blend,0.0059953109929520056,0.99936792,0.9682773869346732,0.0926,1.0
Philips_B120N10_Baby_Monitor,300,5,30455,risk_blend_mismatch,0.0011914994865079942,0.99885448,0.9424361809045225,0.095,1.0
Philips_B120N10_Baby_Monitor,300,5,30455,peer_cov_soft,1.0,0.9674222800000001,0.7651175879396985,0.0836,0.797
Philips_B120N10_Baby_Monitor,300,5,30455,risk_soft_cov,0.9756811565294632,0.98755948,0.8072261306532663,0.0378,0.797
Philips_B120N10_Baby_Monitor,300,5,30455,risk_soft_cov_mismatch,0.004812982458440286,0.99920468,0.9600341708542713,0.0556,1.0
Philips_B120N10_Baby_Monitor,300,6,31109,shared_oas,1.0,0.9970550800000001,0.8520462311557789,0.4376,1.0
Philips_B120N10_Baby_Monitor,300,6,31109,local_oas,0.0,0.99659244,0.8289447236180905,0.4262,1.0
Philips_B120N10_Baby_Monitor,300,6,31109,peer_cov_fixed,1.0,0.9914123200000001,0.7505889447236181,0.1762,1.0
Philips_B120N10_Baby_Monitor,300,6,31109,risk_blend,0.0033564729361054936,0.99887956,0.9440763819095477,0.4346,1.0
Philips_B120N10_Baby_Monitor,300,6,31109,risk_blend_mismatch,0.00064828406012875,0.99745096,0.8720201005025126,0.4376,1.0
Philips_B120N10_Baby_Monitor,300,6,31109,peer_cov_soft,1.0,0.96796204,0.7583316582914573,0.148,1.0
Philips_B120N10_Baby_Monitor,300,6,31109,risk_soft_cov,0.957268442195792,0.98735728,0.7822150753768844,0.2708,1.0
Philips_B120N10_Baby_Monitor,300,6,31109,risk_soft_cov_mismatch,0.0026550219985316454,0.9986212000000001,0.9307698492462312,0.422,1.0
Philips_B120N10_Baby_Monitor,300,7,81839,shared_oas,1.0,0.99647924,0.8231899497487437,0.404,1.0
Philips_B120N10_Baby_Monitor,300,7,81839,local_oas,0.0,0.99574452,0.7866412060301508,0.4056,1.0
Philips_B120N10_Baby_Monitor,300,7,81839,peer_cov_fixed,1.0,0.99236156,0.8057326633165829,0.1856,1.0
Philips_B120N10_Baby_Monitor,300,7,81839,risk_blend,0.0030658806270220146,0.9972462000000001,0.8620804020100503,0.401,1.0
Philips_B120N10_Baby_Monitor,300,7,81839,risk_blend_mismatch,0.0005969578422849084,0.99613124,0.8059658291457287,0.4048,1.0
Philips_B120N10_Baby_Monitor,300,7,81839,peer_cov_soft,1.0,0.9660148800000001,0.7543396984924623,0.1686,1.0
Philips_B120N10_Baby_Monitor,300,7,81839,risk_soft_cov,0.9533939913066901,0.9868930800000001,0.7808964824120603,0.2432,1.0
Philips_B120N10_Baby_Monitor,300,7,81839,risk_soft_cov_mismatch,0.0024690739472028496,0.99641152,0.8198592964824121,0.3906,1.0
Philips_B120N10_Baby_Monitor,300,8,67690,shared_oas,1.0,0.9986953199999999,0.9344381909547739,0.0056,0.9956
Philips_B120N10_Baby_Monitor,300,8,67690,local_oas,0.0,0.9999286,0.9964120603015074,0.003,0.9946
Philips_B120N10_Baby_Monitor,300,8,67690,peer_cov_fixed,1.0,0.9926000399999999,0.8187517587939699,0.0094,0.7696
Philips_B120N10_Baby_Monitor,300,8,67690,risk_blend,0.3007259606302767,0.99883944,0.9417708542713568,0.0,0.0
Philips_B120N10_Baby_Monitor,300,8,67690,risk_blend_mismatch,0.12246666908780914,0.9996624399999999,0.9830653266331658,0.0,0.0
Philips_B120N10_Baby_Monitor,300,8,67690,peer_cov_soft,1.0,0.9527678799999999,0.706211055276382,0.0,0.0
Philips_B120N10_Baby_Monitor,300,8,67690,risk_soft_cov,0.9996524831459775,0.95293968,0.7080462311557789,0.0002,0.2088
Philips_B120N10_Baby_Monitor,300,8,67690,risk_soft_cov_mismatch,0.15767760062091118,0.99877496,0.9384402010050251,0.0,0.0608
Philips_B120N10_Baby_Monitor,300,9,17233,shared_oas,1.0,0.9975996,0.8793768844221106,0.4548,1.0
Philips_B120N10_Baby_Monitor,300,9,17233,local_oas,0.0,0.9969593999999999,0.8472321608040201,0.4432,1.0
Philips_B120N10_Baby_Monitor,300,9,17233,peer_cov_fixed,1.0,0.99310492,0.8074391959798995,0.188,1.0
Philips_B120N10_Baby_Monitor,300,9,17233,risk_blend,0.003459270035137448,0.9986408000000001,0.9318211055276382,0.4464,1.0
Philips_B120N10_Baby_Monitor,300,9,17233,risk_blend_mismatch,0.0006671106007775748,0.99766612,0.8827195979899498,0.444,1.0
Philips_B120N10_Baby_Monitor,300,9,17233,peer_cov_soft,1.0,0.9667919999999999,0.7625005025125628,0.1458,1.0
Philips_B120N10_Baby_Monitor,300,9,17233,risk_soft_cov,0.9584896588003962,0.9864829999999999,0.7960180904522614,0.277,1.0
Philips_B120N10_Baby_Monitor,300,9,17233,risk_soft_cov_mismatch,0.0027365532214197715,0.99856604,0.9279417085427135,0.4406,1.0
Philips_B120N10_Baby_Monitor,300,10,97264,shared_oas,1.0,0.99800548,0.8997728643216081,0.4706,1.0
Philips_B120N10_Baby_Monitor,300,10,97264,local_oas,0.0,0.99749576,0.8741668341708542,0.4654,1.0
Philips_B120N10_Baby_Monitor,300,10,97264,peer_cov_fixed,1.0,0.9928307199999999,0.7768100502512563,0.1878,1.0
Philips_B120N10_Baby_Monitor,300,10,97264,risk_blend,0.0030145275337564114,0.99898076,0.9487819095477387,0.4474,1.0
Philips_B120N10_Baby_Monitor,300,10,97264,risk_blend_mismatch,0.0005816814232079559,0.9981016,0.9046030150753769,0.4604,1.0
Philips_B120N10_Baby_Monitor,300,10,97264,peer_cov_soft,1.0,0.96881908,0.7593748743718594,0.1518,1.0
Philips_B120N10_Baby_Monitor,300,10,97264,risk_soft_cov,0.9526353272856508,0.9889861200000001,0.8024663316582915,0.1574,1.0
Philips_B120N10_Baby_Monitor,300,10,97264,risk_soft_cov_mismatch,0.0023715973678507395,0.99884772,0.9420964824120603,0.452,1.0
Philips_B120N10_Baby_Monitor,300,11,54600,shared_oas,1.0,0.99999484,0.9998974874371858,0.0,0.0
Philips_B120N10_Baby_Monitor,300,11,54600,local_oas,0.0,0.9998054000000001,0.998243216080402,0.0,0.0
Philips_B120N10_Baby_Monitor,300,11,54600,peer_cov_fixed,1.0,0.98908896,0.7769989949748743,0.009,0.694
Philips_B120N10_Baby_Monitor,300,11,54600,risk_blend,0.7717272363240242,0.9954553599999999,0.8541045226130654,0.0,0.0
Philips_B120N10_Baby_Monitor,300,11,54600,risk_blend_mismatch,0.10344836277685661,0.999884,0.994870351758794,0.0,0.0
Philips_B120N10_Baby_Monitor,300,11,54600,peer_cov_soft,1.0,0.987296,0.7625668341708542,0.0,0.0
Philips_B120N10_Baby_Monitor,300,11,54600,risk_soft_cov,0.9999221482720407,0.98729692,0.7625989949748744,0.0,0.0
Philips_B120N10_Baby_Monitor,300,11,54600,risk_soft_cov_mismatch,0.10713665002949595,0.99988532,0.9950854271356784,0.0,0.0
Philips_B120N10_Baby_Monitor,300,12,19414,shared_oas,1.0,0.99678816,0.8386713567839196,0.558,1.0
Philips_B120N10_Baby_Monitor,300,12,19414,local_oas,0.0,0.9968462400000001,0.8417306532663317,0.5406,1.0
Philips_B120N10_Baby_Monitor,300,12,19414,peer_cov_fixed,1.0,0.9924548,0.8102914572864321,0.2012,1.0
Philips_B120N10_Baby_Monitor,300,12,19414,risk_blend,0.0035525904707334474,0.99879452,0.9398512562814071,0.54,1.0
Philips_B120N10_Baby_Monitor,300,12,19414,risk_blend_mismatch,0.0006950944903670623,0.9978330400000001,0.8912723618090452,0.5418,1.0
Philips_B120N10_Baby_Monitor,300,12,19414,peer_cov_soft,1.0,0.9661787199999999,0.7608964824120603,0.1468,1.0
Philips_B120N10_Baby_Monitor,300,12,19414,risk_soft_cov,0.959539577698434,0.9864301999999999,0.7925427135678391,0.2994,1.0
Philips_B120N10_Baby_Monitor,300,12,19414,risk_soft_cov_mismatch,0.0028177769411130713,0.99859112,0.9292683417085428,0.5102,1.0
Philips_B120N10_Baby_Monitor,300,13,57603,shared_oas,1.0,0.9945848399999999,0.8375658291457286,0.0,0.0
Philips_B120N10_Baby_Monitor,300,13,57603,local_oas,0.0,0.99985084,0.9925045226130653,0.0,0.0
Philips_B120N10_Baby_Monitor,300,13,57603,peer_cov_fixed,1.0,0.9906240000000001,0.7916321608040202,0.004,0.6382
Philips_B120N10_Baby_Monitor,300,13,57603,risk_blend,0.6783256436576147,0.9967628799999999,0.8899618090452261,0.0,0.0
Philips_B120N10_Baby_Monitor,300,13,57603,risk_blend_mismatch,0.16255133617556608,0.9980021600000001,0.8996361809045227,0.0,0.0
Philips_B120N10_Baby_Monitor,300,13,57603,peer_cov_soft,1.0,0.98746676,0.7531738693467336,0.0,0.0
Philips_B120N10_Baby_Monitor,300,13,57603,risk_soft_cov,0.9998924212505051,0.9875104800000001,0.7534090452261306,0.0,0.0
Philips_B120N10_Baby_Monitor,300,13,57603,risk_soft_cov_mismatch,0.16109955707584692,0.9978895600000001,0.8958914572864322,0.0,0.0
Philips_B120N10_Baby_Monitor,300,14,95964,shared_oas,1.0,0.99666924,0.8326552763819095,0.361,1.0
Philips_B120N10_Baby_Monitor,300,14,95964,local_oas,0.0,0.9962924,0.8138211055276383,0.348,1.0
Philips_B120N10_Baby_Monitor,300,14,95964,peer_cov_fixed,1.0,0.99145244,0.7866954773869347,0.173,1.0
Philips_B120N10_Baby_Monitor,300,14,95964,risk_blend,0.005212629495266482,0.99852568,0.9264462311557788,0.3452,1.0
Philips_B120N10_Baby_Monitor,300,14,95964,risk_blend_mismatch,0.0010353071258887802,0.99725708,0.8623417085427136,0.3556,1.0
Philips_B120N10_Baby_Monitor,300,14,95964,peer_cov_soft,1.0,0.9651138,0.7575718592964824,0.039,0.7934
Philips_B120N10_Baby_Monitor,300,14,95964,risk_soft_cov,0.9721100883269836,0.9877382400000001,0.7922834170854272,0.0488,1.0
Philips_B120N10_Baby_Monitor,300,14,95964,risk_soft_cov_mismatch,0.0041481083751995305,0.9985538399999999,0.9273286432160803,0.3384,1.0
Philips_B120N10_Baby_Monitor,300,15,26678,shared_oas,1.0,0.99615044,0.806586934673367,0.2802,1.0
Philips_B120N10_Baby_Monitor,300,15,26678,local_oas,0.0,0.99557948,0.7779537688442211,0.28,1.0
Philips_B120N10_Baby_Monitor,300,15,26678,peer_cov_fixed,1.0,0.9920434399999999,0.7850412060301507,0.213,1.0
Philips_B120N10_Baby_Monitor,300,15,26678,risk_blend,0.0037189142266051104,0.99793876,0.8965085427135678,0.3186,1.0
Philips_B120N10_Baby_Monitor,300,15,26678,risk_blend_mismatch,0.0007379586765470904,0.99617504,0.8078050251256281,0.2908,1.0
Philips_B120N10_Baby_Monitor,300,15,26678,peer_cov_soft,1.0,0.9660952799999999,0.7583517587939699,0.1222,0.79
Philips_B120N10_Baby_Monitor,300,15,26678,risk_soft_cov,0.9612852649319161,0.9847224400000001,0.7860442211055276,0.2026,1.0
Philips_B120N10_Baby_Monitor,300,15,26678,risk_soft_cov_mismatch,0.0030246230477506118,0.9980507200000001,0.9020824120603015,0.2474,1.0
Philips_B120N10_Baby_Monitor,300,16,57095,shared_oas,1.0,0.9973384000000001,0.8662994974874372,0.1456,1.0
Philips_B120N10_Baby_Monitor,300,16,57095,local_oas,0.0,0.9972328,0.8610030150753769,0.1388,1.0
Philips_B120N10_Baby_Monitor,300,16,57095,peer_cov_fixed,1.0,0.9931356,0.8060321608040202,0.056,1.0
Philips_B120N10_Baby_Monitor,300,16,57095,risk_blend,0.006559336597624965,0.99914144,0.9570050251256281,0.0828,1.0
Philips_B120N10_Baby_Monitor,300,16,57095,risk_blend_mismatch,0.0012837114588016086,0.9986929999999999,0.9343537688442212,0.118,1.0
Philips_B120N10_Baby_Monitor,300,16,57095,peer_cov_soft,1.0,0.9652185599999998,0.7743316582914573,0.086,0.7978
Philips_B120N10_Baby_Monitor,300,16,57095,risk_soft_cov,0.9777380694762421,0.9843971600000001,0.801843216080402,0.046,0.7978
Philips_B120N10_Baby_Monitor,300,16,57095,risk_soft_cov_mismatch,0.005176578777420923,0.9977543200000001,0.8871517587939699,0.1044,1.0
Philips_B120N10_Baby_Monitor,300,17,27920,shared_oas,1.0,0.99455772,0.7266673366834171,0.4216,1.0
Philips_B120N10_Baby_Monitor,300,17,27920,local_oas,0.0,0.99315424,0.6564522613065327,0.4204,1.0
Philips_B120N10_Baby_Monitor,300,17,27920,peer_cov_fixed,1.0,0.99152384,0.7782673366834171,0.19,1.0
Philips_B120N10_Baby_Monitor,300,17,27920,risk_blend,0.0033665046696373206,0.9974964399999999,0.8745768844221107,0.4268,1.0
Philips_B120N10_Baby_Monitor,300,17,27920,risk_blend_mismatch,0.0006512241724267612,0.99458756,0.728313567839196,0.421,1.0
Philips_B120N10_Baby_Monitor,300,17,27920,peer_cov_soft,1.0,0.96502572,0.7564,0.1484,0.7978
Philips_B120N10_Baby_Monitor,300,17,27920,risk_soft_cov,0.957390761463925,0.9840182000000001,0.7776060301507538,0.285,1.0
Philips_B120N10_Baby_Monitor,300,17,27920,risk_soft_cov_mismatch,0.0026953882007127224,0.9964476400000001,0.8215839195979899,0.4104,1.0
Philips_B120N10_Baby_Monitor,300,18,66635,shared_oas,1.0,0.99714556,0.8565869346733669,0.0546,1.0
Philips_B120N10_Baby_Monitor,300,18,66635,local_oas,0.0,0.99816876,0.9079778894472362,0.0382,1.0
Philips_B120N10_Baby_Monitor,300,18,66635,peer_cov_fixed,1.0,0.99237608,0.8081145728643215,0.0182,0.8066
Philips_B120N10_Baby_Monitor,300,18,66635,risk_blend,0.023510114834756582,0.99973672,0.9868140703517588,0.0282,1.0
Philips_B120N10_Baby_Monitor,300,18,66635,risk_blend_mismatch,0.005040262850935245,0.99954276,0.9770231155778895,0.0338,1.0
Philips_B120N10_Baby_Monitor,300,18,66635,peer_cov_soft,1.0,0.9667179600000001,0.7556904522613065,0.038,0.8034
Philips_B120N10_Baby_Monitor,300,18,66635,risk_soft_cov,0.9937946326378332,0.9826587999999999,0.767961809045226,0.0278,0.8068
Philips_B120N10_Baby_Monitor,300,18,66635,risk_soft_cov_mismatch,0.019674424083489843,0.99944676,0.9721989949748744,0.033,1.0
Philips_B120N10_Baby_Monitor,300,19,37361,shared_oas,1.0,0.9950753999999999,0.7525507537688443,0.0268,1.0
Philips_B120N10_Baby_Monitor,300,19,37361,local_oas,0.0,0.9970334799999999,0.8509286432160804,0.0304,1.0
Philips_B120N10_Baby_Monitor,300,19,37361,peer_cov_fixed,1.0,0.9917732,0.7910331658291457,0.0042,0.6396
Philips_B120N10_Baby_Monitor,300,19,37361,risk_blend,0.2691989451819074,0.99903796,0.9518150753768844,0.0006,0.7908
Philips_B120N10_Baby_Monitor,300,19,37361,risk_blend_mismatch,0.10900255596279619,0.99952896,0.9763638190954774,0.0028,0.998
Philips_B120N10_Baby_Monitor,300,19,37361,peer_cov_soft,1.0,0.94386276,0.6919879396984925,0.0094,0.4008
Philips_B120N10_Baby_Monitor,300,19,37361,risk_soft_cov,0.999544212783408,0.944956,0.6995537688442212,0.0078,0.4048
Philips_B120N10_Baby_Monitor,300,19,37361,risk_soft_cov_mismatch,0.15499083585908968,0.99853572,0.9264180904522613,0.0032,0.7926
Philips_B120N10_Baby_Monitor,300,20,91780,shared_oas,1.0,0.99668364,0.8333487437185929,0.5178,1.0
Philips_B120N10_Baby_Monitor,300,20,91780,local_oas,0.0,0.99624932,0.8115577889447236,0.514,1.0
Philips_B120N10_Baby_Monitor,300,20,91780,peer_cov_fixed,1.0,0.99410356,0.8459517587939698,0.1818,1.0
Philips_B120N10_Baby_Monitor,300,20,91780,risk_blend,0.003187953622839166,0.99828076,0.9136462311557789,0.5106,1.0
Philips_B120N10_Baby_Monitor,300,20,91780,risk_blend_mismatch,0.0006196051434974077,0.99692048,0.8452703517587941,0.512,1.0
Philips_B120N10_Baby_Monitor,300,20,91780,peer_cov_soft,1.0,0.96844396,0.7760763819095478,0.1554,1.0
Philips_B120N10_Baby_Monitor,300,20,91780,risk_soft_cov,0.9551037452270483,0.9885845999999999,0.8202954773869346,0.2042,1.0
Philips_B120N10_Baby_Monitor,300,20,91780,risk_soft_cov_mismatch,0.0025294763766033584,0.9981152400000001,0.9052884422110553,0.511,1.0
Philips_B120N10_Baby_Monitor,300,21,93524,shared_oas,1.0,0.9932214,0.7413889447236182,0.1856,1.0
Philips_B120N10_Baby_Monitor,300,21,93524,local_oas,0.0,0.9914358,0.7129447236180905,0.21,1.0
Philips_B120N10_Baby_Monitor,300,21,93524,peer_cov_fixed,1.0,0.99282076,0.798408040201005,0.1634,1.0
Philips_B120N10_Baby_Monitor,300,21,93524,risk_blend,0.003008406891997096,0.99344816,0.7930412060301508,0.237,1.0
Philips_B120N10_Baby_Monitor,300,21,93524,risk_blend_mismatch,0.0005849495883185844,0.99227212,0.7472663316582915,0.2052,1.0
Philips_B120N10_Baby_Monitor,300,21,93524,peer_cov_soft,1.0,0.9704058799999998,0.7664321608040201,0.1488,1.0
Philips_B120N10_Baby_Monitor,300,21,93524,risk_soft_cov,0.9525432588414012,0.98121732,0.7747316582914573,0.0824,0.8108
Philips_B120N10_Baby_Monitor,300,21,93524,risk_soft_cov_mismatch,0.002403054738733835,0.9931704,0.7599236180904523,0.1552,1.0
Philips_B120N10_Baby_Monitor,300,22,23178,shared_oas,1.0,0.99790468,0.8947075376884422,0.472,1.0
Philips_B120N10_Baby_Monitor,300,22,23178,local_oas,0.0,0.9975218400000001,0.8755417085427135,0.4396,1.0
Philips_B120N10_Baby_Monitor,300,22,23178,peer_cov_fixed,1.0,0.99265152,0.7900321608040202,0.2116,1.0
Philips_B120N10_Baby_Monitor,300,22,23178,risk_blend,0.0035963785600620773,0.99886276,0.9429829145728643,0.6434,1.0
Philips_B120N10_Baby_Monitor,300,22,23178,risk_blend_mismatch,0.0007077758564031589,0.99798832,0.8989467336683417,0.5306,1.0
Philips_B120N10_Baby_Monitor,300,22,23178,peer_cov_soft,1.0,0.9667211199999999,0.7589065326633166,0.1304,0.7944
Philips_B120N10_Baby_Monitor,300,22,23178,risk_soft_cov,0.9600141957798011,0.9848310800000001,0.7850974874371859,0.305,1.0
Philips_B120N10_Baby_Monitor,300,22,23178,risk_soft_cov_mismatch,0.002901441991692193,0.998869,0.9431939698492462,0.4612,1.0
Philips_B120N10_Baby_Monitor,300,23,91291,shared_oas,1.0,0.9964993600000001,0.8240924623115579,0.4208,1.0
Philips_B120N10_Baby_Monitor,300,23,91291,local_oas,0.0,0.9961336799999999,0.8057185929648241,0.3636,1.0
Philips_B120N10_Baby_Monitor,300,23,91291,peer_cov_fixed,1.0,0.99217324,0.8131075376884422,0.2008,1.0
Philips_B120N10_Baby_Monitor,300,23,91291,risk_blend,0.0038569025287269105,0.998162,0.9076582914572864,0.3674,1.0
Philips_B120N10_Baby_Monitor,300,23,91291,risk_blend_mismatch,0.0007480142774800982,0.99739044,0.8688683417085427,0.372,1.0
Philips_B120N10_Baby_Monitor,300,23,91291,peer_cov_soft,1.0,0.96701728,0.7570291457286432,0.2198,1.0
Philips_B120N10_Baby_Monitor,300,23,91291,risk_soft_cov,0.9626235680936868,0.9856808,0.7989688442211056,0.1584,1.0
Philips_B120N10_Baby_Monitor,300,23,91291,risk_soft_cov_mismatch,0.003061329602226501,0.9981866,0.9088743718592964,0.3636,1.0
Philips_B120N10_Baby_Monitor,300,24,25453,shared_oas,1.0,0.99619472,0.8087798994974874,0.5472,1.0
Philips_B120N10_Baby_Monitor,300,24,25453,local_oas,0.0,0.99566908,0.7824783919597991,0.571,1.0
Philips_B120N10_Baby_Monitor,300,24,25453,peer_cov_fixed,1.0,0.9928261199999999,0.8097346733668341,0.2178,1.0
Philips_B120N10_Baby_Monitor,300,24,25453,risk_blend,0.0036695975631128434,0.99829264,0.9144361809045226,0.5556,1.0
Philips_B120N10_Baby_Monitor,300,24,25453,risk_blend_mismatch,0.0007218907130388952,0.99675812,0.8371577889447236,0.574,1.0
Philips_B120N10_Baby_Monitor,300,24,25453,peer_cov_soft,1.0,0.9681202000000001,0.7615015075376885,0.131,0.7996
Philips_B120N10_Baby_Monitor,300,24,25453,risk_soft_cov,0.960783505906474,0.9873462,0.8034613065326633,0.1916,1.0
Philips_B120N10_Baby_Monitor,300,24,25453,risk_soft_cov_mismatch,0.0029413279303098024,0.9980763199999999,0.903332663316583,0.5538,1.0
Philips_B120N10_Baby_Monitor,300,25,70953,shared_oas,1.0,0.99265156,0.634094472361809,0.5524,1.0
Philips_B120N10_Baby_Monitor,300,25,70953,local_oas,0.0,0.990799,0.5671276381909548,0.5576,1.0
Philips_B120N10_Baby_Monitor,300,25,70953,peer_cov_fixed,1.0,0.99264088,0.8043497487437186,0.1814,1.0
Philips_B120N10_Baby_Monitor,300,25,70953,risk_blend,0.0025468196813122177,0.9964306399999999,0.8217105527638191,0.5524,1.0
Philips_B120N10_Baby_Monitor,300,25,70953,risk_blend_mismatch,0.0004910361535266613,0.9931319999999999,0.656878391959799,0.5554,1.0
Philips_B120N10_Baby_Monitor,300,25,70953,peer_cov_soft,1.0,0.9675252,0.7480341708542714,0.1582,1.0
Philips_B120N10_Baby_Monitor,300,25,70953,risk_soft_cov,0.9443959142499662,0.98530996,0.7693929648241207,0.2776,1.0
Philips_B120N10_Baby_Monitor,300,25,70953,risk_soft_cov_mismatch,0.00202439448942618,0.9916723999999999,0.5986532663316583,0.5518,1.0
Philips_B120N10_Baby_Monitor,300,26,77499,shared_oas,1.0,0.99651976,0.825113567839196,0.1554,1.0
Philips_B120N10_Baby_Monitor,300,26,77499,local_oas,0.0,0.9958977999999999,0.7940562814070352,0.163,1.0
Philips_B120N10_Baby_Monitor,300,26,77499,peer_cov_fixed,1.0,0.99240852,0.7995155778894472,0.1738,1.0
Philips_B120N10_Baby_Monitor,300,26,77499,risk_blend,0.0029895669812614366,0.99716848,0.8579557788944724,0.2174,1.0
Philips_B120N10_Baby_Monitor,300,26,77499,risk_blend_mismatch,0.0005833380739811788,0.99638492,0.8184502512562813,0.1826,1.0
Philips_B120N10_Baby_Monitor,300,26,77499,peer_cov_soft,1.0,0.9666473999999999,0.7593386934673367,0.1604,1.0
Philips_B120N10_Baby_Monitor,300,26,77499,risk_soft_cov,0.9522576106881511,0.98610992,0.7868643216080402,0.14,1.0
Philips_B120N10_Baby_Monitor,300,26,77499,risk_soft_cov_mismatch,0.002410149090363451,0.99723756,0.86118391959799,0.1024,1.0
Philips_B120N10_Baby_Monitor,300,27,11016,shared_oas,1.0,0.9949887199999999,0.7509185929648241,0.791,1.0
Philips_B120N10_Baby_Monitor,300,27,11016,local_oas,0.0,0.99422204,0.7279618090452261,0.7912,1.0
Philips_B120N10_Baby_Monitor,300,27,11016,peer_cov_fixed,1.0,0.9921566,0.7848201005025126,0.1168,1.0
Philips_B120N10_Baby_Monitor,300,27,11016,risk_blend,0.003441589457519849,0.99836828,0.9185145728643216,0.7834,1.0
Philips_B120N10_Baby_Monitor,300,27,11016,risk_blend_mismatch,0.0006722935485082824,0.99653936,0.8268964824120604,0.7868,1.0
Philips_B120N10_Baby_Monitor,300,27,11016,peer_cov_soft,1.0,0.9688740400000001,0.761991959798995,0.1364,1.0
Philips_B120N10_Baby_Monitor,300,27,11016,risk_soft_cov,0.9582845930451908,0.9854516,0.7683175879396985,0.199,1.0
Philips_B120N10_Baby_Monitor,300,27,11016,risk_soft_cov_mismatch,0.0026679892526116017,0.99547968,0.7757788944723618,0.781,1.0
Philips_B120N10_Baby_Monitor,300,28,102076,shared_oas,1.0,0.99731616,0.8651336683417086,0.24,1.0
Philips_B120N10_Baby_Monitor,300,28,102076,local_oas,0.0,0.99660908,0.8296341708542714,0.2338,1.0
Philips_B120N10_Baby_Monitor,300,28,102076,peer_cov_fixed,1.0,0.9913968400000001,0.7547738693467336,0.1674,1.0
Philips_B120N10_Baby_Monitor,300,28,102076,risk_blend,0.004868406663855849,0.9986900000000001,0.9346331658291457,0.2236,1.0
Philips_B120N10_Baby_Monitor,300,28,102076,risk_blend_mismatch,0.0009622783238282924,0.99743412,0.8711417085427136,0.2278,1.0
Philips_B120N10_Baby_Monitor,300,28,102076,peer_cov_soft,1.0,0.96560188,0.7522974874371859,0.1626,1.0
Philips_B120N10_Baby_Monitor,300,28,102076,risk_soft_cov,0.9701868854500488,0.9850902,0.7751979899497488,0.0994,1.0
Philips_B120N10_Baby_Monitor,300,28,102076,risk_soft_cov_mismatch,0.003948466021234279,0.99896388,0.9479336683417086,0.1828,1.0
Philips_B120N10_Baby_Monitor,300,29,17443,shared_oas,1.0,0.99753256,0.8760080402010051,0.5104,1.0
Philips_B120N10_Baby_Monitor,300,29,17443,local_oas,0.0,0.99700124,0.8493165829145729,0.5046,1.0
Philips_B120N10_Baby_Monitor,300,29,17443,peer_cov_fixed,1.0,0.9925250000000001,0.7878874371859297,0.1996,1.0
Philips_B120N10_Baby_Monitor,300,29,17443,risk_blend,0.0030821599073227474,0.9985934000000001,0.9296,0.5046,1.0
Philips_B120N10_Baby_Monitor,300,29,17443,risk_blend_mismatch,0.000590502461505178,0.99778884,0.8888944723618091,0.5016,1.0
Philips_B120N10_Baby_Monitor,300,29,17443,peer_cov_soft,1.0,0.9697488,0.7643819095477387,0.1578,1.0
Philips_B120N10_Baby_Monitor,300,29,17443,risk_soft_cov,0.953629461069249,0.9872956399999999,0.7982693467336683,0.2702,1.0
Philips_B120N10_Baby_Monitor,300,29,17443,risk_soft_cov_mismatch,0.0024353725538266884,0.99880348,0.9398733668341708,0.496,1.0
Philips_B120N10_Baby_Monitor,1000,0,92647,shared_oas,1.0,0.99493568,0.8064140703517588,0.4312,1.0
Philips_B120N10_Baby_Monitor,1000,0,92647,local_oas,0.0,0.99342444,0.7873547738693467,0.439,1.0
Philips_B120N10_Baby_Monitor,1000,0,92647,peer_cov_fixed,1.0,0.9874430799999999,0.7468140703517587,0.1422,1.0
Philips_B120N10_Baby_Monitor,1000,0,92647,risk_blend,0.0012155998093721545,0.99552468,0.8463155778894473,0.4244,1.0
Philips_B120N10_Baby_Monitor,1000,0,92647,risk_blend_mismatch,0.00023892728449629748,0.99428992,0.808556783919598,0.436,1.0
Philips_B120N10_Baby_Monitor,1000,0,92647,peer_cov_soft,1.0,0.9412429999999999,0.7524723618090452,0.0418,0.793
Philips_B120N10_Baby_Monitor,1000,0,92647,risk_soft_cov,0.8900593327419631,0.981121,0.7957045226130653,0.1366,1.0
Philips_B120N10_Baby_Monitor,1000,0,92647,risk_soft_cov_mismatch,0.0009660013348121636,0.9954032,0.8299959798994975,0.4276,1.0
Philips_B120N10_Baby_Monitor,1000,1,86328,shared_oas,1.0,0.9969287600000001,0.845670351758794,0.5726,1.0
Philips_B120N10_Baby_Monitor,1000,1,86328,local_oas,0.0,0.99655224,0.8268783919597991,0.5742,1.0
Philips_B120N10_Baby_Monitor,1000,1,86328,peer_cov_fixed,1.0,0.98816356,0.7555899497487437,0.1566,1.0
Philips_B120N10_Baby_Monitor,1000,1,86328,risk_blend,0.0008650704351596528,0.99755516,0.8772924623115578,0.5766,1.0
Philips_B120N10_Baby_Monitor,1000,1,86328,risk_blend_mismatch,0.00016764170171088192,0.99688868,0.843702512562814,0.5768,1.0
Philips_B120N10_Baby_Monitor,1000,1,86328,peer_cov_soft,1.0,0.93866272,0.7480522613065326,0.1558,0.8026
Philips_B120N10_Baby_Monitor,1000,1,86328,risk_soft_cov,0.8520554956608022,0.98708184,0.7983859296482412,0.2806,1.0
Philips_B120N10_Baby_Monitor,1000,1,86328,risk_soft_cov_mismatch,0.0006983671209703095,0.9977986,0.8893889447236181,0.5676,1.0
Philips_B120N10_Baby_Monitor,1000,2,46996,shared_oas,1.0,0.9923858400000001,0.7596502512562815,0.3524,1.0
Philips_B120N10_Baby_Monitor,1000,2,46996,local_oas,0.0,0.99162412,0.755113567839196,0.3418,1.0
Philips_B120N10_Baby_Monitor,1000,2,46996,peer_cov_fixed,1.0,0.9861251200000001,0.6981708542713567,0.159,1.0
Philips_B120N10_Baby_Monitor,1000,2,46996,risk_blend,0.0011468756740701785,0.99225828,0.8048321608040201,0.3574,1.0
Philips_B120N10_Baby_Monitor,1000,2,46996,risk_blend_mismatch,0.00022409830085850274,0.99203356,0.7756783919597989,0.348,1.0
Philips_B120N10_Baby_Monitor,1000,2,46996,peer_cov_soft,1.0,0.93875672,0.7387658291457286,0.1678,0.8038
Philips_B120N10_Baby_Monitor,1000,2,46996,risk_soft_cov,0.8842269861267723,0.9718164,0.6847678391959799,0.1514,1.0
Philips_B120N10_Baby_Monitor,1000,2,46996,risk_soft_cov_mismatch,0.0008915567568916363,0.9924698,0.7817929648241206,0.3494,1.0
Philips_B120N10_Baby_Monitor,1000,3,85637,shared_oas,1.0,0.9975282,0.8757889447236181,0.4372,1.0
Philips_B120N10_Baby_Monitor,1000,3,85637,local_oas,0.0,0.9968536,0.8418974874371858,0.4416,1.0
Philips_B120N10_Baby_Monitor,1000,3,85637,peer_cov_fixed,1.0,0.9879888,0.7454693467336684,0.1286,1.0
Philips_B120N10_Baby_Monitor,1000,3,85637,risk_blend,0.0009575805505189407,0.9980100399999999,0.9000402010050251,0.4264,1.0
Philips_B120N10_Baby_Monitor,1000,3,85637,risk_blend_mismatch,0.000186758260763458,0.99734424,0.8665467336683417,0.4348,1.0
Philips_B120N10_Baby_Monitor,1000,3,85637,peer_cov_soft,1.0,0.9408278,0.7439939698492463,0.0568,0.7968
Philips_B120N10_Baby_Monitor,1000,3,85637,risk_soft_cov,0.8644210599632784,0.98881632,0.8025447236180905,0.1414,1.0
Philips_B120N10_Baby_Monitor,1000,3,85637,risk_soft_cov_mismatch,0.000770914832464715,0.9982257999999999,0.9108442211055277,0.428,1.0
Philips_B120N10_Baby_Monitor,1000,4,18777,shared_oas,1.0,0.99840392,0.9197949748743719,0.385,1.0
Philips_B120N10_Baby_Monitor,1000,4,18777,local_oas,0.0,0.9981880799999999,0.908948743718593,0.383,1.0
Philips_B120N10_Baby_Monitor,1000,4,18777,peer_cov_fixed,1.0,0.98727264,0.7356060301507538,0.1456,1.0
Philips_B120N10_Baby_Monitor,1000,4,18777,risk_blend,0.0011188326273663533,0.99895324,0.9473989949748745,0.3748,1.0
Philips_B120N10_Baby_Monitor,1000,4,18777,risk_blend_mismatch,0.00021782584416327587,0.99867648,0.9334914572864321,0.3792,1.0
Philips_B120N10_Baby_Monitor,1000,4,18777,peer_cov_soft,1.0,0.9421569200000001,0.7438592964824121,0.1254,0.7998
Philips_B120N10_Baby_Monitor,1000,4,18777,risk_soft_cov,0.8816656316223734,0.989302,0.8079356783919598,0.18,1.0
Philips_B120N10_Baby_Monitor,1000,4,18777,risk_soft_cov_mismatch,0.0008894284686030116,0.9992802799999999,0.9638331658291457,0.368,1.0
Philips_B120N10_Baby_Monitor,1000,5,17611,shared_oas,1.0,0.9980715200000001,0.9031437185929649,0.0198,1.0
Philips_B120N10_Baby_Monitor,1000,5,17611,local_oas,0.0,0.99928244,0.9639417085427135,0.0182,1.0
Philips_B120N10_Baby_Monitor,1000,5,17611,peer_cov_fixed,1.0,0.98731452,0.7355236180904523,0.0166,0.8036
Philips_B120N10_Baby_Monitor,1000,5,17611,risk_blend,0.01738519041315529,0.9997126,0.9856321608040202,0.0,0.2984
Philips_B120N10_Baby_Monitor,1000,5,17611,risk_blend_mismatch,0.004440325396040713,0.9999672,0.9983517587939699,0.0032,0.997
Philips_B120N10_Baby_Monitor,1000,5,17611,peer_cov_soft,1.0,0.94119448,0.7504422110552764,0.011,0.5726
Philips_B120N10_Baby_Monitor,1000,5,17611,risk_soft_cov,0.9915746577686109,0.9752898799999999,0.7992964824120603,0.0116,0.7216
Philips_B120N10_Baby_Monitor,1000,5,17611,risk_soft_cov_mismatch,0.019402533504888575,0.99999876,0.9999376884422111,0.005,0.9998
Philips_B120N10_Baby_Monitor,1000,6,51202,shared_oas,1.0,0.99702056,0.8503718592964825,0.3668,1.0
Philips_B120N10_Baby_Monitor,1000,6,51202,local_oas,0.0,0.99605856,0.802251256281407,0.3684,1.0
Philips_B120N10_Baby_Monitor,1000,6,51202,peer_cov_fixed,1.0,0.98662104,0.7273447236180904,0.1666,1.0
Philips_B120N10_Baby_Monitor,1000,6,51202,risk_blend,0.0009751359704563759,0.99720556,0.8598613065326632,0.3654,1.0
Philips_B120N10_Baby_Monitor,1000,6,51202,risk_blend_mismatch,0.00018818109142461207,0.9965062,0.824689447236181,0.3654,1.0
Philips_B120N10_Baby_Monitor,1000,6,51202,peer_cov_soft,1.0,0.93690948,0.7472763819095477,0.158,0.798
Philips_B120N10_Baby_Monitor,1000,6,51202,risk_soft_cov,0.8665381632452603,0.9872093999999999,0.796062311557789,0.1896,1.0
Philips_B120N10_Baby_Monitor,1000,6,51202,risk_soft_cov_mismatch,0.0007795132762480878,0.99759364,0.8791276381909547,0.3578,1.0
Philips_B120N10_Baby_Monitor,1000,7,83555,shared_oas,1.0,0.99654656,0.8265849246231156,0.503,1.0
Philips_B120N10_Baby_Monitor,1000,7,83555,local_oas,0.0,0.99539272,0.7690633165829146,0.4974,1.0
Philips_B120N10_Baby_Monitor,1000,7,83555,peer_cov_fixed,1.0,0.98667616,0.7199015075376884,0.1694,1.0
Philips_B120N10_Baby_Monitor,1000,7,83555,risk_blend,0.0008714218408058757,0.99689092,0.8441346733668342,0.4932,1.0
Philips_B120N10_Baby_Monitor,1000,7,83555,risk_blend_mismatch,0.0001693072948950938,0.9956975600000001,0.7841688442211056,0.4946,1.0
Philips_B120N10_Baby_Monitor,1000,7,83555,peer_cov_soft,1.0,0.93677992,0.7463015075376884,0.1686,0.8044
Philips_B120N10_Baby_Monitor,1000,7,83555,risk_soft_cov,0.852976057454186,0.9867897999999999,0.789811055276382,0.2322,1.0
Philips_B120N10_Baby_Monitor,1000,7,83555,risk_soft_cov_mismatch,0.0006988818074768116,0.9964548400000001,0.8220402010050252,0.489,1.0
Philips_B120N10_Baby_Monitor,1000,8,28386,shared_oas,1.0,0.9975549199999999,0.8771316582914572,0.1862,1.0
Philips_B120N10_Baby_Monitor,1000,8,28386,local_oas,0.0,0.9975651600000001,0.8776462311557789,0.1922,1.0
Philips_B120N10_Baby_Monitor,1000,8,28386,peer_cov_fixed,1.0,0.98686268,0.7469567839195981,0.1658,1.0
Philips_B120N10_Baby_Monitor,1000,8,28386,risk_blend,0.0012229723835421868,0.9988662399999999,0.943027135678392,0.1982,1.0
Philips_B120N10_Baby_Monitor,1000,8,28386,risk_blend_mismatch,0.0002427426823287583,0.99807348,0.9031899497487437,0.1944,1.0
Philips_B120N10_Baby_Monitor,1000,8,28386,peer_cov_soft,1.0,0.93959164,0.7505427135678393,0.1254,0.7994
Philips_B120N10_Baby_Monitor,1000,8,28386,risk_soft_cov,0.8906503448229838,0.98628316,0.8109306532663316,0.1682,1.0
Philips_B120N10_Baby_Monitor,1000,8,28386,risk_soft_cov_mismatch,0.0009973548488229442,0.99888332,0.9438854271356785,0.1836,1.0
Philips_B120N10_Baby_Monitor,1000,9,103012,shared_oas,1.0,0.995329,0.7654653266331659,0.3884,1.0
Philips_B120N10_Baby_Monitor,1000,9,103012,local_oas,0.0,0.9941646799999999,0.7073065326633166,0.3886,1.0
Philips_B120N10_Baby_Monitor,1000,9,103012,peer_cov_fixed,1.0,0.9864778399999999,0.7128462311557789,0.153,1.0
Philips_B120N10_Baby_Monitor,1000,9,103012,risk_blend,0.0009748936594286225,0.9964889600000001,0.8240120603015075,0.3874,1.0
Philips_B120N10_Baby_Monitor,1000,9,103012,risk_blend_mismatch,0.00019013747967986928,0.99500884,0.7496562814070352,0.3918,1.0
Philips_B120N10_Baby_Monitor,1000,9,103012,peer_cov_soft,1.0,0.9383402799999999,0.7416140703517587,0.1314,0.7974
Philips_B120N10_Baby_Monitor,1000,9,103012,risk_soft_cov,0.8665093912481451,0.98941364,0.8001708542713568,0.1128,1.0
Philips_B120N10_Baby_Monitor,1000,9,103012,risk_soft_cov_mismatch,0.0007786601461133091,0.9958942399999999,0.7939175879396985,0.3778,1.0
Philips_B120N10_Baby_Monitor,1000,10,94136,shared_oas,1.0,0.99700844,0.8496763819095479,0.4442,1.0
Philips_B120N10_Baby_Monitor,1000,10,94136,local_oas,0.0,0.99624368,0.8113326633165829,0.45,1.0
Philips_B120N10_Baby_Monitor,1000,10,94136,peer_cov_fixed,1.0,0.98746148,0.7635075376884422,0.1554,1.0
Philips_B120N10_Baby_Monitor,1000,10,94136,risk_blend,0.0010736526306566725,0.9986035600000001,0.929843216080402,0.4406,1.0
Philips_B120N10_Baby_Monitor,1000,10,94136,risk_blend_mismatch,0.00020891818787354153,0.99714416,0.8565125628140704,0.4474,1.0
Philips_B120N10_Baby_Monitor,1000,10,94136,peer_cov_soft,1.0,0.94036396,0.7495336683417085,0.0974,0.7968
Philips_B120N10_Baby_Monitor,1000,10,94136,risk_soft_cov,0.8772921859561049,0.98887892,0.8084241206030152,0.1398,1.0
Philips_B120N10_Baby_Monitor,1000,10,94136,risk_soft_cov_mismatch,0.0008524886870309655,0.99868216,0.9337768844221106,0.4382,1.0
Philips_B120N10_Baby_Monitor,1000,11,18015,shared_oas,1.0,0.99563504,0.7807798994974875,0.1786,1.0
Philips_B120N10_Baby_Monitor,1000,11,18015,local_oas,0.0,0.9950601600000001,0.7518874371859297,0.1624,1.0
Philips_B120N10_Baby_Monitor,1000,11,18015,peer_cov_fixed,1.0,0.98606512,0.71921608040201,0.1508,1.0
Philips_B120N10_Baby_Monitor,1000,11,18015,risk_blend,0.0012093850753620815,0.99685192,0.8420201005025125,0.1782,1.0
Philips_B120N10_Baby_Monitor,1000,11,18015,risk_blend_mismatch,0.0002328606881450777,0.99573148,0.7856100502512563,0.1718,1.0
Philips_B120N10_Baby_Monitor,1000,11,18015,peer_cov_soft,1.0,0.9353949199999999,0.7429929648241206,0.1872,0.7968
Philips_B120N10_Baby_Monitor,1000,11,18015,risk_soft_cov,0.8895561590460749,0.98750456,0.774651256281407,0.079,1.0
Philips_B120N10_Baby_Monitor,1000,11,18015,risk_soft_cov_mismatch,0.0009614426943151926,0.99778644,0.8887658291457287,0.1794,1.0
Philips_B120N10_Baby_Monitor,1000,12,71729,shared_oas,1.0,0.99733644,0.8661809045226132,0.3848,1.0
Philips_B120N10_Baby_Monitor,1000,12,71729,local_oas,0.0,0.9964687600000001,0.8228482412060302,0.389,1.0
Philips_B120N10_Baby_Monitor,1000,12,71729,peer_cov_fixed,1.0,0.9872204,0.7197386934673367,0.1544,1.0
Philips_B120N10_Baby_Monitor,1000,12,71729,risk_blend,0.0008826184866505239,0.9975455599999999,0.8768623115577889,0.3746,1.0
Philips_B120N10_Baby_Monitor,1000,12,71729,risk_blend_mismatch,0.00017081200319845133,0.99704484,0.8517266331658291,0.3852,1.0
Philips_B120N10_Baby_Monitor,1000,12,71729,peer_cov_soft,1.0,0.93823372,0.7446894472361809,0.147,0.7966
Philips_B120N10_Baby_Monitor,1000,12,71729,risk_soft_cov,0.8545713117188988,0.98907512,0.8003457286432161,0.1044,1.0
Philips_B120N10_Baby_Monitor,1000,12,71729,risk_soft_cov_mismatch,0.0006993626573903927,0.99751968,0.8753608040201004,0.373,1.0
Philips_B120N10_Baby_Monitor,1000,13,83642,shared_oas,1.0,0.99640624,0.8195638190954774,0.4638,1.0
Philips_B120N10_Baby_Monitor,1000,13,83642,local_oas,0.0,0.9945995599999999,0.7296281407035177,0.4602,1.0
Philips_B120N10_Baby_Monitor,1000,13,83642,peer_cov_fixed,1.0,0.98474072,0.6845688442211055,0.1528,1.0
Philips_B120N10_Baby_Monitor,1000,13,83642,risk_blend,0.0009079338886375747,0.99706308,0.8529025125628141,0.459,1.0
Philips_B120N10_Baby_Monitor,1000,13,83642,risk_blend_mismatch,0.00017684856316111714,0.9955649599999999,0.7776201005025126,0.4602,1.0
Philips_B120N10_Baby_Monitor,1000,13,83642,peer_cov_soft,1.0,0.9381338399999998,0.7359517587939699,0.1494,0.7982
Philips_B120N10_Baby_Monitor,1000,13,83642,risk_soft_cov,0.8580537116726108,0.9862535200000001,0.7855457286432161,0.2002,1.0
Philips_B120N10_Baby_Monitor,1000,13,83642,risk_soft_cov_mismatch,0.0007282654504912192,0.99638036,0.818313567839196,0.4422,1.0
Philips_B120N10_Baby_Monitor,1000,14,16335,shared_oas,1.0,0.9954632,0.7722090452261305,0.0206,1.0
Philips_B120N10_Baby_Monitor,1000,14,16335,local_oas,0.0,0.99817764,0.908424120603015,0.0212,1.0
Philips_B120N10_Baby_Monitor,1000,14,16335,peer_cov_fixed,1.0,0.98490972,0.7106613065326634,0.0108,0.7538
Philips_B120N10_Baby_Monitor,1000,14,16335,risk_blend,0.03710537644106369,0.99887772,0.9439356783919597,0.0,0.0958
Philips_B120N10_Baby_Monitor,1000,14,16335,risk_blend_mismatch,0.010268615643083403,0.99964,0.9820562814070353,0.0,0.3678
Philips_B120N10_Baby_Monitor,1000,14,16335,peer_cov_soft,1.0,0.93404468,0.7367015075376885,0.0096,0.5482
Philips_B120N10_Baby_Monitor,1000,14,16335,risk_soft_cov,0.9961258302951169,0.9569146399999999,0.7570251256281407,0.0194,0.7544
Philips_B120N10_Baby_Monitor,1000,14,16335,risk_soft_cov_mismatch,0.03645250400067814,0.99975768,0.9878231155778895,0.0018,0.9994
Philips_B120N10_Baby_Monitor,1000,15,40811,shared_oas,1.0,0.9973368,0.8661909547738693,0.4114,1.0
Philips_B120N10_Baby_Monitor,1000,15,40811,local_oas,0.0,0.996252,0.8118291457286433,0.4114,1.0
Philips_B120N10_Baby_Monitor,1000,15,40811,peer_cov_fixed,1.0,0.9887554000000001,0.7562914572864322,0.1524,1.0
Philips_B120N10_Baby_Monitor,1000,15,40811,risk_blend,0.0009920279428556151,0.99823368,0.9113849246231156,0.4058,1.0
Philips_B120N10_Baby_Monitor,1000,15,40811,risk_blend_mismatch,0.00019129377374247391,0.9970268800000001,0.8507155778894473,0.4092,1.0
Philips_B120N10_Baby_Monitor,1000,15,40811,peer_cov_soft,1.0,0.9447593999999999,0.7547336683417085,0.157,0.8122
Philips_B120N10_Baby_Monitor,1000,15,40811,risk_soft_cov,0.8685138313892505,0.98844112,0.8231859296482412,0.1592,1.0
Philips_B120N10_Baby_Monitor,1000,15,40811,risk_soft_cov_mismatch,0.0007853161389420906,0.99840644,0.9199396984924624,0.3942,1.0
Philips_B120N10_Baby_Monitor,1000,16,81941,shared_oas,1.0,0.99486668,0.7422572864321608,0.4952,1.0
Philips_B120N10_Baby_Monitor,1000,16,81941,local_oas,0.0,0.9941818,0.709310552763819,0.4946,1.0
Philips_B120N10_Baby_Monitor,1000,16,81941,peer_cov_fixed,1.0,0.98617192,0.7047236180904523,0.17,1.0
Philips_B120N10_Baby_Monitor,1000,16,81941,risk_blend,0.0009312349364411046,0.99494904,0.7471236180904524,0.4972,1.0
Philips_B120N10_Baby_Monitor,1000,16,81941,risk_blend_mismatch,0.0001802064664461024,0.99424692,0.7120241206030151,0.4978,1.0
Philips_B120N10_Baby_Monitor,1000,16,81941,peer_cov_soft,1.0,0.93966456,0.7377366834170855,0.1544,0.8084
Philips_B120N10_Baby_Monitor,1000,16,81941,risk_soft_cov,0.861114940859443,0.98571856,0.7756462311557789,0.1816,1.0
Philips_B120N10_Baby_Monitor,1000,16,81941,risk_soft_cov_mismatch,0.000742887433321119,0.9943436,0.7162894472361809,0.4884,1.0
Philips_B120N10_Baby_Monitor,1000,17,92936,shared_oas,1.0,0.9925808,0.7305165829145729,0.3688,1.0
Philips_B120N10_Baby_Monitor,1000,17,92936,local_oas,0.0,0.9911772000000001,0.7087738693467337,0.3868,1.0
Philips_B120N10_Baby_Monitor,1000,17,92936,peer_cov_fixed,1.0,0.9876936799999999,0.7497005025125628,0.1508,1.0
Philips_B120N10_Baby_Monitor,1000,17,92936,risk_blend,0.001178517652735275,0.99405452,0.8027537688442212,0.3666,1.0
Philips_B120N10_Baby_Monitor,1000,17,92936,risk_blend_mismatch,0.00023096231398003078,0.99231884,0.7447396984924624,0.3808,1.0
Philips_B120N10_Baby_Monitor,1000,17,92936,peer_cov_soft,1.0,0.94222708,0.7497708542713568,0.0752,0.8064
Philips_B120N10_Baby_Monitor,1000,17,92936,risk_soft_cov,0.8869872501524176,0.98033832,0.7718070351758793,0.0968,1.0
Philips_B120N10_Baby_Monitor,1000,17,92936,risk_soft_cov_mismatch,0.0009367999558090583,0.9935473600000001,0.7752221105527639,0.367,1.0
Philips_B120N10_Baby_Monitor,1000,18,89284,shared_oas,1.0,0.99628824,0.8135437185929648,0.4146,1.0
Philips_B120N10_Baby_Monitor,1000,18,89284,local_oas,0.0,0.99501944,0.750548743718593,0.4122,1.0
Philips_B120N10_Baby_Monitor,1000,18,89284,peer_cov_fixed,1.0,0.98834096,0.7229085427135679,0.1522,1.0
Philips_B120N10_Baby_Monitor,1000,18,89284,risk_blend,0.0009755234636366336,0.99692992,0.8461005025125629,0.4064,1.0
Philips_B120N10_Baby_Monitor,1000,18,89284,risk_blend_mismatch,0.00019050382735749197,0.99555164,0.77678391959799,0.4084,1.0
Philips_B120N10_Baby_Monitor,1000,18,89284,peer_cov_soft,1.0,0.94358048,0.7514753768844222,0.1284,0.8036
Philips_B120N10_Baby_Monitor,1000,18,89284,risk_soft_cov,0.8665841484246207,0.9896954,0.7984261306532663,0.1508,1.0
Philips_B120N10_Baby_Monitor,1000,18,89284,risk_soft_cov_mismatch,0.0007835351108594341,0.9966168400000001,0.8300984924623116,0.3948,1.0
Philips_B120N10_Baby_Monitor,1000,19,95583,shared_oas,1.0,0.99776888,0.8878834170854273,0.241,1.0
Philips_B120N10_Baby_Monitor,1000,19,95583,local_oas,0.0,0.99767456,0.8831437185929648,0.2352,1.0
Philips_B120N10_Baby_Monitor,1000,19,95583,peer_cov_fixed,1.0,0.9869530400000001,0.7154934673366834,0.129,1.0
Philips_B120N10_Baby_Monitor,1000,19,95583,risk_blend,0.0010858386559109096,0.99847844,0.923545728643216,0.2158,1.0
Philips_B120N10_Baby_Monitor,1000,19,95583,risk_blend_mismatch,0.0002132009585537508,0.9979502,0.896994974874372,0.2264,1.0
Philips_B120N10_Baby_Monitor,1000,19,95583,peer_cov_soft,1.0,0.9365846800000001,0.748635175879397,0.0998,0.7908
Philips_B120N10_Baby_Monitor,1000,19,95583,risk_soft_cov,0.878503282920314,0.99105568,0.8238130653266331,0.0428,1.0
Philips_B120N10_Baby_Monitor,1000,19,95583,risk_soft_cov_mismatch,0.0008820202786093296,0.9991412,0.9568442211055277,0.2046,1.0
Philips_B120N10_Baby_Monitor,1000,20,12507,shared_oas,1.0,0.99728476,0.8635718592964824,0.3456,1.0
Philips_B120N10_Baby_Monitor,1000,20,12507,local_oas,0.0,0.99712816,0.8557346733668343,0.348,1.0
Philips_B120N10_Baby_Monitor,1000,20,12507,peer_cov_fixed,1.0,0.9867216799999999,0.7307778894472362,0.1496,1.0
Philips_B120N10_Baby_Monitor,1000,20,12507,risk_blend,0.0017675994890377466,0.9989946,0.9495195979899497,0.3398,1.0
Philips_B120N10_Baby_Monitor,1000,20,12507,risk_blend_mismatch,0.000352057198369028,0.99793276,0.8961185929648241,0.3452,1.0
Philips_B120N10_Baby_Monitor,1000,20,12507,peer_cov_soft,1.0,0.9411559199999999,0.7417849246231156,0.0388,0.7922
Philips_B120N10_Baby_Monitor,1000,20,12507,risk_soft_cov,0.9217442073870007,0.98880428,0.8006773869346734,0.1026,1.0
Philips_B120N10_Baby_Monitor,1000,20,12507,risk_soft_cov_mismatch,0.0013480915608243922,0.99880116,0.9397567839195979,0.3402,1.0
Philips_B120N10_Baby_Monitor,1000,21,111998,shared_oas,1.0,0.99999952,0.9999758793969848,0.0,0.0164
Philips_B120N10_Baby_Monitor,1000,21,111998,local_oas,0.0,0.99990476,0.9952140703517588,0.0,0.0996
Philips_B120N10_Baby_Monitor,1000,21,111998,peer_cov_fixed,1.0,0.9822826,0.7479839195979899,0.002,0.426
Philips_B120N10_Baby_Monitor,1000,21,111998,risk_blend,0.42199217818888973,0.9985586,0.9275678391959798,0.0,0.2606
Philips_B120N10_Baby_Monitor,1000,21,111998,risk_blend_mismatch,0.05792914703502099,0.99995756,0.9978673366834171,0.0,0.7236
Philips_B120N10_Baby_Monitor,1000,21,111998,peer_cov_soft,1.0,0.9543938399999999,0.6926050251256282,0.0002,0.0
Philips_B120N10_Baby_Monitor,1000,21,111998,risk_soft_cov,0.9997244199957869,0.95464704,0.6927336683417085,0.0002,0.0
Philips_B120N10_Baby_Monitor,1000,21,111998,risk_soft_cov_mismatch,0.05215426119694216,0.9999998800000001,0.9999939698492462,0.0,0.6754
Philips_B120N10_Baby_Monitor,1000,22,85322,shared_oas,1.0,0.99232484,0.7389608040201006,0.385,1.0
Philips_B120N10_Baby_Monitor,1000,22,85322,local_oas,0.0,0.99051484,0.7266773869346733,0.385,1.0
Philips_B120N10_Baby_Monitor,1000,22,85322,peer_cov_fixed,1.0,0.9869568,0.7371638190954775,0.1416,1.0
Philips_B120N10_Baby_Monitor,1000,22,85322,risk_blend,0.0009698427033221088,0.9927123200000001,0.8122532663316583,0.386,1.0
Philips_B120N10_Baby_Monitor,1000,22,85322,risk_blend_mismatch,0.000189911930900016,0.99133536,0.7544824120603015,0.3856,1.0
Philips_B120N10_Baby_Monitor,1000,22,85322,peer_cov_soft,1.0,0.9413271199999999,0.7462452261306534,0.128,0.8098
Philips_B120N10_Baby_Monitor,1000,22,85322,risk_soft_cov,0.8659068070254399,0.9793321600000001,0.7566150753768843,0.1338,1.0
Philips_B120N10_Baby_Monitor,1000,22,85322,risk_soft_cov_mismatch,0.0007854595378924981,0.99295932,0.7900100502512564,0.3722,1.0
Philips_B120N10_Baby_Monitor,1000,23,18046,shared_oas,1.0,0.99680532,0.8395798994974875,0.1846,1.0
Philips_B120N10_Baby_Monitor,1000,23,18046,local_oas,0.0,0.99650328,0.8244201005025126,0.1618,1.0
Philips_B120N10_Baby_Monitor,1000,23,18046,peer_cov_fixed,1.0,0.98775256,0.7566834170854271,0.1544,1.0
Philips_B120N10_Baby_Monitor,1000,23,18046,risk_blend,0.001173910754966752,0.9981592,0.9076844221105528,0.172,1.0
Philips_B120N10_Baby_Monitor,1000,23,18046,risk_blend_mismatch,0.00022589085335974162,0.9970454400000001,0.8516201005025126,0.1654,1.0
Philips_B120N10_Baby_Monitor,1000,23,18046,peer_cov_soft,1.0,0.9410492,0.7520884422110552,0.1802,0.801
Philips_B120N10_Baby_Monitor,1000,23,18046,risk_soft_cov,0.8865935753290869,0.9898193599999999,0.8027798994974874,0.1088,1.0
Philips_B120N10_Baby_Monitor,1000,23,18046,risk_soft_cov_mismatch,0.0009307231935336824,0.99830748,0.9149487437185929,0.1774,1.0
Philips_B120N10_Baby_Monitor,1000,24,14480,shared_oas,1.0,0.99518852,0.8992180904522613,0.0,0.4616
Philips_B120N10_Baby_Monitor,1000,24,14480,local_oas,0.0,0.99107384,0.8989869346733668,0.0,0.5252
Philips_B120N10_Baby_Monitor,1000,24,14480,peer_cov_fixed,1.0,0.98743112,0.7369085427135679,0.0052,0.5592
Philips_B120N10_Baby_Monitor,1000,24,14480,risk_blend,0.06411952636851717,0.9988499200000001,0.9425125628140703,0.0,0.0
Philips_B120N10_Baby_Monitor,1000,24,14480,risk_blend_mismatch,0.020243215833853686,0.9983076,0.9150351758793969,0.0,0.0
Philips_B120N10_Baby_Monitor,1000,24,14480,peer_cov_soft,1.0,0.9211702799999999,0.6990773869346734,0.0028,0.3974
Philips_B120N10_Baby_Monitor,1000,24,14480,risk_soft_cov,0.9981669023761018,0.92680092,0.7065849246231156,0.0026,0.399
Philips_B120N10_Baby_Monitor,1000,24,14480,risk_soft_cov_mismatch,0.03937596165608502,0.99775684,0.89721608040201,0.0,0.0
Philips_B120N10_Baby_Monitor,1000,25,92477,shared_oas,1.0,0.99533284,0.7657608040201005,0.4294,1.0
Philips_B120N10_Baby_Monitor,1000,25,92477,local_oas,0.0,0.99417844,0.708078391959799,0.4308,1.0
Philips_B120N10_Baby_Monitor,1000,25,92477,peer_cov_fixed,1.0,0.98625456,0.7430251256281407,0.1432,1.0
Philips_B120N10_Baby_Monitor,1000,25,92477,risk_blend,0.0015506424055839103,0.9972730799999999,0.8633025125628141,0.417,1.0
Philips_B120N10_Baby_Monitor,1000,25,92477,risk_blend_mismatch,0.0003072362375524398,0.9951873200000001,0.7586070351758794,0.4258,1.0
Philips_B120N10_Baby_Monitor,1000,25,92477,peer_cov_soft,1.0,0.9385197200000001,0.7467236180904522,0.0408,0.7854
Philips_B120N10_Baby_Monitor,1000,25,92477,risk_soft_cov,0.9117437513362188,0.9874927600000001,0.8109507537688443,0.1158,1.0
Philips_B120N10_Baby_Monitor,1000,25,92477,risk_soft_cov_mismatch,0.0012322757488475665,0.9967179199999999,0.8351859296482412,0.4154,1.0
Philips_B120N10_Baby_Monitor,1000,26,79323,shared_oas,1.0,0.99782676,0.8908060301507538,0.4456,1.0
Philips_B120N10_Baby_Monitor,1000,26,79323,local_oas,0.0,0.99731684,0.8652422110552764,0.439,1.0
Philips_B120N10_Baby_Monitor,1000,26,79323,peer_cov_fixed,1.0,0.98739612,0.7554713567839196,0.1482,1.0
Philips_B120N10_Baby_Monitor,1000,26,79323,risk_blend,0.000873118935732853,0.9988079999999999,0.9401447236180904,0.4364,1.0
Philips_B120N10_Baby_Monitor,1000,26,79323,risk_blend_mismatch,0.00016887708892518045,0.9980745200000001,0.9032824120603016,0.4386,1.0
Philips_B120N10_Baby_Monitor,1000,26,79323,peer_cov_soft,1.0,0.93937348,0.744980904522613,0.149,0.7982
Philips_B120N10_Baby_Monitor,1000,26,79323,risk_soft_cov,0.8532200971572108,0.9885100800000001,0.7965226130653267,0.201,1.0
Philips_B120N10_Baby_Monitor,1000,26,79323,risk_soft_cov_mismatch,0.0006956133816151412,0.9987965599999999,0.9395256281407035,0.4268,1.0
Philips_B120N10_Baby_Monitor,1000,27,52611,shared_oas,1.0,0.99527136,0.8956663316582915,0.0,0.0
Philips_B120N10_Baby_Monitor,1000,27,52611,local_oas,0.0,0.99573668,0.8988824120603015,0.0,0.0
Philips_B120N10_Baby_Monitor,1000,27,52611,peer_cov_fixed,1.0,0.9847155599999999,0.7187738693467337,0.0128,0.7456
Philips_B120N10_Baby_Monitor,1000,27,52611,risk_blend,0.05797710422066608,0.99526248,0.8831819095477387,0.0026,0.7758
Philips_B120N10_Baby_Monitor,1000,27,52611,risk_blend_mismatch,0.015111307097817956,0.9955312,0.8966613065326634,0.0004,0.773
Philips_B120N10_Baby_Monitor,1000,27,52611,peer_cov_soft,1.0,0.9073250799999999,0.6982412060301508,0.0088,0.4474
Philips_B120N10_Baby_Monitor,1000,27,52611,risk_soft_cov,0.9977864130322357,0.91648604,0.6987778894472362,0.0076,0.4474
Philips_B120N10_Baby_Monitor,1000,27,52611,risk_soft_cov_mismatch,0.04073533898776803,0.99576316,0.8981949748743719,0.0002,0.7912
Philips_B120N10_Baby_Monitor,1000,28,33794,shared_oas,1.0,0.99678928,0.8387819095477387,0.4836,1.0
Philips_B120N10_Baby_Monitor,1000,28,33794,local_oas,0.0,0.99584844,0.7923075376884422,0.4984,1.0
Philips_B120N10_Baby_Monitor,1000,28,33794,peer_cov_fixed,1.0,0.98735416,0.7283819095477387,0.153,1.0
Philips_B120N10_Baby_Monitor,1000,28,33794,risk_blend,0.0011210679334350978,0.9973554,0.8675959798994975,0.4776,1.0
Philips_B120N10_Baby_Monitor,1000,28,33794,risk_blend_mismatch,0.00021829065295551824,0.99630004,0.8145869346733668,0.4898,1.0
Philips_B120N10_Baby_Monitor,1000,28,33794,peer_cov_soft,1.0,0.9406265199999999,0.7467798994974875,0.125,0.8066
Philips_B120N10_Baby_Monitor,1000,28,33794,risk_soft_cov,0.8818739409169735,0.98652392,0.7945386934673366,0.2208,1.0
Philips_B120N10_Baby_Monitor,1000,28,33794,risk_soft_cov_mismatch,0.0008900906319692299,0.99702012,0.8504140703517588,0.48,1.0
Philips_B120N10_Baby_Monitor,1000,29,107263,shared_oas,1.0,0.8222815600000001,0.8720040201005024,0.0264,0.8004
Philips_B120N10_Baby_Monitor,1000,29,107263,local_oas,0.0,0.8186485600000001,0.8606110552763819,0.0682,0.8004
Philips_B120N10_Baby_Monitor,1000,29,107263,peer_cov_fixed,1.0,0.9861850000000001,0.6917125628140703,0.1166,1.0
Philips_B120N10_Baby_Monitor,1000,29,107263,risk_blend,0.0019496199451579657,0.8234141200000001,0.8771839195979899,0.0484,0.8004
Philips_B120N10_Baby_Monitor,1000,29,107263,risk_blend_mismatch,0.00038240989176753975,0.81961496,0.8827678391959799,0.0598,0.8004
Philips_B120N10_Baby_Monitor,1000,29,107263,peer_cov_soft,1.0,0.9398924799999999,0.745191959798995,0.125,0.8002
Philips_B120N10_Baby_Monitor,1000,29,107263,risk_soft_cov,0.9285402454669317,0.97999196,0.7664241206030151,0.1096,1.0
Philips_B120N10_Baby_Monitor,1000,29,107263,risk_soft_cov_mismatch,0.0015609590550473534,0.82158424,0.8952422110552763,0.039,0.8004
Provision_PT_737E_Security_Camera,30,0,29656,shared_oas,1.0,0.87858232,0.5717246231155779,0.4208,1.0
Provision_PT_737E_Security_Camera,30,0,29656,local_oas,0.0,0.8457824800000001,0.5029587939698492,0.3754,1.0
Provision_PT_737E_Security_Camera,30,0,29656,peer_cov_fixed,1.0,0.9981708,0.908619095477387,0.4794,1.0
Provision_PT_737E_Security_Camera,30,0,29656,risk_blend,0.02807080101048843,0.9800304400000001,0.8244522613065327,0.3688,1.0
Provision_PT_737E_Security_Camera,30,0,29656,risk_blend_mismatch,0.00645992382332216,0.93912404,0.6948542713567839,0.3776,1.0
Provision_PT_737E_Security_Camera,30,0,29656,peer_cov_soft,1.0,0.88442584,0.7018552763819096,0.466,1.0
Provision_PT_737E_Security_Camera,30,0,29656,risk_soft_cov,0.9953244326502438,0.88403224,0.7017145728643216,0.4402,1.0
Provision_PT_737E_Security_Camera,30,0,29656,risk_soft_cov_mismatch,0.023401143457865165,0.86306068,0.5569185929648242,0.3658,1.0
Provision_PT_737E_Security_Camera,30,1,13218,shared_oas,1.0,0.93410936,0.634635175879397,0.269,1.0
Provision_PT_737E_Security_Camera,30,1,13218,local_oas,0.0,0.9169227600000001,0.688862311557789,0.2448,1.0
Provision_PT_737E_Security_Camera,30,1,13218,peer_cov_fixed,1.0,0.998862,0.9437768844221105,0.3132,1.0
Provision_PT_737E_Security_Camera,30,1,13218,risk_blend,0.05345590640840574,0.98868004,0.8933386934673366,0.2558,1.0
Provision_PT_737E_Security_Camera,30,1,13218,risk_blend_mismatch,0.014508910324054726,0.9649125199999999,0.8379075376884422,0.2546,1.0
Provision_PT_737E_Security_Camera,30,1,13218,peer_cov_soft,1.0,0.88986628,0.7109547738693467,0.3378,1.0
Provision_PT_737E_Security_Camera,30,1,13218,risk_soft_cov,0.9976097364580527,0.89010796,0.7109547738693467,0.3304,1.0
Provision_PT_737E_Security_Camera,30,1,13218,risk_soft_cov_mismatch,0.052027810783414674,0.9045481200000001,0.6644482412060302,0.2494,1.0
Provision_PT_737E_Security_Camera,30,2,5502,shared_oas,1.0,0.9990214,0.9513065326633166,0.9034,1.0
Provision_PT_737E_Security_Camera,30,2,5502,local_oas,0.0,0.98325376,0.8469346733668341,0.8954,1.0
Provision_PT_737E_Security_Camera,30,2,5502,peer_cov_fixed,1.0,0.99970596,0.9853829145728644,0.5124,1.0
Provision_PT_737E_Security_Camera,30,2,5502,risk_blend,0.4162882722918276,0.99960728,0.9803175879396985,0.8648,1.0
Provision_PT_737E_Security_Camera,30,2,5502,risk_blend_mismatch,0.07707660385238109,0.99900724,0.9503155778894472,0.8852,1.0
Provision_PT_737E_Security_Camera,30,2,5502,peer_cov_soft,1.0,0.9877288000000001,0.6117266331658291,0.9048,1.0
Provision_PT_737E_Security_Camera,30,2,5502,risk_soft_cov,0.9998815172812703,0.98773948,0.6139638190954774,0.9026,1.0
Provision_PT_737E_Security_Camera,30,2,5502,risk_soft_cov_mismatch,0.08543773266315849,0.9876396,0.7100884422110553,0.8878,1.0
Provision_PT_737E_Security_Camera,30,3,8582,shared_oas,1.0,0.99955432,0.9776040201005025,0.005,1.0
Provision_PT_737E_Security_Camera,30,3,8582,local_oas,0.0,0.99854776,0.9270231155778894,0.004,0.9892
Provision_PT_737E_Security_Camera,30,3,8582,peer_cov_fixed,1.0,0.99980636,0.9902693467336683,0.0144,1.0
Provision_PT_737E_Security_Camera,30,3,8582,risk_blend,0.5447752557646373,0.9998824799999999,0.994094472361809,0.005,1.0
Provision_PT_737E_Security_Camera,30,3,8582,risk_blend_mismatch,0.11647799904672956,0.9997050000000001,0.9851758793969849,0.0052,1.0
Provision_PT_737E_Security_Camera,30,3,8582,peer_cov_soft,1.0,0.99293648,0.7785748743718592,0.018,0.8066
Provision_PT_737E_Security_Camera,30,3,8582,risk_soft_cov,0.9999353616684014,0.992982,0.7808663316582914,0.018,0.8066
Provision_PT_737E_Security_Camera,30,3,8582,risk_soft_cov_mismatch,0.11642819569980774,0.99935888,0.9677829145728643,0.0038,1.0
Provision_PT_737E_Security_Camera,30,4,30800,shared_oas,1.0,0.92549584,0.670148743718593,0.2748,1.0
Provision_PT_737E_Security_Camera,30,4,30800,local_oas,0.0,0.90456876,0.6934452261306533,0.2496,1.0
Provision_PT_737E_Security_Camera,30,4,30800,peer_cov_fixed,1.0,0.9988834,0.9442653266331658,0.306,1.0
Provision_PT_737E_Security_Camera,30,4,30800,risk_blend,0.06794827615894639,0.9792366399999999,0.8823356783919598,0.2734,1.0
Provision_PT_737E_Security_Camera,30,4,30800,risk_blend_mismatch,0.01901123025802452,0.9565354,0.7881547738693467,0.2732,1.0
Provision_PT_737E_Security_Camera,30,4,30800,peer_cov_soft,1.0,0.88597688,0.7039095477386934,0.288,1.0
Provision_PT_737E_Security_Camera,30,4,30800,risk_soft_cov,0.9981628346753555,0.8862048,0.7038793969849246,0.2856,1.0
Provision_PT_737E_Security_Camera,30,4,30800,risk_soft_cov_mismatch,0.06841078591972723,0.8981475999999999,0.6726974874371859,0.2524,1.0
Provision_PT_737E_Security_Camera,30,5,6277,shared_oas,1.0,0.8621373999999999,0.5628984924623116,0.4534,1.0
Provision_PT_737E_Security_Camera,30,5,6277,local_oas,0.0,0.84001944,0.5009346733668342,0.4416,1.0
Provision_PT_737E_Security_Camera,30,5,6277,peer_cov_fixed,1.0,0.9978079599999999,0.8979979899497488,0.3902,1.0
Provision_PT_737E_Security_Camera,30,5,6277,risk_blend,0.016276692841192812,0.9425342,0.7446110552763819,0.4832,1.0
Provision_PT_737E_Security_Camera,30,5,6277,risk_blend_mismatch,0.0036944108344826197,0.88842836,0.6910291457286433,0.459,1.0
Provision_PT_737E_Security_Camera,30,5,6277,peer_cov_soft,1.0,0.8930489600000001,0.7024984924623116,0.5386,1.0
Provision_PT_737E_Security_Camera,30,5,6277,risk_soft_cov,0.991867005741147,0.89305792,0.7024442211055276,0.5132,1.0
Provision_PT_737E_Security_Camera,30,5,6277,risk_soft_cov_mismatch,0.013197402804656654,0.8604531599999999,0.5625467336683417,0.4502,1.0
Provision_PT_737E_Security_Camera,30,6,33793,shared_oas,1.0,0.9124188400000001,0.5849266331658292,0.2384,1.0
Provision_PT_737E_Security_Camera,30,6,33793,local_oas,0.0,0.8832300400000002,0.5873447236180904,0.2264,0.8066
Provision_PT_737E_Security_Camera,30,6,33793,peer_cov_fixed,1.0,0.99859904,0.9300743718592965,0.2102,1.0
Provision_PT_737E_Security_Camera,30,6,33793,risk_blend,0.05804769199814635,0.9857499200000001,0.8982934673366834,0.0508,0.8082
Provision_PT_737E_Security_Camera,30,6,33793,risk_blend_mismatch,0.016089233444073547,0.96160928,0.8297527638190955,0.1488,0.8082
Provision_PT_737E_Security_Camera,30,6,33793,peer_cov_soft,1.0,0.88687084,0.7018472361809045,0.237,0.9998
Provision_PT_737E_Security_Camera,30,6,33793,risk_soft_cov,0.9978851288982713,0.88693308,0.701694472361809,0.237,0.9998
Provision_PT_737E_Security_Camera,30,6,33793,risk_soft_cov_mismatch,0.055050061105848695,0.90230144,0.6031718592964824,0.2254,0.8082
Provision_PT_737E_Security_Camera,30,7,1193,shared_oas,1.0,0.92391624,0.5988502512562814,0.2746,1.0
Provision_PT_737E_Security_Camera,30,7,1193,local_oas,0.0,0.9099619200000001,0.6652462311557789,0.2368,1.0
Provision_PT_737E_Security_Camera,30,7,1193,peer_cov_fixed,1.0,0.99868596,0.9343959798994974,0.413,1.0
Provision_PT_737E_Security_Camera,30,7,1193,risk_blend,0.026166021932230766,0.9803188,0.8786954773869347,0.3354,1.0
Provision_PT_737E_Security_Camera,30,7,1193,risk_blend_mismatch,0.006231534324544669,0.95453852,0.7611095477386934,0.2834,1.0
Provision_PT_737E_Security_Camera,30,7,1193,peer_cov_soft,1.0,0.8973421600000001,0.7107537688442211,0.4168,1.0
Provision_PT_737E_Security_Camera,30,7,1193,risk_soft_cov,0.9949759967083017,0.89741384,0.7107417085427136,0.3914,1.0
Provision_PT_737E_Security_Camera,30,7,1193,risk_soft_cov_mismatch,0.02276656147241658,0.9052248399999999,0.6071236180904522,0.2412,1.0
Provision_PT_737E_Security_Camera,30,8,27941,shared_oas,1.0,0.9291566,0.6051798994974874,0.2702,1.0
Provision_PT_737E_Security_Camera,30,8,27941,local_oas,0.0,0.91031548,0.6694814070351759,0.2412,1.0
Provision_PT_737E_Security_Camera,30,8,27941,peer_cov_fixed,1.0,0.9990127999999999,0.9504100502512562,0.3146,1.0
Provision_PT_737E_Security_Camera,30,8,27941,risk_blend,0.06278447329786895,0.98862604,0.884948743718593,0.2554,1.0
Provision_PT_737E_Security_Camera,30,8,27941,risk_blend_mismatch,0.017442060834285164,0.96723016,0.8304301507537688,0.2498,1.0
Provision_PT_737E_Security_Camera,30,8,27941,peer_cov_soft,1.0,0.89003184,0.7013587939698492,0.3322,1.0
Provision_PT_737E_Security_Camera,30,8,27941,risk_soft_cov,0.9979917144952076,0.8902727600000001,0.7013427135678392,0.3252,1.0
Provision_PT_737E_Security_Camera,30,8,27941,risk_soft_cov_mismatch,0.06322377553640474,0.8988648,0.6292241206030151,0.2438,1.0
Provision_PT_737E_Security_Camera,30,9,2234,shared_oas,1.0,0.9148676799999998,0.6336422110552764,0.2564,1.0
Provision_PT_737E_Security_Camera,30,9,2234,local_oas,0.0,0.90192308,0.6996402010050251,0.2364,1.0
Provision_PT_737E_Security_Camera,30,9,2234,peer_cov_fixed,1.0,0.99821812,0.9111798994974875,0.2816,1.0
Provision_PT_737E_Security_Camera,30,9,2234,risk_blend,0.04380644677429363,0.9887676400000001,0.87921608040201,0.2414,1.0
Provision_PT_737E_Security_Camera,30,9,2234,risk_blend_mismatch,0.011793883233124643,0.9583331199999999,0.7289628140703518,0.2448,1.0
Provision_PT_737E_Security_Camera,30,9,2234,peer_cov_soft,1.0,0.89555492,0.7051256281407036,0.3196,1.0
Provision_PT_737E_Security_Camera,30,9,2234,risk_soft_cov,0.9970483819682169,0.89601124,0.7051256281407036,0.3168,1.0
Provision_PT_737E_Security_Camera,30,9,2234,risk_soft_cov_mismatch,0.04192881651042665,0.90176628,0.6768944723618091,0.2364,1.0
Provision_PT_737E_Security_Camera,30,10,30114,shared_oas,1.0,0.9148178,0.6082412060301507,0.2548,1.0
Provision_PT_737E_Security_Camera,30,10,30114,local_oas,0.0,0.8973277199999998,0.6404743718592965,0.238,1.0
Provision_PT_737E_Security_Camera,30,10,30114,peer_cov_fixed,1.0,0.99905108,0.9526673366834171,0.306,1.0
Provision_PT_737E_Security_Camera,30,10,30114,risk_blend,0.054560378377666315,0.987672,0.8762391959798995,0.2432,1.0
Provision_PT_737E_Security_Camera,30,10,30114,risk_blend_mismatch,0.014864175717543213,0.9629934,0.7487216080402009,0.2424,1.0
Provision_PT_737E_Security_Camera,30,10,30114,peer_cov_soft,1.0,0.89174988,0.7099236180904522,0.3234,1.0
Provision_PT_737E_Security_Camera,30,10,30114,risk_soft_cov,0.9976614960264548,0.8919628400000001,0.709889447236181,0.319,1.0
Provision_PT_737E_Security_Camera,30,10,30114,risk_soft_cov_mismatch,0.052642716721649815,0.8916752800000001,0.6184341708542713,0.239,1.0
Provision_PT_737E_Security_Camera,30,11,29803,shared_oas,1.0,0.88007176,0.5808060301507538,0.5868,1.0
Provision_PT_737E_Security_Camera,30,11,29803,local_oas,0.0,0.8540856400000002,0.6025768844221105,0.5522,1.0
Provision_PT_737E_Security_Camera,30,11,29803,peer_cov_fixed,1.0,0.99836812,0.9179959798994974,0.6322,1.0
Provision_PT_737E_Security_Camera,30,11,29803,risk_blend,0.018875703653331632,0.9636338000000001,0.8414572864321608,0.5384,1.0
Provision_PT_737E_Security_Camera,30,11,29803,risk_blend_mismatch,0.004271263468970202,0.92786216,0.6969809045226131,0.539,1.0
Provision_PT_737E_Security_Camera,30,11,29803,peer_cov_soft,1.0,0.8892496400000001,0.7030613065326633,0.5802,1.0
Provision_PT_737E_Security_Camera,30,11,29803,risk_soft_cov,0.9929974015899161,0.88935036,0.7030070351758795,0.578,1.0
Provision_PT_737E_Security_Camera,30,11,29803,risk_soft_cov_mismatch,0.015577648411350892,0.8800068,0.5880020100502512,0.5266,1.0
Provision_PT_737E_Security_Camera,30,12,29925,shared_oas,1.0,0.99946652,0.9731919597989951,0.0,0.0
Provision_PT_737E_Security_Camera,30,12,29925,local_oas,0.0,0.9995348,0.9766231155778895,0.0,0.0
Provision_PT_737E_Security_Camera,30,12,29925,peer_cov_fixed,1.0,0.998942,0.9468944723618091,0.0072,0.9996
Provision_PT_737E_Security_Camera,30,12,29925,risk_blend,0.8897687036286234,0.9993068399999999,0.96521608040201,0.0,0.0
Provision_PT_737E_Security_Camera,30,12,29925,risk_blend_mismatch,0.3515754096043571,0.99910524,0.9550733668341709,0.0,0.0
Provision_PT_737E_Security_Camera,30,12,29925,peer_cov_soft,1.0,0.99955004,0.9774251256281408,0.0,0.0
Provision_PT_737E_Security_Camera,30,12,29925,risk_soft_cov,0.9999763312738399,0.99955004,0.9774251256281408,0.0,0.0
Provision_PT_737E_Security_Camera,30,12,29925,risk_soft_cov_mismatch,0.3709652706425525,0.99954956,0.9773728643216081,0.0,0.0
Provision_PT_737E_Security_Camera,30,13,15042,shared_oas,1.0,0.88312504,0.5991015075376884,0.4308,1.0
Provision_PT_737E_Security_Camera,30,13,15042,local_oas,0.0,0.86104364,0.5846050251256282,0.3846,1.0
Provision_PT_737E_Security_Camera,30,13,15042,peer_cov_fixed,1.0,0.99880444,0.9402613065326633,0.473,1.0
Provision_PT_737E_Security_Camera,30,13,15042,risk_blend,0.027448860702379268,0.9816658800000001,0.8510231155778896,0.396,1.0
Provision_PT_737E_Security_Camera,30,13,15042,risk_blend_mismatch,0.006296477004850095,0.93948148,0.7083195979899497,0.3876,1.0
Provision_PT_737E_Security_Camera,30,13,15042,peer_cov_soft,1.0,0.8951819999999999,0.7098492462311558,0.5376,1.0
Provision_PT_737E_Security_Camera,30,13,15042,risk_soft_cov,0.9952159526112514,0.89507844,0.709835175879397,0.5364,1.0
Provision_PT_737E_Security_Camera,30,13,15042,risk_soft_cov_mismatch,0.02261203127322299,0.8777606800000001,0.6072482412060302,0.394,1.0
Provision_PT_737E_Security_Camera,30,14,25706,shared_oas,1.0,0.9244915600000001,0.6989346733668342,0.2548,1.0
Provision_PT_737E_Security_Camera,30,14,25706,local_oas,0.0,0.9152755600000001,0.699772864321608,0.2364,1.0
Provision_PT_737E_Security_Camera,30,14,25706,peer_cov_fixed,1.0,0.99899292,0.9497005025125628,0.3094,1.0
Provision_PT_737E_Security_Camera,30,14,25706,risk_blend,0.06554564769048489,0.99123568,0.8769145728643216,0.2714,1.0
Provision_PT_737E_Security_Camera,30,14,25706,risk_blend_mismatch,0.01791894410793041,0.97030032,0.7549708542713568,0.2666,1.0
Provision_PT_737E_Security_Camera,30,14,25706,peer_cov_soft,1.0,0.88040116,0.7067356783919598,0.3172,1.0
Provision_PT_737E_Security_Camera,30,14,25706,risk_soft_cov,0.9980868382590035,0.88053296,0.7066170854271356,0.3152,1.0
Provision_PT_737E_Security_Camera,30,14,25706,risk_soft_cov_mismatch,0.06318134776727194,0.89905736,0.6885065326633166,0.242,1.0
Provision_PT_737E_Security_Camera,30,15,1343,shared_oas,1.0,0.89646588,0.6224100502512563,0.3734,1.0
Provision_PT_737E_Security_Camera,30,15,1343,local_oas,0.0,0.8747366400000001,0.686259296482412,0.3324,1.0
Provision_PT_737E_Security_Camera,30,15,1343,peer_cov_fixed,1.0,0.99837404,0.9183497487437186,0.3042,1.0
Provision_PT_737E_Security_Camera,30,15,1343,risk_blend,0.023007990084896686,0.9637174,0.8642331658291457,0.2778,1.0
Provision_PT_737E_Security_Camera,30,15,1343,risk_blend_mismatch,0.005406319017097597,0.93809248,0.7129708542713569,0.2916,1.0
Provision_PT_737E_Security_Camera,30,15,1343,peer_cov_soft,1.0,0.89371348,0.7075658291457286,0.3282,1.0
Provision_PT_737E_Security_Camera,30,15,1343,risk_soft_cov,0.9942719385012292,0.89373112,0.7075256281407035,0.3216,1.0
Provision_PT_737E_Security_Camera,30,15,1343,risk_soft_cov_mismatch,0.019670595813404274,0.8969032400000001,0.6777447236180905,0.2828,1.0
Provision_PT_737E_Security_Camera,30,16,14163,shared_oas,1.0,0.9133454400000001,0.5428824120603015,0.3234,1.0
Provision_PT_737E_Security_Camera,30,16,14163,local_oas,0.0,0.90616084,0.5801065326633166,0.2708,1.0
Provision_PT_737E_Security_Camera,30,16,14163,peer_cov_fixed,1.0,0.99877664,0.9385246231155779,0.3064,1.0
Provision_PT_737E_Security_Camera,30,16,14163,risk_blend,0.03148379224407272,0.9765358000000001,0.8471979899497487,0.263,1.0
Provision_PT_737E_Security_Camera,30,16,14163,risk_blend_mismatch,0.007575608635034283,0.9535899200000001,0.7009909547738693,0.261,1.0
Provision_PT_737E_Security_Camera,30,16,14163,peer_cov_soft,1.0,0.89571568,0.7048241206030151,0.3204,1.0
Provision_PT_737E_Security_Camera,30,16,14163,risk_soft_cov,0.9958438146653796,0.8960121999999999,0.7048241206030151,0.3152,1.0
Provision_PT_737E_Security_Camera,30,16,14163,risk_soft_cov_mismatch,0.02774231285908767,0.9087398000000001,0.5744683417085428,0.2526,1.0
Provision_PT_737E_Security_Camera,30,17,18623,shared_oas,1.0,0.87677672,0.5814472361809045,0.8352,1.0
Provision_PT_737E_Security_Camera,30,17,18623,local_oas,0.0,0.8398014400000001,0.5006934673366834,0.9912,1.0
Provision_PT_737E_Security_Camera,30,17,18623,peer_cov_fixed,1.0,0.99837204,0.9199035175879398,0.855,1.0
Provision_PT_737E_Security_Camera,30,17,18623,risk_blend,0.04809595043220786,0.9877004,0.8462834170854272,0.958,1.0
Provision_PT_737E_Security_Camera,30,17,18623,risk_blend_mismatch,0.011176883805437552,0.9408780400000001,0.6900522613065326,0.9784,1.0
Provision_PT_737E_Security_Camera,30,17,18623,peer_cov_soft,1.0,0.86954044,0.7034753768844222,0.4824,1.0
Provision_PT_737E_Security_Camera,30,17,18623,risk_soft_cov,0.997322865532872,0.86914512,0.7032643216080402,0.4616,1.0
Provision_PT_737E_Security_Camera,30,17,18623,risk_soft_cov_mismatch,0.0387886458091388,0.85860972,0.546956783919598,0.9758,1.0
Provision_PT_737E_Security_Camera,30,18,18508,shared_oas,1.0,0.999317,0.9657628140703517,0.004,0.9904
Provision_PT_737E_Security_Camera,30,18,18508,local_oas,0.0,0.998197,0.9365005025125628,0.0,0.0142
Provision_PT_737E_Security_Camera,30,18,18508,peer_cov_fixed,1.0,0.998806,0.9482452261306533,0.0126,0.9972
Provision_PT_737E_Security_Camera,30,18,18508,risk_blend,0.9056977047553548,0.999536,0.986808040201005,0.0008,0.7898
Provision_PT_737E_Security_Camera,30,18,18508,risk_blend_mismatch,0.3063855563614124,0.99939988,0.9800643216080401,0.0,0.3392
Provision_PT_737E_Security_Camera,30,18,18508,peer_cov_soft,1.0,0.99935956,0.9768221105527638,0.0,0.0
Provision_PT_737E_Security_Camera,30,18,18508,risk_soft_cov,0.9999766043052972,0.99935956,0.9768221105527637,0.0,0.0
Provision_PT_737E_Security_Camera,30,18,18508,risk_soft_cov_mismatch,0.3259356041939743,0.99939892,0.9801025125628141,0.0,0.0
Provision_PT_737E_Security_Camera,30,19,35987,shared_oas,1.0,0.89287524,0.6018592964824121,0.3248,1.0
Provision_PT_737E_Security_Camera,30,19,35987,local_oas,0.0,0.8649703200000002,0.6113788944723618,0.2836,1.0
Provision_PT_737E_Security_Camera,30,19,35987,peer_cov_fixed,1.0,0.99881756,0.940697487437186,0.2386,1.0
Provision_PT_737E_Security_Camera,30,19,35987,risk_blend,0.04134854364573046,0.98173724,0.8449346733668341,0.239,1.0
Provision_PT_737E_Security_Camera,30,19,35987,risk_blend_mismatch,0.009664048670816733,0.9456041999999999,0.7019316582914573,0.2422,1.0
Provision_PT_737E_Security_Camera,30,19,35987,peer_cov_soft,1.0,0.88435724,0.7035718592964824,0.306,1.0
Provision_PT_737E_Security_Camera,30,19,35987,risk_soft_cov,0.9968646624420314,0.8842156399999999,0.703497487437186,0.3052,1.0
Provision_PT_737E_Security_Camera,30,19,35987,risk_soft_cov_mismatch,0.03473596032556233,0.8812492399999999,0.6056,0.2702,1.0
Provision_PT_737E_Security_Camera,30,20,35877,shared_oas,1.0,0.93469852,0.6474994974874372,0.2472,1.0
Provision_PT_737E_Security_Camera,30,20,35877,local_oas,0.0,0.91982132,0.6960502512562814,0.2364,1.0
Provision_PT_737E_Security_Camera,30,20,35877,peer_cov_fixed,1.0,0.9987484799999999,0.9373286432160804,0.2846,1.0
Provision_PT_737E_Security_Camera,30,20,35877,risk_blend,0.05578898105719871,0.9903157600000001,0.8911557788944724,0.2246,1.0
Provision_PT_737E_Security_Camera,30,20,35877,risk_blend_mismatch,0.015423293054601474,0.9691967200000001,0.8193306532663316,0.2288,1.0
Provision_PT_737E_Security_Camera,30,20,35877,peer_cov_soft,1.0,0.89629992,0.7041145728643217,0.3006,1.0
Provision_PT_737E_Security_Camera,30,20,35877,risk_soft_cov,0.9977164045607267,0.896657,0.7041125628140703,0.294,1.0
Provision_PT_737E_Security_Camera,30,20,35877,risk_soft_cov_mismatch,0.05501663843503795,0.9124545600000001,0.6787155778894473,0.2266,1.0
Provision_PT_737E_Security_Camera,30,21,28539,shared_oas,1.0,0.8983668,0.5823035175879396,0.4494,1.0
Provision_PT_737E_Security_Camera,30,21,28539,local_oas,0.0,0.87535916,0.5355839195979899,0.464,1.0
Provision_PT_737E_Security_Camera,30,21,28539,peer_cov_fixed,1.0,0.99850256,0.9247537688442211,0.5358,1.0
Provision_PT_737E_Security_Camera,30,21,28539,risk_blend,0.017109868505828293,0.967481,0.8037065326633166,0.4458,1.0
Provision_PT_737E_Security_Camera,30,21,28539,risk_blend_mismatch,0.003910946116153418,0.9265455599999999,0.7000462311557789,0.4588,1.0
Provision_PT_737E_Security_Camera,30,21,28539,peer_cov_soft,1.0,0.8962657199999999,0.7065326633165829,0.5064,1.0
Provision_PT_737E_Security_Camera,30,21,28539,risk_soft_cov,0.9922664863777855,0.89647908,0.7065326633165829,0.4802,1.0
Provision_PT_737E_Security_Camera,30,21,28539,risk_soft_cov_mismatch,0.014148991451697556,0.8912852800000001,0.5854130653266332,0.3994,1.0
Provision_PT_737E_Security_Camera,30,22,22836,shared_oas,1.0,0.9042119200000001,0.5986894472361809,0.2794,1.0
Provision_PT_737E_Security_Camera,30,22,22836,local_oas,0.0,0.89334232,0.6323899497487437,0.2388,1.0
Provision_PT_737E_Security_Camera,30,22,22836,peer_cov_fixed,1.0,0.99828808,0.9150532663316583,0.5938,1.0
Provision_PT_737E_Security_Camera,30,22,22836,risk_blend,0.032322450129277515,0.9771776000000001,0.8562834170854272,0.3492,1.0
Provision_PT_737E_Security_Camera,30,22,22836,risk_blend_mismatch,0.008174054943180072,0.9471870399999999,0.7363256281407036,0.2796,1.0
Provision_PT_737E_Security_Camera,30,22,22836,peer_cov_soft,1.0,0.8945271200000001,0.7079336683417086,0.5012,1.0
Provision_PT_737E_Security_Camera,30,22,22836,risk_soft_cov,0.9959546901425573,0.89470416,0.7079155778894473,0.484,1.0
Provision_PT_737E_Security_Camera,30,22,22836,risk_soft_cov_mismatch,0.029615497356365057,0.89217192,0.6053809045226131,0.2448,1.0
Provision_PT_737E_Security_Camera,30,23,27335,shared_oas,1.0,0.9993217200000001,0.9659155778894473,0.0034,1.0
Provision_PT_737E_Security_Camera,30,23,27335,local_oas,0.0,0.9989720000000001,0.9483417085427135,0.0,0.0
Provision_PT_737E_Security_Camera,30,23,27335,peer_cov_fixed,1.0,0.99964108,0.9819638190954774,0.0002,0.8006
Provision_PT_737E_Security_Camera,30,23,27335,risk_blend,0.919022713643636,0.99984,0.9919597989949749,0.0,0.7994
Provision_PT_737E_Security_Camera,30,23,27335,risk_blend_mismatch,0.3055265144084587,0.99995844,0.9979115577889446,0.0,0.3864
Provision_PT_737E_Security_Camera,30,23,27335,peer_cov_soft,1.0,0.99976044,0.9879618090452261,0.0,0.0
Provision_PT_737E_Security_Camera,30,23,27335,risk_soft_cov,0.9999814343313326,0.99976044,0.9879618090452261,0.0,0.0
Provision_PT_737E_Security_Camera,30,23,27335,risk_soft_cov_mismatch,0.30630977275826965,0.99991892,0.9959256281407034,0.0,0.0
Provision_PT_737E_Security_Camera,30,24,13142,shared_oas,1.0,0.9950373200000001,0.8385507537688441,0.0,0.015
Provision_PT_737E_Security_Camera,30,24,13142,local_oas,0.0,0.99373412,0.7957688442211055,0.0,0.0
Provision_PT_737E_Security_Camera,30,24,13142,peer_cov_fixed,1.0,0.9994187999999999,0.9708964824120604,0.0364,1.0
Provision_PT_737E_Security_Camera,30,24,13142,risk_blend,0.8804539553811475,0.99977436,0.9887396984924622,0.0,0.0
Provision_PT_737E_Security_Camera,30,24,13142,risk_blend_mismatch,0.40646201726372666,0.99975808,0.987991959798995,0.0,0.0
Provision_PT_737E_Security_Camera,30,24,13142,peer_cov_soft,1.0,0.9997834,0.9891155778894472,0.0,0.0
Provision_PT_737E_Security_Camera,30,24,13142,risk_soft_cov,0.9999499667260635,0.9997834,0.9891155778894472,0.0,0.0
Provision_PT_737E_Security_Camera,30,24,13142,risk_soft_cov_mismatch,0.783788980692217,0.99973096,0.9864804020100503,0.0,0.0
Provision_PT_737E_Security_Camera,30,25,40766,shared_oas,1.0,0.99962332,0.9810713567839195,0.003,0.9992
Provision_PT_737E_Security_Camera,30,25,40766,local_oas,0.0,0.99960608,0.9802050251256282,0.0,0.0
Provision_PT_737E_Security_Camera,30,25,40766,peer_cov_fixed,1.0,0.99981692,0.9911075376884422,0.0,0.787
Provision_PT_737E_Security_Camera,30,25,40766,risk_blend,0.9199059953136278,0.99994848,0.9975839195979899,0.0,0.7868
Provision_PT_737E_Security_Camera,30,25,40766,risk_blend_mismatch,0.316902636363336,0.99999224,0.9996783919597989,0.0,0.3564
Provision_PT_737E_Security_Camera,30,25,40766,peer_cov_soft,1.0,0.9999456800000001,0.9975195979899498,0.0,0.0
Provision_PT_737E_Security_Camera,30,25,40766,risk_soft_cov,0.9999785280660726,0.9999456800000001,0.9975195979899498,0.0,0.0
Provision_PT_737E_Security_Camera,30,25,40766,risk_soft_cov_mismatch,0.3411925315618858,0.9999501599999999,0.9975537688442211,0.0,0.0
Provision_PT_737E_Security_Camera,30,26,23423,shared_oas,1.0,0.9989016799999999,0.9448080402010051,0.834,1.0
Provision_PT_737E_Security_Camera,30,26,23423,local_oas,0.0,0.8591192,0.7941346733668342,0.8898,1.0
Provision_PT_737E_Security_Camera,30,26,23423,peer_cov_fixed,1.0,0.99958868,0.9793306532663317,0.2556,1.0
Provision_PT_737E_Security_Camera,30,26,23423,risk_blend,0.43551767773694516,0.99913432,0.9564984924623117,0.8428,1.0
Provision_PT_737E_Security_Camera,30,26,23423,risk_blend_mismatch,0.07797227458127488,0.99820808,0.9110773869346733,0.87,1.0
Provision_PT_737E_Security_Camera,30,26,23423,peer_cov_soft,1.0,0.9873884,0.6276341708542713,0.8696,1.0
Provision_PT_737E_Security_Camera,30,26,23423,risk_soft_cov,0.999892952095902,0.98741116,0.6289788944723618,0.8686,1.0
Provision_PT_737E_Security_Camera,30,26,23423,risk_soft_cov_mismatch,0.08566508831579518,0.98469512,0.7041809045226131,0.8668,1.0
Provision_PT_737E_Security_Camera,30,27,8370,shared_oas,1.0,0.87370824,0.5571276381909548,0.422,1.0
Provision_PT_737E_Security_Camera,30,27,8370,local_oas,0.0,0.84177124,0.499513567839196,0.3786,1.0
Provision_PT_737E_Security_Camera,30,27,8370,peer_cov_fixed,1.0,0.99778572,0.895153768844221,0.4038,1.0
Provision_PT_737E_Security_Camera,30,27,8370,risk_blend,0.016086487955604415,0.9575118799999999,0.7420743718592965,0.3274,1.0
Provision_PT_737E_Security_Camera,30,27,8370,risk_blend_mismatch,0.003687819265518672,0.9061494,0.692878391959799,0.3688,1.0
Provision_PT_737E_Security_Camera,30,27,8370,peer_cov_soft,1.0,0.8879684400000001,0.7045989949748743,0.4662,1.0
Provision_PT_737E_Security_Camera,30,27,8370,risk_soft_cov,0.9917700554928885,0.8878117200000001,0.7045688442211056,0.4304,1.0
Provision_PT_737E_Security_Camera,30,27,8370,risk_soft_cov_mismatch,0.013219831476560095,0.8672671599999999,0.5593889447236181,0.3498,1.0
Provision_PT_737E_Security_Camera,30,28,9442,shared_oas,1.0,0.9557528000000001,0.8478874371859296,0.0,0.2952
Provision_PT_737E_Security_Camera,30,28,9442,local_oas,0.0,0.9527105599999999,0.8271557788944723,0.0,0.2046
Provision_PT_737E_Security_Camera,30,28,9442,peer_cov_fixed,1.0,0.9990886,0.9542010050251257,0.0212,1.0
Provision_PT_737E_Security_Camera,30,28,9442,risk_blend,0.5663098441443198,0.996638,0.9004904522613066,0.0,0.2092
Provision_PT_737E_Security_Camera,30,28,9442,risk_blend_mismatch,0.20133351681239967,0.9918026400000001,0.8996100502512563,0.0,0.0196
Provision_PT_737E_Security_Camera,30,28,9442,peer_cov_soft,1.0,0.9364404399999999,0.7622291457286432,0.0,0.0
Provision_PT_737E_Security_Camera,30,28,9442,risk_soft_cov,0.999934303954488,0.93644388,0.7622331658291457,0.0,0.0
Provision_PT_737E_Security_Camera,30,28,9442,risk_soft_cov_mismatch,0.20551538893839627,0.9196598399999999,0.6950070351758794,0.0,0.0
Provision_PT_737E_Security_Camera,30,29,25981,shared_oas,1.0,0.8841403600000001,0.5720984924623116,0.4342,1.0
Provision_PT_737E_Security_Camera,30,29,25981,local_oas,0.0,0.8513976,0.5065065326633166,0.4174,1.0
Provision_PT_737E_Security_Camera,30,29,25981,peer_cov_fixed,1.0,0.99823584,0.9120462311557789,0.5284,1.0
Provision_PT_737E_Security_Camera,30,29,25981,risk_blend,0.014366363038299298,0.95965796,0.7791236180904523,0.3734,1.0
Provision_PT_737E_Security_Camera,30,29,25981,risk_blend_mismatch,0.003272175256998308,0.9169498800000001,0.6919075376884422,0.407,1.0
Provision_PT_737E_Security_Camera,30,29,25981,peer_cov_soft,1.0,0.8970590399999999,0.7024120603015076,0.5058,1.0
Provision_PT_737E_Security_Camera,30,29,25981,risk_soft_cov,0.9907777865617493,0.89722576,0.7024060301507538,0.476,1.0
Provision_PT_737E_Security_Camera,30,29,25981,risk_soft_cov_mismatch,0.011877209781282004,0.8832522400000001,0.5971236180904522,0.3726,1.0
Provision_PT_737E_Security_Camera,100,0,25740,shared_oas,1.0,0.8780439200000002,0.5921326633165829,0.2836,1.0
Provision_PT_737E_Security_Camera,100,0,25740,local_oas,0.0,0.87147356,0.599278391959799,0.2792,1.0
Provision_PT_737E_Security_Camera,100,0,25740,peer_cov_fixed,1.0,0.99553084,0.8961366834170855,0.3258,1.0
Provision_PT_737E_Security_Camera,100,0,25740,risk_blend,0.015430079628460828,0.96553708,0.7301165829145728,0.284,1.0
Provision_PT_737E_Security_Camera,100,0,25740,risk_blend_mismatch,0.003843829334224224,0.91714924,0.7036502512562814,0.2822,1.0
Provision_PT_737E_Security_Camera,100,0,25740,peer_cov_soft,1.0,0.8893701599999999,0.7048241206030151,0.3586,1.0
Provision_PT_737E_Security_Camera,100,0,25740,risk_soft_cov,0.9914172767734334,0.8907168799999999,0.7047839195979899,0.3106,1.0
Provision_PT_737E_Security_Camera,100,0,25740,risk_soft_cov_mismatch,0.014056481258481265,0.8711968,0.5979798994974874,0.271,1.0
Provision_PT_737E_Security_Camera,100,1,535,shared_oas,1.0,0.9995352000000001,0.976643216080402,0.0014,1.0
Provision_PT_737E_Security_Camera,100,1,535,local_oas,0.0,0.99962948,0.9813809045226132,0.0,0.0
Provision_PT_737E_Security_Camera,100,1,535,peer_cov_fixed,1.0,0.99693056,0.8993467336683417,0.0204,1.0
Provision_PT_737E_Security_Camera,100,1,535,risk_blend,0.8550426974114073,0.9976534800000001,0.8999698492462311,0.0002,0.7834
Provision_PT_737E_Security_Camera,100,1,535,risk_blend_mismatch,0.1928905626335885,0.99980152,0.9900261306532664,0.0,0.0002
Provision_PT_737E_Security_Camera,100,1,535,peer_cov_soft,1.0,0.99984044,0.9919819095477387,0.0,0.0
Provision_PT_737E_Security_Camera,100,1,535,risk_soft_cov,0.9998003511277543,0.99984044,0.9919819095477387,0.0,0.0
Provision_PT_737E_Security_Camera,100,1,535,risk_soft_cov_mismatch,0.7629414378436217,0.9998798,0.9939597989949749,0.0,0.0
Provision_PT_737E_Security_Camera,100,2,4516,shared_oas,1.0,0.99978408,0.9891497487437186,0.0,0.0
Provision_PT_737E_Security_Camera,100,2,4516,local_oas,0.0,0.9998476,0.9923417085427135,0.0,0.0
Provision_PT_737E_Security_Camera,100,2,4516,peer_cov_fixed,1.0,0.9971636,0.8989829145728643,0.0204,0.9998
Provision_PT_737E_Security_Camera,100,2,4516,risk_blend,0.8068454292170498,0.99745864,0.8998653266331658,0.0,0.0
Provision_PT_737E_Security_Camera,100,2,4516,risk_blend_mismatch,0.13716155053872842,0.99967848,0.983905527638191,0.0,0.0
Provision_PT_737E_Security_Camera,100,2,4516,peer_cov_soft,1.0,0.99964508,0.9822331658291458,0.0,0.0
Provision_PT_737E_Security_Camera,100,2,4516,risk_soft_cov,0.9995886740654586,0.99964504,0.9822311557788944,0.0,0.0
Provision_PT_737E_Security_Camera,100,2,4516,risk_soft_cov_mismatch,0.82233388843103,0.9996710400000001,0.9835356783919599,0.0,0.0
Provision_PT_737E_Security_Camera,100,3,10507,shared_oas,1.0,0.86093,0.6075758793969849,0.2674,1.0
Provision_PT_737E_Security_Camera,100,3,10507,local_oas,0.0,0.8618462400000001,0.6521668341708543,0.2398,1.0
Provision_PT_737E_Security_Camera,100,3,10507,peer_cov_fixed,1.0,0.99596296,0.8980623115577889,0.2934,1.0
Provision_PT_737E_Security_Camera,100,3,10507,risk_blend,0.01080150642833668,0.941594,0.7196241206030151,0.2974,1.0
Provision_PT_737E_Security_Camera,100,3,10507,risk_blend_mismatch,0.0025939779513407743,0.8833841199999999,0.7038934673366835,0.2706,1.0
Provision_PT_737E_Security_Camera,100,3,10507,peer_cov_soft,1.0,0.8878088399999999,0.7057286432160804,0.3008,0.9998
Provision_PT_737E_Security_Camera,100,3,10507,risk_soft_cov,0.9877276827845182,0.8892133999999999,0.7057065326633165,0.2914,0.9998
Provision_PT_737E_Security_Camera,100,3,10507,risk_soft_cov_mismatch,0.009503735367526031,0.8641333600000001,0.6269849246231156,0.2468,1.0
Provision_PT_737E_Security_Camera,100,4,40297,shared_oas,1.0,0.99933348,0.9665065326633165,0.0,0.3228
Provision_PT_737E_Security_Camera,100,4,40297,local_oas,0.0,0.99936852,0.9682673366834171,0.0,0.0366
Provision_PT_737E_Security_Camera,100,4,40297,peer_cov_fixed,1.0,0.99705076,0.8992140703517588,0.024,1.0
Provision_PT_737E_Security_Camera,100,4,40297,risk_blend,0.8054649139212097,0.99729304,0.8995557788944724,0.0194,1.0
Provision_PT_737E_Security_Camera,100,4,40297,risk_blend_mismatch,0.12914981668334904,0.99946428,0.9730793969849246,0.0152,1.0
Provision_PT_737E_Security_Camera,100,4,40297,peer_cov_soft,1.0,0.99939524,0.9696100502512564,0.0,0.0008
Provision_PT_737E_Security_Camera,100,4,40297,risk_soft_cov,0.9995726941881058,0.9993952,0.969608040201005,0.0,0.0008
Provision_PT_737E_Security_Camera,100,4,40297,risk_soft_cov_mismatch,0.764906148389101,0.99935216,0.9674452261306532,0.0,0.0018
Provision_PT_737E_Security_Camera,100,5,11948,shared_oas,1.0,0.8686653199999999,0.6036201005025126,0.3404,1.0
Provision_PT_737E_Security_Camera,100,5,11948,local_oas,0.0,0.86983908,0.6572281407035175,0.382,1.0
Provision_PT_737E_Security_Camera,100,5,11948,peer_cov_fixed,1.0,0.9958762,0.8948683417085428,0.3012,1.0
Provision_PT_737E_Security_Camera,100,5,11948,risk_blend,0.013427833206414158,0.94943744,0.7439879396984925,0.3614,1.0
Provision_PT_737E_Security_Camera,100,5,11948,risk_blend_mismatch,0.003378659782250782,0.89813976,0.7043477386934673,0.3766,1.0
Provision_PT_737E_Security_Camera,100,5,11948,peer_cov_soft,1.0,0.88763628,0.7056281407035176,0.3028,1.0
Provision_PT_737E_Security_Camera,100,5,11948,risk_soft_cov,0.9901302651525761,0.88996844,0.7055517587939699,0.2864,1.0
Provision_PT_737E_Security_Camera,100,5,11948,risk_soft_cov_mismatch,0.012363442813564107,0.8677075599999999,0.611121608040201,0.3426,1.0
Provision_PT_737E_Security_Camera,100,6,41292,shared_oas,1.0,0.99019336,0.6989145728643216,0.0,0.0036
Provision_PT_737E_Security_Camera,100,6,41292,local_oas,0.0,0.98893712,0.6556381909547738,0.0002,0.1726
Provision_PT_737E_Security_Camera,100,6,41292,peer_cov_fixed,1.0,0.99562988,0.8924361809045227,0.095,1.0
Provision_PT_737E_Security_Camera,100,6,41292,risk_blend,0.252320741098642,0.9946807999999999,0.8597507537688442,0.0,0.0942
Provision_PT_737E_Security_Camera,100,6,41292,risk_blend_mismatch,0.13080805690873995,0.9930776800000001,0.8520201005025125,0.0,0.0
Provision_PT_737E_Security_Camera,100,6,41292,peer_cov_soft,1.0,0.8637428399999999,0.6519316582914573,0.0,0.0
Provision_PT_737E_Security_Camera,100,6,41292,risk_soft_cov,0.9996698031123525,0.86549552,0.6546592964824121,0.0,0.0
Provision_PT_737E_Security_Camera,100,6,41292,risk_soft_cov_mismatch,0.15192258033421874,0.9704904400000001,0.49878793969849244,0.0,0.0
Provision_PT_737E_Security_Camera,100,7,13683,shared_oas,1.0,0.8946613199999999,0.6126030150753768,0.4166,1.0
Provision_PT_737E_Security_Camera,100,7,13683,local_oas,0.0,0.8868292,0.666227135678392,0.4064,1.0
Provision_PT_737E_Security_Camera,100,7,13683,peer_cov_fixed,1.0,0.9957586,0.9009969849246232,0.2616,1.0
Provision_PT_737E_Security_Camera,100,7,13683,risk_blend,0.013407776916292165,0.9726386,0.798808040201005,0.4202,1.0
Provision_PT_737E_Security_Camera,100,7,13683,risk_blend_mismatch,0.003352722182195271,0.93403416,0.7117547738693467,0.4218,1.0
Provision_PT_737E_Security_Camera,100,7,13683,peer_cov_soft,1.0,0.8961694,0.7124623115577889,0.2606,0.9996
Provision_PT_737E_Security_Camera,100,7,13683,risk_soft_cov,0.9901154482886959,0.8984679200000001,0.7124502512562814,0.26,0.9998
Provision_PT_737E_Security_Camera,100,7,13683,risk_soft_cov_mismatch,0.012228031664297553,0.88765656,0.6227155778894472,0.4202,1.0
Provision_PT_737E_Security_Camera,100,8,3236,shared_oas,1.0,0.99822764,0.9109386934673367,0.064,1.0
Provision_PT_737E_Security_Camera,100,8,3236,local_oas,0.0,0.9980704,0.9032824120603016,0.0,0.0002
Provision_PT_737E_Security_Camera,100,8,3236,peer_cov_fixed,1.0,0.99683768,0.8921587939698492,0.0466,1.0
Provision_PT_737E_Security_Camera,100,8,3236,risk_blend,0.8584554902281346,0.9971583199999999,0.8879577889447237,0.0012,0.7912
Provision_PT_737E_Security_Camera,100,8,3236,risk_blend_mismatch,0.16684540965239283,0.99942532,0.9711819095477388,0.0004,0.3024
Provision_PT_737E_Security_Camera,100,8,3236,peer_cov_soft,1.0,0.99939796,0.9697467336683417,0.0,0.0
Provision_PT_737E_Security_Camera,100,8,3236,risk_soft_cov,0.9997768974362998,0.9993978400000001,0.969740703517588,0.0,0.0
Provision_PT_737E_Security_Camera,100,8,3236,risk_soft_cov_mismatch,0.6703546484923616,0.99926316,0.962972864321608,0.0,0.0
Provision_PT_737E_Security_Camera,100,9,37566,shared_oas,1.0,0.86614524,0.607027135678392,0.3992,1.0
Provision_PT_737E_Security_Camera,100,9,37566,local_oas,0.0,0.863787,0.6353869346733668,0.3844,1.0
Provision_PT_737E_Security_Camera,100,9,37566,peer_cov_fixed,1.0,0.99650336,0.8946190954773869,0.3158,1.0
Provision_PT_737E_Security_Camera,100,9,37566,risk_blend,0.014211908880882723,0.94831116,0.7355195979899498,0.4166,1.0
Provision_PT_737E_Security_Camera,100,9,37566,risk_blend_mismatch,0.0035662517368025537,0.89005392,0.7038532663316583,0.4036,1.0
Provision_PT_737E_Security_Camera,100,9,37566,peer_cov_soft,1.0,0.883671,0.7049246231155779,0.3266,0.9998
Provision_PT_737E_Security_Camera,100,9,37566,risk_soft_cov,0.9906770472586504,0.8862422400000001,0.704862311557789,0.3102,0.9998
Provision_PT_737E_Security_Camera,100,9,37566,risk_soft_cov_mismatch,0.013095795805262989,0.8640076800000001,0.6182452261306532,0.4018,1.0
Provision_PT_737E_Security_Camera,100,10,3149,shared_oas,1.0,0.9995211199999999,0.9759356783919598,0.0,0.0
Provision_PT_737E_Security_Camera,100,10,3149,local_oas,0.0,0.99966488,0.983159798994975,0.0,0.0
Provision_PT_737E_Security_Camera,100,10,3149,peer_cov_fixed,1.0,0.99616792,0.8949386934673367,0.0254,1.0
Provision_PT_737E_Security_Camera,100,10,3149,risk_blend,0.8129459258070599,0.99647668,0.8945246231155779,0.0,0.0
Provision_PT_737E_Security_Camera,100,10,3149,risk_blend_mismatch,0.15637166674135733,0.99871716,0.9356361809045226,0.0,0.0
Provision_PT_737E_Security_Camera,100,10,3149,peer_cov_soft,1.0,0.99913012,0.9563195979899498,0.0,0.0
Provision_PT_737E_Security_Camera,100,10,3149,risk_soft_cov,0.9996380266150297,0.99913004,0.9563155778894472,0.0,0.0
Provision_PT_737E_Security_Camera,100,10,3149,risk_soft_cov_mismatch,0.9230674526811511,0.99913668,0.9566592964824121,0.0,0.0
Provision_PT_737E_Security_Camera,100,11,23355,shared_oas,1.0,0.99987512,0.9937246231155779,0.001,0.9992
Provision_PT_737E_Security_Camera,100,11,23355,local_oas,0.0,0.99979772,0.9898351758793971,0.0,0.0
Provision_PT_737E_Security_Camera,100,11,23355,peer_cov_fixed,1.0,0.99706236,0.8984301507537689,0.0252,1.0
Provision_PT_737E_Security_Camera,100,11,23355,risk_blend,0.7198643425462065,0.99979328,0.9896120603015075,0.0,0.735
Provision_PT_737E_Security_Camera,100,11,23355,risk_blend_mismatch,0.20270321448159961,0.99980048,0.9899798994974873,0.0,0.171
Provision_PT_737E_Security_Camera,100,11,23355,peer_cov_soft,1.0,0.9984852000000001,0.9238793969849246,0.0,0.0
Provision_PT_737E_Security_Camera,100,11,23355,risk_soft_cov,0.9999338334833183,0.99848528,0.9238834170854272,0.0,0.0
Provision_PT_737E_Security_Camera,100,11,23355,risk_soft_cov_mismatch,0.2514093006740287,0.99975776,0.987827135678392,0.0,0.0
Provision_PT_737E_Security_Camera,100,12,4915,shared_oas,1.0,0.99977804,0.9889467336683417,0.0,0.0
Provision_PT_737E_Security_Camera,100,12,4915,local_oas,0.0,0.99981084,0.9906894472361809,0.0,0.0
Provision_PT_737E_Security_Camera,100,12,4915,peer_cov_fixed,1.0,0.99673512,0.8953005025125629,0.0216,1.0
Provision_PT_737E_Security_Camera,100,12,4915,risk_blend,0.5876558362514699,0.99678556,0.8957125628140703,0.0,0.0
Provision_PT_737E_Security_Camera,100,12,4915,risk_blend_mismatch,0.2859213849043353,0.99662268,0.8955778894472362,0.0,0.0
Provision_PT_737E_Security_Camera,100,12,4915,peer_cov_soft,1.0,0.99240972,0.873278391959799,0.0,0.0
Provision_PT_737E_Security_Camera,100,12,4915,risk_soft_cov,0.9999421539939306,0.9924098,0.873278391959799,0.0,0.0
Provision_PT_737E_Security_Camera,100,12,4915,risk_soft_cov_mismatch,0.22663733854317825,0.9964904800000001,0.8909909547738692,0.0,0.0
Provision_PT_737E_Security_Camera,100,13,23583,shared_oas,1.0,0.87212008,0.6118773869346733,0.2584,1.0
Provision_PT_737E_Security_Camera,100,13,23583,local_oas,0.0,0.8686024399999999,0.6390452261306532,0.2694,1.0
Provision_PT_737E_Security_Camera,100,13,23583,peer_cov_fixed,1.0,0.9960198,0.8955517587939699,0.293,1.0
Provision_PT_737E_Security_Camera,100,13,23583,risk_blend,0.01696683179120461,0.97505692,0.8133587939698492,0.2826,1.0
Provision_PT_737E_Security_Camera,100,13,23583,risk_blend_mismatch,0.004277077050658416,0.91974168,0.7039336683417086,0.2776,1.0
Provision_PT_737E_Security_Camera,100,13,23583,peer_cov_soft,1.0,0.88667292,0.7046231155778895,0.2926,1.0
Provision_PT_737E_Security_Camera,100,13,23583,risk_soft_cov,0.9922006723975945,0.8879382800000001,0.7045587939698492,0.2742,1.0
Provision_PT_737E_Security_Camera,100,13,23583,risk_soft_cov_mismatch,0.015653173878890436,0.87186564,0.6171055276381909,0.2556,1.0
Provision_PT_737E_Security_Camera,100,14,2704,shared_oas,1.0,0.99953568,0.9766673366834171,0.0,0.0
Provision_PT_737E_Security_Camera,100,14,2704,local_oas,0.0,0.99973352,0.9866090452261307,0.0,0.0
Provision_PT_737E_Security_Camera,100,14,2704,peer_cov_fixed,1.0,0.99651716,0.8951095477386934,0.0242,1.0
Provision_PT_737E_Security_Camera,100,14,2704,risk_blend,0.7868662473099682,0.9965497999999999,0.8946472361809046,0.0,0.0
Provision_PT_737E_Security_Camera,100,14,2704,risk_blend_mismatch,0.18861941126886464,0.9974839200000001,0.8975155778894472,0.0,0.0
Provision_PT_737E_Security_Camera,100,14,2704,peer_cov_soft,1.0,0.9993329599999999,0.9664804020100504,0.0,0.0
Provision_PT_737E_Security_Camera,100,14,2704,risk_soft_cov,0.9996407568469413,0.99933272,0.9664683417085427,0.0,0.0
Provision_PT_737E_Security_Camera,100,14,2704,risk_soft_cov_mismatch,0.999640756846354,0.99933272,0.9664683417085427,0.0,0.0
Provision_PT_737E_Security_Camera,100,15,8399,shared_oas,1.0,0.8816292,0.6237527638190955,0.7096,1.0
Provision_PT_737E_Security_Camera,100,15,8399,local_oas,0.0,0.8739918799999999,0.6615376884422111,0.7118,1.0
Provision_PT_737E_Security_Camera,100,15,8399,peer_cov_fixed,1.0,0.99637028,0.897740703517588,0.3176,1.0
Provision_PT_737E_Security_Camera,100,15,8399,risk_blend,0.013608564272474456,0.970129,0.8004140703517588,0.7116,1.0
Provision_PT_737E_Security_Camera,100,15,8399,risk_blend_mismatch,0.0034635992962675282,0.9256424000000001,0.7101386934673367,0.7136,1.0
Provision_PT_737E_Security_Camera,100,15,8399,peer_cov_soft,1.0,0.88573304,0.7103517587939698,0.3216,0.9998
Provision_PT_737E_Security_Camera,100,15,8399,risk_soft_cov,0.9902618322120609,0.8886524000000001,0.7102291457286432,0.3096,0.9998
Provision_PT_737E_Security_Camera,100,15,8399,risk_soft_cov_mismatch,0.012499208598445092,0.873968,0.6445608040201005,0.7068,1.0
Provision_PT_737E_Security_Camera,100,16,6201,shared_oas,1.0,0.8672444,0.6211658291457286,0.315,1.0
Provision_PT_737E_Security_Camera,100,16,6201,local_oas,0.0,0.86464716,0.669302512562814,0.3606,1.0
Provision_PT_737E_Security_Camera,100,16,6201,peer_cov_fixed,1.0,0.9960302,0.8945748743718592,0.2878,1.0
Provision_PT_737E_Security_Camera,100,16,6201,risk_blend,0.013035217245109795,0.9349416,0.7307879396984924,0.3974,1.0
Provision_PT_737E_Security_Camera,100,16,6201,risk_blend_mismatch,0.003247415987677384,0.8825670000000001,0.7063477386934673,0.3756,1.0
Provision_PT_737E_Security_Camera,100,16,6201,peer_cov_soft,1.0,0.88296208,0.7078753768844221,0.2984,0.9996
Provision_PT_737E_Security_Camera,100,16,6201,risk_soft_cov,0.9898320101075452,0.8852176,0.707827135678392,0.2914,1.0
Provision_PT_737E_Security_Camera,100,16,6201,risk_soft_cov_mismatch,0.01185837224791102,0.8667330000000001,0.646070351758794,0.3188,1.0
Provision_PT_737E_Security_Camera,100,17,4494,shared_oas,1.0,0.99508224,0.8983618090452261,0.0,0.0
Provision_PT_737E_Security_Camera,100,17,4494,local_oas,0.0,0.99131368,0.8983417085427136,0.0,0.0
Provision_PT_737E_Security_Camera,100,17,4494,peer_cov_fixed,1.0,0.99680256,0.8964442211055277,0.0186,1.0
Provision_PT_737E_Security_Camera,100,17,4494,risk_blend,0.7534212934193527,0.99674016,0.8973065326633166,0.0,0.0
Provision_PT_737E_Security_Camera,100,17,4494,risk_blend_mismatch,0.2336257505109289,0.994286,0.8979557788944723,0.0,0.0
Provision_PT_737E_Security_Camera,100,17,4494,peer_cov_soft,1.0,0.9996334400000001,0.9815798994974874,0.0,0.0
Provision_PT_737E_Security_Camera,100,17,4494,risk_soft_cov,0.9997155434922088,0.9996334400000001,0.9815798994974874,0.0,0.0
Provision_PT_737E_Security_Camera,100,17,4494,risk_soft_cov_mismatch,0.9912411281962414,0.99963356,0.9815859296482412,0.0,0.0
Provision_PT_737E_Security_Camera,100,18,14962,shared_oas,1.0,0.87208204,0.614078391959799,0.3332,1.0
Provision_PT_737E_Security_Camera,100,18,14962,local_oas,0.0,0.8677990000000001,0.6355276381909547,0.3306,1.0
Provision_PT_737E_Security_Camera,100,18,14962,peer_cov_fixed,1.0,0.9958164,0.8946733668341709,0.2762,1.0
Provision_PT_737E_Security_Camera,100,18,14962,risk_blend,0.01936152173707494,0.95751096,0.711286432160804,0.3464,1.0
Provision_PT_737E_Security_Camera,100,18,14962,risk_blend_mismatch,0.004896943084136477,0.8980337199999999,0.7038733668341709,0.3364,1.0
Provision_PT_737E_Security_Camera,100,18,14962,peer_cov_soft,1.0,0.8871879599999999,0.7044020100502513,0.2672,1.0
Provision_PT_737E_Security_Camera,100,18,14962,risk_soft_cov,0.9931752685838585,0.8883053599999999,0.704313567839196,0.2614,1.0
Provision_PT_737E_Security_Camera,100,18,14962,risk_soft_cov_mismatch,0.01768004673832623,0.86768076,0.626651256281407,0.326,1.0
Provision_PT_737E_Security_Camera,100,19,39492,shared_oas,1.0,0.9996988,0.9848643216080402,0.0,0.0
Provision_PT_737E_Security_Camera,100,19,39492,local_oas,0.0,0.9997423200000001,0.9870512562814071,0.0,0.0
Provision_PT_737E_Security_Camera,100,19,39492,peer_cov_fixed,1.0,0.9963106399999999,0.8953567839195979,0.026,1.0
Provision_PT_737E_Security_Camera,100,19,39492,risk_blend,0.7920538669952651,0.99649336,0.8961989949748744,0.0,0.0
Provision_PT_737E_Security_Camera,100,19,39492,risk_blend_mismatch,0.15084633378038195,0.99946384,0.9730572864321608,0.0,0.0
Provision_PT_737E_Security_Camera,100,19,39492,peer_cov_soft,1.0,0.9994565200000001,0.9726894472361809,0.0,0.0
Provision_PT_737E_Security_Camera,100,19,39492,risk_soft_cov,0.9995690284088106,0.99945648,0.9726874371859296,0.0,0.0
Provision_PT_737E_Security_Camera,100,19,39492,risk_soft_cov_mismatch,0.9394176538220721,0.99945296,0.9725105527638191,0.0,0.0
Provision_PT_737E_Security_Camera,100,20,17052,shared_oas,1.0,0.9977146,0.8851557788944724,0.005,1.0
Provision_PT_737E_Security_Camera,100,20,17052,local_oas,0.0,0.99746704,0.8727155778894473,0.0048,0.9772
Provision_PT_737E_Security_Camera,100,20,17052,peer_cov_fixed,1.0,0.9976552399999999,0.8995819095477386,0.0274,1.0
Provision_PT_737E_Security_Camera,100,20,17052,risk_blend,0.6933222751314496,0.99954628,0.9772000000000001,0.0128,1.0
Provision_PT_737E_Security_Camera,100,20,17052,risk_blend_mismatch,0.1867100488896121,0.99951168,0.9754613065326634,0.0072,1.0
Provision_PT_737E_Security_Camera,100,20,17052,peer_cov_soft,1.0,0.9973091199999999,0.897670351758794,0.03,1.0
Provision_PT_737E_Security_Camera,100,20,17052,risk_soft_cov,0.9999569305489733,0.9973092,0.8976743718592965,0.03,1.0
Provision_PT_737E_Security_Camera,100,20,17052,risk_soft_cov_mismatch,0.18926127384984076,0.999482,0.9739698492462312,0.0172,1.0
Provision_PT_737E_Security_Camera,100,21,35937,shared_oas,1.0,0.99919356,0.9594753768844221,0.0,0.0
Provision_PT_737E_Security_Camera,100,21,35937,local_oas,0.0,0.9992230400000001,0.960956783919598,0.0,0.0
Provision_PT_737E_Security_Camera,100,21,35937,peer_cov_fixed,1.0,0.99655568,0.8945507537688442,0.0202,1.0
Provision_PT_737E_Security_Camera,100,21,35937,risk_blend,0.7055206826177801,0.99703068,0.8959095477386936,0.0,0.0
Provision_PT_737E_Security_Camera,100,21,35937,risk_blend_mismatch,0.2509349179298466,0.99793632,0.8963537688442211,0.0,0.0
Provision_PT_737E_Security_Camera,100,21,35937,peer_cov_soft,1.0,0.99928644,0.9641427135678392,0.0,0.0
Provision_PT_737E_Security_Camera,100,21,35937,risk_soft_cov,0.9997953928358029,0.99928644,0.9641427135678392,0.0,0.0
Provision_PT_737E_Security_Camera,100,21,35937,risk_soft_cov_mismatch,0.7261946464181399,0.99946736,0.9732341708542713,0.0,0.0
Provision_PT_737E_Security_Camera,100,22,2536,shared_oas,1.0,0.87612984,0.6099095477386934,0.434,1.0
Provision_PT_737E_Security_Camera,100,22,2536,local_oas,0.0,0.8715256000000001,0.6376703517587939,0.435,1.0
Provision_PT_737E_Security_Camera,100,22,2536,peer_cov_fixed,1.0,0.9963502000000001,0.8959035175879397,0.2842,1.0
Provision_PT_737E_Security_Camera,100,22,2536,risk_blend,0.014837780511805839,0.95953348,0.8084683417085428,0.4604,1.0
Provision_PT_737E_Security_Camera,100,22,2536,risk_blend_mismatch,0.0037255879948410045,0.9189145599999998,0.7042572864321608,0.4424,1.0
Provision_PT_737E_Security_Camera,100,22,2536,peer_cov_soft,1.0,0.8868686,0.7050170854271357,0.2982,0.9998
Provision_PT_737E_Security_Camera,100,22,2536,risk_soft_cov,0.9910724062537065,0.88939892,0.7049889447236181,0.2916,0.9998
Provision_PT_737E_Security_Camera,100,22,2536,risk_soft_cov_mismatch,0.013756331017044852,0.8714582000000001,0.6202170854271356,0.4324,1.0
Provision_PT_737E_Security_Camera,100,23,40659,shared_oas,1.0,0.8799132399999998,0.6053869346733668,0.2902,1.0
Provision_PT_737E_Security_Camera,100,23,40659,local_oas,0.0,0.8724598000000001,0.6342834170854271,0.3824,1.0
Provision_PT_737E_Security_Camera,100,23,40659,peer_cov_fixed,1.0,0.9964284800000001,0.8954251256281407,0.2896,1.0
Provision_PT_737E_Security_Camera,100,23,40659,risk_blend,0.0149351134481256,0.95914772,0.8059959798994976,0.3074,1.0
Provision_PT_737E_Security_Camera,100,23,40659,risk_blend_mismatch,0.003763177457136131,0.9151986799999999,0.6921025125628141,0.3476,1.0
Provision_PT_737E_Security_Camera,100,23,40659,peer_cov_soft,1.0,0.8849422799999999,0.7024120603015076,0.2884,1.0
Provision_PT_737E_Security_Camera,100,23,40659,risk_soft_cov,0.9911309403617858,0.88827476,0.7024120603015076,0.2716,1.0
Provision_PT_737E_Security_Camera,100,23,40659,risk_soft_cov_mismatch,0.013586905504264639,0.87566316,0.6116582914572865,0.2766,1.0
Provision_PT_737E_Security_Camera,100,24,20097,shared_oas,1.0,0.8923932400000001,0.6198733668341708,0.4482,1.0
Provision_PT_737E_Security_Camera,100,24,20097,local_oas,0.0,0.88237044,0.6860140703517588,0.4898,1.0
Provision_PT_737E_Security_Camera,100,24,20097,peer_cov_fixed,1.0,0.9967043999999999,0.9000020100502513,0.4232,1.0
Provision_PT_737E_Security_Camera,100,24,20097,risk_blend,0.012065100109856057,0.9710277599999999,0.8227417085427136,0.4672,1.0
Provision_PT_737E_Security_Camera,100,24,20097,risk_blend_mismatch,0.0030001583945930043,0.9343716800000001,0.7108542713567839,0.4736,1.0
Provision_PT_737E_Security_Camera,100,24,20097,peer_cov_soft,1.0,0.8907144,0.711011055276382,0.4364,1.0
Provision_PT_737E_Security_Camera,100,24,20097,risk_soft_cov,0.9890127372250721,0.89287004,0.7108542713567839,0.3866,1.0
Provision_PT_737E_Security_Camera,100,24,20097,risk_soft_cov_mismatch,0.010901353267230528,0.8848026800000001,0.6479899497487437,0.4202,1.0
Provision_PT_737E_Security_Camera,100,25,20123,shared_oas,1.0,0.8732422799999999,0.6236482412060301,0.5344,1.0
Provision_PT_737E_Security_Camera,100,25,20123,local_oas,0.0,0.86871208,0.6708341708542713,0.576,1.0
Provision_PT_737E_Security_Camera,100,25,20123,peer_cov_fixed,1.0,0.9957028,0.8935175879396986,0.3042,1.0
Provision_PT_737E_Security_Camera,100,25,20123,risk_blend,0.013226013659275879,0.95292708,0.7503577889447237,0.5834,1.0
Provision_PT_737E_Security_Camera,100,25,20123,risk_blend_mismatch,0.003327856935288376,0.9004538,0.7043457286432161,0.5784,1.0
Provision_PT_737E_Security_Camera,100,25,20123,peer_cov_soft,1.0,0.8824495599999999,0.7052261306532663,0.3238,0.9998
Provision_PT_737E_Security_Camera,100,25,20123,risk_soft_cov,0.9899791399380105,0.88635652,0.7051819095477387,0.312,0.9998
Provision_PT_737E_Security_Camera,100,25,20123,risk_soft_cov_mismatch,0.012142401084742798,0.8698147600000001,0.6427256281407034,0.549,1.0
Provision_PT_737E_Security_Camera,100,26,32429,shared_oas,1.0,0.9993816400000001,0.9689266331658292,0.0022,0.7884
Provision_PT_737E_Security_Camera,100,26,32429,local_oas,0.0,0.9994660799999999,0.9731698492462311,0.0016,0.7864
Provision_PT_737E_Security_Camera,100,26,32429,peer_cov_fixed,1.0,0.99618656,0.8916100502512563,0.0212,1.0
Provision_PT_737E_Security_Camera,100,26,32429,risk_blend,0.7162272226294975,0.99658008,0.8920804020100501,0.0188,1.0
Provision_PT_737E_Security_Camera,100,26,32429,risk_blend_mismatch,0.24956804838548963,0.99755872,0.8922994974874372,0.0178,1.0
Provision_PT_737E_Security_Camera,100,26,32429,peer_cov_soft,1.0,0.99940636,0.9701688442211056,0.0202,1.0
Provision_PT_737E_Security_Camera,100,26,32429,risk_soft_cov,0.9997863119677541,0.9994063200000001,0.9701668341708543,0.0202,1.0
Provision_PT_737E_Security_Camera,100,26,32429,risk_soft_cov_mismatch,0.7534209108218641,0.9994962000000001,0.974683417085427,0.0196,1.0
Provision_PT_737E_Security_Camera,100,27,32802,shared_oas,1.0,0.87068196,0.6059597989949749,0.254,1.0
Provision_PT_737E_Security_Camera,100,27,32802,local_oas,0.0,0.8685652799999999,0.6362854271356784,0.2386,1.0
Provision_PT_737E_Security_Camera,100,27,32802,peer_cov_fixed,1.0,0.99578336,0.8957447236180904,0.2968,1.0
Provision_PT_737E_Security_Camera,100,27,32802,risk_blend,0.012719942732252262,0.95100956,0.747224120603015,0.2748,1.0
Provision_PT_737E_Security_Camera,100,27,32802,risk_blend_mismatch,0.003056859315922138,0.8989684,0.7049949748743719,0.2702,1.0
Provision_PT_737E_Security_Camera,100,27,32802,peer_cov_soft,1.0,0.8888370000000001,0.7056281407035176,0.301,0.9998
Provision_PT_737E_Security_Camera,100,27,32802,risk_soft_cov,0.9895793202748379,0.8905715999999999,0.7055819095477387,0.2784,0.9998
Provision_PT_737E_Security_Camera,100,27,32802,risk_soft_cov_mismatch,0.01128136578653756,0.8692118799999999,0.6167597989949749,0.2448,1.0
Provision_PT_737E_Security_Camera,100,28,14545,shared_oas,1.0,0.86630612,0.6105085427135678,0.3428,1.0
Provision_PT_737E_Security_Camera,100,28,14545,local_oas,0.0,0.8614173999999999,0.6150391959798995,0.3364,1.0
Provision_PT_737E_Security_Camera,100,28,14545,peer_cov_fixed,1.0,0.99631296,0.9027457286432161,0.3056,1.0
Provision_PT_737E_Security_Camera,100,28,14545,risk_blend,0.016710392961042188,0.9540301600000001,0.7307537688442212,0.3488,1.0
Provision_PT_737E_Security_Camera,100,28,14545,risk_blend_mismatch,0.004239785039253844,0.8962509200000001,0.7070793969849246,0.34,1.0
Provision_PT_737E_Security_Camera,100,28,14545,peer_cov_soft,1.0,0.88571888,0.7088442211055277,0.304,0.9998
Provision_PT_737E_Security_Camera,100,28,14545,risk_soft_cov,0.9920798819025766,0.88814704,0.70881608040201,0.2942,0.9998
Provision_PT_737E_Security_Camera,100,28,14545,risk_soft_cov_mismatch,0.015741674590598515,0.86209888,0.613851256281407,0.338,1.0
Provision_PT_737E_Security_Camera,100,29,14649,shared_oas,1.0,0.87268812,0.5996542713567838,0.408,1.0
Provision_PT_737E_Security_Camera,100,29,14649,local_oas,0.0,0.8719158400000001,0.6161105527638191,0.4454,1.0
Provision_PT_737E_Security_Camera,100,29,14649,peer_cov_fixed,1.0,0.9956016,0.8932964824120604,0.2956,1.0
Provision_PT_737E_Security_Camera,100,29,14649,risk_blend,0.012787093081853565,0.95119312,0.7273025125628141,0.4246,1.0
Provision_PT_737E_Security_Camera,100,29,14649,risk_blend_mismatch,0.003218164025488409,0.90369944,0.7056723618090452,0.4294,1.0
Provision_PT_737E_Security_Camera,100,29,14649,peer_cov_soft,1.0,0.8875657200000001,0.7073366834170854,0.3184,1.0
Provision_PT_737E_Security_Camera,100,29,14649,risk_soft_cov,0.9896341740875302,0.8898654400000001,0.7072824120603015,0.2892,1.0
Provision_PT_737E_Security_Camera,100,29,14649,risk_soft_cov_mismatch,0.011716952508403145,0.86722132,0.5999718592964824,0.391,1.0
Provision_PT_737E_Security_Camera,300,0,13336,shared_oas,1.0,0.9995736,0.9785728643216081,0.0,0.0
Provision_PT_737E_Security_Camera,300,0,13336,local_oas,0.0,0.99961716,0.9807618090452261,0.0,0.0
Provision_PT_737E_Security_Camera,300,0,13336,peer_cov_fixed,1.0,0.9957718400000001,0.8720603015075377,0.0278,1.0
Provision_PT_737E_Security_Camera,300,0,13336,risk_blend,0.6588336228405247,0.9962378,0.8603497487437186,0.0,0.0
Provision_PT_737E_Security_Camera,300,0,13336,risk_blend_mismatch,0.07146522726336095,0.99653612,0.8708180904522613,0.0,0.0
Provision_PT_737E_Security_Camera,300,0,13336,peer_cov_soft,1.0,0.99931152,0.965403015075377,0.0,0.0
Provision_PT_737E_Security_Camera,300,0,13336,risk_soft_cov,0.9989581776668781,0.9993112000000001,0.9653869346733668,0.0,0.0
Provision_PT_737E_Security_Camera,300,0,13336,risk_soft_cov_mismatch,0.6753814917893657,0.99925296,0.9624603015075377,0.0,0.0
Provision_PT_737E_Security_Camera,300,1,12823,shared_oas,1.0,0.999644,0.9821105527638191,0.0,0.0
Provision_PT_737E_Security_Camera,300,1,12823,local_oas,0.0,0.99969428,0.9846371859296483,0.0,0.0
Provision_PT_737E_Security_Camera,300,1,12823,peer_cov_fixed,1.0,0.99499588,0.8706713567839196,0.0388,1.0
Provision_PT_737E_Security_Camera,300,1,12823,risk_blend,0.5897001351345812,0.99573128,0.8694150753768843,0.0,0.0
Provision_PT_737E_Security_Camera,300,1,12823,risk_blend_mismatch,0.09569924608748794,0.99639668,0.8906150753768844,0.0,0.0
Provision_PT_737E_Security_Camera,300,1,12823,peer_cov_soft,1.0,0.9992666800000001,0.9631497487437186,0.0,0.0
Provision_PT_737E_Security_Camera,300,1,12823,risk_soft_cov,0.998619921055511,0.9992664800000001,0.9631396984924623,0.0,0.0
Provision_PT_737E_Security_Camera,300,1,12823,risk_soft_cov_mismatch,0.4456194705643256,0.99934344,0.9670070351758795,0.0,0.0
Provision_PT_737E_Security_Camera,300,2,32530,shared_oas,1.0,0.9986440400000001,0.9318613065326633,0.0,0.0
Provision_PT_737E_Security_Camera,300,2,32530,local_oas,0.0,0.99873836,0.9366010050251257,0.0,0.0
Provision_PT_737E_Security_Camera,300,2,32530,peer_cov_fixed,1.0,0.9950384,0.8612562814070351,0.0444,1.0
Provision_PT_737E_Security_Camera,300,2,32530,risk_blend,0.6607262553758936,0.99547064,0.8519155778894472,0.0,0.0
Provision_PT_737E_Security_Camera,300,2,32530,risk_blend_mismatch,0.07125797436446152,0.99630776,0.8779035175879397,0.0,0.0
Provision_PT_737E_Security_Camera,300,2,32530,peer_cov_soft,1.0,0.9990076,0.9501306532663317,0.0,0.0
Provision_PT_737E_Security_Camera,300,2,32530,risk_soft_cov,0.9989670246337513,0.9990075199999999,0.9501266331658291,0.0,0.0
Provision_PT_737E_Security_Camera,300,2,32530,risk_soft_cov_mismatch,0.6059094870403515,0.9989159200000001,0.9455236180904523,0.0,0.0
Provision_PT_737E_Security_Camera,300,3,29642,shared_oas,1.0,0.8373416,0.49748743718592964,0.299,1.0
Provision_PT_737E_Security_Camera,300,3,29642,local_oas,0.0,0.8379376399999999,0.49748743718592964,0.2846,1.0
Provision_PT_737E_Security_Camera,300,3,29642,peer_cov_fixed,1.0,0.9948044,0.8569889447236181,0.2478,1.0
Provision_PT_737E_Security_Camera,300,3,29642,risk_blend,0.005449055509503995,0.8889397600000001,0.6891537688442211,0.2896,1.0
Provision_PT_737E_Security_Camera,300,3,29642,risk_blend_mismatch,0.0013470885227266209,0.8601064,0.6591316582914573,0.2888,1.0
Provision_PT_737E_Security_Camera,300,3,29642,peer_cov_soft,1.0,0.87116904,0.7027899497487438,0.2726,0.7882
Provision_PT_737E_Security_Camera,300,3,29642,risk_soft_cov,0.9758357806686617,0.87784748,0.7008743718592965,0.2492,0.7882
Provision_PT_737E_Security_Camera,300,3,29642,risk_soft_cov_mismatch,0.005034461475786165,0.8385012800000001,0.49750150753768846,0.2876,1.0
Provision_PT_737E_Security_Camera,300,4,10391,shared_oas,1.0,0.99691952,0.855435175879397,0.0,0.0
Provision_PT_737E_Security_Camera,300,4,10391,local_oas,0.0,0.99810064,0.9046231155778894,0.0,0.0
Provision_PT_737E_Security_Camera,300,4,10391,peer_cov_fixed,1.0,0.9944174,0.8592542713567839,0.0094,0.7922
Provision_PT_737E_Security_Camera,300,4,10391,risk_blend,0.5413330205220006,0.99699544,0.8893587939698493,0.0,0.0
Provision_PT_737E_Security_Camera,300,4,10391,risk_blend_mismatch,0.09858177868886822,0.99893132,0.9462974874371859,0.0,0.0
Provision_PT_737E_Security_Camera,300,4,10391,peer_cov_soft,1.0,0.9973148,0.8812100502512563,0.0,0.0
Provision_PT_737E_Security_Camera,300,4,10391,risk_soft_cov,0.9996916550728084,0.99731476,0.881208040201005,0.0,0.0
Provision_PT_737E_Security_Camera,300,4,10391,risk_soft_cov_mismatch,0.1596381135852351,0.99914148,0.9568582914572865,0.0,0.0
Provision_PT_737E_Security_Camera,300,5,16856,shared_oas,1.0,0.99897684,0.9485849246231155,0.0,0.0
Provision_PT_737E_Security_Camera,300,5,16856,local_oas,0.0,0.99897876,0.9486814070351759,0.0,0.0
Provision_PT_737E_Security_Camera,300,5,16856,peer_cov_fixed,1.0,0.99452516,0.856705527638191,0.0178,0.7928
Provision_PT_737E_Security_Camera,300,5,16856,risk_blend,0.6596072954869108,0.99703944,0.8866291457286432,0.0,0.0
Provision_PT_737E_Security_Camera,300,5,16856,risk_blend_mismatch,0.07176618896327519,0.9983932,0.9192562814070352,0.0,0.0
Provision_PT_737E_Security_Camera,300,5,16856,peer_cov_soft,1.0,0.999133,0.95643216080402,0.0,0.0
Provision_PT_737E_Security_Camera,300,5,16856,risk_soft_cov,0.9989620814883047,0.999133,0.95643216080402,0.0,0.0
Provision_PT_737E_Security_Camera,300,5,16856,risk_soft_cov_mismatch,0.5947255753699406,0.999219,0.9607537688442211,0.0,0.0
Provision_PT_737E_Security_Camera,300,6,2725,shared_oas,1.0,0.9990679600000001,0.9531638190954774,0.0,0.0
Provision_PT_737E_Security_Camera,300,6,2725,local_oas,0.0,0.99901908,0.9507075376884422,0.0,0.0
Provision_PT_737E_Security_Camera,300,6,2725,peer_cov_fixed,1.0,0.9949798400000001,0.8690613065326633,0.036,1.0
Provision_PT_737E_Security_Camera,300,6,2725,risk_blend,0.6465601621072269,0.9957087600000001,0.8659557788944724,0.0,0.0
Provision_PT_737E_Security_Camera,300,6,2725,risk_blend_mismatch,0.07196494179797355,0.99633056,0.8725688442211055,0.0,0.0
Provision_PT_737E_Security_Camera,300,6,2725,peer_cov_soft,1.0,0.99850492,0.924870351758794,0.0,0.0
Provision_PT_737E_Security_Camera,300,6,2725,risk_soft_cov,0.998900244640439,0.99850484,0.9248663316582915,0.0,0.0
Provision_PT_737E_Security_Camera,300,6,2725,risk_soft_cov_mismatch,0.6645555819982282,0.99850164,0.924705527638191,0.0,0.0
Provision_PT_737E_Security_Camera,300,7,30959,shared_oas,1.0,0.8990421200000001,0.6853145728643215,0.0,0.2136
Provision_PT_737E_Security_Camera,300,7,30959,local_oas,0.0,0.8911352399999999,0.6834834170854271,0.0,0.2736
Provision_PT_737E_Security_Camera,300,7,30959,peer_cov_fixed,1.0,0.99492188,0.8627336683417086,0.0356,1.0
Provision_PT_737E_Security_Camera,300,7,30959,risk_blend,0.027105956218860267,0.97235436,0.7010070351758795,0.0018,0.376
Provision_PT_737E_Security_Camera,300,7,30959,risk_blend_mismatch,0.007852114859576109,0.93811212,0.7021427135678392,0.0,0.3564
Provision_PT_737E_Security_Camera,300,7,30959,peer_cov_soft,1.0,0.8817965200000001,0.7078231155778895,0.1856,0.71
Provision_PT_737E_Security_Camera,300,7,30959,risk_soft_cov,0.995154109203237,0.8882119999999999,0.7077809045226131,0.1732,0.7052
Provision_PT_737E_Security_Camera,300,7,30959,risk_soft_cov_mismatch,0.022973936811437917,0.88262276,0.6821668341708542,0.0,0.253
Provision_PT_737E_Security_Camera,300,8,35621,shared_oas,1.0,0.99901664,0.9505849246231155,0.0,0.0
Provision_PT_737E_Security_Camera,300,8,35621,local_oas,0.0,0.9989205200000001,0.9457547738693468,0.0,0.0
Provision_PT_737E_Security_Camera,300,8,35621,peer_cov_fixed,1.0,0.9945808,0.8618814070351759,0.0366,0.9998
Provision_PT_737E_Security_Camera,300,8,35621,risk_blend,0.6614485176682876,0.99533492,0.8459959798994975,0.0,0.0
Provision_PT_737E_Security_Camera,300,8,35621,risk_blend_mismatch,0.07106615342012294,0.99665548,0.8855075376884423,0.0,0.0
Provision_PT_737E_Security_Camera,300,8,35621,peer_cov_soft,1.0,0.9992978800000001,0.9647718592964825,0.0,0.0
Provision_PT_737E_Security_Camera,300,8,35621,risk_soft_cov,0.9989703417686331,0.9992978800000001,0.9647718592964825,0.0,0.0
Provision_PT_737E_Security_Camera,300,8,35621,risk_soft_cov_mismatch,0.6101616218022294,0.99927792,0.9637768844221105,0.0,0.0
Provision_PT_737E_Security_Camera,300,9,10026,shared_oas,1.0,0.8566303200000001,0.6023396984924623,0.2806,1.0
Provision_PT_737E_Security_Camera,300,9,10026,local_oas,0.0,0.8589769599999999,0.6095477386934673,0.2626,1.0
Provision_PT_737E_Security_Camera,300,9,10026,peer_cov_fixed,1.0,0.9950259199999999,0.8686914572864322,0.2398,1.0
Provision_PT_737E_Security_Camera,300,9,10026,risk_blend,0.004804829162770125,0.8779682000000002,0.7021969849246231,0.2596,1.0
Provision_PT_737E_Security_Camera,300,9,10026,risk_blend_mismatch,0.001179264874702136,0.86679544,0.690964824120603,0.2618,1.0
Provision_PT_737E_Security_Camera,300,9,10026,peer_cov_soft,1.0,0.88128532,0.7078934673366835,0.2704,0.8054
Provision_PT_737E_Security_Camera,300,9,10026,risk_soft_cov,0.9726671580474286,0.87753556,0.7030633165829145,0.249,0.8054
Provision_PT_737E_Security_Camera,300,9,10026,risk_soft_cov_mismatch,0.004397325745239307,0.8593222,0.6054572864321608,0.2594,1.0
Provision_PT_737E_Security_Camera,300,10,20332,shared_oas,1.0,0.99837124,0.9184261306532664,0.0,0.0
Provision_PT_737E_Security_Camera,300,10,20332,local_oas,0.0,0.9987518400000001,0.9377788944723617,0.0,0.0
Provision_PT_737E_Security_Camera,300,10,20332,peer_cov_fixed,1.0,0.99458136,0.8517949748743718,0.059,1.0
Provision_PT_737E_Security_Camera,300,10,20332,risk_blend,0.5688352198052474,0.99400512,0.8217246231155779,0.0,0.0
Provision_PT_737E_Security_Camera,300,10,20332,risk_blend_mismatch,0.1096469710885835,0.99279596,0.7978070351758795,0.0,0.0
Provision_PT_737E_Security_Camera,300,10,20332,peer_cov_soft,1.0,0.99924936,0.9622793969849247,0.0,0.0
Provision_PT_737E_Security_Camera,300,10,20332,risk_soft_cov,0.9985882363728967,0.99924936,0.9622793969849247,0.0,0.0
Provision_PT_737E_Security_Camera,300,10,20332,risk_soft_cov_mismatch,0.28790923375807276,0.9992924,0.9644422110552764,0.0,0.0
Provision_PT_737E_Security_Camera,300,11,16838,shared_oas,1.0,0.9994225999999999,0.9709849246231155,0.0,0.0
Provision_PT_737E_Security_Camera,300,11,16838,local_oas,0.0,0.99955272,0.9775236180904523,0.0,0.0
Provision_PT_737E_Security_Camera,300,11,16838,peer_cov_fixed,1.0,0.9952006,0.8720763819095478,0.0462,1.0
Provision_PT_737E_Security_Camera,300,11,16838,risk_blend,0.6473799087651199,0.9961812000000001,0.8814713567839196,0.0,0.0
Provision_PT_737E_Security_Camera,300,11,16838,risk_blend_mismatch,0.08159946154404248,0.99761568,0.8920864321608041,0.0,0.0
Provision_PT_737E_Security_Camera,300,11,16838,peer_cov_soft,1.0,0.9993584,0.9677587939698492,0.0,0.0
Provision_PT_737E_Security_Camera,300,11,16838,risk_soft_cov,0.9989077709873574,0.99935816,0.9677467336683417,0.0,0.0
Provision_PT_737E_Security_Camera,300,11,16838,risk_soft_cov_mismatch,0.6310542181729663,0.99923464,0.9615396984924623,0.0,0.0
Provision_PT_737E_Security_Camera,300,12,1733,shared_oas,1.0,0.9990156,0.9505326633165829,0.0462,1.0
Provision_PT_737E_Security_Camera,300,12,1733,local_oas,0.0,0.999085,0.9540201005025125,0.0338,1.0
Provision_PT_737E_Security_Camera,300,12,1733,peer_cov_fixed,1.0,0.99509192,0.8609829145728642,0.0244,1.0
Provision_PT_737E_Security_Camera,300,12,1733,risk_blend,0.6415926399745809,0.99566576,0.8545849246231156,0.0232,1.0
Provision_PT_737E_Security_Camera,300,12,1733,risk_blend_mismatch,0.05967178749082207,0.9970456,0.8762894472361809,0.0288,1.0
Provision_PT_737E_Security_Camera,300,12,1733,peer_cov_soft,1.0,0.9991264799999999,0.9561045226130653,0.001,0.7954
Provision_PT_737E_Security_Camera,300,12,1733,risk_soft_cov,0.9988744938118606,0.9991260799999999,0.9560844221105529,0.001,0.7954
Provision_PT_737E_Security_Camera,300,12,1733,risk_soft_cov_mismatch,0.5952835727231576,0.99911832,0.955694472361809,0.0142,1.0
Provision_PT_737E_Security_Camera,300,13,40471,shared_oas,1.0,0.84978788,0.5530854271356784,0.2746,1.0
Provision_PT_737E_Security_Camera,300,13,40471,local_oas,0.0,0.8496592400000001,0.5645507537688442,0.2648,1.0
Provision_PT_737E_Security_Camera,300,13,40471,peer_cov_fixed,1.0,0.99436276,0.8652120603015075,0.1956,1.0
Provision_PT_737E_Security_Camera,300,13,40471,risk_blend,0.006720264758076216,0.8833753599999999,0.6849909547738693,0.2662,1.0
Provision_PT_737E_Security_Camera,300,13,40471,risk_blend_mismatch,0.0017005287430068984,0.8623482800000001,0.6718170854271357,0.2652,1.0
Provision_PT_737E_Security_Camera,300,13,40471,peer_cov_soft,1.0,0.8799918400000001,0.7071618090452262,0.2562,0.8008
Provision_PT_737E_Security_Camera,300,13,40471,risk_soft_cov,0.9803413921036489,0.88498484,0.7058391959798995,0.2446,0.8008
Provision_PT_737E_Security_Camera,300,13,40471,risk_soft_cov_mismatch,0.006296667647636073,0.8504509600000001,0.5719276381909548,0.2692,1.0
Provision_PT_737E_Security_Camera,300,14,13494,shared_oas,1.0,0.99774444,0.8866552763819096,0.0,0.0
Provision_PT_737E_Security_Camera,300,14,13494,local_oas,0.0,0.9976226,0.8805326633165829,0.0,0.0
Provision_PT_737E_Security_Camera,300,14,13494,peer_cov_fixed,1.0,0.99384976,0.8577869346733669,0.0366,1.0
Provision_PT_737E_Security_Camera,300,14,13494,risk_blend,0.6478262832333829,0.99429832,0.8362814070351758,0.0,0.0
Provision_PT_737E_Security_Camera,300,14,13494,risk_blend_mismatch,0.06895661297770146,0.9941374799999999,0.8168321608040201,0.0,0.0
Provision_PT_737E_Security_Camera,300,14,13494,peer_cov_soft,1.0,0.99871116,0.9352341708542713,0.0,0.0
Provision_PT_737E_Security_Camera,300,14,13494,risk_soft_cov,0.9989059498543903,0.99871108,0.9352301507537688,0.0,0.0
Provision_PT_737E_Security_Camera,300,14,13494,risk_soft_cov_mismatch,0.5743747186339604,0.998672,0.9332663316582914,0.0,0.0
Provision_PT_737E_Security_Camera,300,15,12531,shared_oas,1.0,0.9985714800000001,0.9282150753768843,0.0012,0.2208
Provision_PT_737E_Security_Camera,300,15,12531,local_oas,0.0,0.9984714,0.9231859296482412,0.0012,0.111
Provision_PT_737E_Security_Camera,300,15,12531,peer_cov_fixed,1.0,0.99478288,0.8585688442211055,0.0466,1.0
Provision_PT_737E_Security_Camera,300,15,12531,risk_blend,0.635780136049617,0.9955111600000001,0.8507778894472362,0.024,1.0
Provision_PT_737E_Security_Camera,300,15,12531,risk_blend_mismatch,0.05882757731418118,0.99733476,0.8781427135678392,0.022,1.0
Provision_PT_737E_Security_Camera,300,15,12531,peer_cov_soft,1.0,0.99952388,0.9760743718592965,0.0488,1.0
Provision_PT_737E_Security_Camera,300,15,12531,risk_soft_cov,0.998845806971248,0.9995238,0.976070351758794,0.0488,1.0
Provision_PT_737E_Security_Camera,300,15,12531,risk_soft_cov_mismatch,0.5088732097967426,0.99946112,0.9729246231155779,0.0582,1.0
Provision_PT_737E_Security_Camera,300,16,6452,shared_oas,1.0,0.8519284800000002,0.594972864321608,0.2554,1.0
Provision_PT_737E_Security_Camera,300,16,6452,local_oas,0.0,0.8534654799999999,0.6007376884422111,0.2414,1.0
Provision_PT_737E_Security_Camera,300,16,6452,peer_cov_fixed,1.0,0.9945892399999999,0.8546311557788944,0.1358,1.0
Provision_PT_737E_Security_Camera,300,16,6452,risk_blend,0.0075851073829942385,0.8727334400000001,0.6982753768844221,0.2392,1.0
Provision_PT_737E_Security_Camera,300,16,6452,risk_blend_mismatch,0.0019056246860599776,0.86316868,0.6868381909547738,0.24,1.0
Provision_PT_737E_Security_Camera,300,16,6452,peer_cov_soft,1.0,0.87530172,0.7037366834170855,0.252,0.799
Provision_PT_737E_Security_Camera,300,16,6452,risk_soft_cov,0.9825586439168448,0.8690215199999999,0.6989286432160804,0.2352,0.7992
Provision_PT_737E_Security_Camera,300,16,6452,risk_soft_cov_mismatch,0.0070940484161183615,0.8551371600000001,0.5990391959798995,0.2406,1.0
Provision_PT_737E_Security_Camera,300,17,29313,shared_oas,1.0,0.99809688,0.9043658291457286,0.0,0.0
Provision_PT_737E_Security_Camera,300,17,29313,local_oas,0.0,0.99823504,0.9113085427135679,0.0,0.0
Provision_PT_737E_Security_Camera,300,17,29313,peer_cov_fixed,1.0,0.9954351600000001,0.8764361809045227,0.012,0.8006
Provision_PT_737E_Security_Camera,300,17,29313,risk_blend,0.6055680097910707,0.99919688,0.9596422110552765,0.0,0.0
Provision_PT_737E_Security_Camera,300,17,29313,risk_blend_mismatch,0.06938338119339724,0.99932828,0.9662452261306533,0.0,0.0
Provision_PT_737E_Security_Camera,300,17,29313,peer_cov_soft,1.0,0.9990629599999999,0.9529185929648242,0.0,0.0
Provision_PT_737E_Security_Camera,300,17,29313,risk_soft_cov,0.9986892610500815,0.99906296,0.9529165829145729,0.0,0.0
Provision_PT_737E_Security_Camera,300,17,29313,risk_soft_cov_mismatch,0.5333096050517966,0.9990030799999999,0.9499035175879397,0.0,0.0
Provision_PT_737E_Security_Camera,300,18,29511,shared_oas,1.0,0.99923396,0.961505527638191,0.0,0.0
Provision_PT_737E_Security_Camera,300,18,29511,local_oas,0.0,0.9991895599999999,0.9592743718592965,0.0,0.0
Provision_PT_737E_Security_Camera,300,18,29511,peer_cov_fixed,1.0,0.9951365600000001,0.8759517587939698,0.0142,0.8046
Provision_PT_737E_Security_Camera,300,18,29511,risk_blend,0.591394776530834,0.99949272,0.9745085427135678,0.0,0.0
Provision_PT_737E_Security_Camera,300,18,29511,risk_blend_mismatch,0.06872005174797419,0.99964392,0.9821065326633166,0.0,0.0
Provision_PT_737E_Security_Camera,300,18,29511,peer_cov_soft,1.0,0.99945616,0.9726713567839196,0.0,0.0
Provision_PT_737E_Security_Camera,300,18,29511,risk_soft_cov,0.9986096392053998,0.99945624,0.9726753768844222,0.0,0.0
Provision_PT_737E_Security_Camera,300,18,29511,risk_soft_cov_mismatch,0.4694215062211041,0.9996048000000001,0.980140703517588,0.0,0.0
Provision_PT_737E_Security_Camera,300,19,40457,shared_oas,1.0,0.84574124,0.49748743718592964,0.268,1.0
Provision_PT_737E_Security_Camera,300,19,40457,local_oas,0.0,0.8447368000000001,0.49748743718592964,0.2568,1.0
Provision_PT_737E_Security_Camera,300,19,40457,peer_cov_fixed,1.0,0.99484988,0.8575115577889447,0.2106,1.0
Provision_PT_737E_Security_Camera,300,19,40457,risk_blend,0.006745909962440833,0.9040899999999998,0.6861266331658291,0.2614,1.0
Provision_PT_737E_Security_Camera,300,19,40457,risk_blend_mismatch,0.0016753955419686862,0.86863944,0.6372824120603016,0.2584,1.0
Provision_PT_737E_Security_Camera,300,19,40457,peer_cov_soft,1.0,0.8820752800000001,0.7049788944723618,0.2476,0.7978
Provision_PT_737E_Security_Camera,300,19,40457,risk_soft_cov,0.9804151582042436,0.8843212800000001,0.7039497487437186,0.2364,0.7978
Provision_PT_737E_Security_Camera,300,19,40457,risk_soft_cov_mismatch,0.006272036083971112,0.8472626799999999,0.49749547738693467,0.26,1.0
Provision_PT_737E_Security_Camera,300,20,34988,shared_oas,1.0,0.99842056,0.9206311557788944,0.0,0.0
Provision_PT_737E_Security_Camera,300,20,34988,local_oas,0.0,0.9983221600000001,0.915686432160804,0.0,0.0
Provision_PT_737E_Security_Camera,300,20,34988,peer_cov_fixed,1.0,0.99419664,0.8572160804020101,0.0488,1.0
Provision_PT_737E_Security_Camera,300,20,34988,risk_blend,0.6735736949821739,0.99506352,0.8481788944723618,0.0,0.0
Provision_PT_737E_Security_Camera,300,20,34988,risk_blend_mismatch,0.07070963777732432,0.9963088,0.8640884422110553,0.0,0.0
Provision_PT_737E_Security_Camera,300,20,34988,peer_cov_soft,1.0,0.9988070800000001,0.9400542713567839,0.0,0.0
Provision_PT_737E_Security_Camera,300,20,34988,risk_soft_cov,0.9990253496910402,0.9988066,0.940030150753769,0.0,0.0
Provision_PT_737E_Security_Camera,300,20,34988,risk_soft_cov_mismatch,0.5586766994207233,0.99863016,0.9311638190954774,0.0,0.0
Provision_PT_737E_Security_Camera,300,21,40891,shared_oas,1.0,0.8492802,0.5779839195979899,0.292,1.0
Provision_PT_737E_Security_Camera,300,21,40891,local_oas,0.0,0.8513012,0.5901427135678392,0.2824,1.0
Provision_PT_737E_Security_Camera,300,21,40891,peer_cov_fixed,1.0,0.99423772,0.8493507537688443,0.1926,1.0
Provision_PT_737E_Security_Camera,300,21,40891,risk_blend,0.006421556548933172,0.89836112,0.6910693467336684,0.2808,1.0
Provision_PT_737E_Security_Camera,300,21,40891,risk_blend_mismatch,0.001586803766758605,0.8646646800000001,0.6782170854271357,0.2836,1.0
Provision_PT_737E_Security_Camera,300,21,40891,peer_cov_soft,1.0,0.87707104,0.705105527638191,0.2544,0.799
Provision_PT_737E_Security_Camera,300,21,40891,risk_soft_cov,0.9794396845066291,0.8788608,0.7032723618090453,0.2412,0.799
Provision_PT_737E_Security_Camera,300,21,40891,risk_soft_cov_mismatch,0.005815602660399986,0.8508812400000001,0.5845849246231156,0.2828,1.0
Provision_PT_737E_Security_Camera,300,22,11546,shared_oas,1.0,0.99917364,0.9584743718592965,0.0,0.0
Provision_PT_737E_Security_Camera,300,22,11546,local_oas,0.0,0.99916624,0.9581025125628141,0.0,0.0
Provision_PT_737E_Security_Camera,300,22,11546,peer_cov_fixed,1.0,0.99587228,0.873678391959799,0.0418,1.0
Provision_PT_737E_Security_Camera,300,22,11546,risk_blend,0.666271663694171,0.9963902,0.870062311557789,0.0,0.0
Provision_PT_737E_Security_Camera,300,22,11546,risk_blend_mismatch,0.07177218063735571,0.99684544,0.8827718592964824,0.0,0.0
Provision_PT_737E_Security_Camera,300,22,11546,peer_cov_soft,1.0,0.99918616,0.9591557788944725,0.0,0.0
Provision_PT_737E_Security_Camera,300,22,11546,risk_soft_cov,0.9989924967888155,0.99918608,0.9591517587939699,0.0,0.0
Provision_PT_737E_Security_Camera,300,22,11546,risk_soft_cov_mismatch,0.6403286887287489,0.99914888,0.9572964824120603,0.0,0.0
Provision_PT_737E_Security_Camera,300,23,30353,shared_oas,1.0,0.99844528,0.9218733668341708,0.0,0.0
Provision_PT_737E_Security_Camera,300,23,30353,local_oas,0.0,0.9983988,0.9195376884422111,0.0,0.0
Provision_PT_737E_Security_Camera,300,23,30353,peer_cov_fixed,1.0,0.99511916,0.8688824120603015,0.0334,1.0
Provision_PT_737E_Security_Camera,300,23,30353,risk_blend,0.6588871815699575,0.99603944,0.8695658291457287,0.0,0.0
Provision_PT_737E_Security_Camera,300,23,30353,risk_blend_mismatch,0.07178906513908105,0.99708244,0.8823738693467338,0.0,0.0
Provision_PT_737E_Security_Camera,300,23,30353,peer_cov_soft,1.0,0.9993024,0.9649447236180905,0.0,0.0
Provision_PT_737E_Security_Camera,300,23,30353,risk_soft_cov,0.9989586288924794,0.9993024,0.9649447236180905,0.0,0.0
Provision_PT_737E_Security_Camera,300,23,30353,risk_soft_cov_mismatch,0.6271223291985848,0.99940884,0.9702934673366834,0.0,0.0
Provision_PT_737E_Security_Camera,300,24,3801,shared_oas,1.0,0.85114628,0.5704361809045226,0.2584,1.0
Provision_PT_737E_Security_Camera,300,24,3801,local_oas,0.0,0.85491984,0.593764824120603,0.2532,1.0
Provision_PT_737E_Security_Camera,300,24,3801,peer_cov_fixed,1.0,0.9954502799999999,0.8618974874371859,0.1542,1.0
Provision_PT_737E_Security_Camera,300,24,3801,risk_blend,0.006213432947683144,0.89257276,0.6958271356783919,0.2484,1.0
Provision_PT_737E_Security_Camera,300,24,3801,risk_blend_mismatch,0.001543177216343589,0.86662108,0.6800562814070352,0.25,1.0
Provision_PT_737E_Security_Camera,300,24,3801,peer_cov_soft,1.0,0.8787835199999998,0.7040904522613065,0.2512,0.7978
Provision_PT_737E_Security_Camera,300,24,3801,risk_soft_cov,0.9787612715923573,0.8778284000000001,0.7017286432160804,0.2366,0.798
Provision_PT_737E_Security_Camera,300,24,3801,risk_soft_cov_mismatch,0.005785702468480747,0.8542060399999999,0.5885949748743718,0.2442,1.0
Provision_PT_737E_Security_Camera,300,25,21468,shared_oas,1.0,0.99915256,0.9574150753768844,0.0088,1.0
Provision_PT_737E_Security_Camera,300,25,21468,local_oas,0.0,0.99917088,0.9583356783919598,0.0066,1.0
Provision_PT_737E_Security_Camera,300,25,21468,peer_cov_fixed,1.0,0.9959243600000001,0.8898733668341708,0.006,0.7982
Provision_PT_737E_Security_Camera,300,25,21468,risk_blend,0.6079468711285564,0.9993768,0.9686834170854272,0.0088,1.0
Provision_PT_737E_Security_Camera,300,25,21468,risk_blend_mismatch,0.0706156968810582,0.9994809600000001,0.9739175879396985,0.0018,0.7996
Provision_PT_737E_Security_Camera,300,25,21468,peer_cov_soft,1.0,0.9989897600000001,0.9492341708542713,0.0004,0.2126
Provision_PT_737E_Security_Camera,300,25,21468,risk_soft_cov,0.9987190233437767,0.9989903600000001,0.9492643216080401,0.0006,0.2174
Provision_PT_737E_Security_Camera,300,25,21468,risk_soft_cov_mismatch,0.17490691361058772,0.9991667599999999,0.9581286432160804,0.0054,1.0
Provision_PT_737E_Security_Camera,300,26,5067,shared_oas,1.0,0.98925896,0.7056482412060301,0.0,0.0
Provision_PT_737E_Security_Camera,300,26,5067,local_oas,0.0,0.98851628,0.7009929648241207,0.0,0.0
Provision_PT_737E_Security_Camera,300,26,5067,peer_cov_fixed,1.0,0.99447064,0.8581045226130654,0.0692,1.0
Provision_PT_737E_Security_Camera,300,26,5067,risk_blend,0.3662557080554971,0.9928348399999999,0.7789165829145729,0.0,0.0
Provision_PT_737E_Security_Camera,300,26,5067,risk_blend_mismatch,0.12601788822898902,0.9915155999999999,0.7382211055276382,0.0,0.0
Provision_PT_737E_Security_Camera,300,26,5067,peer_cov_soft,1.0,0.93801976,0.7148723618090452,0.0,0.0
Provision_PT_737E_Security_Camera,300,26,5067,risk_soft_cov,0.999798056329292,0.9382706,0.7151819095477387,0.0,0.0
Provision_PT_737E_Security_Camera,300,26,5067,risk_soft_cov_mismatch,0.09295450677744063,0.97921,0.6906613065326633,0.0,0.0
Provision_PT_737E_Security_Camera,300,27,11458,shared_oas,1.0,0.99941104,0.9704040201005024,0.0,0.0
Provision_PT_737E_Security_Camera,300,27,11458,local_oas,0.0,0.99950384,0.975067336683417,0.0,0.0
Provision_PT_737E_Security_Camera,300,27,11458,peer_cov_fixed,1.0,0.99434552,0.8590331658291458,0.0388,1.0
Provision_PT_737E_Security_Camera,300,27,11458,risk_blend,0.543187885666093,0.99526832,0.8500904522613065,0.0,0.0
Provision_PT_737E_Security_Camera,300,27,11458,risk_blend_mismatch,0.10700338517645097,0.99554328,0.8594211055276382,0.0,0.0
Provision_PT_737E_Security_Camera,300,27,11458,peer_cov_soft,1.0,0.9987444799999999,0.9369869346733668,0.0,0.0
Provision_PT_737E_Security_Camera,300,27,11458,risk_soft_cov,0.9983908040602156,0.99874412,0.9369688442211055,0.0,0.0
Provision_PT_737E_Security_Camera,300,27,11458,risk_soft_cov_mismatch,0.29035418525228934,0.99881264,0.9404402010050252,0.0,0.0
Provision_PT_737E_Security_Camera,300,28,40478,shared_oas,1.0,0.91848476,0.6972221105527638,0.0,0.0
Provision_PT_737E_Security_Camera,300,28,40478,local_oas,0.0,0.9129893200000001,0.6860422110552764,0.0,0.1888
Provision_PT_737E_Security_Camera,300,28,40478,peer_cov_fixed,1.0,0.9946606000000001,0.8537829145728644,0.0412,0.9998
Provision_PT_737E_Security_Camera,300,28,40478,risk_blend,0.03926909433858808,0.9899110400000001,0.7199758793969849,0.0,0.3558
Provision_PT_737E_Security_Camera,300,28,40478,risk_blend_mismatch,0.01191281544525225,0.96623164,0.6983859296482412,0.0,0.1978
Provision_PT_737E_Security_Camera,300,28,40478,peer_cov_soft,1.0,0.87705596,0.7024180904522613,0.1824,0.6804
Provision_PT_737E_Security_Camera,300,28,40478,risk_soft_cov,0.9966967929646107,0.88491784,0.7025045226130653,0.17,0.6822
Provision_PT_737E_Security_Camera,300,28,40478,risk_soft_cov_mismatch,0.03189975437549147,0.9038500800000001,0.6849346733668341,0.0,0.174
Provision_PT_737E_Security_Camera,300,29,29004,shared_oas,1.0,0.9988015600000001,0.9397768844221106,0.0012,0.4518
Provision_PT_737E_Security_Camera,300,29,29004,local_oas,0.0,0.99869072,0.9342070351758794,0.001,0.149
Provision_PT_737E_Security_Camera,300,29,29004,peer_cov_fixed,1.0,0.99473952,0.862808040201005,0.0352,0.9998
Provision_PT_737E_Security_Camera,300,29,29004,risk_blend,0.6499848362304396,0.9951013200000001,0.8448060301507538,0.0214,1.0
Provision_PT_737E_Security_Camera,300,29,29004,risk_blend_mismatch,0.06982064253122061,0.99823288,0.911310552763819,0.022,1.0
Provision_PT_737E_Security_Camera,300,29,29004,peer_cov_soft,1.0,0.9991395599999999,0.9568201005025125,0.0378,1.0
Provision_PT_737E_Security_Camera,300,29,29004,risk_soft_cov,0.9989163026854584,0.9991395599999999,0.9568201005025125,0.0378,1.0
Provision_PT_737E_Security_Camera,300,29,29004,risk_soft_cov_mismatch,0.6078144738643911,0.99910268,0.9549748743718594,0.0278,1.0
Provision_PT_737E_Security_Camera,1000,0,8977,shared_oas,1.0,0.99532896,0.8334934673366834,0.0644,1.0
Provision_PT_737E_Security_Camera,1000,0,8977,local_oas,0.0,0.9952752,0.8309386934673367,0.0652,1.0
Provision_PT_737E_Security_Camera,1000,0,8977,peer_cov_fixed,1.0,0.9924776,0.7822753768844221,0.0292,1.0
Provision_PT_737E_Security_Camera,1000,0,8977,risk_blend,0.3780087476339372,0.9894540399999999,0.5822733668341709,0.0344,1.0
Provision_PT_737E_Security_Camera,1000,0,8977,risk_blend_mismatch,0.028216529938356997,0.98885728,0.5899376884422111,0.0534,1.0
Provision_PT_737E_Security_Camera,1000,0,8977,peer_cov_soft,1.0,0.99890888,0.9451698492462313,0.0318,1.0
Provision_PT_737E_Security_Camera,1000,0,8977,risk_soft_cov,0.9966907840877554,0.99890852,0.9451517587939698,0.0322,1.0
Provision_PT_737E_Security_Camera,1000,0,8977,risk_soft_cov_mismatch,0.2387875387339291,0.99766784,0.8828060301507538,0.0412,1.0
Provision_PT_737E_Security_Camera,1000,1,32936,shared_oas,1.0,0.99842696,0.9209527638190955,0.0832,1.0
Provision_PT_737E_Security_Camera,1000,1,32936,local_oas,0.0,0.99840124,0.9196603015075377,0.083,1.0
Provision_PT_737E_Security_Camera,1000,1,32936,peer_cov_fixed,1.0,0.99183464,0.8056080402010051,0.0338,1.0
Provision_PT_737E_Security_Camera,1000,1,32936,risk_blend,0.374563481452765,0.99008264,0.6389185929648241,0.039,1.0
Provision_PT_737E_Security_Camera,1000,1,32936,risk_blend_mismatch,0.030556871712393786,0.99024972,0.6885748743718593,0.0672,1.0
Provision_PT_737E_Security_Camera,1000,1,32936,peer_cov_soft,1.0,0.99905164,0.9523437185929648,0.034,1.0
Provision_PT_737E_Security_Camera,1000,1,32936,risk_soft_cov,0.9966420113654789,0.99905124,0.9523236180904523,0.034,1.0
Provision_PT_737E_Security_Camera,1000,1,32936,risk_soft_cov_mismatch,0.2150081194598128,0.9988145599999999,0.9404361809045226,0.0496,1.0
Provision_PT_737E_Security_Camera,1000,2,32669,shared_oas,1.0,0.99842528,0.9208683417085427,0.0922,1.0
Provision_PT_737E_Security_Camera,1000,2,32669,local_oas,0.0,0.99855,0.9271356783919598,0.0914,1.0
Provision_PT_737E_Security_Camera,1000,2,32669,peer_cov_fixed,1.0,0.99178768,0.7761507537688442,0.0416,1.0
Provision_PT_737E_Security_Camera,1000,2,32669,risk_blend,0.33037989235556137,0.9886508399999999,0.5636824120603015,0.0418,1.0
Provision_PT_737E_Security_Camera,1000,2,32669,risk_blend_mismatch,0.03560069256576981,0.9886476,0.6348341708542713,0.0702,1.0
Provision_PT_737E_Security_Camera,1000,2,32669,peer_cov_soft,1.0,0.99873448,0.9364120603015076,0.0332,1.0
Provision_PT_737E_Security_Camera,1000,2,32669,risk_soft_cov,0.995926907408528,0.99873408,0.936391959798995,0.0336,1.0
Provision_PT_737E_Security_Camera,1000,2,32669,risk_soft_cov_mismatch,0.13015609787531218,0.99799048,0.8991015075376885,0.072,1.0
Provision_PT_737E_Security_Camera,1000,3,39977,shared_oas,1.0,0.9897465999999999,0.6725105527638191,0.0126,0.4936
Provision_PT_737E_Security_Camera,1000,3,39977,local_oas,0.0,0.9913620799999999,0.7166572864321608,0.0134,0.6292
Provision_PT_737E_Security_Camera,1000,3,39977,peer_cov_fixed,1.0,0.99225336,0.787529648241206,0.0294,1.0
Provision_PT_737E_Security_Camera,1000,3,39977,risk_blend,0.3464379910007115,0.98800984,0.5856201005025126,0.0204,0.7954
Provision_PT_737E_Security_Camera,1000,3,39977,risk_blend_mismatch,0.037017085790274414,0.98598956,0.5742130653266332,0.018,0.7924
Provision_PT_737E_Security_Camera,1000,3,39977,peer_cov_soft,1.0,0.99819404,0.9092482412060301,0.0216,1.0
Provision_PT_737E_Security_Camera,1000,3,39977,risk_soft_cov,0.9962077839929556,0.9981924400000001,0.9091678391959799,0.0212,1.0
Provision_PT_737E_Security_Camera,1000,3,39977,risk_soft_cov_mismatch,0.14994572691223057,0.99412292,0.7955798994974874,0.0188,0.9998
Provision_PT_737E_Security_Camera,1000,4,3352,shared_oas,1.0,0.98595392,0.674132663316583,0.0648,1.0
Provision_PT_737E_Security_Camera,1000,4,3352,local_oas,0.0,0.98633812,0.6610814070351758,0.0648,1.0
Provision_PT_737E_Security_Camera,1000,4,3352,peer_cov_fixed,1.0,0.99259068,0.7831577889447237,0.0318,1.0
Provision_PT_737E_Security_Camera,1000,4,3352,risk_blend,0.3341046668104301,0.98938512,0.5938592964824121,0.0396,1.0
Provision_PT_737E_Security_Camera,1000,4,3352,risk_blend_mismatch,0.03586089933016407,0.98648032,0.5585547738693467,0.0542,1.0
Provision_PT_737E_Security_Camera,1000,4,3352,peer_cov_soft,1.0,0.9987794,0.9386633165829146,0.0318,1.0
Provision_PT_737E_Security_Camera,1000,4,3352,risk_soft_cov,0.9959944477643161,0.99877864,0.9386251256281407,0.0318,1.0
Provision_PT_737E_Security_Camera,1000,4,3352,risk_soft_cov_mismatch,0.15038381010231885,0.99528392,0.8360221105527638,0.0474,1.0
Provision_PT_737E_Security_Camera,1000,5,16404,shared_oas,1.0,0.99868192,0.9337648241206029,0.0196,1.0
Provision_PT_737E_Security_Camera,1000,5,16404,local_oas,0.0,0.9984937199999999,0.9243075376884422,0.0222,1.0
Provision_PT_737E_Security_Camera,1000,5,16404,peer_cov_fixed,1.0,0.99307428,0.8239517587939698,0.0042,0.658
Provision_PT_737E_Security_Camera,1000,5,16404,risk_blend,0.29151787738906604,0.9991481999999999,0.9571959798994976,0.0022,0.8026
Provision_PT_737E_Security_Camera,1000,5,16404,risk_blend_mismatch,0.04044236449651197,0.9989908000000001,0.949286432160804,0.0032,0.9998
Provision_PT_737E_Security_Camera,1000,5,16404,peer_cov_soft,1.0,0.9988496,0.9421909547738694,0.006,0.9998
Provision_PT_737E_Security_Camera,1000,5,16404,risk_soft_cov,0.9951204030769808,0.9988496,0.9421909547738694,0.0058,0.9998
Provision_PT_737E_Security_Camera,1000,5,16404,risk_soft_cov_mismatch,0.07185174468432572,0.9990082,0.9501608040201006,0.0104,1.0
Provision_PT_737E_Security_Camera,1000,6,33738,shared_oas,1.0,0.99834756,0.9169628140703519,0.0378,1.0
Provision_PT_737E_Security_Camera,1000,6,33738,local_oas,0.0,0.99793944,0.896454271356784,0.0404,1.0
Provision_PT_737E_Security_Camera,1000,6,33738,peer_cov_fixed,1.0,0.9919578800000001,0.7889608040201005,0.0294,1.0
Provision_PT_737E_Security_Camera,1000,6,33738,risk_blend,0.33199684274269625,0.9902942,0.6284824120603015,0.0258,1.0
Provision_PT_737E_Security_Camera,1000,6,33738,risk_blend_mismatch,0.036367812564329145,0.9924633199999999,0.7110532663316583,0.0258,1.0
Provision_PT_737E_Security_Camera,1000,6,33738,peer_cov_soft,1.0,0.9986147999999999,0.9303919597989949,0.0112,1.0
Provision_PT_737E_Security_Camera,1000,6,33738,risk_soft_cov,0.9959564120556188,0.9986149999999999,0.9304020100502512,0.0112,1.0
Provision_PT_737E_Security_Camera,1000,6,33738,risk_soft_cov_mismatch,0.14490660634886446,0.99794144,0.8965547738693468,0.0208,1.0
Provision_PT_737E_Security_Camera,1000,7,21050,shared_oas,1.0,0.9991564000000001,0.957608040201005,0.0072,1.0
Provision_PT_737E_Security_Camera,1000,7,21050,local_oas,0.0,0.99912404,0.9559819095477387,0.0082,1.0
Provision_PT_737E_Security_Camera,1000,7,21050,peer_cov_fixed,1.0,0.99346908,0.8377989949748743,0.0042,0.6684
Provision_PT_737E_Security_Camera,1000,7,21050,risk_blend,0.3007282950637382,0.99924992,0.9623075376884422,0.0006,0.7888
Provision_PT_737E_Security_Camera,1000,7,21050,risk_blend_mismatch,0.03883709727020237,0.99937836,0.9687618090452261,0.0012,0.7876
Provision_PT_737E_Security_Camera,1000,7,21050,peer_cov_soft,1.0,0.9990598399999999,0.9527839195979899,0.0068,0.9998
Provision_PT_737E_Security_Camera,1000,7,21050,risk_soft_cov,0.9953300458453679,0.9990599600000001,0.9527879396984925,0.0062,0.9998
Provision_PT_737E_Security_Camera,1000,7,21050,risk_soft_cov_mismatch,0.08134479144476246,0.999135,0.9565326633165829,0.0054,1.0
Provision_PT_737E_Security_Camera,1000,8,9457,shared_oas,1.0,0.99869124,0.9342331658291456,0.0162,1.0
Provision_PT_737E_Security_Camera,1000,8,9457,local_oas,0.0,0.99869392,0.93436783919598,0.0186,1.0
Provision_PT_737E_Security_Camera,1000,8,9457,peer_cov_fixed,1.0,0.9929524,0.8023075376884422,0.0108,0.7744
Provision_PT_737E_Security_Camera,1000,8,9457,risk_blend,0.3930436253104787,0.99894316,0.9468924623115578,0.0014,0.7956
Provision_PT_737E_Security_Camera,1000,8,9457,risk_blend_mismatch,0.03323106440813509,0.9987988,0.9396381909547737,0.0042,1.0
Provision_PT_737E_Security_Camera,1000,8,9457,peer_cov_soft,1.0,0.9988689199999999,0.9431618090452262,0.0106,1.0
Provision_PT_737E_Security_Camera,1000,8,9457,risk_soft_cov,0.9968936688849814,0.9988688,0.9431557788944723,0.0106,1.0
Provision_PT_737E_Security_Camera,1000,8,9457,risk_soft_cov_mismatch,0.19650547948828254,0.99897592,0.9485386934673367,0.0056,1.0
Provision_PT_737E_Security_Camera,1000,9,18399,shared_oas,1.0,0.9947094400000001,0.8503859296482412,0.0004,0.1342
Provision_PT_737E_Security_Camera,1000,9,18399,local_oas,0.0,0.99516504,0.8545849246231156,0.0006,0.1948
Provision_PT_737E_Security_Camera,1000,9,18399,peer_cov_fixed,1.0,0.99169412,0.7681105527638192,0.0172,0.7978
Provision_PT_737E_Security_Camera,1000,9,18399,risk_blend,0.4179193869753883,0.9864766,0.6318030150753768,0.0164,0.6698
Provision_PT_737E_Security_Camera,1000,9,18399,risk_blend_mismatch,0.04835042929662318,0.98934908,0.7260140703517588,0.0014,0.315
Provision_PT_737E_Security_Camera,1000,9,18399,peer_cov_soft,1.0,0.9988078800000001,0.9402653266331659,0.0012,0.7904
Provision_PT_737E_Security_Camera,1000,9,18399,risk_soft_cov,0.9971978015142113,0.9988083200000001,0.9402974874371859,0.0012,0.789
Provision_PT_737E_Security_Camera,1000,9,18399,risk_soft_cov_mismatch,0.12754691755589653,0.9919872,0.8195417085427135,0.0012,0.5252
Provision_PT_737E_Security_Camera,1000,10,39938,shared_oas,1.0,0.9908911599999999,0.6961125628140703,0.0144,0.7254
Provision_PT_737E_Security_Camera,1000,10,39938,local_oas,0.0,0.99265304,0.7564221105527638,0.0142,0.7722
Provision_PT_737E_Security_Camera,1000,10,39938,peer_cov_fixed,1.0,0.99256936,0.7892663316582915,0.0264,1.0
Provision_PT_737E_Security_Camera,1000,10,39938,risk_blend,0.40092124563663234,0.98882228,0.591043216080402,0.0224,1.0
Provision_PT_737E_Security_Camera,1000,10,39938,risk_blend_mismatch,0.03395788941146594,0.9870829600000001,0.5899839195979899,0.017,0.8024
Provision_PT_737E_Security_Camera,1000,10,39938,peer_cov_soft,1.0,0.99861048,0.9301748743718593,0.021,1.0
Provision_PT_737E_Security_Camera,1000,10,39938,risk_soft_cov,0.9969939268982504,0.99861044,0.9301728643216081,0.021,1.0
Provision_PT_737E_Security_Camera,1000,10,39938,risk_soft_cov_mismatch,0.21645391024950028,0.9953521200000001,0.8588522613065327,0.0194,0.8044
Provision_PT_737E_Security_Camera,1000,11,2036,shared_oas,1.0,0.9981684,0.9079597989949748,0.1296,1.0
Provision_PT_737E_Security_Camera,1000,11,2036,local_oas,0.0,0.99789056,0.8939979899497488,0.1324,1.0
Provision_PT_737E_Security_Camera,1000,11,2036,peer_cov_fixed,1.0,0.9920847199999999,0.7972562814070352,0.0502,1.0
Provision_PT_737E_Security_Camera,1000,11,2036,risk_blend,0.3128464117178731,0.9903292800000001,0.6354954773869347,0.0608,1.0
Provision_PT_737E_Security_Camera,1000,11,2036,risk_blend_mismatch,0.0381309758215386,0.99168676,0.7101507537688443,0.1162,1.0
Provision_PT_737E_Security_Camera,1000,11,2036,peer_cov_soft,1.0,0.9985143599999999,0.9253447236180905,0.034,1.0
Provision_PT_737E_Security_Camera,1000,11,2036,risk_soft_cov,0.9955875213535719,0.9985137599999999,0.9253145728643215,0.0342,1.0
Provision_PT_737E_Security_Camera,1000,11,2036,risk_soft_cov_mismatch,0.10793248507806408,0.99772288,0.8856180904522613,0.0976,1.0
Provision_PT_737E_Security_Camera,1000,12,17234,shared_oas,1.0,0.9983270799999999,0.9159336683417085,0.0774,1.0
Provision_PT_737E_Security_Camera,1000,12,17234,local_oas,0.0,0.99819104,0.909097487437186,0.0778,1.0
Provision_PT_737E_Security_Camera,1000,12,17234,peer_cov_fixed,1.0,0.99244464,0.7942291457286432,0.0358,1.0
Provision_PT_737E_Security_Camera,1000,12,17234,risk_blend,0.3205102343945457,0.9906364000000001,0.6236422110552764,0.0412,1.0
Provision_PT_737E_Security_Camera,1000,12,17234,risk_blend_mismatch,0.03549270092484173,0.99174004,0.677772864321608,0.0568,1.0
Provision_PT_737E_Security_Camera,1000,12,17234,peer_cov_soft,1.0,0.9992498799999999,0.9623055276381909,0.041,1.0
Provision_PT_737E_Security_Camera,1000,12,17234,risk_soft_cov,0.9957403965037112,0.99924952,0.9622874371859297,0.041,1.0
Provision_PT_737E_Security_Camera,1000,12,17234,risk_soft_cov_mismatch,0.13294145114764663,0.99823592,0.9113527638190955,0.0528,1.0
Provision_PT_737E_Security_Camera,1000,13,7790,shared_oas,1.0,0.9977608,0.8874773869346734,0.0928,1.0
Provision_PT_737E_Security_Camera,1000,13,7790,local_oas,0.0,0.99765076,0.8820060301507537,0.0938,1.0
Provision_PT_737E_Security_Camera,1000,13,7790,peer_cov_fixed,1.0,0.99237396,0.7881708542713568,0.033,0.9998
Provision_PT_737E_Security_Camera,1000,13,7790,risk_blend,0.31757902974415136,0.9957446799999999,0.8379457286432161,0.044,1.0
Provision_PT_737E_Security_Camera,1000,13,7790,risk_blend_mismatch,0.036665616215462396,0.9952618,0.7923718592964824,0.0742,1.0
Provision_PT_737E_Security_Camera,1000,13,7790,peer_cov_soft,1.0,0.99905464,0.9525386934673368,0.0326,1.0
Provision_PT_737E_Security_Camera,1000,13,7790,risk_soft_cov,0.9956827898221837,0.99905464,0.9525386934673368,0.0328,1.0
Provision_PT_737E_Security_Camera,1000,13,7790,risk_soft_cov_mismatch,0.11791173012941551,0.99913816,0.9567155778894474,0.0752,1.0
Provision_PT_737E_Security_Camera,1000,14,311,shared_oas,1.0,0.98770328,0.6881547738693468,0.0236,0.801
Provision_PT_737E_Security_Camera,1000,14,311,local_oas,0.0,0.99018964,0.7360643216080403,0.0234,0.801
Provision_PT_737E_Security_Camera,1000,14,311,peer_cov_fixed,1.0,0.9924736000000001,0.8019356783919598,0.039,0.9998
Provision_PT_737E_Security_Camera,1000,14,311,risk_blend,0.31969858833229087,0.98785528,0.5980844221105528,0.0512,1.0
Provision_PT_737E_Security_Camera,1000,14,311,risk_blend_mismatch,0.03845792690498643,0.98567396,0.6071638190954773,0.0436,1.0
Provision_PT_737E_Security_Camera,1000,14,311,peer_cov_soft,1.0,0.9985187200000001,0.9256281407035176,0.034,1.0
Provision_PT_737E_Security_Camera,1000,14,311,risk_soft_cov,0.9957245637539816,0.99855768,0.9275859296482413,0.0342,1.0
Provision_PT_737E_Security_Camera,1000,14,311,risk_soft_cov_mismatch,0.113076779577441,0.99383288,0.812791959798995,0.0496,1.0
Provision_PT_737E_Security_Camera,1000,15,5211,shared_oas,1.0,0.9970692,0.8527396984924623,0.0754,1.0
Provision_PT_737E_Security_Camera,1000,15,5211,local_oas,0.0,0.9968135600000001,0.8399236180904524,0.0778,1.0
Provision_PT_737E_Security_Camera,1000,15,5211,peer_cov_fixed,1.0,0.99268372,0.7994914572864322,0.0392,1.0
Provision_PT_737E_Security_Camera,1000,15,5211,risk_blend,0.3328517549463736,0.99123924,0.6574834170854271,0.0392,1.0
Provision_PT_737E_Security_Camera,1000,15,5211,risk_blend_mismatch,0.03571299733656566,0.99125448,0.6604984924623115,0.0632,1.0
Provision_PT_737E_Security_Camera,1000,15,5211,peer_cov_soft,1.0,0.9986166,0.9304824120603015,0.031,1.0
Provision_PT_737E_Security_Camera,1000,15,5211,risk_soft_cov,0.9959718961644606,0.99861556,0.9304301507537689,0.0308,1.0
Provision_PT_737E_Security_Camera,1000,15,5211,risk_soft_cov_mismatch,0.15022145298478923,0.997555,0.8771356783919597,0.0498,1.0
Provision_PT_737E_Security_Camera,1000,16,11403,shared_oas,1.0,0.99709872,0.8542311557788945,0.1072,1.0
Provision_PT_737E_Security_Camera,1000,16,11403,local_oas,0.0,0.9965052,0.8363276381909548,0.1076,1.0
Provision_PT_737E_Security_Camera,1000,16,11403,peer_cov_fixed,1.0,0.9920458400000001,0.7775698492462312,0.0458,1.0
Provision_PT_737E_Security_Camera,1000,16,11403,risk_blend,0.314084063671973,0.9887777600000001,0.5618512562814071,0.0458,1.0
Provision_PT_737E_Security_Camera,1000,16,11403,risk_blend_mismatch,0.03784113385250371,0.98913132,0.6015477386934673,0.0864,1.0
Provision_PT_737E_Security_Camera,1000,16,11403,peer_cov_soft,1.0,0.99817088,0.9080844221105528,0.052,1.0
Provision_PT_737E_Security_Camera,1000,16,11403,risk_soft_cov,0.9956127127162706,0.9981707599999999,0.908078391959799,0.0522,1.0
Provision_PT_737E_Security_Camera,1000,16,11403,risk_soft_cov_mismatch,0.10779585856915376,0.9965866000000001,0.8325005025125629,0.0886,1.0
Provision_PT_737E_Security_Camera,1000,17,21796,shared_oas,1.0,0.99801104,0.9000522613065327,0.078,1.0
Provision_PT_737E_Security_Camera,1000,17,21796,local_oas,0.0,0.99784496,0.8917185929648241,0.077,1.0
Provision_PT_737E_Security_Camera,1000,17,21796,peer_cov_fixed,1.0,0.99234696,0.7989507537688443,0.0352,1.0
Provision_PT_737E_Security_Camera,1000,17,21796,risk_blend,0.3288744119805006,0.98972632,0.615113567839196,0.0344,1.0
Provision_PT_737E_Security_Camera,1000,17,21796,risk_blend_mismatch,0.035673643550554,0.9892770799999999,0.6287597989949749,0.0544,1.0
Provision_PT_737E_Security_Camera,1000,17,21796,peer_cov_soft,1.0,0.99885812,0.942619095477387,0.0358,1.0
Provision_PT_737E_Security_Camera,1000,17,21796,risk_soft_cov,0.9958991759784441,0.99885716,0.9425708542713569,0.0358,1.0
Provision_PT_737E_Security_Camera,1000,17,21796,risk_soft_cov_mismatch,0.14334893831668943,0.99773724,0.8862954773869347,0.0496,1.0
Provision_PT_737E_Security_Camera,1000,18,16609,shared_oas,1.0,0.9986223200000001,0.9307698492462312,0.0168,1.0
Provision_PT_737E_Security_Camera,1000,18,16609,local_oas,0.0,0.998475,0.9233668341708543,0.0182,1.0
Provision_PT_737E_Security_Camera,1000,18,16609,peer_cov_fixed,1.0,0.99290112,0.8191778894472361,0.0044,0.6528
Provision_PT_737E_Security_Camera,1000,18,16609,risk_blend,0.37515475592123443,0.99937416,0.9685507537688443,0.0012,0.7974
Provision_PT_737E_Security_Camera,1000,18,16609,risk_blend_mismatch,0.029218371794578285,0.99905612,0.9525688442211055,0.0034,0.9996
Provision_PT_737E_Security_Camera,1000,18,16609,peer_cov_soft,1.0,0.998715,0.9354894472361809,0.0062,0.9998
Provision_PT_737E_Security_Camera,1000,18,16609,risk_soft_cov,0.9966504450303965,0.99875536,0.9375155778894473,0.006,0.9998
Provision_PT_737E_Security_Camera,1000,18,16609,risk_soft_cov_mismatch,0.19780340586664324,0.99919432,0.959513567839196,0.0098,1.0
Provision_PT_737E_Security_Camera,1000,19,23385,shared_oas,1.0,0.99511416,0.8305145728643216,0.0004,0.2642
Provision_PT_737E_Security_Camera,1000,19,23385,local_oas,0.0,0.9961408,0.8670311557788944,0.0004,0.347
Provision_PT_737E_Security_Camera,1000,19,23385,peer_cov_fixed,1.0,0.9926926,0.808540703517588,0.0182,0.7912
Provision_PT_737E_Security_Camera,1000,19,23385,risk_blend,0.38725042457984604,0.99539176,0.8503095477386935,0.011,0.791
Provision_PT_737E_Security_Camera,1000,19,23385,risk_blend_mismatch,0.02842823078205877,0.99483396,0.8210994974874372,0.006,0.692
Provision_PT_737E_Security_Camera,1000,19,23385,peer_cov_soft,1.0,0.99881708,0.940556783919598,0.0054,1.0
Provision_PT_737E_Security_Camera,1000,19,23385,risk_soft_cov,0.9968173495768855,0.9988592399999999,0.9426753768844222,0.0054,1.0
Provision_PT_737E_Security_Camera,1000,19,23385,risk_soft_cov_mismatch,0.2407268444544868,0.99713356,0.8790050251256282,0.0006,0.787
Provision_PT_737E_Security_Camera,1000,20,18087,shared_oas,1.0,0.9892592,0.8237909547738693,0.0,0.0008
Provision_PT_737E_Security_Camera,1000,20,18087,local_oas,0.0,0.9893549199999999,0.818894472361809,0.0,0.0
Provision_PT_737E_Security_Camera,1000,20,18087,peer_cov_fixed,1.0,0.9920792399999999,0.798878391959799,0.015,0.7988
Provision_PT_737E_Security_Camera,1000,20,18087,risk_blend,0.41922984537057073,0.98476076,0.6903035175879397,0.0138,0.6496
Provision_PT_737E_Security_Camera,1000,20,18087,risk_blend_mismatch,0.05107679154801298,0.98611812,0.7537206030150754,0.0004,0.0198
Provision_PT_737E_Security_Camera,1000,20,18087,peer_cov_soft,1.0,0.9989079599999999,0.9451316582914574,0.0006,0.7874
Provision_PT_737E_Security_Camera,1000,20,18087,risk_soft_cov,0.9972135837811065,0.99890816,0.9451437185929649,0.0006,0.7858
Provision_PT_737E_Security_Camera,1000,20,18087,risk_soft_cov_mismatch,0.11475677381540071,0.9883228,0.8469206030150753,0.0002,0.3276
Provision_PT_737E_Security_Camera,1000,21,1834,shared_oas,1.0,0.99798076,0.8985306532663316,0.0638,1.0
Provision_PT_737E_Security_Camera,1000,21,1834,local_oas,0.0,0.99779408,0.8891497487437185,0.064,1.0
Provision_PT_737E_Security_Camera,1000,21,1834,peer_cov_fixed,1.0,0.99204476,0.791881407035176,0.0322,1.0
Provision_PT_737E_Security_Camera,1000,21,1834,risk_blend,0.3723128723887316,0.99000408,0.6164442211055277,0.038,1.0
Provision_PT_737E_Security_Camera,1000,21,1834,risk_blend_mismatch,0.02872760015455487,0.99035932,0.6461447236180905,0.049,1.0
Provision_PT_737E_Security_Camera,1000,21,1834,peer_cov_soft,1.0,0.99894112,0.9468,0.0336,1.0
Provision_PT_737E_Security_Camera,1000,21,1834,risk_soft_cov,0.996609665883148,0.99894092,0.9467899497487438,0.0338,1.0
Provision_PT_737E_Security_Camera,1000,21,1834,risk_soft_cov_mismatch,0.2525495866177324,0.99825692,0.912424120603015,0.044,1.0
Provision_PT_737E_Security_Camera,1000,22,34705,shared_oas,1.0,0.99864712,0.93201608040201,0.0954,1.0
Provision_PT_737E_Security_Camera,1000,22,34705,local_oas,0.0,0.99860932,0.9301165829145729,0.098,1.0
Provision_PT_737E_Security_Camera,1000,22,34705,peer_cov_fixed,1.0,0.9923173200000001,0.7967778894472362,0.0374,1.0
Provision_PT_737E_Security_Camera,1000,22,34705,risk_blend,0.38793953606570586,0.99071676,0.6399557788944723,0.0446,1.0
Provision_PT_737E_Security_Camera,1000,22,34705,risk_blend_mismatch,0.028789039866029296,0.99392696,0.7883417085427136,0.0712,1.0
Provision_PT_737E_Security_Camera,1000,22,34705,peer_cov_soft,1.0,0.9990806799999999,0.9538030150753769,0.0454,1.0
Provision_PT_737E_Security_Camera,1000,22,34705,risk_soft_cov,0.9968265466845166,0.99908052,0.9537949748743719,0.0454,1.0
Provision_PT_737E_Security_Camera,1000,22,34705,risk_soft_cov_mismatch,0.22841892007879025,0.99893904,0.9466854271356784,0.0552,1.0
Provision_PT_737E_Security_Camera,1000,23,3541,shared_oas,1.0,0.9825337599999999,0.6713326633165829,0.0656,1.0
Provision_PT_737E_Security_Camera,1000,23,3541,local_oas,0.0,0.9830814,0.6581909547738694,0.065,1.0
Provision_PT_737E_Security_Camera,1000,23,3541,peer_cov_fixed,1.0,0.99212152,0.7833105527638191,0.0308,1.0
Provision_PT_737E_Security_Camera,1000,23,3541,risk_blend,0.3357451647573777,0.98829436,0.5889145728643216,0.0342,1.0
Provision_PT_737E_Security_Camera,1000,23,3541,risk_blend_mismatch,0.03585635976717017,0.9851351199999999,0.5554552763819095,0.0514,1.0
Provision_PT_737E_Security_Camera,1000,23,3541,peer_cov_soft,1.0,0.9989545200000001,0.9474633165829146,0.031,1.0
Provision_PT_737E_Security_Camera,1000,23,3541,risk_soft_cov,0.9960237223232228,0.9989542800000001,0.947451256281407,0.0312,1.0
Provision_PT_737E_Security_Camera,1000,23,3541,risk_soft_cov_mismatch,0.15481443224026045,0.99451356,0.8275557788944723,0.0448,1.0
Provision_PT_737E_Security_Camera,1000,24,34909,shared_oas,1.0,0.997566,0.8776884422110552,0.0988,1.0
Provision_PT_737E_Security_Camera,1000,24,34909,local_oas,0.0,0.9974951999999999,0.8741306532663317,0.1014,1.0
Provision_PT_737E_Security_Camera,1000,24,34909,peer_cov_fixed,1.0,0.99264332,0.7953065326633166,0.0388,1.0
Provision_PT_737E_Security_Camera,1000,24,34909,risk_blend,0.32008291446215514,0.9896947600000001,0.5926070351758794,0.0482,1.0
Provision_PT_737E_Security_Camera,1000,24,34909,risk_blend_mismatch,0.03770036173513864,0.9897536400000001,0.6071899497487437,0.0804,1.0
Provision_PT_737E_Security_Camera,1000,24,34909,peer_cov_soft,1.0,0.99833708,0.9164361809045226,0.0354,1.0
Provision_PT_737E_Security_Camera,1000,24,34909,risk_soft_cov,0.9957320744681328,0.9983367599999999,0.9164201005025125,0.0354,1.0
Provision_PT_737E_Security_Camera,1000,24,34909,risk_soft_cov_mismatch,0.11195076310155065,0.99724676,0.861678391959799,0.0776,1.0
Provision_PT_737E_Security_Camera,1000,25,35566,shared_oas,1.0,0.99851868,0.9255618090452262,0.0814,1.0
Provision_PT_737E_Security_Camera,1000,25,35566,local_oas,0.0,0.9984796,0.9235979899497487,0.0816,1.0
Provision_PT_737E_Security_Camera,1000,25,35566,peer_cov_fixed,1.0,0.9929825200000001,0.7924683417085427,0.0258,1.0
Provision_PT_737E_Security_Camera,1000,25,35566,risk_blend,0.35539917501605867,0.99695008,0.8651195979899498,0.0346,1.0
Provision_PT_737E_Security_Camera,1000,25,35566,risk_blend_mismatch,0.030453372972089544,0.997978,0.898391959798995,0.0592,1.0
Provision_PT_737E_Security_Camera,1000,25,35566,peer_cov_soft,1.0,0.99952444,0.976102512562814,0.0336,1.0
Provision_PT_737E_Security_Camera,1000,25,35566,risk_soft_cov,0.9963535509840701,0.99952436,0.9760984924623115,0.0336,1.0
Provision_PT_737E_Security_Camera,1000,25,35566,risk_soft_cov_mismatch,0.21144724236418078,0.9996769999999999,0.9837688442211054,0.0486,1.0
Provision_PT_737E_Security_Camera,1000,26,4536,shared_oas,1.0,0.99451784,0.8189246231155779,0.0676,1.0
Provision_PT_737E_Security_Camera,1000,26,4536,local_oas,0.0,0.99422736,0.8093587939698492,0.0682,1.0
Provision_PT_737E_Security_Camera,1000,26,4536,peer_cov_fixed,1.0,0.9934474400000001,0.8147035175879397,0.0292,1.0
Provision_PT_737E_Security_Camera,1000,26,4536,risk_blend,0.3711566640604804,0.991278,0.6723095477386934,0.0402,1.0
Provision_PT_737E_Security_Camera,1000,26,4536,risk_blend_mismatch,0.02951407841059145,0.99021068,0.6482693467336683,0.0664,1.0
Provision_PT_737E_Security_Camera,1000,26,4536,peer_cov_soft,1.0,0.9991090800000001,0.9552301507537688,0.0312,1.0
Provision_PT_737E_Security_Camera,1000,26,4536,risk_soft_cov,0.9965928973251236,0.9991084800000001,0.9551999999999999,0.0312,1.0
Provision_PT_737E_Security_Camera,1000,26,4536,risk_soft_cov_mismatch,0.24565920044034267,0.99815164,0.9071175879396985,0.0542,1.0
Provision_PT_737E_Security_Camera,1000,27,8000,shared_oas,1.0,0.9988166,0.9405326633165829,0.1,1.0
Provision_PT_737E_Security_Camera,1000,27,8000,local_oas,0.0,0.99882336,0.9408723618090453,0.0996,1.0
Provision_PT_737E_Security_Camera,1000,27,8000,peer_cov_fixed,1.0,0.9927774399999999,0.8042793969849247,0.0306,1.0
Provision_PT_737E_Security_Camera,1000,27,8000,risk_blend,0.32985497842940437,0.99632836,0.8559035175879397,0.0426,1.0
Provision_PT_737E_Security_Camera,1000,27,8000,risk_blend_mismatch,0.035599788301117936,0.9966299599999999,0.8389185929648242,0.083,1.0
Provision_PT_737E_Security_Camera,1000,27,8000,peer_cov_soft,1.0,0.9989613199999999,0.9478050251256281,0.0342,1.0
Provision_PT_737E_Security_Camera,1000,27,8000,risk_soft_cov,0.9959172660743413,0.9989604799999999,0.9477628140703518,0.0342,1.0
Provision_PT_737E_Security_Camera,1000,27,8000,risk_soft_cov_mismatch,0.14613305109041771,0.9988076,0.9400804020100502,0.071,1.0
Provision_PT_737E_Security_Camera,1000,28,29632,shared_oas,1.0,0.9973204400000001,0.8653487437185929,0.101,1.0
Provision_PT_737E_Security_Camera,1000,28,29632,local_oas,0.0,0.99724488,0.8615517587939698,0.102,1.0
Provision_PT_737E_Security_Camera,1000,28,29632,peer_cov_fixed,1.0,0.9920856,0.795121608040201,0.051,1.0
Provision_PT_737E_Security_Camera,1000,28,29632,risk_blend,0.3170428755514262,0.9901059600000001,0.6232643216080402,0.0518,1.0
Provision_PT_737E_Security_Camera,1000,28,29632,risk_blend_mismatch,0.03790112699609687,0.9912384799999999,0.6820763819095478,0.081,1.0
Provision_PT_737E_Security_Camera,1000,28,29632,peer_cov_soft,1.0,0.99774604,0.8867356783919598,0.036,1.0
Provision_PT_737E_Security_Camera,1000,28,29632,risk_soft_cov,0.9956721479406192,0.9977456,0.886713567839196,0.036,1.0
Provision_PT_737E_Security_Camera,1000,28,29632,risk_soft_cov_mismatch,0.10938111897032547,0.9973166800000001,0.8651859296482411,0.0826,1.0
Provision_PT_737E_Security_Camera,1000,29,7329,shared_oas,1.0,0.99492684,0.8260924623115578,0.1182,1.0
Provision_PT_737E_Security_Camera,1000,29,7329,local_oas,0.0,0.99495188,0.8283437185929647,0.1242,1.0
Provision_PT_737E_Security_Camera,1000,29,7329,peer_cov_fixed,1.0,0.99254688,0.7757447236180904,0.0446,1.0
Provision_PT_737E_Security_Camera,1000,29,7329,risk_blend,0.36337892373268654,0.9893324,0.5771537688442211,0.052,1.0
Provision_PT_737E_Security_Camera,1000,29,7329,risk_blend_mismatch,0.03261085256495751,0.9888549200000001,0.6189246231155778,0.1208,1.0
Provision_PT_737E_Security_Camera,1000,29,7329,peer_cov_soft,1.0,0.99906896,0.9532582914572865,0.0336,1.0
Provision_PT_737E_Security_Camera,1000,29,7329,risk_soft_cov,0.9964773384897476,0.99906876,0.9532462311557789,0.0336,1.0
Provision_PT_737E_Security_Camera,1000,29,7329,risk_soft_cov_mismatch,0.18979265900083808,0.99775476,0.8872562814070352,0.0646,1.0
Provision_PT_838_Security_Camera,30,0,36363,shared_oas,1.0,0.84962956,0.5023678391959799,0.5164,1.0
Provision_PT_838_Security_Camera,30,0,36363,local_oas,0.0,0.8090984800000001,0.49889447236180906,0.4976,1.0
Provision_PT_838_Security_Camera,30,0,36363,peer_cov_fixed,1.0,0.99058428,0.8925809045226131,0.678,1.0
Provision_PT_838_Security_Camera,30,0,36363,risk_blend,0.016969756638014262,0.9306563600000001,0.6942271356783919,0.5268,1.0
Provision_PT_838_Security_Camera,30,0,36363,risk_blend_mismatch,0.0037132891039425007,0.87469872,0.6076341708542714,0.5056,1.0
Provision_PT_838_Security_Camera,30,0,36363,peer_cov_soft,1.0,0.8691094,0.7105065326633166,0.6166,1.0
Provision_PT_838_Security_Camera,30,0,36363,risk_soft_cov,0.9928473044722426,0.86418396,0.7104100502512563,0.6108,1.0
Provision_PT_838_Security_Camera,30,0,36363,risk_soft_cov_mismatch,0.01579479323564527,0.8358269199999999,0.4989366834170854,0.5044,1.0
Provision_PT_838_Security_Camera,30,1,50635,shared_oas,1.0,0.89346212,0.639035175879397,0.4698,1.0
Provision_PT_838_Security_Camera,30,1,50635,local_oas,0.0,0.8808501200000001,0.6706733668341708,0.3746,1.0
Provision_PT_838_Security_Camera,30,1,50635,peer_cov_fixed,1.0,0.99065724,0.8909748743718593,0.4934,1.0
Provision_PT_838_Security_Camera,30,1,50635,risk_blend,0.09606575815196848,0.97926388,0.8237005025125628,0.4594,1.0
Provision_PT_838_Security_Camera,30,1,50635,risk_blend_mismatch,0.03259045885278179,0.95956164,0.7134170854271357,0.444,1.0
Provision_PT_838_Security_Camera,30,1,50635,peer_cov_soft,1.0,0.8506849199999998,0.6655939698492462,0.4982,1.0
Provision_PT_838_Security_Camera,30,1,50635,risk_soft_cov,0.998941990690716,0.85087284,0.6655336683417086,0.497,1.0
Provision_PT_838_Security_Camera,30,1,50635,risk_soft_cov_mismatch,0.1391967530308643,0.86768012,0.6246070351758793,0.424,1.0
Provision_PT_838_Security_Camera,30,2,8099,shared_oas,1.0,0.93644116,0.7627417085427136,0.2904,1.0
Provision_PT_838_Security_Camera,30,2,8099,local_oas,0.0,0.92576624,0.7390994974874372,0.2872,1.0
Provision_PT_838_Security_Camera,30,2,8099,peer_cov_fixed,1.0,0.9925196000000001,0.8925708542713569,0.3596,1.0
Provision_PT_838_Security_Camera,30,2,8099,risk_blend,0.20582188668894402,0.9844812,0.8841487437185931,0.3944,1.0
Provision_PT_838_Security_Camera,30,2,8099,risk_blend_mismatch,0.06697042439386885,0.9689786,0.877324623115578,0.3218,1.0
Provision_PT_838_Security_Camera,30,2,8099,peer_cov_soft,1.0,0.8375397600000001,0.6005708542713568,0.2826,0.7946
Provision_PT_838_Security_Camera,30,2,8099,risk_soft_cov,0.9996329243948783,0.8380462399999999,0.6018472361809045,0.2826,0.7946
Provision_PT_838_Security_Camera,30,2,8099,risk_soft_cov_mismatch,0.16646939167701288,0.88596376,0.697937688442211,0.359,1.0
Provision_PT_838_Security_Camera,30,3,8222,shared_oas,1.0,0.8508991199999999,0.6353809045226131,0.3696,1.0
Provision_PT_838_Security_Camera,30,3,8222,local_oas,0.0,0.8411871999999998,0.6489467336683417,0.3296,1.0
Provision_PT_838_Security_Camera,30,3,8222,peer_cov_fixed,1.0,0.9897336,0.8851256281407036,0.4708,1.0
Provision_PT_838_Security_Camera,30,3,8222,risk_blend,0.05078404643184847,0.91386244,0.7031457286432161,0.3976,1.0
Provision_PT_838_Security_Camera,30,3,8222,risk_blend_mismatch,0.013322072378798074,0.8734019200000002,0.6802110552763819,0.3454,1.0
Provision_PT_838_Security_Camera,30,3,8222,peer_cov_soft,1.0,0.8499826799999999,0.7085145728643216,0.502,1.0
Provision_PT_838_Security_Camera,30,3,8222,risk_soft_cov,0.9976858625991797,0.84919648,0.7084924623115578,0.496,1.0
Provision_PT_838_Security_Camera,30,3,8222,risk_soft_cov_mismatch,0.05444011003847442,0.8472075599999999,0.6520462311557789,0.332,1.0
Provision_PT_838_Security_Camera,30,4,4372,shared_oas,1.0,0.99952292,0.9760261306532664,0.001,0.9828
Provision_PT_838_Security_Camera,30,4,4372,local_oas,0.0,0.99924536,0.9636984924623115,0.0012,0.8486
Provision_PT_838_Security_Camera,30,4,4372,peer_cov_fixed,1.0,0.9959933999999999,0.8958311557788945,0.0036,0.7946
Provision_PT_838_Security_Camera,30,4,4372,risk_blend,0.943600305119944,0.9998543599999999,0.9929226130653266,0.0004,0.7962
Provision_PT_838_Security_Camera,30,4,4372,risk_blend_mismatch,0.3760120425530257,0.9997258800000001,0.986289447236181,0.0008,0.98
Provision_PT_838_Security_Camera,30,4,4372,peer_cov_soft,1.0,0.9974346399999999,0.8979577889447237,0.0116,0.8004
Provision_PT_838_Security_Camera,30,4,4372,risk_soft_cov,0.999983708613118,0.99743472,0.8979597989949748,0.0116,0.8004
Provision_PT_838_Security_Camera,30,4,4372,risk_soft_cov_mismatch,0.3853735783913161,0.99977652,0.9888402010050252,0.0016,0.9932
Provision_PT_838_Security_Camera,30,5,4354,shared_oas,1.0,0.99989564,0.9947678391959798,0.0,0.0
Provision_PT_838_Security_Camera,30,5,4354,local_oas,0.0,0.9999235599999999,0.9966211055276382,0.0,0.0
Provision_PT_838_Security_Camera,30,5,4354,peer_cov_fixed,1.0,0.99785092,0.8966150753768845,0.0012,0.793
Provision_PT_838_Security_Camera,30,5,4354,risk_blend,0.9222391335547063,0.9998858,0.9954211055276383,0.0,0.0
Provision_PT_838_Security_Camera,30,5,4354,risk_blend_mismatch,0.3432570731521186,0.9999454799999999,0.9975517587939698,0.0,0.0
Provision_PT_838_Security_Camera,30,5,4354,peer_cov_soft,1.0,0.99898292,0.9507035175879397,0.0,0.0
Provision_PT_838_Security_Camera,30,5,4354,risk_soft_cov,0.999978505414434,0.99898296,0.9507035175879397,0.0,0.0
Provision_PT_838_Security_Camera,30,5,4354,risk_soft_cov_mismatch,0.3535004495781615,0.9999481600000001,0.9976643216080402,0.0,0.0
Provision_PT_838_Security_Camera,30,6,44158,shared_oas,1.0,0.9996136400000001,0.9805849246231155,0.0024,1.0
Provision_PT_838_Security_Camera,30,6,44158,local_oas,0.0,0.99915816,0.9578592964824121,0.0,0.0
Provision_PT_838_Security_Camera,30,6,44158,peer_cov_fixed,1.0,0.99158776,0.8864884422110553,0.0102,0.7958
Provision_PT_838_Security_Camera,30,6,44158,risk_blend,0.8997786508364354,0.99869776,0.9345989949748743,0.0002,0.7968
Provision_PT_838_Security_Camera,30,6,44158,risk_blend_mismatch,0.27829421177195374,0.99974144,0.9870070351758794,0.0,0.3376
Provision_PT_838_Security_Camera,30,6,44158,peer_cov_soft,1.0,0.9910862,0.8859618090452261,0.0,0.0
Provision_PT_838_Security_Camera,30,6,44158,risk_soft_cov,0.9999765476147269,0.99108768,0.886024120603015,0.0,0.0
Provision_PT_838_Security_Camera,30,6,44158,risk_soft_cov_mismatch,0.2775173583161413,0.9996958800000001,0.9847175879396985,0.0,0.0
Provision_PT_838_Security_Camera,30,7,428,shared_oas,1.0,0.9995801999999999,0.9790030150753769,0.0,0.6718
Provision_PT_838_Security_Camera,30,7,428,local_oas,0.0,0.9948424,0.8726834170854272,0.0,0.0
Provision_PT_838_Security_Camera,30,7,428,peer_cov_fixed,1.0,0.98997956,0.8458954773869347,0.0282,0.798
Provision_PT_838_Security_Camera,30,7,428,risk_blend,0.895618092796414,0.98996884,0.8587457286432161,0.0086,0.7724
Provision_PT_838_Security_Camera,30,7,428,risk_blend_mismatch,0.22022974946324322,0.9890610400000002,0.8840723618090451,0.0,0.5866
Provision_PT_838_Security_Camera,30,7,428,peer_cov_soft,1.0,0.99710108,0.8901909547738693,0.0016,0.7696
Provision_PT_838_Security_Camera,30,7,428,risk_soft_cov,0.9999091479508784,0.997101,0.8901829145728644,0.0016,0.7696
Provision_PT_838_Security_Camera,30,7,428,risk_soft_cov_mismatch,0.3741719134330341,0.99240352,0.8849005025125629,0.0,0.0196
Provision_PT_838_Security_Camera,30,8,40333,shared_oas,1.0,0.93718116,0.7199879396984925,0.0906,0.7088
Provision_PT_838_Security_Camera,30,8,40333,local_oas,0.0,0.9218062800000001,0.7138773869346734,0.0952,0.5892
Provision_PT_838_Security_Camera,30,8,40333,peer_cov_fixed,1.0,0.99178872,0.8910190954773869,0.313,1.0
Provision_PT_838_Security_Camera,30,8,40333,risk_blend,0.24464606577513365,0.99055676,0.8908904522613066,0.0222,0.8004
Provision_PT_838_Security_Camera,30,8,40333,risk_blend_mismatch,0.0980774371580657,0.9817857600000001,0.8850291457286432,0.0016,0.7508
Provision_PT_838_Security_Camera,30,8,40333,peer_cov_soft,1.0,0.8387218000000001,0.609262311557789,0.2144,0.5664
Provision_PT_838_Security_Camera,30,8,40333,risk_soft_cov,0.9996882618743886,0.83921412,0.6104502512562814,0.2142,0.5664
Provision_PT_838_Security_Camera,30,8,40333,risk_soft_cov_mismatch,0.21327734698326195,0.8840712000000002,0.655937688442211,0.0904,0.434
Provision_PT_838_Security_Camera,30,9,46470,shared_oas,1.0,0.8611138800000001,0.5480060301507538,0.3436,1.0
Provision_PT_838_Security_Camera,30,9,46470,local_oas,0.0,0.8129011199999999,0.4978492462311558,0.3464,1.0
Provision_PT_838_Security_Camera,30,9,46470,peer_cov_fixed,1.0,0.99277384,0.887694472361809,0.5098,1.0
Provision_PT_838_Security_Camera,30,9,46470,risk_blend,0.025546483075484662,0.93332056,0.7013989949748743,0.3488,1.0
Provision_PT_838_Security_Camera,30,9,46470,risk_blend_mismatch,0.005641687544627096,0.8863175199999999,0.6113748743718593,0.3254,1.0
Provision_PT_838_Security_Camera,30,9,46470,peer_cov_soft,1.0,0.8635440400000001,0.7062472361809046,0.479,1.0
Provision_PT_838_Security_Camera,30,9,46470,risk_soft_cov,0.9952786026742185,0.86134844,0.7060422110552764,0.4766,1.0
Provision_PT_838_Security_Camera,30,9,46470,risk_soft_cov_mismatch,0.024335123624506374,0.8391795599999999,0.5299618090452262,0.3256,1.0
Provision_PT_838_Security_Camera,30,10,35576,shared_oas,1.0,0.8928752799999999,0.5118110552763819,0.3074,1.0
Provision_PT_838_Security_Camera,30,10,35576,local_oas,0.0,0.8879548399999999,0.5091075376884422,0.3016,1.0
Provision_PT_838_Security_Camera,30,10,35576,peer_cov_fixed,1.0,0.99210084,0.8951477386934674,0.5302,1.0
Provision_PT_838_Security_Camera,30,10,35576,risk_blend,0.053827182618463115,0.9665560000000001,0.8308643216080402,0.4062,1.0
Provision_PT_838_Security_Camera,30,10,35576,risk_blend_mismatch,0.016454362142962833,0.94582256,0.7015195979899498,0.3176,1.0
Provision_PT_838_Security_Camera,30,10,35576,peer_cov_soft,1.0,0.8677612,0.7053849246231156,0.5414,1.0
Provision_PT_838_Security_Camera,30,10,35576,risk_soft_cov,0.9978340410345021,0.8673173200000001,0.7053366834170854,0.5364,1.0
Provision_PT_838_Security_Camera,30,10,35576,risk_soft_cov_mismatch,0.08428446007038744,0.8711438,0.582329648241206,0.3302,1.0
Provision_PT_838_Security_Camera,30,11,53700,shared_oas,1.0,0.99963352,0.9815839195979899,0.0016,0.998
Provision_PT_838_Security_Camera,30,11,53700,local_oas,0.0,0.9982839600000001,0.9376402010050251,0.0016,0.9544
Provision_PT_838_Security_Camera,30,11,53700,peer_cov_fixed,1.0,0.99900816,0.9502050251256282,0.0002,0.7986
Provision_PT_838_Security_Camera,30,11,53700,risk_blend,0.9149429875269507,0.99982492,0.9912020100502512,0.0002,0.7762
Provision_PT_838_Security_Camera,30,11,53700,risk_blend_mismatch,0.32086171070316194,0.99957992,0.9788904522613066,0.0014,0.9084
Provision_PT_838_Security_Camera,30,11,53700,peer_cov_soft,1.0,0.9996010799999999,0.979953768844221,0.0006,0.8006
Provision_PT_838_Security_Camera,30,11,53700,risk_soft_cov,0.9999768824761589,0.9996010799999999,0.979953768844221,0.0006,0.8006
Provision_PT_838_Security_Camera,30,11,53700,risk_soft_cov_mismatch,0.3391635247067409,0.99966248,0.9830391959798994,0.0016,0.9566
Provision_PT_838_Security_Camera,30,12,18840,shared_oas,1.0,0.92415596,0.6259477386934673,0.3162,1.0
Provision_PT_838_Security_Camera,30,12,18840,local_oas,0.0,0.91674948,0.6330211055276382,0.3098,1.0
Provision_PT_838_Security_Camera,30,12,18840,peer_cov_fixed,1.0,0.99041616,0.8822653266331658,0.488,1.0
Provision_PT_838_Security_Camera,30,12,18840,risk_blend,0.062221974697557275,0.96643604,0.8508582914572864,0.4442,1.0
Provision_PT_838_Security_Camera,30,12,18840,risk_blend_mismatch,0.018077967254760186,0.9492643599999999,0.7293306532663317,0.3422,1.0
Provision_PT_838_Security_Camera,30,12,18840,peer_cov_soft,1.0,0.85241764,0.701027135678392,0.6942,1.0
Provision_PT_838_Security_Camera,30,12,18840,risk_soft_cov,0.9981615068673514,0.852042,0.7009608040201005,0.6926,1.0
Provision_PT_838_Security_Camera,30,12,18840,risk_soft_cov_mismatch,0.07924690964992447,0.8787250799999999,0.6331336683417086,0.4194,1.0
Provision_PT_838_Security_Camera,30,13,48958,shared_oas,1.0,0.9996624000000001,0.983035175879397,0.002,0.9994
Provision_PT_838_Security_Camera,30,13,48958,local_oas,0.0,0.99818944,0.9337105527638191,0.0,0.0
Provision_PT_838_Security_Camera,30,13,48958,peer_cov_fixed,1.0,0.99800312,0.900086432160804,0.0,0.7936
Provision_PT_838_Security_Camera,30,13,48958,risk_blend,0.8842542895431972,0.99991164,0.9956020100502513,0.0,0.4894
Provision_PT_838_Security_Camera,30,13,48958,risk_blend_mismatch,0.26953171508152673,0.99961972,0.9808904522613067,0.0,0.0
Provision_PT_838_Security_Camera,30,13,48958,peer_cov_soft,1.0,0.9986126,0.930675376884422,0.0,0.0
Provision_PT_838_Security_Camera,30,13,48958,risk_soft_cov,0.9999746822148106,0.9986126399999999,0.9306773869346734,0.0,0.0
Provision_PT_838_Security_Camera,30,13,48958,risk_soft_cov_mismatch,0.2754945079349025,0.99965828,0.9828281407035176,0.0,0.0
Provision_PT_838_Security_Camera,30,14,35248,shared_oas,1.0,0.8602181999999998,0.49748743718592964,0.3298,1.0
Provision_PT_838_Security_Camera,30,14,35248,local_oas,0.0,0.81644716,0.49748743718592964,0.3096,1.0
Provision_PT_838_Security_Camera,30,14,35248,peer_cov_fixed,1.0,0.9931385199999999,0.8731015075376884,0.3042,1.0
Provision_PT_838_Security_Camera,30,14,35248,risk_blend,0.04491681347901407,0.9460198,0.6927859296482413,0.3044,1.0
Provision_PT_838_Security_Camera,30,14,35248,risk_blend_mismatch,0.010173224266469338,0.9012851599999999,0.6179155778894472,0.3002,1.0
Provision_PT_838_Security_Camera,30,14,35248,peer_cov_soft,1.0,0.8524394,0.7034552763819095,0.3398,1.0
Provision_PT_838_Security_Camera,30,14,35248,risk_soft_cov,0.9973636416535008,0.85024068,0.7028402010050251,0.3358,0.9998
Provision_PT_838_Security_Camera,30,14,35248,risk_soft_cov_mismatch,0.042501468969303874,0.8253763199999999,0.49748743718592964,0.2994,1.0
Provision_PT_838_Security_Camera,30,15,11200,shared_oas,1.0,0.98184288,0.725019095477387,0.0,0.0
Provision_PT_838_Security_Camera,30,15,11200,local_oas,0.0,0.99349128,0.8078251256281407,0.0,0.0
Provision_PT_838_Security_Camera,30,15,11200,peer_cov_fixed,1.0,0.99310188,0.863396984924623,0.0926,1.0
Provision_PT_838_Security_Camera,30,15,11200,risk_blend,0.7803335544598514,0.99354752,0.8492623115577889,0.0,0.0
Provision_PT_838_Security_Camera,30,15,11200,risk_blend_mismatch,0.3408239101139445,0.99530464,0.8328743718592965,0.0,0.0
Provision_PT_838_Security_Camera,30,15,11200,peer_cov_soft,1.0,0.99692028,0.8903839195979899,0.0,0.0
Provision_PT_838_Security_Camera,30,15,11200,risk_soft_cov,0.9999290698786139,0.9969201599999999,0.8903778894472363,0.0,0.0
Provision_PT_838_Security_Camera,30,15,11200,risk_soft_cov_mismatch,0.4785676650494899,0.996768,0.8665869346733668,0.0,0.0
Provision_PT_838_Security_Camera,30,16,13807,shared_oas,1.0,0.9252551199999999,0.6949889447236182,0.0898,0.564
Provision_PT_838_Security_Camera,30,16,13807,local_oas,0.0,0.91387064,0.7048402010050251,0.0764,0.4436
Provision_PT_838_Security_Camera,30,16,13807,peer_cov_fixed,1.0,0.9924752,0.8934572864321608,0.3176,1.0
Provision_PT_838_Security_Camera,30,16,13807,risk_blend,0.21393361737223593,0.99073768,0.8822331658291458,0.0084,0.7888
Provision_PT_838_Security_Camera,30,16,13807,risk_blend_mismatch,0.07845951054091453,0.98372532,0.868964824120603,0.0,0.6538
Provision_PT_838_Security_Camera,30,16,13807,peer_cov_soft,1.0,0.82853596,0.601678391959799,0.2526,0.5676
Provision_PT_838_Security_Camera,30,16,13807,risk_soft_cov,0.999641609248122,0.8290588,0.6033728643216081,0.252,0.5672
Provision_PT_838_Security_Camera,30,16,13807,risk_soft_cov_mismatch,0.18458056149186491,0.8751485599999999,0.6409386934673367,0.0736,0.411
Provision_PT_838_Security_Camera,30,17,37937,shared_oas,1.0,0.8989353999999998,0.5002713567839197,0.3132,1.0
Provision_PT_838_Security_Camera,30,17,37937,local_oas,0.0,0.88244544,0.49761005025125626,0.3104,1.0
Provision_PT_838_Security_Camera,30,17,37937,peer_cov_fixed,1.0,0.9915571999999999,0.8834492462311558,0.524,1.0
Provision_PT_838_Security_Camera,30,17,37937,risk_blend,0.11153543290839033,0.9810285999999999,0.8531557788944724,0.415,1.0
Provision_PT_838_Security_Camera,30,17,37937,risk_blend_mismatch,0.04080702166759042,0.9644235999999999,0.8142713567839197,0.3308,1.0
Provision_PT_838_Security_Camera,30,17,37937,peer_cov_soft,1.0,0.83124644,0.6065427135678392,0.6902,1.0
Provision_PT_838_Security_Camera,30,17,37937,risk_soft_cov,0.9991989240744591,0.83124488,0.6064924623115577,0.6872,1.0
Provision_PT_838_Security_Camera,30,17,37937,risk_soft_cov_mismatch,0.16364627647510505,0.8496419600000001,0.49963819095477385,0.4408,1.0
Provision_PT_838_Security_Camera,30,18,62850,shared_oas,1.0,0.8905543600000001,0.6174412060301507,0.3214,1.0
Provision_PT_838_Security_Camera,30,18,62850,local_oas,0.0,0.88189964,0.6223718592964824,0.3062,1.0
Provision_PT_838_Security_Camera,30,18,62850,peer_cov_fixed,1.0,0.99174984,0.8901246231155778,0.5298,1.0
Provision_PT_838_Security_Camera,30,18,62850,risk_blend,0.057159139572525906,0.97158944,0.829051256281407,0.4576,1.0
Provision_PT_838_Security_Camera,30,18,62850,risk_blend_mismatch,0.015675073294165384,0.94339956,0.682321608040201,0.3516,1.0
Provision_PT_838_Security_Camera,30,18,62850,peer_cov_soft,1.0,0.8648484000000001,0.7028924623115578,0.614,1.0
Provision_PT_838_Security_Camera,30,18,62850,risk_soft_cov,0.9979655283799809,0.86432052,0.7028482412060302,0.6074,1.0
Provision_PT_838_Security_Camera,30,18,62850,risk_soft_cov_mismatch,0.06690110125325992,0.8686984400000001,0.6279738693467336,0.3966,1.0
Provision_PT_838_Security_Camera,30,19,25741,shared_oas,1.0,0.83971744,0.49748743718592964,0.3886,1.0
Provision_PT_838_Security_Camera,30,19,25741,local_oas,0.0,0.8113791199999999,0.49748743718592964,0.3712,1.0
Provision_PT_838_Security_Camera,30,19,25741,peer_cov_fixed,1.0,0.99105588,0.8906492462311559,0.6264,1.0
Provision_PT_838_Security_Camera,30,19,25741,risk_blend,0.011781742188010761,0.9091766399999999,0.6454733668341708,0.3908,1.0
Provision_PT_838_Security_Camera,30,19,25741,risk_blend_mismatch,0.0025781260166912075,0.8614470000000001,0.510243216080402,0.3618,1.0
Provision_PT_838_Security_Camera,30,19,25741,peer_cov_soft,1.0,0.86504084,0.7095738693467337,0.5722,1.0
Provision_PT_838_Security_Camera,30,19,25741,risk_soft_cov,0.9896763666891377,0.86160204,0.7093346733668342,0.567,1.0
Provision_PT_838_Security_Camera,30,19,25741,risk_soft_cov_mismatch,0.011192896661544367,0.83825612,0.49748743718592964,0.3628,1.0
Provision_PT_838_Security_Camera,30,20,52189,shared_oas,1.0,0.9513295600000001,0.6911738693467336,0.1774,0.9982
Provision_PT_838_Security_Camera,30,20,52189,local_oas,0.0,0.92625376,0.6845708542713568,0.1584,0.7848
Provision_PT_838_Security_Camera,30,20,52189,peer_cov_fixed,1.0,0.99078272,0.8878492462311558,0.3424,1.0
Provision_PT_838_Security_Camera,30,20,52189,risk_blend,0.19481027372592435,0.9849419199999999,0.8637165829145728,0.1628,1.0
Provision_PT_838_Security_Camera,30,20,52189,risk_blend_mismatch,0.07660256155561188,0.97407572,0.8578874371859296,0.0886,0.7902
Provision_PT_838_Security_Camera,30,20,52189,peer_cov_soft,1.0,0.8298958799999998,0.6004422110552764,0.2754,0.7202
Provision_PT_838_Security_Camera,30,20,52189,risk_soft_cov,0.9995992436792,0.8304304399999999,0.6019879396984924,0.275,0.7202
Provision_PT_838_Security_Camera,30,20,52189,risk_soft_cov_mismatch,0.19610482788397635,0.87936824,0.6314391959798995,0.1428,0.5972
Provision_PT_838_Security_Camera,30,21,48757,shared_oas,1.0,0.9182532,0.7201728643216081,0.0324,0.4512
Provision_PT_838_Security_Camera,30,21,48757,local_oas,0.0,0.9070005600000001,0.7120100502512563,0.0062,0.4292
Provision_PT_838_Security_Camera,30,21,48757,peer_cov_fixed,1.0,0.9921879600000001,0.8941949748743718,0.3284,1.0
Provision_PT_838_Security_Camera,30,21,48757,risk_blend,0.19792032922296168,0.98327468,0.8811296482412061,0.0088,0.7858
Provision_PT_838_Security_Camera,30,21,48757,risk_blend_mismatch,0.06674707407632641,0.9645654400000001,0.865332663316583,0.0,0.5216
Provision_PT_838_Security_Camera,30,21,48757,peer_cov_soft,1.0,0.83686052,0.6045587939698492,0.26,0.698
Provision_PT_838_Security_Camera,30,21,48757,risk_soft_cov,0.999615309122727,0.8373914800000001,0.6057507537688442,0.2598,0.6978
Provision_PT_838_Security_Camera,30,21,48757,risk_soft_cov_mismatch,0.16736668731005033,0.8790036400000001,0.7035477386934673,0.0186,0.4152
Provision_PT_838_Security_Camera,30,22,20849,shared_oas,1.0,0.8379956799999999,0.49748743718592964,0.3368,1.0
Provision_PT_838_Security_Camera,30,22,20849,local_oas,0.0,0.79355884,0.49748743718592964,0.3022,0.9996
Provision_PT_838_Security_Camera,30,22,20849,peer_cov_fixed,1.0,0.9894218399999999,0.8750914572864321,0.4468,1.0
Provision_PT_838_Security_Camera,30,22,20849,risk_blend,0.050766343288331926,0.92782604,0.6767437185929648,0.3266,1.0
Provision_PT_838_Security_Camera,30,22,20849,risk_blend_mismatch,0.012220278775779386,0.8935563599999999,0.6014050251256281,0.3048,1.0
Provision_PT_838_Security_Camera,30,22,20849,peer_cov_soft,1.0,0.8664733600000001,0.7019216080402011,0.4812,1.0
Provision_PT_838_Security_Camera,30,22,20849,risk_soft_cov,0.9976866481032548,0.86570412,0.7017929648241206,0.4778,1.0
Provision_PT_838_Security_Camera,30,22,20849,risk_soft_cov_mismatch,0.04360792234775855,0.82186276,0.49748743718592964,0.2982,0.9996
Provision_PT_838_Security_Camera,30,23,29661,shared_oas,1.0,0.8805763600000001,0.5939376884422111,0.3126,1.0
Provision_PT_838_Security_Camera,30,23,29661,local_oas,0.0,0.8748969999999999,0.5945185929648241,0.3016,1.0
Provision_PT_838_Security_Camera,30,23,29661,peer_cov_fixed,1.0,0.9918366799999999,0.8925025125628141,0.4702,1.0
Provision_PT_838_Security_Camera,30,23,29661,risk_blend,0.06546533013149919,0.9599574399999999,0.741427135678392,0.3968,1.0
Provision_PT_838_Security_Camera,30,23,29661,risk_blend_mismatch,0.01734042909619932,0.93093828,0.6866150753768844,0.3202,1.0
Provision_PT_838_Security_Camera,30,23,29661,peer_cov_soft,1.0,0.8609703200000001,0.7009869346733668,0.5746,1.0
Provision_PT_838_Security_Camera,30,23,29661,risk_soft_cov,0.9982472634832051,0.86049096,0.7009306532663316,0.5678,1.0
Provision_PT_838_Security_Camera,30,23,29661,risk_soft_cov_mismatch,0.07262006952226419,0.8660186,0.5976944723618091,0.3302,1.0
Provision_PT_838_Security_Camera,30,24,55813,shared_oas,1.0,0.99977188,0.9885366834170854,0.1228,1.0
Provision_PT_838_Security_Camera,30,24,55813,local_oas,0.0,0.99935896,0.9712281407035176,0.5238,1.0
Provision_PT_838_Security_Camera,30,24,55813,peer_cov_fixed,1.0,0.9971989600000001,0.8994633165829147,0.0036,0.8004
Provision_PT_838_Security_Camera,30,24,55813,risk_blend,0.8980264608295838,0.99991476,0.9957165829145729,0.0124,1.0
Provision_PT_838_Security_Camera,30,24,55813,risk_blend_mismatch,0.22007851764528957,0.99978464,0.9891778894472363,0.1682,1.0
Provision_PT_838_Security_Camera,30,24,55813,peer_cov_soft,1.0,0.99763724,0.8995095477386934,0.0104,0.8006
Provision_PT_838_Security_Camera,30,24,55813,risk_soft_cov,0.9999754791559365,0.9976372800000001,0.8995095477386934,0.0104,0.8006
Provision_PT_838_Security_Camera,30,24,55813,risk_soft_cov_mismatch,0.22193337337466104,0.99975152,0.987513567839196,0.1308,1.0
Provision_PT_838_Security_Camera,30,25,47360,shared_oas,1.0,0.9075146,0.633678391959799,0.3516,1.0
Provision_PT_838_Security_Camera,30,25,47360,local_oas,0.0,0.8970764,0.6391135678391959,0.3158,1.0
Provision_PT_838_Security_Camera,30,25,47360,peer_cov_fixed,1.0,0.99084524,0.8905527638190955,0.4548,1.0
Provision_PT_838_Security_Camera,30,25,47360,risk_blend,0.054407753643604395,0.96590064,0.8519537688442211,0.3616,1.0
Provision_PT_838_Security_Camera,30,25,47360,risk_blend_mismatch,0.014375721700191461,0.94541628,0.6937668341708543,0.3344,1.0
Provision_PT_838_Security_Camera,30,25,47360,peer_cov_soft,1.0,0.8598092399999999,0.7087376884422111,0.4804,1.0
Provision_PT_838_Security_Camera,30,25,47360,risk_soft_cov,0.99785072518865,0.85981872,0.708705527638191,0.4764,1.0
Provision_PT_838_Security_Camera,30,25,47360,risk_soft_cov_mismatch,0.05931919358642785,0.8821649600000001,0.6337145728643216,0.3114,1.0
Provision_PT_838_Security_Camera,30,26,57681,shared_oas,1.0,0.9605497999999999,0.8102412060301507,0.009,0.6714
Provision_PT_838_Security_Camera,30,26,57681,local_oas,0.0,0.9438698400000001,0.7134653266331659,0.0,0.3848
Provision_PT_838_Security_Camera,30,26,57681,peer_cov_fixed,1.0,0.99369704,0.8881567839195981,0.3042,1.0
Provision_PT_838_Security_Camera,30,26,57681,risk_blend,0.24070509416510386,0.99224684,0.8844783919597989,0.0,0.6966
Provision_PT_838_Security_Camera,30,26,57681,risk_blend_mismatch,0.08564850988749233,0.9898462800000001,0.8801909547738693,0.0,0.2022
Provision_PT_838_Security_Camera,30,26,57681,peer_cov_soft,1.0,0.83468052,0.6048643216080403,0.205,0.5394
Provision_PT_838_Security_Camera,30,26,57681,risk_soft_cov,0.9996959815679183,0.8350978,0.6055758793969849,0.205,0.5388
Provision_PT_838_Security_Camera,30,26,57681,risk_soft_cov_mismatch,0.17695773578807372,0.8872198,0.6562613065326633,0.0,0.1954
Provision_PT_838_Security_Camera,30,27,14078,shared_oas,1.0,0.82946028,0.49755175879396984,0.7494,1.0
Provision_PT_838_Security_Camera,30,27,14078,local_oas,0.0,0.7986233999999999,0.4997246231155779,0.6692,1.0
Provision_PT_838_Security_Camera,30,27,14078,peer_cov_fixed,1.0,0.9904944,0.8902211055276381,0.7814,1.0
Provision_PT_838_Security_Camera,30,27,14078,risk_blend,0.008694360576045428,0.9252062799999999,0.6769226130653266,0.7848,1.0
Provision_PT_838_Security_Camera,30,27,14078,risk_blend_mismatch,0.0018946052487598245,0.8550895599999999,0.5816341708542714,0.7444,1.0
Provision_PT_838_Security_Camera,30,27,14078,peer_cov_soft,1.0,0.8646349600000001,0.7076743718592965,0.8152,1.0
Provision_PT_838_Security_Camera,30,27,14078,risk_soft_cov,0.9860185876689616,0.8649879599999999,0.7075396984924623,0.8086,1.0
Provision_PT_838_Security_Camera,30,27,14078,risk_soft_cov_mismatch,0.00815408935651011,0.8222437199999999,0.4978713567839196,0.719,1.0
Provision_PT_838_Security_Camera,30,28,15600,shared_oas,1.0,0.8308044000000001,0.6151376884422111,0.4152,1.0
Provision_PT_838_Security_Camera,30,28,15600,local_oas,0.0,0.83018952,0.6282753768844221,0.317,0.7994
Provision_PT_838_Security_Camera,30,28,15600,peer_cov_fixed,1.0,0.9896891200000001,0.8833889447236181,0.5436,1.0
Provision_PT_838_Security_Camera,30,28,15600,risk_blend,0.050739814539520506,0.9091894000000001,0.7060562814070352,0.4782,1.0
Provision_PT_838_Security_Camera,30,28,15600,risk_blend_mismatch,0.014368289807884968,0.8671996799999999,0.6801909547738694,0.4422,1.0
Provision_PT_838_Security_Camera,30,28,15600,peer_cov_soft,1.0,0.8621622,0.707843216080402,0.6198,1.0
Provision_PT_838_Security_Camera,30,28,15600,risk_soft_cov,0.997689100772721,0.86120872,0.707827135678392,0.6148,1.0
Provision_PT_838_Security_Camera,30,28,15600,risk_soft_cov_mismatch,0.06103833872293977,0.8278128,0.6321366834170854,0.4316,1.0
Provision_PT_838_Security_Camera,30,29,34142,shared_oas,1.0,0.9998686,0.9933969849246231,0.0016,0.9994
Provision_PT_838_Security_Camera,30,29,34142,local_oas,0.0,0.99961888,0.9808482412060302,0.0,0.0
Provision_PT_838_Security_Camera,30,29,34142,peer_cov_fixed,1.0,0.9952344,0.9016844221105528,0.0,0.7254
Provision_PT_838_Security_Camera,30,29,34142,risk_blend,0.9257772833528504,0.99982692,0.9913025125628141,0.0002,0.7342
Provision_PT_838_Security_Camera,30,29,34142,risk_blend_mismatch,0.29411947560139645,0.99989184,0.9945648241206029,0.0,0.2796
Provision_PT_838_Security_Camera,30,29,34142,peer_cov_soft,1.0,0.99747352,0.9023517587939698,0.0,0.0
Provision_PT_838_Security_Camera,30,29,34142,risk_soft_cov,0.9999785107858736,0.99751184,0.9023517587939698,0.0,0.0
Provision_PT_838_Security_Camera,30,29,34142,risk_soft_cov_mismatch,0.30489060903497983,0.99988972,0.9944582914572864,0.0,0.0
Provision_PT_838_Security_Camera,100,0,60932,shared_oas,1.0,0.91481192,0.699867336683417,0.1352,0.7478
Provision_PT_838_Security_Camera,100,0,60932,local_oas,0.0,0.89396108,0.6999899497487437,0.191,0.7794
Provision_PT_838_Security_Camera,100,0,60932,peer_cov_fixed,1.0,0.98756108,0.8481587939698493,0.5414,1.0
Provision_PT_838_Security_Camera,100,0,60932,risk_blend,0.07165312998381532,0.9781504400000001,0.8552582914572865,0.2104,1.0
Provision_PT_838_Security_Camera,100,0,60932,risk_blend_mismatch,0.021609221494212846,0.9605609199999999,0.8401809045226131,0.1432,0.7992
Provision_PT_838_Security_Camera,100,0,60932,peer_cov_soft,1.0,0.8117063199999999,0.6690170854271357,0.2936,0.7996
Provision_PT_838_Security_Camera,100,0,60932,risk_soft_cov,0.9984817993166708,0.81268552,0.6715236180904522,0.2932,0.7996
Provision_PT_838_Security_Camera,100,0,60932,risk_soft_cov_mismatch,0.05076807220239433,0.87107108,0.6995256281407035,0.1876,0.6384
Provision_PT_838_Security_Camera,100,1,46430,shared_oas,1.0,0.9701134,0.6939678391959799,0.0,0.2308
Provision_PT_838_Security_Camera,100,1,46430,local_oas,0.0,0.9684896799999999,0.6782211055276381,0.0,0.2804
Provision_PT_838_Security_Camera,100,1,46430,peer_cov_fixed,1.0,0.98749048,0.8316603015075377,0.2136,1.0
Provision_PT_838_Security_Camera,100,1,46430,risk_blend,0.21352365481676744,0.98212436,0.7249527638190956,0.0,0.148
Provision_PT_838_Security_Camera,100,1,46430,risk_blend_mismatch,0.10101749937478695,0.97833876,0.696956783919598,0.0,0.0
Provision_PT_838_Security_Camera,100,1,46430,peer_cov_soft,1.0,0.82023156,0.6044924623115578,0.0,0.0542
Provision_PT_838_Security_Camera,100,1,46430,risk_soft_cov,0.9996052600554827,0.82291876,0.6064402010050252,0.0,0.0312
Provision_PT_838_Security_Camera,100,1,46430,risk_soft_cov_mismatch,0.1529069884980518,0.9540564,0.6282894472361809,0.0,0.0
Provision_PT_838_Security_Camera,100,2,50212,shared_oas,1.0,0.9989588399999999,0.9476804020100502,0.004,1.0
Provision_PT_838_Security_Camera,100,2,50212,local_oas,0.0,0.9988358,0.941497487437186,0.0,0.0
Provision_PT_838_Security_Camera,100,2,50212,peer_cov_fixed,1.0,0.98705916,0.8465809045226131,0.051,0.7938
Provision_PT_838_Security_Camera,100,2,50212,risk_blend,0.8411573200213918,0.9938486799999999,0.8858773869346734,0.0008,0.7132
Provision_PT_838_Security_Camera,100,2,50212,risk_blend_mismatch,0.24340585596660153,0.99821156,0.9102552763819096,0.0,0.0
Provision_PT_838_Security_Camera,100,2,50212,peer_cov_soft,1.0,0.99427808,0.8747075376884421,0.0,0.0
Provision_PT_838_Security_Camera,100,2,50212,risk_soft_cov,0.9998643947044533,0.99427828,0.8747175879396984,0.0,0.0
Provision_PT_838_Security_Camera,100,2,50212,risk_soft_cov_mismatch,0.44989132114617614,0.99634324,0.8785829145728643,0.0,0.0
Provision_PT_838_Security_Camera,100,3,1204,shared_oas,1.0,0.99966948,0.9833909547738694,0.0004,0.609
Provision_PT_838_Security_Camera,100,3,1204,local_oas,0.0,0.99958748,0.979270351758794,0.0,0.5846
Provision_PT_838_Security_Camera,100,3,1204,peer_cov_fixed,1.0,0.9924409599999999,0.8413346733668341,0.0242,0.8012
Provision_PT_838_Security_Camera,100,3,1204,risk_blend,0.7842737289017816,0.9976406,0.884705527638191,0.0192,0.9994
Provision_PT_838_Security_Camera,100,3,1204,risk_blend_mismatch,0.14471478208252417,0.9997699200000001,0.9885326633165828,0.002,0.993
Provision_PT_838_Security_Camera,100,3,1204,peer_cov_soft,1.0,0.9978031199999999,0.8899798994974875,0.0434,1.0
Provision_PT_838_Security_Camera,100,3,1204,risk_soft_cov,0.9995306423986093,0.99780308,0.889975879396985,0.0432,1.0
Provision_PT_838_Security_Camera,100,3,1204,risk_soft_cov_mismatch,0.3613394571799738,0.99962032,0.9810371859296483,0.0184,0.9998
Provision_PT_838_Security_Camera,100,4,37709,shared_oas,1.0,0.99909972,0.9549447236180906,0.0002,0.2862
Provision_PT_838_Security_Camera,100,4,37709,local_oas,0.0,0.9985782000000001,0.9286592964824121,0.0002,0.2248
Provision_PT_838_Security_Camera,100,4,37709,peer_cov_fixed,1.0,0.9869369200000001,0.832148743718593,0.1474,1.0
Provision_PT_838_Security_Camera,100,4,37709,risk_blend,0.6064004256689277,0.98845744,0.8223075376884422,0.0032,0.6506
Provision_PT_838_Security_Camera,100,4,37709,risk_blend_mismatch,0.2622985233527198,0.98958792,0.8191798994974875,0.0,0.1938
Provision_PT_838_Security_Camera,100,4,37709,peer_cov_soft,1.0,0.98947328,0.8474432160804021,0.0,0.0
Provision_PT_838_Security_Camera,100,4,37709,risk_soft_cov,0.9998497943311053,0.9894730799999999,0.8474331658291457,0.0,0.0
Provision_PT_838_Security_Camera,100,4,37709,risk_soft_cov_mismatch,0.515362285222357,0.98876992,0.8265165829145729,0.0,0.0
Provision_PT_838_Security_Camera,100,5,9307,shared_oas,1.0,0.99903164,0.9513386934673367,0.6126,1.0
Provision_PT_838_Security_Camera,100,5,9307,local_oas,0.0,0.99882156,0.941772864321608,0.75,1.0
Provision_PT_838_Security_Camera,100,5,9307,peer_cov_fixed,1.0,0.9921766,0.858846231155779,0.0294,0.8032
Provision_PT_838_Security_Camera,100,5,9307,risk_blend,0.8220778688995595,0.9985099199999999,0.9256422110552764,0.0582,1.0
Provision_PT_838_Security_Camera,100,5,9307,risk_blend_mismatch,0.14292364092811138,0.9996254400000001,0.9812241206030151,0.7008,1.0
Provision_PT_838_Security_Camera,100,5,9307,peer_cov_soft,1.0,0.9966731200000001,0.8907618090452262,0.0384,0.9996
Provision_PT_838_Security_Camera,100,5,9307,risk_soft_cov,0.9997425429079081,0.99667328,0.8907698492462313,0.0384,0.9996
Provision_PT_838_Security_Camera,100,5,9307,risk_soft_cov_mismatch,0.24812332649331684,0.99976832,0.9884381909547739,0.3554,1.0
Provision_PT_838_Security_Camera,100,6,21654,shared_oas,1.0,0.99962328,0.9810693467336684,0.0,0.0
Provision_PT_838_Security_Camera,100,6,21654,local_oas,0.0,0.99952344,0.9760522613065328,0.0,0.0
Provision_PT_838_Security_Camera,100,6,21654,peer_cov_fixed,1.0,0.98693252,0.8390291457286432,0.053,0.7968
Provision_PT_838_Security_Camera,100,6,21654,risk_blend,0.8321672666924913,0.9935488,0.8892783919597991,0.0,0.0
Provision_PT_838_Security_Camera,100,6,21654,risk_blend_mismatch,0.15620234573808975,0.99576692,0.8976221105527638,0.0,0.0
Provision_PT_838_Security_Camera,100,6,21654,peer_cov_soft,1.0,0.9953646,0.8922673366834171,0.0,0.0
Provision_PT_838_Security_Camera,100,6,21654,risk_soft_cov,0.9996203666839053,0.99536492,0.892283417085427,0.0,0.0
Provision_PT_838_Security_Camera,100,6,21654,risk_soft_cov_mismatch,0.6171219176746575,0.99606236,0.8963336683417085,0.0,0.0
Provision_PT_838_Security_Camera,100,7,26953,shared_oas,1.0,0.999025,0.9510050251256281,0.509,1.0
Provision_PT_838_Security_Camera,100,7,26953,local_oas,0.0,0.9992502,0.9625829145728644,0.7266,1.0
Provision_PT_838_Security_Camera,100,7,26953,peer_cov_fixed,1.0,0.99054492,0.846594974874372,0.0378,0.7978
Provision_PT_838_Security_Camera,100,7,26953,risk_blend,0.7802211950136121,0.99831672,0.9156743718592963,0.0686,1.0
Provision_PT_838_Security_Camera,100,7,26953,risk_blend_mismatch,0.1201777585669262,0.99957372,0.9785788944723619,0.4412,1.0
Provision_PT_838_Security_Camera,100,7,26953,peer_cov_soft,1.0,0.9958842,0.8704482412060301,0.0506,1.0
Provision_PT_838_Security_Camera,100,7,26953,risk_soft_cov,0.9995463280645447,0.9958851200000001,0.8704924623115577,0.0504,1.0
Provision_PT_838_Security_Camera,100,7,26953,risk_soft_cov_mismatch,0.22755514445542083,0.9995102,0.9753869346733668,0.1938,1.0
Provision_PT_838_Security_Camera,100,8,18677,shared_oas,1.0,0.99920444,0.9600221105527639,0.0,0.0
Provision_PT_838_Security_Camera,100,8,18677,local_oas,0.0,0.99922096,0.9608522613065327,0.0,0.0
Provision_PT_838_Security_Camera,100,8,18677,peer_cov_fixed,1.0,0.9907406000000001,0.8403316582914573,0.0378,0.7972
Provision_PT_838_Security_Camera,100,8,18677,risk_blend,0.7447035090677945,0.99567232,0.8871095477386934,0.0,0.0
Provision_PT_838_Security_Camera,100,8,18677,risk_blend_mismatch,0.261141038935816,0.998126,0.9061407035175879,0.0,0.0
Provision_PT_838_Security_Camera,100,8,18677,peer_cov_soft,1.0,0.9951009599999999,0.869145728643216,0.0,0.0
Provision_PT_838_Security_Camera,100,8,18677,risk_soft_cov,0.9997263161246049,0.9951024799999999,0.8692180904522613,0.0,0.0
Provision_PT_838_Security_Camera,100,8,18677,risk_soft_cov_mismatch,0.7144133358602331,0.99738084,0.885035175879397,0.0,0.0
Provision_PT_838_Security_Camera,100,9,40844,shared_oas,1.0,0.99901544,0.9505246231155778,0.0414,1.0
Provision_PT_838_Security_Camera,100,9,40844,local_oas,0.0,0.99910056,0.9548020100502512,0.031,1.0
Provision_PT_838_Security_Camera,100,9,40844,peer_cov_fixed,1.0,0.99060632,0.8486472361809045,0.0362,0.7978
Provision_PT_838_Security_Camera,100,9,40844,risk_blend,0.6829930317923081,0.9967400399999999,0.8732402010050251,0.0192,0.9988
Provision_PT_838_Security_Camera,100,9,40844,risk_blend_mismatch,0.14952214062674746,0.9997501599999999,0.9884542713567839,0.0382,1.0
Provision_PT_838_Security_Camera,100,9,40844,peer_cov_soft,1.0,0.99602612,0.8868623115577889,0.0214,0.9996
Provision_PT_838_Security_Camera,100,9,40844,risk_soft_cov,0.9995233324387787,0.9960672800000001,0.8869005025125628,0.0214,0.9996
Provision_PT_838_Security_Camera,100,9,40844,risk_soft_cov_mismatch,0.28606853218373274,0.99971788,0.9862130653266332,0.0178,0.9996
Provision_PT_838_Security_Camera,100,10,11893,shared_oas,1.0,0.99975904,0.9878914572864321,0.0526,1.0
Provision_PT_838_Security_Camera,100,10,11893,local_oas,0.0,0.9997923599999999,0.9901949748743719,0.2982,1.0
Provision_PT_838_Security_Camera,100,10,11893,peer_cov_fixed,1.0,0.99096224,0.8410653266331658,0.0348,0.7972
Provision_PT_838_Security_Camera,100,10,11893,risk_blend,0.8266643435532364,0.99782548,0.8915959798994975,0.0296,0.9998
Provision_PT_838_Security_Camera,100,10,11893,risk_blend_mismatch,0.14890302276061942,0.99990188,0.9951135678391959,0.0456,1.0
Provision_PT_838_Security_Camera,100,10,11893,peer_cov_soft,1.0,0.9959079200000001,0.8884763819095478,0.034,1.0
Provision_PT_838_Security_Camera,100,10,11893,risk_soft_cov,0.9997981968691596,0.99590828,0.8884924623115578,0.034,1.0
Provision_PT_838_Security_Camera,100,10,11893,risk_soft_cov_mismatch,0.2349207636540441,0.9999434,0.9971557788944723,0.0536,1.0
Provision_PT_838_Security_Camera,100,11,4572,shared_oas,1.0,0.8496726400000001,0.6875336683417085,0.2396,0.7272
Provision_PT_838_Security_Camera,100,11,4572,local_oas,0.0,0.846287,0.6999798994974875,0.252,0.7086
Provision_PT_838_Security_Camera,100,11,4572,peer_cov_fixed,1.0,0.9851318,0.8312844221105528,0.4146,1.0
Provision_PT_838_Security_Camera,100,11,4572,risk_blend,0.04335147669371919,0.92730224,0.7062492462311558,0.2866,1.0
Provision_PT_838_Security_Camera,100,11,4572,risk_blend_mismatch,0.011855368970962742,0.87919468,0.708086432160804,0.2578,0.7932
Provision_PT_838_Security_Camera,100,11,4572,peer_cov_soft,1.0,0.8473856,0.7084422110552764,0.3198,0.9998
Provision_PT_838_Security_Camera,100,11,4572,risk_soft_cov,0.9972669256455204,0.8411710800000001,0.7084422110552764,0.3176,0.7934
Provision_PT_838_Security_Camera,100,11,4572,risk_soft_cov_mismatch,0.04596427148089091,0.83967996,0.6945809045226131,0.253,0.4604
Provision_PT_838_Security_Camera,100,12,18195,shared_oas,1.0,0.79386544,0.49748743718592964,0.3568,1.0
Provision_PT_838_Security_Camera,100,12,18195,local_oas,0.0,0.80013924,0.49748743718592964,0.3134,1.0
Provision_PT_838_Security_Camera,100,12,18195,peer_cov_fixed,1.0,0.98751516,0.8469025125628141,0.5658,1.0
Provision_PT_838_Security_Camera,100,12,18195,risk_blend,0.008982129621588933,0.8656322800000001,0.6352924623115578,0.3514,1.0
Provision_PT_838_Security_Camera,100,12,18195,risk_blend_mismatch,0.0021709769063759615,0.8236956799999999,0.5910713567839196,0.3454,1.0
Provision_PT_838_Security_Camera,100,12,18195,peer_cov_soft,1.0,0.8444454800000001,0.705427135678392,0.545,1.0
Provision_PT_838_Security_Camera,100,12,18195,risk_soft_cov,0.9864643358851506,0.83941,0.705427135678392,0.5266,1.0
Provision_PT_838_Security_Camera,100,12,18195,risk_soft_cov_mismatch,0.009776264831701952,0.80108436,0.49748743718592964,0.3282,1.0
Provision_PT_838_Security_Camera,100,13,37302,shared_oas,1.0,0.9998767999999999,0.9938090452261306,0.0018,0.9998
Provision_PT_838_Security_Camera,100,13,37302,local_oas,0.0,0.99987612,0.9937748743718593,0.0,0.0
Provision_PT_838_Security_Camera,100,13,37302,peer_cov_fixed,1.0,0.9865922,0.841435175879397,0.031,0.798
Provision_PT_838_Security_Camera,100,13,37302,risk_blend,0.8333629828880955,0.9941135600000001,0.8893949748743719,0.0012,0.7288
Provision_PT_838_Security_Camera,100,13,37302,risk_blend_mismatch,0.13866997292643535,0.9994453200000001,0.9724341708542714,0.0,0.1232
Provision_PT_838_Security_Camera,100,13,37302,peer_cov_soft,1.0,0.9948812,0.8789809045226131,0.0,0.0
Provision_PT_838_Security_Camera,100,13,37302,risk_soft_cov,0.9995996488054844,0.9948816,0.8790010050251257,0.0,0.0
Provision_PT_838_Security_Camera,100,13,37302,risk_soft_cov_mismatch,0.49422815946005483,0.99928236,0.9643577889447237,0.0,0.0
Provision_PT_838_Security_Camera,100,14,5171,shared_oas,1.0,0.9995114399999999,0.9754492462311557,0.5958,1.0
Provision_PT_838_Security_Camera,100,14,5171,local_oas,0.0,0.99948404,0.9743336683417085,0.7472,1.0
Provision_PT_838_Security_Camera,100,14,5171,peer_cov_fixed,1.0,0.99080376,0.8512361809045226,0.0394,0.9994
Provision_PT_838_Security_Camera,100,14,5171,risk_blend,0.7920660298331184,0.99743676,0.8881608040201004,0.0532,1.0
Provision_PT_838_Security_Camera,100,14,5171,risk_blend_mismatch,0.14950965188902718,0.99993316,0.9966412060301507,0.6552,1.0
Provision_PT_838_Security_Camera,100,14,5171,peer_cov_soft,1.0,0.99544364,0.8909346733668342,0.042,1.0
Provision_PT_838_Security_Camera,100,14,5171,risk_soft_cov,0.999778647549219,0.9954436799999999,0.8909366834170854,0.0416,1.0
Provision_PT_838_Security_Camera,100,14,5171,risk_soft_cov_mismatch,0.2285340035038022,0.99998928,0.9994613065326633,0.446,1.0
Provision_PT_838_Security_Camera,100,15,33309,shared_oas,1.0,0.9990422,0.9518693467336683,0.2936,1.0
Provision_PT_838_Security_Camera,100,15,33309,local_oas,0.0,0.99919048,0.9593206030150754,0.2546,1.0
Provision_PT_838_Security_Camera,100,15,33309,peer_cov_fixed,1.0,0.99061844,0.856305527638191,0.0304,0.7994
Provision_PT_838_Security_Camera,100,15,33309,risk_blend,0.8246044637984862,0.99766944,0.8938653266331658,0.0376,1.0
Provision_PT_838_Security_Camera,100,15,33309,risk_blend_mismatch,0.1345289901904075,0.9998186,0.9909547738693467,0.2238,1.0
Provision_PT_838_Security_Camera,100,15,33309,peer_cov_soft,1.0,0.99655276,0.8957969849246231,0.0356,0.9996
Provision_PT_838_Security_Camera,100,15,33309,risk_soft_cov,0.9997274944805328,0.9965934000000001,0.8958311557788945,0.0352,0.9996
Provision_PT_838_Security_Camera,100,15,33309,risk_soft_cov_mismatch,0.23507776403988676,0.9998656,0.9933467336683417,0.1268,1.0
Provision_PT_838_Security_Camera,100,16,59201,shared_oas,1.0,0.9996282000000001,0.9813165829145729,0.2144,1.0
Provision_PT_838_Security_Camera,100,16,59201,local_oas,0.0,0.9989132000000001,0.9572904522613066,0.7116,1.0
Provision_PT_838_Security_Camera,100,16,59201,peer_cov_fixed,1.0,0.99349864,0.8931718592964824,0.0068,0.7964
Provision_PT_838_Security_Camera,100,16,59201,risk_blend,0.7155957650491618,0.99990164,0.9950572864321607,0.0074,1.0
Provision_PT_838_Security_Camera,100,16,59201,risk_blend_mismatch,0.08443696297342267,0.99962952,0.9813829145728643,0.4868,1.0
Provision_PT_838_Security_Camera,100,16,59201,peer_cov_soft,1.0,0.9961557200000001,0.8943798994974874,0.0042,0.7974
Provision_PT_838_Security_Camera,100,16,59201,risk_soft_cov,0.9999206325896967,0.9961563600000001,0.8944120603015075,0.0042,0.7974
Provision_PT_838_Security_Camera,100,16,59201,risk_soft_cov_mismatch,0.08952966867698157,0.9997100400000001,0.9854291457286433,0.3042,1.0
Provision_PT_838_Security_Camera,100,17,46869,shared_oas,1.0,0.99970288,0.9850693467336684,0.0108,1.0
Provision_PT_838_Security_Camera,100,17,46869,local_oas,0.0,0.99701816,0.9239417085427135,0.0002,0.559
Provision_PT_838_Security_Camera,100,17,46869,peer_cov_fixed,1.0,0.98867436,0.8646190954773869,0.013,0.7708
Provision_PT_838_Security_Camera,100,17,46869,risk_blend,0.57497126291873,0.99990724,0.9956,0.0,0.285
Provision_PT_838_Security_Camera,100,17,46869,risk_blend_mismatch,0.10059201095614688,0.99956308,0.9780442211055276,0.0,0.292
Provision_PT_838_Security_Camera,100,17,46869,peer_cov_soft,1.0,0.97951724,0.6801989949748743,0.0,0.0
Provision_PT_838_Security_Camera,100,17,46869,risk_soft_cov,0.9999434862363865,0.9796264,0.6827095477386935,0.0,0.0
Provision_PT_838_Security_Camera,100,17,46869,risk_soft_cov_mismatch,0.09614550413603833,0.99944448,0.9721346733668341,0.0,0.0
Provision_PT_838_Security_Camera,100,18,20480,shared_oas,1.0,0.8616778400000003,0.5967336683417086,0.4472,1.0
Provision_PT_838_Security_Camera,100,18,20480,local_oas,0.0,0.86006168,0.597772864321608,0.4418,1.0
Provision_PT_838_Security_Camera,100,18,20480,peer_cov_fixed,1.0,0.986707,0.8329045226130654,0.5348,1.0
Provision_PT_838_Security_Camera,100,18,20480,risk_blend,0.03141099280106044,0.95634144,0.6863316582914573,0.4878,1.0
Provision_PT_838_Security_Camera,100,18,20480,risk_blend_mismatch,0.009126052723786708,0.92524868,0.67481608040201,0.4534,1.0
Provision_PT_838_Security_Camera,100,18,20480,peer_cov_soft,1.0,0.8597172000000001,0.7059296482412061,0.4862,1.0
Provision_PT_838_Security_Camera,100,18,20480,risk_soft_cov,0.9961802317949227,0.85032468,0.7059296482412061,0.4802,1.0
Provision_PT_838_Security_Camera,100,18,20480,risk_soft_cov_mismatch,0.04587865463835303,0.84395456,0.6017688442211055,0.4356,1.0
Provision_PT_838_Security_Camera,100,19,51643,shared_oas,1.0,0.9995611600000001,0.9779477386934673,0.0018,1.0
Provision_PT_838_Security_Camera,100,19,51643,local_oas,0.0,0.99712816,0.9201748743718594,0.0,0.0838
Provision_PT_838_Security_Camera,100,19,51643,peer_cov_fixed,1.0,0.9935256,0.8860100502512563,0.0012,0.7536
Provision_PT_838_Security_Camera,100,19,51643,risk_blend,0.6851505243495238,0.99972952,0.986408040201005,0.0,0.2102
Provision_PT_838_Security_Camera,100,19,51643,risk_blend_mismatch,0.10557828686418737,0.9995865599999999,0.9792241206030151,0.0,0.2436
Provision_PT_838_Security_Camera,100,19,51643,peer_cov_soft,1.0,0.9908123999999999,0.8750753768844222,0.0,0.0
Provision_PT_838_Security_Camera,100,19,51643,risk_soft_cov,0.9999584566542814,0.99085888,0.8753346733668341,0.0,0.0
Provision_PT_838_Security_Camera,100,19,51643,risk_soft_cov_mismatch,0.10362016246091199,0.99958348,0.9790693467336684,0.0,0.0
Provision_PT_838_Security_Camera,100,20,56105,shared_oas,1.0,0.8025294399999999,0.49748743718592964,0.342,1.0
Provision_PT_838_Security_Camera,100,20,56105,local_oas,0.0,0.80233684,0.49748743718592964,0.3198,1.0
Provision_PT_838_Security_Camera,100,20,56105,peer_cov_fixed,1.0,0.9876427600000001,0.8519919597989949,0.5792,1.0
Provision_PT_838_Security_Camera,100,20,56105,risk_blend,0.010001992159279395,0.8839604,0.6689989949748744,0.455,1.0
Provision_PT_838_Security_Camera,100,20,56105,risk_blend_mismatch,0.0023113566949710214,0.84018372,0.598635175879397,0.3598,1.0
Provision_PT_838_Security_Camera,100,20,56105,peer_cov_soft,1.0,0.8468106,0.703819095477387,0.5428,1.0
Provision_PT_838_Security_Camera,100,20,56105,risk_soft_cov,0.9878400869527991,0.8390646799999999,0.703819095477387,0.5192,1.0
Provision_PT_838_Security_Camera,100,20,56105,risk_soft_cov_mismatch,0.010106485039971354,0.8018386799999999,0.49748743718592964,0.3244,1.0
Provision_PT_838_Security_Camera,100,21,37100,shared_oas,1.0,0.80202628,0.49748743718592964,0.3362,1.0
Provision_PT_838_Security_Camera,100,21,37100,local_oas,0.0,0.8064720799999999,0.49748743718592964,0.3272,1.0
Provision_PT_838_Security_Camera,100,21,37100,peer_cov_fixed,1.0,0.98659944,0.8447658291457287,0.583,1.0
Provision_PT_838_Security_Camera,100,21,37100,risk_blend,0.008890458432506462,0.89264724,0.6575015075376884,0.4382,1.0
Provision_PT_838_Security_Camera,100,21,37100,risk_blend_mismatch,0.002097349757265298,0.85466416,0.5928060301507537,0.37,1.0
Provision_PT_838_Security_Camera,100,21,37100,peer_cov_soft,1.0,0.8429030800000001,0.7028140703517588,0.5404,1.0
Provision_PT_838_Security_Camera,100,21,37100,risk_soft_cov,0.9863254279609079,0.83246712,0.702791959798995,0.5006,1.0
Provision_PT_838_Security_Camera,100,21,37100,risk_soft_cov_mismatch,0.009370887134532357,0.8050290400000001,0.49748743718592964,0.3358,1.0
Provision_PT_838_Security_Camera,100,22,31046,shared_oas,1.0,0.99954692,0.977521608040201,0.0358,0.9998
Provision_PT_838_Security_Camera,100,22,31046,local_oas,0.0,0.99369304,0.7964482412060301,0.4138,1.0
Provision_PT_838_Security_Camera,100,22,31046,peer_cov_fixed,1.0,0.992357,0.8580261306532664,0.0308,0.7974
Provision_PT_838_Security_Camera,100,22,31046,risk_blend,0.8215867494445044,0.99609548,0.8860582914572863,0.0442,0.9998
Provision_PT_838_Security_Camera,100,22,31046,risk_blend_mismatch,0.14441422331026355,0.99776712,0.8900683417085427,0.175,1.0
Provision_PT_838_Security_Camera,100,22,31046,peer_cov_soft,1.0,0.99700344,0.8891015075376885,0.035,0.9996
Provision_PT_838_Security_Camera,100,22,31046,risk_soft_cov,0.9997237238489083,0.9970032,0.8890834170854272,0.035,0.9996
Provision_PT_838_Security_Camera,100,22,31046,risk_soft_cov_mismatch,0.265109669081459,0.9981439999999999,0.9073306532663317,0.0742,1.0
Provision_PT_838_Security_Camera,100,23,59634,shared_oas,1.0,0.8103909999999999,0.49748743718592964,0.5274,1.0
Provision_PT_838_Security_Camera,100,23,59634,local_oas,0.0,0.8141081200000001,0.49748743718592964,0.4958,1.0
Provision_PT_838_Security_Camera,100,23,59634,peer_cov_fixed,1.0,0.9853508400000001,0.8385065326633165,0.569,1.0
Provision_PT_838_Security_Camera,100,23,59634,risk_blend,0.025946053535559205,0.9309204,0.6884422110552764,0.526,1.0
Provision_PT_838_Security_Camera,100,23,59634,risk_blend_mismatch,0.007320127767591144,0.8866386800000001,0.6713788944723618,0.521,1.0
Provision_PT_838_Security_Camera,100,23,59634,peer_cov_soft,1.0,0.83783552,0.7049246231155779,0.5494,1.0
Provision_PT_838_Security_Camera,100,23,59634,risk_soft_cov,0.9953529214174605,0.8356576399999999,0.7049246231155779,0.5404,1.0
Provision_PT_838_Security_Camera,100,23,59634,risk_soft_cov_mismatch,0.034491917355827614,0.8110999999999999,0.497686432160804,0.5198,1.0
Provision_PT_838_Security_Camera,100,24,39248,shared_oas,1.0,0.9998742,0.9936783919597989,0.0,0.0002
Provision_PT_838_Security_Camera,100,24,39248,local_oas,0.0,0.99988456,0.9941989949748744,0.0,0.0
Provision_PT_838_Security_Camera,100,24,39248,peer_cov_fixed,1.0,0.9921152000000001,0.8565447236180905,0.0134,0.796
Provision_PT_838_Security_Camera,100,24,39248,risk_blend,0.6727822799886483,0.99755648,0.8959015075376884,0.0,0.0
Provision_PT_838_Security_Camera,100,24,39248,risk_blend_mismatch,0.18108573921251442,0.99995224,0.997646231155779,0.0,0.0
Provision_PT_838_Security_Camera,100,24,39248,peer_cov_soft,1.0,0.99459056,0.868359798994975,0.0,0.0
Provision_PT_838_Security_Camera,100,24,39248,risk_soft_cov,0.9998869776345854,0.99463232,0.868424120603015,0.0,0.0
Provision_PT_838_Security_Camera,100,24,39248,risk_soft_cov_mismatch,0.22830295284018542,0.99995192,0.9976241206030152,0.0,0.0
Provision_PT_838_Security_Camera,100,25,57814,shared_oas,1.0,0.99934176,0.9669226130653267,0.5594,1.0
Provision_PT_838_Security_Camera,100,25,57814,local_oas,0.0,0.99846988,0.9373226130653267,0.7534,1.0
Provision_PT_838_Security_Camera,100,25,57814,peer_cov_fixed,1.0,0.99361144,0.8900683417085427,0.0046,0.79
Provision_PT_838_Security_Camera,100,25,57814,risk_blend,0.7210184420275141,0.99967904,0.9838914572864321,0.0322,1.0
Provision_PT_838_Security_Camera,100,25,57814,risk_blend_mismatch,0.08678082227693992,0.99917304,0.9584442211055276,0.6322,1.0
Provision_PT_838_Security_Camera,100,25,57814,peer_cov_soft,1.0,0.9963934,0.8878793969849246,0.0008,0.7718
Provision_PT_838_Security_Camera,100,25,57814,risk_soft_cov,0.9999146514087404,0.99647656,0.8879095477386935,0.0008,0.7724
Provision_PT_838_Security_Camera,100,25,57814,risk_soft_cov_mismatch,0.09321188073564625,0.99936484,0.9680824120603015,0.4246,1.0
Provision_PT_838_Security_Camera,100,26,32711,shared_oas,1.0,0.99963136,0.9814753768844221,0.0044,1.0
Provision_PT_838_Security_Camera,100,26,32711,local_oas,0.0,0.99915936,0.9628000000000001,0.0,0.1938
Provision_PT_838_Security_Camera,100,26,32711,peer_cov_fixed,1.0,0.98664776,0.8288542713567839,0.0602,0.9998
Provision_PT_838_Security_Camera,100,26,32711,risk_blend,0.687358029870798,0.99706236,0.8885829145728643,0.0004,0.5754
Provision_PT_838_Security_Camera,100,26,32711,risk_blend_mismatch,0.1410779206136096,0.99953072,0.9764180904522612,0.0,0.2646
Provision_PT_838_Security_Camera,100,26,32711,peer_cov_soft,1.0,0.98106744,0.7357226130653267,0.0,0.0
Provision_PT_838_Security_Camera,100,26,32711,risk_soft_cov,0.9999623677568079,0.9810925199999999,0.7361547738693468,0.0,0.0
Provision_PT_838_Security_Camera,100,26,32711,risk_soft_cov_mismatch,0.13480530385146067,0.9996232,0.9810653266331658,0.0,0.0
Provision_PT_838_Security_Camera,100,27,21745,shared_oas,1.0,0.99921236,0.9604201005025126,0.0024,0.999
Provision_PT_838_Security_Camera,100,27,21745,local_oas,0.0,0.99883644,0.9419939698492463,0.0,0.0
Provision_PT_838_Security_Camera,100,27,21745,peer_cov_fixed,1.0,0.98825096,0.8525125628140703,0.0202,0.8084
Provision_PT_838_Security_Camera,100,27,21745,risk_blend,0.868517483112315,0.99762952,0.8963557788944724,0.0,0.0834
Provision_PT_838_Security_Camera,100,27,21745,risk_blend_mismatch,0.21289413446804625,0.9997300800000001,0.9869266331658291,0.0,0.0
Provision_PT_838_Security_Camera,100,27,21745,peer_cov_soft,1.0,0.99497156,0.8964804020100503,0.0,0.0
Provision_PT_838_Security_Camera,100,27,21745,risk_soft_cov,0.999866928522882,0.99497232,0.8965105527638191,0.0,0.0
Provision_PT_838_Security_Camera,100,27,21745,risk_soft_cov_mismatch,0.39777094823694237,0.99972372,0.9867396984924623,0.0,0.0
Provision_PT_838_Security_Camera,100,28,37960,shared_oas,1.0,0.8153956399999999,0.49748743718592964,0.3368,1.0
Provision_PT_838_Security_Camera,100,28,37960,local_oas,0.0,0.8241917200000001,0.5235698492462312,0.328,1.0
Provision_PT_838_Security_Camera,100,28,37960,peer_cov_fixed,1.0,0.98832844,0.8560562814070352,0.5644,1.0
Provision_PT_838_Security_Camera,100,28,37960,risk_blend,0.013504092340956432,0.9025191599999999,0.7024582914572864,0.3858,1.0
Provision_PT_838_Security_Camera,100,28,37960,risk_blend_mismatch,0.0033315112388647497,0.8548706399999999,0.628713567839196,0.3462,1.0
Provision_PT_838_Security_Camera,100,28,37960,peer_cov_soft,1.0,0.8503555599999999,0.7094472361809046,0.523,1.0
Provision_PT_838_Security_Camera,100,28,37960,risk_soft_cov,0.9909967742017465,0.8456414,0.7094472361809046,0.4886,1.0
Provision_PT_838_Security_Camera,100,28,37960,risk_soft_cov_mismatch,0.015694891473733794,0.81997024,0.4982854271356784,0.3248,1.0
Provision_PT_838_Security_Camera,100,29,38717,shared_oas,1.0,0.91005208,0.7067839195979899,0.1406,0.7118
Provision_PT_838_Security_Camera,100,29,38717,local_oas,0.0,0.88500596,0.7047698492462311,0.2018,0.7018
Provision_PT_838_Security_Camera,100,29,38717,peer_cov_fixed,1.0,0.98694984,0.8525045226130654,0.5046,1.0
Provision_PT_838_Security_Camera,100,29,38717,risk_blend,0.0767478709825276,0.9768013600000001,0.85958391959799,0.1898,0.9998
Provision_PT_838_Security_Camera,100,29,38717,risk_blend_mismatch,0.024145333025605304,0.96006088,0.8465668341708542,0.1388,0.8016
Provision_PT_838_Security_Camera,100,29,38717,peer_cov_soft,1.0,0.8157772799999998,0.6721346733668341,0.2886,0.8014
Provision_PT_838_Security_Camera,100,29,38717,risk_soft_cov,0.998605899151752,0.81669244,0.6743195979899498,0.2878,0.8014
Provision_PT_838_Security_Camera,100,29,38717,risk_soft_cov_mismatch,0.07135613990138973,0.87208804,0.702948743718593,0.1672,0.5184
Provision_PT_838_Security_Camera,300,0,17716,shared_oas,1.0,0.9986313600000001,0.9312281407035177,0.0,0.0418
Provision_PT_838_Security_Camera,300,0,17716,local_oas,0.0,0.99813312,0.9062311557788945,0.0,0.0002
Provision_PT_838_Security_Camera,300,0,17716,peer_cov_fixed,1.0,0.9836636,0.7935839195979899,0.036,0.7938
Provision_PT_838_Security_Camera,300,0,17716,risk_blend,0.5481694811790219,0.99078064,0.8023115577889448,0.0066,0.6844
Provision_PT_838_Security_Camera,300,0,17716,risk_blend_mismatch,0.0883746485618659,0.9931092,0.802078391959799,0.0128,0.7908
Provision_PT_838_Security_Camera,300,0,17716,peer_cov_soft,1.0,0.99444124,0.8679879396984924,0.0,0.0064
Provision_PT_838_Security_Camera,300,0,17716,risk_soft_cov,0.9979289064449138,0.99439604,0.8677989949748743,0.0,0.0088
Provision_PT_838_Security_Camera,300,0,17716,risk_soft_cov_mismatch,0.19392110155629588,0.99486428,0.8679678391959799,0.0,0.0046
Provision_PT_838_Security_Camera,300,1,3030,shared_oas,1.0,0.82965868,0.5992884422110553,0.3924,1.0
Provision_PT_838_Security_Camera,300,1,3030,local_oas,0.0,0.83268384,0.6112040201005025,0.412,1.0
Provision_PT_838_Security_Camera,300,1,3030,peer_cov_fixed,1.0,0.98265548,0.8061346733668342,0.4288,1.0
Provision_PT_838_Security_Camera,300,1,3030,risk_blend,0.01085875884189684,0.9125412800000001,0.6777527638190954,0.4476,1.0
Provision_PT_838_Security_Camera,300,1,3030,risk_blend_mismatch,0.003050398201252684,0.86728072,0.66798391959799,0.4242,1.0
Provision_PT_838_Security_Camera,300,1,3030,peer_cov_soft,1.0,0.82873684,0.7003015075376885,0.4434,0.7994
Provision_PT_838_Security_Camera,300,1,3030,risk_soft_cov,0.988798353361813,0.82344112,0.7003015075376885,0.4182,0.7994
Provision_PT_838_Security_Camera,300,1,3030,risk_soft_cov_mismatch,0.01394406223626243,0.8300112399999999,0.6033226130653266,0.4206,1.0
Provision_PT_838_Security_Camera,300,2,1916,shared_oas,1.0,0.9992402800000001,0.9618231155778895,0.0238,1.0
Provision_PT_838_Security_Camera,300,2,1916,local_oas,0.0,0.9992636,0.9629949748743718,0.0148,1.0
Provision_PT_838_Security_Camera,300,2,1916,peer_cov_fixed,1.0,0.9862447599999999,0.8057889447236182,0.0372,0.7882
Provision_PT_838_Security_Camera,300,2,1916,risk_blend,0.579692035916373,0.9939294,0.856313567839196,0.0332,0.9996
Provision_PT_838_Security_Camera,300,2,1916,risk_blend_mismatch,0.07173003237148314,0.99867208,0.9335396984924623,0.032,1.0
Provision_PT_838_Security_Camera,300,2,1916,peer_cov_soft,1.0,0.99504644,0.8568743718592965,0.0334,0.9996
Provision_PT_838_Security_Camera,300,2,1916,risk_soft_cov,0.9981365599858735,0.99508964,0.8568723618090452,0.0328,0.9996
Provision_PT_838_Security_Camera,300,2,1916,risk_soft_cov_mismatch,0.17205638401588746,0.9988112,0.9406673366834171,0.0294,0.9996
Provision_PT_838_Security_Camera,300,3,14624,shared_oas,1.0,0.8797865599999999,0.698705527638191,0.363,1.0
Provision_PT_838_Security_Camera,300,3,14624,local_oas,0.0,0.8731145199999999,0.7002472361809046,0.3684,1.0
Provision_PT_838_Security_Camera,300,3,14624,peer_cov_fixed,1.0,0.9832356,0.8081165829145729,0.4928,1.0
Provision_PT_838_Security_Camera,300,3,14624,risk_blend,0.012889343455578746,0.9354336400000001,0.7170552763819095,0.3964,1.0
Provision_PT_838_Security_Camera,300,3,14624,risk_blend_mismatch,0.003560322276928255,0.9003375600000001,0.7008341708542714,0.382,1.0
Provision_PT_838_Security_Camera,300,3,14624,peer_cov_soft,1.0,0.82918236,0.7018834170854271,0.4172,0.7988
Provision_PT_838_Security_Camera,300,3,14624,risk_soft_cov,0.9905655997205562,0.8223206399999999,0.7018050251256281,0.4022,0.7988
Provision_PT_838_Security_Camera,300,3,14624,risk_soft_cov_mismatch,0.014765783279904543,0.86120664,0.6995336683417086,0.3442,1.0
Provision_PT_838_Security_Camera,300,4,17301,shared_oas,1.0,0.99527016,0.8783658291457286,0.0,0.0
Provision_PT_838_Security_Camera,300,4,17301,local_oas,0.0,0.99431868,0.8744060301507537,0.0,0.0
Provision_PT_838_Security_Camera,300,4,17301,peer_cov_fixed,1.0,0.98429124,0.8065788944723618,0.0984,0.9998
Provision_PT_838_Security_Camera,300,4,17301,risk_blend,0.6795482271551454,0.98981172,0.8151477386934673,0.0,0.0
Provision_PT_838_Security_Camera,300,4,17301,risk_blend_mismatch,0.0701805638304752,0.9917212,0.8052100502512562,0.0,0.0
Provision_PT_838_Security_Camera,300,4,17301,peer_cov_soft,1.0,0.9948218799999999,0.8807497487437186,0.0,0.0
Provision_PT_838_Security_Camera,300,4,17301,risk_soft_cov,0.9987734764754518,0.99482148,0.8807336683417084,0.0,0.0
Provision_PT_838_Security_Camera,300,4,17301,risk_soft_cov_mismatch,0.8547380339442675,0.9945882,0.8790170854271356,0.0,0.0
Provision_PT_838_Security_Camera,300,5,30611,shared_oas,1.0,0.98561204,0.8926753768844221,0.0,0.0
Provision_PT_838_Security_Camera,300,5,30611,local_oas,0.0,0.8064089200000001,0.8662854271356784,0.0,0.0
Provision_PT_838_Security_Camera,300,5,30611,peer_cov_fixed,1.0,0.98298728,0.7965668341708543,0.0264,0.7726
Provision_PT_838_Security_Camera,300,5,30611,risk_blend,0.7622001479873308,0.9827587200000001,0.8307356783919598,0.0024,0.6826
Provision_PT_838_Security_Camera,300,5,30611,risk_blend_mismatch,0.08593553930906013,0.9251362399999999,0.8345768844221105,0.0,0.0016
Provision_PT_838_Security_Camera,300,5,30611,peer_cov_soft,1.0,0.99455376,0.8554592964824121,0.0018,0.7566
Provision_PT_838_Security_Camera,300,5,30611,risk_soft_cov,0.9992286771091359,0.99455172,0.8553708542713567,0.0018,0.7556
Provision_PT_838_Security_Camera,300,5,30611,risk_soft_cov_mismatch,0.25245651715861644,0.9866463200000001,0.888721608040201,0.0,0.4452
Provision_PT_838_Security_Camera,300,6,47508,shared_oas,1.0,0.9989608,0.9477788944723617,0.0162,1.0
Provision_PT_838_Security_Camera,300,6,47508,local_oas,0.0,0.99878696,0.939043216080402,0.015,1.0
Provision_PT_838_Security_Camera,300,6,47508,peer_cov_fixed,1.0,0.98622648,0.8346793969849247,0.0028,0.6688
Provision_PT_838_Security_Camera,300,6,47508,risk_blend,0.6776070539621692,0.99897732,0.9486090452261307,0.0072,1.0
Provision_PT_838_Security_Camera,300,6,47508,risk_blend_mismatch,0.07119539003036847,0.99945528,0.972627135678392,0.0144,1.0
Provision_PT_838_Security_Camera,300,6,47508,peer_cov_soft,1.0,0.9954352,0.881937688442211,0.0038,0.7912
Provision_PT_838_Security_Camera,300,6,47508,risk_soft_cov,0.9987872733377625,0.99572744,0.8819417085427137,0.0032,0.7912
Provision_PT_838_Security_Camera,300,6,47508,risk_soft_cov_mismatch,0.17551629645532646,0.9995245199999999,0.9761065326633165,0.0678,1.0
Provision_PT_838_Security_Camera,300,7,52501,shared_oas,1.0,0.9989638,0.947929648241206,0.0,0.0
Provision_PT_838_Security_Camera,300,7,52501,local_oas,0.0,0.99850736,0.9249929648241206,0.0,0.0
Provision_PT_838_Security_Camera,300,7,52501,peer_cov_fixed,1.0,0.9831184000000001,0.8048281407035176,0.0152,0.6966
Provision_PT_838_Security_Camera,300,7,52501,risk_blend,0.27080487361617683,0.99512252,0.852972864321608,0.0,0.0
Provision_PT_838_Security_Camera,300,7,52501,risk_blend_mismatch,0.12165594406577378,0.9956594,0.8439236180904524,0.0,0.0
Provision_PT_838_Security_Camera,300,7,52501,peer_cov_soft,1.0,0.81151784,0.6331396984924623,0.0,0.0
Provision_PT_838_Security_Camera,300,7,52501,risk_soft_cov,0.9996294156112344,0.8149128400000001,0.6463376884422111,0.0,0.0
Provision_PT_838_Security_Camera,300,7,52501,risk_soft_cov_mismatch,0.10628774618056623,0.98954316,0.7642391959798995,0.0,0.0
Provision_PT_838_Security_Camera,300,8,57338,shared_oas,1.0,0.7494891200000001,0.49748743718592964,0.3614,1.0
Provision_PT_838_Security_Camera,300,8,57338,local_oas,0.0,0.75303224,0.49748743718592964,0.35,1.0
Provision_PT_838_Security_Camera,300,8,57338,peer_cov_fixed,1.0,0.98148464,0.8044864321608041,0.3236,1.0
Provision_PT_838_Security_Camera,300,8,57338,risk_blend,0.01189540717452811,0.8832422800000002,0.6028824120603015,0.3574,1.0
Provision_PT_838_Security_Camera,300,8,57338,risk_blend_mismatch,0.0033490735735713464,0.8201714399999999,0.49748743718592964,0.35,1.0
Provision_PT_838_Security_Camera,300,8,57338,peer_cov_soft,1.0,0.8310224799999999,0.70643216080402,0.464,0.7952
Provision_PT_838_Security_Camera,300,8,57338,risk_soft_cov,0.9897751682132623,0.82562172,0.7064100502512562,0.4428,0.7952
Provision_PT_838_Security_Camera,300,8,57338,risk_soft_cov_mismatch,0.01631070008152077,0.7557035999999999,0.49748743718592964,0.3354,1.0
Provision_PT_838_Security_Camera,300,9,19473,shared_oas,1.0,0.99956576,0.9781788944723617,0.0,0.0
Provision_PT_838_Security_Camera,300,9,19473,local_oas,0.0,0.9990865200000001,0.9540964824120604,0.0,0.0
Provision_PT_838_Security_Camera,300,9,19473,peer_cov_fixed,1.0,0.98409992,0.8045427135678391,0.023,0.7812
Provision_PT_838_Security_Camera,300,9,19473,risk_blend,0.4239935057759639,0.99680536,0.8981386934673367,0.0,0.0
Provision_PT_838_Security_Camera,300,9,19473,risk_blend_mismatch,0.11983372633432364,0.99930996,0.9653286432160804,0.0,0.0
Provision_PT_838_Security_Camera,300,9,19473,peer_cov_soft,1.0,0.9818824000000002,0.7662693467336684,0.0,0.0
Provision_PT_838_Security_Camera,300,9,19473,risk_soft_cov,0.9998226686413723,0.9818924,0.7664824120603015,0.0,0.0
Provision_PT_838_Security_Camera,300,9,19473,risk_soft_cov_mismatch,0.127404251057436,0.9993477199999999,0.9672221105527639,0.0,0.0
Provision_PT_838_Security_Camera,300,10,35562,shared_oas,1.0,0.9998184800000001,0.990878391959799,0.0258,1.0
Provision_PT_838_Security_Camera,300,10,35562,local_oas,0.0,0.9997582,0.9878492462311558,0.0006,0.7866
Provision_PT_838_Security_Camera,300,10,35562,peer_cov_fixed,1.0,0.983384,0.8096663316582915,0.0476,0.7938
Provision_PT_838_Security_Camera,300,10,35562,risk_blend,0.6300343490880519,0.99340304,0.8426090452261306,0.0296,0.9998
Provision_PT_838_Security_Camera,300,10,35562,risk_blend_mismatch,0.061237507636338395,0.99717104,0.8579155778894472,0.0376,1.0
Provision_PT_838_Security_Camera,300,10,35562,peer_cov_soft,1.0,0.99530476,0.8779919597989949,0.0,0.0412
Provision_PT_838_Security_Camera,300,10,35562,risk_soft_cov,0.99847143198437,0.99534588,0.8779839195979899,0.0,0.0428
Provision_PT_838_Security_Camera,300,10,35562,risk_soft_cov_mismatch,0.6022160651223077,0.996072,0.8771899497487438,0.0018,0.7896
Provision_PT_838_Security_Camera,300,11,30092,shared_oas,1.0,0.99961188,0.9804964824120603,0.319,1.0
Provision_PT_838_Security_Camera,300,11,30092,local_oas,0.0,0.999699,0.9848743718592965,0.3788,1.0
Provision_PT_838_Security_Camera,300,11,30092,peer_cov_fixed,1.0,0.9837168400000001,0.7964844221105527,0.0396,0.7892
Provision_PT_838_Security_Camera,300,11,30092,risk_blend,0.6234172485929106,0.99666824,0.869575879396985,0.0946,1.0
Provision_PT_838_Security_Camera,300,11,30092,risk_blend_mismatch,0.052374696380608494,0.99988968,0.9944562814070352,0.334,1.0
Provision_PT_838_Security_Camera,300,11,30092,peer_cov_soft,1.0,0.99549204,0.8653829145728643,0.1158,1.0
Provision_PT_838_Security_Camera,300,11,30092,risk_soft_cov,0.9984301673018297,0.99549496,0.8654974874371859,0.1142,1.0
Provision_PT_838_Security_Camera,300,11,30092,risk_soft_cov_mismatch,0.1363768129411861,0.99968888,0.9844381909547739,0.2868,1.0
Provision_PT_838_Security_Camera,300,12,25453,shared_oas,1.0,0.84433928,0.6880884422110553,0.323,1.0
Provision_PT_838_Security_Camera,300,12,25453,local_oas,0.0,0.8393475600000001,0.7009346733668342,0.3244,1.0
Provision_PT_838_Security_Camera,300,12,25453,peer_cov_fixed,1.0,0.9820368,0.804721608040201,0.348,1.0
Provision_PT_838_Security_Camera,300,12,25453,risk_blend,0.013633876702639405,0.9036917199999998,0.7082492462311558,0.3222,1.0
Provision_PT_838_Security_Camera,300,12,25453,risk_blend_mismatch,0.0037464952126818607,0.8626204399999999,0.7084763819095478,0.3252,1.0
Provision_PT_838_Security_Camera,300,12,25453,peer_cov_soft,1.0,0.83687372,0.7089969849246232,0.4216,0.7988
Provision_PT_838_Security_Camera,300,12,25453,risk_soft_cov,0.9910828767167921,0.81998072,0.7089447236180905,0.3842,0.7988
Provision_PT_838_Security_Camera,300,12,25453,risk_soft_cov_mismatch,0.017784497872979713,0.83707064,0.6947095477386935,0.3108,1.0
Provision_PT_838_Security_Camera,300,13,18913,shared_oas,1.0,0.9993656,0.9681206030150753,0.0,0.0
Provision_PT_838_Security_Camera,300,13,18913,local_oas,0.0,0.9991488,0.9572422110552764,0.0,0.0
Provision_PT_838_Security_Camera,300,13,18913,peer_cov_fixed,1.0,0.98106872,0.8056824120603014,0.1072,1.0
Provision_PT_838_Security_Camera,300,13,18913,risk_blend,0.5295492166093342,0.98966728,0.8291859296482412,0.0,0.0
Provision_PT_838_Security_Camera,300,13,18913,risk_blend_mismatch,0.10946650169527192,0.9919546,0.8363457286432161,0.0,0.0
Provision_PT_838_Security_Camera,300,13,18913,peer_cov_soft,1.0,0.9947152800000001,0.8907477386934674,0.0,0.0
Provision_PT_838_Security_Camera,300,13,18913,risk_soft_cov,0.9977670908738921,0.9947144800000001,0.8907075376884421,0.0,0.0
Provision_PT_838_Security_Camera,300,13,18913,risk_soft_cov_mismatch,0.3634326733420233,0.9943058,0.8816683417085427,0.0,0.0
Provision_PT_838_Security_Camera,300,14,19417,shared_oas,1.0,0.99916488,0.9580341708542713,0.0,0.0
Provision_PT_838_Security_Camera,300,14,19417,local_oas,0.0,0.99889768,0.9446070351758795,0.0,0.0
Provision_PT_838_Security_Camera,300,14,19417,peer_cov_fixed,1.0,0.98450308,0.813254271356784,0.0242,0.7852
Provision_PT_838_Security_Camera,300,14,19417,risk_blend,0.4946152953248471,0.9963258,0.8980160804020101,0.0,0.0
Provision_PT_838_Security_Camera,300,14,19417,risk_blend_mismatch,0.1022481932822167,0.99943052,0.9713829145728643,0.0,0.0
Provision_PT_838_Security_Camera,300,14,19417,peer_cov_soft,1.0,0.99424368,0.8562090452261306,0.0,0.0
Provision_PT_838_Security_Camera,300,14,19417,risk_soft_cov,0.9977669080078955,0.99429972,0.8569507537688442,0.0,0.0
Provision_PT_838_Security_Camera,300,14,19417,risk_soft_cov_mismatch,0.17195807295929938,0.99968448,0.9842030150753769,0.0,0.0
Provision_PT_838_Security_Camera,300,15,47387,shared_oas,1.0,0.99937372,0.9685286432160803,0.0046,0.999
Provision_PT_838_Security_Camera,300,15,47387,local_oas,0.0,0.99934444,0.9670572864321608,0.0002,0.421
Provision_PT_838_Security_Camera,300,15,47387,peer_cov_fixed,1.0,0.9848642,0.8312643216080402,0.0008,0.6504
Provision_PT_838_Security_Camera,300,15,47387,risk_blend,0.6474187686554336,0.9986689599999999,0.933372864321608,0.0,0.1194
Provision_PT_838_Security_Camera,300,15,47387,risk_blend_mismatch,0.04585906993898923,0.9995995599999999,0.9798773869346733,0.0006,0.7576
Provision_PT_838_Security_Camera,300,15,47387,peer_cov_soft,1.0,0.99521728,0.8918472361809046,0.0,0.0508
Provision_PT_838_Security_Camera,300,15,47387,risk_soft_cov,0.998581702652301,0.9952588,0.8919798994974875,0.0,0.0508
Provision_PT_838_Security_Camera,300,15,47387,risk_soft_cov_mismatch,0.27083877488538527,0.99945188,0.9724562814070351,0.0002,0.3926
Provision_PT_838_Security_Camera,300,16,16946,shared_oas,1.0,0.9987854399999999,0.9389668341708544,0.0,0.0
Provision_PT_838_Security_Camera,300,16,16946,local_oas,0.0,0.99860912,0.9301065326633167,0.0,0.0
Provision_PT_838_Security_Camera,300,16,16946,peer_cov_fixed,1.0,0.9857473199999999,0.8057809045226131,0.0318,0.7976
Provision_PT_838_Security_Camera,300,16,16946,risk_blend,0.4762497715725101,0.9943522800000001,0.867545728643216,0.0,0.0
Provision_PT_838_Security_Camera,300,16,16946,risk_blend_mismatch,0.11490232654476815,0.9970564,0.8788442211055276,0.0,0.0
Provision_PT_838_Security_Camera,300,16,16946,peer_cov_soft,1.0,0.99414448,0.8414613065326634,0.0,0.0
Provision_PT_838_Security_Camera,300,16,16946,risk_soft_cov,0.9984167558326801,0.9941496000000001,0.84163216080402,0.0,0.0
Provision_PT_838_Security_Camera,300,16,16946,risk_soft_cov_mismatch,0.25250744654673235,0.9970216,0.8751095477386934,0.0,0.0
Provision_PT_838_Security_Camera,300,17,37095,shared_oas,1.0,0.9993285199999999,0.9663175879396985,0.0,0.0
Provision_PT_838_Security_Camera,300,17,37095,local_oas,0.0,0.99891368,0.9454371859296482,0.0,0.0
Provision_PT_838_Security_Camera,300,17,37095,peer_cov_fixed,1.0,0.98084232,0.8058854271356783,0.105,1.0
Provision_PT_838_Security_Camera,300,17,37095,risk_blend,0.5051937145390151,0.9905094,0.8401025125628141,0.0,0.0
Provision_PT_838_Security_Camera,300,17,37095,risk_blend_mismatch,0.11058806573407579,0.99197732,0.8428522613065327,0.0,0.0
Provision_PT_838_Security_Camera,300,17,37095,peer_cov_soft,1.0,0.9940582,0.8815336683417085,0.0,0.0
Provision_PT_838_Security_Camera,300,17,37095,risk_soft_cov,0.9976357585361547,0.99405688,0.8814713567839196,0.0,0.0
Provision_PT_838_Security_Camera,300,17,37095,risk_soft_cov_mismatch,0.2587475728405816,0.99418532,0.8755698492462312,0.0,0.0
Provision_PT_838_Security_Camera,300,18,35580,shared_oas,1.0,0.99963532,0.9816743718592965,0.0396,1.0
Provision_PT_838_Security_Camera,300,18,35580,local_oas,0.0,0.999602,0.98,0.017,1.0
Provision_PT_838_Security_Camera,300,18,35580,peer_cov_fixed,1.0,0.9834305200000001,0.8142190954773869,0.0388,0.7936
Provision_PT_838_Security_Camera,300,18,35580,risk_blend,0.6387236191232452,0.9931542399999999,0.8500502512562814,0.0376,1.0
Provision_PT_838_Security_Camera,300,18,35580,risk_blend_mismatch,0.05945516871890744,0.997189,0.8609165829145728,0.0418,1.0
Provision_PT_838_Security_Camera,300,18,35580,peer_cov_soft,1.0,0.994778,0.8660201005025125,0.0576,1.0
Provision_PT_838_Security_Camera,300,18,35580,risk_soft_cov,0.9985276857712024,0.9948176799999999,0.8659376884422111,0.0562,1.0
Provision_PT_838_Security_Camera,300,18,35580,risk_soft_cov_mismatch,0.4144749324782824,0.9977444400000001,0.886667336683417,0.0382,1.0
Provision_PT_838_Security_Camera,300,19,33151,shared_oas,1.0,0.99981568,0.990737688442211,0.044,1.0
Provision_PT_838_Security_Camera,300,19,33151,local_oas,0.0,0.99979896,0.9898974874371859,0.0374,1.0
Provision_PT_838_Security_Camera,300,19,33151,peer_cov_fixed,1.0,0.9848000800000001,0.8064683417085428,0.036,0.7966
Provision_PT_838_Security_Camera,300,19,33151,risk_blend,0.6670185071902439,0.99447072,0.8549869346733668,0.0334,0.9996
Provision_PT_838_Security_Camera,300,19,33151,risk_blend_mismatch,0.05573037491361731,0.9994261600000001,0.9712663316582915,0.0698,1.0
Provision_PT_838_Security_Camera,300,19,33151,peer_cov_soft,1.0,0.99505656,0.8731356783919598,0.0442,0.9996
Provision_PT_838_Security_Camera,300,19,33151,risk_soft_cov,0.9987027319916397,0.99505672,0.8731316582914573,0.0432,0.9996
Provision_PT_838_Security_Camera,300,19,33151,risk_soft_cov_mismatch,0.1708876704817913,0.9995004000000001,0.9753266331658291,0.0432,1.0
Provision_PT_838_Security_Camera,300,20,2195,shared_oas,1.0,0.8240690800000001,0.605835175879397,0.1654,0.4092
Provision_PT_838_Security_Camera,300,20,2195,local_oas,0.0,0.8197664400000001,0.6048140703517588,0.1896,0.4102
Provision_PT_838_Security_Camera,300,20,2195,peer_cov_fixed,1.0,0.9815610799999999,0.8048542713567839,0.5094,1.0
Provision_PT_838_Security_Camera,300,20,2195,risk_blend,0.010903761365553754,0.88355524,0.671427135678392,0.2096,0.7302
Provision_PT_838_Security_Camera,300,20,2195,risk_blend_mismatch,0.0030573847483438966,0.84408688,0.6645989949748744,0.173,0.4132
Provision_PT_838_Security_Camera,300,20,2195,peer_cov_soft,1.0,0.8274064000000001,0.7040201005025126,0.4052,0.799
Provision_PT_838_Security_Camera,300,20,2195,risk_soft_cov,0.9888445714655834,0.8204973600000001,0.7040201005025126,0.348,0.799
Provision_PT_838_Security_Camera,300,20,2195,risk_soft_cov_mismatch,0.013675977394732591,0.8201487599999999,0.6034391959798995,0.1686,0.4094
Provision_PT_838_Security_Camera,300,21,2073,shared_oas,1.0,0.9958562400000001,0.8784763819095478,0.0,0.0
Provision_PT_838_Security_Camera,300,21,2073,local_oas,0.0,0.99457796,0.8574954773869347,0.0,0.0
Provision_PT_838_Security_Camera,300,21,2073,peer_cov_fixed,1.0,0.9847631200000001,0.804424120603015,0.0516,0.7948
Provision_PT_838_Security_Camera,300,21,2073,risk_blend,0.2513645152413973,0.9914797999999999,0.8182954773869346,0.0,0.0
Provision_PT_838_Security_Camera,300,21,2073,risk_blend_mismatch,0.1216924945626567,0.99186164,0.8229467336683418,0.0,0.0
Provision_PT_838_Security_Camera,300,21,2073,peer_cov_soft,1.0,0.80831184,0.6493105527638191,0.0,0.0
Provision_PT_838_Security_Camera,300,21,2073,risk_soft_cov,0.9996048797221593,0.81116068,0.6596522613065327,0.0,0.0
Provision_PT_838_Security_Camera,300,21,2073,risk_soft_cov_mismatch,0.1061097018114714,0.98905412,0.7138733668341709,0.0,0.0
Provision_PT_838_Security_Camera,300,22,31452,shared_oas,1.0,0.8314785599999999,0.521105527638191,0.0,0.0
Provision_PT_838_Security_Camera,300,22,31452,local_oas,0.0,0.8123909999999999,0.521105527638191,0.0,0.0014
Provision_PT_838_Security_Camera,300,22,31452,peer_cov_fixed,1.0,0.98368844,0.8037105527638191,0.0972,1.0
Provision_PT_838_Security_Camera,300,22,31452,risk_blend,0.24716576677473345,0.94613896,0.5065005025125628,0.0,0.0
Provision_PT_838_Security_Camera,300,22,31452,risk_blend_mismatch,0.10019268638966441,0.9161918,0.4989708542713568,0.0,0.0
Provision_PT_838_Security_Camera,300,22,31452,peer_cov_soft,1.0,0.80716632,0.6249587939698492,0.0,0.0
Provision_PT_838_Security_Camera,300,22,31452,risk_soft_cov,0.9996111521443725,0.81089028,0.6266231155778894,0.0,0.0
Provision_PT_838_Security_Camera,300,22,31452,risk_soft_cov_mismatch,0.09097925764485272,0.8335156,0.5198814070351758,0.0,0.0
Provision_PT_838_Security_Camera,300,23,46354,shared_oas,1.0,0.99951036,0.9753949748743719,0.0,0.0
Provision_PT_838_Security_Camera,300,23,46354,local_oas,0.0,0.99942428,0.9710693467336684,0.0,0.0
Provision_PT_838_Security_Camera,300,23,46354,peer_cov_fixed,1.0,0.98492636,0.8102914572864321,0.0148,0.6792
Provision_PT_838_Security_Camera,300,23,46354,risk_blend,0.5600606947932583,0.99641,0.8670492462311559,0.0,0.0
Provision_PT_838_Security_Camera,300,23,46354,risk_blend_mismatch,0.0761968828102583,0.99827864,0.9134994974874372,0.0,0.0
Provision_PT_838_Security_Camera,300,23,46354,peer_cov_soft,1.0,0.99499412,0.8785045226130653,0.0,0.0
Provision_PT_838_Security_Camera,300,23,46354,risk_soft_cov,0.997970823596523,0.99503988,0.8787376884422111,0.0,0.0
Provision_PT_838_Security_Camera,300,23,46354,risk_soft_cov_mismatch,0.2506033340520018,0.99912256,0.955913567839196,0.0,0.0
Provision_PT_838_Security_Camera,300,24,54023,shared_oas,1.0,0.90302484,0.678964824120603,0.2498,1.0
Provision_PT_838_Security_Camera,300,24,54023,local_oas,0.0,0.8961043200000001,0.6871819095477387,0.2542,1.0
Provision_PT_838_Security_Camera,300,24,54023,peer_cov_fixed,1.0,0.98286816,0.8125346733668342,0.114,1.0
Provision_PT_838_Security_Camera,300,24,54023,risk_blend,0.06284563909013596,0.9772438,0.8198834170854271,0.0848,0.8012
Provision_PT_838_Security_Camera,300,24,54023,risk_blend_mismatch,0.01929130018062332,0.9600886399999999,0.8121869346733668,0.2092,1.0
Provision_PT_838_Security_Camera,300,24,54023,peer_cov_soft,1.0,0.80307836,0.6760964824120603,0.1662,0.4186
Provision_PT_838_Security_Camera,300,24,54023,risk_soft_cov,0.9982395185301337,0.80476708,0.6778894472361809,0.157,0.419
Provision_PT_838_Security_Camera,300,24,54023,risk_soft_cov_mismatch,0.04751214533156075,0.8788695200000002,0.6799638190954773,0.2416,1.0
Provision_PT_838_Security_Camera,300,25,42558,shared_oas,1.0,0.99949776,0.9747618090452261,0.0,0.0
Provision_PT_838_Security_Camera,300,25,42558,local_oas,0.0,0.999205,0.9600502512562814,0.0,0.0
Provision_PT_838_Security_Camera,300,25,42558,peer_cov_fixed,1.0,0.9837239200000001,0.8111537688442212,0.1028,1.0
Provision_PT_838_Security_Camera,300,25,42558,risk_blend,0.6668574659887554,0.99196756,0.8473145728643217,0.0,0.0
Provision_PT_838_Security_Camera,300,25,42558,risk_blend_mismatch,0.07916090486374062,0.99498396,0.8864060301507537,0.0,0.0
Provision_PT_838_Security_Camera,300,25,42558,peer_cov_soft,1.0,0.99614008,0.8990291457286432,0.0,0.0
Provision_PT_838_Security_Camera,300,25,42558,risk_soft_cov,0.9987031714384734,0.9961399200000001,0.8990211055276383,0.0,0.0
Provision_PT_838_Security_Camera,300,25,42558,risk_soft_cov_mismatch,0.9987031714373891,0.9961399200000001,0.8990211055276383,0.0,0.0
Provision_PT_838_Security_Camera,300,26,45317,shared_oas,1.0,0.9995106,0.9754070351758795,0.0,0.0
Provision_PT_838_Security_Camera,300,26,45317,local_oas,0.0,0.99953788,0.9767778894472363,0.0,0.0
Provision_PT_838_Security_Camera,300,26,45317,peer_cov_fixed,1.0,0.9835234,0.8135638190954774,0.0186,0.7688
Provision_PT_838_Security_Camera,300,26,45317,risk_blend,0.611044311376402,0.9941534,0.8868361809045227,0.0,0.0
Provision_PT_838_Security_Camera,300,26,45317,risk_blend_mismatch,0.08425906444620475,0.99907032,0.9532824120603015,0.0,0.0
Provision_PT_838_Security_Camera,300,26,45317,peer_cov_soft,1.0,0.99469624,0.8736040201005025,0.0,0.0
Provision_PT_838_Security_Camera,300,26,45317,risk_soft_cov,0.9983717592475965,0.9947389600000001,0.8737085427135678,0.0,0.0
Provision_PT_838_Security_Camera,300,26,45317,risk_soft_cov_mismatch,0.2775471856246935,0.99941484,0.9705949748743719,0.0,0.0
Provision_PT_838_Security_Camera,300,27,46545,shared_oas,1.0,0.8771159599999999,0.6941306532663316,0.3848,1.0
Provision_PT_838_Security_Camera,300,27,46545,local_oas,0.0,0.8736812,0.697129648241206,0.4014,1.0
Provision_PT_838_Security_Camera,300,27,46545,peer_cov_fixed,1.0,0.9821962,0.8035698492462311,0.4402,1.0
Provision_PT_838_Security_Camera,300,27,46545,risk_blend,0.009793401222741655,0.9301472000000001,0.7563577889447236,0.3938,1.0
Provision_PT_838_Security_Camera,300,27,46545,risk_blend_mismatch,0.0025983223367446046,0.89454568,0.7013668341708543,0.404,1.0
Provision_PT_838_Security_Camera,300,27,46545,peer_cov_soft,1.0,0.8234771999999999,0.6976884422110553,0.4228,0.7966
Provision_PT_838_Security_Camera,300,27,46545,risk_soft_cov,0.9875817235001916,0.8165699999999999,0.6976884422110553,0.3958,0.7966
Provision_PT_838_Security_Camera,300,27,46545,risk_soft_cov_mismatch,0.011857486019107607,0.8651275599999999,0.6965226130653266,0.3924,1.0
Provision_PT_838_Security_Camera,300,28,43905,shared_oas,1.0,0.99848108,0.9236723618090452,0.0,0.0
Provision_PT_838_Security_Camera,300,28,43905,local_oas,0.0,0.99808032,0.9035336683417085,0.0,0.0
Provision_PT_838_Security_Camera,300,28,43905,peer_cov_fixed,1.0,0.98121156,0.7964321608040201,0.1086,1.0
Provision_PT_838_Security_Camera,300,28,43905,risk_blend,0.4894906564944482,0.9917024400000001,0.8594331658291456,0.0,0.0
Provision_PT_838_Security_Camera,300,28,43905,risk_blend_mismatch,0.12054711782754819,0.99308104,0.8849447236180904,0.0,0.0
Provision_PT_838_Security_Camera,300,28,43905,peer_cov_soft,1.0,0.99405792,0.8798894472361809,0.0,0.0
Provision_PT_838_Security_Camera,300,28,43905,risk_soft_cov,0.9977228611903286,0.9940998799999999,0.879929648241206,0.0,0.0
Provision_PT_838_Security_Camera,300,28,43905,risk_soft_cov_mismatch,0.25484644735516393,0.99503408,0.887732663316583,0.0,0.0
Provision_PT_838_Security_Camera,300,29,45682,shared_oas,1.0,0.9992506,0.9623417085427136,0.0004,0.27
Provision_PT_838_Security_Camera,300,29,45682,local_oas,0.0,0.99920108,0.9598532663316584,0.0002,0.2752
Provision_PT_838_Security_Camera,300,29,45682,peer_cov_fixed,1.0,0.98611432,0.8225326633165829,0.0104,0.6786
Provision_PT_838_Security_Camera,300,29,45682,risk_blend,0.5642582719106859,0.99748012,0.8774934673366834,0.0,0.0
Provision_PT_838_Security_Camera,300,29,45682,risk_blend_mismatch,0.07933806579917599,0.99904376,0.9519477386934674,0.0002,0.0002
Provision_PT_838_Security_Camera,300,29,45682,peer_cov_soft,1.0,0.99520452,0.8658432160804019,0.0,0.0
Provision_PT_838_Security_Camera,300,29,45682,risk_soft_cov,0.998015160713718,0.99545356,0.8660321608040201,0.0,0.0
Provision_PT_838_Security_Camera,300,29,45682,risk_soft_cov_mismatch,0.22760751581203412,0.99891112,0.9452824120603015,0.0,0.0
Provision_PT_838_Security_Camera,1000,0,52366,shared_oas,1.0,0.99771224,0.8850492462311558,0.0506,1.0
Provision_PT_838_Security_Camera,1000,0,52366,local_oas,0.0,0.9971555599999999,0.8575597989949748,0.0528,1.0
Provision_PT_838_Security_Camera,1000,0,52366,peer_cov_fixed,1.0,0.9732452399999999,0.7465929648241206,0.0142,0.6432
Provision_PT_838_Security_Camera,1000,0,52366,risk_blend,0.3606229431241296,0.99865664,0.932494472361809,0.0144,1.0
Provision_PT_838_Security_Camera,1000,0,52366,risk_blend_mismatch,0.019769223428420094,0.99792304,0.8956301507537687,0.0354,1.0
Provision_PT_838_Security_Camera,1000,0,52366,peer_cov_soft,1.0,0.9934048,0.8700603015075377,0.018,0.798
Provision_PT_838_Security_Camera,1000,0,52366,risk_soft_cov,0.995397007110093,0.9937750000000001,0.8721849246231155,0.0126,0.7982
Provision_PT_838_Security_Camera,1000,0,52366,risk_soft_cov_mismatch,0.127205532974211,0.9986102,0.9301608040201005,0.058,1.0
Provision_PT_838_Security_Camera,1000,1,28649,shared_oas,1.0,0.9997727599999999,0.988580904522613,0.0282,1.0
Provision_PT_838_Security_Camera,1000,1,28649,local_oas,0.0,0.99963288,0.9815517587939698,0.0312,1.0
Provision_PT_838_Security_Camera,1000,1,28649,peer_cov_fixed,1.0,0.9726478799999999,0.7311015075376884,0.0312,0.7814
Provision_PT_838_Security_Camera,1000,1,28649,risk_blend,0.33356100657419635,0.99588928,0.8880824120603015,0.0006,0.7478
Provision_PT_838_Security_Camera,1000,1,28649,risk_blend_mismatch,0.032624801096337135,0.99943688,0.9717025125628141,0.0072,1.0
Provision_PT_838_Security_Camera,1000,1,28649,peer_cov_soft,1.0,0.9934090000000001,0.8665889447236181,0.0,0.0
Provision_PT_838_Security_Camera,1000,1,28649,risk_soft_cov,0.994815962718235,0.9933472400000001,0.865575879396985,0.0,0.001
Provision_PT_838_Security_Camera,1000,1,28649,risk_soft_cov_mismatch,0.1479877068179632,0.99903348,0.9514311557788945,0.0012,0.7688
Provision_PT_838_Security_Camera,1000,2,59121,shared_oas,1.0,0.99841148,0.9201748743718594,0.04,1.0
Provision_PT_838_Security_Camera,1000,2,59121,local_oas,0.0,0.99804176,0.9016422110552764,0.0416,1.0
Provision_PT_838_Security_Camera,1000,2,59121,peer_cov_fixed,1.0,0.975023,0.7610472361809045,0.0062,0.5538
Provision_PT_838_Security_Camera,1000,2,59121,risk_blend,0.36874453758426184,0.99911268,0.9554110552763819,0.0266,1.0
Provision_PT_838_Security_Camera,1000,2,59121,risk_blend_mismatch,0.018054055251420252,0.99890048,0.9447477386934673,0.03,1.0
Provision_PT_838_Security_Camera,1000,2,59121,peer_cov_soft,1.0,0.99369612,0.8718130653266332,0.0068,0.7944
Provision_PT_838_Security_Camera,1000,2,59121,risk_soft_cov,0.9955548642241346,0.99417392,0.8730572864321609,0.0038,0.7948
Provision_PT_838_Security_Camera,1000,2,59121,risk_soft_cov_mismatch,0.11464904966844788,0.9992500400000001,0.9623135678391959,0.089,1.0
Provision_PT_838_Security_Camera,1000,3,19852,shared_oas,1.0,0.9993518,0.9674271356783919,0.023,1.0
Provision_PT_838_Security_Camera,1000,3,19852,local_oas,0.0,0.99922,0.9608040201005026,0.0256,1.0
Provision_PT_838_Security_Camera,1000,3,19852,peer_cov_fixed,1.0,0.9731088,0.7255778894472362,0.0236,0.7414
Provision_PT_838_Security_Camera,1000,3,19852,risk_blend,0.3130499013673963,0.99459508,0.8688341708542713,0.0002,0.6508
Provision_PT_838_Security_Camera,1000,3,19852,risk_blend_mismatch,0.0393568038286,0.9991188,0.9557386934673366,0.0034,0.9988
Provision_PT_838_Security_Camera,1000,3,19852,peer_cov_soft,1.0,0.9940224799999999,0.8761567839195978,0.0,0.0004
Provision_PT_838_Security_Camera,1000,3,19852,risk_soft_cov,0.9943092173142122,0.9939999199999999,0.8750814070351759,0.0,0.0032
Provision_PT_838_Security_Camera,1000,3,19852,risk_soft_cov_mismatch,0.1200332135097209,0.9986344,0.9314914572864321,0.0006,0.589
Provision_PT_838_Security_Camera,1000,4,20522,shared_oas,1.0,0.99903832,0.9516743718592964,0.025,1.0
Provision_PT_838_Security_Camera,1000,4,20522,local_oas,0.0,0.9988885200000001,0.9441467336683418,0.033,1.0
Provision_PT_838_Security_Camera,1000,4,20522,peer_cov_fixed,1.0,0.97315076,0.733608040201005,0.0232,0.7054
Provision_PT_838_Security_Camera,1000,4,20522,risk_blend,0.29253874998878265,0.99460896,0.8620663316582915,0.0048,0.7828
Provision_PT_838_Security_Camera,1000,4,20522,risk_blend_mismatch,0.03988058583947533,0.9986488399999999,0.9321025125628142,0.0046,0.9994
Provision_PT_838_Security_Camera,1000,4,20522,peer_cov_soft,1.0,0.99385136,0.8626130653266332,0.0654,1.0
Provision_PT_838_Security_Camera,1000,4,20522,risk_soft_cov,0.9937330882149026,0.99394996,0.8616422110552764,0.0608,1.0
Provision_PT_838_Security_Camera,1000,4,20522,risk_soft_cov_mismatch,0.0632757109721512,0.99879116,0.939254271356784,0.0168,1.0
Provision_PT_838_Security_Camera,1000,5,50865,shared_oas,1.0,0.9979117599999999,0.895591959798995,0.1946,1.0
Provision_PT_838_Security_Camera,1000,5,50865,local_oas,0.0,0.9971523999999999,0.8579698492462311,0.186,1.0
Provision_PT_838_Security_Camera,1000,5,50865,peer_cov_fixed,1.0,0.97579484,0.7600301507537688,0.0126,0.6394
Provision_PT_838_Security_Camera,1000,5,50865,risk_blend,0.3724487437899305,0.99812636,0.9058472361809045,0.0504,1.0
Provision_PT_838_Security_Camera,1000,5,50865,risk_blend_mismatch,0.016892924482220368,0.99829276,0.9142090452261307,0.1706,1.0
Provision_PT_838_Security_Camera,1000,5,50865,peer_cov_soft,1.0,0.9930674399999999,0.8514994974874373,0.0178,0.7988
Provision_PT_838_Security_Camera,1000,5,50865,risk_soft_cov,0.9956245917311383,0.9934054,0.8520663316582915,0.0096,0.7992
Provision_PT_838_Security_Camera,1000,5,50865,risk_soft_cov_mismatch,0.10068864277957747,0.9984793200000001,0.92358391959799,0.0998,1.0
Provision_PT_838_Security_Camera,1000,6,9756,shared_oas,1.0,0.99930056,0.9649206030150754,0.0036,0.999
Provision_PT_838_Security_Camera,1000,6,9756,local_oas,0.0,0.9986132,0.9303236180904523,0.006,0.999
Provision_PT_838_Security_Camera,1000,6,9756,peer_cov_fixed,1.0,0.97076976,0.7203859296482411,0.027,0.7338
Provision_PT_838_Security_Camera,1000,6,9756,risk_blend,0.31289288062507714,0.99285148,0.8283577889447236,0.0136,0.7552
Provision_PT_838_Security_Camera,1000,6,9756,risk_blend_mismatch,0.03792895379080858,0.99620368,0.87121608040201,0.0006,0.5834
Provision_PT_838_Security_Camera,1000,6,9756,peer_cov_soft,1.0,0.9936527199999999,0.8713306532663316,0.029,0.9994
Provision_PT_838_Security_Camera,1000,6,9756,risk_soft_cov,0.994305070881997,0.9936234,0.8698753768844221,0.0286,0.9994
Provision_PT_838_Security_Camera,1000,6,9756,risk_soft_cov_mismatch,0.13862596022367932,0.99489392,0.8613949748743719,0.0372,1.0
Provision_PT_838_Security_Camera,1000,7,21233,shared_oas,1.0,0.99926536,0.9630834170854272,0.0332,1.0
Provision_PT_838_Security_Camera,1000,7,21233,local_oas,0.0,0.99895228,0.9473989949748745,0.037,1.0
Provision_PT_838_Security_Camera,1000,7,21233,peer_cov_fixed,1.0,0.9723299999999999,0.7271959798994975,0.0348,0.7954
Provision_PT_838_Security_Camera,1000,7,21233,risk_blend,0.31895154904295797,0.99278132,0.7767195979899497,0.006,0.7616
Provision_PT_838_Security_Camera,1000,7,21233,risk_blend_mismatch,0.03463040572325301,0.9962956,0.8138693467336684,0.011,0.9998
Provision_PT_838_Security_Camera,1000,7,21233,peer_cov_soft,1.0,0.9938086,0.8611718592964824,0.0,0.0
Provision_PT_838_Security_Camera,1000,7,21233,risk_soft_cov,0.9944616354760103,0.993799,0.8605587939698494,0.0,0.0
Provision_PT_838_Security_Camera,1000,7,21233,risk_soft_cov_mismatch,0.1502703935748732,0.9988459599999999,0.942008040201005,0.0006,0.7582
Provision_PT_838_Security_Camera,1000,8,17798,shared_oas,1.0,0.99827892,0.9136542713567839,0.0026,0.7216
Provision_PT_838_Security_Camera,1000,8,17798,local_oas,0.0,0.9981557999999999,0.9074030150753769,0.0012,0.6338
Provision_PT_838_Security_Camera,1000,8,17798,peer_cov_fixed,1.0,0.97358204,0.7303577889447237,0.0296,0.801
Provision_PT_838_Security_Camera,1000,8,17798,risk_blend,0.31640985075319894,0.9910275199999999,0.7690753768844221,0.0012,0.2262
Provision_PT_838_Security_Camera,1000,8,17798,risk_blend_mismatch,0.030903887715250877,0.9943297200000001,0.7802914572864321,0.0034,0.5768
Provision_PT_838_Security_Camera,1000,8,17798,peer_cov_soft,1.0,0.994109,0.8829547738693468,0.0,0.0
Provision_PT_838_Security_Camera,1000,8,17798,risk_soft_cov,0.9943966761125496,0.9940387599999999,0.881575879396985,0.0,0.0
Provision_PT_838_Security_Camera,1000,8,17798,risk_soft_cov_mismatch,0.12307003124828667,0.99443676,0.844454271356784,0.0002,0.0434
Provision_PT_838_Security_Camera,1000,9,57210,shared_oas,1.0,0.99770852,0.8848522613065326,0.0486,1.0
Provision_PT_838_Security_Camera,1000,9,57210,local_oas,0.0,0.99671224,0.8352120603015075,0.0496,1.0
Provision_PT_838_Security_Camera,1000,9,57210,peer_cov_fixed,1.0,0.9759245200000002,0.7413105527638191,0.0092,0.5516
Provision_PT_838_Security_Camera,1000,9,57210,risk_blend,0.327778399089766,0.9982194400000001,0.9105246231155779,0.0098,1.0
Provision_PT_838_Security_Camera,1000,9,57210,risk_blend_mismatch,0.026229968908360903,0.99802728,0.9008683417085428,0.0324,1.0
Provision_PT_838_Security_Camera,1000,9,57210,peer_cov_soft,1.0,0.99387052,0.8576643216080402,0.0002,0.0322
Provision_PT_838_Security_Camera,1000,9,57210,risk_soft_cov,0.9946794618302812,0.9941812400000001,0.8584804020100503,0.0002,0.0418
Provision_PT_838_Security_Camera,1000,9,57210,risk_soft_cov_mismatch,0.16747135946414327,0.99871248,0.9353005025125628,0.0062,1.0
Provision_PT_838_Security_Camera,1000,10,36098,shared_oas,1.0,0.99853228,0.9262452261306533,0.068,1.0
Provision_PT_838_Security_Camera,1000,10,36098,local_oas,0.0,0.9979423199999999,0.8965989949748743,0.0692,1.0
Provision_PT_838_Security_Camera,1000,10,36098,peer_cov_fixed,1.0,0.9713132399999999,0.729521608040201,0.0474,0.794
Provision_PT_838_Security_Camera,1000,10,36098,risk_blend,0.3029681619268169,0.99058296,0.7688321608040201,0.0368,1.0
Provision_PT_838_Security_Camera,1000,10,36098,risk_blend_mismatch,0.03595662949194607,0.99537524,0.7968100502512563,0.0372,1.0
Provision_PT_838_Security_Camera,1000,10,36098,peer_cov_soft,1.0,0.9929689199999999,0.8507155778894473,0.0656,1.0
Provision_PT_838_Security_Camera,1000,10,36098,risk_soft_cov,0.9940351783630352,0.9930599600000001,0.8491638190954773,0.0492,1.0
Provision_PT_838_Security_Camera,1000,10,36098,risk_soft_cov_mismatch,0.1292002471007618,0.9951591999999999,0.8480180904522614,0.0382,1.0
Provision_PT_838_Security_Camera,1000,11,58426,shared_oas,1.0,0.99868804,0.9340723618090453,0.0466,1.0
Provision_PT_838_Security_Camera,1000,11,58426,local_oas,0.0,0.99832016,0.9155859296482414,0.0482,1.0
Provision_PT_838_Security_Camera,1000,11,58426,peer_cov_fixed,1.0,0.9762713599999999,0.7533185929648241,0.0116,0.6196
Provision_PT_838_Security_Camera,1000,11,58426,risk_blend,0.3729395191764391,0.99874168,0.93676783919598,0.0146,1.0
Provision_PT_838_Security_Camera,1000,11,58426,risk_blend_mismatch,0.01707552803510635,0.9990555999999999,0.9525427135678393,0.0352,1.0
Provision_PT_838_Security_Camera,1000,11,58426,peer_cov_soft,1.0,0.99458076,0.8735577889447236,0.0118,0.7932
Provision_PT_838_Security_Camera,1000,11,58426,risk_soft_cov,0.9956337268320029,0.99498388,0.8750452261306533,0.0048,0.7934
Provision_PT_838_Security_Camera,1000,11,58426,risk_soft_cov_mismatch,0.10028393415432892,0.99947772,0.9737547738693467,0.056,1.0
Provision_PT_838_Security_Camera,1000,12,61838,shared_oas,1.0,0.9966556000000001,0.8522532663316584,0.0196,1.0
Provision_PT_838_Security_Camera,1000,12,61838,local_oas,0.0,0.9966448800000001,0.851702512562814,0.0196,1.0
Provision_PT_838_Security_Camera,1000,12,61838,peer_cov_fixed,1.0,0.97669792,0.7430251256281407,0.0142,0.65
Provision_PT_838_Security_Camera,1000,12,61838,risk_blend,0.36802890318281334,0.9978778,0.8933728643216081,0.0172,1.0
Provision_PT_838_Security_Camera,1000,12,61838,risk_blend_mismatch,0.017416352809168378,0.99664572,0.8478954773869347,0.0386,1.0
Provision_PT_838_Security_Camera,1000,12,61838,peer_cov_soft,1.0,0.9938528799999999,0.8658552763819096,0.014,0.7972
Provision_PT_838_Security_Camera,1000,12,61838,risk_soft_cov,0.9955412325744772,0.99414224,0.8679155778894472,0.0076,0.7974
Provision_PT_838_Security_Camera,1000,12,61838,risk_soft_cov_mismatch,0.10573529231391877,0.99789664,0.894329648241206,0.059,1.0
Provision_PT_838_Security_Camera,1000,13,45891,shared_oas,1.0,0.99627388,0.8191256281407036,0.0526,1.0
Provision_PT_838_Security_Camera,1000,13,45891,local_oas,0.0,0.99589864,0.7978753768844221,0.0514,1.0
Provision_PT_838_Security_Camera,1000,13,45891,peer_cov_fixed,1.0,0.97174828,0.7343738693467337,0.0128,0.534
Provision_PT_838_Security_Camera,1000,13,45891,risk_blend,0.34889726463275156,0.9960382799999999,0.8431396984924624,0.0106,0.7896
Provision_PT_838_Security_Camera,1000,13,45891,risk_blend_mismatch,0.02831916900224049,0.99703564,0.8511135678391959,0.0212,1.0
Provision_PT_838_Security_Camera,1000,13,45891,peer_cov_soft,1.0,0.99203856,0.8344844221105527,0.016,0.79
Provision_PT_838_Security_Camera,1000,13,45891,risk_soft_cov,0.995156230154135,0.99221932,0.8361788944723618,0.0094,0.79
Provision_PT_838_Security_Camera,1000,13,45891,risk_soft_cov_mismatch,0.2260058557561709,0.99790756,0.8948522613065327,0.005,1.0
Provision_PT_838_Security_Camera,1000,14,56481,shared_oas,1.0,0.99765304,0.882086432160804,0.0772,1.0
Provision_PT_838_Security_Camera,1000,14,56481,local_oas,0.0,0.9975668799999999,0.8777688442211056,0.0734,1.0
Provision_PT_838_Security_Camera,1000,14,56481,peer_cov_fixed,1.0,0.97482428,0.7412060301507537,0.0154,0.6624
Provision_PT_838_Security_Camera,1000,14,56481,risk_blend,0.35899811501304724,0.99676388,0.8655959798994975,0.0348,1.0
Provision_PT_838_Security_Camera,1000,14,56481,risk_blend_mismatch,0.022527733000351484,0.99830628,0.9148884422110553,0.0672,1.0
Provision_PT_838_Security_Camera,1000,14,56481,peer_cov_soft,1.0,0.9935723200000001,0.8643738693467338,0.0186,0.8
Provision_PT_838_Security_Camera,1000,14,56481,risk_soft_cov,0.9953645745905573,0.9938857600000001,0.8656984924623117,0.0156,0.8
Provision_PT_838_Security_Camera,1000,14,56481,risk_soft_cov_mismatch,0.14262509339912804,0.99870216,0.9347819095477388,0.0394,1.0
Provision_PT_838_Security_Camera,1000,15,8591,shared_oas,1.0,0.99793064,0.8960241206030151,0.0802,1.0
Provision_PT_838_Security_Camera,1000,15,8591,local_oas,0.0,0.99742116,0.8704100502512562,0.0782,1.0
Provision_PT_838_Security_Camera,1000,15,8591,peer_cov_fixed,1.0,0.97262752,0.7196,0.0398,0.8008
Provision_PT_838_Security_Camera,1000,15,8591,risk_blend,0.3433310610781973,0.99070832,0.7627035175879397,0.0578,1.0
Provision_PT_838_Security_Camera,1000,15,8591,risk_blend_mismatch,0.02790072481823283,0.9940638399999999,0.7640562814070352,0.0698,1.0
Provision_PT_838_Security_Camera,1000,15,8591,peer_cov_soft,1.0,0.99331296,0.8478673366834171,0.0658,1.0
Provision_PT_838_Security_Camera,1000,15,8591,risk_soft_cov,0.9950362197774718,0.99327672,0.8461969849246231,0.0504,1.0
Provision_PT_838_Security_Camera,1000,15,8591,risk_soft_cov_mismatch,0.13083574821720512,0.9947132,0.8524763819095478,0.0576,1.0
Provision_PT_838_Security_Camera,1000,16,7498,shared_oas,1.0,0.99908784,0.9541688442211056,0.002,0.9188
Provision_PT_838_Security_Camera,1000,16,7498,local_oas,0.0,0.99896368,0.9479236180904523,0.002,0.698
Provision_PT_838_Security_Camera,1000,16,7498,peer_cov_fixed,1.0,0.9745568,0.7329467336683417,0.0246,0.7752
Provision_PT_838_Security_Camera,1000,16,7498,risk_blend,0.3898406800726493,0.9931852,0.8090633165829145,0.0038,0.722
Provision_PT_838_Security_Camera,1000,16,7498,risk_blend_mismatch,0.02856042051843832,0.9977502,0.886980904522613,0.0026,0.5962
Provision_PT_838_Security_Camera,1000,16,7498,peer_cov_soft,1.0,0.9941845199999999,0.8659618090452261,0.0244,0.7984
Provision_PT_838_Security_Camera,1000,16,7498,risk_soft_cov,0.9959343770987643,0.99425964,0.8656643216080402,0.0238,0.7984
Provision_PT_838_Security_Camera,1000,16,7498,risk_soft_cov_mismatch,0.24688975603889599,0.99803716,0.901827135678392,0.0044,0.798
Provision_PT_838_Security_Camera,1000,17,43355,shared_oas,1.0,0.9979384,0.8964402010050251,0.1654,1.0
Provision_PT_838_Security_Camera,1000,17,43355,local_oas,0.0,0.9976356,0.8815115577889447,0.1378,1.0
Provision_PT_838_Security_Camera,1000,17,43355,peer_cov_fixed,1.0,0.9760472399999999,0.7549467336683418,0.0122,0.6788
Provision_PT_838_Security_Camera,1000,17,43355,risk_blend,0.37035856462495115,0.997992,0.8990954773869346,0.061,1.0
Provision_PT_838_Security_Camera,1000,17,43355,risk_blend_mismatch,0.018502216997302593,0.9990172,0.9506130653266331,0.143,1.0
Provision_PT_838_Security_Camera,1000,17,43355,peer_cov_soft,1.0,0.9944337599999999,0.893097487437186,0.015,0.809
Provision_PT_838_Security_Camera,1000,17,43355,risk_soft_cov,0.9955854167290324,0.99515864,0.8948924623115577,0.012,0.809
Provision_PT_838_Security_Camera,1000,17,43355,risk_soft_cov_mismatch,0.11923091794924405,0.9996409199999999,0.9819557788944724,0.1396,1.0
Provision_PT_838_Security_Camera,1000,18,37279,shared_oas,1.0,0.9970522,0.8655035175879398,0.0458,1.0
Provision_PT_838_Security_Camera,1000,18,37279,local_oas,0.0,0.99606164,0.862478391959799,0.0466,1.0
Provision_PT_838_Security_Camera,1000,18,37279,peer_cov_fixed,1.0,0.97319024,0.7257688442211055,0.034,0.8056
Provision_PT_838_Security_Camera,1000,18,37279,risk_blend,0.38011145298158333,0.9942466400000001,0.7757246231155779,0.0156,0.806
Provision_PT_838_Security_Camera,1000,18,37279,risk_blend_mismatch,0.02685596677189612,0.99639044,0.8186552763819095,0.0182,1.0
Provision_PT_838_Security_Camera,1000,18,37279,peer_cov_soft,1.0,0.9938695599999999,0.8695497487437186,0.0308,1.0
Provision_PT_838_Security_Camera,1000,18,37279,risk_soft_cov,0.9957645496389659,0.99406332,0.8694030150753769,0.0298,1.0
Provision_PT_838_Security_Camera,1000,18,37279,risk_soft_cov_mismatch,0.22802855064944155,0.99801792,0.9003979899497487,0.0126,1.0
Provision_PT_838_Security_Camera,1000,19,12014,shared_oas,1.0,0.99894664,0.9470773869346734,0.0124,1.0
Provision_PT_838_Security_Camera,1000,19,12014,local_oas,0.0,0.99829124,0.9141326633165829,0.0196,1.0
Provision_PT_838_Security_Camera,1000,19,12014,peer_cov_fixed,1.0,0.9733706,0.7284984924623116,0.0258,0.7426
Provision_PT_838_Security_Camera,1000,19,12014,risk_blend,0.3350160778282789,0.99402808,0.8616462311557789,0.0116,0.7896
Provision_PT_838_Security_Camera,1000,19,12014,risk_blend_mismatch,0.0327024004888797,0.99838788,0.9189889447236181,0.0024,0.7698
Provision_PT_838_Security_Camera,1000,19,12014,peer_cov_soft,1.0,0.9934515599999999,0.8446773869346733,0.0,0.0
Provision_PT_838_Security_Camera,1000,19,12014,risk_soft_cov,0.994849573927122,0.9934837599999999,0.8426492462311558,0.0,0.0
Provision_PT_838_Security_Camera,1000,19,12014,risk_soft_cov_mismatch,0.14811470985813477,0.9963128800000001,0.8532683417085427,0.0082,0.8086
Provision_PT_838_Security_Camera,1000,20,49027,shared_oas,1.0,0.99718512,0.8586070351758794,0.0882,1.0
Provision_PT_838_Security_Camera,1000,20,49027,local_oas,0.0,0.99658888,0.830156783919598,0.09,1.0
Provision_PT_838_Security_Camera,1000,20,49027,peer_cov_fixed,1.0,0.9723787600000001,0.7249809045226131,0.0134,0.5942
Provision_PT_838_Security_Camera,1000,20,49027,risk_blend,0.354262012338237,0.99747632,0.8732120603015074,0.0264,1.0
Provision_PT_838_Security_Camera,1000,20,49027,risk_blend_mismatch,0.023269448848683497,0.99790236,0.8945909547738693,0.0744,1.0
Provision_PT_838_Security_Camera,1000,20,49027,peer_cov_soft,1.0,0.99253032,0.8524100502512563,0.021,0.7914
Provision_PT_838_Security_Camera,1000,20,49027,risk_soft_cov,0.995268354223492,0.9929328,0.8548241206030152,0.016,0.7916
Provision_PT_838_Security_Camera,1000,20,49027,risk_soft_cov_mismatch,0.16890166304537382,0.9985818,0.9287336683417086,0.034,1.0
Provision_PT_838_Security_Camera,1000,21,18372,shared_oas,1.0,0.9990340000000001,0.9515738693467337,0.0118,0.9998
Provision_PT_838_Security_Camera,1000,21,18372,local_oas,0.0,0.99873464,0.9365306532663317,0.011,0.9998
Provision_PT_838_Security_Camera,1000,21,18372,peer_cov_fixed,1.0,0.9740291999999999,0.7175115577889447,0.0306,0.8036
Provision_PT_838_Security_Camera,1000,21,18372,risk_blend,0.3461446197699396,0.99274992,0.7951236180904523,0.0132,0.7872
Provision_PT_838_Security_Camera,1000,21,18372,risk_blend_mismatch,0.028347256072981636,0.9970122800000001,0.8500643216080401,0.005,0.768
Provision_PT_838_Security_Camera,1000,21,18372,peer_cov_soft,1.0,0.99436532,0.8750854271356784,0.0748,0.9998
Provision_PT_838_Security_Camera,1000,21,18372,risk_soft_cov,0.995097360412581,0.9943067200000001,0.8741587939698492,0.0732,0.9998
Provision_PT_838_Security_Camera,1000,21,18372,risk_soft_cov_mismatch,0.17586749680712102,0.99625908,0.868651256281407,0.1006,1.0
Provision_PT_838_Security_Camera,1000,22,54401,shared_oas,1.0,0.99708536,0.8599115577889447,0.0712,1.0
Provision_PT_838_Security_Camera,1000,22,54401,local_oas,0.0,0.99632212,0.8219195979899498,0.0748,1.0
Provision_PT_838_Security_Camera,1000,22,54401,peer_cov_fixed,1.0,0.9760283599999999,0.7438934673366835,0.0132,0.6434
Provision_PT_838_Security_Camera,1000,22,54401,risk_blend,0.3522566701744994,0.9978076,0.8898371859296483,0.032,1.0
Provision_PT_838_Security_Camera,1000,22,54401,risk_blend_mismatch,0.019951942094233427,0.9982172,0.9104120603015076,0.0622,1.0
Provision_PT_838_Security_Camera,1000,22,54401,peer_cov_soft,1.0,0.99430076,0.8842874371859297,0.016,0.8056
Provision_PT_838_Security_Camera,1000,22,54401,risk_soft_cov,0.9952268390142551,0.99478868,0.8870030150753769,0.0114,0.8056
Provision_PT_838_Security_Camera,1000,22,54401,risk_soft_cov_mismatch,0.1252165709853657,0.99928532,0.964086432160804,0.066,1.0
Provision_PT_838_Security_Camera,1000,23,57116,shared_oas,1.0,0.9978583999999999,0.8923819095477388,0.057,1.0
Provision_PT_838_Security_Camera,1000,23,57116,local_oas,0.0,0.9969916,0.8495175879396986,0.0606,1.0
Provision_PT_838_Security_Camera,1000,23,57116,peer_cov_fixed,1.0,0.9732147999999999,0.7552261306532664,0.0146,0.6426
Provision_PT_838_Security_Camera,1000,23,57116,risk_blend,0.3389800498340684,0.9982904,0.9140904522613065,0.0264,1.0
Provision_PT_838_Security_Camera,1000,23,57116,risk_blend_mismatch,0.019681408230930716,0.99816324,0.9077005025125628,0.0484,1.0
Provision_PT_838_Security_Camera,1000,23,57116,peer_cov_soft,1.0,0.9927575200000001,0.8541608040201005,0.0194,0.7856
Provision_PT_838_Security_Camera,1000,23,57116,risk_soft_cov,0.9949396860630403,0.99336012,0.8541467336683417,0.0128,0.7856
Provision_PT_838_Security_Camera,1000,23,57116,risk_soft_cov_mismatch,0.12380028654523179,0.99852036,0.9256462311557789,0.059,1.0
Provision_PT_838_Security_Camera,1000,24,63546,shared_oas,1.0,0.9842621600000001,0.7976824120603014,0.004,0.5974
Provision_PT_838_Security_Camera,1000,24,63546,local_oas,0.0,0.9748009599999999,0.7946914572864322,0.004,0.5642
Provision_PT_838_Security_Camera,1000,24,63546,peer_cov_fixed,1.0,0.97309036,0.7190633165829146,0.0318,0.7926
Provision_PT_838_Security_Camera,1000,24,63546,risk_blend,0.4546347609001829,0.98044808,0.6451778894472362,0.023,0.7008
Provision_PT_838_Security_Camera,1000,24,63546,risk_blend_mismatch,0.02999085490332317,0.9740830400000001,0.6995095477386934,0.005,0.6124
Provision_PT_838_Security_Camera,1000,24,63546,peer_cov_soft,1.0,0.9934408800000001,0.8390070351758794,0.0076,0.7852
Provision_PT_838_Security_Camera,1000,24,63546,risk_soft_cov,0.9968810499926282,0.99347352,0.8384683417085427,0.0066,0.7846
Provision_PT_838_Security_Camera,1000,24,63546,risk_soft_cov_mismatch,0.1735807376238401,0.985527,0.8174251256281407,0.0206,0.788
Provision_PT_838_Security_Camera,1000,25,19069,shared_oas,1.0,0.99963672,0.9817447236180904,0.023,1.0
Provision_PT_838_Security_Camera,1000,25,19069,local_oas,0.0,0.9995896,0.9793768844221106,0.0256,1.0
Provision_PT_838_Security_Camera,1000,25,19069,peer_cov_fixed,1.0,0.9745768400000001,0.7354251256281407,0.03,0.806
Provision_PT_838_Security_Camera,1000,25,19069,risk_blend,0.31216598347201396,0.99585548,0.883537688442211,0.0006,0.6544
Provision_PT_838_Security_Camera,1000,25,19069,risk_blend_mismatch,0.03424849443294866,0.99954376,0.9770733668341709,0.0018,0.999
Provision_PT_838_Security_Camera,1000,25,19069,peer_cov_soft,1.0,0.99426396,0.8695256281407036,0.0,0.0
Provision_PT_838_Security_Camera,1000,25,19069,risk_soft_cov,0.9942858776338303,0.9942551199999999,0.8691396984924623,0.0,0.0
Provision_PT_838_Security_Camera,1000,25,19069,risk_soft_cov_mismatch,0.12753924659514837,0.9993746,0.968572864321608,0.0006,0.7552
Provision_PT_838_Security_Camera,1000,26,10562,shared_oas,1.0,0.9814021599999999,0.7099577889447236,0.0792,1.0
Provision_PT_838_Security_Camera,1000,26,10562,local_oas,0.0,0.9771871599999999,0.6964060301507538,0.0818,1.0
Provision_PT_838_Security_Camera,1000,26,10562,peer_cov_fixed,1.0,0.9718395599999999,0.7124442211055276,0.0482,0.7944
Provision_PT_838_Security_Camera,1000,26,10562,risk_blend,0.3134191568102415,0.9877626,0.7119698492462312,0.0456,1.0
Provision_PT_838_Security_Camera,1000,26,10562,risk_blend_mismatch,0.03586111503125582,0.98680556,0.6995939698492463,0.0652,1.0
Provision_PT_838_Security_Camera,1000,26,10562,peer_cov_soft,1.0,0.9933017999999999,0.8593929648241205,0.0714,1.0
Provision_PT_838_Security_Camera,1000,26,10562,risk_soft_cov,0.9943189065490584,0.99326448,0.8576482412060301,0.0614,1.0
Provision_PT_838_Security_Camera,1000,26,10562,risk_soft_cov_mismatch,0.13523858717900936,0.99045876,0.7939356783919598,0.0604,1.0
Provision_PT_838_Security_Camera,1000,27,47075,shared_oas,1.0,0.99653268,0.8269286432160804,0.0532,1.0
Provision_PT_838_Security_Camera,1000,27,47075,local_oas,0.0,0.99606368,0.8031879396984924,0.0534,1.0
Provision_PT_838_Security_Camera,1000,27,47075,peer_cov_fixed,1.0,0.97391908,0.7337527638190955,0.0078,0.5092
Provision_PT_838_Security_Camera,1000,27,47075,risk_blend,0.3380138799817218,0.99705052,0.851819095477387,0.006,0.7954
Provision_PT_838_Security_Camera,1000,27,47075,risk_blend_mismatch,0.02960472550289955,0.9974665199999999,0.8726994974874371,0.0162,1.0
Provision_PT_838_Security_Camera,1000,27,47075,peer_cov_soft,1.0,0.99346012,0.860164824120603,0.017,0.797
Provision_PT_838_Security_Camera,1000,27,47075,risk_soft_cov,0.9949179155582538,0.9936479600000001,0.8627175879396984,0.0106,0.7972
Provision_PT_838_Security_Camera,1000,27,47075,risk_soft_cov_mismatch,0.20937768239737167,0.99848444,0.9238412060301507,0.0042,0.9998
Provision_PT_838_Security_Camera,1000,28,11232,shared_oas,1.0,0.99920612,0.9601065326633166,0.0116,1.0
Provision_PT_838_Security_Camera,1000,28,11232,local_oas,0.0,0.998779,0.9387155778894473,0.018,1.0
Provision_PT_838_Security_Camera,1000,28,11232,peer_cov_fixed,1.0,0.9727182,0.722070351758794,0.026,0.7422
Provision_PT_838_Security_Camera,1000,28,11232,risk_blend,0.32613845241655276,0.99452036,0.8629748743718593,0.0004,0.3768
Provision_PT_838_Security_Camera,1000,28,11232,risk_blend_mismatch,0.03523375419556289,0.99869352,0.9344,0.0024,0.7824
Provision_PT_838_Security_Camera,1000,28,11232,peer_cov_soft,1.0,0.99378104,0.8479557788944724,0.0,0.0
Provision_PT_838_Security_Camera,1000,28,11232,risk_soft_cov,0.9946398778839264,0.99372928,0.8455798994974875,0.0,0.0
Provision_PT_838_Security_Camera,1000,28,11232,risk_soft_cov_mismatch,0.1393707570484294,0.99654352,0.855332663316583,0.0014,0.497
Provision_PT_838_Security_Camera,1000,29,42500,shared_oas,1.0,0.9974977199999999,0.8742793969849246,0.0408,1.0
Provision_PT_838_Security_Camera,1000,29,42500,local_oas,0.0,0.9962602,0.814086432160804,0.047,1.0
Provision_PT_838_Security_Camera,1000,29,42500,peer_cov_fixed,1.0,0.97211976,0.7321628140703518,0.0106,0.5188
Provision_PT_838_Security_Camera,1000,29,42500,risk_blend,0.3301827058590856,0.99691804,0.8744643216080402,0.001,0.6786
Provision_PT_838_Security_Camera,1000,29,42500,risk_blend_mismatch,0.031224141463279016,0.99798884,0.8989366834170854,0.0116,1.0
Provision_PT_838_Security_Camera,1000,29,42500,peer_cov_soft,1.0,0.9932036399999999,0.8725989949748743,0.0,0.0
Provision_PT_838_Security_Camera,1000,29,42500,risk_soft_cov,0.9947367926023984,0.9934276400000001,0.8752321608040201,0.0,0.0
Provision_PT_838_Security_Camera,1000,29,42500,risk_soft_cov_mismatch,0.17405713730656014,0.99886404,0.9429165829145729,0.001,0.7828
Samsung_SNH_1011_N_Webcam,30,0,21793,shared_oas,1.0,0.99927168,0.9634010050251256,0.0452,1.0
Samsung_SNH_1011_N_Webcam,30,0,21793,local_oas,0.0,0.99918868,0.9592301507537688,0.0126,1.0
Samsung_SNH_1011_N_Webcam,30,0,21793,peer_cov_fixed,1.0,0.99983712,0.9918150753768844,0.0652,1.0
Samsung_SNH_1011_N_Webcam,30,0,21793,risk_blend,0.292540961638958,0.99975788,0.9878331658291457,0.057,1.0
Samsung_SNH_1011_N_Webcam,30,0,21793,risk_blend_mismatch,0.17489316374888703,0.99959656,0.9797266331658292,0.0512,1.0
Samsung_SNH_1011_N_Webcam,30,0,21793,peer_cov_soft,1.0,0.99781976,0.8904402010050252,0.0888,1.0
Samsung_SNH_1011_N_Webcam,30,0,21793,risk_soft_cov,0.9996402541054564,0.99781976,0.8904402010050252,0.0878,1.0
Samsung_SNH_1011_N_Webcam,30,0,21793,risk_soft_cov_mismatch,0.24521736306389227,0.9984658399999999,0.9229065326633166,0.1004,1.0
Samsung_SNH_1011_N_Webcam,30,1,28810,shared_oas,1.0,0.99956276,0.9780281407035176,0.1204,1.0
Samsung_SNH_1011_N_Webcam,30,1,28810,local_oas,0.0,0.9999111199999999,0.9955336683417084,0.1222,1.0
Samsung_SNH_1011_N_Webcam,30,1,28810,peer_cov_fixed,1.0,0.9999182,0.9958894472361808,0.0344,1.0
Samsung_SNH_1011_N_Webcam,30,1,28810,risk_blend,0.2197249800735218,0.99991816,0.9958874371859296,0.09,1.0
Samsung_SNH_1011_N_Webcam,30,1,28810,risk_blend_mismatch,0.10314082050008043,0.99991772,0.9958653266331658,0.0992,1.0
Samsung_SNH_1011_N_Webcam,30,1,28810,peer_cov_soft,1.0,0.9974334,0.8710251256281407,0.0372,1.0
Samsung_SNH_1011_N_Webcam,30,1,28810,risk_soft_cov,0.9994956938835488,0.99751308,0.8750291457286432,0.0372,1.0
Samsung_SNH_1011_N_Webcam,30,1,28810,risk_soft_cov_mismatch,0.2033852419634998,0.99823492,0.911302512562814,0.0866,1.0
Samsung_SNH_1011_N_Webcam,30,2,24023,shared_oas,1.0,0.99907252,0.9533929648241206,0.0312,1.0
Samsung_SNH_1011_N_Webcam,30,2,24023,local_oas,0.0,0.99924568,0.962094472361809,0.0136,1.0
Samsung_SNH_1011_N_Webcam,30,2,24023,peer_cov_fixed,1.0,0.99983984,0.9919517587939698,0.0706,1.0
Samsung_SNH_1011_N_Webcam,30,2,24023,risk_blend,0.29688555798334665,0.99968164,0.9840020100502512,0.0518,1.0
Samsung_SNH_1011_N_Webcam,30,2,24023,risk_blend_mismatch,0.17706537733476205,0.99968168,0.9840040201005025,0.0556,1.0
Samsung_SNH_1011_N_Webcam,30,2,24023,peer_cov_soft,1.0,0.9983280800000001,0.91598391959799,0.3172,1.0
Samsung_SNH_1011_N_Webcam,30,2,24023,risk_soft_cov,0.9996364201126401,0.9983280800000001,0.91598391959799,0.3122,1.0
Samsung_SNH_1011_N_Webcam,30,2,24023,risk_soft_cov_mismatch,0.25524042261904917,0.99856636,0.9279577889447237,0.0922,1.0
Samsung_SNH_1011_N_Webcam,30,3,31897,shared_oas,1.0,0.98484644,0.8010914572864322,0.0044,0.6056
Samsung_SNH_1011_N_Webcam,30,3,31897,local_oas,0.0,0.97727556,0.8009788944723618,0.0044,0.6054
Samsung_SNH_1011_N_Webcam,30,3,31897,peer_cov_fixed,1.0,0.99984048,0.99198391959799,0.001,0.9992
Samsung_SNH_1011_N_Webcam,30,3,31897,risk_blend,0.3299282267584622,0.9891985600000001,0.8018914572864322,0.0004,0.6056
Samsung_SNH_1011_N_Webcam,30,3,31897,risk_blend_mismatch,0.18532428551743096,0.9779243599999999,0.8018874371859297,0.0004,0.6058
Samsung_SNH_1011_N_Webcam,30,3,31897,peer_cov_soft,1.0,0.9979474,0.896854271356784,0.007,1.0
Samsung_SNH_1011_N_Webcam,30,3,31897,risk_soft_cov,0.9997080243909039,0.9979474,0.896854271356784,0.007,1.0
Samsung_SNH_1011_N_Webcam,30,3,31897,risk_soft_cov_mismatch,0.28562136267200267,0.98681236,0.8008361809045227,0.0088,0.6058
Samsung_SNH_1011_N_Webcam,30,4,23152,shared_oas,1.0,0.99942552,0.9711316582914573,0.5056,1.0
Samsung_SNH_1011_N_Webcam,30,4,23152,local_oas,0.0,0.99927404,0.9635195979899498,0.555,1.0
Samsung_SNH_1011_N_Webcam,30,4,23152,peer_cov_fixed,1.0,0.9999184,0.9958994974874371,0.0694,1.0
Samsung_SNH_1011_N_Webcam,30,4,23152,risk_blend,0.32709737147830786,0.9998389599999999,0.9919075376884421,0.1874,1.0
Samsung_SNH_1011_N_Webcam,30,4,23152,risk_blend_mismatch,0.20748517634707692,0.99967884,0.9838613065326633,0.2414,1.0
Samsung_SNH_1011_N_Webcam,30,4,23152,peer_cov_soft,1.0,0.99775876,0.8873748743718592,0.4432,1.0
Samsung_SNH_1011_N_Webcam,30,4,23152,risk_soft_cov,0.9996901194059299,0.9978388,0.891396984924623,0.4412,1.0
Samsung_SNH_1011_N_Webcam,30,4,23152,risk_soft_cov_mismatch,0.2768180804789296,0.9983190000000001,0.9155276381909547,0.2906,1.0
Samsung_SNH_1011_N_Webcam,30,5,19966,shared_oas,1.0,0.99938324,0.9690070351758795,0.027,1.0
Samsung_SNH_1011_N_Webcam,30,5,19966,local_oas,0.0,0.999509,0.9753266331658291,0.0128,1.0
Samsung_SNH_1011_N_Webcam,30,5,19966,peer_cov_fixed,1.0,0.99999864,0.9999316582914572,0.061,1.0
Samsung_SNH_1011_N_Webcam,30,5,19966,risk_blend,0.31278194521732716,0.9999992,0.9999597989949749,0.0508,1.0
Samsung_SNH_1011_N_Webcam,30,5,19966,risk_blend_mismatch,0.18737765868957432,0.9996042,0.9801105527638191,0.0498,1.0
Samsung_SNH_1011_N_Webcam,30,5,19966,peer_cov_soft,1.0,0.99928892,0.9642673366834171,0.1554,1.0
Samsung_SNH_1011_N_Webcam,30,5,19966,risk_soft_cov,0.9997049804724355,0.99928892,0.9642673366834171,0.1548,1.0
Samsung_SNH_1011_N_Webcam,30,5,19966,risk_soft_cov_mismatch,0.24498503499398822,0.9986562800000001,0.9324763819095476,0.0904,1.0
Samsung_SNH_1011_N_Webcam,30,6,5907,shared_oas,1.0,0.99881224,0.9403135678391961,0.0252,1.0
Samsung_SNH_1011_N_Webcam,30,6,5907,local_oas,0.0,0.99866484,0.9329065326633166,0.0118,1.0
Samsung_SNH_1011_N_Webcam,30,6,5907,peer_cov_fixed,1.0,0.99975404,0.987640201005025,0.0432,1.0
Samsung_SNH_1011_N_Webcam,30,6,5907,risk_blend,0.3151300503704209,0.99951156,0.9754552763819095,0.0294,1.0
Samsung_SNH_1011_N_Webcam,30,6,5907,risk_blend_mismatch,0.18654464399643336,0.9993494399999999,0.9673085427135679,0.0272,1.0
Samsung_SNH_1011_N_Webcam,30,6,5907,peer_cov_soft,1.0,0.9983738,0.9182834170854272,0.0822,1.0
Samsung_SNH_1011_N_Webcam,30,6,5907,risk_soft_cov,0.9996921987995425,0.9983738,0.9182834170854272,0.0816,1.0
Samsung_SNH_1011_N_Webcam,30,6,5907,risk_soft_cov_mismatch,0.2634710906247015,0.99845564,0.9223939698492463,0.0494,1.0
Samsung_SNH_1011_N_Webcam,30,7,7967,shared_oas,1.0,0.9990001599999999,0.949756783919598,0.0246,1.0
Samsung_SNH_1011_N_Webcam,30,7,7967,local_oas,0.0,0.9991668800000001,0.9581346733668341,0.0118,1.0
Samsung_SNH_1011_N_Webcam,30,7,7967,peer_cov_fixed,1.0,0.9999183199999999,0.9958954773869346,0.0346,1.0
Samsung_SNH_1011_N_Webcam,30,7,7967,risk_blend,0.2810255292844413,0.99959636,0.9797165829145729,0.0396,1.0
Samsung_SNH_1011_N_Webcam,30,7,7967,risk_blend_mismatch,0.1582559009342569,0.9994352799999999,0.9716221105527638,0.0332,1.0
Samsung_SNH_1011_N_Webcam,30,7,7967,peer_cov_soft,1.0,0.99781752,0.8903276381909548,0.0604,1.0
Samsung_SNH_1011_N_Webcam,30,7,7967,risk_soft_cov,0.9996384061368794,0.99781756,0.8903296482412061,0.0602,1.0
Samsung_SNH_1011_N_Webcam,30,7,7967,risk_soft_cov_mismatch,0.25459394066332325,0.9982192000000001,0.9105125628140703,0.0536,1.0
Samsung_SNH_1011_N_Webcam,30,8,5670,shared_oas,1.0,0.99915128,0.9573507537688443,0.028,1.0
Samsung_SNH_1011_N_Webcam,30,8,5670,local_oas,0.0,0.9990904399999999,0.9542934673366834,0.013,1.0
Samsung_SNH_1011_N_Webcam,30,8,5670,peer_cov_fixed,1.0,0.99983572,0.9917447236180905,0.0634,1.0
Samsung_SNH_1011_N_Webcam,30,8,5670,risk_blend,0.27152453405365423,0.9996756,0.9836984924623116,0.0466,1.0
Samsung_SNH_1011_N_Webcam,30,8,5670,risk_blend_mismatch,0.16482078479667342,0.99951396,0.9755758793969849,0.041,1.0
Samsung_SNH_1011_N_Webcam,30,8,5670,peer_cov_soft,1.0,0.99756512,0.8776442211055276,0.1428,1.0
Samsung_SNH_1011_N_Webcam,30,8,5670,risk_soft_cov,0.9995891748434119,0.99756512,0.8776442211055276,0.1408,1.0
Samsung_SNH_1011_N_Webcam,30,8,5670,risk_soft_cov_mismatch,0.2695638934585187,0.9981303199999999,0.9060462311557789,0.0814,1.0
Samsung_SNH_1011_N_Webcam,30,9,30963,shared_oas,1.0,0.99892904,0.9461829145728643,0.0348,1.0
Samsung_SNH_1011_N_Webcam,30,9,30963,local_oas,0.0,0.99907444,0.9534894472361809,0.015,1.0
Samsung_SNH_1011_N_Webcam,30,9,30963,peer_cov_fixed,1.0,0.99975876,0.9878773869346733,0.0666,1.0
Samsung_SNH_1011_N_Webcam,30,9,30963,risk_blend,0.3220949834949727,0.99943912,0.9718150753768844,0.0616,1.0
Samsung_SNH_1011_N_Webcam,30,9,30963,risk_blend_mismatch,0.1901762176775134,0.99935924,0.9678010050251257,0.0642,1.0
Samsung_SNH_1011_N_Webcam,30,9,30963,peer_cov_soft,1.0,0.99847832,0.9235336683417086,0.2288,1.0
Samsung_SNH_1011_N_Webcam,30,9,30963,risk_soft_cov,0.9997161233254026,0.99847832,0.9235336683417086,0.2278,1.0
Samsung_SNH_1011_N_Webcam,30,9,30963,risk_soft_cov_mismatch,0.2412510470073566,0.99807916,0.9034753768844221,0.1176,1.0
Samsung_SNH_1011_N_Webcam,30,10,22896,shared_oas,1.0,0.99939804,0.9697507537688442,0.0296,1.0
Samsung_SNH_1011_N_Webcam,30,10,22896,local_oas,0.0,0.9994103599999999,0.9703698492462312,0.0118,1.0
Samsung_SNH_1011_N_Webcam,30,10,22896,peer_cov_fixed,1.0,0.99999892,0.9999457286432161,0.0738,1.0
Samsung_SNH_1011_N_Webcam,30,10,22896,risk_blend,0.29259021464984264,0.9999198,0.9959698492462311,0.0506,1.0
Samsung_SNH_1011_N_Webcam,30,10,22896,risk_blend_mismatch,0.1774006799703866,0.99975992,0.9879356783919597,0.0488,1.0
Samsung_SNH_1011_N_Webcam,30,10,22896,peer_cov_soft,1.0,0.99768052,0.883443216080402,0.3886,1.0
Samsung_SNH_1011_N_Webcam,30,10,22896,risk_soft_cov,0.999634350393231,0.99768052,0.883443216080402,0.3862,1.0
Samsung_SNH_1011_N_Webcam,30,10,22896,risk_soft_cov_mismatch,0.2519629061487255,0.9981606399999999,0.9075698492462312,0.0898,1.0
Samsung_SNH_1011_N_Webcam,30,11,1467,shared_oas,1.0,0.99903324,0.9514190954773869,0.0338,1.0
Samsung_SNH_1011_N_Webcam,30,11,1467,local_oas,0.0,0.99925156,0.9623899497487438,0.0108,1.0
Samsung_SNH_1011_N_Webcam,30,11,1467,peer_cov_fixed,1.0,0.9999987600000001,0.9999376884422111,0.0594,1.0
Samsung_SNH_1011_N_Webcam,30,11,1467,risk_blend,0.2955774081407352,0.9999188,0.9959195979899498,0.0634,1.0
Samsung_SNH_1011_N_Webcam,30,11,1467,risk_blend_mismatch,0.1768774406791998,0.99991876,0.9959175879396984,0.065,1.0
Samsung_SNH_1011_N_Webcam,30,11,1467,peer_cov_soft,1.0,0.99846808,0.9230190954773869,0.2822,1.0
Samsung_SNH_1011_N_Webcam,30,11,1467,risk_soft_cov,0.9996597764042617,0.99846808,0.9230190954773869,0.2788,1.0
Samsung_SNH_1011_N_Webcam,30,11,1467,risk_soft_cov_mismatch,0.24158909656031927,0.9989505599999999,0.9472643216080402,0.0968,1.0
Samsung_SNH_1011_N_Webcam,30,12,16322,shared_oas,1.0,0.99967212,0.9835236180904523,0.572,1.0
Samsung_SNH_1011_N_Webcam,30,12,16322,local_oas,0.0,0.9996264,0.983121608040201,0.002,0.9936
Samsung_SNH_1011_N_Webcam,30,12,16322,peer_cov_fixed,1.0,0.99990616,0.9955597989949748,0.0888,1.0
Samsung_SNH_1011_N_Webcam,30,12,16322,risk_blend,0.1878225430193311,0.99988888,0.994478391959799,0.0036,0.9998
Samsung_SNH_1011_N_Webcam,30,12,16322,risk_blend_mismatch,0.04782825869864811,0.99984456,0.9925065326633167,0.0028,0.9994
Samsung_SNH_1011_N_Webcam,30,12,16322,peer_cov_soft,1.0,0.99273016,0.7620502512562815,0.1186,0.9992
Samsung_SNH_1011_N_Webcam,30,12,16322,risk_soft_cov,0.9997016526505149,0.99300268,0.7621708542713568,0.1114,0.9994
Samsung_SNH_1011_N_Webcam,30,12,16322,risk_soft_cov_mismatch,0.12255659066031578,0.9996609200000001,0.9829929648241207,0.0026,0.9986
Samsung_SNH_1011_N_Webcam,30,13,28710,shared_oas,1.0,0.9992782800000001,0.9637326633165829,0.0316,1.0
Samsung_SNH_1011_N_Webcam,30,13,28710,local_oas,0.0,0.99919272,0.9594331658291457,0.0122,1.0
Samsung_SNH_1011_N_Webcam,30,13,28710,peer_cov_fixed,1.0,0.9998404399999999,0.9919819095477387,0.0656,1.0
Samsung_SNH_1011_N_Webcam,30,13,28710,risk_blend,0.2837602072598105,0.9997628,0.9880804020100502,0.0558,1.0
Samsung_SNH_1011_N_Webcam,30,13,28710,risk_blend_mismatch,0.1637371374482571,0.9995263999999999,0.9762010050251256,0.0608,1.0
Samsung_SNH_1011_N_Webcam,30,13,28710,peer_cov_soft,1.0,0.9982635599999999,0.9127417085427135,0.1864,1.0
Samsung_SNH_1011_N_Webcam,30,13,28710,risk_soft_cov,0.9996033422651001,0.9982635999999999,0.9127437185929648,0.1828,1.0
Samsung_SNH_1011_N_Webcam,30,13,28710,risk_soft_cov_mismatch,0.26397647119275425,0.99865848,0.9325869346733668,0.0826,1.0
Samsung_SNH_1011_N_Webcam,30,14,25144,shared_oas,1.0,0.99924092,0.9618552763819095,0.0268,1.0
Samsung_SNH_1011_N_Webcam,30,14,25144,local_oas,0.0,0.9992228,0.9609447236180906,0.011,1.0
Samsung_SNH_1011_N_Webcam,30,14,25144,peer_cov_fixed,1.0,0.9999187199999999,0.9959155778894473,0.0408,1.0
Samsung_SNH_1011_N_Webcam,30,14,25144,risk_blend,0.30122859570360033,0.9998393600000001,0.9919276381909548,0.04,1.0
Samsung_SNH_1011_N_Webcam,30,14,25144,risk_blend_mismatch,0.18390576998895217,0.99967876,0.9838572864321609,0.0422,1.0
Samsung_SNH_1011_N_Webcam,30,14,25144,peer_cov_soft,1.0,0.99879164,0.939278391959799,0.1868,1.0
Samsung_SNH_1011_N_Webcam,30,14,25144,risk_soft_cov,0.999642797673733,0.99879164,0.939278391959799,0.1832,1.0
Samsung_SNH_1011_N_Webcam,30,14,25144,risk_soft_cov_mismatch,0.2647437330563368,0.9990337199999999,0.951443216080402,0.0748,1.0
Samsung_SNH_1011_N_Webcam,30,15,27120,shared_oas,1.0,0.9989857999999999,0.949035175879397,0.0218,1.0
Samsung_SNH_1011_N_Webcam,30,15,27120,local_oas,0.0,0.99910308,0.9549286432160804,0.009,1.0
Samsung_SNH_1011_N_Webcam,30,15,27120,peer_cov_fixed,1.0,0.99984204,0.9920623115577889,0.023,1.0
Samsung_SNH_1011_N_Webcam,30,15,27120,risk_blend,0.26902493749733086,0.99953196,0.9764804020100502,0.023,1.0
Samsung_SNH_1011_N_Webcam,30,15,27120,risk_blend_mismatch,0.14884086275518765,0.99937664,0.9686753768844221,0.0168,1.0
Samsung_SNH_1011_N_Webcam,30,15,27120,peer_cov_soft,1.0,0.9982872,0.913929648241206,0.0252,1.0
Samsung_SNH_1011_N_Webcam,30,15,27120,risk_soft_cov,0.9996030401663413,0.9982872,0.913929648241206,0.025,1.0
Samsung_SNH_1011_N_Webcam,30,15,27120,risk_soft_cov_mismatch,0.2608868445797272,0.9985206400000001,0.9256603015075376,0.0366,1.0
Samsung_SNH_1011_N_Webcam,30,16,28934,shared_oas,1.0,0.9992520399999999,0.9624140703517587,0.04,1.0
Samsung_SNH_1011_N_Webcam,30,16,28934,local_oas,0.0,0.9992526399999999,0.9624442211055276,0.0096,1.0
Samsung_SNH_1011_N_Webcam,30,16,28934,peer_cov_fixed,1.0,0.999838,0.991859296482412,0.036,1.0
Samsung_SNH_1011_N_Webcam,30,16,28934,risk_blend,0.3233403495977206,0.99960044,0.979921608040201,0.0236,1.0
Samsung_SNH_1011_N_Webcam,30,16,28934,risk_blend_mismatch,0.18755212924546613,0.99960064,0.9799316582914572,0.0182,1.0
Samsung_SNH_1011_N_Webcam,30,16,28934,peer_cov_soft,1.0,0.9982462799999999,0.9118733668341709,0.0562,1.0
Samsung_SNH_1011_N_Webcam,30,16,28934,risk_soft_cov,0.9996630319821644,0.9982462799999999,0.9118733668341709,0.0552,1.0
Samsung_SNH_1011_N_Webcam,30,16,28934,risk_soft_cov_mismatch,0.26584955298517765,0.9982416000000001,0.9116381909547739,0.0394,1.0
Samsung_SNH_1011_N_Webcam,30,17,9239,shared_oas,1.0,0.9992464,0.9621306532663316,0.0234,1.0
Samsung_SNH_1011_N_Webcam,30,17,9239,local_oas,0.0,0.99901836,0.9506713567839196,0.0114,1.0
Samsung_SNH_1011_N_Webcam,30,17,9239,peer_cov_fixed,1.0,0.99983816,0.9918673366834171,0.0316,1.0
Samsung_SNH_1011_N_Webcam,30,17,9239,risk_blend,0.28778208184198245,0.99943968,0.971843216080402,0.028,1.0
Samsung_SNH_1011_N_Webcam,30,17,9239,risk_blend_mismatch,0.16611568390754636,0.99943976,0.9718472361809045,0.0222,1.0
Samsung_SNH_1011_N_Webcam,30,17,9239,peer_cov_soft,1.0,0.9979938,0.8991859296482412,0.0748,1.0
Samsung_SNH_1011_N_Webcam,30,17,9239,risk_soft_cov,0.9996040174232146,0.9979938,0.8991859296482412,0.0744,1.0
Samsung_SNH_1011_N_Webcam,30,17,9239,risk_soft_cov_mismatch,0.26934363974744524,0.99799208,0.8990994974874371,0.0458,1.0
Samsung_SNH_1011_N_Webcam,30,18,14807,shared_oas,1.0,0.9990622,0.9528743718592965,0.0458,1.0
Samsung_SNH_1011_N_Webcam,30,18,14807,local_oas,0.0,0.99896144,0.9478110552763819,0.0152,1.0
Samsung_SNH_1011_N_Webcam,30,18,14807,peer_cov_fixed,1.0,0.99975972,0.9879256281407035,0.0872,1.0
Samsung_SNH_1011_N_Webcam,30,18,14807,risk_blend,0.3145264760211644,0.99968168,0.9840040201005025,0.0678,1.0
Samsung_SNH_1011_N_Webcam,30,18,14807,risk_blend_mismatch,0.18743417397855586,0.99952324,0.9760422110552764,0.0702,1.0
Samsung_SNH_1011_N_Webcam,30,18,14807,peer_cov_soft,1.0,0.99936276,0.9679778894472362,0.2474,1.0
Samsung_SNH_1011_N_Webcam,30,18,14807,risk_soft_cov,0.999699934348658,0.99936276,0.9679778894472362,0.2454,1.0
Samsung_SNH_1011_N_Webcam,30,18,14807,risk_soft_cov_mismatch,0.23328258593320442,0.9988888800000001,0.944164824120603,0.1158,1.0
Samsung_SNH_1011_N_Webcam,30,19,19545,shared_oas,1.0,0.99919644,0.9596201005025126,0.0062,1.0
Samsung_SNH_1011_N_Webcam,30,19,19545,local_oas,0.0,0.9995095199999999,0.9753527638190955,0.0054,1.0
Samsung_SNH_1011_N_Webcam,30,19,19545,peer_cov_fixed,1.0,0.99991656,0.9958070351758794,0.056,1.0
Samsung_SNH_1011_N_Webcam,30,19,19545,risk_blend,0.33508461411389573,0.99983656,0.9917869346733669,0.0542,1.0
Samsung_SNH_1011_N_Webcam,30,19,19545,risk_blend_mismatch,0.21700681040960967,0.99959376,0.9795859296482412,0.059,1.0
Samsung_SNH_1011_N_Webcam,30,19,19545,peer_cov_soft,1.0,0.99959364,0.9795798994974875,0.0364,1.0
Samsung_SNH_1011_N_Webcam,30,19,19545,risk_soft_cov,0.9997447814973809,0.99959364,0.9795798994974875,0.036,1.0
Samsung_SNH_1011_N_Webcam,30,19,19545,risk_soft_cov_mismatch,0.2713902113612783,0.99967588,0.9837125628140704,0.0328,1.0
Samsung_SNH_1011_N_Webcam,30,20,29519,shared_oas,1.0,0.99940324,0.9700120603015076,0.0212,1.0
Samsung_SNH_1011_N_Webcam,30,20,29519,local_oas,0.0,0.99925952,0.9627899497487438,0.0116,1.0
Samsung_SNH_1011_N_Webcam,30,20,29519,peer_cov_fixed,1.0,0.99975664,0.9877708542713568,0.0312,1.0
Samsung_SNH_1011_N_Webcam,30,20,29519,risk_blend,0.37102085421831804,0.99951828,0.9757929648241206,0.0294,1.0
Samsung_SNH_1011_N_Webcam,30,20,29519,risk_blend_mismatch,0.1925680723703667,0.99951852,0.9758050251256282,0.0312,1.0
Samsung_SNH_1011_N_Webcam,30,20,29519,peer_cov_soft,1.0,0.99959732,0.9797648241206031,0.0744,1.0
Samsung_SNH_1011_N_Webcam,30,20,29519,risk_soft_cov,0.9997729635011481,0.99959732,0.9797648241206031,0.0734,1.0
Samsung_SNH_1011_N_Webcam,30,20,29519,risk_soft_cov_mismatch,0.2080652176833425,0.99791544,0.8952482412060301,0.0378,1.0
Samsung_SNH_1011_N_Webcam,30,21,16595,shared_oas,1.0,0.9995195600000001,0.9758572864321609,0.0058,1.0
Samsung_SNH_1011_N_Webcam,30,21,16595,local_oas,0.0,0.9995389199999999,0.9970552763819095,0.1934,0.9996
Samsung_SNH_1011_N_Webcam,30,21,16595,peer_cov_fixed,1.0,0.9999064,0.995364824120603,0.0048,0.9992
Samsung_SNH_1011_N_Webcam,30,21,16595,risk_blend,0.38336068013257624,0.99992536,0.9970030150753769,0.003,0.9986
Samsung_SNH_1011_N_Webcam,30,21,16595,risk_blend_mismatch,0.11547286635937264,0.9998515600000001,0.9944180904522613,0.004,0.9984
Samsung_SNH_1011_N_Webcam,30,21,16595,peer_cov_soft,1.0,0.99768592,0.8845909547738693,0.002,0.5914
Samsung_SNH_1011_N_Webcam,30,21,16595,risk_soft_cov,0.999905437018137,0.9976862,0.8845989949748745,0.002,0.5914
Samsung_SNH_1011_N_Webcam,30,21,16595,risk_soft_cov_mismatch,0.2685517560758231,0.9998787600000001,0.9940643216080401,0.0012,0.997
Samsung_SNH_1011_N_Webcam,30,22,22051,shared_oas,1.0,0.99896364,0.947921608040201,0.0342,1.0
Samsung_SNH_1011_N_Webcam,30,22,22051,local_oas,0.0,0.9992576,0.9626934673366834,0.0126,1.0
Samsung_SNH_1011_N_Webcam,30,22,22051,peer_cov_fixed,1.0,0.99991944,0.9959517587939699,0.0672,1.0
Samsung_SNH_1011_N_Webcam,30,22,22051,risk_blend,0.26821745551394416,0.99976188,0.9880341708542714,0.056,1.0
Samsung_SNH_1011_N_Webcam,30,22,22051,risk_blend_mismatch,0.16250251485324801,0.99960388,0.980094472361809,0.0512,1.0
Samsung_SNH_1011_N_Webcam,30,22,22051,peer_cov_soft,1.0,0.9977762800000001,0.8882552763819096,0.2748,1.0
Samsung_SNH_1011_N_Webcam,30,22,22051,risk_soft_cov,0.9995840262290626,0.9977762800000001,0.8882552763819096,0.2708,1.0
Samsung_SNH_1011_N_Webcam,30,22,22051,risk_soft_cov_mismatch,0.26671481770925626,0.99809244,0.9041427135678392,0.092,1.0
Samsung_SNH_1011_N_Webcam,30,23,18899,shared_oas,1.0,0.9638792,0.7959216080402011,0.0002,0.5936
Samsung_SNH_1011_N_Webcam,30,23,18899,local_oas,0.0,0.5988072,0.795137688442211,0.0002,0.5742
Samsung_SNH_1011_N_Webcam,30,23,18899,peer_cov_fixed,1.0,0.99991092,0.9956462311557789,0.0,0.593
Samsung_SNH_1011_N_Webcam,30,23,18899,risk_blend,0.6590105646899933,0.6585313599999999,0.7961065326633165,0.0,0.59
Samsung_SNH_1011_N_Webcam,30,23,18899,risk_blend_mismatch,0.300711996646251,0.5982664400000001,0.7960804020100503,0.0,0.5942
Samsung_SNH_1011_N_Webcam,30,23,18899,peer_cov_soft,1.0,0.99926688,0.9631597989949748,0.0,0.5932
Samsung_SNH_1011_N_Webcam,30,23,18899,risk_soft_cov,0.9999462767060979,0.99934788,0.9672301507537688,0.0,0.5932
Samsung_SNH_1011_N_Webcam,30,23,18899,risk_soft_cov_mismatch,0.3329487117265905,0.5978662,0.796086432160804,0.0002,0.5942
Samsung_SNH_1011_N_Webcam,30,24,15634,shared_oas,1.0,0.9997346,0.9869145728643216,0.9682,1.0
Samsung_SNH_1011_N_Webcam,30,24,15634,local_oas,0.0,0.99981584,0.9912120603015075,0.9878,1.0
Samsung_SNH_1011_N_Webcam,30,24,15634,peer_cov_fixed,1.0,0.999915,0.9957286432160803,0.9892,1.0
Samsung_SNH_1011_N_Webcam,30,24,15634,risk_blend,0.3471945694268089,0.99999384,0.9996904522613066,0.9908,1.0
Samsung_SNH_1011_N_Webcam,30,24,15634,risk_blend_mismatch,0.1695862757746822,0.99999196,0.9995959798994974,0.9912,1.0
Samsung_SNH_1011_N_Webcam,30,24,15634,peer_cov_soft,1.0,0.999357,0.9676884422110553,0.9714,1.0
Samsung_SNH_1011_N_Webcam,30,24,15634,risk_soft_cov,0.9997412068520979,0.999357,0.9676884422110553,0.9714,1.0
Samsung_SNH_1011_N_Webcam,30,24,15634,risk_soft_cov_mismatch,0.19251926487987728,0.99991696,0.9958271356783919,0.9892,1.0
Samsung_SNH_1011_N_Webcam,30,25,21043,shared_oas,1.0,0.9994402,0.9718693467336683,0.031,1.0
Samsung_SNH_1011_N_Webcam,30,25,21043,local_oas,0.0,0.99936704,0.9681929648241205,0.0116,1.0
Samsung_SNH_1011_N_Webcam,30,25,21043,peer_cov_fixed,1.0,0.9999196800000001,0.9959638190954774,0.0658,1.0
Samsung_SNH_1011_N_Webcam,30,25,21043,risk_blend,0.2636043707292929,0.9998416400000001,0.9920422110552765,0.0564,1.0
Samsung_SNH_1011_N_Webcam,30,25,21043,risk_blend_mismatch,0.15668072137129,0.99976252,0.9880663316582914,0.0506,1.0
Samsung_SNH_1011_N_Webcam,30,25,21043,peer_cov_soft,1.0,0.99770364,0.8846050251256281,0.1858,1.0
Samsung_SNH_1011_N_Webcam,30,25,21043,risk_soft_cov,0.9995901873429978,0.99770364,0.8846050251256281,0.1824,1.0
Samsung_SNH_1011_N_Webcam,30,25,21043,risk_soft_cov_mismatch,0.2587628738729103,0.9983376,0.916462311557789,0.0906,1.0
Samsung_SNH_1011_N_Webcam,30,26,4304,shared_oas,1.0,0.9994198,0.9708442211055277,0.1466,1.0
Samsung_SNH_1011_N_Webcam,30,26,4304,local_oas,0.0,0.9995196000000001,0.9758592964824121,0.1422,1.0
Samsung_SNH_1011_N_Webcam,30,26,4304,peer_cov_fixed,1.0,0.99999912,0.9999557788944724,0.057,1.0
Samsung_SNH_1011_N_Webcam,30,26,4304,risk_blend,0.34820499601090626,0.999763,0.9880904522613065,0.1658,1.0
Samsung_SNH_1011_N_Webcam,30,26,4304,risk_blend_mismatch,0.2175867071378503,0.9996842,0.9841306532663316,0.2164,1.0
Samsung_SNH_1011_N_Webcam,30,26,4304,peer_cov_soft,1.0,0.99929068,0.9643557788944723,0.269,1.0
Samsung_SNH_1011_N_Webcam,30,26,4304,risk_soft_cov,0.9997415221739041,0.99929068,0.9643557788944723,0.2666,1.0
Samsung_SNH_1011_N_Webcam,30,26,4304,risk_soft_cov_mismatch,0.2636031190021073,0.99952692,0.976227135678392,0.2166,1.0
Samsung_SNH_1011_N_Webcam,30,27,3809,shared_oas,1.0,0.99949676,0.9747115577889447,0.035,1.0
Samsung_SNH_1011_N_Webcam,30,27,3809,local_oas,0.0,0.99926772,0.9632020100502512,0.0136,1.0
Samsung_SNH_1011_N_Webcam,30,27,3809,peer_cov_fixed,1.0,0.99983784,0.991851256281407,0.0758,1.0
Samsung_SNH_1011_N_Webcam,30,27,3809,risk_blend,0.29947689401646393,0.99967828,0.9838331658291457,0.0746,1.0
Samsung_SNH_1011_N_Webcam,30,27,3809,risk_blend_mismatch,0.18182190120459626,0.9996784,0.9838391959798996,0.0766,1.0
Samsung_SNH_1011_N_Webcam,30,27,3809,peer_cov_soft,1.0,0.99791196,0.8950733668341708,0.3274,1.0
Samsung_SNH_1011_N_Webcam,30,27,3809,risk_soft_cov,0.9996676080904131,0.99791196,0.8950733668341708,0.3256,1.0
Samsung_SNH_1011_N_Webcam,30,27,3809,risk_soft_cov_mismatch,0.24649794081649598,0.9984734,0.9232864321608041,0.11,1.0
Samsung_SNH_1011_N_Webcam,30,28,10615,shared_oas,1.0,0.99933992,0.9668301507537689,0.029,1.0
Samsung_SNH_1011_N_Webcam,30,28,10615,local_oas,0.0,0.99933492,0.9665788944723618,0.0124,1.0
Samsung_SNH_1011_N_Webcam,30,28,10615,peer_cov_fixed,1.0,0.99991772,0.9958653266331658,0.0492,1.0
Samsung_SNH_1011_N_Webcam,30,28,10615,risk_blend,0.29335214044839036,0.9996775200000001,0.9837949748743718,0.0402,1.0
Samsung_SNH_1011_N_Webcam,30,28,10615,risk_blend_mismatch,0.17479242048631838,0.99967768,0.9838030150753768,0.0424,1.0
Samsung_SNH_1011_N_Webcam,30,28,10615,peer_cov_soft,1.0,0.9983069999999999,0.9149246231155779,0.3268,1.0
Samsung_SNH_1011_N_Webcam,30,28,10615,risk_soft_cov,0.9996739915958324,0.9983069999999999,0.9149246231155779,0.3242,1.0
Samsung_SNH_1011_N_Webcam,30,28,10615,risk_soft_cov_mismatch,0.26149832306919263,0.99838436,0.9188120603015075,0.1008,1.0
Samsung_SNH_1011_N_Webcam,30,29,30732,shared_oas,1.0,0.99920624,0.9601125628140703,0.0412,1.0
Samsung_SNH_1011_N_Webcam,30,29,30732,local_oas,0.0,0.99926652,0.9631417085427136,0.016,1.0
Samsung_SNH_1011_N_Webcam,30,29,30732,peer_cov_fixed,1.0,0.99975864,0.9878713567839195,0.079,1.0
Samsung_SNH_1011_N_Webcam,30,29,30732,risk_blend,0.2967546250687748,0.99967908,0.9838733668341708,0.051,1.0
Samsung_SNH_1011_N_Webcam,30,29,30732,risk_blend_mismatch,0.17927628469914297,0.9995992,0.979859296482412,0.0546,1.0
Samsung_SNH_1011_N_Webcam,30,29,30732,peer_cov_soft,1.0,0.99847644,0.9234391959798995,0.231,1.0
Samsung_SNH_1011_N_Webcam,30,29,30732,risk_soft_cov,0.9996478303540546,0.99847644,0.9234391959798995,0.2274,1.0
Samsung_SNH_1011_N_Webcam,30,29,30732,risk_soft_cov_mismatch,0.26297862607795874,0.9985555599999999,0.9274150753768844,0.1372,1.0
Samsung_SNH_1011_N_Webcam,100,0,10443,shared_oas,1.0,0.99908612,0.9540763819095478,0.4364,1.0
Samsung_SNH_1011_N_Webcam,100,0,10443,local_oas,0.0,0.9988218,0.9407939698492462,0.4738,1.0
Samsung_SNH_1011_N_Webcam,100,0,10443,peer_cov_fixed,1.0,0.99983468,0.9916924623115577,0.105,1.0
Samsung_SNH_1011_N_Webcam,100,0,10443,risk_blend,0.10860123222016353,0.99966992,0.9834130653266332,0.4148,1.0
Samsung_SNH_1011_N_Webcam,100,0,10443,risk_blend_mismatch,0.050827805878336456,0.9994225600000001,0.9709829145728643,0.4404,1.0
Samsung_SNH_1011_N_Webcam,100,0,10443,peer_cov_soft,1.0,0.9955031599999999,0.7740281407035177,0.2806,1.0
Samsung_SNH_1011_N_Webcam,100,0,10443,risk_soft_cov,0.997603139762863,0.995586,0.7781909547738695,0.2552,1.0
Samsung_SNH_1011_N_Webcam,100,0,10443,risk_soft_cov_mismatch,0.07187768586045998,0.99747268,0.8729989949748744,0.458,1.0
Samsung_SNH_1011_N_Webcam,100,1,26944,shared_oas,1.0,0.9966139199999999,0.8298452261306533,0.0498,1.0
Samsung_SNH_1011_N_Webcam,100,1,26944,local_oas,0.0,0.9959337199999999,0.7956643216080401,0.044,1.0
Samsung_SNH_1011_N_Webcam,100,1,26944,peer_cov_fixed,1.0,0.9997533599999999,0.9876060301507539,0.0158,1.0
Samsung_SNH_1011_N_Webcam,100,1,26944,risk_blend,0.10405972406110135,0.9990186000000001,0.9506834170854273,0.0444,1.0
Samsung_SNH_1011_N_Webcam,100,1,26944,risk_blend_mismatch,0.048600285218987085,0.998773,0.9383417085427135,0.0438,1.0
Samsung_SNH_1011_N_Webcam,100,1,26944,peer_cov_soft,1.0,0.99320612,0.7448683417085427,0.0394,1.0
Samsung_SNH_1011_N_Webcam,100,1,26944,risk_soft_cov,0.9975122329994457,0.99313008,0.7451577889447236,0.0356,1.0
Samsung_SNH_1011_N_Webcam,100,1,26944,risk_soft_cov_mismatch,0.08280491816291251,0.99561008,0.7794010050251257,0.0444,1.0
Samsung_SNH_1011_N_Webcam,100,2,29503,shared_oas,1.0,0.99942412,0.9710613065326634,0.215,1.0
Samsung_SNH_1011_N_Webcam,100,2,29503,local_oas,0.0,0.9993868,0.9691859296482412,0.2482,1.0
Samsung_SNH_1011_N_Webcam,100,2,29503,peer_cov_fixed,1.0,0.9999195200000001,0.9959557788944724,0.0188,1.0
Samsung_SNH_1011_N_Webcam,100,2,29503,risk_blend,0.1302094715383229,0.99968292,0.9840663316582914,0.249,1.0
Samsung_SNH_1011_N_Webcam,100,2,29503,risk_blend_mismatch,0.056045276432140356,0.9996828799999999,0.9840643216080402,0.2366,1.0
Samsung_SNH_1011_N_Webcam,100,2,29503,peer_cov_soft,1.0,0.99196836,0.7516884422110552,0.072,1.0
Samsung_SNH_1011_N_Webcam,100,2,29503,risk_soft_cov,0.9979776723462664,0.99196944,0.7517427135678392,0.0594,1.0
Samsung_SNH_1011_N_Webcam,100,2,29503,risk_soft_cov_mismatch,0.07081897621820214,0.99677404,0.8378914572864322,0.2184,1.0
Samsung_SNH_1011_N_Webcam,100,3,15185,shared_oas,1.0,0.9993956,0.9696281407035177,0.2448,1.0
Samsung_SNH_1011_N_Webcam,100,3,15185,local_oas,0.0,0.99935564,0.9676201005025126,0.2536,1.0
Samsung_SNH_1011_N_Webcam,100,3,15185,peer_cov_fixed,1.0,0.9999198,0.9959698492462312,0.098,1.0
Samsung_SNH_1011_N_Webcam,100,3,15185,risk_blend,0.10394900006643158,0.9997600799999999,0.9879437185929649,0.2164,1.0
Samsung_SNH_1011_N_Webcam,100,3,15185,risk_blend_mismatch,0.04881872146137229,0.9996,0.9798994974874372,0.2638,1.0
Samsung_SNH_1011_N_Webcam,100,3,15185,peer_cov_soft,1.0,0.99373372,0.7453527638190955,0.2546,1.0
Samsung_SNH_1011_N_Webcam,100,3,15185,risk_soft_cov,0.9974362778681326,0.993734,0.7453668341708544,0.226,1.0
Samsung_SNH_1011_N_Webcam,100,3,15185,risk_soft_cov_mismatch,0.06882718344743026,0.99748368,0.8735517587939698,0.2926,1.0
Samsung_SNH_1011_N_Webcam,100,4,23558,shared_oas,1.0,0.9984793200000001,0.92358391959799,0.0738,1.0
Samsung_SNH_1011_N_Webcam,100,4,23558,local_oas,0.0,0.9987638,0.9378793969849246,0.0748,1.0
Samsung_SNH_1011_N_Webcam,100,4,23558,peer_cov_fixed,1.0,0.99991872,0.9959155778894472,0.05,1.0
Samsung_SNH_1011_N_Webcam,100,4,23558,risk_blend,0.12073344192297886,0.9997562,0.987748743718593,0.0658,1.0
Samsung_SNH_1011_N_Webcam,100,4,23558,risk_blend_mismatch,0.05794099280375396,0.99975616,0.9877467336683416,0.065,1.0
Samsung_SNH_1011_N_Webcam,100,4,23558,peer_cov_soft,1.0,0.9921747999999999,0.745575879396985,0.23,1.0
Samsung_SNH_1011_N_Webcam,100,4,23558,risk_soft_cov,0.9977441321141288,0.9920134,0.7456301507537688,0.196,1.0
Samsung_SNH_1011_N_Webcam,100,4,23558,risk_soft_cov_mismatch,0.07980277466199061,0.9971970800000001,0.8591497487437185,0.055,1.0
Samsung_SNH_1011_N_Webcam,100,5,31631,shared_oas,1.0,0.99886208,0.9428180904522613,0.4658,1.0
Samsung_SNH_1011_N_Webcam,100,5,31631,local_oas,0.0,0.99921096,0.9603497487437187,0.447,1.0
Samsung_SNH_1011_N_Webcam,100,5,31631,peer_cov_fixed,1.0,0.999837,0.9918090452261307,0.0392,1.0
Samsung_SNH_1011_N_Webcam,100,5,31631,risk_blend,0.11220484252284592,0.9998370799999999,0.9918130653266332,0.325,1.0
Samsung_SNH_1011_N_Webcam,100,5,31631,risk_blend_mismatch,0.04990794966062088,0.99983684,0.9918010050251257,0.4,1.0
Samsung_SNH_1011_N_Webcam,100,5,31631,peer_cov_soft,1.0,0.99373288,0.7461547738693467,0.2748,1.0
Samsung_SNH_1011_N_Webcam,100,5,31631,risk_soft_cov,0.9976541951707252,0.99373608,0.7463155778894472,0.252,1.0
Samsung_SNH_1011_N_Webcam,100,5,31631,risk_soft_cov_mismatch,0.06063988773061679,0.99743404,0.8710572864321608,0.4394,1.0
Samsung_SNH_1011_N_Webcam,100,6,15954,shared_oas,1.0,0.99908624,0.9542733668341709,0.0038,0.9998
Samsung_SNH_1011_N_Webcam,100,6,15954,local_oas,0.0,0.99732696,0.9537728643216081,0.0356,0.9996
Samsung_SNH_1011_N_Webcam,100,6,15954,peer_cov_fixed,1.0,0.9996679199999999,0.983318592964824,0.0,0.595
Samsung_SNH_1011_N_Webcam,100,6,15954,risk_blend,0.45438271575591216,0.99986852,0.994243216080402,0.0024,0.9882
Samsung_SNH_1011_N_Webcam,100,6,15954,risk_blend_mismatch,0.14479444309128786,0.99951864,0.9836060301507538,0.0024,0.989
Samsung_SNH_1011_N_Webcam,100,6,15954,peer_cov_soft,1.0,0.99695648,0.8472100502512563,0.0,0.404
Samsung_SNH_1011_N_Webcam,100,6,15954,risk_soft_cov,0.9999129396088079,0.9970361600000001,0.8512120603015075,0.0,0.404
Samsung_SNH_1011_N_Webcam,100,6,15954,risk_soft_cov_mismatch,0.16052636215616914,0.9996868,0.9858070351758794,0.0024,0.9906
Samsung_SNH_1011_N_Webcam,100,7,7040,shared_oas,1.0,0.99931212,0.9654331658291457,0.1004,1.0
Samsung_SNH_1011_N_Webcam,100,7,7040,local_oas,0.0,0.99925308,0.9624663316582915,0.0958,1.0
Samsung_SNH_1011_N_Webcam,100,7,7040,peer_cov_fixed,1.0,0.99991888,0.9959236180904523,0.0044,1.0
Samsung_SNH_1011_N_Webcam,100,7,7040,risk_blend,0.10010819018222475,0.9998386800000001,0.9918934673366835,0.0952,1.0
Samsung_SNH_1011_N_Webcam,100,7,7040,risk_blend_mismatch,0.04727021692835206,0.9996779600000001,0.9838170854271356,0.094,1.0
Samsung_SNH_1011_N_Webcam,100,7,7040,peer_cov_soft,1.0,0.99356876,0.7454371859296482,0.0114,0.5984
Samsung_SNH_1011_N_Webcam,100,7,7040,risk_soft_cov,0.9974664507683819,0.99373596,0.7457668341708543,0.0108,0.5984
Samsung_SNH_1011_N_Webcam,100,7,7040,risk_soft_cov_mismatch,0.08578255596290811,0.99735552,0.8671115577889448,0.1098,1.0
Samsung_SNH_1011_N_Webcam,100,8,29132,shared_oas,1.0,0.9984943199999999,0.924337688442211,0.1614,1.0
Samsung_SNH_1011_N_Webcam,100,8,29132,local_oas,0.0,0.99832376,0.9157668341708542,0.1622,1.0
Samsung_SNH_1011_N_Webcam,100,8,29132,peer_cov_fixed,1.0,0.99983992,0.9919557788944724,0.0588,1.0
Samsung_SNH_1011_N_Webcam,100,8,29132,risk_blend,0.13105667993538303,0.9994425600000001,0.9719879396984924,0.1292,1.0
Samsung_SNH_1011_N_Webcam,100,8,29132,risk_blend_mismatch,0.053661732356646584,0.99944252,0.9719859296482412,0.1454,1.0
Samsung_SNH_1011_N_Webcam,100,8,29132,peer_cov_soft,1.0,0.99155604,0.7555899497487437,0.2148,1.0
Samsung_SNH_1011_N_Webcam,100,8,29132,risk_soft_cov,0.9979760902082688,0.9918779600000001,0.7557748743718593,0.1856,1.0
Samsung_SNH_1011_N_Webcam,100,8,29132,risk_soft_cov_mismatch,0.06454688956466632,0.9968050799999999,0.839451256281407,0.1542,1.0
Samsung_SNH_1011_N_Webcam,100,9,30069,shared_oas,1.0,0.99910728,0.9551396984924623,0.3932,1.0
Samsung_SNH_1011_N_Webcam,100,9,30069,local_oas,0.0,0.9990127999999999,0.950391959798995,0.386,1.0
Samsung_SNH_1011_N_Webcam,100,9,30069,peer_cov_fixed,1.0,0.9999172,0.9958391959798996,0.1188,1.0
Samsung_SNH_1011_N_Webcam,100,9,30069,risk_blend,0.12296831092702193,0.99951556,0.9756562814070352,0.2818,1.0
Samsung_SNH_1011_N_Webcam,100,9,30069,risk_blend_mismatch,0.057518824770088614,0.9993542,0.9675477386934673,0.3264,1.0
Samsung_SNH_1011_N_Webcam,100,9,30069,peer_cov_soft,1.0,0.99360596,0.7515437185929648,0.2942,1.0
Samsung_SNH_1011_N_Webcam,100,9,30069,risk_soft_cov,0.9979581875608351,0.9937661600000001,0.7514994974874372,0.267,1.0
Samsung_SNH_1011_N_Webcam,100,9,30069,risk_soft_cov_mismatch,0.0699162788120546,0.996847,0.8415577889447237,0.402,1.0
Samsung_SNH_1011_N_Webcam,100,10,23445,shared_oas,1.0,0.998328,0.9159798994974874,0.2466,1.0
Samsung_SNH_1011_N_Webcam,100,10,23445,local_oas,0.0,0.99833316,0.9162391959798994,0.2276,1.0
Samsung_SNH_1011_N_Webcam,100,10,23445,peer_cov_fixed,1.0,0.9999199200000001,0.9959758793969848,0.111,1.0
Samsung_SNH_1011_N_Webcam,100,10,23445,risk_blend,0.11501542116116115,0.9999208,0.9960201005025126,0.2042,1.0
Samsung_SNH_1011_N_Webcam,100,10,23445,risk_blend_mismatch,0.05456530091997099,0.9995256,0.9761608040201005,0.2188,1.0
Samsung_SNH_1011_N_Webcam,100,10,23445,peer_cov_soft,1.0,0.9932744400000001,0.7533668341708543,0.3362,1.0
Samsung_SNH_1011_N_Webcam,100,10,23445,risk_soft_cov,0.9976461661243942,0.99336004,0.7537005025125628,0.2934,1.0
Samsung_SNH_1011_N_Webcam,100,10,23445,risk_soft_cov_mismatch,0.07375749109948564,0.99625024,0.8115698492462312,0.2624,1.0
Samsung_SNH_1011_N_Webcam,100,11,12477,shared_oas,1.0,0.99946048,0.9728884422110553,0.0222,1.0
Samsung_SNH_1011_N_Webcam,100,11,12477,local_oas,0.0,0.99950836,0.9752944723618091,0.0118,1.0
Samsung_SNH_1011_N_Webcam,100,11,12477,peer_cov_fixed,1.0,0.9999994,0.9999698492462312,0.102,1.0
Samsung_SNH_1011_N_Webcam,100,11,12477,risk_blend,0.09773616024019574,0.9999192,0.9959396984924622,0.0548,1.0
Samsung_SNH_1011_N_Webcam,100,11,12477,risk_blend_mismatch,0.04404779512019686,0.99991892,0.9959256281407036,0.0398,1.0
Samsung_SNH_1011_N_Webcam,100,11,12477,peer_cov_soft,1.0,0.99428092,0.7490251256281407,0.274,1.0
Samsung_SNH_1011_N_Webcam,100,11,12477,risk_soft_cov,0.9973184310439249,0.99420508,0.7492603015075378,0.2382,1.0
Samsung_SNH_1011_N_Webcam,100,11,12477,risk_soft_cov_mismatch,0.06300137908963911,0.9977906,0.8889748743718593,0.0694,1.0
Samsung_SNH_1011_N_Webcam,100,12,4011,shared_oas,1.0,0.99912344,0.9559517587939699,0.4104,1.0
Samsung_SNH_1011_N_Webcam,100,12,4011,local_oas,0.0,0.99854132,0.9266994974874372,0.4094,1.0
Samsung_SNH_1011_N_Webcam,100,12,4011,peer_cov_fixed,1.0,0.99991968,0.9959638190954774,0.1066,1.0
Samsung_SNH_1011_N_Webcam,100,12,4011,risk_blend,0.11722664872651103,0.9999197200000001,0.9959658291457286,0.2916,1.0
Samsung_SNH_1011_N_Webcam,100,12,4011,risk_blend_mismatch,0.053626340613222134,0.99975916,0.987897487437186,0.376,1.0
Samsung_SNH_1011_N_Webcam,100,12,4011,peer_cov_soft,1.0,0.99296708,0.7514231155778894,0.4176,1.0
Samsung_SNH_1011_N_Webcam,100,12,4011,risk_soft_cov,0.9977311818890588,0.99305076,0.7515959798994976,0.399,1.0
Samsung_SNH_1011_N_Webcam,100,12,4011,risk_soft_cov_mismatch,0.06700858554970425,0.99738768,0.8687276381909548,0.3744,1.0
Samsung_SNH_1011_N_Webcam,100,13,7444,shared_oas,1.0,0.99694048,0.8462552763819096,0.0928,1.0
Samsung_SNH_1011_N_Webcam,100,13,7444,local_oas,0.0,0.99682212,0.8403075376884422,0.0918,1.0
Samsung_SNH_1011_N_Webcam,100,13,7444,peer_cov_fixed,1.0,0.99999896,0.9999477386934674,0.0136,1.0
Samsung_SNH_1011_N_Webcam,100,13,7444,risk_blend,0.10119947670626306,0.99959152,0.9794733668341709,0.0906,1.0
Samsung_SNH_1011_N_Webcam,100,13,7444,risk_blend_mismatch,0.0471912428994695,0.99959124,0.979459296482412,0.0886,1.0
Samsung_SNH_1011_N_Webcam,100,13,7444,peer_cov_soft,1.0,0.9931542800000001,0.7421467336683417,0.0292,1.0
Samsung_SNH_1011_N_Webcam,100,13,7444,risk_soft_cov,0.9974810413610897,0.9934033200000001,0.7423537688442211,0.0282,1.0
Samsung_SNH_1011_N_Webcam,100,13,7444,risk_soft_cov_mismatch,0.0815336037140403,0.99655528,0.8268984924623115,0.0826,1.0
Samsung_SNH_1011_N_Webcam,100,14,4509,shared_oas,1.0,0.99979044,0.9894693467336684,0.1306,1.0
Samsung_SNH_1011_N_Webcam,100,14,4509,local_oas,0.0,0.99964772,0.9822974874371859,0.124,1.0
Samsung_SNH_1011_N_Webcam,100,14,4509,peer_cov_fixed,1.0,0.99999936,0.9999678391959799,0.0782,1.0
Samsung_SNH_1011_N_Webcam,100,14,4509,risk_blend,0.10913740470496994,0.99983968,0.9919437185929649,0.1418,1.0
Samsung_SNH_1011_N_Webcam,100,14,4509,risk_blend_mismatch,0.05442376512947153,0.9998395200000001,0.9919356783919598,0.141,1.0
Samsung_SNH_1011_N_Webcam,100,14,4509,peer_cov_soft,1.0,0.993043,0.7591537688442211,0.278,1.0
Samsung_SNH_1011_N_Webcam,100,14,4509,risk_soft_cov,0.997535009062181,0.9929677600000001,0.7594070351758795,0.232,1.0
Samsung_SNH_1011_N_Webcam,100,14,4509,risk_soft_cov_mismatch,0.0794315511171151,0.99755476,0.8771236180904523,0.2104,1.0
Samsung_SNH_1011_N_Webcam,100,15,20570,shared_oas,1.0,0.99877028,0.9382050251256282,0.005,1.0
Samsung_SNH_1011_N_Webcam,100,15,20570,local_oas,0.0,0.99902696,0.9511035175879397,0.005,1.0
Samsung_SNH_1011_N_Webcam,100,15,20570,peer_cov_fixed,1.0,0.99991904,0.9959316582914572,0.0748,1.0
Samsung_SNH_1011_N_Webcam,100,15,20570,risk_blend,0.11532152031260455,0.99952184,0.9759718592964823,0.0736,1.0
Samsung_SNH_1011_N_Webcam,100,15,20570,risk_blend_mismatch,0.05734421330000592,0.99936244,0.9679618090452261,0.0584,1.0
Samsung_SNH_1011_N_Webcam,100,15,20570,peer_cov_soft,1.0,0.99412868,0.7690391959798996,0.0048,0.6014
Samsung_SNH_1011_N_Webcam,100,15,20570,risk_soft_cov,0.9977077192191012,0.99434656,0.7719778894472362,0.0048,0.6014
Samsung_SNH_1011_N_Webcam,100,15,20570,risk_soft_cov_mismatch,0.07823868513541968,0.99936208,0.9679437185929648,0.0026,1.0
Samsung_SNH_1011_N_Webcam,100,16,18883,shared_oas,1.0,0.90562704,0.791105527638191,0.0,0.3722
Samsung_SNH_1011_N_Webcam,100,16,18883,local_oas,0.0,0.9047504,0.795270351758794,0.0,0.2124
Samsung_SNH_1011_N_Webcam,100,16,18883,peer_cov_fixed,1.0,0.99951832,0.975794974874372,0.0,0.5988
Samsung_SNH_1011_N_Webcam,100,16,18883,risk_blend,0.46997577018450953,0.9496787600000001,0.7985929648241206,0.0,0.4062
Samsung_SNH_1011_N_Webcam,100,16,18883,risk_blend_mismatch,0.20013863151946035,0.90442192,0.7985929648241206,0.0,0.4084
Samsung_SNH_1011_N_Webcam,100,16,18883,peer_cov_soft,1.0,0.99719176,0.8589547738693468,0.0,0.599
Samsung_SNH_1011_N_Webcam,100,16,18883,risk_soft_cov,0.9998635424172733,0.9971116400000001,0.8549306532663317,0.0,0.599
Samsung_SNH_1011_N_Webcam,100,16,18883,risk_soft_cov_mismatch,0.21713672030402215,0.8887067599999999,0.7979457286432161,0.0,0.4322
Samsung_SNH_1011_N_Webcam,100,17,24221,shared_oas,1.0,0.9983685999999999,0.9180201005025126,0.3224,1.0
Samsung_SNH_1011_N_Webcam,100,17,24221,local_oas,0.0,0.9989169200000001,0.9455738693467337,0.326,1.0
Samsung_SNH_1011_N_Webcam,100,17,24221,peer_cov_fixed,1.0,0.9999188,0.9959195979899498,0.1288,1.0
Samsung_SNH_1011_N_Webcam,100,17,24221,risk_blend,0.11209302060478965,0.99968044,0.9839417085427136,0.3234,1.0
Samsung_SNH_1011_N_Webcam,100,17,24221,risk_blend_mismatch,0.05323879209461227,0.9992808,0.9638592964824121,0.3222,1.0
Samsung_SNH_1011_N_Webcam,100,17,24221,peer_cov_soft,1.0,0.9926170400000001,0.7533708542713569,0.2626,1.0
Samsung_SNH_1011_N_Webcam,100,17,24221,risk_soft_cov,0.9975792683967857,0.99270372,0.7537145728643215,0.2214,1.0
Samsung_SNH_1011_N_Webcam,100,17,24221,risk_soft_cov_mismatch,0.07491662815871178,0.99710784,0.8546653266331659,0.3148,1.0
Samsung_SNH_1011_N_Webcam,100,18,10853,shared_oas,1.0,0.9995767600000001,0.9787316582914574,0.0302,1.0
Samsung_SNH_1011_N_Webcam,100,18,10853,local_oas,0.0,0.999601,0.9799497487437187,0.0276,1.0
Samsung_SNH_1011_N_Webcam,100,18,10853,peer_cov_fixed,1.0,0.99984012,0.9919658291457287,0.0416,1.0
Samsung_SNH_1011_N_Webcam,100,18,10853,risk_blend,0.11065523924327121,0.9996816399999999,0.9840020100502512,0.0418,1.0
Samsung_SNH_1011_N_Webcam,100,18,10853,risk_blend_mismatch,0.05304631789973838,0.99960212,0.9800060301507538,0.0378,1.0
Samsung_SNH_1011_N_Webcam,100,18,10853,peer_cov_soft,1.0,0.99501728,0.7536100502512563,0.0302,1.0
Samsung_SNH_1011_N_Webcam,100,18,10853,risk_soft_cov,0.9976998646406035,0.99512916,0.7552341708542714,0.028,1.0
Samsung_SNH_1011_N_Webcam,100,18,10853,risk_soft_cov_mismatch,0.073604607391865,0.99952264,0.9760120603015076,0.01,1.0
Samsung_SNH_1011_N_Webcam,100,19,1201,shared_oas,1.0,0.9990075199999999,0.9501266331658291,0.1714,1.0
Samsung_SNH_1011_N_Webcam,100,19,1201,local_oas,0.0,0.99886932,0.9431819095477387,0.1818,1.0
Samsung_SNH_1011_N_Webcam,100,19,1201,peer_cov_fixed,1.0,0.9999201999999999,0.9959899497487437,0.0938,1.0
Samsung_SNH_1011_N_Webcam,100,19,1201,risk_blend,0.11394494507506701,0.99984208,0.9920643216080403,0.2144,1.0
Samsung_SNH_1011_N_Webcam,100,19,1201,risk_blend_mismatch,0.052390442103872094,0.9994482,0.9722713567839196,0.2028,1.0
Samsung_SNH_1011_N_Webcam,100,19,1201,peer_cov_soft,1.0,0.9943372800000001,0.7668924623115578,0.3218,1.0
Samsung_SNH_1011_N_Webcam,100,19,1201,risk_soft_cov,0.9976902278320012,0.9944994,0.7671236180904524,0.2844,1.0
Samsung_SNH_1011_N_Webcam,100,19,1201,risk_soft_cov_mismatch,0.06580485935965509,0.99805988,0.9025065326633166,0.1832,1.0
Samsung_SNH_1011_N_Webcam,100,20,26390,shared_oas,1.0,0.998684,0.9338693467336684,0.3834,1.0
Samsung_SNH_1011_N_Webcam,100,20,26390,local_oas,0.0,0.99897724,0.9486050251256282,0.396,1.0
Samsung_SNH_1011_N_Webcam,100,20,26390,peer_cov_fixed,1.0,0.99999908,0.999953768844221,0.0678,1.0
Samsung_SNH_1011_N_Webcam,100,20,26390,risk_blend,0.10879484520859148,0.9996740000000001,0.9836180904522613,0.3752,1.0
Samsung_SNH_1011_N_Webcam,100,20,26390,risk_blend_mismatch,0.0523554634492863,0.999674,0.9836180904522613,0.384,1.0
Samsung_SNH_1011_N_Webcam,100,20,26390,peer_cov_soft,1.0,0.99328676,0.7526854271356784,0.2338,1.0
Samsung_SNH_1011_N_Webcam,100,20,26390,risk_soft_cov,0.9974986819828736,0.99329024,0.7528643216080402,0.1956,1.0
Samsung_SNH_1011_N_Webcam,100,20,26390,risk_soft_cov_mismatch,0.08308516873100646,0.99733584,0.8661226130653267,0.3516,1.0
Samsung_SNH_1011_N_Webcam,100,21,30759,shared_oas,1.0,0.9973894400000001,0.8688160804020101,0.0528,1.0
Samsung_SNH_1011_N_Webcam,100,21,30759,local_oas,0.0,0.9972946399999999,0.8640522613065327,0.0514,1.0
Samsung_SNH_1011_N_Webcam,100,21,30759,peer_cov_fixed,1.0,0.9999197599999999,0.9959678391959799,0.0582,1.0
Samsung_SNH_1011_N_Webcam,100,21,30759,risk_blend,0.11295545849707095,0.99960148,0.9799738693467337,0.062,1.0
Samsung_SNH_1011_N_Webcam,100,21,30759,risk_blend_mismatch,0.054347109633281765,0.99960144,0.9799718592964825,0.062,1.0
Samsung_SNH_1011_N_Webcam,100,21,30759,peer_cov_soft,1.0,0.9939298799999999,0.7510532663316583,0.1396,1.0
Samsung_SNH_1011_N_Webcam,100,21,30759,risk_soft_cov,0.9977320104412944,0.99393068,0.7510934673366835,0.1142,1.0
Samsung_SNH_1011_N_Webcam,100,21,30759,risk_soft_cov_mismatch,0.07493664299823753,0.9965668400000001,0.8274793969849246,0.0668,1.0
Samsung_SNH_1011_N_Webcam,100,22,30802,shared_oas,1.0,0.99865804,0.932564824120603,0.5526,1.0
Samsung_SNH_1011_N_Webcam,100,22,30802,local_oas,0.0,0.99899096,0.9492944723618091,0.5666,1.0
Samsung_SNH_1011_N_Webcam,100,22,30802,peer_cov_fixed,1.0,0.9999994400000001,0.9999718592964824,0.1436,1.0
Samsung_SNH_1011_N_Webcam,100,22,30802,risk_blend,0.10432940403827504,0.99968072,0.9839557788944724,0.5242,1.0
Samsung_SNH_1011_N_Webcam,100,22,30802,risk_blend_mismatch,0.050547514563197525,0.9992022,0.9599095477386934,0.5448,1.0
Samsung_SNH_1011_N_Webcam,100,22,30802,peer_cov_soft,1.0,0.9945871599999999,0.7600381909547739,0.2514,1.0
Samsung_SNH_1011_N_Webcam,100,22,30802,risk_soft_cov,0.997564235447527,0.99482712,0.7600844221105527,0.2222,1.0
Samsung_SNH_1011_N_Webcam,100,22,30802,risk_soft_cov_mismatch,0.07435445235782691,0.9975173199999999,0.8752422110552764,0.5464,1.0
Samsung_SNH_1011_N_Webcam,100,23,11501,shared_oas,1.0,0.99867428,0.933380904522613,0.2606,1.0
Samsung_SNH_1011_N_Webcam,100,23,11501,local_oas,0.0,0.99845456,0.9223396984924623,0.2654,1.0
Samsung_SNH_1011_N_Webcam,100,23,11501,peer_cov_fixed,1.0,0.99983844,0.9918814070351759,0.1398,1.0
Samsung_SNH_1011_N_Webcam,100,23,11501,risk_blend,0.1056790394895258,0.9994390000000001,0.9718090452261308,0.282,1.0
Samsung_SNH_1011_N_Webcam,100,23,11501,risk_blend_mismatch,0.04843302145449876,0.99911896,0.9557266331658292,0.2672,1.0
Samsung_SNH_1011_N_Webcam,100,23,11501,peer_cov_soft,1.0,0.99421844,0.7536904522613066,0.268,1.0
Samsung_SNH_1011_N_Webcam,100,23,11501,risk_soft_cov,0.9975565580397416,0.9943015199999999,0.7538452261306532,0.2366,1.0
Samsung_SNH_1011_N_Webcam,100,23,11501,risk_soft_cov_mismatch,0.06730727093288734,0.99730924,0.8647859296482412,0.296,1.0
Samsung_SNH_1011_N_Webcam,100,24,13964,shared_oas,1.0,0.99839652,0.9194231155778894,0.2498,1.0
Samsung_SNH_1011_N_Webcam,100,24,13964,local_oas,0.0,0.99834688,0.9169286432160804,0.2302,1.0
Samsung_SNH_1011_N_Webcam,100,24,13964,peer_cov_fixed,1.0,0.99992044,0.9960020100502511,0.1156,1.0
Samsung_SNH_1011_N_Webcam,100,24,13964,risk_blend,0.11153956558163698,0.99937144,0.9684140703517587,0.1988,1.0
Samsung_SNH_1011_N_Webcam,100,24,13964,risk_blend_mismatch,0.05308514150337909,0.9991357200000001,0.9565688442211056,0.1946,1.0
Samsung_SNH_1011_N_Webcam,100,24,13964,peer_cov_soft,1.0,0.9939188400000001,0.7654733668341709,0.351,1.0
Samsung_SNH_1011_N_Webcam,100,24,13964,risk_soft_cov,0.9976337277889532,0.99400104,0.7656562814070352,0.3208,1.0
Samsung_SNH_1011_N_Webcam,100,24,13964,risk_soft_cov_mismatch,0.06945281931801875,0.99696036,0.8472542713567839,0.2364,1.0
Samsung_SNH_1011_N_Webcam,100,25,12104,shared_oas,1.0,0.99904668,0.952094472361809,0.133,1.0
Samsung_SNH_1011_N_Webcam,100,25,12104,local_oas,0.0,0.99915728,0.9576522613065327,0.1302,1.0
Samsung_SNH_1011_N_Webcam,100,25,12104,peer_cov_fixed,1.0,0.99983636,0.9917768844221106,0.1432,1.0
Samsung_SNH_1011_N_Webcam,100,25,12104,risk_blend,0.1168432726624982,0.99959552,0.9796743718592964,0.3528,1.0
Samsung_SNH_1011_N_Webcam,100,25,12104,risk_blend_mismatch,0.05307663083403128,0.999434,0.9715577889447236,0.3222,1.0
Samsung_SNH_1011_N_Webcam,100,25,12104,peer_cov_soft,1.0,0.99380112,0.7493427135678392,0.3446,1.0
Samsung_SNH_1011_N_Webcam,100,25,12104,risk_soft_cov,0.9977595551698114,0.99388508,0.749505527638191,0.3122,1.0
Samsung_SNH_1011_N_Webcam,100,25,12104,risk_soft_cov_mismatch,0.0678264360520816,0.9974449200000001,0.8716040201005025,0.125,1.0
Samsung_SNH_1011_N_Webcam,100,26,4120,shared_oas,1.0,0.9992313199999999,0.9613728643216081,0.388,1.0
Samsung_SNH_1011_N_Webcam,100,26,4120,local_oas,0.0,0.9990262000000001,0.9510653266331659,0.395,1.0
Samsung_SNH_1011_N_Webcam,100,26,4120,peer_cov_fixed,1.0,0.99983932,0.9919256281407035,0.1336,1.0
Samsung_SNH_1011_N_Webcam,100,26,4120,risk_blend,0.10587266507068428,0.99976028,0.9879537688442211,0.3166,1.0
Samsung_SNH_1011_N_Webcam,100,26,4120,risk_blend_mismatch,0.05154585337046342,0.99975992,0.9879356783919597,0.3526,1.0
Samsung_SNH_1011_N_Webcam,100,26,4120,peer_cov_soft,1.0,0.993697,0.7513346733668342,0.3296,1.0
Samsung_SNH_1011_N_Webcam,100,26,4120,risk_soft_cov,0.9974648771363424,0.99377808,0.7514050251256281,0.2858,1.0
Samsung_SNH_1011_N_Webcam,100,26,4120,risk_soft_cov_mismatch,0.0760033290787492,0.99739436,0.8690633165829146,0.3212,1.0
Samsung_SNH_1011_N_Webcam,100,27,8984,shared_oas,1.0,0.99936048,0.9678633165829147,0.1866,1.0
Samsung_SNH_1011_N_Webcam,100,27,8984,local_oas,0.0,0.99893064,0.9462633165829146,0.197,1.0
Samsung_SNH_1011_N_Webcam,100,27,8984,peer_cov_fixed,1.0,0.99999924,0.999961809045226,0.0802,1.0
Samsung_SNH_1011_N_Webcam,100,27,8984,risk_blend,0.12745569981955662,0.9995946,0.9796281407035177,0.2434,1.0
Samsung_SNH_1011_N_Webcam,100,27,8984,risk_blend_mismatch,0.055678180497906966,0.9995134800000001,0.9755517587939699,0.273,1.0
Samsung_SNH_1011_N_Webcam,100,27,8984,peer_cov_soft,1.0,0.99267092,0.7579477386934673,0.2804,1.0
Samsung_SNH_1011_N_Webcam,100,27,8984,risk_soft_cov,0.9979355503030554,0.99299704,0.758046231155779,0.2392,1.0
Samsung_SNH_1011_N_Webcam,100,27,8984,risk_soft_cov_mismatch,0.06824110986120686,0.9970026,0.8493768844221106,0.3744,1.0
Samsung_SNH_1011_N_Webcam,100,28,6384,shared_oas,1.0,0.99940388,0.9700442211055276,0.2338,1.0
Samsung_SNH_1011_N_Webcam,100,28,6384,local_oas,0.0,0.9995146,0.9756080402010051,0.2384,1.0
Samsung_SNH_1011_N_Webcam,100,28,6384,peer_cov_fixed,1.0,0.999921,0.9960301507537688,0.1028,1.0
Samsung_SNH_1011_N_Webcam,100,28,6384,risk_blend,0.1260019504626103,0.9997644800000001,0.988164824120603,0.2114,1.0
Samsung_SNH_1011_N_Webcam,100,28,6384,risk_blend_mismatch,0.05467997904491903,0.999686,0.9842211055276382,0.2274,1.0
Samsung_SNH_1011_N_Webcam,100,28,6384,peer_cov_soft,1.0,0.99299276,0.7660683417085428,0.2794,1.0
Samsung_SNH_1011_N_Webcam,100,28,6384,risk_soft_cov,0.9978991628371155,0.99299276,0.7660683417085428,0.239,1.0
Samsung_SNH_1011_N_Webcam,100,28,6384,risk_soft_cov_mismatch,0.06798916678756889,0.99797108,0.8980442211055276,0.2112,1.0
Samsung_SNH_1011_N_Webcam,100,29,32330,shared_oas,1.0,0.99922884,0.9612482412060301,0.9814,1.0
Samsung_SNH_1011_N_Webcam,100,29,32330,local_oas,0.0,0.99927632,0.9636341708542714,0.9904,1.0
Samsung_SNH_1011_N_Webcam,100,29,32330,peer_cov_fixed,1.0,0.99999904,0.9999517587939699,0.168,1.0
Samsung_SNH_1011_N_Webcam,100,29,32330,risk_blend,0.10467669968116756,0.99992092,0.9960261306532663,0.669,1.0
Samsung_SNH_1011_N_Webcam,100,29,32330,risk_blend_mismatch,0.048502693576609995,0.99976352,0.9881165829145729,0.985,1.0
Samsung_SNH_1011_N_Webcam,100,29,32330,peer_cov_soft,1.0,0.99528092,0.7628844221105529,0.338,1.0
Samsung_SNH_1011_N_Webcam,100,29,32330,risk_soft_cov,0.9974584153134468,0.99543832,0.770791959798995,0.3032,1.0
Samsung_SNH_1011_N_Webcam,100,29,32330,risk_soft_cov_mismatch,0.06905749182068596,0.99774632,0.8867497487437186,0.9886,1.0
Samsung_SNH_1011_N_Webcam,300,0,33196,shared_oas,1.0,0.99967056,0.9836100502512563,0.0,0.0
Samsung_SNH_1011_N_Webcam,300,0,33196,local_oas,0.0,0.9976231600000001,0.9519095477386935,0.0,0.0
Samsung_SNH_1011_N_Webcam,300,0,33196,peer_cov_fixed,1.0,0.99951276,0.9755155778894473,0.0,0.3896
Samsung_SNH_1011_N_Webcam,300,0,33196,risk_blend,0.38731686870869986,0.99999984,0.9999919597989949,0.0,0.0
Samsung_SNH_1011_N_Webcam,300,0,33196,risk_blend_mismatch,0.2295021084265337,0.99999984,0.9999919597989949,0.0,0.0
Samsung_SNH_1011_N_Webcam,300,0,33196,peer_cov_soft,1.0,0.9978040800000001,0.8896522613065326,0.0,0.0
Samsung_SNH_1011_N_Webcam,300,0,33196,risk_soft_cov,0.9998408521080457,0.99780424,0.8896603015075377,0.0,0.0
Samsung_SNH_1011_N_Webcam,300,0,33196,risk_soft_cov_mismatch,0.1517780057098519,0.99999984,0.9999919597989949,0.0,0.0
Samsung_SNH_1011_N_Webcam,300,1,29999,shared_oas,1.0,0.99683708,0.8410592964824121,0.1408,1.0
Samsung_SNH_1011_N_Webcam,300,1,29999,local_oas,0.0,0.9963134800000001,0.8147477386934674,0.1414,1.0
Samsung_SNH_1011_N_Webcam,300,1,29999,peer_cov_fixed,1.0,0.99959432,0.9796140703517588,0.057,1.0
Samsung_SNH_1011_N_Webcam,300,1,29999,risk_blend,0.044544199039500895,0.9993513599999999,0.9674050251256281,0.1312,1.0
Samsung_SNH_1011_N_Webcam,300,1,29999,risk_blend_mismatch,0.01898178142291203,0.99927028,0.9633306532663317,0.1286,1.0
Samsung_SNH_1011_N_Webcam,300,1,29999,peer_cov_soft,1.0,0.98915232,0.7400964824120604,0.1584,1.0
Samsung_SNH_1011_N_Webcam,300,1,29999,risk_soft_cov,0.9931725851158065,0.99061908,0.7404643216080402,0.0854,1.0
Samsung_SNH_1011_N_Webcam,300,1,29999,risk_soft_cov_mismatch,0.02311225033893287,0.99635604,0.816886432160804,0.167,1.0
Samsung_SNH_1011_N_Webcam,300,2,28107,shared_oas,1.0,0.99904648,0.9520844221105528,0.5542,1.0
Samsung_SNH_1011_N_Webcam,300,2,28107,local_oas,0.0,0.99867608,0.9334713567839197,0.5516,1.0
Samsung_SNH_1011_N_Webcam,300,2,28107,peer_cov_fixed,1.0,0.9995994,0.9798693467336683,0.068,1.0
Samsung_SNH_1011_N_Webcam,300,2,28107,risk_blend,0.03897197001131679,0.99991996,0.9959778894472362,0.566,1.0
Samsung_SNH_1011_N_Webcam,300,2,28107,risk_blend_mismatch,0.016380470265620867,0.99967984,0.9839115577889448,0.5612,1.0
Samsung_SNH_1011_N_Webcam,300,2,28107,peer_cov_soft,1.0,0.99022752,0.7582914572864321,0.2286,1.0
Samsung_SNH_1011_N_Webcam,300,2,28107,risk_soft_cov,0.9921574721784091,0.99240696,0.7592140703517588,0.1274,1.0
Samsung_SNH_1011_N_Webcam,300,2,28107,risk_soft_cov_mismatch,0.024259838716796045,0.99773376,0.8861185929648241,0.5514,1.0
Samsung_SNH_1011_N_Webcam,300,3,26133,shared_oas,1.0,0.99601064,0.799529648241206,0.093,1.0
Samsung_SNH_1011_N_Webcam,300,3,26133,local_oas,0.0,0.99600384,0.7991879396984924,0.0924,1.0
Samsung_SNH_1011_N_Webcam,300,3,26133,peer_cov_fixed,1.0,0.99935912,0.9677949748743719,0.0312,1.0
Samsung_SNH_1011_N_Webcam,300,3,26133,risk_blend,0.0416002823050771,0.99904232,0.9518753768844221,0.083,1.0
Samsung_SNH_1011_N_Webcam,300,3,26133,risk_blend_mismatch,0.01791436768757922,0.99872268,0.9358130653266332,0.0842,1.0
Samsung_SNH_1011_N_Webcam,300,3,26133,peer_cov_soft,1.0,0.989091,0.7566653266331658,0.1154,1.0
Samsung_SNH_1011_N_Webcam,300,3,26133,risk_soft_cov,0.992669144078418,0.9914982,0.757294472361809,0.0592,1.0
Samsung_SNH_1011_N_Webcam,300,3,26133,risk_soft_cov_mismatch,0.02540907429087682,0.99618116,0.8080984924623116,0.1378,1.0
Samsung_SNH_1011_N_Webcam,300,4,24923,shared_oas,1.0,0.99815332,0.9072020100502513,0.245,1.0
Samsung_SNH_1011_N_Webcam,300,4,24923,local_oas,0.0,0.99819036,0.9090633165829146,0.2456,1.0
Samsung_SNH_1011_N_Webcam,300,4,24923,peer_cov_fixed,1.0,0.9992641999999999,0.9630251256281407,0.0744,1.0
Samsung_SNH_1011_N_Webcam,300,4,24923,risk_blend,0.03850554706961728,0.9998366000000001,0.9917889447236181,0.2358,1.0
Samsung_SNH_1011_N_Webcam,300,4,24923,risk_blend_mismatch,0.017095271933640403,0.9997548799999999,0.9876824120603015,0.2382,1.0
Samsung_SNH_1011_N_Webcam,300,4,24923,peer_cov_soft,1.0,0.99017888,0.7527477386934673,0.177,1.0
Samsung_SNH_1011_N_Webcam,300,4,24923,risk_soft_cov,0.9920592785679611,0.99165176,0.7528804020100504,0.086,1.0
Samsung_SNH_1011_N_Webcam,300,4,24923,risk_soft_cov_mismatch,0.025455241787242604,0.9975234,0.8755477386934674,0.2362,1.0
Samsung_SNH_1011_N_Webcam,300,5,24448,shared_oas,1.0,0.9980587200000001,0.9024482412060302,0.4208,1.0
Samsung_SNH_1011_N_Webcam,300,5,24448,local_oas,0.0,0.99790508,0.8947276381909548,0.399,1.0
Samsung_SNH_1011_N_Webcam,300,5,24448,peer_cov_fixed,1.0,0.99927036,0.9633346733668342,0.1448,1.0
Samsung_SNH_1011_N_Webcam,300,5,24448,risk_blend,0.039431549928007584,0.99991904,0.9959316582914572,0.3864,1.0
Samsung_SNH_1011_N_Webcam,300,5,24448,risk_blend_mismatch,0.017554586436165233,0.99959564,0.9796804020100502,0.4072,1.0
Samsung_SNH_1011_N_Webcam,300,5,24448,peer_cov_soft,1.0,0.98861116,0.7406070351758793,0.1982,1.0
Samsung_SNH_1011_N_Webcam,300,5,24448,risk_soft_cov,0.9922517269902461,0.99063488,0.7407155778894472,0.1232,1.0
Samsung_SNH_1011_N_Webcam,300,5,24448,risk_soft_cov_mismatch,0.02519986917529911,0.99677612,0.8379959798994975,0.4118,1.0
Samsung_SNH_1011_N_Webcam,300,6,23434,shared_oas,1.0,0.9976073599999999,0.8797668341708542,0.2016,1.0
Samsung_SNH_1011_N_Webcam,300,6,23434,local_oas,0.0,0.99780816,0.8898572864321608,0.2058,1.0
Samsung_SNH_1011_N_Webcam,300,6,23434,peer_cov_fixed,1.0,0.9991932800000001,0.9594613065326634,0.0888,1.0
Samsung_SNH_1011_N_Webcam,300,6,23434,risk_blend,0.04184940341727637,0.99903324,0.951419095477387,0.1776,1.0
Samsung_SNH_1011_N_Webcam,300,6,23434,risk_blend_mismatch,0.0186259191974322,0.99919428,0.9595115577889448,0.1804,1.0
Samsung_SNH_1011_N_Webcam,300,6,23434,peer_cov_soft,1.0,0.9889777599999999,0.7456884422110552,0.1866,1.0
Samsung_SNH_1011_N_Webcam,300,6,23434,risk_soft_cov,0.9927142784474948,0.99059964,0.7462251256281407,0.0942,1.0
Samsung_SNH_1011_N_Webcam,300,6,23434,risk_soft_cov_mismatch,0.02606486026562692,0.99589472,0.7937045226130652,0.2296,1.0
Samsung_SNH_1011_N_Webcam,300,7,24404,shared_oas,1.0,0.9978092,0.8899095477386935,0.4252,1.0
Samsung_SNH_1011_N_Webcam,300,7,24404,local_oas,0.0,0.99764996,0.8819075376884422,0.427,1.0
Samsung_SNH_1011_N_Webcam,300,7,24404,peer_cov_fixed,1.0,0.99928804,0.9642231155778895,0.152,1.0
Samsung_SNH_1011_N_Webcam,300,7,24404,risk_blend,0.0401636869457199,0.99960552,0.9801768844221106,0.3954,1.0
Samsung_SNH_1011_N_Webcam,300,7,24404,risk_blend_mismatch,0.017732956496803245,0.99929004,0.9643236180904523,0.4144,1.0
Samsung_SNH_1011_N_Webcam,300,7,24404,peer_cov_soft,1.0,0.98891604,0.7483336683417086,0.2282,1.0
Samsung_SNH_1011_N_Webcam,300,7,24404,risk_soft_cov,0.9923976476898467,0.99041692,0.7484201005025126,0.1354,1.0
Samsung_SNH_1011_N_Webcam,300,7,24404,risk_soft_cov_mismatch,0.024882313106007713,0.9967628399999999,0.8373286432160805,0.4012,1.0
Samsung_SNH_1011_N_Webcam,300,8,31166,shared_oas,1.0,0.94927364,0.7169809045226131,0.005,0.4042
Samsung_SNH_1011_N_Webcam,300,8,31166,local_oas,0.0,0.9452894000000001,0.7182854271356784,0.0048,0.4042
Samsung_SNH_1011_N_Webcam,300,8,31166,peer_cov_fixed,1.0,0.99950912,0.9753326633165829,0.001,0.592
Samsung_SNH_1011_N_Webcam,300,8,31166,risk_blend,0.21160852840069183,0.99315088,0.7951035175879397,0.0,0.4216
Samsung_SNH_1011_N_Webcam,300,8,31166,risk_blend_mismatch,0.09381573068412066,0.9890688,0.7948060301507538,0.0,0.4084
Samsung_SNH_1011_N_Webcam,300,8,31166,peer_cov_soft,1.0,0.9896229200000001,0.7939678391959799,0.0018,0.5922
Samsung_SNH_1011_N_Webcam,300,8,31166,risk_soft_cov,0.9991557838923286,0.98978592,0.7939658291457288,0.0018,0.5922
Samsung_SNH_1011_N_Webcam,300,8,31166,risk_soft_cov_mismatch,0.11155513738910636,0.9717560399999999,0.7293185929648242,0.0052,0.4084
Samsung_SNH_1011_N_Webcam,300,9,18844,shared_oas,1.0,0.9272945600000001,0.7652542713567839,0.0,0.3954
Samsung_SNH_1011_N_Webcam,300,9,18844,local_oas,0.0,0.9259692800000001,0.7790994974874372,0.0,0.3984
Samsung_SNH_1011_N_Webcam,300,9,18844,peer_cov_fixed,1.0,0.9991176,0.9556582914572864,0.002,0.5998
Samsung_SNH_1011_N_Webcam,300,9,18844,risk_blend,0.15277873878821954,0.9578162400000001,0.7987597989949748,0.0,0.431
Samsung_SNH_1011_N_Webcam,300,9,18844,risk_blend_mismatch,0.07252194882117026,0.95109508,0.798870351758794,0.0,0.4152
Samsung_SNH_1011_N_Webcam,300,9,18844,peer_cov_soft,1.0,0.9861904,0.7404381909547739,0.0134,0.5998
Samsung_SNH_1011_N_Webcam,300,9,18844,risk_soft_cov,0.9983634956778663,0.98618992,0.7404140703517588,0.0138,0.5998
Samsung_SNH_1011_N_Webcam,300,9,18844,risk_soft_cov_mismatch,0.09392108015061468,0.9241098,0.7459899497487438,0.0056,0.5738
Samsung_SNH_1011_N_Webcam,300,10,18476,shared_oas,1.0,0.9992829599999999,0.9639678391959798,0.3798,1.0
Samsung_SNH_1011_N_Webcam,300,10,18476,local_oas,0.0,0.99847848,0.9235417085427136,0.3736,1.0
Samsung_SNH_1011_N_Webcam,300,10,18476,peer_cov_fixed,1.0,0.99920248,0.9599236180904522,0.1602,1.0
Samsung_SNH_1011_N_Webcam,300,10,18476,risk_blend,0.03638158343311426,0.99992036,0.9959979899497486,0.386,1.0
Samsung_SNH_1011_N_Webcam,300,10,18476,risk_blend_mismatch,0.016141357922103295,0.99984092,0.9920060301507538,0.3882,1.0
Samsung_SNH_1011_N_Webcam,300,10,18476,peer_cov_soft,1.0,0.9906676,0.7505628140703517,0.237,1.0
Samsung_SNH_1011_N_Webcam,300,10,18476,risk_soft_cov,0.9915815955439425,0.9916210000000001,0.7505849246231155,0.1386,1.0
Samsung_SNH_1011_N_Webcam,300,10,18476,risk_soft_cov_mismatch,0.023059889993677564,0.99738488,0.8685869346733668,0.3826,1.0
Samsung_SNH_1011_N_Webcam,300,11,14714,shared_oas,1.0,0.99914256,0.9569125628140704,0.0384,1.0
Samsung_SNH_1011_N_Webcam,300,11,14714,local_oas,0.0,0.99915764,0.9576703517587939,0.0354,1.0
Samsung_SNH_1011_N_Webcam,300,11,14714,peer_cov_fixed,1.0,0.99936704,0.9681929648241205,0.0586,1.0
Samsung_SNH_1011_N_Webcam,300,11,14714,risk_blend,0.04316175546109063,0.9995272000000001,0.9762412060301507,0.056,1.0
Samsung_SNH_1011_N_Webcam,300,11,14714,risk_blend_mismatch,0.018972785457426006,0.999212,0.9604020100502513,0.0508,1.0
Samsung_SNH_1011_N_Webcam,300,11,14714,peer_cov_soft,1.0,0.99057476,0.7482472361809045,0.0248,1.0
Samsung_SNH_1011_N_Webcam,300,11,14714,risk_soft_cov,0.9929444123999225,0.9918646799999999,0.7496904522613066,0.0196,1.0
Samsung_SNH_1011_N_Webcam,300,11,14714,risk_soft_cov_mismatch,0.02348631542544361,0.9989748399999999,0.9484844221105527,0.0182,1.0
Samsung_SNH_1011_N_Webcam,300,12,17842,shared_oas,1.0,0.99793188,0.8960743718592964,0.2788,1.0
Samsung_SNH_1011_N_Webcam,300,12,17842,local_oas,0.0,0.99790016,0.8944804020100503,0.2726,1.0
Samsung_SNH_1011_N_Webcam,300,12,17842,peer_cov_fixed,1.0,0.999122,0.9558793969849246,0.1472,1.0
Samsung_SNH_1011_N_Webcam,300,12,17842,risk_blend,0.03808033758218044,0.9997609999999999,0.9879899497487437,0.2852,1.0
Samsung_SNH_1011_N_Webcam,300,12,17842,risk_blend_mismatch,0.017024012137963316,0.99952224,0.975991959798995,0.2948,1.0
Samsung_SNH_1011_N_Webcam,300,12,17842,peer_cov_soft,1.0,0.99015924,0.745654271356784,0.2702,1.0
Samsung_SNH_1011_N_Webcam,300,12,17842,risk_soft_cov,0.991968125045022,0.99135948,0.7459517587939698,0.1846,1.0
Samsung_SNH_1011_N_Webcam,300,12,17842,risk_soft_cov_mismatch,0.02393502113582321,0.9970965199999999,0.8540964824120603,0.2948,1.0
Samsung_SNH_1011_N_Webcam,300,13,10488,shared_oas,1.0,0.99820832,0.9099658291457287,0.4144,1.0
Samsung_SNH_1011_N_Webcam,300,13,10488,local_oas,0.0,0.99846284,0.9227557788944725,0.4204,1.0
Samsung_SNH_1011_N_Webcam,300,13,10488,peer_cov_fixed,1.0,0.99967536,0.9836864321608041,0.105,1.0
Samsung_SNH_1011_N_Webcam,300,13,10488,risk_blend,0.03951059824738802,0.99975748,0.9878130653266333,0.4298,1.0
Samsung_SNH_1011_N_Webcam,300,13,10488,risk_blend_mismatch,0.017074713454748192,0.99967664,0.9837507537688442,0.418,1.0
Samsung_SNH_1011_N_Webcam,300,13,10488,peer_cov_soft,1.0,0.99173944,0.7555577889447236,0.2688,1.0
Samsung_SNH_1011_N_Webcam,300,13,10488,risk_soft_cov,0.9922689953851621,0.99328008,0.7557869346733668,0.2024,1.0
Samsung_SNH_1011_N_Webcam,300,13,10488,risk_soft_cov_mismatch,0.02375298446020895,0.99775064,0.8869668341708543,0.4264,1.0
Samsung_SNH_1011_N_Webcam,300,14,24291,shared_oas,1.0,0.99833744,0.916454271356784,0.3566,1.0
Samsung_SNH_1011_N_Webcam,300,14,24291,local_oas,0.0,0.9983989999999999,0.9195477386934674,0.3702,1.0
Samsung_SNH_1011_N_Webcam,300,14,24291,peer_cov_fixed,1.0,0.9993508799999999,0.9673809045226129,0.0864,1.0
Samsung_SNH_1011_N_Webcam,300,14,24291,risk_blend,0.04148295755939255,0.99991896,0.9959276381909548,0.33,1.0
Samsung_SNH_1011_N_Webcam,300,14,24291,risk_blend_mismatch,0.01805198604818852,0.99951364,0.9755597989949749,0.3388,1.0
Samsung_SNH_1011_N_Webcam,300,14,24291,peer_cov_soft,1.0,0.98938884,0.7599859296482412,0.1978,1.0
Samsung_SNH_1011_N_Webcam,300,14,24291,risk_soft_cov,0.9926476810486956,0.9916607199999999,0.7601246231155779,0.1152,1.0
Samsung_SNH_1011_N_Webcam,300,14,24291,risk_soft_cov_mismatch,0.02447038180601965,0.9976336800000001,0.881089447236181,0.3402,1.0
Samsung_SNH_1011_N_Webcam,300,15,1974,shared_oas,1.0,0.9985835200000001,0.9288201005025125,0.2334,1.0
Samsung_SNH_1011_N_Webcam,300,15,1974,local_oas,0.0,0.99869792,0.9345688442211055,0.22,1.0
Samsung_SNH_1011_N_Webcam,300,15,1974,peer_cov_fixed,1.0,0.99919396,0.9594954773869346,0.1288,1.0
Samsung_SNH_1011_N_Webcam,300,15,1974,risk_blend,0.039177580252082955,0.99983896,0.9919075376884423,0.2034,1.0
Samsung_SNH_1011_N_Webcam,300,15,1974,risk_blend_mismatch,0.01669913405130729,0.9995974,0.9797688442211056,0.1962,1.0
Samsung_SNH_1011_N_Webcam,300,15,1974,peer_cov_soft,1.0,0.9901291200000001,0.7588884422110553,0.206,1.0
Samsung_SNH_1011_N_Webcam,300,15,1974,risk_soft_cov,0.9922004310959534,0.9916689599999999,0.7593889447236182,0.0932,1.0
Samsung_SNH_1011_N_Webcam,300,15,1974,risk_soft_cov_mismatch,0.021105496524533102,0.99796816,0.8978974874371859,0.1748,1.0
Samsung_SNH_1011_N_Webcam,300,16,32143,shared_oas,1.0,0.99922672,0.9611417085427136,0.0502,1.0
Samsung_SNH_1011_N_Webcam,300,16,32143,local_oas,0.0,0.9997514,0.9875075376884422,0.0552,1.0
Samsung_SNH_1011_N_Webcam,300,16,32143,peer_cov_fixed,1.0,0.9995135199999999,0.9755537688442211,0.0898,1.0
Samsung_SNH_1011_N_Webcam,300,16,32143,risk_blend,0.040333880134046055,0.99967648,0.9837427135678392,0.087,1.0
Samsung_SNH_1011_N_Webcam,300,16,32143,risk_blend_mismatch,0.01726258406502561,0.9995149600000001,0.9756261306532663,0.06,1.0
Samsung_SNH_1011_N_Webcam,300,16,32143,peer_cov_soft,1.0,0.99038348,0.736211055276382,0.025,1.0
Samsung_SNH_1011_N_Webcam,300,16,32143,risk_soft_cov,0.9924316604901269,0.99092784,0.7391839195979899,0.0218,1.0
Samsung_SNH_1011_N_Webcam,300,16,32143,risk_soft_cov_mismatch,0.022727516176338666,0.9995147600000001,0.9756160804020101,0.0444,1.0
Samsung_SNH_1011_N_Webcam,300,17,7113,shared_oas,1.0,0.99910324,0.9549366834170854,0.0536,1.0
Samsung_SNH_1011_N_Webcam,300,17,7113,local_oas,0.0,0.99934048,0.9668582914572864,0.0492,1.0
Samsung_SNH_1011_N_Webcam,300,17,7113,peer_cov_fixed,1.0,0.99952156,0.9759577889447236,0.0044,1.0
Samsung_SNH_1011_N_Webcam,300,17,7113,risk_blend,0.03613633258554615,0.99944308,0.9720140703517588,0.106,1.0
Samsung_SNH_1011_N_Webcam,300,17,7113,risk_blend_mismatch,0.015000419931784225,0.99928388,0.9640140703517588,0.1016,1.0
Samsung_SNH_1011_N_Webcam,300,17,7113,peer_cov_soft,1.0,0.9898788000000001,0.7393587939698493,0.0152,0.602
Samsung_SNH_1011_N_Webcam,300,17,7113,risk_soft_cov,0.9915311319305891,0.99276472,0.7404060301507538,0.015,0.6022
Samsung_SNH_1011_N_Webcam,300,17,7113,risk_soft_cov_mismatch,0.025426461828870612,0.99888592,0.9440160804020101,0.039,1.0
Samsung_SNH_1011_N_Webcam,300,18,6387,shared_oas,1.0,0.99863692,0.9315035175879396,0.2738,1.0
Samsung_SNH_1011_N_Webcam,300,18,6387,local_oas,0.0,0.9985181599999999,0.9255356783919598,0.2382,1.0
Samsung_SNH_1011_N_Webcam,300,18,6387,peer_cov_fixed,1.0,0.99920708,0.9601547738693468,0.0854,1.0
Samsung_SNH_1011_N_Webcam,300,18,6387,risk_blend,0.04359304030667419,0.9999208,0.9960201005025126,0.3158,1.0
Samsung_SNH_1011_N_Webcam,300,18,6387,risk_blend_mismatch,0.01816384883211179,0.9997623999999999,0.9880603015075378,0.3348,1.0
Samsung_SNH_1011_N_Webcam,300,18,6387,peer_cov_soft,1.0,0.9893368,0.7546934673366834,0.185,1.0
Samsung_SNH_1011_N_Webcam,300,18,6387,risk_soft_cov,0.993016443313826,0.99092692,0.7550010050251257,0.1026,1.0
Samsung_SNH_1011_N_Webcam,300,18,6387,risk_soft_cov_mismatch,0.023999979666607107,0.99734084,0.8663738693467337,0.25,1.0
Samsung_SNH_1011_N_Webcam,300,19,10604,shared_oas,1.0,0.99950896,0.9753246231155779,0.0256,1.0
Samsung_SNH_1011_N_Webcam,300,19,10604,local_oas,0.0,0.99960464,0.980132663316583,0.025,1.0
Samsung_SNH_1011_N_Webcam,300,19,10604,peer_cov_fixed,1.0,0.9996039999999999,0.9801005025125629,0.0402,1.0
Samsung_SNH_1011_N_Webcam,300,19,10604,risk_blend,0.03934316812687136,0.99936784,0.9682331658291456,0.0536,1.0
Samsung_SNH_1011_N_Webcam,300,19,10604,risk_blend_mismatch,0.017326320475014572,0.999289,0.9642713567839196,0.041,1.0
Samsung_SNH_1011_N_Webcam,300,19,10604,peer_cov_soft,1.0,0.99163,0.7540703517587939,0.0238,1.0
Samsung_SNH_1011_N_Webcam,300,19,10604,risk_soft_cov,0.9922358910518454,0.9928346,0.7550552763819096,0.018,1.0
Samsung_SNH_1011_N_Webcam,300,19,10604,risk_soft_cov_mismatch,0.024239059247441515,0.99921,0.9603015075376884,0.0064,1.0
Samsung_SNH_1011_N_Webcam,300,20,2547,shared_oas,1.0,0.9992327200000001,0.9614432160804021,0.0634,1.0
Samsung_SNH_1011_N_Webcam,300,20,2547,local_oas,0.0,0.99938004,0.9688462311557788,0.0598,1.0
Samsung_SNH_1011_N_Webcam,300,20,2547,peer_cov_fixed,1.0,0.99935268,0.9674713567839196,0.0516,1.0
Samsung_SNH_1011_N_Webcam,300,20,2547,risk_blend,0.04191419264826781,0.9996766,0.983748743718593,0.0636,1.0
Samsung_SNH_1011_N_Webcam,300,20,2547,risk_blend_mismatch,0.018592747529385337,0.99959556,0.9796763819095478,0.0572,1.0
Samsung_SNH_1011_N_Webcam,300,20,2547,peer_cov_soft,1.0,0.98982492,0.7362150753768845,0.032,1.0
Samsung_SNH_1011_N_Webcam,300,20,2547,risk_soft_cov,0.9927266903629978,0.99138808,0.7376582914572865,0.0242,1.0
Samsung_SNH_1011_N_Webcam,300,20,2547,risk_soft_cov_mismatch,0.02398271668468505,0.99919256,0.9594251256281408,0.0504,1.0
Samsung_SNH_1011_N_Webcam,300,21,26410,shared_oas,1.0,0.99821336,0.9102190954773869,0.0552,1.0
Samsung_SNH_1011_N_Webcam,300,21,26410,local_oas,0.0,0.99831988,0.9155718592964825,0.055,1.0
Samsung_SNH_1011_N_Webcam,300,21,26410,peer_cov_fixed,1.0,0.999526,0.9761809045226131,0.0012,0.9998
Samsung_SNH_1011_N_Webcam,300,21,26410,risk_blend,0.039362090570987454,0.99984216,0.9920683417085427,0.0138,1.0
Samsung_SNH_1011_N_Webcam,300,21,26410,risk_blend_mismatch,0.01810398827998677,0.99984216,0.9920683417085427,0.0246,1.0
Samsung_SNH_1011_N_Webcam,300,21,26410,peer_cov_soft,1.0,0.98876004,0.7525768844221106,0.0108,0.6052
Samsung_SNH_1011_N_Webcam,300,21,26410,risk_soft_cov,0.9922376872506135,0.99168508,0.7527577889447237,0.0088,0.6052
Samsung_SNH_1011_N_Webcam,300,21,26410,risk_soft_cov_mismatch,0.02993652040870741,0.9971512,0.8568442211055276,0.0216,1.0
Samsung_SNH_1011_N_Webcam,300,22,30441,shared_oas,1.0,0.9975332,0.8760402010050251,0.111,1.0
Samsung_SNH_1011_N_Webcam,300,22,30441,local_oas,0.0,0.99758344,0.878564824120603,0.0796,1.0
Samsung_SNH_1011_N_Webcam,300,22,30441,peer_cov_fixed,1.0,0.99951708,0.9757326633165829,0.1226,1.0
Samsung_SNH_1011_N_Webcam,300,22,30441,risk_blend,0.04284662897891344,0.9991169200000001,0.9556241206030152,0.1928,1.0
Samsung_SNH_1011_N_Webcam,300,22,30441,risk_blend_mismatch,0.019197003401716862,0.9990363200000001,0.9515738693467337,0.1426,1.0
Samsung_SNH_1011_N_Webcam,300,22,30441,peer_cov_soft,1.0,0.9890456,0.7279698492462312,0.2632,1.0
Samsung_SNH_1011_N_Webcam,300,22,30441,risk_soft_cov,0.9928906053298806,0.9907391200000001,0.7283437185929649,0.183,1.0
Samsung_SNH_1011_N_Webcam,300,22,30441,risk_soft_cov_mismatch,0.025134886610068335,0.9947817999999999,0.7539155778894472,0.1618,1.0
Samsung_SNH_1011_N_Webcam,300,23,2761,shared_oas,1.0,0.9975604800000001,0.8774110552763819,0.0714,1.0
Samsung_SNH_1011_N_Webcam,300,23,2761,local_oas,0.0,0.99728276,0.8634552763819097,0.0694,1.0
Samsung_SNH_1011_N_Webcam,300,23,2761,peer_cov_fixed,1.0,0.999279,0.9637688442211055,0.0386,1.0
Samsung_SNH_1011_N_Webcam,300,23,2761,risk_blend,0.0390952759345775,0.9996006,0.9799296482412061,0.078,1.0
Samsung_SNH_1011_N_Webcam,300,23,2761,risk_blend_mismatch,0.017441176647597447,0.99936088,0.9678834170854271,0.089,1.0
Samsung_SNH_1011_N_Webcam,300,23,2761,peer_cov_soft,1.0,0.99013996,0.7533929648241207,0.1096,1.0
Samsung_SNH_1011_N_Webcam,300,23,2761,risk_soft_cov,0.9921834481507497,0.9919840799999999,0.7537386934673367,0.0558,1.0
Samsung_SNH_1011_N_Webcam,300,23,2761,risk_soft_cov_mismatch,0.02370642945200287,0.99704316,0.8514150753768844,0.084,1.0
Samsung_SNH_1011_N_Webcam,300,24,14780,shared_oas,1.0,0.9991526,0.9574170854271357,0.052,1.0
Samsung_SNH_1011_N_Webcam,300,24,14780,local_oas,0.0,0.99916588,0.9580844221105529,0.0468,1.0
Samsung_SNH_1011_N_Webcam,300,24,14780,peer_cov_fixed,1.0,0.9988061199999999,0.9400060301507538,0.0588,1.0
Samsung_SNH_1011_N_Webcam,300,24,14780,risk_blend,0.042447272728597905,0.99944476,0.9720984924623115,0.0612,1.0
Samsung_SNH_1011_N_Webcam,300,24,14780,risk_blend_mismatch,0.01858068723118057,0.9992861199999999,0.9641266331658291,0.057,1.0
Samsung_SNH_1011_N_Webcam,300,24,14780,peer_cov_soft,1.0,0.98892812,0.7385829145728644,0.0292,1.0
Samsung_SNH_1011_N_Webcam,300,24,14780,risk_soft_cov,0.992821138966888,0.9903188,0.7407055276381911,0.0246,1.0
Samsung_SNH_1011_N_Webcam,300,24,14780,risk_soft_cov_mismatch,0.023153938102677046,0.99896884,0.9481829145728644,0.0382,1.0
Samsung_SNH_1011_N_Webcam,300,25,8864,shared_oas,1.0,0.99712552,0.8555537688442211,0.0416,1.0
Samsung_SNH_1011_N_Webcam,300,25,8864,local_oas,0.0,0.99684692,0.8415537688442212,0.0398,1.0
Samsung_SNH_1011_N_Webcam,300,25,8864,peer_cov_fixed,1.0,0.99951356,0.9755557788944724,0.0216,1.0
Samsung_SNH_1011_N_Webcam,300,25,8864,risk_blend,0.04330143253631866,0.99886824,0.9431276381909548,0.0286,1.0
Samsung_SNH_1011_N_Webcam,300,25,8864,risk_blend_mismatch,0.018215950852050918,0.9986226800000001,0.9307879396984925,0.0372,1.0
Samsung_SNH_1011_N_Webcam,300,25,8864,peer_cov_soft,1.0,0.98987968,0.7677668341708543,0.1068,1.0
Samsung_SNH_1011_N_Webcam,300,25,8864,risk_soft_cov,0.9929677888010299,0.99157788,0.7677608040201005,0.0484,1.0
Samsung_SNH_1011_N_Webcam,300,25,8864,risk_soft_cov_mismatch,0.023995953605813577,0.99699168,0.8488281407035176,0.0358,1.0
Samsung_SNH_1011_N_Webcam,300,26,26005,shared_oas,1.0,0.99645464,0.8218412060301508,0.0536,1.0
Samsung_SNH_1011_N_Webcam,300,26,26005,local_oas,0.0,0.9964898,0.8236080402010051,0.046,1.0
Samsung_SNH_1011_N_Webcam,300,26,26005,peer_cov_fixed,1.0,0.99920116,0.9598572864321608,0.044,1.0
Samsung_SNH_1011_N_Webcam,300,26,26005,risk_blend,0.04237636828586979,0.99904428,0.9519738693467337,0.071,1.0
Samsung_SNH_1011_N_Webcam,300,26,26005,risk_blend_mismatch,0.01795995852815593,0.99864588,0.9319537688442211,0.0688,1.0
Samsung_SNH_1011_N_Webcam,300,26,26005,peer_cov_soft,1.0,0.9883983199999999,0.7533005025125628,0.1534,1.0
Samsung_SNH_1011_N_Webcam,300,26,26005,risk_soft_cov,0.9928082209368053,0.98951508,0.7533708542713569,0.0702,1.0
Samsung_SNH_1011_N_Webcam,300,26,26005,risk_soft_cov_mismatch,0.02496386810393295,0.99622232,0.8101668341708543,0.069,1.0
Samsung_SNH_1011_N_Webcam,300,27,9451,shared_oas,1.0,0.9959782,0.7978994974874372,0.1004,1.0
Samsung_SNH_1011_N_Webcam,300,27,9451,local_oas,0.0,0.99581552,0.7897246231155779,0.0936,1.0
Samsung_SNH_1011_N_Webcam,300,27,9451,peer_cov_fixed,1.0,0.99920692,0.9601467336683418,0.0684,1.0
Samsung_SNH_1011_N_Webcam,300,27,9451,risk_blend,0.04354919971474477,0.99833932,0.9165487437185931,0.1024,1.0
Samsung_SNH_1011_N_Webcam,300,27,9451,risk_blend_mismatch,0.0174557133079081,0.99857656,0.928470351758794,0.0954,1.0
Samsung_SNH_1011_N_Webcam,300,27,9451,peer_cov_soft,1.0,0.98771032,0.7440502512562814,0.1824,1.0
Samsung_SNH_1011_N_Webcam,300,27,9451,risk_soft_cov,0.9930090545808601,0.9900068000000001,0.7442090452261306,0.107,1.0
Samsung_SNH_1011_N_Webcam,300,27,9451,risk_soft_cov_mismatch,0.023748643280674265,0.99498628,0.759975879396985,0.136,1.0
Samsung_SNH_1011_N_Webcam,300,28,17467,shared_oas,1.0,0.9976200399999999,0.8804040201005026,0.286,1.0
Samsung_SNH_1011_N_Webcam,300,28,17467,local_oas,0.0,0.9977874400000001,0.88881608040201,0.2846,1.0
Samsung_SNH_1011_N_Webcam,300,28,17467,peer_cov_fixed,1.0,0.9991091599999999,0.9552341708542713,0.1878,1.0
Samsung_SNH_1011_N_Webcam,300,28,17467,risk_blend,0.039429130358659484,0.9998382,0.9918693467336683,0.3146,1.0
Samsung_SNH_1011_N_Webcam,300,28,17467,risk_blend_mismatch,0.017276124705682582,0.9994341600000001,0.9715658291457286,0.294,1.0
Samsung_SNH_1011_N_Webcam,300,28,17467,peer_cov_soft,1.0,0.9893944400000001,0.7432663316582915,0.2792,1.0
Samsung_SNH_1011_N_Webcam,300,28,17467,risk_soft_cov,0.9922514224666495,0.9905402,0.7439879396984925,0.2082,1.0
Samsung_SNH_1011_N_Webcam,300,28,17467,risk_soft_cov_mismatch,0.022791684476759954,0.9970606399999999,0.8522934673366834,0.3316,1.0
Samsung_SNH_1011_N_Webcam,300,29,7418,shared_oas,1.0,0.9971019200000001,0.8543678391959799,0.0654,1.0
Samsung_SNH_1011_N_Webcam,300,29,7418,local_oas,0.0,0.9971317199999999,0.8558653266331657,0.0616,1.0
Samsung_SNH_1011_N_Webcam,300,29,7418,peer_cov_fixed,1.0,0.99959476,0.9796361809045226,0.0082,1.0
Samsung_SNH_1011_N_Webcam,300,29,7418,risk_blend,0.03528036340874943,0.9995142,0.9755879396984926,0.0458,1.0
Samsung_SNH_1011_N_Webcam,300,29,7418,risk_blend_mismatch,0.015216618857248227,0.9994330800000001,0.9715115577889447,0.0522,1.0
Samsung_SNH_1011_N_Webcam,300,29,7418,peer_cov_soft,1.0,0.99048656,0.7456964824120603,0.0332,1.0
Samsung_SNH_1011_N_Webcam,300,29,7418,risk_soft_cov,0.9913142596475296,0.99259164,0.7457025125628141,0.0252,1.0
Samsung_SNH_1011_N_Webcam,300,29,7418,risk_soft_cov_mismatch,0.02630015479490719,0.9966389999999999,0.831105527638191,0.0494,1.0
Samsung_SNH_1011_N_Webcam,1000,0,930,shared_oas,1.0,0.99846764,0.9229969849246231,0.0618,1.0
Samsung_SNH_1011_N_Webcam,1000,0,930,local_oas,0.0,0.99855184,0.9272281407035176,0.0526,1.0
Samsung_SNH_1011_N_Webcam,1000,0,930,peer_cov_fixed,1.0,0.9980214,0.900572864321608,0.0422,1.0
Samsung_SNH_1011_N_Webcam,1000,0,930,risk_blend,0.012168560635426401,0.99859528,0.9294110552763819,0.072,1.0
Samsung_SNH_1011_N_Webcam,1000,0,930,risk_blend_mismatch,0.005283863636215147,0.9982831200000001,0.9137246231155779,0.0618,1.0
Samsung_SNH_1011_N_Webcam,1000,0,930,peer_cov_soft,1.0,0.98502712,0.7417527638190955,0.0338,0.6098
Samsung_SNH_1011_N_Webcam,1000,0,930,risk_soft_cov,0.9746373839218341,0.9896602800000001,0.7431638190954774,0.0292,1.0
Samsung_SNH_1011_N_Webcam,1000,0,930,risk_soft_cov_mismatch,0.0069903550690237765,0.99820508,0.9098030150753769,0.0472,1.0
Samsung_SNH_1011_N_Webcam,1000,1,20948,shared_oas,1.0,0.99825456,0.9122894472361809,0.0786,1.0
Samsung_SNH_1011_N_Webcam,1000,1,20948,local_oas,0.0,0.9982608000000001,0.9126030150753769,0.0804,1.0
Samsung_SNH_1011_N_Webcam,1000,1,20948,peer_cov_fixed,1.0,0.9978530800000001,0.8921145728643216,0.051,1.0
Samsung_SNH_1011_N_Webcam,1000,1,20948,risk_blend,0.012246717229233532,0.9983864,0.9189145728643215,0.0756,1.0
Samsung_SNH_1011_N_Webcam,1000,1,20948,risk_blend_mismatch,0.005396222826109122,0.99830564,0.9148562814070351,0.075,1.0
Samsung_SNH_1011_N_Webcam,1000,1,20948,peer_cov_soft,1.0,0.98494712,0.7505748743718592,0.0238,0.5964
Samsung_SNH_1011_N_Webcam,1000,1,20948,risk_soft_cov,0.9747971083600434,0.98934348,0.7565085427135678,0.0172,0.5964
Samsung_SNH_1011_N_Webcam,1000,1,20948,risk_soft_cov_mismatch,0.007446380418512166,0.99814408,0.906737688442211,0.071,1.0
Samsung_SNH_1011_N_Webcam,1000,2,12337,shared_oas,1.0,0.9988007999999999,0.9397386934673366,0.0688,1.0
Samsung_SNH_1011_N_Webcam,1000,2,12337,local_oas,0.0,0.9988659599999999,0.9430130653266331,0.072,1.0
Samsung_SNH_1011_N_Webcam,1000,2,12337,peer_cov_fixed,1.0,0.99826232,0.9126793969849246,0.051,1.0
Samsung_SNH_1011_N_Webcam,1000,2,12337,risk_blend,0.012198398778013389,0.99895116,0.9472944723618091,0.0796,1.0
Samsung_SNH_1011_N_Webcam,1000,2,12337,risk_blend_mismatch,0.005104984969239984,0.99887048,0.9432402010050251,0.0766,1.0
Samsung_SNH_1011_N_Webcam,1000,2,12337,peer_cov_soft,1.0,0.98494308,0.7381608040201005,0.0188,0.5964
Samsung_SNH_1011_N_Webcam,1000,2,12337,risk_soft_cov,0.974698597885729,0.98966844,0.7403778894472361,0.0158,0.5964
Samsung_SNH_1011_N_Webcam,1000,2,12337,risk_soft_cov_mismatch,0.006735582655775331,0.9988703999999999,0.9432361809045227,0.0732,1.0
Samsung_SNH_1011_N_Webcam,1000,3,14698,shared_oas,1.0,0.9959585599999999,0.7969125628140703,0.0,0.5872
Samsung_SNH_1011_N_Webcam,1000,3,14698,local_oas,0.0,0.99749444,0.8740924623115578,0.0,0.5944
Samsung_SNH_1011_N_Webcam,1000,3,14698,peer_cov_fixed,1.0,0.9989256400000001,0.9460120603015075,0.0072,1.0
Samsung_SNH_1011_N_Webcam,1000,3,14698,risk_blend,0.023307243157397614,0.99369552,0.7968844221105528,0.0,0.5958
Samsung_SNH_1011_N_Webcam,1000,3,14698,risk_blend_mismatch,0.010183557479059718,0.994827,0.796894472361809,0.0,0.5958
Samsung_SNH_1011_N_Webcam,1000,3,14698,peer_cov_soft,1.0,0.98401,0.7285125628140703,0.0156,0.5958
Samsung_SNH_1011_N_Webcam,1000,3,14698,risk_soft_cov,0.986745011784132,0.98955804,0.7311537688442211,0.012,0.5958
Samsung_SNH_1011_N_Webcam,1000,3,14698,risk_soft_cov_mismatch,0.012563639027121527,0.9978176000000001,0.8903316582914573,0.0,0.5958
Samsung_SNH_1011_N_Webcam,1000,4,27352,shared_oas,1.0,0.9994732399999999,0.9735296482412061,0.043,1.0
Samsung_SNH_1011_N_Webcam,1000,4,27352,local_oas,0.0,0.99940636,0.9701688442211056,0.0422,1.0
Samsung_SNH_1011_N_Webcam,1000,4,27352,peer_cov_fixed,1.0,0.99862752,0.9310311557788944,0.0214,1.0
Samsung_SNH_1011_N_Webcam,1000,4,27352,risk_blend,0.01148920643009878,0.998552,0.9272361809045226,0.0352,1.0
Samsung_SNH_1011_N_Webcam,1000,4,27352,risk_blend_mismatch,0.0048476874835320805,0.99863228,0.9312703517587939,0.035,1.0
Samsung_SNH_1011_N_Webcam,1000,4,27352,peer_cov_soft,1.0,0.98484532,0.7358371859296482,0.0616,1.0
Samsung_SNH_1011_N_Webcam,1000,4,27352,risk_soft_cov,0.973159971738279,0.9908419599999999,0.7379276381909547,0.0238,1.0
Samsung_SNH_1011_N_Webcam,1000,4,27352,risk_soft_cov_mismatch,0.007760400183699705,0.99839104,0.9191477386934674,0.0324,1.0
Samsung_SNH_1011_N_Webcam,1000,5,14977,shared_oas,1.0,0.99200812,0.8010653266331659,0.0,0.0
Samsung_SNH_1011_N_Webcam,1000,5,14977,local_oas,0.0,0.9971483600000001,0.8567015075376885,0.0,0.0
Samsung_SNH_1011_N_Webcam,1000,5,14977,peer_cov_fixed,1.0,0.9981636399999999,0.9077206030150753,0.0,0.3948
Samsung_SNH_1011_N_Webcam,1000,5,14977,risk_blend,0.1767627185730433,0.99746912,0.8728201005025126,0.0,0.0
Samsung_SNH_1011_N_Webcam,1000,5,14977,risk_blend_mismatch,0.07093501300339852,0.99659824,0.8290572864321608,0.0,0.0
Samsung_SNH_1011_N_Webcam,1000,5,14977,peer_cov_soft,1.0,0.97455012,0.7980301507537688,0.0,0.0
Samsung_SNH_1011_N_Webcam,1000,5,14977,risk_soft_cov,0.9988080856665786,0.97614064,0.7984783919597991,0.0,0.0
Samsung_SNH_1011_N_Webcam,1000,5,14977,risk_soft_cov_mismatch,0.049795659893450424,0.99699472,0.8489809045226131,0.0,0.0
Samsung_SNH_1011_N_Webcam,1000,6,1723,shared_oas,1.0,0.9989430800000001,0.9468884422110553,0.088,1.0
Samsung_SNH_1011_N_Webcam,1000,6,1723,local_oas,0.0,0.99847256,0.9232442211055276,0.0766,1.0
Samsung_SNH_1011_N_Webcam,1000,6,1723,peer_cov_fixed,1.0,0.9980338799999999,0.9012,0.0518,1.0
Samsung_SNH_1011_N_Webcam,1000,6,1723,risk_blend,0.01244330506919059,0.99871228,0.9352904522613066,0.1112,1.0
Samsung_SNH_1011_N_Webcam,1000,6,1723,risk_blend_mismatch,0.005342151887018969,0.9982294,0.9110251256281408,0.115,1.0
Samsung_SNH_1011_N_Webcam,1000,6,1723,peer_cov_soft,1.0,0.98391524,0.7459718592964824,0.0304,0.5976
Samsung_SNH_1011_N_Webcam,1000,6,1723,risk_soft_cov,0.9751902165828124,0.9894360799999999,0.7482914572864321,0.019,0.5974
Samsung_SNH_1011_N_Webcam,1000,6,1723,risk_soft_cov_mismatch,0.006933330453207994,0.99814876,0.9069728643216082,0.0916,1.0
Samsung_SNH_1011_N_Webcam,1000,7,1417,shared_oas,1.0,0.99894008,0.9467376884422112,0.0934,1.0
Samsung_SNH_1011_N_Webcam,1000,7,1417,local_oas,0.0,0.9988114,0.9402713567839196,0.0796,1.0
Samsung_SNH_1011_N_Webcam,1000,7,1417,peer_cov_fixed,1.0,0.9981194,0.9054974874371859,0.0332,1.0
Samsung_SNH_1011_N_Webcam,1000,7,1417,risk_blend,0.012430661351405735,0.99902992,0.9512522613065326,0.1108,1.0
Samsung_SNH_1011_N_Webcam,1000,7,1417,risk_blend_mismatch,0.005302735336789028,0.99870616,0.9349829145728643,0.1082,1.0
Samsung_SNH_1011_N_Webcam,1000,7,1417,peer_cov_soft,1.0,0.98363816,0.7385708542713567,0.0302,0.5958
Samsung_SNH_1011_N_Webcam,1000,7,1417,risk_soft_cov,0.9751652982069586,0.98980532,0.7396643216080402,0.022,0.5958
Samsung_SNH_1011_N_Webcam,1000,7,1417,risk_soft_cov_mismatch,0.00683557911805923,0.9987064800000001,0.9349989949748745,0.0712,1.0
Samsung_SNH_1011_N_Webcam,1000,8,24722,shared_oas,1.0,0.99865724,0.9325246231155779,0.1158,1.0
Samsung_SNH_1011_N_Webcam,1000,8,24722,local_oas,0.0,0.99867664,0.9334994974874372,0.1168,1.0
Samsung_SNH_1011_N_Webcam,1000,8,24722,peer_cov_fixed,1.0,0.99784308,0.8916120603015074,0.0472,1.0
Samsung_SNH_1011_N_Webcam,1000,8,24722,risk_blend,0.012501462820326555,0.99834656,0.9169125628140704,0.1142,1.0
Samsung_SNH_1011_N_Webcam,1000,8,24722,risk_blend_mismatch,0.005354276921199126,0.9987388,0.9366231155778895,0.118,1.0
Samsung_SNH_1011_N_Webcam,1000,8,24722,peer_cov_soft,1.0,0.9811802,0.7467537688442211,0.054,1.0
Samsung_SNH_1011_N_Webcam,1000,8,24722,risk_soft_cov,0.975304201608576,0.9884488800000001,0.7479939698492463,0.0318,1.0
Samsung_SNH_1011_N_Webcam,1000,8,24722,risk_soft_cov_mismatch,0.00757553055272113,0.9982679600000001,0.9129628140703517,0.1108,1.0
Samsung_SNH_1011_N_Webcam,1000,9,2412,shared_oas,1.0,0.99912504,0.9560321608040201,0.0668,1.0
Samsung_SNH_1011_N_Webcam,1000,9,2412,local_oas,0.0,0.9985356799999999,0.9264160804020101,0.0586,1.0
Samsung_SNH_1011_N_Webcam,1000,9,2412,peer_cov_fixed,1.0,0.99786948,0.8929386934673367,0.0548,1.0
Samsung_SNH_1011_N_Webcam,1000,9,2412,risk_blend,0.012082409574574189,0.99915036,0.9573045226130653,0.0918,1.0
Samsung_SNH_1011_N_Webcam,1000,9,2412,risk_blend_mismatch,0.005247979132546004,0.9984552,0.9223718592964824,0.0686,1.0
Samsung_SNH_1011_N_Webcam,1000,9,2412,peer_cov_soft,1.0,0.98380364,0.756894472361809,0.0906,1.0
Samsung_SNH_1011_N_Webcam,1000,9,2412,risk_soft_cov,0.9744589892636057,0.98907112,0.7575537688442211,0.0482,1.0
Samsung_SNH_1011_N_Webcam,1000,9,2412,risk_soft_cov_mismatch,0.007089958994271471,0.99845504,0.9223638190954774,0.0534,1.0
Samsung_SNH_1011_N_Webcam,1000,10,30756,shared_oas,1.0,0.94529056,0.6961487437185929,0.006,0.4006
Samsung_SNH_1011_N_Webcam,1000,10,30756,local_oas,0.0,0.9420168400000001,0.6984522613065327,0.006,0.4006
Samsung_SNH_1011_N_Webcam,1000,10,30756,peer_cov_fixed,1.0,0.998461,0.9226633165829146,0.003,0.5998
Samsung_SNH_1011_N_Webcam,1000,10,30756,risk_blend,0.04293303635304207,0.9921088,0.7964221105527638,0.0002,0.5756
Samsung_SNH_1011_N_Webcam,1000,10,30756,risk_blend_mismatch,0.02050700557317562,0.98906132,0.7920804020100503,0.0002,0.5112
Samsung_SNH_1011_N_Webcam,1000,10,30756,peer_cov_soft,1.0,0.98632872,0.7472060301507537,0.0078,0.5946
Samsung_SNH_1011_N_Webcam,1000,10,30756,risk_soft_cov,0.9929060251433787,0.98881164,0.7473266331658291,0.0066,0.5928
Samsung_SNH_1011_N_Webcam,1000,10,30756,risk_soft_cov_mismatch,0.027437536741851974,0.95003368,0.7040180904522613,0.0098,0.511
Samsung_SNH_1011_N_Webcam,1000,11,308,shared_oas,1.0,0.99949088,0.9744160804020101,0.0124,1.0
Samsung_SNH_1011_N_Webcam,1000,11,308,local_oas,0.0,0.9995842,0.979105527638191,0.011,1.0
Samsung_SNH_1011_N_Webcam,1000,11,308,peer_cov_fixed,1.0,0.99856008,0.9276422110552764,0.0378,1.0
Samsung_SNH_1011_N_Webcam,1000,11,308,risk_blend,0.011841093816434532,0.998578,0.9285427135678392,0.0218,1.0
Samsung_SNH_1011_N_Webcam,1000,11,308,risk_blend_mismatch,0.005230119123524075,0.998578,0.9285427135678392,0.0192,1.0
Samsung_SNH_1011_N_Webcam,1000,11,308,peer_cov_soft,1.0,0.98539576,0.7425206030150754,0.034,0.605
Samsung_SNH_1011_N_Webcam,1000,11,308,risk_soft_cov,0.9739458372615554,0.99008136,0.7437366834170854,0.0224,1.0
Samsung_SNH_1011_N_Webcam,1000,11,308,risk_soft_cov_mismatch,0.007313058138062788,0.998499,0.924572864321608,0.0188,1.0
Samsung_SNH_1011_N_Webcam,1000,12,33491,shared_oas,1.0,0.98867812,0.8036140703517588,0.0,0.5164
Samsung_SNH_1011_N_Webcam,1000,12,33491,local_oas,0.0,0.9989927200000001,0.9706713567839197,0.0,0.476
Samsung_SNH_1011_N_Webcam,1000,12,33491,peer_cov_fixed,1.0,0.9981701199999999,0.9080462311557789,0.0,0.0836
Samsung_SNH_1011_N_Webcam,1000,12,33491,risk_blend,0.23727595342047383,0.99984392,0.9921567839195979,0.0,0.4906
Samsung_SNH_1011_N_Webcam,1000,12,33491,risk_blend_mismatch,0.07688889074769802,0.99968728,0.9842854271356783,0.0,0.5184
Samsung_SNH_1011_N_Webcam,1000,12,33491,peer_cov_soft,1.0,0.98379968,0.8016060301507537,0.0,0.3926
Samsung_SNH_1011_N_Webcam,1000,12,33491,risk_soft_cov,0.999471700030639,0.9844276399999999,0.8017889447236182,0.0,0.3936
Samsung_SNH_1011_N_Webcam,1000,12,33491,risk_soft_cov_mismatch,0.05569915054458619,0.9997658399999999,0.9882331658291457,0.0,0.5022
Samsung_SNH_1011_N_Webcam,1000,13,6391,shared_oas,1.0,0.9988813999999999,0.9437889447236181,0.0494,1.0
Samsung_SNH_1011_N_Webcam,1000,13,6391,local_oas,0.0,0.99891668,0.9455618090452261,0.049,1.0
Samsung_SNH_1011_N_Webcam,1000,13,6391,peer_cov_fixed,1.0,0.99919728,0.9596623115577889,0.0004,0.601
Samsung_SNH_1011_N_Webcam,1000,13,6391,risk_blend,0.012407982181118037,0.99928288,0.9639638190954773,0.0326,1.0
Samsung_SNH_1011_N_Webcam,1000,13,6391,risk_blend_mismatch,0.00544430420482824,0.9988048,0.9399396984924623,0.036,1.0
Samsung_SNH_1011_N_Webcam,1000,13,6391,peer_cov_soft,1.0,0.9846111999999999,0.7432120603015075,0.0108,0.6016
Samsung_SNH_1011_N_Webcam,1000,13,6391,risk_soft_cov,0.9751204778171465,0.992741,0.7433346733668342,0.0088,0.6016
Samsung_SNH_1011_N_Webcam,1000,13,6391,risk_soft_cov_mismatch,0.008121529396704932,0.99872512,0.9359356783919599,0.034,1.0
Samsung_SNH_1011_N_Webcam,1000,14,1664,shared_oas,1.0,0.999398,0.969748743718593,0.089,1.0
Samsung_SNH_1011_N_Webcam,1000,14,1664,local_oas,0.0,0.9991624,0.9579095477386934,0.0836,1.0
Samsung_SNH_1011_N_Webcam,1000,14,1664,peer_cov_fixed,1.0,0.99860032,0.9296643216080402,0.0464,1.0
Samsung_SNH_1011_N_Webcam,1000,14,1664,risk_blend,0.012454611779885964,0.999596,0.9796984924623116,0.1064,1.0
Samsung_SNH_1011_N_Webcam,1000,14,1664,risk_blend_mismatch,0.005345130160567683,0.999192,0.9593969849246231,0.1092,1.0
Samsung_SNH_1011_N_Webcam,1000,14,1664,peer_cov_soft,1.0,0.9841426,0.7391356783919598,0.027,0.596
Samsung_SNH_1011_N_Webcam,1000,14,1664,risk_soft_cov,0.9752124581948682,0.9901681200000001,0.7414331658291458,0.0178,0.596
Samsung_SNH_1011_N_Webcam,1000,14,1664,risk_soft_cov_mismatch,0.00692104038410692,0.9990304000000001,0.9512763819095478,0.0852,1.0
Samsung_SNH_1011_N_Webcam,1000,15,21347,shared_oas,1.0,0.99908368,0.9539537688442211,0.0872,1.0
Samsung_SNH_1011_N_Webcam,1000,15,21347,local_oas,0.0,0.99835992,0.91758391959799,0.0772,1.0
Samsung_SNH_1011_N_Webcam,1000,15,21347,peer_cov_fixed,1.0,0.99778316,0.8886010050251256,0.0878,1.0
Samsung_SNH_1011_N_Webcam,1000,15,21347,risk_blend,0.012348862729084932,0.9991125200000001,0.9554030150753768,0.0924,1.0
Samsung_SNH_1011_N_Webcam,1000,15,21347,risk_blend_mismatch,0.0053625493627221035,0.9983057200000001,0.9148603015075377,0.0944,1.0
Samsung_SNH_1011_N_Webcam,1000,15,21347,peer_cov_soft,1.0,0.98496968,0.7516562814070351,0.0576,1.0
Samsung_SNH_1011_N_Webcam,1000,15,21347,risk_soft_cov,0.9750028868931664,0.98871568,0.7533286432160804,0.0332,1.0
Samsung_SNH_1011_N_Webcam,1000,15,21347,risk_soft_cov_mismatch,0.007266168347475147,0.9982248,0.9107939698492462,0.0908,1.0
Samsung_SNH_1011_N_Webcam,1000,16,28750,shared_oas,1.0,0.99474468,0.7359155778894473,0.0518,1.0
Samsung_SNH_1011_N_Webcam,1000,16,28750,local_oas,0.0,0.99470428,0.7338834170854271,0.0488,1.0
Samsung_SNH_1011_N_Webcam,1000,16,28750,peer_cov_fixed,1.0,0.997722,0.8855276381909548,0.015,1.0
Samsung_SNH_1011_N_Webcam,1000,16,28750,risk_blend,0.014172553069017563,0.99868968,0.9341547738693468,0.0484,1.0
Samsung_SNH_1011_N_Webcam,1000,16,28750,risk_blend_mismatch,0.005534134045319668,0.9985132,0.9252864321608041,0.0536,1.0
Samsung_SNH_1011_N_Webcam,1000,16,28750,peer_cov_soft,1.0,0.9804226800000001,0.7248482412060301,0.0442,0.5948
Samsung_SNH_1011_N_Webcam,1000,16,28750,risk_soft_cov,0.9781886384731658,0.9890834000000001,0.7242894472361809,0.0262,1.0
Samsung_SNH_1011_N_Webcam,1000,16,28750,risk_soft_cov_mismatch,0.007144706821030098,0.99461644,0.7294693467336684,0.1062,1.0
Samsung_SNH_1011_N_Webcam,1000,17,33705,shared_oas,1.0,0.98751508,0.7988040201005024,0.0,0.0
Samsung_SNH_1011_N_Webcam,1000,17,33705,local_oas,0.0,0.99895156,0.9786994974874372,0.0,0.0
Samsung_SNH_1011_N_Webcam,1000,17,33705,peer_cov_fixed,1.0,0.9981152,0.9052864321608041,0.0,0.195
Samsung_SNH_1011_N_Webcam,1000,17,33705,risk_blend,0.2355607108453203,0.9996012,0.9799597989949749,0.0,0.4064
Samsung_SNH_1011_N_Webcam,1000,17,33705,risk_blend_mismatch,0.05544102534931176,0.9996581999999999,0.9830874371859297,0.0,0.4062
Samsung_SNH_1011_N_Webcam,1000,17,33705,peer_cov_soft,1.0,0.9831442,0.7973929648241207,0.0,0.384
Samsung_SNH_1011_N_Webcam,1000,17,33705,risk_soft_cov,0.9995005775500745,0.98338608,0.7976140703517587,0.0,0.3918
Samsung_SNH_1011_N_Webcam,1000,17,33705,risk_soft_cov_mismatch,0.04949783349388627,0.9996681199999999,0.9835537688442211,0.0,0.0
Samsung_SNH_1011_N_Webcam,1000,18,10872,shared_oas,1.0,0.99830412,0.9147798994974874,0.0558,1.0
Samsung_SNH_1011_N_Webcam,1000,18,10872,local_oas,0.0,0.99833708,0.9164361809045226,0.0536,1.0
Samsung_SNH_1011_N_Webcam,1000,18,10872,peer_cov_fixed,1.0,0.99856836,0.9280582914572865,0.0334,1.0
Samsung_SNH_1011_N_Webcam,1000,18,10872,risk_blend,0.012055928396244099,0.9983468400000001,0.9169266331658292,0.0546,1.0
Samsung_SNH_1011_N_Webcam,1000,18,10872,risk_blend_mismatch,0.00514848266749144,0.9982681200000001,0.9129708542713568,0.0502,1.0
Samsung_SNH_1011_N_Webcam,1000,18,10872,peer_cov_soft,1.0,0.98555588,0.7372783919597989,0.0138,0.6062
Samsung_SNH_1011_N_Webcam,1000,18,10872,risk_soft_cov,0.9744036551558211,0.9907,0.7503216080402011,0.01,0.6062
Samsung_SNH_1011_N_Webcam,1000,18,10872,risk_soft_cov_mismatch,0.007084504968996134,0.99779564,0.8892281407035176,0.0476,1.0
Samsung_SNH_1011_N_Webcam,1000,19,19096,shared_oas,1.0,0.9990752,0.9535276381909548,0.0158,1.0
Samsung_SNH_1011_N_Webcam,1000,19,19096,local_oas,0.0,0.99911892,0.9557246231155778,0.0134,1.0
Samsung_SNH_1011_N_Webcam,1000,19,19096,peer_cov_fixed,1.0,0.99873104,0.9362331658291456,0.0324,1.0
Samsung_SNH_1011_N_Webcam,1000,19,19096,risk_blend,0.012221628962458092,0.99882156,0.9407819095477387,0.022,1.0
Samsung_SNH_1011_N_Webcam,1000,19,19096,risk_blend_mismatch,0.005452245649224115,0.998743,0.9368341708542713,0.0194,1.0
Samsung_SNH_1011_N_Webcam,1000,19,19096,peer_cov_soft,1.0,0.98664,0.7512180904522614,0.018,0.607
Samsung_SNH_1011_N_Webcam,1000,19,19096,risk_soft_cov,0.9747460537527054,0.9903098,0.7579015075376885,0.0136,0.607
Samsung_SNH_1011_N_Webcam,1000,19,19096,risk_soft_cov_mismatch,0.007649689355896648,0.99858576,0.9289326633165829,0.0192,1.0
Samsung_SNH_1011_N_Webcam,1000,20,27638,shared_oas,1.0,0.99856184,0.9277306532663316,0.0444,1.0
Samsung_SNH_1011_N_Webcam,1000,20,27638,local_oas,0.0,0.99857724,0.9285045226130653,0.042,1.0
Samsung_SNH_1011_N_Webcam,1000,20,27638,peer_cov_fixed,1.0,0.9986423999999999,0.931778894472362,0.0234,1.0
Samsung_SNH_1011_N_Webcam,1000,20,27638,risk_blend,0.011643383230135248,0.99850652,0.9249507537688442,0.0448,1.0
Samsung_SNH_1011_N_Webcam,1000,20,27638,risk_blend_mismatch,0.004949588320025187,0.99866232,0.9327798994974874,0.0454,1.0
Samsung_SNH_1011_N_Webcam,1000,20,27638,peer_cov_soft,1.0,0.98410188,0.7581929648241206,0.0618,1.0
Samsung_SNH_1011_N_Webcam,1000,20,27638,risk_soft_cov,0.9735099828225122,0.99081216,0.7595678391959799,0.0322,1.0
Samsung_SNH_1011_N_Webcam,1000,20,27638,risk_soft_cov_mismatch,0.007856191299279745,0.998192,0.9091457286432161,0.0402,1.0
Samsung_SNH_1011_N_Webcam,1000,21,20634,shared_oas,1.0,0.99925436,0.9625306532663316,0.1246,1.0
Samsung_SNH_1011_N_Webcam,1000,21,20634,local_oas,0.0,0.9990954,0.9545427135678393,0.1292,1.0
Samsung_SNH_1011_N_Webcam,1000,21,20634,peer_cov_fixed,1.0,0.99853452,0.9263577889447236,0.0862,1.0
Samsung_SNH_1011_N_Webcam,1000,21,20634,risk_blend,0.01224566173682563,0.9992724399999999,0.9634391959798995,0.1362,1.0
Samsung_SNH_1011_N_Webcam,1000,21,20634,risk_blend_mismatch,0.005387257205672542,0.9992724399999999,0.9634391959798995,0.131,1.0
Samsung_SNH_1011_N_Webcam,1000,21,20634,peer_cov_soft,1.0,0.98442196,0.733278391959799,0.0244,0.5958
Samsung_SNH_1011_N_Webcam,1000,21,20634,risk_soft_cov,0.9747949645415024,0.9891000400000001,0.7489185929648241,0.0192,0.5956
Samsung_SNH_1011_N_Webcam,1000,21,20634,risk_soft_cov_mismatch,0.007427164194531285,0.99894884,0.9471778894472361,0.1284,1.0
Samsung_SNH_1011_N_Webcam,1000,22,4144,shared_oas,1.0,0.99924688,0.9621547738693468,0.0544,1.0
Samsung_SNH_1011_N_Webcam,1000,22,4144,local_oas,0.0,0.99894116,0.946791959798995,0.049,1.0
Samsung_SNH_1011_N_Webcam,1000,22,4144,peer_cov_fixed,1.0,0.99872644,0.9360020100502513,0.048,1.0
Samsung_SNH_1011_N_Webcam,1000,22,4144,risk_blend,0.012604633001754956,0.9991318,0.9563718592964823,0.0668,1.0
Samsung_SNH_1011_N_Webcam,1000,22,4144,risk_blend_mismatch,0.0054021453390049904,0.99889496,0.944470351758794,0.063,1.0
Samsung_SNH_1011_N_Webcam,1000,22,4144,peer_cov_soft,1.0,0.98380696,0.7535959798994976,0.0636,1.0
Samsung_SNH_1011_N_Webcam,1000,22,4144,risk_soft_cov,0.975503883923117,0.98949516,0.7537849246231156,0.0354,1.0
Samsung_SNH_1011_N_Webcam,1000,22,4144,risk_soft_cov_mismatch,0.007157937449629791,0.99881588,0.9404964824120603,0.0436,1.0
Samsung_SNH_1011_N_Webcam,1000,23,11654,shared_oas,1.0,0.99839892,0.9195437185929649,0.0612,1.0
Samsung_SNH_1011_N_Webcam,1000,23,11654,local_oas,0.0,0.99830664,0.9149065326633166,0.0586,1.0
Samsung_SNH_1011_N_Webcam,1000,23,11654,peer_cov_fixed,1.0,0.9980376,0.9013869346733668,0.0406,1.0
Samsung_SNH_1011_N_Webcam,1000,23,11654,risk_blend,0.012603215151624995,0.99820968,0.9100341708542714,0.0632,1.0
Samsung_SNH_1011_N_Webcam,1000,23,11654,risk_blend_mismatch,0.005284605164747231,0.9982874,0.9139396984924624,0.0628,1.0
Samsung_SNH_1011_N_Webcam,1000,23,11654,peer_cov_soft,1.0,0.9843964399999999,0.743991959798995,0.0056,0.49
Samsung_SNH_1011_N_Webcam,1000,23,11654,risk_soft_cov,0.9755011613289233,0.98987792,0.7612502512562814,0.0056,0.541
Samsung_SNH_1011_N_Webcam,1000,23,11654,risk_soft_cov_mismatch,0.006871150885594453,0.9982875200000001,0.913945728643216,0.0612,1.0
Samsung_SNH_1011_N_Webcam,1000,24,5461,shared_oas,1.0,0.9995504,0.9774070351758795,0.078,1.0
Samsung_SNH_1011_N_Webcam,1000,24,5461,local_oas,0.0,0.99955908,0.977843216080402,0.0686,1.0
Samsung_SNH_1011_N_Webcam,1000,24,5461,peer_cov_fixed,1.0,0.99823604,0.9113587939698493,0.055,1.0
Samsung_SNH_1011_N_Webcam,1000,24,5461,risk_blend,0.01260698765849249,0.9992068,0.960140703517588,0.0698,1.0
Samsung_SNH_1011_N_Webcam,1000,24,5461,risk_blend_mismatch,0.0055203512420096456,0.9991274800000001,0.9561547738693468,0.0736,1.0
Samsung_SNH_1011_N_Webcam,1000,24,5461,peer_cov_soft,1.0,0.98441976,0.7591597989949749,0.0494,1.0
Samsung_SNH_1011_N_Webcam,1000,24,5461,risk_soft_cov,0.9755084040792708,0.9904116000000001,0.7613125628140704,0.0276,1.0
Samsung_SNH_1011_N_Webcam,1000,24,5461,risk_soft_cov_mismatch,0.007857307935538068,0.99888952,0.9441969849246231,0.0668,1.0
Samsung_SNH_1011_N_Webcam,1000,25,20946,shared_oas,1.0,0.99891204,0.9453286432160803,0.0736,1.0
Samsung_SNH_1011_N_Webcam,1000,25,20946,local_oas,0.0,0.99891836,0.945646231155779,0.0746,1.0
Samsung_SNH_1011_N_Webcam,1000,25,20946,peer_cov_fixed,1.0,0.9979833199999999,0.898659296482412,0.0482,1.0
Samsung_SNH_1011_N_Webcam,1000,25,20946,risk_blend,0.01224667876158205,0.99888548,0.9439939698492462,0.0708,1.0
Samsung_SNH_1011_N_Webcam,1000,25,20946,risk_blend_mismatch,0.005395281011625547,0.99880572,0.9399859296482411,0.07,1.0
Samsung_SNH_1011_N_Webcam,1000,25,20946,peer_cov_soft,1.0,0.9839694400000001,0.7468904522613066,0.0248,0.6018
Samsung_SNH_1011_N_Webcam,1000,25,20946,risk_soft_cov,0.9747970302344311,0.98893992,0.7524381909547739,0.0178,0.6016
Samsung_SNH_1011_N_Webcam,1000,25,20946,risk_soft_cov_mismatch,0.0074453433904479805,0.99872592,0.9359758793969849,0.0662,1.0
Samsung_SNH_1011_N_Webcam,1000,26,12807,shared_oas,1.0,0.9988883999999999,0.9441407035175879,0.086,1.0
Samsung_SNH_1011_N_Webcam,1000,26,12807,local_oas,0.0,0.99902296,0.9509025125628141,0.0672,1.0
Samsung_SNH_1011_N_Webcam,1000,26,12807,peer_cov_fixed,1.0,0.998307,0.9149246231155779,0.057,1.0
Samsung_SNH_1011_N_Webcam,1000,26,12807,risk_blend,0.011883895272496533,0.998885,0.9439698492462312,0.0948,1.0
Samsung_SNH_1011_N_Webcam,1000,26,12807,risk_blend_mismatch,0.005033108040122601,0.9988847599999999,0.9439577889447236,0.0916,1.0
Samsung_SNH_1011_N_Webcam,1000,26,12807,peer_cov_soft,1.0,0.98563492,0.754391959798995,0.0146,0.6018
Samsung_SNH_1011_N_Webcam,1000,26,12807,risk_soft_cov,0.9740383339339336,0.9904642,0.7609346733668342,0.0122,0.6018
Samsung_SNH_1011_N_Webcam,1000,26,12807,risk_soft_cov_mismatch,0.006738575960476957,0.9984072,0.9199597989949748,0.0962,1.0
Samsung_SNH_1011_N_Webcam,1000,27,22415,shared_oas,1.0,0.99701248,0.8498733668341709,0.168,1.0
Samsung_SNH_1011_N_Webcam,1000,27,22415,local_oas,0.0,0.9967428399999999,0.8363236180904523,0.1616,1.0
Samsung_SNH_1011_N_Webcam,1000,27,22415,peer_cov_fixed,1.0,0.99856696,0.9279879396984925,0.0534,1.0
Samsung_SNH_1011_N_Webcam,1000,27,22415,risk_blend,0.011927812910282155,0.99873904,0.9366351758793969,0.1232,1.0
Samsung_SNH_1011_N_Webcam,1000,27,22415,risk_blend_mismatch,0.00519693426090674,0.9985801999999999,0.9286532663316582,0.1344,1.0
Samsung_SNH_1011_N_Webcam,1000,27,22415,peer_cov_soft,1.0,0.98517408,0.7542170854271357,0.1352,1.0
Samsung_SNH_1011_N_Webcam,1000,27,22415,risk_soft_cov,0.974132570792514,0.98908432,0.7525989949748744,0.0622,1.0
Samsung_SNH_1011_N_Webcam,1000,27,22415,risk_soft_cov_mismatch,0.0073412801190358866,0.99613664,0.8058613065326634,0.1762,1.0
Samsung_SNH_1011_N_Webcam,1000,28,9177,shared_oas,1.0,0.99580908,0.7894010050251257,0.0618,1.0
Samsung_SNH_1011_N_Webcam,1000,28,9177,local_oas,0.0,0.99562836,0.7803195979899498,0.0622,1.0
Samsung_SNH_1011_N_Webcam,1000,28,9177,peer_cov_fixed,1.0,0.9980642399999999,0.9027256281407035,0.0098,1.0
Samsung_SNH_1011_N_Webcam,1000,28,9177,risk_blend,0.012586988899623895,0.99863552,0.9314331658291457,0.0276,1.0
Samsung_SNH_1011_N_Webcam,1000,28,9177,risk_blend_mismatch,0.005108934727036139,0.99855392,0.9273326633165828,0.0398,1.0
Samsung_SNH_1011_N_Webcam,1000,28,9177,peer_cov_soft,1.0,0.9813377999999999,0.7476683417085428,0.0388,0.5988
Samsung_SNH_1011_N_Webcam,1000,28,9177,risk_soft_cov,0.9754699606491389,0.99072716,0.747732663316583,0.0206,1.0
Samsung_SNH_1011_N_Webcam,1000,28,9177,risk_soft_cov_mismatch,0.007435639054232605,0.99549796,0.7737668341708543,0.0466,1.0
Samsung_SNH_1011_N_Webcam,1000,29,3400,shared_oas,1.0,0.99655432,0.8268502512562814,0.1756,1.0
Samsung_SNH_1011_N_Webcam,1000,29,3400,local_oas,0.0,0.9965548799999999,0.8268783919597991,0.1748,1.0
Samsung_SNH_1011_N_Webcam,1000,29,3400,peer_cov_fixed,1.0,0.99821968,0.9105366834170854,0.09,1.0
Samsung_SNH_1011_N_Webcam,1000,29,3400,risk_blend,0.01210970775133322,0.9994360800000001,0.9716623115577889,0.188,1.0
Samsung_SNH_1011_N_Webcam,1000,29,3400,risk_blend_mismatch,0.0051811472300171075,0.9993555199999999,0.9676140703517587,0.18,1.0
Samsung_SNH_1011_N_Webcam,1000,29,3400,peer_cov_soft,1.0,0.98361688,0.7313708542713568,0.1248,1.0
Samsung_SNH_1011_N_Webcam,1000,29,3400,risk_soft_cov,0.9745157837554485,0.98811572,0.7307195979899498,0.0792,1.0
Samsung_SNH_1011_N_Webcam,1000,29,3400,risk_soft_cov_mismatch,0.006962525541935436,0.9958408,0.7909949748743719,0.2092,1.0
SimpleHome_XCS7_1002_WHT_Security_Camera,30,0,1704,shared_oas,1.0,0.99980868,0.9903859296482411,1.0,1.0
SimpleHome_XCS7_1002_WHT_Security_Camera,30,0,1704,local_oas,0.0,0.55592996,0.581929648241206,1.0,1.0
SimpleHome_XCS7_1002_WHT_Security_Camera,30,0,1704,peer_cov_fixed,1.0,0.9149941599999999,0.8666472361809046,1.0,1.0
SimpleHome_XCS7_1002_WHT_Security_Camera,30,0,1704,risk_blend,0.0014387477089519366,0.91366516,0.853411055276382,1.0,1.0
SimpleHome_XCS7_1002_WHT_Security_Camera,30,0,1704,risk_blend_mismatch,0.00023452993806712415,0.7684022800000001,0.7958793969849246,1.0,1.0
SimpleHome_XCS7_1002_WHT_Security_Camera,30,0,1704,peer_cov_soft,1.0,0.5727859200000001,0.6312663316582914,1.0,1.0
SimpleHome_XCS7_1002_WHT_Security_Camera,30,0,1704,risk_soft_cov,0.9121539609111956,0.5917446799999999,0.6305969849246231,1.0,1.0
SimpleHome_XCS7_1002_WHT_Security_Camera,30,0,1704,risk_soft_cov_mismatch,0.0011300040726052248,0.61180672,0.6685708542713568,1.0,1.0
SimpleHome_XCS7_1002_WHT_Security_Camera,30,1,4165,shared_oas,1.0,0.99911264,0.957505527638191,0.0604,1.0
SimpleHome_XCS7_1002_WHT_Security_Camera,30,1,4165,local_oas,0.0,0.9985027200000001,0.9285587939698492,0.0622,1.0
SimpleHome_XCS7_1002_WHT_Security_Camera,30,1,4165,peer_cov_fixed,1.0,0.99716536,0.8957668341708542,0.061,1.0
SimpleHome_XCS7_1002_WHT_Security_Camera,30,1,4165,risk_blend,0.4260231596410107,0.9972784,0.8954090452261307,0.056,1.0
SimpleHome_XCS7_1002_WHT_Security_Camera,30,1,4165,risk_blend_mismatch,0.1161726501977536,0.9971168,0.893905527638191,0.0544,1.0
SimpleHome_XCS7_1002_WHT_Security_Camera,30,1,4165,peer_cov_soft,1.0,0.9932674,0.8959115577889447,0.067,1.0
SimpleHome_XCS7_1002_WHT_Security_Camera,30,1,4165,risk_soft_cov,0.9997252498236999,0.9932674,0.8959115577889447,0.067,1.0
SimpleHome_XCS7_1002_WHT_Security_Camera,30,1,4165,risk_soft_cov_mismatch,0.2653863661936888,0.99402416,0.8954291457286432,0.0488,1.0
SimpleHome_XCS7_1002_WHT_Security_Camera,30,2,19763,shared_oas,1.0,0.9993268399999999,0.9674170854271356,0.101,1.0
SimpleHome_XCS7_1002_WHT_Security_Camera,30,2,19763,local_oas,0.0,0.99785868,0.8948522613065327,0.1028,1.0
SimpleHome_XCS7_1002_WHT_Security_Camera,30,2,19763,peer_cov_fixed,1.0,0.99783816,0.8998070351758793,0.0968,1.0
SimpleHome_XCS7_1002_WHT_Security_Camera,30,2,19763,risk_blend,0.42132324931842896,0.99750644,0.899238190954774,0.086,1.0
SimpleHome_XCS7_1002_WHT_Security_Camera,30,2,19763,risk_blend_mismatch,0.10677908138362781,0.9969168399999999,0.8957085427135678,0.0888,1.0
SimpleHome_XCS7_1002_WHT_Security_Camera,30,2,19763,peer_cov_soft,1.0,0.99505604,0.9005045226130654,0.096,1.0
SimpleHome_XCS7_1002_WHT_Security_Camera,30,2,19763,risk_soft_cov,0.9995831299622271,0.99505596,0.9005005025125628,0.0958,1.0
SimpleHome_XCS7_1002_WHT_Security_Camera,30,2,19763,risk_soft_cov_mismatch,0.2546021244272597,0.9951144399999999,0.8998874371859296,0.0692,1.0
SimpleHome_XCS7_1002_WHT_Security_Camera,30,3,5928,shared_oas,1.0,0.999182,0.9612040201005025,0.1148,1.0
SimpleHome_XCS7_1002_WHT_Security_Camera,30,3,5928,local_oas,0.0,0.9985674,0.931348743718593,0.1588,1.0
SimpleHome_XCS7_1002_WHT_Security_Camera,30,3,5928,peer_cov_fixed,1.0,0.99809724,0.9054693467336683,0.1168,1.0
SimpleHome_XCS7_1002_WHT_Security_Camera,30,3,5928,risk_blend,0.42111841178195486,0.9981602,0.9089909547738694,0.1266,1.0
SimpleHome_XCS7_1002_WHT_Security_Camera,30,3,5928,risk_blend_mismatch,0.11391775519440502,0.99799668,0.901294472361809,0.1444,1.0
SimpleHome_XCS7_1002_WHT_Security_Camera,30,3,5928,peer_cov_soft,1.0,0.99389164,0.8978753768844221,0.0806,1.0
SimpleHome_XCS7_1002_WHT_Security_Camera,30,3,5928,risk_soft_cov,0.999711282615825,0.99389164,0.8978753768844221,0.0806,1.0
SimpleHome_XCS7_1002_WHT_Security_Camera,30,3,5928,risk_soft_cov_mismatch,0.2608873638541044,0.99506556,0.8971798994974874,0.1164,1.0
SimpleHome_XCS7_1002_WHT_Security_Camera,30,4,27416,shared_oas,1.0,0.9990252399999999,0.95404824120603,0.2386,1.0
SimpleHome_XCS7_1002_WHT_Security_Camera,30,4,27416,local_oas,0.0,0.99856672,0.9319778894472361,0.1722,1.0
SimpleHome_XCS7_1002_WHT_Security_Camera,30,4,27416,peer_cov_fixed,1.0,0.99817296,0.9089527638190955,0.3248,1.0
SimpleHome_XCS7_1002_WHT_Security_Camera,30,4,27416,risk_blend,0.3358879139622033,0.9976408000000001,0.9003658291457286,0.2884,1.0
SimpleHome_XCS7_1002_WHT_Security_Camera,30,4,27416,risk_blend_mismatch,0.09138274350424512,0.9974518,0.8975256281407035,0.2908,1.0
SimpleHome_XCS7_1002_WHT_Security_Camera,30,4,27416,peer_cov_soft,1.0,0.99284684,0.9021507537688442,0.2438,1.0
SimpleHome_XCS7_1002_WHT_Security_Camera,30,4,27416,risk_soft_cov,0.9994429408914591,0.99284684,0.9021507537688442,0.2436,1.0
SimpleHome_XCS7_1002_WHT_Security_Camera,30,4,27416,risk_soft_cov_mismatch,0.2909929086357703,0.99407576,0.9015236180904522,0.2562,1.0
SimpleHome_XCS7_1002_WHT_Security_Camera,30,5,15038,shared_oas,1.0,0.99893628,0.9477668341708543,0.0262,1.0
SimpleHome_XCS7_1002_WHT_Security_Camera,30,5,15038,local_oas,0.0,0.99866076,0.9344281407035178,0.0244,0.9998
SimpleHome_XCS7_1002_WHT_Security_Camera,30,5,15038,peer_cov_fixed,1.0,0.99912796,0.9564663316582915,0.0254,1.0
SimpleHome_XCS7_1002_WHT_Security_Camera,30,5,15038,risk_blend,0.38222920577771174,0.99835328,0.9178291457286434,0.0238,0.9998
SimpleHome_XCS7_1002_WHT_Security_Camera,30,5,15038,risk_blend_mismatch,0.11411079773969948,0.99791056,0.8958854271356784,0.0238,0.9998
SimpleHome_XCS7_1002_WHT_Security_Camera,30,5,15038,peer_cov_soft,1.0,0.9950625599999999,0.8888341708542714,0.0282,1.0
SimpleHome_XCS7_1002_WHT_Security_Camera,30,5,15038,risk_soft_cov,0.9998303980117603,0.9950627599999999,0.8888402010050251,0.028,1.0
SimpleHome_XCS7_1002_WHT_Security_Camera,30,5,15038,risk_soft_cov_mismatch,0.2877621425531824,0.9951595599999999,0.8896884422110553,0.0238,0.9998
SimpleHome_XCS7_1002_WHT_Security_Camera,30,6,26233,shared_oas,1.0,0.99939172,0.9704723618090452,0.2996,1.0
SimpleHome_XCS7_1002_WHT_Security_Camera,30,6,26233,local_oas,0.0,0.99862904,0.9328984924623116,0.3116,1.0
SimpleHome_XCS7_1002_WHT_Security_Camera,30,6,26233,peer_cov_fixed,1.0,0.9982254,0.9112824120603016,0.1568,1.0
SimpleHome_XCS7_1002_WHT_Security_Camera,30,6,26233,risk_blend,0.46211447875006173,0.9980952399999999,0.9048522613065326,0.2526,1.0
SimpleHome_XCS7_1002_WHT_Security_Camera,30,6,26233,risk_blend_mismatch,0.130232177480942,0.99805828,0.9031075376884422,0.272,1.0
SimpleHome_XCS7_1002_WHT_Security_Camera,30,6,26233,peer_cov_soft,1.0,0.9954816,0.9020361809045226,0.1706,1.0
SimpleHome_XCS7_1002_WHT_Security_Camera,30,6,26233,risk_soft_cov,0.99975447484579,0.9954816,0.9020361809045226,0.1706,1.0
SimpleHome_XCS7_1002_WHT_Security_Camera,30,6,26233,risk_soft_cov_mismatch,0.2977074850579386,0.99574376,0.9017748743718592,0.2552,1.0
SimpleHome_XCS7_1002_WHT_Security_Camera,30,7,12047,shared_oas,1.0,0.9994594800000001,0.974094472361809,0.193,1.0
SimpleHome_XCS7_1002_WHT_Security_Camera,30,7,12047,local_oas,0.0,0.9991889199999999,0.9616804020100502,0.162,1.0
SimpleHome_XCS7_1002_WHT_Security_Camera,30,7,12047,peer_cov_fixed,1.0,0.99837836,0.9186693467336684,0.2222,1.0
SimpleHome_XCS7_1002_WHT_Security_Camera,30,7,12047,risk_blend,0.4084298568683668,0.99805564,0.9026211055276382,0.1318,1.0
SimpleHome_XCS7_1002_WHT_Security_Camera,30,7,12047,risk_blend_mismatch,0.12281764142366491,0.99811056,0.9057005025125628,0.1078,1.0
SimpleHome_XCS7_1002_WHT_Security_Camera,30,7,12047,peer_cov_soft,1.0,0.9948907600000001,0.901153768844221,0.1514,1.0
SimpleHome_XCS7_1002_WHT_Security_Camera,30,7,12047,risk_soft_cov,0.9996919434835185,0.9948907600000001,0.901153768844221,0.1516,1.0
SimpleHome_XCS7_1002_WHT_Security_Camera,30,7,12047,risk_soft_cov_mismatch,0.3651559134313236,0.99519632,0.9008361809045227,0.1286,1.0
SimpleHome_XCS7_1002_WHT_Security_Camera,30,8,9042,shared_oas,1.0,0.998998,0.9521547738693468,0.332,1.0
SimpleHome_XCS7_1002_WHT_Security_Camera,30,8,9042,local_oas,0.0,0.99846068,0.9267155778894471,0.261,1.0
SimpleHome_XCS7_1002_WHT_Security_Camera,30,8,9042,peer_cov_fixed,1.0,0.9981011599999999,0.9052582914572864,0.3096,1.0
SimpleHome_XCS7_1002_WHT_Security_Camera,30,8,9042,risk_blend,0.34915545231427125,0.99778792,0.8961025125628141,0.3446,1.0
SimpleHome_XCS7_1002_WHT_Security_Camera,30,8,9042,risk_blend_mismatch,0.09406342166264614,0.99767052,0.8930090452261307,0.346,1.0
SimpleHome_XCS7_1002_WHT_Security_Camera,30,8,9042,peer_cov_soft,1.0,0.99384692,0.8982070351758794,0.2436,1.0
SimpleHome_XCS7_1002_WHT_Security_Camera,30,8,9042,risk_soft_cov,0.9992840455283899,0.99384692,0.8982070351758794,0.2434,1.0
SimpleHome_XCS7_1002_WHT_Security_Camera,30,8,9042,risk_soft_cov_mismatch,0.3270069877140231,0.99529632,0.897921608040201,0.29,1.0
SimpleHome_XCS7_1002_WHT_Security_Camera,30,9,21427,shared_oas,1.0,0.9993928,0.9711035175879398,0.2312,1.0
SimpleHome_XCS7_1002_WHT_Security_Camera,30,9,21427,local_oas,0.0,0.99891112,0.9486512562814071,0.1586,1.0
SimpleHome_XCS7_1002_WHT_Security_Camera,30,9,21427,peer_cov_fixed,1.0,0.99821176,0.910180904522613,0.1708,1.0
SimpleHome_XCS7_1002_WHT_Security_Camera,30,9,21427,risk_blend,0.31902966893009865,0.99780264,0.9014130653266332,0.2326,1.0
SimpleHome_XCS7_1002_WHT_Security_Camera,30,9,21427,risk_blend_mismatch,0.08648687874198474,0.99794064,0.8994070351758794,0.2486,1.0
SimpleHome_XCS7_1002_WHT_Security_Camera,30,9,21427,peer_cov_soft,1.0,0.99376084,0.9019778894472361,0.1448,1.0
SimpleHome_XCS7_1002_WHT_Security_Camera,30,9,21427,risk_soft_cov,0.9996485196474266,0.9937608,0.901975879396985,0.1446,1.0
SimpleHome_XCS7_1002_WHT_Security_Camera,30,9,21427,risk_soft_cov_mismatch,0.252662360862057,0.99474816,0.9012663316582915,0.1906,1.0
SimpleHome_XCS7_1002_WHT_Security_Camera,30,10,9508,shared_oas,1.0,0.99927852,0.9655577889447235,0.0798,1.0
SimpleHome_XCS7_1002_WHT_Security_Camera,30,10,9508,local_oas,0.0,0.99847424,0.9261005025125628,0.0666,1.0
SimpleHome_XCS7_1002_WHT_Security_Camera,30,10,9508,peer_cov_fixed,1.0,0.998138,0.9067175879396985,0.1366,1.0
SimpleHome_XCS7_1002_WHT_Security_Camera,30,10,9508,risk_blend,0.372351767610012,0.99785412,0.9004964824120603,0.0662,1.0
SimpleHome_XCS7_1002_WHT_Security_Camera,30,10,9508,risk_blend_mismatch,0.10986329136004737,0.99791088,0.8997608040201005,0.06,1.0
SimpleHome_XCS7_1002_WHT_Security_Camera,30,10,9508,peer_cov_soft,1.0,0.99362304,0.9007758793969849,0.1426,1.0
SimpleHome_XCS7_1002_WHT_Security_Camera,30,10,9508,risk_soft_cov,0.9996338578054849,0.99362304,0.9007758793969849,0.1426,1.0
SimpleHome_XCS7_1002_WHT_Security_Camera,30,10,9508,risk_soft_cov_mismatch,0.3412758897546332,0.9945175599999999,0.9004864321608039,0.0646,1.0
SimpleHome_XCS7_1002_WHT_Security_Camera,30,11,13214,shared_oas,1.0,0.99965268,0.9825969849246231,0.002,0.9968
SimpleHome_XCS7_1002_WHT_Security_Camera,30,11,13214,local_oas,0.0,0.9998194,0.990964824120603,0.0002,0.7006
SimpleHome_XCS7_1002_WHT_Security_Camera,30,11,13214,peer_cov_fixed,1.0,0.9994935199999999,0.9746452261306533,0.0094,0.9996
SimpleHome_XCS7_1002_WHT_Security_Camera,30,11,13214,risk_blend,0.6842518374745379,0.99980336,0.9901185929648242,0.0,0.802
SimpleHome_XCS7_1002_WHT_Security_Camera,30,11,13214,risk_blend_mismatch,0.3687887641884824,0.9998402799999999,0.9919738693467337,0.0,0.1898
SimpleHome_XCS7_1002_WHT_Security_Camera,30,11,13214,peer_cov_soft,1.0,0.99912004,0.9557809045226131,0.0062,0.9998
SimpleHome_XCS7_1002_WHT_Security_Camera,30,11,13214,risk_soft_cov,0.9999272721064983,0.99912004,0.9557809045226131,0.0062,0.9998
SimpleHome_XCS7_1002_WHT_Security_Camera,30,11,13214,risk_soft_cov_mismatch,0.5536944088325897,0.9998431600000001,0.9921185929648242,0.0,0.8056
SimpleHome_XCS7_1002_WHT_Security_Camera,30,12,20398,shared_oas,1.0,0.99943112,0.9723075376884422,0.0778,1.0
SimpleHome_XCS7_1002_WHT_Security_Camera,30,12,20398,local_oas,0.0,0.99878296,0.9414130653266333,0.066,1.0
SimpleHome_XCS7_1002_WHT_Security_Camera,30,12,20398,peer_cov_fixed,1.0,0.99798588,0.8990753768844222,0.0866,1.0
SimpleHome_XCS7_1002_WHT_Security_Camera,30,12,20398,risk_blend,0.44317477142927847,0.99765552,0.8986572864321608,0.0652,1.0
SimpleHome_XCS7_1002_WHT_Security_Camera,30,12,20398,risk_blend_mismatch,0.12770906937208548,0.9974616000000001,0.8970693467336683,0.0652,1.0
SimpleHome_XCS7_1002_WHT_Security_Camera,30,12,20398,peer_cov_soft,1.0,0.9952765600000001,0.899294472361809,0.0752,1.0
SimpleHome_XCS7_1002_WHT_Security_Camera,30,12,20398,risk_soft_cov,0.9996548056232706,0.9952765600000001,0.899294472361809,0.075,1.0
SimpleHome_XCS7_1002_WHT_Security_Camera,30,12,20398,risk_soft_cov_mismatch,0.3319161571420263,0.99554696,0.8990974874371859,0.0598,1.0
SimpleHome_XCS7_1002_WHT_Security_Camera,30,13,16965,shared_oas,1.0,0.99935004,0.9693467336683417,0.0692,1.0
SimpleHome_XCS7_1002_WHT_Security_Camera,30,13,16965,local_oas,0.0,0.9990144799999999,0.9535175879396984,0.069,1.0
SimpleHome_XCS7_1002_WHT_Security_Camera,30,13,16965,peer_cov_fixed,1.0,0.99786388,0.8955959798994975,0.0958,1.0
SimpleHome_XCS7_1002_WHT_Security_Camera,30,13,16965,risk_blend,0.38941238279910956,0.9973498399999999,0.8949145728643216,0.1074,1.0
SimpleHome_XCS7_1002_WHT_Security_Camera,30,13,16965,risk_blend_mismatch,0.09792273988864894,0.99686836,0.8917909547738694,0.1026,1.0
SimpleHome_XCS7_1002_WHT_Security_Camera,30,13,16965,peer_cov_soft,1.0,0.9950698800000001,0.8966753768844221,0.0534,1.0
SimpleHome_XCS7_1002_WHT_Security_Camera,30,13,16965,risk_soft_cov,0.999358380947886,0.99519276,0.8966753768844221,0.0534,1.0
SimpleHome_XCS7_1002_WHT_Security_Camera,30,13,16965,risk_soft_cov_mismatch,0.25213220229365224,0.9959128399999999,0.8960944723618091,0.0486,1.0
SimpleHome_XCS7_1002_WHT_Security_Camera,30,14,8516,shared_oas,1.0,0.99951,0.9762934673366833,0.1188,1.0
SimpleHome_XCS7_1002_WHT_Security_Camera,30,14,8516,local_oas,0.0,0.99874204,0.9388824120603017,0.1226,1.0
SimpleHome_XCS7_1002_WHT_Security_Camera,30,14,8516,peer_cov_fixed,1.0,0.9977732,0.9001105527638191,0.1924,1.0
SimpleHome_XCS7_1002_WHT_Security_Camera,30,14,8516,risk_blend,0.3282874102736188,0.9971588,0.899208040201005,0.177,1.0
SimpleHome_XCS7_1002_WHT_Security_Camera,30,14,8516,risk_blend_mismatch,0.08386634469761593,0.9968402000000001,0.8953728643216079,0.1952,1.0
SimpleHome_XCS7_1002_WHT_Security_Camera,30,14,8516,peer_cov_soft,1.0,0.9936024800000001,0.9007155778894472,0.1216,1.0
SimpleHome_XCS7_1002_WHT_Security_Camera,30,14,8516,risk_soft_cov,0.9993261693344887,0.9936024800000001,0.9007155778894472,0.121,1.0
SimpleHome_XCS7_1002_WHT_Security_Camera,30,14,8516,risk_soft_cov_mismatch,0.2689710644580439,0.9945042399999999,0.9004100502512562,0.094,1.0
SimpleHome_XCS7_1002_WHT_Security_Camera,30,15,14719,shared_oas,1.0,0.99915556,0.9590251256281407,0.197,1.0
SimpleHome_XCS7_1002_WHT_Security_Camera,30,15,14719,local_oas,0.0,0.99836532,0.9226814070351759,0.2878,1.0
SimpleHome_XCS7_1002_WHT_Security_Camera,30,15,14719,peer_cov_fixed,1.0,0.99812464,0.9063437185929648,0.181,1.0
SimpleHome_XCS7_1002_WHT_Security_Camera,30,15,14719,risk_blend,0.4856043047227349,0.99780548,0.9035899497487437,0.1864,1.0
SimpleHome_XCS7_1002_WHT_Security_Camera,30,15,14719,risk_blend_mismatch,0.14187090388981394,0.99764744,0.8998613065326633,0.177,1.0
SimpleHome_XCS7_1002_WHT_Security_Camera,30,15,14719,peer_cov_soft,1.0,0.9955932000000001,0.9052100502512563,0.1776,1.0
SimpleHome_XCS7_1002_WHT_Security_Camera,30,15,14719,risk_soft_cov,0.9997649115245034,0.9955932000000001,0.9052100502512563,0.1774,1.0
SimpleHome_XCS7_1002_WHT_Security_Camera,30,15,14719,risk_soft_cov_mismatch,0.32014734853238325,0.99550368,0.9046452261306532,0.1656,1.0
SimpleHome_XCS7_1002_WHT_Security_Camera,30,16,6888,shared_oas,1.0,0.99933512,0.9689628140703518,0.0674,1.0
SimpleHome_XCS7_1002_WHT_Security_Camera,30,16,6888,local_oas,0.0,0.99916724,0.9611155778894471,0.0426,1.0
SimpleHome_XCS7_1002_WHT_Security_Camera,30,16,6888,peer_cov_fixed,1.0,0.99813588,0.9066291457286433,0.131,1.0
SimpleHome_XCS7_1002_WHT_Security_Camera,30,16,6888,risk_blend,0.2970985541911708,0.99795232,0.8997587939698493,0.0954,1.0
SimpleHome_XCS7_1002_WHT_Security_Camera,30,16,6888,risk_blend_mismatch,0.07916145727862536,0.99816736,0.9094030150753769,0.0688,1.0
SimpleHome_XCS7_1002_WHT_Security_Camera,30,16,6888,peer_cov_soft,1.0,0.99304056,0.9011477386934673,0.0592,1.0
SimpleHome_XCS7_1002_WHT_Security_Camera,30,16,6888,risk_soft_cov,0.9992341504169864,0.99304056,0.9011477386934673,0.059,1.0
SimpleHome_XCS7_1002_WHT_Security_Camera,30,16,6888,risk_soft_cov_mismatch,0.27816651981981527,0.99601932,0.900808040201005,0.0438,1.0
SimpleHome_XCS7_1002_WHT_Security_Camera,30,17,22762,shared_oas,1.0,0.999452,0.9732683417085428,0.0514,1.0
SimpleHome_XCS7_1002_WHT_Security_Camera,30,17,22762,local_oas,0.0,0.99806276,0.9042673366834172,0.0538,1.0
SimpleHome_XCS7_1002_WHT_Security_Camera,30,17,22762,peer_cov_fixed,1.0,0.99837664,0.9187115577889446,0.0626,1.0
SimpleHome_XCS7_1002_WHT_Security_Camera,30,17,22762,risk_blend,0.48083378937294696,0.9980481600000001,0.9024502512562813,0.0484,1.0
SimpleHome_XCS7_1002_WHT_Security_Camera,30,17,22762,risk_blend_mismatch,0.13309903793631686,0.99724948,0.8967939698492462,0.0444,1.0
SimpleHome_XCS7_1002_WHT_Security_Camera,30,17,22762,peer_cov_soft,1.0,0.99638748,0.8990572864321609,0.043,1.0
SimpleHome_XCS7_1002_WHT_Security_Camera,30,17,22762,risk_soft_cov,0.9997043141541924,0.9963874399999999,0.8990552763819095,0.043,1.0
SimpleHome_XCS7_1002_WHT_Security_Camera,30,17,22762,risk_soft_cov_mismatch,0.29892655851611133,0.9950850400000001,0.8984964824120603,0.0328,1.0
SimpleHome_XCS7_1002_WHT_Security_Camera,30,18,17752,shared_oas,1.0,0.99922652,0.9627095477386934,0.0506,1.0
SimpleHome_XCS7_1002_WHT_Security_Camera,30,18,17752,local_oas,0.0,0.999027,0.9525266331658292,0.0466,1.0
SimpleHome_XCS7_1002_WHT_Security_Camera,30,18,17752,peer_cov_fixed,1.0,0.9981614799999999,0.9081266331658291,0.055,1.0
SimpleHome_XCS7_1002_WHT_Security_Camera,30,18,17752,risk_blend,0.38531603456159,0.99791316,0.9016381909547739,0.043,1.0
SimpleHome_XCS7_1002_WHT_Security_Camera,30,18,17752,risk_blend_mismatch,0.10423930485968828,0.99779748,0.8999919597989949,0.044,1.0
SimpleHome_XCS7_1002_WHT_Security_Camera,30,18,17752,peer_cov_soft,1.0,0.9948591200000001,0.9026211055276382,0.0538,1.0
SimpleHome_XCS7_1002_WHT_Security_Camera,30,18,17752,risk_soft_cov,0.9997215102416553,0.99485904,0.9026211055276382,0.0536,1.0
SimpleHome_XCS7_1002_WHT_Security_Camera,30,18,17752,risk_soft_cov_mismatch,0.2517096888941462,0.9951333600000001,0.9014552763819095,0.0514,1.0
SimpleHome_XCS7_1002_WHT_Security_Camera,30,19,21294,shared_oas,1.0,0.9990769599999999,0.9549165829145728,0.1944,1.0
SimpleHome_XCS7_1002_WHT_Security_Camera,30,19,21294,local_oas,0.0,0.9976360400000001,0.8835979899497488,0.2558,1.0
SimpleHome_XCS7_1002_WHT_Security_Camera,30,19,21294,peer_cov_fixed,1.0,0.99774032,0.8953226130653267,0.1634,1.0
SimpleHome_XCS7_1002_WHT_Security_Camera,30,19,21294,risk_blend,0.40127074252846945,0.9971448399999999,0.8945849246231156,0.1952,1.0
SimpleHome_XCS7_1002_WHT_Security_Camera,30,19,21294,risk_blend_mismatch,0.09865224979206749,0.99640416,0.8908884422110552,0.2176,1.0
SimpleHome_XCS7_1002_WHT_Security_Camera,30,19,21294,peer_cov_soft,1.0,0.99528664,0.8961206030150755,0.1134,1.0
SimpleHome_XCS7_1002_WHT_Security_Camera,30,19,21294,risk_soft_cov,0.9994749627895096,0.99528664,0.8961206030150755,0.1126,1.0
SimpleHome_XCS7_1002_WHT_Security_Camera,30,19,21294,risk_soft_cov_mismatch,0.24006492817367775,0.9948188,0.8955517587939699,0.1546,1.0
SimpleHome_XCS7_1002_WHT_Security_Camera,30,20,16114,shared_oas,1.0,0.99982468,0.9912442211055277,0.0162,1.0
SimpleHome_XCS7_1002_WHT_Security_Camera,30,20,16114,local_oas,0.0,0.99982464,0.9912381909547738,0.0014,0.9992
SimpleHome_XCS7_1002_WHT_Security_Camera,30,20,16114,peer_cov_fixed,1.0,0.99961184,0.9807276381909548,0.0032,0.9988
SimpleHome_XCS7_1002_WHT_Security_Camera,30,20,16114,risk_blend,0.8251004145137114,0.99965532,0.9828402010050251,0.0052,0.9994
SimpleHome_XCS7_1002_WHT_Security_Camera,30,20,16114,risk_blend_mismatch,0.3356144575535914,0.9997376,0.9869447236180904,0.0146,0.9996
SimpleHome_XCS7_1002_WHT_Security_Camera,30,20,16114,peer_cov_soft,1.0,0.999533,0.9766653266331657,0.0,0.7906
SimpleHome_XCS7_1002_WHT_Security_Camera,30,20,16114,risk_soft_cov,0.9999607494414731,0.999533,0.9766653266331657,0.0,0.7906
SimpleHome_XCS7_1002_WHT_Security_Camera,30,20,16114,risk_soft_cov_mismatch,0.37328579539935836,0.99973892,0.9870291457286432,0.0122,0.9996
SimpleHome_XCS7_1002_WHT_Security_Camera,30,21,1139,shared_oas,1.0,0.9981981200000001,0.9464381909547739,0.6846,1.0
SimpleHome_XCS7_1002_WHT_Security_Camera,30,21,1139,local_oas,0.0,0.96263024,0.8694512562814071,0.9998,1.0
SimpleHome_XCS7_1002_WHT_Security_Camera,30,21,1139,peer_cov_fixed,1.0,0.99743844,0.8826150753768844,0.0142,0.988
SimpleHome_XCS7_1002_WHT_Security_Camera,30,21,1139,risk_blend,0.6631365716945137,0.9922864,0.9311015075376885,0.9918,1.0
SimpleHome_XCS7_1002_WHT_Security_Camera,30,21,1139,risk_blend_mismatch,0.07713233719304714,0.9750066,0.8648241206030152,1.0,1.0
SimpleHome_XCS7_1002_WHT_Security_Camera,30,21,1139,peer_cov_soft,1.0,0.9932554800000001,0.8759638190954775,0.0292,0.7972
SimpleHome_XCS7_1002_WHT_Security_Camera,30,21,1139,risk_soft_cov,0.9999437487250964,0.99325236,0.8759336683417086,0.0296,0.7972
SimpleHome_XCS7_1002_WHT_Security_Camera,30,21,1139,risk_soft_cov_mismatch,0.09190419171853498,0.97427484,0.8642572864321608,0.999,1.0
SimpleHome_XCS7_1002_WHT_Security_Camera,30,22,26802,shared_oas,1.0,0.9990264799999999,0.9544120603015076,0.2846,1.0
SimpleHome_XCS7_1002_WHT_Security_Camera,30,22,26802,local_oas,0.0,0.99843192,0.9267195979899499,0.2908,1.0
SimpleHome_XCS7_1002_WHT_Security_Camera,30,22,26802,peer_cov_fixed,1.0,0.99771132,0.8945226130653267,0.2482,1.0
SimpleHome_XCS7_1002_WHT_Security_Camera,30,22,26802,risk_blend,0.3997062157877091,0.9972797999999999,0.8940080402010051,0.2066,1.0
SimpleHome_XCS7_1002_WHT_Security_Camera,30,22,26802,risk_blend_mismatch,0.1164116389440934,0.9973535600000001,0.8920502512562813,0.2242,1.0
SimpleHome_XCS7_1002_WHT_Security_Camera,30,22,26802,peer_cov_soft,1.0,0.99392388,0.895191959798995,0.2218,1.0
SimpleHome_XCS7_1002_WHT_Security_Camera,30,22,26802,risk_soft_cov,0.9996279720245724,0.99392388,0.895191959798995,0.2216,1.0
SimpleHome_XCS7_1002_WHT_Security_Camera,30,22,26802,risk_soft_cov_mismatch,0.3455112524619128,0.99395236,0.8947075376884422,0.2002,1.0
SimpleHome_XCS7_1002_WHT_Security_Camera,30,23,854,shared_oas,1.0,0.99977988,0.9890552763819096,0.0004,0.8008
SimpleHome_XCS7_1002_WHT_Security_Camera,30,23,854,local_oas,0.0,0.9996920800000001,0.984994974874372,0.0002,0.1794
SimpleHome_XCS7_1002_WHT_Security_Camera,30,23,854,peer_cov_fixed,1.0,0.99976164,0.9881286432160804,0.0026,0.9988
SimpleHome_XCS7_1002_WHT_Security_Camera,30,23,854,risk_blend,0.8075218134413276,0.9997638799999999,0.9882150753768844,0.0,0.726
SimpleHome_XCS7_1002_WHT_Security_Camera,30,23,854,risk_blend_mismatch,0.3060493995986998,0.99980052,0.9900582914572864,0.0,0.0726
SimpleHome_XCS7_1002_WHT_Security_Camera,30,23,854,peer_cov_soft,1.0,0.99965308,0.9826150753768843,0.0052,0.9998
SimpleHome_XCS7_1002_WHT_Security_Camera,30,23,854,risk_soft_cov,0.9999472702395872,0.99965308,0.9826150753768843,0.0052,0.9998
SimpleHome_XCS7_1002_WHT_Security_Camera,30,23,854,risk_soft_cov_mismatch,0.355924322334224,0.99980184,0.9901889447236181,0.0008,0.8078
SimpleHome_XCS7_1002_WHT_Security_Camera,30,24,18531,shared_oas,1.0,0.99915836,0.9599437185929649,0.0456,1.0
SimpleHome_XCS7_1002_WHT_Security_Camera,30,24,18531,local_oas,0.0,0.99908368,0.9567618090452261,0.0364,1.0
SimpleHome_XCS7_1002_WHT_Security_Camera,30,24,18531,peer_cov_fixed,1.0,0.9985192,0.9265768844221105,0.0366,1.0
SimpleHome_XCS7_1002_WHT_Security_Camera,30,24,18531,risk_blend,0.3336764548017269,0.99826224,0.9140703517587939,0.0314,0.9998
SimpleHome_XCS7_1002_WHT_Security_Camera,30,24,18531,risk_blend_mismatch,0.09843335443970593,0.99833908,0.9183718592964825,0.0296,0.9998
SimpleHome_XCS7_1002_WHT_Security_Camera,30,24,18531,peer_cov_soft,1.0,0.99409072,0.8977025125628141,0.0498,1.0
SimpleHome_XCS7_1002_WHT_Security_Camera,30,24,18531,risk_soft_cov,0.9997329525839399,0.9940907999999999,0.8977065326633166,0.0498,1.0
SimpleHome_XCS7_1002_WHT_Security_Camera,30,24,18531,risk_soft_cov_mismatch,0.2655089881220739,0.994649,0.8971356783919597,0.038,0.9998
SimpleHome_XCS7_1002_WHT_Security_Camera,30,25,9419,shared_oas,1.0,0.9994388,0.9740844221105527,0.1754,1.0
SimpleHome_XCS7_1002_WHT_Security_Camera,30,25,9419,local_oas,0.0,0.9989404,0.9499899497487437,0.1358,1.0
SimpleHome_XCS7_1002_WHT_Security_Camera,30,25,9419,peer_cov_fixed,1.0,0.99833048,0.916462311557789,0.1728,1.0
SimpleHome_XCS7_1002_WHT_Security_Camera,30,25,9419,risk_blend,0.33079405129150175,0.99791132,0.8977628140703517,0.197,1.0
SimpleHome_XCS7_1002_WHT_Security_Camera,30,25,9419,risk_blend_mismatch,0.09253414814057863,0.9979544,0.8985206030150754,0.2164,1.0
SimpleHome_XCS7_1002_WHT_Security_Camera,30,25,9419,peer_cov_soft,1.0,0.9932758,0.8983356783919598,0.146,1.0
SimpleHome_XCS7_1002_WHT_Security_Camera,30,25,9419,risk_soft_cov,0.9996488521854505,0.9932758,0.8983356783919598,0.146,1.0
SimpleHome_XCS7_1002_WHT_Security_Camera,30,25,9419,risk_soft_cov_mismatch,0.27858874421455393,0.99422028,0.8977226130653266,0.1532,1.0
SimpleHome_XCS7_1002_WHT_Security_Camera,30,26,9834,shared_oas,1.0,0.99993512,0.9967396984924624,0.0002,0.9716
SimpleHome_XCS7_1002_WHT_Security_Camera,30,26,9834,local_oas,0.0,0.9999228,0.9961206030150753,0.0,0.0
SimpleHome_XCS7_1002_WHT_Security_Camera,30,26,9834,peer_cov_fixed,1.0,0.99983804,0.9918613065326632,0.0006,0.7984
SimpleHome_XCS7_1002_WHT_Security_Camera,30,26,9834,risk_blend,0.8227499511258417,0.99983828,0.9918733668341708,0.0,0.5732
SimpleHome_XCS7_1002_WHT_Security_Camera,30,26,9834,risk_blend_mismatch,0.2852650090643287,0.99987688,0.993813065326633,0.0,0.0
SimpleHome_XCS7_1002_WHT_Security_Camera,30,26,9834,peer_cov_soft,1.0,0.9997586,0.9878693467336683,0.0014,0.9998
SimpleHome_XCS7_1002_WHT_Security_Camera,30,26,9834,risk_soft_cov,0.9999551829049823,0.9997586,0.9878693467336683,0.0014,0.9998
SimpleHome_XCS7_1002_WHT_Security_Camera,30,26,9834,risk_soft_cov_mismatch,0.317084095916117,0.9998786000000001,0.9938994974874371,0.0,0.7704
SimpleHome_XCS7_1002_WHT_Security_Camera,30,27,13722,shared_oas,1.0,0.99978624,0.9901869346733669,0.0664,1.0
SimpleHome_XCS7_1002_WHT_Security_Camera,30,27,13722,local_oas,0.0,0.9983211999999999,0.9171276381909548,0.0668,1.0
SimpleHome_XCS7_1002_WHT_Security_Camera,30,27,13722,peer_cov_fixed,1.0,0.9981841600000001,0.9091798994974875,0.053,1.0
SimpleHome_XCS7_1002_WHT_Security_Camera,30,27,13722,risk_blend,0.4251443040865883,0.99768652,0.8966190954773869,0.0552,1.0
SimpleHome_XCS7_1002_WHT_Security_Camera,30,27,13722,risk_blend_mismatch,0.11411366634759597,0.99770632,0.8958814070351759,0.0516,1.0
SimpleHome_XCS7_1002_WHT_Security_Camera,30,27,13722,peer_cov_soft,1.0,0.9950114,0.897013065326633,0.0616,1.0
SimpleHome_XCS7_1002_WHT_Security_Camera,30,27,13722,risk_soft_cov,0.999727039059784,0.9950114,0.897013065326633,0.0616,1.0
SimpleHome_XCS7_1002_WHT_Security_Camera,30,27,13722,risk_soft_cov_mismatch,0.25965787636830845,0.99564536,0.8965748743718593,0.0498,1.0
SimpleHome_XCS7_1002_WHT_Security_Camera,30,28,17274,shared_oas,1.0,0.9999560399999999,0.9977909547738694,0.0216,1.0
SimpleHome_XCS7_1002_WHT_Security_Camera,30,28,17274,local_oas,0.0,0.999997,0.9998492462311558,0.0086,1.0
SimpleHome_XCS7_1002_WHT_Security_Camera,30,28,17274,peer_cov_fixed,1.0,0.99987424,0.9936804020100503,0.0158,1.0
SimpleHome_XCS7_1002_WHT_Security_Camera,30,28,17274,risk_blend,0.8089791221867176,0.99991544,0.9957507537688441,0.0322,1.0
SimpleHome_XCS7_1002_WHT_Security_Camera,30,28,17274,risk_blend_mismatch,0.31367826888803624,0.99995632,0.9978050251256281,0.0502,1.0
SimpleHome_XCS7_1002_WHT_Security_Camera,30,28,17274,peer_cov_soft,1.0,0.99971256,0.9855557788944724,0.0264,1.0
SimpleHome_XCS7_1002_WHT_Security_Camera,30,28,17274,risk_soft_cov,0.9999559368410422,0.99971256,0.9855557788944724,0.0264,1.0
SimpleHome_XCS7_1002_WHT_Security_Camera,30,28,17274,risk_soft_cov_mismatch,0.34772838859559235,0.9999574800000001,0.9978633165829146,0.0628,1.0
SimpleHome_XCS7_1002_WHT_Security_Camera,30,29,29800,shared_oas,1.0,0.99988088,0.9940140703517588,1.0,1.0
SimpleHome_XCS7_1002_WHT_Security_Camera,30,29,29800,local_oas,0.0,0.42628296,0.6883356783919597,1.0,1.0
SimpleHome_XCS7_1002_WHT_Security_Camera,30,29,29800,peer_cov_fixed,1.0,0.92358812,0.8599437185929648,1.0,1.0
SimpleHome_XCS7_1002_WHT_Security_Camera,30,29,29800,risk_blend,0.03090388236481294,0.9345894400000001,0.858156783919598,1.0,1.0
SimpleHome_XCS7_1002_WHT_Security_Camera,30,29,29800,risk_blend_mismatch,0.005202030358162551,0.94807656,0.8412783919597989,1.0,1.0
SimpleHome_XCS7_1002_WHT_Security_Camera,30,29,29800,peer_cov_soft,1.0,0.8990377999999999,0.6807195979899497,1.0,1.0
SimpleHome_XCS7_1002_WHT_Security_Camera,30,29,29800,risk_soft_cov,0.9956675744244889,0.8965097999999999,0.6946673366834171,1.0,1.0
SimpleHome_XCS7_1002_WHT_Security_Camera,30,29,29800,risk_soft_cov_mismatch,0.022346370717551613,0.9521395600000001,0.7407899497487437,1.0,1.0
SimpleHome_XCS7_1002_WHT_Security_Camera,100,0,14079,shared_oas,1.0,0.99976696,0.9884804020100504,0.0002,0.78
SimpleHome_XCS7_1002_WHT_Security_Camera,100,0,14079,local_oas,0.0,0.99991068,0.9957045226130653,0.0,0.3448
SimpleHome_XCS7_1002_WHT_Security_Camera,100,0,14079,peer_cov_fixed,1.0,0.9982753999999999,0.9136020100502513,0.0056,0.7916
SimpleHome_XCS7_1002_WHT_Security_Camera,100,0,14079,risk_blend,0.4746750762769204,0.9994916,0.9745346733668341,0.0,0.6844
SimpleHome_XCS7_1002_WHT_Security_Camera,100,0,14079,risk_blend_mismatch,0.16662194174402706,0.99986364,0.9932000000000001,0.0,0.0278
SimpleHome_XCS7_1002_WHT_Security_Camera,100,0,14079,peer_cov_soft,1.0,0.99443872,0.8940020100502513,0.0128,0.792
SimpleHome_XCS7_1002_WHT_Security_Camera,100,0,14079,risk_soft_cov,0.9996481912663704,0.99452172,0.8940020100502513,0.0128,0.792
SimpleHome_XCS7_1002_WHT_Security_Camera,100,0,14079,risk_soft_cov_mismatch,0.36289204072895453,0.9985362,0.9265547738693468,0.0,0.682
SimpleHome_XCS7_1002_WHT_Security_Camera,100,1,9280,shared_oas,1.0,0.99853852,0.9290271356783919,0.0666,1.0
SimpleHome_XCS7_1002_WHT_Security_Camera,100,1,9280,local_oas,0.0,0.99711468,0.8722311557788944,0.0448,1.0
SimpleHome_XCS7_1002_WHT_Security_Camera,100,1,9280,peer_cov_fixed,1.0,0.99687744,0.8953909547738694,0.1398,1.0
SimpleHome_XCS7_1002_WHT_Security_Camera,100,1,9280,risk_blend,0.1452023630626693,0.99659816,0.8925587939698492,0.0912,1.0
SimpleHome_XCS7_1002_WHT_Security_Camera,100,1,9280,risk_blend_mismatch,0.03026636041610567,0.99637568,0.8821849246231155,0.0722,1.0
SimpleHome_XCS7_1002_WHT_Security_Camera,100,1,9280,peer_cov_soft,1.0,0.98898608,0.8924723618090452,0.1376,1.0
SimpleHome_XCS7_1002_WHT_Security_Camera,100,1,9280,risk_soft_cov,0.9971953998033891,0.98915228,0.892540703517588,0.1366,1.0
SimpleHome_XCS7_1002_WHT_Security_Camera,100,1,9280,risk_soft_cov_mismatch,0.10839482408037737,0.9943989599999999,0.8951819095477387,0.0658,1.0
SimpleHome_XCS7_1002_WHT_Security_Camera,100,2,30539,shared_oas,1.0,0.9994474400000001,0.9725266331658292,0.0,0.6026
SimpleHome_XCS7_1002_WHT_Security_Camera,100,2,30539,local_oas,0.0,0.91109188,0.8679839195979899,0.0,0.4964
SimpleHome_XCS7_1002_WHT_Security_Camera,100,2,30539,peer_cov_fixed,1.0,0.99487888,0.8787658291457288,0.0076,0.7702
SimpleHome_XCS7_1002_WHT_Security_Camera,100,2,30539,risk_blend,0.6973996610770685,0.9001216799999999,0.8823658291457286,0.0016,0.746
SimpleHome_XCS7_1002_WHT_Security_Camera,100,2,30539,risk_blend_mismatch,0.1332458464455675,0.80396824,0.8914613065326633,0.0,0.7074
SimpleHome_XCS7_1002_WHT_Security_Camera,100,2,30539,peer_cov_soft,1.0,0.9923297999999999,0.8653286432160805,0.0,0.6046
SimpleHome_XCS7_1002_WHT_Security_Camera,100,2,30539,risk_soft_cov,0.9999553091931684,0.99232972,0.8653226130653267,0.0,0.6046
SimpleHome_XCS7_1002_WHT_Security_Camera,100,2,30539,risk_soft_cov_mismatch,0.15066985072762104,0.8033222,0.8863417085427137,0.0,0.5948
SimpleHome_XCS7_1002_WHT_Security_Camera,100,3,20732,shared_oas,1.0,0.9989395600000001,0.9485507537688442,0.1238,1.0
SimpleHome_XCS7_1002_WHT_Security_Camera,100,3,20732,local_oas,0.0,0.99858592,0.9317226130653267,0.1214,1.0
SimpleHome_XCS7_1002_WHT_Security_Camera,100,3,20732,peer_cov_fixed,1.0,0.99709324,0.9008723618090453,0.148,1.0
SimpleHome_XCS7_1002_WHT_Security_Camera,100,3,20732,risk_blend,0.15650461169320834,0.99679292,0.8962492462311558,0.1414,1.0
SimpleHome_XCS7_1002_WHT_Security_Camera,100,3,20732,risk_blend_mismatch,0.033512966391996135,0.9969578800000001,0.8878713567839196,0.1268,1.0
SimpleHome_XCS7_1002_WHT_Security_Camera,100,3,20732,peer_cov_soft,1.0,0.9903316400000001,0.8983075376884422,0.1358,1.0
SimpleHome_XCS7_1002_WHT_Security_Camera,100,3,20732,risk_soft_cov,0.9984190729826137,0.99033216,0.8983316582914572,0.1356,1.0
SimpleHome_XCS7_1002_WHT_Security_Camera,100,3,20732,risk_soft_cov_mismatch,0.11046602234506289,0.99435264,0.9006653266331659,0.1438,1.0
SimpleHome_XCS7_1002_WHT_Security_Camera,100,4,11668,shared_oas,1.0,0.9994638,0.9731758793969849,0.0188,1.0
SimpleHome_XCS7_1002_WHT_Security_Camera,100,4,11668,local_oas,0.0,0.99964676,0.9824321608040201,0.0144,1.0
SimpleHome_XCS7_1002_WHT_Security_Camera,100,4,11668,peer_cov_fixed,1.0,0.99846948,0.9232763819095477,0.007,0.8
SimpleHome_XCS7_1002_WHT_Security_Camera,100,4,11668,risk_blend,0.5250474979408489,0.99967748,0.9837929648241206,0.0098,1.0
SimpleHome_XCS7_1002_WHT_Security_Camera,100,4,11668,risk_blend_mismatch,0.173734015808666,0.99971444,0.9856502512562815,0.0126,1.0
SimpleHome_XCS7_1002_WHT_Security_Camera,100,4,11668,peer_cov_soft,1.0,0.99473396,0.8981306532663317,0.0044,0.7994
SimpleHome_XCS7_1002_WHT_Security_Camera,100,4,11668,risk_soft_cov,0.9996941365506047,0.9947347599999999,0.8981608040201006,0.0044,0.7994
SimpleHome_XCS7_1002_WHT_Security_Camera,100,4,11668,risk_soft_cov_mismatch,0.32783389657698,0.9993566,0.9676683417085428,0.0112,1.0
SimpleHome_XCS7_1002_WHT_Security_Camera,100,5,10234,shared_oas,1.0,0.9996562,0.982729648241206,0.0276,1.0
SimpleHome_XCS7_1002_WHT_Security_Camera,100,5,10234,local_oas,0.0,0.99990244,0.995097487437186,0.0214,1.0
SimpleHome_XCS7_1002_WHT_Security_Camera,100,5,10234,peer_cov_fixed,1.0,0.9991152400000001,0.9557165829145728,0.01,0.9998
SimpleHome_XCS7_1002_WHT_Security_Camera,100,5,10234,risk_blend,0.4997675074701924,0.99959344,0.9795959798994975,0.005,0.9998
SimpleHome_XCS7_1002_WHT_Security_Camera,100,5,10234,risk_blend_mismatch,0.15645390215044694,0.99966488,0.983159798994975,0.0204,1.0
SimpleHome_XCS7_1002_WHT_Security_Camera,100,5,10234,peer_cov_soft,1.0,0.9967246000000001,0.8994653266331658,0.0062,0.8006
SimpleHome_XCS7_1002_WHT_Security_Camera,100,5,10234,risk_soft_cov,0.9997742734967433,0.99676432,0.8994633165829147,0.0062,0.8006
SimpleHome_XCS7_1002_WHT_Security_Camera,100,5,10234,risk_soft_cov_mismatch,0.23183617671456822,0.99961644,0.9808180904522613,0.0264,1.0
SimpleHome_XCS7_1002_WHT_Security_Camera,100,6,23987,shared_oas,1.0,0.9993683999999999,0.9706492462311558,0.1016,1.0
SimpleHome_XCS7_1002_WHT_Security_Camera,100,6,23987,local_oas,0.0,0.99902036,0.9549829145728643,0.1024,1.0
SimpleHome_XCS7_1002_WHT_Security_Camera,100,6,23987,peer_cov_fixed,1.0,0.99612544,0.8975296482412061,0.1014,1.0
SimpleHome_XCS7_1002_WHT_Security_Camera,100,6,23987,risk_blend,0.1859396820280434,0.99574,0.8949346733668342,0.0864,1.0
SimpleHome_XCS7_1002_WHT_Security_Camera,100,6,23987,risk_blend_mismatch,0.039358253222484464,0.99579368,0.8878291457286432,0.083,1.0
SimpleHome_XCS7_1002_WHT_Security_Camera,100,6,23987,peer_cov_soft,1.0,0.99016188,0.8961969849246232,0.1174,1.0
SimpleHome_XCS7_1002_WHT_Security_Camera,100,6,23987,risk_soft_cov,0.9981912833447023,0.9902028,0.8962311557788945,0.1176,1.0
SimpleHome_XCS7_1002_WHT_Security_Camera,100,6,23987,risk_soft_cov_mismatch,0.12339777076767802,0.9936174799999999,0.8980100502512562,0.0824,1.0
SimpleHome_XCS7_1002_WHT_Security_Camera,100,7,29417,shared_oas,1.0,0.99889324,0.9455819095477387,0.1636,1.0
SimpleHome_XCS7_1002_WHT_Security_Camera,100,7,29417,local_oas,0.0,0.99846952,0.9276703517587941,0.7564,1.0
SimpleHome_XCS7_1002_WHT_Security_Camera,100,7,29417,peer_cov_fixed,1.0,0.99597276,0.8992442211055276,0.1614,1.0
SimpleHome_XCS7_1002_WHT_Security_Camera,100,7,29417,risk_blend,0.2058824884994619,0.99649796,0.8960663316582914,0.186,1.0
SimpleHome_XCS7_1002_WHT_Security_Camera,100,7,29417,risk_blend_mismatch,0.04229147950851015,0.9985858,0.9296241206030151,0.2988,1.0
SimpleHome_XCS7_1002_WHT_Security_Camera,100,7,29417,peer_cov_soft,1.0,0.99032128,0.8995819095477386,0.1524,1.0
SimpleHome_XCS7_1002_WHT_Security_Camera,100,7,29417,risk_soft_cov,0.9983496790912678,0.9904004399999999,0.8995899497487436,0.1522,1.0
SimpleHome_XCS7_1002_WHT_Security_Camera,100,7,29417,risk_soft_cov_mismatch,0.12047714771347198,0.99405684,0.900219095477387,0.1274,1.0
SimpleHome_XCS7_1002_WHT_Security_Camera,100,8,19847,shared_oas,1.0,0.99852556,0.9278432160804021,0.3164,1.0
SimpleHome_XCS7_1002_WHT_Security_Camera,100,8,19847,local_oas,0.0,0.9963162,0.8240964824120602,0.4224,1.0
SimpleHome_XCS7_1002_WHT_Security_Camera,100,8,19847,peer_cov_fixed,1.0,0.99563024,0.8970693467336683,0.1032,1.0
SimpleHome_XCS7_1002_WHT_Security_Camera,100,8,19847,risk_blend,0.19854659048992304,0.9956794,0.8939638190954774,0.22,1.0
SimpleHome_XCS7_1002_WHT_Security_Camera,100,8,19847,risk_blend_mismatch,0.0369071331282348,0.9960432800000001,0.8825849246231157,0.3258,1.0
SimpleHome_XCS7_1002_WHT_Security_Camera,100,8,19847,peer_cov_soft,1.0,0.98992992,0.8955356783919598,0.1252,1.0
SimpleHome_XCS7_1002_WHT_Security_Camera,100,8,19847,risk_soft_cov,0.9981782775527097,0.98993044,0.8955477386934673,0.1234,1.0
SimpleHome_XCS7_1002_WHT_Security_Camera,100,8,19847,risk_soft_cov_mismatch,0.09110447640562216,0.99409004,0.897153768844221,0.2006,1.0
SimpleHome_XCS7_1002_WHT_Security_Camera,100,9,21331,shared_oas,1.0,0.99833608,0.9184,0.052,1.0
SimpleHome_XCS7_1002_WHT_Security_Camera,100,9,21331,local_oas,0.0,0.9970243599999999,0.8840582914572865,0.0492,1.0
SimpleHome_XCS7_1002_WHT_Security_Camera,100,9,21331,peer_cov_fixed,1.0,0.99616996,0.8994793969849246,0.0552,1.0
SimpleHome_XCS7_1002_WHT_Security_Camera,100,9,21331,risk_blend,0.1915581210901532,0.9967375199999999,0.8971075376884422,0.0462,1.0
SimpleHome_XCS7_1002_WHT_Security_Camera,100,9,21331,risk_blend_mismatch,0.03682025999797725,0.99597664,0.8905748743718593,0.0472,1.0
SimpleHome_XCS7_1002_WHT_Security_Camera,100,9,21331,peer_cov_soft,1.0,0.9905678,0.898470351758794,0.044,0.8034
SimpleHome_XCS7_1002_WHT_Security_Camera,100,9,21331,risk_soft_cov,0.9988855820535106,0.99060764,0.8984663316582915,0.044,0.8034
SimpleHome_XCS7_1002_WHT_Security_Camera,100,9,21331,risk_soft_cov_mismatch,0.08655685977226707,0.9944772000000001,0.8984201005025125,0.0452,1.0
SimpleHome_XCS7_1002_WHT_Security_Camera,100,10,27644,shared_oas,1.0,0.9990806,0.9557206030150753,0.1144,1.0
SimpleHome_XCS7_1002_WHT_Security_Camera,100,10,27644,local_oas,0.0,0.9988037599999999,0.9427839195979899,0.1108,1.0
SimpleHome_XCS7_1002_WHT_Security_Camera,100,10,27644,peer_cov_fixed,1.0,0.99625872,0.896124623115578,0.1528,1.0
SimpleHome_XCS7_1002_WHT_Security_Camera,100,10,27644,risk_blend,0.2001767485479747,0.9967050000000001,0.8926994974874372,0.14,1.0
SimpleHome_XCS7_1002_WHT_Security_Camera,100,10,27644,risk_blend_mismatch,0.03889396319166648,0.99730204,0.8864060301507537,0.1298,1.0
SimpleHome_XCS7_1002_WHT_Security_Camera,100,10,27644,peer_cov_soft,1.0,0.99117024,0.8963798994974874,0.144,1.0
SimpleHome_XCS7_1002_WHT_Security_Camera,100,10,27644,risk_soft_cov,0.9989735011604685,0.9912105999999999,0.8963738693467336,0.144,1.0
SimpleHome_XCS7_1002_WHT_Security_Camera,100,10,27644,risk_soft_cov_mismatch,0.0929312403426717,0.99458744,0.896124623115578,0.112,1.0
SimpleHome_XCS7_1002_WHT_Security_Camera,100,11,666,shared_oas,1.0,0.99977972,0.9889306532663317,0.0054,1.0
SimpleHome_XCS7_1002_WHT_Security_Camera,100,11,666,local_oas,0.0,0.99990632,0.9952924623115578,0.0044,1.0
SimpleHome_XCS7_1002_WHT_Security_Camera,100,11,666,peer_cov_fixed,1.0,0.99897976,0.9487557788944724,0.0122,0.9998
SimpleHome_XCS7_1002_WHT_Security_Camera,100,11,666,risk_blend,0.5935647039537931,0.99967116,0.9834753768844222,0.0058,1.0
SimpleHome_XCS7_1002_WHT_Security_Camera,100,11,666,risk_blend_mismatch,0.2679818449842574,0.99975008,0.9874412060301507,0.0044,1.0
SimpleHome_XCS7_1002_WHT_Security_Camera,100,11,666,peer_cov_soft,1.0,0.99722752,0.8972361809045226,0.0144,0.9998
SimpleHome_XCS7_1002_WHT_Security_Camera,100,11,666,risk_soft_cov,0.9998887788982042,0.9972274799999999,0.8972341708542714,0.0144,0.9998
SimpleHome_XCS7_1002_WHT_Security_Camera,100,11,666,risk_soft_cov_mismatch,0.3774194816361813,0.99971252,0.9855537688442211,0.0046,1.0
SimpleHome_XCS7_1002_WHT_Security_Camera,100,12,11688,shared_oas,1.0,0.99953828,0.9767999999999999,0.0018,0.9984
SimpleHome_XCS7_1002_WHT_Security_Camera,100,12,11688,local_oas,0.0,0.99970804,0.9853306532663317,0.0,0.418
SimpleHome_XCS7_1002_WHT_Security_Camera,100,12,11688,peer_cov_fixed,1.0,0.99832324,0.9161527638190954,0.0034,0.7916
SimpleHome_XCS7_1002_WHT_Security_Camera,100,12,11688,risk_blend,0.518813145630934,0.9996634799999999,0.983137688442211,0.0,0.7128
SimpleHome_XCS7_1002_WHT_Security_Camera,100,12,11688,risk_blend_mismatch,0.16929571489094564,0.99974728,0.9873085427135678,0.0,0.227
SimpleHome_XCS7_1002_WHT_Security_Camera,100,12,11688,peer_cov_soft,1.0,0.99490308,0.8946170854271356,0.0024,0.7908
SimpleHome_XCS7_1002_WHT_Security_Camera,100,12,11688,risk_soft_cov,0.9997604074002584,0.99494512,0.8946311557788944,0.0024,0.7908
SimpleHome_XCS7_1002_WHT_Security_Camera,100,12,11688,risk_soft_cov_mismatch,0.3104572730313518,0.99949816,0.9747939698492463,0.0,0.6706
SimpleHome_XCS7_1002_WHT_Security_Camera,100,13,14250,shared_oas,1.0,0.8746618399999999,0.851529648241206,0.0,0.505
SimpleHome_XCS7_1002_WHT_Security_Camera,100,13,14250,local_oas,0.0,0.87300264,0.847051256281407,0.0,0.4818
SimpleHome_XCS7_1002_WHT_Security_Camera,100,13,14250,peer_cov_fixed,1.0,0.9925539200000001,0.8802291457286433,0.0022,0.7468
SimpleHome_XCS7_1002_WHT_Security_Camera,100,13,14250,risk_blend,0.8282956258786851,0.87182176,0.8806532663316583,0.0116,0.7938
SimpleHome_XCS7_1002_WHT_Security_Camera,100,13,14250,risk_blend_mismatch,0.20460093062032844,0.87173508,0.8715135678391961,0.0,0.6048
SimpleHome_XCS7_1002_WHT_Security_Camera,100,13,14250,peer_cov_soft,1.0,0.98953956,0.8761587939698492,0.0,0.6878
SimpleHome_XCS7_1002_WHT_Security_Camera,100,13,14250,risk_soft_cov,0.9999699173569767,0.9894985199999999,0.8761206030150753,0.0,0.6884
SimpleHome_XCS7_1002_WHT_Security_Camera,100,13,14250,risk_soft_cov_mismatch,0.21779759337063062,0.8719452000000001,0.8679477386934673,0.0,0.543
SimpleHome_XCS7_1002_WHT_Security_Camera,100,14,4686,shared_oas,1.0,0.99859412,0.9327417085427134,0.0954,1.0
SimpleHome_XCS7_1002_WHT_Security_Camera,100,14,4686,local_oas,0.0,0.9964868800000001,0.8435497487437187,0.0966,1.0
SimpleHome_XCS7_1002_WHT_Security_Camera,100,14,4686,peer_cov_fixed,1.0,0.9965803599999999,0.897405025125628,0.1884,1.0
SimpleHome_XCS7_1002_WHT_Security_Camera,100,14,4686,risk_blend,0.1472366393179857,0.9957252,0.8938874371859297,0.1126,1.0
SimpleHome_XCS7_1002_WHT_Security_Camera,100,14,4686,risk_blend_mismatch,0.031203345852300245,0.99556564,0.87278391959799,0.0918,1.0
SimpleHome_XCS7_1002_WHT_Security_Camera,100,14,4686,peer_cov_soft,1.0,0.98890344,0.8948582914572865,0.1038,1.0
SimpleHome_XCS7_1002_WHT_Security_Camera,100,14,4686,risk_soft_cov,0.9983241254465196,0.9889098000000001,0.8951718592964825,0.1018,1.0
SimpleHome_XCS7_1002_WHT_Security_Camera,100,14,4686,risk_soft_cov_mismatch,0.10178040174379174,0.99380872,0.8964482412060302,0.1184,1.0
SimpleHome_XCS7_1002_WHT_Security_Camera,100,15,11310,shared_oas,1.0,0.99957976,0.9807819095477387,0.088,1.0
SimpleHome_XCS7_1002_WHT_Security_Camera,100,15,11310,local_oas,0.0,0.99903168,0.9559195979899499,0.0888,1.0
SimpleHome_XCS7_1002_WHT_Security_Camera,100,15,11310,peer_cov_fixed,1.0,0.99631332,0.8998874371859296,0.0944,1.0
SimpleHome_XCS7_1002_WHT_Security_Camera,100,15,11310,risk_blend,0.15162449257466137,0.9965536,0.8970030150753769,0.0674,1.0
SimpleHome_XCS7_1002_WHT_Security_Camera,100,15,11310,risk_blend_mismatch,0.0316882556918803,0.99672232,0.8823758793969849,0.072,1.0
SimpleHome_XCS7_1002_WHT_Security_Camera,100,15,11310,peer_cov_soft,1.0,0.98991736,0.8994050251256281,0.1092,1.0
SimpleHome_XCS7_1002_WHT_Security_Camera,100,15,11310,risk_soft_cov,0.9968100961957865,0.9900011999999999,0.8996241206030151,0.108,1.0
SimpleHome_XCS7_1002_WHT_Security_Camera,100,15,11310,risk_soft_cov_mismatch,0.11439626617749696,0.99526064,0.9005587939698492,0.0618,1.0
SimpleHome_XCS7_1002_WHT_Security_Camera,100,16,3600,shared_oas,1.0,0.9993052,0.9676582914572864,0.1684,1.0
SimpleHome_XCS7_1002_WHT_Security_Camera,100,16,3600,local_oas,0.0,0.99881008,0.9450010050251256,0.1696,1.0
SimpleHome_XCS7_1002_WHT_Security_Camera,100,16,3600,peer_cov_fixed,1.0,0.9966065599999999,0.9017346733668342,0.2508,1.0
SimpleHome_XCS7_1002_WHT_Security_Camera,100,16,3600,risk_blend,0.16282034995622566,0.99561564,0.8990170854271357,0.1702,1.0
SimpleHome_XCS7_1002_WHT_Security_Camera,100,16,3600,risk_blend_mismatch,0.034935114506715936,0.99548948,0.8878673366834171,0.1542,1.0
SimpleHome_XCS7_1002_WHT_Security_Camera,100,16,3600,peer_cov_soft,1.0,0.98946296,0.899851256281407,0.2208,1.0
SimpleHome_XCS7_1002_WHT_Security_Camera,100,16,3600,risk_soft_cov,0.9976597154752525,0.98954016,0.8998532663316583,0.2184,1.0
SimpleHome_XCS7_1002_WHT_Security_Camera,100,16,3600,risk_soft_cov_mismatch,0.1276407746041053,0.99224912,0.9022050251256282,0.1606,1.0
SimpleHome_XCS7_1002_WHT_Security_Camera,100,17,21282,shared_oas,1.0,0.99933944,0.968024120603015,0.1008,1.0
SimpleHome_XCS7_1002_WHT_Security_Camera,100,17,21282,local_oas,0.0,0.99893852,0.9490974874371859,0.1418,1.0
SimpleHome_XCS7_1002_WHT_Security_Camera,100,17,21282,peer_cov_fixed,1.0,0.99611024,0.9010391959798996,0.0676,1.0
SimpleHome_XCS7_1002_WHT_Security_Camera,100,17,21282,risk_blend,0.1916029205364999,0.99622676,0.8994733668341709,0.0812,1.0
SimpleHome_XCS7_1002_WHT_Security_Camera,100,17,21282,risk_blend_mismatch,0.0359939966202275,0.99651892,0.8931939698492461,0.0888,1.0
SimpleHome_XCS7_1002_WHT_Security_Camera,100,17,21282,peer_cov_soft,1.0,0.9909286,0.9003055276381909,0.0284,0.8044
SimpleHome_XCS7_1002_WHT_Security_Camera,100,17,21282,risk_soft_cov,0.9983947729595328,0.9910078,0.9003517587939698,0.0288,0.8044
SimpleHome_XCS7_1002_WHT_Security_Camera,100,17,21282,risk_soft_cov_mismatch,0.0895418611656974,0.99445284,0.9007356783919598,0.071,1.0
SimpleHome_XCS7_1002_WHT_Security_Camera,100,18,20994,shared_oas,1.0,0.99591268,0.8883417085427135,0.0404,1.0
SimpleHome_XCS7_1002_WHT_Security_Camera,100,18,20994,local_oas,0.0,0.99443492,0.8718190954773869,0.0336,1.0
SimpleHome_XCS7_1002_WHT_Security_Camera,100,18,20994,peer_cov_fixed,1.0,0.99606216,0.9006753768844221,0.0582,1.0
SimpleHome_XCS7_1002_WHT_Security_Camera,100,18,20994,risk_blend,0.16627787819499681,0.9961572000000001,0.8982391959798994,0.041,1.0
SimpleHome_XCS7_1002_WHT_Security_Camera,100,18,20994,risk_blend_mismatch,0.036407706885899095,0.9958638,0.8917829145728643,0.0398,1.0
SimpleHome_XCS7_1002_WHT_Security_Camera,100,18,20994,peer_cov_soft,1.0,0.99093264,0.8953246231155779,0.0726,1.0
SimpleHome_XCS7_1002_WHT_Security_Camera,100,18,20994,risk_soft_cov,0.9991919268181286,0.9909338400000001,0.8953788944723619,0.0712,1.0
SimpleHome_XCS7_1002_WHT_Security_Camera,100,18,20994,risk_soft_cov_mismatch,0.09617362581572915,0.99445564,0.8924201005025125,0.04,1.0
SimpleHome_XCS7_1002_WHT_Security_Camera,100,19,20113,shared_oas,1.0,0.99910068,0.9566954773869347,0.1082,1.0
SimpleHome_XCS7_1002_WHT_Security_Camera,100,19,20113,local_oas,0.0,0.99743912,0.875764824120603,0.1116,1.0
SimpleHome_XCS7_1002_WHT_Security_Camera,100,19,20113,peer_cov_fixed,1.0,0.99617708,0.9025045226130654,0.1664,1.0
SimpleHome_XCS7_1002_WHT_Security_Camera,100,19,20113,risk_blend,0.14629700114053185,0.9959266,0.9005688442211055,0.1182,1.0
SimpleHome_XCS7_1002_WHT_Security_Camera,100,19,20113,risk_blend_mismatch,0.030494596926098558,0.9961614000000001,0.8898412060301508,0.1004,1.0
SimpleHome_XCS7_1002_WHT_Security_Camera,100,19,20113,peer_cov_soft,1.0,0.98947204,0.8992381909547739,0.1732,1.0
SimpleHome_XCS7_1002_WHT_Security_Camera,100,19,20113,risk_soft_cov,0.9975905164894799,0.98959448,0.8996020100502513,0.1714,1.0
SimpleHome_XCS7_1002_WHT_Security_Camera,100,19,20113,risk_soft_cov_mismatch,0.10601060146213082,0.99433832,0.9028824120603016,0.1098,1.0
SimpleHome_XCS7_1002_WHT_Security_Camera,100,20,12808,shared_oas,1.0,0.9994102,0.9738894472361809,0.1036,1.0
SimpleHome_XCS7_1002_WHT_Security_Camera,100,20,12808,local_oas,0.0,0.99882132,0.9474170854271358,0.106,1.0
SimpleHome_XCS7_1002_WHT_Security_Camera,100,20,12808,peer_cov_fixed,1.0,0.99572184,0.8952562814070352,0.1382,1.0
SimpleHome_XCS7_1002_WHT_Security_Camera,100,20,12808,risk_blend,0.13985176091421836,0.9962342799999999,0.8932020100502513,0.0906,1.0
SimpleHome_XCS7_1002_WHT_Security_Camera,100,20,12808,risk_blend_mismatch,0.029767057187546714,0.99660948,0.8842291457286432,0.0896,1.0
SimpleHome_XCS7_1002_WHT_Security_Camera,100,20,12808,peer_cov_soft,1.0,0.98847824,0.8917788944723618,0.0502,0.7942
SimpleHome_XCS7_1002_WHT_Security_Camera,100,20,12808,risk_soft_cov,0.9979530215923902,0.98853364,0.8924361809045227,0.05,0.7942
SimpleHome_XCS7_1002_WHT_Security_Camera,100,20,12808,risk_soft_cov_mismatch,0.10299387635427011,0.99352252,0.8946914572864322,0.0834,1.0
SimpleHome_XCS7_1002_WHT_Security_Camera,100,21,5893,shared_oas,1.0,0.9991998,0.9621346733668342,0.2318,1.0
SimpleHome_XCS7_1002_WHT_Security_Camera,100,21,5893,local_oas,0.0,0.9978452,0.8970572864321609,0.312,1.0
SimpleHome_XCS7_1002_WHT_Security_Camera,100,21,5893,peer_cov_fixed,1.0,0.9958309999999999,0.8940723618090451,0.121,1.0
SimpleHome_XCS7_1002_WHT_Security_Camera,100,21,5893,risk_blend,0.20041681817259355,0.99604264,0.892870351758794,0.188,1.0
SimpleHome_XCS7_1002_WHT_Security_Camera,100,21,5893,risk_blend_mismatch,0.03727708434140893,0.9960891199999999,0.8809949748743718,0.2178,1.0
SimpleHome_XCS7_1002_WHT_Security_Camera,100,21,5893,peer_cov_soft,1.0,0.98970912,0.8929929648241206,0.1242,1.0
SimpleHome_XCS7_1002_WHT_Security_Camera,100,21,5893,risk_soft_cov,0.9979679281966933,0.9897507200000001,0.8930010050251256,0.1218,1.0
SimpleHome_XCS7_1002_WHT_Security_Camera,100,21,5893,risk_soft_cov_mismatch,0.09342641342716801,0.99397792,0.8946150753768844,0.1318,1.0
SimpleHome_XCS7_1002_WHT_Security_Camera,100,22,9271,shared_oas,1.0,0.99923752,0.9640281407035176,0.3222,1.0
SimpleHome_XCS7_1002_WHT_Security_Camera,100,22,9271,local_oas,0.0,0.9979383199999999,0.900918592964824,0.3414,1.0
SimpleHome_XCS7_1002_WHT_Security_Camera,100,22,9271,peer_cov_fixed,1.0,0.9964221600000001,0.8962914572864322,0.158,1.0
SimpleHome_XCS7_1002_WHT_Security_Camera,100,22,9271,risk_blend,0.14374538461031997,0.9962876,0.8926251256281408,0.201,1.0
SimpleHome_XCS7_1002_WHT_Security_Camera,100,22,9271,risk_blend_mismatch,0.03006844096191282,0.99686512,0.8835899497487437,0.2728,1.0
SimpleHome_XCS7_1002_WHT_Security_Camera,100,22,9271,peer_cov_soft,1.0,0.9893673199999999,0.8932723618090452,0.1434,1.0
SimpleHome_XCS7_1002_WHT_Security_Camera,100,22,9271,risk_soft_cov,0.9979049191110092,0.98936808,0.8932884422110553,0.1432,1.0
SimpleHome_XCS7_1002_WHT_Security_Camera,100,22,9271,risk_soft_cov_mismatch,0.10283217172834616,0.9942915999999999,0.8963276381909548,0.192,1.0
SimpleHome_XCS7_1002_WHT_Security_Camera,100,23,10137,shared_oas,1.0,0.99946204,0.973208040201005,0.0312,1.0
SimpleHome_XCS7_1002_WHT_Security_Camera,100,23,10137,local_oas,0.0,0.99968116,0.9839778894472362,0.0296,1.0
SimpleHome_XCS7_1002_WHT_Security_Camera,100,23,10137,peer_cov_fixed,1.0,0.99881256,0.940329648241206,0.0078,1.0
SimpleHome_XCS7_1002_WHT_Security_Camera,100,23,10137,risk_blend,0.480606116141883,0.99961592,0.9806994974874372,0.027,1.0
SimpleHome_XCS7_1002_WHT_Security_Camera,100,23,10137,risk_blend_mismatch,0.2002168705333362,0.99974208,0.9870391959798994,0.0286,1.0
SimpleHome_XCS7_1002_WHT_Security_Camera,100,23,10137,peer_cov_soft,1.0,0.9932333999999999,0.8927939698492462,0.0036,0.7888
SimpleHome_XCS7_1002_WHT_Security_Camera,100,23,10137,risk_soft_cov,0.9998428992733885,0.9932755999999999,0.8927979899497488,0.0036,0.7888
SimpleHome_XCS7_1002_WHT_Security_Camera,100,23,10137,risk_soft_cov_mismatch,0.33583960375618366,0.9996474399999999,0.9822834170854271,0.026,1.0
SimpleHome_XCS7_1002_WHT_Security_Camera,100,24,6615,shared_oas,1.0,0.99879948,0.9424080402010051,0.1028,1.0
SimpleHome_XCS7_1002_WHT_Security_Camera,100,24,6615,local_oas,0.0,0.99690576,0.8533226130653266,0.157,1.0
SimpleHome_XCS7_1002_WHT_Security_Camera,100,24,6615,peer_cov_fixed,1.0,0.99622924,0.8955055276381909,0.087,1.0
SimpleHome_XCS7_1002_WHT_Security_Camera,100,24,6615,risk_blend,0.21772594734427445,0.99599768,0.892659296482412,0.1064,1.0
SimpleHome_XCS7_1002_WHT_Security_Camera,100,24,6615,risk_blend_mismatch,0.043192294423764,0.9953922000000001,0.8815356783919598,0.1132,1.0
SimpleHome_XCS7_1002_WHT_Security_Camera,100,24,6615,peer_cov_soft,1.0,0.99047496,0.8947015075376884,0.0716,1.0
SimpleHome_XCS7_1002_WHT_Security_Camera,100,24,6615,risk_soft_cov,0.9984713182473761,0.9905582,0.8947678391959799,0.0706,1.0
SimpleHome_XCS7_1002_WHT_Security_Camera,100,24,6615,risk_soft_cov_mismatch,0.11077841116541785,0.99397488,0.8958311557788945,0.063,1.0
SimpleHome_XCS7_1002_WHT_Security_Camera,100,25,12752,shared_oas,1.0,0.99986004,0.9933587939698492,0.0118,0.9976
SimpleHome_XCS7_1002_WHT_Security_Camera,100,25,12752,local_oas,0.0,0.99982772,0.9919316582914572,0.0008,0.9916
SimpleHome_XCS7_1002_WHT_Security_Camera,100,25,12752,peer_cov_fixed,1.0,0.9968876799999999,0.904345728643216,0.0076,0.8112
SimpleHome_XCS7_1002_WHT_Security_Camera,100,25,12752,risk_blend,0.16011843916811688,0.9996166799999999,0.980737688442211,0.0022,0.9986
SimpleHome_XCS7_1002_WHT_Security_Camera,100,25,12752,risk_blend_mismatch,0.036791831103788135,0.99987172,0.9936120603015075,0.0002,0.809
SimpleHome_XCS7_1002_WHT_Security_Camera,100,25,12752,peer_cov_soft,1.0,0.990229,0.9031658291457286,0.009,0.8106
SimpleHome_XCS7_1002_WHT_Security_Camera,100,25,12752,risk_soft_cov,0.9971479145878721,0.99042612,0.9035758793969849,0.009,0.8106
SimpleHome_XCS7_1002_WHT_Security_Camera,100,25,12752,risk_soft_cov_mismatch,0.1436886416660973,0.9970564399999999,0.9051396984924622,0.0,0.789
SimpleHome_XCS7_1002_WHT_Security_Camera,100,26,7098,shared_oas,1.0,0.99904472,0.9543879396984924,0.0736,1.0
SimpleHome_XCS7_1002_WHT_Security_Camera,100,26,7098,local_oas,0.0,0.99907488,0.9559035175879396,0.0568,1.0
SimpleHome_XCS7_1002_WHT_Security_Camera,100,26,7098,peer_cov_fixed,1.0,0.9962690399999999,0.8988100502512564,0.056,1.0
SimpleHome_XCS7_1002_WHT_Security_Camera,100,26,7098,risk_blend,0.1515318255872379,0.9974405999999999,0.8965165829145729,0.0588,1.0
SimpleHome_XCS7_1002_WHT_Security_Camera,100,26,7098,risk_blend_mismatch,0.032595702555619034,0.99871536,0.937318592964824,0.0586,1.0
SimpleHome_XCS7_1002_WHT_Security_Camera,100,26,7098,peer_cov_soft,1.0,0.98990188,0.8969025125628141,0.1108,1.0
SimpleHome_XCS7_1002_WHT_Security_Camera,100,26,7098,risk_soft_cov,0.9982311134331351,0.98994176,0.8969045226130653,0.1098,1.0
SimpleHome_XCS7_1002_WHT_Security_Camera,100,26,7098,risk_soft_cov_mismatch,0.10575560730838611,0.99415944,0.8988522613065326,0.0608,1.0
SimpleHome_XCS7_1002_WHT_Security_Camera,100,27,29601,shared_oas,1.0,0.99915956,0.9600060301507538,0.1382,1.0
SimpleHome_XCS7_1002_WHT_Security_Camera,100,27,29601,local_oas,0.0,0.9965293999999999,0.8346753768844221,0.2932,1.0
SimpleHome_XCS7_1002_WHT_Security_Camera,100,27,29601,peer_cov_fixed,1.0,0.9967996,0.9006753768844221,0.149,1.0
SimpleHome_XCS7_1002_WHT_Security_Camera,100,27,29601,risk_blend,0.20247578284727358,0.996791,0.898886432160804,0.1694,1.0
SimpleHome_XCS7_1002_WHT_Security_Camera,100,27,29601,risk_blend_mismatch,0.03773166166473415,0.99625604,0.8866874371859297,0.1722,1.0
SimpleHome_XCS7_1002_WHT_Security_Camera,100,27,29601,peer_cov_soft,1.0,0.99067404,0.8993005025125629,0.1116,1.0
SimpleHome_XCS7_1002_WHT_Security_Camera,100,27,29601,risk_soft_cov,0.9985101483649956,0.99067552,0.899372864321608,0.1102,1.0
SimpleHome_XCS7_1002_WHT_Security_Camera,100,27,29601,risk_soft_cov_mismatch,0.09088945581078037,0.99370048,0.9006532663316583,0.0926,1.0
SimpleHome_XCS7_1002_WHT_Security_Camera,100,28,19061,shared_oas,1.0,0.99909176,0.9570713567839195,0.0806,1.0
SimpleHome_XCS7_1002_WHT_Security_Camera,100,28,19061,local_oas,0.0,0.9988273200000001,0.9470391959798995,0.0838,1.0
SimpleHome_XCS7_1002_WHT_Security_Camera,100,28,19061,peer_cov_fixed,1.0,0.995571,0.8935316582914573,0.1092,1.0
SimpleHome_XCS7_1002_WHT_Security_Camera,100,28,19061,risk_blend,0.2066425504043121,0.99660132,0.8918713567839196,0.0756,1.0
SimpleHome_XCS7_1002_WHT_Security_Camera,100,28,19061,risk_blend_mismatch,0.04089589853502141,0.9984314,0.9237668341708543,0.0764,1.0
SimpleHome_XCS7_1002_WHT_Security_Camera,100,28,19061,peer_cov_soft,1.0,0.98947644,0.8930814070351758,0.101,1.0
SimpleHome_XCS7_1002_WHT_Security_Camera,100,28,19061,risk_soft_cov,0.9984307323453894,0.9895602,0.8930914572864321,0.0976,1.0
SimpleHome_XCS7_1002_WHT_Security_Camera,100,28,19061,risk_soft_cov_mismatch,0.106151951514555,0.99320584,0.8940221105527638,0.0584,1.0
SimpleHome_XCS7_1002_WHT_Security_Camera,100,29,19931,shared_oas,1.0,0.9969383199999999,0.8907115577889446,0.0496,1.0
SimpleHome_XCS7_1002_WHT_Security_Camera,100,29,19931,local_oas,0.0,0.9954805600000001,0.8827336683417086,0.0416,1.0
SimpleHome_XCS7_1002_WHT_Security_Camera,100,29,19931,peer_cov_fixed,1.0,0.99624832,0.8974874371859296,0.0556,1.0
SimpleHome_XCS7_1002_WHT_Security_Camera,100,29,19931,risk_blend,0.19860920152374326,0.99604132,0.8957487437185929,0.04,1.0
SimpleHome_XCS7_1002_WHT_Security_Camera,100,29,19931,risk_blend_mismatch,0.043095359352629786,0.99561752,0.8889889447236181,0.0392,1.0
SimpleHome_XCS7_1002_WHT_Security_Camera,100,29,19931,peer_cov_soft,1.0,0.99092764,0.8961929648241207,0.0718,1.0
SimpleHome_XCS7_1002_WHT_Security_Camera,100,29,19931,risk_soft_cov,0.9990892795552646,0.9909277200000001,0.8961969849246232,0.0702,1.0
SimpleHome_XCS7_1002_WHT_Security_Camera,100,29,19931,risk_soft_cov_mismatch,0.11716674116548466,0.9945012799999999,0.8954874371859296,0.0472,1.0
SimpleHome_XCS7_1002_WHT_Security_Camera,300,0,19135,shared_oas,1.0,0.9753218,0.5214854271356784,0.0,0.0
SimpleHome_XCS7_1002_WHT_Security_Camera,300,0,19135,local_oas,0.0,0.9786833199999999,0.5808361809045226,0.0,0.0
SimpleHome_XCS7_1002_WHT_Security_Camera,300,0,19135,peer_cov_fixed,1.0,0.9937292,0.8787678391959799,0.009,0.7966
SimpleHome_XCS7_1002_WHT_Security_Camera,300,0,19135,risk_blend,0.8382337957313328,0.99284412,0.8672040201005025,0.0,0.0
SimpleHome_XCS7_1002_WHT_Security_Camera,300,0,19135,risk_blend_mismatch,0.07088594411545648,0.9815274399999999,0.6373547738693468,0.0,0.0
SimpleHome_XCS7_1002_WHT_Security_Camera,300,0,19135,peer_cov_soft,1.0,0.99304344,0.8728060301507538,0.0,0.4914
SimpleHome_XCS7_1002_WHT_Security_Camera,300,0,19135,risk_soft_cov,0.999965512639159,0.99304344,0.8728060301507539,0.0,0.4912
SimpleHome_XCS7_1002_WHT_Security_Camera,300,0,19135,risk_soft_cov_mismatch,0.07341903825650545,0.9833798800000001,0.6799758793969849,0.0,0.0
SimpleHome_XCS7_1002_WHT_Security_Camera,300,1,5558,shared_oas,1.0,0.9966367199999999,0.878321608040201,0.1038,1.0
SimpleHome_XCS7_1002_WHT_Security_Camera,300,1,5558,local_oas,0.0,0.9934042399999999,0.821278391959799,0.1044,1.0
SimpleHome_XCS7_1002_WHT_Security_Camera,300,1,5558,peer_cov_fixed,1.0,0.99453576,0.8863798994974874,0.0844,1.0
SimpleHome_XCS7_1002_WHT_Security_Camera,300,1,5558,risk_blend,0.05883789701292533,0.99497552,0.8890371859296482,0.0768,1.0
SimpleHome_XCS7_1002_WHT_Security_Camera,300,1,5558,risk_blend_mismatch,0.011080942920321638,0.9946929999999999,0.8672643216080402,0.0954,1.0
SimpleHome_XCS7_1002_WHT_Security_Camera,300,1,5558,peer_cov_soft,1.0,0.9807128,0.8716281407035176,0.0202,0.7996
SimpleHome_XCS7_1002_WHT_Security_Camera,300,1,5558,risk_soft_cov,0.985533394257246,0.98709248,0.8904824120603015,0.0212,0.7996
SimpleHome_XCS7_1002_WHT_Security_Camera,300,1,5558,risk_soft_cov_mismatch,0.038514510705584044,0.9944124799999999,0.8984321608040202,0.07,1.0
SimpleHome_XCS7_1002_WHT_Security_Camera,300,2,744,shared_oas,1.0,0.99992676,0.9963195979899497,0.0044,1.0
SimpleHome_XCS7_1002_WHT_Security_Camera,300,2,744,local_oas,0.0,0.9999756399999999,0.998775879396985,0.0044,1.0
SimpleHome_XCS7_1002_WHT_Security_Camera,300,2,744,peer_cov_fixed,1.0,0.99827248,0.9131899497487437,0.0046,0.7988
SimpleHome_XCS7_1002_WHT_Security_Camera,300,2,744,risk_blend,0.28787777680670373,0.99983528,0.9917226130653267,0.009,1.0
SimpleHome_XCS7_1002_WHT_Security_Camera,300,2,744,risk_blend_mismatch,0.09275689016314158,0.99999304,0.9996502512562814,0.0114,1.0
SimpleHome_XCS7_1002_WHT_Security_Camera,300,2,744,peer_cov_soft,1.0,0.99058148,0.8709045226130654,0.0032,0.7864
SimpleHome_XCS7_1002_WHT_Security_Camera,300,2,744,risk_soft_cov,0.999578152920886,0.99058488,0.8710693467336684,0.0032,0.7866
SimpleHome_XCS7_1002_WHT_Security_Camera,300,2,744,risk_soft_cov_mismatch,0.15339383574977372,0.9999994799999999,0.9999738693467337,0.0066,1.0
SimpleHome_XCS7_1002_WHT_Security_Camera,300,3,18512,shared_oas,1.0,0.9981555599999999,0.9076522613065328,0.0064,0.9706
SimpleHome_XCS7_1002_WHT_Security_Camera,300,3,18512,local_oas,0.0,0.9995904800000001,0.9797889447236181,0.0,0.617
SimpleHome_XCS7_1002_WHT_Security_Camera,300,3,18512,peer_cov_fixed,1.0,0.99656404,0.8911698492462312,0.0104,0.8014
SimpleHome_XCS7_1002_WHT_Security_Camera,300,3,18512,risk_blend,0.15958571627094342,0.9993596,0.9678190954773869,0.0,0.7554
SimpleHome_XCS7_1002_WHT_Security_Camera,300,3,18512,risk_blend_mismatch,0.03899221065246873,0.99982748,0.9914070351758794,0.0,0.6126
SimpleHome_XCS7_1002_WHT_Security_Camera,300,3,18512,peer_cov_soft,1.0,0.98318908,0.8612884422110553,0.03,0.8014
SimpleHome_XCS7_1002_WHT_Security_Camera,300,3,18512,risk_soft_cov,0.9984307923261218,0.98361756,0.8627778894472362,0.0292,0.8014
SimpleHome_XCS7_1002_WHT_Security_Camera,300,3,18512,risk_soft_cov_mismatch,0.1295853647659387,0.9973715999999999,0.8998713567839196,0.0,0.792
SimpleHome_XCS7_1002_WHT_Security_Camera,300,4,29115,shared_oas,1.0,0.98319292,0.7409065326633166,0.028,0.608
SimpleHome_XCS7_1002_WHT_Security_Camera,300,4,29115,local_oas,0.0,0.9827140799999999,0.7408964824120603,0.0272,0.539
SimpleHome_XCS7_1002_WHT_Security_Camera,300,4,29115,peer_cov_fixed,1.0,0.993177,0.8901708542713569,0.0246,0.8006
SimpleHome_XCS7_1002_WHT_Security_Camera,300,4,29115,risk_blend,0.13474201572656924,0.9873758399999999,0.8316060301507537,0.0174,0.7498
SimpleHome_XCS7_1002_WHT_Security_Camera,300,4,29115,risk_blend_mismatch,0.02769343344807925,0.98510552,0.7627195979899497,0.0236,0.6884
SimpleHome_XCS7_1002_WHT_Security_Camera,300,4,29115,peer_cov_soft,1.0,0.97777744,0.8685145728643215,0.0138,0.8002
SimpleHome_XCS7_1002_WHT_Security_Camera,300,4,29115,risk_soft_cov,0.9973641490545544,0.9784436400000001,0.8700080402010051,0.0136,0.8002
SimpleHome_XCS7_1002_WHT_Security_Camera,300,4,29115,risk_soft_cov_mismatch,0.08812500675303375,0.98892244,0.8741346733668341,0.0172,0.793
SimpleHome_XCS7_1002_WHT_Security_Camera,300,5,17467,shared_oas,1.0,0.9984754800000001,0.9393386934673367,0.106,1.0
SimpleHome_XCS7_1002_WHT_Security_Camera,300,5,17467,local_oas,0.0,0.99625044,0.8732663316582915,0.1008,1.0
SimpleHome_XCS7_1002_WHT_Security_Camera,300,5,17467,peer_cov_fixed,1.0,0.9942462,0.884424120603015,0.0772,1.0
SimpleHome_XCS7_1002_WHT_Security_Camera,300,5,17467,risk_blend,0.08814016045755704,0.9932148000000001,0.8834552763819096,0.0932,1.0
SimpleHome_XCS7_1002_WHT_Security_Camera,300,5,17467,risk_blend_mismatch,0.015343691971789714,0.993782,0.8636160804020101,0.1084,1.0
SimpleHome_XCS7_1002_WHT_Security_Camera,300,5,17467,peer_cov_soft,1.0,0.98314296,0.8621668341708544,0.1048,1.0
SimpleHome_XCS7_1002_WHT_Security_Camera,300,5,17467,risk_soft_cov,0.9974571183566632,0.98458584,0.8639417085427137,0.1006,1.0
SimpleHome_XCS7_1002_WHT_Security_Camera,300,5,17467,risk_soft_cov_mismatch,0.03658428230260752,0.99346836,0.8896924623115579,0.0974,1.0
SimpleHome_XCS7_1002_WHT_Security_Camera,300,6,5568,shared_oas,1.0,0.9967813999999999,0.8742311557788944,0.11,1.0
SimpleHome_XCS7_1002_WHT_Security_Camera,300,6,5568,local_oas,0.0,0.9932803200000001,0.8213929648241207,0.111,1.0
SimpleHome_XCS7_1002_WHT_Security_Camera,300,6,5568,peer_cov_fixed,1.0,0.99434788,0.8866814070351758,0.0962,1.0
SimpleHome_XCS7_1002_WHT_Security_Camera,300,6,5568,risk_blend,0.05982348929000404,0.99490644,0.8853567839195979,0.0832,1.0
SimpleHome_XCS7_1002_WHT_Security_Camera,300,6,5568,risk_blend_mismatch,0.011274136920235545,0.99450612,0.8639859296482413,0.1024,1.0
SimpleHome_XCS7_1002_WHT_Security_Camera,300,6,5568,peer_cov_soft,1.0,0.98072964,0.8716562814070352,0.0196,0.8002
SimpleHome_XCS7_1002_WHT_Security_Camera,300,6,5568,risk_soft_cov,0.9856709458106567,0.98697736,0.8909748743718593,0.0204,0.8004
SimpleHome_XCS7_1002_WHT_Security_Camera,300,6,5568,risk_soft_cov_mismatch,0.038909516302413204,0.99470228,0.8984663316582915,0.0714,1.0
SimpleHome_XCS7_1002_WHT_Security_Camera,300,7,4713,shared_oas,1.0,0.9973493999999999,0.8733226130653267,0.1084,1.0
SimpleHome_XCS7_1002_WHT_Security_Camera,300,7,4713,local_oas,0.0,0.99458092,0.8115859296482412,0.1128,1.0
SimpleHome_XCS7_1002_WHT_Security_Camera,300,7,4713,peer_cov_fixed,1.0,0.9942751200000001,0.8862452261306533,0.1032,1.0
SimpleHome_XCS7_1002_WHT_Security_Camera,300,7,4713,risk_blend,0.05631661869165375,0.9946075600000001,0.8829889447236181,0.0826,1.0
SimpleHome_XCS7_1002_WHT_Security_Camera,300,7,4713,risk_blend_mismatch,0.010936771194656601,0.99394708,0.8400482412060302,0.101,1.0
SimpleHome_XCS7_1002_WHT_Security_Camera,300,7,4713,peer_cov_soft,1.0,0.9789248,0.8681507537688442,0.0214,0.7988
SimpleHome_XCS7_1002_WHT_Security_Camera,300,7,4713,risk_soft_cov,0.9943964784981866,0.98088528,0.8757226130653266,0.0216,0.799
SimpleHome_XCS7_1002_WHT_Security_Camera,300,7,4713,risk_soft_cov_mismatch,0.037322139029895465,0.9941463199999999,0.8951316582914572,0.0696,1.0
SimpleHome_XCS7_1002_WHT_Security_Camera,300,8,4623,shared_oas,1.0,0.99709644,0.8653065326633166,0.1268,1.0
SimpleHome_XCS7_1002_WHT_Security_Camera,300,8,4623,local_oas,0.0,0.99357708,0.7524120603015076,0.125,1.0
SimpleHome_XCS7_1002_WHT_Security_Camera,300,8,4623,peer_cov_fixed,1.0,0.99429024,0.8883376884422111,0.1102,1.0
SimpleHome_XCS7_1002_WHT_Security_Camera,300,8,4623,risk_blend,0.059438148815289166,0.99461012,0.8848884422110552,0.1012,1.0
SimpleHome_XCS7_1002_WHT_Security_Camera,300,8,4623,risk_blend_mismatch,0.011419700371569894,0.99388328,0.8440060301507537,0.1206,1.0
SimpleHome_XCS7_1002_WHT_Security_Camera,300,8,4623,peer_cov_soft,1.0,0.97816152,0.8703236180904522,0.071,0.7996
SimpleHome_XCS7_1002_WHT_Security_Camera,300,8,4623,risk_soft_cov,0.990086074148019,0.980711,0.879662311557789,0.068,0.7996
SimpleHome_XCS7_1002_WHT_Security_Camera,300,8,4623,risk_soft_cov_mismatch,0.0438222079122582,0.99484152,0.8984020100502513,0.0958,1.0
SimpleHome_XCS7_1002_WHT_Security_Camera,300,9,25024,shared_oas,1.0,0.99894512,0.9509226130653268,0.099,1.0
SimpleHome_XCS7_1002_WHT_Security_Camera,300,9,25024,local_oas,0.0,0.9967257199999999,0.8704542713567839,0.1016,1.0
SimpleHome_XCS7_1002_WHT_Security_Camera,300,9,25024,peer_cov_fixed,1.0,0.99384844,0.8843175879396985,0.0672,1.0
SimpleHome_XCS7_1002_WHT_Security_Camera,300,9,25024,risk_blend,0.06569448536517544,0.99480628,0.8934572864321608,0.066,1.0
SimpleHome_XCS7_1002_WHT_Security_Camera,300,9,25024,risk_blend_mismatch,0.012823586401399774,0.99497492,0.8727336683417085,0.0864,1.0
SimpleHome_XCS7_1002_WHT_Security_Camera,300,9,25024,peer_cov_soft,1.0,0.9793136,0.8602211055276382,0.091,0.8018
SimpleHome_XCS7_1002_WHT_Security_Camera,300,9,25024,risk_soft_cov,0.9967700397465203,0.98056516,0.8613306532663316,0.0868,0.8018
SimpleHome_XCS7_1002_WHT_Security_Camera,300,9,25024,risk_soft_cov_mismatch,0.03853398607024076,0.9937533999999999,0.8957326633165829,0.0646,1.0
SimpleHome_XCS7_1002_WHT_Security_Camera,300,10,23466,shared_oas,1.0,0.99636772,0.8888884422110552,0.1082,1.0
SimpleHome_XCS7_1002_WHT_Security_Camera,300,10,23466,local_oas,0.0,0.99302992,0.8293306532663316,0.1146,1.0
SimpleHome_XCS7_1002_WHT_Security_Camera,300,10,23466,peer_cov_fixed,1.0,0.9944029600000001,0.8904964824120603,0.0646,1.0
SimpleHome_XCS7_1002_WHT_Security_Camera,300,10,23466,risk_blend,0.08053989746855192,0.9951986,0.8967879396984924,0.069,1.0
SimpleHome_XCS7_1002_WHT_Security_Camera,300,10,23466,risk_blend_mismatch,0.014936461407144348,0.99497684,0.8857989949748744,0.0998,1.0
SimpleHome_XCS7_1002_WHT_Security_Camera,300,10,23466,peer_cov_soft,1.0,0.9790917600000001,0.8588422110552764,0.0336,0.8056
SimpleHome_XCS7_1002_WHT_Security_Camera,300,10,23466,risk_soft_cov,0.9938987247629111,0.98183676,0.8695336683417085,0.032,0.8056
SimpleHome_XCS7_1002_WHT_Security_Camera,300,10,23466,risk_soft_cov_mismatch,0.0482817814266589,0.9942158400000001,0.9011236180904523,0.0624,1.0
SimpleHome_XCS7_1002_WHT_Security_Camera,300,11,27782,shared_oas,1.0,0.9961140799999999,0.879913567839196,0.0954,1.0
SimpleHome_XCS7_1002_WHT_Security_Camera,300,11,27782,local_oas,0.0,0.99361312,0.8331497487437186,0.1002,1.0
SimpleHome_XCS7_1002_WHT_Security_Camera,300,11,27782,peer_cov_fixed,1.0,0.994764,0.8864643216080401,0.072,1.0
SimpleHome_XCS7_1002_WHT_Security_Camera,300,11,27782,risk_blend,0.0790044729635238,0.9951222399999999,0.8888040201005025,0.0554,1.0
SimpleHome_XCS7_1002_WHT_Security_Camera,300,11,27782,risk_blend_mismatch,0.014866866467919461,0.99503692,0.867827135678392,0.083,1.0
SimpleHome_XCS7_1002_WHT_Security_Camera,300,11,27782,peer_cov_soft,1.0,0.9785518,0.8587939698492462,0.0756,0.7964
SimpleHome_XCS7_1002_WHT_Security_Camera,300,11,27782,risk_soft_cov,0.9917111544069216,0.98200652,0.8725145728643217,0.0644,0.7964
SimpleHome_XCS7_1002_WHT_Security_Camera,300,11,27782,risk_soft_cov_mismatch,0.05037865433998992,0.99460028,0.8967618090452261,0.0508,1.0
SimpleHome_XCS7_1002_WHT_Security_Camera,300,12,9570,shared_oas,1.0,0.9962463199999999,0.8114251256281407,0.0028,0.5038
SimpleHome_XCS7_1002_WHT_Security_Camera,300,12,9570,local_oas,0.0,0.99601756,0.80001608040201,0.0,0.4228
SimpleHome_XCS7_1002_WHT_Security_Camera,300,12,9570,peer_cov_fixed,1.0,0.99537156,0.8896562814070352,0.0098,0.797
SimpleHome_XCS7_1002_WHT_Security_Camera,300,12,9570,risk_blend,0.1715233963163436,0.99919924,0.959772864321608,0.0,0.6806
SimpleHome_XCS7_1002_WHT_Security_Camera,300,12,9570,risk_blend_mismatch,0.04109670046914505,0.9993607999999999,0.9680221105527639,0.0,0.4364
SimpleHome_XCS7_1002_WHT_Security_Camera,300,12,9570,peer_cov_soft,1.0,0.9817553600000001,0.8694592964824122,0.0256,0.7974
SimpleHome_XCS7_1002_WHT_Security_Camera,300,12,9570,risk_soft_cov,0.9971675567763115,0.9826124,0.8717266331658291,0.0254,0.7974
SimpleHome_XCS7_1002_WHT_Security_Camera,300,12,9570,risk_soft_cov_mismatch,0.15565256653419127,0.99703588,0.897913567839196,0.0,0.7898
SimpleHome_XCS7_1002_WHT_Security_Camera,300,13,8621,shared_oas,1.0,0.9989952799999999,0.9510994974874372,0.0818,1.0
SimpleHome_XCS7_1002_WHT_Security_Camera,300,13,8621,local_oas,0.0,0.9941218799999999,0.8443939698492462,0.0792,1.0
SimpleHome_XCS7_1002_WHT_Security_Camera,300,13,8621,peer_cov_fixed,1.0,0.99404784,0.8865809045226131,0.0712,1.0
SimpleHome_XCS7_1002_WHT_Security_Camera,300,13,8621,risk_blend,0.08552129597315346,0.9948296799999999,0.8907015075376885,0.0586,1.0
SimpleHome_XCS7_1002_WHT_Security_Camera,300,13,8621,risk_blend_mismatch,0.015285737627005573,0.99487856,0.8854070351758794,0.0836,1.0
SimpleHome_XCS7_1002_WHT_Security_Camera,300,13,8621,peer_cov_soft,1.0,0.9811868,0.8616201005025126,0.0664,0.8018
SimpleHome_XCS7_1002_WHT_Security_Camera,300,13,8621,risk_soft_cov,0.9957669742613531,0.98409276,0.8681889447236182,0.0618,0.8018
SimpleHome_XCS7_1002_WHT_Security_Camera,300,13,8621,risk_soft_cov_mismatch,0.04240886394053938,0.99392868,0.8988964824120602,0.06,1.0
SimpleHome_XCS7_1002_WHT_Security_Camera,300,14,29261,shared_oas,1.0,0.99657568,0.8475638190954774,0.0544,1.0
SimpleHome_XCS7_1002_WHT_Security_Camera,300,14,29261,local_oas,0.0,0.99415304,0.8220422110552764,0.4108,1.0
SimpleHome_XCS7_1002_WHT_Security_Camera,300,14,29261,peer_cov_fixed,1.0,0.9943157199999999,0.8802874371859297,0.0838,1.0
SimpleHome_XCS7_1002_WHT_Security_Camera,300,14,29261,risk_blend,0.08052065466830723,0.9946882800000001,0.888518592964824,0.0676,1.0
SimpleHome_XCS7_1002_WHT_Security_Camera,300,14,29261,risk_blend_mismatch,0.015072211505655825,0.99607768,0.8853085427135678,0.428,1.0
SimpleHome_XCS7_1002_WHT_Security_Camera,300,14,29261,peer_cov_soft,1.0,0.9767326,0.8566934673366835,0.0754,0.7912
SimpleHome_XCS7_1002_WHT_Security_Camera,300,14,29261,risk_soft_cov,0.993928911187185,0.9801114,0.866603015075377,0.0614,0.7912
SimpleHome_XCS7_1002_WHT_Security_Camera,300,14,29261,risk_soft_cov_mismatch,0.04845844161983637,0.993946,0.8937487437185929,0.0538,1.0
SimpleHome_XCS7_1002_WHT_Security_Camera,300,15,24379,shared_oas,1.0,0.99510828,0.8422432160804021,0.074,1.0
SimpleHome_XCS7_1002_WHT_Security_Camera,300,15,24379,local_oas,0.0,0.99148988,0.7832221105527638,0.0772,1.0
SimpleHome_XCS7_1002_WHT_Security_Camera,300,15,24379,peer_cov_fixed,1.0,0.99487708,0.8930874371859296,0.1024,1.0
SimpleHome_XCS7_1002_WHT_Security_Camera,300,15,24379,risk_blend,0.05171976662075914,0.9951873600000001,0.8869688442211056,0.0612,1.0
SimpleHome_XCS7_1002_WHT_Security_Camera,300,15,24379,risk_blend_mismatch,0.009818389555791862,0.9942808,0.8472160804020101,0.0658,1.0
SimpleHome_XCS7_1002_WHT_Security_Camera,300,15,24379,peer_cov_soft,1.0,0.97982724,0.8852281407035176,0.0106,0.7982
SimpleHome_XCS7_1002_WHT_Security_Camera,300,15,24379,risk_soft_cov,0.9887388798491712,0.98358452,0.8949145728643216,0.0098,0.7982
SimpleHome_XCS7_1002_WHT_Security_Camera,300,15,24379,risk_soft_cov_mismatch,0.03720425538962504,0.99451128,0.8979859296482413,0.0398,1.0
SimpleHome_XCS7_1002_WHT_Security_Camera,300,16,27886,shared_oas,1.0,0.9964997600000001,0.8825105527638191,0.0948,1.0
SimpleHome_XCS7_1002_WHT_Security_Camera,300,16,27886,local_oas,0.0,0.99397572,0.8170472361809045,0.0988,1.0
SimpleHome_XCS7_1002_WHT_Security_Camera,300,16,27886,peer_cov_fixed,1.0,0.99491264,0.8806633165829145,0.086,1.0
SimpleHome_XCS7_1002_WHT_Security_Camera,300,16,27886,risk_blend,0.06699998971835715,0.9954642,0.8896542713567839,0.0688,1.0
SimpleHome_XCS7_1002_WHT_Security_Camera,300,16,27886,risk_blend_mismatch,0.012956347000476438,0.9953784800000001,0.8648864321608041,0.0912,1.0
SimpleHome_XCS7_1002_WHT_Security_Camera,300,16,27886,peer_cov_soft,1.0,0.97814996,0.8537165829145729,0.085,0.801
SimpleHome_XCS7_1002_WHT_Security_Camera,300,16,27886,risk_soft_cov,0.9911082753170835,0.98147068,0.8662391959798996,0.0752,0.801
SimpleHome_XCS7_1002_WHT_Security_Camera,300,16,27886,risk_soft_cov_mismatch,0.049241335549815815,0.99520508,0.8992663316582914,0.0592,1.0
SimpleHome_XCS7_1002_WHT_Security_Camera,300,17,8704,shared_oas,1.0,0.99868752,0.9367678391959797,0.123,1.0
SimpleHome_XCS7_1002_WHT_Security_Camera,300,17,8704,local_oas,0.0,0.99686376,0.8652422110552764,0.1204,1.0
SimpleHome_XCS7_1002_WHT_Security_Camera,300,17,8704,peer_cov_fixed,1.0,0.9948151599999999,0.885670351758794,0.0888,1.0
SimpleHome_XCS7_1002_WHT_Security_Camera,300,17,8704,risk_blend,0.09046845020924793,0.99516476,0.8883437185929648,0.1042,1.0
SimpleHome_XCS7_1002_WHT_Security_Camera,300,17,8704,risk_blend_mismatch,0.015463401790880203,0.99529828,0.8648844221105528,0.1174,1.0
SimpleHome_XCS7_1002_WHT_Security_Camera,300,17,8704,peer_cov_soft,1.0,0.9822426800000001,0.8575256281407035,0.0952,0.9998
SimpleHome_XCS7_1002_WHT_Security_Camera,300,17,8704,risk_soft_cov,0.9966915016008452,0.9843019600000001,0.8616281407035176,0.089,0.9998
SimpleHome_XCS7_1002_WHT_Security_Camera,300,17,8704,risk_soft_cov_mismatch,0.038678985196118745,0.9943648,0.8963497487437186,0.1138,1.0
SimpleHome_XCS7_1002_WHT_Security_Camera,300,18,28660,shared_oas,1.0,0.99215584,0.74438391959799,0.0006,0.4876
SimpleHome_XCS7_1002_WHT_Security_Camera,300,18,28660,local_oas,0.0,0.99183232,0.7425085427135678,0.0,0.4212
SimpleHome_XCS7_1002_WHT_Security_Camera,300,18,28660,peer_cov_fixed,1.0,0.99564704,0.8985266331658291,0.0104,0.8084
SimpleHome_XCS7_1002_WHT_Security_Camera,300,18,28660,risk_blend,0.1604978634001692,0.9991264799999999,0.9561849246231156,0.0,0.7116
SimpleHome_XCS7_1002_WHT_Security_Camera,300,18,28660,risk_blend_mismatch,0.039031183873028,0.99924076,0.9626854271356785,0.0,0.445
SimpleHome_XCS7_1002_WHT_Security_Camera,300,18,28660,peer_cov_soft,1.0,0.98358508,0.8759075376884422,0.015,0.8082
SimpleHome_XCS7_1002_WHT_Security_Camera,300,18,28660,risk_soft_cov,0.9983630218196162,0.9837252000000001,0.8771396984924623,0.0146,0.8082
SimpleHome_XCS7_1002_WHT_Security_Camera,300,18,28660,risk_soft_cov_mismatch,0.12968522993497858,0.99601768,0.9020040201005025,0.0,0.6812
SimpleHome_XCS7_1002_WHT_Security_Camera,300,19,13311,shared_oas,1.0,0.9950335600000001,0.874164824120603,0.0814,1.0
SimpleHome_XCS7_1002_WHT_Security_Camera,300,19,13311,local_oas,0.0,0.9915674000000001,0.7941949748743719,0.0842,1.0
SimpleHome_XCS7_1002_WHT_Security_Camera,300,19,13311,peer_cov_fixed,1.0,0.99388036,0.8887296482412059,0.0766,1.0
SimpleHome_XCS7_1002_WHT_Security_Camera,300,19,13311,risk_blend,0.0704339693911552,0.99454768,0.8904562814070351,0.0552,1.0
SimpleHome_XCS7_1002_WHT_Security_Camera,300,19,13311,risk_blend_mismatch,0.013122418299199735,0.9938026,0.8491698492462312,0.0646,1.0
SimpleHome_XCS7_1002_WHT_Security_Camera,300,19,13311,peer_cov_soft,1.0,0.9822928,0.873827135678392,0.1038,1.0
SimpleHome_XCS7_1002_WHT_Security_Camera,300,19,13311,risk_soft_cov,0.9952258841153515,0.98498324,0.8795899497487437,0.09,1.0
SimpleHome_XCS7_1002_WHT_Security_Camera,300,19,13311,risk_soft_cov_mismatch,0.04072450528310447,0.9942502,0.9026271356783919,0.0482,1.0
SimpleHome_XCS7_1002_WHT_Security_Camera,300,20,11264,shared_oas,1.0,0.9971977200000001,0.8594592964824121,0.0034,0.5978
SimpleHome_XCS7_1002_WHT_Security_Camera,300,20,11264,local_oas,0.0,0.99679396,0.8391015075376884,0.0,0.4186
SimpleHome_XCS7_1002_WHT_Security_Camera,300,20,11264,peer_cov_fixed,1.0,0.9954046,0.8834673366834171,0.0122,0.7966
SimpleHome_XCS7_1002_WHT_Security_Camera,300,20,11264,risk_blend,0.1646045167259432,0.99917932,0.958759798994975,0.0,0.7104
SimpleHome_XCS7_1002_WHT_Security_Camera,300,20,11264,risk_blend_mismatch,0.03980450718551159,0.999906,0.9952824120603017,0.0,0.4766
SimpleHome_XCS7_1002_WHT_Security_Camera,300,20,11264,peer_cov_soft,1.0,0.98140592,0.8533447236180904,0.0282,0.7964
SimpleHome_XCS7_1002_WHT_Security_Camera,300,20,11264,risk_soft_cov,0.997862106104079,0.98182552,0.855748743718593,0.0278,0.7964
SimpleHome_XCS7_1002_WHT_Security_Camera,300,20,11264,risk_soft_cov_mismatch,0.14977486199945259,0.9969444399999999,0.8976140703517588,0.0,0.7922
SimpleHome_XCS7_1002_WHT_Security_Camera,300,21,28652,shared_oas,1.0,0.9920292799999999,0.7479396984924623,0.0008,0.4958
SimpleHome_XCS7_1002_WHT_Security_Camera,300,21,28652,local_oas,0.0,0.99171012,0.746635175879397,0.0,0.4232
SimpleHome_XCS7_1002_WHT_Security_Camera,300,21,28652,peer_cov_fixed,1.0,0.99519044,0.8858452261306533,0.011,0.805
SimpleHome_XCS7_1002_WHT_Security_Camera,300,21,28652,risk_blend,0.1609365696933045,0.9984451599999999,0.9220261306532663,0.0,0.7292
SimpleHome_XCS7_1002_WHT_Security_Camera,300,21,28652,risk_blend_mismatch,0.03912610855660143,0.99887868,0.9445527638190956,0.0,0.4752
SimpleHome_XCS7_1002_WHT_Security_Camera,300,21,28652,peer_cov_soft,1.0,0.9817334,0.8549829145728643,0.0196,0.8044
SimpleHome_XCS7_1002_WHT_Security_Camera,300,21,28652,risk_soft_cov,0.9983082730154131,0.9818292399999999,0.8558391959798995,0.0196,0.8044
SimpleHome_XCS7_1002_WHT_Security_Camera,300,21,28652,risk_soft_cov_mismatch,0.13245185951818475,0.99527548,0.8960522613065327,0.0,0.662
SimpleHome_XCS7_1002_WHT_Security_Camera,300,22,13935,shared_oas,1.0,0.99749032,0.8738894472361809,0.023,1.0
SimpleHome_XCS7_1002_WHT_Security_Camera,300,22,13935,local_oas,0.0,0.99740144,0.8694190954773869,0.0168,1.0
SimpleHome_XCS7_1002_WHT_Security_Camera,300,22,13935,peer_cov_fixed,1.0,0.99575324,0.8858894472361809,0.0056,0.7936
SimpleHome_XCS7_1002_WHT_Security_Camera,300,22,13935,risk_blend,0.21286879719625854,0.9997892,0.9894914572864322,0.012,0.9998
SimpleHome_XCS7_1002_WHT_Security_Camera,300,22,13935,risk_blend_mismatch,0.053573000936113335,0.9999882800000001,0.9994472361809046,0.0136,1.0
SimpleHome_XCS7_1002_WHT_Security_Camera,300,22,13935,peer_cov_soft,1.0,0.98486872,0.8705226130653265,0.015,0.7926
SimpleHome_XCS7_1002_WHT_Security_Camera,300,22,13935,risk_soft_cov,0.9984418385902176,0.98583032,0.8713286432160804,0.015,0.7926
SimpleHome_XCS7_1002_WHT_Security_Camera,300,22,13935,risk_soft_cov_mismatch,0.15642940130100952,0.99814568,0.9069005025125629,0.016,0.9998
SimpleHome_XCS7_1002_WHT_Security_Camera,300,23,20791,shared_oas,1.0,0.99515668,0.8702030150753768,0.145,1.0
SimpleHome_XCS7_1002_WHT_Security_Camera,300,23,20791,local_oas,0.0,0.99245224,0.801051256281407,0.1376,1.0
SimpleHome_XCS7_1002_WHT_Security_Camera,300,23,20791,peer_cov_fixed,1.0,0.9941323999999999,0.8827376884422111,0.0812,1.0
SimpleHome_XCS7_1002_WHT_Security_Camera,300,23,20791,risk_blend,0.057767656415424286,0.99483004,0.8863115577889447,0.1244,1.0
SimpleHome_XCS7_1002_WHT_Security_Camera,300,23,20791,risk_blend_mismatch,0.010943023328006115,0.9942618799999999,0.8464381909547739,0.1314,1.0
SimpleHome_XCS7_1002_WHT_Security_Camera,300,23,20791,peer_cov_soft,1.0,0.9784566,0.8686331658291457,0.0426,0.8014
SimpleHome_XCS7_1002_WHT_Security_Camera,300,23,20791,risk_soft_cov,0.989971420729151,0.9822690399999999,0.8823015075376885,0.0368,0.8014
SimpleHome_XCS7_1002_WHT_Security_Camera,300,23,20791,risk_soft_cov_mismatch,0.04015100859541427,0.9942033600000001,0.8987557788944724,0.1092,1.0
SimpleHome_XCS7_1002_WHT_Security_Camera,300,24,10733,shared_oas,1.0,0.9997763199999999,0.9889306532663316,0.0822,1.0
SimpleHome_XCS7_1002_WHT_Security_Camera,300,24,10733,local_oas,0.0,0.9999028,0.9952422110552763,0.0832,1.0
SimpleHome_XCS7_1002_WHT_Security_Camera,300,24,10733,peer_cov_fixed,1.0,0.99714556,0.8884804020100503,0.0042,0.789
SimpleHome_XCS7_1002_WHT_Security_Camera,300,24,10733,risk_blend,0.2751762588426991,0.99957456,0.9787015075376884,0.047,1.0
SimpleHome_XCS7_1002_WHT_Security_Camera,300,24,10733,risk_blend_mismatch,0.0628130952843737,0.99978256,0.9891477386934674,0.0794,1.0
SimpleHome_XCS7_1002_WHT_Security_Camera,300,24,10733,peer_cov_soft,1.0,0.99137604,0.8792804020100502,0.0024,0.772
SimpleHome_XCS7_1002_WHT_Security_Camera,300,24,10733,risk_soft_cov,0.9988827156283425,0.99180076,0.879686432160804,0.0024,0.773
SimpleHome_XCS7_1002_WHT_Security_Camera,300,24,10733,risk_soft_cov_mismatch,0.12474770151478762,0.9978627600000001,0.8947939698492462,0.0534,1.0
SimpleHome_XCS7_1002_WHT_Security_Camera,300,25,29466,shared_oas,1.0,0.99849384,0.9312381909547738,0.0564,1.0
SimpleHome_XCS7_1002_WHT_Security_Camera,300,25,29466,local_oas,0.0,0.9943002,0.8222693467336684,0.0564,1.0
SimpleHome_XCS7_1002_WHT_Security_Camera,300,25,29466,peer_cov_fixed,1.0,0.9955228,0.8884201005025125,0.1172,1.0
SimpleHome_XCS7_1002_WHT_Security_Camera,300,25,29466,risk_blend,0.08178263382431032,0.99618688,0.8917869346733669,0.0608,1.0
SimpleHome_XCS7_1002_WHT_Security_Camera,300,25,29466,risk_blend_mismatch,0.01416419701761712,0.996384,0.8861226130653266,0.0584,1.0
SimpleHome_XCS7_1002_WHT_Security_Camera,300,25,29466,peer_cov_soft,1.0,0.9830835200000001,0.8625246231155779,0.0674,0.8002
SimpleHome_XCS7_1002_WHT_Security_Camera,300,25,29466,risk_soft_cov,0.9947735217906062,0.9855086000000001,0.8736643216080402,0.0636,0.8002
SimpleHome_XCS7_1002_WHT_Security_Camera,300,25,29466,risk_soft_cov_mismatch,0.03841774493672536,0.99437832,0.8987015075376884,0.0594,1.0
SimpleHome_XCS7_1002_WHT_Security_Camera,300,26,11660,shared_oas,1.0,0.9977280799999999,0.8866552763819096,0.0098,0.9924
SimpleHome_XCS7_1002_WHT_Security_Camera,300,26,11660,local_oas,0.0,0.99789128,0.8949587939698493,0.0008,0.6702
SimpleHome_XCS7_1002_WHT_Security_Camera,300,26,11660,peer_cov_fixed,1.0,0.995268,0.8940201005025126,0.0116,0.801
SimpleHome_XCS7_1002_WHT_Security_Camera,300,26,11660,risk_blend,0.1948983415103823,0.99947052,0.9734673366834171,0.0,0.784
SimpleHome_XCS7_1002_WHT_Security_Camera,300,26,11660,risk_blend_mismatch,0.042015422625404454,0.9999722,0.9988844221105528,0.0,0.6802
SimpleHome_XCS7_1002_WHT_Security_Camera,300,26,11660,peer_cov_soft,1.0,0.9853774399999999,0.8830050251256281,0.0132,0.8
SimpleHome_XCS7_1002_WHT_Security_Camera,300,26,11660,risk_soft_cov,0.9974767201940606,0.98638076,0.8853628140703518,0.0132,0.8
SimpleHome_XCS7_1002_WHT_Security_Camera,300,26,11660,risk_soft_cov_mismatch,0.1203259621067158,0.9969693199999999,0.8996663316582916,0.0,0.7976
SimpleHome_XCS7_1002_WHT_Security_Camera,300,27,21624,shared_oas,1.0,0.99542884,0.8292180904522612,0.119,1.0
SimpleHome_XCS7_1002_WHT_Security_Camera,300,27,21624,local_oas,0.0,0.9909468,0.7569788944723619,0.1216,1.0
SimpleHome_XCS7_1002_WHT_Security_Camera,300,27,21624,peer_cov_fixed,1.0,0.9944198399999999,0.8834130653266332,0.083,1.0
SimpleHome_XCS7_1002_WHT_Security_Camera,300,27,21624,risk_blend,0.06531003155119205,0.9944063999999999,0.8801547738693467,0.09,1.0
SimpleHome_XCS7_1002_WHT_Security_Camera,300,27,21624,risk_blend_mismatch,0.01209747422052226,0.9935678,0.8366713567839197,0.1116,1.0
SimpleHome_XCS7_1002_WHT_Security_Camera,300,27,21624,peer_cov_soft,1.0,0.97940184,0.865388944723618,0.0382,0.796
SimpleHome_XCS7_1002_WHT_Security_Camera,300,27,21624,risk_soft_cov,0.990377022203849,0.98415016,0.8824783919597989,0.0342,0.796
SimpleHome_XCS7_1002_WHT_Security_Camera,300,27,21624,risk_soft_cov_mismatch,0.04120500315621414,0.9943368,0.896313567839196,0.0796,1.0
SimpleHome_XCS7_1002_WHT_Security_Camera,300,28,11213,shared_oas,1.0,0.9998332799999999,0.9916221105527638,0.0018,0.9986
SimpleHome_XCS7_1002_WHT_Security_Camera,300,28,11213,local_oas,0.0,0.99999344,0.9996703517587939,0.001,0.9986
SimpleHome_XCS7_1002_WHT_Security_Camera,300,28,11213,peer_cov_fixed,1.0,0.99594416,0.8900180904522612,0.0172,0.8014
SimpleHome_XCS7_1002_WHT_Security_Camera,300,28,11213,risk_blend,0.151893536200628,0.99983968,0.9919437185929648,0.0048,1.0
SimpleHome_XCS7_1002_WHT_Security_Camera,300,28,11213,risk_blend_mismatch,0.03970487498431069,0.99999632,0.9998150753768844,0.0042,1.0
SimpleHome_XCS7_1002_WHT_Security_Camera,300,28,11213,peer_cov_soft,1.0,0.98129124,0.8626713567839196,0.03,0.801
SimpleHome_XCS7_1002_WHT_Security_Camera,300,28,11213,risk_soft_cov,0.9984330298976433,0.98158888,0.8635497487437186,0.0278,0.801
SimpleHome_XCS7_1002_WHT_Security_Camera,300,28,11213,risk_soft_cov_mismatch,0.13334007255978172,0.9992841600000001,0.9640281407035176,0.0032,0.8014
SimpleHome_XCS7_1002_WHT_Security_Camera,300,29,11202,shared_oas,1.0,0.99758588,0.8834713567839196,0.0016,0.715
SimpleHome_XCS7_1002_WHT_Security_Camera,300,29,11202,local_oas,0.0,0.99716148,0.8660140703517588,0.0016,0.5674
SimpleHome_XCS7_1002_WHT_Security_Camera,300,29,11202,peer_cov_fixed,1.0,0.9956347999999999,0.8943899497487438,0.0196,0.8114
SimpleHome_XCS7_1002_WHT_Security_Camera,300,29,11202,risk_blend,0.14955196675451654,0.99938392,0.9690412060301508,0.0004,0.7762
SimpleHome_XCS7_1002_WHT_Security_Camera,300,29,11202,risk_blend_mismatch,0.036658999333831085,0.9995838,0.9790934673366833,0.0,0.6358
SimpleHome_XCS7_1002_WHT_Security_Camera,300,29,11202,peer_cov_soft,1.0,0.98249384,0.8643376884422109,0.0464,0.811
SimpleHome_XCS7_1002_WHT_Security_Camera,300,29,11202,risk_soft_cov,0.9981409833751025,0.9829288,0.8652884422110552,0.0454,0.811
SimpleHome_XCS7_1002_WHT_Security_Camera,300,29,11202,risk_soft_cov_mismatch,0.12536080225886992,0.99640544,0.9047638190954774,0.0004,0.8064
SimpleHome_XCS7_1002_WHT_Security_Camera,1000,0,6964,shared_oas,1.0,0.99064708,0.7889889447236181,0.1454,1.0
SimpleHome_XCS7_1002_WHT_Security_Camera,1000,0,6964,local_oas,0.0,0.9879906399999999,0.7476522613065326,0.1524,1.0
SimpleHome_XCS7_1002_WHT_Security_Camera,1000,0,6964,peer_cov_fixed,1.0,0.99183848,0.8414371859296482,0.0672,1.0
SimpleHome_XCS7_1002_WHT_Security_Camera,1000,0,6964,risk_blend,0.021988091014179607,0.99395192,0.8725869346733668,0.1272,1.0
SimpleHome_XCS7_1002_WHT_Security_Camera,1000,0,6964,risk_blend_mismatch,0.003971782790752314,0.99264468,0.832791959798995,0.1402,1.0
SimpleHome_XCS7_1002_WHT_Security_Camera,1000,0,6964,peer_cov_soft,1.0,0.96822544,0.796470351758794,0.0356,0.807
SimpleHome_XCS7_1002_WHT_Security_Camera,1000,0,6964,risk_soft_cov,0.8978124016902062,0.9912342399999999,0.8984301507537689,0.0068,0.807
SimpleHome_XCS7_1002_WHT_Security_Camera,1000,0,6964,risk_soft_cov_mismatch,0.006355715239351571,0.9968507999999999,0.9022633165829146,0.1346,1.0
SimpleHome_XCS7_1002_WHT_Security_Camera,1000,1,8698,shared_oas,1.0,0.9968195999999999,0.8579839195979899,0.124,1.0
SimpleHome_XCS7_1002_WHT_Security_Camera,1000,1,8698,local_oas,0.0,0.9907906,0.7534512562814071,0.1296,1.0
SimpleHome_XCS7_1002_WHT_Security_Camera,1000,1,8698,peer_cov_fixed,1.0,0.9916938,0.8176502512562814,0.0778,1.0
SimpleHome_XCS7_1002_WHT_Security_Camera,1000,1,8698,risk_blend,0.02421576501448153,0.9945316,0.879294472361809,0.1054,1.0
SimpleHome_XCS7_1002_WHT_Security_Camera,1000,1,8698,risk_blend_mismatch,0.0043636607342618225,0.99394828,0.8490914572864321,0.1162,1.0
SimpleHome_XCS7_1002_WHT_Security_Camera,1000,1,8698,peer_cov_soft,1.0,0.9663504,0.7898793969849247,0.0384,0.8026
SimpleHome_XCS7_1002_WHT_Security_Camera,1000,1,8698,risk_soft_cov,0.9105152411744387,0.98907028,0.8918070351758793,0.0188,0.803
SimpleHome_XCS7_1002_WHT_Security_Camera,1000,1,8698,risk_soft_cov_mismatch,0.00732026056195659,0.99780548,0.900054271356784,0.1066,1.0
SimpleHome_XCS7_1002_WHT_Security_Camera,1000,2,28907,shared_oas,1.0,0.9857218,0.7482814070351759,0.0,0.0
SimpleHome_XCS7_1002_WHT_Security_Camera,1000,2,28907,local_oas,0.0,0.98495692,0.7348562814070352,0.0,0.0
SimpleHome_XCS7_1002_WHT_Security_Camera,1000,2,28907,peer_cov_fixed,1.0,0.99093448,0.8298170854271356,0.0,0.0
SimpleHome_XCS7_1002_WHT_Security_Camera,1000,2,28907,risk_blend,0.8436291117791451,0.99138816,0.8367738693467337,0.0,0.0
SimpleHome_XCS7_1002_WHT_Security_Camera,1000,2,28907,risk_blend_mismatch,0.03231228864154143,0.98971348,0.8374472361809044,0.0,0.0
SimpleHome_XCS7_1002_WHT_Security_Camera,1000,2,28907,peer_cov_soft,1.0,0.9913544400000001,0.8369809045226131,0.0,0.0
SimpleHome_XCS7_1002_WHT_Security_Camera,1000,2,28907,risk_soft_cov,0.9999614007405534,0.9913542000000001,0.8369688442211056,0.0,0.0
SimpleHome_XCS7_1002_WHT_Security_Camera,1000,2,28907,risk_soft_cov_mismatch,0.032772718355380835,0.98902376,0.8226472361809045,0.0,0.0
SimpleHome_XCS7_1002_WHT_Security_Camera,1000,3,13225,shared_oas,1.0,0.9962247200000001,0.8104020100502513,0.0758,1.0
SimpleHome_XCS7_1002_WHT_Security_Camera,1000,3,13225,local_oas,0.0,0.9960777599999999,0.8030552763819095,0.0762,1.0
SimpleHome_XCS7_1002_WHT_Security_Camera,1000,3,13225,peer_cov_fixed,1.0,0.99286428,0.853427135678392,0.0134,0.793
SimpleHome_XCS7_1002_WHT_Security_Camera,1000,3,13225,risk_blend,0.05998726084456989,0.9997376,0.9869467336683416,0.0426,1.0
SimpleHome_XCS7_1002_WHT_Security_Camera,1000,3,13225,risk_blend_mismatch,0.012386147212622298,0.99873412,0.9365045226130653,0.063,1.0
SimpleHome_XCS7_1002_WHT_Security_Camera,1000,3,13225,peer_cov_soft,1.0,0.97261064,0.8108080402010049,0.017,0.792
SimpleHome_XCS7_1002_WHT_Security_Camera,1000,3,13225,risk_soft_cov,0.9841803860702433,0.97855712,0.8607015075376885,0.016,0.792
SimpleHome_XCS7_1002_WHT_Security_Camera,1000,3,13225,risk_soft_cov_mismatch,0.04209886640453164,0.99775732,0.8957346733668341,0.0352,1.0
SimpleHome_XCS7_1002_WHT_Security_Camera,1000,4,3903,shared_oas,1.0,0.99588968,0.8246231155778895,0.1328,1.0
SimpleHome_XCS7_1002_WHT_Security_Camera,1000,4,3903,local_oas,0.0,0.9898364,0.7497989949748745,0.1372,1.0
SimpleHome_XCS7_1002_WHT_Security_Camera,1000,4,3903,peer_cov_fixed,1.0,0.9895991599999999,0.791772864321608,0.0752,1.0
SimpleHome_XCS7_1002_WHT_Security_Camera,1000,4,3903,risk_blend,0.02425323550260513,0.9934428399999999,0.8673487437185929,0.1154,1.0
SimpleHome_XCS7_1002_WHT_Security_Camera,1000,4,3903,risk_blend_mismatch,0.004355547646037849,0.99262536,0.8281688442211055,0.1256,1.0
SimpleHome_XCS7_1002_WHT_Security_Camera,1000,4,3903,peer_cov_soft,1.0,0.96511664,0.7814472361809045,0.047,0.798
SimpleHome_XCS7_1002_WHT_Security_Camera,1000,4,3903,risk_soft_cov,0.9100289232995404,0.98794548,0.8872040201005026,0.0116,0.798
SimpleHome_XCS7_1002_WHT_Security_Camera,1000,4,3903,risk_soft_cov_mismatch,0.007231465175682441,0.99803928,0.9016100502512563,0.1158,1.0
SimpleHome_XCS7_1002_WHT_Security_Camera,1000,5,5786,shared_oas,1.0,0.9961041599999999,0.8697668341708542,0.13,1.0
SimpleHome_XCS7_1002_WHT_Security_Camera,1000,5,5786,local_oas,0.0,0.99087184,0.7737809045226131,0.143,1.0
SimpleHome_XCS7_1002_WHT_Security_Camera,1000,5,5786,peer_cov_fixed,1.0,0.9919614,0.84358391959799,0.0676,1.0
SimpleHome_XCS7_1002_WHT_Security_Camera,1000,5,5786,risk_blend,0.02673111429248026,0.9949101600000001,0.8847316582914573,0.123,1.0
SimpleHome_XCS7_1002_WHT_Security_Camera,1000,5,5786,risk_blend_mismatch,0.004651116927855857,0.99419008,0.8560763819095478,0.1276,1.0
SimpleHome_XCS7_1002_WHT_Security_Camera,1000,5,5786,peer_cov_soft,1.0,0.96892672,0.8015396984924623,0.0526,0.8092
SimpleHome_XCS7_1002_WHT_Security_Camera,1000,5,5786,risk_soft_cov,0.9174145296002522,0.9893630000000001,0.8992964824120603,0.0192,0.8092
SimpleHome_XCS7_1002_WHT_Security_Camera,1000,5,5786,risk_soft_cov_mismatch,0.007532736052673633,0.9978891200000001,0.9038010050251256,0.1224,1.0
SimpleHome_XCS7_1002_WHT_Security_Camera,1000,6,28718,shared_oas,1.0,0.98824968,0.7095316582914573,0.0166,0.4784
SimpleHome_XCS7_1002_WHT_Security_Camera,1000,6,28718,local_oas,0.0,0.9882934800000001,0.7017045226130654,0.0166,0.4778
SimpleHome_XCS7_1002_WHT_Security_Camera,1000,6,28718,peer_cov_fixed,1.0,0.98980784,0.7990110552763818,0.0174,0.792
SimpleHome_XCS7_1002_WHT_Security_Camera,1000,6,28718,risk_blend,0.05386545402011883,0.99174092,0.8566874371859297,0.0022,0.641
SimpleHome_XCS7_1002_WHT_Security_Camera,1000,6,28718,risk_blend_mismatch,0.010395994111236715,0.9898500000000001,0.7911195979899497,0.0006,0.5694
SimpleHome_XCS7_1002_WHT_Security_Camera,1000,6,28718,peer_cov_soft,1.0,0.96859448,0.7981889447236181,0.0152,0.7894
SimpleHome_XCS7_1002_WHT_Security_Camera,1000,6,28718,risk_soft_cov,0.9853658397468431,0.97302568,0.8453869346733669,0.0146,0.7908
SimpleHome_XCS7_1002_WHT_Security_Camera,1000,6,28718,risk_soft_cov_mismatch,0.03439168755188649,0.99233432,0.8785608040201005,0.0024,0.7656
SimpleHome_XCS7_1002_WHT_Security_Camera,1000,7,4611,shared_oas,1.0,0.99295932,0.7785145728643216,0.0,0.048
SimpleHome_XCS7_1002_WHT_Security_Camera,1000,7,4611,local_oas,0.0,0.99501228,0.7798070351758795,0.0,0.0
SimpleHome_XCS7_1002_WHT_Security_Camera,1000,7,4611,peer_cov_fixed,1.0,0.9909148000000001,0.807732663316583,0.0068,0.7978
SimpleHome_XCS7_1002_WHT_Security_Camera,1000,7,4611,risk_blend,0.08349406629282913,0.99630412,0.8755859296482412,0.0,0.0008
SimpleHome_XCS7_1002_WHT_Security_Camera,1000,7,4611,risk_blend_mismatch,0.017963200303636302,0.9955054799999999,0.8428502512562814,0.0,0.0
SimpleHome_XCS7_1002_WHT_Security_Camera,1000,7,4611,peer_cov_soft,1.0,0.9676904000000001,0.8066793969849246,0.0076,0.6272
SimpleHome_XCS7_1002_WHT_Security_Camera,1000,7,4611,risk_soft_cov,0.9841598114033872,0.9725763199999999,0.8492824120603015,0.0052,0.7072
SimpleHome_XCS7_1002_WHT_Security_Camera,1000,7,4611,risk_soft_cov_mismatch,0.04732937938964619,0.9969520000000001,0.8981748743718594,0.0,0.4342
SimpleHome_XCS7_1002_WHT_Security_Camera,1000,8,24359,shared_oas,1.0,0.99271412,0.7927437185929649,0.1122,1.0
SimpleHome_XCS7_1002_WHT_Security_Camera,1000,8,24359,local_oas,0.0,0.98736128,0.7378271356783921,0.1092,1.0
SimpleHome_XCS7_1002_WHT_Security_Camera,1000,8,24359,peer_cov_fixed,1.0,0.99097364,0.8485768844221105,0.0664,1.0
SimpleHome_XCS7_1002_WHT_Security_Camera,1000,8,24359,risk_blend,0.025063297833028943,0.99322604,0.8638512562814071,0.1134,1.0
SimpleHome_XCS7_1002_WHT_Security_Camera,1000,8,24359,risk_blend_mismatch,0.0045156730925477225,0.99139428,0.8120281407035176,0.1124,1.0
SimpleHome_XCS7_1002_WHT_Security_Camera,1000,8,24359,peer_cov_soft,1.0,0.9686555600000001,0.8007256281407035,0.048,0.8012
SimpleHome_XCS7_1002_WHT_Security_Camera,1000,8,24359,risk_soft_cov,0.9181523493980858,0.98930168,0.8943597989949749,0.023,0.8012
SimpleHome_XCS7_1002_WHT_Security_Camera,1000,8,24359,risk_soft_cov_mismatch,0.008053791432472686,0.99591468,0.8989386934673367,0.0916,1.0
SimpleHome_XCS7_1002_WHT_Security_Camera,1000,9,17701,shared_oas,1.0,0.9972395199999999,0.9008804020100503,0.0,0.4266
SimpleHome_XCS7_1002_WHT_Security_Camera,1000,9,17701,local_oas,0.0,0.99818436,0.9088060301507537,0.0,0.351
SimpleHome_XCS7_1002_WHT_Security_Camera,1000,9,17701,peer_cov_fixed,1.0,0.99136836,0.8022391959798996,0.0046,0.7654
SimpleHome_XCS7_1002_WHT_Security_Camera,1000,9,17701,risk_blend,0.09460923605992069,0.99508792,0.8996884422110552,0.0,0.434
SimpleHome_XCS7_1002_WHT_Security_Camera,1000,9,17701,risk_blend_mismatch,0.02323208922573221,0.99656436,0.900651256281407,0.0,0.3932
SimpleHome_XCS7_1002_WHT_Security_Camera,1000,9,17701,peer_cov_soft,1.0,0.97454596,0.8025949748743719,0.0172,0.7956
SimpleHome_XCS7_1002_WHT_Security_Camera,1000,9,17701,risk_soft_cov,0.9978885562003698,0.97502304,0.8056944723618091,0.017,0.7956
SimpleHome_XCS7_1002_WHT_Security_Camera,1000,9,17701,risk_soft_cov_mismatch,0.05979292643305911,0.9962103600000001,0.9006452261306532,0.0,0.4962
SimpleHome_XCS7_1002_WHT_Security_Camera,1000,10,12584,shared_oas,1.0,0.9957872,0.7883396984924624,0.0886,1.0
SimpleHome_XCS7_1002_WHT_Security_Camera,1000,10,12584,local_oas,0.0,0.99569852,0.7838874371859297,0.0892,1.0
SimpleHome_XCS7_1002_WHT_Security_Camera,1000,10,12584,peer_cov_fixed,1.0,0.99247124,0.8410874371859297,0.0166,0.7996
SimpleHome_XCS7_1002_WHT_Security_Camera,1000,10,12584,risk_blend,0.06887311624628638,0.99960136,0.9801025125628141,0.0346,1.0
SimpleHome_XCS7_1002_WHT_Security_Camera,1000,10,12584,risk_blend_mismatch,0.014821102459397365,0.99849308,0.9244562814070352,0.0714,1.0
SimpleHome_XCS7_1002_WHT_Security_Camera,1000,10,12584,peer_cov_soft,1.0,0.97300536,0.8220422110552764,0.0128,0.7972
SimpleHome_XCS7_1002_WHT_Security_Camera,1000,10,12584,risk_soft_cov,0.985522536502898,0.9771564399999999,0.8547195979899498,0.0116,0.7974
SimpleHome_XCS7_1002_WHT_Security_Camera,1000,10,12584,risk_soft_cov_mismatch,0.04726065531017832,0.99771628,0.8993929648241206,0.035,1.0
SimpleHome_XCS7_1002_WHT_Security_Camera,1000,11,6535,shared_oas,1.0,0.99239436,0.7923517587939699,0.136,1.0
SimpleHome_XCS7_1002_WHT_Security_Camera,1000,11,6535,local_oas,0.0,0.9889504,0.7520261306532663,0.1394,1.0
SimpleHome_XCS7_1002_WHT_Security_Camera,1000,11,6535,peer_cov_fixed,1.0,0.9905531599999999,0.8070150753768844,0.0654,1.0
SimpleHome_XCS7_1002_WHT_Security_Camera,1000,11,6535,risk_blend,0.025157856501479798,0.99413216,0.8731276381909547,0.1208,1.0
SimpleHome_XCS7_1002_WHT_Security_Camera,1000,11,6535,risk_blend_mismatch,0.004407463568679988,0.9935126,0.8493266331658291,0.1302,1.0
SimpleHome_XCS7_1002_WHT_Security_Camera,1000,11,6535,peer_cov_soft,1.0,0.9654743600000001,0.787929648241206,0.0344,0.7964
SimpleHome_XCS7_1002_WHT_Security_Camera,1000,11,6535,risk_soft_cov,0.9107161442150578,0.98987804,0.8897226130653266,0.0096,0.7968
SimpleHome_XCS7_1002_WHT_Security_Camera,1000,11,6535,risk_soft_cov_mismatch,0.007003512433510443,0.9974964,0.8972281407035175,0.1222,1.0
SimpleHome_XCS7_1002_WHT_Security_Camera,1000,12,2450,shared_oas,1.0,0.99631468,0.8149487437185929,0.0278,1.0
SimpleHome_XCS7_1002_WHT_Security_Camera,1000,12,2450,local_oas,0.0,0.99610464,0.8043537688442212,0.0192,1.0
SimpleHome_XCS7_1002_WHT_Security_Camera,1000,12,2450,peer_cov_fixed,1.0,0.9914966,0.8399939698492462,0.0352,0.7974
SimpleHome_XCS7_1002_WHT_Security_Camera,1000,12,2450,risk_blend,0.04508063415646781,0.99917372,0.9585909547738694,0.0024,0.7962
SimpleHome_XCS7_1002_WHT_Security_Camera,1000,12,2450,risk_blend_mismatch,0.008358358565695,0.99837012,0.9181748743718592,0.0122,0.9998
SimpleHome_XCS7_1002_WHT_Security_Camera,1000,12,2450,peer_cov_soft,1.0,0.97240428,0.8230432160804021,0.0136,0.7942
SimpleHome_XCS7_1002_WHT_Security_Camera,1000,12,2450,risk_soft_cov,0.969641055662309,0.98588248,0.8876964824120603,0.0148,0.7956
SimpleHome_XCS7_1002_WHT_Security_Camera,1000,12,2450,risk_soft_cov_mismatch,0.021559499708995084,0.99763924,0.8976924623115579,0.0114,0.7972
SimpleHome_XCS7_1002_WHT_Security_Camera,1000,13,27177,shared_oas,1.0,0.9947661200000001,0.8352603015075377,0.1158,1.0
SimpleHome_XCS7_1002_WHT_Security_Camera,1000,13,27177,local_oas,0.0,0.99000636,0.764713567839196,0.119,1.0
SimpleHome_XCS7_1002_WHT_Security_Camera,1000,13,27177,peer_cov_fixed,1.0,0.992221,0.8375497487437187,0.0552,1.0
SimpleHome_XCS7_1002_WHT_Security_Camera,1000,13,27177,risk_blend,0.023656329527097633,0.99476272,0.8795999999999999,0.1156,1.0
SimpleHome_XCS7_1002_WHT_Security_Camera,1000,13,27177,risk_blend_mismatch,0.00427371937408562,0.9939128799999999,0.8467778894472362,0.113,1.0
SimpleHome_XCS7_1002_WHT_Security_Camera,1000,13,27177,peer_cov_soft,1.0,0.9677001599999999,0.8113547738693467,0.0516,0.7988
SimpleHome_XCS7_1002_WHT_Security_Camera,1000,13,27177,risk_soft_cov,0.9137000366690923,0.98965584,0.8927819095477387,0.0198,0.7988
SimpleHome_XCS7_1002_WHT_Security_Camera,1000,13,27177,risk_soft_cov_mismatch,0.007595122667598966,0.99711128,0.8975497487437187,0.0978,1.0
SimpleHome_XCS7_1002_WHT_Security_Camera,1000,14,1507,shared_oas,1.0,0.99946856,0.9738874371859296,0.0,0.0
SimpleHome_XCS7_1002_WHT_Security_Camera,1000,14,1507,local_oas,0.0,0.99985464,0.9932603015075376,0.0,0.0
SimpleHome_XCS7_1002_WHT_Security_Camera,1000,14,1507,peer_cov_fixed,1.0,0.98877132,0.782,0.0004,0.0534
SimpleHome_XCS7_1002_WHT_Security_Camera,1000,14,1507,risk_blend,0.9285656359764308,0.99523516,0.8298070351758794,0.0,0.0
SimpleHome_XCS7_1002_WHT_Security_Camera,1000,14,1507,risk_blend_mismatch,0.024697868949570847,0.9998338800000001,0.9917547738693466,0.0,0.3196
SimpleHome_XCS7_1002_WHT_Security_Camera,1000,14,1507,peer_cov_soft,1.0,0.98862676,0.7690412060301508,0.0,0.0
SimpleHome_XCS7_1002_WHT_Security_Camera,1000,14,1507,risk_soft_cov,0.9999755226635085,0.98862732,0.7690713567839196,0.0,0.0
SimpleHome_XCS7_1002_WHT_Security_Camera,1000,14,1507,risk_soft_cov_mismatch,0.02523535069702185,0.99982572,0.9913587939698492,0.0,0.0374
SimpleHome_XCS7_1002_WHT_Security_Camera,1000,15,28684,shared_oas,1.0,0.98865264,0.7248743718592965,0.0168,0.5604
SimpleHome_XCS7_1002_WHT_Security_Camera,1000,15,28684,local_oas,0.0,0.98856184,0.7103537688442211,0.0168,0.5388
SimpleHome_XCS7_1002_WHT_Security_Camera,1000,15,28684,peer_cov_fixed,1.0,0.9909712399999999,0.816635175879397,0.0164,0.7992
SimpleHome_XCS7_1002_WHT_Security_Camera,1000,15,28684,risk_blend,0.05343240482272567,0.99248672,0.8675175879396986,0.0016,0.7064
SimpleHome_XCS7_1002_WHT_Security_Camera,1000,15,28684,risk_blend_mismatch,0.010368848455435085,0.9904453599999999,0.798213065326633,0.0036,0.5962
SimpleHome_XCS7_1002_WHT_Security_Camera,1000,15,28684,peer_cov_soft,1.0,0.97053984,0.8116201005025125,0.0156,0.7944
SimpleHome_XCS7_1002_WHT_Security_Camera,1000,15,28684,risk_soft_cov,0.9865792734913367,0.9738782,0.8510251256281407,0.0142,0.795
SimpleHome_XCS7_1002_WHT_Security_Camera,1000,15,28684,risk_soft_cov_mismatch,0.03543134775873833,0.99273524,0.8849447236180905,0.0024,0.7866
SimpleHome_XCS7_1002_WHT_Security_Camera,1000,16,16516,shared_oas,1.0,0.99991076,0.9955155778894471,0.0288,1.0
SimpleHome_XCS7_1002_WHT_Security_Camera,1000,16,16516,local_oas,0.0,0.99988824,0.99438391959799,0.0266,1.0
SimpleHome_XCS7_1002_WHT_Security_Camera,1000,16,16516,peer_cov_fixed,1.0,0.9909662,0.7990130653266332,0.0138,0.8014
SimpleHome_XCS7_1002_WHT_Security_Camera,1000,16,16516,risk_blend,0.057912252621308655,0.9999098,0.995467336683417,0.008,1.0
SimpleHome_XCS7_1002_WHT_Security_Camera,1000,16,16516,risk_blend_mismatch,0.012308253911882906,0.9999636,0.9981708542713568,0.0028,1.0
SimpleHome_XCS7_1002_WHT_Security_Camera,1000,16,16516,peer_cov_soft,1.0,0.97088364,0.8015859296482412,0.017,0.7996
SimpleHome_XCS7_1002_WHT_Security_Camera,1000,16,16516,risk_soft_cov,0.9917587060882112,0.97270264,0.8188261306532663,0.0174,0.8002
SimpleHome_XCS7_1002_WHT_Security_Camera,1000,16,16516,risk_soft_cov_mismatch,0.0443670162830296,0.99976132,0.9880060301507538,0.0032,1.0
SimpleHome_XCS7_1002_WHT_Security_Camera,1000,17,616,shared_oas,1.0,0.9980220000000001,0.9013045226130654,0.0,0.0
SimpleHome_XCS7_1002_WHT_Security_Camera,1000,17,616,local_oas,0.0,0.9986477199999999,0.9397386934673367,0.0,0.0
SimpleHome_XCS7_1002_WHT_Security_Camera,1000,17,616,peer_cov_fixed,1.0,0.99263304,0.828721608040201,0.0,0.0004
SimpleHome_XCS7_1002_WHT_Security_Camera,1000,17,616,risk_blend,0.9397567279160013,0.99695468,0.8575939698492463,0.0,0.0002
SimpleHome_XCS7_1002_WHT_Security_Camera,1000,17,616,risk_blend_mismatch,0.028022843423779052,0.9981262,0.9064864321608039,0.0,0.0
SimpleHome_XCS7_1002_WHT_Security_Camera,1000,17,616,peer_cov_soft,1.0,0.99233728,0.8203859296482412,0.0,0.0
SimpleHome_XCS7_1002_WHT_Security_Camera,1000,17,616,risk_soft_cov,0.9999810446535198,0.99234284,0.8205849246231156,0.0,0.0
SimpleHome_XCS7_1002_WHT_Security_Camera,1000,17,616,risk_soft_cov_mismatch,0.0285209429701596,0.99807524,0.9039095477386934,0.0,0.0
SimpleHome_XCS7_1002_WHT_Security_Camera,1000,18,4933,shared_oas,1.0,0.9938151199999999,0.7853929648241207,0.0,0.3834
SimpleHome_XCS7_1002_WHT_Security_Camera,1000,18,4933,local_oas,0.0,0.99509928,0.7860844221105527,0.0,0.1392
SimpleHome_XCS7_1002_WHT_Security_Camera,1000,18,4933,peer_cov_fixed,1.0,0.99175276,0.8086854271356784,0.0048,0.7984
SimpleHome_XCS7_1002_WHT_Security_Camera,1000,18,4933,risk_blend,0.0859690181677153,0.9965008,0.8757648241206031,0.002,0.73
SimpleHome_XCS7_1002_WHT_Security_Camera,1000,18,4933,risk_blend_mismatch,0.018077601141989995,0.9956158399999999,0.8440201005025125,0.0,0.5876
SimpleHome_XCS7_1002_WHT_Security_Camera,1000,18,4933,peer_cov_soft,1.0,0.96750608,0.8076140703517588,0.0104,0.729
SimpleHome_XCS7_1002_WHT_Security_Camera,1000,18,4933,risk_soft_cov,0.9828702576375523,0.9741615200000001,0.8519798994974874,0.0078,0.7368
SimpleHome_XCS7_1002_WHT_Security_Camera,1000,18,4933,risk_soft_cov_mismatch,0.04286581057819027,0.9973150000000001,0.8987597989949749,0.0,0.699
SimpleHome_XCS7_1002_WHT_Security_Camera,1000,19,23183,shared_oas,1.0,0.98414756,0.7463316582914573,0.0,0.4952
SimpleHome_XCS7_1002_WHT_Security_Camera,1000,19,23183,local_oas,0.0,0.9852112,0.7463236180904522,0.0,0.4746
SimpleHome_XCS7_1002_WHT_Security_Camera,1000,19,23183,peer_cov_fixed,1.0,0.99057244,0.8278773869346734,0.0082,0.7948
SimpleHome_XCS7_1002_WHT_Security_Camera,1000,19,23183,risk_blend,0.07667712660139088,0.9886866000000001,0.8166170854271356,0.0014,0.5748
SimpleHome_XCS7_1002_WHT_Security_Camera,1000,19,23183,risk_blend_mismatch,0.015089897244437414,0.9852392799999999,0.7566311557788945,0.0,0.4952
SimpleHome_XCS7_1002_WHT_Security_Camera,1000,19,23183,peer_cov_soft,1.0,0.9681216400000001,0.7974894472361809,0.0112,0.7354
SimpleHome_XCS7_1002_WHT_Security_Camera,1000,19,23183,risk_soft_cov,0.9875129760868757,0.9708260000000001,0.8258894472361809,0.0104,0.7406
SimpleHome_XCS7_1002_WHT_Security_Camera,1000,19,23183,risk_soft_cov_mismatch,0.04542213691140476,0.99164528,0.869513567839196,0.0,0.5524
SimpleHome_XCS7_1002_WHT_Security_Camera,1000,20,14599,shared_oas,1.0,0.99906724,0.9531778894472362,0.0,0.0
SimpleHome_XCS7_1002_WHT_Security_Camera,1000,20,14599,local_oas,0.0,0.9999018000000001,0.9950673366834171,0.0,0.0
SimpleHome_XCS7_1002_WHT_Security_Camera,1000,20,14599,peer_cov_fixed,1.0,0.9938894,0.8225608040201006,0.0018,0.523
SimpleHome_XCS7_1002_WHT_Security_Camera,1000,20,14599,risk_blend,0.7135406676276487,0.99785748,0.8927195979899497,0.0,0.0
SimpleHome_XCS7_1002_WHT_Security_Camera,1000,20,14599,risk_blend_mismatch,0.038074492528826345,0.99895192,0.9474653266331658,0.0,0.0004
SimpleHome_XCS7_1002_WHT_Security_Camera,1000,20,14599,peer_cov_soft,1.0,0.99371928,0.8358954773869347,0.0,0.0
SimpleHome_XCS7_1002_WHT_Security_Camera,1000,20,14599,risk_soft_cov,0.9999330485485007,0.99376104,0.8360120603015075,0.0,0.0
SimpleHome_XCS7_1002_WHT_Security_Camera,1000,20,14599,risk_soft_cov_mismatch,0.038867786010040616,0.99907124,0.9534391959798996,0.0,0.0
SimpleHome_XCS7_1002_WHT_Security_Camera,1000,21,9661,shared_oas,1.0,0.99999696,0.9998472361809045,0.04,1.0
SimpleHome_XCS7_1002_WHT_Security_Camera,1000,21,9661,local_oas,0.0,0.9999964400000001,0.9998211055276383,0.0384,1.0
SimpleHome_XCS7_1002_WHT_Security_Camera,1000,21,9661,peer_cov_fixed,1.0,0.9949316,0.8266753768844222,0.002,0.5998
SimpleHome_XCS7_1002_WHT_Security_Camera,1000,21,9661,risk_blend,0.11409496080537039,0.9995542399999999,0.9776,0.0088,1.0
SimpleHome_XCS7_1002_WHT_Security_Camera,1000,21,9661,risk_blend_mismatch,0.023837529139339526,0.99999524,0.9997608040201005,0.0158,1.0
SimpleHome_XCS7_1002_WHT_Security_Camera,1000,21,9661,peer_cov_soft,1.0,0.97599688,0.8191437185929649,0.002,0.5838
SimpleHome_XCS7_1002_WHT_Security_Camera,1000,21,9661,risk_soft_cov,0.9983270079599013,0.9775587200000001,0.8230271356783919,0.002,0.587
SimpleHome_XCS7_1002_WHT_Security_Camera,1000,21,9661,risk_soft_cov_mismatch,0.039202501530092686,0.99999992,0.9999959798994974,0.0122,1.0
SimpleHome_XCS7_1002_WHT_Security_Camera,1000,22,28157,shared_oas,1.0,0.9839191600000001,0.7348462311557789,0.0154,0.488
SimpleHome_XCS7_1002_WHT_Security_Camera,1000,22,28157,local_oas,0.0,0.98765116,0.7219959798994975,0.0154,0.4878
SimpleHome_XCS7_1002_WHT_Security_Camera,1000,22,28157,peer_cov_fixed,1.0,0.9912430799999999,0.8381045226130655,0.0176,0.8008
SimpleHome_XCS7_1002_WHT_Security_Camera,1000,22,28157,risk_blend,0.04604761791958555,0.9913583600000001,0.877348743718593,0.0008,0.679
SimpleHome_XCS7_1002_WHT_Security_Camera,1000,22,28157,risk_blend_mismatch,0.008841987437239516,0.9865204399999999,0.7871015075376885,0.0018,0.5744
SimpleHome_XCS7_1002_WHT_Security_Camera,1000,22,28157,peer_cov_soft,1.0,0.97200312,0.817035175879397,0.0144,0.7954
SimpleHome_XCS7_1002_WHT_Security_Camera,1000,22,28157,risk_soft_cov,0.9882714445205745,0.97648996,0.860572864321608,0.014,0.7956
SimpleHome_XCS7_1002_WHT_Security_Camera,1000,22,28157,risk_soft_cov_mismatch,0.03038821565480593,0.99248232,0.8870030150753769,0.0008,0.7476
SimpleHome_XCS7_1002_WHT_Security_Camera,1000,23,27744,shared_oas,1.0,0.99209428,0.8084341708542714,0.137,1.0
SimpleHome_XCS7_1002_WHT_Security_Camera,1000,23,27744,local_oas,0.0,0.9874739199999999,0.7463979899497487,0.1424,1.0
SimpleHome_XCS7_1002_WHT_Security_Camera,1000,23,27744,peer_cov_fixed,1.0,0.98970004,0.7935698492462311,0.0662,1.0
SimpleHome_XCS7_1002_WHT_Security_Camera,1000,23,27744,risk_blend,0.025958073358184938,0.9934799999999999,0.8758894472361809,0.1284,1.0
SimpleHome_XCS7_1002_WHT_Security_Camera,1000,23,27744,risk_blend_mismatch,0.004565409087173193,0.99281988,0.8487778894472362,0.1374,1.0
SimpleHome_XCS7_1002_WHT_Security_Camera,1000,23,27744,peer_cov_soft,1.0,0.96667704,0.7914572864321607,0.0854,0.7992
SimpleHome_XCS7_1002_WHT_Security_Camera,1000,23,27744,risk_soft_cov,0.919005031606859,0.98703308,0.88675175879397,0.0304,0.7994
SimpleHome_XCS7_1002_WHT_Security_Camera,1000,23,27744,risk_soft_cov_mismatch,0.007773226133602739,0.99679824,0.8980603015075377,0.127,1.0
SimpleHome_XCS7_1002_WHT_Security_Camera,1000,24,20514,shared_oas,1.0,0.9901260000000001,0.7724582914572864,0.1274,1.0
SimpleHome_XCS7_1002_WHT_Security_Camera,1000,24,20514,local_oas,0.0,0.9872238400000001,0.7367718592964825,0.137,1.0
SimpleHome_XCS7_1002_WHT_Security_Camera,1000,24,20514,peer_cov_fixed,1.0,0.9907648,0.8154010050251257,0.0514,1.0
SimpleHome_XCS7_1002_WHT_Security_Camera,1000,24,20514,risk_blend,0.025336320029657262,0.9932626,0.8615618090452262,0.1178,1.0
SimpleHome_XCS7_1002_WHT_Security_Camera,1000,24,20514,risk_blend_mismatch,0.004472895841267044,0.99136056,0.803175879396985,0.125,1.0
SimpleHome_XCS7_1002_WHT_Security_Camera,1000,24,20514,peer_cov_soft,1.0,0.9677840400000001,0.8018834170854271,0.0426,0.7954
SimpleHome_XCS7_1002_WHT_Security_Camera,1000,24,20514,risk_soft_cov,0.917413134632378,0.98933108,0.889059296482412,0.016,0.7954
SimpleHome_XCS7_1002_WHT_Security_Camera,1000,24,20514,risk_soft_cov_mismatch,0.0076517637236803064,0.99595936,0.8961849246231155,0.1148,1.0
SimpleHome_XCS7_1002_WHT_Security_Camera,1000,25,24738,shared_oas,1.0,0.9967804,0.8624120603015075,0.1222,1.0
SimpleHome_XCS7_1002_WHT_Security_Camera,1000,25,24738,local_oas,0.0,0.990434,0.7474090452261306,0.1234,1.0
SimpleHome_XCS7_1002_WHT_Security_Camera,1000,25,24738,peer_cov_fixed,1.0,0.99119124,0.8254311557788945,0.0658,1.0
SimpleHome_XCS7_1002_WHT_Security_Camera,1000,25,24738,risk_blend,0.02783922733346359,0.99468156,0.8889065326633165,0.1232,1.0
SimpleHome_XCS7_1002_WHT_Security_Camera,1000,25,24738,risk_blend_mismatch,0.00476117140336761,0.99488892,0.871035175879397,0.1262,1.0
SimpleHome_XCS7_1002_WHT_Security_Camera,1000,25,24738,peer_cov_soft,1.0,0.96738336,0.7948040201005024,0.0436,0.8038
SimpleHome_XCS7_1002_WHT_Security_Camera,1000,25,24738,risk_soft_cov,0.9199279269666797,0.98974996,0.8945447236180906,0.012,0.8038
SimpleHome_XCS7_1002_WHT_Security_Camera,1000,25,24738,risk_soft_cov_mismatch,0.007637130331304829,0.9990022,0.9500502512562814,0.1258,1.0
SimpleHome_XCS7_1002_WHT_Security_Camera,1000,26,14621,shared_oas,1.0,0.99893688,0.9465768844221105,0.0,0.0
SimpleHome_XCS7_1002_WHT_Security_Camera,1000,26,14621,local_oas,0.0,0.9998971999999999,0.9948341708542714,0.0,0.0
SimpleHome_XCS7_1002_WHT_Security_Camera,1000,26,14621,peer_cov_fixed,1.0,0.9940732400000001,0.8168,0.0022,0.5188
SimpleHome_XCS7_1002_WHT_Security_Camera,1000,26,14621,risk_blend,0.7137990437667256,0.99800752,0.9000824120603015,0.0,0.0002
SimpleHome_XCS7_1002_WHT_Security_Camera,1000,26,14621,risk_blend_mismatch,0.03798032116860812,0.9989133200000001,0.9454291457286432,0.0,0.0008
SimpleHome_XCS7_1002_WHT_Security_Camera,1000,26,14621,peer_cov_soft,1.0,0.9939512399999999,0.8349105527638191,0.0,0.0002
SimpleHome_XCS7_1002_WHT_Security_Camera,1000,26,14621,risk_soft_cov,0.9999321102904605,0.9939536,0.8350291457286432,0.0,0.0002
SimpleHome_XCS7_1002_WHT_Security_Camera,1000,26,14621,risk_soft_cov_mismatch,0.03877617156885667,0.9990346400000001,0.9515035175879397,0.0,0.0002
SimpleHome_XCS7_1002_WHT_Security_Camera,1000,27,10252,shared_oas,1.0,0.99993484,0.9967256281407035,0.042,1.0
SimpleHome_XCS7_1002_WHT_Security_Camera,1000,27,10252,local_oas,0.0,0.99992504,0.9962331658291457,0.0434,1.0
SimpleHome_XCS7_1002_WHT_Security_Camera,1000,27,10252,peer_cov_fixed,1.0,0.9940205999999999,0.8298432160804021,0.0018,0.6316
SimpleHome_XCS7_1002_WHT_Security_Camera,1000,27,10252,risk_blend,0.10548566704275165,0.9998744399999999,0.9936904522613066,0.006,1.0
SimpleHome_XCS7_1002_WHT_Security_Camera,1000,27,10252,risk_blend_mismatch,0.02284666061763676,0.9999954000000001,0.9997688442211055,0.009,1.0
SimpleHome_XCS7_1002_WHT_Security_Camera,1000,27,10252,peer_cov_soft,1.0,0.9739070000000001,0.8107015075376884,0.002,0.6108
SimpleHome_XCS7_1002_WHT_Security_Camera,1000,27,10252,risk_soft_cov,0.9968846672894071,0.9757582,0.8200723618090452,0.002,0.614
SimpleHome_XCS7_1002_WHT_Security_Camera,1000,27,10252,risk_soft_cov_mismatch,0.04663800926977892,0.9998779999999999,0.9938693467336683,0.007,1.0
SimpleHome_XCS7_1002_WHT_Security_Camera,1000,28,17092,shared_oas,1.0,0.99540052,0.7694633165829146,0.029,1.0
SimpleHome_XCS7_1002_WHT_Security_Camera,1000,28,17092,local_oas,0.0,0.9950260400000001,0.7506633165829146,0.0196,1.0
SimpleHome_XCS7_1002_WHT_Security_Camera,1000,28,17092,peer_cov_fixed,1.0,0.99217584,0.8566773869346733,0.037,1.0
SimpleHome_XCS7_1002_WHT_Security_Camera,1000,28,17092,risk_blend,0.04388873917760514,0.99849864,0.9248502512562815,0.0072,0.9986
SimpleHome_XCS7_1002_WHT_Security_Camera,1000,28,17092,risk_blend_mismatch,0.008450110144117706,0.99806476,0.9031276381909548,0.0166,1.0
SimpleHome_XCS7_1002_WHT_Security_Camera,1000,28,17092,peer_cov_soft,1.0,0.97411892,0.836313567839196,0.0342,0.8022
SimpleHome_XCS7_1002_WHT_Security_Camera,1000,28,17092,risk_soft_cov,0.978699482291102,0.98248536,0.882611055276382,0.0234,0.8022
SimpleHome_XCS7_1002_WHT_Security_Camera,1000,28,17092,risk_soft_cov_mismatch,0.028934284616367517,0.99745768,0.9000482412060302,0.0114,0.8024
SimpleHome_XCS7_1002_WHT_Security_Camera,1000,29,9338,shared_oas,1.0,0.99999744,0.9998713567839196,0.0,0.4134
SimpleHome_XCS7_1002_WHT_Security_Camera,1000,29,9338,local_oas,0.0,0.99999708,0.9998532663316583,0.0,0.3966
SimpleHome_XCS7_1002_WHT_Security_Camera,1000,29,9338,peer_cov_fixed,1.0,0.9924644,0.8233085427135678,0.0018,0.5548
SimpleHome_XCS7_1002_WHT_Security_Camera,1000,29,9338,risk_blend,0.08373348436225311,0.999582,0.9789969849246232,0.0,0.3944
SimpleHome_XCS7_1002_WHT_Security_Camera,1000,29,9338,risk_blend_mismatch,0.019814338147324032,0.9999910799999999,0.9995517587939697,0.0,0.0178
SimpleHome_XCS7_1002_WHT_Security_Camera,1000,29,9338,peer_cov_soft,1.0,0.9701893600000001,0.8056321608040201,0.0018,0.5654
SimpleHome_XCS7_1002_WHT_Security_Camera,1000,29,9338,risk_soft_cov,0.9933006501404675,0.9723282,0.8191256281407036,0.0002,0.5652
SimpleHome_XCS7_1002_WHT_Security_Camera,1000,29,9338,risk_soft_cov_mismatch,0.061585562665756814,0.99967692,0.983764824120603,0.0,0.5818
SimpleHome_XCS7_1003_WHT_Security_Camera,30,0,12275,shared_oas,1.0,0.99999908,0.999953768844221,0.9598,1.0
SimpleHome_XCS7_1003_WHT_Security_Camera,30,0,12275,local_oas,0.0,0.9999996800000001,0.9999839195979899,0.9636,1.0
SimpleHome_XCS7_1003_WHT_Security_Camera,30,0,12275,peer_cov_fixed,1.0,0.99999932,0.9999658291457287,0.0908,1.0
SimpleHome_XCS7_1003_WHT_Security_Camera,30,0,12275,risk_blend,0.2574276410560594,0.9999994,0.9999698492462312,0.9662,1.0
SimpleHome_XCS7_1003_WHT_Security_Camera,30,0,12275,risk_blend_mismatch,0.058649668195810904,0.9999992799999999,0.9999638190954774,0.973,1.0
SimpleHome_XCS7_1003_WHT_Security_Camera,30,0,12275,peer_cov_soft,1.0,0.99987704,0.9938211055276382,0.04,1.0
SimpleHome_XCS7_1003_WHT_Security_Camera,30,0,12275,risk_soft_cov,0.9994597763573895,0.99987704,0.9938211055276382,0.038,1.0
SimpleHome_XCS7_1003_WHT_Security_Camera,30,0,12275,risk_soft_cov_mismatch,0.08206663647933847,0.99999972,0.9999859296482412,0.954,1.0
SimpleHome_XCS7_1003_WHT_Security_Camera,30,1,2975,shared_oas,1.0,0.99999868,0.9999336683417086,0.155,1.0
SimpleHome_XCS7_1003_WHT_Security_Camera,30,1,2975,local_oas,0.0,0.99999976,0.9999879396984924,0.2058,1.0
SimpleHome_XCS7_1003_WHT_Security_Camera,30,1,2975,peer_cov_fixed,1.0,0.9999990400000001,0.9999517587939699,0.0448,1.0
SimpleHome_XCS7_1003_WHT_Security_Camera,30,1,2975,risk_blend,0.23720094676654788,0.9999994,0.9999698492462312,0.1098,1.0
SimpleHome_XCS7_1003_WHT_Security_Camera,30,1,2975,risk_blend_mismatch,0.05640603360274886,0.99999916,0.9999577889447235,0.1656,1.0
SimpleHome_XCS7_1003_WHT_Security_Camera,30,1,2975,peer_cov_soft,1.0,0.99992344,0.9961527638190955,0.1052,1.0
SimpleHome_XCS7_1003_WHT_Security_Camera,30,1,2975,risk_soft_cov,0.9993488090867473,0.99992344,0.9961527638190955,0.104,1.0
SimpleHome_XCS7_1003_WHT_Security_Camera,30,1,2975,risk_soft_cov_mismatch,0.0831105005120912,0.99999976,0.9999879396984924,0.1588,1.0
SimpleHome_XCS7_1003_WHT_Security_Camera,30,2,6607,shared_oas,1.0,0.9999986399999999,0.9999316582914572,0.0652,1.0
SimpleHome_XCS7_1003_WHT_Security_Camera,30,2,6607,local_oas,0.0,0.99999984,0.9999919597989949,0.0732,1.0
SimpleHome_XCS7_1003_WHT_Security_Camera,30,2,6607,peer_cov_fixed,1.0,0.99999904,0.9999517587939698,0.0288,1.0
SimpleHome_XCS7_1003_WHT_Security_Camera,30,2,6607,risk_blend,0.2420847867433221,0.9999995199999999,0.9999758793969848,0.0544,1.0
SimpleHome_XCS7_1003_WHT_Security_Camera,30,2,6607,risk_blend_mismatch,0.05960983455896068,0.9999990799999999,0.999953768844221,0.0758,1.0
SimpleHome_XCS7_1003_WHT_Security_Camera,30,2,6607,peer_cov_soft,1.0,0.99992048,0.9960040201005025,0.1086,1.0
SimpleHome_XCS7_1003_WHT_Security_Camera,30,2,6607,risk_soft_cov,0.9993600389175841,0.99992048,0.9960040201005025,0.1064,1.0
SimpleHome_XCS7_1003_WHT_Security_Camera,30,2,6607,risk_soft_cov_mismatch,0.0889452914632463,1.0,1.0,0.0676,1.0
SimpleHome_XCS7_1003_WHT_Security_Camera,30,3,10756,shared_oas,1.0,0.99999852,0.9999256281407035,0.1054,1.0
SimpleHome_XCS7_1003_WHT_Security_Camera,30,3,10756,local_oas,0.0,1.0,1.0,0.1226,1.0
SimpleHome_XCS7_1003_WHT_Security_Camera,30,3,10756,peer_cov_fixed,1.0,0.99999904,0.9999517587939698,0.0342,1.0
SimpleHome_XCS7_1003_WHT_Security_Camera,30,3,10756,risk_blend,0.23807397077578296,0.9999991199999999,0.9999557788944724,0.0922,1.0
SimpleHome_XCS7_1003_WHT_Security_Camera,30,3,10756,risk_blend_mismatch,0.05669883765818631,0.9999988399999999,0.9999417085427136,0.1194,1.0
SimpleHome_XCS7_1003_WHT_Security_Camera,30,3,10756,peer_cov_soft,1.0,0.99988132,0.9940361809045226,0.1042,1.0
SimpleHome_XCS7_1003_WHT_Security_Camera,30,3,10756,risk_soft_cov,0.9993518811223373,0.99988132,0.9940361809045226,0.103,1.0
SimpleHome_XCS7_1003_WHT_Security_Camera,30,3,10756,risk_soft_cov_mismatch,0.08356146701773785,1.0,1.0,0.1112,1.0
SimpleHome_XCS7_1003_WHT_Security_Camera,30,4,3651,shared_oas,1.0,0.99999944,0.9999718592964824,0.0792,1.0
SimpleHome_XCS7_1003_WHT_Security_Camera,30,4,3651,local_oas,0.0,0.99999964,0.9999819095477387,0.0818,1.0
SimpleHome_XCS7_1003_WHT_Security_Camera,30,4,3651,peer_cov_fixed,1.0,0.99999812,0.999905527638191,0.0384,1.0
SimpleHome_XCS7_1003_WHT_Security_Camera,30,4,3651,risk_blend,0.2489182637360783,0.99999868,0.9999336683417085,0.1064,1.0
SimpleHome_XCS7_1003_WHT_Security_Camera,30,4,3651,risk_blend_mismatch,0.05581270775434345,0.999999,0.9999497487437186,0.1088,1.0
SimpleHome_XCS7_1003_WHT_Security_Camera,30,4,3651,peer_cov_soft,1.0,0.99988176,0.9940582914572864,0.078,1.0
SimpleHome_XCS7_1003_WHT_Security_Camera,30,4,3651,risk_soft_cov,0.9995014113971721,0.99988176,0.9940582914572864,0.0778,1.0
SimpleHome_XCS7_1003_WHT_Security_Camera,30,4,3651,risk_soft_cov_mismatch,0.07837596453650095,0.99999964,0.9999819095477387,0.0996,1.0
SimpleHome_XCS7_1003_WHT_Security_Camera,30,5,195,shared_oas,1.0,0.9999424,0.9971055276381908,0.626,1.0
SimpleHome_XCS7_1003_WHT_Security_Camera,30,5,195,local_oas,0.0,0.9999252799999999,0.9962452261306532,0.0002,0.985
SimpleHome_XCS7_1003_WHT_Security_Camera,30,5,195,peer_cov_fixed,1.0,0.99991884,0.9959216080402009,0.0018,1.0
SimpleHome_XCS7_1003_WHT_Security_Camera,30,5,195,risk_blend,0.35947434473939593,0.9999548399999999,0.9977306532663317,0.0016,0.999
SimpleHome_XCS7_1003_WHT_Security_Camera,30,5,195,risk_blend_mismatch,0.09561330712024096,0.99995044,0.9975095477386935,0.0002,0.9926
SimpleHome_XCS7_1003_WHT_Security_Camera,30,5,195,peer_cov_soft,1.0,0.9991642000000001,0.958,0.003,0.8012
SimpleHome_XCS7_1003_WHT_Security_Camera,30,5,195,risk_soft_cov,0.9998428397987575,0.9991642000000001,0.958,0.003,0.8012
SimpleHome_XCS7_1003_WHT_Security_Camera,30,5,195,risk_soft_cov_mismatch,0.21238229998849162,0.9999170799999999,0.9958331658291457,0.0,0.7828
SimpleHome_XCS7_1003_WHT_Security_Camera,30,6,3626,shared_oas,1.0,0.99999416,0.9997065326633165,0.0906,1.0
SimpleHome_XCS7_1003_WHT_Security_Camera,30,6,3626,local_oas,0.0,0.9999994000000001,0.9999698492462312,0.087,1.0
SimpleHome_XCS7_1003_WHT_Security_Camera,30,6,3626,peer_cov_fixed,1.0,0.9999992799999999,0.9999638190954774,0.0228,1.0
SimpleHome_XCS7_1003_WHT_Security_Camera,30,6,3626,risk_blend,0.24930191841277258,0.9999992,0.9999597989949749,0.11,1.0
SimpleHome_XCS7_1003_WHT_Security_Camera,30,6,3626,risk_blend_mismatch,0.05525078065308461,0.99999768,0.9998834170854272,0.1084,1.0
SimpleHome_XCS7_1003_WHT_Security_Camera,30,6,3626,peer_cov_soft,1.0,0.99988168,0.9940542713567839,0.0534,1.0
SimpleHome_XCS7_1003_WHT_Security_Camera,30,6,3626,risk_soft_cov,0.9995161336698325,0.99988168,0.9940542713567839,0.0526,1.0
SimpleHome_XCS7_1003_WHT_Security_Camera,30,6,3626,risk_soft_cov_mismatch,0.07739296166026989,1.0,1.0,0.0994,1.0
SimpleHome_XCS7_1003_WHT_Security_Camera,30,7,12420,shared_oas,1.0,0.99999968,0.9999839195979899,0.078,1.0
SimpleHome_XCS7_1003_WHT_Security_Camera,30,7,12420,local_oas,0.0,0.99999968,0.9999839195979899,0.0786,1.0
SimpleHome_XCS7_1003_WHT_Security_Camera,30,7,12420,peer_cov_fixed,1.0,0.99999752,0.9998753768844221,0.1412,1.0
SimpleHome_XCS7_1003_WHT_Security_Camera,30,7,12420,risk_blend,0.2519035241211671,0.9999978,0.999889447236181,0.9036,1.0
SimpleHome_XCS7_1003_WHT_Security_Camera,30,7,12420,risk_blend_mismatch,0.05907669750596609,0.99999796,0.999897487437186,0.9458,1.0
SimpleHome_XCS7_1003_WHT_Security_Camera,30,7,12420,peer_cov_soft,1.0,0.999877,0.9938190954773869,0.0922,1.0
SimpleHome_XCS7_1003_WHT_Security_Camera,30,7,12420,risk_soft_cov,0.999431169281285,0.999877,0.9938190954773869,0.091,1.0
SimpleHome_XCS7_1003_WHT_Security_Camera,30,7,12420,risk_soft_cov_mismatch,0.0843396198422896,0.99999968,0.9999839195979899,0.8408,1.0
SimpleHome_XCS7_1003_WHT_Security_Camera,30,8,343,shared_oas,1.0,0.9999448000000001,0.9972261306532664,0.5696,1.0
SimpleHome_XCS7_1003_WHT_Security_Camera,30,8,343,local_oas,0.0,0.9999811200000001,0.999051256281407,0.0016,1.0
SimpleHome_XCS7_1003_WHT_Security_Camera,30,8,343,peer_cov_fixed,1.0,0.99992116,0.9960381909547739,0.0026,1.0
SimpleHome_XCS7_1003_WHT_Security_Camera,30,8,343,risk_blend,0.46280536762486046,0.99995352,0.9976643216080402,0.0018,1.0
SimpleHome_XCS7_1003_WHT_Security_Camera,30,8,343,risk_blend_mismatch,0.17930950422428635,0.99998752,0.999372864321608,0.0016,1.0
SimpleHome_XCS7_1003_WHT_Security_Camera,30,8,343,peer_cov_soft,1.0,0.99941496,0.9706010050251257,0.0046,1.0
SimpleHome_XCS7_1003_WHT_Security_Camera,30,8,343,risk_soft_cov,0.999888589485566,0.99945392,0.9725587939698492,0.0046,1.0
SimpleHome_XCS7_1003_WHT_Security_Camera,30,8,343,risk_soft_cov_mismatch,0.31823973428319996,0.99995868,0.9979236180904523,0.0014,0.9998
SimpleHome_XCS7_1003_WHT_Security_Camera,30,9,3518,shared_oas,1.0,0.9999969200000001,0.9998452261306532,0.4408,1.0
SimpleHome_XCS7_1003_WHT_Security_Camera,30,9,3518,local_oas,0.0,1.0,1.0,0.4454,1.0
SimpleHome_XCS7_1003_WHT_Security_Camera,30,9,3518,peer_cov_fixed,1.0,0.99999804,0.9999015075376885,0.0636,1.0
SimpleHome_XCS7_1003_WHT_Security_Camera,30,9,3518,risk_blend,0.2662537096997342,0.99999848,0.9999236180904523,0.429,1.0
SimpleHome_XCS7_1003_WHT_Security_Camera,30,9,3518,risk_blend_mismatch,0.0589271503161633,0.99999824,0.9999115577889448,0.4446,1.0
SimpleHome_XCS7_1003_WHT_Security_Camera,30,9,3518,peer_cov_soft,1.0,0.99987748,0.993843216080402,0.1142,1.0
SimpleHome_XCS7_1003_WHT_Security_Camera,30,9,3518,risk_soft_cov,0.9995545305137258,0.99987748,0.993843216080402,0.1132,1.0
SimpleHome_XCS7_1003_WHT_Security_Camera,30,9,3518,risk_soft_cov_mismatch,0.0800173731853205,1.0,1.0,0.4414,1.0
SimpleHome_XCS7_1003_WHT_Security_Camera,30,10,9591,shared_oas,1.0,0.99998636,0.9993145728643216,0.084,1.0
SimpleHome_XCS7_1003_WHT_Security_Camera,30,10,9591,local_oas,0.0,0.99999072,0.9995336683417085,0.0856,1.0
SimpleHome_XCS7_1003_WHT_Security_Camera,30,10,9591,peer_cov_fixed,1.0,0.99999872,0.9999356783919597,0.1194,1.0
SimpleHome_XCS7_1003_WHT_Security_Camera,30,10,9591,risk_blend,0.2135763239671765,0.9999980799999999,0.9999035175879396,0.0986,1.0
SimpleHome_XCS7_1003_WHT_Security_Camera,30,10,9591,risk_blend_mismatch,0.049442336756406885,0.99999776,0.9998874371859297,0.0948,1.0
SimpleHome_XCS7_1003_WHT_Security_Camera,30,10,9591,peer_cov_soft,1.0,0.99988108,0.9940241206030151,0.3984,1.0
SimpleHome_XCS7_1003_WHT_Security_Camera,30,10,9591,risk_soft_cov,0.9993322194635569,0.99988108,0.9940241206030151,0.3984,1.0
SimpleHome_XCS7_1003_WHT_Security_Camera,30,10,9591,risk_soft_cov_mismatch,0.0760475117814553,0.99999968,0.9999839195979899,0.0888,1.0
SimpleHome_XCS7_1003_WHT_Security_Camera,30,11,12460,shared_oas,1.0,0.9999998,0.9999899497487437,0.0024,1.0
SimpleHome_XCS7_1003_WHT_Security_Camera,30,11,12460,local_oas,0.0,1.0,1.0,0.002,1.0
SimpleHome_XCS7_1003_WHT_Security_Camera,30,11,12460,peer_cov_fixed,1.0,0.99999836,0.9999175879396984,0.0046,1.0
SimpleHome_XCS7_1003_WHT_Security_Camera,30,11,12460,risk_blend,0.25021898073567467,0.9999979999999999,0.9998994974874371,0.0044,1.0
SimpleHome_XCS7_1003_WHT_Security_Camera,30,11,12460,risk_blend_mismatch,0.058103904120712105,0.9999988799999999,0.9999437185929648,0.004,1.0
SimpleHome_XCS7_1003_WHT_Security_Camera,30,11,12460,peer_cov_soft,1.0,0.99987604,0.9937708542713568,0.006,1.0
SimpleHome_XCS7_1003_WHT_Security_Camera,30,11,12460,risk_soft_cov,0.9994796011802178,0.99987604,0.9937708542713568,0.006,1.0
SimpleHome_XCS7_1003_WHT_Security_Camera,30,11,12460,risk_soft_cov_mismatch,0.0839085587155461,1.0,1.0,0.0038,1.0
SimpleHome_XCS7_1003_WHT_Security_Camera,30,12,8606,shared_oas,1.0,0.9999977600000001,0.9998874371859297,0.1508,1.0
SimpleHome_XCS7_1003_WHT_Security_Camera,30,12,8606,local_oas,0.0,0.9999996800000001,0.9999839195979899,0.2048,1.0
SimpleHome_XCS7_1003_WHT_Security_Camera,30,12,8606,peer_cov_fixed,1.0,0.99999916,0.9999577889447235,0.0766,1.0
SimpleHome_XCS7_1003_WHT_Security_Camera,30,12,8606,risk_blend,0.2481297424889332,0.9999992400000001,0.999961809045226,0.1246,1.0
SimpleHome_XCS7_1003_WHT_Security_Camera,30,12,8606,risk_blend_mismatch,0.057403717210557495,0.99999896,0.9999477386934673,0.1652,1.0
SimpleHome_XCS7_1003_WHT_Security_Camera,30,12,8606,peer_cov_soft,1.0,0.99995972,0.9979758793969848,0.3502,1.0
SimpleHome_XCS7_1003_WHT_Security_Camera,30,12,8606,risk_soft_cov,0.9994202156613631,0.99995972,0.9979758793969848,0.3348,1.0
SimpleHome_XCS7_1003_WHT_Security_Camera,30,12,8606,risk_soft_cov_mismatch,0.08168495142454367,0.99999972,0.9999859296482412,0.157,1.0
SimpleHome_XCS7_1003_WHT_Security_Camera,30,13,5649,shared_oas,1.0,0.99999948,0.9999738693467337,0.028,1.0
SimpleHome_XCS7_1003_WHT_Security_Camera,30,13,5649,local_oas,0.0,1.0,1.0,0.0316,1.0
SimpleHome_XCS7_1003_WHT_Security_Camera,30,13,5649,peer_cov_fixed,1.0,1.0,1.0,0.0382,1.0
SimpleHome_XCS7_1003_WHT_Security_Camera,30,13,5649,risk_blend,0.2394966470606376,1.0,1.0,0.0436,1.0
SimpleHome_XCS7_1003_WHT_Security_Camera,30,13,5649,risk_blend_mismatch,0.0560701871569328,0.99999916,0.9999577889447235,0.043,1.0
SimpleHome_XCS7_1003_WHT_Security_Camera,30,13,5649,peer_cov_soft,1.0,0.9999192800000001,0.9959437185929649,0.0876,1.0
SimpleHome_XCS7_1003_WHT_Security_Camera,30,13,5649,risk_soft_cov,0.9993785349133694,0.9999192800000001,0.9959437185929649,0.0858,1.0
SimpleHome_XCS7_1003_WHT_Security_Camera,30,13,5649,risk_soft_cov_mismatch,0.0818649807304438,1.0,1.0,0.0356,1.0
SimpleHome_XCS7_1003_WHT_Security_Camera,30,14,2368,shared_oas,1.0,0.99999744,0.9998713567839196,0.0498,1.0
SimpleHome_XCS7_1003_WHT_Security_Camera,30,14,2368,local_oas,0.0,0.99999928,0.9999638190954774,0.072,1.0
SimpleHome_XCS7_1003_WHT_Security_Camera,30,14,2368,peer_cov_fixed,1.0,0.9999990400000001,0.9999517587939699,0.0246,1.0
SimpleHome_XCS7_1003_WHT_Security_Camera,30,14,2368,risk_blend,0.25349153717873196,0.99999932,0.9999658291457287,0.0442,1.0
SimpleHome_XCS7_1003_WHT_Security_Camera,30,14,2368,risk_blend_mismatch,0.06089700579909396,0.99999888,0.9999437185929648,0.0802,1.0
SimpleHome_XCS7_1003_WHT_Security_Camera,30,14,2368,peer_cov_soft,1.0,0.99988524,0.9942331658291457,0.0884,1.0
SimpleHome_XCS7_1003_WHT_Security_Camera,30,14,2368,risk_soft_cov,0.9994677564956476,0.99988524,0.9942331658291457,0.0868,1.0
SimpleHome_XCS7_1003_WHT_Security_Camera,30,14,2368,risk_soft_cov_mismatch,0.08734018597523852,0.99999976,0.9999879396984924,0.0538,1.0
SimpleHome_XCS7_1003_WHT_Security_Camera,30,15,10391,shared_oas,1.0,1.0,1.0,0.0,0.7968
SimpleHome_XCS7_1003_WHT_Security_Camera,30,15,10391,local_oas,0.0,1.0,1.0,0.0,0.7938
SimpleHome_XCS7_1003_WHT_Security_Camera,30,15,10391,peer_cov_fixed,1.0,0.99999896,0.9999477386934674,0.0018,1.0
SimpleHome_XCS7_1003_WHT_Security_Camera,30,15,10391,risk_blend,0.3207368664910073,0.9997578,0.9878291457286432,0.0002,0.7982
SimpleHome_XCS7_1003_WHT_Security_Camera,30,15,10391,risk_blend_mismatch,0.08059659448305416,0.9999192400000001,0.9959417085427136,0.0006,1.0
SimpleHome_XCS7_1003_WHT_Security_Camera,30,15,10391,peer_cov_soft,1.0,0.9998385599999999,0.9918874371859296,0.002,1.0
SimpleHome_XCS7_1003_WHT_Security_Camera,30,15,10391,risk_soft_cov,0.9996452297425398,0.9998385599999999,0.9918874371859296,0.002,1.0
SimpleHome_XCS7_1003_WHT_Security_Camera,30,15,10391,risk_soft_cov_mismatch,0.1113694129674148,0.9996768399999999,0.9837608040201005,0.0016,0.7982
SimpleHome_XCS7_1003_WHT_Security_Camera,30,16,10475,shared_oas,1.0,0.99999992,0.9999959798994975,0.0536,1.0
SimpleHome_XCS7_1003_WHT_Security_Camera,30,16,10475,local_oas,0.0,1.0,1.0,0.0468,1.0
SimpleHome_XCS7_1003_WHT_Security_Camera,30,16,10475,peer_cov_fixed,1.0,0.99999888,0.9999437185929648,0.05,1.0
SimpleHome_XCS7_1003_WHT_Security_Camera,30,16,10475,risk_blend,0.2502137244007693,1.0,1.0,0.0766,1.0
SimpleHome_XCS7_1003_WHT_Security_Camera,30,16,10475,risk_blend_mismatch,0.060237634335621716,1.0,1.0,0.0686,1.0
SimpleHome_XCS7_1003_WHT_Security_Camera,30,16,10475,peer_cov_soft,1.0,0.9999222400000001,0.9960924623115578,0.1288,1.0
SimpleHome_XCS7_1003_WHT_Security_Camera,30,16,10475,risk_soft_cov,0.9994221805266057,0.9999222400000001,0.9960924623115578,0.1252,1.0
SimpleHome_XCS7_1003_WHT_Security_Camera,30,16,10475,risk_soft_cov_mismatch,0.08701013976462035,1.0,1.0,0.0638,1.0
SimpleHome_XCS7_1003_WHT_Security_Camera,30,17,5429,shared_oas,1.0,0.9999986399999999,0.9999316582914572,0.061,1.0
SimpleHome_XCS7_1003_WHT_Security_Camera,30,17,5429,local_oas,0.0,0.99999964,0.9999819095477387,0.028,1.0
SimpleHome_XCS7_1003_WHT_Security_Camera,30,17,5429,peer_cov_fixed,1.0,0.9999984799999999,0.9999236180904523,0.031,1.0
SimpleHome_XCS7_1003_WHT_Security_Camera,30,17,5429,risk_blend,0.2674549711810872,1.0,1.0,0.1188,1.0
SimpleHome_XCS7_1003_WHT_Security_Camera,30,17,5429,risk_blend_mismatch,0.06042575373498608,1.0,1.0,0.1126,1.0
SimpleHome_XCS7_1003_WHT_Security_Camera,30,17,5429,peer_cov_soft,1.0,0.9999208,0.9960201005025126,0.0608,1.0
SimpleHome_XCS7_1003_WHT_Security_Camera,30,17,5429,risk_soft_cov,0.9995630965163543,0.9999208,0.9960201005025126,0.0602,1.0
SimpleHome_XCS7_1003_WHT_Security_Camera,30,17,5429,risk_soft_cov_mismatch,0.08195665133667696,1.0,1.0,0.08,1.0
SimpleHome_XCS7_1003_WHT_Security_Camera,30,18,9077,shared_oas,1.0,0.99999444,0.9997206030150754,0.0884,1.0
SimpleHome_XCS7_1003_WHT_Security_Camera,30,18,9077,local_oas,0.0,1.0,1.0,0.0872,1.0
SimpleHome_XCS7_1003_WHT_Security_Camera,30,18,9077,peer_cov_fixed,1.0,0.99999912,0.9999557788944724,0.0194,1.0
SimpleHome_XCS7_1003_WHT_Security_Camera,30,18,9077,risk_blend,0.2354187232247563,0.9999982000000001,0.9999095477386934,0.094,1.0
SimpleHome_XCS7_1003_WHT_Security_Camera,30,18,9077,risk_blend_mismatch,0.052916571583826885,0.99999664,0.9998311557788944,0.1022,1.0
SimpleHome_XCS7_1003_WHT_Security_Camera,30,18,9077,peer_cov_soft,1.0,0.9998801199999999,0.993975879396985,0.0288,1.0
SimpleHome_XCS7_1003_WHT_Security_Camera,30,18,9077,risk_soft_cov,0.9994267117559245,0.9998801199999999,0.993975879396985,0.0276,1.0
SimpleHome_XCS7_1003_WHT_Security_Camera,30,18,9077,risk_soft_cov_mismatch,0.0767741291216787,1.0,1.0,0.094,1.0
SimpleHome_XCS7_1003_WHT_Security_Camera,30,19,5157,shared_oas,1.0,0.9999948,0.9997386934673367,0.4398,1.0
SimpleHome_XCS7_1003_WHT_Security_Camera,30,19,5157,local_oas,0.0,0.99999876,0.999937688442211,0.443,1.0
SimpleHome_XCS7_1003_WHT_Security_Camera,30,19,5157,peer_cov_fixed,1.0,0.99999968,0.9999839195979899,0.077,1.0
SimpleHome_XCS7_1003_WHT_Security_Camera,30,19,5157,risk_blend,0.2518719118102143,0.99999964,0.9999819095477387,0.4332,1.0
SimpleHome_XCS7_1003_WHT_Security_Camera,30,19,5157,risk_blend_mismatch,0.05733141711904966,0.9999986399999999,0.9999316582914572,0.4478,1.0
SimpleHome_XCS7_1003_WHT_Security_Camera,30,19,5157,peer_cov_soft,1.0,0.99988048,0.9939939698492463,0.1144,1.0
SimpleHome_XCS7_1003_WHT_Security_Camera,30,19,5157,risk_soft_cov,0.9994894213550272,0.99988048,0.9939939698492463,0.1134,1.0
SimpleHome_XCS7_1003_WHT_Security_Camera,30,19,5157,risk_soft_cov_mismatch,0.08030134788671978,1.0,1.0,0.4448,1.0
SimpleHome_XCS7_1003_WHT_Security_Camera,30,20,11569,shared_oas,1.0,0.9999914400000001,0.9995698492462312,0.1358,1.0
SimpleHome_XCS7_1003_WHT_Security_Camera,30,20,11569,local_oas,0.0,0.99999916,0.9999577889447235,0.1512,1.0
SimpleHome_XCS7_1003_WHT_Security_Camera,30,20,11569,peer_cov_fixed,1.0,0.9999988,0.9999396984924623,0.0046,1.0
SimpleHome_XCS7_1003_WHT_Security_Camera,30,20,11569,risk_blend,0.23926466491076595,0.99999844,0.999921608040201,0.0752,1.0
SimpleHome_XCS7_1003_WHT_Security_Camera,30,20,11569,risk_blend_mismatch,0.05373057251348524,0.99999684,0.9998412060301507,0.1282,1.0
SimpleHome_XCS7_1003_WHT_Security_Camera,30,20,11569,peer_cov_soft,1.0,0.99992512,0.9962371859296483,0.0058,1.0
SimpleHome_XCS7_1003_WHT_Security_Camera,30,20,11569,risk_soft_cov,0.9994529387657155,0.99992512,0.9962371859296483,0.0058,1.0
SimpleHome_XCS7_1003_WHT_Security_Camera,30,20,11569,risk_soft_cov_mismatch,0.07855256265974225,1.0,1.0,0.1184,1.0
SimpleHome_XCS7_1003_WHT_Security_Camera,30,21,11766,shared_oas,1.0,0.99999876,0.9999376884422111,0.0614,1.0
SimpleHome_XCS7_1003_WHT_Security_Camera,30,21,11766,local_oas,0.0,0.99999984,0.9999919597989949,0.0518,1.0
SimpleHome_XCS7_1003_WHT_Security_Camera,30,21,11766,peer_cov_fixed,1.0,0.99999952,0.999975879396985,0.0284,1.0
SimpleHome_XCS7_1003_WHT_Security_Camera,30,21,11766,risk_blend,0.2555082545973437,0.99999992,0.9999959798994974,0.0902,1.0
SimpleHome_XCS7_1003_WHT_Security_Camera,30,21,11766,risk_blend_mismatch,0.0630823031023965,1.0,1.0,0.096,1.0
SimpleHome_XCS7_1003_WHT_Security_Camera,30,21,11766,peer_cov_soft,1.0,0.99988024,0.9939819095477387,0.0948,1.0
SimpleHome_XCS7_1003_WHT_Security_Camera,30,21,11766,risk_soft_cov,0.9994320938821277,0.99988024,0.9939819095477387,0.0936,1.0
SimpleHome_XCS7_1003_WHT_Security_Camera,30,21,11766,risk_soft_cov_mismatch,0.09164445039751876,1.0,1.0,0.0926,1.0
SimpleHome_XCS7_1003_WHT_Security_Camera,30,22,7490,shared_oas,1.0,0.9999982799999999,0.9999135678391959,0.132,1.0
SimpleHome_XCS7_1003_WHT_Security_Camera,30,22,7490,local_oas,0.0,1.0,1.0,0.129,1.0
SimpleHome_XCS7_1003_WHT_Security_Camera,30,22,7490,peer_cov_fixed,1.0,0.99999872,0.9999356783919597,0.0734,1.0
SimpleHome_XCS7_1003_WHT_Security_Camera,30,22,7490,risk_blend,0.22010824191432746,0.99999872,0.9999356783919597,0.1708,1.0
SimpleHome_XCS7_1003_WHT_Security_Camera,30,22,7490,risk_blend_mismatch,0.050350817171757996,0.99999836,0.9999175879396984,0.1656,1.0
SimpleHome_XCS7_1003_WHT_Security_Camera,30,22,7490,peer_cov_soft,1.0,0.9998792799999999,0.9939336683417086,0.1104,1.0
SimpleHome_XCS7_1003_WHT_Security_Camera,30,22,7490,risk_soft_cov,0.999339186344848,0.9998792799999999,0.9939336683417086,0.108,1.0
SimpleHome_XCS7_1003_WHT_Security_Camera,30,22,7490,risk_soft_cov_mismatch,0.07570888275028727,1.0,1.0,0.1582,1.0
SimpleHome_XCS7_1003_WHT_Security_Camera,30,23,5905,shared_oas,1.0,0.99999624,0.9998110552763819,0.0042,1.0
SimpleHome_XCS7_1003_WHT_Security_Camera,30,23,5905,local_oas,0.0,0.9999988799999999,0.9999437185929648,0.0044,1.0
SimpleHome_XCS7_1003_WHT_Security_Camera,30,23,5905,peer_cov_fixed,1.0,0.99999968,0.9999839195979899,0.0086,1.0
SimpleHome_XCS7_1003_WHT_Security_Camera,30,23,5905,risk_blend,0.2556402503674855,0.9999583999999999,0.9979095477386934,0.0066,1.0
SimpleHome_XCS7_1003_WHT_Security_Camera,30,23,5905,risk_blend_mismatch,0.05888047233833741,0.99999904,0.9999517587939698,0.0058,1.0
SimpleHome_XCS7_1003_WHT_Security_Camera,30,23,5905,peer_cov_soft,1.0,0.9998764,0.9937889447236181,0.0176,1.0
SimpleHome_XCS7_1003_WHT_Security_Camera,30,23,5905,risk_soft_cov,0.999533592088717,0.9998764,0.9937889447236181,0.0172,1.0
SimpleHome_XCS7_1003_WHT_Security_Camera,30,23,5905,risk_soft_cov_mismatch,0.0854599978878222,0.9999587600000001,0.9979276381909548,0.005,1.0
SimpleHome_XCS7_1003_WHT_Security_Camera,30,24,10243,shared_oas,1.0,0.9999993199999999,0.9999658291457285,0.041,1.0
SimpleHome_XCS7_1003_WHT_Security_Camera,30,24,10243,local_oas,0.0,1.0,1.0,0.0392,1.0
SimpleHome_XCS7_1003_WHT_Security_Camera,30,24,10243,peer_cov_fixed,1.0,1.0,1.0,0.0736,1.0
SimpleHome_XCS7_1003_WHT_Security_Camera,30,24,10243,risk_blend,0.21996198582060195,1.0,1.0,0.1034,1.0
SimpleHome_XCS7_1003_WHT_Security_Camera,30,24,10243,risk_blend_mismatch,0.05101281476054958,1.0,1.0,0.0718,1.0
SimpleHome_XCS7_1003_WHT_Security_Camera,30,24,10243,peer_cov_soft,1.0,0.9999228800000001,0.9961246231155778,0.1712,1.0
SimpleHome_XCS7_1003_WHT_Security_Camera,30,24,10243,risk_soft_cov,0.9993274326061686,0.9999228800000001,0.9961246231155778,0.1344,1.0
SimpleHome_XCS7_1003_WHT_Security_Camera,30,24,10243,risk_soft_cov_mismatch,0.07712969492651783,1.0,1.0,0.0578,1.0
SimpleHome_XCS7_1003_WHT_Security_Camera,30,25,4747,shared_oas,1.0,0.99999732,0.9998653266331657,0.1986,1.0
SimpleHome_XCS7_1003_WHT_Security_Camera,30,25,4747,local_oas,0.0,0.9999998800000001,0.9999939698492462,0.2492,1.0
SimpleHome_XCS7_1003_WHT_Security_Camera,30,25,4747,peer_cov_fixed,1.0,0.9999991199999999,0.9999557788944724,0.0936,1.0
SimpleHome_XCS7_1003_WHT_Security_Camera,30,25,4747,risk_blend,0.25013922606499894,0.99999944,0.9999718592964825,0.1746,1.0
SimpleHome_XCS7_1003_WHT_Security_Camera,30,25,4747,risk_blend_mismatch,0.05710478167038208,0.9999985600000001,0.9999276381909548,0.2162,1.0
SimpleHome_XCS7_1003_WHT_Security_Camera,30,25,4747,peer_cov_soft,1.0,0.9998746,0.9936984924623116,0.3562,1.0
SimpleHome_XCS7_1003_WHT_Security_Camera,30,25,4747,risk_soft_cov,0.9994386345988463,0.9998746,0.9936984924623116,0.3468,1.0
SimpleHome_XCS7_1003_WHT_Security_Camera,30,25,4747,risk_soft_cov_mismatch,0.08056575513009105,1.0,1.0,0.2128,1.0
SimpleHome_XCS7_1003_WHT_Security_Camera,30,26,798,shared_oas,1.0,0.99999952,0.999975879396985,0.0684,1.0
SimpleHome_XCS7_1003_WHT_Security_Camera,30,26,798,local_oas,0.0,0.99999952,0.999975879396985,0.318,1.0
SimpleHome_XCS7_1003_WHT_Security_Camera,30,26,798,peer_cov_fixed,1.0,0.9999992,0.9999597989949749,0.0532,1.0
SimpleHome_XCS7_1003_WHT_Security_Camera,30,26,798,risk_blend,0.2720337927225684,0.99999944,0.9999718592964824,0.1004,1.0
SimpleHome_XCS7_1003_WHT_Security_Camera,30,26,798,risk_blend_mismatch,0.06466270227149064,0.99999952,0.999975879396985,0.358,1.0
SimpleHome_XCS7_1003_WHT_Security_Camera,30,26,798,peer_cov_soft,1.0,0.9999228,0.9961206030150753,0.3344,1.0
SimpleHome_XCS7_1003_WHT_Security_Camera,30,26,798,risk_soft_cov,0.9995653329682088,0.9999228,0.9961206030150753,0.3226,1.0
SimpleHome_XCS7_1003_WHT_Security_Camera,30,26,798,risk_soft_cov_mismatch,0.090632455000717,0.99999952,0.999975879396985,0.078,1.0
SimpleHome_XCS7_1003_WHT_Security_Camera,30,27,4999,shared_oas,1.0,0.9999939999999999,0.9996984924623116,0.4322,1.0
SimpleHome_XCS7_1003_WHT_Security_Camera,30,27,4999,local_oas,0.0,0.99999956,0.9999778894472362,0.4294,1.0
SimpleHome_XCS7_1003_WHT_Security_Camera,30,27,4999,peer_cov_fixed,1.0,0.9999992799999999,0.9999638190954774,0.0716,1.0
SimpleHome_XCS7_1003_WHT_Security_Camera,30,27,4999,risk_blend,0.25407780303176386,0.99999936,0.9999678391959799,0.4274,1.0
SimpleHome_XCS7_1003_WHT_Security_Camera,30,27,4999,risk_blend_mismatch,0.05749546976669621,0.99999848,0.9999236180904523,0.4424,1.0
SimpleHome_XCS7_1003_WHT_Security_Camera,30,27,4999,peer_cov_soft,1.0,0.9998759199999999,0.993764824120603,0.0942,1.0
SimpleHome_XCS7_1003_WHT_Security_Camera,30,27,4999,risk_soft_cov,0.9995191582080794,0.9998759199999999,0.993764824120603,0.0924,1.0
SimpleHome_XCS7_1003_WHT_Security_Camera,30,27,4999,risk_soft_cov_mismatch,0.08016287152463228,1.0,1.0,0.4386,1.0
SimpleHome_XCS7_1003_WHT_Security_Camera,30,28,7731,shared_oas,1.0,0.9999994400000001,0.9999718592964824,0.012,1.0
SimpleHome_XCS7_1003_WHT_Security_Camera,30,28,7731,local_oas,0.0,0.99999972,0.9999859296482412,0.0098,1.0
SimpleHome_XCS7_1003_WHT_Security_Camera,30,28,7731,peer_cov_fixed,1.0,0.9999990799999999,0.999953768844221,0.008,1.0
SimpleHome_XCS7_1003_WHT_Security_Camera,30,28,7731,risk_blend,0.24085223194528682,0.9999991199999999,0.9999557788944724,0.0172,1.0
SimpleHome_XCS7_1003_WHT_Security_Camera,30,28,7731,risk_blend_mismatch,0.054578249677870186,0.9999996800000001,0.9999839195979899,0.0176,1.0
SimpleHome_XCS7_1003_WHT_Security_Camera,30,28,7731,peer_cov_soft,1.0,0.99988256,0.9940984924623115,0.01,1.0
SimpleHome_XCS7_1003_WHT_Security_Camera,30,28,7731,risk_soft_cov,0.9994340053812133,0.99988256,0.9940984924623115,0.0098,1.0
SimpleHome_XCS7_1003_WHT_Security_Camera,30,28,7731,risk_soft_cov_mismatch,0.07890165055706747,0.99999972,0.9999859296482412,0.016,1.0
SimpleHome_XCS7_1003_WHT_Security_Camera,30,29,5268,shared_oas,1.0,0.999996,0.9997989949748743,0.4598,1.0
SimpleHome_XCS7_1003_WHT_Security_Camera,30,29,5268,local_oas,0.0,0.9999994,0.9999698492462312,0.4744,1.0
SimpleHome_XCS7_1003_WHT_Security_Camera,30,29,5268,peer_cov_fixed,1.0,0.99999936,0.9999678391959799,0.0824,1.0
SimpleHome_XCS7_1003_WHT_Security_Camera,30,29,5268,risk_blend,0.2644505782303562,0.99999936,0.9999678391959799,0.4394,1.0
SimpleHome_XCS7_1003_WHT_Security_Camera,30,29,5268,risk_blend_mismatch,0.0590944087529194,0.9999983600000001,0.9999175879396984,0.4624,1.0
SimpleHome_XCS7_1003_WHT_Security_Camera,30,29,5268,peer_cov_soft,1.0,0.9998803599999999,0.9939879396984924,0.1612,1.0
SimpleHome_XCS7_1003_WHT_Security_Camera,30,29,5268,risk_soft_cov,0.9995359079546285,0.9998803599999999,0.9939879396984924,0.1542,1.0
SimpleHome_XCS7_1003_WHT_Security_Camera,30,29,5268,risk_soft_cov_mismatch,0.08056306328014409,1.0,1.0,0.4602,1.0
SimpleHome_XCS7_1003_WHT_Security_Camera,100,0,7098,shared_oas,1.0,0.99999952,0.999975879396985,0.1604,1.0
SimpleHome_XCS7_1003_WHT_Security_Camera,100,0,7098,local_oas,0.0,1.0,1.0,0.1384,1.0
SimpleHome_XCS7_1003_WHT_Security_Camera,100,0,7098,peer_cov_fixed,1.0,0.99996004,0.997991959798995,0.0838,1.0
SimpleHome_XCS7_1003_WHT_Security_Camera,100,0,7098,risk_blend,0.08036350815626352,1.0,1.0,0.1558,1.0
SimpleHome_XCS7_1003_WHT_Security_Camera,100,0,7098,risk_blend_mismatch,0.015608754446517742,0.9999996,0.9999798994974874,0.177,1.0
SimpleHome_XCS7_1003_WHT_Security_Camera,100,0,7098,peer_cov_soft,1.0,0.99984012,0.9919658291457287,0.4094,1.0
SimpleHome_XCS7_1003_WHT_Security_Camera,100,0,7098,risk_soft_cov,0.9955655658120671,0.99984012,0.9919658291457287,0.1652,1.0
SimpleHome_XCS7_1003_WHT_Security_Camera,100,0,7098,risk_soft_cov_mismatch,0.022324840797537188,1.0,1.0,0.1768,1.0
SimpleHome_XCS7_1003_WHT_Security_Camera,100,1,4565,shared_oas,1.0,1.0,1.0,0.05,1.0
SimpleHome_XCS7_1003_WHT_Security_Camera,100,1,4565,local_oas,0.0,1.0,1.0,0.0714,1.0
SimpleHome_XCS7_1003_WHT_Security_Camera,100,1,4565,peer_cov_fixed,1.0,0.99995968,0.9979738693467337,0.0318,1.0
SimpleHome_XCS7_1003_WHT_Security_Camera,100,1,4565,risk_blend,0.08574062648637823,1.0,1.0,0.0426,1.0
SimpleHome_XCS7_1003_WHT_Security_Camera,100,1,4565,risk_blend_mismatch,0.016837908907731035,1.0,1.0,0.0538,1.0
SimpleHome_XCS7_1003_WHT_Security_Camera,100,1,4565,peer_cov_soft,1.0,0.99979964,0.9899316582914574,0.359,1.0
SimpleHome_XCS7_1003_WHT_Security_Camera,100,1,4565,risk_soft_cov,0.995876607212435,0.99979964,0.9899316582914574,0.1148,1.0
SimpleHome_XCS7_1003_WHT_Security_Camera,100,1,4565,risk_soft_cov_mismatch,0.023548559543929905,1.0,1.0,0.0526,1.0
SimpleHome_XCS7_1003_WHT_Security_Camera,100,2,3634,shared_oas,1.0,0.99999952,0.999975879396985,0.1862,1.0
SimpleHome_XCS7_1003_WHT_Security_Camera,100,2,3634,local_oas,0.0,1.0,1.0,0.2256,1.0
SimpleHome_XCS7_1003_WHT_Security_Camera,100,2,3634,peer_cov_fixed,1.0,0.9999990400000001,0.9999517587939699,0.0244,1.0
SimpleHome_XCS7_1003_WHT_Security_Camera,100,2,3634,risk_blend,0.08646384625637188,0.99999884,0.9999417085427136,0.1922,1.0
SimpleHome_XCS7_1003_WHT_Security_Camera,100,2,3634,risk_blend_mismatch,0.016069885879879287,0.99999864,0.9999316582914572,0.2034,1.0
SimpleHome_XCS7_1003_WHT_Security_Camera,100,2,3634,peer_cov_soft,1.0,0.99984328,0.9921246231155778,0.0976,1.0
SimpleHome_XCS7_1003_WHT_Security_Camera,100,2,3634,risk_soft_cov,0.996116795955117,0.99984328,0.9921246231155778,0.0842,1.0
SimpleHome_XCS7_1003_WHT_Security_Camera,100,2,3634,risk_soft_cov_mismatch,0.021961637300768985,1.0,1.0,0.2038,1.0
SimpleHome_XCS7_1003_WHT_Security_Camera,100,3,3497,shared_oas,1.0,0.9999963199999999,0.9998150753768844,0.4364,1.0
SimpleHome_XCS7_1003_WHT_Security_Camera,100,3,3497,local_oas,0.0,1.0,1.0,0.4324,1.0
SimpleHome_XCS7_1003_WHT_Security_Camera,100,3,3497,peer_cov_fixed,1.0,0.99992096,0.9960281407035176,0.0786,1.0
SimpleHome_XCS7_1003_WHT_Security_Camera,100,3,3497,risk_blend,0.08835021618323419,0.99999956,0.9999778894472362,0.4444,1.0
SimpleHome_XCS7_1003_WHT_Security_Camera,100,3,3497,risk_blend_mismatch,0.016221363562381963,0.999999,0.9999497487437186,0.442,1.0
SimpleHome_XCS7_1003_WHT_Security_Camera,100,3,3497,peer_cov_soft,1.0,0.99988212,0.9940763819095477,0.1672,1.0
SimpleHome_XCS7_1003_WHT_Security_Camera,100,3,3497,risk_soft_cov,0.9962898480997762,0.9999214000000001,0.9960502512562814,0.1198,1.0
SimpleHome_XCS7_1003_WHT_Security_Camera,100,3,3497,risk_soft_cov_mismatch,0.02184595078242832,1.0,1.0,0.4416,1.0
SimpleHome_XCS7_1003_WHT_Security_Camera,100,4,9384,shared_oas,1.0,0.99999996,0.9999979899497488,0.013,1.0
SimpleHome_XCS7_1003_WHT_Security_Camera,100,4,9384,local_oas,0.0,1.0,1.0,0.0132,1.0
SimpleHome_XCS7_1003_WHT_Security_Camera,100,4,9384,peer_cov_fixed,1.0,0.99991752,0.9958552763819095,0.008,1.0
SimpleHome_XCS7_1003_WHT_Security_Camera,100,4,9384,risk_blend,0.08322189193299334,1.0,1.0,0.0068,1.0
SimpleHome_XCS7_1003_WHT_Security_Camera,100,4,9384,risk_blend_mismatch,0.016468548588601382,1.0,1.0,0.0086,1.0
SimpleHome_XCS7_1003_WHT_Security_Camera,100,4,9384,peer_cov_soft,1.0,0.99979356,0.9896261306532663,0.0358,1.0
SimpleHome_XCS7_1003_WHT_Security_Camera,100,4,9384,risk_soft_cov,0.9957762417078815,0.99979356,0.9896261306532663,0.018,1.0
SimpleHome_XCS7_1003_WHT_Security_Camera,100,4,9384,risk_soft_cov_mismatch,0.023574605455003003,1.0,1.0,0.008,1.0
SimpleHome_XCS7_1003_WHT_Security_Camera,100,5,8246,shared_oas,1.0,0.9999998800000001,0.9999939698492462,0.0342,1.0
SimpleHome_XCS7_1003_WHT_Security_Camera,100,5,8246,local_oas,0.0,1.0,1.0,0.0268,1.0
SimpleHome_XCS7_1003_WHT_Security_Camera,100,5,8246,peer_cov_fixed,1.0,0.9999224800000001,0.9961045226130654,0.0144,1.0
SimpleHome_XCS7_1003_WHT_Security_Camera,100,5,8246,risk_blend,0.08340853971626862,1.0,1.0,0.9546,1.0
SimpleHome_XCS7_1003_WHT_Security_Camera,100,5,8246,risk_blend_mismatch,0.016047910465622588,1.0,1.0,0.7644,1.0
SimpleHome_XCS7_1003_WHT_Security_Camera,100,5,8246,peer_cov_soft,1.0,0.9998853999999999,0.9942412060301508,0.0206,1.0
SimpleHome_XCS7_1003_WHT_Security_Camera,100,5,8246,risk_soft_cov,0.9958545876388833,0.9999618,0.9980804020100502,0.0176,1.0
SimpleHome_XCS7_1003_WHT_Security_Camera,100,5,8246,risk_soft_cov_mismatch,0.0226259815166683,1.0,1.0,0.134,1.0
SimpleHome_XCS7_1003_WHT_Security_Camera,100,6,12198,shared_oas,1.0,0.9999931599999999,0.9996562814070351,0.9956,1.0
SimpleHome_XCS7_1003_WHT_Security_Camera,100,6,12198,local_oas,0.0,0.9999959599999999,0.9997969849246231,0.9916,1.0
SimpleHome_XCS7_1003_WHT_Security_Camera,100,6,12198,peer_cov_fixed,1.0,0.99992076,0.9960180904522613,0.1194,1.0
SimpleHome_XCS7_1003_WHT_Security_Camera,100,6,12198,risk_blend,0.08533892635392172,0.99999748,0.9998733668341708,0.9916,1.0
SimpleHome_XCS7_1003_WHT_Security_Camera,100,6,12198,risk_blend_mismatch,0.015889381990933746,0.99999508,0.9997527638190955,0.9982,1.0
SimpleHome_XCS7_1003_WHT_Security_Camera,100,6,12198,peer_cov_soft,1.0,0.99988292,0.9941165829145728,0.1002,1.0
SimpleHome_XCS7_1003_WHT_Security_Camera,100,6,12198,risk_soft_cov,0.995962092304727,0.99988292,0.9941165829145728,0.0738,1.0
SimpleHome_XCS7_1003_WHT_Security_Camera,100,6,12198,risk_soft_cov_mismatch,0.02199180201382424,0.99999972,0.9999859296482412,0.9964,1.0
SimpleHome_XCS7_1003_WHT_Security_Camera,100,7,5721,shared_oas,1.0,0.99999892,0.9999457286432161,0.0114,1.0
SimpleHome_XCS7_1003_WHT_Security_Camera,100,7,5721,local_oas,0.0,1.0,1.0,0.0144,1.0
SimpleHome_XCS7_1003_WHT_Security_Camera,100,7,5721,peer_cov_fixed,1.0,0.9999228800000001,0.9961246231155778,0.0082,1.0
SimpleHome_XCS7_1003_WHT_Security_Camera,100,7,5721,risk_blend,0.08325762945555212,0.99999976,0.9999879396984924,0.0172,1.0
SimpleHome_XCS7_1003_WHT_Security_Camera,100,7,5721,risk_blend_mismatch,0.015985359583115703,0.99999912,0.9999557788944724,0.012,1.0
SimpleHome_XCS7_1003_WHT_Security_Camera,100,7,5721,peer_cov_soft,1.0,0.9998076,0.9903316582914574,0.0184,1.0
SimpleHome_XCS7_1003_WHT_Security_Camera,100,7,5721,risk_soft_cov,0.9958358262469205,0.99984608,0.9922653266331658,0.0152,1.0
SimpleHome_XCS7_1003_WHT_Security_Camera,100,7,5721,risk_soft_cov_mismatch,0.022673402796235188,1.0,1.0,0.0106,1.0
SimpleHome_XCS7_1003_WHT_Security_Camera,100,8,7971,shared_oas,1.0,0.99999996,0.9999979899497488,0.0,0.0494
SimpleHome_XCS7_1003_WHT_Security_Camera,100,8,7971,local_oas,0.0,0.9999986,0.999929648241206,0.0,0.0
SimpleHome_XCS7_1003_WHT_Security_Camera,100,8,7971,peer_cov_fixed,1.0,0.99992052,0.9960060301507538,0.0,0.7992
SimpleHome_XCS7_1003_WHT_Security_Camera,100,8,7971,risk_blend,0.5822955384127121,0.99996048,0.9980140703517587,0.0,0.0
SimpleHome_XCS7_1003_WHT_Security_Camera,100,8,7971,risk_blend_mismatch,0.17394203244214662,0.99992084,0.9960221105527638,0.0,0.0
SimpleHome_XCS7_1003_WHT_Security_Camera,100,8,7971,peer_cov_soft,1.0,0.99976288,0.9880844221105527,0.0,0.01
SimpleHome_XCS7_1003_WHT_Security_Camera,100,8,7971,risk_soft_cov,0.9999410161276516,0.9998024,0.990070351758794,0.0,0.01
SimpleHome_XCS7_1003_WHT_Security_Camera,100,8,7971,risk_soft_cov_mismatch,0.21361906900753005,0.9999604400000001,0.9980120603015075,0.0,0.0
SimpleHome_XCS7_1003_WHT_Security_Camera,100,9,5538,shared_oas,1.0,0.99999976,0.9999879396984924,0.1506,1.0
SimpleHome_XCS7_1003_WHT_Security_Camera,100,9,5538,local_oas,0.0,0.99999972,0.9999859296482412,0.1482,1.0
SimpleHome_XCS7_1003_WHT_Security_Camera,100,9,5538,peer_cov_fixed,1.0,0.9999212000000001,0.9960402010050252,0.0208,1.0
SimpleHome_XCS7_1003_WHT_Security_Camera,100,9,5538,risk_blend,0.08397671384979957,0.99999972,0.9999859296482412,0.1678,1.0
SimpleHome_XCS7_1003_WHT_Security_Camera,100,9,5538,risk_blend_mismatch,0.015636323877426285,0.99999972,0.9999859296482412,0.1584,1.0
SimpleHome_XCS7_1003_WHT_Security_Camera,100,9,5538,peer_cov_soft,1.0,0.99980488,0.9901949748743719,0.0824,1.0
SimpleHome_XCS7_1003_WHT_Security_Camera,100,9,5538,risk_soft_cov,0.9959360969790195,0.99980488,0.9901949748743719,0.0632,1.0
SimpleHome_XCS7_1003_WHT_Security_Camera,100,9,5538,risk_soft_cov_mismatch,0.021642972773038192,1.0,1.0,0.1472,1.0
SimpleHome_XCS7_1003_WHT_Security_Camera,100,10,12348,shared_oas,1.0,0.99999648,0.9998231155778894,0.0896,1.0
SimpleHome_XCS7_1003_WHT_Security_Camera,100,10,12348,local_oas,0.0,1.0,1.0,0.5242,1.0
SimpleHome_XCS7_1003_WHT_Security_Camera,100,10,12348,peer_cov_fixed,1.0,0.99992324,0.9961427135678391,0.4204,1.0
SimpleHome_XCS7_1003_WHT_Security_Camera,100,10,12348,risk_blend,0.08293998468473071,0.9999995199999999,0.9999758793969848,0.956,1.0
SimpleHome_XCS7_1003_WHT_Security_Camera,100,10,12348,risk_blend_mismatch,0.015757674319840445,0.9999990799999999,0.999953768844221,0.955,1.0
SimpleHome_XCS7_1003_WHT_Security_Camera,100,10,12348,peer_cov_soft,1.0,0.99984768,0.992345728643216,0.4024,1.0
SimpleHome_XCS7_1003_WHT_Security_Camera,100,10,12348,risk_soft_cov,0.9958194163336131,0.99984768,0.992345728643216,0.1766,1.0
SimpleHome_XCS7_1003_WHT_Security_Camera,100,10,12348,risk_soft_cov_mismatch,0.022091403402403616,1.0,1.0,0.8422,1.0
SimpleHome_XCS7_1003_WHT_Security_Camera,100,11,18,shared_oas,1.0,0.9999996,0.9999798994974874,0.0,0.0
SimpleHome_XCS7_1003_WHT_Security_Camera,100,11,18,local_oas,0.0,0.9997654,0.9978492462311559,0.0,0.0
SimpleHome_XCS7_1003_WHT_Security_Camera,100,11,18,peer_cov_fixed,1.0,0.99991864,0.9959115577889447,0.0,0.7884
SimpleHome_XCS7_1003_WHT_Security_Camera,100,11,18,risk_blend,0.7315819223541894,0.9994850000000001,0.9741206030150753,0.0,0.0
SimpleHome_XCS7_1003_WHT_Security_Camera,100,11,18,risk_blend_mismatch,0.2329532366388266,0.9997224800000001,0.9860542713567839,0.0,0.0
SimpleHome_XCS7_1003_WHT_Security_Camera,100,11,18,peer_cov_soft,1.0,0.9998402,0.9919698492462312,0.0,0.0
SimpleHome_XCS7_1003_WHT_Security_Camera,100,11,18,risk_soft_cov,0.9999530489797664,0.9998402,0.9919698492462312,0.0,0.0
SimpleHome_XCS7_1003_WHT_Security_Camera,100,11,18,risk_soft_cov_mismatch,0.2688660940102827,0.9997228,0.986070351758794,0.0,0.0
SimpleHome_XCS7_1003_WHT_Security_Camera,100,12,4818,shared_oas,1.0,0.99999964,0.9999819095477387,0.041,1.0
SimpleHome_XCS7_1003_WHT_Security_Camera,100,12,4818,local_oas,0.0,1.0,1.0,0.045,1.0
SimpleHome_XCS7_1003_WHT_Security_Camera,100,12,4818,peer_cov_fixed,1.0,0.99991604,0.9957809045226131,0.1054,1.0
SimpleHome_XCS7_1003_WHT_Security_Camera,100,12,4818,risk_blend,0.08551946772485829,1.0,1.0,0.074,1.0
SimpleHome_XCS7_1003_WHT_Security_Camera,100,12,4818,risk_blend_mismatch,0.016669394440383338,1.0,1.0,0.0674,1.0
SimpleHome_XCS7_1003_WHT_Security_Camera,100,12,4818,peer_cov_soft,1.0,0.9998742399999999,0.9936804020100503,0.4116,1.0
SimpleHome_XCS7_1003_WHT_Security_Camera,100,12,4818,risk_soft_cov,0.9958719501263986,0.9998742399999999,0.9936804020100503,0.366,1.0
SimpleHome_XCS7_1003_WHT_Security_Camera,100,12,4818,risk_soft_cov_mismatch,0.023204522613081757,1.0,1.0,0.05,1.0
SimpleHome_XCS7_1003_WHT_Security_Camera,100,13,2234,shared_oas,1.0,0.99999944,0.9999718592964824,0.3542,1.0
SimpleHome_XCS7_1003_WHT_Security_Camera,100,13,2234,local_oas,0.0,1.0,1.0,0.3518,1.0
SimpleHome_XCS7_1003_WHT_Security_Camera,100,13,2234,peer_cov_fixed,1.0,0.99991928,0.9959437185929649,0.0064,1.0
SimpleHome_XCS7_1003_WHT_Security_Camera,100,13,2234,risk_blend,0.09400804662346784,1.0,1.0,0.3816,1.0
SimpleHome_XCS7_1003_WHT_Security_Camera,100,13,2234,risk_blend_mismatch,0.01717179491658153,1.0,1.0,0.3644,1.0
SimpleHome_XCS7_1003_WHT_Security_Camera,100,13,2234,peer_cov_soft,1.0,0.99984,0.9919597989949749,0.0128,1.0
SimpleHome_XCS7_1003_WHT_Security_Camera,100,13,2234,risk_soft_cov,0.9966140089727894,0.99988,0.9939698492462312,0.0108,1.0
SimpleHome_XCS7_1003_WHT_Security_Camera,100,13,2234,risk_soft_cov_mismatch,0.022784326034910395,1.0,1.0,0.3556,1.0
SimpleHome_XCS7_1003_WHT_Security_Camera,100,14,8971,shared_oas,1.0,0.99999924,0.999961809045226,0.0096,1.0
SimpleHome_XCS7_1003_WHT_Security_Camera,100,14,8971,local_oas,0.0,1.0,1.0,0.0132,1.0
SimpleHome_XCS7_1003_WHT_Security_Camera,100,14,8971,peer_cov_fixed,1.0,0.9999213600000001,0.9960482412060302,0.0198,1.0
SimpleHome_XCS7_1003_WHT_Security_Camera,100,14,8971,risk_blend,0.08557700753076727,1.0,1.0,0.0152,1.0
SimpleHome_XCS7_1003_WHT_Security_Camera,100,14,8971,risk_blend_mismatch,0.01652614865647217,1.0,1.0,0.0134,1.0
SimpleHome_XCS7_1003_WHT_Security_Camera,100,14,8971,peer_cov_soft,1.0,0.99984292,0.9921065326633165,0.1234,1.0
SimpleHome_XCS7_1003_WHT_Security_Camera,100,14,8971,risk_soft_cov,0.9959008224310582,0.99984292,0.9921065326633165,0.094,1.0
SimpleHome_XCS7_1003_WHT_Security_Camera,100,14,8971,risk_soft_cov_mismatch,0.02307783415348545,1.0,1.0,0.0084,1.0
SimpleHome_XCS7_1003_WHT_Security_Camera,100,15,8587,shared_oas,1.0,0.99999928,0.9999638190954774,0.0,0.7438
SimpleHome_XCS7_1003_WHT_Security_Camera,100,15,8587,local_oas,0.0,0.99999976,0.9999879396984924,0.0,0.0118
SimpleHome_XCS7_1003_WHT_Security_Camera,100,15,8587,peer_cov_fixed,1.0,0.99995784,0.9978814070351758,0.0012,1.0
SimpleHome_XCS7_1003_WHT_Security_Camera,100,15,8587,risk_blend,0.5120885686431372,1.0,1.0,0.0,0.3322
SimpleHome_XCS7_1003_WHT_Security_Camera,100,15,8587,risk_blend_mismatch,0.20318770197070032,1.0,1.0,0.0,0.0
SimpleHome_XCS7_1003_WHT_Security_Camera,100,15,8587,peer_cov_soft,1.0,0.9997894,0.9894170854271357,0.0,0.4702
SimpleHome_XCS7_1003_WHT_Security_Camera,100,15,8587,risk_soft_cov,0.9999107388693156,0.9997894,0.9894170854271357,0.0,0.4702
SimpleHome_XCS7_1003_WHT_Security_Camera,100,15,8587,risk_soft_cov_mismatch,0.25047854081507764,1.0,1.0,0.0,0.0
SimpleHome_XCS7_1003_WHT_Security_Camera,100,16,3807,shared_oas,1.0,0.99999888,0.9999437185929649,0.006,1.0
SimpleHome_XCS7_1003_WHT_Security_Camera,100,16,3807,local_oas,0.0,0.99999964,0.9999819095477387,0.0078,1.0
SimpleHome_XCS7_1003_WHT_Security_Camera,100,16,3807,peer_cov_fixed,1.0,0.9999585200000001,0.9979155778894473,0.0176,1.0
SimpleHome_XCS7_1003_WHT_Security_Camera,100,16,3807,risk_blend,0.08589745844481679,1.0,1.0,0.0102,1.0
SimpleHome_XCS7_1003_WHT_Security_Camera,100,16,3807,risk_blend_mismatch,0.016615118901526966,1.0,1.0,0.0082,1.0
SimpleHome_XCS7_1003_WHT_Security_Camera,100,16,3807,peer_cov_soft,1.0,0.9997926,0.9895778894472362,0.1296,1.0
SimpleHome_XCS7_1003_WHT_Security_Camera,100,16,3807,risk_soft_cov,0.995917759854051,0.9997926,0.9895778894472362,0.0956,1.0
SimpleHome_XCS7_1003_WHT_Security_Camera,100,16,3807,risk_soft_cov_mismatch,0.023182885752012286,1.0,1.0,0.0074,1.0
SimpleHome_XCS7_1003_WHT_Security_Camera,100,17,2993,shared_oas,1.0,1.0,1.0,0.0426,1.0
SimpleHome_XCS7_1003_WHT_Security_Camera,100,17,2993,local_oas,0.0,1.0,1.0,0.0354,1.0
SimpleHome_XCS7_1003_WHT_Security_Camera,100,17,2993,peer_cov_fixed,1.0,1.0,1.0,0.0776,1.0
SimpleHome_XCS7_1003_WHT_Security_Camera,100,17,2993,risk_blend,0.08621000227111764,1.0,1.0,0.0698,1.0
SimpleHome_XCS7_1003_WHT_Security_Camera,100,17,2993,risk_blend_mismatch,0.016545339901545202,1.0,1.0,0.0456,1.0
SimpleHome_XCS7_1003_WHT_Security_Camera,100,17,2993,peer_cov_soft,1.0,0.99988124,0.9940321608040201,0.405,1.0
SimpleHome_XCS7_1003_WHT_Security_Camera,100,17,2993,risk_soft_cov,0.9959084435620106,0.99988124,0.9940321608040201,0.15,1.0
SimpleHome_XCS7_1003_WHT_Security_Camera,100,17,2993,risk_soft_cov_mismatch,0.02288341183396946,1.0,1.0,0.048,1.0
SimpleHome_XCS7_1003_WHT_Security_Camera,100,18,7298,shared_oas,1.0,0.9999966,0.9998291457286432,0.021,1.0
SimpleHome_XCS7_1003_WHT_Security_Camera,100,18,7298,local_oas,0.0,0.99999432,0.9997145728643216,0.0196,1.0
SimpleHome_XCS7_1003_WHT_Security_Camera,100,18,7298,peer_cov_fixed,1.0,0.9999604799999999,0.9980140703517588,0.0326,1.0
SimpleHome_XCS7_1003_WHT_Security_Camera,100,18,7298,risk_blend,0.09088205127201819,0.99933116,0.9663899497487437,0.0272,1.0
SimpleHome_XCS7_1003_WHT_Security_Camera,100,18,7298,risk_blend_mismatch,0.017398932304097482,0.9996398799999999,0.9819035175879397,0.0212,1.0
SimpleHome_XCS7_1003_WHT_Security_Camera,100,18,7298,peer_cov_soft,1.0,0.99976508,0.9881949748743719,0.1262,1.0
SimpleHome_XCS7_1003_WHT_Security_Camera,100,18,7298,risk_soft_cov,0.9962798308434172,0.9998042,0.9901608040201005,0.0986,1.0
SimpleHome_XCS7_1003_WHT_Security_Camera,100,18,7298,risk_soft_cov_mismatch,0.024204379785362433,0.999331,0.9663819095477386,0.0206,1.0
SimpleHome_XCS7_1003_WHT_Security_Camera,100,19,10397,shared_oas,1.0,0.9999996,0.9999798994974873,0.0004,1.0
SimpleHome_XCS7_1003_WHT_Security_Camera,100,19,10397,local_oas,0.0,0.99999632,0.9998150753768844,0.0006,1.0
SimpleHome_XCS7_1003_WHT_Security_Camera,100,19,10397,peer_cov_fixed,1.0,0.99992148,0.9960542713567839,0.0032,1.0
SimpleHome_XCS7_1003_WHT_Security_Camera,100,19,10397,risk_blend,0.09616226820027172,0.99996048,0.9980140703517587,0.0002,0.9998
SimpleHome_XCS7_1003_WHT_Security_Camera,100,19,10397,risk_blend_mismatch,0.01895259918091425,0.9999598799999999,0.99798391959799,0.0004,0.9998
SimpleHome_XCS7_1003_WHT_Security_Camera,100,19,10397,peer_cov_soft,1.0,0.99980444,0.9901728643216081,0.005,1.0
SimpleHome_XCS7_1003_WHT_Security_Camera,100,19,10397,risk_soft_cov,0.9963746571190147,0.99984352,0.9921366834170854,0.0046,1.0
SimpleHome_XCS7_1003_WHT_Security_Camera,100,19,10397,risk_soft_cov_mismatch,0.026392336045212152,0.99996088,0.9980341708542714,0.0002,0.9998
SimpleHome_XCS7_1003_WHT_Security_Camera,100,20,900,shared_oas,1.0,1.0,1.0,0.3758,1.0
SimpleHome_XCS7_1003_WHT_Security_Camera,100,20,900,local_oas,0.0,1.0,1.0,0.3738,1.0
SimpleHome_XCS7_1003_WHT_Security_Camera,100,20,900,peer_cov_fixed,1.0,0.99996156,0.9980683417085428,0.0656,1.0
SimpleHome_XCS7_1003_WHT_Security_Camera,100,20,900,risk_blend,0.09283972400292992,1.0,1.0,0.102,1.0
SimpleHome_XCS7_1003_WHT_Security_Camera,100,20,900,risk_blend_mismatch,0.017709441871544135,1.0,1.0,0.3776,1.0
SimpleHome_XCS7_1003_WHT_Security_Camera,100,20,900,peer_cov_soft,1.0,0.9997697600000001,0.9884301507537689,0.3502,1.0
SimpleHome_XCS7_1003_WHT_Security_Camera,100,20,900,risk_soft_cov,0.9963433779135388,0.99980812,0.9903577889447237,0.123,1.0
SimpleHome_XCS7_1003_WHT_Security_Camera,100,20,900,risk_soft_cov_mismatch,0.023984425758354445,1.0,1.0,0.3614,1.0
SimpleHome_XCS7_1003_WHT_Security_Camera,100,21,4688,shared_oas,1.0,0.9999984,0.9999195979899498,0.1362,1.0
SimpleHome_XCS7_1003_WHT_Security_Camera,100,21,4688,local_oas,0.0,1.0,1.0,0.1626,1.0
SimpleHome_XCS7_1003_WHT_Security_Camera,100,21,4688,peer_cov_fixed,1.0,0.99996024,0.9980020100502512,0.1008,1.0
SimpleHome_XCS7_1003_WHT_Security_Camera,100,21,4688,risk_blend,0.0819810111404574,0.99999992,0.9999959798994974,0.1388,1.0
SimpleHome_XCS7_1003_WHT_Security_Camera,100,21,4688,risk_blend_mismatch,0.01576155426708485,0.9999994,0.9999698492462312,0.1514,1.0
SimpleHome_XCS7_1003_WHT_Security_Camera,100,21,4688,peer_cov_soft,1.0,0.9998422,0.992070351758794,0.4154,1.0
SimpleHome_XCS7_1003_WHT_Security_Camera,100,21,4688,risk_soft_cov,0.9956791084908561,0.9998422,0.992070351758794,0.1638,1.0
SimpleHome_XCS7_1003_WHT_Security_Camera,100,21,4688,risk_soft_cov_mismatch,0.022263973943667567,1.0,1.0,0.145,1.0
SimpleHome_XCS7_1003_WHT_Security_Camera,100,22,4071,shared_oas,1.0,0.99999932,0.9999658291457287,0.3558,1.0
SimpleHome_XCS7_1003_WHT_Security_Camera,100,22,4071,local_oas,0.0,0.99999996,0.9999979899497488,0.355,1.0
SimpleHome_XCS7_1003_WHT_Security_Camera,100,22,4071,peer_cov_fixed,1.0,0.9999232,0.996140703517588,0.0604,1.0
SimpleHome_XCS7_1003_WHT_Security_Camera,100,22,4071,risk_blend,0.09017523080959337,1.0,1.0,0.3712,1.0
SimpleHome_XCS7_1003_WHT_Security_Camera,100,22,4071,risk_blend_mismatch,0.01740311850973255,1.0,1.0,0.3664,1.0
SimpleHome_XCS7_1003_WHT_Security_Camera,100,22,4071,peer_cov_soft,1.0,0.99976952,0.9884180904522613,0.151,1.0
SimpleHome_XCS7_1003_WHT_Security_Camera,100,22,4071,risk_soft_cov,0.9962534916599523,0.99980792,0.9903477386934674,0.103,1.0
SimpleHome_XCS7_1003_WHT_Security_Camera,100,22,4071,risk_soft_cov_mismatch,0.023592144792253345,1.0,1.0,0.3534,1.0
SimpleHome_XCS7_1003_WHT_Security_Camera,100,23,7996,shared_oas,1.0,0.9999998800000001,0.9999939698492462,0.0,0.4046
SimpleHome_XCS7_1003_WHT_Security_Camera,100,23,7996,local_oas,0.0,0.9999982799999999,0.9999135678391959,0.0,0.0
SimpleHome_XCS7_1003_WHT_Security_Camera,100,23,7996,peer_cov_fixed,1.0,0.99995864,0.9979216080402009,0.0,0.7924
SimpleHome_XCS7_1003_WHT_Security_Camera,100,23,7996,risk_blend,0.5895654853944443,0.999959,0.9979396984924622,0.0,0.4746
SimpleHome_XCS7_1003_WHT_Security_Camera,100,23,7996,risk_blend_mismatch,0.17659321806164538,0.9999178400000001,0.9958713567839197,0.0,0.0
SimpleHome_XCS7_1003_WHT_Security_Camera,100,23,7996,peer_cov_soft,1.0,0.9998769999999999,0.9938190954773869,0.0,0.3226
SimpleHome_XCS7_1003_WHT_Security_Camera,100,23,7996,risk_soft_cov,0.999941805472912,0.9998769999999999,0.9938190954773869,0.0,0.374
SimpleHome_XCS7_1003_WHT_Security_Camera,100,23,7996,risk_soft_cov_mismatch,0.21583352743852882,0.99995892,0.9979356783919597,0.0,0.4178
SimpleHome_XCS7_1003_WHT_Security_Camera,100,24,5282,shared_oas,1.0,0.9999958,0.999788944723618,0.4584,1.0
SimpleHome_XCS7_1003_WHT_Security_Camera,100,24,5282,local_oas,0.0,0.99999828,0.9999135678391959,0.4678,1.0
SimpleHome_XCS7_1003_WHT_Security_Camera,100,24,5282,peer_cov_fixed,1.0,0.9999162399999999,0.9957909547738693,0.0238,1.0
SimpleHome_XCS7_1003_WHT_Security_Camera,100,24,5282,risk_blend,0.0883579219467241,0.99999852,0.9999256281407035,0.4482,1.0
SimpleHome_XCS7_1003_WHT_Security_Camera,100,24,5282,risk_blend_mismatch,0.016160643756860583,0.9999967200000001,0.9998351758793971,0.4596,1.0
SimpleHome_XCS7_1003_WHT_Security_Camera,100,24,5282,peer_cov_soft,1.0,0.99983484,0.9917005025125627,0.0862,1.0
SimpleHome_XCS7_1003_WHT_Security_Camera,100,24,5282,risk_soft_cov,0.9963066885304619,0.99987608,0.993772864321608,0.078,1.0
SimpleHome_XCS7_1003_WHT_Security_Camera,100,24,5282,risk_soft_cov_mismatch,0.021807184632732207,0.9999586,0.9979195979899498,0.4584,1.0
SimpleHome_XCS7_1003_WHT_Security_Camera,100,25,7885,shared_oas,1.0,0.9999186,0.9959095477386934,0.0,0.5022
SimpleHome_XCS7_1003_WHT_Security_Camera,100,25,7885,local_oas,0.0,0.9997298800000001,0.9864261306532662,0.0,0.502
SimpleHome_XCS7_1003_WHT_Security_Camera,100,25,7885,peer_cov_fixed,1.0,0.9999182799999999,0.9958934673366835,0.0,0.7978
SimpleHome_XCS7_1003_WHT_Security_Camera,100,25,7885,risk_blend,0.2720968745758017,0.9984274399999999,0.9209768844221107,0.0,0.5364
SimpleHome_XCS7_1003_WHT_Security_Camera,100,25,7885,risk_blend_mismatch,0.058732692534882384,0.99919304,0.9594492462311557,0.0,0.4832
SimpleHome_XCS7_1003_WHT_Security_Camera,100,25,7885,peer_cov_soft,1.0,0.9995968,0.9797386934673367,0.0002,0.7984
SimpleHome_XCS7_1003_WHT_Security_Camera,100,25,7885,risk_soft_cov,0.9995261708727091,0.9995968,0.9797386934673367,0.0,0.7984
SimpleHome_XCS7_1003_WHT_Security_Camera,100,25,7885,risk_soft_cov_mismatch,0.08056632922037771,0.99967736,0.9837869346733668,0.0,0.5024
SimpleHome_XCS7_1003_WHT_Security_Camera,100,26,324,shared_oas,1.0,0.99999896,0.9999477386934674,1.0,1.0
SimpleHome_XCS7_1003_WHT_Security_Camera,100,26,324,local_oas,0.0,0.99999912,0.9999557788944724,1.0,1.0
SimpleHome_XCS7_1003_WHT_Security_Camera,100,26,324,peer_cov_fixed,1.0,0.99999936,0.9999678391959799,0.0022,1.0
SimpleHome_XCS7_1003_WHT_Security_Camera,100,26,324,risk_blend,0.3452623260596301,0.99999812,0.999905527638191,0.5462,1.0
SimpleHome_XCS7_1003_WHT_Security_Camera,100,26,324,risk_blend_mismatch,0.09562917587149944,0.99999844,0.999921608040201,1.0,1.0
SimpleHome_XCS7_1003_WHT_Security_Camera,100,26,324,peer_cov_soft,1.0,0.9981474,0.9069045226130654,0.0008,0.7968
SimpleHome_XCS7_1003_WHT_Security_Camera,100,26,324,risk_soft_cov,0.9998270883286499,0.99822776,0.9109427135678392,0.0008,0.7968
SimpleHome_XCS7_1003_WHT_Security_Camera,100,26,324,risk_soft_cov_mismatch,0.12291726443571648,0.99999928,0.9999638190954774,1.0,1.0
SimpleHome_XCS7_1003_WHT_Security_Camera,100,27,12715,shared_oas,1.0,0.9999992,0.9999597989949749,0.0202,1.0
SimpleHome_XCS7_1003_WHT_Security_Camera,100,27,12715,local_oas,0.0,0.99995188,0.9975819095477387,0.0392,1.0
SimpleHome_XCS7_1003_WHT_Security_Camera,100,27,12715,peer_cov_fixed,1.0,0.9999577199999999,0.9978753768844221,0.0046,1.0
SimpleHome_XCS7_1003_WHT_Security_Camera,100,27,12715,risk_blend,0.10972775406297608,0.99916044,0.9578110552763819,0.0098,1.0
SimpleHome_XCS7_1003_WHT_Security_Camera,100,27,12715,risk_blend_mismatch,0.02057390356345345,0.99987092,0.993513567839196,0.0142,1.0
SimpleHome_XCS7_1003_WHT_Security_Camera,100,27,12715,peer_cov_soft,1.0,0.99983216,0.9915658291457286,0.0104,1.0
SimpleHome_XCS7_1003_WHT_Security_Camera,100,27,12715,risk_soft_cov,0.9970534623626393,0.99983216,0.9915658291457286,0.0098,1.0
SimpleHome_XCS7_1003_WHT_Security_Camera,100,27,12715,risk_soft_cov_mismatch,0.02757257966051674,0.99979012,0.9894532663316583,0.0078,1.0
SimpleHome_XCS7_1003_WHT_Security_Camera,100,28,5155,shared_oas,1.0,0.99999696,0.9998472361809045,0.4256,1.0
SimpleHome_XCS7_1003_WHT_Security_Camera,100,28,5155,local_oas,0.0,0.99999972,0.9999859296482412,0.4194,1.0
SimpleHome_XCS7_1003_WHT_Security_Camera,100,28,5155,peer_cov_fixed,1.0,0.9999214799999999,0.9960542713567839,0.0858,1.0
SimpleHome_XCS7_1003_WHT_Security_Camera,100,28,5155,risk_blend,0.08812776988648552,0.99999968,0.9999839195979899,0.4396,1.0
SimpleHome_XCS7_1003_WHT_Security_Camera,100,28,5155,risk_blend_mismatch,0.0163184839106032,0.99999972,0.9999859296482412,0.4386,1.0
SimpleHome_XCS7_1003_WHT_Security_Camera,100,28,5155,peer_cov_soft,1.0,0.999766,0.9882412060301508,0.3444,1.0
SimpleHome_XCS7_1003_WHT_Security_Camera,100,28,5155,risk_soft_cov,0.9962536985265323,0.9998049999999999,0.9902010050251258,0.1318,1.0
SimpleHome_XCS7_1003_WHT_Security_Camera,100,28,5155,risk_soft_cov_mismatch,0.02200760349952626,1.0,1.0,0.4344,1.0
SimpleHome_XCS7_1003_WHT_Security_Camera,100,29,5116,shared_oas,1.0,0.99999408,0.9997025125628141,0.411,1.0
SimpleHome_XCS7_1003_WHT_Security_Camera,100,29,5116,local_oas,0.0,0.9999982,0.9999095477386934,0.4028,1.0
SimpleHome_XCS7_1003_WHT_Security_Camera,100,29,5116,peer_cov_fixed,1.0,0.9999224800000001,0.9961045226130654,0.0748,1.0
SimpleHome_XCS7_1003_WHT_Security_Camera,100,29,5116,risk_blend,0.09396054398863042,1.0,1.0,0.4236,1.0
SimpleHome_XCS7_1003_WHT_Security_Camera,100,29,5116,risk_blend_mismatch,0.017262305734868387,1.0,1.0,0.4194,1.0
SimpleHome_XCS7_1003_WHT_Security_Camera,100,29,5116,peer_cov_soft,1.0,0.999806,0.990251256281407,0.2222,1.0
SimpleHome_XCS7_1003_WHT_Security_Camera,100,29,5116,risk_soft_cov,0.9964435420208629,0.99984476,0.9921989949748744,0.1276,1.0
SimpleHome_XCS7_1003_WHT_Security_Camera,100,29,5116,risk_soft_cov_mismatch,0.022718087633898626,1.0,1.0,0.4154,1.0
SimpleHome_XCS7_1003_WHT_Security_Camera,300,0,6377,shared_oas,1.0,0.9999996800000001,0.9999839195979899,0.0,0.5168
SimpleHome_XCS7_1003_WHT_Security_Camera,300,0,6377,local_oas,0.0,0.9999922,0.999608040201005,0.0,0.0058
SimpleHome_XCS7_1003_WHT_Security_Camera,300,0,6377,peer_cov_fixed,1.0,0.99996044,0.9980120603015075,0.0014,0.9998
SimpleHome_XCS7_1003_WHT_Security_Camera,300,0,6377,risk_blend,0.2924596319121788,0.9999996,0.9999798994974873,0.0,0.0706
SimpleHome_XCS7_1003_WHT_Security_Camera,300,0,6377,risk_blend_mismatch,0.08004081672553803,0.99999976,0.9999879396984925,0.0,0.0
SimpleHome_XCS7_1003_WHT_Security_Camera,300,0,6377,peer_cov_soft,1.0,0.9995709199999999,0.9784381909547739,0.0,0.3864
SimpleHome_XCS7_1003_WHT_Security_Camera,300,0,6377,risk_soft_cov,0.9998043034547727,0.9995709199999999,0.9784381909547739,0.0,0.3966
SimpleHome_XCS7_1003_WHT_Security_Camera,300,0,6377,risk_soft_cov_mismatch,0.1033619329829841,1.0,1.0,0.0,0.0
SimpleHome_XCS7_1003_WHT_Security_Camera,300,1,4614,shared_oas,1.0,0.9999992799999999,0.9999638190954774,0.0342,1.0
SimpleHome_XCS7_1003_WHT_Security_Camera,300,1,4614,local_oas,0.0,0.9999996,0.9999798994974874,0.0332,1.0
SimpleHome_XCS7_1003_WHT_Security_Camera,300,1,4614,peer_cov_fixed,1.0,0.9999244399999999,0.9962030150753769,0.086,1.0
SimpleHome_XCS7_1003_WHT_Security_Camera,300,1,4614,risk_blend,0.02931586451982692,0.99999952,0.999975879396985,0.0712,1.0
SimpleHome_XCS7_1003_WHT_Security_Camera,300,1,4614,risk_blend_mismatch,0.005337976938170364,0.9999996,0.9999798994974874,0.0416,1.0
SimpleHome_XCS7_1003_WHT_Security_Camera,300,1,4614,peer_cov_soft,1.0,0.99988672,0.9943075376884423,0.3606,1.0
SimpleHome_XCS7_1003_WHT_Security_Camera,300,1,4614,risk_soft_cov,0.9866507014694358,0.9998868,0.9943115577889448,0.0722,1.0
SimpleHome_XCS7_1003_WHT_Security_Camera,300,1,4614,risk_soft_cov_mismatch,0.0074564087797889655,1.0,1.0,0.0428,1.0
SimpleHome_XCS7_1003_WHT_Security_Camera,300,2,692,shared_oas,1.0,1.0,1.0,0.0106,1.0
SimpleHome_XCS7_1003_WHT_Security_Camera,300,2,692,local_oas,0.0,1.0,1.0,0.0098,1.0
SimpleHome_XCS7_1003_WHT_Security_Camera,300,2,692,peer_cov_fixed,1.0,0.9999608,0.9980301507537688,0.019,1.0
SimpleHome_XCS7_1003_WHT_Security_Camera,300,2,692,risk_blend,0.032512803241612494,1.0,1.0,0.0214,1.0
SimpleHome_XCS7_1003_WHT_Security_Camera,300,2,692,risk_blend_mismatch,0.0060043643806717475,1.0,1.0,0.0182,1.0
SimpleHome_XCS7_1003_WHT_Security_Camera,300,2,692,peer_cov_soft,1.0,0.99980348,0.990124623115578,0.3462,1.0
SimpleHome_XCS7_1003_WHT_Security_Camera,300,2,692,risk_soft_cov,0.9879879117955638,0.99980348,0.990124623115578,0.0298,1.0
SimpleHome_XCS7_1003_WHT_Security_Camera,300,2,692,risk_soft_cov_mismatch,0.008237126802748558,1.0,1.0,0.0168,1.0
SimpleHome_XCS7_1003_WHT_Security_Camera,300,3,11655,shared_oas,1.0,0.99978956,0.9894251256281408,0.0,0.778
SimpleHome_XCS7_1003_WHT_Security_Camera,300,3,11655,local_oas,0.0,0.99960616,0.9802090452261307,0.0,0.7146
SimpleHome_XCS7_1003_WHT_Security_Camera,300,3,11655,peer_cov_fixed,1.0,0.9999160800000001,0.9957829145728643,0.0016,1.0
SimpleHome_XCS7_1003_WHT_Security_Camera,300,3,11655,risk_blend,0.09275803430560595,0.99844656,0.921937688442211,0.0,0.7328
SimpleHome_XCS7_1003_WHT_Security_Camera,300,3,11655,risk_blend_mismatch,0.018335288806107942,0.99878172,0.9387798994974874,0.0,0.7356
SimpleHome_XCS7_1003_WHT_Security_Camera,300,3,11655,peer_cov_soft,1.0,0.99958032,0.9789105527638191,0.0012,0.7902
SimpleHome_XCS7_1003_WHT_Security_Camera,300,3,11655,risk_soft_cov,0.9962013670776024,0.9997062,0.9852361809045226,0.002,1.0
SimpleHome_XCS7_1003_WHT_Security_Camera,300,3,11655,risk_soft_cov_mismatch,0.025729260856137675,0.9996223599999999,0.9810231155778895,0.0,0.7866
SimpleHome_XCS7_1003_WHT_Security_Camera,300,4,3826,shared_oas,1.0,0.9999988000000001,0.9999396984924623,0.0016,1.0
SimpleHome_XCS7_1003_WHT_Security_Camera,300,4,3826,local_oas,0.0,0.9999979600000001,0.999897487437186,0.0002,1.0
SimpleHome_XCS7_1003_WHT_Security_Camera,300,4,3826,peer_cov_fixed,1.0,0.99991712,0.9958351758793971,0.0074,1.0
SimpleHome_XCS7_1003_WHT_Security_Camera,300,4,3826,risk_blend,0.031406694481517484,0.9999558000000001,0.9977788944723618,0.0056,1.0
SimpleHome_XCS7_1003_WHT_Security_Camera,300,4,3826,risk_blend_mismatch,0.0058106136802454494,0.9999562000000001,0.9977989949748743,0.0034,1.0
SimpleHome_XCS7_1003_WHT_Security_Camera,300,4,3826,peer_cov_soft,1.0,0.9997916400000001,0.989529648241206,0.0218,1.0
SimpleHome_XCS7_1003_WHT_Security_Camera,300,4,3826,risk_soft_cov,0.9875554217487196,0.99979184,0.9895396984924624,0.0072,1.0
SimpleHome_XCS7_1003_WHT_Security_Camera,300,4,3826,risk_soft_cov_mismatch,0.008070076265302394,0.99995844,0.9979115577889446,0.0036,1.0
SimpleHome_XCS7_1003_WHT_Security_Camera,300,5,5868,shared_oas,1.0,0.99665644,0.8995718592964824,0.0,0.4174
SimpleHome_XCS7_1003_WHT_Security_Camera,300,5,5868,local_oas,0.0,0.9944766399999999,0.8993708542713568,0.0,0.4174
SimpleHome_XCS7_1003_WHT_Security_Camera,300,5,5868,peer_cov_fixed,1.0,0.99988132,0.9940361809045226,0.0,0.7894
SimpleHome_XCS7_1003_WHT_Security_Camera,300,5,5868,risk_blend,0.3939499394008575,0.99853612,0.9264381909547739,0.0,0.4166
SimpleHome_XCS7_1003_WHT_Security_Camera,300,5,5868,risk_blend_mismatch,0.09675868115084707,0.9971490000000001,0.9004683417085427,0.0,0.2812
SimpleHome_XCS7_1003_WHT_Security_Camera,300,5,5868,peer_cov_soft,1.0,0.9995647200000001,0.9781266331658292,0.0,0.1748
SimpleHome_XCS7_1003_WHT_Security_Camera,300,5,5868,risk_soft_cov,0.9997713807213809,0.9995647200000001,0.9781266331658292,0.0,0.183
SimpleHome_XCS7_1003_WHT_Security_Camera,300,5,5868,risk_soft_cov_mismatch,0.11577558881838007,0.99675596,0.9005969849246231,0.0,0.2934
SimpleHome_XCS7_1003_WHT_Security_Camera,300,6,11568,shared_oas,1.0,0.9999994,0.9999698492462312,0.0168,1.0
SimpleHome_XCS7_1003_WHT_Security_Camera,300,6,11568,local_oas,0.0,0.99999964,0.9999819095477387,0.0198,1.0
SimpleHome_XCS7_1003_WHT_Security_Camera,300,6,11568,peer_cov_fixed,1.0,0.9999216000000001,0.9960603015075378,0.0076,1.0
SimpleHome_XCS7_1003_WHT_Security_Camera,300,6,11568,risk_blend,0.029397998236082468,1.0,1.0,0.0128,1.0
SimpleHome_XCS7_1003_WHT_Security_Camera,300,6,11568,risk_blend_mismatch,0.005364404810667925,1.0,1.0,0.019,1.0
SimpleHome_XCS7_1003_WHT_Security_Camera,300,6,11568,peer_cov_soft,1.0,0.99988196,0.9940683417085427,0.0514,1.0
SimpleHome_XCS7_1003_WHT_Security_Camera,300,6,11568,risk_soft_cov,0.9866888870212542,0.99988216,0.9940783919597991,0.0072,1.0
SimpleHome_XCS7_1003_WHT_Security_Camera,300,6,11568,risk_soft_cov_mismatch,0.007540863680159542,1.0,1.0,0.019,1.0
SimpleHome_XCS7_1003_WHT_Security_Camera,300,7,539,shared_oas,1.0,0.99999992,0.9999959798994974,0.017,1.0
SimpleHome_XCS7_1003_WHT_Security_Camera,300,7,539,local_oas,0.0,1.0,1.0,0.018,1.0
SimpleHome_XCS7_1003_WHT_Security_Camera,300,7,539,peer_cov_fixed,1.0,0.9999185199999999,0.995905527638191,0.0062,1.0
SimpleHome_XCS7_1003_WHT_Security_Camera,300,7,539,risk_blend,0.036854909483529735,1.0,1.0,0.012,1.0
SimpleHome_XCS7_1003_WHT_Security_Camera,300,7,539,risk_blend_mismatch,0.006765022614271499,1.0,1.0,0.0154,1.0
SimpleHome_XCS7_1003_WHT_Security_Camera,300,7,539,peer_cov_soft,1.0,0.99979644,0.9897708542713568,0.0248,1.0
SimpleHome_XCS7_1003_WHT_Security_Camera,300,7,539,risk_soft_cov,0.9894373423272466,0.99979648,0.9897728643216082,0.0086,1.0
SimpleHome_XCS7_1003_WHT_Security_Camera,300,7,539,risk_soft_cov_mismatch,0.00894082305859344,1.0,1.0,0.017,1.0
SimpleHome_XCS7_1003_WHT_Security_Camera,300,8,10067,shared_oas,1.0,0.99995764,0.9978713567839196,0.0,0.4724
SimpleHome_XCS7_1003_WHT_Security_Camera,300,8,10067,local_oas,0.0,0.99999964,0.9999819095477387,0.0,0.2506
SimpleHome_XCS7_1003_WHT_Security_Camera,300,8,10067,peer_cov_fixed,1.0,0.9999199200000001,0.995975879396985,0.0,0.7998
SimpleHome_XCS7_1003_WHT_Security_Camera,300,8,10067,risk_blend,0.18956883025083787,0.99995976,0.9979778894472362,0.0,0.3632
SimpleHome_XCS7_1003_WHT_Security_Camera,300,8,10067,risk_blend_mismatch,0.055573651693385774,0.99995912,0.9979457286432161,0.0,0.0
SimpleHome_XCS7_1003_WHT_Security_Camera,300,8,10067,peer_cov_soft,1.0,0.99911808,0.9556824120603016,0.0,0.5506
SimpleHome_XCS7_1003_WHT_Security_Camera,300,8,10067,risk_soft_cov,0.9991508769532902,0.99911824,0.9556904522613066,0.0,0.5474
SimpleHome_XCS7_1003_WHT_Security_Camera,300,8,10067,risk_soft_cov_mismatch,0.0732511956231086,1.0,1.0,0.0,0.1172
SimpleHome_XCS7_1003_WHT_Security_Camera,300,9,3617,shared_oas,1.0,1.0,1.0,0.009,1.0
SimpleHome_XCS7_1003_WHT_Security_Camera,300,9,3617,local_oas,0.0,1.0,1.0,0.0112,1.0
SimpleHome_XCS7_1003_WHT_Security_Camera,300,9,3617,peer_cov_fixed,1.0,0.99995944,0.9979618090452261,0.0222,1.0
SimpleHome_XCS7_1003_WHT_Security_Camera,300,9,3617,risk_blend,0.03004319775616121,1.0,1.0,0.0102,1.0
SimpleHome_XCS7_1003_WHT_Security_Camera,300,9,3617,risk_blend_mismatch,0.005363501892504209,1.0,1.0,0.0094,1.0
SimpleHome_XCS7_1003_WHT_Security_Camera,300,9,3617,peer_cov_soft,1.0,0.99979668,0.9897829145728643,0.1094,1.0
SimpleHome_XCS7_1003_WHT_Security_Camera,300,9,3617,risk_soft_cov,0.9869800170954396,0.99979684,0.9897909547738695,0.0228,1.0
SimpleHome_XCS7_1003_WHT_Security_Camera,300,9,3617,risk_soft_cov_mismatch,0.007382938904158338,1.0,1.0,0.0098,1.0
SimpleHome_XCS7_1003_WHT_Security_Camera,300,10,11248,shared_oas,1.0,1.0,1.0,0.0,0.4938
SimpleHome_XCS7_1003_WHT_Security_Camera,300,10,11248,local_oas,0.0,1.0,1.0,0.0,0.4578
SimpleHome_XCS7_1003_WHT_Security_Camera,300,10,11248,peer_cov_fixed,1.0,0.99991624,0.9957909547738695,0.0018,1.0
SimpleHome_XCS7_1003_WHT_Security_Camera,300,10,11248,risk_blend,0.16059278013427072,1.0,1.0,0.0,0.4276
SimpleHome_XCS7_1003_WHT_Security_Camera,300,10,11248,risk_blend_mismatch,0.03965846628527323,1.0,1.0,0.0,0.3104
SimpleHome_XCS7_1003_WHT_Security_Camera,300,10,11248,peer_cov_soft,1.0,0.9990366399999999,0.9515899497487437,0.0,0.544
SimpleHome_XCS7_1003_WHT_Security_Camera,300,10,11248,risk_soft_cov,0.9987844176037477,0.9990785200000001,0.953694472361809,0.0,0.5372
SimpleHome_XCS7_1003_WHT_Security_Camera,300,10,11248,risk_soft_cov_mismatch,0.053855417468438326,1.0,1.0,0.0,0.4092
SimpleHome_XCS7_1003_WHT_Security_Camera,300,11,4269,shared_oas,1.0,0.99999996,0.9999979899497488,0.012,1.0
SimpleHome_XCS7_1003_WHT_Security_Camera,300,11,4269,local_oas,0.0,1.0,1.0,0.0124,1.0
SimpleHome_XCS7_1003_WHT_Security_Camera,300,11,4269,peer_cov_fixed,1.0,0.9999190800000001,0.9959336683417086,0.0254,1.0
SimpleHome_XCS7_1003_WHT_Security_Camera,300,11,4269,risk_blend,0.030732197855192808,0.99999996,0.9999979899497488,0.0174,1.0
SimpleHome_XCS7_1003_WHT_Security_Camera,300,11,4269,risk_blend_mismatch,0.005625115900993913,1.0,1.0,0.0134,1.0
SimpleHome_XCS7_1003_WHT_Security_Camera,300,11,4269,peer_cov_soft,1.0,0.99979708,0.9898030150753769,0.3292,1.0
SimpleHome_XCS7_1003_WHT_Security_Camera,300,11,4269,risk_soft_cov,0.9872771411929804,0.99979712,0.9898050251256282,0.0392,1.0
SimpleHome_XCS7_1003_WHT_Security_Camera,300,11,4269,risk_soft_cov_mismatch,0.007719196637870784,1.0,1.0,0.0138,1.0
SimpleHome_XCS7_1003_WHT_Security_Camera,300,12,11468,shared_oas,1.0,1.0,1.0,0.0108,1.0
SimpleHome_XCS7_1003_WHT_Security_Camera,300,12,11468,local_oas,0.0,1.0,1.0,0.0126,1.0
SimpleHome_XCS7_1003_WHT_Security_Camera,300,12,11468,peer_cov_fixed,1.0,0.99995884,0.9979316582914572,0.0074,1.0
SimpleHome_XCS7_1003_WHT_Security_Camera,300,12,11468,risk_blend,0.02960486964604731,1.0,1.0,0.0138,1.0
SimpleHome_XCS7_1003_WHT_Security_Camera,300,12,11468,risk_blend_mismatch,0.005280522811482001,1.0,1.0,0.0114,1.0
SimpleHome_XCS7_1003_WHT_Security_Camera,300,12,11468,peer_cov_soft,1.0,0.99983504,0.991710552763819,0.021,1.0
SimpleHome_XCS7_1003_WHT_Security_Camera,300,12,11468,risk_soft_cov,0.9867838235201166,0.99983512,0.9917145728643215,0.0082,1.0
SimpleHome_XCS7_1003_WHT_Security_Camera,300,12,11468,risk_soft_cov_mismatch,0.007344002898329621,1.0,1.0,0.0092,1.0
SimpleHome_XCS7_1003_WHT_Security_Camera,300,13,7683,shared_oas,1.0,0.9998728,0.993608040201005,0.0,0.6898
SimpleHome_XCS7_1003_WHT_Security_Camera,300,13,7683,local_oas,0.0,0.99995084,0.997529648241206,0.0,0.6654
SimpleHome_XCS7_1003_WHT_Security_Camera,300,13,7683,peer_cov_fixed,1.0,0.99995892,0.9979356783919597,0.0,0.7946
SimpleHome_XCS7_1003_WHT_Security_Camera,300,13,7683,risk_blend,0.42319778587062346,0.9998767599999999,0.9938070351758794,0.0,0.7942
SimpleHome_XCS7_1003_WHT_Security_Camera,300,13,7683,risk_blend_mismatch,0.12736474546574184,0.99987664,0.9938010050251256,0.0002,0.794
SimpleHome_XCS7_1003_WHT_Security_Camera,300,13,7683,peer_cov_soft,1.0,0.99938352,0.9690211055276381,0.0,0.7938
SimpleHome_XCS7_1003_WHT_Security_Camera,300,13,7683,risk_soft_cov,0.9998657390875929,0.99938352,0.9690211055276381,0.0,0.7938
SimpleHome_XCS7_1003_WHT_Security_Camera,300,13,7683,risk_soft_cov_mismatch,0.11694002060760479,0.9998355999999999,0.9917386934673367,0.0,0.7936
SimpleHome_XCS7_1003_WHT_Security_Camera,300,14,3177,shared_oas,1.0,0.99999924,0.999961809045226,0.4332,1.0
SimpleHome_XCS7_1003_WHT_Security_Camera,300,14,3177,local_oas,0.0,0.9999994,0.9999698492462312,0.4176,1.0
SimpleHome_XCS7_1003_WHT_Security_Camera,300,14,3177,peer_cov_fixed,1.0,0.99995828,0.9979035175879396,0.0722,1.0
SimpleHome_XCS7_1003_WHT_Security_Camera,300,14,3177,risk_blend,0.031016376841495278,0.99999928,0.9999638190954774,0.4418,1.0
SimpleHome_XCS7_1003_WHT_Security_Camera,300,14,3177,risk_blend_mismatch,0.00536914187546516,0.9999996,0.9999798994974874,0.4404,1.0
SimpleHome_XCS7_1003_WHT_Security_Camera,300,14,3177,peer_cov_soft,1.0,0.99983652,0.9917849246231156,0.147,1.0
SimpleHome_XCS7_1003_WHT_Security_Camera,300,14,3177,risk_soft_cov,0.9873978529983098,0.9998366399999999,0.9917909547738694,0.057,1.0
SimpleHome_XCS7_1003_WHT_Security_Camera,300,14,3177,risk_soft_cov_mismatch,0.0072054720919160625,1.0,1.0,0.4382,1.0
SimpleHome_XCS7_1003_WHT_Security_Camera,300,15,2390,shared_oas,1.0,0.9999971200000001,0.9998552763819095,0.3474,1.0
SimpleHome_XCS7_1003_WHT_Security_Camera,300,15,2390,local_oas,0.0,0.9999998,0.9999899497487438,0.3404,1.0
SimpleHome_XCS7_1003_WHT_Security_Camera,300,15,2390,peer_cov_fixed,1.0,0.99995964,0.9979718592964824,0.036,1.0
SimpleHome_XCS7_1003_WHT_Security_Camera,300,15,2390,risk_blend,0.03108228497028569,1.0,1.0,0.3454,1.0
SimpleHome_XCS7_1003_WHT_Security_Camera,300,15,2390,risk_blend_mismatch,0.005641648116271701,1.0,1.0,0.3486,1.0
SimpleHome_XCS7_1003_WHT_Security_Camera,300,15,2390,peer_cov_soft,1.0,0.99983808,0.9918633165829145,0.346,1.0
SimpleHome_XCS7_1003_WHT_Security_Camera,300,15,2390,risk_soft_cov,0.987423057811032,0.99983808,0.9918633165829145,0.0402,1.0
SimpleHome_XCS7_1003_WHT_Security_Camera,300,15,2390,risk_soft_cov_mismatch,0.007695064174224279,1.0,1.0,0.3472,1.0
SimpleHome_XCS7_1003_WHT_Security_Camera,300,16,3769,shared_oas,1.0,0.99999912,0.9999557788944724,0.0032,1.0
SimpleHome_XCS7_1003_WHT_Security_Camera,300,16,3769,local_oas,0.0,0.99999816,0.9999075376884421,0.001,1.0
SimpleHome_XCS7_1003_WHT_Security_Camera,300,16,3769,peer_cov_fixed,1.0,0.99991896,0.9959276381909548,0.0074,1.0
SimpleHome_XCS7_1003_WHT_Security_Camera,300,16,3769,risk_blend,0.030567021530654246,0.9999164,0.9957989949748745,0.0062,1.0
SimpleHome_XCS7_1003_WHT_Security_Camera,300,16,3769,risk_blend_mismatch,0.005602834042073217,0.99995708,0.997843216080402,0.0054,1.0
SimpleHome_XCS7_1003_WHT_Security_Camera,300,16,3769,peer_cov_soft,1.0,0.99983724,0.9918211055276382,0.0212,1.0
SimpleHome_XCS7_1003_WHT_Security_Camera,300,16,3769,risk_soft_cov,0.9872069902121008,0.99983732,0.9918251256281407,0.0074,1.0
SimpleHome_XCS7_1003_WHT_Security_Camera,300,16,3769,risk_soft_cov_mismatch,0.007834818685898347,0.9999594,0.9979597989949749,0.006,1.0
SimpleHome_XCS7_1003_WHT_Security_Camera,300,17,6121,shared_oas,1.0,0.99999436,0.9997165829145729,0.0016,1.0
SimpleHome_XCS7_1003_WHT_Security_Camera,300,17,6121,local_oas,0.0,0.9999916799999999,0.9995819095477386,0.0016,1.0
SimpleHome_XCS7_1003_WHT_Security_Camera,300,17,6121,peer_cov_fixed,1.0,0.9997559199999999,0.9877346733668342,0.0,0.7966
SimpleHome_XCS7_1003_WHT_Security_Camera,300,17,6121,risk_blend,0.3654856806439805,0.99995676,0.997827135678392,0.0018,1.0
SimpleHome_XCS7_1003_WHT_Security_Camera,300,17,6121,risk_blend_mismatch,0.10645642385101532,0.9999684,0.9984120603015074,0.0018,1.0
SimpleHome_XCS7_1003_WHT_Security_Camera,300,17,6121,peer_cov_soft,1.0,0.99886128,0.9427778894472361,0.0,0.7802
SimpleHome_XCS7_1003_WHT_Security_Camera,300,17,6121,risk_soft_cov,0.9998665386701215,0.99886144,0.9427859296482413,0.0,0.7802
SimpleHome_XCS7_1003_WHT_Security_Camera,300,17,6121,risk_soft_cov_mismatch,0.11322100167903344,0.99999316,0.9996562814070351,0.0018,1.0
SimpleHome_XCS7_1003_WHT_Security_Camera,300,18,2405,shared_oas,1.0,0.99999692,0.9998452261306532,0.0172,1.0
SimpleHome_XCS7_1003_WHT_Security_Camera,300,18,2405,local_oas,0.0,0.99999944,0.9999718592964824,0.0164,1.0
SimpleHome_XCS7_1003_WHT_Security_Camera,300,18,2405,peer_cov_fixed,1.0,0.99995976,0.9979778894472362,0.0658,1.0
SimpleHome_XCS7_1003_WHT_Security_Camera,300,18,2405,risk_blend,0.031189017022121474,1.0,1.0,0.0456,1.0
SimpleHome_XCS7_1003_WHT_Security_Camera,300,18,2405,risk_blend_mismatch,0.0056289706368494365,1.0,1.0,0.0214,1.0
SimpleHome_XCS7_1003_WHT_Security_Camera,300,18,2405,peer_cov_soft,1.0,0.99979712,0.9898050251256281,0.3478,1.0
SimpleHome_XCS7_1003_WHT_Security_Camera,300,18,2405,risk_soft_cov,0.9874669660222463,0.9997972,0.9898090452261307,0.0454,1.0
SimpleHome_XCS7_1003_WHT_Security_Camera,300,18,2405,risk_soft_cov_mismatch,0.007648013989256234,1.0,1.0,0.0204,1.0
SimpleHome_XCS7_1003_WHT_Security_Camera,300,19,12447,shared_oas,1.0,0.8280082000000001,0.900462311557789,0.0,0.0
SimpleHome_XCS7_1003_WHT_Security_Camera,300,19,12447,local_oas,0.0,0.8095523200000001,0.899624120603015,0.0,0.0
SimpleHome_XCS7_1003_WHT_Security_Camera,300,19,12447,peer_cov_fixed,1.0,0.99992052,0.9960060301507538,0.0,0.7948
SimpleHome_XCS7_1003_WHT_Security_Camera,300,19,12447,risk_blend,0.40371957521813123,0.99534988,0.9009587939698491,0.0,0.0
SimpleHome_XCS7_1003_WHT_Security_Camera,300,19,12447,risk_blend_mismatch,0.09949996022764984,0.8326264800000002,0.9008884422110552,0.0,0.0
SimpleHome_XCS7_1003_WHT_Security_Camera,300,19,12447,peer_cov_soft,1.0,0.99952644,0.9762030150753769,0.0,0.0
SimpleHome_XCS7_1003_WHT_Security_Camera,300,19,12447,risk_soft_cov,0.9997877995615333,0.99948704,0.9742231155778894,0.0,0.0
SimpleHome_XCS7_1003_WHT_Security_Camera,300,19,12447,risk_soft_cov_mismatch,0.11666664047741597,0.8394836,0.900964824120603,0.0,0.0
SimpleHome_XCS7_1003_WHT_Security_Camera,300,20,11826,shared_oas,1.0,0.9974056,0.902705527638191,0.0,0.8058
SimpleHome_XCS7_1003_WHT_Security_Camera,300,20,11826,local_oas,0.0,0.9957791199999999,0.9026934673366834,0.0,0.8048
SimpleHome_XCS7_1003_WHT_Security_Camera,300,20,11826,peer_cov_fixed,1.0,0.9999612800000001,0.9980542713567839,0.0002,0.8064
SimpleHome_XCS7_1003_WHT_Security_Camera,300,20,11826,risk_blend,0.10059764161380082,0.99771532,0.9027035175879398,0.0006,0.8064
SimpleHome_XCS7_1003_WHT_Security_Camera,300,20,11826,risk_blend_mismatch,0.019943331163998608,0.9970958799999999,0.9027075376884423,0.0002,0.8062
SimpleHome_XCS7_1003_WHT_Security_Camera,300,20,11826,peer_cov_soft,1.0,0.9996510399999999,0.9824643216080402,0.0018,1.0
SimpleHome_XCS7_1003_WHT_Security_Camera,300,20,11826,risk_soft_cov,0.99650193579752,0.99968976,0.9844100502512563,0.0014,0.8064
SimpleHome_XCS7_1003_WHT_Security_Camera,300,20,11826,risk_soft_cov_mismatch,0.027775462858931444,0.9971734400000001,0.902713567839196,0.0,0.8064
SimpleHome_XCS7_1003_WHT_Security_Camera,300,21,12368,shared_oas,1.0,0.80284336,0.8975618090452262,0.0,0.4844
SimpleHome_XCS7_1003_WHT_Security_Camera,300,21,12368,local_oas,0.0,0.80145636,0.8975035175879397,0.0,0.4838
SimpleHome_XCS7_1003_WHT_Security_Camera,300,21,12368,peer_cov_fixed,1.0,0.9999592,0.9979497487437186,0.0,0.7958
SimpleHome_XCS7_1003_WHT_Security_Camera,300,21,12368,risk_blend,0.1405439952341154,0.82542472,0.8975778894472363,0.0,0.5608
SimpleHome_XCS7_1003_WHT_Security_Camera,300,21,12368,risk_blend_mismatch,0.029626709090781824,0.8029658400000002,0.8975718592964824,0.0,0.4804
SimpleHome_XCS7_1003_WHT_Security_Camera,300,21,12368,peer_cov_soft,1.0,0.99938788,0.9692402010050252,0.0012,0.7962
SimpleHome_XCS7_1003_WHT_Security_Camera,300,21,12368,risk_soft_cov,0.9977417760009647,0.99942864,0.9712884422110553,0.0012,0.7962
SimpleHome_XCS7_1003_WHT_Security_Camera,300,21,12368,risk_soft_cov_mismatch,0.03971711234994817,0.80337364,0.8975819095477388,0.0,0.6892
SimpleHome_XCS7_1003_WHT_Security_Camera,300,22,1505,shared_oas,1.0,0.99999748,0.9998733668341708,0.0104,1.0
SimpleHome_XCS7_1003_WHT_Security_Camera,300,22,1505,local_oas,0.0,0.99999896,0.9999477386934674,0.0118,1.0
SimpleHome_XCS7_1003_WHT_Security_Camera,300,22,1505,peer_cov_fixed,1.0,0.99991964,0.9959618090452261,0.0112,1.0
SimpleHome_XCS7_1003_WHT_Security_Camera,300,22,1505,risk_blend,0.031005535274940696,0.9999992799999999,0.9999638190954774,0.0078,1.0
SimpleHome_XCS7_1003_WHT_Security_Camera,300,22,1505,risk_blend_mismatch,0.005405613670558398,0.99999956,0.9999778894472362,0.0076,1.0
SimpleHome_XCS7_1003_WHT_Security_Camera,300,22,1505,peer_cov_soft,1.0,0.99984092,0.9920060301507537,0.0938,1.0
SimpleHome_XCS7_1003_WHT_Security_Camera,300,22,1505,risk_soft_cov,0.9873946476471597,0.99984104,0.9920120603015076,0.0118,1.0
SimpleHome_XCS7_1003_WHT_Security_Camera,300,22,1505,risk_soft_cov_mismatch,0.007305671640324484,1.0,1.0,0.0082,1.0
SimpleHome_XCS7_1003_WHT_Security_Camera,300,23,5377,shared_oas,1.0,1.0,1.0,0.0108,1.0
SimpleHome_XCS7_1003_WHT_Security_Camera,300,23,5377,local_oas,0.0,1.0,1.0,0.012,1.0
SimpleHome_XCS7_1003_WHT_Security_Camera,300,23,5377,peer_cov_fixed,1.0,0.99995984,0.9979819095477387,0.0138,1.0
SimpleHome_XCS7_1003_WHT_Security_Camera,300,23,5377,risk_blend,0.030309600047527616,0.99999996,0.9999979899497488,0.0148,1.0
SimpleHome_XCS7_1003_WHT_Security_Camera,300,23,5377,risk_blend_mismatch,0.005387288786691362,1.0,1.0,0.0112,1.0
SimpleHome_XCS7_1003_WHT_Security_Camera,300,23,5377,peer_cov_soft,1.0,0.99983892,0.991905527638191,0.0886,1.0
SimpleHome_XCS7_1003_WHT_Security_Camera,300,23,5377,risk_soft_cov,0.9870969642620735,0.99983892,0.991905527638191,0.0164,1.0
SimpleHome_XCS7_1003_WHT_Security_Camera,300,23,5377,risk_soft_cov_mismatch,0.007377921494281958,1.0,1.0,0.0114,1.0
SimpleHome_XCS7_1003_WHT_Security_Camera,300,24,8179,shared_oas,1.0,0.99999876,0.999937688442211,0.0026,1.0
SimpleHome_XCS7_1003_WHT_Security_Camera,300,24,8179,local_oas,0.0,0.99999716,0.9998572864321608,0.002,1.0
SimpleHome_XCS7_1003_WHT_Security_Camera,300,24,8179,peer_cov_fixed,1.0,0.9999199599999999,0.9959778894472362,0.012,1.0
SimpleHome_XCS7_1003_WHT_Security_Camera,300,24,8179,risk_blend,0.030313101027588073,0.99991808,0.9958834170854272,0.013,1.0
SimpleHome_XCS7_1003_WHT_Security_Camera,300,24,8179,risk_blend_mismatch,0.0056084243549748836,0.99995804,0.9978914572864321,0.0066,1.0
SimpleHome_XCS7_1003_WHT_Security_Camera,300,24,8179,peer_cov_soft,1.0,0.99988,0.9939698492462312,0.0312,1.0
SimpleHome_XCS7_1003_WHT_Security_Camera,300,24,8179,risk_soft_cov,0.9870975614215224,0.9998801199999999,0.993975879396985,0.0092,1.0
SimpleHome_XCS7_1003_WHT_Security_Camera,300,24,8179,risk_soft_cov_mismatch,0.007901442574285641,0.99996004,0.997991959798995,0.0058,1.0
SimpleHome_XCS7_1003_WHT_Security_Camera,300,25,3902,shared_oas,1.0,0.99999908,0.999953768844221,0.0038,1.0
SimpleHome_XCS7_1003_WHT_Security_Camera,300,25,3902,local_oas,0.0,0.99999824,0.9999115577889448,0.0018,1.0
SimpleHome_XCS7_1003_WHT_Security_Camera,300,25,3902,peer_cov_fixed,1.0,0.9999199200000001,0.995975879396985,0.0062,1.0
SimpleHome_XCS7_1003_WHT_Security_Camera,300,25,3902,risk_blend,0.03136222945210064,0.9999183199999999,0.9958954773869346,0.0216,1.0
SimpleHome_XCS7_1003_WHT_Security_Camera,300,25,3902,risk_blend_mismatch,0.005798217594773016,0.99995824,0.9979015075376885,0.0142,1.0
SimpleHome_XCS7_1003_WHT_Security_Camera,300,25,3902,peer_cov_soft,1.0,0.9998797199999999,0.9939557788944724,0.0218,1.0
SimpleHome_XCS7_1003_WHT_Security_Camera,300,25,3902,risk_soft_cov,0.9875378867904474,0.9998798,0.9939597989949749,0.006,1.0
SimpleHome_XCS7_1003_WHT_Security_Camera,300,25,3902,risk_soft_cov_mismatch,0.008027930298634278,0.99995992,0.9979859296482412,0.0074,1.0
SimpleHome_XCS7_1003_WHT_Security_Camera,300,26,5112,shared_oas,1.0,0.99999716,0.9998572864321608,0.0356,1.0
SimpleHome_XCS7_1003_WHT_Security_Camera,300,26,5112,local_oas,0.0,0.99999972,0.9999859296482412,0.0272,1.0
SimpleHome_XCS7_1003_WHT_Security_Camera,300,26,5112,peer_cov_fixed,1.0,0.9999598000000001,0.9979798994974873,0.0236,1.0
SimpleHome_XCS7_1003_WHT_Security_Camera,300,26,5112,risk_blend,0.03140291562044116,1.0,1.0,0.1036,1.0
SimpleHome_XCS7_1003_WHT_Security_Camera,300,26,5112,risk_blend_mismatch,0.005424663211883206,1.0,1.0,0.3468,1.0
SimpleHome_XCS7_1003_WHT_Security_Camera,300,26,5112,peer_cov_soft,1.0,0.99987892,0.9939155778894472,0.1112,1.0
SimpleHome_XCS7_1003_WHT_Security_Camera,300,26,5112,risk_soft_cov,0.9875562212084531,0.99987896,0.9939175879396985,0.0288,1.0
SimpleHome_XCS7_1003_WHT_Security_Camera,300,26,5112,risk_soft_cov_mismatch,0.0072409255359955575,1.0,1.0,0.346,1.0
SimpleHome_XCS7_1003_WHT_Security_Camera,300,27,9321,shared_oas,1.0,0.9999992400000001,0.999961809045226,0.0064,1.0
SimpleHome_XCS7_1003_WHT_Security_Camera,300,27,9321,local_oas,0.0,0.99999724,0.9998613065326633,0.0042,1.0
SimpleHome_XCS7_1003_WHT_Security_Camera,300,27,9321,peer_cov_fixed,1.0,0.99991788,0.9958733668341708,0.0078,1.0
SimpleHome_XCS7_1003_WHT_Security_Camera,300,27,9321,risk_blend,0.029608633333607623,0.99995764,0.9978713567839196,0.0118,1.0
SimpleHome_XCS7_1003_WHT_Security_Camera,300,27,9321,risk_blend_mismatch,0.005508824264690619,0.99995716,0.9978472361809045,0.0064,1.0
SimpleHome_XCS7_1003_WHT_Security_Camera,300,27,9321,peer_cov_soft,1.0,0.99979516,0.9897065326633165,0.0342,1.0
SimpleHome_XCS7_1003_WHT_Security_Camera,300,27,9321,risk_soft_cov,0.9867851393548087,0.99979536,0.9897165829145729,0.008,1.0
SimpleHome_XCS7_1003_WHT_Security_Camera,300,27,9321,risk_soft_cov_mismatch,0.007838678970803013,0.99995912,0.9979457286432161,0.0094,1.0
SimpleHome_XCS7_1003_WHT_Security_Camera,300,28,5320,shared_oas,1.0,0.99999976,0.9999879396984924,0.0194,1.0
SimpleHome_XCS7_1003_WHT_Security_Camera,300,28,5320,local_oas,0.0,1.0,1.0,0.021,1.0
SimpleHome_XCS7_1003_WHT_Security_Camera,300,28,5320,peer_cov_fixed,1.0,0.9999152800000001,0.9957427135678392,0.0146,1.0
SimpleHome_XCS7_1003_WHT_Security_Camera,300,28,5320,risk_blend,0.03048714995612143,0.99999996,0.9999979899497488,0.045,1.0
SimpleHome_XCS7_1003_WHT_Security_Camera,300,28,5320,risk_blend_mismatch,0.005370238606487485,1.0,1.0,0.0228,1.0
SimpleHome_XCS7_1003_WHT_Security_Camera,300,28,5320,peer_cov_soft,1.0,0.99982984,0.9914492462311558,0.0856,1.0
SimpleHome_XCS7_1003_WHT_Security_Camera,300,28,5320,risk_soft_cov,0.9871744712672068,0.99982996,0.9914552763819096,0.0168,1.0
SimpleHome_XCS7_1003_WHT_Security_Camera,300,28,5320,risk_soft_cov_mismatch,0.007305545819343946,1.0,1.0,0.0208,1.0
SimpleHome_XCS7_1003_WHT_Security_Camera,300,29,7128,shared_oas,1.0,0.99999388,0.9996924623115577,0.0286,1.0
SimpleHome_XCS7_1003_WHT_Security_Camera,300,29,7128,local_oas,0.0,0.99998888,0.9994412060301507,0.0238,1.0
SimpleHome_XCS7_1003_WHT_Security_Camera,300,29,7128,peer_cov_fixed,1.0,0.99996268,0.9981246231155778,0.071,1.0
SimpleHome_XCS7_1003_WHT_Security_Camera,300,29,7128,risk_blend,0.02937661980836313,0.99931252,0.9654773869346733,0.041,1.0
SimpleHome_XCS7_1003_WHT_Security_Camera,300,29,7128,risk_blend_mismatch,0.005318497098029576,0.99968632,0.9842713567839196,0.0298,1.0
SimpleHome_XCS7_1003_WHT_Security_Camera,300,29,7128,peer_cov_soft,1.0,0.99985048,0.9924864321608041,0.1074,1.0
SimpleHome_XCS7_1003_WHT_Security_Camera,300,29,7128,risk_soft_cov,0.9866791787801833,0.99985048,0.9924864321608041,0.0378,1.0
SimpleHome_XCS7_1003_WHT_Security_Camera,300,29,7128,risk_soft_cov_mismatch,0.00746623433124091,0.99939812,0.9697748743718593,0.0346,1.0
SimpleHome_XCS7_1003_WHT_Security_Camera,1000,0,84,shared_oas,1.0,0.99991884,0.9959216080402009,0.0,0.4278
SimpleHome_XCS7_1003_WHT_Security_Camera,1000,0,84,local_oas,0.0,0.9999436,0.9971658291457286,0.0,0.0
SimpleHome_XCS7_1003_WHT_Security_Camera,1000,0,84,peer_cov_fixed,1.0,0.9998838800000001,0.9941648241206029,0.0,0.8056
SimpleHome_XCS7_1003_WHT_Security_Camera,1000,0,84,risk_blend,0.18850158149762503,0.99996144,0.9980623115577889,0.0,0.0
SimpleHome_XCS7_1003_WHT_Security_Camera,1000,0,84,risk_blend_mismatch,0.04607343530359689,0.99995756,0.997867336683417,0.0,0.0
SimpleHome_XCS7_1003_WHT_Security_Camera,1000,0,84,peer_cov_soft,1.0,0.9991508800000001,0.9573306532663317,0.0,0.0
SimpleHome_XCS7_1003_WHT_Security_Camera,1000,0,84,risk_soft_cov,0.9995508953171884,0.9991508800000001,0.9573306532663317,0.0,0.0
SimpleHome_XCS7_1003_WHT_Security_Camera,1000,0,84,risk_soft_cov_mismatch,0.04364485277058876,0.99996144,0.9980623115577889,0.0,0.0
SimpleHome_XCS7_1003_WHT_Security_Camera,1000,1,8920,shared_oas,1.0,1.0,1.0,0.006,1.0
SimpleHome_XCS7_1003_WHT_Security_Camera,1000,1,8920,local_oas,0.0,1.0,1.0,0.0044,1.0
SimpleHome_XCS7_1003_WHT_Security_Camera,1000,1,8920,peer_cov_fixed,1.0,0.99988168,0.9940542713567839,0.0106,1.0
SimpleHome_XCS7_1003_WHT_Security_Camera,1000,1,8920,risk_blend,0.008989547585242385,0.99996012,0.9979959798994975,0.0126,1.0
SimpleHome_XCS7_1003_WHT_Security_Camera,1000,1,8920,risk_blend_mismatch,0.0016194540477513372,0.9999998800000001,0.9999939698492462,0.0082,1.0
SimpleHome_XCS7_1003_WHT_Security_Camera,1000,1,8920,peer_cov_soft,1.0,0.9996823199999999,0.9840361809045226,0.025,1.0
SimpleHome_XCS7_1003_WHT_Security_Camera,1000,1,8920,risk_soft_cov,0.9568945479595323,0.9998014,0.9900201005025127,0.0096,1.0
SimpleHome_XCS7_1003_WHT_Security_Camera,1000,1,8920,risk_soft_cov_mismatch,0.002289837429597827,1.0,1.0,0.008,1.0
SimpleHome_XCS7_1003_WHT_Security_Camera,1000,2,5836,shared_oas,1.0,0.998564,0.9278391959798995,0.0,0.4122
SimpleHome_XCS7_1003_WHT_Security_Camera,1000,2,5836,local_oas,0.0,0.99847844,0.9235396984924623,0.0,0.4122
SimpleHome_XCS7_1003_WHT_Security_Camera,1000,2,5836,peer_cov_fixed,1.0,0.99980212,0.9900562814070353,0.0,0.7642
SimpleHome_XCS7_1003_WHT_Security_Camera,1000,2,5836,risk_blend,0.22810097056374715,0.999446,0.9721608040201004,0.0,0.4796
SimpleHome_XCS7_1003_WHT_Security_Camera,1000,2,5836,risk_blend_mismatch,0.05610440535496231,0.9991283200000001,0.9561969849246231,0.0,0.4122
SimpleHome_XCS7_1003_WHT_Security_Camera,1000,2,5836,peer_cov_soft,1.0,0.998653,0.9323115577889447,0.0,0.6088
SimpleHome_XCS7_1003_WHT_Security_Camera,1000,2,5836,risk_soft_cov,0.9995565246559598,0.99869256,0.9342994974874372,0.0,0.6086
SimpleHome_XCS7_1003_WHT_Security_Camera,1000,2,5836,risk_soft_cov_mismatch,0.05187762351058205,0.99897132,0.9483075376884422,0.0,0.4122
SimpleHome_XCS7_1003_WHT_Security_Camera,1000,3,11577,shared_oas,1.0,0.99787384,0.8972663316582914,0.0,0.5774
SimpleHome_XCS7_1003_WHT_Security_Camera,1000,3,11577,local_oas,0.0,0.99664596,0.897191959798995,0.0,0.5216
SimpleHome_XCS7_1003_WHT_Security_Camera,1000,3,11577,peer_cov_fixed,1.0,0.9998364399999999,0.9917809045226131,0.0004,0.7956
SimpleHome_XCS7_1003_WHT_Security_Camera,1000,3,11577,risk_blend,0.02917141638365229,0.9977102800000001,0.8972643216080403,0.0,0.7926
SimpleHome_XCS7_1003_WHT_Security_Camera,1000,3,11577,risk_blend_mismatch,0.005417370136461036,0.9974645200000001,0.8972402010050251,0.0,0.7368
SimpleHome_XCS7_1003_WHT_Security_Camera,1000,3,11577,peer_cov_soft,1.0,0.9997116399999999,0.9855095477386935,0.0024,0.9998
SimpleHome_XCS7_1003_WHT_Security_Camera,1000,3,11577,risk_soft_cov,0.9865833466337998,0.999753,0.9875879396984923,0.0012,0.7954
SimpleHome_XCS7_1003_WHT_Security_Camera,1000,3,11577,risk_soft_cov_mismatch,0.007533360991392761,0.99754672,0.8972623115577889,0.0,0.778
SimpleHome_XCS7_1003_WHT_Security_Camera,1000,4,8509,shared_oas,1.0,0.99958256,0.9790231155778895,0.0,0.4702
SimpleHome_XCS7_1003_WHT_Security_Camera,1000,4,8509,local_oas,0.0,0.99937892,0.9687899497487438,0.0,0.4156
SimpleHome_XCS7_1003_WHT_Security_Camera,1000,4,8509,peer_cov_fixed,1.0,0.9998824,0.9940904522613065,0.0006,1.0
SimpleHome_XCS7_1003_WHT_Security_Camera,1000,4,8509,risk_blend,0.061131505388030104,0.99976264,0.9880723618090452,0.0,0.4108
SimpleHome_XCS7_1003_WHT_Security_Camera,1000,4,8509,risk_blend_mismatch,0.013300240000283287,0.99960008,0.9799035175879397,0.0,0.3816
SimpleHome_XCS7_1003_WHT_Security_Camera,1000,4,8509,peer_cov_soft,1.0,0.99940968,0.9703356783919598,0.0,0.5622
SimpleHome_XCS7_1003_WHT_Security_Camera,1000,4,8509,risk_soft_cov,0.9938291134916342,0.9997235600000001,0.9861085427135678,0.0,0.5388
SimpleHome_XCS7_1003_WHT_Security_Camera,1000,4,8509,risk_soft_cov_mismatch,0.017842645889555375,0.9996078,0.9802914572864321,0.0,0.4156
SimpleHome_XCS7_1003_WHT_Security_Camera,1000,5,3492,shared_oas,1.0,0.9999968,0.9998391959798996,0.0086,1.0
SimpleHome_XCS7_1003_WHT_Security_Camera,1000,5,3492,local_oas,0.0,0.9999916400000001,0.9995798994974874,0.005,1.0
SimpleHome_XCS7_1003_WHT_Security_Camera,1000,5,3492,peer_cov_fixed,1.0,0.9999214000000001,0.9960502512562814,0.0128,1.0
SimpleHome_XCS7_1003_WHT_Security_Camera,1000,5,3492,risk_blend,0.009425349645075937,0.99991436,0.9956964824120603,0.013,1.0
SimpleHome_XCS7_1003_WHT_Security_Camera,1000,5,3492,risk_blend_mismatch,0.001670777438385691,0.9999535599999999,0.9976663316582914,0.0084,1.0
SimpleHome_XCS7_1003_WHT_Security_Camera,1000,5,3492,peer_cov_soft,1.0,0.99968208,0.984024120603015,0.0408,1.0
SimpleHome_XCS7_1003_WHT_Security_Camera,1000,5,3492,risk_soft_cov,0.9588228904507745,0.99976148,0.9880140703517588,0.0086,1.0
SimpleHome_XCS7_1003_WHT_Security_Camera,1000,5,3492,risk_soft_cov_mismatch,0.0022926002195816707,0.9999602400000001,0.9980020100502512,0.008,1.0
SimpleHome_XCS7_1003_WHT_Security_Camera,1000,6,8506,shared_oas,1.0,0.99954192,0.976980904522613,0.0,0.4836
SimpleHome_XCS7_1003_WHT_Security_Camera,1000,6,8506,local_oas,0.0,0.99930012,0.9648301507537689,0.0,0.4216
SimpleHome_XCS7_1003_WHT_Security_Camera,1000,6,8506,peer_cov_fixed,1.0,0.9998815200000001,0.994046231155779,0.0004,0.8032
SimpleHome_XCS7_1003_WHT_Security_Camera,1000,6,8506,risk_blend,0.06190343290828828,0.9996833199999999,0.9840864321608039,0.0,0.4142
SimpleHome_XCS7_1003_WHT_Security_Camera,1000,6,8506,risk_blend_mismatch,0.013516888205347431,0.99948096,0.9739175879396985,0.0,0.3578
SimpleHome_XCS7_1003_WHT_Security_Camera,1000,6,8506,peer_cov_soft,1.0,0.9993690000000001,0.9682914572864322,0.0,0.5702
SimpleHome_XCS7_1003_WHT_Security_Camera,1000,6,8506,risk_soft_cov,0.9939155390669656,0.99964424,0.9821226130653267,0.0,0.5524
SimpleHome_XCS7_1003_WHT_Security_Camera,1000,6,8506,risk_soft_cov_mismatch,0.018117383692612857,0.9994886399999999,0.9743035175879396,0.0,0.4214
SimpleHome_XCS7_1003_WHT_Security_Camera,1000,7,10956,shared_oas,1.0,0.99990384,0.99516783919598,0.0,0.5156
SimpleHome_XCS7_1003_WHT_Security_Camera,1000,7,10956,local_oas,0.0,0.9998813599999999,0.9940381909547737,0.0,0.4876
SimpleHome_XCS7_1003_WHT_Security_Camera,1000,7,10956,peer_cov_fixed,1.0,0.9999180000000001,0.9958793969849247,0.0014,1.0
SimpleHome_XCS7_1003_WHT_Security_Camera,1000,7,10956,risk_blend,0.041314469345336995,0.9997524,0.9875577889447237,0.0,0.7568
SimpleHome_XCS7_1003_WHT_Security_Camera,1000,7,10956,risk_blend_mismatch,0.00816286775171735,0.99978432,0.9891618090452261,0.0,0.5514
SimpleHome_XCS7_1003_WHT_Security_Camera,1000,7,10956,peer_cov_soft,1.0,0.99975296,0.9875859296482412,0.0,0.5974
SimpleHome_XCS7_1003_WHT_Security_Camera,1000,7,10956,risk_soft_cov,0.990619945291936,0.99983528,0.9917226130653266,0.0,0.594
SimpleHome_XCS7_1003_WHT_Security_Camera,1000,7,10956,risk_soft_cov_mismatch,0.01131980949838922,0.99987684,0.9938110552763819,0.0,0.4898
SimpleHome_XCS7_1003_WHT_Security_Camera,1000,8,4117,shared_oas,1.0,0.9999998,0.9999899497487437,0.001,1.0
SimpleHome_XCS7_1003_WHT_Security_Camera,1000,8,4117,local_oas,0.0,0.9999986000000001,0.999929648241206,0.0006,1.0
SimpleHome_XCS7_1003_WHT_Security_Camera,1000,8,4117,peer_cov_fixed,1.0,0.99988152,0.9940462311557788,0.021,1.0
SimpleHome_XCS7_1003_WHT_Security_Camera,1000,8,4117,risk_blend,0.009331877066679277,0.99991808,0.9958834170854272,0.006,1.0
SimpleHome_XCS7_1003_WHT_Security_Camera,1000,8,4117,risk_blend_mismatch,0.0016722539331885972,0.99995776,0.9978773869346733,0.002,1.0
SimpleHome_XCS7_1003_WHT_Security_Camera,1000,8,4117,peer_cov_soft,1.0,0.99976232,0.9880562814070352,0.0904,1.0
SimpleHome_XCS7_1003_WHT_Security_Camera,1000,8,4117,risk_soft_cov,0.9584238274500644,0.9998412,0.9920201005025125,0.0162,1.0
SimpleHome_XCS7_1003_WHT_Security_Camera,1000,8,4117,risk_soft_cov_mismatch,0.0023067890497889933,0.99996052,0.9980160804020101,0.0014,1.0
SimpleHome_XCS7_1003_WHT_Security_Camera,1000,9,3401,shared_oas,1.0,0.9999978,0.9998894472361808,0.0082,1.0
SimpleHome_XCS7_1003_WHT_Security_Camera,1000,9,3401,local_oas,0.0,0.9999928,0.9996381909547738,0.004,1.0
SimpleHome_XCS7_1003_WHT_Security_Camera,1000,9,3401,peer_cov_fixed,1.0,0.9998795199999999,0.9939457286432161,0.013,1.0
SimpleHome_XCS7_1003_WHT_Security_Camera,1000,9,3401,risk_blend,0.00944156955193738,0.99991396,0.9956763819095478,0.0114,1.0
SimpleHome_XCS7_1003_WHT_Security_Camera,1000,9,3401,risk_blend_mismatch,0.001667095559110575,0.99995444,0.997710552763819,0.0074,1.0
SimpleHome_XCS7_1003_WHT_Security_Camera,1000,9,3401,peer_cov_soft,1.0,0.99967656,0.9837467336683418,0.0578,1.0
SimpleHome_XCS7_1003_WHT_Security_Camera,1000,9,3401,risk_soft_cov,0.9588913670550869,0.99975752,0.9878150753768844,0.0082,1.0
SimpleHome_XCS7_1003_WHT_Security_Camera,1000,9,3401,risk_soft_cov_mismatch,0.0022827950532978655,0.99995968,0.9979738693467337,0.007,1.0
SimpleHome_XCS7_1003_WHT_Security_Camera,1000,10,10472,shared_oas,1.0,0.99999864,0.9999316582914572,0.0,0.4982
SimpleHome_XCS7_1003_WHT_Security_Camera,1000,10,10472,local_oas,0.0,0.99999516,0.999756783919598,0.0,0.4694
SimpleHome_XCS7_1003_WHT_Security_Camera,1000,10,10472,peer_cov_fixed,1.0,0.9998788000000001,0.9939095477386934,0.0024,0.9998
SimpleHome_XCS7_1003_WHT_Security_Camera,1000,10,10472,risk_blend,0.03834789213243033,0.99995956,0.9979678391959799,0.0,0.4848
SimpleHome_XCS7_1003_WHT_Security_Camera,1000,10,10472,risk_blend_mismatch,0.0075776030885611745,0.99995856,0.9979175879396984,0.0,0.4414
SimpleHome_XCS7_1003_WHT_Security_Camera,1000,10,10472,peer_cov_soft,1.0,0.99967584,0.983710552763819,0.0,0.6104
SimpleHome_XCS7_1003_WHT_Security_Camera,1000,10,10472,risk_soft_cov,0.9898666743306935,0.99975664,0.9877708542713568,0.0,0.6076
SimpleHome_XCS7_1003_WHT_Security_Camera,1000,10,10472,risk_soft_cov_mismatch,0.010562337934536314,1.0,1.0,0.0,0.4888
SimpleHome_XCS7_1003_WHT_Security_Camera,1000,11,9776,shared_oas,1.0,0.9996496,0.982391959798995,0.0,0.4956
SimpleHome_XCS7_1003_WHT_Security_Camera,1000,11,9776,local_oas,0.0,0.99949212,0.974478391959799,0.0,0.4352
SimpleHome_XCS7_1003_WHT_Security_Camera,1000,11,9776,peer_cov_fixed,1.0,0.99992504,0.9962331658291458,0.0014,1.0
SimpleHome_XCS7_1003_WHT_Security_Camera,1000,11,9776,risk_blend,0.04434072662885238,0.99988196,0.9940683417085427,0.0,0.4404
SimpleHome_XCS7_1003_WHT_Security_Camera,1000,11,9776,risk_blend_mismatch,0.00937142150320653,0.9997613200000001,0.9880060301507538,0.0,0.4356
SimpleHome_XCS7_1003_WHT_Security_Camera,1000,11,9776,peer_cov_soft,1.0,0.99977344,0.9886150753768843,0.0,0.608
SimpleHome_XCS7_1003_WHT_Security_Camera,1000,11,9776,risk_soft_cov,0.9912875181509789,0.9998114,0.9905226130653266,0.0,0.5998
SimpleHome_XCS7_1003_WHT_Security_Camera,1000,11,9776,risk_soft_cov_mismatch,0.013028586974511393,0.99981216,0.9905608040201005,0.0,0.4846
SimpleHome_XCS7_1003_WHT_Security_Camera,1000,12,5134,shared_oas,1.0,0.99863008,0.9311597989949749,0.0,0.0
SimpleHome_XCS7_1003_WHT_Security_Camera,1000,12,5134,local_oas,0.0,0.9982674399999999,0.9129366834170853,0.0,0.0
SimpleHome_XCS7_1003_WHT_Security_Camera,1000,12,5134,peer_cov_fixed,1.0,0.99987916,0.9939276381909548,0.0,0.7712
SimpleHome_XCS7_1003_WHT_Security_Camera,1000,12,5134,risk_blend,0.09057441242610245,0.99903316,0.9514150753768844,0.0,0.0
SimpleHome_XCS7_1003_WHT_Security_Camera,1000,12,5134,risk_blend_mismatch,0.01862338115245864,0.9986301599999999,0.9311638190954774,0.0,0.0
SimpleHome_XCS7_1003_WHT_Security_Camera,1000,12,5134,peer_cov_soft,1.0,0.9989104000000001,0.945246231155779,0.0,0.4802
SimpleHome_XCS7_1003_WHT_Security_Camera,1000,12,5134,risk_soft_cov,0.9960260439269817,0.99927296,0.9634653266331659,0.0,0.4796
SimpleHome_XCS7_1003_WHT_Security_Camera,1000,12,5134,risk_soft_cov_mismatch,0.024571908592779437,0.9985902,0.9291557788944723,0.0,0.0
SimpleHome_XCS7_1003_WHT_Security_Camera,1000,13,3177,shared_oas,1.0,0.99999732,0.9998653266331659,0.004,1.0
SimpleHome_XCS7_1003_WHT_Security_Camera,1000,13,3177,local_oas,0.0,0.99999252,0.999624120603015,0.0026,1.0
SimpleHome_XCS7_1003_WHT_Security_Camera,1000,13,3177,peer_cov_fixed,1.0,0.99987936,0.9939376884422111,0.0166,1.0
SimpleHome_XCS7_1003_WHT_Security_Camera,1000,13,3177,risk_blend,0.00941995640054467,0.9999544800000001,0.9977125628140704,0.0094,1.0
SimpleHome_XCS7_1003_WHT_Security_Camera,1000,13,3177,risk_blend_mismatch,0.001646391202663312,0.99995484,0.9977306532663317,0.0048,1.0
SimpleHome_XCS7_1003_WHT_Security_Camera,1000,13,3177,peer_cov_soft,1.0,0.99975796,0.9878371859296483,0.0712,1.0
SimpleHome_XCS7_1003_WHT_Security_Camera,1000,13,3177,risk_soft_cov,0.958800071381608,0.99979828,0.9898633165829146,0.014,1.0
SimpleHome_XCS7_1003_WHT_Security_Camera,1000,13,3177,risk_soft_cov_mismatch,0.00224604801797083,0.9999598000000001,0.9979798994974873,0.0042,1.0
SimpleHome_XCS7_1003_WHT_Security_Camera,1000,14,1224,shared_oas,1.0,0.99999852,0.9999256281407035,0.0182,1.0
SimpleHome_XCS7_1003_WHT_Security_Camera,1000,14,1224,local_oas,0.0,0.9999966,0.9998291457286432,0.015,1.0
SimpleHome_XCS7_1003_WHT_Security_Camera,1000,14,1224,peer_cov_fixed,1.0,0.9998769200000001,0.9938150753768844,0.0076,1.0
SimpleHome_XCS7_1003_WHT_Security_Camera,1000,14,1224,risk_blend,0.009568605204670106,0.99991372,0.9956643216080403,0.0136,1.0
SimpleHome_XCS7_1003_WHT_Security_Camera,1000,14,1224,risk_blend_mismatch,0.0016759446691369305,0.9999557600000001,0.9977768844221107,0.013,1.0
SimpleHome_XCS7_1003_WHT_Security_Camera,1000,14,1224,peer_cov_soft,1.0,0.99967112,0.9834733668341709,0.018,1.0
SimpleHome_XCS7_1003_WHT_Security_Camera,1000,14,1224,risk_soft_cov,0.9594199810810748,0.99979516,0.9897065326633165,0.005,1.0
SimpleHome_XCS7_1003_WHT_Security_Camera,1000,14,1224,risk_soft_cov_mismatch,0.0022897998052454176,0.99995892,0.9979356783919597,0.0138,1.0
SimpleHome_XCS7_1003_WHT_Security_Camera,1000,15,5106,shared_oas,1.0,0.9979836,0.8986733668341708,0.0,0.0
SimpleHome_XCS7_1003_WHT_Security_Camera,1000,15,5106,local_oas,0.0,0.99754,0.8986693467336683,0.0,0.0
SimpleHome_XCS7_1003_WHT_Security_Camera,1000,15,5106,peer_cov_fixed,1.0,0.99991832,0.9958954773869347,0.0,0.7736
SimpleHome_XCS7_1003_WHT_Security_Camera,1000,15,5106,risk_blend,0.09042951876780311,0.99903208,0.9513608040201005,0.0,0.0
SimpleHome_XCS7_1003_WHT_Security_Camera,1000,15,5106,risk_blend_mismatch,0.018573773598405587,0.99814488,0.9067778894472363,0.0,0.0
SimpleHome_XCS7_1003_WHT_Security_Camera,1000,15,5106,peer_cov_soft,1.0,0.99895108,0.9472904522613066,0.0,0.4898
SimpleHome_XCS7_1003_WHT_Security_Camera,1000,15,5106,risk_soft_cov,0.9960176817167925,0.99935432,0.9675537688442212,0.0,0.4888
SimpleHome_XCS7_1003_WHT_Security_Camera,1000,15,5106,risk_soft_cov_mismatch,0.02448723576318835,0.9981856,0.9088241206030152,0.0,0.0
SimpleHome_XCS7_1003_WHT_Security_Camera,1000,16,2272,shared_oas,1.0,0.99999932,0.9999658291457285,0.007,1.0
SimpleHome_XCS7_1003_WHT_Security_Camera,1000,16,2272,local_oas,0.0,0.99999432,0.9997145728643215,0.006,1.0
SimpleHome_XCS7_1003_WHT_Security_Camera,1000,16,2272,peer_cov_fixed,1.0,0.99987936,0.9939376884422111,0.0322,1.0
SimpleHome_XCS7_1003_WHT_Security_Camera,1000,16,2272,risk_blend,0.009255443514198759,0.99995864,0.9979216080402009,0.013,1.0
SimpleHome_XCS7_1003_WHT_Security_Camera,1000,16,2272,risk_blend_mismatch,0.001647072349088448,0.99995744,0.9978613065326634,0.0096,1.0
SimpleHome_XCS7_1003_WHT_Security_Camera,1000,16,2272,peer_cov_soft,1.0,0.99971672,0.985764824120603,0.0898,1.0
SimpleHome_XCS7_1003_WHT_Security_Camera,1000,16,2272,risk_soft_cov,0.9580917722860562,0.99979736,0.9898170854271358,0.02,1.0
SimpleHome_XCS7_1003_WHT_Security_Camera,1000,16,2272,risk_soft_cov_mismatch,0.0022655421717152325,0.99999996,0.9999979899497488,0.0088,1.0
SimpleHome_XCS7_1003_WHT_Security_Camera,1000,17,7869,shared_oas,1.0,0.9999122,0.9955879396984926,0.0,0.4974
SimpleHome_XCS7_1003_WHT_Security_Camera,1000,17,7869,local_oas,0.0,0.99990936,0.9954452261306532,0.0,0.4834
SimpleHome_XCS7_1003_WHT_Security_Camera,1000,17,7869,peer_cov_fixed,1.0,0.99991872,0.9959155778894473,0.0,0.7898
SimpleHome_XCS7_1003_WHT_Security_Camera,1000,17,7869,risk_blend,0.08478564919926561,0.99971264,0.9855597989949749,0.0,0.6908
SimpleHome_XCS7_1003_WHT_Security_Camera,1000,17,7869,risk_blend_mismatch,0.020447461499888245,0.99976244,0.9880623115577889,0.0,0.5818
SimpleHome_XCS7_1003_WHT_Security_Camera,1000,17,7869,peer_cov_soft,1.0,0.99861684,0.930494472361809,0.0,0.6106
SimpleHome_XCS7_1003_WHT_Security_Camera,1000,17,7869,risk_soft_cov,0.9958335905112327,0.9991046800000001,0.9550090452261306,0.0,0.6008
SimpleHome_XCS7_1003_WHT_Security_Camera,1000,17,7869,risk_soft_cov_mismatch,0.026215851242727167,0.9999592,0.9979497487437187,0.0,0.4976
SimpleHome_XCS7_1003_WHT_Security_Camera,1000,18,7005,shared_oas,1.0,0.99988436,0.9941889447236181,0.0,0.4196
SimpleHome_XCS7_1003_WHT_Security_Camera,1000,18,7005,local_oas,0.0,0.9999184400000001,0.9959015075376885,0.0,0.0
SimpleHome_XCS7_1003_WHT_Security_Camera,1000,18,7005,peer_cov_fixed,1.0,0.99987884,0.9939115577889447,0.0,0.7968
SimpleHome_XCS7_1003_WHT_Security_Camera,1000,18,7005,risk_blend,0.10009094237759125,0.99983764,0.9918412060301507,0.0,0.0
SimpleHome_XCS7_1003_WHT_Security_Camera,1000,18,7005,risk_blend_mismatch,0.02525826592503127,0.99986072,0.9930010050251257,0.0,0.0
SimpleHome_XCS7_1003_WHT_Security_Camera,1000,18,7005,peer_cov_soft,1.0,0.9979846,0.8987236180904523,0.0,0.492
SimpleHome_XCS7_1003_WHT_Security_Camera,1000,18,7005,risk_soft_cov,0.9969718681317132,0.99838748,0.9189688442211055,0.0,0.4916
SimpleHome_XCS7_1003_WHT_Security_Camera,1000,18,7005,risk_soft_cov_mismatch,0.030325099473441326,0.9999191199999999,0.9959356783919597,0.0,0.0
SimpleHome_XCS7_1003_WHT_Security_Camera,1000,19,11966,shared_oas,1.0,0.8340284,0.898086432160804,0.0,0.4176
SimpleHome_XCS7_1003_WHT_Security_Camera,1000,19,11966,local_oas,0.0,0.8046221200000001,0.8980723618090453,0.0,0.0
SimpleHome_XCS7_1003_WHT_Security_Camera,1000,19,11966,peer_cov_fixed,1.0,0.99987832,0.9938854271356783,0.0,0.7534
SimpleHome_XCS7_1003_WHT_Security_Camera,1000,19,11966,risk_blend,0.16353958116459075,0.9857634,0.8980884422110553,0.0,0.0
SimpleHome_XCS7_1003_WHT_Security_Camera,1000,19,11966,risk_blend_mismatch,0.046541504075713544,0.81691208,0.898086432160804,0.0,0.0
SimpleHome_XCS7_1003_WHT_Security_Camera,1000,19,11966,peer_cov_soft,1.0,0.9978489599999999,0.8980221105527639,0.0,0.0808
SimpleHome_XCS7_1003_WHT_Security_Camera,1000,19,11966,risk_soft_cov,0.9984916572520157,0.99793012,0.8980241206030151,0.0,0.0588
SimpleHome_XCS7_1003_WHT_Security_Camera,1000,19,11966,risk_soft_cov_mismatch,0.04949949873403311,0.8245374400000001,0.8980904522613065,0.0,0.0
SimpleHome_XCS7_1003_WHT_Security_Camera,1000,20,886,shared_oas,1.0,0.99999764,0.9998814070351758,0.0006,1.0
SimpleHome_XCS7_1003_WHT_Security_Camera,1000,20,886,local_oas,0.0,0.99999172,0.9995839195979899,0.0006,1.0
SimpleHome_XCS7_1003_WHT_Security_Camera,1000,20,886,peer_cov_fixed,1.0,0.9998754799999999,0.9937427135678392,0.0078,1.0
SimpleHome_XCS7_1003_WHT_Security_Camera,1000,20,886,risk_blend,0.009715616982764555,0.9999119999999999,0.9955778894472362,0.001,1.0
SimpleHome_XCS7_1003_WHT_Security_Camera,1000,20,886,risk_blend_mismatch,0.0016927909479232657,0.99995296,0.9976361809045227,0.0006,1.0
SimpleHome_XCS7_1003_WHT_Security_Camera,1000,20,886,peer_cov_soft,1.0,0.99974984,0.9874291457286432,0.0624,1.0
SimpleHome_XCS7_1003_WHT_Security_Camera,1000,20,886,risk_soft_cov,0.9600151601960821,0.9998332,0.9916180904522613,0.0134,1.0
SimpleHome_XCS7_1003_WHT_Security_Camera,1000,20,886,risk_soft_cov_mismatch,0.0022958556378861405,0.99995848,0.9979135678391959,0.0006,1.0
SimpleHome_XCS7_1003_WHT_Security_Camera,1000,21,6518,shared_oas,1.0,0.9999971200000001,0.9998552763819095,0.004,1.0
SimpleHome_XCS7_1003_WHT_Security_Camera,1000,21,6518,local_oas,0.0,0.99999288,0.9996422110552763,0.0028,1.0
SimpleHome_XCS7_1003_WHT_Security_Camera,1000,21,6518,peer_cov_fixed,1.0,0.9998792,0.993929648241206,0.036,1.0
SimpleHome_XCS7_1003_WHT_Security_Camera,1000,21,6518,risk_blend,0.008873468348991716,0.9997082399999999,0.9853386934673367,0.0088,1.0
SimpleHome_XCS7_1003_WHT_Security_Camera,1000,21,6518,risk_blend_mismatch,0.0015903220895153484,0.99995332,0.997654271356784,0.0048,1.0
SimpleHome_XCS7_1003_WHT_Security_Camera,1000,21,6518,peer_cov_soft,1.0,0.9997162,0.9857386934673367,0.0896,1.0
SimpleHome_XCS7_1003_WHT_Security_Camera,1000,21,6518,risk_soft_cov,0.9563503810345463,0.9997564,0.9877587939698492,0.021,1.0
SimpleHome_XCS7_1003_WHT_Security_Camera,1000,21,6518,risk_soft_cov_mismatch,0.0022415490823465434,0.9998384800000001,0.9918834170854272,0.0062,1.0
SimpleHome_XCS7_1003_WHT_Security_Camera,1000,22,5734,shared_oas,1.0,0.99865132,0.932227135678392,0.0,0.4134
SimpleHome_XCS7_1003_WHT_Security_Camera,1000,22,5734,local_oas,0.0,0.99856228,0.9277527638190954,0.0,0.4134
SimpleHome_XCS7_1003_WHT_Security_Camera,1000,22,5734,peer_cov_fixed,1.0,0.99983228,0.9915718592964824,0.0,0.762
SimpleHome_XCS7_1003_WHT_Security_Camera,1000,22,5734,risk_blend,0.2282537403208574,0.99954036,0.976902512562814,0.0,0.5962
SimpleHome_XCS7_1003_WHT_Security_Camera,1000,22,5734,risk_blend_mismatch,0.055785519465583154,0.99924688,0.9621547738693468,0.0,0.4138
SimpleHome_XCS7_1003_WHT_Security_Camera,1000,22,5734,peer_cov_soft,1.0,0.9987026,0.9348040201005026,0.0,0.6026
SimpleHome_XCS7_1003_WHT_Security_Camera,1000,22,5734,risk_soft_cov,0.9995631298747488,0.9987444,0.9369045226130652,0.0,0.601
SimpleHome_XCS7_1003_WHT_Security_Camera,1000,22,5734,risk_soft_cov_mismatch,0.05170124230054512,0.9990810800000001,0.9538231155778895,0.0,0.4134
SimpleHome_XCS7_1003_WHT_Security_Camera,1000,23,3934,shared_oas,1.0,0.99999556,0.9997768844221105,0.0006,1.0
SimpleHome_XCS7_1003_WHT_Security_Camera,1000,23,3934,local_oas,0.0,0.99998572,0.9992824120603014,0.0012,1.0
SimpleHome_XCS7_1003_WHT_Security_Camera,1000,23,3934,peer_cov_fixed,1.0,0.9999188800000001,0.9959236180904523,0.0172,1.0
SimpleHome_XCS7_1003_WHT_Security_Camera,1000,23,3934,risk_blend,0.009310261405324637,0.99991216,0.9955859296482412,0.002,1.0
SimpleHome_XCS7_1003_WHT_Security_Camera,1000,23,3934,risk_blend_mismatch,0.0016843650213933467,0.99995052,0.997513567839196,0.001,1.0
SimpleHome_XCS7_1003_WHT_Security_Camera,1000,23,3934,peer_cov_soft,1.0,0.99971456,0.9856562814070352,0.0896,1.0
SimpleHome_XCS7_1003_WHT_Security_Camera,1000,23,3934,risk_soft_cov,0.9583304508066597,0.99979632,0.989764824120603,0.0102,1.0
SimpleHome_XCS7_1003_WHT_Security_Camera,1000,23,3934,risk_soft_cov_mismatch,0.0023368271384581517,0.9999592,0.9979497487437187,0.0006,1.0
SimpleHome_XCS7_1003_WHT_Security_Camera,1000,24,6047,shared_oas,1.0,0.999919,0.9959296482412061,0.0,0.4116
SimpleHome_XCS7_1003_WHT_Security_Camera,1000,24,6047,local_oas,0.0,0.9999433999999999,0.9971557788944723,0.0,0.0
SimpleHome_XCS7_1003_WHT_Security_Camera,1000,24,6047,peer_cov_fixed,1.0,0.99983988,0.991953768844221,0.0,0.7972
SimpleHome_XCS7_1003_WHT_Security_Camera,1000,24,6047,risk_blend,0.1931205579247951,0.9999201600000001,0.9959879396984925,0.0,0.0
SimpleHome_XCS7_1003_WHT_Security_Camera,1000,24,6047,risk_blend_mismatch,0.04427118301182711,0.9999490400000001,0.9974391959798994,0.0,0.0
SimpleHome_XCS7_1003_WHT_Security_Camera,1000,24,6047,peer_cov_soft,1.0,0.9988006,0.9397286432160804,0.0,0.0
SimpleHome_XCS7_1003_WHT_Security_Camera,1000,24,6047,risk_soft_cov,0.9995678707831245,0.9988006,0.9397286432160804,0.0,0.0
SimpleHome_XCS7_1003_WHT_Security_Camera,1000,24,6047,risk_soft_cov_mismatch,0.04227155033175528,0.9999600000000001,0.9979899497487437,0.0,0.0
SimpleHome_XCS7_1003_WHT_Security_Camera,1000,25,5141,shared_oas,1.0,0.99850524,0.9248864321608041,0.0,0.0
SimpleHome_XCS7_1003_WHT_Security_Camera,1000,25,5141,local_oas,0.0,0.9982690799999999,0.913019095477387,0.0,0.0
SimpleHome_XCS7_1003_WHT_Security_Camera,1000,25,5141,peer_cov_fixed,1.0,0.9999213600000001,0.9960482412060302,0.0,0.775
SimpleHome_XCS7_1003_WHT_Security_Camera,1000,25,5141,risk_blend,0.0908626006654441,0.99897728,0.9486070351758794,0.0,0.0
SimpleHome_XCS7_1003_WHT_Security_Camera,1000,25,5141,risk_blend_mismatch,0.018672737269281436,0.99854464,0.9268663316582915,0.0,0.0
SimpleHome_XCS7_1003_WHT_Security_Camera,1000,25,5141,peer_cov_soft,1.0,0.99897576,0.9485306532663317,0.0,0.4928
SimpleHome_XCS7_1003_WHT_Security_Camera,1000,25,5141,risk_soft_cov,0.9960404464042891,0.99936896,0.9682894472361809,0.0,0.492
SimpleHome_XCS7_1003_WHT_Security_Camera,1000,25,5141,risk_soft_cov_mismatch,0.02460407806847897,0.9985058,0.9249145728643217,0.0,0.0
SimpleHome_XCS7_1003_WHT_Security_Camera,1000,26,11808,shared_oas,1.0,0.9961652000000001,0.900635175879397,0.0,0.4328
SimpleHome_XCS7_1003_WHT_Security_Camera,1000,26,11808,local_oas,0.0,0.995888,0.9006070351758795,0.0,0.4328
SimpleHome_XCS7_1003_WHT_Security_Camera,1000,26,11808,peer_cov_fixed,1.0,0.9998813999999999,0.9940402010050251,0.0,0.7828
SimpleHome_XCS7_1003_WHT_Security_Camera,1000,26,11808,risk_blend,0.09176904286955594,0.99667936,0.9006552763819096,0.0,0.4328
SimpleHome_XCS7_1003_WHT_Security_Camera,1000,26,11808,risk_blend_mismatch,0.01898003396194718,0.99636272,0.9006311557788944,0.0,0.4328
SimpleHome_XCS7_1003_WHT_Security_Camera,1000,26,11808,peer_cov_soft,1.0,0.99908824,0.9541829145728644,0.0,0.5026
SimpleHome_XCS7_1003_WHT_Security_Camera,1000,26,11808,risk_soft_cov,0.9960417084097959,0.9993255200000001,0.9661065326633166,0.0,0.502
SimpleHome_XCS7_1003_WHT_Security_Camera,1000,26,11808,risk_soft_cov_mismatch,0.02501491378081097,0.99648172,0.9006532663316582,0.0,0.4328
SimpleHome_XCS7_1003_WHT_Security_Camera,1000,27,9377,shared_oas,1.0,0.99964948,0.9823859296482411,0.0,0.4692
SimpleHome_XCS7_1003_WHT_Security_Camera,1000,27,9377,local_oas,0.0,0.9995134800000001,0.9755517587939698,0.0,0.407
SimpleHome_XCS7_1003_WHT_Security_Camera,1000,27,9377,peer_cov_fixed,1.0,0.9998725599999999,0.9935959798994976,0.0022,1.0
SimpleHome_XCS7_1003_WHT_Security_Camera,1000,27,9377,risk_blend,0.04488699686195509,0.9999122,0.9955879396984926,0.0,0.4076
SimpleHome_XCS7_1003_WHT_Security_Camera,1000,27,9377,risk_blend_mismatch,0.009494698930407079,0.99977656,0.9887718592964825,0.0,0.4072
SimpleHome_XCS7_1003_WHT_Security_Camera,1000,27,9377,peer_cov_soft,1.0,0.99961508,0.9806572864321608,0.0,0.579
SimpleHome_XCS7_1003_WHT_Security_Camera,1000,27,9377,risk_soft_cov,0.9914041596288021,0.99970036,0.9849427135678392,0.0,0.5668
SimpleHome_XCS7_1003_WHT_Security_Camera,1000,27,9377,risk_soft_cov_mismatch,0.013228947575641975,0.9997874,0.9893165829145729,0.0,0.4072
SimpleHome_XCS7_1003_WHT_Security_Camera,1000,28,4294,shared_oas,1.0,0.9999992,0.9999597989949749,0.0086,1.0
SimpleHome_XCS7_1003_WHT_Security_Camera,1000,28,4294,local_oas,0.0,0.99999896,0.9999477386934674,0.0056,1.0
SimpleHome_XCS7_1003_WHT_Security_Camera,1000,28,4294,peer_cov_fixed,1.0,0.9998845999999999,0.9942010050251257,0.0294,1.0
SimpleHome_XCS7_1003_WHT_Security_Camera,1000,28,4294,risk_blend,0.009383286021941563,0.9995223599999999,0.9759979899497487,0.0168,1.0
SimpleHome_XCS7_1003_WHT_Security_Camera,1000,28,4294,risk_blend_mismatch,0.0016693503200870077,0.99987788,0.9938633165829146,0.0112,1.0
SimpleHome_XCS7_1003_WHT_Security_Camera,1000,28,4294,peer_cov_soft,1.0,0.99972856,0.9863597989949748,0.0898,1.0
SimpleHome_XCS7_1003_WHT_Security_Camera,1000,28,4294,risk_soft_cov,0.9586442508073992,0.9997673199999999,0.9883075376884422,0.025,1.0
SimpleHome_XCS7_1003_WHT_Security_Camera,1000,28,4294,risk_soft_cov_mismatch,0.002291129175225295,0.99972864,0.9863638190954773,0.0112,1.0
SimpleHome_XCS7_1003_WHT_Security_Camera,1000,29,8381,shared_oas,1.0,0.9997560400000001,0.987740703517588,0.0,0.4744
SimpleHome_XCS7_1003_WHT_Security_Camera,1000,29,8381,local_oas,0.0,0.99967484,0.9836603015075377,0.0,0.4186
SimpleHome_XCS7_1003_WHT_Security_Camera,1000,29,8381,peer_cov_fixed,1.0,0.99987816,0.9938773869346733,0.0004,0.797
SimpleHome_XCS7_1003_WHT_Security_Camera,1000,29,8381,risk_blend,0.061709086654474686,0.999797,0.9897989949748744,0.0,0.4152
SimpleHome_XCS7_1003_WHT_Security_Camera,1000,29,8381,risk_blend_mismatch,0.013713555408618005,0.9997968,0.9897889447236181,0.0,0.3848
SimpleHome_XCS7_1003_WHT_Security_Camera,1000,29,8381,peer_cov_soft,1.0,0.99942904,0.9713085427135678,0.0,0.5602
SimpleHome_XCS7_1003_WHT_Security_Camera,1000,29,8381,risk_soft_cov,0.9938954299224253,0.9997134400000001,0.9856,0.0,0.5392
SimpleHome_XCS7_1003_WHT_Security_Camera,1000,29,8381,risk_soft_cov_mismatch,0.018327384742598343,0.9998376,0.9918391959798996,0.0,0.4186
