regime,rho,support_n,replicate,method,auroc,spauc01,covariance_ess,median_scale_ess,median_peer_weight,median_mean_peer_weight,median_scale_ratio
iid_match,0.0,30,0,shared_oas,0.779844,0.5461306532663317,29.0,29.0,0.30612021130668865,0.6707270227020445,0.9972121751288356
iid_match,0.0,30,0,peer_nominal,0.7944599999999999,0.551356783919598,29.0,29.0,0.30612021130668865,0.6707270227020445,0.9972121751288356
iid_match,0.0,30,0,peer_shrunk_nominal,0.785844,0.5475376884422111,29.0,29.0,0.30612021130668865,0.6707270227020445,0.9972121751288356
iid_match,0.0,30,0,peer_cov_ess,0.7925120000000001,0.5503517587939698,29.0,29.0,0.30612021130668865,0.6707270227020445,0.9972121751288356
iid_match,0.0,30,0,adaptive_cov_ess,0.7896640000000001,0.5531658291457286,29.0,29.0,0.30612021130668865,0.6707270227020445,0.9972121751288356
iid_match,0.0,30,0,adaptive_nominal,0.791612,0.5511557788944723,29.0,29.0,0.30612021130668865,0.6707270227020445,0.9972121751288356
iid_match,0.0,30,0,adaptive_joint_nominal,0.78288,0.5479396984924623,29.0,29.0,0.30612021130668865,0.6707270227020445,0.9972121751288356
iid_match,0.0,30,1,shared_oas,0.7809799999999999,0.5314572864321608,29.0,29.0,0.32810757155106846,0.6810578310385615,0.9965680056536479
iid_match,0.0,30,1,peer_nominal,0.848764,0.5457286432160804,29.0,29.0,0.32810757155106846,0.6810578310385615,0.9965680056536479
iid_match,0.0,30,1,peer_shrunk_nominal,0.8315359999999999,0.5407035175879397,29.0,29.0,0.32810757155106846,0.6810578310385615,0.9965680056536479
iid_match,0.0,30,1,peer_cov_ess,0.847972,0.5453266331658292,29.0,29.0,0.32810757155106846,0.6810578310385615,0.9965680056536479
iid_match,0.0,30,1,adaptive_cov_ess,0.846964,0.5481407035175879,29.0,29.0,0.32810757155106846,0.6810578310385615,0.9965680056536479
iid_match,0.0,30,1,adaptive_nominal,0.8478760000000001,0.5477386934673367,29.0,29.0,0.32810757155106846,0.6810578310385615,0.9965680056536479
iid_match,0.0,30,1,adaptive_joint_nominal,0.8307640000000001,0.541105527638191,29.0,29.0,0.32810757155106846,0.6810578310385615,0.9965680056536479
iid_match,0.0,30,2,shared_oas,0.850084,0.5813065326633166,29.0,29.0,0.34175366679511465,0.6581670779946762,1.0013908636965303
iid_match,0.0,30,2,peer_nominal,0.81238,0.5296482412060302,29.0,29.0,0.34175366679511465,0.6581670779946762,1.0013908636965303
iid_match,0.0,30,2,peer_shrunk_nominal,0.8344999999999999,0.5541708542713568,29.0,29.0,0.34175366679511465,0.6581670779946762,1.0013908636965303
iid_match,0.0,30,2,peer_cov_ess,0.80912,0.5292462311557788,29.0,29.0,0.34175366679511465,0.6581670779946762,1.0013908636965303
iid_match,0.0,30,2,adaptive_cov_ess,0.8011519999999999,0.5272361809045226,29.0,29.0,0.34175366679511465,0.6581670779946762,1.0013908636965303
iid_match,0.0,30,2,adaptive_nominal,0.8047679999999999,0.5272361809045226,29.0,29.0,0.34175366679511465,0.6581670779946762,1.0013908636965303
iid_match,0.0,30,2,adaptive_joint_nominal,0.8266239999999999,0.5465326633165829,29.0,29.0,0.34175366679511465,0.6581670779946762,1.0013908636965303
iid_match,0.0,30,3,shared_oas,0.8114399999999999,0.5419095477386935,29.0,29.0,0.33011492369735873,0.67878392442722,0.9878492850692497
iid_match,0.0,30,3,peer_nominal,0.774068,0.537286432160804,29.0,29.0,0.33011492369735873,0.67878392442722,0.9878492850692497
iid_match,0.0,30,3,peer_shrunk_nominal,0.7910319999999998,0.5423115577889447,29.0,29.0,0.33011492369735873,0.67878392442722,0.9878492850692497
iid_match,0.0,30,3,peer_cov_ess,0.77232,0.5370854271356784,29.0,29.0,0.33011492369735873,0.67878392442722,0.9878492850692497
iid_match,0.0,30,3,adaptive_cov_ess,0.7727520000000001,0.5380904522613066,29.0,29.0,0.33011492369735873,0.67878392442722,0.9878492850692497
iid_match,0.0,30,3,adaptive_nominal,0.774724,0.5390954773869346,29.0,29.0,0.33011492369735873,0.67878392442722,0.9878492850692497
iid_match,0.0,30,3,adaptive_joint_nominal,0.7917959999999999,0.5437185929648242,29.0,29.0,0.33011492369735873,0.67878392442722,0.9878492850692497
iid_match,0.0,30,4,shared_oas,0.7956399999999999,0.5636180904522613,29.0,29.0,0.2827452184056368,0.6220288749462073,1.0116165553940393
iid_match,0.0,30,4,peer_nominal,0.7512360000000001,0.5206030150753769,29.0,29.0,0.2827452184056368,0.6220288749462073,1.0116165553940393
iid_match,0.0,30,4,peer_shrunk_nominal,0.78782,0.5473366834170854,29.0,29.0,0.2827452184056368,0.6220288749462073,1.0116165553940393
iid_match,0.0,30,4,peer_cov_ess,0.7507680000000001,0.521608040201005,29.0,29.0,0.2827452184056368,0.6220288749462073,1.0116165553940393
iid_match,0.0,30,4,adaptive_cov_ess,0.747556,0.5250251256281407,29.0,29.0,0.2827452184056368,0.6220288749462073,1.0116165553940393
iid_match,0.0,30,4,adaptive_nominal,0.747972,0.5244221105527638,29.0,29.0,0.2827452184056368,0.6220288749462073,1.0116165553940393
iid_match,0.0,30,4,adaptive_joint_nominal,0.7842720000000001,0.5509547738693468,29.0,29.0,0.2827452184056368,0.6220288749462073,1.0116165553940393
iid_match,0.0,30,5,shared_oas,0.820192,0.5288442211055276,29.0,29.0,0.3234009089773906,0.6541306373985438,0.9926993625384324
iid_match,0.0,30,5,peer_nominal,0.794608,0.5177889447236181,29.0,29.0,0.3234009089773906,0.6541306373985438,0.9926993625384324
iid_match,0.0,30,5,peer_shrunk_nominal,0.806688,0.5242211055276382,29.0,29.0,0.3234009089773906,0.6541306373985438,0.9926993625384324
iid_match,0.0,30,5,peer_cov_ess,0.7923600000000001,0.5171859296482412,29.0,29.0,0.3234009089773906,0.6541306373985438,0.9926993625384324
iid_match,0.0,30,5,adaptive_cov_ess,0.786432,0.5159798994974875,29.0,29.0,0.3234009089773906,0.6541306373985438,0.9926993625384324
iid_match,0.0,30,5,adaptive_nominal,0.789164,0.5165829145728643,29.0,29.0,0.3234009089773906,0.6541306373985438,0.9926993625384324
iid_match,0.0,30,5,adaptive_joint_nominal,0.8009040000000001,0.5234170854271357,29.0,29.0,0.3234009089773906,0.6541306373985438,0.9926993625384324
iid_match,0.0,30,6,shared_oas,0.8067599999999999,0.5403015075376885,29.0,29.0,0.2995556251474969,0.7125259994003361,0.9996288633807393
iid_match,0.0,30,6,peer_nominal,0.833968,0.549748743718593,29.0,29.0,0.2995556251474969,0.7125259994003361,0.9996288633807393
iid_match,0.0,30,6,peer_shrunk_nominal,0.8242999999999999,0.5467336683417086,29.0,29.0,0.2995556251474969,0.7125259994003361,0.9996288633807393
iid_match,0.0,30,6,peer_cov_ess,0.832948,0.5489447236180904,29.0,29.0,0.2995556251474969,0.7125259994003361,0.9996288633807393
iid_match,0.0,30,6,adaptive_cov_ess,0.824204,0.5447236180904522,29.0,29.0,0.2995556251474969,0.7125259994003361,0.9996288633807393
iid_match,0.0,30,6,adaptive_nominal,0.825384,0.5451256281407035,29.0,29.0,0.2995556251474969,0.7125259994003361,0.9996288633807393
iid_match,0.0,30,6,adaptive_joint_nominal,0.815216,0.5409045226130653,29.0,29.0,0.2995556251474969,0.7125259994003361,0.9996288633807393
iid_match,0.0,30,7,shared_oas,0.778276,0.5409045226130653,29.0,29.0,0.35413564010632903,0.6815557690402252,1.0068991652801327
iid_match,0.0,30,7,peer_nominal,0.757928,0.5214070351758794,29.0,29.0,0.35413564010632903,0.6815557690402252,1.0068991652801327
iid_match,0.0,30,7,peer_shrunk_nominal,0.761936,0.5256281407035176,29.0,29.0,0.35413564010632903,0.6815557690402252,1.0068991652801327
iid_match,0.0,30,7,peer_cov_ess,0.75768,0.5214070351758794,29.0,29.0,0.35413564010632903,0.6815557690402252,1.0068991652801327
iid_match,0.0,30,7,adaptive_cov_ess,0.748328,0.5169849246231156,29.0,29.0,0.35413564010632903,0.6815557690402252,1.0068991652801327
iid_match,0.0,30,7,adaptive_nominal,0.7489960000000001,0.5169849246231156,29.0,29.0,0.35413564010632903,0.6815557690402252,1.0068991652801327
iid_match,0.0,30,7,adaptive_joint_nominal,0.7526280000000001,0.5185929648241207,29.0,29.0,0.35413564010632903,0.6815557690402252,1.0068991652801327
iid_match,0.0,30,8,shared_oas,0.796816,0.5240201005025126,29.0,29.0,0.34894422976172623,0.7033546252079028,0.9998473520748072
iid_match,0.0,30,8,peer_nominal,0.788208,0.5242211055276382,29.0,29.0,0.34894422976172623,0.7033546252079028,0.9998473520748072
iid_match,0.0,30,8,peer_shrunk_nominal,0.7919080000000001,0.5238190954773869,29.0,29.0,0.34894422976172623,0.7033546252079028,0.9998473520748072
iid_match,0.0,30,8,peer_cov_ess,0.786192,0.5228140703517588,29.0,29.0,0.34894422976172623,0.7033546252079028,0.9998473520748072
iid_match,0.0,30,8,adaptive_cov_ess,0.781188,0.5212060301507537,29.0,29.0,0.34894422976172623,0.7033546252079028,0.9998473520748072
iid_match,0.0,30,8,adaptive_nominal,0.783676,0.5214070351758794,29.0,29.0,0.34894422976172623,0.7033546252079028,0.9998473520748072
iid_match,0.0,30,8,adaptive_joint_nominal,0.78678,0.5224120603015076,29.0,29.0,0.34894422976172623,0.7033546252079028,0.9998473520748072
iid_match,0.0,30,9,shared_oas,0.753868,0.5674371859296482,29.0,29.0,0.2754725549086513,0.6367529181942929,1.0113660446620463
iid_match,0.0,30,9,peer_nominal,0.7849999999999999,0.5730653266331658,29.0,29.0,0.2754725549086513,0.6367529181942929,1.0113660446620463
iid_match,0.0,30,9,peer_shrunk_nominal,0.76898,0.5724623115577889,29.0,29.0,0.2754725549086513,0.6367529181942929,1.0113660446620463
iid_match,0.0,30,9,peer_cov_ess,0.784124,0.5720603015075377,29.0,29.0,0.2754725549086513,0.6367529181942929,1.0113660446620463
iid_match,0.0,30,9,adaptive_cov_ess,0.7810520000000001,0.5694472361809045,29.0,29.0,0.2754725549086513,0.6367529181942929,1.0113660446620463
iid_match,0.0,30,9,adaptive_nominal,0.7819,0.5704522613065327,29.0,29.0,0.2754725549086513,0.6367529181942929,1.0113660446620463
iid_match,0.0,30,9,adaptive_joint_nominal,0.7669879999999999,0.5696482412060302,29.0,29.0,0.2754725549086513,0.6367529181942929,1.0113660446620463
iid_match,0.0,30,10,shared_oas,0.78756,0.5161809045226131,29.0,29.0,0.3341624986390129,0.685566750471811,0.9829629982188687
iid_match,0.0,30,10,peer_nominal,0.7831319999999999,0.5161809045226131,29.0,29.0,0.3341624986390129,0.685566750471811,0.9829629982188687
iid_match,0.0,30,10,peer_shrunk_nominal,0.7886039999999999,0.5177889447236181,29.0,29.0,0.3341624986390129,0.685566750471811,0.9829629982188687
iid_match,0.0,30,10,peer_cov_ess,0.782304,0.5159798994974875,29.0,29.0,0.3341624986390129,0.685566750471811,0.9829629982188687
iid_match,0.0,30,10,adaptive_cov_ess,0.7695879999999999,0.5101507537688442,29.0,29.0,0.3341624986390129,0.685566750471811,0.9829629982188687
iid_match,0.0,30,10,adaptive_nominal,0.7703720000000001,0.5109547738693467,29.0,29.0,0.3341624986390129,0.685566750471811,0.9829629982188687
iid_match,0.0,30,10,adaptive_joint_nominal,0.7761599999999999,0.5119597989949749,29.0,29.0,0.3341624986390129,0.685566750471811,0.9829629982188687
iid_match,0.0,30,11,shared_oas,0.812704,0.5386934673366834,29.0,29.0,0.3568302716040186,0.6918008715652284,0.9857388608433294
iid_match,0.0,30,11,peer_nominal,0.8014079999999999,0.5376884422110553,29.0,29.0,0.3568302716040186,0.6918008715652284,0.9857388608433294
iid_match,0.0,30,11,peer_shrunk_nominal,0.8139799999999999,0.5419095477386935,29.0,29.0,0.3568302716040186,0.6918008715652284,0.9857388608433294
iid_match,0.0,30,11,peer_cov_ess,0.7999839999999999,0.5374874371859296,29.0,29.0,0.3568302716040186,0.6918008715652284,0.9857388608433294
iid_match,0.0,30,11,adaptive_cov_ess,0.8048759999999999,0.539497487437186,29.0,29.0,0.3568302716040186,0.6918008715652284,0.9857388608433294
iid_match,0.0,30,11,adaptive_nominal,0.806364,0.539497487437186,29.0,29.0,0.3568302716040186,0.6918008715652284,0.9857388608433294
iid_match,0.0,30,11,adaptive_joint_nominal,0.8183279999999999,0.5431155778894472,29.0,29.0,0.3568302716040186,0.6918008715652284,0.9857388608433294
iid_match,0.0,30,12,shared_oas,0.809908,0.5214070351758794,29.0,29.0,0.30986839875843497,0.6532618936951128,0.9967846428748777
iid_match,0.0,30,12,peer_nominal,0.7941320000000001,0.5153768844221106,29.0,29.0,0.30986839875843497,0.6532618936951128,0.9967846428748777
iid_match,0.0,30,12,peer_shrunk_nominal,0.8028200000000001,0.5208040201005025,29.0,29.0,0.30986839875843497,0.6532618936951128,0.9967846428748777
iid_match,0.0,30,12,peer_cov_ess,0.792952,0.5149748743718593,29.0,29.0,0.30986839875843497,0.6532618936951128,0.9967846428748777
iid_match,0.0,30,12,adaptive_cov_ess,0.793296,0.5155778894472361,29.0,29.0,0.30986839875843497,0.6532618936951128,0.9967846428748777
iid_match,0.0,30,12,adaptive_nominal,0.79488,0.5169849246231156,29.0,29.0,0.30986839875843497,0.6532618936951128,0.9967846428748777
iid_match,0.0,30,12,adaptive_joint_nominal,0.803,0.5210050251256282,29.0,29.0,0.30986839875843497,0.6532618936951128,0.9967846428748777
iid_match,0.0,30,13,shared_oas,0.7163999999999999,0.5191959798994975,29.0,29.0,0.3248127559131856,0.7072700100731573,0.9753693318053169
iid_match,0.0,30,13,peer_nominal,0.786368,0.5274371859296483,29.0,29.0,0.3248127559131856,0.7072700100731573,0.9753693318053169
iid_match,0.0,30,13,peer_shrunk_nominal,0.7185159999999999,0.51678391959799,29.0,29.0,0.3248127559131856,0.7072700100731573,0.9753693318053169
iid_match,0.0,30,13,peer_cov_ess,0.7848840000000001,0.527035175879397,29.0,29.0,0.3248127559131856,0.7072700100731573,0.9753693318053169
iid_match,0.0,30,13,adaptive_cov_ess,0.776972,0.5220100502512562,29.0,29.0,0.3248127559131856,0.7072700100731573,0.9753693318053169
iid_match,0.0,30,13,adaptive_nominal,0.7787839999999999,0.5222110552763819,29.0,29.0,0.3248127559131856,0.7072700100731573,0.9753693318053169
iid_match,0.0,30,13,adaptive_joint_nominal,0.7131599999999999,0.5141708542713568,29.0,29.0,0.3248127559131856,0.7072700100731573,0.9753693318053169
iid_match,0.0,30,14,shared_oas,0.8605160000000001,0.5419095477386935,29.0,29.0,0.2974382675165619,0.683217982961278,1.0068098015111935
iid_match,0.0,30,14,peer_nominal,0.867608,0.5479396984924623,29.0,29.0,0.2974382675165619,0.683217982961278,1.0068098015111935
iid_match,0.0,30,14,peer_shrunk_nominal,0.8646520000000001,0.5451256281407035,29.0,29.0,0.2974382675165619,0.683217982961278,1.0068098015111935
iid_match,0.0,30,14,peer_cov_ess,0.8663959999999999,0.5477386934673367,29.0,29.0,0.2974382675165619,0.683217982961278,1.0068098015111935
iid_match,0.0,30,14,adaptive_cov_ess,0.865964,0.5461306532663317,29.0,29.0,0.2974382675165619,0.683217982961278,1.0068098015111935
iid_match,0.0,30,14,adaptive_nominal,0.8671160000000001,0.5475376884422111,29.0,29.0,0.2974382675165619,0.683217982961278,1.0068098015111935
iid_match,0.0,30,14,adaptive_joint_nominal,0.8639800000000001,0.5409045226130653,29.0,29.0,0.2974382675165619,0.683217982961278,1.0068098015111935
iid_match,0.0,30,15,shared_oas,0.77884,0.5292462311557788,29.0,29.0,0.30141596289278716,0.7056772586983713,1.0091115853929673
iid_match,0.0,30,15,peer_nominal,0.803084,0.5423115577889447,29.0,29.0,0.30141596289278716,0.7056772586983713,1.0091115853929673
iid_match,0.0,30,15,peer_shrunk_nominal,0.784932,0.5314572864321608,29.0,29.0,0.30141596289278716,0.7056772586983713,1.0091115853929673
iid_match,0.0,30,15,peer_cov_ess,0.802076,0.5437185929648242,29.0,29.0,0.30141596289278716,0.7056772586983713,1.0091115853929673
iid_match,0.0,30,15,adaptive_cov_ess,0.7946960000000001,0.5370854271356784,29.0,29.0,0.30141596289278716,0.7056772586983713,1.0091115853929673
iid_match,0.0,30,15,adaptive_nominal,0.796,0.5370854271356784,29.0,29.0,0.30141596289278716,0.7056772586983713,1.0091115853929673
iid_match,0.0,30,15,adaptive_joint_nominal,0.777824,0.5310552763819095,29.0,29.0,0.30141596289278716,0.7056772586983713,1.0091115853929673
iid_match,0.0,30,16,shared_oas,0.784808,0.5328643216080402,29.0,29.0,0.29445630415866597,0.6865457563257447,1.0045080232820403
iid_match,0.0,30,16,peer_nominal,0.8023,0.5380904522613066,29.0,29.0,0.29445630415866597,0.6865457563257447,1.0045080232820403
iid_match,0.0,30,16,peer_shrunk_nominal,0.794684,0.5376884422110553,29.0,29.0,0.29445630415866597,0.6865457563257447,1.0045080232820403
iid_match,0.0,30,16,peer_cov_ess,0.802764,0.5374874371859296,29.0,29.0,0.29445630415866597,0.6865457563257447,1.0045080232820403
iid_match,0.0,30,16,adaptive_cov_ess,0.7913079999999999,0.5322613065326633,29.0,29.0,0.29445630415866597,0.6865457563257447,1.0045080232820403
iid_match,0.0,30,16,adaptive_nominal,0.790804,0.5310552763819095,29.0,29.0,0.29445630415866597,0.6865457563257447,1.0045080232820403
iid_match,0.0,30,16,adaptive_joint_nominal,0.78318,0.5322613065326633,29.0,29.0,0.29445630415866597,0.6865457563257447,1.0045080232820403
iid_match,0.0,30,17,shared_oas,0.8450119999999999,0.55356783919598,29.0,29.0,0.30419775343607836,0.7079160706036998,0.9842658198665764
iid_match,0.0,30,17,peer_nominal,0.81138,0.5453266331658292,29.0,29.0,0.30419775343607836,0.7079160706036998,0.9842658198665764
iid_match,0.0,30,17,peer_shrunk_nominal,0.832968,0.5515577889447236,29.0,29.0,0.30419775343607836,0.7079160706036998,0.9842658198665764
iid_match,0.0,30,17,peer_cov_ess,0.809172,0.5433165829145729,29.0,29.0,0.30419775343607836,0.7079160706036998,0.9842658198665764
iid_match,0.0,30,17,adaptive_cov_ess,0.8144440000000001,0.5481407035175879,29.0,29.0,0.30419775343607836,0.7079160706036998,0.9842658198665764
iid_match,0.0,30,17,adaptive_nominal,0.816668,0.5495477386934673,29.0,29.0,0.30419775343607836,0.7079160706036998,0.9842658198665764
iid_match,0.0,30,17,adaptive_joint_nominal,0.8361879999999999,0.5541708542713568,29.0,29.0,0.30419775343607836,0.7079160706036998,0.9842658198665764
iid_match,0.0,30,18,shared_oas,0.8468959999999999,0.5479396984924623,29.0,29.0,0.33074695486759426,0.6748130539348283,1.0019211356386668
iid_match,0.0,30,18,peer_nominal,0.8221600000000001,0.5344723618090452,29.0,29.0,0.33074695486759426,0.6748130539348283,1.0019211356386668
iid_match,0.0,30,18,peer_shrunk_nominal,0.83584,0.5419095477386935,29.0,29.0,0.33074695486759426,0.6748130539348283,1.0019211356386668
iid_match,0.0,30,18,peer_cov_ess,0.819328,0.5322613065326633,29.0,29.0,0.33074695486759426,0.6748130539348283,1.0019211356386668
iid_match,0.0,30,18,adaptive_cov_ess,0.824668,0.5306532663316583,29.0,29.0,0.33074695486759426,0.6748130539348283,1.0019211356386668
iid_match,0.0,30,18,adaptive_nominal,0.827352,0.5336683417085427,29.0,29.0,0.33074695486759426,0.6748130539348283,1.0019211356386668
iid_match,0.0,30,18,adaptive_joint_nominal,0.8416720000000001,0.542713567839196,29.0,29.0,0.33074695486759426,0.6748130539348283,1.0019211356386668
iid_match,0.0,30,19,shared_oas,0.814576,0.5332663316582914,29.0,29.0,0.3093736066791819,0.6479221920654437,0.9982936397823239
iid_match,0.0,30,19,peer_nominal,0.791692,0.5280402010050251,29.0,29.0,0.3093736066791819,0.6479221920654437,0.9982936397823239
iid_match,0.0,30,19,peer_shrunk_nominal,0.80442,0.5316582914572864,29.0,29.0,0.3093736066791819,0.6479221920654437,0.9982936397823239
iid_match,0.0,30,19,peer_cov_ess,0.791648,0.5274371859296483,29.0,29.0,0.3093736066791819,0.6479221920654437,0.9982936397823239
iid_match,0.0,30,19,adaptive_cov_ess,0.7925239999999999,0.5266331658291458,29.0,29.0,0.3093736066791819,0.6479221920654437,0.9982936397823239
iid_match,0.0,30,19,adaptive_nominal,0.7924439999999999,0.5266331658291458,29.0,29.0,0.3093736066791819,0.6479221920654437,0.9982936397823239
iid_match,0.0,30,19,adaptive_joint_nominal,0.8051559999999999,0.5298492462311558,29.0,29.0,0.3093736066791819,0.6479221920654437,0.9982936397823239
iid_match,0.0,30,20,shared_oas,0.7819279999999998,0.5384924623115578,29.0,29.0,0.31121983087769833,0.7328364428157889,0.9764272334357479
iid_match,0.0,30,20,peer_nominal,0.817132,0.531859296482412,29.0,29.0,0.31121983087769833,0.7328364428157889,0.9764272334357479
iid_match,0.0,30,20,peer_shrunk_nominal,0.791556,0.5300502512562814,29.0,29.0,0.31121983087769833,0.7328364428157889,0.9764272334357479
iid_match,0.0,30,20,peer_cov_ess,0.817928,0.5320603015075377,29.0,29.0,0.31121983087769833,0.7328364428157889,0.9764272334357479
iid_match,0.0,30,20,adaptive_cov_ess,0.809684,0.5280402010050251,29.0,29.0,0.31121983087769833,0.7328364428157889,0.9764272334357479
iid_match,0.0,30,20,adaptive_nominal,0.8091599999999999,0.5282412060301508,29.0,29.0,0.31121983087769833,0.7328364428157889,0.9764272334357479
iid_match,0.0,30,20,adaptive_joint_nominal,0.7849679999999999,0.5276381909547738,29.0,29.0,0.31121983087769833,0.7328364428157889,0.9764272334357479
iid_match,0.0,30,21,shared_oas,0.819116,0.5720603015075377,29.0,29.0,0.3339938716663293,0.7170602427795921,1.0087360870623736
iid_match,0.0,30,21,peer_nominal,0.857768,0.5937688442211055,29.0,29.0,0.3339938716663293,0.7170602427795921,1.0087360870623736
iid_match,0.0,30,21,peer_shrunk_nominal,0.8446279999999999,0.5889447236180905,29.0,29.0,0.3339938716663293,0.7170602427795921,1.0087360870623736
iid_match,0.0,30,21,peer_cov_ess,0.855872,0.5911557788944724,29.0,29.0,0.3339938716663293,0.7170602427795921,1.0087360870623736
iid_match,0.0,30,21,adaptive_cov_ess,0.849748,0.5861306532663316,29.0,29.0,0.3339938716663293,0.7170602427795921,1.0087360870623736
iid_match,0.0,30,21,adaptive_nominal,0.852112,0.5879396984924623,29.0,29.0,0.3339938716663293,0.7170602427795921,1.0087360870623736
iid_match,0.0,30,21,adaptive_joint_nominal,0.8370759999999999,0.5819095477386935,29.0,29.0,0.3339938716663293,0.7170602427795921,1.0087360870623736
iid_match,0.0,30,22,shared_oas,0.778444,0.5384924623115578,29.0,29.0,0.29790129340492616,0.6513277602680565,1.003327294414769
iid_match,0.0,30,22,peer_nominal,0.7551519999999999,0.5382914572864321,29.0,29.0,0.29790129340492616,0.6513277602680565,1.003327294414769
iid_match,0.0,30,22,peer_shrunk_nominal,0.76742,0.5364824120603016,29.0,29.0,0.29790129340492616,0.6513277602680565,1.003327294414769
iid_match,0.0,30,22,peer_cov_ess,0.7547280000000001,0.5382914572864321,29.0,29.0,0.29790129340492616,0.6513277602680565,1.003327294414769
iid_match,0.0,30,22,adaptive_cov_ess,0.757028,0.5419095477386935,29.0,29.0,0.29790129340492616,0.6513277602680565,1.003327294414769
iid_match,0.0,30,22,adaptive_nominal,0.757492,0.5425125628140703,29.0,29.0,0.29790129340492616,0.6513277602680565,1.003327294414769
iid_match,0.0,30,22,adaptive_joint_nominal,0.769984,0.542713567839196,29.0,29.0,0.29790129340492616,0.6513277602680565,1.003327294414769
iid_match,0.0,30,23,shared_oas,0.83654,0.5587939698492462,29.0,29.0,0.32764492260156874,0.6453354339138889,0.9912098753477623
iid_match,0.0,30,23,peer_nominal,0.8417439999999999,0.565427135678392,29.0,29.0,0.32764492260156874,0.6453354339138889,0.9912098753477623
iid_match,0.0,30,23,peer_shrunk_nominal,0.8416959999999999,0.5614070351758794,29.0,29.0,0.32764492260156874,0.6453354339138889,0.9912098753477623
iid_match,0.0,30,23,peer_cov_ess,0.8392039999999998,0.5608040201005026,29.0,29.0,0.32764492260156874,0.6453354339138889,0.9912098753477623
iid_match,0.0,30,23,adaptive_cov_ess,0.840404,0.5612060301507538,29.0,29.0,0.32764492260156874,0.6453354339138889,0.9912098753477623
iid_match,0.0,30,23,adaptive_nominal,0.842884,0.5644221105527638,29.0,29.0,0.32764492260156874,0.6453354339138889,0.9912098753477623
iid_match,0.0,30,23,adaptive_joint_nominal,0.842368,0.5591959798994974,29.0,29.0,0.32764492260156874,0.6453354339138889,0.9912098753477623
iid_match,0.0,30,24,shared_oas,0.7611600000000001,0.5433165829145729,29.0,29.0,0.36246655873828826,0.7121173018738162,1.008477280086596
iid_match,0.0,30,24,peer_nominal,0.775068,0.5499497487437186,29.0,29.0,0.36246655873828826,0.7121173018738162,1.008477280086596
iid_match,0.0,30,24,peer_shrunk_nominal,0.7693240000000001,0.5437185929648242,29.0,29.0,0.36246655873828826,0.7121173018738162,1.008477280086596
iid_match,0.0,30,24,peer_cov_ess,0.773904,0.5503517587939698,29.0,29.0,0.36246655873828826,0.7121173018738162,1.008477280086596
iid_match,0.0,30,24,adaptive_cov_ess,0.7637959999999999,0.5465326633165829,29.0,29.0,0.36246655873828826,0.7121173018738162,1.008477280086596
iid_match,0.0,30,24,adaptive_nominal,0.764848,0.545929648241206,29.0,29.0,0.36246655873828826,0.7121173018738162,1.008477280086596
iid_match,0.0,30,24,adaptive_joint_nominal,0.759856,0.5431155778894472,29.0,29.0,0.36246655873828826,0.7121173018738162,1.008477280086596
iid_match,0.0,30,25,shared_oas,0.856272,0.5342713567839196,29.0,29.0,0.3387719782805507,0.7185650849591358,1.0104074812714519
iid_match,0.0,30,25,peer_nominal,0.818356,0.5284422110552763,29.0,29.0,0.3387719782805507,0.7185650849591358,1.0104074812714519
iid_match,0.0,30,25,peer_shrunk_nominal,0.84032,0.527035175879397,29.0,29.0,0.3387719782805507,0.7185650849591358,1.0104074812714519
iid_match,0.0,30,25,peer_cov_ess,0.8172039999999999,0.5280402010050251,29.0,29.0,0.3387719782805507,0.7185650849591358,1.0104074812714519
iid_match,0.0,30,25,adaptive_cov_ess,0.823888,0.5314572864321608,29.0,29.0,0.3387719782805507,0.7185650849591358,1.0104074812714519
iid_match,0.0,30,25,adaptive_nominal,0.825148,0.5328643216080402,29.0,29.0,0.3387719782805507,0.7185650849591358,1.0104074812714519
iid_match,0.0,30,25,adaptive_joint_nominal,0.846044,0.5344723618090452,29.0,29.0,0.3387719782805507,0.7185650849591358,1.0104074812714519
iid_match,0.0,30,26,shared_oas,0.796376,0.5173869346733668,29.0,29.0,0.24422407918193878,0.7149981193470014,0.9938121295349263
iid_match,0.0,30,26,peer_nominal,0.747168,0.5163819095477387,29.0,29.0,0.24422407918193878,0.7149981193470014,0.9938121295349263
iid_match,0.0,30,26,peer_shrunk_nominal,0.7902599999999999,0.5189949748743719,29.0,29.0,0.24422407918193878,0.7149981193470014,0.9938121295349263
iid_match,0.0,30,26,peer_cov_ess,0.746344,0.5161809045226131,29.0,29.0,0.24422407918193878,0.7149981193470014,0.9938121295349263
iid_match,0.0,30,26,adaptive_cov_ess,0.740088,0.5127638190954774,29.0,29.0,0.24422407918193878,0.7149981193470014,0.9938121295349263
iid_match,0.0,30,26,adaptive_nominal,0.74136,0.5131658291457286,29.0,29.0,0.24422407918193878,0.7149981193470014,0.9938121295349263
iid_match,0.0,30,26,adaptive_joint_nominal,0.7821879999999999,0.5165829145728643,29.0,29.0,0.24422407918193878,0.7149981193470014,0.9938121295349263
iid_match,0.0,30,27,shared_oas,0.84104,0.5563819095477387,29.0,29.0,0.281718848925656,0.7274477221310636,0.9893798923563701
iid_match,0.0,30,27,peer_nominal,0.820244,0.5591959798994975,29.0,29.0,0.281718848925656,0.7274477221310636,0.9893798923563701
iid_match,0.0,30,27,peer_shrunk_nominal,0.8264959999999999,0.5547738693467337,29.0,29.0,0.281718848925656,0.7274477221310636,0.9893798923563701
iid_match,0.0,30,27,peer_cov_ess,0.8189839999999999,0.556180904522613,29.0,29.0,0.281718848925656,0.7274477221310636,0.9893798923563701
iid_match,0.0,30,27,adaptive_cov_ess,0.8194839999999999,0.5549748743718593,29.0,29.0,0.281718848925656,0.7274477221310636,0.9893798923563701
iid_match,0.0,30,27,adaptive_nominal,0.82094,0.5571859296482412,29.0,29.0,0.281718848925656,0.7274477221310636,0.9893798923563701
iid_match,0.0,30,27,adaptive_joint_nominal,0.82714,0.5549748743718593,29.0,29.0,0.281718848925656,0.7274477221310636,0.9893798923563701
iid_match,0.0,30,28,shared_oas,0.790832,0.5471356783919598,29.0,29.0,0.3228535289365443,0.6781310835617151,1.0075098498317896
iid_match,0.0,30,28,peer_nominal,0.7952359999999999,0.5618090452261306,29.0,29.0,0.3228535289365443,0.6781310835617151,1.0075098498317896
iid_match,0.0,30,28,peer_shrunk_nominal,0.796136,0.5507537688442211,29.0,29.0,0.3228535289365443,0.6781310835617151,1.0075098498317896
iid_match,0.0,30,28,peer_cov_ess,0.793448,0.5612060301507538,29.0,29.0,0.3228535289365443,0.6781310835617151,1.0075098498317896
iid_match,0.0,30,28,adaptive_cov_ess,0.784572,0.5517587939698493,29.0,29.0,0.3228535289365443,0.6781310835617151,1.0075098498317896
iid_match,0.0,30,28,adaptive_nominal,0.78626,0.5525628140703518,29.0,29.0,0.3228535289365443,0.6781310835617151,1.0075098498317896
iid_match,0.0,30,28,adaptive_joint_nominal,0.7881960000000001,0.5449246231155779,29.0,29.0,0.3228535289365443,0.6781310835617151,1.0075098498317896
iid_match,0.0,30,29,shared_oas,0.814164,0.5624120603015076,29.0,29.0,0.2961322482189408,0.6354327290934585,0.995647290631313
iid_match,0.0,30,29,peer_nominal,0.826444,0.5712562814070352,29.0,29.0,0.2961322482189408,0.6354327290934585,0.995647290631313
iid_match,0.0,30,29,peer_shrunk_nominal,0.831412,0.5798994974874372,29.0,29.0,0.2961322482189408,0.6354327290934585,0.995647290631313
iid_match,0.0,30,29,peer_cov_ess,0.8252079999999999,0.570251256281407,29.0,29.0,0.2961322482189408,0.6354327290934585,0.995647290631313
iid_match,0.0,30,29,adaptive_cov_ess,0.8187719999999999,0.56,29.0,29.0,0.2961322482189408,0.6354327290934585,0.995647290631313
iid_match,0.0,30,29,adaptive_nominal,0.82022,0.5626130653266331,29.0,29.0,0.2961322482189408,0.6354327290934585,0.995647290631313
iid_match,0.0,30,29,adaptive_joint_nominal,0.8240040000000001,0.5662311557788945,29.0,29.0,0.2961322482189408,0.6354327290934585,0.995647290631313
iid_match,0.0,30,30,shared_oas,0.78312,0.541105527638191,29.0,29.0,0.30681824174107175,0.7055535717264386,0.9810283062255736
iid_match,0.0,30,30,peer_nominal,0.743244,0.5314572864321608,29.0,29.0,0.30681824174107175,0.7055535717264386,0.9810283062255736
iid_match,0.0,30,30,peer_shrunk_nominal,0.765052,0.5396984924623116,29.0,29.0,0.30681824174107175,0.7055535717264386,0.9810283062255736
iid_match,0.0,30,30,peer_cov_ess,0.742836,0.5312562814070352,29.0,29.0,0.30681824174107175,0.7055535717264386,0.9810283062255736
iid_match,0.0,30,30,adaptive_cov_ess,0.73858,0.5320603015075377,29.0,29.0,0.30681824174107175,0.7055535717264386,0.9810283062255736
iid_match,0.0,30,30,adaptive_nominal,0.7392240000000001,0.531859296482412,29.0,29.0,0.30681824174107175,0.7055535717264386,0.9810283062255736
iid_match,0.0,30,30,adaptive_joint_nominal,0.761012,0.539497487437186,29.0,29.0,0.30681824174107175,0.7055535717264386,0.9810283062255736
iid_match,0.0,30,31,shared_oas,0.846592,0.5738693467336683,29.0,29.0,0.33462337090955263,0.7341700815519198,1.0072863229877573
iid_match,0.0,30,31,peer_nominal,0.837792,0.5648241206030151,29.0,29.0,0.33462337090955263,0.7341700815519198,1.0072863229877573
iid_match,0.0,30,31,peer_shrunk_nominal,0.841308,0.5732663316582914,29.0,29.0,0.33462337090955263,0.7341700815519198,1.0072863229877573
iid_match,0.0,30,31,peer_cov_ess,0.8372559999999999,0.5646231155778895,29.0,29.0,0.33462337090955263,0.7341700815519198,1.0072863229877573
iid_match,0.0,30,31,adaptive_cov_ess,0.835312,0.5648241206030151,29.0,29.0,0.33462337090955263,0.7341700815519198,1.0072863229877573
iid_match,0.0,30,31,adaptive_nominal,0.8361080000000001,0.5658291457286432,29.0,29.0,0.33462337090955263,0.7341700815519198,1.0072863229877573
iid_match,0.0,30,31,adaptive_joint_nominal,0.8392400000000001,0.5716582914572864,29.0,29.0,0.33462337090955263,0.7341700815519198,1.0072863229877573
iid_match,0.0,30,32,shared_oas,0.765416,0.5079396984924623,29.0,29.0,0.34257513454412486,0.6971432798721009,0.9832923751406282
iid_match,0.0,30,32,peer_nominal,0.7276079999999999,0.5017085427135678,29.0,29.0,0.34257513454412486,0.6971432798721009,0.9832923751406282
iid_match,0.0,30,32,peer_shrunk_nominal,0.7588639999999999,0.5051256281407035,29.0,29.0,0.34257513454412486,0.6971432798721009,0.9832923751406282
iid_match,0.0,30,32,peer_cov_ess,0.727892,0.5017085427135678,29.0,29.0,0.34257513454412486,0.6971432798721009,0.9832923751406282
iid_match,0.0,30,32,adaptive_cov_ess,0.7152000000000001,0.5007035175879397,29.0,29.0,0.34257513454412486,0.6971432798721009,0.9832923751406282
iid_match,0.0,30,32,adaptive_nominal,0.715272,0.5009045226130653,29.0,29.0,0.34257513454412486,0.6971432798721009,0.9832923751406282
iid_match,0.0,30,32,adaptive_joint_nominal,0.74602,0.5031155778894473,29.0,29.0,0.34257513454412486,0.6971432798721009,0.9832923751406282
iid_match,0.0,30,33,shared_oas,0.832776,0.5593969849246231,29.0,29.0,0.29330808974832157,0.6959546917870485,1.0070354779438657
iid_match,0.0,30,33,peer_nominal,0.815488,0.5437185929648242,29.0,29.0,0.29330808974832157,0.6959546917870485,1.0070354779438657
iid_match,0.0,30,33,peer_shrunk_nominal,0.8259280000000001,0.5507537688442211,29.0,29.0,0.29330808974832157,0.6959546917870485,1.0070354779438657
iid_match,0.0,30,33,peer_cov_ess,0.814776,0.5435175879396985,29.0,29.0,0.29330808974832157,0.6959546917870485,1.0070354779438657
iid_match,0.0,30,33,adaptive_cov_ess,0.8064079999999999,0.5338693467336684,29.0,29.0,0.29330808974832157,0.6959546917870485,1.0070354779438657
iid_match,0.0,30,33,adaptive_nominal,0.8070639999999999,0.5328643216080402,29.0,29.0,0.29330808974832157,0.6959546917870485,1.0070354779438657
iid_match,0.0,30,33,adaptive_joint_nominal,0.8172079999999999,0.5376884422110553,29.0,29.0,0.29330808974832157,0.6959546917870485,1.0070354779438657
iid_match,0.0,30,34,shared_oas,0.82684,0.5342713567839196,29.0,29.0,0.366354886011436,0.6769858606787559,0.9957041177885657
iid_match,0.0,30,34,peer_nominal,0.782448,0.539497487437186,29.0,29.0,0.366354886011436,0.6769858606787559,0.9957041177885657
iid_match,0.0,30,34,peer_shrunk_nominal,0.806264,0.5392964824120603,29.0,29.0,0.366354886011436,0.6769858606787559,0.9957041177885657
iid_match,0.0,30,34,peer_cov_ess,0.780848,0.5380904522613066,29.0,29.0,0.366354886011436,0.6769858606787559,0.9957041177885657
iid_match,0.0,30,34,adaptive_cov_ess,0.7872600000000001,0.5403015075376885,29.0,29.0,0.366354886011436,0.6769858606787559,0.9957041177885657
iid_match,0.0,30,34,adaptive_nominal,0.788796,0.542713567839196,29.0,29.0,0.366354886011436,0.6769858606787559,0.9957041177885657
iid_match,0.0,30,34,adaptive_joint_nominal,0.8133319999999999,0.5425125628140703,29.0,29.0,0.366354886011436,0.6769858606787559,0.9957041177885657
iid_match,0.0,30,35,shared_oas,0.804932,0.5202010050251257,29.0,29.0,0.2709329087839619,0.6422037741824318,1.0078034921363805
iid_match,0.0,30,35,peer_nominal,0.8140439999999999,0.5304522613065327,29.0,29.0,0.2709329087839619,0.6422037741824318,1.0078034921363805
iid_match,0.0,30,35,peer_shrunk_nominal,0.810448,0.5250251256281407,29.0,29.0,0.2709329087839619,0.6422037741824318,1.0078034921363805
iid_match,0.0,30,35,peer_cov_ess,0.8127320000000002,0.5300502512562814,29.0,29.0,0.2709329087839619,0.6422037741824318,1.0078034921363805
iid_match,0.0,30,35,adaptive_cov_ess,0.817612,0.5346733668341709,29.0,29.0,0.2709329087839619,0.6422037741824318,1.0078034921363805
iid_match,0.0,30,35,adaptive_nominal,0.818864,0.5338693467336684,29.0,29.0,0.2709329087839619,0.6422037741824318,1.0078034921363805
iid_match,0.0,30,35,adaptive_joint_nominal,0.815164,0.5300502512562814,29.0,29.0,0.2709329087839619,0.6422037741824318,1.0078034921363805
iid_match,0.0,30,36,shared_oas,0.809248,0.5348743718592964,29.0,29.0,0.3060869984864503,0.7040659388001955,1.007358904705126
iid_match,0.0,30,36,peer_nominal,0.9007080000000001,0.5909547738693467,29.0,29.0,0.3060869984864503,0.7040659388001955,1.007358904705126
iid_match,0.0,30,36,peer_shrunk_nominal,0.8811360000000001,0.5604020100502513,29.0,29.0,0.3060869984864503,0.7040659388001955,1.007358904705126
iid_match,0.0,30,36,peer_cov_ess,0.899172,0.5911557788944724,29.0,29.0,0.3060869984864503,0.7040659388001955,1.007358904705126
iid_match,0.0,30,36,adaptive_cov_ess,0.8957359999999999,0.5873366834170854,29.0,29.0,0.3060869984864503,0.7040659388001955,1.007358904705126
iid_match,0.0,30,36,adaptive_nominal,0.897536,0.5887437185929648,29.0,29.0,0.3060869984864503,0.7040659388001955,1.007358904705126
iid_match,0.0,30,36,adaptive_joint_nominal,0.87746,0.55678391959799,29.0,29.0,0.3060869984864503,0.7040659388001955,1.007358904705126
iid_match,0.0,30,37,shared_oas,0.876836,0.5754773869346734,29.0,29.0,0.32968585412572315,0.6957225983163224,0.9874290264057357
iid_match,0.0,30,37,peer_nominal,0.8559,0.5551758793969849,29.0,29.0,0.32968585412572315,0.6957225983163224,0.9874290264057357
iid_match,0.0,30,37,peer_shrunk_nominal,0.8665999999999999,0.5632160804020101,29.0,29.0,0.32968585412572315,0.6957225983163224,0.9874290264057357
iid_match,0.0,30,37,peer_cov_ess,0.85528,0.5543718592964824,29.0,29.0,0.32968585412572315,0.6957225983163224,0.9874290264057357
iid_match,0.0,30,37,adaptive_cov_ess,0.8524920000000001,0.5503517587939698,29.0,29.0,0.32968585412572315,0.6957225983163224,0.9874290264057357
iid_match,0.0,30,37,adaptive_nominal,0.853156,0.5523618090452261,29.0,29.0,0.32968585412572315,0.6957225983163224,0.9874290264057357
iid_match,0.0,30,37,adaptive_joint_nominal,0.8638720000000001,0.5604020100502513,29.0,29.0,0.32968585412572315,0.6957225983163224,0.9874290264057357
iid_match,0.0,30,38,shared_oas,0.790844,0.5415075376884422,29.0,29.0,0.32490401167508165,0.6040817935733825,0.9987268696621083
iid_match,0.0,30,38,peer_nominal,0.8553960000000002,0.567035175879397,29.0,29.0,0.32490401167508165,0.6040817935733825,0.9987268696621083
iid_match,0.0,30,38,peer_shrunk_nominal,0.8311360000000001,0.5547738693467337,29.0,29.0,0.32490401167508165,0.6040817935733825,0.9987268696621083
iid_match,0.0,30,38,peer_cov_ess,0.853728,0.5666331658291457,29.0,29.0,0.32490401167508165,0.6040817935733825,0.9987268696621083
iid_match,0.0,30,38,adaptive_cov_ess,0.8502959999999999,0.5618090452261306,29.0,29.0,0.32490401167508165,0.6040817935733825,0.9987268696621083
iid_match,0.0,30,38,adaptive_nominal,0.85208,0.5626130653266331,29.0,29.0,0.32490401167508165,0.6040817935733825,0.9987268696621083
iid_match,0.0,30,38,adaptive_joint_nominal,0.8281320000000001,0.5559798994974875,29.0,29.0,0.32490401167508165,0.6040817935733825,0.9987268696621083
iid_match,0.0,30,39,shared_oas,0.8391440000000001,0.5457286432160804,29.0,29.0,0.2395837679498672,0.7146313916751014,0.9949930432062084
iid_match,0.0,30,39,peer_nominal,0.789628,0.5304522613065327,29.0,29.0,0.2395837679498672,0.7146313916751014,0.9949930432062084
iid_match,0.0,30,39,peer_shrunk_nominal,0.821148,0.5374874371859296,29.0,29.0,0.2395837679498672,0.7146313916751014,0.9949930432062084
iid_match,0.0,30,39,peer_cov_ess,0.788316,0.5296482412060302,29.0,29.0,0.2395837679498672,0.7146313916751014,0.9949930432062084
iid_match,0.0,30,39,adaptive_cov_ess,0.7821799999999999,0.5254271356783919,29.0,29.0,0.2395837679498672,0.7146313916751014,0.9949930432062084
iid_match,0.0,30,39,adaptive_nominal,0.78406,0.5264321608040201,29.0,29.0,0.2395837679498672,0.7146313916751014,0.9949930432062084
iid_match,0.0,30,39,adaptive_joint_nominal,0.8136439999999998,0.5320603015075377,29.0,29.0,0.2395837679498672,0.7146313916751014,0.9949930432062084
iid_match,0.0,100,0,shared_oas,0.86002,0.5616080402010051,99.0,99.0,0.6276469998016337,0.9032979518125258,1.0362841956332698
iid_match,0.0,100,0,peer_nominal,0.8509639999999999,0.5575879396984924,99.0,99.0,0.6276469998016337,0.9032979518125258,1.0362841956332698
iid_match,0.0,100,0,peer_shrunk_nominal,0.851628,0.5565829145728644,99.0,99.0,0.6276469998016337,0.9032979518125258,1.0362841956332698
iid_match,0.0,100,0,peer_cov_ess,0.850812,0.5575879396984924,99.0,99.0,0.6276469998016337,0.9032979518125258,1.0362841956332698
iid_match,0.0,100,0,adaptive_cov_ess,0.852264,0.5589949748743719,99.0,99.0,0.6276469998016337,0.9032979518125258,1.0362841956332698
iid_match,0.0,100,0,adaptive_nominal,0.8522719999999999,0.5587939698492462,99.0,99.0,0.6276469998016337,0.9032979518125258,1.0362841956332698
iid_match,0.0,100,0,adaptive_joint_nominal,0.8525319999999998,0.5577889447236181,99.0,99.0,0.6276469998016337,0.9032979518125258,1.0362841956332698
iid_match,0.0,100,1,shared_oas,0.837844,0.5441206030150754,99.0,99.0,0.5863669198253454,0.8523410990685925,1.0066585245419564
iid_match,0.0,100,1,peer_nominal,0.863204,0.5630150753768844,99.0,99.0,0.5863669198253454,0.8523410990685925,1.0066585245419564
iid_match,0.0,100,1,peer_shrunk_nominal,0.854192,0.5503517587939698,99.0,99.0,0.5863669198253454,0.8523410990685925,1.0066585245419564
iid_match,0.0,100,1,peer_cov_ess,0.862992,0.5630150753768844,99.0,99.0,0.5863669198253454,0.8523410990685925,1.0066585245419564
iid_match,0.0,100,1,adaptive_cov_ess,0.864528,0.5624120603015076,99.0,99.0,0.5863669198253454,0.8523410990685925,1.0066585245419564
iid_match,0.0,100,1,adaptive_nominal,0.86472,0.5630150753768844,99.0,99.0,0.5863669198253454,0.8523410990685925,1.0066585245419564
iid_match,0.0,100,1,adaptive_joint_nominal,0.855764,0.552964824120603,99.0,99.0,0.5863669198253454,0.8523410990685925,1.0066585245419564
iid_match,0.0,100,2,shared_oas,0.8653120000000001,0.5869346733668341,99.0,99.0,0.6280369851460763,0.8849808924242935,1.0009787422339385
iid_match,0.0,100,2,peer_nominal,0.8776679999999999,0.5997989949748743,99.0,99.0,0.6280369851460763,0.8849808924242935,1.0009787422339385
iid_match,0.0,100,2,peer_shrunk_nominal,0.876092,0.6012060301507538,99.0,99.0,0.6280369851460763,0.8849808924242935,1.0009787422339385
iid_match,0.0,100,2,peer_cov_ess,0.87742,0.5995979899497488,99.0,99.0,0.6280369851460763,0.8849808924242935,1.0009787422339385
iid_match,0.0,100,2,adaptive_cov_ess,0.876396,0.5959798994974874,99.0,99.0,0.6280369851460763,0.8849808924242935,1.0009787422339385
iid_match,0.0,100,2,adaptive_nominal,0.8766799999999999,0.5963819095477387,99.0,99.0,0.6280369851460763,0.8849808924242935,1.0009787422339385
iid_match,0.0,100,2,adaptive_joint_nominal,0.8750439999999999,0.5963819095477387,99.0,99.0,0.6280369851460763,0.8849808924242935,1.0009787422339385
iid_match,0.0,100,3,shared_oas,0.8573519999999999,0.5786934673366834,99.0,99.0,0.598900835134949,0.8867843394917232,1.0082112607102012
iid_match,0.0,100,3,peer_nominal,0.8507999999999999,0.5770854271356783,99.0,99.0,0.598900835134949,0.8867843394917232,1.0082112607102012
iid_match,0.0,100,3,peer_shrunk_nominal,0.85794,0.5873366834170854,99.0,99.0,0.598900835134949,0.8867843394917232,1.0082112607102012
iid_match,0.0,100,3,peer_cov_ess,0.85066,0.5770854271356783,99.0,99.0,0.598900835134949,0.8867843394917232,1.0082112607102012
iid_match,0.0,100,3,adaptive_cov_ess,0.8516880000000001,0.5748743718592965,99.0,99.0,0.598900835134949,0.8867843394917232,1.0082112607102012
iid_match,0.0,100,3,adaptive_nominal,0.8518279999999999,0.5750753768844221,99.0,99.0,0.598900835134949,0.8867843394917232,1.0082112607102012
iid_match,0.0,100,3,adaptive_joint_nominal,0.858708,0.5849246231155779,99.0,99.0,0.598900835134949,0.8867843394917232,1.0082112607102012
iid_match,0.0,100,4,shared_oas,0.8343039999999998,0.5425125628140703,99.0,99.0,0.4970041955557494,0.895098987902681,0.9941177899268896
iid_match,0.0,100,4,peer_nominal,0.8126360000000001,0.5376884422110553,99.0,99.0,0.4970041955557494,0.895098987902681,0.9941177899268896
iid_match,0.0,100,4,peer_shrunk_nominal,0.8197399999999999,0.5380904522613065,99.0,99.0,0.4970041955557494,0.895098987902681,0.9941177899268896
iid_match,0.0,100,4,peer_cov_ess,0.81248,0.5376884422110553,99.0,99.0,0.4970041955557494,0.895098987902681,0.9941177899268896
iid_match,0.0,100,4,adaptive_cov_ess,0.80694,0.5378894472361809,99.0,99.0,0.4970041955557494,0.895098987902681,0.9941177899268896
iid_match,0.0,100,4,adaptive_nominal,0.8071759999999999,0.5376884422110553,99.0,99.0,0.4970041955557494,0.895098987902681,0.9941177899268896
iid_match,0.0,100,4,adaptive_joint_nominal,0.8142799999999999,0.5376884422110553,99.0,99.0,0.4970041955557494,0.895098987902681,0.9941177899268896
iid_match,0.0,100,5,shared_oas,0.826424,0.5610050251256281,99.0,99.0,0.6131270345851337,0.8685071297759637,1.0252729377292038
iid_match,0.0,100,5,peer_nominal,0.8207519999999998,0.5549748743718593,99.0,99.0,0.6131270345851337,0.8685071297759637,1.0252729377292038
iid_match,0.0,100,5,peer_shrunk_nominal,0.8245279999999999,0.5559798994974875,99.0,99.0,0.6131270345851337,0.8685071297759637,1.0252729377292038
iid_match,0.0,100,5,peer_cov_ess,0.8206680000000001,0.5547738693467337,99.0,99.0,0.6131270345851337,0.8685071297759637,1.0252729377292038
iid_match,0.0,100,5,adaptive_cov_ess,0.817196,0.5541708542713568,99.0,99.0,0.6131270345851337,0.8685071297759637,1.0252729377292038
iid_match,0.0,100,5,adaptive_nominal,0.8173079999999999,0.5541708542713568,99.0,99.0,0.6131270345851337,0.8685071297759637,1.0252729377292038
iid_match,0.0,100,5,adaptive_joint_nominal,0.8214440000000001,0.5565829145728644,99.0,99.0,0.6131270345851337,0.8685071297759637,1.0252729377292038
iid_match,0.0,100,6,shared_oas,0.7683040000000001,0.5226130653266332,99.0,99.0,0.6029572144459515,0.8735861563720286,0.9918566958118777
iid_match,0.0,100,6,peer_nominal,0.756312,0.5222110552763819,99.0,99.0,0.6029572144459515,0.8735861563720286,0.9918566958118777
iid_match,0.0,100,6,peer_shrunk_nominal,0.7595679999999999,0.5210050251256282,99.0,99.0,0.6029572144459515,0.8735861563720286,0.9918566958118777
iid_match,0.0,100,6,peer_cov_ess,0.75644,0.5226130653266332,99.0,99.0,0.6029572144459515,0.8735861563720286,0.9918566958118777
iid_match,0.0,100,6,adaptive_cov_ess,0.750764,0.5191959798994975,99.0,99.0,0.6029572144459515,0.8735861563720286,0.9918566958118777
iid_match,0.0,100,6,adaptive_nominal,0.7506919999999999,0.5189949748743719,99.0,99.0,0.6029572144459515,0.8735861563720286,0.9918566958118777
iid_match,0.0,100,6,adaptive_joint_nominal,0.754016,0.5177889447236181,99.0,99.0,0.6029572144459515,0.8735861563720286,0.9918566958118777
iid_match,0.0,100,7,shared_oas,0.8483559999999999,0.6062311557788944,99.0,99.0,0.6263559847817941,0.8740184535632041,0.9966883233600436
iid_match,0.0,100,7,peer_nominal,0.8564039999999999,0.587537688442211,99.0,99.0,0.6263559847817941,0.8740184535632041,0.9966883233600436
iid_match,0.0,100,7,peer_shrunk_nominal,0.8531200000000001,0.5935678391959799,99.0,99.0,0.6263559847817941,0.8740184535632041,0.9966883233600436
iid_match,0.0,100,7,peer_cov_ess,0.8561840000000001,0.5873366834170854,99.0,99.0,0.6263559847817941,0.8740184535632041,0.9966883233600436
iid_match,0.0,100,7,adaptive_cov_ess,0.8559239999999999,0.5885427135678392,99.0,99.0,0.6263559847817941,0.8740184535632041,0.9966883233600436
iid_match,0.0,100,7,adaptive_nominal,0.8560760000000001,0.5887437185929648,99.0,99.0,0.6263559847817941,0.8740184535632041,0.9966883233600436
iid_match,0.0,100,7,adaptive_joint_nominal,0.8526999999999999,0.5955778894472362,99.0,99.0,0.6263559847817941,0.8740184535632041,0.9966883233600436
iid_match,0.0,100,8,shared_oas,0.817132,0.5354773869346734,99.0,99.0,0.6796888971262687,0.8679199907069124,0.9983042518125662
iid_match,0.0,100,8,peer_nominal,0.81976,0.5364824120603016,99.0,99.0,0.6796888971262687,0.8679199907069124,0.9983042518125662
iid_match,0.0,100,8,peer_shrunk_nominal,0.818348,0.5356783919597989,99.0,99.0,0.6796888971262687,0.8679199907069124,0.9983042518125662
iid_match,0.0,100,8,peer_cov_ess,0.819436,0.5362814070351759,99.0,99.0,0.6796888971262687,0.8679199907069124,0.9983042518125662
iid_match,0.0,100,8,adaptive_cov_ess,0.8179679999999999,0.5358793969849246,99.0,99.0,0.6796888971262687,0.8679199907069124,0.9983042518125662
iid_match,0.0,100,8,adaptive_nominal,0.818332,0.5362814070351759,99.0,99.0,0.6796888971262687,0.8679199907069124,0.9983042518125662
iid_match,0.0,100,8,adaptive_joint_nominal,0.8165359999999999,0.5346733668341709,99.0,99.0,0.6796888971262687,0.8679199907069124,0.9983042518125662
iid_match,0.0,100,9,shared_oas,0.8594240000000001,0.5728643216080402,99.0,99.0,0.552632617901109,0.8762984123614863,1.004144419139806
iid_match,0.0,100,9,peer_nominal,0.848636,0.5587939698492462,99.0,99.0,0.552632617901109,0.8762984123614863,1.004144419139806
iid_match,0.0,100,9,peer_shrunk_nominal,0.85528,0.5648241206030151,99.0,99.0,0.552632617901109,0.8762984123614863,1.004144419139806
iid_match,0.0,100,9,peer_cov_ess,0.848644,0.558391959798995,99.0,99.0,0.552632617901109,0.8762984123614863,1.004144419139806
iid_match,0.0,100,9,adaptive_cov_ess,0.8475760000000001,0.5571859296482412,99.0,99.0,0.552632617901109,0.8762984123614863,1.004144419139806
iid_match,0.0,100,9,adaptive_nominal,0.847628,0.5573869346733669,99.0,99.0,0.552632617901109,0.8762984123614863,1.004144419139806
iid_match,0.0,100,9,adaptive_joint_nominal,0.8537679999999999,0.5634170854271356,99.0,99.0,0.552632617901109,0.8762984123614863,1.004144419139806
iid_match,0.0,100,10,shared_oas,0.8683399999999999,0.5690452261306532,99.0,99.0,0.5836235592599884,0.8722612470819826,0.984243458522386
iid_match,0.0,100,10,peer_nominal,0.8706039999999999,0.5618090452261306,99.0,99.0,0.5836235592599884,0.8722612470819826,0.984243458522386
iid_match,0.0,100,10,peer_shrunk_nominal,0.874628,0.5696482412060302,99.0,99.0,0.5836235592599884,0.8722612470819826,0.984243458522386
iid_match,0.0,100,10,peer_cov_ess,0.8705040000000001,0.5614070351758794,99.0,99.0,0.5836235592599884,0.8722612470819826,0.984243458522386
iid_match,0.0,100,10,adaptive_cov_ess,0.86598,0.5602010050251256,99.0,99.0,0.5836235592599884,0.8722612470819826,0.984243458522386
iid_match,0.0,100,10,adaptive_nominal,0.866072,0.56,99.0,99.0,0.5836235592599884,0.8722612470819826,0.984243458522386
iid_match,0.0,100,10,adaptive_joint_nominal,0.870312,0.5672361809045227,99.0,99.0,0.5836235592599884,0.8722612470819826,0.984243458522386
iid_match,0.0,100,11,shared_oas,0.8393079999999999,0.6010050251256281,99.0,99.0,0.6090656380792543,0.883250149770466,1.0199586558094262
iid_match,0.0,100,11,peer_nominal,0.8612799999999998,0.6078391959798994,99.0,99.0,0.6090656380792543,0.883250149770466,1.0199586558094262
iid_match,0.0,100,11,peer_shrunk_nominal,0.8557,0.6062311557788944,99.0,99.0,0.6090656380792543,0.883250149770466,1.0199586558094262
iid_match,0.0,100,11,peer_cov_ess,0.86136,0.6080402010050251,99.0,99.0,0.6090656380792543,0.883250149770466,1.0199586558094262
iid_match,0.0,100,11,adaptive_cov_ess,0.861772,0.6112562814070351,99.0,99.0,0.6090656380792543,0.883250149770466,1.0199586558094262
iid_match,0.0,100,11,adaptive_nominal,0.861788,0.6108542713567839,99.0,99.0,0.6090656380792543,0.883250149770466,1.0199586558094262
iid_match,0.0,100,11,adaptive_joint_nominal,0.8565640000000001,0.6084422110552764,99.0,99.0,0.6090656380792543,0.883250149770466,1.0199586558094262
iid_match,0.0,100,12,shared_oas,0.81572,0.5575879396984924,99.0,99.0,0.6282185707838244,0.8744894875163467,1.0058436962801067
iid_match,0.0,100,12,peer_nominal,0.850548,0.5662311557788945,99.0,99.0,0.6282185707838244,0.8744894875163467,1.0058436962801067
iid_match,0.0,100,12,peer_shrunk_nominal,0.841256,0.5632160804020101,99.0,99.0,0.6282185707838244,0.8744894875163467,1.0058436962801067
iid_match,0.0,100,12,peer_cov_ess,0.8503639999999999,0.5660301507537688,99.0,99.0,0.6282185707838244,0.8744894875163467,1.0058436962801067
iid_match,0.0,100,12,adaptive_cov_ess,0.8514679999999999,0.5664321608040201,99.0,99.0,0.6282185707838244,0.8744894875163467,1.0058436962801067
iid_match,0.0,100,12,adaptive_nominal,0.8516119999999999,0.5664321608040201,99.0,99.0,0.6282185707838244,0.8744894875163467,1.0058436962801067
iid_match,0.0,100,12,adaptive_joint_nominal,0.842156,0.5642211055276382,99.0,99.0,0.6282185707838244,0.8744894875163467,1.0058436962801067
iid_match,0.0,100,13,shared_oas,0.8149,0.539497487437186,99.0,99.0,0.6287852151903222,0.8828533956833208,1.0111641314009543
iid_match,0.0,100,13,peer_nominal,0.7967679999999999,0.5429145728643217,99.0,99.0,0.6287852151903222,0.8828533956833208,1.0111641314009543
iid_match,0.0,100,13,peer_shrunk_nominal,0.8024039999999999,0.5423115577889447,99.0,99.0,0.6287852151903222,0.8828533956833208,1.0111641314009543
iid_match,0.0,100,13,peer_cov_ess,0.796704,0.542713567839196,99.0,99.0,0.6287852151903222,0.8828533956833208,1.0111641314009543
iid_match,0.0,100,13,adaptive_cov_ess,0.7956439999999999,0.5429145728643217,99.0,99.0,0.6287852151903222,0.8828533956833208,1.0111641314009543
iid_match,0.0,100,13,adaptive_nominal,0.795688,0.542713567839196,99.0,99.0,0.6287852151903222,0.8828533956833208,1.0111641314009543
iid_match,0.0,100,13,adaptive_joint_nominal,0.801364,0.5423115577889447,99.0,99.0,0.6287852151903222,0.8828533956833208,1.0111641314009543
iid_match,0.0,100,14,shared_oas,0.8124359999999999,0.5262311557788945,99.0,99.0,0.6509475387221832,0.8801859720785083,0.9809716809320093
iid_match,0.0,100,14,peer_nominal,0.806268,0.530251256281407,99.0,99.0,0.6509475387221832,0.8801859720785083,0.9809716809320093
iid_match,0.0,100,14,peer_shrunk_nominal,0.80478,0.5280402010050251,99.0,99.0,0.6509475387221832,0.8801859720785083,0.9809716809320093
iid_match,0.0,100,14,peer_cov_ess,0.8064279999999999,0.5304522613065327,99.0,99.0,0.6509475387221832,0.8801859720785083,0.9809716809320093
iid_match,0.0,100,14,adaptive_cov_ess,0.8075720000000001,0.5338693467336684,99.0,99.0,0.6509475387221832,0.8801859720785083,0.9809716809320093
iid_match,0.0,100,14,adaptive_nominal,0.807388,0.5338693467336684,99.0,99.0,0.6509475387221832,0.8801859720785083,0.9809716809320093
iid_match,0.0,100,14,adaptive_joint_nominal,0.8061839999999999,0.5314572864321608,99.0,99.0,0.6509475387221832,0.8801859720785083,0.9809716809320093
iid_match,0.0,100,15,shared_oas,0.8734599999999999,0.5780904522613065,99.0,98.73936416587168,0.5718374208681081,0.8651231001499495,0.9886196285158418
iid_match,0.0,100,15,peer_nominal,0.858924,0.5879396984924623,99.0,98.73936416587168,0.5718374208681081,0.8651231001499495,0.9886196285158418
iid_match,0.0,100,15,peer_shrunk_nominal,0.872396,0.5899497487437186,99.0,98.73936416587168,0.5718374208681081,0.8651231001499495,0.9886196285158418
iid_match,0.0,100,15,peer_cov_ess,0.858772,0.5883417085427136,99.0,98.73936416587168,0.5718374208681081,0.8651231001499495,0.9886196285158418
iid_match,0.0,100,15,adaptive_cov_ess,0.8543040000000001,0.5823115577889447,99.0,98.73936416587168,0.5718374208681081,0.8651231001499495,0.9886196285158418
iid_match,0.0,100,15,adaptive_nominal,0.8545240000000001,0.5825125628140704,99.0,98.73936416587168,0.5718374208681081,0.8651231001499495,0.9886196285158418
iid_match,0.0,100,15,adaptive_joint_nominal,0.86792,0.585929648241206,99.0,98.73936416587168,0.5718374208681081,0.8651231001499495,0.9886196285158418
iid_match,0.0,100,16,shared_oas,0.80344,0.5403015075376885,99.0,99.0,0.5977858107612475,0.8882891008310678,0.9907774468358685
iid_match,0.0,100,16,peer_nominal,0.7749759999999999,0.531859296482412,99.0,99.0,0.5977858107612475,0.8882891008310678,0.9907774468358685
iid_match,0.0,100,16,peer_shrunk_nominal,0.790392,0.5409045226130653,99.0,99.0,0.5977858107612475,0.8882891008310678,0.9907774468358685
iid_match,0.0,100,16,peer_cov_ess,0.774984,0.531859296482412,99.0,99.0,0.5977858107612475,0.8882891008310678,0.9907774468358685
iid_match,0.0,100,16,adaptive_cov_ess,0.778764,0.5336683417085427,99.0,99.0,0.5977858107612475,0.8882891008310678,0.9907774468358685
iid_match,0.0,100,16,adaptive_nominal,0.7787,0.5336683417085427,99.0,99.0,0.5977858107612475,0.8882891008310678,0.9907774468358685
iid_match,0.0,100,16,adaptive_joint_nominal,0.7934760000000001,0.5419095477386935,99.0,99.0,0.5977858107612475,0.8882891008310678,0.9907774468358685
iid_match,0.0,100,17,shared_oas,0.705004,0.5272361809045226,99.0,99.0,0.5489753075238605,0.9143880098444852,1.0017885566152764
iid_match,0.0,100,17,peer_nominal,0.829844,0.5575879396984924,99.0,99.0,0.5489753075238605,0.9143880098444852,1.0017885566152764
iid_match,0.0,100,17,peer_shrunk_nominal,0.808764,0.5537688442211055,99.0,99.0,0.5489753075238605,0.9143880098444852,1.0017885566152764
iid_match,0.0,100,17,peer_cov_ess,0.8298399999999999,0.5571859296482412,99.0,99.0,0.5489753075238605,0.9143880098444852,1.0017885566152764
iid_match,0.0,100,17,adaptive_cov_ess,0.8287719999999998,0.5577889447236181,99.0,99.0,0.5489753075238605,0.9143880098444852,1.0017885566152764
iid_match,0.0,100,17,adaptive_nominal,0.8289040000000001,0.5577889447236181,99.0,99.0,0.5489753075238605,0.9143880098444852,1.0017885566152764
iid_match,0.0,100,17,adaptive_joint_nominal,0.8076720000000001,0.55356783919598,99.0,99.0,0.5489753075238605,0.9143880098444852,1.0017885566152764
iid_match,0.0,100,18,shared_oas,0.8779440000000001,0.6152763819095477,99.0,99.0,0.5566461771874902,0.8946360360018659,1.0050576623567524
iid_match,0.0,100,18,peer_nominal,0.863104,0.6100502512562814,99.0,99.0,0.5566461771874902,0.8946360360018659,1.0050576623567524
iid_match,0.0,100,18,peer_shrunk_nominal,0.86822,0.614070351758794,99.0,99.0,0.5566461771874902,0.8946360360018659,1.0050576623567524
iid_match,0.0,100,18,peer_cov_ess,0.8626320000000001,0.6090452261306533,99.0,99.0,0.5566461771874902,0.8946360360018659,1.0050576623567524
iid_match,0.0,100,18,adaptive_cov_ess,0.861124,0.6088442211055276,99.0,99.0,0.5566461771874902,0.8946360360018659,1.0050576623567524
iid_match,0.0,100,18,adaptive_nominal,0.8615040000000002,0.610251256281407,99.0,99.0,0.5566461771874902,0.8946360360018659,1.0050576623567524
iid_match,0.0,100,18,adaptive_joint_nominal,0.8669800000000001,0.6132663316582915,99.0,99.0,0.5566461771874902,0.8946360360018659,1.0050576623567524
iid_match,0.0,100,19,shared_oas,0.884228,0.6192964824120603,99.0,99.0,0.6233195439959074,0.8390187702856129,1.052494982610196
iid_match,0.0,100,19,peer_nominal,0.8859360000000001,0.5959798994974874,99.0,99.0,0.6233195439959074,0.8390187702856129,1.052494982610196
iid_match,0.0,100,19,peer_shrunk_nominal,0.888844,0.6142713567839195,99.0,99.0,0.6233195439959074,0.8390187702856129,1.052494982610196
iid_match,0.0,100,19,peer_cov_ess,0.885728,0.5955778894472362,99.0,99.0,0.6233195439959074,0.8390187702856129,1.052494982610196
iid_match,0.0,100,19,adaptive_cov_ess,0.878924,0.5865326633165829,99.0,99.0,0.6233195439959074,0.8390187702856129,1.052494982610196
iid_match,0.0,100,19,adaptive_nominal,0.879228,0.5867336683417086,99.0,99.0,0.6233195439959074,0.8390187702856129,1.052494982610196
iid_match,0.0,100,19,adaptive_joint_nominal,0.8822240000000001,0.601608040201005,99.0,99.0,0.6233195439959074,0.8390187702856129,1.052494982610196
iid_match,0.0,100,20,shared_oas,0.822652,0.563819095477387,99.0,99.0,0.6209913853108191,0.8688638211684364,1.0096824865438632
iid_match,0.0,100,20,peer_nominal,0.843956,0.5815075376884422,99.0,99.0,0.6209913853108191,0.8688638211684364,1.0096824865438632
iid_match,0.0,100,20,peer_shrunk_nominal,0.8405640000000001,0.5784924623115578,99.0,99.0,0.6209913853108191,0.8688638211684364,1.0096824865438632
iid_match,0.0,100,20,peer_cov_ess,0.843604,0.5813065326633166,99.0,99.0,0.6209913853108191,0.8688638211684364,1.0096824865438632
iid_match,0.0,100,20,adaptive_cov_ess,0.846236,0.5821105527638191,99.0,99.0,0.6209913853108191,0.8688638211684364,1.0096824865438632
iid_match,0.0,100,20,adaptive_nominal,0.8465,0.5825125628140704,99.0,99.0,0.6209913853108191,0.8688638211684364,1.0096824865438632
iid_match,0.0,100,20,adaptive_joint_nominal,0.843272,0.5807035175879397,99.0,99.0,0.6209913853108191,0.8688638211684364,1.0096824865438632
iid_match,0.0,100,21,shared_oas,0.8815240000000001,0.6052261306532664,99.0,99.0,0.6528079792583477,0.8868906216683914,1.005198518298228
iid_match,0.0,100,21,peer_nominal,0.8632000000000001,0.5893467336683417,99.0,99.0,0.6528079792583477,0.8868906216683914,1.005198518298228
iid_match,0.0,100,21,peer_shrunk_nominal,0.8720760000000001,0.6012060301507538,99.0,99.0,0.6528079792583477,0.8868906216683914,1.005198518298228
iid_match,0.0,100,21,peer_cov_ess,0.863036,0.5889447236180905,99.0,99.0,0.6528079792583477,0.8868906216683914,1.005198518298228
iid_match,0.0,100,21,adaptive_cov_ess,0.8601,0.5829145728643216,99.0,99.0,0.6528079792583477,0.8868906216683914,1.005198518298228
iid_match,0.0,100,21,adaptive_nominal,0.860328,0.5833165829145729,99.0,99.0,0.6528079792583477,0.8868906216683914,1.005198518298228
iid_match,0.0,100,21,adaptive_joint_nominal,0.8686680000000001,0.5921608040201005,99.0,99.0,0.6528079792583477,0.8868906216683914,1.005198518298228
iid_match,0.0,100,22,shared_oas,0.7960039999999999,0.5447236180904522,99.0,99.0,0.5785248355693718,0.8676838944220586,0.9871761226543014
iid_match,0.0,100,22,peer_nominal,0.803288,0.5479396984924623,99.0,99.0,0.5785248355693718,0.8676838944220586,0.9871761226543014
iid_match,0.0,100,22,peer_shrunk_nominal,0.8018680000000001,0.545929648241206,99.0,99.0,0.5785248355693718,0.8676838944220586,0.9871761226543014
iid_match,0.0,100,22,peer_cov_ess,0.8032159999999999,0.5479396984924623,99.0,99.0,0.5785248355693718,0.8676838944220586,0.9871761226543014
iid_match,0.0,100,22,adaptive_cov_ess,0.8076480000000001,0.5501507537688443,99.0,99.0,0.5785248355693718,0.8676838944220586,0.9871761226543014
iid_match,0.0,100,22,adaptive_nominal,0.807756,0.5501507537688443,99.0,99.0,0.5785248355693718,0.8676838944220586,0.9871761226543014
iid_match,0.0,100,22,adaptive_joint_nominal,0.8061279999999998,0.5475376884422111,99.0,99.0,0.5785248355693718,0.8676838944220586,0.9871761226543014
iid_match,0.0,100,23,shared_oas,0.8384879999999999,0.6162814070351759,99.0,99.0,0.5906420128880435,0.8700587818966453,1.0065511138090586
iid_match,0.0,100,23,peer_nominal,0.8365239999999999,0.6102512562814071,99.0,99.0,0.5906420128880435,0.8700587818966453,1.0065511138090586
iid_match,0.0,100,23,peer_shrunk_nominal,0.839112,0.6162814070351759,99.0,99.0,0.5906420128880435,0.8700587818966453,1.0065511138090586
iid_match,0.0,100,23,peer_cov_ess,0.836428,0.6106532663316583,99.0,99.0,0.5906420128880435,0.8700587818966453,1.0065511138090586
iid_match,0.0,100,23,adaptive_cov_ess,0.842516,0.6146733668341708,99.0,99.0,0.5906420128880435,0.8700587818966453,1.0065511138090586
iid_match,0.0,100,23,adaptive_nominal,0.842608,0.6144723618090452,99.0,99.0,0.5906420128880435,0.8700587818966453,1.0065511138090586
iid_match,0.0,100,23,adaptive_joint_nominal,0.844856,0.6207035175879397,99.0,99.0,0.5906420128880435,0.8700587818966453,1.0065511138090586
iid_match,0.0,100,24,shared_oas,0.7873119999999999,0.5226130653266332,99.0,99.0,0.581555487197564,0.8689228445658344,0.9973061615846652
iid_match,0.0,100,24,peer_nominal,0.7882480000000001,0.5264321608040201,99.0,99.0,0.581555487197564,0.8689228445658344,0.9973061615846652
iid_match,0.0,100,24,peer_shrunk_nominal,0.7899079999999999,0.5260301507537688,99.0,99.0,0.581555487197564,0.8689228445658344,0.9973061615846652
iid_match,0.0,100,24,peer_cov_ess,0.788156,0.5260301507537688,99.0,99.0,0.581555487197564,0.8689228445658344,0.9973061615846652
iid_match,0.0,100,24,adaptive_cov_ess,0.7828280000000001,0.5250251256281407,99.0,99.0,0.581555487197564,0.8689228445658344,0.9973061615846652
iid_match,0.0,100,24,adaptive_nominal,0.782904,0.5250251256281407,99.0,99.0,0.581555487197564,0.8689228445658344,0.9973061615846652
iid_match,0.0,100,24,adaptive_joint_nominal,0.784648,0.5240201005025126,99.0,99.0,0.581555487197564,0.8689228445658344,0.9973061615846652
iid_match,0.0,100,25,shared_oas,0.7555079999999998,0.5193969849246232,99.0,95.51105079264772,0.6398712214040244,0.8961746901654326,0.9706121316735512
iid_match,0.0,100,25,peer_nominal,0.8432720000000002,0.5471356783919598,99.0,95.51105079264772,0.6398712214040244,0.8961746901654326,0.9706121316735512
iid_match,0.0,100,25,peer_shrunk_nominal,0.8348199999999999,0.5415075376884422,99.0,95.51105079264772,0.6398712214040244,0.8961746901654326,0.9706121316735512
iid_match,0.0,100,25,peer_cov_ess,0.843032,0.5469346733668342,99.0,95.51105079264772,0.6398712214040244,0.8961746901654326,0.9706121316735512
iid_match,0.0,100,25,adaptive_cov_ess,0.8494520000000001,0.5539698492462312,99.0,95.51105079264772,0.6398712214040244,0.8961746901654326,0.9706121316735512
iid_match,0.0,100,25,adaptive_nominal,0.8496119999999999,0.5543718592964825,99.0,95.51105079264772,0.6398712214040244,0.8961746901654326,0.9706121316735512
iid_match,0.0,100,25,adaptive_joint_nominal,0.8409360000000001,0.5481407035175879,99.0,95.51105079264772,0.6398712214040244,0.8961746901654326,0.9706121316735512
iid_match,0.0,100,26,shared_oas,0.8262600000000001,0.530251256281407,99.0,99.0,0.5923783830987649,0.8714635111859967,1.0078281274091703
iid_match,0.0,100,26,peer_nominal,0.8395599999999999,0.5350753768844221,99.0,99.0,0.5923783830987649,0.8714635111859967,1.0078281274091703
iid_match,0.0,100,26,peer_shrunk_nominal,0.8310439999999999,0.5290452261306533,99.0,99.0,0.5923783830987649,0.8714635111859967,1.0078281274091703
iid_match,0.0,100,26,peer_cov_ess,0.8393120000000001,0.5348743718592965,99.0,99.0,0.5923783830987649,0.8714635111859967,1.0078281274091703
iid_match,0.0,100,26,adaptive_cov_ess,0.8269359999999999,0.528643216080402,99.0,99.0,0.5923783830987649,0.8714635111859967,1.0078281274091703
iid_match,0.0,100,26,adaptive_nominal,0.82728,0.528643216080402,99.0,99.0,0.5923783830987649,0.8714635111859967,1.0078281274091703
iid_match,0.0,100,26,adaptive_joint_nominal,0.818856,0.5246231155778894,99.0,99.0,0.5923783830987649,0.8714635111859967,1.0078281274091703
iid_match,0.0,100,27,shared_oas,0.754092,0.5362814070351759,99.0,99.0,0.6465087723112459,0.8835416688206551,1.018051963639016
iid_match,0.0,100,27,peer_nominal,0.820316,0.5602010050251256,99.0,99.0,0.6465087723112459,0.8835416688206551,1.018051963639016
iid_match,0.0,100,27,peer_shrunk_nominal,0.796856,0.5517587939698493,99.0,99.0,0.6465087723112459,0.8835416688206551,1.018051963639016
iid_match,0.0,100,27,peer_cov_ess,0.8202240000000001,0.5602010050251256,99.0,99.0,0.6465087723112459,0.8835416688206551,1.018051963639016
iid_match,0.0,100,27,adaptive_cov_ess,0.8197119999999999,0.5597989949748744,99.0,99.0,0.6465087723112459,0.8835416688206551,1.018051963639016
iid_match,0.0,100,27,adaptive_nominal,0.8198960000000001,0.5602010050251256,99.0,99.0,0.6465087723112459,0.8835416688206551,1.018051963639016
iid_match,0.0,100,27,adaptive_joint_nominal,0.7960400000000001,0.5523618090452261,99.0,99.0,0.6465087723112459,0.8835416688206551,1.018051963639016
iid_match,0.0,100,28,shared_oas,0.843912,0.554572864321608,99.0,99.0,0.5887783143237311,0.8403506261413611,0.9893725083070772
iid_match,0.0,100,28,peer_nominal,0.833524,0.5495477386934673,99.0,99.0,0.5887783143237311,0.8403506261413611,0.9893725083070772
iid_match,0.0,100,28,peer_shrunk_nominal,0.832316,0.5487437185929648,99.0,99.0,0.5887783143237311,0.8403506261413611,0.9893725083070772
iid_match,0.0,100,28,peer_cov_ess,0.8333239999999998,0.5495477386934673,99.0,99.0,0.5887783143237311,0.8403506261413611,0.9893725083070772
iid_match,0.0,100,28,adaptive_cov_ess,0.8318040000000001,0.5487437185929648,99.0,99.0,0.5887783143237311,0.8403506261413611,0.9893725083070772
iid_match,0.0,100,28,adaptive_nominal,0.831896,0.5483417085427136,99.0,99.0,0.5887783143237311,0.8403506261413611,0.9893725083070772
iid_match,0.0,100,28,adaptive_joint_nominal,0.830932,0.5481407035175879,99.0,99.0,0.5887783143237311,0.8403506261413611,0.9893725083070772
iid_match,0.0,100,29,shared_oas,0.869468,0.5887437185929648,99.0,99.0,0.6623196631059717,0.8870148756268635,1.0119543879285602
iid_match,0.0,100,29,peer_nominal,0.852888,0.5768844221105528,99.0,99.0,0.6623196631059717,0.8870148756268635,1.0119543879285602
iid_match,0.0,100,29,peer_shrunk_nominal,0.861156,0.5821105527638191,99.0,99.0,0.6623196631059717,0.8870148756268635,1.0119543879285602
iid_match,0.0,100,29,peer_cov_ess,0.8527319999999999,0.5764824120603015,99.0,99.0,0.6623196631059717,0.8870148756268635,1.0119543879285602
iid_match,0.0,100,29,adaptive_cov_ess,0.852984,0.5746733668341708,99.0,99.0,0.6623196631059717,0.8870148756268635,1.0119543879285602
iid_match,0.0,100,29,adaptive_nominal,0.8531999999999998,0.575678391959799,99.0,99.0,0.6623196631059717,0.8870148756268635,1.0119543879285602
iid_match,0.0,100,29,adaptive_joint_nominal,0.86158,0.5823115577889447,99.0,99.0,0.6623196631059717,0.8870148756268635,1.0119543879285602
iid_match,0.0,100,30,shared_oas,0.7970760000000001,0.5696482412060302,99.0,99.0,0.6524978945960027,0.8870193765594927,0.9916819334631932
iid_match,0.0,100,30,peer_nominal,0.8166279999999999,0.5815075376884422,99.0,99.0,0.6524978945960027,0.8870193765594927,0.9916819334631932
iid_match,0.0,100,30,peer_shrunk_nominal,0.810228,0.578894472361809,99.0,99.0,0.6524978945960027,0.8870193765594927,0.9916819334631932
iid_match,0.0,100,30,peer_cov_ess,0.816508,0.5815075376884422,99.0,99.0,0.6524978945960027,0.8870193765594927,0.9916819334631932
iid_match,0.0,100,30,adaptive_cov_ess,0.8147080000000001,0.580502512562814,99.0,99.0,0.6524978945960027,0.8870193765594927,0.9916819334631932
iid_match,0.0,100,30,adaptive_nominal,0.8148120000000001,0.5803015075376885,99.0,99.0,0.6524978945960027,0.8870193765594927,0.9916819334631932
iid_match,0.0,100,30,adaptive_joint_nominal,0.8085,0.5766834170854271,99.0,99.0,0.6524978945960027,0.8870193765594927,0.9916819334631932
iid_match,0.0,100,31,shared_oas,0.815616,0.5519597989949749,99.0,99.0,0.5886898019401727,0.8749364706192633,0.9876366622899415
iid_match,0.0,100,31,peer_nominal,0.864384,0.5724623115577889,99.0,99.0,0.5886898019401727,0.8749364706192633,0.9876366622899415
iid_match,0.0,100,31,peer_shrunk_nominal,0.856584,0.5716582914572864,99.0,99.0,0.5886898019401727,0.8749364706192633,0.9876366622899415
iid_match,0.0,100,31,peer_cov_ess,0.864164,0.5718592964824121,99.0,99.0,0.5886898019401727,0.8749364706192633,0.9876366622899415
iid_match,0.0,100,31,adaptive_cov_ess,0.860152,0.5712562814070352,99.0,99.0,0.5886898019401727,0.8749364706192633,0.9876366622899415
iid_match,0.0,100,31,adaptive_nominal,0.860384,0.5714572864321608,99.0,99.0,0.5886898019401727,0.8749364706192633,0.9876366622899415
iid_match,0.0,100,31,adaptive_joint_nominal,0.8529839999999999,0.5692462311557789,99.0,99.0,0.5886898019401727,0.8749364706192633,0.9876366622899415
iid_match,0.0,100,32,shared_oas,0.798328,0.5597989949748744,99.0,98.16712788083743,0.6253058730772042,0.8487093250161806,1.020385040760091
iid_match,0.0,100,32,peer_nominal,0.8362239999999999,0.5784924623115578,99.0,98.16712788083743,0.6253058730772042,0.8487093250161806,1.020385040760091
iid_match,0.0,100,32,peer_shrunk_nominal,0.829272,0.5758793969849246,99.0,98.16712788083743,0.6253058730772042,0.8487093250161806,1.020385040760091
iid_match,0.0,100,32,peer_cov_ess,0.8358840000000001,0.5776884422110553,99.0,98.16712788083743,0.6253058730772042,0.8487093250161806,1.020385040760091
iid_match,0.0,100,32,adaptive_cov_ess,0.83562,0.5784924623115578,99.0,98.16712788083743,0.6253058730772042,0.8487093250161806,1.020385040760091
iid_match,0.0,100,32,adaptive_nominal,0.835888,0.5780904522613065,99.0,98.16712788083743,0.6253058730772042,0.8487093250161806,1.020385040760091
iid_match,0.0,100,32,adaptive_joint_nominal,0.829184,0.5762814070351758,99.0,98.16712788083743,0.6253058730772042,0.8487093250161806,1.020385040760091
iid_match,0.0,100,33,shared_oas,0.927384,0.6422110552763819,99.0,99.0,0.6622695764022252,0.8803837235830575,1.0123979923986992
iid_match,0.0,100,33,peer_nominal,0.9301199999999998,0.6621105527638191,99.0,99.0,0.6622695764022252,0.8803837235830575,1.0123979923986992
iid_match,0.0,100,33,peer_shrunk_nominal,0.930124,0.6570854271356784,99.0,99.0,0.6622695764022252,0.8803837235830575,1.0123979923986992
iid_match,0.0,100,33,peer_cov_ess,0.92972,0.6613065326633165,99.0,99.0,0.6622695764022252,0.8803837235830575,1.0123979923986992
iid_match,0.0,100,33,adaptive_cov_ess,0.926196,0.6558793969849246,99.0,99.0,0.6622695764022252,0.8803837235830575,1.0123979923986992
iid_match,0.0,100,33,adaptive_nominal,0.926684,0.6566834170854271,99.0,99.0,0.6622695764022252,0.8803837235830575,1.0123979923986992
iid_match,0.0,100,33,adaptive_joint_nominal,0.926584,0.651859296482412,99.0,99.0,0.6622695764022252,0.8803837235830575,1.0123979923986992
iid_match,0.0,100,34,shared_oas,0.8599800000000001,0.5841206030150754,99.0,99.0,0.6232137850092455,0.8786541054729285,1.0161109078992414
iid_match,0.0,100,34,peer_nominal,0.846152,0.591356783919598,99.0,99.0,0.6232137850092455,0.8786541054729285,1.0161109078992414
iid_match,0.0,100,34,peer_shrunk_nominal,0.8571439999999999,0.592964824120603,99.0,99.0,0.6232137850092455,0.8786541054729285,1.0161109078992414
iid_match,0.0,100,34,peer_cov_ess,0.845808,0.5905527638190955,99.0,99.0,0.6232137850092455,0.8786541054729285,1.0161109078992414
iid_match,0.0,100,34,adaptive_cov_ess,0.8432959999999999,0.5915577889447237,99.0,99.0,0.6232137850092455,0.8786541054729285,1.0161109078992414
iid_match,0.0,100,34,adaptive_nominal,0.843576,0.5921608040201005,99.0,99.0,0.6232137850092455,0.8786541054729285,1.0161109078992414
iid_match,0.0,100,34,adaptive_joint_nominal,0.8547640000000001,0.5931658291457287,99.0,99.0,0.6232137850092455,0.8786541054729285,1.0161109078992414
iid_match,0.0,100,35,shared_oas,0.8477239999999999,0.5646231155778895,99.0,97.75782830848601,0.5764586637173033,0.8569928428303177,1.011372947589494
iid_match,0.0,100,35,peer_nominal,0.8546479999999999,0.56,99.0,97.75782830848601,0.5764586637173033,0.8569928428303177,1.011372947589494
iid_match,0.0,100,35,peer_shrunk_nominal,0.85608,0.5652261306532663,99.0,97.75782830848601,0.5764586637173033,0.8569928428303177,1.011372947589494
iid_match,0.0,100,35,peer_cov_ess,0.8545,0.56,99.0,97.75782830848601,0.5764586637173033,0.8569928428303177,1.011372947589494
iid_match,0.0,100,35,adaptive_cov_ess,0.8499159999999999,0.5549748743718593,99.0,97.75782830848601,0.5764586637173033,0.8569928428303177,1.011372947589494
iid_match,0.0,100,35,adaptive_nominal,0.8500519999999998,0.555175879396985,99.0,97.75782830848601,0.5764586637173033,0.8569928428303177,1.011372947589494
iid_match,0.0,100,35,adaptive_joint_nominal,0.8510080000000001,0.56,99.0,97.75782830848601,0.5764586637173033,0.8569928428303177,1.011372947589494
iid_match,0.0,100,36,shared_oas,0.8546919999999999,0.5614070351758794,99.0,97.77340468834272,0.6143284795990269,0.8943078136050576,1.0014441047984295
iid_match,0.0,100,36,peer_nominal,0.85012,0.5579899497487437,99.0,97.77340468834272,0.6143284795990269,0.8943078136050576,1.0014441047984295
iid_match,0.0,100,36,peer_shrunk_nominal,0.8543240000000001,0.5608040201005026,99.0,97.77340468834272,0.6143284795990269,0.8943078136050576,1.0014441047984295
iid_match,0.0,100,36,peer_cov_ess,0.8499439999999999,0.5577889447236181,99.0,97.77340468834272,0.6143284795990269,0.8943078136050576,1.0014441047984295
iid_match,0.0,100,36,adaptive_cov_ess,0.851936,0.5595979899497487,99.0,97.77340468834272,0.6143284795990269,0.8943078136050576,1.0014441047984295
iid_match,0.0,100,36,adaptive_nominal,0.8521320000000001,0.5595979899497487,99.0,97.77340468834272,0.6143284795990269,0.8943078136050576,1.0014441047984295
iid_match,0.0,100,36,adaptive_joint_nominal,0.8565840000000001,0.5630150753768844,99.0,97.77340468834272,0.6143284795990269,0.8943078136050576,1.0014441047984295
iid_match,0.0,100,37,shared_oas,0.795088,0.5368844221105528,99.0,99.0,0.5685775701994217,0.8898924698209418,0.9978730183824764
iid_match,0.0,100,37,peer_nominal,0.8205359999999999,0.5407035175879397,99.0,99.0,0.5685775701994217,0.8898924698209418,0.9978730183824764
iid_match,0.0,100,37,peer_shrunk_nominal,0.811356,0.5390954773869346,99.0,99.0,0.5685775701994217,0.8898924698209418,0.9978730183824764
iid_match,0.0,100,37,peer_cov_ess,0.820392,0.5403015075376885,99.0,99.0,0.5685775701994217,0.8898924698209418,0.9978730183824764
iid_match,0.0,100,37,adaptive_cov_ess,0.819932,0.5413065326633166,99.0,99.0,0.5685775701994217,0.8898924698209418,0.9978730183824764
iid_match,0.0,100,37,adaptive_nominal,0.82004,0.5417085427135678,99.0,99.0,0.5685775701994217,0.8898924698209418,0.9978730183824764
iid_match,0.0,100,37,adaptive_joint_nominal,0.8105600000000001,0.539497487437186,99.0,99.0,0.5685775701994217,0.8898924698209418,0.9978730183824764
iid_match,0.0,100,38,shared_oas,0.8514919999999999,0.5971859296482411,99.0,99.0,0.6407692272304656,0.8824616453150387,0.9975115571631571
iid_match,0.0,100,38,peer_nominal,0.894436,0.6209045226130654,99.0,99.0,0.6407692272304656,0.8824616453150387,0.9975115571631571
iid_match,0.0,100,38,peer_shrunk_nominal,0.8895799999999998,0.6180904522613065,99.0,99.0,0.6407692272304656,0.8824616453150387,0.9975115571631571
iid_match,0.0,100,38,peer_cov_ess,0.8941479999999999,0.6198994974874372,99.0,99.0,0.6407692272304656,0.8824616453150387,0.9975115571631571
iid_match,0.0,100,38,adaptive_cov_ess,0.894312,0.6184924623115577,99.0,99.0,0.6407692272304656,0.8824616453150387,0.9975115571631571
iid_match,0.0,100,38,adaptive_nominal,0.894548,0.6186934673366834,99.0,99.0,0.6407692272304656,0.8824616453150387,0.9975115571631571
iid_match,0.0,100,38,adaptive_joint_nominal,0.88948,0.617286432160804,99.0,99.0,0.6407692272304656,0.8824616453150387,0.9975115571631571
iid_match,0.0,100,39,shared_oas,0.729896,0.5278391959798995,99.0,99.0,0.6654703895871619,0.9043490804657897,0.9908305629599926
iid_match,0.0,100,39,peer_nominal,0.8129719999999999,0.5539698492462312,99.0,99.0,0.6654703895871619,0.9043490804657897,0.9908305629599926
iid_match,0.0,100,39,peer_shrunk_nominal,0.792624,0.5401005025125628,99.0,99.0,0.6654703895871619,0.9043490804657897,0.9908305629599926
iid_match,0.0,100,39,peer_cov_ess,0.8129759999999999,0.55356783919598,99.0,99.0,0.6654703895871619,0.9043490804657897,0.9908305629599926
iid_match,0.0,100,39,adaptive_cov_ess,0.808584,0.5507537688442211,99.0,99.0,0.6654703895871619,0.9043490804657897,0.9908305629599926
iid_match,0.0,100,39,adaptive_nominal,0.808696,0.5509547738693468,99.0,99.0,0.6654703895871619,0.9043490804657897,0.9908305629599926
iid_match,0.0,100,39,adaptive_joint_nominal,0.788,0.539497487437186,99.0,99.0,0.6654703895871619,0.9043490804657897,0.9908305629599926
iid_match,0.0,300,0,shared_oas,0.8744439999999998,0.5614070351758794,299.0,299.0,0.8354744118018858,0.955427599385173,1.0150731323857691
iid_match,0.0,300,0,peer_nominal,0.863196,0.540502512562814,299.0,299.0,0.8354744118018858,0.955427599385173,1.0150731323857691
iid_match,0.0,300,0,peer_shrunk_nominal,0.8634759999999999,0.5425125628140703,299.0,299.0,0.8354744118018858,0.955427599385173,1.0150731323857691
iid_match,0.0,300,0,peer_cov_ess,0.863184,0.540502512562814,299.0,299.0,0.8354744118018858,0.955427599385173,1.0150731323857691
iid_match,0.0,300,0,adaptive_cov_ess,0.862152,0.5392964824120603,299.0,299.0,0.8354744118018858,0.955427599385173,1.0150731323857691
iid_match,0.0,300,0,adaptive_nominal,0.862208,0.539497487437186,299.0,299.0,0.8354744118018858,0.955427599385173,1.0150731323857691
iid_match,0.0,300,0,adaptive_joint_nominal,0.862548,0.5423115577889447,299.0,299.0,0.8354744118018858,0.955427599385173,1.0150731323857691
iid_match,0.0,300,1,shared_oas,0.88422,0.6144723618090452,299.0,299.0,0.8331074558684326,0.9531707767805487,0.9909562942327441
iid_match,0.0,300,1,peer_nominal,0.8764280000000001,0.608643216080402,299.0,299.0,0.8331074558684326,0.9531707767805487,0.9909562942327441
iid_match,0.0,300,1,peer_shrunk_nominal,0.87706,0.6088442211055276,299.0,299.0,0.8331074558684326,0.9531707767805487,0.9909562942327441
iid_match,0.0,300,1,peer_cov_ess,0.876404,0.608643216080402,299.0,299.0,0.8331074558684326,0.9531707767805487,0.9909562942327441
iid_match,0.0,300,1,adaptive_cov_ess,0.8764959999999999,0.6094472361809045,299.0,299.0,0.8331074558684326,0.9531707767805487,0.9909562942327441
iid_match,0.0,300,1,adaptive_nominal,0.8765599999999999,0.6096482412060301,299.0,299.0,0.8331074558684326,0.9531707767805487,0.9909562942327441
iid_match,0.0,300,1,adaptive_joint_nominal,0.877196,0.6088442211055276,299.0,299.0,0.8331074558684326,0.9531707767805487,0.9909562942327441
iid_match,0.0,300,2,shared_oas,0.8705959999999999,0.5764824120603015,299.0,299.0,0.8343652587955881,0.9406748263940768,0.9988642687755295
iid_match,0.0,300,2,peer_nominal,0.861528,0.5742713567839196,299.0,299.0,0.8343652587955881,0.9406748263940768,0.9988642687755295
iid_match,0.0,300,2,peer_shrunk_nominal,0.865296,0.5776884422110553,299.0,299.0,0.8343652587955881,0.9406748263940768,0.9988642687755295
iid_match,0.0,300,2,peer_cov_ess,0.8615039999999999,0.5742713567839196,299.0,299.0,0.8343652587955881,0.9406748263940768,0.9988642687755295
iid_match,0.0,300,2,adaptive_cov_ess,0.8627239999999999,0.5748743718592965,299.0,299.0,0.8343652587955881,0.9406748263940768,0.9988642687755295
iid_match,0.0,300,2,adaptive_nominal,0.862756,0.5748743718592965,299.0,299.0,0.8343652587955881,0.9406748263940768,0.9988642687755295
iid_match,0.0,300,2,adaptive_joint_nominal,0.8666040000000002,0.5784924623115578,299.0,299.0,0.8343652587955881,0.9406748263940768,0.9988642687755295
iid_match,0.0,300,3,shared_oas,0.88476,0.5843216080402011,299.0,299.0,0.8194651255792453,0.9620711857858021,0.9993994177527901
iid_match,0.0,300,3,peer_nominal,0.881608,0.5798994974874372,299.0,299.0,0.8194651255792453,0.9620711857858021,0.9993994177527901
iid_match,0.0,300,3,peer_shrunk_nominal,0.880428,0.5790954773869347,299.0,299.0,0.8194651255792453,0.9620711857858021,0.9993994177527901
iid_match,0.0,300,3,peer_cov_ess,0.881588,0.5796984924623115,299.0,299.0,0.8194651255792453,0.9620711857858021,0.9993994177527901
iid_match,0.0,300,3,adaptive_cov_ess,0.880876,0.5782914572864322,299.0,299.0,0.8194651255792453,0.9620711857858021,0.9993994177527901
iid_match,0.0,300,3,adaptive_nominal,0.880884,0.5784924623115578,299.0,299.0,0.8194651255792453,0.9620711857858021,0.9993994177527901
iid_match,0.0,300,3,adaptive_joint_nominal,0.879804,0.5782914572864322,299.0,299.0,0.8194651255792453,0.9620711857858021,0.9993994177527901
iid_match,0.0,300,4,shared_oas,0.757852,0.5360804020100502,293.1015492812957,292.90931821168317,0.8393168851076653,0.953416509199666,0.9868364518036602
iid_match,0.0,300,4,peer_nominal,0.817484,0.5595979899497487,293.1015492812957,292.90931821168317,0.8393168851076653,0.953416509199666,0.9868364518036602
iid_match,0.0,300,4,peer_shrunk_nominal,0.810476,0.555175879396985,293.1015492812957,292.90931821168317,0.8393168851076653,0.953416509199666,0.9868364518036602
iid_match,0.0,300,4,peer_cov_ess,0.81748,0.5591959798994975,293.1015492812957,292.90931821168317,0.8393168851076653,0.953416509199666,0.9868364518036602
iid_match,0.0,300,4,adaptive_cov_ess,0.8147279999999999,0.5567839195979899,293.1015492812957,292.90931821168317,0.8393168851076653,0.953416509199666,0.9868364518036602
iid_match,0.0,300,4,adaptive_nominal,0.8148519999999999,0.5571859296482412,293.1015492812957,292.90931821168317,0.8393168851076653,0.953416509199666,0.9868364518036602
iid_match,0.0,300,4,adaptive_joint_nominal,0.8077240000000001,0.5525628140703518,293.1015492812957,292.90931821168317,0.8393168851076653,0.953416509199666,0.9868364518036602
iid_match,0.0,300,5,shared_oas,0.874728,0.6160804020100502,299.0,299.0,0.8447330609516757,0.9559462926513362,0.9998645205574054
iid_match,0.0,300,5,peer_nominal,0.8693919999999999,0.6050251256281407,299.0,299.0,0.8447330609516757,0.9559462926513362,0.9998645205574054
iid_match,0.0,300,5,peer_shrunk_nominal,0.8703079999999999,0.6056281407035176,299.0,299.0,0.8447330609516757,0.9559462926513362,0.9998645205574054
iid_match,0.0,300,5,peer_cov_ess,0.86934,0.604824120603015,299.0,299.0,0.8447330609516757,0.9559462926513362,0.9998645205574054
iid_match,0.0,300,5,adaptive_cov_ess,0.8689,0.604824120603015,299.0,299.0,0.8447330609516757,0.9559462926513362,0.9998645205574054
iid_match,0.0,300,5,adaptive_nominal,0.8689439999999999,0.604824120603015,299.0,299.0,0.8447330609516757,0.9559462926513362,0.9998645205574054
iid_match,0.0,300,5,adaptive_joint_nominal,0.8699919999999999,0.6066331658291457,299.0,299.0,0.8447330609516757,0.9559462926513362,0.9998645205574054
iid_match,0.0,300,6,shared_oas,0.796388,0.5441206030150754,294.78521352775897,272.51863349916107,0.8245835087330389,0.9565606044886616,0.9926013519527088
iid_match,0.0,300,6,peer_nominal,0.853408,0.5849246231155779,294.78521352775897,272.51863349916107,0.8245835087330389,0.9565606044886616,0.9926013519527088
iid_match,0.0,300,6,peer_shrunk_nominal,0.8481000000000001,0.5796984924623115,294.78521352775897,272.51863349916107,0.8245835087330389,0.9565606044886616,0.9926013519527088
iid_match,0.0,300,6,peer_cov_ess,0.8532759999999999,0.5849246231155779,294.78521352775897,272.51863349916107,0.8245835087330389,0.9565606044886616,0.9926013519527088
iid_match,0.0,300,6,adaptive_cov_ess,0.8525680000000001,0.5827135678391959,294.78521352775897,272.51863349916107,0.8245835087330389,0.9565606044886616,0.9926013519527088
iid_match,0.0,300,6,adaptive_nominal,0.852692,0.5835175879396985,294.78521352775897,272.51863349916107,0.8245835087330389,0.9565606044886616,0.9926013519527088
iid_match,0.0,300,6,adaptive_joint_nominal,0.84764,0.5782914572864322,294.78521352775897,272.51863349916107,0.8245835087330389,0.9565606044886616,0.9926013519527088
iid_match,0.0,300,7,shared_oas,0.866372,0.570251256281407,299.0,299.0,0.8201219902476045,0.9602455294059253,0.9918130354275575
iid_match,0.0,300,7,peer_nominal,0.8624120000000001,0.5624120603015076,299.0,299.0,0.8201219902476045,0.9602455294059253,0.9918130354275575
iid_match,0.0,300,7,peer_shrunk_nominal,0.867148,0.5684422110552764,299.0,299.0,0.8201219902476045,0.9602455294059253,0.9918130354275575
iid_match,0.0,300,7,peer_cov_ess,0.862388,0.5624120603015076,299.0,299.0,0.8201219902476045,0.9602455294059253,0.9918130354275575
iid_match,0.0,300,7,adaptive_cov_ess,0.8615200000000001,0.5622110552763819,299.0,299.0,0.8201219902476045,0.9602455294059253,0.9918130354275575
iid_match,0.0,300,7,adaptive_nominal,0.8615320000000001,0.5624120603015076,299.0,299.0,0.8201219902476045,0.9602455294059253,0.9918130354275575
iid_match,0.0,300,7,adaptive_joint_nominal,0.8663600000000001,0.5666331658291457,299.0,299.0,0.8201219902476045,0.9602455294059253,0.9918130354275575
iid_match,0.0,300,8,shared_oas,0.8527119999999999,0.5973869346733669,299.0,299.0,0.8062304648059371,0.949734610496972,1.0061740209153418
iid_match,0.0,300,8,peer_nominal,0.8797439999999999,0.6114572864321608,299.0,299.0,0.8062304648059371,0.949734610496972,1.0061740209153418
iid_match,0.0,300,8,peer_shrunk_nominal,0.878212,0.6134673366834171,299.0,299.0,0.8062304648059371,0.949734610496972,1.0061740209153418
iid_match,0.0,300,8,peer_cov_ess,0.8797200000000001,0.6114572864321608,299.0,299.0,0.8062304648059371,0.949734610496972,1.0061740209153418
iid_match,0.0,300,8,adaptive_cov_ess,0.881276,0.614070351758794,299.0,299.0,0.8062304648059371,0.949734610496972,1.0061740209153418
iid_match,0.0,300,8,adaptive_nominal,0.8813,0.614070351758794,299.0,299.0,0.8062304648059371,0.949734610496972,1.0061740209153418
iid_match,0.0,300,8,adaptive_joint_nominal,0.879736,0.6148743718592965,299.0,299.0,0.8062304648059371,0.949734610496972,1.0061740209153418
iid_match,0.0,300,9,shared_oas,0.8751119999999999,0.6146733668341708,299.0,299.0,0.8592662920512343,0.9622882198910208,0.995814314885244
iid_match,0.0,300,9,peer_nominal,0.868764,0.6120603015075377,299.0,299.0,0.8592662920512343,0.9622882198910208,0.995814314885244
iid_match,0.0,300,9,peer_shrunk_nominal,0.8718600000000001,0.6186934673366834,299.0,299.0,0.8592662920512343,0.9622882198910208,0.995814314885244
iid_match,0.0,300,9,peer_cov_ess,0.8687360000000002,0.6120603015075377,299.0,299.0,0.8592662920512343,0.9622882198910208,0.995814314885244
iid_match,0.0,300,9,adaptive_cov_ess,0.8687560000000001,0.6122613065326633,299.0,299.0,0.8592662920512343,0.9622882198910208,0.995814314885244
iid_match,0.0,300,9,adaptive_nominal,0.868772,0.6122613065326633,299.0,299.0,0.8592662920512343,0.9622882198910208,0.995814314885244
iid_match,0.0,300,9,adaptive_joint_nominal,0.8720440000000002,0.6190954773869347,299.0,299.0,0.8592662920512343,0.9622882198910208,0.995814314885244
iid_match,0.0,300,10,shared_oas,0.868192,0.5935678391959799,299.0,286.69642892158805,0.8560302389467991,0.9573490606367328,0.9952867006415258
iid_match,0.0,300,10,peer_nominal,0.870688,0.6,299.0,286.69642892158805,0.8560302389467991,0.9573490606367328,0.9952867006415258
iid_match,0.0,300,10,peer_shrunk_nominal,0.8697560000000001,0.5975879396984924,299.0,286.69642892158805,0.8560302389467991,0.9573490606367328,0.9952867006415258
iid_match,0.0,300,10,peer_cov_ess,0.870656,0.6,299.0,286.69642892158805,0.8560302389467991,0.9573490606367328,0.9952867006415258
iid_match,0.0,300,10,adaptive_cov_ess,0.8718119999999999,0.6004020100502512,299.0,286.69642892158805,0.8560302389467991,0.9573490606367328,0.9952867006415258
iid_match,0.0,300,10,adaptive_nominal,0.87184,0.6006030150753768,299.0,286.69642892158805,0.8560302389467991,0.9573490606367328,0.9952867006415258
iid_match,0.0,300,10,adaptive_joint_nominal,0.870952,0.5981909547738693,299.0,286.69642892158805,0.8560302389467991,0.9573490606367328,0.9952867006415258
iid_match,0.0,300,11,shared_oas,0.879056,0.6114572864321608,299.0,299.0,0.8238162238159628,0.9595582915486904,0.9836292703080476
iid_match,0.0,300,11,peer_nominal,0.870636,0.5943718592964824,299.0,299.0,0.8238162238159628,0.9595582915486904,0.9836292703080476
iid_match,0.0,300,11,peer_shrunk_nominal,0.876448,0.6006030150753768,299.0,299.0,0.8238162238159628,0.9595582915486904,0.9836292703080476
iid_match,0.0,300,11,peer_cov_ess,0.8706119999999999,0.5943718592964824,299.0,299.0,0.8238162238159628,0.9595582915486904,0.9836292703080476
iid_match,0.0,300,11,adaptive_cov_ess,0.8702439999999999,0.5935678391959799,299.0,299.0,0.8238162238159628,0.9595582915486904,0.9836292703080476
iid_match,0.0,300,11,adaptive_nominal,0.870288,0.5935678391959799,299.0,299.0,0.8238162238159628,0.9595582915486904,0.9836292703080476
iid_match,0.0,300,11,adaptive_joint_nominal,0.875984,0.5993969849246231,299.0,299.0,0.8238162238159628,0.9595582915486904,0.9836292703080476
iid_match,0.0,300,12,shared_oas,0.8584559999999999,0.577286432160804,299.0,299.0,0.8238438456796622,0.9542928574803216,1.0048667509896991
iid_match,0.0,300,12,peer_nominal,0.850464,0.574070351758794,299.0,299.0,0.8238438456796622,0.9542928574803216,1.0048667509896991
iid_match,0.0,300,12,peer_shrunk_nominal,0.8512000000000001,0.575678391959799,299.0,299.0,0.8238438456796622,0.9542928574803216,1.0048667509896991
iid_match,0.0,300,12,peer_cov_ess,0.850448,0.574070351758794,299.0,299.0,0.8238438456796622,0.9542928574803216,1.0048667509896991
iid_match,0.0,300,12,adaptive_cov_ess,0.8500279999999999,0.5724623115577889,299.0,299.0,0.8238438456796622,0.9542928574803216,1.0048667509896991
iid_match,0.0,300,12,adaptive_nominal,0.85004,0.5724623115577889,299.0,299.0,0.8238438456796622,0.9542928574803216,1.0048667509896991
iid_match,0.0,300,12,adaptive_joint_nominal,0.850788,0.5738693467336684,299.0,299.0,0.8238438456796622,0.9542928574803216,1.0048667509896991
iid_match,0.0,300,13,shared_oas,0.8825759999999998,0.6209045226130653,299.0,299.0,0.852399122714226,0.9529490679042221,1.0063678561460971
iid_match,0.0,300,13,peer_nominal,0.892028,0.6303517587939699,299.0,299.0,0.852399122714226,0.9529490679042221,1.0063678561460971
iid_match,0.0,300,13,peer_shrunk_nominal,0.8902479999999999,0.6247236180904523,299.0,299.0,0.852399122714226,0.9529490679042221,1.0063678561460971
iid_match,0.0,300,13,peer_cov_ess,0.8919919999999999,0.6303517587939699,299.0,299.0,0.852399122714226,0.9529490679042221,1.0063678561460971
iid_match,0.0,300,13,adaptive_cov_ess,0.891772,0.6317587939698492,299.0,299.0,0.852399122714226,0.9529490679042221,1.0063678561460971
iid_match,0.0,300,13,adaptive_nominal,0.891788,0.6317587939698492,299.0,299.0,0.852399122714226,0.9529490679042221,1.0063678561460971
iid_match,0.0,300,13,adaptive_joint_nominal,0.8901080000000001,0.6265326633165829,299.0,299.0,0.852399122714226,0.9529490679042221,1.0063678561460971
iid_match,0.0,300,14,shared_oas,0.840952,0.5819095477386935,299.0,299.0,0.826180547420015,0.9374627600084033,1.0059942019938912
iid_match,0.0,300,14,peer_nominal,0.871332,0.6112562814070351,299.0,299.0,0.826180547420015,0.9374627600084033,1.0059942019938912
iid_match,0.0,300,14,peer_shrunk_nominal,0.867084,0.6068341708542714,299.0,299.0,0.826180547420015,0.9374627600084033,1.0059942019938912
iid_match,0.0,300,14,peer_cov_ess,0.8713360000000001,0.6112562814070351,299.0,299.0,0.826180547420015,0.9374627600084033,1.0059942019938912
iid_match,0.0,300,14,adaptive_cov_ess,0.8721840000000001,0.6120603015075377,299.0,299.0,0.826180547420015,0.9374627600084033,1.0059942019938912
iid_match,0.0,300,14,adaptive_nominal,0.8721759999999998,0.611859296482412,299.0,299.0,0.826180547420015,0.9374627600084033,1.0059942019938912
iid_match,0.0,300,14,adaptive_joint_nominal,0.8679359999999998,0.6086432160804021,299.0,299.0,0.826180547420015,0.9374627600084033,1.0059942019938912
iid_match,0.0,300,15,shared_oas,0.792592,0.5813065326633166,299.0,299.0,0.7964737498232177,0.9561965213221574,0.998874675353342
iid_match,0.0,300,15,peer_nominal,0.78282,0.5807035175879397,299.0,299.0,0.7964737498232177,0.9561965213221574,0.998874675353342
iid_match,0.0,300,15,peer_shrunk_nominal,0.7847719999999999,0.5819095477386935,299.0,299.0,0.7964737498232177,0.9561965213221574,0.998874675353342
iid_match,0.0,300,15,peer_cov_ess,0.782856,0.5807035175879397,299.0,299.0,0.7964737498232177,0.9561965213221574,0.998874675353342
iid_match,0.0,300,15,adaptive_cov_ess,0.781468,0.5790954773869347,299.0,299.0,0.7964737498232177,0.9561965213221574,0.998874675353342
iid_match,0.0,300,15,adaptive_nominal,0.7814639999999999,0.5790954773869347,299.0,299.0,0.7964737498232177,0.9561965213221574,0.998874675353342
iid_match,0.0,300,15,adaptive_joint_nominal,0.783376,0.5807035175879397,299.0,299.0,0.7964737498232177,0.9561965213221574,0.998874675353342
iid_match,0.0,300,16,shared_oas,0.859192,0.5947738693467337,299.0,299.0,0.8217866356876382,0.953220857380105,1.0115541556468992
iid_match,0.0,300,16,peer_nominal,0.8936000000000001,0.6335678391959799,299.0,299.0,0.8217866356876382,0.953220857380105,1.0115541556468992
iid_match,0.0,300,16,peer_shrunk_nominal,0.8851879999999999,0.6283417085427135,299.0,299.0,0.8217866356876382,0.953220857380105,1.0115541556468992
iid_match,0.0,300,16,peer_cov_ess,0.893576,0.6331658291457286,299.0,299.0,0.8217866356876382,0.953220857380105,1.0115541556468992
iid_match,0.0,300,16,adaptive_cov_ess,0.891192,0.6313567839195979,299.0,299.0,0.8217866356876382,0.953220857380105,1.0115541556468992
iid_match,0.0,300,16,adaptive_nominal,0.891252,0.6313567839195979,299.0,299.0,0.8217866356876382,0.953220857380105,1.0115541556468992
iid_match,0.0,300,16,adaptive_joint_nominal,0.882796,0.627537688442211,299.0,299.0,0.8217866356876382,0.953220857380105,1.0115541556468992
iid_match,0.0,300,17,shared_oas,0.8974519999999999,0.6008040201005025,299.0,299.0,0.8052261173516282,0.9558124351089861,0.9961989190189702
iid_match,0.0,300,17,peer_nominal,0.887888,0.5869346733668341,299.0,299.0,0.8052261173516282,0.9558124351089861,0.9961989190189702
iid_match,0.0,300,17,peer_shrunk_nominal,0.891348,0.5863316582914573,299.0,299.0,0.8052261173516282,0.9558124351089861,0.9961989190189702
iid_match,0.0,300,17,peer_cov_ess,0.8878199999999999,0.5869346733668341,299.0,299.0,0.8052261173516282,0.9558124351089861,0.9961989190189702
iid_match,0.0,300,17,adaptive_cov_ess,0.888568,0.5871356783919598,299.0,299.0,0.8052261173516282,0.9558124351089861,0.9961989190189702
iid_match,0.0,300,17,adaptive_nominal,0.8886000000000001,0.5871356783919598,299.0,299.0,0.8052261173516282,0.9558124351089861,0.9961989190189702
iid_match,0.0,300,17,adaptive_joint_nominal,0.8919039999999999,0.5863316582914573,299.0,299.0,0.8052261173516282,0.9558124351089861,0.9961989190189702
iid_match,0.0,300,18,shared_oas,0.8176320000000001,0.5585929648241206,299.0,299.0,0.8034941893575736,0.9639359098790241,0.9796643072810634
iid_match,0.0,300,18,peer_nominal,0.801992,0.5521608040201005,299.0,299.0,0.8034941893575736,0.9639359098790241,0.9796643072810634
iid_match,0.0,300,18,peer_shrunk_nominal,0.8042199999999999,0.5533668341708543,299.0,299.0,0.8034941893575736,0.9639359098790241,0.9796643072810634
iid_match,0.0,300,18,peer_cov_ess,0.8019639999999999,0.5521608040201005,299.0,299.0,0.8034941893575736,0.9639359098790241,0.9796643072810634
iid_match,0.0,300,18,adaptive_cov_ess,0.8013840000000001,0.5525628140703518,299.0,299.0,0.8034941893575736,0.9639359098790241,0.9796643072810634
iid_match,0.0,300,18,adaptive_nominal,0.8013319999999999,0.5525628140703518,299.0,299.0,0.8034941893575736,0.9639359098790241,0.9796643072810634
iid_match,0.0,300,18,adaptive_joint_nominal,0.803452,0.5533668341708543,299.0,299.0,0.8034941893575736,0.9639359098790241,0.9796643072810634
iid_match,0.0,300,19,shared_oas,0.886564,0.5889447236180905,299.0,299.0,0.8390115955706259,0.9592670502476163,1.0133388285990899
iid_match,0.0,300,19,peer_nominal,0.87584,0.5927638190954774,299.0,299.0,0.8390115955706259,0.9592670502476163,1.0133388285990899
iid_match,0.0,300,19,peer_shrunk_nominal,0.87728,0.5939698492462312,299.0,299.0,0.8390115955706259,0.9592670502476163,1.0133388285990899
iid_match,0.0,300,19,peer_cov_ess,0.8758119999999999,0.5921608040201005,299.0,299.0,0.8390115955706259,0.9592670502476163,1.0133388285990899
iid_match,0.0,300,19,adaptive_cov_ess,0.8764639999999999,0.594572864321608,299.0,299.0,0.8390115955706259,0.9592670502476163,1.0133388285990899
iid_match,0.0,300,19,adaptive_nominal,0.87646,0.594572864321608,299.0,299.0,0.8390115955706259,0.9592670502476163,1.0133388285990899
iid_match,0.0,300,19,adaptive_joint_nominal,0.8779239999999999,0.5943718592964824,299.0,299.0,0.8390115955706259,0.9592670502476163,1.0133388285990899
iid_match,0.0,300,20,shared_oas,0.9211440000000001,0.632964824120603,299.0,299.0,0.8140485421759418,0.9537731090781432,1.0015651001541053
iid_match,0.0,300,20,peer_nominal,0.91906,0.6404020100502512,299.0,299.0,0.8140485421759418,0.9537731090781432,1.0015651001541053
iid_match,0.0,300,20,peer_shrunk_nominal,0.919424,0.6404020100502512,299.0,299.0,0.8140485421759418,0.9537731090781432,1.0015651001541053
iid_match,0.0,300,20,peer_cov_ess,0.9190400000000001,0.6402010050251257,299.0,299.0,0.8140485421759418,0.9537731090781432,1.0015651001541053
iid_match,0.0,300,20,adaptive_cov_ess,0.9174159999999999,0.6347738693467336,299.0,299.0,0.8140485421759418,0.9537731090781432,1.0015651001541053
iid_match,0.0,300,20,adaptive_nominal,0.9174599999999999,0.6347738693467336,299.0,299.0,0.8140485421759418,0.9537731090781432,1.0015651001541053
iid_match,0.0,300,20,adaptive_joint_nominal,0.917768,0.634572864321608,299.0,299.0,0.8140485421759418,0.9537731090781432,1.0015651001541053
iid_match,0.0,300,21,shared_oas,0.83248,0.5539698492462312,299.0,299.0,0.8053931774060583,0.9511752089031584,0.9942278140777088
iid_match,0.0,300,21,peer_nominal,0.8485,0.5573869346733669,299.0,299.0,0.8053931774060583,0.9511752089031584,0.9942278140777088
iid_match,0.0,300,21,peer_shrunk_nominal,0.8468199999999999,0.5559798994974875,299.0,299.0,0.8053931774060583,0.9511752089031584,0.9942278140777088
iid_match,0.0,300,21,peer_cov_ess,0.8484959999999999,0.5573869346733669,299.0,299.0,0.8053931774060583,0.9511752089031584,0.9942278140777088
iid_match,0.0,300,21,adaptive_cov_ess,0.847588,0.5565829145728644,299.0,299.0,0.8053931774060583,0.9511752089031584,0.9942278140777088
iid_match,0.0,300,21,adaptive_nominal,0.847588,0.5565829145728644,299.0,299.0,0.8053931774060583,0.9511752089031584,0.9942278140777088
iid_match,0.0,300,21,adaptive_joint_nominal,0.846012,0.555175879396985,299.0,299.0,0.8053931774060583,0.9511752089031584,0.9942278140777088
iid_match,0.0,300,22,shared_oas,0.88964,0.6283417085427135,299.0,299.0,0.8364494462322833,0.9538509164351668,1.0054234814888448
iid_match,0.0,300,22,peer_nominal,0.886908,0.6188944723618091,299.0,299.0,0.8364494462322833,0.9538509164351668,1.0054234814888448
iid_match,0.0,300,22,peer_shrunk_nominal,0.886788,0.6196984924623116,299.0,299.0,0.8364494462322833,0.9538509164351668,1.0054234814888448
iid_match,0.0,300,22,peer_cov_ess,0.886912,0.6190954773869347,299.0,299.0,0.8364494462322833,0.9538509164351668,1.0054234814888448
iid_match,0.0,300,22,adaptive_cov_ess,0.886952,0.6192964824120603,299.0,299.0,0.8364494462322833,0.9538509164351668,1.0054234814888448
iid_match,0.0,300,22,adaptive_nominal,0.886956,0.6192964824120603,299.0,299.0,0.8364494462322833,0.9538509164351668,1.0054234814888448
iid_match,0.0,300,22,adaptive_joint_nominal,0.88676,0.6205025125628141,299.0,299.0,0.8364494462322833,0.9538509164351668,1.0054234814888448
iid_match,0.0,300,23,shared_oas,0.8435679999999999,0.5885427135678392,299.0,298.5874225864384,0.8403702042973363,0.9597254270847244,0.9958276785021944
iid_match,0.0,300,23,peer_nominal,0.861536,0.5981909547738693,299.0,298.5874225864384,0.8403702042973363,0.9597254270847244,0.9958276785021944
iid_match,0.0,300,23,peer_shrunk_nominal,0.8608480000000001,0.5991959798994975,299.0,298.5874225864384,0.8403702042973363,0.9597254270847244,0.9958276785021944
iid_match,0.0,300,23,peer_cov_ess,0.861504,0.5979899497487438,299.0,298.5874225864384,0.8403702042973363,0.9597254270847244,0.9958276785021944
iid_match,0.0,300,23,adaptive_cov_ess,0.8625640000000001,0.5981909547738693,299.0,298.5874225864384,0.8403702042973363,0.9597254270847244,0.9958276785021944
iid_match,0.0,300,23,adaptive_nominal,0.8626199999999999,0.5981909547738693,299.0,298.5874225864384,0.8403702042973363,0.9597254270847244,0.9958276785021944
iid_match,0.0,300,23,adaptive_joint_nominal,0.8617319999999999,0.5989949748743718,299.0,298.5874225864384,0.8403702042973363,0.9597254270847244,0.9958276785021944
iid_match,0.0,300,24,shared_oas,0.83002,0.5790954773869347,299.0,299.0,0.8494596142730657,0.9499470670959089,0.9924958959345773
iid_match,0.0,300,24,peer_nominal,0.8174320000000002,0.5748743718592965,299.0,299.0,0.8494596142730657,0.9499470670959089,0.9924958959345773
iid_match,0.0,300,24,peer_shrunk_nominal,0.819308,0.5766834170854271,299.0,299.0,0.8494596142730657,0.9499470670959089,0.9924958959345773
iid_match,0.0,300,24,peer_cov_ess,0.817396,0.5748743718592965,299.0,299.0,0.8494596142730657,0.9499470670959089,0.9924958959345773
iid_match,0.0,300,24,adaptive_cov_ess,0.816564,0.5746733668341708,299.0,299.0,0.8494596142730657,0.9499470670959089,0.9924958959345773
iid_match,0.0,300,24,adaptive_nominal,0.8165760000000001,0.5746733668341708,299.0,299.0,0.8494596142730657,0.9499470670959089,0.9924958959345773
iid_match,0.0,300,24,adaptive_joint_nominal,0.8184199999999999,0.5760804020100503,299.0,299.0,0.8494596142730657,0.9499470670959089,0.9924958959345773
iid_match,0.0,300,25,shared_oas,0.9177759999999999,0.6799999999999999,299.0,280.2068844778671,0.8164112224092392,0.9564906821597852,1.0100567562899352
iid_match,0.0,300,25,peer_nominal,0.9084239999999999,0.6804020100502512,299.0,280.2068844778671,0.8164112224092392,0.9564906821597852,1.0100567562899352
iid_match,0.0,300,25,peer_shrunk_nominal,0.9101760000000001,0.6767839195979899,299.0,280.2068844778671,0.8164112224092392,0.9564906821597852,1.0100567562899352
iid_match,0.0,300,25,peer_cov_ess,0.908396,0.6804020100502512,299.0,280.2068844778671,0.8164112224092392,0.9564906821597852,1.0100567562899352
iid_match,0.0,300,25,adaptive_cov_ess,0.9069319999999998,0.6783919597989949,299.0,280.2068844778671,0.8164112224092392,0.9564906821597852,1.0100567562899352
iid_match,0.0,300,25,adaptive_nominal,0.906996,0.6785929648241206,299.0,280.2068844778671,0.8164112224092392,0.9564906821597852,1.0100567562899352
iid_match,0.0,300,25,adaptive_joint_nominal,0.908868,0.6743718592964824,299.0,280.2068844778671,0.8164112224092392,0.9564906821597852,1.0100567562899352
iid_match,0.0,300,26,shared_oas,0.8738239999999998,0.594572864321608,299.0,299.0,0.835956425429347,0.941106958281787,1.0095983557936894
iid_match,0.0,300,26,peer_nominal,0.8689399999999998,0.601608040201005,299.0,299.0,0.835956425429347,0.941106958281787,1.0095983557936894
iid_match,0.0,300,26,peer_shrunk_nominal,0.869772,0.6020100502512563,299.0,299.0,0.835956425429347,0.941106958281787,1.0095983557936894
iid_match,0.0,300,26,peer_cov_ess,0.8689079999999999,0.601608040201005,299.0,299.0,0.835956425429347,0.941106958281787,1.0095983557936894
iid_match,0.0,300,26,adaptive_cov_ess,0.86924,0.6020100502512562,299.0,299.0,0.835956425429347,0.941106958281787,1.0095983557936894
iid_match,0.0,300,26,adaptive_nominal,0.8692840000000001,0.6020100502512562,299.0,299.0,0.835956425429347,0.941106958281787,1.0095983557936894
iid_match,0.0,300,26,adaptive_joint_nominal,0.8702080000000001,0.60321608040201,299.0,299.0,0.835956425429347,0.941106958281787,1.0095983557936894
iid_match,0.0,300,27,shared_oas,0.9018679999999999,0.6076381909547739,299.0,299.0,0.821919712354166,0.9557039310244295,0.998047338568044
iid_match,0.0,300,27,peer_nominal,0.900528,0.6062311557788944,299.0,299.0,0.821919712354166,0.9557039310244295,0.998047338568044
iid_match,0.0,300,27,peer_shrunk_nominal,0.9012560000000001,0.6078391959798994,299.0,299.0,0.821919712354166,0.9557039310244295,0.998047338568044
iid_match,0.0,300,27,peer_cov_ess,0.900508,0.6062311557788944,299.0,299.0,0.821919712354166,0.9557039310244295,0.998047338568044
iid_match,0.0,300,27,adaptive_cov_ess,0.8997999999999999,0.6060301507537689,299.0,299.0,0.821919712354166,0.9557039310244295,0.998047338568044
iid_match,0.0,300,27,adaptive_nominal,0.899832,0.6060301507537689,299.0,299.0,0.821919712354166,0.9557039310244295,0.998047338568044
iid_match,0.0,300,27,adaptive_joint_nominal,0.900352,0.6064321608040201,299.0,299.0,0.821919712354166,0.9557039310244295,0.998047338568044
iid_match,0.0,300,28,shared_oas,0.90924,0.6,299.0,299.0,0.8049026991931489,0.951530336706728,1.00878069281471
iid_match,0.0,300,28,peer_nominal,0.9107599999999999,0.6038190954773869,299.0,299.0,0.8049026991931489,0.951530336706728,1.00878069281471
iid_match,0.0,300,28,peer_shrunk_nominal,0.910876,0.6034170854271357,299.0,299.0,0.8049026991931489,0.951530336706728,1.00878069281471
iid_match,0.0,300,28,peer_cov_ess,0.91072,0.6038190954773869,299.0,299.0,0.8049026991931489,0.951530336706728,1.00878069281471
iid_match,0.0,300,28,adaptive_cov_ess,0.909308,0.6030150753768844,299.0,299.0,0.8049026991931489,0.951530336706728,1.00878069281471
iid_match,0.0,300,28,adaptive_nominal,0.90934,0.6028140703517588,299.0,299.0,0.8049026991931489,0.951530336706728,1.00878069281471
iid_match,0.0,300,28,adaptive_joint_nominal,0.9095120000000001,0.6018090452261307,299.0,299.0,0.8049026991931489,0.951530336706728,1.00878069281471
iid_match,0.0,300,29,shared_oas,0.880056,0.6347738693467336,299.0,299.0,0.8626977699524976,0.9505996186067376,1.0100907715237923
iid_match,0.0,300,29,peer_nominal,0.8764240000000001,0.6293467336683417,299.0,299.0,0.8626977699524976,0.9505996186067376,1.0100907715237923
iid_match,0.0,300,29,peer_shrunk_nominal,0.8765480000000001,0.6317587939698492,299.0,299.0,0.8626977699524976,0.9505996186067376,1.0100907715237923
iid_match,0.0,300,29,peer_cov_ess,0.8764,0.6295477386934674,299.0,299.0,0.8626977699524976,0.9505996186067376,1.0100907715237923
iid_match,0.0,300,29,adaptive_cov_ess,0.87666,0.6285427135678392,299.0,299.0,0.8626977699524976,0.9505996186067376,1.0100907715237923
iid_match,0.0,300,29,adaptive_nominal,0.8767119999999999,0.6285427135678392,299.0,299.0,0.8626977699524976,0.9505996186067376,1.0100907715237923
iid_match,0.0,300,29,adaptive_joint_nominal,0.876864,0.6309547738693467,299.0,299.0,0.8626977699524976,0.9505996186067376,1.0100907715237923
iid_match,0.0,300,30,shared_oas,0.84698,0.5634170854271356,299.0,299.0,0.7943281006462378,0.952330611837839,0.9991678188094213
iid_match,0.0,300,30,peer_nominal,0.8372839999999999,0.5666331658291457,299.0,299.0,0.7943281006462378,0.952330611837839,0.9991678188094213
iid_match,0.0,300,30,peer_shrunk_nominal,0.842008,0.5666331658291457,299.0,299.0,0.7943281006462378,0.952330611837839,0.9991678188094213
iid_match,0.0,300,30,peer_cov_ess,0.837264,0.5666331658291457,299.0,299.0,0.7943281006462378,0.952330611837839,0.9991678188094213
iid_match,0.0,300,30,adaptive_cov_ess,0.836784,0.5668341708542713,299.0,299.0,0.7943281006462378,0.952330611837839,0.9991678188094213
iid_match,0.0,300,30,adaptive_nominal,0.8367840000000001,0.5668341708542713,299.0,299.0,0.7943281006462378,0.952330611837839,0.9991678188094213
iid_match,0.0,300,30,adaptive_joint_nominal,0.8415,0.5674371859296482,299.0,299.0,0.7943281006462378,0.952330611837839,0.9991678188094213
iid_match,0.0,300,31,shared_oas,0.847252,0.5841206030150754,299.0,289.82496329663155,0.8504309781517826,0.9534099986027901,1.0116752692811484
iid_match,0.0,300,31,peer_nominal,0.8439719999999999,0.5720603015075377,299.0,289.82496329663155,0.8504309781517826,0.9534099986027901,1.0116752692811484
iid_match,0.0,300,31,peer_shrunk_nominal,0.8446120000000001,0.5700502512562814,299.0,289.82496329663155,0.8504309781517826,0.9534099986027901,1.0116752692811484
iid_match,0.0,300,31,peer_cov_ess,0.8439560000000002,0.5720603015075377,299.0,289.82496329663155,0.8504309781517826,0.9534099986027901,1.0116752692811484
iid_match,0.0,300,31,adaptive_cov_ess,0.8449199999999999,0.5726633165829146,299.0,289.82496329663155,0.8504309781517826,0.9534099986027901,1.0116752692811484
iid_match,0.0,300,31,adaptive_nominal,0.844904,0.5726633165829146,299.0,289.82496329663155,0.8504309781517826,0.9534099986027901,1.0116752692811484
iid_match,0.0,300,31,adaptive_joint_nominal,0.8454239999999997,0.5712562814070352,299.0,289.82496329663155,0.8504309781517826,0.9534099986027901,1.0116752692811484
iid_match,0.0,300,32,shared_oas,0.8804679999999999,0.6004020100502513,299.0,299.0,0.8390890485731677,0.9592881765263644,1.0107238696420904
iid_match,0.0,300,32,peer_nominal,0.8837,0.6080402010050251,299.0,299.0,0.8390890485731677,0.9592881765263644,1.0107238696420904
iid_match,0.0,300,32,peer_shrunk_nominal,0.88238,0.6070351758793969,299.0,299.0,0.8390890485731677,0.9592881765263644,1.0107238696420904
iid_match,0.0,300,32,peer_cov_ess,0.883696,0.6080402010050251,299.0,299.0,0.8390890485731677,0.9592881765263644,1.0107238696420904
iid_match,0.0,300,32,adaptive_cov_ess,0.884968,0.6102512562814071,299.0,299.0,0.8390890485731677,0.9592881765263644,1.0107238696420904
iid_match,0.0,300,32,adaptive_nominal,0.884988,0.6102512562814071,299.0,299.0,0.8390890485731677,0.9592881765263644,1.0107238696420904
iid_match,0.0,300,32,adaptive_joint_nominal,0.883576,0.6088442211055276,299.0,299.0,0.8390890485731677,0.9592881765263644,1.0107238696420904
iid_match,0.0,300,33,shared_oas,0.8335239999999999,0.5507537688442211,299.0,299.0,0.8300438038210896,0.9660511507982648,0.9868900578153212
iid_match,0.0,300,33,peer_nominal,0.827536,0.552964824120603,299.0,299.0,0.8300438038210896,0.9660511507982648,0.9868900578153212
iid_match,0.0,300,33,peer_shrunk_nominal,0.8314919999999999,0.5563819095477387,299.0,299.0,0.8300438038210896,0.9660511507982648,0.9868900578153212
iid_match,0.0,300,33,peer_cov_ess,0.8275239999999999,0.5525628140703518,299.0,299.0,0.8300438038210896,0.9660511507982648,0.9868900578153212
iid_match,0.0,300,33,adaptive_cov_ess,0.8259719999999999,0.5519597989949748,299.0,299.0,0.8300438038210896,0.9660511507982648,0.9868900578153212
iid_match,0.0,300,33,adaptive_nominal,0.826004,0.5519597989949748,299.0,299.0,0.8300438038210896,0.9660511507982648,0.9868900578153212
iid_match,0.0,300,33,adaptive_joint_nominal,0.8299320000000001,0.5543718592964824,299.0,299.0,0.8300438038210896,0.9660511507982648,0.9868900578153212
iid_match,0.0,300,34,shared_oas,0.710512,0.5101507537688442,299.0,299.0,0.8546602269299759,0.957149482775711,1.0078054554659035
iid_match,0.0,300,34,peer_nominal,0.7746360000000001,0.5212060301507537,299.0,299.0,0.8546602269299759,0.957149482775711,1.0078054554659035
iid_match,0.0,300,34,peer_shrunk_nominal,0.770812,0.5204020100502512,299.0,299.0,0.8546602269299759,0.957149482775711,1.0078054554659035
iid_match,0.0,300,34,peer_cov_ess,0.774592,0.5212060301507537,299.0,299.0,0.8546602269299759,0.957149482775711,1.0078054554659035
iid_match,0.0,300,34,adaptive_cov_ess,0.7747080000000001,0.5212060301507537,299.0,299.0,0.8546602269299759,0.957149482775711,1.0078054554659035
iid_match,0.0,300,34,adaptive_nominal,0.774704,0.5212060301507537,299.0,299.0,0.8546602269299759,0.957149482775711,1.0078054554659035
iid_match,0.0,300,34,adaptive_joint_nominal,0.77092,0.5206030150753769,299.0,299.0,0.8546602269299759,0.957149482775711,1.0078054554659035
iid_match,0.0,300,35,shared_oas,0.89172,0.6289447236180904,299.0,296.6579623765099,0.8414374410923675,0.9661973445053319,1.0032386227590702
iid_match,0.0,300,35,peer_nominal,0.882808,0.622713567839196,299.0,296.6579623765099,0.8414374410923675,0.9661973445053319,1.0032386227590702
iid_match,0.0,300,35,peer_shrunk_nominal,0.883532,0.6249246231155778,299.0,296.6579623765099,0.8414374410923675,0.9661973445053319,1.0032386227590702
iid_match,0.0,300,35,peer_cov_ess,0.882796,0.622713567839196,299.0,296.6579623765099,0.8414374410923675,0.9661973445053319,1.0032386227590702
iid_match,0.0,300,35,adaptive_cov_ess,0.8818440000000002,0.6217085427135678,299.0,296.6579623765099,0.8414374410923675,0.9661973445053319,1.0032386227590702
iid_match,0.0,300,35,adaptive_nominal,0.8818880000000001,0.6217085427135678,299.0,296.6579623765099,0.8414374410923675,0.9661973445053319,1.0032386227590702
iid_match,0.0,300,35,adaptive_joint_nominal,0.882712,0.6231155778894473,299.0,296.6579623765099,0.8414374410923675,0.9661973445053319,1.0032386227590702
iid_match,0.0,300,36,shared_oas,0.8991799999999999,0.6084422110552764,299.0,299.0,0.8478253408819162,0.9578956670162677,1.0277209373481204
iid_match,0.0,300,36,peer_nominal,0.8931800000000001,0.5937688442211055,299.0,299.0,0.8478253408819162,0.9578956670162677,1.0277209373481204
iid_match,0.0,300,36,peer_shrunk_nominal,0.89456,0.5943718592964824,299.0,299.0,0.8478253408819162,0.9578956670162677,1.0277209373481204
iid_match,0.0,300,36,peer_cov_ess,0.89314,0.5937688442211055,299.0,299.0,0.8478253408819162,0.9578956670162677,1.0277209373481204
iid_match,0.0,300,36,adaptive_cov_ess,0.89394,0.5953768844221106,299.0,299.0,0.8478253408819162,0.9578956670162677,1.0277209373481204
iid_match,0.0,300,36,adaptive_nominal,0.89398,0.5955778894472362,299.0,299.0,0.8478253408819162,0.9578956670162677,1.0277209373481204
iid_match,0.0,300,36,adaptive_joint_nominal,0.8953880000000001,0.5963819095477387,299.0,299.0,0.8478253408819162,0.9578956670162677,1.0277209373481204
iid_match,0.0,300,37,shared_oas,0.848332,0.5949748743718593,299.0,299.0,0.8293427439210952,0.9502574719420515,1.0061335237013544
iid_match,0.0,300,37,peer_nominal,0.9277880000000001,0.7075376884422111,299.0,299.0,0.8293427439210952,0.9502574719420515,1.0061335237013544
iid_match,0.0,300,37,peer_shrunk_nominal,0.9235519999999998,0.6992964824120603,299.0,299.0,0.8293427439210952,0.9502574719420515,1.0061335237013544
iid_match,0.0,300,37,peer_cov_ess,0.927716,0.7071356783919598,299.0,299.0,0.8293427439210952,0.9502574719420515,1.0061335237013544
iid_match,0.0,300,37,adaptive_cov_ess,0.929292,0.7109547738693467,299.0,299.0,0.8293427439210952,0.9502574719420515,1.0061335237013544
iid_match,0.0,300,37,adaptive_nominal,0.92934,0.711356783919598,299.0,299.0,0.8293427439210952,0.9502574719420515,1.0061335237013544
iid_match,0.0,300,37,adaptive_joint_nominal,0.9250999999999999,0.7021105527638191,299.0,299.0,0.8293427439210952,0.9502574719420515,1.0061335237013544
iid_match,0.0,300,38,shared_oas,0.83134,0.5907537688442211,299.0,299.0,0.8430138236029742,0.9424027573018596,1.001813716496633
iid_match,0.0,300,38,peer_nominal,0.827152,0.5770854271356785,299.0,299.0,0.8430138236029742,0.9424027573018596,1.001813716496633
iid_match,0.0,300,38,peer_shrunk_nominal,0.8290679999999999,0.580502512562814,299.0,299.0,0.8430138236029742,0.9424027573018596,1.001813716496633
iid_match,0.0,300,38,peer_cov_ess,0.827124,0.5770854271356785,299.0,299.0,0.8430138236029742,0.9424027573018596,1.001813716496633
iid_match,0.0,300,38,adaptive_cov_ess,0.8277519999999999,0.5778894472361809,299.0,299.0,0.8430138236029742,0.9424027573018596,1.001813716496633
iid_match,0.0,300,38,adaptive_nominal,0.827772,0.5778894472361809,299.0,299.0,0.8430138236029742,0.9424027573018596,1.001813716496633
iid_match,0.0,300,38,adaptive_joint_nominal,0.82958,0.5813065326633166,299.0,299.0,0.8430138236029742,0.9424027573018596,1.001813716496633
iid_match,0.0,300,39,shared_oas,0.84046,0.5758793969849246,299.0,299.0,0.8364028109541559,0.9603435579036051,1.008670220683632
iid_match,0.0,300,39,peer_nominal,0.8220399999999999,0.5684422110552764,299.0,299.0,0.8364028109541559,0.9603435579036051,1.008670220683632
iid_match,0.0,300,39,peer_shrunk_nominal,0.824464,0.5694472361809045,299.0,299.0,0.8364028109541559,0.9603435579036051,1.008670220683632
iid_match,0.0,300,39,peer_cov_ess,0.82202,0.5684422110552764,299.0,299.0,0.8364028109541559,0.9603435579036051,1.008670220683632
iid_match,0.0,300,39,adaptive_cov_ess,0.8220519999999999,0.5704522613065327,299.0,299.0,0.8364028109541559,0.9603435579036051,1.008670220683632
iid_match,0.0,300,39,adaptive_nominal,0.82208,0.5704522613065327,299.0,299.0,0.8364028109541559,0.9603435579036051,1.008670220683632
iid_match,0.0,300,39,adaptive_joint_nominal,0.824512,0.5714572864321608,299.0,299.0,0.8364028109541559,0.9603435579036051,1.008670220683632
iid_match,0.0,1000,0,shared_oas,0.8899320000000001,0.6056281407035176,992.2906965460963,989.8023543554243,0.9394965984894048,0.9824830116435004,1.0016322754292872
iid_match,0.0,1000,0,peer_nominal,0.8802160000000001,0.603819095477387,992.2906965460963,989.8023543554243,0.9394965984894048,0.9824830116435004,1.0016322754292872
iid_match,0.0,1000,0,peer_shrunk_nominal,0.8805800000000001,0.60321608040201,992.2906965460963,989.8023543554243,0.9394965984894048,0.9824830116435004,1.0016322754292872
iid_match,0.0,1000,0,peer_cov_ess,0.880196,0.603819095477387,992.2906965460963,989.8023543554243,0.9394965984894048,0.9824830116435004,1.0016322754292872
iid_match,0.0,1000,0,adaptive_cov_ess,0.879624,0.6030150753768844,992.2906965460963,989.8023543554243,0.9394965984894048,0.9824830116435004,1.0016322754292872
iid_match,0.0,1000,0,adaptive_nominal,0.8796559999999999,0.6030150753768844,992.2906965460963,989.8023543554243,0.9394965984894048,0.9824830116435004,1.0016322754292872
iid_match,0.0,1000,0,adaptive_joint_nominal,0.8800760000000001,0.6034170854271357,992.2906965460963,989.8023543554243,0.9394965984894048,0.9824830116435004,1.0016322754292872
iid_match,0.0,1000,1,shared_oas,0.830432,0.5332663316582915,999.0,959.5748189003925,0.9424391536816197,0.9868300324514432,0.998451490236906
iid_match,0.0,1000,1,peer_nominal,0.82248,0.5234170854271357,999.0,959.5748189003925,0.9424391536816197,0.9868300324514432,0.998451490236906
iid_match,0.0,1000,1,peer_shrunk_nominal,0.82182,0.5234170854271357,999.0,959.5748189003925,0.9424391536816197,0.9868300324514432,0.998451490236906
iid_match,0.0,1000,1,peer_cov_ess,0.822476,0.5234170854271357,999.0,959.5748189003925,0.9424391536816197,0.9868300324514432,0.998451490236906
iid_match,0.0,1000,1,adaptive_cov_ess,0.822324,0.5232160804020101,999.0,959.5748189003925,0.9424391536816197,0.9868300324514432,0.998451490236906
iid_match,0.0,1000,1,adaptive_nominal,0.822324,0.5232160804020101,999.0,959.5748189003925,0.9424391536816197,0.9868300324514432,0.998451490236906
iid_match,0.0,1000,1,adaptive_joint_nominal,0.82168,0.5236180904522613,999.0,959.5748189003925,0.9424391536816197,0.9868300324514432,0.998451490236906
iid_match,0.0,1000,2,shared_oas,0.8712279999999999,0.6516582914572864,999.0,995.823996137887,0.9510721134622744,0.9897380949015016,1.0058803779740726
iid_match,0.0,1000,2,peer_nominal,0.86578,0.6108542713567839,999.0,995.823996137887,0.9510721134622744,0.9897380949015016,1.0058803779740726
iid_match,0.0,1000,2,peer_shrunk_nominal,0.865816,0.6122613065326633,999.0,995.823996137887,0.9510721134622744,0.9897380949015016,1.0058803779740726
iid_match,0.0,1000,2,peer_cov_ess,0.865768,0.6106532663316583,999.0,995.823996137887,0.9510721134622744,0.9897380949015016,1.0058803779740726
iid_match,0.0,1000,2,adaptive_cov_ess,0.865524,0.6106532663316583,999.0,995.823996137887,0.9510721134622744,0.9897380949015016,1.0058803779740726
iid_match,0.0,1000,2,adaptive_nominal,0.865528,0.6106532663316583,999.0,995.823996137887,0.9510721134622744,0.9897380949015016,1.0058803779740726
iid_match,0.0,1000,2,adaptive_joint_nominal,0.865448,0.6122613065326633,999.0,995.823996137887,0.9510721134622744,0.9897380949015016,1.0058803779740726
iid_match,0.0,1000,3,shared_oas,0.8820600000000001,0.6223115577889448,999.0,999.0,0.926086338451999,0.9834183119304869,1.00193104434494
iid_match,0.0,1000,3,peer_nominal,0.879088,0.5949748743718593,999.0,999.0,0.926086338451999,0.9834183119304869,1.00193104434494
iid_match,0.0,1000,3,peer_shrunk_nominal,0.878852,0.5959798994974874,999.0,999.0,0.926086338451999,0.9834183119304869,1.00193104434494
iid_match,0.0,1000,3,peer_cov_ess,0.879084,0.5949748743718593,999.0,999.0,0.926086338451999,0.9834183119304869,1.00193104434494
iid_match,0.0,1000,3,adaptive_cov_ess,0.8786959999999999,0.594572864321608,999.0,999.0,0.926086338451999,0.9834183119304869,1.00193104434494
iid_match,0.0,1000,3,adaptive_nominal,0.8786959999999999,0.594572864321608,999.0,999.0,0.926086338451999,0.9834183119304869,1.00193104434494
iid_match,0.0,1000,3,adaptive_joint_nominal,0.8784919999999999,0.5955778894472362,999.0,999.0,0.926086338451999,0.9834183119304869,1.00193104434494
iid_match,0.0,1000,4,shared_oas,0.878184,0.567035175879397,999.0,999.0,0.9496451081817321,0.9873225675947301,0.9933083708334682
iid_match,0.0,1000,4,peer_nominal,0.897844,0.6010050251256281,999.0,999.0,0.9496451081817321,0.9873225675947301,0.9933083708334682
iid_match,0.0,1000,4,peer_shrunk_nominal,0.897656,0.6006030150753768,999.0,999.0,0.9496451081817321,0.9873225675947301,0.9933083708334682
iid_match,0.0,1000,4,peer_cov_ess,0.8978480000000001,0.6010050251256281,999.0,999.0,0.9496451081817321,0.9873225675947301,0.9933083708334682
iid_match,0.0,1000,4,adaptive_cov_ess,0.8980400000000001,0.6006030150753768,999.0,999.0,0.9496451081817321,0.9873225675947301,0.9933083708334682
iid_match,0.0,1000,4,adaptive_nominal,0.8980440000000001,0.6006030150753768,999.0,999.0,0.9496451081817321,0.9873225675947301,0.9933083708334682
iid_match,0.0,1000,4,adaptive_joint_nominal,0.897864,0.6006030150753768,999.0,999.0,0.9496451081817321,0.9873225675947301,0.9933083708334682
iid_match,0.0,1000,5,shared_oas,0.83806,0.5857286432160804,999.0,999.0,0.9456086334411822,0.9855541198059075,0.9934381151897205
iid_match,0.0,1000,5,peer_nominal,0.834924,0.5798994974874372,999.0,999.0,0.9456086334411822,0.9855541198059075,0.9934381151897205
iid_match,0.0,1000,5,peer_shrunk_nominal,0.835244,0.5801005025125628,999.0,999.0,0.9456086334411822,0.9855541198059075,0.9934381151897205
iid_match,0.0,1000,5,peer_cov_ess,0.834928,0.5798994974874372,999.0,999.0,0.9456086334411822,0.9855541198059075,0.9934381151897205
iid_match,0.0,1000,5,adaptive_cov_ess,0.8346640000000001,0.5801005025125628,999.0,999.0,0.9456086334411822,0.9855541198059075,0.9934381151897205
iid_match,0.0,1000,5,adaptive_nominal,0.8346640000000001,0.5801005025125628,999.0,999.0,0.9456086334411822,0.9855541198059075,0.9934381151897205
iid_match,0.0,1000,5,adaptive_joint_nominal,0.835032,0.580502512562814,999.0,999.0,0.9456086334411822,0.9855541198059075,0.9934381151897205
iid_match,0.0,1000,6,shared_oas,0.886512,0.6261306532663317,999.0,986.1675932897026,0.9326850730754828,0.9888517068544833,0.994471990479136
iid_match,0.0,1000,6,peer_nominal,0.889432,0.6331658291457286,999.0,986.1675932897026,0.9326850730754828,0.9888517068544833,0.994471990479136
iid_match,0.0,1000,6,peer_shrunk_nominal,0.88866,0.6339698492462311,999.0,986.1675932897026,0.9326850730754828,0.9888517068544833,0.994471990479136
iid_match,0.0,1000,6,peer_cov_ess,0.88942,0.6331658291457286,999.0,986.1675932897026,0.9326850730754828,0.9888517068544833,0.994471990479136
iid_match,0.0,1000,6,adaptive_cov_ess,0.8895079999999999,0.6335678391959799,999.0,986.1675932897026,0.9326850730754828,0.9888517068544833,0.994471990479136
iid_match,0.0,1000,6,adaptive_nominal,0.8895119999999999,0.6335678391959799,999.0,986.1675932897026,0.9326850730754828,0.9888517068544833,0.994471990479136
iid_match,0.0,1000,6,adaptive_joint_nominal,0.888752,0.6339698492462311,999.0,986.1675932897026,0.9326850730754828,0.9888517068544833,0.994471990479136
iid_match,0.0,1000,7,shared_oas,0.870884,0.6233165829145728,999.0,999.0,0.94895158504728,0.9871530626943619,0.9926005576783681
iid_match,0.0,1000,7,peer_nominal,0.8604080000000001,0.6146733668341708,999.0,999.0,0.94895158504728,0.9871530626943619,0.9926005576783681
iid_match,0.0,1000,7,peer_shrunk_nominal,0.860764,0.615678391959799,999.0,999.0,0.94895158504728,0.9871530626943619,0.9926005576783681
iid_match,0.0,1000,7,peer_cov_ess,0.8604040000000001,0.6146733668341708,999.0,999.0,0.94895158504728,0.9871530626943619,0.9926005576783681
iid_match,0.0,1000,7,adaptive_cov_ess,0.86024,0.6142713567839195,999.0,999.0,0.94895158504728,0.9871530626943619,0.9926005576783681
iid_match,0.0,1000,7,adaptive_nominal,0.86024,0.6142713567839195,999.0,999.0,0.94895158504728,0.9871530626943619,0.9926005576783681
iid_match,0.0,1000,7,adaptive_joint_nominal,0.8606079999999999,0.6148743718592965,999.0,999.0,0.94895158504728,0.9871530626943619,0.9926005576783681
iid_match,0.0,1000,8,shared_oas,0.8756999999999999,0.5803015075376885,999.0,999.0,0.9589518727535438,0.9883780179740818,1.0040068218281142
iid_match,0.0,1000,8,peer_nominal,0.9116759999999999,0.6164824120603015,999.0,999.0,0.9589518727535438,0.9883780179740818,1.0040068218281142
iid_match,0.0,1000,8,peer_shrunk_nominal,0.911276,0.6158793969849246,999.0,999.0,0.9589518727535438,0.9883780179740818,1.0040068218281142
iid_match,0.0,1000,8,peer_cov_ess,0.9116759999999999,0.6164824120603015,999.0,999.0,0.9589518727535438,0.9883780179740818,1.0040068218281142
iid_match,0.0,1000,8,adaptive_cov_ess,0.911792,0.6164824120603015,999.0,999.0,0.9589518727535438,0.9883780179740818,1.0040068218281142
iid_match,0.0,1000,8,adaptive_nominal,0.911792,0.6164824120603015,999.0,999.0,0.9589518727535438,0.9883780179740818,1.0040068218281142
iid_match,0.0,1000,8,adaptive_joint_nominal,0.911416,0.615678391959799,999.0,999.0,0.9589518727535438,0.9883780179740818,1.0040068218281142
iid_match,0.0,1000,9,shared_oas,0.8186319999999999,0.568643216080402,999.0,999.0,0.9299648592432359,0.986154031291838,1.0051341732881394
iid_match,0.0,1000,9,peer_nominal,0.856632,0.5823115577889447,999.0,999.0,0.9299648592432359,0.986154031291838,1.0051341732881394
iid_match,0.0,1000,9,peer_shrunk_nominal,0.855768,0.5807035175879397,999.0,999.0,0.9299648592432359,0.986154031291838,1.0051341732881394
iid_match,0.0,1000,9,peer_cov_ess,0.856636,0.5823115577889447,999.0,999.0,0.9299648592432359,0.986154031291838,1.0051341732881394
iid_match,0.0,1000,9,adaptive_cov_ess,0.8564039999999999,0.5815075376884422,999.0,999.0,0.9299648592432359,0.986154031291838,1.0051341732881394
iid_match,0.0,1000,9,adaptive_nominal,0.8563999999999999,0.5815075376884422,999.0,999.0,0.9299648592432359,0.986154031291838,1.0051341732881394
iid_match,0.0,1000,9,adaptive_joint_nominal,0.8556119999999999,0.5803015075376885,999.0,999.0,0.9299648592432359,0.986154031291838,1.0051341732881394
iid_match,0.0,1000,10,shared_oas,0.850292,0.5692462311557789,994.2694347484296,999.0,0.9461453971615089,0.9893674668581105,1.0043916585264199
iid_match,0.0,1000,10,peer_nominal,0.843396,0.552964824120603,994.2694347484296,999.0,0.9461453971615089,0.9893674668581105,1.0043916585264199
iid_match,0.0,1000,10,peer_shrunk_nominal,0.843544,0.5533668341708543,994.2694347484296,999.0,0.9461453971615089,0.9893674668581105,1.0043916585264199
iid_match,0.0,1000,10,peer_cov_ess,0.84338,0.552964824120603,994.2694347484296,999.0,0.9461453971615089,0.9893674668581105,1.0043916585264199
iid_match,0.0,1000,10,adaptive_cov_ess,0.8433759999999999,0.5533668341708543,994.2694347484296,999.0,0.9461453971615089,0.9893674668581105,1.0043916585264199
iid_match,0.0,1000,10,adaptive_nominal,0.8433879999999999,0.5533668341708543,994.2694347484296,999.0,0.9461453971615089,0.9893674668581105,1.0043916585264199
iid_match,0.0,1000,10,adaptive_joint_nominal,0.843588,0.55356783919598,994.2694347484296,999.0,0.9461453971615089,0.9893674668581105,1.0043916585264199
iid_match,0.0,1000,11,shared_oas,0.812288,0.5571859296482412,999.0,999.0,0.9425306245394838,0.9851354982806758,0.993983352295478
iid_match,0.0,1000,11,peer_nominal,0.8343280000000001,0.5776884422110553,999.0,999.0,0.9425306245394838,0.9851354982806758,0.993983352295478
iid_match,0.0,1000,11,peer_shrunk_nominal,0.8331519999999999,0.5762814070351758,999.0,999.0,0.9425306245394838,0.9851354982806758,0.993983352295478
iid_match,0.0,1000,11,peer_cov_ess,0.834328,0.5776884422110553,999.0,999.0,0.9425306245394838,0.9851354982806758,0.993983352295478
iid_match,0.0,1000,11,adaptive_cov_ess,0.833948,0.5774874371859297,999.0,999.0,0.9425306245394838,0.9851354982806758,0.993983352295478
iid_match,0.0,1000,11,adaptive_nominal,0.833944,0.5774874371859297,999.0,999.0,0.9425306245394838,0.9851354982806758,0.993983352295478
iid_match,0.0,1000,11,adaptive_joint_nominal,0.832688,0.5760804020100503,999.0,999.0,0.9425306245394838,0.9851354982806758,0.993983352295478
iid_match,0.0,1000,12,shared_oas,0.796208,0.5505527638190955,995.0624991892262,974.8405918698747,0.9442770650610406,0.9881617040465116,0.9924074024474103
iid_match,0.0,1000,12,peer_nominal,0.786592,0.5378894472361809,995.0624991892262,974.8405918698747,0.9442770650610406,0.9881617040465116,0.9924074024474103
iid_match,0.0,1000,12,peer_shrunk_nominal,0.787824,0.5384924623115578,995.0624991892262,974.8405918698747,0.9442770650610406,0.9881617040465116,0.9924074024474103
iid_match,0.0,1000,12,peer_cov_ess,0.7866,0.5380904522613066,995.0624991892262,974.8405918698747,0.9442770650610406,0.9881617040465116,0.9924074024474103
iid_match,0.0,1000,12,adaptive_cov_ess,0.786408,0.5380904522613066,995.0624991892262,974.8405918698747,0.9442770650610406,0.9881617040465116,0.9924074024474103
iid_match,0.0,1000,12,adaptive_nominal,0.786404,0.5380904522613066,995.0624991892262,974.8405918698747,0.9442770650610406,0.9881617040465116,0.9924074024474103
iid_match,0.0,1000,12,adaptive_joint_nominal,0.787652,0.5386934673366834,995.0624991892262,974.8405918698747,0.9442770650610406,0.9881617040465116,0.9924074024474103
iid_match,0.0,1000,13,shared_oas,0.824196,0.5425125628140703,999.0,972.6163439393654,0.9364324855270014,0.9884566753176978,1.0010418053325087
iid_match,0.0,1000,13,peer_nominal,0.83378,0.5503517587939698,999.0,972.6163439393654,0.9364324855270014,0.9884566753176978,1.0010418053325087
iid_match,0.0,1000,13,peer_shrunk_nominal,0.83372,0.5505527638190955,999.0,972.6163439393654,0.9364324855270014,0.9884566753176978,1.0010418053325087
iid_match,0.0,1000,13,peer_cov_ess,0.833776,0.5503517587939698,999.0,972.6163439393654,0.9364324855270014,0.9884566753176978,1.0010418053325087
iid_match,0.0,1000,13,adaptive_cov_ess,0.833676,0.5505527638190955,999.0,972.6163439393654,0.9364324855270014,0.9884566753176978,1.0010418053325087
iid_match,0.0,1000,13,adaptive_nominal,0.8336719999999999,0.5505527638190955,999.0,972.6163439393654,0.9364324855270014,0.9884566753176978,1.0010418053325087
iid_match,0.0,1000,13,adaptive_joint_nominal,0.833528,0.5501507537688443,999.0,972.6163439393654,0.9364324855270014,0.9884566753176978,1.0010418053325087
iid_match,0.0,1000,14,shared_oas,0.8972039999999999,0.5953768844221106,999.0,988.2526636701584,0.9386682807340466,0.988856171153464,1.0017875245138643
iid_match,0.0,1000,14,peer_nominal,0.8864559999999999,0.5895477386934673,999.0,988.2526636701584,0.9386682807340466,0.988856171153464,1.0017875245138643
iid_match,0.0,1000,14,peer_shrunk_nominal,0.88738,0.5895477386934673,999.0,988.2526636701584,0.9386682807340466,0.988856171153464,1.0017875245138643
iid_match,0.0,1000,14,peer_cov_ess,0.8864520000000001,0.5895477386934673,999.0,988.2526636701584,0.9386682807340466,0.988856171153464,1.0017875245138643
iid_match,0.0,1000,14,adaptive_cov_ess,0.8859959999999999,0.5889447236180905,999.0,988.2526636701584,0.9386682807340466,0.988856171153464,1.0017875245138643
iid_match,0.0,1000,14,adaptive_nominal,0.886,0.5889447236180905,999.0,988.2526636701584,0.9386682807340466,0.988856171153464,1.0017875245138643
iid_match,0.0,1000,14,adaptive_joint_nominal,0.8869800000000001,0.5891457286432161,999.0,988.2526636701584,0.9386682807340466,0.988856171153464,1.0017875245138643
iid_match,0.0,1000,15,shared_oas,0.778256,0.5439195979899497,999.0,999.0,0.932540071929221,0.9847729133328107,0.9950851659001341
iid_match,0.0,1000,15,peer_nominal,0.849484,0.5951758793969849,999.0,999.0,0.932540071929221,0.9847729133328107,0.9950851659001341
iid_match,0.0,1000,15,peer_shrunk_nominal,0.8471360000000002,0.5935678391959799,999.0,999.0,0.932540071929221,0.9847729133328107,0.9950851659001341
iid_match,0.0,1000,15,peer_cov_ess,0.8494759999999999,0.5951758793969849,999.0,999.0,0.932540071929221,0.9847729133328107,0.9950851659001341
iid_match,0.0,1000,15,adaptive_cov_ess,0.849372,0.5953768844221106,999.0,999.0,0.932540071929221,0.9847729133328107,0.9950851659001341
iid_match,0.0,1000,15,adaptive_nominal,0.8493760000000001,0.5953768844221106,999.0,999.0,0.932540071929221,0.9847729133328107,0.9950851659001341
iid_match,0.0,1000,15,adaptive_joint_nominal,0.8470360000000001,0.5939698492462312,999.0,999.0,0.932540071929221,0.9847729133328107,0.9950851659001341
iid_match,0.0,1000,16,shared_oas,0.935268,0.6707537688442211,999.0,999.0,0.911358919592488,0.9869625523751218,1.004527455277
iid_match,0.0,1000,16,peer_nominal,0.930812,0.662713567839196,999.0,999.0,0.911358919592488,0.9869625523751218,1.004527455277
iid_match,0.0,1000,16,peer_shrunk_nominal,0.930796,0.6621105527638191,999.0,999.0,0.911358919592488,0.9869625523751218,1.004527455277
iid_match,0.0,1000,16,peer_cov_ess,0.930812,0.662713567839196,999.0,999.0,0.911358919592488,0.9869625523751218,1.004527455277
iid_match,0.0,1000,16,adaptive_cov_ess,0.9306800000000001,0.6625125628140703,999.0,999.0,0.911358919592488,0.9869625523751218,1.004527455277
iid_match,0.0,1000,16,adaptive_nominal,0.9306840000000001,0.6625125628140703,999.0,999.0,0.911358919592488,0.9869625523751218,1.004527455277
iid_match,0.0,1000,16,adaptive_joint_nominal,0.9305919999999999,0.6613065326633165,999.0,999.0,0.911358919592488,0.9869625523751218,1.004527455277
iid_match,0.0,1000,17,shared_oas,0.788604,0.5364824120603016,999.0,993.6939799628669,0.9309379673390695,0.9857442720329392,1.0009107151605812
iid_match,0.0,1000,17,peer_nominal,0.780048,0.5368844221105528,999.0,993.6939799628669,0.9309379673390695,0.9857442720329392,1.0009107151605812
iid_match,0.0,1000,17,peer_shrunk_nominal,0.779576,0.5366834170854271,999.0,993.6939799628669,0.9309379673390695,0.9857442720329392,1.0009107151605812
iid_match,0.0,1000,17,peer_cov_ess,0.780056,0.5368844221105528,999.0,993.6939799628669,0.9309379673390695,0.9857442720329392,1.0009107151605812
iid_match,0.0,1000,17,adaptive_cov_ess,0.779744,0.5368844221105528,999.0,993.6939799628669,0.9309379673390695,0.9857442720329392,1.0009107151605812
iid_match,0.0,1000,17,adaptive_nominal,0.77974,0.5368844221105528,999.0,993.6939799628669,0.9309379673390695,0.9857442720329392,1.0009107151605812
iid_match,0.0,1000,17,adaptive_joint_nominal,0.7793479999999999,0.5366834170854271,999.0,993.6939799628669,0.9309379673390695,0.9857442720329392,1.0009107151605812
iid_match,0.0,1000,18,shared_oas,0.84786,0.5995979899497488,992.2882117775249,999.0,0.9465365553245767,0.9891693868477069,1.0012928973277773
iid_match,0.0,1000,18,peer_nominal,0.8762519999999999,0.6082412060301507,992.2882117775249,999.0,0.9465365553245767,0.9891693868477069,1.0012928973277773
iid_match,0.0,1000,18,peer_shrunk_nominal,0.8761239999999999,0.608643216080402,992.2882117775249,999.0,0.9465365553245767,0.9891693868477069,1.0012928973277773
iid_match,0.0,1000,18,peer_cov_ess,0.8762199999999999,0.6082412060301507,992.2882117775249,999.0,0.9465365553245767,0.9891693868477069,1.0012928973277773
iid_match,0.0,1000,18,adaptive_cov_ess,0.8761080000000001,0.6078391959798994,992.2882117775249,999.0,0.9465365553245767,0.9891693868477069,1.0012928973277773
iid_match,0.0,1000,18,adaptive_nominal,0.8761080000000001,0.6080402010050251,992.2882117775249,999.0,0.9465365553245767,0.9891693868477069,1.0012928973277773
iid_match,0.0,1000,18,adaptive_joint_nominal,0.8759920000000001,0.608643216080402,992.2882117775249,999.0,0.9465365553245767,0.9891693868477069,1.0012928973277773
iid_match,0.0,1000,19,shared_oas,0.914968,0.7467336683417086,992.4408402356704,984.8063709847913,0.9469268436189737,0.9862866277623653,0.9984869721188699
iid_match,0.0,1000,19,peer_nominal,0.907648,0.7195979899497488,992.4408402356704,984.8063709847913,0.9469268436189737,0.9862866277623653,0.9984869721188699
iid_match,0.0,1000,19,peer_shrunk_nominal,0.9078360000000001,0.7206030150753768,992.4408402356704,984.8063709847913,0.9469268436189737,0.9862866277623653,0.9984869721188699
iid_match,0.0,1000,19,peer_cov_ess,0.907608,0.7195979899497488,992.4408402356704,984.8063709847913,0.9469268436189737,0.9862866277623653,0.9984869721188699
iid_match,0.0,1000,19,adaptive_cov_ess,0.9079079999999999,0.7204020100502513,992.4408402356704,984.8063709847913,0.9469268436189737,0.9862866277623653,0.9984869721188699
iid_match,0.0,1000,19,adaptive_nominal,0.907936,0.7204020100502513,992.4408402356704,984.8063709847913,0.9469268436189737,0.9862866277623653,0.9984869721188699
iid_match,0.0,1000,19,adaptive_joint_nominal,0.908092,0.7220100502512563,992.4408402356704,984.8063709847913,0.9469268436189737,0.9862866277623653,0.9984869721188699
iid_match,0.0,1000,20,shared_oas,0.860328,0.6452261306532663,999.0,993.8200178446489,0.9443076318344332,0.9841038076533464,1.0004388016224792
iid_match,0.0,1000,20,peer_nominal,0.8783160000000001,0.6679396984924624,999.0,993.8200178446489,0.9443076318344332,0.9841038076533464,1.0004388016224792
iid_match,0.0,1000,20,peer_shrunk_nominal,0.8775719999999999,0.6651256281407035,999.0,993.8200178446489,0.9443076318344332,0.9841038076533464,1.0004388016224792
iid_match,0.0,1000,20,peer_cov_ess,0.878304,0.6677386934673367,999.0,993.8200178446489,0.9443076318344332,0.9841038076533464,1.0004388016224792
iid_match,0.0,1000,20,adaptive_cov_ess,0.878404,0.6677386934673367,999.0,993.8200178446489,0.9443076318344332,0.9841038076533464,1.0004388016224792
iid_match,0.0,1000,20,adaptive_nominal,0.8784080000000001,0.6677386934673367,999.0,993.8200178446489,0.9443076318344332,0.9841038076533464,1.0004388016224792
iid_match,0.0,1000,20,adaptive_joint_nominal,0.8777159999999999,0.6663316582914572,999.0,993.8200178446489,0.9443076318344332,0.9841038076533464,1.0004388016224792
iid_match,0.0,1000,21,shared_oas,0.8780240000000001,0.6072361809045226,999.0,987.2475666819366,0.9475842634069873,0.9852298284751535,1.016215210337335
iid_match,0.0,1000,21,peer_nominal,0.8689999999999999,0.5931658291457287,999.0,987.2475666819366,0.9475842634069873,0.9852298284751535,1.016215210337335
iid_match,0.0,1000,21,peer_shrunk_nominal,0.8700399999999999,0.594572864321608,999.0,987.2475666819366,0.9475842634069873,0.9852298284751535,1.016215210337335
iid_match,0.0,1000,21,peer_cov_ess,0.8689959999999999,0.5931658291457287,999.0,987.2475666819366,0.9475842634069873,0.9852298284751535,1.016215210337335
iid_match,0.0,1000,21,adaptive_cov_ess,0.8691359999999999,0.5935678391959799,999.0,987.2475666819366,0.9475842634069873,0.9852298284751535,1.016215210337335
iid_match,0.0,1000,21,adaptive_nominal,0.8691399999999998,0.5935678391959799,999.0,987.2475666819366,0.9475842634069873,0.9852298284751535,1.016215210337335
iid_match,0.0,1000,21,adaptive_joint_nominal,0.870192,0.5949748743718593,999.0,987.2475666819366,0.9475842634069873,0.9852298284751535,1.016215210337335
iid_match,0.0,1000,22,shared_oas,0.823288,0.5565829145728644,999.0,970.8593286935308,0.9268104071135721,0.9832970315927065,1.0080223317143036
iid_match,0.0,1000,22,peer_nominal,0.85824,0.580502512562814,999.0,970.8593286935308,0.9268104071135721,0.9832970315927065,1.0080223317143036
iid_match,0.0,1000,22,peer_shrunk_nominal,0.855944,0.5784924623115578,999.0,970.8593286935308,0.9268104071135721,0.9832970315927065,1.0080223317143036
iid_match,0.0,1000,22,peer_cov_ess,0.858244,0.580502512562814,999.0,970.8593286935308,0.9268104071135721,0.9832970315927065,1.0080223317143036
iid_match,0.0,1000,22,adaptive_cov_ess,0.8582040000000001,0.580502512562814,999.0,970.8593286935308,0.9268104071135721,0.9832970315927065,1.0080223317143036
iid_match,0.0,1000,22,adaptive_nominal,0.8582040000000001,0.580502512562814,999.0,970.8593286935308,0.9268104071135721,0.9832970315927065,1.0080223317143036
iid_match,0.0,1000,22,adaptive_joint_nominal,0.8559680000000001,0.5786934673366835,999.0,970.8593286935308,0.9268104071135721,0.9832970315927065,1.0080223317143036
iid_match,0.0,1000,23,shared_oas,0.9310200000000001,0.6351758793969848,999.0,999.0,0.9602086203045546,0.986552184901859,0.9891917153204781
iid_match,0.0,1000,23,peer_nominal,0.926564,0.6412060301507537,999.0,999.0,0.9602086203045546,0.986552184901859,0.9891917153204781
iid_match,0.0,1000,23,peer_shrunk_nominal,0.9270400000000001,0.6418090452261307,999.0,999.0,0.9602086203045546,0.986552184901859,0.9891917153204781
iid_match,0.0,1000,23,peer_cov_ess,0.926564,0.6412060301507537,999.0,999.0,0.9602086203045546,0.986552184901859,0.9891917153204781
iid_match,0.0,1000,23,adaptive_cov_ess,0.926756,0.641608040201005,999.0,999.0,0.9602086203045546,0.986552184901859,0.9891917153204781
iid_match,0.0,1000,23,adaptive_nominal,0.92676,0.6418090452261307,999.0,999.0,0.9602086203045546,0.986552184901859,0.9891917153204781
iid_match,0.0,1000,23,adaptive_joint_nominal,0.9272400000000001,0.6420100502512562,999.0,999.0,0.9602086203045546,0.986552184901859,0.9891917153204781
iid_match,0.0,1000,24,shared_oas,0.8445239999999998,0.610251256281407,999.0,981.721229517118,0.9325457509267865,0.9861307793434025,1.0045567699863498
iid_match,0.0,1000,24,peer_nominal,0.858356,0.624321608040201,999.0,981.721229517118,0.9325457509267865,0.9861307793434025,1.0045567699863498
iid_match,0.0,1000,24,peer_shrunk_nominal,0.857648,0.6239195979899498,999.0,981.721229517118,0.9325457509267865,0.9861307793434025,1.0045567699863498
iid_match,0.0,1000,24,peer_cov_ess,0.858352,0.624321608040201,999.0,981.721229517118,0.9325457509267865,0.9861307793434025,1.0045567699863498
iid_match,0.0,1000,24,adaptive_cov_ess,0.858232,0.6241206030150754,999.0,981.721229517118,0.9325457509267865,0.9861307793434025,1.0045567699863498
iid_match,0.0,1000,24,adaptive_nominal,0.85824,0.624321608040201,999.0,981.721229517118,0.9325457509267865,0.9861307793434025,1.0045567699863498
iid_match,0.0,1000,24,adaptive_joint_nominal,0.857664,0.6237185929648241,999.0,981.721229517118,0.9325457509267865,0.9861307793434025,1.0045567699863498
iid_match,0.0,1000,25,shared_oas,0.865348,0.5821105527638191,999.0,985.326481386136,0.9446212839842969,0.9848547051103773,0.9986770988074954
iid_match,0.0,1000,25,peer_nominal,0.854464,0.5794974874371859,999.0,985.326481386136,0.9446212839842969,0.9848547051103773,0.9986770988074954
iid_match,0.0,1000,25,peer_shrunk_nominal,0.8554599999999999,0.5807035175879397,999.0,985.326481386136,0.9446212839842969,0.9848547051103773,0.9986770988074954
iid_match,0.0,1000,25,peer_cov_ess,0.854464,0.5794974874371859,999.0,985.326481386136,0.9446212839842969,0.9848547051103773,0.9986770988074954
iid_match,0.0,1000,25,adaptive_cov_ess,0.8545559999999999,0.5798994974874372,999.0,985.326481386136,0.9446212839842969,0.9848547051103773,0.9986770988074954
iid_match,0.0,1000,25,adaptive_nominal,0.854552,0.5798994974874372,999.0,985.326481386136,0.9446212839842969,0.9848547051103773,0.9986770988074954
iid_match,0.0,1000,25,adaptive_joint_nominal,0.8555119999999999,0.5809045226130654,999.0,985.326481386136,0.9446212839842969,0.9848547051103773,0.9986770988074954
iid_match,0.0,1000,26,shared_oas,0.9272880000000001,0.6295477386934674,999.0,999.0,0.9445698101002253,0.9871631025048186,0.9891912440280635
iid_match,0.0,1000,26,peer_nominal,0.92838,0.6522613065326633,999.0,999.0,0.9445698101002253,0.9871631025048186,0.9891912440280635
iid_match,0.0,1000,26,peer_shrunk_nominal,0.928784,0.6540703517587939,999.0,999.0,0.9445698101002253,0.9871631025048186,0.9891912440280635
iid_match,0.0,1000,26,peer_cov_ess,0.928376,0.6522613065326633,999.0,999.0,0.9445698101002253,0.9871631025048186,0.9891912440280635
iid_match,0.0,1000,26,adaptive_cov_ess,0.928232,0.651859296482412,999.0,999.0,0.9445698101002253,0.9871631025048186,0.9891912440280635
iid_match,0.0,1000,26,adaptive_nominal,0.928232,0.651859296482412,999.0,999.0,0.9445698101002253,0.9871631025048186,0.9891912440280635
iid_match,0.0,1000,26,adaptive_joint_nominal,0.928676,0.6540703517587939,999.0,999.0,0.9445698101002253,0.9871631025048186,0.9891912440280635
iid_match,0.0,1000,27,shared_oas,0.7873720000000001,0.5501507537688443,999.0,968.5443893051971,0.936797594253281,0.9868884542132977,1.0004968844873217
iid_match,0.0,1000,27,peer_nominal,0.882388,0.5925628140703517,999.0,968.5443893051971,0.936797594253281,0.9868884542132977,1.0004968844873217
iid_match,0.0,1000,27,peer_shrunk_nominal,0.881056,0.5919597989949749,999.0,968.5443893051971,0.936797594253281,0.9868884542132977,1.0004968844873217
iid_match,0.0,1000,27,peer_cov_ess,0.882384,0.5925628140703517,999.0,968.5443893051971,0.936797594253281,0.9868884542132977,1.0004968844873217
iid_match,0.0,1000,27,adaptive_cov_ess,0.8822599999999999,0.5925628140703517,999.0,968.5443893051971,0.936797594253281,0.9868884542132977,1.0004968844873217
iid_match,0.0,1000,27,adaptive_nominal,0.882272,0.5925628140703517,999.0,968.5443893051971,0.936797594253281,0.9868884542132977,1.0004968844873217
iid_match,0.0,1000,27,adaptive_joint_nominal,0.881008,0.5915577889447237,999.0,968.5443893051971,0.936797594253281,0.9868884542132977,1.0004968844873217
iid_match,0.0,1000,28,shared_oas,0.8513359999999999,0.5648241206030151,999.0,999.0,0.9289545405385105,0.9838194627083889,1.0016641857617903
iid_match,0.0,1000,28,peer_nominal,0.845744,0.5672361809045227,999.0,999.0,0.9289545405385105,0.9838194627083889,1.0016641857617903
iid_match,0.0,1000,28,peer_shrunk_nominal,0.8450160000000001,0.5656281407035176,999.0,999.0,0.9289545405385105,0.9838194627083889,1.0016641857617903
iid_match,0.0,1000,28,peer_cov_ess,0.845744,0.5672361809045227,999.0,999.0,0.9289545405385105,0.9838194627083889,1.0016641857617903
iid_match,0.0,1000,28,adaptive_cov_ess,0.84578,0.5674371859296482,999.0,999.0,0.9289545405385105,0.9838194627083889,1.0016641857617903
iid_match,0.0,1000,28,adaptive_nominal,0.8457760000000001,0.5674371859296482,999.0,999.0,0.9289545405385105,0.9838194627083889,1.0016641857617903
iid_match,0.0,1000,28,adaptive_joint_nominal,0.8450880000000001,0.5656281407035176,999.0,999.0,0.9289545405385105,0.9838194627083889,1.0016641857617903
iid_match,0.0,1000,29,shared_oas,0.8250560000000001,0.5477386934673367,992.0914324305063,999.0,0.9513992903476188,0.9882509738099717,1.0007217584442483
iid_match,0.0,1000,29,peer_nominal,0.818372,0.5457286432160804,992.0914324305063,999.0,0.9513992903476188,0.9882509738099717,1.0007217584442483
iid_match,0.0,1000,29,peer_shrunk_nominal,0.819172,0.545929648241206,992.0914324305063,999.0,0.9513992903476188,0.9882509738099717,1.0007217584442483
iid_match,0.0,1000,29,peer_cov_ess,0.8183640000000001,0.5457286432160804,992.0914324305063,999.0,0.9513992903476188,0.9882509738099717,1.0007217584442483
iid_match,0.0,1000,29,adaptive_cov_ess,0.8182480000000001,0.5457286432160804,992.0914324305063,999.0,0.9513992903476188,0.9882509738099717,1.0007217584442483
iid_match,0.0,1000,29,adaptive_nominal,0.8182679999999999,0.5457286432160804,992.0914324305063,999.0,0.9513992903476188,0.9882509738099717,1.0007217584442483
iid_match,0.0,1000,29,adaptive_joint_nominal,0.81904,0.5457286432160804,992.0914324305063,999.0,0.9513992903476188,0.9882509738099717,1.0007217584442483
iid_match,0.0,1000,30,shared_oas,0.8770600000000001,0.6024120603015075,999.0,999.0,0.9541292763474721,0.9847645725391783,0.9926920756256612
iid_match,0.0,1000,30,peer_nominal,0.8853800000000002,0.6030150753768844,999.0,999.0,0.9541292763474721,0.9847645725391783,0.9926920756256612
iid_match,0.0,1000,30,peer_shrunk_nominal,0.885288,0.6034170854271357,999.0,999.0,0.9541292763474721,0.9847645725391783,0.9926920756256612
iid_match,0.0,1000,30,peer_cov_ess,0.8853720000000002,0.6030150753768844,999.0,999.0,0.9541292763474721,0.9847645725391783,0.9926920756256612
iid_match,0.0,1000,30,adaptive_cov_ess,0.885492,0.6030150753768844,999.0,999.0,0.9541292763474721,0.9847645725391783,0.9926920756256612
iid_match,0.0,1000,30,adaptive_nominal,0.885492,0.6030150753768844,999.0,999.0,0.9541292763474721,0.9847645725391783,0.9926920756256612
iid_match,0.0,1000,30,adaptive_joint_nominal,0.885492,0.6038190954773869,999.0,999.0,0.9541292763474721,0.9847645725391783,0.9926920756256612
iid_match,0.0,1000,31,shared_oas,0.8793160000000001,0.5927638190954774,991.4918591825641,977.0550383699779,0.9324511188297508,0.9880824307258995,1.0059651642097398
iid_match,0.0,1000,31,peer_nominal,0.8876839999999999,0.6060301507537689,991.4918591825641,977.0550383699779,0.9324511188297508,0.9880824307258995,1.0059651642097398
iid_match,0.0,1000,31,peer_shrunk_nominal,0.8868679999999999,0.6044221105527638,991.4918591825641,977.0550383699779,0.9324511188297508,0.9880824307258995,1.0059651642097398
iid_match,0.0,1000,31,peer_cov_ess,0.8876719999999999,0.6060301507537689,991.4918591825641,977.0550383699779,0.9324511188297508,0.9880824307258995,1.0059651642097398
iid_match,0.0,1000,31,adaptive_cov_ess,0.8876040000000001,0.6056281407035176,991.4918591825641,977.0550383699779,0.9324511188297508,0.9880824307258995,1.0059651642097398
iid_match,0.0,1000,31,adaptive_nominal,0.887632,0.6058291457286432,991.4918591825641,977.0550383699779,0.9324511188297508,0.9880824307258995,1.0059651642097398
iid_match,0.0,1000,31,adaptive_joint_nominal,0.8867559999999999,0.6040201005025125,991.4918591825641,977.0550383699779,0.9324511188297508,0.9880824307258995,1.0059651642097398
iid_match,0.0,1000,32,shared_oas,0.884644,0.6339698492462311,999.0,999.0,0.9438579178665569,0.9859254232384522,1.0056735192741848
iid_match,0.0,1000,32,peer_nominal,0.8855799999999999,0.648643216080402,999.0,999.0,0.9438579178665569,0.9859254232384522,1.0056735192741848
iid_match,0.0,1000,32,peer_shrunk_nominal,0.888752,0.6562814070351759,999.0,999.0,0.9438579178665569,0.9859254232384522,1.0056735192741848
iid_match,0.0,1000,32,peer_cov_ess,0.8855759999999999,0.648643216080402,999.0,999.0,0.9438579178665569,0.9859254232384522,1.0056735192741848
iid_match,0.0,1000,32,adaptive_cov_ess,0.885696,0.649246231155779,999.0,999.0,0.9438579178665569,0.9859254232384522,1.0056735192741848
iid_match,0.0,1000,32,adaptive_nominal,0.8856999999999999,0.649246231155779,999.0,999.0,0.9438579178665569,0.9859254232384522,1.0056735192741848
iid_match,0.0,1000,32,adaptive_joint_nominal,0.888836,0.6566834170854271,999.0,999.0,0.9438579178665569,0.9859254232384522,1.0056735192741848
iid_match,0.0,1000,33,shared_oas,0.9201559999999999,0.6472361809045226,999.0,999.0,0.933751363638524,0.9806705087609457,0.9966410033208372
iid_match,0.0,1000,33,peer_nominal,0.918316,0.6544723618090452,999.0,999.0,0.933751363638524,0.9806705087609457,0.9966410033208372
iid_match,0.0,1000,33,peer_shrunk_nominal,0.917976,0.6528643216080402,999.0,999.0,0.933751363638524,0.9806705087609457,0.9966410033208372
iid_match,0.0,1000,33,peer_cov_ess,0.918308,0.6544723618090452,999.0,999.0,0.933751363638524,0.9806705087609457,0.9966410033208372
iid_match,0.0,1000,33,adaptive_cov_ess,0.9183759999999999,0.6542713567839196,999.0,999.0,0.933751363638524,0.9806705087609457,0.9966410033208372
iid_match,0.0,1000,33,adaptive_nominal,0.9183759999999999,0.6542713567839196,999.0,999.0,0.933751363638524,0.9806705087609457,0.9966410033208372
iid_match,0.0,1000,33,adaptive_joint_nominal,0.918064,0.6532663316582914,999.0,999.0,0.933751363638524,0.9806705087609457,0.9966410033208372
iid_match,0.0,1000,34,shared_oas,0.9106839999999999,0.6108542713567839,999.0,999.0,0.9513349222235075,0.9871961137676788,1.0036099952436157
iid_match,0.0,1000,34,peer_nominal,0.921984,0.6325628140703518,999.0,999.0,0.9513349222235075,0.9871961137676788,1.0036099952436157
iid_match,0.0,1000,34,peer_shrunk_nominal,0.921656,0.6315577889447236,999.0,999.0,0.9513349222235075,0.9871961137676788,1.0036099952436157
iid_match,0.0,1000,34,peer_cov_ess,0.921984,0.6325628140703518,999.0,999.0,0.9513349222235075,0.9871961137676788,1.0036099952436157
iid_match,0.0,1000,34,adaptive_cov_ess,0.9218000000000001,0.6319597989949749,999.0,999.0,0.9513349222235075,0.9871961137676788,1.0036099952436157
iid_match,0.0,1000,34,adaptive_nominal,0.921816,0.6319597989949749,999.0,999.0,0.9513349222235075,0.9871961137676788,1.0036099952436157
iid_match,0.0,1000,34,adaptive_joint_nominal,0.9214239999999999,0.6309547738693467,999.0,999.0,0.9513349222235075,0.9871961137676788,1.0036099952436157
iid_match,0.0,1000,35,shared_oas,0.79416,0.5469346733668342,999.0,983.4242050051243,0.9391292454464699,0.9851265310511664,0.9965486368636751
iid_match,0.0,1000,35,peer_nominal,0.783256,0.5421105527638191,999.0,983.4242050051243,0.9391292454464699,0.9851265310511664,0.9965486368636751
iid_match,0.0,1000,35,peer_shrunk_nominal,0.7843919999999999,0.5413065326633166,999.0,983.4242050051243,0.9391292454464699,0.9851265310511664,0.9965486368636751
iid_match,0.0,1000,35,peer_cov_ess,0.783256,0.5421105527638191,999.0,983.4242050051243,0.9391292454464699,0.9851265310511664,0.9965486368636751
iid_match,0.0,1000,35,adaptive_cov_ess,0.7832999999999999,0.5419095477386935,999.0,983.4242050051243,0.9391292454464699,0.9851265310511664,0.9965486368636751
iid_match,0.0,1000,35,adaptive_nominal,0.7833,0.5419095477386935,999.0,983.4242050051243,0.9391292454464699,0.9851265310511664,0.9965486368636751
iid_match,0.0,1000,35,adaptive_joint_nominal,0.784508,0.541105527638191,999.0,983.4242050051243,0.9391292454464699,0.9851265310511664,0.9965486368636751
iid_match,0.0,1000,36,shared_oas,0.8875679999999999,0.6677386934673366,999.0,997.1196529462437,0.9369597404227542,0.9887887957310011,1.0021567980990427
iid_match,0.0,1000,36,peer_nominal,0.8801640000000001,0.6532663316582914,999.0,997.1196529462437,0.9369597404227542,0.9887887957310011,1.0021567980990427
iid_match,0.0,1000,36,peer_shrunk_nominal,0.8804,0.6526633165829145,999.0,997.1196529462437,0.9369597404227542,0.9887887957310011,1.0021567980990427
iid_match,0.0,1000,36,peer_cov_ess,0.8801640000000001,0.6532663316582914,999.0,997.1196529462437,0.9369597404227542,0.9887887957310011,1.0021567980990427
iid_match,0.0,1000,36,adaptive_cov_ess,0.880164,0.6528643216080402,999.0,997.1196529462437,0.9369597404227542,0.9887887957310011,1.0021567980990427
iid_match,0.0,1000,36,adaptive_nominal,0.880164,0.6528643216080402,999.0,997.1196529462437,0.9369597404227542,0.9887887957310011,1.0021567980990427
iid_match,0.0,1000,36,adaptive_joint_nominal,0.8804000000000001,0.6524623115577889,999.0,997.1196529462437,0.9369597404227542,0.9887887957310011,1.0021567980990427
iid_match,0.0,1000,37,shared_oas,0.8299880000000001,0.5244221105527638,999.0,999.0,0.9337397795168682,0.9859412542068491,0.999591637580145
iid_match,0.0,1000,37,peer_nominal,0.819868,0.5248241206030151,999.0,999.0,0.9337397795168682,0.9859412542068491,0.999591637580145
iid_match,0.0,1000,37,peer_shrunk_nominal,0.820352,0.5244221105527638,999.0,999.0,0.9337397795168682,0.9859412542068491,0.999591637580145
iid_match,0.0,1000,37,peer_cov_ess,0.8198639999999999,0.5248241206030151,999.0,999.0,0.9337397795168682,0.9859412542068491,0.999591637580145
iid_match,0.0,1000,37,adaptive_cov_ess,0.81994,0.5250251256281407,999.0,999.0,0.9337397795168682,0.9859412542068491,0.999591637580145
iid_match,0.0,1000,37,adaptive_nominal,0.81994,0.5250251256281407,999.0,999.0,0.9337397795168682,0.9859412542068491,0.999591637580145
iid_match,0.0,1000,37,adaptive_joint_nominal,0.82046,0.5246231155778894,999.0,999.0,0.9337397795168682,0.9859412542068491,0.999591637580145
iid_match,0.0,1000,38,shared_oas,0.8363719999999999,0.5752763819095478,999.0,983.017437713741,0.9408832141785246,0.9869838922908754,0.998053315532339
iid_match,0.0,1000,38,peer_nominal,0.8341959999999998,0.5786934673366835,999.0,983.017437713741,0.9408832141785246,0.9869838922908754,0.998053315532339
iid_match,0.0,1000,38,peer_shrunk_nominal,0.834456,0.578894472361809,999.0,983.017437713741,0.9408832141785246,0.9869838922908754,0.998053315532339
iid_match,0.0,1000,38,peer_cov_ess,0.8341919999999998,0.5786934673366835,999.0,983.017437713741,0.9408832141785246,0.9869838922908754,0.998053315532339
iid_match,0.0,1000,38,adaptive_cov_ess,0.8341879999999999,0.5790954773869347,999.0,983.017437713741,0.9408832141785246,0.9869838922908754,0.998053315532339
iid_match,0.0,1000,38,adaptive_nominal,0.8341879999999999,0.5790954773869347,999.0,983.017437713741,0.9408832141785246,0.9869838922908754,0.998053315532339
iid_match,0.0,1000,38,adaptive_joint_nominal,0.8344479999999999,0.578894472361809,999.0,983.017437713741,0.9408832141785246,0.9869838922908754,0.998053315532339
iid_match,0.0,1000,39,shared_oas,0.8888159999999998,0.6092462311557789,999.0,999.0,0.9349285730196395,0.9804857636897844,1.0029776958938128
iid_match,0.0,1000,39,peer_nominal,0.8823559999999999,0.6162814070351759,999.0,999.0,0.9349285730196395,0.9804857636897844,1.0029776958938128
iid_match,0.0,1000,39,peer_shrunk_nominal,0.8832720000000001,0.617286432160804,999.0,999.0,0.9349285730196395,0.9804857636897844,1.0029776958938128
iid_match,0.0,1000,39,peer_cov_ess,0.8823519999999999,0.6162814070351759,999.0,999.0,0.9349285730196395,0.9804857636897844,1.0029776958938128
iid_match,0.0,1000,39,adaptive_cov_ess,0.8820479999999999,0.6158793969849247,999.0,999.0,0.9349285730196395,0.9804857636897844,1.0029776958938128
iid_match,0.0,1000,39,adaptive_nominal,0.8820520000000001,0.6158793969849247,999.0,999.0,0.9349285730196395,0.9804857636897844,1.0029776958938128
iid_match,0.0,1000,39,adaptive_joint_nominal,0.8828320000000001,0.6166834170854272,999.0,999.0,0.9349285730196395,0.9804857636897844,1.0029776958938128
ar05_match,0.5,30,0,shared_oas,0.768612,0.5439195979899497,28.099298514759557,28.69430721170204,0.2753299619661518,0.5856189159062153,0.9850744677748522
ar05_match,0.5,30,0,peer_nominal,0.7068319999999999,0.5300502512562814,28.099298514759557,28.69430721170204,0.2753299619661518,0.5856189159062153,0.9850744677748522
ar05_match,0.5,30,0,peer_shrunk_nominal,0.739676,0.5429145728643217,28.099298514759557,28.69430721170204,0.2753299619661518,0.5856189159062153,0.9850744677748522
ar05_match,0.5,30,0,peer_cov_ess,0.70696,0.5290452261306533,28.099298514759557,28.69430721170204,0.2753299619661518,0.5856189159062153,0.9850744677748522
ar05_match,0.5,30,0,adaptive_cov_ess,0.7064600000000001,0.530251256281407,28.099298514759557,28.69430721170204,0.2753299619661518,0.5856189159062153,0.9850744677748522
ar05_match,0.5,30,0,adaptive_nominal,0.706364,0.5304522613065327,28.099298514759557,28.69430721170204,0.2753299619661518,0.5856189159062153,0.9850744677748522
ar05_match,0.5,30,0,adaptive_joint_nominal,0.740952,0.5423115577889447,28.099298514759557,28.69430721170204,0.2753299619661518,0.5856189159062153,0.9850744677748522
ar05_match,0.5,30,1,shared_oas,0.836892,0.5495477386934673,29.0,29.0,0.32837628885491266,0.6443709678719676,0.9704644248254854
ar05_match,0.5,30,1,peer_nominal,0.8356520000000001,0.5614070351758794,29.0,29.0,0.32837628885491266,0.6443709678719676,0.9704644248254854
ar05_match,0.5,30,1,peer_shrunk_nominal,0.848424,0.5620100502512563,29.0,29.0,0.32837628885491266,0.6443709678719676,0.9704644248254854
ar05_match,0.5,30,1,peer_cov_ess,0.833844,0.5593969849246231,29.0,29.0,0.32837628885491266,0.6443709678719676,0.9704644248254854
ar05_match,0.5,30,1,adaptive_cov_ess,0.827988,0.5563819095477387,29.0,29.0,0.32837628885491266,0.6443709678719676,0.9704644248254854
ar05_match,0.5,30,1,adaptive_nominal,0.8301079999999998,0.5581909547738694,29.0,29.0,0.32837628885491266,0.6443709678719676,0.9704644248254854
ar05_match,0.5,30,1,adaptive_joint_nominal,0.8420920000000001,0.55678391959799,29.0,29.0,0.32837628885491266,0.6443709678719676,0.9704644248254854
ar05_match,0.5,30,2,shared_oas,0.7596200000000001,0.5177889447236181,26.47662697475181,29.0,0.2693103068453645,0.6506934003423022,0.9817701425672866
ar05_match,0.5,30,2,peer_nominal,0.809056,0.5135678391959799,26.47662697475181,29.0,0.2693103068453645,0.6506934003423022,0.9817701425672866
ar05_match,0.5,30,2,peer_shrunk_nominal,0.791612,0.5139698492462311,26.47662697475181,29.0,0.2693103068453645,0.6506934003423022,0.9817701425672866
ar05_match,0.5,30,2,peer_cov_ess,0.8058439999999999,0.5139698492462311,26.47662697475181,29.0,0.2693103068453645,0.6506934003423022,0.9817701425672866
ar05_match,0.5,30,2,adaptive_cov_ess,0.810528,0.5143718592964824,26.47662697475181,29.0,0.2693103068453645,0.6506934003423022,0.9817701425672866
ar05_match,0.5,30,2,adaptive_nominal,0.813164,0.5145728643216081,26.47662697475181,29.0,0.2693103068453645,0.6506934003423022,0.9817701425672866
ar05_match,0.5,30,2,adaptive_joint_nominal,0.7953479999999999,0.5143718592964824,26.47662697475181,29.0,0.2693103068453645,0.6506934003423022,0.9817701425672866
ar05_match,0.5,30,3,shared_oas,0.8186519999999999,0.5485427135678392,26.551900730170058,25.337868449777503,0.26574889968508775,0.6013923430966432,0.9801290556514324
ar05_match,0.5,30,3,peer_nominal,0.7629759999999999,0.5181909547738693,26.551900730170058,25.337868449777503,0.26574889968508775,0.6013923430966432,0.9801290556514324
ar05_match,0.5,30,3,peer_shrunk_nominal,0.817804,0.5419095477386935,26.551900730170058,25.337868449777503,0.26574889968508775,0.6013923430966432,0.9801290556514324
ar05_match,0.5,30,3,peer_cov_ess,0.758696,0.5161809045226131,26.551900730170058,25.337868449777503,0.26574889968508775,0.6013923430966432,0.9801290556514324
ar05_match,0.5,30,3,adaptive_cov_ess,0.75146,0.5125628140703518,26.551900730170058,25.337868449777503,0.26574889968508775,0.6013923430966432,0.9801290556514324
ar05_match,0.5,30,3,adaptive_nominal,0.7561399999999999,0.5165829145728643,26.551900730170058,25.337868449777503,0.26574889968508775,0.6013923430966432,0.9801290556514324
ar05_match,0.5,30,3,adaptive_joint_nominal,0.8119999999999999,0.5348743718592964,26.551900730170058,25.337868449777503,0.26574889968508775,0.6013923430966432,0.9801290556514324
ar05_match,0.5,30,4,shared_oas,0.760432,0.541105527638191,27.650881648301183,29.0,0.3113480589439023,0.6822569017275273,0.9837860365449173
ar05_match,0.5,30,4,peer_nominal,0.789812,0.5648241206030151,27.650881648301183,29.0,0.3113480589439023,0.6822569017275273,0.9837860365449173
ar05_match,0.5,30,4,peer_shrunk_nominal,0.756568,0.539497487437186,27.650881648301183,29.0,0.3113480589439023,0.6822569017275273,0.9837860365449173
ar05_match,0.5,30,4,peer_cov_ess,0.7869400000000001,0.5668341708542713,27.650881648301183,29.0,0.3113480589439023,0.6822569017275273,0.9837860365449173
ar05_match,0.5,30,4,adaptive_cov_ess,0.778268,0.5559798994974874,27.650881648301183,29.0,0.3113480589439023,0.6822569017275273,0.9837860365449173
ar05_match,0.5,30,4,adaptive_nominal,0.781412,0.5557788944723618,27.650881648301183,29.0,0.3113480589439023,0.6822569017275273,0.9837860365449173
ar05_match,0.5,30,4,adaptive_joint_nominal,0.745864,0.5346733668341709,27.650881648301183,29.0,0.3113480589439023,0.6822569017275273,0.9837860365449173
ar05_match,0.5,30,5,shared_oas,0.822224,0.5290452261306533,27.48500798010745,29.0,0.31188226817745335,0.6118506543864377,0.977139010556304
ar05_match,0.5,30,5,peer_nominal,0.784284,0.5191959798994975,27.48500798010745,29.0,0.31188226817745335,0.6118506543864377,0.977139010556304
ar05_match,0.5,30,5,peer_shrunk_nominal,0.8020640000000001,0.5222110552763819,27.48500798010745,29.0,0.31188226817745335,0.6118506543864377,0.977139010556304
ar05_match,0.5,30,5,peer_cov_ess,0.7805599999999999,0.5175879396984925,27.48500798010745,29.0,0.31188226817745335,0.6118506543864377,0.977139010556304
ar05_match,0.5,30,5,adaptive_cov_ess,0.7832560000000001,0.5189949748743719,27.48500798010745,29.0,0.31188226817745335,0.6118506543864377,0.977139010556304
ar05_match,0.5,30,5,adaptive_nominal,0.7866759999999999,0.5204020100502512,27.48500798010745,29.0,0.31188226817745335,0.6118506543864377,0.977139010556304
ar05_match,0.5,30,5,adaptive_joint_nominal,0.8032600000000001,0.5248241206030151,27.48500798010745,29.0,0.31188226817745335,0.6118506543864377,0.977139010556304
ar05_match,0.5,30,6,shared_oas,0.8348160000000001,0.5519597989949749,28.435422169472297,28.67528417729809,0.26810051471001917,0.5482127180497496,0.9986496089349326
ar05_match,0.5,30,6,peer_nominal,0.8349759999999999,0.549748743718593,28.435422169472297,28.67528417729809,0.26810051471001917,0.5482127180497496,0.9986496089349326
ar05_match,0.5,30,6,peer_shrunk_nominal,0.8319880000000001,0.5465326633165829,28.435422169472297,28.67528417729809,0.26810051471001917,0.5482127180497496,0.9986496089349326
ar05_match,0.5,30,6,peer_cov_ess,0.8359719999999999,0.5489447236180904,28.435422169472297,28.67528417729809,0.26810051471001917,0.5482127180497496,0.9986496089349326
ar05_match,0.5,30,6,adaptive_cov_ess,0.832872,0.5431155778894472,28.435422169472297,28.67528417729809,0.26810051471001917,0.5482127180497496,0.9986496089349326
ar05_match,0.5,30,6,adaptive_nominal,0.832064,0.542713567839196,28.435422169472297,28.67528417729809,0.26810051471001917,0.5482127180497496,0.9986496089349326
ar05_match,0.5,30,6,adaptive_joint_nominal,0.8300879999999999,0.5441206030150754,28.435422169472297,28.67528417729809,0.26810051471001917,0.5482127180497496,0.9986496089349326
ar05_match,0.5,30,7,shared_oas,0.8290280000000001,0.5750753768844221,25.946295688606973,28.568893746033886,0.25353722810329715,0.4961914930847027,0.9981873429711571
ar05_match,0.5,30,7,peer_nominal,0.8608600000000001,0.5889447236180905,25.946295688606973,28.568893746033886,0.25353722810329715,0.4961914930847027,0.9981873429711571
ar05_match,0.5,30,7,peer_shrunk_nominal,0.8433160000000001,0.5815075376884422,25.946295688606973,28.568893746033886,0.25353722810329715,0.4961914930847027,0.9981873429711571
ar05_match,0.5,30,7,peer_cov_ess,0.85816,0.5823115577889447,25.946295688606973,28.568893746033886,0.25353722810329715,0.4961914930847027,0.9981873429711571
ar05_match,0.5,30,7,adaptive_cov_ess,0.8539399999999999,0.5742713567839196,25.946295688606973,28.568893746033886,0.25353722810329715,0.4961914930847027,0.9981873429711571
ar05_match,0.5,30,7,adaptive_nominal,0.856864,0.5803015075376885,25.946295688606973,28.568893746033886,0.25353722810329715,0.4961914930847027,0.9981873429711571
ar05_match,0.5,30,7,adaptive_joint_nominal,0.8380679999999998,0.5748743718592965,25.946295688606973,28.568893746033886,0.25353722810329715,0.4961914930847027,0.9981873429711571
ar05_match,0.5,30,8,shared_oas,0.7717879999999999,0.5388944723618091,29.0,29.0,0.3390979796896866,0.6088289757404912,0.991789966591514
ar05_match,0.5,30,8,peer_nominal,0.743908,0.5266331658291458,29.0,29.0,0.3390979796896866,0.6088289757404912,0.991789966591514
ar05_match,0.5,30,8,peer_shrunk_nominal,0.76372,0.5348743718592965,29.0,29.0,0.3390979796896866,0.6088289757404912,0.991789966591514
ar05_match,0.5,30,8,peer_cov_ess,0.7432799999999999,0.5266331658291458,29.0,29.0,0.3390979796896866,0.6088289757404912,0.991789966591514
ar05_match,0.5,30,8,adaptive_cov_ess,0.7365759999999999,0.5250251256281407,29.0,29.0,0.3390979796896866,0.6088289757404912,0.991789966591514
ar05_match,0.5,30,8,adaptive_nominal,0.737232,0.5244221105527638,29.0,29.0,0.3390979796896866,0.6088289757404912,0.991789966591514
ar05_match,0.5,30,8,adaptive_joint_nominal,0.75786,0.5358793969849246,29.0,29.0,0.3390979796896866,0.6088289757404912,0.991789966591514
ar05_match,0.5,30,9,shared_oas,0.8104800000000001,0.5326633165829145,24.36440912892358,29.0,0.3087310614438268,0.647455130492718,0.9918190374445494
ar05_match,0.5,30,9,peer_nominal,0.766952,0.5306532663316583,24.36440912892358,29.0,0.3087310614438268,0.647455130492718,0.9918190374445494
ar05_match,0.5,30,9,peer_shrunk_nominal,0.7961680000000001,0.5338693467336684,24.36440912892358,29.0,0.3087310614438268,0.647455130492718,0.9918190374445494
ar05_match,0.5,30,9,peer_cov_ess,0.77186,0.5326633165829145,24.36440912892358,29.0,0.3087310614438268,0.647455130492718,0.9918190374445494
ar05_match,0.5,30,9,adaptive_cov_ess,0.7728320000000001,0.5262311557788945,24.36440912892358,29.0,0.3087310614438268,0.647455130492718,0.9918190374445494
ar05_match,0.5,30,9,adaptive_nominal,0.768356,0.5264321608040201,24.36440912892358,29.0,0.3087310614438268,0.647455130492718,0.9918190374445494
ar05_match,0.5,30,9,adaptive_joint_nominal,0.79332,0.5264321608040201,24.36440912892358,29.0,0.3087310614438268,0.647455130492718,0.9918190374445494
ar05_match,0.5,30,10,shared_oas,0.754528,0.5304522613065327,25.89036604570881,29.0,0.3437169091925181,0.5499860969027593,0.9881049739248792
ar05_match,0.5,30,10,peer_nominal,0.771152,0.5258291457286433,25.89036604570881,29.0,0.3437169091925181,0.5499860969027593,0.9881049739248792
ar05_match,0.5,30,10,peer_shrunk_nominal,0.76042,0.5312562814070352,25.89036604570881,29.0,0.3437169091925181,0.5499860969027593,0.9881049739248792
ar05_match,0.5,30,10,peer_cov_ess,0.76682,0.5288442211055276,25.89036604570881,29.0,0.3437169091925181,0.5499860969027593,0.9881049739248792
ar05_match,0.5,30,10,adaptive_cov_ess,0.76312,0.5256281407035176,25.89036604570881,29.0,0.3437169091925181,0.5499860969027593,0.9881049739248792
ar05_match,0.5,30,10,adaptive_nominal,0.7672479999999999,0.5240201005025126,25.89036604570881,29.0,0.3437169091925181,0.5499860969027593,0.9881049739248792
ar05_match,0.5,30,10,adaptive_joint_nominal,0.757056,0.5276381909547738,25.89036604570881,29.0,0.3437169091925181,0.5499860969027593,0.9881049739248792
ar05_match,0.5,30,11,shared_oas,0.84912,0.5210050251256282,28.54389720339629,29.0,0.34756092929285465,0.5779673854973919,0.9843263458030618
ar05_match,0.5,30,11,peer_nominal,0.8231400000000001,0.5224120603015076,28.54389720339629,29.0,0.34756092929285465,0.5779673854973919,0.9843263458030618
ar05_match,0.5,30,11,peer_shrunk_nominal,0.8490519999999999,0.5250251256281407,28.54389720339629,29.0,0.34756092929285465,0.5779673854973919,0.9843263458030618
ar05_match,0.5,30,11,peer_cov_ess,0.822768,0.5238190954773869,28.54389720339629,29.0,0.34756092929285465,0.5779673854973919,0.9843263458030618
ar05_match,0.5,30,11,adaptive_cov_ess,0.820588,0.5268341708542713,28.54389720339629,29.0,0.34756092929285465,0.5779673854973919,0.9843263458030618
ar05_match,0.5,30,11,adaptive_nominal,0.82114,0.5262311557788945,28.54389720339629,29.0,0.34756092929285465,0.5779673854973919,0.9843263458030618
ar05_match,0.5,30,11,adaptive_joint_nominal,0.844912,0.5272361809045226,28.54389720339629,29.0,0.34756092929285465,0.5779673854973919,0.9843263458030618
ar05_match,0.5,30,12,shared_oas,0.8050920000000001,0.555175879396985,29.0,29.0,0.2924964191188988,0.5503488054048048,0.9784687463284483
ar05_match,0.5,30,12,peer_nominal,0.7966519999999999,0.544321608040201,29.0,29.0,0.2924964191188988,0.5503488054048048,0.9784687463284483
ar05_match,0.5,30,12,peer_shrunk_nominal,0.7991280000000001,0.5543718592964824,29.0,29.0,0.2924964191188988,0.5503488054048048,0.9784687463284483
ar05_match,0.5,30,12,peer_cov_ess,0.795224,0.5437185929648242,29.0,29.0,0.2924964191188988,0.5503488054048048,0.9784687463284483
ar05_match,0.5,30,12,adaptive_cov_ess,0.7933919999999999,0.542713567839196,29.0,29.0,0.2924964191188988,0.5503488054048048,0.9784687463284483
ar05_match,0.5,30,12,adaptive_nominal,0.7947360000000001,0.542713567839196,29.0,29.0,0.2924964191188988,0.5503488054048048,0.9784687463284483
ar05_match,0.5,30,12,adaptive_joint_nominal,0.795948,0.5495477386934673,29.0,29.0,0.2924964191188988,0.5503488054048048,0.9784687463284483
ar05_match,0.5,30,13,shared_oas,0.8456400000000001,0.5202010050251257,29.0,29.0,0.30135561013598045,0.5564089500151997,1.0000924676813616
ar05_match,0.5,30,13,peer_nominal,0.8144359999999999,0.5165829145728643,29.0,29.0,0.30135561013598045,0.5564089500151997,1.0000924676813616
ar05_match,0.5,30,13,peer_shrunk_nominal,0.826296,0.5177889447236181,29.0,29.0,0.30135561013598045,0.5564089500151997,1.0000924676813616
ar05_match,0.5,30,13,peer_cov_ess,0.8153839999999999,0.51678391959799,29.0,29.0,0.30135561013598045,0.5564089500151997,1.0000924676813616
ar05_match,0.5,30,13,adaptive_cov_ess,0.805392,0.5139698492462311,29.0,29.0,0.30135561013598045,0.5564089500151997,1.0000924676813616
ar05_match,0.5,30,13,adaptive_nominal,0.80446,0.5141708542713568,29.0,29.0,0.30135561013598045,0.5564089500151997,1.0000924676813616
ar05_match,0.5,30,13,adaptive_joint_nominal,0.815244,0.5161809045226131,29.0,29.0,0.30135561013598045,0.5564089500151997,1.0000924676813616
ar05_match,0.5,30,14,shared_oas,0.827296,0.5409045226130653,27.89700878415841,29.0,0.26948736187497535,0.634309526197235,0.9896669714474671
ar05_match,0.5,30,14,peer_nominal,0.803552,0.540502512562814,27.89700878415841,29.0,0.26948736187497535,0.634309526197235,0.9896669714474671
ar05_match,0.5,30,14,peer_shrunk_nominal,0.817104,0.5425125628140703,27.89700878415841,29.0,0.26948736187497535,0.634309526197235,0.9896669714474671
ar05_match,0.5,30,14,peer_cov_ess,0.8030200000000001,0.540502512562814,27.89700878415841,29.0,0.26948736187497535,0.634309526197235,0.9896669714474671
ar05_match,0.5,30,14,adaptive_cov_ess,0.799516,0.5380904522613065,27.89700878415841,29.0,0.26948736187497535,0.634309526197235,0.9896669714474671
ar05_match,0.5,30,14,adaptive_nominal,0.8001440000000001,0.5384924623115578,27.89700878415841,29.0,0.26948736187497535,0.634309526197235,0.9896669714474671
ar05_match,0.5,30,14,adaptive_joint_nominal,0.8115600000000001,0.537286432160804,27.89700878415841,29.0,0.26948736187497535,0.634309526197235,0.9896669714474671
ar05_match,0.5,30,15,shared_oas,0.850236,0.5656281407035176,29.0,27.041807845427666,0.27979114876805006,0.568576389709976,0.9870408806843505
ar05_match,0.5,30,15,peer_nominal,0.868996,0.5507537688442211,29.0,27.041807845427666,0.27979114876805006,0.568576389709976,0.9870408806843505
ar05_match,0.5,30,15,peer_shrunk_nominal,0.854684,0.5650251256281407,29.0,27.041807845427666,0.27979114876805006,0.568576389709976,0.9870408806843505
ar05_match,0.5,30,15,peer_cov_ess,0.86758,0.5495477386934673,29.0,27.041807845427666,0.27979114876805006,0.568576389709976,0.9870408806843505
ar05_match,0.5,30,15,adaptive_cov_ess,0.861488,0.5433165829145729,29.0,27.041807845427666,0.27979114876805006,0.568576389709976,0.9870408806843505
ar05_match,0.5,30,15,adaptive_nominal,0.8629640000000001,0.5435175879396985,29.0,27.041807845427666,0.27979114876805006,0.568576389709976,0.9870408806843505
ar05_match,0.5,30,15,adaptive_joint_nominal,0.848704,0.5612060301507538,29.0,27.041807845427666,0.27979114876805006,0.568576389709976,0.9870408806843505
ar05_match,0.5,30,16,shared_oas,0.769712,0.5354773869346734,25.357641945652688,27.98877498563411,0.2602950245698984,0.5874324041035885,0.9859249868541045
ar05_match,0.5,30,16,peer_nominal,0.7344559999999999,0.530251256281407,25.357641945652688,27.98877498563411,0.2602950245698984,0.5874324041035885,0.9859249868541045
ar05_match,0.5,30,16,peer_shrunk_nominal,0.748012,0.5322613065326633,25.357641945652688,27.98877498563411,0.2602950245698984,0.5874324041035885,0.9859249868541045
ar05_match,0.5,30,16,peer_cov_ess,0.737204,0.5328643216080402,25.357641945652688,27.98877498563411,0.2602950245698984,0.5874324041035885,0.9859249868541045
ar05_match,0.5,30,16,adaptive_cov_ess,0.7328,0.5326633165829145,25.357641945652688,27.98877498563411,0.2602950245698984,0.5874324041035885,0.9859249868541045
ar05_match,0.5,30,16,adaptive_nominal,0.730284,0.530251256281407,25.357641945652688,27.98877498563411,0.2602950245698984,0.5874324041035885,0.9859249868541045
ar05_match,0.5,30,16,adaptive_joint_nominal,0.744968,0.5294472361809045,25.357641945652688,27.98877498563411,0.2602950245698984,0.5874324041035885,0.9859249868541045
ar05_match,0.5,30,17,shared_oas,0.8542240000000001,0.5449246231155779,25.02204064037118,29.0,0.36681206755036216,0.5661508866529568,1.0025243489227034
ar05_match,0.5,30,17,peer_nominal,0.8553759999999999,0.5475376884422111,25.02204064037118,29.0,0.36681206755036216,0.5661508866529568,1.0025243489227034
ar05_match,0.5,30,17,peer_shrunk_nominal,0.8478400000000001,0.5447236180904522,25.02204064037118,29.0,0.36681206755036216,0.5661508866529568,1.0025243489227034
ar05_match,0.5,30,17,peer_cov_ess,0.8487879999999999,0.5431155778894472,25.02204064037118,29.0,0.36681206755036216,0.5661508866529568,1.0025243489227034
ar05_match,0.5,30,17,adaptive_cov_ess,0.836632,0.5336683417085427,25.02204064037118,29.0,0.36681206755036216,0.5661508866529568,1.0025243489227034
ar05_match,0.5,30,17,adaptive_nominal,0.843132,0.5364824120603016,25.02204064037118,29.0,0.36681206755036216,0.5661508866529568,1.0025243489227034
ar05_match,0.5,30,17,adaptive_joint_nominal,0.83518,0.5310552763819095,25.02204064037118,29.0,0.36681206755036216,0.5661508866529568,1.0025243489227034
ar05_match,0.5,30,18,shared_oas,0.77796,0.5314572864321608,29.0,29.0,0.3064205675438152,0.6061745124532716,0.9841701140996917
ar05_match,0.5,30,18,peer_nominal,0.775616,0.5386934673366834,29.0,29.0,0.3064205675438152,0.6061745124532716,0.9841701140996917
ar05_match,0.5,30,18,peer_shrunk_nominal,0.765836,0.5320603015075377,29.0,29.0,0.3064205675438152,0.6061745124532716,0.9841701140996917
ar05_match,0.5,30,18,peer_cov_ess,0.7764679999999999,0.5392964824120603,29.0,29.0,0.3064205675438152,0.6061745124532716,0.9841701140996917
ar05_match,0.5,30,18,adaptive_cov_ess,0.774184,0.5407035175879397,29.0,29.0,0.3064205675438152,0.6061745124532716,0.9841701140996917
ar05_match,0.5,30,18,adaptive_nominal,0.773412,0.5409045226130653,29.0,29.0,0.3064205675438152,0.6061745124532716,0.9841701140996917
ar05_match,0.5,30,18,adaptive_joint_nominal,0.7635879999999999,0.5322613065326633,29.0,29.0,0.3064205675438152,0.6061745124532716,0.9841701140996917
ar05_match,0.5,30,19,shared_oas,0.747592,0.5246231155778894,29.0,29.0,0.2971246189553426,0.5902115409125166,0.9861706101817818
ar05_match,0.5,30,19,peer_nominal,0.7474559999999999,0.5139698492462311,29.0,29.0,0.2971246189553426,0.5902115409125166,0.9861706101817818
ar05_match,0.5,30,19,peer_shrunk_nominal,0.7570880000000001,0.5234170854271357,29.0,29.0,0.2971246189553426,0.5902115409125166,0.9861706101817818
ar05_match,0.5,30,19,peer_cov_ess,0.7469480000000001,0.5139698492462311,29.0,29.0,0.2971246189553426,0.5902115409125166,0.9861706101817818
ar05_match,0.5,30,19,adaptive_cov_ess,0.75132,0.5143718592964824,29.0,29.0,0.2971246189553426,0.5902115409125166,0.9861706101817818
ar05_match,0.5,30,19,adaptive_nominal,0.7517959999999999,0.5149748743718593,29.0,29.0,0.2971246189553426,0.5902115409125166,0.9861706101817818
ar05_match,0.5,30,19,adaptive_joint_nominal,0.7608240000000001,0.5244221105527638,29.0,29.0,0.2971246189553426,0.5902115409125166,0.9861706101817818
ar05_match,0.5,30,20,shared_oas,0.8384119999999999,0.5218090452261307,27.207930337199546,29.0,0.2958501750528645,0.6061303633192779,0.9964638195475931
ar05_match,0.5,30,20,peer_nominal,0.8291959999999999,0.5234170854271357,27.207930337199546,29.0,0.2958501750528645,0.6061303633192779,0.9964638195475931
ar05_match,0.5,30,20,peer_shrunk_nominal,0.853752,0.5370854271356784,27.207930337199546,29.0,0.2958501750528645,0.6061303633192779,0.9964638195475931
ar05_match,0.5,30,20,peer_cov_ess,0.8247200000000001,0.5218090452261307,27.207930337199546,29.0,0.2958501750528645,0.6061303633192779,0.9964638195475931
ar05_match,0.5,30,20,adaptive_cov_ess,0.8403239999999998,0.527035175879397,27.207930337199546,29.0,0.2958501750528645,0.6061303633192779,0.9964638195475931
ar05_match,0.5,30,20,adaptive_nominal,0.843584,0.5278391959798995,27.207930337199546,29.0,0.2958501750528645,0.6061303633192779,0.9964638195475931
ar05_match,0.5,30,20,adaptive_joint_nominal,0.86684,0.5421105527638191,27.207930337199546,29.0,0.2958501750528645,0.6061303633192779,0.9964638195475931
ar05_match,0.5,30,21,shared_oas,0.8495320000000002,0.551356783919598,24.50656070145931,29.0,0.3196075565745621,0.594439703532605,0.9981964601743735
ar05_match,0.5,30,21,peer_nominal,0.813736,0.5346733668341709,24.50656070145931,29.0,0.3196075565745621,0.594439703532605,0.9981964601743735
ar05_match,0.5,30,21,peer_shrunk_nominal,0.855212,0.5519597989949749,24.50656070145931,29.0,0.3196075565745621,0.594439703532605,0.9981964601743735
ar05_match,0.5,30,21,peer_cov_ess,0.8062999999999999,0.5292462311557788,24.50656070145931,29.0,0.3196075565745621,0.594439703532605,0.9981964601743735
ar05_match,0.5,30,21,adaptive_cov_ess,0.811324,0.5326633165829145,24.50656070145931,29.0,0.3196075565745621,0.594439703532605,0.9981964601743735
ar05_match,0.5,30,21,adaptive_nominal,0.817964,0.5370854271356784,24.50656070145931,29.0,0.3196075565745621,0.594439703532605,0.9981964601743735
ar05_match,0.5,30,21,adaptive_joint_nominal,0.8585520000000001,0.5557788944723618,24.50656070145931,29.0,0.3196075565745621,0.594439703532605,0.9981964601743735
ar05_match,0.5,30,22,shared_oas,0.7845399999999999,0.5421105527638191,29.0,29.0,0.26614854938578725,0.5593344825023083,0.9870400401940025
ar05_match,0.5,30,22,peer_nominal,0.707012,0.5250251256281407,29.0,29.0,0.26614854938578725,0.5593344825023083,0.9870400401940025
ar05_match,0.5,30,22,peer_shrunk_nominal,0.7800360000000001,0.5415075376884422,29.0,29.0,0.26614854938578725,0.5593344825023083,0.9870400401940025
ar05_match,0.5,30,22,peer_cov_ess,0.706676,0.5252261306532663,29.0,29.0,0.26614854938578725,0.5593344825023083,0.9870400401940025
ar05_match,0.5,30,22,adaptive_cov_ess,0.709676,0.5258291457286433,29.0,29.0,0.26614854938578725,0.5593344825023083,0.9870400401940025
ar05_match,0.5,30,22,adaptive_nominal,0.710224,0.5260301507537688,29.0,29.0,0.26614854938578725,0.5593344825023083,0.9870400401940025
ar05_match,0.5,30,22,adaptive_joint_nominal,0.784388,0.5386934673366834,29.0,29.0,0.26614854938578725,0.5593344825023083,0.9870400401940025
ar05_match,0.5,30,23,shared_oas,0.7986599999999999,0.5197989949748744,27.469482578536667,29.0,0.29628768615471957,0.5840338356498146,0.9824977439486839
ar05_match,0.5,30,23,peer_nominal,0.779512,0.5115577889447236,27.469482578536667,29.0,0.29628768615471957,0.5840338356498146,0.9824977439486839
ar05_match,0.5,30,23,peer_shrunk_nominal,0.78188,0.5163819095477387,27.469482578536667,29.0,0.29628768615471957,0.5840338356498146,0.9824977439486839
ar05_match,0.5,30,23,peer_cov_ess,0.775896,0.5111557788944724,27.469482578536667,29.0,0.29628768615471957,0.5840338356498146,0.9824977439486839
ar05_match,0.5,30,23,adaptive_cov_ess,0.776064,0.5117587939698492,27.469482578536667,29.0,0.29628768615471957,0.5840338356498146,0.9824977439486839
ar05_match,0.5,30,23,adaptive_nominal,0.779776,0.5127638190954774,27.469482578536667,29.0,0.29628768615471957,0.5840338356498146,0.9824977439486839
ar05_match,0.5,30,23,adaptive_joint_nominal,0.78416,0.5165829145728643,27.469482578536667,29.0,0.29628768615471957,0.5840338356498146,0.9824977439486839
ar05_match,0.5,30,24,shared_oas,0.649804,0.5025125628140703,26.189322217149254,28.511470903205876,0.24060104169341223,0.5276527927457975,0.9860933207098397
ar05_match,0.5,30,24,peer_nominal,0.793516,0.5155778894472361,26.189322217149254,28.511470903205876,0.24060104169341223,0.5276527927457975,0.9860933207098397
ar05_match,0.5,30,24,peer_shrunk_nominal,0.6819,0.5051256281407035,26.189322217149254,28.511470903205876,0.24060104169341223,0.5276527927457975,0.9860933207098397
ar05_match,0.5,30,24,peer_cov_ess,0.7894680000000001,0.5161809045226131,26.189322217149254,28.511470903205876,0.24060104169341223,0.5276527927457975,0.9860933207098397
ar05_match,0.5,30,24,adaptive_cov_ess,0.7950280000000002,0.5171859296482412,26.189322217149254,28.511470903205876,0.24060104169341223,0.5276527927457975,0.9860933207098397
ar05_match,0.5,30,24,adaptive_nominal,0.798652,0.5177889447236181,26.189322217149254,28.511470903205876,0.24060104169341223,0.5276527927457975,0.9860933207098397
ar05_match,0.5,30,24,adaptive_joint_nominal,0.686824,0.5049246231155778,26.189322217149254,28.511470903205876,0.24060104169341223,0.5276527927457975,0.9860933207098397
ar05_match,0.5,30,25,shared_oas,0.845836,0.5453266331658292,25.774446253916064,29.0,0.28411740483964804,0.5956780386500518,0.9825299340879633
ar05_match,0.5,30,25,peer_nominal,0.859628,0.5455276381909547,25.774446253916064,29.0,0.28411740483964804,0.5956780386500518,0.9825299340879633
ar05_match,0.5,30,25,peer_shrunk_nominal,0.84714,0.5449246231155779,25.774446253916064,29.0,0.28411740483964804,0.5956780386500518,0.9825299340879633
ar05_match,0.5,30,25,peer_cov_ess,0.8592639999999999,0.5447236180904522,25.774446253916064,29.0,0.28411740483964804,0.5956780386500518,0.9825299340879633
ar05_match,0.5,30,25,adaptive_cov_ess,0.8619079999999999,0.545929648241206,25.774446253916064,29.0,0.28411740483964804,0.5956780386500518,0.9825299340879633
ar05_match,0.5,30,25,adaptive_nominal,0.862136,0.5473366834170854,25.774446253916064,29.0,0.28411740483964804,0.5956780386500518,0.9825299340879633
ar05_match,0.5,30,25,adaptive_joint_nominal,0.8500959999999999,0.545929648241206,25.774446253916064,29.0,0.28411740483964804,0.5956780386500518,0.9825299340879633
ar05_match,0.5,30,26,shared_oas,0.801056,0.5571859296482412,25.52399242445339,29.0,0.3766366727463628,0.5200276193405029,0.9654332933305663
ar05_match,0.5,30,26,peer_nominal,0.7609760000000001,0.5437185929648242,25.52399242445339,29.0,0.3766366727463628,0.5200276193405029,0.9654332933305663
ar05_match,0.5,30,26,peer_shrunk_nominal,0.8116520000000002,0.5587939698492462,25.52399242445339,29.0,0.3766366727463628,0.5200276193405029,0.9654332933305663
ar05_match,0.5,30,26,peer_cov_ess,0.7655359999999999,0.5447236180904522,25.52399242445339,29.0,0.3766366727463628,0.5200276193405029,0.9654332933305663
ar05_match,0.5,30,26,adaptive_cov_ess,0.7565839999999999,0.5467336683417086,25.52399242445339,29.0,0.3766366727463628,0.5200276193405029,0.9654332933305663
ar05_match,0.5,30,26,adaptive_nominal,0.753768,0.5489447236180904,25.52399242445339,29.0,0.3766366727463628,0.5200276193405029,0.9654332933305663
ar05_match,0.5,30,26,adaptive_joint_nominal,0.8045439999999999,0.5610050251256281,25.52399242445339,29.0,0.3766366727463628,0.5200276193405029,0.9654332933305663
ar05_match,0.5,30,27,shared_oas,0.7212639999999999,0.5089447236180904,29.0,27.82704910464492,0.32492263238853347,0.6583146389397043,0.9684493057843027
ar05_match,0.5,30,27,peer_nominal,0.7118040000000001,0.5105527638190954,29.0,27.82704910464492,0.32492263238853347,0.6583146389397043,0.9684493057843027
ar05_match,0.5,30,27,peer_shrunk_nominal,0.724372,0.5087437185929649,29.0,27.82704910464492,0.32492263238853347,0.6583146389397043,0.9684493057843027
ar05_match,0.5,30,27,peer_cov_ess,0.712316,0.5103517587939699,29.0,27.82704910464492,0.32492263238853347,0.6583146389397043,0.9684493057843027
ar05_match,0.5,30,27,adaptive_cov_ess,0.7080279999999999,0.5119597989949749,29.0,27.82704910464492,0.32492263238853347,0.6583146389397043,0.9684493057843027
ar05_match,0.5,30,27,adaptive_nominal,0.7076600000000001,0.5123618090452261,29.0,27.82704910464492,0.32492263238853347,0.6583146389397043,0.9684493057843027
ar05_match,0.5,30,27,adaptive_joint_nominal,0.7212799999999999,0.5103517587939699,29.0,27.82704910464492,0.32492263238853347,0.6583146389397043,0.9684493057843027
ar05_match,0.5,30,28,shared_oas,0.7386280000000001,0.5147738693467336,29.0,28.58108781947862,0.26928160914160015,0.5143005228469376,0.9849472870979381
ar05_match,0.5,30,28,peer_nominal,0.722164,0.5025125628140703,29.0,28.58108781947862,0.26928160914160015,0.5143005228469376,0.9849472870979381
ar05_match,0.5,30,28,peer_shrunk_nominal,0.756216,0.5119597989949749,29.0,28.58108781947862,0.26928160914160015,0.5143005228469376,0.9849472870979381
ar05_match,0.5,30,28,peer_cov_ess,0.7214160000000001,0.502713567839196,29.0,28.58108781947862,0.26928160914160015,0.5143005228469376,0.9849472870979381
ar05_match,0.5,30,28,adaptive_cov_ess,0.717352,0.5017085427135678,29.0,28.58108781947862,0.26928160914160015,0.5143005228469376,0.9849472870979381
ar05_match,0.5,30,28,adaptive_nominal,0.71818,0.5017085427135678,29.0,28.58108781947862,0.26928160914160015,0.5143005228469376,0.9849472870979381
ar05_match,0.5,30,28,adaptive_joint_nominal,0.7527880000000001,0.5105527638190954,29.0,28.58108781947862,0.26928160914160015,0.5143005228469376,0.9849472870979381
ar05_match,0.5,30,29,shared_oas,0.829504,0.5161809045226131,25.12293401370727,29.0,0.2987064905514325,0.5729261765953448,0.9994506659773801
ar05_match,0.5,30,29,peer_nominal,0.789988,0.5169849246231156,25.12293401370727,29.0,0.2987064905514325,0.5729261765953448,0.9994506659773801
ar05_match,0.5,30,29,peer_shrunk_nominal,0.823832,0.5193969849246232,25.12293401370727,29.0,0.2987064905514325,0.5729261765953448,0.9994506659773801
ar05_match,0.5,30,29,peer_cov_ess,0.7892440000000001,0.5153768844221106,25.12293401370727,29.0,0.2987064905514325,0.5729261765953448,0.9994506659773801
ar05_match,0.5,30,29,adaptive_cov_ess,0.778484,0.5131658291457286,25.12293401370727,29.0,0.2987064905514325,0.5729261765953448,0.9994506659773801
ar05_match,0.5,30,29,adaptive_nominal,0.780528,0.5157788944723618,25.12293401370727,29.0,0.2987064905514325,0.5729261765953448,0.9994506659773801
ar05_match,0.5,30,29,adaptive_joint_nominal,0.813536,0.5157788944723618,25.12293401370727,29.0,0.2987064905514325,0.5729261765953448,0.9994506659773801
ar05_match,0.5,30,30,shared_oas,0.8380399999999999,0.5557788944723618,26.693124088778863,29.0,0.2631515066360504,0.5486344825348557,1.0115475995846173
ar05_match,0.5,30,30,peer_nominal,0.7915519999999999,0.5272361809045226,26.693124088778863,29.0,0.2631515066360504,0.5486344825348557,1.0115475995846173
ar05_match,0.5,30,30,peer_shrunk_nominal,0.83718,0.5503517587939698,26.693124088778863,29.0,0.2631515066360504,0.5486344825348557,1.0115475995846173
ar05_match,0.5,30,30,peer_cov_ess,0.787012,0.5258291457286433,26.693124088778863,29.0,0.2631515066360504,0.5486344825348557,1.0115475995846173
ar05_match,0.5,30,30,adaptive_cov_ess,0.786176,0.5262311557788945,26.693124088778863,29.0,0.2631515066360504,0.5486344825348557,1.0115475995846173
ar05_match,0.5,30,30,adaptive_nominal,0.78966,0.5254271356783919,26.693124088778863,29.0,0.2631515066360504,0.5486344825348557,1.0115475995846173
ar05_match,0.5,30,30,adaptive_joint_nominal,0.8362959999999999,0.5511557788944723,26.693124088778863,29.0,0.2631515066360504,0.5486344825348557,1.0115475995846173
ar05_match,0.5,30,31,shared_oas,0.7541159999999999,0.5324623115577889,29.0,29.0,0.32497988186157817,0.6095891436590413,0.967869137534767
ar05_match,0.5,30,31,peer_nominal,0.679188,0.5025125628140703,29.0,29.0,0.32497988186157817,0.6095891436590413,0.967869137534767
ar05_match,0.5,30,31,peer_shrunk_nominal,0.740292,0.5240201005025126,29.0,29.0,0.32497988186157817,0.6095891436590413,0.967869137534767
ar05_match,0.5,30,31,peer_cov_ess,0.679848,0.5023115577889448,29.0,29.0,0.32497988186157817,0.6095891436590413,0.967869137534767
ar05_match,0.5,30,31,adaptive_cov_ess,0.669064,0.5025125628140703,29.0,29.0,0.32497988186157817,0.6095891436590413,0.967869137534767
ar05_match,0.5,30,31,adaptive_nominal,0.6686599999999999,0.5025125628140703,29.0,29.0,0.32497988186157817,0.6095891436590413,0.967869137534767
ar05_match,0.5,30,31,adaptive_joint_nominal,0.7265879999999999,0.5224120603015076,29.0,29.0,0.32497988186157817,0.6095891436590413,0.967869137534767
ar05_match,0.5,30,32,shared_oas,0.804672,0.5298492462311558,27.345083623840555,29.0,0.33519519385125285,0.5676725971211822,0.9772314738112262
ar05_match,0.5,30,32,peer_nominal,0.7869120000000001,0.5415075376884422,27.345083623840555,29.0,0.33519519385125285,0.5676725971211822,0.9772314738112262
ar05_match,0.5,30,32,peer_shrunk_nominal,0.793336,0.5290452261306533,27.345083623840555,29.0,0.33519519385125285,0.5676725971211822,0.9772314738112262
ar05_match,0.5,30,32,peer_cov_ess,0.78508,0.5392964824120603,27.345083623840555,29.0,0.33519519385125285,0.5676725971211822,0.9772314738112262
ar05_match,0.5,30,32,adaptive_cov_ess,0.7717879999999999,0.5348743718592964,27.345083623840555,29.0,0.33519519385125285,0.5676725971211822,0.9772314738112262
ar05_match,0.5,30,32,adaptive_nominal,0.7736879999999999,0.5360804020100502,27.345083623840555,29.0,0.33519519385125285,0.5676725971211822,0.9772314738112262
ar05_match,0.5,30,32,adaptive_joint_nominal,0.779444,0.5224120603015076,27.345083623840555,29.0,0.33519519385125285,0.5676725971211822,0.9772314738112262
ar05_match,0.5,30,33,shared_oas,0.836984,0.5258291457286433,26.421814476747336,29.0,0.3375097944829733,0.5953432677786801,0.9781682451186191
ar05_match,0.5,30,33,peer_nominal,0.7769119999999999,0.5214070351758794,26.421814476747336,29.0,0.3375097944829733,0.5953432677786801,0.9781682451186191
ar05_match,0.5,30,33,peer_shrunk_nominal,0.8130119999999998,0.5240201005025126,26.421814476747336,29.0,0.3375097944829733,0.5953432677786801,0.9781682451186191
ar05_match,0.5,30,33,peer_cov_ess,0.774072,0.5214070351758794,26.421814476747336,29.0,0.3375097944829733,0.5953432677786801,0.9781682451186191
ar05_match,0.5,30,33,adaptive_cov_ess,0.771276,0.5175879396984925,26.421814476747336,29.0,0.3375097944829733,0.5953432677786801,0.9781682451186191
ar05_match,0.5,30,33,adaptive_nominal,0.774188,0.5181909547738693,26.421814476747336,29.0,0.3375097944829733,0.5953432677786801,0.9781682451186191
ar05_match,0.5,30,33,adaptive_joint_nominal,0.808508,0.5210050251256282,26.421814476747336,29.0,0.3375097944829733,0.5953432677786801,0.9781682451186191
ar05_match,0.5,30,34,shared_oas,0.8432959999999998,0.5461306532663317,28.383795770860036,29.0,0.3005102287868755,0.6198656260962896,0.9889234659964536
ar05_match,0.5,30,34,peer_nominal,0.82368,0.5358793969849246,28.383795770860036,29.0,0.3005102287868755,0.6198656260962896,0.9889234659964536
ar05_match,0.5,30,34,peer_shrunk_nominal,0.830316,0.5356783919597989,28.383795770860036,29.0,0.3005102287868755,0.6198656260962896,0.9889234659964536
ar05_match,0.5,30,34,peer_cov_ess,0.8207960000000001,0.5350753768844221,28.383795770860036,29.0,0.3005102287868755,0.6198656260962896,0.9889234659964536
ar05_match,0.5,30,34,adaptive_cov_ess,0.811168,0.5358793969849246,28.383795770860036,29.0,0.3005102287868755,0.6198656260962896,0.9889234659964536
ar05_match,0.5,30,34,adaptive_nominal,0.81332,0.5362814070351759,28.383795770860036,29.0,0.3005102287868755,0.6198656260962896,0.9889234659964536
ar05_match,0.5,30,34,adaptive_joint_nominal,0.8204199999999999,0.5403015075376885,28.383795770860036,29.0,0.3005102287868755,0.6198656260962896,0.9889234659964536
ar05_match,0.5,30,35,shared_oas,0.761184,0.5181909547738693,29.0,29.0,0.2928121226081292,0.612325091729613,0.9775767376513812
ar05_match,0.5,30,35,peer_nominal,0.883136,0.5849246231155779,29.0,29.0,0.2928121226081292,0.612325091729613,0.9775767376513812
ar05_match,0.5,30,35,peer_shrunk_nominal,0.834148,0.5543718592964824,29.0,29.0,0.2928121226081292,0.612325091729613,0.9775767376513812
ar05_match,0.5,30,35,peer_cov_ess,0.882224,0.5831155778894472,29.0,29.0,0.2928121226081292,0.612325091729613,0.9775767376513812
ar05_match,0.5,30,35,adaptive_cov_ess,0.8619479999999999,0.5632160804020101,29.0,29.0,0.2928121226081292,0.612325091729613,0.9775767376513812
ar05_match,0.5,30,35,adaptive_nominal,0.8636199999999998,0.5650251256281407,29.0,29.0,0.2928121226081292,0.612325091729613,0.9775767376513812
ar05_match,0.5,30,35,adaptive_joint_nominal,0.815364,0.5396984924623116,29.0,29.0,0.2928121226081292,0.612325091729613,0.9775767376513812
ar05_match,0.5,30,36,shared_oas,0.771232,0.5376884422110553,29.0,29.0,0.2679965821889384,0.6310083308673643,0.9893059192675986
ar05_match,0.5,30,36,peer_nominal,0.8325199999999999,0.5501507537688443,29.0,29.0,0.2679965821889384,0.6310083308673643,0.9893059192675986
ar05_match,0.5,30,36,peer_shrunk_nominal,0.816576,0.5531658291457286,29.0,29.0,0.2679965821889384,0.6310083308673643,0.9893059192675986
ar05_match,0.5,30,36,peer_cov_ess,0.8326479999999999,0.5511557788944723,29.0,29.0,0.2679965821889384,0.6310083308673643,0.9893059192675986
ar05_match,0.5,30,36,adaptive_cov_ess,0.832904,0.5491457286432161,29.0,29.0,0.2679965821889384,0.6310083308673643,0.9893059192675986
ar05_match,0.5,30,36,adaptive_nominal,0.8326079999999999,0.5479396984924623,29.0,29.0,0.2679965821889384,0.6310083308673643,0.9893059192675986
ar05_match,0.5,30,36,adaptive_joint_nominal,0.816016,0.5473366834170854,29.0,29.0,0.2679965821889384,0.6310083308673643,0.9893059192675986
ar05_match,0.5,30,37,shared_oas,0.7805519999999999,0.5292462311557788,25.49760197849875,29.0,0.30879022093678277,0.5877161160803834,0.9888552402692068
ar05_match,0.5,30,37,peer_nominal,0.802276,0.5262311557788945,25.49760197849875,29.0,0.30879022093678277,0.5877161160803834,0.9888552402692068
ar05_match,0.5,30,37,peer_shrunk_nominal,0.772504,0.5224120603015076,25.49760197849875,29.0,0.30879022093678277,0.5877161160803834,0.9888552402692068
ar05_match,0.5,30,37,peer_cov_ess,0.797516,0.5258291457286433,25.49760197849875,29.0,0.30879022093678277,0.5877161160803834,0.9888552402692068
ar05_match,0.5,30,37,adaptive_cov_ess,0.804568,0.5260301507537688,25.49760197849875,29.0,0.30879022093678277,0.5877161160803834,0.9888552402692068
ar05_match,0.5,30,37,adaptive_nominal,0.808896,0.5258291457286433,25.49760197849875,29.0,0.30879022093678277,0.5877161160803834,0.9888552402692068
ar05_match,0.5,30,37,adaptive_joint_nominal,0.7810799999999999,0.5238190954773869,25.49760197849875,29.0,0.30879022093678277,0.5877161160803834,0.9888552402692068
ar05_match,0.5,30,38,shared_oas,0.7530920000000001,0.521608040201005,28.332717066662514,29.0,0.29669153293007855,0.5834837033884344,0.9984338846759665
ar05_match,0.5,30,38,peer_nominal,0.7064760000000001,0.5055276381909548,28.332717066662514,29.0,0.29669153293007855,0.5834837033884344,0.9984338846759665
ar05_match,0.5,30,38,peer_shrunk_nominal,0.748864,0.5222110552763819,28.332717066662514,29.0,0.29669153293007855,0.5834837033884344,0.9984338846759665
ar05_match,0.5,30,38,peer_cov_ess,0.708696,0.5051256281407035,28.332717066662514,29.0,0.29669153293007855,0.5834837033884344,0.9984338846759665
ar05_match,0.5,30,38,adaptive_cov_ess,0.7047120000000001,0.5065326633165829,28.332717066662514,29.0,0.29669153293007855,0.5834837033884344,0.9984338846759665
ar05_match,0.5,30,38,adaptive_nominal,0.7032959999999999,0.5061306532663317,28.332717066662514,29.0,0.29669153293007855,0.5834837033884344,0.9984338846759665
ar05_match,0.5,30,38,adaptive_joint_nominal,0.744668,0.5202010050251257,28.332717066662514,29.0,0.29669153293007855,0.5834837033884344,0.9984338846759665
ar05_match,0.5,30,39,shared_oas,0.7218879999999999,0.51678391959799,29.0,29.0,0.36940029854373424,0.49338921304385963,0.9907619243852729
ar05_match,0.5,30,39,peer_nominal,0.7816240000000001,0.5392964824120603,29.0,29.0,0.36940029854373424,0.49338921304385963,0.9907619243852729
ar05_match,0.5,30,39,peer_shrunk_nominal,0.7223160000000001,0.515175879396985,29.0,29.0,0.36940029854373424,0.49338921304385963,0.9907619243852729
ar05_match,0.5,30,39,peer_cov_ess,0.7824840000000001,0.5398994974874372,29.0,29.0,0.36940029854373424,0.49338921304385963,0.9907619243852729
ar05_match,0.5,30,39,adaptive_cov_ess,0.7704560000000001,0.5366834170854271,29.0,29.0,0.36940029854373424,0.49338921304385963,0.9907619243852729
ar05_match,0.5,30,39,adaptive_nominal,0.7699960000000001,0.5362814070351759,29.0,29.0,0.36940029854373424,0.49338921304385963,0.9907619243852729
ar05_match,0.5,30,39,adaptive_joint_nominal,0.716752,0.515175879396985,29.0,29.0,0.36940029854373424,0.49338921304385963,0.9907619243852729
ar05_match,0.5,100,0,shared_oas,0.8396239999999999,0.5155778894472361,75.86022590899259,83.70085343431455,0.5644525885571758,0.7515354592116761,0.9840646382832091
ar05_match,0.5,100,0,peer_nominal,0.834916,0.5157788944723618,75.86022590899259,83.70085343431455,0.5644525885571758,0.7515354592116761,0.9840646382832091
ar05_match,0.5,100,0,peer_shrunk_nominal,0.845088,0.5181909547738693,75.86022590899259,83.70085343431455,0.5644525885571758,0.7515354592116761,0.9840646382832091
ar05_match,0.5,100,0,peer_cov_ess,0.833764,0.5169849246231156,75.86022590899259,83.70085343431455,0.5644525885571758,0.7515354592116761,0.9840646382832091
ar05_match,0.5,100,0,adaptive_cov_ess,0.8276680000000001,0.515175879396985,75.86022590899259,83.70085343431455,0.5644525885571758,0.7515354592116761,0.9840646382832091
ar05_match,0.5,100,0,adaptive_nominal,0.8302280000000001,0.5137688442211056,75.86022590899259,83.70085343431455,0.5644525885571758,0.7515354592116761,0.9840646382832091
ar05_match,0.5,100,0,adaptive_joint_nominal,0.8407359999999999,0.5175879396984925,75.86022590899259,83.70085343431455,0.5644525885571758,0.7515354592116761,0.9840646382832091
ar05_match,0.5,100,1,shared_oas,0.824012,0.551356783919598,67.0651295544841,66.72200811973858,0.5299588448863788,0.8131453041241412,0.9921914086941466
ar05_match,0.5,100,1,peer_nominal,0.803568,0.5386934673366834,67.0651295544841,66.72200811973858,0.5299588448863788,0.8131453041241412,0.9921914086941466
ar05_match,0.5,100,1,peer_shrunk_nominal,0.81112,0.5465326633165829,67.0651295544841,66.72200811973858,0.5299588448863788,0.8131453041241412,0.9921914086941466
ar05_match,0.5,100,1,peer_cov_ess,0.7992440000000001,0.5401005025125628,67.0651295544841,66.72200811973858,0.5299588448863788,0.8131453041241412,0.9921914086941466
ar05_match,0.5,100,1,adaptive_cov_ess,0.798612,0.5386934673366834,67.0651295544841,66.72200811973858,0.5299588448863788,0.8131453041241412,0.9921914086941466
ar05_match,0.5,100,1,adaptive_nominal,0.80292,0.5388944723618091,67.0651295544841,66.72200811973858,0.5299588448863788,0.8131453041241412,0.9921914086941466
ar05_match,0.5,100,1,adaptive_joint_nominal,0.8103839999999999,0.5463316582914572,67.0651295544841,66.72200811973858,0.5299588448863788,0.8131453041241412,0.9921914086941466
ar05_match,0.5,100,2,shared_oas,0.77722,0.5248241206030151,68.99156709029404,72.17351245447635,0.5385398919834057,0.7795584217589882,0.9966345038851216
ar05_match,0.5,100,2,peer_nominal,0.758396,0.5195979899497487,68.99156709029404,72.17351245447635,0.5385398919834057,0.7795584217589882,0.9966345038851216
ar05_match,0.5,100,2,peer_shrunk_nominal,0.75968,0.5212060301507537,68.99156709029404,72.17351245447635,0.5385398919834057,0.7795584217589882,0.9966345038851216
ar05_match,0.5,100,2,peer_cov_ess,0.750332,0.5145728643216081,68.99156709029404,72.17351245447635,0.5385398919834057,0.7795584217589882,0.9966345038851216
ar05_match,0.5,100,2,adaptive_cov_ess,0.73874,0.5133668341708543,68.99156709029404,72.17351245447635,0.5385398919834057,0.7795584217589882,0.9966345038851216
ar05_match,0.5,100,2,adaptive_nominal,0.7488159999999999,0.5173869346733668,68.99156709029404,72.17351245447635,0.5385398919834057,0.7795584217589882,0.9966345038851216
ar05_match,0.5,100,2,adaptive_joint_nominal,0.7501519999999999,0.5173869346733668,68.99156709029404,72.17351245447635,0.5385398919834057,0.7795584217589882,0.9966345038851216
ar05_match,0.5,100,3,shared_oas,0.833456,0.5682412060301507,76.94438314138729,83.62788816249498,0.6061639040754973,0.7381348864700639,0.9741049176434867
ar05_match,0.5,100,3,peer_nominal,0.8132639999999999,0.5618090452261306,76.94438314138729,83.62788816249498,0.6061639040754973,0.7381348864700639,0.9741049176434867
ar05_match,0.5,100,3,peer_shrunk_nominal,0.828736,0.5716582914572864,76.94438314138729,83.62788816249498,0.6061639040754973,0.7381348864700639,0.9741049176434867
ar05_match,0.5,100,3,peer_cov_ess,0.8099839999999999,0.5602010050251256,76.94438314138729,83.62788816249498,0.6061639040754973,0.7381348864700639,0.9741049176434867
ar05_match,0.5,100,3,adaptive_cov_ess,0.8126359999999999,0.5634170854271356,76.94438314138729,83.62788816249498,0.6061639040754973,0.7381348864700639,0.9741049176434867
ar05_match,0.5,100,3,adaptive_nominal,0.815472,0.5634170854271356,76.94438314138729,83.62788816249498,0.6061639040754973,0.7381348864700639,0.9741049176434867
ar05_match,0.5,100,3,adaptive_joint_nominal,0.830952,0.5728643216080402,76.94438314138729,83.62788816249498,0.6061639040754973,0.7381348864700639,0.9741049176434867
ar05_match,0.5,100,4,shared_oas,0.8077679999999999,0.5354773869346734,75.738486371952,77.52363371723303,0.5942534956617275,0.8068971952466296,0.9790230003168447
ar05_match,0.5,100,4,peer_nominal,0.7769840000000001,0.531859296482412,75.738486371952,77.52363371723303,0.5942534956617275,0.8068971952466296,0.9790230003168447
ar05_match,0.5,100,4,peer_shrunk_nominal,0.8031520000000001,0.5415075376884422,75.738486371952,77.52363371723303,0.5942534956617275,0.8068971952466296,0.9790230003168447
ar05_match,0.5,100,4,peer_cov_ess,0.77494,0.5300502512562814,75.738486371952,77.52363371723303,0.5942534956617275,0.8068971952466296,0.9790230003168447
ar05_match,0.5,100,4,adaptive_cov_ess,0.7759,0.5278391959798995,75.738486371952,77.52363371723303,0.5942534956617275,0.8068971952466296,0.9790230003168447
ar05_match,0.5,100,4,adaptive_nominal,0.777852,0.5312562814070352,75.738486371952,77.52363371723303,0.5942534956617275,0.8068971952466296,0.9790230003168447
ar05_match,0.5,100,4,adaptive_joint_nominal,0.804084,0.5386934673366834,75.738486371952,77.52363371723303,0.5942534956617275,0.8068971952466296,0.9790230003168447
ar05_match,0.5,100,5,shared_oas,0.8312360000000001,0.5417085427135678,73.26740162088863,78.4062190649509,0.5793712570823668,0.7697884921495617,0.9815105507067655
ar05_match,0.5,100,5,peer_nominal,0.796548,0.5322613065326633,73.26740162088863,78.4062190649509,0.5793712570823668,0.7697884921495617,0.9815105507067655
ar05_match,0.5,100,5,peer_shrunk_nominal,0.8205399999999999,0.5407035175879397,73.26740162088863,78.4062190649509,0.5793712570823668,0.7697884921495617,0.9815105507067655
ar05_match,0.5,100,5,peer_cov_ess,0.792724,0.530251256281407,73.26740162088863,78.4062190649509,0.5793712570823668,0.7697884921495617,0.9815105507067655
ar05_match,0.5,100,5,adaptive_cov_ess,0.794176,0.5334673366834171,73.26740162088863,78.4062190649509,0.5793712570823668,0.7697884921495617,0.9815105507067655
ar05_match,0.5,100,5,adaptive_nominal,0.7981480000000001,0.5358793969849246,73.26740162088863,78.4062190649509,0.5793712570823668,0.7697884921495617,0.9815105507067655
ar05_match,0.5,100,5,adaptive_joint_nominal,0.821864,0.5453266331658292,73.26740162088863,78.4062190649509,0.5793712570823668,0.7697884921495617,0.9815105507067655
ar05_match,0.5,100,6,shared_oas,0.830792,0.5714572864321608,73.62048169475713,72.24864847027125,0.6008067494921188,0.7417362921905764,1.0084460861634152
ar05_match,0.5,100,6,peer_nominal,0.842184,0.5612060301507538,73.62048169475713,72.24864847027125,0.6008067494921188,0.7417362921905764,1.0084460861634152
ar05_match,0.5,100,6,peer_shrunk_nominal,0.842436,0.5760804020100503,73.62048169475713,72.24864847027125,0.6008067494921188,0.7417362921905764,1.0084460861634152
ar05_match,0.5,100,6,peer_cov_ess,0.83928,0.5694472361809045,73.62048169475713,72.24864847027125,0.6008067494921188,0.7417362921905764,1.0084460861634152
ar05_match,0.5,100,6,adaptive_cov_ess,0.8442160000000001,0.5720603015075377,73.62048169475713,72.24864847027125,0.6008067494921188,0.7417362921905764,1.0084460861634152
ar05_match,0.5,100,6,adaptive_nominal,0.845888,0.5632160804020101,73.62048169475713,72.24864847027125,0.6008067494921188,0.7417362921905764,1.0084460861634152
ar05_match,0.5,100,6,adaptive_joint_nominal,0.8464199999999998,0.577889447236181,73.62048169475713,72.24864847027125,0.6008067494921188,0.7417362921905764,1.0084460861634152
ar05_match,0.5,100,7,shared_oas,0.8374199999999999,0.5368844221105528,78.22967116114121,91.05895810383788,0.6178209733487852,0.7703788803259977,0.98680083298029
ar05_match,0.5,100,7,peer_nominal,0.823932,0.5324623115577889,78.22967116114121,91.05895810383788,0.6178209733487852,0.7703788803259977,0.98680083298029
ar05_match,0.5,100,7,peer_shrunk_nominal,0.831116,0.5320603015075377,78.22967116114121,91.05895810383788,0.6178209733487852,0.7703788803259977,0.98680083298029
ar05_match,0.5,100,7,peer_cov_ess,0.8251080000000002,0.5362814070351759,78.22967116114121,91.05895810383788,0.6178209733487852,0.7703788803259977,0.98680083298029
ar05_match,0.5,100,7,adaptive_cov_ess,0.822504,0.5350753768844221,78.22967116114121,91.05895810383788,0.6178209733487852,0.7703788803259977,0.98680083298029
ar05_match,0.5,100,7,adaptive_nominal,0.8219599999999999,0.5316582914572864,78.22967116114121,91.05895810383788,0.6178209733487852,0.7703788803259977,0.98680083298029
ar05_match,0.5,100,7,adaptive_joint_nominal,0.8289839999999999,0.5310552763819095,78.22967116114121,91.05895810383788,0.6178209733487852,0.7703788803259977,0.98680083298029
ar05_match,0.5,100,8,shared_oas,0.7870279999999998,0.5521608040201005,64.61509508098246,82.77144489643713,0.5136202906025067,0.7230085141195584,0.9926411180981707
ar05_match,0.5,100,8,peer_nominal,0.764972,0.5477386934673367,64.61509508098246,82.77144489643713,0.5136202906025067,0.7230085141195584,0.9926411180981707
ar05_match,0.5,100,8,peer_shrunk_nominal,0.7855880000000001,0.5539698492462312,64.61509508098246,82.77144489643713,0.5136202906025067,0.7230085141195584,0.9926411180981707
ar05_match,0.5,100,8,peer_cov_ess,0.7693360000000001,0.5525628140703518,64.61509508098246,82.77144489643713,0.5136202906025067,0.7230085141195584,0.9926411180981707
ar05_match,0.5,100,8,adaptive_cov_ess,0.76432,0.5523618090452261,64.61509508098246,82.77144489643713,0.5136202906025067,0.7230085141195584,0.9926411180981707
ar05_match,0.5,100,8,adaptive_nominal,0.761628,0.5461306532663317,64.61509508098246,82.77144489643713,0.5136202906025067,0.7230085141195584,0.9926411180981707
ar05_match,0.5,100,8,adaptive_joint_nominal,0.781652,0.5525628140703518,64.61509508098246,82.77144489643713,0.5136202906025067,0.7230085141195584,0.9926411180981707
ar05_match,0.5,100,9,shared_oas,0.8193119999999999,0.5505527638190955,72.58628573890843,84.48322619007655,0.6447303549195287,0.8078303973912064,0.9823347515726657
ar05_match,0.5,100,9,peer_nominal,0.8690519999999999,0.5754773869346734,72.58628573890843,84.48322619007655,0.6447303549195287,0.8078303973912064,0.9823347515726657
ar05_match,0.5,100,9,peer_shrunk_nominal,0.8583040000000001,0.5678391959798995,72.58628573890843,84.48322619007655,0.6447303549195287,0.8078303973912064,0.9823347515726657
ar05_match,0.5,100,9,peer_cov_ess,0.8635680000000001,0.5696482412060302,72.58628573890843,84.48322619007655,0.6447303549195287,0.8078303973912064,0.9823347515726657
ar05_match,0.5,100,9,adaptive_cov_ess,0.867932,0.5730653266331658,72.58628573890843,84.48322619007655,0.6447303549195287,0.8078303973912064,0.9823347515726657
ar05_match,0.5,100,9,adaptive_nominal,0.8724519999999999,0.5796984924623115,72.58628573890843,84.48322619007655,0.6447303549195287,0.8078303973912064,0.9823347515726657
ar05_match,0.5,100,9,adaptive_joint_nominal,0.8618399999999999,0.5722613065326633,72.58628573890843,84.48322619007655,0.6447303549195287,0.8078303973912064,0.9823347515726657
ar05_match,0.5,100,10,shared_oas,0.88516,0.5354773869346734,67.30851986770142,81.63207276493047,0.5746006040602112,0.7084670772425594,0.9711984318128465
ar05_match,0.5,100,10,peer_nominal,0.887264,0.5384924623115578,67.30851986770142,81.63207276493047,0.5746006040602112,0.7084670772425594,0.9711984318128465
ar05_match,0.5,100,10,peer_shrunk_nominal,0.878232,0.5304522613065327,67.30851986770142,81.63207276493047,0.5746006040602112,0.7084670772425594,0.9711984318128465
ar05_match,0.5,100,10,peer_cov_ess,0.8841319999999999,0.5330653266331659,67.30851986770142,81.63207276493047,0.5746006040602112,0.7084670772425594,0.9711984318128465
ar05_match,0.5,100,10,adaptive_cov_ess,0.8831,0.5284422110552763,67.30851986770142,81.63207276493047,0.5746006040602112,0.7084670772425594,0.9711984318128465
ar05_match,0.5,100,10,adaptive_nominal,0.8864399999999999,0.5344723618090452,67.30851986770142,81.63207276493047,0.5746006040602112,0.7084670772425594,0.9711984318128465
ar05_match,0.5,100,10,adaptive_joint_nominal,0.8778360000000001,0.5292462311557788,67.30851986770142,81.63207276493047,0.5746006040602112,0.7084670772425594,0.9711984318128465
ar05_match,0.5,100,11,shared_oas,0.857752,0.5708542713567839,70.49237558771408,86.9348505520266,0.5398214833507572,0.7658212095411927,0.9979960053564522
ar05_match,0.5,100,11,peer_nominal,0.849948,0.5666331658291457,70.49237558771408,86.9348505520266,0.5398214833507572,0.7658212095411927,0.9979960053564522
ar05_match,0.5,100,11,peer_shrunk_nominal,0.857636,0.5750753768844221,70.49237558771408,86.9348505520266,0.5398214833507572,0.7658212095411927,0.9979960053564522
ar05_match,0.5,100,11,peer_cov_ess,0.8455239999999999,0.5660301507537688,70.49237558771408,86.9348505520266,0.5398214833507572,0.7658212095411927,0.9979960053564522
ar05_match,0.5,100,11,adaptive_cov_ess,0.8443600000000001,0.5660301507537688,70.49237558771408,86.9348505520266,0.5398214833507572,0.7658212095411927,0.9979960053564522
ar05_match,0.5,100,11,adaptive_nominal,0.849752,0.5726633165829146,70.49237558771408,86.9348505520266,0.5398214833507572,0.7658212095411927,0.9979960053564522
ar05_match,0.5,100,11,adaptive_joint_nominal,0.857152,0.5786934673366835,70.49237558771408,86.9348505520266,0.5398214833507572,0.7658212095411927,0.9979960053564522
ar05_match,0.5,100,12,shared_oas,0.859568,0.6064321608040201,75.59365216012881,96.30022815445824,0.5695188566033353,0.7658196024294546,0.981982731542725
ar05_match,0.5,100,12,peer_nominal,0.851016,0.6034170854271357,75.59365216012881,96.30022815445824,0.5695188566033353,0.7658196024294546,0.981982731542725
ar05_match,0.5,100,12,peer_shrunk_nominal,0.85476,0.6012060301507538,75.59365216012881,96.30022815445824,0.5695188566033353,0.7658196024294546,0.981982731542725
ar05_match,0.5,100,12,peer_cov_ess,0.8460840000000001,0.5979899497487438,75.59365216012881,96.30022815445824,0.5695188566033353,0.7658196024294546,0.981982731542725
ar05_match,0.5,100,12,adaptive_cov_ess,0.846684,0.6004020100502513,75.59365216012881,96.30022815445824,0.5695188566033353,0.7658196024294546,0.981982731542725
ar05_match,0.5,100,12,adaptive_nominal,0.8517159999999999,0.6072361809045226,75.59365216012881,96.30022815445824,0.5695188566033353,0.7658196024294546,0.981982731542725
ar05_match,0.5,100,12,adaptive_joint_nominal,0.855488,0.60321608040201,75.59365216012881,96.30022815445824,0.5695188566033353,0.7658196024294546,0.981982731542725
ar05_match,0.5,100,13,shared_oas,0.830764,0.5849246231155779,72.25670493746964,80.5784760810489,0.5424393645810066,0.7689810423904307,0.9924163750200781
ar05_match,0.5,100,13,peer_nominal,0.8155560000000001,0.574070351758794,72.25670493746964,80.5784760810489,0.5424393645810066,0.7689810423904307,0.9924163750200781
ar05_match,0.5,100,13,peer_shrunk_nominal,0.830028,0.5883417085427136,72.25670493746964,80.5784760810489,0.5424393645810066,0.7689810423904307,0.9924163750200781
ar05_match,0.5,100,13,peer_cov_ess,0.8024800000000001,0.5541708542713568,72.25670493746964,80.5784760810489,0.5424393645810066,0.7689810423904307,0.9924163750200781
ar05_match,0.5,100,13,adaptive_cov_ess,0.8028,0.5559798994974875,72.25670493746964,80.5784760810489,0.5424393645810066,0.7689810423904307,0.9924163750200781
ar05_match,0.5,100,13,adaptive_nominal,0.814912,0.5768844221105528,72.25670493746964,80.5784760810489,0.5424393645810066,0.7689810423904307,0.9924163750200781
ar05_match,0.5,100,13,adaptive_joint_nominal,0.829808,0.5901507537688442,72.25670493746964,80.5784760810489,0.5424393645810066,0.7689810423904307,0.9924163750200781
ar05_match,0.5,100,14,shared_oas,0.863864,0.5821105527638191,72.27490933222886,79.62754099238052,0.5653027117199875,0.7781479614541928,1.007553743562243
ar05_match,0.5,100,14,peer_nominal,0.86234,0.5774874371859297,72.27490933222886,79.62754099238052,0.5653027117199875,0.7781479614541928,1.007553743562243
ar05_match,0.5,100,14,peer_shrunk_nominal,0.8583040000000001,0.5742713567839196,72.27490933222886,79.62754099238052,0.5653027117199875,0.7781479614541928,1.007553743562243
ar05_match,0.5,100,14,peer_cov_ess,0.8540000000000001,0.5656281407035176,72.27490933222886,79.62754099238052,0.5653027117199875,0.7781479614541928,1.007553743562243
ar05_match,0.5,100,14,adaptive_cov_ess,0.854924,0.568643216080402,72.27490933222886,79.62754099238052,0.5653027117199875,0.7781479614541928,1.007553743562243
ar05_match,0.5,100,14,adaptive_nominal,0.8631200000000001,0.5776884422110553,72.27490933222886,79.62754099238052,0.5653027117199875,0.7781479614541928,1.007553743562243
ar05_match,0.5,100,14,adaptive_joint_nominal,0.8590479999999998,0.5760804020100503,72.27490933222886,79.62754099238052,0.5653027117199875,0.7781479614541928,1.007553743562243
ar05_match,0.5,100,15,shared_oas,0.7823279999999999,0.5533668341708543,72.54343281323337,84.20329864561927,0.5528869616939378,0.7459352280924993,1.0147754867117067
ar05_match,0.5,100,15,peer_nominal,0.85634,0.5957788944723618,72.54343281323337,84.20329864561927,0.5528869616939378,0.7459352280924993,1.0147754867117067
ar05_match,0.5,100,15,peer_shrunk_nominal,0.840144,0.5835175879396985,72.54343281323337,84.20329864561927,0.5528869616939378,0.7459352280924993,1.0147754867117067
ar05_match,0.5,100,15,peer_cov_ess,0.854396,0.5927638190954774,72.54343281323337,84.20329864561927,0.5528869616939378,0.7459352280924993,1.0147754867117067
ar05_match,0.5,100,15,adaptive_cov_ess,0.856856,0.5967839195979899,72.54343281323337,84.20329864561927,0.5528869616939378,0.7459352280924993,1.0147754867117067
ar05_match,0.5,100,15,adaptive_nominal,0.8582639999999999,0.5987939698492463,72.54343281323337,84.20329864561927,0.5528869616939378,0.7459352280924993,1.0147754867117067
ar05_match,0.5,100,15,adaptive_joint_nominal,0.8416560000000002,0.5853266331658291,72.54343281323337,84.20329864561927,0.5528869616939378,0.7459352280924993,1.0147754867117067
ar05_match,0.5,100,16,shared_oas,0.8452439999999999,0.5618090452261306,76.42631305678847,78.25788549378456,0.5781172966357933,0.7173116355992206,0.9980319766471474
ar05_match,0.5,100,16,peer_nominal,0.8199,0.5501507537688443,76.42631305678847,78.25788549378456,0.5781172966357933,0.7173116355992206,0.9980319766471474
ar05_match,0.5,100,16,peer_shrunk_nominal,0.8286680000000001,0.5662311557788945,76.42631305678847,78.25788549378456,0.5781172966357933,0.7173116355992206,0.9980319766471474
ar05_match,0.5,100,16,peer_cov_ess,0.816984,0.5495477386934673,76.42631305678847,78.25788549378456,0.5781172966357933,0.7173116355992206,0.9980319766471474
ar05_match,0.5,100,16,adaptive_cov_ess,0.8137279999999999,0.5455276381909547,76.42631305678847,78.25788549378456,0.5781172966357933,0.7173116355992206,0.9980319766471474
ar05_match,0.5,100,16,adaptive_nominal,0.817068,0.5439195979899497,76.42631305678847,78.25788549378456,0.5781172966357933,0.7173116355992206,0.9980319766471474
ar05_match,0.5,100,16,adaptive_joint_nominal,0.8260000000000001,0.5630150753768844,76.42631305678847,78.25788549378456,0.5781172966357933,0.7173116355992206,0.9980319766471474
ar05_match,0.5,100,17,shared_oas,0.8507359999999999,0.5294472361809045,72.73138726008192,76.17477860440859,0.4919263455922373,0.7637472964965676,0.9981107053176543
ar05_match,0.5,100,17,peer_nominal,0.8597319999999999,0.5312562814070352,72.73138726008192,76.17477860440859,0.4919263455922373,0.7637472964965676,0.9981107053176543
ar05_match,0.5,100,17,peer_shrunk_nominal,0.836852,0.5222110552763819,72.73138726008192,76.17477860440859,0.4919263455922373,0.7637472964965676,0.9981107053176543
ar05_match,0.5,100,17,peer_cov_ess,0.856084,0.5248241206030151,72.73138726008192,76.17477860440859,0.4919263455922373,0.7637472964965676,0.9981107053176543
ar05_match,0.5,100,17,adaptive_cov_ess,0.848704,0.5218090452261307,72.73138726008192,76.17477860440859,0.4919263455922373,0.7637472964965676,0.9981107053176543
ar05_match,0.5,100,17,adaptive_nominal,0.85398,0.5276381909547738,72.73138726008192,76.17477860440859,0.4919263455922373,0.7637472964965676,0.9981107053176543
ar05_match,0.5,100,17,adaptive_joint_nominal,0.8307199999999999,0.5191959798994975,72.73138726008192,76.17477860440859,0.4919263455922373,0.7637472964965676,0.9981107053176543
ar05_match,0.5,100,18,shared_oas,0.83442,0.5624120603015076,74.31705808455806,79.35781892304914,0.6058266355091179,0.7713261514216017,0.9889593667441925
ar05_match,0.5,100,18,peer_nominal,0.8144480000000001,0.5549748743718593,74.31705808455806,79.35781892304914,0.6058266355091179,0.7713261514216017,0.9889593667441925
ar05_match,0.5,100,18,peer_shrunk_nominal,0.8246079999999999,0.5585929648241206,74.31705808455806,79.35781892304914,0.6058266355091179,0.7713261514216017,0.9889593667441925
ar05_match,0.5,100,18,peer_cov_ess,0.807512,0.5489447236180904,74.31705808455806,79.35781892304914,0.6058266355091179,0.7713261514216017,0.9889593667441925
ar05_match,0.5,100,18,adaptive_cov_ess,0.8089679999999999,0.5491457286432161,74.31705808455806,79.35781892304914,0.6058266355091179,0.7713261514216017,0.9889593667441925
ar05_match,0.5,100,18,adaptive_nominal,0.81574,0.556180904522613,74.31705808455806,79.35781892304914,0.6058266355091179,0.7713261514216017,0.9889593667441925
ar05_match,0.5,100,18,adaptive_joint_nominal,0.8257439999999999,0.5579899497487437,74.31705808455806,79.35781892304914,0.6058266355091179,0.7713261514216017,0.9889593667441925
ar05_match,0.5,100,19,shared_oas,0.794352,0.5537688442211055,70.35729281150778,77.97735831954533,0.5654131876249398,0.7459118120974031,1.0145322750615309
ar05_match,0.5,100,19,peer_nominal,0.8082640000000001,0.5515577889447236,70.35729281150778,77.97735831954533,0.5654131876249398,0.7459118120974031,1.0145322750615309
ar05_match,0.5,100,19,peer_shrunk_nominal,0.795272,0.5483417085427136,70.35729281150778,77.97735831954533,0.5654131876249398,0.7459118120974031,1.0145322750615309
ar05_match,0.5,100,19,peer_cov_ess,0.799328,0.5407035175879397,70.35729281150778,77.97735831954533,0.5654131876249398,0.7459118120974031,1.0145322750615309
ar05_match,0.5,100,19,adaptive_cov_ess,0.8015959999999999,0.5390954773869346,70.35729281150778,77.97735831954533,0.5654131876249398,0.7459118120974031,1.0145322750615309
ar05_match,0.5,100,19,adaptive_nominal,0.809744,0.5505527638190955,70.35729281150778,77.97735831954533,0.5654131876249398,0.7459118120974031,1.0145322750615309
ar05_match,0.5,100,19,adaptive_joint_nominal,0.7973239999999999,0.5475376884422111,70.35729281150778,77.97735831954533,0.5654131876249398,0.7459118120974031,1.0145322750615309
ar05_match,0.5,100,20,shared_oas,0.7868520000000001,0.5469346733668342,75.83843267793596,80.93039457215605,0.5018465778982211,0.7636185318334414,0.9891751855539292
ar05_match,0.5,100,20,peer_nominal,0.791096,0.5447236180904522,75.83843267793596,80.93039457215605,0.5018465778982211,0.7636185318334414,0.9891751855539292
ar05_match,0.5,100,20,peer_shrunk_nominal,0.7827999999999999,0.544321608040201,75.83843267793596,80.93039457215605,0.5018465778982211,0.7636185318334414,0.9891751855539292
ar05_match,0.5,100,20,peer_cov_ess,0.790348,0.5439195979899497,75.83843267793596,80.93039457215605,0.5018465778982211,0.7636185318334414,0.9891751855539292
ar05_match,0.5,100,20,adaptive_cov_ess,0.793904,0.5477386934673367,75.83843267793596,80.93039457215605,0.5018465778982211,0.7636185318334414,0.9891751855539292
ar05_match,0.5,100,20,adaptive_nominal,0.793872,0.5461306532663317,75.83843267793596,80.93039457215605,0.5018465778982211,0.7636185318334414,0.9891751855539292
ar05_match,0.5,100,20,adaptive_joint_nominal,0.786984,0.5483417085427136,75.83843267793596,80.93039457215605,0.5018465778982211,0.7636185318334414,0.9891751855539292
ar05_match,0.5,100,21,shared_oas,0.892292,0.6112562814070351,71.6928794110566,77.02863222881138,0.5589630131748027,0.8132991010162383,0.9982596549960197
ar05_match,0.5,100,21,peer_nominal,0.8756999999999999,0.5967839195979899,71.6928794110566,77.02863222881138,0.5589630131748027,0.8132991010162383,0.9982596549960197
ar05_match,0.5,100,21,peer_shrunk_nominal,0.8821,0.6026130653266332,71.6928794110566,77.02863222881138,0.5589630131748027,0.8132991010162383,0.9982596549960197
ar05_match,0.5,100,21,peer_cov_ess,0.8707199999999999,0.5851256281407036,71.6928794110566,77.02863222881138,0.5589630131748027,0.8132991010162383,0.9982596549960197
ar05_match,0.5,100,21,adaptive_cov_ess,0.874636,0.5901507537688442,71.6928794110566,77.02863222881138,0.5589630131748027,0.8132991010162383,0.9982596549960197
ar05_match,0.5,100,21,adaptive_nominal,0.879056,0.5985929648241206,71.6928794110566,77.02863222881138,0.5589630131748027,0.8132991010162383,0.9982596549960197
ar05_match,0.5,100,21,adaptive_joint_nominal,0.8855360000000001,0.6084422110552764,71.6928794110566,77.02863222881138,0.5589630131748027,0.8132991010162383,0.9982596549960197
ar05_match,0.5,100,22,shared_oas,0.7638839999999999,0.5370854271356784,63.19992769608075,72.82861984802335,0.5566201397561428,0.715547392735226,1.0201004250019474
ar05_match,0.5,100,22,peer_nominal,0.7821039999999999,0.5403015075376885,63.19992769608075,72.82861984802335,0.5566201397561428,0.715547392735226,1.0201004250019474
ar05_match,0.5,100,22,peer_shrunk_nominal,0.773076,0.5386934673366834,63.19992769608075,72.82861984802335,0.5566201397561428,0.715547392735226,1.0201004250019474
ar05_match,0.5,100,22,peer_cov_ess,0.77948,0.5435175879396985,63.19992769608075,72.82861984802335,0.5566201397561428,0.715547392735226,1.0201004250019474
ar05_match,0.5,100,22,adaptive_cov_ess,0.783048,0.5441206030150754,63.19992769608075,72.82861984802335,0.5566201397561428,0.715547392735226,1.0201004250019474
ar05_match,0.5,100,22,adaptive_nominal,0.7846759999999999,0.5409045226130653,63.19992769608075,72.82861984802335,0.5566201397561428,0.715547392735226,1.0201004250019474
ar05_match,0.5,100,22,adaptive_joint_nominal,0.77692,0.541105527638191,63.19992769608075,72.82861984802335,0.5566201397561428,0.715547392735226,1.0201004250019474
ar05_match,0.5,100,23,shared_oas,0.813696,0.5557788944723618,69.4850207145715,77.72980407915574,0.6058403298771142,0.7457264996394283,1.009289576873961
ar05_match,0.5,100,23,peer_nominal,0.7859799999999999,0.5455276381909547,69.4850207145715,77.72980407915574,0.6058403298771142,0.7457264996394283,1.009289576873961
ar05_match,0.5,100,23,peer_shrunk_nominal,0.8158040000000001,0.5664321608040201,69.4850207145715,77.72980407915574,0.6058403298771142,0.7457264996394283,1.009289576873961
ar05_match,0.5,100,23,peer_cov_ess,0.7723039999999999,0.5330653266331659,69.4850207145715,77.72980407915574,0.6058403298771142,0.7457264996394283,1.009289576873961
ar05_match,0.5,100,23,adaptive_cov_ess,0.770676,0.531859296482412,69.4850207145715,77.72980407915574,0.6058403298771142,0.7457264996394283,1.009289576873961
ar05_match,0.5,100,23,adaptive_nominal,0.7847599999999999,0.545929648241206,69.4850207145715,77.72980407915574,0.6058403298771142,0.7457264996394283,1.009289576873961
ar05_match,0.5,100,23,adaptive_joint_nominal,0.8152999999999999,0.5642211055276382,69.4850207145715,77.72980407915574,0.6058403298771142,0.7457264996394283,1.009289576873961
ar05_match,0.5,100,24,shared_oas,0.8817280000000001,0.55678391959799,76.32484356893126,72.47015344264587,0.5976588918578634,0.7515257380873157,0.9952485161186595
ar05_match,0.5,100,24,peer_nominal,0.8641159999999999,0.5479396984924623,76.32484356893126,72.47015344264587,0.5976588918578634,0.7515257380873157,0.9952485161186595
ar05_match,0.5,100,24,peer_shrunk_nominal,0.878552,0.5553768844221105,76.32484356893126,72.47015344264587,0.5976588918578634,0.7515257380873157,0.9952485161186595
ar05_match,0.5,100,24,peer_cov_ess,0.8564719999999998,0.5423115577889447,76.32484356893126,72.47015344264587,0.5976588918578634,0.7515257380873157,0.9952485161186595
ar05_match,0.5,100,24,adaptive_cov_ess,0.8586400000000001,0.5419095477386935,76.32484356893126,72.47015344264587,0.5976588918578634,0.7515257380873157,0.9952485161186595
ar05_match,0.5,100,24,adaptive_nominal,0.8658920000000001,0.5473366834170854,76.32484356893126,72.47015344264587,0.5976588918578634,0.7515257380873157,0.9952485161186595
ar05_match,0.5,100,24,adaptive_joint_nominal,0.8804160000000001,0.5553768844221105,76.32484356893126,72.47015344264587,0.5976588918578634,0.7515257380873157,0.9952485161186595
ar05_match,0.5,100,25,shared_oas,0.822392,0.5300502512562814,64.3581328982613,68.936209124009,0.508372022527086,0.8159243050414686,0.9653923877691122
ar05_match,0.5,100,25,peer_nominal,0.790952,0.5242211055276382,64.3581328982613,68.936209124009,0.508372022527086,0.8159243050414686,0.9653923877691122
ar05_match,0.5,100,25,peer_shrunk_nominal,0.8056679999999999,0.5260301507537688,64.3581328982613,68.936209124009,0.508372022527086,0.8159243050414686,0.9653923877691122
ar05_match,0.5,100,25,peer_cov_ess,0.7945000000000001,0.5214070351758794,64.3581328982613,68.936209124009,0.508372022527086,0.8159243050414686,0.9653923877691122
ar05_match,0.5,100,25,adaptive_cov_ess,0.790976,0.5189949748743719,64.3581328982613,68.936209124009,0.508372022527086,0.8159243050414686,0.9653923877691122
ar05_match,0.5,100,25,adaptive_nominal,0.7891759999999999,0.5224120603015076,64.3581328982613,68.936209124009,0.508372022527086,0.8159243050414686,0.9653923877691122
ar05_match,0.5,100,25,adaptive_joint_nominal,0.803168,0.5240201005025126,64.3581328982613,68.936209124009,0.508372022527086,0.8159243050414686,0.9653923877691122
ar05_match,0.5,100,26,shared_oas,0.8254840000000001,0.5537688442211055,70.38291191831185,74.09656563136996,0.547343556295169,0.7419860811654807,1.0197601891983266
ar05_match,0.5,100,26,peer_nominal,0.8010440000000001,0.539497487437186,70.38291191831185,74.09656563136996,0.547343556295169,0.7419860811654807,1.0197601891983266
ar05_match,0.5,100,26,peer_shrunk_nominal,0.815796,0.5485427135678392,70.38291191831185,74.09656563136996,0.547343556295169,0.7419860811654807,1.0197601891983266
ar05_match,0.5,100,26,peer_cov_ess,0.795736,0.5332663316582914,70.38291191831185,74.09656563136996,0.547343556295169,0.7419860811654807,1.0197601891983266
ar05_match,0.5,100,26,adaptive_cov_ess,0.796252,0.5330653266331659,70.38291191831185,74.09656563136996,0.547343556295169,0.7419860811654807,1.0197601891983266
ar05_match,0.5,100,26,adaptive_nominal,0.8013839999999999,0.5403015075376885,70.38291191831185,74.09656563136996,0.547343556295169,0.7419860811654807,1.0197601891983266
ar05_match,0.5,100,26,adaptive_joint_nominal,0.8153119999999999,0.5499497487437186,70.38291191831185,74.09656563136996,0.547343556295169,0.7419860811654807,1.0197601891983266
ar05_match,0.5,100,27,shared_oas,0.8067479999999999,0.5467336683417086,72.79495699629648,73.8917385490555,0.5315433577229293,0.8297997256632605,0.9648323411291224
ar05_match,0.5,100,27,peer_nominal,0.82118,0.5417085427135678,72.79495699629648,73.8917385490555,0.5315433577229293,0.8297997256632605,0.9648323411291224
ar05_match,0.5,100,27,peer_shrunk_nominal,0.8185840000000001,0.5431155778894472,72.79495699629648,73.8917385490555,0.5315433577229293,0.8297997256632605,0.9648323411291224
ar05_match,0.5,100,27,peer_cov_ess,0.819168,0.5378894472361809,72.79495699629648,73.8917385490555,0.5315433577229293,0.8297997256632605,0.9648323411291224
ar05_match,0.5,100,27,adaptive_cov_ess,0.815952,0.5334673366834171,72.79495699629648,73.8917385490555,0.5315433577229293,0.8297997256632605,0.9648323411291224
ar05_match,0.5,100,27,adaptive_nominal,0.818388,0.5384924623115578,72.79495699629648,73.8917385490555,0.5315433577229293,0.8297997256632605,0.9648323411291224
ar05_match,0.5,100,27,adaptive_joint_nominal,0.815608,0.5401005025125628,72.79495699629648,73.8917385490555,0.5315433577229293,0.8297997256632605,0.9648323411291224
ar05_match,0.5,100,28,shared_oas,0.8537920000000001,0.5326633165829145,60.71679574374512,77.08344843257609,0.5420295363313582,0.7115855746371048,1.0253062088853544
ar05_match,0.5,100,28,peer_nominal,0.852044,0.549748743718593,60.71679574374512,77.08344843257609,0.5420295363313582,0.7115855746371048,1.0253062088853544
ar05_match,0.5,100,28,peer_shrunk_nominal,0.882172,0.5553768844221105,60.71679574374512,77.08344843257609,0.5420295363313582,0.7115855746371048,1.0253062088853544
ar05_match,0.5,100,28,peer_cov_ess,0.8420519999999999,0.5445226130653267,60.71679574374512,77.08344843257609,0.5420295363313582,0.7115855746371048,1.0253062088853544
ar05_match,0.5,100,28,adaptive_cov_ess,0.834972,0.5338693467336684,60.71679574374512,77.08344843257609,0.5420295363313582,0.7115855746371048,1.0253062088853544
ar05_match,0.5,100,28,adaptive_nominal,0.847264,0.5447236180904522,60.71679574374512,77.08344843257609,0.5420295363313582,0.7115855746371048,1.0253062088853544
ar05_match,0.5,100,28,adaptive_joint_nominal,0.8773,0.545929648241206,60.71679574374512,77.08344843257609,0.5420295363313582,0.7115855746371048,1.0253062088853544
ar05_match,0.5,100,29,shared_oas,0.8552079999999999,0.5477386934673367,67.7347098456044,82.13290022114381,0.5454035405912501,0.8027867918533529,1.0050291744569644
ar05_match,0.5,100,29,peer_nominal,0.8422639999999999,0.5417085427135678,67.7347098456044,82.13290022114381,0.5454035405912501,0.8027867918533529,1.0050291744569644
ar05_match,0.5,100,29,peer_shrunk_nominal,0.848788,0.5441206030150754,67.7347098456044,82.13290022114381,0.5454035405912501,0.8027867918533529,1.0050291744569644
ar05_match,0.5,100,29,peer_cov_ess,0.8393400000000001,0.5398994974874372,67.7347098456044,82.13290022114381,0.5454035405912501,0.8027867918533529,1.0050291744569644
ar05_match,0.5,100,29,adaptive_cov_ess,0.8388079999999999,0.540502512562814,67.7347098456044,82.13290022114381,0.5454035405912501,0.8027867918533529,1.0050291744569644
ar05_match,0.5,100,29,adaptive_nominal,0.8417439999999999,0.5449246231155779,67.7347098456044,82.13290022114381,0.5454035405912501,0.8027867918533529,1.0050291744569644
ar05_match,0.5,100,29,adaptive_joint_nominal,0.848456,0.545929648241206,67.7347098456044,82.13290022114381,0.5454035405912501,0.8027867918533529,1.0050291744569644
ar05_match,0.5,100,30,shared_oas,0.7721,0.5171859296482412,71.94445012209317,72.848996720153,0.5799099707472175,0.7828844706987409,0.9991875740276908
ar05_match,0.5,100,30,peer_nominal,0.7477199999999999,0.5083417085427135,71.94445012209317,72.848996720153,0.5799099707472175,0.7828844706987409,0.9991875740276908
ar05_match,0.5,100,30,peer_shrunk_nominal,0.765652,0.5117587939698492,71.94445012209317,72.848996720153,0.5799099707472175,0.7828844706987409,0.9991875740276908
ar05_match,0.5,100,30,peer_cov_ess,0.7519560000000001,0.5081407035175879,71.94445012209317,72.848996720153,0.5799099707472175,0.7828844706987409,0.9991875740276908
ar05_match,0.5,100,30,adaptive_cov_ess,0.7473920000000001,0.5081407035175879,71.94445012209317,72.848996720153,0.5799099707472175,0.7828844706987409,0.9991875740276908
ar05_match,0.5,100,30,adaptive_nominal,0.744508,0.5089447236180904,71.94445012209317,72.848996720153,0.5799099707472175,0.7828844706987409,0.9991875740276908
ar05_match,0.5,100,30,adaptive_joint_nominal,0.762024,0.5107537688442211,71.94445012209317,72.848996720153,0.5799099707472175,0.7828844706987409,0.9991875740276908
ar05_match,0.5,100,31,shared_oas,0.8036760000000001,0.5384924623115578,69.75787261331196,80.4763112935065,0.6197817915050142,0.8060093614526602,0.9947553748845264
ar05_match,0.5,100,31,peer_nominal,0.8163199999999999,0.5401005025125628,69.75787261331196,80.4763112935065,0.6197817915050142,0.8060093614526602,0.9947553748845264
ar05_match,0.5,100,31,peer_shrunk_nominal,0.810476,0.5346733668341709,69.75787261331196,80.4763112935065,0.6197817915050142,0.8060093614526602,0.9947553748845264
ar05_match,0.5,100,31,peer_cov_ess,0.810212,0.5360804020100502,69.75787261331196,80.4763112935065,0.6197817915050142,0.8060093614526602,0.9947553748845264
ar05_match,0.5,100,31,adaptive_cov_ess,0.810652,0.5342713567839196,69.75787261331196,80.4763112935065,0.6197817915050142,0.8060093614526602,0.9947553748845264
ar05_match,0.5,100,31,adaptive_nominal,0.8167679999999999,0.5382914572864321,69.75787261331196,80.4763112935065,0.6197817915050142,0.8060093614526602,0.9947553748845264
ar05_match,0.5,100,31,adaptive_joint_nominal,0.811348,0.5332663316582914,69.75787261331196,80.4763112935065,0.6197817915050142,0.8060093614526602,0.9947553748845264
ar05_match,0.5,100,32,shared_oas,0.842216,0.5640201005025125,68.46431003525664,77.33568834018516,0.5523357091541163,0.8108767315406243,0.9986563505353221
ar05_match,0.5,100,32,peer_nominal,0.871084,0.5833165829145729,68.46431003525664,77.33568834018516,0.5523357091541163,0.8108767315406243,0.9986563505353221
ar05_match,0.5,100,32,peer_shrunk_nominal,0.8642559999999999,0.5801005025125628,68.46431003525664,77.33568834018516,0.5523357091541163,0.8108767315406243,0.9986563505353221
ar05_match,0.5,100,32,peer_cov_ess,0.8663959999999999,0.5726633165829146,68.46431003525664,77.33568834018516,0.5523357091541163,0.8108767315406243,0.9986563505353221
ar05_match,0.5,100,32,adaptive_cov_ess,0.8656360000000001,0.574070351758794,68.46431003525664,77.33568834018516,0.5523357091541163,0.8108767315406243,0.9986563505353221
ar05_match,0.5,100,32,adaptive_nominal,0.870644,0.5827135678391959,68.46431003525664,77.33568834018516,0.5523357091541163,0.8108767315406243,0.9986563505353221
ar05_match,0.5,100,32,adaptive_joint_nominal,0.864124,0.5792964824120603,68.46431003525664,77.33568834018516,0.5523357091541163,0.8108767315406243,0.9986563505353221
ar05_match,0.5,100,33,shared_oas,0.830104,0.5495477386934673,64.24548351249379,64.62795055539651,0.5049844447841985,0.7532609510773609,1.0132100772221793
ar05_match,0.5,100,33,peer_nominal,0.8538640000000001,0.5509547738693468,64.24548351249379,64.62795055539651,0.5049844447841985,0.7532609510773609,1.0132100772221793
ar05_match,0.5,100,33,peer_shrunk_nominal,0.846652,0.554572864321608,64.24548351249379,64.62795055539651,0.5049844447841985,0.7532609510773609,1.0132100772221793
ar05_match,0.5,100,33,peer_cov_ess,0.844804,0.5413065326633166,64.24548351249379,64.62795055539651,0.5049844447841985,0.7532609510773609,1.0132100772221793
ar05_match,0.5,100,33,adaptive_cov_ess,0.843008,0.5378894472361809,64.24548351249379,64.62795055539651,0.5049844447841985,0.7532609510773609,1.0132100772221793
ar05_match,0.5,100,33,adaptive_nominal,0.8526199999999999,0.5505527638190955,64.24548351249379,64.62795055539651,0.5049844447841985,0.7532609510773609,1.0132100772221793
ar05_match,0.5,100,33,adaptive_joint_nominal,0.845604,0.5525628140703518,64.24548351249379,64.62795055539651,0.5049844447841985,0.7532609510773609,1.0132100772221793
ar05_match,0.5,100,34,shared_oas,0.89138,0.6008040201005025,71.48487648462232,73.59480530347065,0.5543538653829576,0.6791114957337043,1.0110041411788813
ar05_match,0.5,100,34,peer_nominal,0.895012,0.5917587939698492,71.48487648462232,73.59480530347065,0.5543538653829576,0.6791114957337043,1.0110041411788813
ar05_match,0.5,100,34,peer_shrunk_nominal,0.8927799999999999,0.5829145728643216,71.48487648462232,73.59480530347065,0.5543538653829576,0.6791114957337043,1.0110041411788813
ar05_match,0.5,100,34,peer_cov_ess,0.891688,0.5883417085427136,71.48487648462232,73.59480530347065,0.5543538653829576,0.6791114957337043,1.0110041411788813
ar05_match,0.5,100,34,adaptive_cov_ess,0.892992,0.5905527638190955,71.48487648462232,73.59480530347065,0.5543538653829576,0.6791114957337043,1.0110041411788813
ar05_match,0.5,100,34,adaptive_nominal,0.8958999999999999,0.591356783919598,71.48487648462232,73.59480530347065,0.5543538653829576,0.6791114957337043,1.0110041411788813
ar05_match,0.5,100,34,adaptive_joint_nominal,0.8939360000000001,0.5827135678391959,71.48487648462232,73.59480530347065,0.5543538653829576,0.6791114957337043,1.0110041411788813
ar05_match,0.5,100,35,shared_oas,0.905936,0.6454271356783919,74.22700482829943,74.62185110732023,0.5122682816607776,0.7943680841138834,0.9867690900789887
ar05_match,0.5,100,35,peer_nominal,0.896148,0.5549748743718593,74.22700482829943,74.62185110732023,0.5122682816607776,0.7943680841138834,0.9867690900789887
ar05_match,0.5,100,35,peer_shrunk_nominal,0.899068,0.5987939698492462,74.22700482829943,74.62185110732023,0.5122682816607776,0.7943680841138834,0.9867690900789887
ar05_match,0.5,100,35,peer_cov_ess,0.889756,0.5549748743718593,74.22700482829943,74.62185110732023,0.5122682816607776,0.7943680841138834,0.9867690900789887
ar05_match,0.5,100,35,adaptive_cov_ess,0.884296,0.5469346733668342,74.22700482829943,74.62185110732023,0.5122682816607776,0.7943680841138834,0.9867690900789887
ar05_match,0.5,100,35,adaptive_nominal,0.891844,0.5473366834170854,74.22700482829943,74.62185110732023,0.5122682816607776,0.7943680841138834,0.9867690900789887
ar05_match,0.5,100,35,adaptive_joint_nominal,0.894648,0.5873366834170854,74.22700482829943,74.62185110732023,0.5122682816607776,0.7943680841138834,0.9867690900789887
ar05_match,0.5,100,36,shared_oas,0.790344,0.5386934673366834,75.34180905424796,84.09347527492288,0.532717349081006,0.7672871336090504,1.0102145717581907
ar05_match,0.5,100,36,peer_nominal,0.846828,0.5626130653266331,75.34180905424796,84.09347527492288,0.532717349081006,0.7672871336090504,1.0102145717581907
ar05_match,0.5,100,36,peer_shrunk_nominal,0.824468,0.5523618090452261,75.34180905424796,84.09347527492288,0.532717349081006,0.7672871336090504,1.0102145717581907
ar05_match,0.5,100,36,peer_cov_ess,0.844244,0.5549748743718593,75.34180905424796,84.09347527492288,0.532717349081006,0.7672871336090504,1.0102145717581907
ar05_match,0.5,100,36,adaptive_cov_ess,0.8430439999999999,0.5539698492462312,75.34180905424796,84.09347527492288,0.532717349081006,0.7672871336090504,1.0102145717581907
ar05_match,0.5,100,36,adaptive_nominal,0.8452519999999999,0.5612060301507538,75.34180905424796,84.09347527492288,0.532717349081006,0.7672871336090504,1.0102145717581907
ar05_match,0.5,100,36,adaptive_joint_nominal,0.8232759999999999,0.5507537688442211,75.34180905424796,84.09347527492288,0.532717349081006,0.7672871336090504,1.0102145717581907
ar05_match,0.5,100,37,shared_oas,0.880988,0.5674371859296482,61.85202172401734,64.15123900239817,0.5828964865506029,0.7552610068822647,1.0186804702719985
ar05_match,0.5,100,37,peer_nominal,0.893164,0.5827135678391959,61.85202172401734,64.15123900239817,0.5828964865506029,0.7552610068822647,1.0186804702719985
ar05_match,0.5,100,37,peer_shrunk_nominal,0.8681519999999998,0.5610050251256281,61.85202172401734,64.15123900239817,0.5828964865506029,0.7552610068822647,1.0186804702719985
ar05_match,0.5,100,37,peer_cov_ess,0.875968,0.575678391959799,61.85202172401734,64.15123900239817,0.5828964865506029,0.7552610068822647,1.0186804702719985
ar05_match,0.5,100,37,adaptive_cov_ess,0.8738319999999999,0.5732663316582914,61.85202172401734,64.15123900239817,0.5828964865506029,0.7552610068822647,1.0186804702719985
ar05_match,0.5,100,37,adaptive_nominal,0.8912360000000001,0.5794974874371859,61.85202172401734,64.15123900239817,0.5828964865506029,0.7552610068822647,1.0186804702719985
ar05_match,0.5,100,37,adaptive_joint_nominal,0.8668959999999999,0.5579899497487437,61.85202172401734,64.15123900239817,0.5828964865506029,0.7552610068822647,1.0186804702719985
ar05_match,0.5,100,38,shared_oas,0.77416,0.5314572864321608,64.21783083906573,75.48027548850226,0.518995516715594,0.7447700822613805,1.0020713680259632
ar05_match,0.5,100,38,peer_nominal,0.75912,0.5298492462311558,64.21783083906573,75.48027548850226,0.518995516715594,0.7447700822613805,1.0020713680259632
ar05_match,0.5,100,38,peer_shrunk_nominal,0.7728280000000001,0.5324623115577889,64.21783083906573,75.48027548850226,0.518995516715594,0.7447700822613805,1.0020713680259632
ar05_match,0.5,100,38,peer_cov_ess,0.7536200000000001,0.528643216080402,64.21783083906573,75.48027548850226,0.518995516715594,0.7447700822613805,1.0020713680259632
ar05_match,0.5,100,38,adaptive_cov_ess,0.750124,0.5238190954773869,64.21783083906573,75.48027548850226,0.518995516715594,0.7447700822613805,1.0020713680259632
ar05_match,0.5,100,38,adaptive_nominal,0.755692,0.5252261306532663,64.21783083906573,75.48027548850226,0.518995516715594,0.7447700822613805,1.0020713680259632
ar05_match,0.5,100,38,adaptive_joint_nominal,0.7676959999999999,0.5268341708542713,64.21783083906573,75.48027548850226,0.518995516715594,0.7447700822613805,1.0020713680259632
ar05_match,0.5,100,39,shared_oas,0.747964,0.5155778894472361,71.20328547083552,80.41116577777365,0.5692485499677982,0.7417601199234707,0.996781940461797
ar05_match,0.5,100,39,peer_nominal,0.774912,0.5189949748743719,71.20328547083552,80.41116577777365,0.5692485499677982,0.7417601199234707,0.996781940461797
ar05_match,0.5,100,39,peer_shrunk_nominal,0.773668,0.5193969849246232,71.20328547083552,80.41116577777365,0.5692485499677982,0.7417601199234707,0.996781940461797
ar05_match,0.5,100,39,peer_cov_ess,0.77254,0.5177889447236181,71.20328547083552,80.41116577777365,0.5692485499677982,0.7417601199234707,0.996781940461797
ar05_match,0.5,100,39,adaptive_cov_ess,0.7713879999999999,0.5173869346733668,71.20328547083552,80.41116577777365,0.5692485499677982,0.7417601199234707,0.996781940461797
ar05_match,0.5,100,39,adaptive_nominal,0.7740799999999999,0.5175879396984925,71.20328547083552,80.41116577777365,0.5692485499677982,0.7417601199234707,0.996781940461797
ar05_match,0.5,100,39,adaptive_joint_nominal,0.7726080000000002,0.5175879396984925,71.20328547083552,80.41116577777365,0.5692485499677982,0.7417601199234707,0.996781940461797
ar05_match,0.5,300,0,shared_oas,0.8550120000000001,0.6235175879396985,204.9620377203433,212.98273819311433,0.7791096439373038,0.8898390056353345,0.9881437815929195
ar05_match,0.5,300,0,peer_nominal,0.848316,0.5995979899497488,204.9620377203433,212.98273819311433,0.7791096439373038,0.8898390056353345,0.9881437815929195
ar05_match,0.5,300,0,peer_shrunk_nominal,0.838928,0.6012060301507538,204.9620377203433,212.98273819311433,0.7791096439373038,0.8898390056353345,0.9881437815929195
ar05_match,0.5,300,0,peer_cov_ess,0.84372,0.5915577889447237,204.9620377203433,212.98273819311433,0.7791096439373038,0.8898390056353345,0.9881437815929195
ar05_match,0.5,300,0,adaptive_cov_ess,0.83948,0.5857286432160804,204.9620377203433,212.98273819311433,0.7791096439373038,0.8898390056353345,0.9881437815929195
ar05_match,0.5,300,0,adaptive_nominal,0.844868,0.5961809045226131,204.9620377203433,212.98273819311433,0.7791096439373038,0.8898390056353345,0.9881437815929195
ar05_match,0.5,300,0,adaptive_joint_nominal,0.835652,0.5941708542713567,204.9620377203433,212.98273819311433,0.7791096439373038,0.8898390056353345,0.9881437815929195
ar05_match,0.5,300,1,shared_oas,0.841696,0.584321608040201,198.57466919958316,199.68966447804138,0.7505229948402681,0.8999177374019497,0.9879618925680229
ar05_match,0.5,300,1,peer_nominal,0.842312,0.5853266331658291,198.57466919958316,199.68966447804138,0.7505229948402681,0.8999177374019497,0.9879618925680229
ar05_match,0.5,300,1,peer_shrunk_nominal,0.8419439999999999,0.5885427135678392,198.57466919958316,199.68966447804138,0.7505229948402681,0.8999177374019497,0.9879618925680229
ar05_match,0.5,300,1,peer_cov_ess,0.8378639999999999,0.5784924623115578,198.57466919958316,199.68966447804138,0.7505229948402681,0.8999177374019497,0.9879618925680229
ar05_match,0.5,300,1,adaptive_cov_ess,0.836348,0.5770854271356785,198.57466919958316,199.68966447804138,0.7505229948402681,0.8999177374019497,0.9879618925680229
ar05_match,0.5,300,1,adaptive_nominal,0.8411639999999999,0.5841206030150754,198.57466919958316,199.68966447804138,0.7505229948402681,0.8999177374019497,0.9879618925680229
ar05_match,0.5,300,1,adaptive_joint_nominal,0.8409359999999999,0.5867336683417086,198.57466919958316,199.68966447804138,0.7505229948402681,0.8999177374019497,0.9879618925680229
ar05_match,0.5,300,2,shared_oas,0.917368,0.6697487437185929,200.61727363597632,214.69482185274214,0.7998404426502141,0.9146443864486185,0.9763428216350499
ar05_match,0.5,300,2,peer_nominal,0.9169320000000001,0.6663316582914572,200.61727363597632,214.69482185274214,0.7998404426502141,0.9146443864486185,0.9763428216350499
ar05_match,0.5,300,2,peer_shrunk_nominal,0.917448,0.6691457286432161,200.61727363597632,214.69482185274214,0.7998404426502141,0.9146443864486185,0.9763428216350499
ar05_match,0.5,300,2,peer_cov_ess,0.9112,0.6536683417085427,200.61727363597632,214.69482185274214,0.7998404426502141,0.9146443864486185,0.9763428216350499
ar05_match,0.5,300,2,adaptive_cov_ess,0.911376,0.6538693467336684,200.61727363597632,214.69482185274214,0.7998404426502141,0.9146443864486185,0.9763428216350499
ar05_match,0.5,300,2,adaptive_nominal,0.916996,0.6677386934673367,200.61727363597632,214.69482185274214,0.7998404426502141,0.9146443864486185,0.9763428216350499
ar05_match,0.5,300,2,adaptive_joint_nominal,0.917664,0.6695477386934673,200.61727363597632,214.69482185274214,0.7998404426502141,0.9146443864486185,0.9763428216350499
ar05_match,0.5,300,3,shared_oas,0.9196,0.6586934673366834,193.52212265136268,208.8363384146324,0.7703366637059167,0.9309924358456843,1.0126823002369743
ar05_match,0.5,300,3,peer_nominal,0.913444,0.6428140703517587,193.52212265136268,208.8363384146324,0.7703366637059167,0.9309924358456843,1.0126823002369743
ar05_match,0.5,300,3,peer_shrunk_nominal,0.914536,0.6460301507537689,193.52212265136268,208.8363384146324,0.7703366637059167,0.9309924358456843,1.0126823002369743
ar05_match,0.5,300,3,peer_cov_ess,0.9075519999999999,0.6355778894472361,193.52212265136268,208.8363384146324,0.7703366637059167,0.9309924358456843,1.0126823002369743
ar05_match,0.5,300,3,adaptive_cov_ess,0.904328,0.6313567839195979,193.52212265136268,208.8363384146324,0.7703366637059167,0.9309924358456843,1.0126823002369743
ar05_match,0.5,300,3,adaptive_nominal,0.911356,0.6385929648241206,193.52212265136268,208.8363384146324,0.7703366637059167,0.9309924358456843,1.0126823002369743
ar05_match,0.5,300,3,adaptive_joint_nominal,0.912196,0.6397989949748744,193.52212265136268,208.8363384146324,0.7703366637059167,0.9309924358456843,1.0126823002369743
ar05_match,0.5,300,4,shared_oas,0.90644,0.6673366834170854,196.3099338500512,208.9120824296195,0.7436521647063421,0.8945474067529116,1.0050432442949628
ar05_match,0.5,300,4,peer_nominal,0.900776,0.6391959798994975,196.3099338500512,208.9120824296195,0.7436521647063421,0.8945474067529116,1.0050432442949628
ar05_match,0.5,300,4,peer_shrunk_nominal,0.9007400000000001,0.6432160804020101,196.3099338500512,208.9120824296195,0.7436521647063421,0.8945474067529116,1.0050432442949628
ar05_match,0.5,300,4,peer_cov_ess,0.895428,0.6283417085427135,196.3099338500512,208.9120824296195,0.7436521647063421,0.8945474067529116,1.0050432442949628
ar05_match,0.5,300,4,adaptive_cov_ess,0.8958039999999998,0.6267336683417085,196.3099338500512,208.9120824296195,0.7436521647063421,0.8945474067529116,1.0050432442949628
ar05_match,0.5,300,4,adaptive_nominal,0.9010999999999999,0.637788944723618,196.3099338500512,208.9120824296195,0.7436521647063421,0.8945474067529116,1.0050432442949628
ar05_match,0.5,300,4,adaptive_joint_nominal,0.9010480000000001,0.6402010050251257,196.3099338500512,208.9120824296195,0.7436521647063421,0.8945474067529116,1.0050432442949628
ar05_match,0.5,300,5,shared_oas,0.8264199999999999,0.5348743718592965,201.05574831818066,193.95119178783742,0.7555587878290597,0.8779216437628565,1.0167893438910418
ar05_match,0.5,300,5,peer_nominal,0.817072,0.527035175879397,201.05574831818066,193.95119178783742,0.7555587878290597,0.8779216437628565,1.0167893438910418
ar05_match,0.5,300,5,peer_shrunk_nominal,0.820156,0.530251256281407,201.05574831818066,193.95119178783742,0.7555587878290597,0.8779216437628565,1.0167893438910418
ar05_match,0.5,300,5,peer_cov_ess,0.8140719999999999,0.5254271356783919,201.05574831818066,193.95119178783742,0.7555587878290597,0.8779216437628565,1.0167893438910418
ar05_match,0.5,300,5,adaptive_cov_ess,0.8117399999999999,0.5244221105527638,201.05574831818066,193.95119178783742,0.7555587878290597,0.8779216437628565,1.0167893438910418
ar05_match,0.5,300,5,adaptive_nominal,0.8153880000000001,0.5274371859296483,201.05574831818066,193.95119178783742,0.7555587878290597,0.8779216437628565,1.0167893438910418
ar05_match,0.5,300,5,adaptive_joint_nominal,0.818304,0.5294472361809045,201.05574831818066,193.95119178783742,0.7555587878290597,0.8779216437628565,1.0167893438910418
ar05_match,0.5,300,6,shared_oas,0.856168,0.5644221105527638,191.59176025764762,196.66567146926724,0.7848382333357815,0.8881271821612622,0.9984551143019782
ar05_match,0.5,300,6,peer_nominal,0.8502719999999999,0.5563819095477387,191.59176025764762,196.66567146926724,0.7848382333357815,0.8881271821612622,0.9984551143019782
ar05_match,0.5,300,6,peer_shrunk_nominal,0.8518399999999999,0.5644221105527638,191.59176025764762,196.66567146926724,0.7848382333357815,0.8881271821612622,0.9984551143019782
ar05_match,0.5,300,6,peer_cov_ess,0.849616,0.5573869346733669,191.59176025764762,196.66567146926724,0.7848382333357815,0.8881271821612622,0.9984551143019782
ar05_match,0.5,300,6,adaptive_cov_ess,0.845808,0.5555778894472362,191.59176025764762,196.66567146926724,0.7848382333357815,0.8881271821612622,0.9984551143019782
ar05_match,0.5,300,6,adaptive_nominal,0.8475839999999999,0.5547738693467337,191.59176025764762,196.66567146926724,0.7848382333357815,0.8881271821612622,0.9984551143019782
ar05_match,0.5,300,6,adaptive_joint_nominal,0.8489839999999998,0.5620100502512563,191.59176025764762,196.66567146926724,0.7848382333357815,0.8881271821612622,0.9984551143019782
ar05_match,0.5,300,7,shared_oas,0.876872,0.594572864321608,198.66248532127992,234.1888688387045,0.7824459054190558,0.9079355902872661,0.9886066338547846
ar05_match,0.5,300,7,peer_nominal,0.9004319999999999,0.636180904522613,198.66248532127992,234.1888688387045,0.7824459054190558,0.9079355902872661,0.9886066338547846
ar05_match,0.5,300,7,peer_shrunk_nominal,0.897204,0.6293467336683417,198.66248532127992,234.1888688387045,0.7824459054190558,0.9079355902872661,0.9886066338547846
ar05_match,0.5,300,7,peer_cov_ess,0.895728,0.6231155778894473,198.66248532127992,234.1888688387045,0.7824459054190558,0.9079355902872661,0.9886066338547846
ar05_match,0.5,300,7,adaptive_cov_ess,0.8976799999999999,0.6271356783919598,198.66248532127992,234.1888688387045,0.7824459054190558,0.9079355902872661,0.9886066338547846
ar05_match,0.5,300,7,adaptive_nominal,0.9017719999999999,0.639396984924623,198.66248532127992,234.1888688387045,0.7824459054190558,0.9079355902872661,0.9886066338547846
ar05_match,0.5,300,7,adaptive_joint_nominal,0.898432,0.6321608040201006,198.66248532127992,234.1888688387045,0.7824459054190558,0.9079355902872661,0.9886066338547846
ar05_match,0.5,300,8,shared_oas,0.810236,0.5519597989949748,198.53939949015498,188.052605000701,0.7621559480605391,0.9073921286512461,1.0024724034080132
ar05_match,0.5,300,8,peer_nominal,0.818624,0.554572864321608,198.53939949015498,188.052605000701,0.7621559480605391,0.9073921286512461,1.0024724034080132
ar05_match,0.5,300,8,peer_shrunk_nominal,0.8171959999999999,0.5543718592964824,198.53939949015498,188.052605000701,0.7621559480605391,0.9073921286512461,1.0024724034080132
ar05_match,0.5,300,8,peer_cov_ess,0.817944,0.5511557788944723,198.53939949015498,188.052605000701,0.7621559480605391,0.9073921286512461,1.0024724034080132
ar05_match,0.5,300,8,adaptive_cov_ess,0.8155880000000001,0.5495477386934673,198.53939949015498,188.052605000701,0.7621559480605391,0.9073921286512461,1.0024724034080132
ar05_match,0.5,300,8,adaptive_nominal,0.817108,0.5535678391959798,198.53939949015498,188.052605000701,0.7621559480605391,0.9073921286512461,1.0024724034080132
ar05_match,0.5,300,8,adaptive_joint_nominal,0.815744,0.5533668341708543,198.53939949015498,188.052605000701,0.7621559480605391,0.9073921286512461,1.0024724034080132
ar05_match,0.5,300,9,shared_oas,0.92466,0.6625125628140703,197.55665642499463,232.78433145569113,0.8125899859400693,0.8849045650454269,0.9966139056720706
ar05_match,0.5,300,9,peer_nominal,0.918736,0.6500502512562814,197.55665642499463,232.78433145569113,0.8125899859400693,0.8849045650454269,0.9966139056720706
ar05_match,0.5,300,9,peer_shrunk_nominal,0.923568,0.6578894472361809,197.55665642499463,232.78433145569113,0.8125899859400693,0.8849045650454269,0.9966139056720706
ar05_match,0.5,300,9,peer_cov_ess,0.911824,0.636180904522613,197.55665642499463,232.78433145569113,0.8125899859400693,0.8849045650454269,0.9966139056720706
ar05_match,0.5,300,9,adaptive_cov_ess,0.912012,0.6379899497487437,197.55665642499463,232.78433145569113,0.8125899859400693,0.8849045650454269,0.9966139056720706
ar05_match,0.5,300,9,adaptive_nominal,0.9188120000000001,0.6514572864321608,197.55665642499463,232.78433145569113,0.8125899859400693,0.8849045650454269,0.9966139056720706
ar05_match,0.5,300,9,adaptive_joint_nominal,0.923672,0.6588944723618091,197.55665642499463,232.78433145569113,0.8125899859400693,0.8849045650454269,0.9966139056720706
ar05_match,0.5,300,10,shared_oas,0.871484,0.5959798994974874,191.04194013481242,211.78689961994462,0.746829880025887,0.9034072962826185,0.979866579825402
ar05_match,0.5,300,10,peer_nominal,0.857828,0.5985929648241206,191.04194013481242,211.78689961994462,0.746829880025887,0.9034072962826185,0.979866579825402
ar05_match,0.5,300,10,peer_shrunk_nominal,0.860552,0.603819095477387,191.04194013481242,211.78689961994462,0.746829880025887,0.9034072962826185,0.979866579825402
ar05_match,0.5,300,10,peer_cov_ess,0.8543160000000001,0.5943718592964824,191.04194013481242,211.78689961994462,0.746829880025887,0.9034072962826185,0.979866579825402
ar05_match,0.5,300,10,adaptive_cov_ess,0.8563320000000001,0.5989949748743718,191.04194013481242,211.78689961994462,0.746829880025887,0.9034072962826185,0.979866579825402
ar05_match,0.5,300,10,adaptive_nominal,0.8587720000000001,0.6014070351758793,191.04194013481242,211.78689961994462,0.746829880025887,0.9034072962826185,0.979866579825402
ar05_match,0.5,300,10,adaptive_joint_nominal,0.86172,0.6062311557788944,191.04194013481242,211.78689961994462,0.746829880025887,0.9034072962826185,0.979866579825402
ar05_match,0.5,300,11,shared_oas,0.893092,0.6669346733668342,194.28762776042535,204.7878666861216,0.8120758627704898,0.9019199168883145,0.9950429880597137
ar05_match,0.5,300,11,peer_nominal,0.883592,0.6438190954773869,194.28762776042535,204.7878666861216,0.8120758627704898,0.9019199168883145,0.9950429880597137
ar05_match,0.5,300,11,peer_shrunk_nominal,0.882228,0.6452261306532663,194.28762776042535,204.7878666861216,0.8120758627704898,0.9019199168883145,0.9950429880597137
ar05_match,0.5,300,11,peer_cov_ess,0.877012,0.637788944723618,194.28762776042535,204.7878666861216,0.8120758627704898,0.9019199168883145,0.9950429880597137
ar05_match,0.5,300,11,adaptive_cov_ess,0.8775799999999999,0.6367839195979899,194.28762776042535,204.7878666861216,0.8120758627704898,0.9019199168883145,0.9950429880597137
ar05_match,0.5,300,11,adaptive_nominal,0.8838999999999999,0.6438190954773869,194.28762776042535,204.7878666861216,0.8120758627704898,0.9019199168883145,0.9950429880597137
ar05_match,0.5,300,11,adaptive_joint_nominal,0.8826080000000001,0.6464321608040201,194.28762776042535,204.7878666861216,0.8120758627704898,0.9019199168883145,0.9950429880597137
ar05_match,0.5,300,12,shared_oas,0.827096,0.5650251256281407,198.45091230617945,197.03245684940535,0.7832611905356122,0.9180919957397171,0.9819889440710334
ar05_match,0.5,300,12,peer_nominal,0.8670800000000001,0.5668341708542713,198.45091230617945,197.03245684940535,0.7832611905356122,0.9180919957397171,0.9819889440710334
ar05_match,0.5,300,12,peer_shrunk_nominal,0.860708,0.5668341708542713,198.45091230617945,197.03245684940535,0.7832611905356122,0.9180919957397171,0.9819889440710334
ar05_match,0.5,300,12,peer_cov_ess,0.861264,0.5539698492462312,198.45091230617945,197.03245684940535,0.7832611905356122,0.9180919957397171,0.9819889440710334
ar05_match,0.5,300,12,adaptive_cov_ess,0.858012,0.5495477386934673,198.45091230617945,197.03245684940535,0.7832611905356122,0.9180919957397171,0.9819889440710334
ar05_match,0.5,300,12,adaptive_nominal,0.864708,0.5644221105527638,198.45091230617945,197.03245684940535,0.7832611905356122,0.9180919957397171,0.9819889440710334
ar05_match,0.5,300,12,adaptive_joint_nominal,0.8581959999999998,0.5624120603015076,198.45091230617945,197.03245684940535,0.7832611905356122,0.9180919957397171,0.9819889440710334
ar05_match,0.5,300,13,shared_oas,0.8292799999999999,0.584321608040201,203.80619381760727,220.7350590800284,0.7688511207199906,0.8979532974732009,1.0001389160973755
ar05_match,0.5,300,13,peer_nominal,0.8142880000000001,0.5714572864321608,203.80619381760727,220.7350590800284,0.7688511207199906,0.8979532974732009,1.0001389160973755
ar05_match,0.5,300,13,peer_shrunk_nominal,0.8251760000000001,0.575678391959799,203.80619381760727,220.7350590800284,0.7688511207199906,0.8979532974732009,1.0001389160973755
ar05_match,0.5,300,13,peer_cov_ess,0.8126999999999999,0.5708542713567839,203.80619381760727,220.7350590800284,0.7688511207199906,0.8979532974732009,1.0001389160973755
ar05_match,0.5,300,13,adaptive_cov_ess,0.8115160000000001,0.5690452261306532,203.80619381760727,220.7350590800284,0.7688511207199906,0.8979532974732009,1.0001389160973755
ar05_match,0.5,300,13,adaptive_nominal,0.8136800000000001,0.5706532663316582,203.80619381760727,220.7350590800284,0.7688511207199906,0.8979532974732009,1.0001389160973755
ar05_match,0.5,300,13,adaptive_joint_nominal,0.824144,0.5746733668341708,203.80619381760727,220.7350590800284,0.7688511207199906,0.8979532974732009,1.0001389160973755
ar05_match,0.5,300,14,shared_oas,0.8842760000000001,0.6647236180904522,203.46208290465935,201.87854117775777,0.8138301692018876,0.8834233601565952,0.9894737720377411
ar05_match,0.5,300,14,peer_nominal,0.8764,0.6623115577889447,203.46208290465935,201.87854117775777,0.8138301692018876,0.8834233601565952,0.9894737720377411
ar05_match,0.5,300,14,peer_shrunk_nominal,0.8817079999999999,0.6679396984924623,203.46208290465935,201.87854117775777,0.8138301692018876,0.8834233601565952,0.9894737720377411
ar05_match,0.5,300,14,peer_cov_ess,0.8728639999999999,0.6590954773869346,203.46208290465935,201.87854117775777,0.8138301692018876,0.8834233601565952,0.9894737720377411
ar05_match,0.5,300,14,adaptive_cov_ess,0.8722080000000001,0.6596984924623115,203.46208290465935,201.87854117775777,0.8138301692018876,0.8834233601565952,0.9894737720377411
ar05_match,0.5,300,14,adaptive_nominal,0.8758640000000001,0.6623115577889447,203.46208290465935,201.87854117775777,0.8138301692018876,0.8834233601565952,0.9894737720377411
ar05_match,0.5,300,14,adaptive_joint_nominal,0.8813000000000001,0.6683417085427135,203.46208290465935,201.87854117775777,0.8138301692018876,0.8834233601565952,0.9894737720377411
ar05_match,0.5,300,15,shared_oas,0.8547879999999999,0.6205025125628141,200.72481199327635,192.4020985234469,0.742128657859512,0.8840783619065793,1.0079956268300163
ar05_match,0.5,300,15,peer_nominal,0.83352,0.5865326633165829,200.72481199327635,192.4020985234469,0.742128657859512,0.8840783619065793,1.0079956268300163
ar05_match,0.5,300,15,peer_shrunk_nominal,0.844252,0.6136683417085427,200.72481199327635,192.4020985234469,0.742128657859512,0.8840783619065793,1.0079956268300163
ar05_match,0.5,300,15,peer_cov_ess,0.827048,0.5847236180904523,200.72481199327635,192.4020985234469,0.742128657859512,0.8840783619065793,1.0079956268300163
ar05_match,0.5,300,15,adaptive_cov_ess,0.8283399999999999,0.5863316582914573,200.72481199327635,192.4020985234469,0.742128657859512,0.8840783619065793,1.0079956268300163
ar05_match,0.5,300,15,adaptive_nominal,0.83436,0.588140703517588,200.72481199327635,192.4020985234469,0.742128657859512,0.8840783619065793,1.0079956268300163
ar05_match,0.5,300,15,adaptive_joint_nominal,0.845192,0.6132663316582915,200.72481199327635,192.4020985234469,0.742128657859512,0.8840783619065793,1.0079956268300163
ar05_match,0.5,300,16,shared_oas,0.8266,0.5710552763819096,202.9851238280425,224.58234560634492,0.7994470782445773,0.8941274483927306,0.9746447764087546
ar05_match,0.5,300,16,peer_nominal,0.8279999999999998,0.5807035175879397,202.9851238280425,224.58234560634492,0.7994470782445773,0.8941274483927306,0.9746447764087546
ar05_match,0.5,300,16,peer_shrunk_nominal,0.8305239999999998,0.5809045226130654,202.9851238280425,224.58234560634492,0.7994470782445773,0.8941274483927306,0.9746447764087546
ar05_match,0.5,300,16,peer_cov_ess,0.824036,0.5760804020100503,202.9851238280425,224.58234560634492,0.7994470782445773,0.8941274483927306,0.9746447764087546
ar05_match,0.5,300,16,adaptive_cov_ess,0.824352,0.5768844221105528,202.9851238280425,224.58234560634492,0.7994470782445773,0.8941274483927306,0.9746447764087546
ar05_match,0.5,300,16,adaptive_nominal,0.8279719999999999,0.5815075376884422,202.9851238280425,224.58234560634492,0.7994470782445773,0.8941274483927306,0.9746447764087546
ar05_match,0.5,300,16,adaptive_joint_nominal,0.830568,0.5815075376884422,202.9851238280425,224.58234560634492,0.7994470782445773,0.8941274483927306,0.9746447764087546
ar05_match,0.5,300,17,shared_oas,0.81958,0.5792964824120603,198.17485445736048,212.87486578065733,0.8327469497403541,0.9217278775161415,1.0072949171918801
ar05_match,0.5,300,17,peer_nominal,0.8126360000000001,0.5662311557788945,198.17485445736048,212.87486578065733,0.8327469497403541,0.9217278775161415,1.0072949171918801
ar05_match,0.5,300,17,peer_shrunk_nominal,0.8143639999999999,0.5692462311557789,198.17485445736048,212.87486578065733,0.8327469497403541,0.9217278775161415,1.0072949171918801
ar05_match,0.5,300,17,peer_cov_ess,0.813284,0.5700502512562814,198.17485445736048,212.87486578065733,0.8327469497403541,0.9217278775161415,1.0072949171918801
ar05_match,0.5,300,17,adaptive_cov_ess,0.812608,0.5712562814070352,198.17485445736048,212.87486578065733,0.8327469497403541,0.9217278775161415,1.0072949171918801
ar05_match,0.5,300,17,adaptive_nominal,0.812148,0.5668341708542713,198.17485445736048,212.87486578065733,0.8327469497403541,0.9217278775161415,1.0072949171918801
ar05_match,0.5,300,17,adaptive_joint_nominal,0.8141480000000001,0.5704522613065327,198.17485445736048,212.87486578065733,0.8327469497403541,0.9217278775161415,1.0072949171918801
ar05_match,0.5,300,18,shared_oas,0.903664,0.6574874371859296,200.85870017164845,192.85647425655642,0.6976808906285357,0.8912969322974063,0.9974311690674642
ar05_match,0.5,300,18,peer_nominal,0.8899999999999999,0.6375879396984925,200.85870017164845,192.85647425655642,0.6976808906285357,0.8912969322974063,0.9974311690674642
ar05_match,0.5,300,18,peer_shrunk_nominal,0.900252,0.6460301507537689,200.85870017164845,192.85647425655642,0.6976808906285357,0.8912969322974063,0.9974311690674642
ar05_match,0.5,300,18,peer_cov_ess,0.88644,0.6404020100502512,200.85870017164845,192.85647425655642,0.6976808906285357,0.8912969322974063,0.9974311690674642
ar05_match,0.5,300,18,adaptive_cov_ess,0.8838520000000001,0.6321608040201006,200.85870017164845,192.85647425655642,0.6976808906285357,0.8912969322974063,0.9974311690674642
ar05_match,0.5,300,18,adaptive_nominal,0.8882559999999999,0.6317587939698492,200.85870017164845,192.85647425655642,0.6976808906285357,0.8912969322974063,0.9974311690674642
ar05_match,0.5,300,18,adaptive_joint_nominal,0.8986360000000001,0.6418090452261307,200.85870017164845,192.85647425655642,0.6976808906285357,0.8912969322974063,0.9974311690674642
ar05_match,0.5,300,19,shared_oas,0.8274239999999999,0.5553768844221105,204.69251256910488,215.82770726566213,0.7637639465074415,0.9011248457609798,0.9974360278131877
ar05_match,0.5,300,19,peer_nominal,0.8712039999999999,0.5927638190954774,204.69251256910488,215.82770726566213,0.7637639465074415,0.9011248457609798,0.9974360278131877
ar05_match,0.5,300,19,peer_shrunk_nominal,0.8642319999999999,0.5883417085427136,204.69251256910488,215.82770726566213,0.7637639465074415,0.9011248457609798,0.9974360278131877
ar05_match,0.5,300,19,peer_cov_ess,0.869028,0.5883417085427136,204.69251256910488,215.82770726566213,0.7637639465074415,0.9011248457609798,0.9974360278131877
ar05_match,0.5,300,19,adaptive_cov_ess,0.87228,0.5909547738693467,204.69251256910488,215.82770726566213,0.7637639465074415,0.9011248457609798,0.9974360278131877
ar05_match,0.5,300,19,adaptive_nominal,0.8734239999999999,0.5943718592964824,204.69251256910488,215.82770726566213,0.7637639465074415,0.9011248457609798,0.9974360278131877
ar05_match,0.5,300,19,adaptive_joint_nominal,0.866444,0.5889447236180905,204.69251256910488,215.82770726566213,0.7637639465074415,0.9011248457609798,0.9974360278131877
ar05_match,0.5,300,20,shared_oas,0.877848,0.5780904522613065,202.0733271690002,217.28867975557844,0.7540419208502671,0.9047200487317082,0.9747011682984146
ar05_match,0.5,300,20,peer_nominal,0.864776,0.5672361809045227,202.0733271690002,217.28867975557844,0.7540419208502671,0.9047200487317082,0.9747011682984146
ar05_match,0.5,300,20,peer_shrunk_nominal,0.8698159999999999,0.5684422110552764,202.0733271690002,217.28867975557844,0.7540419208502671,0.9047200487317082,0.9747011682984146
ar05_match,0.5,300,20,peer_cov_ess,0.861344,0.5636180904522613,202.0733271690002,217.28867975557844,0.7540419208502671,0.9047200487317082,0.9747011682984146
ar05_match,0.5,300,20,adaptive_cov_ess,0.86052,0.5626130653266331,202.0733271690002,217.28867975557844,0.7540419208502671,0.9047200487317082,0.9747011682984146
ar05_match,0.5,300,20,adaptive_nominal,0.8642679999999999,0.5668341708542713,202.0733271690002,217.28867975557844,0.7540419208502671,0.9047200487317082,0.9747011682984146
ar05_match,0.5,300,20,adaptive_joint_nominal,0.869368,0.5676381909547739,202.0733271690002,217.28867975557844,0.7540419208502671,0.9047200487317082,0.9747011682984146
ar05_match,0.5,300,21,shared_oas,0.826872,0.5334673366834171,213.2706389634781,219.6171610932801,0.7408989519416669,0.8946363495425437,0.9855446020797267
ar05_match,0.5,300,21,peer_nominal,0.8144039999999999,0.5304522613065327,213.2706389634781,219.6171610932801,0.7408989519416669,0.8946363495425437,0.9855446020797267
ar05_match,0.5,300,21,peer_shrunk_nominal,0.820356,0.5310552763819095,213.2706389634781,219.6171610932801,0.7408989519416669,0.8946363495425437,0.9855446020797267
ar05_match,0.5,300,21,peer_cov_ess,0.8132440000000001,0.5258291457286433,213.2706389634781,219.6171610932801,0.7408989519416669,0.8946363495425437,0.9855446020797267
ar05_match,0.5,300,21,adaptive_cov_ess,0.8127719999999998,0.5266331658291458,213.2706389634781,219.6171610932801,0.7408989519416669,0.8946363495425437,0.9855446020797267
ar05_match,0.5,300,21,adaptive_nominal,0.813908,0.5306532663316583,213.2706389634781,219.6171610932801,0.7408989519416669,0.8946363495425437,0.9855446020797267
ar05_match,0.5,300,21,adaptive_joint_nominal,0.819764,0.5316582914572864,213.2706389634781,219.6171610932801,0.7408989519416669,0.8946363495425437,0.9855446020797267
ar05_match,0.5,300,22,shared_oas,0.9103679999999998,0.6176884422110552,213.17207455003842,213.76035196123445,0.7949330792440465,0.9005842309071346,0.989741292127813
ar05_match,0.5,300,22,peer_nominal,0.9075439999999999,0.627537688442211,213.17207455003842,213.76035196123445,0.7949330792440465,0.9005842309071346,0.989741292127813
ar05_match,0.5,300,22,peer_shrunk_nominal,0.9060919999999999,0.6231155778894472,213.17207455003842,213.76035196123445,0.7949330792440465,0.9005842309071346,0.989741292127813
ar05_match,0.5,300,22,peer_cov_ess,0.9018519999999999,0.6146733668341708,213.17207455003842,213.76035196123445,0.7949330792440465,0.9005842309071346,0.989741292127813
ar05_match,0.5,300,22,adaptive_cov_ess,0.900592,0.6132663316582914,213.17207455003842,213.76035196123445,0.7949330792440465,0.9005842309071346,0.989741292127813
ar05_match,0.5,300,22,adaptive_nominal,0.9065799999999998,0.6265326633165829,213.17207455003842,213.76035196123445,0.7949330792440465,0.9005842309071346,0.989741292127813
ar05_match,0.5,300,22,adaptive_joint_nominal,0.905012,0.6231155778894473,213.17207455003842,213.76035196123445,0.7949330792440465,0.9005842309071346,0.989741292127813
ar05_match,0.5,300,23,shared_oas,0.8637079999999999,0.5511557788944723,196.71413476888463,216.75577315324608,0.7768425835629814,0.8983433206718991,1.0035502638891396
ar05_match,0.5,300,23,peer_nominal,0.854072,0.5467336683417086,196.71413476888463,216.75577315324608,0.7768425835629814,0.8983433206718991,1.0035502638891396
ar05_match,0.5,300,23,peer_shrunk_nominal,0.8580920000000001,0.5489447236180904,196.71413476888463,216.75577315324608,0.7768425835629814,0.8983433206718991,1.0035502638891396
ar05_match,0.5,300,23,peer_cov_ess,0.8513360000000001,0.5403015075376885,196.71413476888463,216.75577315324608,0.7768425835629814,0.8983433206718991,1.0035502638891396
ar05_match,0.5,300,23,adaptive_cov_ess,0.8501999999999998,0.539497487437186,196.71413476888463,216.75577315324608,0.7768425835629814,0.8983433206718991,1.0035502638891396
ar05_match,0.5,300,23,adaptive_nominal,0.8533839999999999,0.5463316582914572,196.71413476888463,216.75577315324608,0.7768425835629814,0.8983433206718991,1.0035502638891396
ar05_match,0.5,300,23,adaptive_joint_nominal,0.857572,0.5481407035175879,196.71413476888463,216.75577315324608,0.7768425835629814,0.8983433206718991,1.0035502638891396
ar05_match,0.5,300,24,shared_oas,0.835508,0.5495477386934673,190.49184229989038,205.51252806646622,0.7768371649497754,0.8966764544610311,1.0179949762630895
ar05_match,0.5,300,24,peer_nominal,0.828608,0.5547738693467337,190.49184229989038,205.51252806646622,0.7768371649497754,0.8966764544610311,1.0179949762630895
ar05_match,0.5,300,24,peer_shrunk_nominal,0.827028,0.5531658291457286,190.49184229989038,205.51252806646622,0.7768371649497754,0.8966764544610311,1.0179949762630895
ar05_match,0.5,300,24,peer_cov_ess,0.829792,0.5559798994974875,190.49184229989038,205.51252806646622,0.7768371649497754,0.8966764544610311,1.0179949762630895
ar05_match,0.5,300,24,adaptive_cov_ess,0.8280240000000001,0.5535678391959798,190.49184229989038,205.51252806646622,0.7768371649497754,0.8966764544610311,1.0179949762630895
ar05_match,0.5,300,24,adaptive_nominal,0.8273360000000001,0.55356783919598,190.49184229989038,205.51252806646622,0.7768371649497754,0.8966764544610311,1.0179949762630895
ar05_match,0.5,300,24,adaptive_joint_nominal,0.8256840000000001,0.5517587939698493,190.49184229989038,205.51252806646622,0.7768371649497754,0.8966764544610311,1.0179949762630895
ar05_match,0.5,300,25,shared_oas,0.805512,0.5581909547738694,207.25949709826304,211.32192706967072,0.761469665639364,0.8920606514378766,1.0141352122359168
ar05_match,0.5,300,25,peer_nominal,0.82894,0.5732663316582914,207.25949709826304,211.32192706967072,0.761469665639364,0.8920606514378766,1.0141352122359168
ar05_match,0.5,300,25,peer_shrunk_nominal,0.819908,0.5688442211055277,207.25949709826304,211.32192706967072,0.761469665639364,0.8920606514378766,1.0141352122359168
ar05_match,0.5,300,25,peer_cov_ess,0.8235079999999999,0.5704522613065327,207.25949709826304,211.32192706967072,0.761469665639364,0.8920606514378766,1.0141352122359168
ar05_match,0.5,300,25,adaptive_cov_ess,0.8222840000000001,0.5700502512562814,207.25949709826304,211.32192706967072,0.761469665639364,0.8920606514378766,1.0141352122359168
ar05_match,0.5,300,25,adaptive_nominal,0.8280959999999999,0.5728643216080402,207.25949709826304,211.32192706967072,0.761469665639364,0.8920606514378766,1.0141352122359168
ar05_match,0.5,300,25,adaptive_joint_nominal,0.8191200000000001,0.5688442211055277,207.25949709826304,211.32192706967072,0.761469665639364,0.8920606514378766,1.0141352122359168
ar05_match,0.5,300,26,shared_oas,0.86564,0.591356783919598,205.82522441469544,195.4406996285481,0.723044744872403,0.9068209741140509,0.9846996458365955
ar05_match,0.5,300,26,peer_nominal,0.853416,0.588140703517588,205.82522441469544,195.4406996285481,0.723044744872403,0.9068209741140509,0.9846996458365955
ar05_match,0.5,300,26,peer_shrunk_nominal,0.8553679999999999,0.5875376884422111,205.82522441469544,195.4406996285481,0.723044744872403,0.9068209741140509,0.9846996458365955
ar05_match,0.5,300,26,peer_cov_ess,0.8501759999999999,0.5798994974874372,205.82522441469544,195.4406996285481,0.723044744872403,0.9068209741140509,0.9846996458365955
ar05_match,0.5,300,26,adaptive_cov_ess,0.849476,0.5817085427135679,205.82522441469544,195.4406996285481,0.723044744872403,0.9068209741140509,0.9846996458365955
ar05_match,0.5,300,26,adaptive_nominal,0.852812,0.588140703517588,205.82522441469544,195.4406996285481,0.723044744872403,0.9068209741140509,0.9846996458365955
ar05_match,0.5,300,26,adaptive_joint_nominal,0.8549,0.5873366834170854,205.82522441469544,195.4406996285481,0.723044744872403,0.9068209741140509,0.9846996458365955
ar05_match,0.5,300,27,shared_oas,0.899608,0.6277386934673367,206.83509427729544,199.88079974854776,0.7873217893373301,0.8820395073820289,0.9964737120234846
ar05_match,0.5,300,27,peer_nominal,0.8946280000000001,0.639396984924623,206.83509427729544,199.88079974854776,0.7873217893373301,0.8820395073820289,0.9964737120234846
ar05_match,0.5,300,27,peer_shrunk_nominal,0.888456,0.6267336683417085,206.83509427729544,199.88079974854776,0.7873217893373301,0.8820395073820289,0.9964737120234846
ar05_match,0.5,300,27,peer_cov_ess,0.889588,0.6331658291457286,206.83509427729544,199.88079974854776,0.7873217893373301,0.8820395073820289,0.9964737120234846
ar05_match,0.5,300,27,adaptive_cov_ess,0.8898320000000001,0.6335678391959799,206.83509427729544,199.88079974854776,0.7873217893373301,0.8820395073820289,0.9964737120234846
ar05_match,0.5,300,27,adaptive_nominal,0.8948440000000001,0.64,206.83509427729544,199.88079974854776,0.7873217893373301,0.8820395073820289,0.9964737120234846
ar05_match,0.5,300,27,adaptive_joint_nominal,0.888472,0.6263316582914573,206.83509427729544,199.88079974854776,0.7873217893373301,0.8820395073820289,0.9964737120234846
ar05_match,0.5,300,28,shared_oas,0.901292,0.6633165829145728,205.8848336479175,222.25754387665353,0.8029693396185151,0.9267858451331844,0.980607197045342
ar05_match,0.5,300,28,peer_nominal,0.898504,0.6621105527638191,205.8848336479175,222.25754387665353,0.8029693396185151,0.9267858451331844,0.980607197045342
ar05_match,0.5,300,28,peer_shrunk_nominal,0.8962600000000001,0.6598994974874373,205.8848336479175,222.25754387665353,0.8029693396185151,0.9267858451331844,0.980607197045342
ar05_match,0.5,300,28,peer_cov_ess,0.89438,0.6552763819095477,205.8848336479175,222.25754387665353,0.8029693396185151,0.9267858451331844,0.980607197045342
ar05_match,0.5,300,28,adaptive_cov_ess,0.8924040000000001,0.6510552763819095,205.8848336479175,222.25754387665353,0.8029693396185151,0.9267858451331844,0.980607197045342
ar05_match,0.5,300,28,adaptive_nominal,0.897176,0.6596984924623115,205.8848336479175,222.25754387665353,0.8029693396185151,0.9267858451331844,0.980607197045342
ar05_match,0.5,300,28,adaptive_joint_nominal,0.8948440000000001,0.6584924623115578,205.8848336479175,222.25754387665353,0.8029693396185151,0.9267858451331844,0.980607197045342
ar05_match,0.5,300,29,shared_oas,0.8460599999999999,0.5541708542713568,214.71988006936888,226.56039283180047,0.7943581518074465,0.9245522316902903,0.9847924686202515
ar05_match,0.5,300,29,peer_nominal,0.8526520000000001,0.5585929648241206,214.71988006936888,226.56039283180047,0.7943581518074465,0.9245522316902903,0.9847924686202515
ar05_match,0.5,300,29,peer_shrunk_nominal,0.85022,0.5581909547738694,214.71988006936888,226.56039283180047,0.7943581518074465,0.9245522316902903,0.9847924686202515
ar05_match,0.5,300,29,peer_cov_ess,0.850504,0.55678391959799,214.71988006936888,226.56039283180047,0.7943581518074465,0.9245522316902903,0.9847924686202515
ar05_match,0.5,300,29,adaptive_cov_ess,0.84924,0.5551758793969849,214.71988006936888,226.56039283180047,0.7943581518074465,0.9245522316902903,0.9847924686202515
ar05_match,0.5,300,29,adaptive_nominal,0.851884,0.5569849246231156,214.71988006936888,226.56039283180047,0.7943581518074465,0.9245522316902903,0.9847924686202515
ar05_match,0.5,300,29,adaptive_joint_nominal,0.8495240000000001,0.5571859296482412,214.71988006936888,226.56039283180047,0.7943581518074465,0.9245522316902903,0.9847924686202515
ar05_match,0.5,300,30,shared_oas,0.8991640000000001,0.601608040201005,191.27383308896563,204.21014971044903,0.7545784564012654,0.8645587483452699,1.0074164766398046
ar05_match,0.5,300,30,peer_nominal,0.890064,0.5967839195979899,191.27383308896563,204.21014971044903,0.7545784564012654,0.8645587483452699,1.0074164766398046
ar05_match,0.5,300,30,peer_shrunk_nominal,0.893796,0.6012060301507538,191.27383308896563,204.21014971044903,0.7545784564012654,0.8645587483452699,1.0074164766398046
ar05_match,0.5,300,30,peer_cov_ess,0.88534,0.5837185929648241,191.27383308896563,204.21014971044903,0.7545784564012654,0.8645587483452699,1.0074164766398046
ar05_match,0.5,300,30,adaptive_cov_ess,0.8865400000000001,0.5865326633165829,191.27383308896563,204.21014971044903,0.7545784564012654,0.8645587483452699,1.0074164766398046
ar05_match,0.5,300,30,adaptive_nominal,0.890888,0.6,191.27383308896563,204.21014971044903,0.7545784564012654,0.8645587483452699,1.0074164766398046
ar05_match,0.5,300,30,adaptive_joint_nominal,0.894576,0.6036180904522613,191.27383308896563,204.21014971044903,0.7545784564012654,0.8645587483452699,1.0074164766398046
ar05_match,0.5,300,31,shared_oas,0.87466,0.6062311557788944,213.93530158504,219.59807663034692,0.8106705828393044,0.90850916644504,0.9751622035345191
ar05_match,0.5,300,31,peer_nominal,0.867896,0.5985929648241206,213.93530158504,219.59807663034692,0.8106705828393044,0.90850916644504,0.9751622035345191
ar05_match,0.5,300,31,peer_shrunk_nominal,0.871264,0.5967839195979899,213.93530158504,219.59807663034692,0.8106705828393044,0.90850916644504,0.9751622035345191
ar05_match,0.5,300,31,peer_cov_ess,0.8644080000000001,0.5895477386934673,213.93530158504,219.59807663034692,0.8106705828393044,0.90850916644504,0.9751622035345191
ar05_match,0.5,300,31,adaptive_cov_ess,0.862348,0.5871356783919598,213.93530158504,219.59807663034692,0.8106705828393044,0.90850916644504,0.9751622035345191
ar05_match,0.5,300,31,adaptive_nominal,0.8665719999999999,0.5959798994974874,213.93530158504,219.59807663034692,0.8106705828393044,0.90850916644504,0.9751622035345191
ar05_match,0.5,300,31,adaptive_joint_nominal,0.8698639999999999,0.5943718592964824,213.93530158504,219.59807663034692,0.8106705828393044,0.90850916644504,0.9751622035345191
ar05_match,0.5,300,32,shared_oas,0.8470399999999999,0.5947738693467337,202.2664510600823,233.06556648799705,0.779490850975056,0.894721114442494,0.9922777396798672
ar05_match,0.5,300,32,peer_nominal,0.8302599999999998,0.5823115577889447,202.2664510600823,233.06556648799705,0.779490850975056,0.894721114442494,0.9922777396798672
ar05_match,0.5,300,32,peer_shrunk_nominal,0.837048,0.5871356783919598,202.2664510600823,233.06556648799705,0.779490850975056,0.894721114442494,0.9922777396798672
ar05_match,0.5,300,32,peer_cov_ess,0.8237000000000001,0.5752763819095478,202.2664510600823,233.06556648799705,0.779490850975056,0.894721114442494,0.9922777396798672
ar05_match,0.5,300,32,adaptive_cov_ess,0.824596,0.5768844221105528,202.2664510600823,233.06556648799705,0.779490850975056,0.894721114442494,0.9922777396798672
ar05_match,0.5,300,32,adaptive_nominal,0.831008,0.5841206030150754,202.2664510600823,233.06556648799705,0.779490850975056,0.894721114442494,0.9922777396798672
ar05_match,0.5,300,32,adaptive_joint_nominal,0.8376600000000001,0.5883417085427136,202.2664510600823,233.06556648799705,0.779490850975056,0.894721114442494,0.9922777396798672
ar05_match,0.5,300,33,shared_oas,0.833056,0.5680402010050252,197.76179762312617,197.6660939815618,0.8235804190910965,0.9118090849740608,0.9886239863219354
ar05_match,0.5,300,33,peer_nominal,0.848896,0.5758793969849246,197.76179762312617,197.6660939815618,0.8235804190910965,0.9118090849740608,0.9886239863219354
ar05_match,0.5,300,33,peer_shrunk_nominal,0.841696,0.5714572864321608,197.76179762312617,197.6660939815618,0.8235804190910965,0.9118090849740608,0.9886239863219354
ar05_match,0.5,300,33,peer_cov_ess,0.8476520000000002,0.5724623115577889,197.76179762312617,197.6660939815618,0.8235804190910965,0.9118090849740608,0.9886239863219354
ar05_match,0.5,300,33,adaptive_cov_ess,0.8463040000000001,0.5720603015075377,197.76179762312617,197.6660939815618,0.8235804190910965,0.9118090849740608,0.9886239863219354
ar05_match,0.5,300,33,adaptive_nominal,0.848068,0.5754773869346734,197.76179762312617,197.6660939815618,0.8235804190910965,0.9118090849740608,0.9886239863219354
ar05_match,0.5,300,33,adaptive_joint_nominal,0.840728,0.5722613065326633,197.76179762312617,197.6660939815618,0.8235804190910965,0.9118090849740608,0.9886239863219354
ar05_match,0.5,300,34,shared_oas,0.8963359999999999,0.5736683417085428,197.2121321573903,210.23133844992066,0.7259801682460113,0.9086560021743979,1.0023038157512174
ar05_match,0.5,300,34,peer_nominal,0.899076,0.5809045226130654,197.2121321573903,210.23133844992066,0.7259801682460113,0.9086560021743979,1.0023038157512174
ar05_match,0.5,300,34,peer_shrunk_nominal,0.89846,0.5780904522613065,197.2121321573903,210.23133844992066,0.7259801682460113,0.9086560021743979,1.0023038157512174
ar05_match,0.5,300,34,peer_cov_ess,0.8931199999999999,0.5778894472361809,197.2121321573903,210.23133844992066,0.7259801682460113,0.9086560021743979,1.0023038157512174
ar05_match,0.5,300,34,adaptive_cov_ess,0.8931520000000001,0.5784924623115578,197.2121321573903,210.23133844992066,0.7259801682460113,0.9086560021743979,1.0023038157512174
ar05_match,0.5,300,34,adaptive_nominal,0.8990999999999999,0.5809045226130654,197.2121321573903,210.23133844992066,0.7259801682460113,0.9086560021743979,1.0023038157512174
ar05_match,0.5,300,34,adaptive_joint_nominal,0.8984800000000001,0.5770854271356785,197.2121321573903,210.23133844992066,0.7259801682460113,0.9086560021743979,1.0023038157512174
ar05_match,0.5,300,35,shared_oas,0.853504,0.558391959798995,202.2976317254609,214.86927744618782,0.7800352711062745,0.8944649748125819,0.9992478878409744
ar05_match,0.5,300,35,peer_nominal,0.8482200000000001,0.5501507537688443,202.2976317254609,214.86927744618782,0.7800352711062745,0.8944649748125819,0.9992478878409744
ar05_match,0.5,300,35,peer_shrunk_nominal,0.8520080000000001,0.5553768844221105,202.2976317254609,214.86927744618782,0.7800352711062745,0.8944649748125819,0.9992478878409744
ar05_match,0.5,300,35,peer_cov_ess,0.8476520000000001,0.5489447236180904,202.2976317254609,214.86927744618782,0.7800352711062745,0.8944649748125819,0.9992478878409744
ar05_match,0.5,300,35,adaptive_cov_ess,0.84764,0.5485427135678392,202.2976317254609,214.86927744618782,0.7800352711062745,0.8944649748125819,0.9992478878409744
ar05_match,0.5,300,35,adaptive_nominal,0.848108,0.5501507537688443,202.2976317254609,214.86927744618782,0.7800352711062745,0.8944649748125819,0.9992478878409744
ar05_match,0.5,300,35,adaptive_joint_nominal,0.852012,0.5553768844221105,202.2976317254609,214.86927744618782,0.7800352711062745,0.8944649748125819,0.9992478878409744
ar05_match,0.5,300,36,shared_oas,0.7611240000000001,0.5314572864321608,196.79758705775234,185.51051189602714,0.7647638133928911,0.9223079945071202,1.0108711016836884
ar05_match,0.5,300,36,peer_nominal,0.778124,0.5423115577889447,196.79758705775234,185.51051189602714,0.7647638133928911,0.9223079945071202,1.0108711016836884
ar05_match,0.5,300,36,peer_shrunk_nominal,0.7767519999999999,0.5378894472361809,196.79758705775234,185.51051189602714,0.7647638133928911,0.9223079945071202,1.0108711016836884
ar05_match,0.5,300,36,peer_cov_ess,0.7775559999999999,0.5384924623115578,196.79758705775234,185.51051189602714,0.7647638133928911,0.9223079945071202,1.0108711016836884
ar05_match,0.5,300,36,adaptive_cov_ess,0.7776679999999999,0.5396984924623116,196.79758705775234,185.51051189602714,0.7647638133928911,0.9223079945071202,1.0108711016836884
ar05_match,0.5,300,36,adaptive_nominal,0.778224,0.5429145728643217,196.79758705775234,185.51051189602714,0.7647638133928911,0.9223079945071202,1.0108711016836884
ar05_match,0.5,300,36,adaptive_joint_nominal,0.776716,0.5403015075376885,196.79758705775234,185.51051189602714,0.7647638133928911,0.9223079945071202,1.0108711016836884
ar05_match,0.5,300,37,shared_oas,0.8194240000000002,0.5563819095477387,203.87026995697283,206.99079222582515,0.8134338618697656,0.9160265176597675,0.9855314800356807
ar05_match,0.5,300,37,peer_nominal,0.80674,0.5461306532663317,203.87026995697283,206.99079222582515,0.8134338618697656,0.9160265176597675,0.9855314800356807
ar05_match,0.5,300,37,peer_shrunk_nominal,0.81102,0.5471356783919598,203.87026995697283,206.99079222582515,0.8134338618697656,0.9160265176597675,0.9855314800356807
ar05_match,0.5,300,37,peer_cov_ess,0.8069879999999998,0.5433165829145729,203.87026995697283,206.99079222582515,0.8134338618697656,0.9160265176597675,0.9855314800356807
ar05_match,0.5,300,37,adaptive_cov_ess,0.8073919999999999,0.5435175879396985,203.87026995697283,206.99079222582515,0.8134338618697656,0.9160265176597675,0.9855314800356807
ar05_match,0.5,300,37,adaptive_nominal,0.806972,0.545929648241206,203.87026995697283,206.99079222582515,0.8134338618697656,0.9160265176597675,0.9855314800356807
ar05_match,0.5,300,37,adaptive_joint_nominal,0.81116,0.5473366834170854,203.87026995697283,206.99079222582515,0.8134338618697656,0.9160265176597675,0.9855314800356807
ar05_match,0.5,300,38,shared_oas,0.78438,0.5511557788944723,200.31028249488898,201.45510093043472,0.7694394883188296,0.8980410337906992,0.9797183686441375
ar05_match,0.5,300,38,peer_nominal,0.797592,0.5610050251256281,200.31028249488898,201.45510093043472,0.7694394883188296,0.8980410337906992,0.9797183686441375
ar05_match,0.5,300,38,peer_shrunk_nominal,0.79688,0.5604020100502513,200.31028249488898,201.45510093043472,0.7694394883188296,0.8980410337906992,0.9797183686441375
ar05_match,0.5,300,38,peer_cov_ess,0.796728,0.5589949748743719,200.31028249488898,201.45510093043472,0.7694394883188296,0.8980410337906992,0.9797183686441375
ar05_match,0.5,300,38,adaptive_cov_ess,0.7973319999999999,0.5573869346733669,200.31028249488898,201.45510093043472,0.7694394883188296,0.8980410337906992,0.9797183686441375
ar05_match,0.5,300,38,adaptive_nominal,0.798016,0.5591959798994975,200.31028249488898,201.45510093043472,0.7694394883188296,0.8980410337906992,0.9797183686441375
ar05_match,0.5,300,38,adaptive_joint_nominal,0.797412,0.5585929648241206,200.31028249488898,201.45510093043472,0.7694394883188296,0.8980410337906992,0.9797183686441375
ar05_match,0.5,300,39,shared_oas,0.8405880000000001,0.545929648241206,198.51489129559425,209.52226876109017,0.8240311694447012,0.9102254828716699,1.0135170346761337
ar05_match,0.5,300,39,peer_nominal,0.843228,0.5485427135678392,198.51489129559425,209.52226876109017,0.8240311694447012,0.9102254828716699,1.0135170346761337
ar05_match,0.5,300,39,peer_shrunk_nominal,0.8393280000000001,0.5467336683417086,198.51489129559425,209.52226876109017,0.8240311694447012,0.9102254828716699,1.0135170346761337
ar05_match,0.5,300,39,peer_cov_ess,0.8388720000000001,0.539497487437186,198.51489129559425,209.52226876109017,0.8240311694447012,0.9102254828716699,1.0135170346761337
ar05_match,0.5,300,39,adaptive_cov_ess,0.836884,0.5386934673366834,198.51489129559425,209.52226876109017,0.8240311694447012,0.9102254828716699,1.0135170346761337
ar05_match,0.5,300,39,adaptive_nominal,0.8417720000000001,0.5475376884422111,198.51489129559425,209.52226876109017,0.8240311694447012,0.9102254828716699,1.0135170346761337
ar05_match,0.5,300,39,adaptive_joint_nominal,0.837832,0.5455276381909547,198.51489129559425,209.52226876109017,0.8240311694447012,0.9102254828716699,1.0135170346761337
ar05_match,0.5,1000,0,shared_oas,0.9112480000000001,0.6548743718592964,627.9377524834567,661.5511501805203,0.9076246997914881,0.9598778257878584,1.0114773282150313
ar05_match,0.5,1000,0,peer_nominal,0.9116639999999999,0.6582914572864321,627.9377524834567,661.5511501805203,0.9076246997914881,0.9598778257878584,1.0114773282150313
ar05_match,0.5,1000,0,peer_shrunk_nominal,0.9149120000000001,0.6605025125628141,627.9377524834567,661.5511501805203,0.9076246997914881,0.9598778257878584,1.0114773282150313
ar05_match,0.5,1000,0,peer_cov_ess,0.9098839999999999,0.655678391959799,627.9377524834567,661.5511501805203,0.9076246997914881,0.9598778257878584,1.0114773282150313
ar05_match,0.5,1000,0,adaptive_cov_ess,0.91034,0.6568844221105528,627.9377524834567,661.5511501805203,0.9076246997914881,0.9598778257878584,1.0114773282150313
ar05_match,0.5,1000,0,adaptive_nominal,0.91192,0.6590954773869346,627.9377524834567,661.5511501805203,0.9076246997914881,0.9598778257878584,1.0114773282150313
ar05_match,0.5,1000,0,adaptive_joint_nominal,0.91514,0.6609045226130653,627.9377524834567,661.5511501805203,0.9076246997914881,0.9598778257878584,1.0114773282150313
ar05_match,0.5,1000,1,shared_oas,0.932392,0.6701507537688443,630.5636774125516,626.8462588324562,0.904935061126358,0.9643233228226573,0.9976685274105774
ar05_match,0.5,1000,1,peer_nominal,0.935816,0.6598994974874371,630.5636774125516,626.8462588324562,0.904935061126358,0.9643233228226573,0.9976685274105774
ar05_match,0.5,1000,1,peer_shrunk_nominal,0.9374559999999998,0.6601005025125628,630.5636774125516,626.8462588324562,0.904935061126358,0.9643233228226573,0.9976685274105774
ar05_match,0.5,1000,1,peer_cov_ess,0.9343400000000001,0.6572864321608041,630.5636774125516,626.8462588324562,0.904935061126358,0.9643233228226573,0.9976685274105774
ar05_match,0.5,1000,1,adaptive_cov_ess,0.93406,0.6560804020100502,630.5636774125516,626.8462588324562,0.904935061126358,0.9643233228226573,0.9976685274105774
ar05_match,0.5,1000,1,adaptive_nominal,0.935652,0.659497487437186,630.5636774125516,626.8462588324562,0.904935061126358,0.9643233228226573,0.9976685274105774
ar05_match,0.5,1000,1,adaptive_joint_nominal,0.9373439999999998,0.6596984924623115,630.5636774125516,626.8462588324562,0.904935061126358,0.9643233228226573,0.9976685274105774
ar05_match,0.5,1000,2,shared_oas,0.8997360000000001,0.6412060301507537,648.3282561347589,712.2649707308072,0.9147624026134276,0.9649550678475609,0.9995783428311159
ar05_match,0.5,1000,2,peer_nominal,0.893744,0.6315577889447236,648.3282561347589,712.2649707308072,0.9147624026134276,0.9649550678475609,0.9995783428311159
ar05_match,0.5,1000,2,peer_shrunk_nominal,0.895652,0.6365829145728643,648.3282561347589,712.2649707308072,0.9147624026134276,0.9649550678475609,0.9995783428311159
ar05_match,0.5,1000,2,peer_cov_ess,0.891964,0.6279396984924623,648.3282561347589,712.2649707308072,0.9147624026134276,0.9649550678475609,0.9995783428311159
ar05_match,0.5,1000,2,adaptive_cov_ess,0.891208,0.6269346733668342,648.3282561347589,712.2649707308072,0.9147624026134276,0.9649550678475609,0.9995783428311159
ar05_match,0.5,1000,2,adaptive_nominal,0.8933040000000001,0.6303517587939699,648.3282561347589,712.2649707308072,0.9147624026134276,0.9649550678475609,0.9995783428311159
ar05_match,0.5,1000,2,adaptive_joint_nominal,0.89514,0.6359798994974875,648.3282561347589,712.2649707308072,0.9147624026134276,0.9649550678475609,0.9995783428311159
ar05_match,0.5,1000,3,shared_oas,0.8471839999999999,0.5441206030150754,634.093299629258,647.6781885487409,0.9316135735907708,0.9676924051172828,0.9984205002338489
ar05_match,0.5,1000,3,peer_nominal,0.839932,0.5499497487437186,634.093299629258,647.6781885487409,0.9316135735907708,0.9676924051172828,0.9984205002338489
ar05_match,0.5,1000,3,peer_shrunk_nominal,0.8419240000000001,0.5495477386934673,634.093299629258,647.6781885487409,0.9316135735907708,0.9676924051172828,0.9984205002338489
ar05_match,0.5,1000,3,peer_cov_ess,0.8387640000000001,0.5489447236180904,634.093299629258,647.6781885487409,0.9316135735907708,0.9676924051172828,0.9984205002338489
ar05_match,0.5,1000,3,adaptive_cov_ess,0.83842,0.5489447236180904,634.093299629258,647.6781885487409,0.9316135735907708,0.9676924051172828,0.9984205002338489
ar05_match,0.5,1000,3,adaptive_nominal,0.83968,0.549748743718593,634.093299629258,647.6781885487409,0.9316135735907708,0.9676924051172828,0.9984205002338489
ar05_match,0.5,1000,3,adaptive_joint_nominal,0.84182,0.5495477386934673,634.093299629258,647.6781885487409,0.9316135735907708,0.9676924051172828,0.9984205002338489
ar05_match,0.5,1000,4,shared_oas,0.8833559999999999,0.5987939698492462,653.4058124825751,687.0852066326937,0.941812007835185,0.9657144869451437,1.0007019982196805
ar05_match,0.5,1000,4,peer_nominal,0.8718840000000001,0.5885427135678392,653.4058124825751,687.0852066326937,0.941812007835185,0.9657144869451437,1.0007019982196805
ar05_match,0.5,1000,4,peer_shrunk_nominal,0.87176,0.588140703517588,653.4058124825751,687.0852066326937,0.941812007835185,0.9657144869451437,1.0007019982196805
ar05_match,0.5,1000,4,peer_cov_ess,0.869788,0.5863316582914573,653.4058124825751,687.0852066326937,0.941812007835185,0.9657144869451437,1.0007019982196805
ar05_match,0.5,1000,4,adaptive_cov_ess,0.8697800000000001,0.5869346733668341,653.4058124825751,687.0852066326937,0.941812007835185,0.9657144869451437,1.0007019982196805
ar05_match,0.5,1000,4,adaptive_nominal,0.87188,0.5887437185929648,653.4058124825751,687.0852066326937,0.941812007835185,0.9657144869451437,1.0007019982196805
ar05_match,0.5,1000,4,adaptive_joint_nominal,0.8717480000000001,0.5883417085427136,653.4058124825751,687.0852066326937,0.941812007835185,0.9657144869451437,1.0007019982196805
ar05_match,0.5,1000,5,shared_oas,0.901192,0.5895477386934673,629.913379414376,640.4311503055117,0.9228032169130695,0.9731630852833686,0.9916356007427384
ar05_match,0.5,1000,5,peer_nominal,0.8993360000000001,0.5726633165829146,629.913379414376,640.4311503055117,0.9228032169130695,0.9731630852833686,0.9916356007427384
ar05_match,0.5,1000,5,peer_shrunk_nominal,0.900656,0.574070351758794,629.913379414376,640.4311503055117,0.9228032169130695,0.9731630852833686,0.9916356007427384
ar05_match,0.5,1000,5,peer_cov_ess,0.8984639999999999,0.5720603015075377,629.913379414376,640.4311503055117,0.9228032169130695,0.9731630852833686,0.9916356007427384
ar05_match,0.5,1000,5,adaptive_cov_ess,0.8988039999999999,0.5732663316582914,629.913379414376,640.4311503055117,0.9228032169130695,0.9731630852833686,0.9916356007427384
ar05_match,0.5,1000,5,adaptive_nominal,0.899512,0.5732663316582914,629.913379414376,640.4311503055117,0.9228032169130695,0.9731630852833686,0.9916356007427384
ar05_match,0.5,1000,5,adaptive_joint_nominal,0.9007679999999998,0.574070351758794,629.913379414376,640.4311503055117,0.9228032169130695,0.9731630852833686,0.9916356007427384
ar05_match,0.5,1000,6,shared_oas,0.8489239999999999,0.6142713567839195,632.5840038748738,690.4630892845953,0.9290609899751487,0.9668186403898766,0.9938128739799978
ar05_match,0.5,1000,6,peer_nominal,0.859272,0.625929648241206,632.5840038748738,690.4630892845953,0.9290609899751487,0.9668186403898766,0.9938128739799978
ar05_match,0.5,1000,6,peer_shrunk_nominal,0.858848,0.6255276381909547,632.5840038748738,690.4630892845953,0.9290609899751487,0.9668186403898766,0.9938128739799978
ar05_match,0.5,1000,6,peer_cov_ess,0.8569840000000001,0.6239195979899498,632.5840038748738,690.4630892845953,0.9290609899751487,0.9668186403898766,0.9938128739799978
ar05_match,0.5,1000,6,adaptive_cov_ess,0.8563879999999999,0.6233165829145728,632.5840038748738,690.4630892845953,0.9290609899751487,0.9668186403898766,0.9938128739799978
ar05_match,0.5,1000,6,adaptive_nominal,0.8587840000000001,0.6253266331658291,632.5840038748738,690.4630892845953,0.9290609899751487,0.9668186403898766,0.9938128739799978
ar05_match,0.5,1000,6,adaptive_joint_nominal,0.8584360000000001,0.6251256281407035,632.5840038748738,690.4630892845953,0.9290609899751487,0.9668186403898766,0.9938128739799978
ar05_match,0.5,1000,7,shared_oas,0.940852,0.6806030150753769,639.7413196879602,668.1004300805866,0.9296387378890025,0.968844380638723,1.0101619138280928
ar05_match,0.5,1000,7,peer_nominal,0.9577039999999999,0.7109547738693467,639.7413196879602,668.1004300805866,0.9296387378890025,0.968844380638723,1.0101619138280928
ar05_match,0.5,1000,7,peer_shrunk_nominal,0.956952,0.7093467336683418,639.7413196879602,668.1004300805866,0.9296387378890025,0.968844380638723,1.0101619138280928
ar05_match,0.5,1000,7,peer_cov_ess,0.955748,0.7047236180904524,639.7413196879602,668.1004300805866,0.9296387378890025,0.968844380638723,1.0101619138280928
ar05_match,0.5,1000,7,adaptive_cov_ess,0.9561559999999999,0.7055276381909548,639.7413196879602,668.1004300805866,0.9296387378890025,0.968844380638723,1.0101619138280928
ar05_match,0.5,1000,7,adaptive_nominal,0.9579960000000001,0.7119597989949749,639.7413196879602,668.1004300805866,0.9296387378890025,0.968844380638723,1.0101619138280928
ar05_match,0.5,1000,7,adaptive_joint_nominal,0.957244,0.7099497487437186,639.7413196879602,668.1004300805866,0.9296387378890025,0.968844380638723,1.0101619138280928
ar05_match,0.5,1000,8,shared_oas,0.796448,0.5258291457286433,638.74677357199,660.0853941523585,0.934881494114727,0.9716045405412086,1.0033152079130663
ar05_match,0.5,1000,8,peer_nominal,0.7943079999999999,0.5266331658291458,638.74677357199,660.0853941523585,0.934881494114727,0.9716045405412086,1.0033152079130663
ar05_match,0.5,1000,8,peer_shrunk_nominal,0.793508,0.5262311557788945,638.74677357199,660.0853941523585,0.934881494114727,0.9716045405412086,1.0033152079130663
ar05_match,0.5,1000,8,peer_cov_ess,0.793648,0.527035175879397,638.74677357199,660.0853941523585,0.934881494114727,0.9716045405412086,1.0033152079130663
ar05_match,0.5,1000,8,adaptive_cov_ess,0.79314,0.5272361809045226,638.74677357199,660.0853941523585,0.934881494114727,0.9716045405412086,1.0033152079130663
ar05_match,0.5,1000,8,adaptive_nominal,0.79404,0.5264321608040201,638.74677357199,660.0853941523585,0.934881494114727,0.9716045405412086,1.0033152079130663
ar05_match,0.5,1000,8,adaptive_joint_nominal,0.79324,0.5260301507537688,638.74677357199,660.0853941523585,0.934881494114727,0.9716045405412086,1.0033152079130663
ar05_match,0.5,1000,9,shared_oas,0.834096,0.5423115577889447,664.4133740277993,669.9403059502547,0.9261984534893608,0.9635588194457505,0.9786209736076712
ar05_match,0.5,1000,9,peer_nominal,0.8690279999999999,0.5515577889447236,664.4133740277993,669.9403059502547,0.9261984534893608,0.9635588194457505,0.9786209736076712
ar05_match,0.5,1000,9,peer_shrunk_nominal,0.866696,0.5499497487437186,664.4133740277993,669.9403059502547,0.9261984534893608,0.9635588194457505,0.9786209736076712
ar05_match,0.5,1000,9,peer_cov_ess,0.8674839999999999,0.5485427135678392,664.4133740277993,669.9403059502547,0.9261984534893608,0.9635588194457505,0.9786209736076712
ar05_match,0.5,1000,9,adaptive_cov_ess,0.8670359999999999,0.5483417085427136,664.4133740277993,669.9403059502547,0.9261984534893608,0.9635588194457505,0.9786209736076712
ar05_match,0.5,1000,9,adaptive_nominal,0.8688279999999999,0.5509547738693468,664.4133740277993,669.9403059502547,0.9261984534893608,0.9635588194457505,0.9786209736076712
ar05_match,0.5,1000,9,adaptive_joint_nominal,0.8663519999999999,0.5495477386934673,664.4133740277993,669.9403059502547,0.9261984534893608,0.9635588194457505,0.9786209736076712
ar05_match,0.5,1000,10,shared_oas,0.8777159999999999,0.5905527638190955,612.2459804176412,623.1873415088482,0.9005650015170645,0.9681847521116662,1.021397595184846
ar05_match,0.5,1000,10,peer_nominal,0.900592,0.6305527638190955,612.2459804176412,623.1873415088482,0.9005650015170645,0.9681847521116662,1.021397595184846
ar05_match,0.5,1000,10,peer_shrunk_nominal,0.904704,0.6349748743718593,612.2459804176412,623.1873415088482,0.9005650015170645,0.9681847521116662,1.021397595184846
ar05_match,0.5,1000,10,peer_cov_ess,0.8985639999999999,0.629145728643216,612.2459804176412,623.1873415088482,0.9005650015170645,0.9681847521116662,1.021397595184846
ar05_match,0.5,1000,10,adaptive_cov_ess,0.8989119999999999,0.629145728643216,612.2459804176412,623.1873415088482,0.9005650015170645,0.9681847521116662,1.021397595184846
ar05_match,0.5,1000,10,adaptive_nominal,0.9008719999999999,0.6309547738693467,612.2459804176412,623.1873415088482,0.9005650015170645,0.9681847521116662,1.021397595184846
ar05_match,0.5,1000,10,adaptive_joint_nominal,0.9049200000000001,0.6349748743718593,612.2459804176412,623.1873415088482,0.9005650015170645,0.9681847521116662,1.021397595184846
ar05_match,0.5,1000,11,shared_oas,0.862056,0.5485427135678392,654.5048731146665,645.6018794302375,0.9139595505487872,0.964187207568082,1.00027644599385
ar05_match,0.5,1000,11,peer_nominal,0.879008,0.5431155778894472,654.5048731146665,645.6018794302375,0.9139595505487872,0.964187207568082,1.00027644599385
ar05_match,0.5,1000,11,peer_shrunk_nominal,0.8780359999999999,0.5441206030150754,654.5048731146665,645.6018794302375,0.9139595505487872,0.964187207568082,1.00027644599385
ar05_match,0.5,1000,11,peer_cov_ess,0.8778480000000001,0.5413065326633166,654.5048731146665,645.6018794302375,0.9139595505487872,0.964187207568082,1.00027644599385
ar05_match,0.5,1000,11,adaptive_cov_ess,0.8779680000000001,0.541105527638191,654.5048731146665,645.6018794302375,0.9139595505487872,0.964187207568082,1.00027644599385
ar05_match,0.5,1000,11,adaptive_nominal,0.879076,0.5431155778894472,654.5048731146665,645.6018794302375,0.9139595505487872,0.964187207568082,1.00027644599385
ar05_match,0.5,1000,11,adaptive_joint_nominal,0.877996,0.5441206030150754,654.5048731146665,645.6018794302375,0.9139595505487872,0.964187207568082,1.00027644599385
ar05_match,0.5,1000,12,shared_oas,0.8242679999999999,0.5541708542713568,635.8691599608123,633.3253182710071,0.9056399324106751,0.9624835524240472,0.994100618616357
ar05_match,0.5,1000,12,peer_nominal,0.814976,0.5429145728643217,635.8691599608123,633.3253182710071,0.9056399324106751,0.9624835524240472,0.994100618616357
ar05_match,0.5,1000,12,peer_shrunk_nominal,0.81846,0.544321608040201,635.8691599608123,633.3253182710071,0.9056399324106751,0.9624835524240472,0.994100618616357
ar05_match,0.5,1000,12,peer_cov_ess,0.8148279999999999,0.5439195979899497,635.8691599608123,633.3253182710071,0.9056399324106751,0.9624835524240472,0.994100618616357
ar05_match,0.5,1000,12,adaptive_cov_ess,0.8153360000000001,0.5441206030150754,635.8691599608123,633.3253182710071,0.9056399324106751,0.9624835524240472,0.994100618616357
ar05_match,0.5,1000,12,adaptive_nominal,0.81538,0.542713567839196,635.8691599608123,633.3253182710071,0.9056399324106751,0.9624835524240472,0.994100618616357
ar05_match,0.5,1000,12,adaptive_joint_nominal,0.818744,0.5447236180904522,635.8691599608123,633.3253182710071,0.9056399324106751,0.9624835524240472,0.994100618616357
ar05_match,0.5,1000,13,shared_oas,0.7855960000000001,0.5396984924623116,637.5375264053716,634.5737958876803,0.9122175198232955,0.9698974687809703,0.9912615220172716
ar05_match,0.5,1000,13,peer_nominal,0.83982,0.5730653266331658,637.5375264053716,634.5737958876803,0.9122175198232955,0.9698974687809703,0.9912615220172716
ar05_match,0.5,1000,13,peer_shrunk_nominal,0.835092,0.5696482412060302,637.5375264053716,634.5737958876803,0.9122175198232955,0.9698974687809703,0.9912615220172716
ar05_match,0.5,1000,13,peer_cov_ess,0.839532,0.5726633165829146,637.5375264053716,634.5737958876803,0.9122175198232955,0.9698974687809703,0.9912615220172716
ar05_match,0.5,1000,13,adaptive_cov_ess,0.8397959999999999,0.5730653266331658,637.5375264053716,634.5737958876803,0.9122175198232955,0.9698974687809703,0.9912615220172716
ar05_match,0.5,1000,13,adaptive_nominal,0.84,0.5734673366834171,637.5375264053716,634.5737958876803,0.9122175198232955,0.9698974687809703,0.9912615220172716
ar05_match,0.5,1000,13,adaptive_joint_nominal,0.835268,0.570251256281407,637.5375264053716,634.5737958876803,0.9122175198232955,0.9698974687809703,0.9912615220172716
ar05_match,0.5,1000,14,shared_oas,0.9139280000000001,0.6112562814070351,636.6216922109568,673.5375605300446,0.9240469262205224,0.9705896691295,0.99471419799954
ar05_match,0.5,1000,14,peer_nominal,0.9037039999999998,0.6158793969849246,636.6216922109568,673.5375605300446,0.9240469262205224,0.9705896691295,0.99471419799954
ar05_match,0.5,1000,14,peer_shrunk_nominal,0.9046,0.615678391959799,636.6216922109568,673.5375605300446,0.9240469262205224,0.9705896691295,0.99471419799954
ar05_match,0.5,1000,14,peer_cov_ess,0.90158,0.6100502512562814,636.6216922109568,673.5375605300446,0.9240469262205224,0.9705896691295,0.99471419799954
ar05_match,0.5,1000,14,adaptive_cov_ess,0.900796,0.6098492462311558,636.6216922109568,673.5375605300446,0.9240469262205224,0.9705896691295,0.99471419799954
ar05_match,0.5,1000,14,adaptive_nominal,0.9032119999999999,0.6146733668341708,636.6216922109568,673.5375605300446,0.9240469262205224,0.9705896691295,0.99471419799954
ar05_match,0.5,1000,14,adaptive_joint_nominal,0.904192,0.6150753768844222,636.6216922109568,673.5375605300446,0.9240469262205224,0.9705896691295,0.99471419799954
ar05_match,0.5,1000,15,shared_oas,0.821452,0.577286432160804,618.029572670262,620.8933862905258,0.9335796251604638,0.9708693954321032,0.9941080154052265
ar05_match,0.5,1000,15,peer_nominal,0.8198559999999999,0.575678391959799,618.029572670262,620.8933862905258,0.9335796251604638,0.9708693954321032,0.9941080154052265
ar05_match,0.5,1000,15,peer_shrunk_nominal,0.8195520000000001,0.5750753768844221,618.029572670262,620.8933862905258,0.9335796251604638,0.9708693954321032,0.9941080154052265
ar05_match,0.5,1000,15,peer_cov_ess,0.8184840000000001,0.574070351758794,618.029572670262,620.8933862905258,0.9335796251604638,0.9708693954321032,0.9941080154052265
ar05_match,0.5,1000,15,adaptive_cov_ess,0.818864,0.5736683417085428,618.029572670262,620.8933862905258,0.9335796251604638,0.9708693954321032,0.9941080154052265
ar05_match,0.5,1000,15,adaptive_nominal,0.820044,0.5758793969849246,618.029572670262,620.8933862905258,0.9335796251604638,0.9708693954321032,0.9941080154052265
ar05_match,0.5,1000,15,adaptive_joint_nominal,0.819784,0.5758793969849246,618.029572670262,620.8933862905258,0.9335796251604638,0.9708693954321032,0.9941080154052265
ar05_match,0.5,1000,16,shared_oas,0.834636,0.5573869346733669,637.0873896615867,624.9715773747376,0.9310537208145455,0.965154374239419,0.9956258569065667
ar05_match,0.5,1000,16,peer_nominal,0.820268,0.5539698492462312,637.0873896615867,624.9715773747376,0.9310537208145455,0.965154374239419,0.9956258569065667
ar05_match,0.5,1000,16,peer_shrunk_nominal,0.822292,0.5559798994974875,637.0873896615867,624.9715773747376,0.9310537208145455,0.965154374239419,0.9956258569065667
ar05_match,0.5,1000,16,peer_cov_ess,0.820112,0.5541708542713568,637.0873896615867,624.9715773747376,0.9310537208145455,0.965154374239419,0.9956258569065667
ar05_match,0.5,1000,16,adaptive_cov_ess,0.82016,0.5541708542713568,637.0873896615867,624.9715773747376,0.9310537208145455,0.965154374239419,0.9956258569065667
ar05_match,0.5,1000,16,adaptive_nominal,0.8203639999999999,0.5541708542713568,637.0873896615867,624.9715773747376,0.9310537208145455,0.965154374239419,0.9956258569065667
ar05_match,0.5,1000,16,adaptive_joint_nominal,0.822472,0.5563819095477387,637.0873896615867,624.9715773747376,0.9310537208145455,0.965154374239419,0.9956258569065667
ar05_match,0.5,1000,17,shared_oas,0.790992,0.5736683417085428,635.7569412117026,672.3772080310612,0.9341530422910704,0.9628314607456754,1.001557900716806
ar05_match,0.5,1000,17,peer_nominal,0.8194560000000001,0.5792964824120603,635.7569412117026,672.3772080310612,0.9341530422910704,0.9628314607456754,1.001557900716806
ar05_match,0.5,1000,17,peer_shrunk_nominal,0.816612,0.5796984924623115,635.7569412117026,672.3772080310612,0.9341530422910704,0.9628314607456754,1.001557900716806
ar05_match,0.5,1000,17,peer_cov_ess,0.818716,0.5782914572864322,635.7569412117026,672.3772080310612,0.9341530422910704,0.9628314607456754,1.001557900716806
ar05_match,0.5,1000,17,adaptive_cov_ess,0.8188880000000001,0.5780904522613065,635.7569412117026,672.3772080310612,0.9341530422910704,0.9628314607456754,1.001557900716806
ar05_match,0.5,1000,17,adaptive_nominal,0.819572,0.5794974874371859,635.7569412117026,672.3772080310612,0.9341530422910704,0.9628314607456754,1.001557900716806
ar05_match,0.5,1000,17,adaptive_joint_nominal,0.816592,0.5790954773869347,635.7569412117026,672.3772080310612,0.9341530422910704,0.9628314607456754,1.001557900716806
ar05_match,0.5,1000,18,shared_oas,0.8744759999999999,0.5656281407035176,668.6757663343404,662.577812591679,0.924918092430113,0.9630131344095205,0.9859409978922072
ar05_match,0.5,1000,18,peer_nominal,0.87018,0.5768844221105528,668.6757663343404,662.577812591679,0.924918092430113,0.9630131344095205,0.9859409978922072
ar05_match,0.5,1000,18,peer_shrunk_nominal,0.873692,0.5780904522613065,668.6757663343404,662.577812591679,0.924918092430113,0.9630131344095205,0.9859409978922072
ar05_match,0.5,1000,18,peer_cov_ess,0.868496,0.5758793969849246,668.6757663343404,662.577812591679,0.924918092430113,0.9630131344095205,0.9859409978922072
ar05_match,0.5,1000,18,adaptive_cov_ess,0.868044,0.575678391959799,668.6757663343404,662.577812591679,0.924918092430113,0.9630131344095205,0.9859409978922072
ar05_match,0.5,1000,18,adaptive_nominal,0.8699199999999999,0.577286432160804,668.6757663343404,662.577812591679,0.924918092430113,0.9630131344095205,0.9859409978922072
ar05_match,0.5,1000,18,adaptive_joint_nominal,0.8733560000000001,0.577889447236181,668.6757663343404,662.577812591679,0.924918092430113,0.9630131344095205,0.9859409978922072
ar05_match,0.5,1000,19,shared_oas,0.8622319999999999,0.5690452261306532,631.9896192690466,636.6899617926621,0.9161076156021583,0.9663967385682675,1.011360911220646
ar05_match,0.5,1000,19,peer_nominal,0.8584320000000001,0.5782914572864322,631.9896192690466,636.6899617926621,0.9161076156021583,0.9663967385682675,1.011360911220646
ar05_match,0.5,1000,19,peer_shrunk_nominal,0.86062,0.5784924623115578,631.9896192690466,636.6899617926621,0.9161076156021583,0.9663967385682675,1.011360911220646
ar05_match,0.5,1000,19,peer_cov_ess,0.8576679999999999,0.5744723618090453,631.9896192690466,636.6899617926621,0.9161076156021583,0.9663967385682675,1.011360911220646
ar05_match,0.5,1000,19,adaptive_cov_ess,0.8572480000000001,0.574070351758794,631.9896192690466,636.6899617926621,0.9161076156021583,0.9663967385682675,1.011360911220646
ar05_match,0.5,1000,19,adaptive_nominal,0.8581919999999998,0.5784924623115578,631.9896192690466,636.6899617926621,0.9161076156021583,0.9663967385682675,1.011360911220646
ar05_match,0.5,1000,19,adaptive_joint_nominal,0.8602999999999998,0.5784924623115578,631.9896192690466,636.6899617926621,0.9161076156021583,0.9663967385682675,1.011360911220646
ar05_match,0.5,1000,20,shared_oas,0.895296,0.6134673366834171,636.8613157769355,627.2202391546398,0.9328233003298956,0.9629211722331674,1.0055291680234388
ar05_match,0.5,1000,20,peer_nominal,0.8915400000000001,0.6064321608040201,636.8613157769355,627.2202391546398,0.9328233003298956,0.9629211722331674,1.0055291680234388
ar05_match,0.5,1000,20,peer_shrunk_nominal,0.8923039999999999,0.607035175879397,636.8613157769355,627.2202391546398,0.9328233003298956,0.9629211722331674,1.0055291680234388
ar05_match,0.5,1000,20,peer_cov_ess,0.8902319999999999,0.6062311557788944,636.8613157769355,627.2202391546398,0.9328233003298956,0.9629211722331674,1.0055291680234388
ar05_match,0.5,1000,20,adaptive_cov_ess,0.8907160000000001,0.6064321608040201,636.8613157769355,627.2202391546398,0.9328233003298956,0.9629211722331674,1.0055291680234388
ar05_match,0.5,1000,20,adaptive_nominal,0.891792,0.6068341708542714,636.8613157769355,627.2202391546398,0.9328233003298956,0.9629211722331674,1.0055291680234388
ar05_match,0.5,1000,20,adaptive_joint_nominal,0.892712,0.6074371859296482,636.8613157769355,627.2202391546398,0.9328233003298956,0.9629211722331674,1.0055291680234388
ar05_match,0.5,1000,21,shared_oas,0.8902400000000001,0.6211055276381909,635.463940725283,624.7487121086704,0.911539772907281,0.9681772544117613,1.0124929111311414
ar05_match,0.5,1000,21,peer_nominal,0.8894559999999999,0.6265326633165829,635.463940725283,624.7487121086704,0.911539772907281,0.9681772544117613,1.0124929111311414
ar05_match,0.5,1000,21,peer_shrunk_nominal,0.8887759999999999,0.6221105527638191,635.463940725283,624.7487121086704,0.911539772907281,0.9681772544117613,1.0124929111311414
ar05_match,0.5,1000,21,peer_cov_ess,0.8876519999999999,0.6217085427135678,635.463940725283,624.7487121086704,0.911539772907281,0.9681772544117613,1.0124929111311414
ar05_match,0.5,1000,21,adaptive_cov_ess,0.8864159999999999,0.6188944723618091,635.463940725283,624.7487121086704,0.911539772907281,0.9681772544117613,1.0124929111311414
ar05_match,0.5,1000,21,adaptive_nominal,0.888644,0.6245226130653266,635.463940725283,624.7487121086704,0.911539772907281,0.9681772544117613,1.0124929111311414
ar05_match,0.5,1000,21,adaptive_joint_nominal,0.8879639999999999,0.6209045226130653,635.463940725283,624.7487121086704,0.911539772907281,0.9681772544117613,1.0124929111311414
ar05_match,0.5,1000,22,shared_oas,0.869408,0.6050251256281407,614.2420728557921,613.2115739947761,0.9166009551738221,0.9593201507064747,1.0029244351700006
ar05_match,0.5,1000,22,peer_nominal,0.870544,0.5917587939698492,614.2420728557921,613.2115739947761,0.9166009551738221,0.9593201507064747,1.0029244351700006
ar05_match,0.5,1000,22,peer_shrunk_nominal,0.8702359999999999,0.5933668341708542,614.2420728557921,613.2115739947761,0.9166009551738221,0.9593201507064747,1.0029244351700006
ar05_match,0.5,1000,22,peer_cov_ess,0.869732,0.5919597989949749,614.2420728557921,613.2115739947761,0.9166009551738221,0.9593201507064747,1.0029244351700006
ar05_match,0.5,1000,22,adaptive_cov_ess,0.870024,0.5927638190954774,614.2420728557921,613.2115739947761,0.9166009551738221,0.9593201507064747,1.0029244351700006
ar05_match,0.5,1000,22,adaptive_nominal,0.870732,0.5923618090452262,614.2420728557921,613.2115739947761,0.9166009551738221,0.9593201507064747,1.0029244351700006
ar05_match,0.5,1000,22,adaptive_joint_nominal,0.870396,0.5935678391959799,614.2420728557921,613.2115739947761,0.9166009551738221,0.9593201507064747,1.0029244351700006
ar05_match,0.5,1000,23,shared_oas,0.8646400000000001,0.5692462311557789,638.184816296689,650.6034109050304,0.9346269574542403,0.9662777887244652,1.0126407006552478
ar05_match,0.5,1000,23,peer_nominal,0.9007000000000001,0.6028140703517588,638.184816296689,650.6034109050304,0.9346269574542403,0.9662777887244652,1.0126407006552478
ar05_match,0.5,1000,23,peer_shrunk_nominal,0.8996040000000001,0.6002010050251256,638.184816296689,650.6034109050304,0.9346269574542403,0.9662777887244652,1.0126407006552478
ar05_match,0.5,1000,23,peer_cov_ess,0.899288,0.5981909547738693,638.184816296689,650.6034109050304,0.9346269574542403,0.9662777887244652,1.0126407006552478
ar05_match,0.5,1000,23,adaptive_cov_ess,0.899084,0.5977889447236181,638.184816296689,650.6034109050304,0.9346269574542403,0.9662777887244652,1.0126407006552478
ar05_match,0.5,1000,23,adaptive_nominal,0.900532,0.6026130653266332,638.184816296689,650.6034109050304,0.9346269574542403,0.9662777887244652,1.0126407006552478
ar05_match,0.5,1000,23,adaptive_joint_nominal,0.8993439999999999,0.6,638.184816296689,650.6034109050304,0.9346269574542403,0.9662777887244652,1.0126407006552478
ar05_match,0.5,1000,24,shared_oas,0.8464280000000001,0.5977889447236181,625.9621371721879,636.9526833943271,0.9071523257128937,0.9664610505131104,1.0044518078847575
ar05_match,0.5,1000,24,peer_nominal,0.872956,0.6142713567839195,625.9621371721879,636.9526833943271,0.9071523257128937,0.9664610505131104,1.0044518078847575
ar05_match,0.5,1000,24,peer_shrunk_nominal,0.868716,0.614070351758794,625.9621371721879,636.9526833943271,0.9071523257128937,0.9664610505131104,1.0044518078847575
ar05_match,0.5,1000,24,peer_cov_ess,0.870692,0.6108542713567839,625.9621371721879,636.9526833943271,0.9071523257128937,0.9664610505131104,1.0044518078847575
ar05_match,0.5,1000,24,adaptive_cov_ess,0.8704239999999999,0.610251256281407,625.9621371721879,636.9526833943271,0.9071523257128937,0.9664610505131104,1.0044518078847575
ar05_match,0.5,1000,24,adaptive_nominal,0.872776,0.614070351758794,625.9621371721879,636.9526833943271,0.9071523257128937,0.9664610505131104,1.0044518078847575
ar05_match,0.5,1000,24,adaptive_joint_nominal,0.8684159999999999,0.6138693467336683,625.9621371721879,636.9526833943271,0.9071523257128937,0.9664610505131104,1.0044518078847575
ar05_match,0.5,1000,25,shared_oas,0.8892679999999998,0.5660301507537688,641.9120162706173,649.2984776305387,0.9239916412536342,0.9645435758243455,0.9948738047132755
ar05_match,0.5,1000,25,peer_nominal,0.8831800000000001,0.5710552763819096,641.9120162706173,649.2984776305387,0.9239916412536342,0.9645435758243455,0.9948738047132755
ar05_match,0.5,1000,25,peer_shrunk_nominal,0.883076,0.5688442211055276,641.9120162706173,649.2984776305387,0.9239916412536342,0.9645435758243455,0.9948738047132755
ar05_match,0.5,1000,25,peer_cov_ess,0.882992,0.5690452261306532,641.9120162706173,649.2984776305387,0.9239916412536342,0.9645435758243455,0.9948738047132755
ar05_match,0.5,1000,25,adaptive_cov_ess,0.8822720000000001,0.5690452261306532,641.9120162706173,649.2984776305387,0.9239916412536342,0.9645435758243455,0.9948738047132755
ar05_match,0.5,1000,25,adaptive_nominal,0.882792,0.5700502512562814,641.9120162706173,649.2984776305387,0.9239916412536342,0.9645435758243455,0.9948738047132755
ar05_match,0.5,1000,25,adaptive_joint_nominal,0.882608,0.5680402010050252,641.9120162706173,649.2984776305387,0.9239916412536342,0.9645435758243455,0.9948738047132755
ar05_match,0.5,1000,26,shared_oas,0.854116,0.614070351758794,624.3669605151508,609.8520012575607,0.9211246674726119,0.9702208737416246,1.0062980576950733
ar05_match,0.5,1000,26,peer_nominal,0.8703799999999999,0.64,624.3669605151508,609.8520012575607,0.9211246674726119,0.9702208737416246,1.0062980576950733
ar05_match,0.5,1000,26,peer_shrunk_nominal,0.868832,0.6387939698492462,624.3669605151508,609.8520012575607,0.9211246674726119,0.9702208737416246,1.0062980576950733
ar05_match,0.5,1000,26,peer_cov_ess,0.869436,0.6381909547738693,624.3669605151508,609.8520012575607,0.9211246674726119,0.9702208737416246,1.0062980576950733
ar05_match,0.5,1000,26,adaptive_cov_ess,0.869372,0.6375879396984925,624.3669605151508,609.8520012575607,0.9211246674726119,0.9702208737416246,1.0062980576950733
ar05_match,0.5,1000,26,adaptive_nominal,0.870284,0.6397989949748744,624.3669605151508,609.8520012575607,0.9211246674726119,0.9702208737416246,1.0062980576950733
ar05_match,0.5,1000,26,adaptive_joint_nominal,0.8688680000000001,0.6385929648241206,624.3669605151508,609.8520012575607,0.9211246674726119,0.9702208737416246,1.0062980576950733
ar05_match,0.5,1000,27,shared_oas,0.8622879999999999,0.6906532663316582,626.024298866359,654.4133638054543,0.9292116138514592,0.9639246104847272,1.0041445406585472
ar05_match,0.5,1000,27,peer_nominal,0.892884,0.6982914572864322,626.024298866359,654.4133638054543,0.9292116138514592,0.9639246104847272,1.0041445406585472
ar05_match,0.5,1000,27,peer_shrunk_nominal,0.8897519999999999,0.697889447236181,626.024298866359,654.4133638054543,0.9292116138514592,0.9639246104847272,1.0041445406585472
ar05_match,0.5,1000,27,peer_cov_ess,0.892336,0.7001005025125628,626.024298866359,654.4133638054543,0.9292116138514592,0.9639246104847272,1.0041445406585472
ar05_match,0.5,1000,27,adaptive_cov_ess,0.892484,0.7003015075376884,626.024298866359,654.4133638054543,0.9292116138514592,0.9639246104847272,1.0041445406585472
ar05_match,0.5,1000,27,adaptive_nominal,0.892976,0.6982914572864322,626.024298866359,654.4133638054543,0.9292116138514592,0.9639246104847272,1.0041445406585472
ar05_match,0.5,1000,27,adaptive_joint_nominal,0.8897599999999999,0.6974874371859296,626.024298866359,654.4133638054543,0.9292116138514592,0.9639246104847272,1.0041445406585472
ar05_match,0.5,1000,28,shared_oas,0.893748,0.6418090452261307,644.3867744346715,677.8220769096372,0.9348158862782914,0.9595510617864128,0.9943354497309498
ar05_match,0.5,1000,28,peer_nominal,0.8908720000000001,0.6321608040201006,644.3867744346715,677.8220769096372,0.9348158862782914,0.9595510617864128,0.9943354497309498
ar05_match,0.5,1000,28,peer_shrunk_nominal,0.890776,0.6315577889447236,644.3867744346715,677.8220769096372,0.9348158862782914,0.9595510617864128,0.9943354497309498
ar05_match,0.5,1000,28,peer_cov_ess,0.8900319999999999,0.6341708542713568,644.3867744346715,677.8220769096372,0.9348158862782914,0.9595510617864128,0.9943354497309498
ar05_match,0.5,1000,28,adaptive_cov_ess,0.890164,0.6339698492462311,644.3867744346715,677.8220769096372,0.9348158862782914,0.9595510617864128,0.9943354497309498
ar05_match,0.5,1000,28,adaptive_nominal,0.891032,0.6325628140703518,644.3867744346715,677.8220769096372,0.9348158862782914,0.9595510617864128,0.9943354497309498
ar05_match,0.5,1000,28,adaptive_joint_nominal,0.890916,0.6323618090452261,644.3867744346715,677.8220769096372,0.9348158862782914,0.9595510617864128,0.9943354497309498
ar05_match,0.5,1000,29,shared_oas,0.879888,0.5606030150753769,629.0066214067723,622.0017559413116,0.9066583173376517,0.965483080148756,1.0009740723343872
ar05_match,0.5,1000,29,peer_nominal,0.873324,0.5626130653266331,629.0066214067723,622.0017559413116,0.9066583173376517,0.965483080148756,1.0009740723343872
ar05_match,0.5,1000,29,peer_shrunk_nominal,0.8749,0.5632160804020101,629.0066214067723,622.0017559413116,0.9066583173376517,0.965483080148756,1.0009740723343872
ar05_match,0.5,1000,29,peer_cov_ess,0.871136,0.5626130653266331,629.0066214067723,622.0017559413116,0.9066583173376517,0.965483080148756,1.0009740723343872
ar05_match,0.5,1000,29,adaptive_cov_ess,0.87154,0.5624120603015076,629.0066214067723,622.0017559413116,0.9066583173376517,0.965483080148756,1.0009740723343872
ar05_match,0.5,1000,29,adaptive_nominal,0.873568,0.5626130653266331,629.0066214067723,622.0017559413116,0.9066583173376517,0.965483080148756,1.0009740723343872
ar05_match,0.5,1000,29,adaptive_joint_nominal,0.875208,0.5630150753768844,629.0066214067723,622.0017559413116,0.9066583173376517,0.965483080148756,1.0009740723343872
ar05_match,0.5,1000,30,shared_oas,0.938312,0.6588944723618091,643.7945985331311,639.1330761097266,0.9284638922993103,0.9699073899820078,0.9962769599962797
ar05_match,0.5,1000,30,peer_nominal,0.932932,0.6639195979899497,643.7945985331311,639.1330761097266,0.9284638922993103,0.9699073899820078,0.9962769599962797
ar05_match,0.5,1000,30,peer_shrunk_nominal,0.931068,0.6588944723618091,643.7945985331311,639.1330761097266,0.9284638922993103,0.9699073899820078,0.9962769599962797
ar05_match,0.5,1000,30,peer_cov_ess,0.931856,0.662713567839196,643.7945985331311,639.1330761097266,0.9284638922993103,0.9699073899820078,0.9962769599962797
ar05_match,0.5,1000,30,adaptive_cov_ess,0.93152,0.6617085427135678,643.7945985331311,639.1330761097266,0.9284638922993103,0.9699073899820078,0.9962769599962797
ar05_match,0.5,1000,30,adaptive_nominal,0.93274,0.6633165829145728,643.7945985331311,639.1330761097266,0.9284638922993103,0.9699073899820078,0.9962769599962797
ar05_match,0.5,1000,30,adaptive_joint_nominal,0.930852,0.6580904522613065,643.7945985331311,639.1330761097266,0.9284638922993103,0.9699073899820078,0.9962769599962797
ar05_match,0.5,1000,31,shared_oas,0.837056,0.568643216080402,652.1734720868161,680.0765942254363,0.9288773124821472,0.9677073283304662,0.9936607675726926
ar05_match,0.5,1000,31,peer_nominal,0.831472,0.5738693467336684,652.1734720868161,680.0765942254363,0.9288773124821472,0.9677073283304662,0.9936607675726926
ar05_match,0.5,1000,31,peer_shrunk_nominal,0.832908,0.5754773869346734,652.1734720868161,680.0765942254363,0.9288773124821472,0.9677073283304662,0.9936607675726926
ar05_match,0.5,1000,31,peer_cov_ess,0.8313240000000001,0.5748743718592965,652.1734720868161,680.0765942254363,0.9288773124821472,0.9677073283304662,0.9936607675726926
ar05_match,0.5,1000,31,adaptive_cov_ess,0.83124,0.5746733668341708,652.1734720868161,680.0765942254363,0.9288773124821472,0.9677073283304662,0.9936607675726926
ar05_match,0.5,1000,31,adaptive_nominal,0.8315279999999999,0.5734673366834171,652.1734720868161,680.0765942254363,0.9288773124821472,0.9677073283304662,0.9936607675726926
ar05_match,0.5,1000,31,adaptive_joint_nominal,0.832772,0.5754773869346734,652.1734720868161,680.0765942254363,0.9288773124821472,0.9677073283304662,0.9936607675726926
ar05_match,0.5,1000,32,shared_oas,0.8897120000000001,0.6182914572864322,633.0186862651999,605.7831042029022,0.9256893424002788,0.9561510727569777,0.9884549493640598
ar05_match,0.5,1000,32,peer_nominal,0.876628,0.6188944723618091,633.0186862651999,605.7831042029022,0.9256893424002788,0.9561510727569777,0.9884549493640598
ar05_match,0.5,1000,32,peer_shrunk_nominal,0.8792199999999999,0.6205025125628141,633.0186862651999,605.7831042029022,0.9256893424002788,0.9561510727569777,0.9884549493640598
ar05_match,0.5,1000,32,peer_cov_ess,0.874072,0.6170854271356784,633.0186862651999,605.7831042029022,0.9256893424002788,0.9561510727569777,0.9884549493640598
ar05_match,0.5,1000,32,adaptive_cov_ess,0.874404,0.6168844221105527,633.0186862651999,605.7831042029022,0.9256893424002788,0.9561510727569777,0.9884549493640598
ar05_match,0.5,1000,32,adaptive_nominal,0.876948,0.6192964824120603,633.0186862651999,605.7831042029022,0.9256893424002788,0.9561510727569777,0.9884549493640598
ar05_match,0.5,1000,32,adaptive_joint_nominal,0.8795120000000001,0.6207035175879397,633.0186862651999,605.7831042029022,0.9256893424002788,0.9561510727569777,0.9884549493640598
ar05_match,0.5,1000,33,shared_oas,0.799424,0.5507537688442211,651.3101547422262,662.1507070713633,0.9049688965126352,0.9616752684167589,0.9838802187483578
ar05_match,0.5,1000,33,peer_nominal,0.7884360000000001,0.5495477386934673,651.3101547422262,662.1507070713633,0.9049688965126352,0.9616752684167589,0.9838802187483578
ar05_match,0.5,1000,33,peer_shrunk_nominal,0.7906799999999999,0.5505527638190955,651.3101547422262,662.1507070713633,0.9049688965126352,0.9616752684167589,0.9838802187483578
ar05_match,0.5,1000,33,peer_cov_ess,0.788296,0.5505527638190955,651.3101547422262,662.1507070713633,0.9049688965126352,0.9616752684167589,0.9838802187483578
ar05_match,0.5,1000,33,adaptive_cov_ess,0.78836,0.5507537688442211,651.3101547422262,662.1507070713633,0.9049688965126352,0.9616752684167589,0.9838802187483578
ar05_match,0.5,1000,33,adaptive_nominal,0.788524,0.549748743718593,651.3101547422262,662.1507070713633,0.9049688965126352,0.9616752684167589,0.9838802187483578
ar05_match,0.5,1000,33,adaptive_joint_nominal,0.790676,0.5507537688442211,651.3101547422262,662.1507070713633,0.9049688965126352,0.9616752684167589,0.9838802187483578
ar05_match,0.5,1000,34,shared_oas,0.8661279999999999,0.6263316582914573,659.175079468431,691.4173939183403,0.9329267872053548,0.9723863367406398,0.9932844400100619
ar05_match,0.5,1000,34,peer_nominal,0.8704440000000001,0.6422110552763819,659.175079468431,691.4173939183403,0.9329267872053548,0.9723863367406398,0.9932844400100619
ar05_match,0.5,1000,34,peer_shrunk_nominal,0.870268,0.6408040201005025,659.175079468431,691.4173939183403,0.9329267872053548,0.9723863367406398,0.9932844400100619
ar05_match,0.5,1000,34,peer_cov_ess,0.868452,0.6389949748743718,659.175079468431,691.4173939183403,0.9329267872053548,0.9723863367406398,0.9932844400100619
ar05_match,0.5,1000,34,adaptive_cov_ess,0.86854,0.639396984924623,659.175079468431,691.4173939183403,0.9329267872053548,0.9723863367406398,0.9932844400100619
ar05_match,0.5,1000,34,adaptive_nominal,0.870384,0.6412060301507537,659.175079468431,691.4173939183403,0.9329267872053548,0.9723863367406398,0.9932844400100619
ar05_match,0.5,1000,34,adaptive_joint_nominal,0.8703159999999999,0.6406030150753769,659.175079468431,691.4173939183403,0.9329267872053548,0.9723863367406398,0.9932844400100619
ar05_match,0.5,1000,35,shared_oas,0.886648,0.6345728643216081,647.2264541297748,666.3852086792608,0.9015487391972774,0.9722316041676531,0.9995213803962535
ar05_match,0.5,1000,35,peer_nominal,0.8729960000000001,0.6221105527638191,647.2264541297748,666.3852086792608,0.9015487391972774,0.9722316041676531,0.9995213803962535
ar05_match,0.5,1000,35,peer_shrunk_nominal,0.8751599999999999,0.6265326633165829,647.2264541297748,666.3852086792608,0.9015487391972774,0.9722316041676531,0.9995213803962535
ar05_match,0.5,1000,35,peer_cov_ess,0.871508,0.6231155778894473,647.2264541297748,666.3852086792608,0.9015487391972774,0.9722316041676531,0.9995213803962535
ar05_match,0.5,1000,35,adaptive_cov_ess,0.870872,0.6223115577889448,647.2264541297748,666.3852086792608,0.9015487391972774,0.9722316041676531,0.9995213803962535
ar05_match,0.5,1000,35,adaptive_nominal,0.87264,0.6221105527638191,647.2264541297748,666.3852086792608,0.9015487391972774,0.9722316041676531,0.9995213803962535
ar05_match,0.5,1000,35,adaptive_joint_nominal,0.8748239999999998,0.6265326633165829,647.2264541297748,666.3852086792608,0.9015487391972774,0.9722316041676531,0.9995213803962535
ar05_match,0.5,1000,36,shared_oas,0.8315839999999999,0.5959798994974874,654.4994647813126,645.9538655098398,0.910917964479214,0.9707248115503986,0.9869828520499956
ar05_match,0.5,1000,36,peer_nominal,0.8332879999999999,0.5963819095477387,654.4994647813126,645.9538655098398,0.910917964479214,0.9707248115503986,0.9869828520499956
ar05_match,0.5,1000,36,peer_shrunk_nominal,0.8338079999999999,0.5985929648241206,654.4994647813126,645.9538655098398,0.910917964479214,0.9707248115503986,0.9869828520499956
ar05_match,0.5,1000,36,peer_cov_ess,0.832712,0.5943718592964824,654.4994647813126,645.9538655098398,0.910917964479214,0.9707248115503986,0.9869828520499956
ar05_match,0.5,1000,36,adaptive_cov_ess,0.8327600000000001,0.5941708542713567,654.4994647813126,645.9538655098398,0.910917964479214,0.9707248115503986,0.9869828520499956
ar05_match,0.5,1000,36,adaptive_nominal,0.8332959999999998,0.5963819095477387,654.4994647813126,645.9538655098398,0.910917964479214,0.9707248115503986,0.9869828520499956
ar05_match,0.5,1000,36,adaptive_joint_nominal,0.8338999999999999,0.598391959798995,654.4994647813126,645.9538655098398,0.910917964479214,0.9707248115503986,0.9869828520499956
ar05_match,0.5,1000,37,shared_oas,0.841048,0.5696482412060302,644.3986868609242,617.4852135709043,0.9087639615574203,0.9653803191083814,0.9828726593260082
ar05_match,0.5,1000,37,peer_nominal,0.8858999999999999,0.5989949748743718,644.3986868609242,617.4852135709043,0.9087639615574203,0.9653803191083814,0.9828726593260082
ar05_match,0.5,1000,37,peer_shrunk_nominal,0.8812280000000001,0.5933668341708542,644.3986868609242,617.4852135709043,0.9087639615574203,0.9653803191083814,0.9828726593260082
ar05_match,0.5,1000,37,peer_cov_ess,0.8839480000000001,0.5951758793969849,644.3986868609242,617.4852135709043,0.9087639615574203,0.9653803191083814,0.9828726593260082
ar05_match,0.5,1000,37,adaptive_cov_ess,0.8836160000000001,0.5943718592964824,644.3986868609242,617.4852135709043,0.9087639615574203,0.9653803191083814,0.9828726593260082
ar05_match,0.5,1000,37,adaptive_nominal,0.88562,0.5981909547738693,644.3986868609242,617.4852135709043,0.9087639615574203,0.9653803191083814,0.9828726593260082
ar05_match,0.5,1000,37,adaptive_joint_nominal,0.8810119999999999,0.5927638190954774,644.3986868609242,617.4852135709043,0.9087639615574203,0.9653803191083814,0.9828726593260082
ar05_match,0.5,1000,38,shared_oas,0.8673599999999999,0.5734673366834171,621.4028925296114,612.7694530875771,0.9172947650899304,0.9720142876460736,1.0137279324951542
ar05_match,0.5,1000,38,peer_nominal,0.8826719999999999,0.588140703517588,621.4028925296114,612.7694530875771,0.9172947650899304,0.9720142876460736,1.0137279324951542
ar05_match,0.5,1000,38,peer_shrunk_nominal,0.880656,0.5855276381909548,621.4028925296114,612.7694530875771,0.9172947650899304,0.9720142876460736,1.0137279324951542
ar05_match,0.5,1000,38,peer_cov_ess,0.8814999999999998,0.5853266331658291,621.4028925296114,612.7694530875771,0.9172947650899304,0.9720142876460736,1.0137279324951542
ar05_match,0.5,1000,38,adaptive_cov_ess,0.881608,0.5859296482412061,621.4028925296114,612.7694530875771,0.9172947650899304,0.9720142876460736,1.0137279324951542
ar05_match,0.5,1000,38,adaptive_nominal,0.882708,0.5883417085427136,621.4028925296114,612.7694530875771,0.9172947650899304,0.9720142876460736,1.0137279324951542
ar05_match,0.5,1000,38,adaptive_joint_nominal,0.8806720000000001,0.5855276381909548,621.4028925296114,612.7694530875771,0.9172947650899304,0.9720142876460736,1.0137279324951542
ar05_match,0.5,1000,39,shared_oas,0.8735480000000001,0.5786934673366835,643.6951385395769,647.9710968855685,0.9150117446715759,0.9646213595668831,0.987861325406807
ar05_match,0.5,1000,39,peer_nominal,0.8794759999999999,0.5823115577889447,643.6951385395769,647.9710968855685,0.9150117446715759,0.9646213595668831,0.987861325406807
ar05_match,0.5,1000,39,peer_shrunk_nominal,0.879696,0.5825125628140704,643.6951385395769,647.9710968855685,0.9150117446715759,0.9646213595668831,0.987861325406807
ar05_match,0.5,1000,39,peer_cov_ess,0.877988,0.5811055276381909,643.6951385395769,647.9710968855685,0.9150117446715759,0.9646213595668831,0.987861325406807
ar05_match,0.5,1000,39,adaptive_cov_ess,0.8783679999999999,0.5807035175879397,643.6951385395769,647.9710968855685,0.9150117446715759,0.9646213595668831,0.987861325406807
ar05_match,0.5,1000,39,adaptive_nominal,0.8798360000000001,0.5823115577889447,643.6951385395769,647.9710968855685,0.9150117446715759,0.9646213595668831,0.987861325406807
ar05_match,0.5,1000,39,adaptive_joint_nominal,0.880064,0.5829145728643216,643.6951385395769,647.9710968855685,0.9150117446715759,0.9646213595668831,0.987861325406807
ar08_match,0.8,30,0,shared_oas,0.75944,0.5139698492462311,16.760649539638578,22.720415459127878,0.21670143885502613,0.4432635666859778,0.9656242656011065
ar08_match,0.8,30,0,peer_nominal,0.722108,0.52,16.760649539638578,22.720415459127878,0.21670143885502613,0.4432635666859778,0.9656242656011065
ar08_match,0.8,30,0,peer_shrunk_nominal,0.751436,0.5197989949748744,16.760649539638578,22.720415459127878,0.21670143885502613,0.4432635666859778,0.9656242656011065
ar08_match,0.8,30,0,peer_cov_ess,0.7286360000000001,0.5214070351758794,16.760649539638578,22.720415459127878,0.21670143885502613,0.4432635666859778,0.9656242656011065
ar08_match,0.8,30,0,adaptive_cov_ess,0.726948,0.5202010050251257,16.760649539638578,22.720415459127878,0.21670143885502613,0.4432635666859778,0.9656242656011065
ar08_match,0.8,30,0,adaptive_nominal,0.7205679999999999,0.5206030150753769,16.760649539638578,22.720415459127878,0.21670143885502613,0.4432635666859778,0.9656242656011065
ar08_match,0.8,30,0,adaptive_joint_nominal,0.7536080000000001,0.5195979899497487,16.760649539638578,22.720415459127878,0.21670143885502613,0.4432635666859778,0.9656242656011065
ar08_match,0.8,30,1,shared_oas,0.875552,0.5809045226130654,18.181692341173626,22.503960965693786,0.2256983907871851,0.5243064860422024,0.9530866741801025
ar08_match,0.8,30,1,peer_nominal,0.8633,0.5786934673366835,18.181692341173626,22.503960965693786,0.2256983907871851,0.5243064860422024,0.9530866741801025
ar08_match,0.8,30,1,peer_shrunk_nominal,0.901676,0.5967839195979899,18.181692341173626,22.503960965693786,0.2256983907871851,0.5243064860422024,0.9530866741801025
ar08_match,0.8,30,1,peer_cov_ess,0.8545799999999999,0.5893467336683417,18.181692341173626,22.503960965693786,0.2256983907871851,0.5243064860422024,0.9530866741801025
ar08_match,0.8,30,1,adaptive_cov_ess,0.8526559999999999,0.587537688442211,18.181692341173626,22.503960965693786,0.2256983907871851,0.5243064860422024,0.9530866741801025
ar08_match,0.8,30,1,adaptive_nominal,0.8612120000000001,0.5798994974874372,18.181692341173626,22.503960965693786,0.2256983907871851,0.5243064860422024,0.9530866741801025
ar08_match,0.8,30,1,adaptive_joint_nominal,0.8987040000000001,0.5947738693467337,18.181692341173626,22.503960965693786,0.2256983907871851,0.5243064860422024,0.9530866741801025
ar08_match,0.8,30,2,shared_oas,0.7657280000000001,0.5441206030150754,18.841041736882634,19.94174953890006,0.3240670202204484,0.5552090128275066,0.9553905454418896
ar08_match,0.8,30,2,peer_nominal,0.759152,0.5288442211055276,18.841041736882634,19.94174953890006,0.3240670202204484,0.5552090128275066,0.9553905454418896
ar08_match,0.8,30,2,peer_shrunk_nominal,0.745492,0.5421105527638191,18.841041736882634,19.94174953890006,0.3240670202204484,0.5552090128275066,0.9553905454418896
ar08_match,0.8,30,2,peer_cov_ess,0.772768,0.528643216080402,18.841041736882634,19.94174953890006,0.3240670202204484,0.5552090128275066,0.9553905454418896
ar08_match,0.8,30,2,adaptive_cov_ess,0.78308,0.541105527638191,18.841041736882634,19.94174953890006,0.3240670202204484,0.5552090128275066,0.9553905454418896
ar08_match,0.8,30,2,adaptive_nominal,0.76952,0.5431155778894472,18.841041736882634,19.94174953890006,0.3240670202204484,0.5552090128275066,0.9553905454418896
ar08_match,0.8,30,2,adaptive_joint_nominal,0.7624839999999999,0.5531658291457286,18.841041736882634,19.94174953890006,0.3240670202204484,0.5552090128275066,0.9553905454418896
ar08_match,0.8,30,3,shared_oas,0.8140840000000001,0.5264321608040201,19.7789560652201,22.448319680556622,0.31963931705918786,0.6377241164818076,0.9454270795985242
ar08_match,0.8,30,3,peer_nominal,0.861348,0.5778894472361809,19.7789560652201,22.448319680556622,0.31963931705918786,0.6377241164818076,0.9454270795985242
ar08_match,0.8,30,3,peer_shrunk_nominal,0.8456440000000001,0.55678391959799,19.7789560652201,22.448319680556622,0.31963931705918786,0.6377241164818076,0.9454270795985242
ar08_match,0.8,30,3,peer_cov_ess,0.862168,0.5851256281407036,19.7789560652201,22.448319680556622,0.31963931705918786,0.6377241164818076,0.9454270795985242
ar08_match,0.8,30,3,adaptive_cov_ess,0.8569479999999999,0.5869346733668341,19.7789560652201,22.448319680556622,0.31963931705918786,0.6377241164818076,0.9454270795985242
ar08_match,0.8,30,3,adaptive_nominal,0.85904,0.5784924623115578,19.7789560652201,22.448319680556622,0.31963931705918786,0.6377241164818076,0.9454270795985242
ar08_match,0.8,30,3,adaptive_joint_nominal,0.844484,0.5612060301507538,19.7789560652201,22.448319680556622,0.31963931705918786,0.6377241164818076,0.9454270795985242
ar08_match,0.8,30,4,shared_oas,0.767976,0.5308542713567839,16.737035910691446,21.670159459273044,0.2972092987031694,0.6011796056476306,0.9699443929937464
ar08_match,0.8,30,4,peer_nominal,0.868744,0.6241206030150753,16.737035910691446,21.670159459273044,0.2972092987031694,0.6011796056476306,0.9699443929937464
ar08_match,0.8,30,4,peer_shrunk_nominal,0.867972,0.5935678391959799,16.737035910691446,21.670159459273044,0.2972092987031694,0.6011796056476306,0.9699443929937464
ar08_match,0.8,30,4,peer_cov_ess,0.850244,0.5937688442211055,16.737035910691446,21.670159459273044,0.2972092987031694,0.6011796056476306,0.9699443929937464
ar08_match,0.8,30,4,adaptive_cov_ess,0.8470759999999999,0.5971859296482412,16.737035910691446,21.670159459273044,0.2972092987031694,0.6011796056476306,0.9699443929937464
ar08_match,0.8,30,4,adaptive_nominal,0.8618279999999998,0.6158793969849246,16.737035910691446,21.670159459273044,0.2972092987031694,0.6011796056476306,0.9699443929937464
ar08_match,0.8,30,4,adaptive_joint_nominal,0.8559800000000001,0.5845226130653266,16.737035910691446,21.670159459273044,0.2972092987031694,0.6011796056476306,0.9699443929937464
ar08_match,0.8,30,5,shared_oas,0.7448519999999998,0.5135678391959799,16.70375677787727,19.45421956757857,0.3054969023931021,0.5238698102853419,0.9206109257974986
ar08_match,0.8,30,5,peer_nominal,0.72394,0.5193969849246232,16.70375677787727,19.45421956757857,0.3054969023931021,0.5238698102853419,0.9206109257974986
ar08_match,0.8,30,5,peer_shrunk_nominal,0.8144119999999999,0.5280402010050251,16.70375677787727,19.45421956757857,0.3054969023931021,0.5238698102853419,0.9206109257974986
ar08_match,0.8,30,5,peer_cov_ess,0.724692,0.5159798994974875,16.70375677787727,19.45421956757857,0.3054969023931021,0.5238698102853419,0.9206109257974986
ar08_match,0.8,30,5,adaptive_cov_ess,0.721768,0.5145728643216081,16.70375677787727,19.45421956757857,0.3054969023931021,0.5238698102853419,0.9206109257974986
ar08_match,0.8,30,5,adaptive_nominal,0.722924,0.5191959798994975,16.70375677787727,19.45421956757857,0.3054969023931021,0.5238698102853419,0.9206109257974986
ar08_match,0.8,30,5,adaptive_joint_nominal,0.7970480000000001,0.5264321608040201,16.70375677787727,19.45421956757857,0.3054969023931021,0.5238698102853419,0.9206109257974986
ar08_match,0.8,30,6,shared_oas,0.926932,0.6078391959798994,19.37242653242067,24.988289622558863,0.32615639657828077,0.5079024447114662,0.9414112743994028
ar08_match,0.8,30,6,peer_nominal,0.9145439999999999,0.5752763819095478,19.37242653242067,24.988289622558863,0.32615639657828077,0.5079024447114662,0.9414112743994028
ar08_match,0.8,30,6,peer_shrunk_nominal,0.899832,0.5750753768844221,19.37242653242067,24.988289622558863,0.32615639657828077,0.5079024447114662,0.9414112743994028
ar08_match,0.8,30,6,peer_cov_ess,0.901836,0.5662311557788945,19.37242653242067,24.988289622558863,0.32615639657828077,0.5079024447114662,0.9414112743994028
ar08_match,0.8,30,6,adaptive_cov_ess,0.892292,0.55678391959799,19.37242653242067,24.988289622558863,0.32615639657828077,0.5079024447114662,0.9414112743994028
ar08_match,0.8,30,6,adaptive_nominal,0.906224,0.5684422110552764,19.37242653242067,24.988289622558863,0.32615639657828077,0.5079024447114662,0.9414112743994028
ar08_match,0.8,30,6,adaptive_joint_nominal,0.88754,0.5660301507537688,19.37242653242067,24.988289622558863,0.32615639657828077,0.5079024447114662,0.9414112743994028
ar08_match,0.8,30,7,shared_oas,0.764284,0.5467336683417086,19.137833602077098,20.694541712071793,0.25115968196784316,0.5595245466333219,0.966045049528342
ar08_match,0.8,30,7,peer_nominal,0.7214880000000001,0.515175879396985,19.137833602077098,20.694541712071793,0.25115968196784316,0.5595245466333219,0.966045049528342
ar08_match,0.8,30,7,peer_shrunk_nominal,0.7292000000000001,0.5264321608040201,19.137833602077098,20.694541712071793,0.25115968196784316,0.5595245466333219,0.966045049528342
ar08_match,0.8,30,7,peer_cov_ess,0.73206,0.5181909547738693,19.137833602077098,20.694541712071793,0.25115968196784316,0.5595245466333219,0.966045049528342
ar08_match,0.8,30,7,adaptive_cov_ess,0.728292,0.5101507537688442,19.137833602077098,20.694541712071793,0.25115968196784316,0.5595245466333219,0.966045049528342
ar08_match,0.8,30,7,adaptive_nominal,0.71648,0.5093467336683417,19.137833602077098,20.694541712071793,0.25115968196784316,0.5595245466333219,0.966045049528342
ar08_match,0.8,30,7,adaptive_joint_nominal,0.725412,0.5191959798994975,19.137833602077098,20.694541712071793,0.25115968196784316,0.5595245466333219,0.966045049528342
ar08_match,0.8,30,8,shared_oas,0.7766680000000001,0.5189949748743719,18.679326016981,22.488017515005467,0.24058117549257535,0.45158116552497934,0.9706113432972562
ar08_match,0.8,30,8,peer_nominal,0.831244,0.5451256281407035,18.679326016981,22.488017515005467,0.24058117549257535,0.45158116552497934,0.9706113432972562
ar08_match,0.8,30,8,peer_shrunk_nominal,0.82352,0.5218090452261307,18.679326016981,22.488017515005467,0.24058117549257535,0.45158116552497934,0.9706113432972562
ar08_match,0.8,30,8,peer_cov_ess,0.8265879999999999,0.5350753768844221,18.679326016981,22.488017515005467,0.24058117549257535,0.45158116552497934,0.9706113432972562
ar08_match,0.8,30,8,adaptive_cov_ess,0.832824,0.5370854271356784,18.679326016981,22.488017515005467,0.24058117549257535,0.45158116552497934,0.9706113432972562
ar08_match,0.8,30,8,adaptive_nominal,0.836584,0.5493467336683417,18.679326016981,22.488017515005467,0.24058117549257535,0.45158116552497934,0.9706113432972562
ar08_match,0.8,30,8,adaptive_joint_nominal,0.826372,0.5179899497487437,18.679326016981,22.488017515005467,0.24058117549257535,0.45158116552497934,0.9706113432972562
ar08_match,0.8,30,9,shared_oas,0.757952,0.5181909547738693,18.925780558919957,21.832538850562095,0.28269606550335624,0.566047864147255,0.9352521134674723
ar08_match,0.8,30,9,peer_nominal,0.856544,0.5551758793969849,18.925780558919957,21.832538850562095,0.28269606550335624,0.566047864147255,0.9352521134674723
ar08_match,0.8,30,9,peer_shrunk_nominal,0.7702720000000001,0.5165829145728643,18.925780558919957,21.832538850562095,0.28269606550335624,0.566047864147255,0.9352521134674723
ar08_match,0.8,30,9,peer_cov_ess,0.84878,0.5539698492462312,18.925780558919957,21.832538850562095,0.28269606550335624,0.566047864147255,0.9352521134674723
ar08_match,0.8,30,9,adaptive_cov_ess,0.831212,0.5433165829145729,18.925780558919957,21.832538850562095,0.28269606550335624,0.566047864147255,0.9352521134674723
ar08_match,0.8,30,9,adaptive_nominal,0.8431679999999999,0.5457286432160804,18.925780558919957,21.832538850562095,0.28269606550335624,0.566047864147255,0.9352521134674723
ar08_match,0.8,30,9,adaptive_joint_nominal,0.753636,0.515175879396985,18.925780558919957,21.832538850562095,0.28269606550335624,0.566047864147255,0.9352521134674723
ar08_match,0.8,30,10,shared_oas,0.796548,0.5736683417085428,17.062219093310517,18.47692298565306,0.2132335703331385,0.5625489235066645,0.9394910781220316
ar08_match,0.8,30,10,peer_nominal,0.733352,0.5487437185929648,17.062219093310517,18.47692298565306,0.2132335703331385,0.5625489235066645,0.9394910781220316
ar08_match,0.8,30,10,peer_shrunk_nominal,0.7919959999999999,0.5704522613065327,17.062219093310517,18.47692298565306,0.2132335703331385,0.5625489235066645,0.9394910781220316
ar08_match,0.8,30,10,peer_cov_ess,0.727268,0.5415075376884422,17.062219093310517,18.47692298565306,0.2132335703331385,0.5625489235066645,0.9394910781220316
ar08_match,0.8,30,10,adaptive_cov_ess,0.708148,0.5362814070351759,17.062219093310517,18.47692298565306,0.2132335703331385,0.5625489235066645,0.9394910781220316
ar08_match,0.8,30,10,adaptive_nominal,0.7160599999999999,0.542713567839196,17.062219093310517,18.47692298565306,0.2132335703331385,0.5625489235066645,0.9394910781220316
ar08_match,0.8,30,10,adaptive_joint_nominal,0.782216,0.5734673366834171,17.062219093310517,18.47692298565306,0.2132335703331385,0.5625489235066645,0.9394910781220316
ar08_match,0.8,30,11,shared_oas,0.7177199999999999,0.5157788944723618,15.483386192926881,19.728293715624183,0.22812274351652584,0.47877811646896545,0.9860964823893068
ar08_match,0.8,30,11,peer_nominal,0.687504,0.5125628140703518,15.483386192926881,19.728293715624183,0.22812274351652584,0.47877811646896545,0.9860964823893068
ar08_match,0.8,30,11,peer_shrunk_nominal,0.7256,0.5163819095477387,15.483386192926881,19.728293715624183,0.22812274351652584,0.47877811646896545,0.9860964823893068
ar08_match,0.8,30,11,peer_cov_ess,0.69464,0.5099497487437186,15.483386192926881,19.728293715624183,0.22812274351652584,0.47877811646896545,0.9860964823893068
ar08_match,0.8,30,11,adaptive_cov_ess,0.6851600000000001,0.5093467336683417,15.483386192926881,19.728293715624183,0.22812274351652584,0.47877811646896545,0.9860964823893068
ar08_match,0.8,30,11,adaptive_nominal,0.6812120000000002,0.5119597989949749,15.483386192926881,19.728293715624183,0.22812274351652584,0.47877811646896545,0.9860964823893068
ar08_match,0.8,30,11,adaptive_joint_nominal,0.7175159999999999,0.5131658291457286,15.483386192926881,19.728293715624183,0.22812274351652584,0.47877811646896545,0.9860964823893068
ar08_match,0.8,30,12,shared_oas,0.9126399999999999,0.6108542713567839,17.378428158497716,24.950921818605277,0.22249222222007542,0.574041454224731,0.9514490842989023
ar08_match,0.8,30,12,peer_nominal,0.860908,0.5296482412060302,17.378428158497716,24.950921818605277,0.22249222222007542,0.574041454224731,0.9514490842989023
ar08_match,0.8,30,12,peer_shrunk_nominal,0.907616,0.6090452261306533,17.378428158497716,24.950921818605277,0.22249222222007542,0.574041454224731,0.9514490842989023
ar08_match,0.8,30,12,peer_cov_ess,0.8435600000000001,0.5238190954773869,17.378428158497716,24.950921818605277,0.22249222222007542,0.574041454224731,0.9514490842989023
ar08_match,0.8,30,12,adaptive_cov_ess,0.837736,0.5226130653266332,17.378428158497716,24.950921818605277,0.22249222222007542,0.574041454224731,0.9514490842989023
ar08_match,0.8,30,12,adaptive_nominal,0.8552,0.5266331658291458,17.378428158497716,24.950921818605277,0.22249222222007542,0.574041454224731,0.9514490842989023
ar08_match,0.8,30,12,adaptive_joint_nominal,0.8974199999999999,0.5879396984924623,17.378428158497716,24.950921818605277,0.22249222222007542,0.574041454224731,0.9514490842989023
ar08_match,0.8,30,13,shared_oas,0.8140399999999999,0.5340703517587939,16.890019911511136,20.382886598017983,0.2854475234321674,0.5478963913924113,0.9338511441362736
ar08_match,0.8,30,13,peer_nominal,0.678288,0.5169849246231156,16.890019911511136,20.382886598017983,0.2854475234321674,0.5478963913924113,0.9338511441362736
ar08_match,0.8,30,13,peer_shrunk_nominal,0.769016,0.5226130653266332,16.890019911511136,20.382886598017983,0.2854475234321674,0.5478963913924113,0.9338511441362736
ar08_match,0.8,30,13,peer_cov_ess,0.660376,0.5113567839195979,16.890019911511136,20.382886598017983,0.2854475234321674,0.5478963913924113,0.9338511441362736
ar08_match,0.8,30,13,adaptive_cov_ess,0.661332,0.5131658291457286,16.890019911511136,20.382886598017983,0.2854475234321674,0.5478963913924113,0.9338511441362736
ar08_match,0.8,30,13,adaptive_nominal,0.677652,0.5173869346733668,16.890019911511136,20.382886598017983,0.2854475234321674,0.5478963913924113,0.9338511441362736
ar08_match,0.8,30,13,adaptive_joint_nominal,0.7665200000000001,0.5260301507537688,16.890019911511136,20.382886598017983,0.2854475234321674,0.5478963913924113,0.9338511441362736
ar08_match,0.8,30,14,shared_oas,0.8130440000000001,0.5662311557788945,14.990716656444322,20.75487232154569,0.25180219597579273,0.5907772472450321,0.9545761294610302
ar08_match,0.8,30,14,peer_nominal,0.708804,0.52,14.990716656444322,20.75487232154569,0.25180219597579273,0.5907772472450321,0.9545761294610302
ar08_match,0.8,30,14,peer_shrunk_nominal,0.7459640000000001,0.5298492462311558,14.990716656444322,20.75487232154569,0.25180219597579273,0.5907772472450321,0.9545761294610302
ar08_match,0.8,30,14,peer_cov_ess,0.701968,0.5177889447236181,14.990716656444322,20.75487232154569,0.25180219597579273,0.5907772472450321,0.9545761294610302
ar08_match,0.8,30,14,adaptive_cov_ess,0.6935200000000001,0.5137688442211055,14.990716656444322,20.75487232154569,0.25180219597579273,0.5907772472450321,0.9545761294610302
ar08_match,0.8,30,14,adaptive_nominal,0.697916,0.515175879396985,14.990716656444322,20.75487232154569,0.25180219597579273,0.5907772472450321,0.9545761294610302
ar08_match,0.8,30,14,adaptive_joint_nominal,0.7388399999999999,0.5252261306532663,14.990716656444322,20.75487232154569,0.25180219597579273,0.5907772472450321,0.9545761294610302
ar08_match,0.8,30,15,shared_oas,0.86344,0.5837185929648241,17.249747649809386,21.0207448560163,0.23613406844600351,0.6056484731218973,0.9672643021697419
ar08_match,0.8,30,15,peer_nominal,0.826932,0.5678391959798995,17.249747649809386,21.0207448560163,0.23613406844600351,0.6056484731218973,0.9672643021697419
ar08_match,0.8,30,15,peer_shrunk_nominal,0.8629319999999999,0.5845226130653266,17.249747649809386,21.0207448560163,0.23613406844600351,0.6056484731218973,0.9672643021697419
ar08_match,0.8,30,15,peer_cov_ess,0.815356,0.5626130653266331,17.249747649809386,21.0207448560163,0.23613406844600351,0.6056484731218973,0.9672643021697419
ar08_match,0.8,30,15,adaptive_cov_ess,0.8069680000000001,0.5559798994974874,17.249747649809386,21.0207448560163,0.23613406844600351,0.6056484731218973,0.9672643021697419
ar08_match,0.8,30,15,adaptive_nominal,0.819664,0.5680402010050252,17.249747649809386,21.0207448560163,0.23613406844600351,0.6056484731218973,0.9672643021697419
ar08_match,0.8,30,15,adaptive_joint_nominal,0.854568,0.5764824120603015,17.249747649809386,21.0207448560163,0.23613406844600351,0.6056484731218973,0.9672643021697419
ar08_match,0.8,30,16,shared_oas,0.794828,0.5509547738693468,19.575545038065847,28.40687221675118,0.28999546410700605,0.5247281308131557,0.9457718028512796
ar08_match,0.8,30,16,peer_nominal,0.762408,0.5204020100502512,19.575545038065847,28.40687221675118,0.28999546410700605,0.5247281308131557,0.9457718028512796
ar08_match,0.8,30,16,peer_shrunk_nominal,0.80946,0.5539698492462312,19.575545038065847,28.40687221675118,0.28999546410700605,0.5247281308131557,0.9457718028512796
ar08_match,0.8,30,16,peer_cov_ess,0.765024,0.5230150753768844,19.575545038065847,28.40687221675118,0.28999546410700605,0.5247281308131557,0.9457718028512796
ar08_match,0.8,30,16,adaptive_cov_ess,0.75862,0.530251256281407,19.575545038065847,28.40687221675118,0.28999546410700605,0.5247281308131557,0.9457718028512796
ar08_match,0.8,30,16,adaptive_nominal,0.7579159999999999,0.5246231155778894,19.575545038065847,28.40687221675118,0.28999546410700605,0.5247281308131557,0.9457718028512796
ar08_match,0.8,30,16,adaptive_joint_nominal,0.798356,0.5527638190954773,19.575545038065847,28.40687221675118,0.28999546410700605,0.5247281308131557,0.9457718028512796
ar08_match,0.8,30,17,shared_oas,0.744128,0.5252261306532663,17.91335916076606,25.5552052708586,0.3393392485802365,0.4846647453907478,0.9592295455862763
ar08_match,0.8,30,17,peer_nominal,0.63114,0.5051256281407035,17.91335916076606,25.5552052708586,0.3393392485802365,0.4846647453907478,0.9592295455862763
ar08_match,0.8,30,17,peer_shrunk_nominal,0.71582,0.5163819095477387,17.91335916076606,25.5552052708586,0.3393392485802365,0.4846647453907478,0.9592295455862763
ar08_match,0.8,30,17,peer_cov_ess,0.6323479999999999,0.5063316582914573,17.91335916076606,25.5552052708586,0.3393392485802365,0.4846647453907478,0.9592295455862763
ar08_match,0.8,30,17,adaptive_cov_ess,0.6387759999999999,0.502713567839196,17.91335916076606,25.5552052708586,0.3393392485802365,0.4846647453907478,0.9592295455862763
ar08_match,0.8,30,17,adaptive_nominal,0.637656,0.5011055276381909,17.91335916076606,25.5552052708586,0.3393392485802365,0.4846647453907478,0.9592295455862763
ar08_match,0.8,30,17,adaptive_joint_nominal,0.710996,0.5081407035175879,17.91335916076606,25.5552052708586,0.3393392485802365,0.4846647453907478,0.9592295455862763
ar08_match,0.8,30,18,shared_oas,0.841932,0.5079396984924623,17.3202005794884,20.352992708133222,0.23794134629901414,0.5501393302995525,0.9506371760898863
ar08_match,0.8,30,18,peer_nominal,0.782976,0.5029145728643216,17.3202005794884,20.352992708133222,0.23794134629901414,0.5501393302995525,0.9506371760898863
ar08_match,0.8,30,18,peer_shrunk_nominal,0.831996,0.5057286432160804,17.3202005794884,20.352992708133222,0.23794134629901414,0.5501393302995525,0.9506371760898863
ar08_match,0.8,30,18,peer_cov_ess,0.7784679999999999,0.5017085427135678,17.3202005794884,20.352992708133222,0.23794134629901414,0.5501393302995525,0.9506371760898863
ar08_match,0.8,30,18,adaptive_cov_ess,0.7946239999999999,0.5047236180904523,17.3202005794884,20.352992708133222,0.23794134629901414,0.5501393302995525,0.9506371760898863
ar08_match,0.8,30,18,adaptive_nominal,0.7953279999999999,0.5049246231155778,17.3202005794884,20.352992708133222,0.23794134629901414,0.5501393302995525,0.9506371760898863
ar08_match,0.8,30,18,adaptive_joint_nominal,0.8439559999999999,0.5119597989949749,17.3202005794884,20.352992708133222,0.23794134629901414,0.5501393302995525,0.9506371760898863
ar08_match,0.8,30,19,shared_oas,0.665996,0.521608040201005,15.614570803272418,18.556190623640546,0.24406714647835812,0.45497463527097537,0.9705609402496986
ar08_match,0.8,30,19,peer_nominal,0.6512519999999999,0.5195979899497487,15.614570803272418,18.556190623640546,0.24406714647835812,0.45497463527097537,0.9705609402496986
ar08_match,0.8,30,19,peer_shrunk_nominal,0.665308,0.5236180904522613,15.614570803272418,18.556190623640546,0.24406714647835812,0.45497463527097537,0.9705609402496986
ar08_match,0.8,30,19,peer_cov_ess,0.6571400000000001,0.5228140703517588,15.614570803272418,18.556190623640546,0.24406714647835812,0.45497463527097537,0.9705609402496986
ar08_match,0.8,30,19,adaptive_cov_ess,0.653476,0.5222110552763819,15.614570803272418,18.556190623640546,0.24406714647835812,0.45497463527097537,0.9705609402496986
ar08_match,0.8,30,19,adaptive_nominal,0.64642,0.5191959798994975,15.614570803272418,18.556190623640546,0.24406714647835812,0.45497463527097537,0.9705609402496986
ar08_match,0.8,30,19,adaptive_joint_nominal,0.66364,0.5264321608040201,15.614570803272418,18.556190623640546,0.24406714647835812,0.45497463527097537,0.9705609402496986
ar08_match,0.8,30,20,shared_oas,0.7501760000000001,0.5296482412060302,16.656104478471104,18.845092166913815,0.2386195475997657,0.553016447076536,0.9630601233430179
ar08_match,0.8,30,20,peer_nominal,0.765252,0.5111557788944724,16.656104478471104,18.845092166913815,0.2386195475997657,0.553016447076536,0.9630601233430179
ar08_match,0.8,30,20,peer_shrunk_nominal,0.7980720000000001,0.5352763819095477,16.656104478471104,18.845092166913815,0.2386195475997657,0.553016447076536,0.9630601233430179
ar08_match,0.8,30,20,peer_cov_ess,0.7571079999999999,0.5113567839195979,16.656104478471104,18.845092166913815,0.2386195475997657,0.553016447076536,0.9630601233430179
ar08_match,0.8,30,20,adaptive_cov_ess,0.7685120000000001,0.5125628140703518,16.656104478471104,18.845092166913815,0.2386195475997657,0.553016447076536,0.9630601233430179
ar08_match,0.8,30,20,adaptive_nominal,0.7724799999999999,0.5137688442211056,16.656104478471104,18.845092166913815,0.2386195475997657,0.553016447076536,0.9630601233430179
ar08_match,0.8,30,20,adaptive_joint_nominal,0.80138,0.5366834170854271,16.656104478471104,18.845092166913815,0.2386195475997657,0.553016447076536,0.9630601233430179
ar08_match,0.8,30,21,shared_oas,0.70602,0.5011055276381909,18.494695640482522,23.717447041526917,0.2532996820935386,0.5434372380540642,0.9454775148520727
ar08_match,0.8,30,21,peer_nominal,0.8086639999999999,0.5752763819095478,18.494695640482522,23.717447041526917,0.2532996820935386,0.5434372380540642,0.9454775148520727
ar08_match,0.8,30,21,peer_shrunk_nominal,0.6999440000000001,0.5117587939698492,18.494695640482522,23.717447041526917,0.2532996820935386,0.5434372380540642,0.9454775148520727
ar08_match,0.8,30,21,peer_cov_ess,0.802192,0.5706532663316582,18.494695640482522,23.717447041526917,0.2532996820935386,0.5434372380540642,0.9454775148520727
ar08_match,0.8,30,21,adaptive_cov_ess,0.788564,0.5606030150753769,18.494695640482522,23.717447041526917,0.2532996820935386,0.5434372380540642,0.9454775148520727
ar08_match,0.8,30,21,adaptive_nominal,0.799652,0.5696482412060302,18.494695640482522,23.717447041526917,0.2532996820935386,0.5434372380540642,0.9454775148520727
ar08_match,0.8,30,21,adaptive_joint_nominal,0.695608,0.5107537688442211,18.494695640482522,23.717447041526917,0.2532996820935386,0.5434372380540642,0.9454775148520727
ar08_match,0.8,30,22,shared_oas,0.7199,0.5171859296482412,20.209311793766858,22.1545224985055,0.2697452104205303,0.5205263165623211,0.9529438509483468
ar08_match,0.8,30,22,peer_nominal,0.739716,0.5425125628140703,20.209311793766858,22.1545224985055,0.2697452104205303,0.5205263165623211,0.9529438509483468
ar08_match,0.8,30,22,peer_shrunk_nominal,0.732372,0.5177889447236181,20.209311793766858,22.1545224985055,0.2697452104205303,0.5205263165623211,0.9529438509483468
ar08_match,0.8,30,22,peer_cov_ess,0.7524839999999999,0.5419095477386935,20.209311793766858,22.1545224985055,0.2697452104205303,0.5205263165623211,0.9529438509483468
ar08_match,0.8,30,22,adaptive_cov_ess,0.751396,0.5429145728643217,20.209311793766858,22.1545224985055,0.2697452104205303,0.5205263165623211,0.9529438509483468
ar08_match,0.8,30,22,adaptive_nominal,0.73966,0.541105527638191,20.209311793766858,22.1545224985055,0.2697452104205303,0.5205263165623211,0.9529438509483468
ar08_match,0.8,30,22,adaptive_joint_nominal,0.726908,0.5179899497487437,20.209311793766858,22.1545224985055,0.2697452104205303,0.5205263165623211,0.9529438509483468
ar08_match,0.8,30,23,shared_oas,0.802068,0.5326633165829145,19.510953635563173,23.20681347137735,0.27685482002959194,0.4519938408065659,0.9659004944800824
ar08_match,0.8,30,23,peer_nominal,0.765912,0.515175879396985,19.510953635563173,23.20681347137735,0.27685482002959194,0.4519938408065659,0.9659004944800824
ar08_match,0.8,30,23,peer_shrunk_nominal,0.783144,0.5266331658291458,19.510953635563173,23.20681347137735,0.27685482002959194,0.4519938408065659,0.9659004944800824
ar08_match,0.8,30,23,peer_cov_ess,0.764348,0.5137688442211056,19.510953635563173,23.20681347137735,0.27685482002959194,0.4519938408065659,0.9659004944800824
ar08_match,0.8,30,23,adaptive_cov_ess,0.75234,0.5149748743718593,19.510953635563173,23.20681347137735,0.27685482002959194,0.4519938408065659,0.9659004944800824
ar08_match,0.8,30,23,adaptive_nominal,0.755944,0.515175879396985,19.510953635563173,23.20681347137735,0.27685482002959194,0.4519938408065659,0.9659004944800824
ar08_match,0.8,30,23,adaptive_joint_nominal,0.7713439999999999,0.5258291457286433,19.510953635563173,23.20681347137735,0.27685482002959194,0.4519938408065659,0.9659004944800824
ar08_match,0.8,30,24,shared_oas,0.8348,0.5431155778894472,17.38672127387206,20.62614151266329,0.2505843636123638,0.42245641029619757,0.9876886804269357
ar08_match,0.8,30,24,peer_nominal,0.719504,0.5065326633165829,17.38672127387206,20.62614151266329,0.2505843636123638,0.42245641029619757,0.9876886804269357
ar08_match,0.8,30,24,peer_shrunk_nominal,0.832068,0.5449246231155779,17.38672127387206,20.62614151266329,0.2505843636123638,0.42245641029619757,0.9876886804269357
ar08_match,0.8,30,24,peer_cov_ess,0.717788,0.5047236180904523,17.38672127387206,20.62614151266329,0.2505843636123638,0.42245641029619757,0.9876886804269357
ar08_match,0.8,30,24,adaptive_cov_ess,0.7201280000000001,0.5037185929648241,17.38672127387206,20.62614151266329,0.2505843636123638,0.42245641029619757,0.9876886804269357
ar08_match,0.8,30,24,adaptive_nominal,0.72114,0.5073366834170854,17.38672127387206,20.62614151266329,0.2505843636123638,0.42245641029619757,0.9876886804269357
ar08_match,0.8,30,24,adaptive_joint_nominal,0.828912,0.5396984924623116,17.38672127387206,20.62614151266329,0.2505843636123638,0.42245641029619757,0.9876886804269357
ar08_match,0.8,30,25,shared_oas,0.819048,0.5425125628140703,21.92123434312463,21.90188611572161,0.29072314932734244,0.6263336328337354,0.9090117731354382
ar08_match,0.8,30,25,peer_nominal,0.89972,0.6532663316582914,21.92123434312463,21.90188611572161,0.29072314932734244,0.6263336328337354,0.9090117731354382
ar08_match,0.8,30,25,peer_shrunk_nominal,0.863108,0.5664321608040201,21.92123434312463,21.90188611572161,0.29072314932734244,0.6263336328337354,0.9090117731354382
ar08_match,0.8,30,25,peer_cov_ess,0.891432,0.6369849246231156,21.92123434312463,21.90188611572161,0.29072314932734244,0.6263336328337354,0.9090117731354382
ar08_match,0.8,30,25,adaptive_cov_ess,0.8828959999999999,0.6379899497487437,21.92123434312463,21.90188611572161,0.29072314932734244,0.6263336328337354,0.9090117731354382
ar08_match,0.8,30,25,adaptive_nominal,0.891764,0.648643216080402,21.92123434312463,21.90188611572161,0.29072314932734244,0.6263336328337354,0.9090117731354382
ar08_match,0.8,30,25,adaptive_joint_nominal,0.85326,0.5587939698492462,21.92123434312463,21.90188611572161,0.29072314932734244,0.6263336328337354,0.9090117731354382
ar08_match,0.8,30,26,shared_oas,0.7093959999999999,0.527035175879397,20.212487014764807,25.69064310396537,0.3188954884316516,0.5474548527893753,0.9303953130801765
ar08_match,0.8,30,26,peer_nominal,0.68742,0.5171859296482412,20.212487014764807,25.69064310396537,0.3188954884316516,0.5474548527893753,0.9303953130801765
ar08_match,0.8,30,26,peer_shrunk_nominal,0.711076,0.5274371859296483,20.212487014764807,25.69064310396537,0.3188954884316516,0.5474548527893753,0.9303953130801765
ar08_match,0.8,30,26,peer_cov_ess,0.697776,0.518391959798995,20.212487014764807,25.69064310396537,0.3188954884316516,0.5474548527893753,0.9303953130801765
ar08_match,0.8,30,26,adaptive_cov_ess,0.697284,0.5157788944723618,20.212487014764807,25.69064310396537,0.3188954884316516,0.5474548527893753,0.9303953130801765
ar08_match,0.8,30,26,adaptive_nominal,0.6888559999999999,0.5179899497487437,20.212487014764807,25.69064310396537,0.3188954884316516,0.5474548527893753,0.9303953130801765
ar08_match,0.8,30,26,adaptive_joint_nominal,0.7092720000000001,0.5264321608040201,20.212487014764807,25.69064310396537,0.3188954884316516,0.5474548527893753,0.9303953130801765
ar08_match,0.8,30,27,shared_oas,0.7689239999999998,0.5195979899497487,16.680725524914173,21.93065907721544,0.2960419415221966,0.576459675502758,0.9255756608203853
ar08_match,0.8,30,27,peer_nominal,0.733508,0.5260301507537688,16.680725524914173,21.93065907721544,0.2960419415221966,0.576459675502758,0.9255756608203853
ar08_match,0.8,30,27,peer_shrunk_nominal,0.7581519999999999,0.5212060301507537,16.680725524914173,21.93065907721544,0.2960419415221966,0.576459675502758,0.9255756608203853
ar08_match,0.8,30,27,peer_cov_ess,0.719468,0.5248241206030151,16.680725524914173,21.93065907721544,0.2960419415221966,0.576459675502758,0.9255756608203853
ar08_match,0.8,30,27,adaptive_cov_ess,0.7254919999999999,0.5254271356783919,16.680725524914173,21.93065907721544,0.2960419415221966,0.576459675502758,0.9255756608203853
ar08_match,0.8,30,27,adaptive_nominal,0.7346360000000001,0.5234170854271357,16.680725524914173,21.93065907721544,0.2960419415221966,0.576459675502758,0.9255756608203853
ar08_match,0.8,30,27,adaptive_joint_nominal,0.7553120000000001,0.5220100502512562,16.680725524914173,21.93065907721544,0.2960419415221966,0.576459675502758,0.9255756608203853
ar08_match,0.8,30,28,shared_oas,0.8486880000000001,0.5722613065326633,18.080060915701306,23.58706368844463,0.27215047770956335,0.5773814819553292,0.9314719019856368
ar08_match,0.8,30,28,peer_nominal,0.7087519999999998,0.5366834170854271,18.080060915701306,23.58706368844463,0.27215047770956335,0.5773814819553292,0.9314719019856368
ar08_match,0.8,30,28,peer_shrunk_nominal,0.8355840000000001,0.5875376884422111,18.080060915701306,23.58706368844463,0.27215047770956335,0.5773814819553292,0.9314719019856368
ar08_match,0.8,30,28,peer_cov_ess,0.7231920000000001,0.5278391959798995,18.080060915701306,23.58706368844463,0.27215047770956335,0.5773814819553292,0.9314719019856368
ar08_match,0.8,30,28,adaptive_cov_ess,0.7227839999999999,0.5308542713567839,18.080060915701306,23.58706368844463,0.27215047770956335,0.5773814819553292,0.9314719019856368
ar08_match,0.8,30,28,adaptive_nominal,0.710512,0.5409045226130653,18.080060915701306,23.58706368844463,0.27215047770956335,0.5773814819553292,0.9314719019856368
ar08_match,0.8,30,28,adaptive_joint_nominal,0.8323400000000001,0.5849246231155779,18.080060915701306,23.58706368844463,0.27215047770956335,0.5773814819553292,0.9314719019856368
ar08_match,0.8,30,29,shared_oas,0.8015399999999999,0.5734673366834171,16.506079949352802,17.37747651077256,0.22130849856910403,0.448608406013544,0.9947858430071845
ar08_match,0.8,30,29,peer_nominal,0.7301920000000001,0.5378894472361809,16.506079949352802,17.37747651077256,0.22130849856910403,0.448608406013544,0.9947858430071845
ar08_match,0.8,30,29,peer_shrunk_nominal,0.7936,0.5563819095477387,16.506079949352802,17.37747651077256,0.22130849856910403,0.448608406013544,0.9947858430071845
ar08_match,0.8,30,29,peer_cov_ess,0.7406520000000001,0.5547738693467337,16.506079949352802,17.37747651077256,0.22130849856910403,0.448608406013544,0.9947858430071845
ar08_match,0.8,30,29,adaptive_cov_ess,0.729212,0.5463316582914572,16.506079949352802,17.37747651077256,0.22130849856910403,0.448608406013544,0.9947858430071845
ar08_match,0.8,30,29,adaptive_nominal,0.7207159999999999,0.5364824120603016,16.506079949352802,17.37747651077256,0.22130849856910403,0.448608406013544,0.9947858430071845
ar08_match,0.8,30,29,adaptive_joint_nominal,0.79144,0.5541708542713568,16.506079949352802,17.37747651077256,0.22130849856910403,0.448608406013544,0.9947858430071845
ar08_match,0.8,30,30,shared_oas,0.883176,0.6315577889447236,15.754903782478381,18.38729222160473,0.19481484952471828,0.4194327121860628,0.9716597998887514
ar08_match,0.8,30,30,peer_nominal,0.852184,0.5179899497487437,15.754903782478381,18.38729222160473,0.19481484952471828,0.4194327121860628,0.9716597998887514
ar08_match,0.8,30,30,peer_shrunk_nominal,0.883592,0.5829145728643216,15.754903782478381,18.38729222160473,0.19481484952471828,0.4194327121860628,0.9716597998887514
ar08_match,0.8,30,30,peer_cov_ess,0.8574,0.5208040201005025,15.754903782478381,18.38729222160473,0.19481484952471828,0.4194327121860628,0.9716597998887514
ar08_match,0.8,30,30,adaptive_cov_ess,0.8503080000000001,0.5155778894472361,15.754903782478381,18.38729222160473,0.19481484952471828,0.4194327121860628,0.9716597998887514
ar08_match,0.8,30,30,adaptive_nominal,0.844988,0.5131658291457286,15.754903782478381,18.38729222160473,0.19481484952471828,0.4194327121860628,0.9716597998887514
ar08_match,0.8,30,30,adaptive_joint_nominal,0.87466,0.5666331658291457,15.754903782478381,18.38729222160473,0.19481484952471828,0.4194327121860628,0.9716597998887514
ar08_match,0.8,30,31,shared_oas,0.788936,0.5425125628140703,15.591606082828337,19.517102081510366,0.2481696151740339,0.5194690839397194,0.9762081125885256
ar08_match,0.8,30,31,peer_nominal,0.726312,0.5081407035175879,15.591606082828337,19.517102081510366,0.2481696151740339,0.5194690839397194,0.9762081125885256
ar08_match,0.8,30,31,peer_shrunk_nominal,0.6836160000000001,0.5091457286432161,15.591606082828337,19.517102081510366,0.2481696151740339,0.5194690839397194,0.9762081125885256
ar08_match,0.8,30,31,peer_cov_ess,0.70742,0.5063316582914573,15.591606082828337,19.517102081510366,0.2481696151740339,0.5194690839397194,0.9762081125885256
ar08_match,0.8,30,31,adaptive_cov_ess,0.702284,0.5067336683417085,15.591606082828337,19.517102081510366,0.2481696151740339,0.5194690839397194,0.9762081125885256
ar08_match,0.8,30,31,adaptive_nominal,0.721088,0.5079396984924623,15.591606082828337,19.517102081510366,0.2481696151740339,0.5194690839397194,0.9762081125885256
ar08_match,0.8,30,31,adaptive_joint_nominal,0.6764800000000001,0.5093467336683417,15.591606082828337,19.517102081510366,0.2481696151740339,0.5194690839397194,0.9762081125885256
ar08_match,0.8,30,32,shared_oas,0.751284,0.5085427135678392,17.48273765879783,24.19190329333972,0.24789532332040481,0.43344632773133185,0.9791427142064746
ar08_match,0.8,30,32,peer_nominal,0.710304,0.5039195979899498,17.48273765879783,24.19190329333972,0.24789532332040481,0.43344632773133185,0.9791427142064746
ar08_match,0.8,30,32,peer_shrunk_nominal,0.7190639999999999,0.5035175879396985,17.48273765879783,24.19190329333972,0.24789532332040481,0.43344632773133185,0.9791427142064746
ar08_match,0.8,30,32,peer_cov_ess,0.6985359999999998,0.5021105527638191,17.48273765879783,24.19190329333972,0.24789532332040481,0.43344632773133185,0.9791427142064746
ar08_match,0.8,30,32,adaptive_cov_ess,0.693792,0.5023115577889448,17.48273765879783,24.19190329333972,0.24789532332040481,0.43344632773133185,0.9791427142064746
ar08_match,0.8,30,32,adaptive_nominal,0.710204,0.5033165829145728,17.48273765879783,24.19190329333972,0.24789532332040481,0.43344632773133185,0.9791427142064746
ar08_match,0.8,30,32,adaptive_joint_nominal,0.7181439999999999,0.5041206030150753,17.48273765879783,24.19190329333972,0.24789532332040481,0.43344632773133185,0.9791427142064746
ar08_match,0.8,30,33,shared_oas,0.83008,0.5674371859296482,19.56554391804358,19.38539311509154,0.2146563276448245,0.5626964937534531,0.9790903390800332
ar08_match,0.8,30,33,peer_nominal,0.8818119999999999,0.5786934673366835,19.56554391804358,19.38539311509154,0.2146563276448245,0.5626964937534531,0.9790903390800332
ar08_match,0.8,30,33,peer_shrunk_nominal,0.840688,0.5636180904522613,19.56554391804358,19.38539311509154,0.2146563276448245,0.5626964937534531,0.9790903390800332
ar08_match,0.8,30,33,peer_cov_ess,0.884268,0.580502512562814,19.56554391804358,19.38539311509154,0.2146563276448245,0.5626964937534531,0.9790903390800332
ar08_match,0.8,30,33,adaptive_cov_ess,0.8736,0.5770854271356783,19.56554391804358,19.38539311509154,0.2146563276448245,0.5626964937534531,0.9790903390800332
ar08_match,0.8,30,33,adaptive_nominal,0.872488,0.5770854271356783,19.56554391804358,19.38539311509154,0.2146563276448245,0.5626964937534531,0.9790903390800332
ar08_match,0.8,30,33,adaptive_joint_nominal,0.833512,0.5597989949748744,19.56554391804358,19.38539311509154,0.2146563276448245,0.5626964937534531,0.9790903390800332
ar08_match,0.8,30,34,shared_oas,0.8212039999999999,0.5095477386934674,16.451863521096122,20.809142207477873,0.29380722573605056,0.5719412581734538,0.94942574571747
ar08_match,0.8,30,34,peer_nominal,0.7990680000000001,0.5079396984924623,16.451863521096122,20.809142207477873,0.29380722573605056,0.5719412581734538,0.94942574571747
ar08_match,0.8,30,34,peer_shrunk_nominal,0.815768,0.5069346733668342,16.451863521096122,20.809142207477873,0.29380722573605056,0.5719412581734538,0.94942574571747
ar08_match,0.8,30,34,peer_cov_ess,0.8042879999999999,0.5095477386934674,16.451863521096122,20.809142207477873,0.29380722573605056,0.5719412581734538,0.94942574571747
ar08_match,0.8,30,34,adaptive_cov_ess,0.795168,0.5063316582914573,16.451863521096122,20.809142207477873,0.29380722573605056,0.5719412581734538,0.94942574571747
ar08_match,0.8,30,34,adaptive_nominal,0.793304,0.5071356783919598,16.451863521096122,20.809142207477873,0.29380722573605056,0.5719412581734538,0.94942574571747
ar08_match,0.8,30,34,adaptive_joint_nominal,0.807436,0.5047236180904523,16.451863521096122,20.809142207477873,0.29380722573605056,0.5719412581734538,0.94942574571747
ar08_match,0.8,30,35,shared_oas,0.791808,0.5258291457286433,16.239755481990606,17.724076539749227,0.26427678515713143,0.48287155716075936,0.9583514382598998
ar08_match,0.8,30,35,peer_nominal,0.7742439999999999,0.5290452261306533,16.239755481990606,17.724076539749227,0.26427678515713143,0.48287155716075936,0.9583514382598998
ar08_match,0.8,30,35,peer_shrunk_nominal,0.749604,0.5137688442211056,16.239755481990606,17.724076539749227,0.26427678515713143,0.48287155716075936,0.9583514382598998
ar08_match,0.8,30,35,peer_cov_ess,0.7787120000000001,0.5187939698492462,16.239755481990606,17.724076539749227,0.26427678515713143,0.48287155716075936,0.9583514382598998
ar08_match,0.8,30,35,adaptive_cov_ess,0.7815160000000001,0.5220100502512562,16.239755481990606,17.724076539749227,0.26427678515713143,0.48287155716075936,0.9583514382598998
ar08_match,0.8,30,35,adaptive_nominal,0.778124,0.5360804020100502,16.239755481990606,17.724076539749227,0.26427678515713143,0.48287155716075936,0.9583514382598998
ar08_match,0.8,30,35,adaptive_joint_nominal,0.756756,0.5284422110552763,16.239755481990606,17.724076539749227,0.26427678515713143,0.48287155716075936,0.9583514382598998
ar08_match,0.8,30,36,shared_oas,0.728168,0.5224120603015076,17.52375511166644,18.708011866792713,0.21885651657092386,0.55242952381513,0.9542536951481353
ar08_match,0.8,30,36,peer_nominal,0.632536,0.5071356783919598,17.52375511166644,18.708011866792713,0.21885651657092386,0.55242952381513,0.9542536951481353
ar08_match,0.8,30,36,peer_shrunk_nominal,0.7000680000000001,0.5165829145728643,17.52375511166644,18.708011866792713,0.21885651657092386,0.55242952381513,0.9542536951481353
ar08_match,0.8,30,36,peer_cov_ess,0.6448759999999999,0.5097487437185929,17.52375511166644,18.708011866792713,0.21885651657092386,0.55242952381513,0.9542536951481353
ar08_match,0.8,30,36,adaptive_cov_ess,0.6369440000000002,0.5073366834170854,17.52375511166644,18.708011866792713,0.21885651657092386,0.55242952381513,0.9542536951481353
ar08_match,0.8,30,36,adaptive_nominal,0.628096,0.5061306532663317,17.52375511166644,18.708011866792713,0.21885651657092386,0.55242952381513,0.9542536951481353
ar08_match,0.8,30,36,adaptive_joint_nominal,0.6961559999999999,0.5175879396984925,17.52375511166644,18.708011866792713,0.21885651657092386,0.55242952381513,0.9542536951481353
ar08_match,0.8,30,37,shared_oas,0.7268159999999999,0.5415075376884422,18.45800596917852,19.849848987325117,0.2202624509731213,0.5421099935368532,0.9696686178562475
ar08_match,0.8,30,37,peer_nominal,0.689036,0.5069346733668342,18.45800596917852,19.849848987325117,0.2202624509731213,0.5421099935368532,0.9696686178562475
ar08_match,0.8,30,37,peer_shrunk_nominal,0.7050440000000001,0.5344723618090452,18.45800596917852,19.849848987325117,0.2202624509731213,0.5421099935368532,0.9696686178562475
ar08_match,0.8,30,37,peer_cov_ess,0.69462,0.5147738693467336,18.45800596917852,19.849848987325117,0.2202624509731213,0.5421099935368532,0.9696686178562475
ar08_match,0.8,30,37,adaptive_cov_ess,0.693768,0.5161809045226131,18.45800596917852,19.849848987325117,0.2202624509731213,0.5421099935368532,0.9696686178562475
ar08_match,0.8,30,37,adaptive_nominal,0.6886000000000001,0.5095477386934674,18.45800596917852,19.849848987325117,0.2202624509731213,0.5421099935368532,0.9696686178562475
ar08_match,0.8,30,37,adaptive_joint_nominal,0.7055279999999999,0.5370854271356784,18.45800596917852,19.849848987325117,0.2202624509731213,0.5421099935368532,0.9696686178562475
ar08_match,0.8,30,38,shared_oas,0.809944,0.5602010050251256,17.843980229471924,20.017063724023885,0.2557036224970528,0.49903922931178724,0.9628000108824077
ar08_match,0.8,30,38,peer_nominal,0.780248,0.5274371859296483,17.843980229471924,20.017063724023885,0.2557036224970528,0.49903922931178724,0.9628000108824077
ar08_match,0.8,30,38,peer_shrunk_nominal,0.7888,0.5382914572864321,17.843980229471924,20.017063724023885,0.2557036224970528,0.49903922931178724,0.9628000108824077
ar08_match,0.8,30,38,peer_cov_ess,0.794224,0.5282412060301508,17.843980229471924,20.017063724023885,0.2557036224970528,0.49903922931178724,0.9628000108824077
ar08_match,0.8,30,38,adaptive_cov_ess,0.7804520000000001,0.5193969849246232,17.843980229471924,20.017063724023885,0.2557036224970528,0.49903922931178724,0.9628000108824077
ar08_match,0.8,30,38,adaptive_nominal,0.772008,0.5214070351758794,17.843980229471924,20.017063724023885,0.2557036224970528,0.49903922931178724,0.9628000108824077
ar08_match,0.8,30,38,adaptive_joint_nominal,0.779276,0.5320603015075377,17.843980229471924,20.017063724023885,0.2557036224970528,0.49903922931178724,0.9628000108824077
ar08_match,0.8,30,39,shared_oas,0.67394,0.5037185929648241,17.542862315276945,22.110785558718387,0.2695433930838776,0.4803404929749624,0.9658997994769898
ar08_match,0.8,30,39,peer_nominal,0.51084,0.49829145728643215,17.542862315276945,22.110785558718387,0.2695433930838776,0.4803404929749624,0.9658997994769898
ar08_match,0.8,30,39,peer_shrunk_nominal,0.653092,0.502713567839196,17.542862315276945,22.110785558718387,0.2695433930838776,0.4803404929749624,0.9658997994769898
ar08_match,0.8,30,39,peer_cov_ess,0.4880399999999999,0.4976884422110553,17.542862315276945,22.110785558718387,0.2695433930838776,0.4803404929749624,0.9658997994769898
ar08_match,0.8,30,39,adaptive_cov_ess,0.488104,0.49748743718592964,17.542862315276945,22.110785558718387,0.2695433930838776,0.4803404929749624,0.9658997994769898
ar08_match,0.8,30,39,adaptive_nominal,0.509124,0.49809045226130655,17.542862315276945,22.110785558718387,0.2695433930838776,0.4803404929749624,0.9658997994769898
ar08_match,0.8,30,39,adaptive_joint_nominal,0.640288,0.5005025125628141,17.542862315276945,22.110785558718387,0.2695433930838776,0.4803404929749624,0.9658997994769898
ar08_match,0.8,100,0,shared_oas,0.826504,0.5748743718592965,33.76156558609769,39.26780753993319,0.4335260494758487,0.7259092021819149,0.9928031962788796
ar08_match,0.8,100,0,peer_nominal,0.860568,0.592964824120603,33.76156558609769,39.26780753993319,0.4335260494758487,0.7259092021819149,0.9928031962788796
ar08_match,0.8,100,0,peer_shrunk_nominal,0.834288,0.5742713567839196,33.76156558609769,39.26780753993319,0.4335260494758487,0.7259092021819149,0.9928031962788796
ar08_match,0.8,100,0,peer_cov_ess,0.847492,0.5903517587939698,33.76156558609769,39.26780753993319,0.4335260494758487,0.7259092021819149,0.9928031962788796
ar08_match,0.8,100,0,adaptive_cov_ess,0.838856,0.5807035175879397,33.76156558609769,39.26780753993319,0.4335260494758487,0.7259092021819149,0.9928031962788796
ar08_match,0.8,100,0,adaptive_nominal,0.8570479999999999,0.5895477386934673,33.76156558609769,39.26780753993319,0.4335260494758487,0.7259092021819149,0.9928031962788796
ar08_match,0.8,100,0,adaptive_joint_nominal,0.8312640000000001,0.5704522613065327,33.76156558609769,39.26780753993319,0.4335260494758487,0.7259092021819149,0.9928031962788796
ar08_match,0.8,100,1,shared_oas,0.867068,0.6176884422110553,37.54808689680021,44.82468436094382,0.4994959344136359,0.7290658237835986,0.9426000015177324
ar08_match,0.8,100,1,peer_nominal,0.8634600000000001,0.6263316582914573,37.54808689680021,44.82468436094382,0.4994959344136359,0.7290658237835986,0.9426000015177324
ar08_match,0.8,100,1,peer_shrunk_nominal,0.848908,0.6102512562814071,37.54808689680021,44.82468436094382,0.4994959344136359,0.7290658237835986,0.9426000015177324
ar08_match,0.8,100,1,peer_cov_ess,0.843712,0.5754773869346734,37.54808689680021,44.82468436094382,0.4994959344136359,0.7290658237835986,0.9426000015177324
ar08_match,0.8,100,1,adaptive_cov_ess,0.839356,0.5784924623115578,37.54808689680021,44.82468436094382,0.4994959344136359,0.7290658237835986,0.9426000015177324
ar08_match,0.8,100,1,adaptive_nominal,0.8623599999999999,0.6299497487437186,37.54808689680021,44.82468436094382,0.4994959344136359,0.7290658237835986,0.9426000015177324
ar08_match,0.8,100,1,adaptive_joint_nominal,0.8473120000000001,0.6120603015075377,37.54808689680021,44.82468436094382,0.4994959344136359,0.7290658237835986,0.9426000015177324
ar08_match,0.8,100,2,shared_oas,0.813788,0.5135678391959799,33.47268558268712,39.70615152917847,0.3855127322803362,0.5999968531811899,0.9763608004645162
ar08_match,0.8,100,2,peer_nominal,0.80118,0.5161809045226131,33.47268558268712,39.70615152917847,0.3855127322803362,0.5999968531811899,0.9763608004645162
ar08_match,0.8,100,2,peer_shrunk_nominal,0.810408,0.5131658291457286,33.47268558268712,39.70615152917847,0.3855127322803362,0.5999968531811899,0.9763608004645162
ar08_match,0.8,100,2,peer_cov_ess,0.835604,0.5242211055276382,33.47268558268712,39.70615152917847,0.3855127322803362,0.5999968531811899,0.9763608004645162
ar08_match,0.8,100,2,adaptive_cov_ess,0.8458680000000001,0.5260301507537688,33.47268558268712,39.70615152917847,0.3855127322803362,0.5999968531811899,0.9763608004645162
ar08_match,0.8,100,2,adaptive_nominal,0.8083960000000001,0.5163819095477387,33.47268558268712,39.70615152917847,0.3855127322803362,0.5999968531811899,0.9763608004645162
ar08_match,0.8,100,2,adaptive_joint_nominal,0.817304,0.5123618090452261,33.47268558268712,39.70615152917847,0.3855127322803362,0.5999968531811899,0.9763608004645162
ar08_match,0.8,100,3,shared_oas,0.87258,0.5171859296482412,35.03031522078309,39.76516524376892,0.4210764902829438,0.6690679397279671,0.9869398117302859
ar08_match,0.8,100,3,peer_nominal,0.8305480000000001,0.5099497487437186,35.03031522078309,39.76516524376892,0.4210764902829438,0.6690679397279671,0.9869398117302859
ar08_match,0.8,100,3,peer_shrunk_nominal,0.8601719999999999,0.5185929648241207,35.03031522078309,39.76516524376892,0.4210764902829438,0.6690679397279671,0.9869398117302859
ar08_match,0.8,100,3,peer_cov_ess,0.8232679999999999,0.5161809045226131,35.03031522078309,39.76516524376892,0.4210764902829438,0.6690679397279671,0.9869398117302859
ar08_match,0.8,100,3,adaptive_cov_ess,0.830012,0.5175879396984925,35.03031522078309,39.76516524376892,0.4210764902829438,0.6690679397279671,0.9869398117302859
ar08_match,0.8,100,3,adaptive_nominal,0.835396,0.5105527638190954,35.03031522078309,39.76516524376892,0.4210764902829438,0.6690679397279671,0.9869398117302859
ar08_match,0.8,100,3,adaptive_joint_nominal,0.865376,0.5206030150753769,35.03031522078309,39.76516524376892,0.4210764902829438,0.6690679397279671,0.9869398117302859
ar08_match,0.8,100,4,shared_oas,0.7205840000000001,0.5095477386934674,35.863678791536316,40.42129340282007,0.39199751749041944,0.601319848516272,0.9792670260270177
ar08_match,0.8,100,4,peer_nominal,0.7811439999999998,0.5220100502512562,35.863678791536316,40.42129340282007,0.39199751749041944,0.601319848516272,0.9792670260270177
ar08_match,0.8,100,4,peer_shrunk_nominal,0.732012,0.5097487437185929,35.863678791536316,40.42129340282007,0.39199751749041944,0.601319848516272,0.9792670260270177
ar08_match,0.8,100,4,peer_cov_ess,0.771372,0.5376884422110553,35.863678791536316,40.42129340282007,0.39199751749041944,0.601319848516272,0.9792670260270177
ar08_match,0.8,100,4,adaptive_cov_ess,0.767184,0.5374874371859296,35.863678791536316,40.42129340282007,0.39199751749041944,0.601319848516272,0.9792670260270177
ar08_match,0.8,100,4,adaptive_nominal,0.778508,0.5234170854271357,35.863678791536316,40.42129340282007,0.39199751749041944,0.601319848516272,0.9792670260270177
ar08_match,0.8,100,4,adaptive_joint_nominal,0.729744,0.5109547738693467,35.863678791536316,40.42129340282007,0.39199751749041944,0.601319848516272,0.9792670260270177
ar08_match,0.8,100,5,shared_oas,0.8448479999999999,0.5083417085427135,33.47170093108075,32.20863967736147,0.3593432108885077,0.6411766408688403,1.0003759824983376
ar08_match,0.8,100,5,peer_nominal,0.7871680000000001,0.5005025125628141,33.47170093108075,32.20863967736147,0.3593432108885077,0.6411766408688403,1.0003759824983376
ar08_match,0.8,100,5,peer_shrunk_nominal,0.8382679999999999,0.5045226130653266,33.47170093108075,32.20863967736147,0.3593432108885077,0.6411766408688403,1.0003759824983376
ar08_match,0.8,100,5,peer_cov_ess,0.780544,0.5015075376884423,33.47170093108075,32.20863967736147,0.3593432108885077,0.6411766408688403,1.0003759824983376
ar08_match,0.8,100,5,adaptive_cov_ess,0.7719999999999998,0.5011055276381909,33.47170093108075,32.20863967736147,0.3593432108885077,0.6411766408688403,1.0003759824983376
ar08_match,0.8,100,5,adaptive_nominal,0.782228,0.5005025125628141,33.47170093108075,32.20863967736147,0.3593432108885077,0.6411766408688403,1.0003759824983376
ar08_match,0.8,100,5,adaptive_joint_nominal,0.83308,0.5039195979899498,33.47170093108075,32.20863967736147,0.3593432108885077,0.6411766408688403,1.0003759824983376
ar08_match,0.8,100,6,shared_oas,0.813936,0.5453266331658292,39.60469440730903,46.5942877557314,0.4224374707966563,0.676798466611845,0.9679066321667222
ar08_match,0.8,100,6,peer_nominal,0.804932,0.5407035175879397,39.60469440730903,46.5942877557314,0.4224374707966563,0.676798466611845,0.9679066321667222
ar08_match,0.8,100,6,peer_shrunk_nominal,0.8145359999999999,0.5415075376884422,39.60469440730903,46.5942877557314,0.4224374707966563,0.676798466611845,0.9679066321667222
ar08_match,0.8,100,6,peer_cov_ess,0.7844399999999999,0.5515577889447236,39.60469440730903,46.5942877557314,0.4224374707966563,0.676798466611845,0.9679066321667222
ar08_match,0.8,100,6,adaptive_cov_ess,0.7919400000000001,0.558391959798995,39.60469440730903,46.5942877557314,0.4224374707966563,0.676798466611845,0.9679066321667222
ar08_match,0.8,100,6,adaptive_nominal,0.8103560000000001,0.5465326633165829,39.60469440730903,46.5942877557314,0.4224374707966563,0.676798466611845,0.9679066321667222
ar08_match,0.8,100,6,adaptive_joint_nominal,0.81814,0.5465326633165829,39.60469440730903,46.5942877557314,0.4224374707966563,0.676798466611845,0.9679066321667222
ar08_match,0.8,100,7,shared_oas,0.8888,0.6068341708542714,35.51976423147295,42.14040446686685,0.31405248507427974,0.6177594666799779,0.9612836600566103
ar08_match,0.8,100,7,peer_nominal,0.859224,0.5951758793969849,35.51976423147295,42.14040446686685,0.31405248507427974,0.6177594666799779,0.9612836600566103
ar08_match,0.8,100,7,peer_shrunk_nominal,0.8750560000000001,0.5969849246231156,35.51976423147295,42.14040446686685,0.31405248507427974,0.6177594666799779,0.9612836600566103
ar08_match,0.8,100,7,peer_cov_ess,0.8015599999999999,0.5382914572864321,35.51976423147295,42.14040446686685,0.31405248507427974,0.6177594666799779,0.9612836600566103
ar08_match,0.8,100,7,adaptive_cov_ess,0.786592,0.5284422110552763,35.51976423147295,42.14040446686685,0.31405248507427974,0.6177594666799779,0.9612836600566103
ar08_match,0.8,100,7,adaptive_nominal,0.8521,0.585929648241206,35.51976423147295,42.14040446686685,0.31405248507427974,0.6177594666799779,0.9612836600566103
ar08_match,0.8,100,7,adaptive_joint_nominal,0.867284,0.5823115577889447,35.51976423147295,42.14040446686685,0.31405248507427974,0.6177594666799779,0.9612836600566103
ar08_match,0.8,100,8,shared_oas,0.829488,0.5441206030150754,34.06889960683132,38.66250737175816,0.444563036005976,0.6726159670517029,0.9801619130255182
ar08_match,0.8,100,8,peer_nominal,0.858568,0.5380904522613066,34.06889960683132,38.66250737175816,0.444563036005976,0.6726159670517029,0.9801619130255182
ar08_match,0.8,100,8,peer_shrunk_nominal,0.846464,0.5453266331658292,34.06889960683132,38.66250737175816,0.444563036005976,0.6726159670517029,0.9801619130255182
ar08_match,0.8,100,8,peer_cov_ess,0.875864,0.5503517587939698,34.06889960683132,38.66250737175816,0.444563036005976,0.6726159670517029,0.9801619130255182
ar08_match,0.8,100,8,adaptive_cov_ess,0.88066,0.5511557788944723,34.06889960683132,38.66250737175816,0.444563036005976,0.6726159670517029,0.9801619130255182
ar08_match,0.8,100,8,adaptive_nominal,0.863244,0.539497487437186,34.06889960683132,38.66250737175816,0.444563036005976,0.6726159670517029,0.9801619130255182
ar08_match,0.8,100,8,adaptive_joint_nominal,0.852152,0.5489447236180904,34.06889960683132,38.66250737175816,0.444563036005976,0.6726159670517029,0.9801619130255182
ar08_match,0.8,100,9,shared_oas,0.862044,0.5933668341708542,34.891767609534625,38.41905194614182,0.4243818276143674,0.6787060000128271,0.9832214457390489
ar08_match,0.8,100,9,peer_nominal,0.8327120000000001,0.577286432160804,34.891767609534625,38.41905194614182,0.4243818276143674,0.6787060000128271,0.9832214457390489
ar08_match,0.8,100,9,peer_shrunk_nominal,0.8479840000000001,0.5967839195979899,34.891767609534625,38.41905194614182,0.4243818276143674,0.6787060000128271,0.9832214457390489
ar08_match,0.8,100,9,peer_cov_ess,0.794012,0.5425125628140703,34.891767609534625,38.41905194614182,0.4243818276143674,0.6787060000128271,0.9832214457390489
ar08_match,0.8,100,9,adaptive_cov_ess,0.78194,0.530251256281407,34.891767609534625,38.41905194614182,0.4243818276143674,0.6787060000128271,0.9832214457390489
ar08_match,0.8,100,9,adaptive_nominal,0.827204,0.5664321608040201,34.891767609534625,38.41905194614182,0.4243818276143674,0.6787060000128271,0.9832214457390489
ar08_match,0.8,100,9,adaptive_joint_nominal,0.843008,0.5786934673366834,34.891767609534625,38.41905194614182,0.4243818276143674,0.6787060000128271,0.9832214457390489
ar08_match,0.8,100,10,shared_oas,0.892036,0.5917587939698492,30.079747521940714,34.82566170390568,0.4041715590773827,0.6269519085410722,0.981561643433306
ar08_match,0.8,100,10,peer_nominal,0.9398,0.6522613065326633,30.079747521940714,34.82566170390568,0.4041715590773827,0.6269519085410722,0.981561643433306
ar08_match,0.8,100,10,peer_shrunk_nominal,0.919424,0.6263316582914573,30.079747521940714,34.82566170390568,0.4041715590773827,0.6269519085410722,0.981561643433306
ar08_match,0.8,100,10,peer_cov_ess,0.926476,0.6006030150753768,30.079747521940714,34.82566170390568,0.4041715590773827,0.6269519085410722,0.981561643433306
ar08_match,0.8,100,10,adaptive_cov_ess,0.9290479999999999,0.6112562814070351,30.079747521940714,34.82566170390568,0.4041715590773827,0.6269519085410722,0.981561643433306
ar08_match,0.8,100,10,adaptive_nominal,0.9415439999999999,0.6619095477386934,30.079747521940714,34.82566170390568,0.4041715590773827,0.6269519085410722,0.981561643433306
ar08_match,0.8,100,10,adaptive_joint_nominal,0.921308,0.6289447236180905,30.079747521940714,34.82566170390568,0.4041715590773827,0.6269519085410722,0.981561643433306
ar08_match,0.8,100,11,shared_oas,0.704356,0.5191959798994975,36.324282529461,40.577007201569344,0.41660137380443973,0.6100948607974268,0.9938300300836165
ar08_match,0.8,100,11,peer_nominal,0.662704,0.5099497487437186,36.324282529461,40.577007201569344,0.41660137380443973,0.6100948607974268,0.9938300300836165
ar08_match,0.8,100,11,peer_shrunk_nominal,0.708564,0.5173869346733668,36.324282529461,40.577007201569344,0.41660137380443973,0.6100948607974268,0.9938300300836165
ar08_match,0.8,100,11,peer_cov_ess,0.7008840000000001,0.5193969849246232,36.324282529461,40.577007201569344,0.41660137380443973,0.6100948607974268,0.9938300300836165
ar08_match,0.8,100,11,adaptive_cov_ess,0.7013999999999999,0.5262311557788945,36.324282529461,40.577007201569344,0.41660137380443973,0.6100948607974268,0.9938300300836165
ar08_match,0.8,100,11,adaptive_nominal,0.6633560000000001,0.5115577889447236,36.324282529461,40.577007201569344,0.41660137380443973,0.6100948607974268,0.9938300300836165
ar08_match,0.8,100,11,adaptive_joint_nominal,0.709296,0.5181909547738693,36.324282529461,40.577007201569344,0.41660137380443973,0.6100948607974268,0.9938300300836165
ar08_match,0.8,100,12,shared_oas,0.8357080000000001,0.5437185929648242,37.90555158260974,40.88187127671258,0.4294607414458327,0.6867092649328868,0.9398636873280908
ar08_match,0.8,100,12,peer_nominal,0.86838,0.5809045226130654,37.90555158260974,40.88187127671258,0.4294607414458327,0.6867092649328868,0.9398636873280908
ar08_match,0.8,100,12,peer_shrunk_nominal,0.8660080000000001,0.5595979899497487,37.90555158260974,40.88187127671258,0.4294607414458327,0.6867092649328868,0.9398636873280908
ar08_match,0.8,100,12,peer_cov_ess,0.862356,0.5744723618090453,37.90555158260974,40.88187127671258,0.4294607414458327,0.6867092649328868,0.9398636873280908
ar08_match,0.8,100,12,adaptive_cov_ess,0.855524,0.5618090452261306,37.90555158260974,40.88187127671258,0.4294607414458327,0.6867092649328868,0.9398636873280908
ar08_match,0.8,100,12,adaptive_nominal,0.8641319999999999,0.5728643216080402,37.90555158260974,40.88187127671258,0.4294607414458327,0.6867092649328868,0.9398636873280908
ar08_match,0.8,100,12,adaptive_joint_nominal,0.8610279999999999,0.5505527638190955,37.90555158260974,40.88187127671258,0.4294607414458327,0.6867092649328868,0.9398636873280908
ar08_match,0.8,100,13,shared_oas,0.7455879999999999,0.5195979899497487,34.99676084674365,47.7645829984162,0.47496108555134864,0.6087269707431233,0.9917184719312462
ar08_match,0.8,100,13,peer_nominal,0.780816,0.5129648241206031,34.99676084674365,47.7645829984162,0.47496108555134864,0.6087269707431233,0.9917184719312462
ar08_match,0.8,100,13,peer_shrunk_nominal,0.7636160000000001,0.5149748743718593,34.99676084674365,47.7645829984162,0.47496108555134864,0.6087269707431233,0.9917184719312462
ar08_match,0.8,100,13,peer_cov_ess,0.7645519999999999,0.5177889447236181,34.99676084674365,47.7645829984162,0.47496108555134864,0.6087269707431233,0.9917184719312462
ar08_match,0.8,100,13,adaptive_cov_ess,0.7509440000000001,0.5165829145728643,34.99676084674365,47.7645829984162,0.47496108555134864,0.6087269707431233,0.9917184719312462
ar08_match,0.8,100,13,adaptive_nominal,0.77336,0.5109547738693467,34.99676084674365,47.7645829984162,0.47496108555134864,0.6087269707431233,0.9917184719312462
ar08_match,0.8,100,13,adaptive_joint_nominal,0.755972,0.5143718592964824,34.99676084674365,47.7645829984162,0.47496108555134864,0.6087269707431233,0.9917184719312462
ar08_match,0.8,100,14,shared_oas,0.9221,0.5949748743718593,35.42551344765631,39.781208432138015,0.3899409371999739,0.5916254403513643,0.9735385456634293
ar08_match,0.8,100,14,peer_nominal,0.9222079999999999,0.5871356783919598,35.42551344765631,39.781208432138015,0.3899409371999739,0.5916254403513643,0.9735385456634293
ar08_match,0.8,100,14,peer_shrunk_nominal,0.927068,0.5975879396984924,35.42551344765631,39.781208432138015,0.3899409371999739,0.5916254403513643,0.9735385456634293
ar08_match,0.8,100,14,peer_cov_ess,0.8995040000000001,0.5678391959798995,35.42551344765631,39.781208432138015,0.3899409371999739,0.5916254403513643,0.9735385456634293
ar08_match,0.8,100,14,adaptive_cov_ess,0.9004200000000001,0.5696482412060302,35.42551344765631,39.781208432138015,0.3899409371999739,0.5916254403513643,0.9735385456634293
ar08_match,0.8,100,14,adaptive_nominal,0.922068,0.5859296482412061,35.42551344765631,39.781208432138015,0.3899409371999739,0.5916254403513643,0.9735385456634293
ar08_match,0.8,100,14,adaptive_joint_nominal,0.9265920000000001,0.5941708542713567,35.42551344765631,39.781208432138015,0.3899409371999739,0.5916254403513643,0.9735385456634293
ar08_match,0.8,100,15,shared_oas,0.8085519999999999,0.538894472361809,32.74126466875782,44.64898506022949,0.37431256137392516,0.6124544397190086,1.0080595979060472
ar08_match,0.8,100,15,peer_nominal,0.8209759999999999,0.5471356783919598,32.74126466875782,44.64898506022949,0.37431256137392516,0.6124544397190086,1.0080595979060472
ar08_match,0.8,100,15,peer_shrunk_nominal,0.800372,0.5360804020100502,32.74126466875782,44.64898506022949,0.37431256137392516,0.6124544397190086,1.0080595979060472
ar08_match,0.8,100,15,peer_cov_ess,0.8131,0.5314572864321608,32.74126466875782,44.64898506022949,0.37431256137392516,0.6124544397190086,1.0080595979060472
ar08_match,0.8,100,15,adaptive_cov_ess,0.797876,0.5274371859296483,32.74126466875782,44.64898506022949,0.37431256137392516,0.6124544397190086,1.0080595979060472
ar08_match,0.8,100,15,adaptive_nominal,0.81282,0.5392964824120603,32.74126466875782,44.64898506022949,0.37431256137392516,0.6124544397190086,1.0080595979060472
ar08_match,0.8,100,15,adaptive_joint_nominal,0.791728,0.5280402010050251,32.74126466875782,44.64898506022949,0.37431256137392516,0.6124544397190086,1.0080595979060472
ar08_match,0.8,100,16,shared_oas,0.727584,0.5284422110552763,31.511285553781153,39.57074327568927,0.41862426958957677,0.6068450604603831,1.0085557374500767
ar08_match,0.8,100,16,peer_nominal,0.7592559999999999,0.5220100502512562,31.511285553781153,39.57074327568927,0.41862426958957677,0.6068450604603831,1.0085557374500767
ar08_match,0.8,100,16,peer_shrunk_nominal,0.7349279999999999,0.5236180904522613,31.511285553781153,39.57074327568927,0.41862426958957677,0.6068450604603831,1.0085557374500767
ar08_match,0.8,100,16,peer_cov_ess,0.77868,0.5274371859296483,31.511285553781153,39.57074327568927,0.41862426958957677,0.6068450604603831,1.0085557374500767
ar08_match,0.8,100,16,adaptive_cov_ess,0.7844359999999999,0.5292462311557788,31.511285553781153,39.57074327568927,0.41862426958957677,0.6068450604603831,1.0085557374500767
ar08_match,0.8,100,16,adaptive_nominal,0.764232,0.5224120603015076,31.511285553781153,39.57074327568927,0.41862426958957677,0.6068450604603831,1.0085557374500767
ar08_match,0.8,100,16,adaptive_joint_nominal,0.7397119999999999,0.5232160804020101,31.511285553781153,39.57074327568927,0.41862426958957677,0.6068450604603831,1.0085557374500767
ar08_match,0.8,100,17,shared_oas,0.8293,0.5614070351758794,32.727681963117824,45.63604408218773,0.5081355873002618,0.7259900409876978,0.9658841369573667
ar08_match,0.8,100,17,peer_nominal,0.8241,0.5577889447236181,32.727681963117824,45.63604408218773,0.5081355873002618,0.7259900409876978,0.9658841369573667
ar08_match,0.8,100,17,peer_shrunk_nominal,0.8316640000000001,0.5624120603015076,32.727681963117824,45.63604408218773,0.5081355873002618,0.7259900409876978,0.9658841369573667
ar08_match,0.8,100,17,peer_cov_ess,0.8079,0.5515577889447236,32.727681963117824,45.63604408218773,0.5081355873002618,0.7259900409876978,0.9658841369573667
ar08_match,0.8,100,17,adaptive_cov_ess,0.811076,0.5515577889447236,32.727681963117824,45.63604408218773,0.5081355873002618,0.7259900409876978,0.9658841369573667
ar08_match,0.8,100,17,adaptive_nominal,0.828532,0.5604020100502513,32.727681963117824,45.63604408218773,0.5081355873002618,0.7259900409876978,0.9658841369573667
ar08_match,0.8,100,17,adaptive_joint_nominal,0.8365239999999999,0.5652261306532663,32.727681963117824,45.63604408218773,0.5081355873002618,0.7259900409876978,0.9658841369573667
ar08_match,0.8,100,18,shared_oas,0.7718520000000001,0.5682412060301507,37.55042893381913,43.19645896017231,0.42312290931255125,0.6916103500468611,0.9830471502541258
ar08_match,0.8,100,18,peer_nominal,0.743992,0.5354773869346734,37.55042893381913,43.19645896017231,0.42312290931255125,0.6916103500468611,0.9830471502541258
ar08_match,0.8,100,18,peer_shrunk_nominal,0.757916,0.5519597989949748,37.55042893381913,43.19645896017231,0.42312290931255125,0.6916103500468611,0.9830471502541258
ar08_match,0.8,100,18,peer_cov_ess,0.762992,0.5447236180904522,37.55042893381913,43.19645896017231,0.42312290931255125,0.6916103500468611,0.9830471502541258
ar08_match,0.8,100,18,adaptive_cov_ess,0.7594719999999999,0.544321608040201,37.55042893381913,43.19645896017231,0.42312290931255125,0.6916103500468611,0.9830471502541258
ar08_match,0.8,100,18,adaptive_nominal,0.742808,0.5356783919597989,37.55042893381913,43.19645896017231,0.42312290931255125,0.6916103500468611,0.9830471502541258
ar08_match,0.8,100,18,adaptive_joint_nominal,0.7576999999999999,0.5547738693467337,37.55042893381913,43.19645896017231,0.42312290931255125,0.6916103500468611,0.9830471502541258
ar08_match,0.8,100,19,shared_oas,0.9089959999999999,0.6267336683417085,40.86770472384565,49.7300997592087,0.5274400415944946,0.7232913143457707,0.9382627758281612
ar08_match,0.8,100,19,peer_nominal,0.902868,0.6231155778894472,40.86770472384565,49.7300997592087,0.5274400415944946,0.7232913143457707,0.9382627758281612
ar08_match,0.8,100,19,peer_shrunk_nominal,0.9095559999999999,0.6365829145728643,40.86770472384565,49.7300997592087,0.5274400415944946,0.7232913143457707,0.9382627758281612
ar08_match,0.8,100,19,peer_cov_ess,0.8809440000000001,0.5907537688442211,40.86770472384565,49.7300997592087,0.5274400415944946,0.7232913143457707,0.9382627758281612
ar08_match,0.8,100,19,adaptive_cov_ess,0.884844,0.5923618090452262,40.86770472384565,49.7300997592087,0.5274400415944946,0.7232913143457707,0.9382627758281612
ar08_match,0.8,100,19,adaptive_nominal,0.9053120000000001,0.6333668341708543,40.86770472384565,49.7300997592087,0.5274400415944946,0.7232913143457707,0.9382627758281612
ar08_match,0.8,100,19,adaptive_joint_nominal,0.9122319999999999,0.6446231155778894,40.86770472384565,49.7300997592087,0.5274400415944946,0.7232913143457707,0.9382627758281612
ar08_match,0.8,100,20,shared_oas,0.81526,0.554572864321608,36.91464100232363,37.13098697492662,0.35661665397165154,0.6376276513081376,0.9874913632927613
ar08_match,0.8,100,20,peer_nominal,0.8415239999999999,0.5728643216080402,36.91464100232363,37.13098697492662,0.35661665397165154,0.6376276513081376,0.9874913632927613
ar08_match,0.8,100,20,peer_shrunk_nominal,0.8328880000000001,0.5553768844221105,36.91464100232363,37.13098697492662,0.35661665397165154,0.6376276513081376,0.9874913632927613
ar08_match,0.8,100,20,peer_cov_ess,0.8226079999999999,0.5511557788944723,36.91464100232363,37.13098697492662,0.35661665397165154,0.6376276513081376,0.9874913632927613
ar08_match,0.8,100,20,adaptive_cov_ess,0.8194719999999999,0.5481407035175879,36.91464100232363,37.13098697492662,0.35661665397165154,0.6376276513081376,0.9874913632927613
ar08_match,0.8,100,20,adaptive_nominal,0.8402480000000001,0.5698492462311557,36.91464100232363,37.13098697492662,0.35661665397165154,0.6376276513081376,0.9874913632927613
ar08_match,0.8,100,20,adaptive_joint_nominal,0.832756,0.5539698492462312,36.91464100232363,37.13098697492662,0.35661665397165154,0.6376276513081376,0.9874913632927613
ar08_match,0.8,100,21,shared_oas,0.810144,0.5722613065326634,34.11375353967715,42.19317898775314,0.3976440030400987,0.637612972965699,0.9929699002060414
ar08_match,0.8,100,21,peer_nominal,0.8617920000000001,0.6084422110552764,34.11375353967715,42.19317898775314,0.3976440030400987,0.637612972965699,0.9929699002060414
ar08_match,0.8,100,21,peer_shrunk_nominal,0.847136,0.5963819095477387,34.11375353967715,42.19317898775314,0.3976440030400987,0.637612972965699,0.9929699002060414
ar08_match,0.8,100,21,peer_cov_ess,0.848816,0.5742713567839196,34.11375353967715,42.19317898775314,0.3976440030400987,0.637612972965699,0.9929699002060414
ar08_match,0.8,100,21,adaptive_cov_ess,0.848272,0.5728643216080402,34.11375353967715,42.19317898775314,0.3976440030400987,0.637612972965699,0.9929699002060414
ar08_match,0.8,100,21,adaptive_nominal,0.862268,0.6082412060301507,34.11375353967715,42.19317898775314,0.3976440030400987,0.637612972965699,0.9929699002060414
ar08_match,0.8,100,21,adaptive_joint_nominal,0.8469440000000001,0.5951758793969849,34.11375353967715,42.19317898775314,0.3976440030400987,0.637612972965699,0.9929699002060414
ar08_match,0.8,100,22,shared_oas,0.8697360000000001,0.5911557788944724,32.32560419159183,38.74883826332142,0.41842282714252405,0.6593171165861138,1.0000449457430796
ar08_match,0.8,100,22,peer_nominal,0.8798839999999999,0.5939698492462312,32.32560419159183,38.74883826332142,0.41842282714252405,0.6593171165861138,1.0000449457430796
ar08_match,0.8,100,22,peer_shrunk_nominal,0.885492,0.604824120603015,32.32560419159183,38.74883826332142,0.41842282714252405,0.6593171165861138,1.0000449457430796
ar08_match,0.8,100,22,peer_cov_ess,0.8587279999999999,0.5362814070351759,32.32560419159183,38.74883826332142,0.41842282714252405,0.6593171165861138,1.0000449457430796
ar08_match,0.8,100,22,adaptive_cov_ess,0.850788,0.527035175879397,32.32560419159183,38.74883826332142,0.41842282714252405,0.6593171165861138,1.0000449457430796
ar08_match,0.8,100,22,adaptive_nominal,0.8768560000000001,0.5863316582914573,32.32560419159183,38.74883826332142,0.41842282714252405,0.6593171165861138,1.0000449457430796
ar08_match,0.8,100,22,adaptive_joint_nominal,0.881564,0.5967839195979899,32.32560419159183,38.74883826332142,0.41842282714252405,0.6593171165861138,1.0000449457430796
ar08_match,0.8,100,23,shared_oas,0.6403599999999998,0.5159798994974875,38.760880762285296,45.592576767402434,0.45381467988178203,0.7149601879295355,0.9670199237739001
ar08_match,0.8,100,23,peer_nominal,0.616992,0.5025125628140703,38.760880762285296,45.592576767402434,0.45381467988178203,0.7149601879295355,0.9670199237739001
ar08_match,0.8,100,23,peer_shrunk_nominal,0.632828,0.5145728643216081,38.760880762285296,45.592576767402434,0.45381467988178203,0.7149601879295355,0.9670199237739001
ar08_match,0.8,100,23,peer_cov_ess,0.608672,0.5045226130653266,38.760880762285296,45.592576767402434,0.45381467988178203,0.7149601879295355,0.9670199237739001
ar08_match,0.8,100,23,adaptive_cov_ess,0.605352,0.5049246231155778,38.760880762285296,45.592576767402434,0.45381467988178203,0.7149601879295355,0.9670199237739001
ar08_match,0.8,100,23,adaptive_nominal,0.615776,0.5021105527638191,38.760880762285296,45.592576767402434,0.45381467988178203,0.7149601879295355,0.9670199237739001
ar08_match,0.8,100,23,adaptive_joint_nominal,0.63262,0.5139698492462311,38.760880762285296,45.592576767402434,0.45381467988178203,0.7149601879295355,0.9670199237739001
ar08_match,0.8,100,24,shared_oas,0.7676679999999999,0.5485427135678392,34.62644898798369,45.35406007629335,0.3678597224742257,0.5619986442579568,0.9961405499021216
ar08_match,0.8,100,24,peer_nominal,0.707612,0.5354773869346734,34.62644898798369,45.35406007629335,0.3678597224742257,0.5619986442579568,0.9961405499021216
ar08_match,0.8,100,24,peer_shrunk_nominal,0.7442439999999999,0.5441206030150754,34.62644898798369,45.35406007629335,0.3678597224742257,0.5619986442579568,0.9961405499021216
ar08_match,0.8,100,24,peer_cov_ess,0.726752,0.5461306532663317,34.62644898798369,45.35406007629335,0.3678597224742257,0.5619986442579568,0.9961405499021216
ar08_match,0.8,100,24,adaptive_cov_ess,0.7167359999999999,0.544321608040201,34.62644898798369,45.35406007629335,0.3678597224742257,0.5619986442579568,0.9961405499021216
ar08_match,0.8,100,24,adaptive_nominal,0.7026399999999999,0.5336683417085427,34.62644898798369,45.35406007629335,0.3678597224742257,0.5619986442579568,0.9961405499021216
ar08_match,0.8,100,24,adaptive_joint_nominal,0.7418760000000001,0.5439195979899497,34.62644898798369,45.35406007629335,0.3678597224742257,0.5619986442579568,0.9961405499021216
ar08_match,0.8,100,25,shared_oas,0.769928,0.5117587939698492,35.57028470739219,44.10210378676685,0.3976322631570904,0.5880184175041958,0.9900744564257868
ar08_match,0.8,100,25,peer_nominal,0.7193799999999999,0.5077386934673367,35.57028470739219,44.10210378676685,0.3976322631570904,0.5880184175041958,0.9900744564257868
ar08_match,0.8,100,25,peer_shrunk_nominal,0.765972,0.5115577889447236,35.57028470739219,44.10210378676685,0.3976322631570904,0.5880184175041958,0.9900744564257868
ar08_match,0.8,100,25,peer_cov_ess,0.714928,0.5147738693467336,35.57028470739219,44.10210378676685,0.3976322631570904,0.5880184175041958,0.9900744564257868
ar08_match,0.8,100,25,adaptive_cov_ess,0.714448,0.5133668341708543,35.57028470739219,44.10210378676685,0.3976322631570904,0.5880184175041958,0.9900744564257868
ar08_match,0.8,100,25,adaptive_nominal,0.7192719999999999,0.5067336683417085,35.57028470739219,44.10210378676685,0.3976322631570904,0.5880184175041958,0.9900744564257868
ar08_match,0.8,100,25,adaptive_joint_nominal,0.76624,0.5097487437185929,35.57028470739219,44.10210378676685,0.3976322631570904,0.5880184175041958,0.9900744564257868
ar08_match,0.8,100,26,shared_oas,0.8260080000000001,0.5268341708542713,34.79958099731662,42.28623693892804,0.3796300445545423,0.6139653119257225,0.9896651179781639
ar08_match,0.8,100,26,peer_nominal,0.813656,0.5256281407035176,34.79958099731662,42.28623693892804,0.3796300445545423,0.6139653119257225,0.9896651179781639
ar08_match,0.8,100,26,peer_shrunk_nominal,0.8331479999999999,0.5296482412060302,34.79958099731662,42.28623693892804,0.3796300445545423,0.6139653119257225,0.9896651179781639
ar08_match,0.8,100,26,peer_cov_ess,0.7868000000000002,0.5278391959798995,34.79958099731662,42.28623693892804,0.3796300445545423,0.6139653119257225,0.9896651179781639
ar08_match,0.8,100,26,adaptive_cov_ess,0.793636,0.5290452261306533,34.79958099731662,42.28623693892804,0.3796300445545423,0.6139653119257225,0.9896651179781639
ar08_match,0.8,100,26,adaptive_nominal,0.8175280000000001,0.5268341708542713,34.79958099731662,42.28623693892804,0.3796300445545423,0.6139653119257225,0.9896651179781639
ar08_match,0.8,100,26,adaptive_joint_nominal,0.836224,0.5298492462311558,34.79958099731662,42.28623693892804,0.3796300445545423,0.6139653119257225,0.9896651179781639
ar08_match,0.8,100,27,shared_oas,0.8686959999999999,0.6142713567839196,35.557281591724575,39.99883293422605,0.41664874984590233,0.6550209498322574,0.9837954166368077
ar08_match,0.8,100,27,peer_nominal,0.854144,0.6018090452261307,35.557281591724575,39.99883293422605,0.41664874984590233,0.6550209498322574,0.9837954166368077
ar08_match,0.8,100,27,peer_shrunk_nominal,0.8646559999999999,0.6002010050251256,35.557281591724575,39.99883293422605,0.41664874984590233,0.6550209498322574,0.9837954166368077
ar08_match,0.8,100,27,peer_cov_ess,0.846232,0.598391959798995,35.557281591724575,39.99883293422605,0.41664874984590233,0.6550209498322574,0.9837954166368077
ar08_match,0.8,100,27,adaptive_cov_ess,0.843088,0.5971859296482412,35.557281591724575,39.99883293422605,0.41664874984590233,0.6550209498322574,0.9837954166368077
ar08_match,0.8,100,27,adaptive_nominal,0.85238,0.5991959798994975,35.557281591724575,39.99883293422605,0.41664874984590233,0.6550209498322574,0.9837954166368077
ar08_match,0.8,100,27,adaptive_joint_nominal,0.8628759999999999,0.5989949748743718,35.557281591724575,39.99883293422605,0.41664874984590233,0.6550209498322574,0.9837954166368077
ar08_match,0.8,100,28,shared_oas,0.871196,0.6132663316582915,33.76344317595324,39.57419515177446,0.3800168244070258,0.5744287369453558,1.005504915617668
ar08_match,0.8,100,28,peer_nominal,0.856456,0.6076381909547739,33.76344317595324,39.57419515177446,0.3800168244070258,0.5744287369453558,1.005504915617668
ar08_match,0.8,100,28,peer_shrunk_nominal,0.864688,0.6186934673366834,33.76344317595324,39.57419515177446,0.3800168244070258,0.5744287369453558,1.005504915617668
ar08_match,0.8,100,28,peer_cov_ess,0.8615039999999998,0.6062311557788944,33.76344317595324,39.57419515177446,0.3800168244070258,0.5744287369453558,1.005504915617668
ar08_match,0.8,100,28,adaptive_cov_ess,0.8643639999999999,0.6058291457286432,33.76344317595324,39.57419515177446,0.3800168244070258,0.5744287369453558,1.005504915617668
ar08_match,0.8,100,28,adaptive_nominal,0.85812,0.6022110552763819,33.76344317595324,39.57419515177446,0.3800168244070258,0.5744287369453558,1.005504915617668
ar08_match,0.8,100,28,adaptive_joint_nominal,0.8669959999999999,0.617286432160804,33.76344317595324,39.57419515177446,0.3800168244070258,0.5744287369453558,1.005504915617668
ar08_match,0.8,100,29,shared_oas,0.7798400000000001,0.5461306532663317,39.42438168280171,53.367618943895664,0.4149669530211678,0.6935775877496362,0.971347120653917
ar08_match,0.8,100,29,peer_nominal,0.74038,0.5467336683417086,39.42438168280171,53.367618943895664,0.4149669530211678,0.6935775877496362,0.971347120653917
ar08_match,0.8,100,29,peer_shrunk_nominal,0.723796,0.5392964824120603,39.42438168280171,53.367618943895664,0.4149669530211678,0.6935775877496362,0.971347120653917
ar08_match,0.8,100,29,peer_cov_ess,0.739808,0.5525628140703518,39.42438168280171,53.367618943895664,0.4149669530211678,0.6935775877496362,0.971347120653917
ar08_match,0.8,100,29,adaptive_cov_ess,0.743352,0.5523618090452261,39.42438168280171,53.367618943895664,0.4149669530211678,0.6935775877496362,0.971347120653917
ar08_match,0.8,100,29,adaptive_nominal,0.7427239999999999,0.5479396984924623,39.42438168280171,53.367618943895664,0.4149669530211678,0.6935775877496362,0.971347120653917
ar08_match,0.8,100,29,adaptive_joint_nominal,0.728984,0.544321608040201,39.42438168280171,53.367618943895664,0.4149669530211678,0.6935775877496362,0.971347120653917
ar08_match,0.8,100,30,shared_oas,0.8209599999999999,0.5453266331658292,36.125987794576844,41.6994212551993,0.44422757087093206,0.7486282529925998,0.9686037655014842
ar08_match,0.8,100,30,peer_nominal,0.794344,0.5308542713567839,36.125987794576844,41.6994212551993,0.44422757087093206,0.7486282529925998,0.9686037655014842
ar08_match,0.8,100,30,peer_shrunk_nominal,0.807076,0.5374874371859296,36.125987794576844,41.6994212551993,0.44422757087093206,0.7486282529925998,0.9686037655014842
ar08_match,0.8,100,30,peer_cov_ess,0.78262,0.5276381909547738,36.125987794576844,41.6994212551993,0.44422757087093206,0.7486282529925998,0.9686037655014842
ar08_match,0.8,100,30,adaptive_cov_ess,0.7757919999999999,0.5276381909547738,36.125987794576844,41.6994212551993,0.44422757087093206,0.7486282529925998,0.9686037655014842
ar08_match,0.8,100,30,adaptive_nominal,0.7908999999999999,0.5336683417085427,36.125987794576844,41.6994212551993,0.44422757087093206,0.7486282529925998,0.9686037655014842
ar08_match,0.8,100,30,adaptive_joint_nominal,0.803176,0.5396984924623116,36.125987794576844,41.6994212551993,0.44422757087093206,0.7486282529925998,0.9686037655014842
ar08_match,0.8,100,31,shared_oas,0.743164,0.5352763819095477,34.282964760147884,35.82332139346377,0.3300825164792376,0.6497301384752232,0.9854808635618345
ar08_match,0.8,100,31,peer_nominal,0.7097,0.5350753768844221,34.282964760147884,35.82332139346377,0.3300825164792376,0.6497301384752232,0.9854808635618345
ar08_match,0.8,100,31,peer_shrunk_nominal,0.7339640000000001,0.537286432160804,34.282964760147884,35.82332139346377,0.3300825164792376,0.6497301384752232,0.9854808635618345
ar08_match,0.8,100,31,peer_cov_ess,0.742424,0.5401005025125628,34.282964760147884,35.82332139346377,0.3300825164792376,0.6497301384752232,0.9854808635618345
ar08_match,0.8,100,31,adaptive_cov_ess,0.739412,0.5390954773869346,34.282964760147884,35.82332139346377,0.3300825164792376,0.6497301384752232,0.9854808635618345
ar08_match,0.8,100,31,adaptive_nominal,0.708804,0.5354773869346734,34.282964760147884,35.82332139346377,0.3300825164792376,0.6497301384752232,0.9854808635618345
ar08_match,0.8,100,31,adaptive_joint_nominal,0.733228,0.5398994974874372,34.282964760147884,35.82332139346377,0.3300825164792376,0.6497301384752232,0.9854808635618345
ar08_match,0.8,100,32,shared_oas,0.56352,0.5079396984924623,32.42382862676751,36.80829202985966,0.33851584308752863,0.5972059585201797,1.0094624217947976
ar08_match,0.8,100,32,peer_nominal,0.699348,0.5236180904522613,32.42382862676751,36.80829202985966,0.33851584308752863,0.5972059585201797,1.0094624217947976
ar08_match,0.8,100,32,peer_shrunk_nominal,0.583824,0.5113567839195979,32.42382862676751,36.80829202985966,0.33851584308752863,0.5972059585201797,1.0094624217947976
ar08_match,0.8,100,32,peer_cov_ess,0.686336,0.5222110552763819,32.42382862676751,36.80829202985966,0.33851584308752863,0.5972059585201797,1.0094624217947976
ar08_match,0.8,100,32,adaptive_cov_ess,0.6723999999999999,0.5189949748743719,32.42382862676751,36.80829202985966,0.33851584308752863,0.5972059585201797,1.0094624217947976
ar08_match,0.8,100,32,adaptive_nominal,0.6916479999999999,0.5240201005025126,32.42382862676751,36.80829202985966,0.33851584308752863,0.5972059585201797,1.0094624217947976
ar08_match,0.8,100,32,adaptive_joint_nominal,0.579276,0.5121608040201006,32.42382862676751,36.80829202985966,0.33851584308752863,0.5972059585201797,1.0094624217947976
ar08_match,0.8,100,33,shared_oas,0.7240479999999999,0.5095477386934674,34.4273223385925,36.359245753795854,0.37685053989590445,0.5707507323683112,0.9722560719892351
ar08_match,0.8,100,33,peer_nominal,0.7266920000000001,0.5061306532663317,34.4273223385925,36.359245753795854,0.37685053989590445,0.5707507323683112,0.9722560719892351
ar08_match,0.8,100,33,peer_shrunk_nominal,0.715216,0.507537688442211,34.4273223385925,36.359245753795854,0.37685053989590445,0.5707507323683112,0.9722560719892351
ar08_match,0.8,100,33,peer_cov_ess,0.751872,0.5214070351758794,34.4273223385925,36.359245753795854,0.37685053989590445,0.5707507323683112,0.9722560719892351
ar08_match,0.8,100,33,adaptive_cov_ess,0.754832,0.5202010050251257,34.4273223385925,36.359245753795854,0.37685053989590445,0.5707507323683112,0.9722560719892351
ar08_match,0.8,100,33,adaptive_nominal,0.7281519999999999,0.5053266331658292,34.4273223385925,36.359245753795854,0.37685053989590445,0.5707507323683112,0.9722560719892351
ar08_match,0.8,100,33,adaptive_joint_nominal,0.717468,0.5067336683417085,34.4273223385925,36.359245753795854,0.37685053989590445,0.5707507323683112,0.9722560719892351
ar08_match,0.8,100,34,shared_oas,0.7876,0.565427135678392,36.07098561943247,47.94976763232684,0.3786544496931269,0.6878889020138003,0.9671626394069546
ar08_match,0.8,100,34,peer_nominal,0.778268,0.5226130653266332,36.07098561943247,47.94976763232684,0.3786544496931269,0.6878889020138003,0.9671626394069546
ar08_match,0.8,100,34,peer_shrunk_nominal,0.77948,0.5642211055276382,36.07098561943247,47.94976763232684,0.3786544496931269,0.6878889020138003,0.9671626394069546
ar08_match,0.8,100,34,peer_cov_ess,0.7774719999999999,0.5421105527638191,36.07098561943247,47.94976763232684,0.3786544496931269,0.6878889020138003,0.9671626394069546
ar08_match,0.8,100,34,adaptive_cov_ess,0.767084,0.5326633165829145,36.07098561943247,47.94976763232684,0.3786544496931269,0.6878889020138003,0.9671626394069546
ar08_match,0.8,100,34,adaptive_nominal,0.7743,0.5202010050251257,36.07098561943247,47.94976763232684,0.3786544496931269,0.6878889020138003,0.9671626394069546
ar08_match,0.8,100,34,adaptive_joint_nominal,0.77484,0.5481407035175879,36.07098561943247,47.94976763232684,0.3786544496931269,0.6878889020138003,0.9671626394069546
ar08_match,0.8,100,35,shared_oas,0.6890240000000001,0.5003015075376884,36.64546684527197,45.50888045267344,0.350488299437567,0.6619145401883175,0.9788214875840702
ar08_match,0.8,100,35,peer_nominal,0.7819920000000001,0.5238190954773869,36.64546684527197,45.50888045267344,0.350488299437567,0.6619145401883175,0.9788214875840702
ar08_match,0.8,100,35,peer_shrunk_nominal,0.730364,0.5071356783919598,36.64546684527197,45.50888045267344,0.350488299437567,0.6619145401883175,0.9788214875840702
ar08_match,0.8,100,35,peer_cov_ess,0.798804,0.5143718592964824,36.64546684527197,45.50888045267344,0.350488299437567,0.6619145401883175,0.9788214875840702
ar08_match,0.8,100,35,adaptive_cov_ess,0.7977239999999999,0.5155778894472361,36.64546684527197,45.50888045267344,0.350488299437567,0.6619145401883175,0.9788214875840702
ar08_match,0.8,100,35,adaptive_nominal,0.7835759999999999,0.5258291457286433,36.64546684527197,45.50888045267344,0.350488299437567,0.6619145401883175,0.9788214875840702
ar08_match,0.8,100,35,adaptive_joint_nominal,0.73224,0.5079396984924623,36.64546684527197,45.50888045267344,0.350488299437567,0.6619145401883175,0.9788214875840702
ar08_match,0.8,100,36,shared_oas,0.835808,0.5137688442211056,36.14530591280339,37.30018916504487,0.3743388332948516,0.6263707603504705,0.977357578324549
ar08_match,0.8,100,36,peer_nominal,0.869376,0.5312562814070352,36.14530591280339,37.30018916504487,0.3743388332948516,0.6263707603504705,0.977357578324549
ar08_match,0.8,100,36,peer_shrunk_nominal,0.806744,0.5085427135678392,36.14530591280339,37.30018916504487,0.3743388332948516,0.6263707603504705,0.977357578324549
ar08_match,0.8,100,36,peer_cov_ess,0.861252,0.5224120603015076,36.14530591280339,37.30018916504487,0.3743388332948516,0.6263707603504705,0.977357578324549
ar08_match,0.8,100,36,adaptive_cov_ess,0.843652,0.51678391959799,36.14530591280339,37.30018916504487,0.3743388332948516,0.6263707603504705,0.977357578324549
ar08_match,0.8,100,36,adaptive_nominal,0.860112,0.527035175879397,36.14530591280339,37.30018916504487,0.3743388332948516,0.6263707603504705,0.977357578324549
ar08_match,0.8,100,36,adaptive_joint_nominal,0.7974680000000001,0.5063316582914573,36.14530591280339,37.30018916504487,0.3743388332948516,0.6263707603504705,0.977357578324549
ar08_match,0.8,100,37,shared_oas,0.8158559999999999,0.5340703517587939,33.419812186791795,35.85425112973202,0.4099312740608858,0.6501189124552795,0.974654720507019
ar08_match,0.8,100,37,peer_nominal,0.784816,0.5133668341708543,33.419812186791795,35.85425112973202,0.4099312740608858,0.6501189124552795,0.974654720507019
ar08_match,0.8,100,37,peer_shrunk_nominal,0.819736,0.5282412060301508,33.419812186791795,35.85425112973202,0.4099312740608858,0.6501189124552795,0.974654720507019
ar08_match,0.8,100,37,peer_cov_ess,0.7783879999999999,0.5123618090452261,33.419812186791795,35.85425112973202,0.4099312740608858,0.6501189124552795,0.974654720507019
ar08_match,0.8,100,37,adaptive_cov_ess,0.7641679999999998,0.5105527638190954,33.419812186791795,35.85425112973202,0.4099312740608858,0.6501189124552795,0.974654720507019
ar08_match,0.8,100,37,adaptive_nominal,0.777744,0.5105527638190954,33.419812186791795,35.85425112973202,0.4099312740608858,0.6501189124552795,0.974654720507019
ar08_match,0.8,100,37,adaptive_joint_nominal,0.8122400000000001,0.5242211055276382,33.419812186791795,35.85425112973202,0.4099312740608858,0.6501189124552795,0.974654720507019
ar08_match,0.8,100,38,shared_oas,0.829508,0.5782914572864322,37.40165049333936,40.049437223221794,0.4161306293627988,0.7048155208301178,0.976205474536304
ar08_match,0.8,100,38,peer_nominal,0.8168640000000001,0.5431155778894472,37.40165049333936,40.049437223221794,0.4161306293627988,0.7048155208301178,0.976205474536304
ar08_match,0.8,100,38,peer_shrunk_nominal,0.8272519999999999,0.574070351758794,37.40165049333936,40.049437223221794,0.4161306293627988,0.7048155208301178,0.976205474536304
ar08_match,0.8,100,38,peer_cov_ess,0.811032,0.5473366834170854,37.40165049333936,40.049437223221794,0.4161306293627988,0.7048155208301178,0.976205474536304
ar08_match,0.8,100,38,adaptive_cov_ess,0.808984,0.5423115577889447,37.40165049333936,40.049437223221794,0.4161306293627988,0.7048155208301178,0.976205474536304
ar08_match,0.8,100,38,adaptive_nominal,0.81568,0.540502512562814,37.40165049333936,40.049437223221794,0.4161306293627988,0.7048155208301178,0.976205474536304
ar08_match,0.8,100,38,adaptive_joint_nominal,0.8282799999999999,0.5724623115577889,37.40165049333936,40.049437223221794,0.4161306293627988,0.7048155208301178,0.976205474536304
ar08_match,0.8,100,39,shared_oas,0.85666,0.6046231155778894,35.874367218946624,38.90939487779188,0.386142334244489,0.647782338056,0.9962470819381831
ar08_match,0.8,100,39,peer_nominal,0.863324,0.6257286432160805,35.874367218946624,38.90939487779188,0.386142334244489,0.647782338056,0.9962470819381831
ar08_match,0.8,100,39,peer_shrunk_nominal,0.856524,0.6132663316582915,35.874367218946624,38.90939487779188,0.386142334244489,0.647782338056,0.9962470819381831
ar08_match,0.8,100,39,peer_cov_ess,0.8257600000000002,0.5604020100502513,35.874367218946624,38.90939487779188,0.386142334244489,0.647782338056,0.9962470819381831
ar08_match,0.8,100,39,adaptive_cov_ess,0.8289960000000001,0.5650251256281407,35.874367218946624,38.90939487779188,0.386142334244489,0.647782338056,0.9962470819381831
ar08_match,0.8,100,39,adaptive_nominal,0.8641,0.6249246231155778,35.874367218946624,38.90939487779188,0.386142334244489,0.647782338056,0.9962470819381831
ar08_match,0.8,100,39,adaptive_joint_nominal,0.8585920000000001,0.6154773869346734,35.874367218946624,38.90939487779188,0.386142334244489,0.647782338056,0.9962470819381831
ar08_match,0.8,300,0,shared_oas,0.841216,0.5979899497487438,83.38893345046716,90.9992757718125,0.6381297406418696,0.762133004381363,0.9870752258109992
ar08_match,0.8,300,0,peer_nominal,0.8613200000000001,0.6261306532663317,83.38893345046716,90.9992757718125,0.6381297406418696,0.762133004381363,0.9870752258109992
ar08_match,0.8,300,0,peer_shrunk_nominal,0.8591799999999999,0.6098492462311558,83.38893345046716,90.9992757718125,0.6381297406418696,0.762133004381363,0.9870752258109992
ar08_match,0.8,300,0,peer_cov_ess,0.8699760000000001,0.6460301507537688,83.38893345046716,90.9992757718125,0.6381297406418696,0.762133004381363,0.9870752258109992
ar08_match,0.8,300,0,adaptive_cov_ess,0.867032,0.6395979899497487,83.38893345046716,90.9992757718125,0.6381297406418696,0.762133004381363,0.9870752258109992
ar08_match,0.8,300,0,adaptive_nominal,0.860112,0.6247236180904523,83.38893345046716,90.9992757718125,0.6381297406418696,0.762133004381363,0.9870752258109992
ar08_match,0.8,300,0,adaptive_joint_nominal,0.857952,0.6084422110552764,83.38893345046716,90.9992757718125,0.6381297406418696,0.762133004381363,0.9870752258109992
ar08_match,0.8,300,1,shared_oas,0.8624239999999999,0.5441206030150754,85.91527075844736,95.6028490267833,0.6256962800591452,0.8366711244927381,0.9947004434726523
ar08_match,0.8,300,1,peer_nominal,0.84734,0.5382914572864321,85.91527075844736,95.6028490267833,0.6256962800591452,0.8366711244927381,0.9947004434726523
ar08_match,0.8,300,1,peer_shrunk_nominal,0.8500319999999999,0.5384924623115578,85.91527075844736,95.6028490267833,0.6256962800591452,0.8366711244927381,0.9947004434726523
ar08_match,0.8,300,1,peer_cov_ess,0.846544,0.5451256281407035,85.91527075844736,95.6028490267833,0.6256962800591452,0.8366711244927381,0.9947004434726523
ar08_match,0.8,300,1,adaptive_cov_ess,0.846604,0.5437185929648242,85.91527075844736,95.6028490267833,0.6256962800591452,0.8366711244927381,0.9947004434726523
ar08_match,0.8,300,1,adaptive_nominal,0.847608,0.5384924623115578,85.91527075844736,95.6028490267833,0.6256962800591452,0.8366711244927381,0.9947004434726523
ar08_match,0.8,300,1,adaptive_joint_nominal,0.85012,0.5374874371859296,85.91527075844736,95.6028490267833,0.6256962800591452,0.8366711244927381,0.9947004434726523
ar08_match,0.8,300,2,shared_oas,0.851604,0.5334673366834171,90.35170022917958,86.94742784025794,0.5574643371008379,0.8264067630528995,0.9712369020259365
ar08_match,0.8,300,2,peer_nominal,0.8951640000000001,0.5628140703517588,90.35170022917958,86.94742784025794,0.5574643371008379,0.8264067630528995,0.9712369020259365
ar08_match,0.8,300,2,peer_shrunk_nominal,0.8794640000000001,0.5471356783919598,90.35170022917958,86.94742784025794,0.5574643371008379,0.8264067630528995,0.9712369020259365
ar08_match,0.8,300,2,peer_cov_ess,0.8642399999999999,0.5475376884422111,90.35170022917958,86.94742784025794,0.5574643371008379,0.8264067630528995,0.9712369020259365
ar08_match,0.8,300,2,adaptive_cov_ess,0.8534839999999999,0.5374874371859296,90.35170022917958,86.94742784025794,0.5574643371008379,0.8264067630528995,0.9712369020259365
ar08_match,0.8,300,2,adaptive_nominal,0.891684,0.5573869346733669,90.35170022917958,86.94742784025794,0.5574643371008379,0.8264067630528995,0.9712369020259365
ar08_match,0.8,300,2,adaptive_joint_nominal,0.875772,0.5437185929648242,90.35170022917958,86.94742784025794,0.5574643371008379,0.8264067630528995,0.9712369020259365
ar08_match,0.8,300,3,shared_oas,0.94142,0.6132663316582915,89.51045482624109,98.3673574044489,0.6372881743541974,0.8194630436517507,0.9671031454938513
ar08_match,0.8,300,3,peer_nominal,0.928296,0.6062311557788944,89.51045482624109,98.3673574044489,0.6372881743541974,0.8194630436517507,0.9671031454938513
ar08_match,0.8,300,3,peer_shrunk_nominal,0.9324159999999999,0.6066331658291457,89.51045482624109,98.3673574044489,0.6372881743541974,0.8194630436517507,0.9671031454938513
ar08_match,0.8,300,3,peer_cov_ess,0.908344,0.5746733668341708,89.51045482624109,98.3673574044489,0.6372881743541974,0.8194630436517507,0.9671031454938513
ar08_match,0.8,300,3,adaptive_cov_ess,0.9095279999999999,0.5746733668341708,89.51045482624109,98.3673574044489,0.6372881743541974,0.8194630436517507,0.9671031454938513
ar08_match,0.8,300,3,adaptive_nominal,0.92886,0.6056281407035176,89.51045482624109,98.3673574044489,0.6372881743541974,0.8194630436517507,0.9671031454938513
ar08_match,0.8,300,3,adaptive_joint_nominal,0.9329999999999999,0.6074371859296482,89.51045482624109,98.3673574044489,0.6372881743541974,0.8194630436517507,0.9671031454938513
ar08_match,0.8,300,4,shared_oas,0.803428,0.5037185929648241,95.6189074329683,95.90236485278973,0.5846187404700819,0.8177155707034137,0.9840083679150959
ar08_match,0.8,300,4,peer_nominal,0.841144,0.5131658291457286,95.6189074329683,95.90236485278973,0.5846187404700819,0.8177155707034137,0.9840083679150959
ar08_match,0.8,300,4,peer_shrunk_nominal,0.8313159999999999,0.5093467336683417,95.6189074329683,95.90236485278973,0.5846187404700819,0.8177155707034137,0.9840083679150959
ar08_match,0.8,300,4,peer_cov_ess,0.8298320000000001,0.5105527638190954,95.6189074329683,95.90236485278973,0.5846187404700819,0.8177155707034137,0.9840083679150959
ar08_match,0.8,300,4,adaptive_cov_ess,0.8274480000000001,0.5103517587939699,95.6189074329683,95.90236485278973,0.5846187404700819,0.8177155707034137,0.9840083679150959
ar08_match,0.8,300,4,adaptive_nominal,0.840172,0.5137688442211055,95.6189074329683,95.90236485278973,0.5846187404700819,0.8177155707034137,0.9840083679150959
ar08_match,0.8,300,4,adaptive_joint_nominal,0.830352,0.5089447236180904,95.6189074329683,95.90236485278973,0.5846187404700819,0.8177155707034137,0.9840083679150959
ar08_match,0.8,300,5,shared_oas,0.856548,0.5813065326633166,93.22112675298257,108.73666387844975,0.6675366299263905,0.806856005904938,0.9983234075962837
ar08_match,0.8,300,5,peer_nominal,0.8669199999999999,0.5770854271356785,93.22112675298257,108.73666387844975,0.6675366299263905,0.806856005904938,0.9983234075962837
ar08_match,0.8,300,5,peer_shrunk_nominal,0.862432,0.5798994974874372,93.22112675298257,108.73666387844975,0.6675366299263905,0.806856005904938,0.9983234075962837
ar08_match,0.8,300,5,peer_cov_ess,0.8582040000000001,0.5780904522613065,93.22112675298257,108.73666387844975,0.6675366299263905,0.806856005904938,0.9983234075962837
ar08_match,0.8,300,5,adaptive_cov_ess,0.8508799999999999,0.5720603015075377,93.22112675298257,108.73666387844975,0.6675366299263905,0.806856005904938,0.9983234075962837
ar08_match,0.8,300,5,adaptive_nominal,0.863796,0.5732663316582914,93.22112675298257,108.73666387844975,0.6675366299263905,0.806856005904938,0.9983234075962837
ar08_match,0.8,300,5,adaptive_joint_nominal,0.8592359999999999,0.5768844221105528,93.22112675298257,108.73666387844975,0.6675366299263905,0.806856005904938,0.9983234075962837
ar08_match,0.8,300,6,shared_oas,0.814152,0.5698492462311557,88.02152939431801,100.91458937639153,0.5947666647959533,0.7861739598147156,0.9866550515794703
ar08_match,0.8,300,6,peer_nominal,0.823528,0.5696482412060302,88.02152939431801,100.91458937639153,0.5947666647959533,0.7861739598147156,0.9866550515794703
ar08_match,0.8,300,6,peer_shrunk_nominal,0.8177719999999999,0.5597989949748744,88.02152939431801,100.91458937639153,0.5947666647959533,0.7861739598147156,0.9866550515794703
ar08_match,0.8,300,6,peer_cov_ess,0.835048,0.5680402010050252,88.02152939431801,100.91458937639153,0.5947666647959533,0.7861739598147156,0.9866550515794703
ar08_match,0.8,300,6,adaptive_cov_ess,0.8398680000000001,0.570251256281407,88.02152939431801,100.91458937639153,0.5947666647959533,0.7861739598147156,0.9866550515794703
ar08_match,0.8,300,6,adaptive_nominal,0.8253359999999997,0.5722613065326634,88.02152939431801,100.91458937639153,0.5947666647959533,0.7861739598147156,0.9866550515794703
ar08_match,0.8,300,6,adaptive_joint_nominal,0.819688,0.5606030150753769,88.02152939431801,100.91458937639153,0.5947666647959533,0.7861739598147156,0.9866550515794703
ar08_match,0.8,300,7,shared_oas,0.9126399999999999,0.6112562814070351,87.15564324452572,90.90316934517499,0.5552272652403396,0.8209751117696619,1.0052136924167483
ar08_match,0.8,300,7,peer_nominal,0.9101400000000001,0.6130653266331658,87.15564324452572,90.90316934517499,0.5552272652403396,0.8209751117696619,1.0052136924167483
ar08_match,0.8,300,7,peer_shrunk_nominal,0.9095639999999999,0.6102512562814071,87.15564324452572,90.90316934517499,0.5552272652403396,0.8209751117696619,1.0052136924167483
ar08_match,0.8,300,7,peer_cov_ess,0.883192,0.5602010050251256,87.15564324452572,90.90316934517499,0.5552272652403396,0.8209751117696619,1.0052136924167483
ar08_match,0.8,300,7,adaptive_cov_ess,0.8833440000000001,0.5612060301507538,87.15564324452572,90.90316934517499,0.5552272652403396,0.8209751117696619,1.0052136924167483
ar08_match,0.8,300,7,adaptive_nominal,0.9101159999999999,0.6130653266331658,87.15564324452572,90.90316934517499,0.5552272652403396,0.8209751117696619,1.0052136924167483
ar08_match,0.8,300,7,adaptive_joint_nominal,0.909772,0.6106532663316583,87.15564324452572,90.90316934517499,0.5552272652403396,0.8209751117696619,1.0052136924167483
ar08_match,0.8,300,8,shared_oas,0.8676840000000001,0.585929648241206,83.07123449017344,88.61656581646466,0.6121603372614199,0.7986796384290262,1.023773902003838
ar08_match,0.8,300,8,peer_nominal,0.868044,0.5674371859296482,83.07123449017344,88.61656581646466,0.6121603372614199,0.7986796384290262,1.023773902003838
ar08_match,0.8,300,8,peer_shrunk_nominal,0.856636,0.5618090452261306,83.07123449017344,88.61656581646466,0.6121603372614199,0.7986796384290262,1.023773902003838
ar08_match,0.8,300,8,peer_cov_ess,0.8653959999999999,0.5668341708542713,83.07123449017344,88.61656581646466,0.6121603372614199,0.7986796384290262,1.023773902003838
ar08_match,0.8,300,8,adaptive_cov_ess,0.862668,0.5612060301507538,83.07123449017344,88.61656581646466,0.6121603372614199,0.7986796384290262,1.023773902003838
ar08_match,0.8,300,8,adaptive_nominal,0.866868,0.5650251256281407,83.07123449017344,88.61656581646466,0.6121603372614199,0.7986796384290262,1.023773902003838
ar08_match,0.8,300,8,adaptive_joint_nominal,0.8558959999999999,0.5604020100502513,83.07123449017344,88.61656581646466,0.6121603372614199,0.7986796384290262,1.023773902003838
ar08_match,0.8,300,9,shared_oas,0.885196,0.5825125628140704,92.70646448611046,93.10245456206798,0.58853364046038,0.7710991999618895,0.9914601669085054
ar08_match,0.8,300,9,peer_nominal,0.8743920000000002,0.5760804020100503,92.70646448611046,93.10245456206798,0.58853364046038,0.7710991999618895,0.9914601669085054
ar08_match,0.8,300,9,peer_shrunk_nominal,0.877248,0.5813065326633166,92.70646448611046,93.10245456206798,0.58853364046038,0.7710991999618895,0.9914601669085054
ar08_match,0.8,300,9,peer_cov_ess,0.8674960000000002,0.5630150753768844,92.70646448611046,93.10245456206798,0.58853364046038,0.7710991999618895,0.9914601669085054
ar08_match,0.8,300,9,adaptive_cov_ess,0.8740719999999998,0.5692462311557789,92.70646448611046,93.10245456206798,0.58853364046038,0.7710991999618895,0.9914601669085054
ar08_match,0.8,300,9,adaptive_nominal,0.876984,0.5776884422110553,92.70646448611046,93.10245456206798,0.58853364046038,0.7710991999618895,0.9914601669085054
ar08_match,0.8,300,9,adaptive_joint_nominal,0.879956,0.5837185929648241,92.70646448611046,93.10245456206798,0.58853364046038,0.7710991999618895,0.9914601669085054
ar08_match,0.8,300,10,shared_oas,0.764888,0.5515577889447236,84.14509869347769,88.14449575063037,0.6113469377173255,0.8111723223149455,0.9955493801549371
ar08_match,0.8,300,10,peer_nominal,0.807052,0.5559798994974875,84.14509869347769,88.14449575063037,0.6113469377173255,0.8111723223149455,0.9955493801549371
ar08_match,0.8,300,10,peer_shrunk_nominal,0.769544,0.545929648241206,84.14509869347769,88.14449575063037,0.6113469377173255,0.8111723223149455,0.9955493801549371
ar08_match,0.8,300,10,peer_cov_ess,0.7941,0.5604020100502513,84.14509869347769,88.14449575063037,0.6113469377173255,0.8111723223149455,0.9955493801549371
ar08_match,0.8,300,10,adaptive_cov_ess,0.7906960000000001,0.5573869346733669,84.14509869347769,88.14449575063037,0.6113469377173255,0.8111723223149455,0.9955493801549371
ar08_match,0.8,300,10,adaptive_nominal,0.806168,0.5539698492462312,84.14509869347769,88.14449575063037,0.6113469377173255,0.8111723223149455,0.9955493801549371
ar08_match,0.8,300,10,adaptive_joint_nominal,0.7695799999999999,0.5455276381909547,84.14509869347769,88.14449575063037,0.6113469377173255,0.8111723223149455,0.9955493801549371
ar08_match,0.8,300,11,shared_oas,0.829368,0.552964824120603,91.28925486348598,96.90628965807036,0.5887879378126945,0.8265380237334363,0.9793259112425058
ar08_match,0.8,300,11,peer_nominal,0.850348,0.5807035175879397,91.28925486348598,96.90628965807036,0.5887879378126945,0.8265380237334363,0.9793259112425058
ar08_match,0.8,300,11,peer_shrunk_nominal,0.845868,0.5722613065326634,91.28925486348598,96.90628965807036,0.5887879378126945,0.8265380237334363,0.9793259112425058
ar08_match,0.8,300,11,peer_cov_ess,0.83444,0.5356783919597989,91.28925486348598,96.90628965807036,0.5887879378126945,0.8265380237334363,0.9793259112425058
ar08_match,0.8,300,11,adaptive_cov_ess,0.827564,0.5306532663316583,91.28925486348598,96.90628965807036,0.5887879378126945,0.8265380237334363,0.9793259112425058
ar08_match,0.8,300,11,adaptive_nominal,0.8480319999999999,0.5760804020100503,91.28925486348598,96.90628965807036,0.5887879378126945,0.8265380237334363,0.9793259112425058
ar08_match,0.8,300,11,adaptive_joint_nominal,0.8437759999999999,0.5662311557788945,91.28925486348598,96.90628965807036,0.5887879378126945,0.8265380237334363,0.9793259112425058
ar08_match,0.8,300,12,shared_oas,0.8892039999999999,0.6351758793969848,88.29832941176413,91.24228102036918,0.5811398368486218,0.8200991289295866,0.9960995063260917
ar08_match,0.8,300,12,peer_nominal,0.874792,0.6263316582914573,88.29832941176413,91.24228102036918,0.5811398368486218,0.8200991289295866,0.9960995063260917
ar08_match,0.8,300,12,peer_shrunk_nominal,0.879052,0.632964824120603,88.29832941176413,91.24228102036918,0.5811398368486218,0.8200991289295866,0.9960995063260917
ar08_match,0.8,300,12,peer_cov_ess,0.851556,0.5724623115577889,88.29832941176413,91.24228102036918,0.5811398368486218,0.8200991289295866,0.9960995063260917
ar08_match,0.8,300,12,adaptive_cov_ess,0.8529,0.570251256281407,88.29832941176413,91.24228102036918,0.5811398368486218,0.8200991289295866,0.9960995063260917
ar08_match,0.8,300,12,adaptive_nominal,0.875248,0.6247236180904523,88.29832941176413,91.24228102036918,0.5811398368486218,0.8200991289295866,0.9960995063260917
ar08_match,0.8,300,12,adaptive_joint_nominal,0.879472,0.6311557788944724,88.29832941176413,91.24228102036918,0.5811398368486218,0.8200991289295866,0.9960995063260917
ar08_match,0.8,300,13,shared_oas,0.7539119999999999,0.5226130653266332,87.43918042365516,86.35369475509006,0.6042791615362324,0.8323489263114714,1.0026533225045524
ar08_match,0.8,300,13,peer_nominal,0.762032,0.5274371859296483,87.43918042365516,86.35369475509006,0.6042791615362324,0.8323489263114714,1.0026533225045524
ar08_match,0.8,300,13,peer_shrunk_nominal,0.762248,0.5288442211055276,87.43918042365516,86.35369475509006,0.6042791615362324,0.8323489263114714,1.0026533225045524
ar08_match,0.8,300,13,peer_cov_ess,0.764756,0.5338693467336684,87.43918042365516,86.35369475509006,0.6042791615362324,0.8323489263114714,1.0026533225045524
ar08_match,0.8,300,13,adaptive_cov_ess,0.764708,0.5324623115577889,87.43918042365516,86.35369475509006,0.6042791615362324,0.8323489263114714,1.0026533225045524
ar08_match,0.8,300,13,adaptive_nominal,0.762464,0.527035175879397,87.43918042365516,86.35369475509006,0.6042791615362324,0.8323489263114714,1.0026533225045524
ar08_match,0.8,300,13,adaptive_joint_nominal,0.7625240000000001,0.5276381909547738,87.43918042365516,86.35369475509006,0.6042791615362324,0.8323489263114714,1.0026533225045524
ar08_match,0.8,300,14,shared_oas,0.837248,0.5925628140703517,92.44769382042053,98.13711746508584,0.6742841386188126,0.8152461957067841,0.9621943222292535
ar08_match,0.8,300,14,peer_nominal,0.8201639999999999,0.5895477386934673,92.44769382042053,98.13711746508584,0.6742841386188126,0.8152461957067841,0.9621943222292535
ar08_match,0.8,300,14,peer_shrunk_nominal,0.8263199999999999,0.5935678391959799,92.44769382042053,98.13711746508584,0.6742841386188126,0.8152461957067841,0.9621943222292535
ar08_match,0.8,300,14,peer_cov_ess,0.805752,0.5602010050251256,92.44769382042053,98.13711746508584,0.6742841386188126,0.8152461957067841,0.9621943222292535
ar08_match,0.8,300,14,adaptive_cov_ess,0.801816,0.56,92.44769382042053,98.13711746508584,0.6742841386188126,0.8152461957067841,0.9621943222292535
ar08_match,0.8,300,14,adaptive_nominal,0.818912,0.5879396984924623,92.44769382042053,98.13711746508584,0.6742841386188126,0.8152461957067841,0.9621943222292535
ar08_match,0.8,300,14,adaptive_joint_nominal,0.824632,0.5915577889447237,92.44769382042053,98.13711746508584,0.6742841386188126,0.8152461957067841,0.9621943222292535
ar08_match,0.8,300,15,shared_oas,0.8578119999999999,0.608643216080402,86.33724467861042,96.30450764033839,0.5739050795628475,0.8548597665134967,0.9856072227065451
ar08_match,0.8,300,15,peer_nominal,0.889996,0.6574874371859296,86.33724467861042,96.30450764033839,0.5739050795628475,0.8548597665134967,0.9856072227065451
ar08_match,0.8,300,15,peer_shrunk_nominal,0.881692,0.6448241206030151,86.33724467861042,96.30450764033839,0.5739050795628475,0.8548597665134967,0.9856072227065451
ar08_match,0.8,300,15,peer_cov_ess,0.8652440000000001,0.6056281407035176,86.33724467861042,96.30450764033839,0.5739050795628475,0.8548597665134967,0.9856072227065451
ar08_match,0.8,300,15,adaptive_cov_ess,0.864644,0.5979899497487438,86.33724467861042,96.30450764033839,0.5739050795628475,0.8548597665134967,0.9856072227065451
ar08_match,0.8,300,15,adaptive_nominal,0.8899279999999999,0.6548743718592964,86.33724467861042,96.30450764033839,0.5739050795628475,0.8548597665134967,0.9856072227065451
ar08_match,0.8,300,15,adaptive_joint_nominal,0.881936,0.6452261306532663,86.33724467861042,96.30450764033839,0.5739050795628475,0.8548597665134967,0.9856072227065451
ar08_match,0.8,300,16,shared_oas,0.9454,0.6404020100502512,88.45865357199906,102.11172347070305,0.6527961351455505,0.821858738949521,0.9926549179516442
ar08_match,0.8,300,16,peer_nominal,0.943172,0.6556783919597989,88.45865357199906,102.11172347070305,0.6527961351455505,0.821858738949521,0.9926549179516442
ar08_match,0.8,300,16,peer_shrunk_nominal,0.947408,0.661105527638191,88.45865357199906,102.11172347070305,0.6527961351455505,0.821858738949521,0.9926549179516442
ar08_match,0.8,300,16,peer_cov_ess,0.9086679999999999,0.5811055276381909,88.45865357199906,102.11172347070305,0.6527961351455505,0.821858738949521,0.9926549179516442
ar08_match,0.8,300,16,adaptive_cov_ess,0.913052,0.5883417085427136,88.45865357199906,102.11172347070305,0.6527961351455505,0.821858738949521,0.9926549179516442
ar08_match,0.8,300,16,adaptive_nominal,0.9448360000000001,0.6588944723618091,88.45865357199906,102.11172347070305,0.6527961351455505,0.821858738949521,0.9926549179516442
ar08_match,0.8,300,16,adaptive_joint_nominal,0.9488759999999999,0.6637185929648242,88.45865357199906,102.11172347070305,0.6527961351455505,0.821858738949521,0.9926549179516442
ar08_match,0.8,300,17,shared_oas,0.9024399999999999,0.6387939698492462,90.85071029381196,105.65101654904902,0.5881644068482987,0.831431844102066,1.0060297235147742
ar08_match,0.8,300,17,peer_nominal,0.886636,0.6108542713567839,90.85071029381196,105.65101654904902,0.5881644068482987,0.831431844102066,1.0060297235147742
ar08_match,0.8,300,17,peer_shrunk_nominal,0.895828,0.6299497487437186,90.85071029381196,105.65101654904902,0.5881644068482987,0.831431844102066,1.0060297235147742
ar08_match,0.8,300,17,peer_cov_ess,0.876476,0.5845226130653266,90.85071029381196,105.65101654904902,0.5881644068482987,0.831431844102066,1.0060297235147742
ar08_match,0.8,300,17,adaptive_cov_ess,0.875712,0.5815075376884422,90.85071029381196,105.65101654904902,0.5881644068482987,0.831431844102066,1.0060297235147742
ar08_match,0.8,300,17,adaptive_nominal,0.8864559999999999,0.6108542713567839,90.85071029381196,105.65101654904902,0.5881644068482987,0.831431844102066,1.0060297235147742
ar08_match,0.8,300,17,adaptive_joint_nominal,0.895676,0.6293467336683417,90.85071029381196,105.65101654904902,0.5881644068482987,0.831431844102066,1.0060297235147742
ar08_match,0.8,300,18,shared_oas,0.7274760000000001,0.5312562814070352,92.32805202679155,110.28847708586248,0.6248859393633536,0.8126247346324411,0.9753644286155332
ar08_match,0.8,300,18,peer_nominal,0.757012,0.5415075376884422,92.32805202679155,110.28847708586248,0.6248859393633536,0.8126247346324411,0.9753644286155332
ar08_match,0.8,300,18,peer_shrunk_nominal,0.748656,0.5390954773869346,92.32805202679155,110.28847708586248,0.6248859393633536,0.8126247346324411,0.9753644286155332
ar08_match,0.8,300,18,peer_cov_ess,0.7463599999999999,0.5386934673366834,92.32805202679155,110.28847708586248,0.6248859393633536,0.8126247346324411,0.9753644286155332
ar08_match,0.8,300,18,adaptive_cov_ess,0.740756,0.5354773869346734,92.32805202679155,110.28847708586248,0.6248859393633536,0.8126247346324411,0.9753644286155332
ar08_match,0.8,300,18,adaptive_nominal,0.755064,0.5437185929648242,92.32805202679155,110.28847708586248,0.6248859393633536,0.8126247346324411,0.9753644286155332
ar08_match,0.8,300,18,adaptive_joint_nominal,0.74582,0.5382914572864321,92.32805202679155,110.28847708586248,0.6248859393633536,0.8126247346324411,0.9753644286155332
ar08_match,0.8,300,19,shared_oas,0.7574439999999999,0.5398994974874372,91.19512154745387,97.02597525931932,0.5862890576005253,0.8315088048074274,0.9755675668298662
ar08_match,0.8,300,19,peer_nominal,0.7223320000000001,0.5278391959798995,91.19512154745387,97.02597525931932,0.5862890576005253,0.8315088048074274,0.9755675668298662
ar08_match,0.8,300,19,peer_shrunk_nominal,0.732128,0.5338693467336684,91.19512154745387,97.02597525931932,0.5862890576005253,0.8315088048074274,0.9755675668298662
ar08_match,0.8,300,19,peer_cov_ess,0.6999360000000001,0.5079396984924623,91.19512154745387,97.02597525931932,0.5862890576005253,0.8315088048074274,0.9755675668298662
ar08_match,0.8,300,19,adaptive_cov_ess,0.69956,0.5081407035175879,91.19512154745387,97.02597525931932,0.5862890576005253,0.8315088048074274,0.9755675668298662
ar08_match,0.8,300,19,adaptive_nominal,0.7223519999999999,0.5280402010050251,91.19512154745387,97.02597525931932,0.5862890576005253,0.8315088048074274,0.9755675668298662
ar08_match,0.8,300,19,adaptive_joint_nominal,0.7320600000000002,0.5334673366834171,91.19512154745387,97.02597525931932,0.5862890576005253,0.8315088048074274,0.9755675668298662
ar08_match,0.8,300,20,shared_oas,0.864664,0.6158793969849246,91.00000990852324,95.33194646196958,0.6602046086963729,0.8200470478547592,0.9929007264497667
ar08_match,0.8,300,20,peer_nominal,0.8613959999999999,0.6092462311557789,91.00000990852324,95.33194646196958,0.6602046086963729,0.8200470478547592,0.9929007264497667
ar08_match,0.8,300,20,peer_shrunk_nominal,0.858244,0.6046231155778894,91.00000990852324,95.33194646196958,0.6602046086963729,0.8200470478547592,0.9929007264497667
ar08_match,0.8,300,20,peer_cov_ess,0.8344040000000001,0.5877386934673366,91.00000990852324,95.33194646196958,0.6602046086963729,0.8200470478547592,0.9929007264497667
ar08_match,0.8,300,20,adaptive_cov_ess,0.832724,0.587537688442211,91.00000990852324,95.33194646196958,0.6602046086963729,0.8200470478547592,0.9929007264497667
ar08_match,0.8,300,20,adaptive_nominal,0.860756,0.6098492462311558,91.00000990852324,95.33194646196958,0.6602046086963729,0.8200470478547592,0.9929007264497667
ar08_match,0.8,300,20,adaptive_joint_nominal,0.857764,0.6056281407035176,91.00000990852324,95.33194646196958,0.6602046086963729,0.8200470478547592,0.9929007264497667
ar08_match,0.8,300,21,shared_oas,0.8364439999999999,0.5368844221105528,85.65272721503787,88.95411276780597,0.6690007737663086,0.8180240120818016,0.9942941004041282
ar08_match,0.8,300,21,peer_nominal,0.811344,0.540502512562814,85.65272721503787,88.95411276780597,0.6690007737663086,0.8180240120818016,0.9942941004041282
ar08_match,0.8,300,21,peer_shrunk_nominal,0.8279960000000001,0.5433165829145729,85.65272721503787,88.95411276780597,0.6690007737663086,0.8180240120818016,0.9942941004041282
ar08_match,0.8,300,21,peer_cov_ess,0.805756,0.5334673366834171,85.65272721503787,88.95411276780597,0.6690007737663086,0.8180240120818016,0.9942941004041282
ar08_match,0.8,300,21,adaptive_cov_ess,0.799796,0.5312562814070352,85.65272721503787,88.95411276780597,0.6690007737663086,0.8180240120818016,0.9942941004041282
ar08_match,0.8,300,21,adaptive_nominal,0.80958,0.541105527638191,85.65272721503787,88.95411276780597,0.6690007737663086,0.8180240120818016,0.9942941004041282
ar08_match,0.8,300,21,adaptive_joint_nominal,0.826272,0.5433165829145729,85.65272721503787,88.95411276780597,0.6690007737663086,0.8180240120818016,0.9942941004041282
ar08_match,0.8,300,22,shared_oas,0.8053279999999999,0.5527638190954773,90.75149528188011,96.53991206525006,0.6196967995609461,0.8389944700659342,0.9637993990350976
ar08_match,0.8,300,22,peer_nominal,0.81552,0.5461306532663317,90.75149528188011,96.53991206525006,0.6196967995609461,0.8389944700659342,0.9637993990350976
ar08_match,0.8,300,22,peer_shrunk_nominal,0.7977879999999999,0.5423115577889447,90.75149528188011,96.53991206525006,0.6196967995609461,0.8389944700659342,0.9637993990350976
ar08_match,0.8,300,22,peer_cov_ess,0.7868759999999999,0.5276381909547738,90.75149528188011,96.53991206525006,0.6196967995609461,0.8389944700659342,0.9637993990350976
ar08_match,0.8,300,22,adaptive_cov_ess,0.782804,0.5246231155778894,90.75149528188011,96.53991206525006,0.6196967995609461,0.8389944700659342,0.9637993990350976
ar08_match,0.8,300,22,adaptive_nominal,0.8140040000000001,0.5445226130653267,90.75149528188011,96.53991206525006,0.6196967995609461,0.8389944700659342,0.9637993990350976
ar08_match,0.8,300,22,adaptive_joint_nominal,0.796164,0.5407035175879397,90.75149528188011,96.53991206525006,0.6196967995609461,0.8389944700659342,0.9637993990350976
ar08_match,0.8,300,23,shared_oas,0.76138,0.5248241206030151,91.48305698090519,96.55883692457917,0.5740562240595505,0.8330286613542182,0.9882856490537889
ar08_match,0.8,300,23,peer_nominal,0.718836,0.5228140703517588,91.48305698090519,96.55883692457917,0.5740562240595505,0.8330286613542182,0.9882856490537889
ar08_match,0.8,300,23,peer_shrunk_nominal,0.7266600000000001,0.5218090452261307,91.48305698090519,96.55883692457917,0.5740562240595505,0.8330286613542182,0.9882856490537889
ar08_match,0.8,300,23,peer_cov_ess,0.723116,0.528643216080402,91.48305698090519,96.55883692457917,0.5740562240595505,0.8330286613542182,0.9882856490537889
ar08_match,0.8,300,23,adaptive_cov_ess,0.7189760000000001,0.528643216080402,91.48305698090519,96.55883692457917,0.5740562240595505,0.8330286613542182,0.9882856490537889
ar08_match,0.8,300,23,adaptive_nominal,0.717504,0.5224120603015076,91.48305698090519,96.55883692457917,0.5740562240595505,0.8330286613542182,0.9882856490537889
ar08_match,0.8,300,23,adaptive_joint_nominal,0.725096,0.5218090452261307,91.48305698090519,96.55883692457917,0.5740562240595505,0.8330286613542182,0.9882856490537889
ar08_match,0.8,300,24,shared_oas,0.74922,0.528643216080402,82.45772326379168,91.0212682432016,0.5565962400831446,0.7934980369280453,1.0080165830413106
ar08_match,0.8,300,24,peer_nominal,0.7471319999999999,0.5248241206030151,82.45772326379168,91.0212682432016,0.5565962400831446,0.7934980369280453,1.0080165830413106
ar08_match,0.8,300,24,peer_shrunk_nominal,0.744148,0.5248241206030151,82.45772326379168,91.0212682432016,0.5565962400831446,0.7934980369280453,1.0080165830413106
ar08_match,0.8,300,24,peer_cov_ess,0.76514,0.5296482412060302,82.45772326379168,91.0212682432016,0.5565962400831446,0.7934980369280453,1.0080165830413106
ar08_match,0.8,300,24,adaptive_cov_ess,0.762032,0.5300502512562814,82.45772326379168,91.0212682432016,0.5565962400831446,0.7934980369280453,1.0080165830413106
ar08_match,0.8,300,24,adaptive_nominal,0.7461679999999999,0.5280402010050251,82.45772326379168,91.0212682432016,0.5565962400831446,0.7934980369280453,1.0080165830413106
ar08_match,0.8,300,24,adaptive_joint_nominal,0.743316,0.5240201005025126,82.45772326379168,91.0212682432016,0.5565962400831446,0.7934980369280453,1.0080165830413106
ar08_match,0.8,300,25,shared_oas,0.797024,0.5626130653266331,89.49493386038286,96.64282362663945,0.6860102142725417,0.8554137532275028,0.9810697179100063
ar08_match,0.8,300,25,peer_nominal,0.8228879999999998,0.5879396984924623,89.49493386038286,96.64282362663945,0.6860102142725417,0.8554137532275028,0.9810697179100063
ar08_match,0.8,300,25,peer_shrunk_nominal,0.8153440000000001,0.5821105527638191,89.49493386038286,96.64282362663945,0.6860102142725417,0.8554137532275028,0.9810697179100063
ar08_match,0.8,300,25,peer_cov_ess,0.82548,0.5895477386934673,89.49493386038286,96.64282362663945,0.6860102142725417,0.8554137532275028,0.9810697179100063
ar08_match,0.8,300,25,adaptive_cov_ess,0.826172,0.5885427135678392,89.49493386038286,96.64282362663945,0.6860102142725417,0.8554137532275028,0.9810697179100063
ar08_match,0.8,300,25,adaptive_nominal,0.823292,0.5871356783919598,89.49493386038286,96.64282362663945,0.6860102142725417,0.8554137532275028,0.9810697179100063
ar08_match,0.8,300,25,adaptive_joint_nominal,0.815804,0.5815075376884422,89.49493386038286,96.64282362663945,0.6860102142725417,0.8554137532275028,0.9810697179100063
ar08_match,0.8,300,26,shared_oas,0.765404,0.5218090452261307,87.50017926904559,98.50525433933015,0.6617849208543336,0.8559129576642388,0.9921872422928537
ar08_match,0.8,300,26,peer_nominal,0.754772,0.5197989949748744,87.50017926904559,98.50525433933015,0.6617849208543336,0.8559129576642388,0.9921872422928537
ar08_match,0.8,300,26,peer_shrunk_nominal,0.7478239999999999,0.5171859296482412,87.50017926904559,98.50525433933015,0.6617849208543336,0.8559129576642388,0.9921872422928537
ar08_match,0.8,300,26,peer_cov_ess,0.758776,0.5256281407035176,87.50017926904559,98.50525433933015,0.6617849208543336,0.8559129576642388,0.9921872422928537
ar08_match,0.8,300,26,adaptive_cov_ess,0.76118,0.5250251256281407,87.50017926904559,98.50525433933015,0.6617849208543336,0.8559129576642388,0.9921872422928537
ar08_match,0.8,300,26,adaptive_nominal,0.7552599999999999,0.5195979899497487,87.50017926904559,98.50525433933015,0.6617849208543336,0.8559129576642388,0.9921872422928537
ar08_match,0.8,300,26,adaptive_joint_nominal,0.7478,0.5173869346733668,87.50017926904559,98.50525433933015,0.6617849208543336,0.8559129576642388,0.9921872422928537
ar08_match,0.8,300,27,shared_oas,0.920028,0.6661306532663316,86.15065606096101,95.09153057687365,0.5721594193842355,0.7799129799109354,1.0166180961458684
ar08_match,0.8,300,27,peer_nominal,0.949616,0.7234170854271358,86.15065606096101,95.09153057687365,0.5721594193842355,0.7799129799109354,1.0166180961458684
ar08_match,0.8,300,27,peer_shrunk_nominal,0.935776,0.6922613065326633,86.15065606096101,95.09153057687365,0.5721594193842355,0.7799129799109354,1.0166180961458684
ar08_match,0.8,300,27,peer_cov_ess,0.941848,0.6900502512562814,86.15065606096101,95.09153057687365,0.5721594193842355,0.7799129799109354,1.0166180961458684
ar08_match,0.8,300,27,adaptive_cov_ess,0.938672,0.6824120603015076,86.15065606096101,95.09153057687365,0.5721594193842355,0.7799129799109354,1.0166180961458684
ar08_match,0.8,300,27,adaptive_nominal,0.948592,0.7206030150753769,86.15065606096101,95.09153057687365,0.5721594193842355,0.7799129799109354,1.0166180961458684
ar08_match,0.8,300,27,adaptive_joint_nominal,0.9345039999999999,0.6894472361809045,86.15065606096101,95.09153057687365,0.5721594193842355,0.7799129799109354,1.0166180961458684
ar08_match,0.8,300,28,shared_oas,0.863232,0.5473366834170854,90.68527643182097,91.18813057539872,0.6356352386549469,0.8349839317635466,0.9947815804253552
ar08_match,0.8,300,28,peer_nominal,0.8693960000000001,0.5511557788944723,90.68527643182097,91.18813057539872,0.6356352386549469,0.8349839317635466,0.9947815804253552
ar08_match,0.8,300,28,peer_shrunk_nominal,0.8713960000000001,0.5525628140703518,90.68527643182097,91.18813057539872,0.6356352386549469,0.8349839317635466,0.9947815804253552
ar08_match,0.8,300,28,peer_cov_ess,0.86512,0.5634170854271356,90.68527643182097,91.18813057539872,0.6356352386549469,0.8349839317635466,0.9947815804253552
ar08_match,0.8,300,28,adaptive_cov_ess,0.866544,0.5644221105527638,90.68527643182097,91.18813057539872,0.6356352386549469,0.8349839317635466,0.9947815804253552
ar08_match,0.8,300,28,adaptive_nominal,0.869944,0.5505527638190955,90.68527643182097,91.18813057539872,0.6356352386549469,0.8349839317635466,0.9947815804253552
ar08_match,0.8,300,28,adaptive_joint_nominal,0.872012,0.5523618090452261,90.68527643182097,91.18813057539872,0.6356352386549469,0.8349839317635466,0.9947815804253552
ar08_match,0.8,300,29,shared_oas,0.88918,0.5684422110552764,95.34702045516329,99.03427902763029,0.6487122713286131,0.8331168018002092,0.9354308746651807
ar08_match,0.8,300,29,peer_nominal,0.8758480000000001,0.5726633165829146,95.34702045516329,99.03427902763029,0.6487122713286131,0.8331168018002092,0.9354308746651807
ar08_match,0.8,300,29,peer_shrunk_nominal,0.8779440000000001,0.5726633165829146,95.34702045516329,99.03427902763029,0.6487122713286131,0.8331168018002092,0.9354308746651807
ar08_match,0.8,300,29,peer_cov_ess,0.865688,0.5712562814070352,95.34702045516329,99.03427902763029,0.6487122713286131,0.8331168018002092,0.9354308746651807
ar08_match,0.8,300,29,adaptive_cov_ess,0.861204,0.5674371859296482,95.34702045516329,99.03427902763029,0.6487122713286131,0.8331168018002092,0.9354308746651807
ar08_match,0.8,300,29,adaptive_nominal,0.874576,0.5736683417085428,95.34702045516329,99.03427902763029,0.6487122713286131,0.8331168018002092,0.9354308746651807
ar08_match,0.8,300,29,adaptive_joint_nominal,0.876412,0.5710552763819096,95.34702045516329,99.03427902763029,0.6487122713286131,0.8331168018002092,0.9354308746651807
ar08_match,0.8,300,30,shared_oas,0.799024,0.5268341708542713,89.56261126179008,94.20129517130513,0.6415382077360738,0.8378057032415847,0.9821345881071788
ar08_match,0.8,300,30,peer_nominal,0.795204,0.5258291457286433,89.56261126179008,94.20129517130513,0.6415382077360738,0.8378057032415847,0.9821345881071788
ar08_match,0.8,300,30,peer_shrunk_nominal,0.7908160000000001,0.5266331658291458,89.56261126179008,94.20129517130513,0.6415382077360738,0.8378057032415847,0.9821345881071788
ar08_match,0.8,300,30,peer_cov_ess,0.7942400000000001,0.5193969849246232,89.56261126179008,94.20129517130513,0.6415382077360738,0.8378057032415847,0.9821345881071788
ar08_match,0.8,300,30,adaptive_cov_ess,0.79276,0.5179899497487437,89.56261126179008,94.20129517130513,0.6415382077360738,0.8378057032415847,0.9821345881071788
ar08_match,0.8,300,30,adaptive_nominal,0.794536,0.5260301507537688,89.56261126179008,94.20129517130513,0.6415382077360738,0.8378057032415847,0.9821345881071788
ar08_match,0.8,300,30,adaptive_joint_nominal,0.7898919999999999,0.5262311557788945,89.56261126179008,94.20129517130513,0.6415382077360738,0.8378057032415847,0.9821345881071788
ar08_match,0.8,300,31,shared_oas,0.8718479999999998,0.5748743718592965,85.45670681705899,94.95727434135085,0.5564834631331308,0.8041080120182331,0.9804532719534808
ar08_match,0.8,300,31,peer_nominal,0.8946800000000001,0.6046231155778894,85.45670681705899,94.95727434135085,0.5564834631331308,0.8041080120182331,0.9804532719534808
ar08_match,0.8,300,31,peer_shrunk_nominal,0.8860520000000001,0.5845226130653266,85.45670681705899,94.95727434135085,0.5564834631331308,0.8041080120182331,0.9804532719534808
ar08_match,0.8,300,31,peer_cov_ess,0.8901680000000001,0.6074371859296482,85.45670681705899,94.95727434135085,0.5564834631331308,0.8041080120182331,0.9804532719534808
ar08_match,0.8,300,31,adaptive_cov_ess,0.8891760000000001,0.6040201005025125,85.45670681705899,94.95727434135085,0.5564834631331308,0.8041080120182331,0.9804532719534808
ar08_match,0.8,300,31,adaptive_nominal,0.8946520000000001,0.603819095477387,85.45670681705899,94.95727434135085,0.5564834631331308,0.8041080120182331,0.9804532719534808
ar08_match,0.8,300,31,adaptive_joint_nominal,0.885404,0.5827135678391959,85.45670681705899,94.95727434135085,0.5564834631331308,0.8041080120182331,0.9804532719534808
ar08_match,0.8,300,32,shared_oas,0.9182359999999999,0.6741708542713568,90.65467260474112,101.41417719123737,0.6262603710170009,0.8333414453248329,0.9721089307317725
ar08_match,0.8,300,32,peer_nominal,0.91146,0.68321608040201,90.65467260474112,101.41417719123737,0.6262603710170009,0.8333414453248329,0.9721089307317725
ar08_match,0.8,300,32,peer_shrunk_nominal,0.923616,0.7059296482412061,90.65467260474112,101.41417719123737,0.6262603710170009,0.8333414453248329,0.9721089307317725
ar08_match,0.8,300,32,peer_cov_ess,0.8966280000000001,0.617286432160804,90.65467260474112,101.41417719123737,0.6262603710170009,0.8333414453248329,0.9721089307317725
ar08_match,0.8,300,32,adaptive_cov_ess,0.89498,0.6150753768844222,90.65467260474112,101.41417719123737,0.6262603710170009,0.8333414453248329,0.9721089307317725
ar08_match,0.8,300,32,adaptive_nominal,0.911148,0.6808040201005026,90.65467260474112,101.41417719123737,0.6262603710170009,0.8333414453248329,0.9721089307317725
ar08_match,0.8,300,32,adaptive_joint_nominal,0.9233760000000001,0.7035175879396985,90.65467260474112,101.41417719123737,0.6262603710170009,0.8333414453248329,0.9721089307317725
ar08_match,0.8,300,33,shared_oas,0.835252,0.5877386934673366,82.00919855347827,81.30453829208403,0.6163570234701975,0.8190422727973421,1.0291366444517176
ar08_match,0.8,300,33,peer_nominal,0.8456200000000001,0.5959798994974874,82.00919855347827,81.30453829208403,0.6163570234701975,0.8190422727973421,1.0291366444517176
ar08_match,0.8,300,33,peer_shrunk_nominal,0.8540439999999999,0.6020100502512563,82.00919855347827,81.30453829208403,0.6163570234701975,0.8190422727973421,1.0291366444517176
ar08_match,0.8,300,33,peer_cov_ess,0.8344360000000001,0.5809045226130654,82.00919855347827,81.30453829208403,0.6163570234701975,0.8190422727973421,1.0291366444517176
ar08_match,0.8,300,33,adaptive_cov_ess,0.836172,0.5813065326633166,82.00919855347827,81.30453829208403,0.6163570234701975,0.8190422727973421,1.0291366444517176
ar08_match,0.8,300,33,adaptive_nominal,0.84622,0.5987939698492463,82.00919855347827,81.30453829208403,0.6163570234701975,0.8190422727973421,1.0291366444517176
ar08_match,0.8,300,33,adaptive_joint_nominal,0.85388,0.603819095477387,82.00919855347827,81.30453829208403,0.6163570234701975,0.8190422727973421,1.0291366444517176
ar08_match,0.8,300,34,shared_oas,0.786248,0.5135678391959799,87.81443093293116,95.59172273454413,0.6017540757704332,0.8327863710498418,0.997161892597341
ar08_match,0.8,300,34,peer_nominal,0.776748,0.5155778894472361,87.81443093293116,95.59172273454413,0.6017540757704332,0.8327863710498418,0.997161892597341
ar08_match,0.8,300,34,peer_shrunk_nominal,0.778824,0.5149748743718593,87.81443093293116,95.59172273454413,0.6017540757704332,0.8327863710498418,0.997161892597341
ar08_match,0.8,300,34,peer_cov_ess,0.7806359999999999,0.5107537688442211,87.81443093293116,95.59172273454413,0.6017540757704332,0.8327863710498418,0.997161892597341
ar08_match,0.8,300,34,adaptive_cov_ess,0.777308,0.5099497487437186,87.81443093293116,95.59172273454413,0.6017540757704332,0.8327863710498418,0.997161892597341
ar08_match,0.8,300,34,adaptive_nominal,0.7764080000000001,0.5157788944723618,87.81443093293116,95.59172273454413,0.6017540757704332,0.8327863710498418,0.997161892597341
ar08_match,0.8,300,34,adaptive_joint_nominal,0.777936,0.5143718592964824,87.81443093293116,95.59172273454413,0.6017540757704332,0.8327863710498418,0.997161892597341
ar08_match,0.8,300,35,shared_oas,0.803864,0.545929648241206,92.74920946432347,113.58943442213196,0.6661008588024878,0.8294009963944606,0.9707373796827254
ar08_match,0.8,300,35,peer_nominal,0.802856,0.5461306532663317,92.74920946432347,113.58943442213196,0.6661008588024878,0.8294009963944606,0.9707373796827254
ar08_match,0.8,300,35,peer_shrunk_nominal,0.788988,0.5376884422110553,92.74920946432347,113.58943442213196,0.6661008588024878,0.8294009963944606,0.9707373796827254
ar08_match,0.8,300,35,peer_cov_ess,0.8111720000000001,0.5612060301507538,92.74920946432347,113.58943442213196,0.6661008588024878,0.8294009963944606,0.9707373796827254
ar08_match,0.8,300,35,adaptive_cov_ess,0.8072440000000001,0.5551758793969849,92.74920946432347,113.58943442213196,0.6661008588024878,0.8294009963944606,0.9707373796827254
ar08_match,0.8,300,35,adaptive_nominal,0.801496,0.5437185929648242,92.74920946432347,113.58943442213196,0.6661008588024878,0.8294009963944606,0.9707373796827254
ar08_match,0.8,300,35,adaptive_joint_nominal,0.788012,0.5344723618090452,92.74920946432347,113.58943442213196,0.6661008588024878,0.8294009963944606,0.9707373796827254
ar08_match,0.8,300,36,shared_oas,0.918336,0.6,89.36447395795808,101.93503563692155,0.6184289248826719,0.8117909571024111,0.9651934211207749
ar08_match,0.8,300,36,peer_nominal,0.902204,0.5700502512562814,89.36447395795808,101.93503563692155,0.6184289248826719,0.8117909571024111,0.9651934211207749
ar08_match,0.8,300,36,peer_shrunk_nominal,0.913968,0.5879396984924623,89.36447395795808,101.93503563692155,0.6184289248826719,0.8117909571024111,0.9651934211207749
ar08_match,0.8,300,36,peer_cov_ess,0.891564,0.549748743718593,89.36447395795808,101.93503563692155,0.6184289248826719,0.8117909571024111,0.9651934211207749
ar08_match,0.8,300,36,adaptive_cov_ess,0.891092,0.5509547738693468,89.36447395795808,101.93503563692155,0.6184289248826719,0.8117909571024111,0.9651934211207749
ar08_match,0.8,300,36,adaptive_nominal,0.902012,0.5688442211055277,89.36447395795808,101.93503563692155,0.6184289248826719,0.8117909571024111,0.9651934211207749
ar08_match,0.8,300,36,adaptive_joint_nominal,0.913208,0.5869346733668341,89.36447395795808,101.93503563692155,0.6184289248826719,0.8117909571024111,0.9651934211207749
ar08_match,0.8,300,37,shared_oas,0.913124,0.690251256281407,82.12211759992081,85.45500053919562,0.5256888275250042,0.7983087954570408,0.9730443551842896
ar08_match,0.8,300,37,peer_nominal,0.89786,0.6478391959798995,82.12211759992081,85.45500053919562,0.5256888275250042,0.7983087954570408,0.9730443551842896
ar08_match,0.8,300,37,peer_shrunk_nominal,0.912164,0.6890452261306532,82.12211759992081,85.45500053919562,0.5256888275250042,0.7983087954570408,0.9730443551842896
ar08_match,0.8,300,37,peer_cov_ess,0.8846560000000001,0.6373869346733668,82.12211759992081,85.45500053919562,0.5256888275250042,0.7983087954570408,0.9730443551842896
ar08_match,0.8,300,37,adaptive_cov_ess,0.884792,0.6440201005025126,82.12211759992081,85.45500053919562,0.5256888275250042,0.7983087954570408,0.9730443551842896
ar08_match,0.8,300,37,adaptive_nominal,0.897832,0.6512562814070352,82.12211759992081,85.45500053919562,0.5256888275250042,0.7983087954570408,0.9730443551842896
ar08_match,0.8,300,37,adaptive_joint_nominal,0.912264,0.6916582914572864,82.12211759992081,85.45500053919562,0.5256888275250042,0.7983087954570408,0.9730443551842896
ar08_match,0.8,300,38,shared_oas,0.9232520000000001,0.6699497487437186,88.30419331248281,99.05194413612915,0.6382244069994099,0.7738220493150301,1.0118459887583064
ar08_match,0.8,300,38,peer_nominal,0.9130759999999999,0.6677386934673366,88.30419331248281,99.05194413612915,0.6382244069994099,0.7738220493150301,1.0118459887583064
ar08_match,0.8,300,38,peer_shrunk_nominal,0.9240360000000001,0.6793969849246231,88.30419331248281,99.05194413612915,0.6382244069994099,0.7738220493150301,1.0118459887583064
ar08_match,0.8,300,38,peer_cov_ess,0.891272,0.6381909547738693,88.30419331248281,99.05194413612915,0.6382244069994099,0.7738220493150301,1.0118459887583064
ar08_match,0.8,300,38,adaptive_cov_ess,0.8886240000000001,0.6355778894472361,88.30419331248281,99.05194413612915,0.6382244069994099,0.7738220493150301,1.0118459887583064
ar08_match,0.8,300,38,adaptive_nominal,0.912684,0.662713567839196,88.30419331248281,99.05194413612915,0.6382244069994099,0.7738220493150301,1.0118459887583064
ar08_match,0.8,300,38,adaptive_joint_nominal,0.9233880000000001,0.6717587939698493,88.30419331248281,99.05194413612915,0.6382244069994099,0.7738220493150301,1.0118459887583064
ar08_match,0.8,300,39,shared_oas,0.8225640000000001,0.5730653266331658,87.88850767304086,93.70407386955829,0.5469228329558271,0.8122400770601224,0.9812512055903216
ar08_match,0.8,300,39,peer_nominal,0.8046,0.5690452261306532,87.88850767304086,93.70407386955829,0.5469228329558271,0.8122400770601224,0.9812512055903216
ar08_match,0.8,300,39,peer_shrunk_nominal,0.8088919999999999,0.5644221105527638,87.88850767304086,93.70407386955829,0.5469228329558271,0.8122400770601224,0.9812512055903216
ar08_match,0.8,300,39,peer_cov_ess,0.798176,0.5634170854271356,87.88850767304086,93.70407386955829,0.5469228329558271,0.8122400770601224,0.9812512055903216
ar08_match,0.8,300,39,adaptive_cov_ess,0.7946079999999999,0.5593969849246231,87.88850767304086,93.70407386955829,0.5469228329558271,0.8122400770601224,0.9812512055903216
ar08_match,0.8,300,39,adaptive_nominal,0.80384,0.5682412060301507,87.88850767304086,93.70407386955829,0.5469228329558271,0.8122400770601224,0.9812512055903216
ar08_match,0.8,300,39,adaptive_joint_nominal,0.807856,0.5648241206030151,87.88850767304086,93.70407386955829,0.5469228329558271,0.8122400770601224,0.9812512055903216
ar08_match,0.8,1000,0,shared_oas,0.8856439999999999,0.6735678391959798,267.65686243779805,284.312293200502,0.8270045647014312,0.9381626754178742,1.0009124025883565
ar08_match,0.8,1000,0,peer_nominal,0.870332,0.6637185929648242,267.65686243779805,284.312293200502,0.8270045647014312,0.9381626754178742,1.0009124025883565
ar08_match,0.8,1000,0,peer_shrunk_nominal,0.877088,0.6721608040201005,267.65686243779805,284.312293200502,0.8270045647014312,0.9381626754178742,1.0009124025883565
ar08_match,0.8,1000,0,peer_cov_ess,0.8610120000000001,0.6448241206030151,267.65686243779805,284.312293200502,0.8270045647014312,0.9381626754178742,1.0009124025883565
ar08_match,0.8,1000,0,adaptive_cov_ess,0.86208,0.6450251256281407,267.65686243779805,284.312293200502,0.8270045647014312,0.9381626754178742,1.0009124025883565
ar08_match,0.8,1000,0,adaptive_nominal,0.870656,0.6633165829145728,267.65686243779805,284.312293200502,0.8270045647014312,0.9381626754178742,1.0009124025883565
ar08_match,0.8,1000,0,adaptive_joint_nominal,0.877432,0.6719597989949748,267.65686243779805,284.312293200502,0.8270045647014312,0.9381626754178742,1.0009124025883565
ar08_match,0.8,1000,1,shared_oas,0.81934,0.5833165829145729,266.5892671995339,288.5907767235405,0.7681582025952315,0.9387211263766699,0.9878008590660565
ar08_match,0.8,1000,1,peer_nominal,0.805416,0.570251256281407,266.5892671995339,288.5907767235405,0.7681582025952315,0.9387211263766699,0.9878008590660565
ar08_match,0.8,1000,1,peer_shrunk_nominal,0.8051519999999999,0.5730653266331658,266.5892671995339,288.5907767235405,0.7681582025952315,0.9387211263766699,0.9878008590660565
ar08_match,0.8,1000,1,peer_cov_ess,0.797884,0.5646231155778895,266.5892671995339,288.5907767235405,0.7681582025952315,0.9387211263766699,0.9878008590660565
ar08_match,0.8,1000,1,adaptive_cov_ess,0.7980079999999999,0.5648241206030151,266.5892671995339,288.5907767235405,0.7681582025952315,0.9387211263766699,0.9878008590660565
ar08_match,0.8,1000,1,adaptive_nominal,0.805412,0.5700502512562814,266.5892671995339,288.5907767235405,0.7681582025952315,0.9387211263766699,0.9878008590660565
ar08_match,0.8,1000,1,adaptive_joint_nominal,0.805072,0.5730653266331658,266.5892671995339,288.5907767235405,0.7681582025952315,0.9387211263766699,0.9878008590660565
ar08_match,0.8,1000,2,shared_oas,0.816648,0.5636180904522613,268.37248176785744,271.36402586618885,0.788826221851407,0.9126169352261928,0.9946326345390598
ar08_match,0.8,1000,2,peer_nominal,0.8623000000000001,0.6120603015075377,268.37248176785744,271.36402586618885,0.788826221851407,0.9126169352261928,0.9946326345390598
ar08_match,0.8,1000,2,peer_shrunk_nominal,0.8534240000000001,0.6006030150753768,268.37248176785744,271.36402586618885,0.788826221851407,0.9126169352261928,0.9946326345390598
ar08_match,0.8,1000,2,peer_cov_ess,0.8633199999999999,0.6068341708542714,268.37248176785744,271.36402586618885,0.788826221851407,0.9126169352261928,0.9946326345390598
ar08_match,0.8,1000,2,adaptive_cov_ess,0.8634680000000001,0.6066331658291457,268.37248176785744,271.36402586618885,0.788826221851407,0.9126169352261928,0.9946326345390598
ar08_match,0.8,1000,2,adaptive_nominal,0.86234,0.6122613065326633,268.37248176785744,271.36402586618885,0.788826221851407,0.9126169352261928,0.9946326345390598
ar08_match,0.8,1000,2,adaptive_joint_nominal,0.8535479999999999,0.6004020100502513,268.37248176785744,271.36402586618885,0.788826221851407,0.9126169352261928,0.9946326345390598
ar08_match,0.8,1000,3,shared_oas,0.8882560000000002,0.6006030150753768,276.72081461765214,290.41010273026694,0.8254227441437564,0.9316978512494742,0.9848905700193205
ar08_match,0.8,1000,3,peer_nominal,0.875972,0.5612060301507538,276.72081461765214,290.41010273026694,0.8254227441437564,0.9316978512494742,0.9848905700193205
ar08_match,0.8,1000,3,peer_shrunk_nominal,0.878836,0.5656281407035176,276.72081461765214,290.41010273026694,0.8254227441437564,0.9316978512494742,0.9848905700193205
ar08_match,0.8,1000,3,peer_cov_ess,0.87452,0.5644221105527638,276.72081461765214,290.41010273026694,0.8254227441437564,0.9316978512494742,0.9848905700193205
ar08_match,0.8,1000,3,adaptive_cov_ess,0.8758360000000001,0.5668341708542713,276.72081461765214,290.41010273026694,0.8254227441437564,0.9316978512494742,0.9848905700193205
ar08_match,0.8,1000,3,adaptive_nominal,0.876188,0.5616080402010051,276.72081461765214,290.41010273026694,0.8254227441437564,0.9316978512494742,0.9848905700193205
ar08_match,0.8,1000,3,adaptive_joint_nominal,0.879124,0.5664321608040201,276.72081461765214,290.41010273026694,0.8254227441437564,0.9316978512494742,0.9848905700193205
ar08_match,0.8,1000,4,shared_oas,0.7931880000000001,0.5531658291457286,272.4625313040465,277.83368262978723,0.8222575276460715,0.9306969231297856,0.9864959290338261
ar08_match,0.8,1000,4,peer_nominal,0.830632,0.5718592964824121,272.4625313040465,277.83368262978723,0.8222575276460715,0.9306969231297856,0.9864959290338261
ar08_match,0.8,1000,4,peer_shrunk_nominal,0.8218799999999999,0.5688442211055276,272.4625313040465,277.83368262978723,0.8222575276460715,0.9306969231297856,0.9864959290338261
ar08_match,0.8,1000,4,peer_cov_ess,0.830828,0.5730653266331658,272.4625313040465,277.83368262978723,0.8222575276460715,0.9306969231297856,0.9864959290338261
ar08_match,0.8,1000,4,adaptive_cov_ess,0.829328,0.5692462311557789,272.4625313040465,277.83368262978723,0.8222575276460715,0.9306969231297856,0.9864959290338261
ar08_match,0.8,1000,4,adaptive_nominal,0.83024,0.5706532663316584,272.4625313040465,277.83368262978723,0.8222575276460715,0.9306969231297856,0.9864959290338261
ar08_match,0.8,1000,4,adaptive_joint_nominal,0.821532,0.568643216080402,272.4625313040465,277.83368262978723,0.8222575276460715,0.9306969231297856,0.9864959290338261
ar08_match,0.8,1000,5,shared_oas,0.846376,0.5591959798994974,266.5083248223745,289.05254717502976,0.7826006607025326,0.9300529184654596,1.0015795479533889
ar08_match,0.8,1000,5,peer_nominal,0.83236,0.5664321608040201,266.5083248223745,289.05254717502976,0.7826006607025326,0.9300529184654596,1.0015795479533889
ar08_match,0.8,1000,5,peer_shrunk_nominal,0.8380759999999999,0.5710552763819096,266.5083248223745,289.05254717502976,0.7826006607025326,0.9300529184654596,1.0015795479533889
ar08_match,0.8,1000,5,peer_cov_ess,0.835244,0.5644221105527638,266.5083248223745,289.05254717502976,0.7826006607025326,0.9300529184654596,1.0015795479533889
ar08_match,0.8,1000,5,adaptive_cov_ess,0.8372119999999998,0.5674371859296482,266.5083248223745,289.05254717502976,0.7826006607025326,0.9300529184654596,1.0015795479533889
ar08_match,0.8,1000,5,adaptive_nominal,0.832948,0.5676381909547739,266.5083248223745,289.05254717502976,0.7826006607025326,0.9300529184654596,1.0015795479533889
ar08_match,0.8,1000,5,adaptive_joint_nominal,0.8387479999999999,0.5716582914572864,266.5083248223745,289.05254717502976,0.7826006607025326,0.9300529184654596,1.0015795479533889
ar08_match,0.8,1000,6,shared_oas,0.8919199999999999,0.6480402010050251,269.98148104851435,272.6919655955031,0.8139776843134099,0.9254311115058333,1.0049482285893345
ar08_match,0.8,1000,6,peer_nominal,0.880584,0.6544723618090452,269.98148104851435,272.6919655955031,0.8139776843134099,0.9254311115058333,1.0049482285893345
ar08_match,0.8,1000,6,peer_shrunk_nominal,0.88584,0.6566834170854271,269.98148104851435,272.6919655955031,0.8139776843134099,0.9254311115058333,1.0049482285893345
ar08_match,0.8,1000,6,peer_cov_ess,0.8756200000000001,0.6430150753768844,269.98148104851435,272.6919655955031,0.8139776843134099,0.9254311115058333,1.0049482285893345
ar08_match,0.8,1000,6,adaptive_cov_ess,0.8743479999999999,0.6422110552763819,269.98148104851435,272.6919655955031,0.8139776843134099,0.9254311115058333,1.0049482285893345
ar08_match,0.8,1000,6,adaptive_nominal,0.880096,0.654070351758794,269.98148104851435,272.6919655955031,0.8139776843134099,0.9254311115058333,1.0049482285893345
ar08_match,0.8,1000,6,adaptive_joint_nominal,0.8853800000000001,0.6562814070351759,269.98148104851435,272.6919655955031,0.8139776843134099,0.9254311115058333,1.0049482285893345
ar08_match,0.8,1000,7,shared_oas,0.910284,0.5899497487437186,268.682696452946,274.3924492415622,0.7876769181837259,0.9322403370290037,0.9921794171110365
ar08_match,0.8,1000,7,peer_nominal,0.895724,0.5925628140703517,268.682696452946,274.3924492415622,0.7876769181837259,0.9322403370290037,0.9921794171110365
ar08_match,0.8,1000,7,peer_shrunk_nominal,0.89994,0.598391959798995,268.682696452946,274.3924492415622,0.7876769181837259,0.9322403370290037,0.9921794171110365
ar08_match,0.8,1000,7,peer_cov_ess,0.897196,0.5915577889447237,268.682696452946,274.3924492415622,0.7876769181837259,0.9322403370290037,0.9921794171110365
ar08_match,0.8,1000,7,adaptive_cov_ess,0.895592,0.5885427135678392,268.682696452946,274.3924492415622,0.7876769181837259,0.9322403370290037,0.9921794171110365
ar08_match,0.8,1000,7,adaptive_nominal,0.8951960000000001,0.5909547738693467,268.682696452946,274.3924492415622,0.7876769181837259,0.9322403370290037,0.9921794171110365
ar08_match,0.8,1000,7,adaptive_joint_nominal,0.89948,0.5971859296482412,268.682696452946,274.3924492415622,0.7876769181837259,0.9322403370290037,0.9921794171110365
ar08_match,0.8,1000,8,shared_oas,0.752028,0.5141708542713568,276.61524087801126,289.4277845131585,0.8129097054744293,0.937621108032624,0.9905983343566936
ar08_match,0.8,1000,8,peer_nominal,0.73428,0.5153768844221106,276.61524087801126,289.4277845131585,0.8129097054744293,0.937621108032624,0.9905983343566936
ar08_match,0.8,1000,8,peer_shrunk_nominal,0.736796,0.5155778894472361,276.61524087801126,289.4277845131585,0.8129097054744293,0.937621108032624,0.9905983343566936
ar08_match,0.8,1000,8,peer_cov_ess,0.736732,0.5157788944723618,276.61524087801126,289.4277845131585,0.8129097054744293,0.937621108032624,0.9905983343566936
ar08_match,0.8,1000,8,adaptive_cov_ess,0.7349359999999999,0.5155778894472361,276.61524087801126,289.4277845131585,0.8129097054744293,0.937621108032624,0.9905983343566936
ar08_match,0.8,1000,8,adaptive_nominal,0.7338680000000001,0.515175879396985,276.61524087801126,289.4277845131585,0.8129097054744293,0.937621108032624,0.9905983343566936
ar08_match,0.8,1000,8,adaptive_joint_nominal,0.7364959999999999,0.5155778894472361,276.61524087801126,289.4277845131585,0.8129097054744293,0.937621108032624,0.9905983343566936
ar08_match,0.8,1000,9,shared_oas,0.8733720000000001,0.5861306532663316,275.9194712355085,302.80845031985064,0.8502929894898166,0.9219048652799905,0.9976500740405396
ar08_match,0.8,1000,9,peer_nominal,0.848064,0.5742713567839196,275.9194712355085,302.80845031985064,0.8502929894898166,0.9219048652799905,0.9976500740405396
ar08_match,0.8,1000,9,peer_shrunk_nominal,0.856452,0.5835175879396985,275.9194712355085,302.80845031985064,0.8502929894898166,0.9219048652799905,0.9976500740405396
ar08_match,0.8,1000,9,peer_cov_ess,0.845568,0.5622110552763819,275.9194712355085,302.80845031985064,0.8502929894898166,0.9219048652799905,0.9976500740405396
ar08_match,0.8,1000,9,adaptive_cov_ess,0.8454599999999999,0.5604020100502513,275.9194712355085,302.80845031985064,0.8502929894898166,0.9219048652799905,0.9976500740405396
ar08_match,0.8,1000,9,adaptive_nominal,0.848212,0.5742713567839196,275.9194712355085,302.80845031985064,0.8502929894898166,0.9219048652799905,0.9976500740405396
ar08_match,0.8,1000,9,adaptive_joint_nominal,0.8564479999999999,0.5833165829145729,275.9194712355085,302.80845031985064,0.8502929894898166,0.9219048652799905,0.9976500740405396
ar08_match,0.8,1000,10,shared_oas,0.830776,0.5895477386934673,275.85099299522705,289.7109387354086,0.7996658955845708,0.9332094922896959,0.9903542219819004
ar08_match,0.8,1000,10,peer_nominal,0.8516800000000001,0.5748743718592965,275.85099299522705,289.7109387354086,0.7996658955845708,0.9332094922896959,0.9903542219819004
ar08_match,0.8,1000,10,peer_shrunk_nominal,0.850664,0.5780904522613065,275.85099299522705,289.7109387354086,0.7996658955845708,0.9332094922896959,0.9903542219819004
ar08_match,0.8,1000,10,peer_cov_ess,0.8394999999999999,0.5602010050251256,275.85099299522705,289.7109387354086,0.7996658955845708,0.9332094922896959,0.9903542219819004
ar08_match,0.8,1000,10,adaptive_cov_ess,0.836532,0.5563819095477387,275.85099299522705,289.7109387354086,0.7996658955845708,0.9332094922896959,0.9903542219819004
ar08_match,0.8,1000,10,adaptive_nominal,0.851048,0.5742713567839196,275.85099299522705,289.7109387354086,0.7996658955845708,0.9332094922896959,0.9903542219819004
ar08_match,0.8,1000,10,adaptive_joint_nominal,0.8498999999999999,0.577286432160804,275.85099299522705,289.7109387354086,0.7996658955845708,0.9332094922896959,0.9903542219819004
ar08_match,0.8,1000,11,shared_oas,0.891024,0.6094472361809045,266.44852989858657,262.45668458560027,0.7674532171624097,0.9301699708783642,1.0073052239860487
ar08_match,0.8,1000,11,peer_nominal,0.890216,0.6257286432160803,266.44852989858657,262.45668458560027,0.7674532171624097,0.9301699708783642,1.0073052239860487
ar08_match,0.8,1000,11,peer_shrunk_nominal,0.890076,0.6211055276381909,266.44852989858657,262.45668458560027,0.7674532171624097,0.9301699708783642,1.0073052239860487
ar08_match,0.8,1000,11,peer_cov_ess,0.881736,0.6098492462311558,266.44852989858657,262.45668458560027,0.7674532171624097,0.9301699708783642,1.0073052239860487
ar08_match,0.8,1000,11,adaptive_cov_ess,0.8800639999999998,0.6074371859296482,266.44852989858657,262.45668458560027,0.7674532171624097,0.9301699708783642,1.0073052239860487
ar08_match,0.8,1000,11,adaptive_nominal,0.8896480000000001,0.6251256281407035,266.44852989858657,262.45668458560027,0.7674532171624097,0.9301699708783642,1.0073052239860487
ar08_match,0.8,1000,11,adaptive_joint_nominal,0.889624,0.6196984924623116,266.44852989858657,262.45668458560027,0.7674532171624097,0.9301699708783642,1.0073052239860487
ar08_match,0.8,1000,12,shared_oas,0.8535360000000001,0.5939698492462311,262.5047688878832,292.77389011007045,0.8362761597662074,0.9018068869218236,0.9994758519735487
ar08_match,0.8,1000,12,peer_nominal,0.8604799999999999,0.6,262.5047688878832,292.77389011007045,0.8362761597662074,0.9018068869218236,0.9994758519735487
ar08_match,0.8,1000,12,peer_shrunk_nominal,0.8523399999999999,0.5919597989949749,262.5047688878832,292.77389011007045,0.8362761597662074,0.9018068869218236,0.9994758519735487
ar08_match,0.8,1000,12,peer_cov_ess,0.8543600000000001,0.591356783919598,262.5047688878832,292.77389011007045,0.8362761597662074,0.9018068869218236,0.9994758519735487
ar08_match,0.8,1000,12,adaptive_cov_ess,0.8547,0.5907537688442211,262.5047688878832,292.77389011007045,0.8362761597662074,0.9018068869218236,0.9994758519735487
ar08_match,0.8,1000,12,adaptive_nominal,0.8605320000000001,0.6,262.5047688878832,292.77389011007045,0.8362761597662074,0.9018068869218236,0.9994758519735487
ar08_match,0.8,1000,12,adaptive_joint_nominal,0.852488,0.5915577889447237,262.5047688878832,292.77389011007045,0.8362761597662074,0.9018068869218236,0.9994758519735487
ar08_match,0.8,1000,13,shared_oas,0.8206640000000001,0.5425125628140703,274.12013080384827,278.13133838451006,0.8073351668583645,0.9283457724966837,0.9814068943275496
ar08_match,0.8,1000,13,peer_nominal,0.82816,0.5425125628140703,274.12013080384827,278.13133838451006,0.8073351668583645,0.9283457724966837,0.9814068943275496
ar08_match,0.8,1000,13,peer_shrunk_nominal,0.824212,0.5415075376884422,274.12013080384827,278.13133838451006,0.8073351668583645,0.9283457724966837,0.9814068943275496
ar08_match,0.8,1000,13,peer_cov_ess,0.816436,0.5334673366834171,274.12013080384827,278.13133838451006,0.8073351668583645,0.9283457724966837,0.9814068943275496
ar08_match,0.8,1000,13,adaptive_cov_ess,0.81838,0.5336683417085427,274.12013080384827,278.13133838451006,0.8073351668583645,0.9283457724966837,0.9814068943275496
ar08_match,0.8,1000,13,adaptive_nominal,0.8288280000000001,0.5435175879396985,274.12013080384827,278.13133838451006,0.8073351668583645,0.9283457724966837,0.9814068943275496
ar08_match,0.8,1000,13,adaptive_joint_nominal,0.8249439999999999,0.5423115577889447,274.12013080384827,278.13133838451006,0.8073351668583645,0.9283457724966837,0.9814068943275496
ar08_match,0.8,1000,14,shared_oas,0.8436119999999999,0.5865326633165829,268.35868075432256,293.34839252775896,0.8272818818337488,0.9200442146726611,1.0057253140404028
ar08_match,0.8,1000,14,peer_nominal,0.8360400000000001,0.5867336683417086,268.35868075432256,293.34839252775896,0.8272818818337488,0.9200442146726611,1.0057253140404028
ar08_match,0.8,1000,14,peer_shrunk_nominal,0.8421199999999999,0.5883417085427136,268.35868075432256,293.34839252775896,0.8272818818337488,0.9200442146726611,1.0057253140404028
ar08_match,0.8,1000,14,peer_cov_ess,0.8286359999999999,0.5688442211055277,268.35868075432256,293.34839252775896,0.8272818818337488,0.9200442146726611,1.0057253140404028
ar08_match,0.8,1000,14,adaptive_cov_ess,0.8290919999999999,0.5692462311557789,268.35868075432256,293.34839252775896,0.8272818818337488,0.9200442146726611,1.0057253140404028
ar08_match,0.8,1000,14,adaptive_nominal,0.836184,0.5863316582914573,268.35868075432256,293.34839252775896,0.8272818818337488,0.9200442146726611,1.0057253140404028
ar08_match,0.8,1000,14,adaptive_joint_nominal,0.842356,0.5885427135678392,268.35868075432256,293.34839252775896,0.8272818818337488,0.9200442146726611,1.0057253140404028
ar08_match,0.8,1000,15,shared_oas,0.8972439999999999,0.7087437185929648,263.5863965409237,284.5974997873585,0.8224452789266761,0.9234435643182217,0.9992683102564948
ar08_match,0.8,1000,15,peer_nominal,0.8966799999999999,0.7204020100502513,263.5863965409237,284.5974997873585,0.8224452789266761,0.9234435643182217,0.9992683102564948
ar08_match,0.8,1000,15,peer_shrunk_nominal,0.897492,0.7214070351758795,263.5863965409237,284.5974997873585,0.8224452789266761,0.9234435643182217,0.9992683102564948
ar08_match,0.8,1000,15,peer_cov_ess,0.8888319999999998,0.7123618090452262,263.5863965409237,284.5974997873585,0.8224452789266761,0.9234435643182217,0.9992683102564948
ar08_match,0.8,1000,15,adaptive_cov_ess,0.888748,0.7115577889447237,263.5863965409237,284.5974997873585,0.8224452789266761,0.9234435643182217,0.9992683102564948
ar08_match,0.8,1000,15,adaptive_nominal,0.8967599999999999,0.7202010050251256,263.5863965409237,284.5974997873585,0.8224452789266761,0.9234435643182217,0.9992683102564948
ar08_match,0.8,1000,15,adaptive_joint_nominal,0.8976319999999999,0.7220100502512563,263.5863965409237,284.5974997873585,0.8224452789266761,0.9234435643182217,0.9992683102564948
ar08_match,0.8,1000,16,shared_oas,0.9132640000000001,0.6150753768844222,269.5012111522721,281.18454291532566,0.7616935072270434,0.9237602993135561,1.000646013652632
ar08_match,0.8,1000,16,peer_nominal,0.910092,0.6094472361809045,269.5012111522721,281.18454291532566,0.7616935072270434,0.9237602993135561,1.000646013652632
ar08_match,0.8,1000,16,peer_shrunk_nominal,0.908608,0.604824120603015,269.5012111522721,281.18454291532566,0.7616935072270434,0.9237602993135561,1.000646013652632
ar08_match,0.8,1000,16,peer_cov_ess,0.8976999999999999,0.5927638190954774,269.5012111522721,281.18454291532566,0.7616935072270434,0.9237602993135561,1.000646013652632
ar08_match,0.8,1000,16,adaptive_cov_ess,0.899292,0.5973869346733668,269.5012111522721,281.18454291532566,0.7616935072270434,0.9237602993135561,1.000646013652632
ar08_match,0.8,1000,16,adaptive_nominal,0.9105399999999999,0.6100502512562814,269.5012111522721,281.18454291532566,0.7616935072270434,0.9237602993135561,1.000646013652632
ar08_match,0.8,1000,16,adaptive_joint_nominal,0.9090119999999999,0.6058291457286432,269.5012111522721,281.18454291532566,0.7616935072270434,0.9237602993135561,1.000646013652632
ar08_match,0.8,1000,17,shared_oas,0.827312,0.5863316582914573,279.5930433507488,289.15871616357356,0.8366132300452107,0.9296132492243591,0.996573175363846
ar08_match,0.8,1000,17,peer_nominal,0.8159879999999999,0.5853266331658291,279.5930433507488,289.15871616357356,0.8366132300452107,0.9296132492243591,0.996573175363846
ar08_match,0.8,1000,17,peer_shrunk_nominal,0.819736,0.5857286432160804,279.5930433507488,289.15871616357356,0.8366132300452107,0.9296132492243591,0.996573175363846
ar08_match,0.8,1000,17,peer_cov_ess,0.8159200000000001,0.5801005025125628,279.5930433507488,289.15871616357356,0.8366132300452107,0.9296132492243591,0.996573175363846
ar08_match,0.8,1000,17,adaptive_cov_ess,0.8165600000000001,0.5829145728643216,279.5930433507488,289.15871616357356,0.8366132300452107,0.9296132492243591,0.996573175363846
ar08_match,0.8,1000,17,adaptive_nominal,0.816216,0.5855276381909548,279.5930433507488,289.15871616357356,0.8366132300452107,0.9296132492243591,0.996573175363846
ar08_match,0.8,1000,17,adaptive_joint_nominal,0.819968,0.5853266331658291,279.5930433507488,289.15871616357356,0.8366132300452107,0.9296132492243591,0.996573175363846
ar08_match,0.8,1000,18,shared_oas,0.8508119999999999,0.5937688442211055,277.7352190354686,299.90147822960785,0.8137219169665142,0.9279974045053556,1.0018541066254407
ar08_match,0.8,1000,18,peer_nominal,0.88342,0.6255276381909547,277.7352190354686,299.90147822960785,0.8137219169665142,0.9279974045053556,1.0018541066254407
ar08_match,0.8,1000,18,peer_shrunk_nominal,0.8813679999999999,0.6217085427135678,277.7352190354686,299.90147822960785,0.8137219169665142,0.9279974045053556,1.0018541066254407
ar08_match,0.8,1000,18,peer_cov_ess,0.884364,0.6233165829145728,277.7352190354686,299.90147822960785,0.8137219169665142,0.9279974045053556,1.0018541066254407
ar08_match,0.8,1000,18,adaptive_cov_ess,0.8842399999999999,0.6223115577889448,277.7352190354686,299.90147822960785,0.8137219169665142,0.9279974045053556,1.0018541066254407
ar08_match,0.8,1000,18,adaptive_nominal,0.8833759999999999,0.6253266331658291,277.7352190354686,299.90147822960785,0.8137219169665142,0.9279974045053556,1.0018541066254407
ar08_match,0.8,1000,18,adaptive_joint_nominal,0.8814359999999999,0.6217085427135678,277.7352190354686,299.90147822960785,0.8137219169665142,0.9279974045053556,1.0018541066254407
ar08_match,0.8,1000,19,shared_oas,0.901064,0.6645226130653266,287.50730305264227,284.7844251803691,0.83530358048219,0.9259307319765708,0.9699648365484699
ar08_match,0.8,1000,19,peer_nominal,0.886012,0.649246231155779,287.50730305264227,284.7844251803691,0.83530358048219,0.9259307319765708,0.9699648365484699
ar08_match,0.8,1000,19,peer_shrunk_nominal,0.8888519999999999,0.6542713567839196,287.50730305264227,284.7844251803691,0.83530358048219,0.9259307319765708,0.9699648365484699
ar08_match,0.8,1000,19,peer_cov_ess,0.873332,0.6301507537688442,287.50730305264227,284.7844251803691,0.83530358048219,0.9259307319765708,0.9699648365484699
ar08_match,0.8,1000,19,adaptive_cov_ess,0.872236,0.6279396984924623,287.50730305264227,284.7844251803691,0.83530358048219,0.9259307319765708,0.9699648365484699
ar08_match,0.8,1000,19,adaptive_nominal,0.8856280000000001,0.649246231155779,287.50730305264227,284.7844251803691,0.83530358048219,0.9259307319765708,0.9699648365484699
ar08_match,0.8,1000,19,adaptive_joint_nominal,0.888412,0.6546733668341709,287.50730305264227,284.7844251803691,0.83530358048219,0.9259307319765708,0.9699648365484699
ar08_match,0.8,1000,20,shared_oas,0.837964,0.5549748743718593,292.10475802418074,308.9651547764339,0.8619038043859892,0.9416610618580854,0.9718906802697254
ar08_match,0.8,1000,20,peer_nominal,0.852044,0.5728643216080402,292.10475802418074,308.9651547764339,0.8619038043859892,0.9416610618580854,0.9718906802697254
ar08_match,0.8,1000,20,peer_shrunk_nominal,0.8545039999999999,0.5722613065326633,292.10475802418074,308.9651547764339,0.8619038043859892,0.9416610618580854,0.9718906802697254
ar08_match,0.8,1000,20,peer_cov_ess,0.8515760000000001,0.5748743718592965,292.10475802418074,308.9651547764339,0.8619038043859892,0.9416610618580854,0.9718906802697254
ar08_match,0.8,1000,20,adaptive_cov_ess,0.852696,0.5766834170854271,292.10475802418074,308.9651547764339,0.8619038043859892,0.9416610618580854,0.9718906802697254
ar08_match,0.8,1000,20,adaptive_nominal,0.8524280000000001,0.5732663316582914,292.10475802418074,308.9651547764339,0.8619038043859892,0.9416610618580854,0.9718906802697254
ar08_match,0.8,1000,20,adaptive_joint_nominal,0.85478,0.5728643216080402,292.10475802418074,308.9651547764339,0.8619038043859892,0.9416610618580854,0.9718906802697254
ar08_match,0.8,1000,21,shared_oas,0.9232719999999999,0.6974874371859296,275.0168001149308,276.61331866950627,0.8472343455227227,0.9377177008148623,0.9923317203364331
ar08_match,0.8,1000,21,peer_nominal,0.918608,0.7045226130653266,275.0168001149308,276.61331866950627,0.8472343455227227,0.9377177008148623,0.9923317203364331
ar08_match,0.8,1000,21,peer_shrunk_nominal,0.918872,0.7049246231155779,275.0168001149308,276.61331866950627,0.8472343455227227,0.9377177008148623,0.9923317203364331
ar08_match,0.8,1000,21,peer_cov_ess,0.905312,0.687035175879397,275.0168001149308,276.61331866950627,0.8472343455227227,0.9377177008148623,0.9923317203364331
ar08_match,0.8,1000,21,adaptive_cov_ess,0.9040999999999999,0.6846231155778895,275.0168001149308,276.61331866950627,0.8472343455227227,0.9377177008148623,0.9923317203364331
ar08_match,0.8,1000,21,adaptive_nominal,0.9182320000000002,0.7045226130653266,275.0168001149308,276.61331866950627,0.8472343455227227,0.9377177008148623,0.9923317203364331
ar08_match,0.8,1000,21,adaptive_joint_nominal,0.9184399999999999,0.7039195979899497,275.0168001149308,276.61331866950627,0.8472343455227227,0.9377177008148623,0.9923317203364331
ar08_match,0.8,1000,22,shared_oas,0.85552,0.6024120603015075,270.8347540146942,287.85199093976394,0.8347208760239047,0.9423387199710171,0.9859577156205604
ar08_match,0.8,1000,22,peer_nominal,0.882444,0.6134673366834171,270.8347540146942,287.85199093976394,0.8347208760239047,0.9423387199710171,0.9859577156205604
ar08_match,0.8,1000,22,peer_shrunk_nominal,0.878236,0.6088442211055276,270.8347540146942,287.85199093976394,0.8347208760239047,0.9423387199710171,0.9859577156205604
ar08_match,0.8,1000,22,peer_cov_ess,0.8808559999999999,0.6106532663316583,270.8347540146942,287.85199093976394,0.8347208760239047,0.9423387199710171,0.9859577156205604
ar08_match,0.8,1000,22,adaptive_cov_ess,0.880512,0.6100502512562814,270.8347540146942,287.85199093976394,0.8347208760239047,0.9423387199710171,0.9859577156205604
ar08_match,0.8,1000,22,adaptive_nominal,0.882328,0.6132663316582915,270.8347540146942,287.85199093976394,0.8347208760239047,0.9423387199710171,0.9859577156205604
ar08_match,0.8,1000,22,adaptive_joint_nominal,0.8782,0.6088442211055276,270.8347540146942,287.85199093976394,0.8347208760239047,0.9423387199710171,0.9859577156205604
ar08_match,0.8,1000,23,shared_oas,0.835956,0.6034170854271357,279.42267729631976,283.38348752134584,0.8050734598482188,0.9347382434683741,0.9780792971364586
ar08_match,0.8,1000,23,peer_nominal,0.819512,0.5724623115577889,279.42267729631976,283.38348752134584,0.8050734598482188,0.9347382434683741,0.9780792971364586
ar08_match,0.8,1000,23,peer_shrunk_nominal,0.824412,0.5766834170854271,279.42267729631976,283.38348752134584,0.8050734598482188,0.9347382434683741,0.9780792971364586
ar08_match,0.8,1000,23,peer_cov_ess,0.8115080000000001,0.5652261306532663,279.42267729631976,283.38348752134584,0.8050734598482188,0.9347382434683741,0.9780792971364586
ar08_match,0.8,1000,23,adaptive_cov_ess,0.809664,0.5658291457286432,279.42267729631976,283.38348752134584,0.8050734598482188,0.9347382434683741,0.9780792971364586
ar08_match,0.8,1000,23,adaptive_nominal,0.818956,0.5714572864321608,279.42267729631976,283.38348752134584,0.8050734598482188,0.9347382434683741,0.9780792971364586
ar08_match,0.8,1000,23,adaptive_joint_nominal,0.823772,0.5760804020100503,279.42267729631976,283.38348752134584,0.8050734598482188,0.9347382434683741,0.9780792971364586
ar08_match,0.8,1000,24,shared_oas,0.7995680000000001,0.5437185929648242,263.825379678727,286.7295191220446,0.7910600587676244,0.9353245480063064,0.9999180878995805
ar08_match,0.8,1000,24,peer_nominal,0.783296,0.5334673366834171,263.825379678727,286.7295191220446,0.7910600587676244,0.9353245480063064,0.9999180878995805
ar08_match,0.8,1000,24,peer_shrunk_nominal,0.787812,0.5354773869346734,263.825379678727,286.7295191220446,0.7910600587676244,0.9353245480063064,0.9999180878995805
ar08_match,0.8,1000,24,peer_cov_ess,0.7866319999999999,0.5382914572864321,263.825379678727,286.7295191220446,0.7910600587676244,0.9353245480063064,0.9999180878995805
ar08_match,0.8,1000,24,adaptive_cov_ess,0.786172,0.5380904522613066,263.825379678727,286.7295191220446,0.7910600587676244,0.9353245480063064,0.9999180878995805
ar08_match,0.8,1000,24,adaptive_nominal,0.783268,0.5336683417085427,263.825379678727,286.7295191220446,0.7910600587676244,0.9353245480063064,0.9999180878995805
ar08_match,0.8,1000,24,adaptive_joint_nominal,0.787604,0.5356783919597989,263.825379678727,286.7295191220446,0.7910600587676244,0.9353245480063064,0.9999180878995805
ar08_match,0.8,1000,25,shared_oas,0.8451879999999999,0.5573869346733669,272.66467936419593,286.004210303612,0.7969940843989577,0.9181837847467191,0.9904174472950487
ar08_match,0.8,1000,25,peer_nominal,0.840904,0.5559798994974875,272.66467936419593,286.004210303612,0.7969940843989577,0.9181837847467191,0.9904174472950487
ar08_match,0.8,1000,25,peer_shrunk_nominal,0.840484,0.55356783919598,272.66467936419593,286.004210303612,0.7969940843989577,0.9181837847467191,0.9904174472950487
ar08_match,0.8,1000,25,peer_cov_ess,0.837492,0.5533668341708543,272.66467936419593,286.004210303612,0.7969940843989577,0.9181837847467191,0.9904174472950487
ar08_match,0.8,1000,25,adaptive_cov_ess,0.8386480000000001,0.5523618090452261,272.66467936419593,286.004210303612,0.7969940843989577,0.9181837847467191,0.9904174472950487
ar08_match,0.8,1000,25,adaptive_nominal,0.841252,0.5555778894472362,272.66467936419593,286.004210303612,0.7969940843989577,0.9181837847467191,0.9904174472950487
ar08_match,0.8,1000,25,adaptive_joint_nominal,0.840956,0.5533668341708543,272.66467936419593,286.004210303612,0.7969940843989577,0.9181837847467191,0.9904174472950487
ar08_match,0.8,1000,26,shared_oas,0.8012,0.5208040201005025,278.6019762735018,291.2369534580206,0.8522852589097132,0.9457295141920421,0.990931834896746
ar08_match,0.8,1000,26,peer_nominal,0.830408,0.5322613065326633,278.6019762735018,291.2369534580206,0.8522852589097132,0.9457295141920421,0.990931834896746
ar08_match,0.8,1000,26,peer_shrunk_nominal,0.826852,0.5314572864321608,278.6019762735018,291.2369534580206,0.8522852589097132,0.9457295141920421,0.990931834896746
ar08_match,0.8,1000,26,peer_cov_ess,0.829808,0.5314572864321608,278.6019762735018,291.2369534580206,0.8522852589097132,0.9457295141920421,0.990931834896746
ar08_match,0.8,1000,26,adaptive_cov_ess,0.83094,0.5320603015075377,278.6019762735018,291.2369534580206,0.8522852589097132,0.9457295141920421,0.990931834896746
ar08_match,0.8,1000,26,adaptive_nominal,0.830808,0.5324623115577889,278.6019762735018,291.2369534580206,0.8522852589097132,0.9457295141920421,0.990931834896746
ar08_match,0.8,1000,26,adaptive_joint_nominal,0.8273520000000001,0.5314572864321608,278.6019762735018,291.2369534580206,0.8522852589097132,0.9457295141920421,0.990931834896746
ar08_match,0.8,1000,27,shared_oas,0.892352,0.6775879396984925,268.60889777043695,270.1020498047006,0.8136786022845773,0.9305213367064441,1.0071194860181394
ar08_match,0.8,1000,27,peer_nominal,0.9329800000000001,0.7431155778894473,268.60889777043695,270.1020498047006,0.8136786022845773,0.9305213367064441,1.0071194860181394
ar08_match,0.8,1000,27,peer_shrunk_nominal,0.928664,0.7354773869346733,268.60889777043695,270.1020498047006,0.8136786022845773,0.9305213367064441,1.0071194860181394
ar08_match,0.8,1000,27,peer_cov_ess,0.9272159999999999,0.7193969849246231,268.60889777043695,270.1020498047006,0.8136786022845773,0.9305213367064441,1.0071194860181394
ar08_match,0.8,1000,27,adaptive_cov_ess,0.926616,0.7187939698492463,268.60889777043695,270.1020498047006,0.8136786022845773,0.9305213367064441,1.0071194860181394
ar08_match,0.8,1000,27,adaptive_nominal,0.932784,0.7429145728643216,268.60889777043695,270.1020498047006,0.8136786022845773,0.9305213367064441,1.0071194860181394
ar08_match,0.8,1000,27,adaptive_joint_nominal,0.92846,0.7352763819095478,268.60889777043695,270.1020498047006,0.8136786022845773,0.9305213367064441,1.0071194860181394
ar08_match,0.8,1000,28,shared_oas,0.875956,0.6072361809045226,260.59624184183696,282.32105118287336,0.8090997181444218,0.9241596380155186,0.9959679131432542
ar08_match,0.8,1000,28,peer_nominal,0.8587999999999999,0.5933668341708542,260.59624184183696,282.32105118287336,0.8090997181444218,0.9241596380155186,0.9959679131432542
ar08_match,0.8,1000,28,peer_shrunk_nominal,0.8616639999999999,0.5953768844221106,260.59624184183696,282.32105118287336,0.8090997181444218,0.9241596380155186,0.9959679131432542
ar08_match,0.8,1000,28,peer_cov_ess,0.856392,0.5837185929648241,260.59624184183696,282.32105118287336,0.8090997181444218,0.9241596380155186,0.9959679131432542
ar08_match,0.8,1000,28,adaptive_cov_ess,0.8580159999999999,0.5845226130653266,260.59624184183696,282.32105118287336,0.8090997181444218,0.9241596380155186,0.9959679131432542
ar08_match,0.8,1000,28,adaptive_nominal,0.8592559999999998,0.5943718592964824,260.59624184183696,282.32105118287336,0.8090997181444218,0.9241596380155186,0.9959679131432542
ar08_match,0.8,1000,28,adaptive_joint_nominal,0.86212,0.5957788944723619,260.59624184183696,282.32105118287336,0.8090997181444218,0.9241596380155186,0.9959679131432542
ar08_match,0.8,1000,29,shared_oas,0.908112,0.5668341708542713,275.4527267000614,283.3607344675222,0.868369118005739,0.9186528045761557,0.9831305536869818
ar08_match,0.8,1000,29,peer_nominal,0.9051160000000001,0.5801005025125628,275.4527267000614,283.3607344675222,0.868369118005739,0.9186528045761557,0.9831305536869818
ar08_match,0.8,1000,29,peer_shrunk_nominal,0.905908,0.5786934673366835,275.4527267000614,283.3607344675222,0.868369118005739,0.9186528045761557,0.9831305536869818
ar08_match,0.8,1000,29,peer_cov_ess,0.8995920000000001,0.5710552763819096,275.4527267000614,283.3607344675222,0.868369118005739,0.9186528045761557,0.9831305536869818
ar08_match,0.8,1000,29,adaptive_cov_ess,0.898616,0.5694472361809045,275.4527267000614,283.3607344675222,0.868369118005739,0.9186528045761557,0.9831305536869818
ar08_match,0.8,1000,29,adaptive_nominal,0.9047280000000001,0.578894472361809,275.4527267000614,283.3607344675222,0.868369118005739,0.9186528045761557,0.9831305536869818
ar08_match,0.8,1000,29,adaptive_joint_nominal,0.9056879999999999,0.5786934673366835,275.4527267000614,283.3607344675222,0.868369118005739,0.9186528045761557,0.9831305536869818
ar08_match,0.8,1000,30,shared_oas,0.9260160000000001,0.702713567839196,272.5077970265537,292.3863086945088,0.8110513172733287,0.9391757213177991,0.9945064160183448
ar08_match,0.8,1000,30,peer_nominal,0.921692,0.6824120603015076,272.5077970265537,292.3863086945088,0.8110513172733287,0.9391757213177991,0.9945064160183448
ar08_match,0.8,1000,30,peer_shrunk_nominal,0.925804,0.6852261306532663,272.5077970265537,292.3863086945088,0.8110513172733287,0.9391757213177991,0.9945064160183448
ar08_match,0.8,1000,30,peer_cov_ess,0.9162560000000001,0.6665326633165829,272.5077970265537,292.3863086945088,0.8110513172733287,0.9391757213177991,0.9945064160183448
ar08_match,0.8,1000,30,adaptive_cov_ess,0.9166839999999999,0.6673366834170854,272.5077970265537,292.3863086945088,0.8110513172733287,0.9391757213177991,0.9945064160183448
ar08_match,0.8,1000,30,adaptive_nominal,0.9218440000000001,0.6830150753768844,272.5077970265537,292.3863086945088,0.8110513172733287,0.9391757213177991,0.9945064160183448
ar08_match,0.8,1000,30,adaptive_joint_nominal,0.925924,0.6852261306532663,272.5077970265537,292.3863086945088,0.8110513172733287,0.9391757213177991,0.9945064160183448
ar08_match,0.8,1000,31,shared_oas,0.9253639999999999,0.6747738693467337,284.9123382828234,290.65359650035094,0.8519836541994552,0.9360261305956197,0.992373659326536
ar08_match,0.8,1000,31,peer_nominal,0.9296639999999999,0.6814070351758794,284.9123382828234,290.65359650035094,0.8519836541994552,0.9360261305956197,0.992373659326536
ar08_match,0.8,1000,31,peer_shrunk_nominal,0.9336279999999999,0.6898492462311558,284.9123382828234,290.65359650035094,0.8519836541994552,0.9360261305956197,0.992373659326536
ar08_match,0.8,1000,31,peer_cov_ess,0.9188880000000001,0.6582914572864321,284.9123382828234,290.65359650035094,0.8519836541994552,0.9360261305956197,0.992373659326536
ar08_match,0.8,1000,31,adaptive_cov_ess,0.919112,0.6564824120603014,284.9123382828234,290.65359650035094,0.8519836541994552,0.9360261305956197,0.992373659326536
ar08_match,0.8,1000,31,adaptive_nominal,0.9297319999999999,0.6804020100502512,284.9123382828234,290.65359650035094,0.8519836541994552,0.9360261305956197,0.992373659326536
ar08_match,0.8,1000,31,adaptive_joint_nominal,0.933692,0.6898492462311558,284.9123382828234,290.65359650035094,0.8519836541994552,0.9360261305956197,0.992373659326536
ar08_match,0.8,1000,32,shared_oas,0.941832,0.7374874371859297,271.5611126835823,279.15019041536794,0.821668718764019,0.9212232341744255,1.0003609932250372
ar08_match,0.8,1000,32,peer_nominal,0.9423759999999999,0.7332663316582915,271.5611126835823,279.15019041536794,0.821668718764019,0.9212232341744255,1.0003609932250372
ar08_match,0.8,1000,32,peer_shrunk_nominal,0.941696,0.734070351758794,271.5611126835823,279.15019041536794,0.821668718764019,0.9212232341744255,1.0003609932250372
ar08_match,0.8,1000,32,peer_cov_ess,0.928964,0.6818090452261306,271.5611126835823,279.15019041536794,0.821668718764019,0.9212232341744255,1.0003609932250372
ar08_match,0.8,1000,32,adaptive_cov_ess,0.930848,0.6896482412060301,271.5611126835823,279.15019041536794,0.821668718764019,0.9212232341744255,1.0003609932250372
ar08_match,0.8,1000,32,adaptive_nominal,0.9430240000000001,0.735678391959799,271.5611126835823,279.15019041536794,0.821668718764019,0.9212232341744255,1.0003609932250372
ar08_match,0.8,1000,32,adaptive_joint_nominal,0.942248,0.7366834170854271,271.5611126835823,279.15019041536794,0.821668718764019,0.9212232341744255,1.0003609932250372
ar08_match,0.8,1000,33,shared_oas,0.881056,0.6076381909547739,281.79295807445476,282.217429611449,0.8083349469421466,0.9374632395483127,0.9729475761225763
ar08_match,0.8,1000,33,peer_nominal,0.8821080000000001,0.6289447236180904,281.79295807445476,282.217429611449,0.8083349469421466,0.9374632395483127,0.9729475761225763
ar08_match,0.8,1000,33,peer_shrunk_nominal,0.8832,0.6295477386934674,281.79295807445476,282.217429611449,0.8083349469421466,0.9374632395483127,0.9729475761225763
ar08_match,0.8,1000,33,peer_cov_ess,0.878156,0.6152763819095477,281.79295807445476,282.217429611449,0.8083349469421466,0.9374632395483127,0.9729475761225763
ar08_match,0.8,1000,33,adaptive_cov_ess,0.8788279999999999,0.6158793969849246,281.79295807445476,282.217429611449,0.8083349469421466,0.9374632395483127,0.9729475761225763
ar08_match,0.8,1000,33,adaptive_nominal,0.8823079999999999,0.6289447236180904,281.79295807445476,282.217429611449,0.8083349469421466,0.9374632395483127,0.9729475761225763
ar08_match,0.8,1000,33,adaptive_joint_nominal,0.88342,0.6293467336683417,281.79295807445476,282.217429611449,0.8083349469421466,0.9374632395483127,0.9729475761225763
ar08_match,0.8,1000,34,shared_oas,0.8480840000000001,0.5825125628140704,270.58984806033436,284.5954839303522,0.8480689701621508,0.9200146409947993,0.9991317383781637
ar08_match,0.8,1000,34,peer_nominal,0.84102,0.5895477386934673,270.58984806033436,284.5954839303522,0.8480689701621508,0.9200146409947993,0.9991317383781637
ar08_match,0.8,1000,34,peer_shrunk_nominal,0.83746,0.5811055276381909,270.58984806033436,284.5954839303522,0.8480689701621508,0.9200146409947993,0.9991317383781637
ar08_match,0.8,1000,34,peer_cov_ess,0.840284,0.5865326633165829,270.58984806033436,284.5954839303522,0.8480689701621508,0.9200146409947993,0.9991317383781637
ar08_match,0.8,1000,34,adaptive_cov_ess,0.8397479999999999,0.5859296482412061,270.58984806033436,284.5954839303522,0.8480689701621508,0.9200146409947993,0.9991317383781637
ar08_match,0.8,1000,34,adaptive_nominal,0.840892,0.5887437185929648,270.58984806033436,284.5954839303522,0.8480689701621508,0.9200146409947993,0.9991317383781637
ar08_match,0.8,1000,34,adaptive_joint_nominal,0.837316,0.580502512562814,270.58984806033436,284.5954839303522,0.8480689701621508,0.9200146409947993,0.9991317383781637
ar08_match,0.8,1000,35,shared_oas,0.8431839999999999,0.5461306532663317,265.812615512224,281.0411337310129,0.8493122359762444,0.9154839232632126,1.0055280172906333
ar08_match,0.8,1000,35,peer_nominal,0.8373679999999999,0.5292462311557788,265.812615512224,281.0411337310129,0.8493122359762444,0.9154839232632126,1.0055280172906333
ar08_match,0.8,1000,35,peer_shrunk_nominal,0.8411000000000001,0.5312562814070352,265.812615512224,281.0411337310129,0.8493122359762444,0.9154839232632126,1.0055280172906333
ar08_match,0.8,1000,35,peer_cov_ess,0.8383959999999999,0.5392964824120603,265.812615512224,281.0411337310129,0.8493122359762444,0.9154839232632126,1.0055280172906333
ar08_match,0.8,1000,35,adaptive_cov_ess,0.8370360000000001,0.5392964824120603,265.812615512224,281.0411337310129,0.8493122359762444,0.9154839232632126,1.0055280172906333
ar08_match,0.8,1000,35,adaptive_nominal,0.8371,0.5292462311557788,265.812615512224,281.0411337310129,0.8493122359762444,0.9154839232632126,1.0055280172906333
ar08_match,0.8,1000,35,adaptive_joint_nominal,0.8407119999999999,0.5312562814070352,265.812615512224,281.0411337310129,0.8493122359762444,0.9154839232632126,1.0055280172906333
ar08_match,0.8,1000,36,shared_oas,0.899956,0.6717587939698493,270.6761079286331,262.9271089094739,0.8030978314824436,0.9228150809221294,1.0041299738693172
ar08_match,0.8,1000,36,peer_nominal,0.890988,0.6496482412060302,270.6761079286331,262.9271089094739,0.8030978314824436,0.9228150809221294,1.0041299738693172
ar08_match,0.8,1000,36,peer_shrunk_nominal,0.894632,0.6564824120603014,270.6761079286331,262.9271089094739,0.8030978314824436,0.9228150809221294,1.0041299738693172
ar08_match,0.8,1000,36,peer_cov_ess,0.8854160000000001,0.6482412060301508,270.6761079286331,262.9271089094739,0.8030978314824436,0.9228150809221294,1.0041299738693172
ar08_match,0.8,1000,36,adaptive_cov_ess,0.8844720000000001,0.6466331658291458,270.6761079286331,262.9271089094739,0.8030978314824436,0.9228150809221294,1.0041299738693172
ar08_match,0.8,1000,36,adaptive_nominal,0.8907559999999999,0.6488442211055276,270.6761079286331,262.9271089094739,0.8030978314824436,0.9228150809221294,1.0041299738693172
ar08_match,0.8,1000,36,adaptive_joint_nominal,0.8944359999999999,0.6566834170854271,270.6761079286331,262.9271089094739,0.8030978314824436,0.9228150809221294,1.0041299738693172
ar08_match,0.8,1000,37,shared_oas,0.874376,0.6301507537688442,270.7086812258099,289.90353929261215,0.8702007150802811,0.9300926895935457,1.0170706794855828
ar08_match,0.8,1000,37,peer_nominal,0.876168,0.6343718592964824,270.7086812258099,289.90353929261215,0.8702007150802811,0.9300926895935457,1.0170706794855828
ar08_match,0.8,1000,37,peer_shrunk_nominal,0.889644,0.6448241206030151,270.7086812258099,289.90353929261215,0.8702007150802811,0.9300926895935457,1.0170706794855828
ar08_match,0.8,1000,37,peer_cov_ess,0.873004,0.6205025125628141,270.7086812258099,289.90353929261215,0.8702007150802811,0.9300926895935457,1.0170706794855828
ar08_match,0.8,1000,37,adaptive_cov_ess,0.874672,0.6249246231155778,270.7086812258099,289.90353929261215,0.8702007150802811,0.9300926895935457,1.0170706794855828
ar08_match,0.8,1000,37,adaptive_nominal,0.8767039999999999,0.6349748743718593,270.7086812258099,289.90353929261215,0.8702007150802811,0.9300926895935457,1.0170706794855828
ar08_match,0.8,1000,37,adaptive_joint_nominal,0.890004,0.6460301507537689,270.7086812258099,289.90353929261215,0.8702007150802811,0.9300926895935457,1.0170706794855828
ar08_match,0.8,1000,38,shared_oas,0.810288,0.5177889447236181,252.1143074696815,254.47547941179178,0.8287657772614156,0.8887888309737663,1.0294891123197778
ar08_match,0.8,1000,38,peer_nominal,0.7963960000000001,0.5181909547738693,252.1143074696815,254.47547941179178,0.8287657772614156,0.8887888309737663,1.0294891123197778
ar08_match,0.8,1000,38,peer_shrunk_nominal,0.804516,0.5202010050251257,252.1143074696815,254.47547941179178,0.8287657772614156,0.8887888309737663,1.0294891123197778
ar08_match,0.8,1000,38,peer_cov_ess,0.8010360000000001,0.5202010050251257,252.1143074696815,254.47547941179178,0.8287657772614156,0.8887888309737663,1.0294891123197778
ar08_match,0.8,1000,38,adaptive_cov_ess,0.801548,0.5202010050251257,252.1143074696815,254.47547941179178,0.8287657772614156,0.8887888309737663,1.0294891123197778
ar08_match,0.8,1000,38,adaptive_nominal,0.796632,0.5181909547738693,252.1143074696815,254.47547941179178,0.8287657772614156,0.8887888309737663,1.0294891123197778
ar08_match,0.8,1000,38,adaptive_joint_nominal,0.804648,0.5204020100502512,252.1143074696815,254.47547941179178,0.8287657772614156,0.8887888309737663,1.0294891123197778
ar08_match,0.8,1000,39,shared_oas,0.876632,0.5467336683417086,274.6644363060002,293.4047252154709,0.8607229852245599,0.915907845539388,0.9951018897154061
ar08_match,0.8,1000,39,peer_nominal,0.879656,0.5519597989949749,274.6644363060002,293.4047252154709,0.8607229852245599,0.915907845539388,0.9951018897154061
ar08_match,0.8,1000,39,peer_shrunk_nominal,0.877336,0.5517587939698493,274.6644363060002,293.4047252154709,0.8607229852245599,0.915907845539388,0.9951018897154061
ar08_match,0.8,1000,39,peer_cov_ess,0.8732639999999999,0.5483417085427136,274.6644363060002,293.4047252154709,0.8607229852245599,0.915907845539388,0.9951018897154061
ar08_match,0.8,1000,39,adaptive_cov_ess,0.8714359999999999,0.5501507537688443,274.6644363060002,293.4047252154709,0.8607229852245599,0.915907845539388,0.9951018897154061
ar08_match,0.8,1000,39,adaptive_nominal,0.879128,0.5521608040201005,274.6644363060002,293.4047252154709,0.8607229852245599,0.915907845539388,0.9951018897154061
ar08_match,0.8,1000,39,adaptive_joint_nominal,0.87674,0.5515577889447236,274.6644363060002,293.4047252154709,0.8607229852245599,0.915907845539388,0.9951018897154061
ar08_shifted_scale,0.8,30,0,shared_oas,0.774508,0.5332663316582914,16.475294734730003,18.534904278373716,0.23313389559712278,0.5779510451809285,0.9744339109847293
ar08_shifted_scale,0.8,30,0,peer_nominal,0.8708039999999999,0.5517587939698493,16.475294734730003,18.534904278373716,0.23313389559712278,0.5779510451809285,0.9744339109847293
ar08_shifted_scale,0.8,30,0,peer_shrunk_nominal,0.8743839999999998,0.5644221105527638,16.475294734730003,18.534904278373716,0.23313389559712278,0.5779510451809285,0.9744339109847293
ar08_shifted_scale,0.8,30,0,peer_cov_ess,0.822272,0.5384924623115578,16.475294734730003,18.534904278373716,0.23313389559712278,0.5779510451809285,0.9744339109847293
ar08_shifted_scale,0.8,30,0,adaptive_cov_ess,0.9325680000000001,0.6138693467336683,16.475294734730003,18.534904278373716,0.23313389559712278,0.5779510451809285,0.9744339109847293
ar08_shifted_scale,0.8,30,0,adaptive_nominal,0.95682,0.6691457286432161,16.475294734730003,18.534904278373716,0.23313389559712278,0.5779510451809285,0.9744339109847293
ar08_shifted_scale,0.8,30,0,adaptive_joint_nominal,0.9725159999999999,0.7407035175879397,16.475294734730003,18.534904278373716,0.23313389559712278,0.5779510451809285,0.9744339109847293
ar08_shifted_scale,0.8,30,1,shared_oas,0.631972,0.5003015075376884,20.27989291341624,23.23498422314021,0.25250923704380895,0.4068705587294371,0.9747425131673704
ar08_shifted_scale,0.8,30,1,peer_nominal,0.605452,0.4984924623115578,20.27989291341624,23.23498422314021,0.25250923704380895,0.4068705587294371,0.9747425131673704
ar08_shifted_scale,0.8,30,1,peer_shrunk_nominal,0.62718,0.5001005025125628,20.27989291341624,23.23498422314021,0.25250923704380895,0.4068705587294371,0.9747425131673704
ar08_shifted_scale,0.8,30,1,peer_cov_ess,0.594688,0.49829145728643215,20.27989291341624,23.23498422314021,0.25250923704380895,0.4068705587294371,0.9747425131673704
ar08_shifted_scale,0.8,30,1,adaptive_cov_ess,0.6026880000000001,0.49748743718592964,20.27989291341624,23.23498422314021,0.25250923704380895,0.4068705587294371,0.9747425131673704
ar08_shifted_scale,0.8,30,1,adaptive_nominal,0.614396,0.49748743718592964,20.27989291341624,23.23498422314021,0.25250923704380895,0.4068705587294371,0.9747425131673704
ar08_shifted_scale,0.8,30,1,adaptive_joint_nominal,0.640104,0.49889447236180906,20.27989291341624,23.23498422314021,0.25250923704380895,0.4068705587294371,0.9747425131673704
ar08_shifted_scale,0.8,30,2,shared_oas,0.558236,0.5011055276381909,15.999772627203726,21.393596575433357,0.23013352640180207,0.5335222587269572,0.9851358015405012
ar08_shifted_scale,0.8,30,2,peer_nominal,0.480216,0.4992964824120603,15.999772627203726,21.393596575433357,0.23013352640180207,0.5335222587269572,0.9851358015405012
ar08_shifted_scale,0.8,30,2,peer_shrunk_nominal,0.549652,0.5003015075376884,15.999772627203726,21.393596575433357,0.23013352640180207,0.5335222587269572,0.9851358015405012
ar08_shifted_scale,0.8,30,2,peer_cov_ess,0.45331999999999995,0.4992964824120603,15.999772627203726,21.393596575433357,0.23013352640180207,0.5335222587269572,0.9851358015405012
ar08_shifted_scale,0.8,30,2,adaptive_cov_ess,0.524348,0.49909547738693466,15.999772627203726,21.393596575433357,0.23013352640180207,0.5335222587269572,0.9851358015405012
ar08_shifted_scale,0.8,30,2,adaptive_nominal,0.558092,0.49909547738693466,15.999772627203726,21.393596575433357,0.23013352640180207,0.5335222587269572,0.9851358015405012
ar08_shifted_scale,0.8,30,2,adaptive_joint_nominal,0.6377919999999999,0.5009045226130653,15.999772627203726,21.393596575433357,0.23013352640180207,0.5335222587269572,0.9851358015405012
ar08_shifted_scale,0.8,30,3,shared_oas,0.67404,0.5051256281407035,19.094007051788267,25.53667544726283,0.28425866605002514,0.6627953664188102,0.9449561503486996
ar08_shifted_scale,0.8,30,3,peer_nominal,0.6859839999999999,0.5208040201005025,19.094007051788267,25.53667544726283,0.28425866605002514,0.6627953664188102,0.9449561503486996
ar08_shifted_scale,0.8,30,3,peer_shrunk_nominal,0.6617200000000001,0.5103517587939699,19.094007051788267,25.53667544726283,0.28425866605002514,0.6627953664188102,0.9449561503486996
ar08_shifted_scale,0.8,30,3,peer_cov_ess,0.67162,0.5145728643216081,19.094007051788267,25.53667544726283,0.28425866605002514,0.6627953664188102,0.9449561503486996
ar08_shifted_scale,0.8,30,3,adaptive_cov_ess,0.689172,0.5175879396984925,19.094007051788267,25.53667544726283,0.28425866605002514,0.6627953664188102,0.9449561503486996
ar08_shifted_scale,0.8,30,3,adaptive_nominal,0.7062080000000001,0.5262311557788945,19.094007051788267,25.53667544726283,0.28425866605002514,0.6627953664188102,0.9449561503486996
ar08_shifted_scale,0.8,30,3,adaptive_joint_nominal,0.6850399999999999,0.5141708542713568,19.094007051788267,25.53667544726283,0.28425866605002514,0.6627953664188102,0.9449561503486996
ar08_shifted_scale,0.8,30,4,shared_oas,0.696744,0.49889447236180906,18.50826931131164,25.9491836407079,0.27963340236456274,0.6452460156594169,0.9431508364071546
ar08_shifted_scale,0.8,30,4,peer_nominal,0.60704,0.4994974874371859,18.50826931131164,25.9491836407079,0.27963340236456274,0.6452460156594169,0.9431508364071546
ar08_shifted_scale,0.8,30,4,peer_shrunk_nominal,0.690008,0.5009045226130653,18.50826931131164,25.9491836407079,0.27963340236456274,0.6452460156594169,0.9431508364071546
ar08_shifted_scale,0.8,30,4,peer_cov_ess,0.593216,0.4986934673366834,18.50826931131164,25.9491836407079,0.27963340236456274,0.6452460156594169,0.9431508364071546
ar08_shifted_scale,0.8,30,4,adaptive_cov_ess,0.6748400000000001,0.4984924623115578,18.50826931131164,25.9491836407079,0.27963340236456274,0.6452460156594169,0.9431508364071546
ar08_shifted_scale,0.8,30,4,adaptive_nominal,0.690892,0.5005025125628141,18.50826931131164,25.9491836407079,0.27963340236456274,0.6452460156594169,0.9431508364071546
ar08_shifted_scale,0.8,30,4,adaptive_joint_nominal,0.755628,0.5021105527638191,18.50826931131164,25.9491836407079,0.27963340236456274,0.6452460156594169,0.9431508364071546
ar08_shifted_scale,0.8,30,5,shared_oas,0.7001640000000001,0.51678391959799,15.384491021590094,18.059552718707533,0.20467270790857023,0.48375407937251214,0.974085742510769
ar08_shifted_scale,0.8,30,5,peer_nominal,0.6703199999999999,0.5308542713567839,15.384491021590094,18.059552718707533,0.20467270790857023,0.48375407937251214,0.974085742510769
ar08_shifted_scale,0.8,30,5,peer_shrunk_nominal,0.696396,0.5179899497487437,15.384491021590094,18.059552718707533,0.20467270790857023,0.48375407937251214,0.974085742510769
ar08_shifted_scale,0.8,30,5,peer_cov_ess,0.665832,0.5214070351758794,15.384491021590094,18.059552718707533,0.20467270790857023,0.48375407937251214,0.974085742510769
ar08_shifted_scale,0.8,30,5,adaptive_cov_ess,0.6711759999999999,0.5218090452261307,15.384491021590094,18.059552718707533,0.20467270790857023,0.48375407937251214,0.974085742510769
ar08_shifted_scale,0.8,30,5,adaptive_nominal,0.671752,0.5248241206030151,15.384491021590094,18.059552718707533,0.20467270790857023,0.48375407937251214,0.974085742510769
ar08_shifted_scale,0.8,30,5,adaptive_joint_nominal,0.720324,0.5197989949748744,15.384491021590094,18.059552718707533,0.20467270790857023,0.48375407937251214,0.974085742510769
ar08_shifted_scale,0.8,30,6,shared_oas,0.8060120000000001,0.5179899497487437,17.016783639237033,21.97201947652358,0.29815915333670595,0.5515274835628065,0.9746529313529476
ar08_shifted_scale,0.8,30,6,peer_nominal,0.608908,0.5001005025125628,17.016783639237033,21.97201947652358,0.29815915333670595,0.5515274835628065,0.9746529313529476
ar08_shifted_scale,0.8,30,6,peer_shrunk_nominal,0.837352,0.5191959798994975,17.016783639237033,21.97201947652358,0.29815915333670595,0.5515274835628065,0.9746529313529476
ar08_shifted_scale,0.8,30,6,peer_cov_ess,0.5838079999999999,0.49989949748743717,17.016783639237033,21.97201947652358,0.29815915333670595,0.5515274835628065,0.9746529313529476
ar08_shifted_scale,0.8,30,6,adaptive_cov_ess,0.740596,0.5017085427135678,17.016783639237033,21.97201947652358,0.29815915333670595,0.5515274835628065,0.9746529313529476
ar08_shifted_scale,0.8,30,6,adaptive_nominal,0.76738,0.5033165829145728,17.016783639237033,21.97201947652358,0.29815915333670595,0.5515274835628065,0.9746529313529476
ar08_shifted_scale,0.8,30,6,adaptive_joint_nominal,0.9346,0.5726633165829146,17.016783639237033,21.97201947652358,0.29815915333670595,0.5515274835628065,0.9746529313529476
ar08_shifted_scale,0.8,30,7,shared_oas,0.7287920000000001,0.5087437185929649,18.389125922668402,19.50901770348137,0.2906536486903706,0.5633194012427587,1.01081418659217
ar08_shifted_scale,0.8,30,7,peer_nominal,0.6808040000000001,0.5003015075376884,18.389125922668402,19.50901770348137,0.2906536486903706,0.5633194012427587,1.01081418659217
ar08_shifted_scale,0.8,30,7,peer_shrunk_nominal,0.7195400000000001,0.5061306532663317,18.389125922668402,19.50901770348137,0.2906536486903706,0.5633194012427587,1.01081418659217
ar08_shifted_scale,0.8,30,7,peer_cov_ess,0.633556,0.49909547738693466,18.389125922668402,19.50901770348137,0.2906536486903706,0.5633194012427587,1.01081418659217
ar08_shifted_scale,0.8,30,7,adaptive_cov_ess,0.737796,0.5017085427135678,18.389125922668402,19.50901770348137,0.2906536486903706,0.5633194012427587,1.01081418659217
ar08_shifted_scale,0.8,30,7,adaptive_nominal,0.789652,0.5071356783919598,18.389125922668402,19.50901770348137,0.2906536486903706,0.5633194012427587,1.01081418659217
ar08_shifted_scale,0.8,30,7,adaptive_joint_nominal,0.826916,0.5191959798994975,18.389125922668402,19.50901770348137,0.2906536486903706,0.5633194012427587,1.01081418659217
ar08_shifted_scale,0.8,30,8,shared_oas,0.6721680000000001,0.5069346733668342,16.713288931605607,20.017131137612346,0.2387586851851473,0.43143398974019903,0.9952377522157398
ar08_shifted_scale,0.8,30,8,peer_nominal,0.6141839999999998,0.5041206030150753,16.713288931605607,20.017131137612346,0.2387586851851473,0.43143398974019903,0.9952377522157398
ar08_shifted_scale,0.8,30,8,peer_shrunk_nominal,0.69692,0.5099497487437186,16.713288931605607,20.017131137612346,0.2387586851851473,0.43143398974019903,0.9952377522157398
ar08_shifted_scale,0.8,30,8,peer_cov_ess,0.5599639999999999,0.49969849246231157,16.713288931605607,20.017131137612346,0.2387586851851473,0.43143398974019903,0.9952377522157398
ar08_shifted_scale,0.8,30,8,adaptive_cov_ess,0.587956,0.5013065326633166,16.713288931605607,20.017131137612346,0.2387586851851473,0.43143398974019903,0.9952377522157398
ar08_shifted_scale,0.8,30,8,adaptive_nominal,0.642568,0.5049246231155778,16.713288931605607,20.017131137612346,0.2387586851851473,0.43143398974019903,0.9952377522157398
ar08_shifted_scale,0.8,30,8,adaptive_joint_nominal,0.7242080000000001,0.5125628140703518,16.713288931605607,20.017131137612346,0.2387586851851473,0.43143398974019903,0.9952377522157398
ar08_shifted_scale,0.8,30,9,shared_oas,0.7991679999999999,0.5095477386934674,16.597272947944735,17.164616760224177,0.2435079142221244,0.673681044445283,0.9804954959589949
ar08_shifted_scale,0.8,30,9,peer_nominal,0.74944,0.5065326633165829,16.597272947944735,17.164616760224177,0.2435079142221244,0.673681044445283,0.9804954959589949
ar08_shifted_scale,0.8,30,9,peer_shrunk_nominal,0.764644,0.5051256281407035,16.597272947944735,17.164616760224177,0.2435079142221244,0.673681044445283,0.9804954959589949
ar08_shifted_scale,0.8,30,9,peer_cov_ess,0.696068,0.5049246231155778,16.597272947944735,17.164616760224177,0.2435079142221244,0.673681044445283,0.9804954959589949
ar08_shifted_scale,0.8,30,9,adaptive_cov_ess,0.738796,0.5071356783919598,16.597272947944735,17.164616760224177,0.2435079142221244,0.673681044445283,0.9804954959589949
ar08_shifted_scale,0.8,30,9,adaptive_nominal,0.793868,0.5099497487437186,16.597272947944735,17.164616760224177,0.2435079142221244,0.673681044445283,0.9804954959589949
ar08_shifted_scale,0.8,30,9,adaptive_joint_nominal,0.8083640000000001,0.5107537688442211,16.597272947944735,17.164616760224177,0.2435079142221244,0.673681044445283,0.9804954959589949
ar08_shifted_scale,0.8,30,10,shared_oas,0.6703159999999999,0.5087437185929649,14.337579704233365,20.76911901139693,0.23990115167708775,0.49811416356643734,0.9767483499360625
ar08_shifted_scale,0.8,30,10,peer_nominal,0.560568,0.5033165829145728,14.337579704233365,20.76911901139693,0.23990115167708775,0.49811416356643734,0.9767483499360625
ar08_shifted_scale,0.8,30,10,peer_shrunk_nominal,0.62852,0.5055276381909548,14.337579704233365,20.76911901139693,0.23990115167708775,0.49811416356643734,0.9767483499360625
ar08_shifted_scale,0.8,30,10,peer_cov_ess,0.5746439999999999,0.5071356783919598,14.337579704233365,20.76911901139693,0.23990115167708775,0.49811416356643734,0.9767483499360625
ar08_shifted_scale,0.8,30,10,adaptive_cov_ess,0.621804,0.5091457286432161,14.337579704233365,20.76911901139693,0.23990115167708775,0.49811416356643734,0.9767483499360625
ar08_shifted_scale,0.8,30,10,adaptive_nominal,0.6221439999999999,0.5097487437185929,14.337579704233365,20.76911901139693,0.23990115167708775,0.49811416356643734,0.9767483499360625
ar08_shifted_scale,0.8,30,10,adaptive_joint_nominal,0.6900839999999999,0.5113567839195979,14.337579704233365,20.76911901139693,0.23990115167708775,0.49811416356643734,0.9767483499360625
ar08_shifted_scale,0.8,30,11,shared_oas,0.708996,0.5035175879396985,17.954442411330337,23.35313178800778,0.2564366438737305,0.5424276162293088,0.9666106982006035
ar08_shifted_scale,0.8,30,11,peer_nominal,0.672408,0.4994974874371859,17.954442411330337,23.35313178800778,0.2564366438737305,0.5424276162293088,0.9666106982006035
ar08_shifted_scale,0.8,30,11,peer_shrunk_nominal,0.683856,0.5025125628140703,17.954442411330337,23.35313178800778,0.2564366438737305,0.5424276162293088,0.9666106982006035
ar08_shifted_scale,0.8,30,11,peer_cov_ess,0.6325639999999999,0.4994974874371859,17.954442411330337,23.35313178800778,0.2564366438737305,0.5424276162293088,0.9666106982006035
ar08_shifted_scale,0.8,30,11,adaptive_cov_ess,0.75358,0.5035175879396985,17.954442411330337,23.35313178800778,0.2564366438737305,0.5424276162293088,0.9666106982006035
ar08_shifted_scale,0.8,30,11,adaptive_nominal,0.793708,0.5065326633165829,17.954442411330337,23.35313178800778,0.2564366438737305,0.5424276162293088,0.9666106982006035
ar08_shifted_scale,0.8,30,11,adaptive_joint_nominal,0.8002880000000001,0.5131658291457286,17.954442411330337,23.35313178800778,0.2564366438737305,0.5424276162293088,0.9666106982006035
ar08_shifted_scale,0.8,30,12,shared_oas,0.808004,0.5228140703517588,15.481308235842137,19.220720494044194,0.20950167507249495,0.5509792260511857,0.9668020498115236
ar08_shifted_scale,0.8,30,12,peer_nominal,0.8335279999999999,0.5298492462311558,15.481308235842137,19.220720494044194,0.20950167507249495,0.5509792260511857,0.9668020498115236
ar08_shifted_scale,0.8,30,12,peer_shrunk_nominal,0.8161559999999999,0.5246231155778894,15.481308235842137,19.220720494044194,0.20950167507249495,0.5509792260511857,0.9668020498115236
ar08_shifted_scale,0.8,30,12,peer_cov_ess,0.783708,0.5210050251256282,15.481308235842137,19.220720494044194,0.20950167507249495,0.5509792260511857,0.9668020498115236
ar08_shifted_scale,0.8,30,12,adaptive_cov_ess,0.8325239999999999,0.5298492462311558,15.481308235842137,19.220720494044194,0.20950167507249495,0.5509792260511857,0.9668020498115236
ar08_shifted_scale,0.8,30,12,adaptive_nominal,0.878076,0.5475376884422111,15.481308235842137,19.220720494044194,0.20950167507249495,0.5509792260511857,0.9668020498115236
ar08_shifted_scale,0.8,30,12,adaptive_joint_nominal,0.8590359999999999,0.5417085427135678,15.481308235842137,19.220720494044194,0.20950167507249495,0.5509792260511857,0.9668020498115236
ar08_shifted_scale,0.8,30,13,shared_oas,0.797416,0.504321608040201,19.23409383393206,21.038054593043228,0.26281180262688586,0.5844341071951871,0.9946580228233197
ar08_shifted_scale,0.8,30,13,peer_nominal,0.76548,0.5113567839195979,19.23409383393206,21.038054593043228,0.26281180262688586,0.5844341071951871,0.9946580228233197
ar08_shifted_scale,0.8,30,13,peer_shrunk_nominal,0.78354,0.5019095477386935,19.23409383393206,21.038054593043228,0.26281180262688586,0.5844341071951871,0.9946580228233197
ar08_shifted_scale,0.8,30,13,peer_cov_ess,0.734544,0.5161809045226131,19.23409383393206,21.038054593043228,0.26281180262688586,0.5844341071951871,0.9946580228233197
ar08_shifted_scale,0.8,30,13,adaptive_cov_ess,0.821716,0.528643216080402,19.23409383393206,21.038054593043228,0.26281180262688586,0.5844341071951871,0.9946580228233197
ar08_shifted_scale,0.8,30,13,adaptive_nominal,0.8500479999999999,0.5256281407035176,19.23409383393206,21.038054593043228,0.26281180262688586,0.5844341071951871,0.9946580228233197
ar08_shifted_scale,0.8,30,13,adaptive_joint_nominal,0.8786160000000001,0.5073366834170854,19.23409383393206,21.038054593043228,0.26281180262688586,0.5844341071951871,0.9946580228233197
ar08_shifted_scale,0.8,30,14,shared_oas,0.58684,0.5099497487437186,19.868548359000677,23.01728610564989,0.24351547993500575,0.5420702529652887,0.9714536367329505
ar08_shifted_scale,0.8,30,14,peer_nominal,0.597308,0.5097487437185929,19.868548359000677,23.01728610564989,0.24351547993500575,0.5420702529652887,0.9714536367329505
ar08_shifted_scale,0.8,30,14,peer_shrunk_nominal,0.5880879999999999,0.5093467336683417,19.868548359000677,23.01728610564989,0.24351547993500575,0.5420702529652887,0.9714536367329505
ar08_shifted_scale,0.8,30,14,peer_cov_ess,0.587196,0.5111557788944724,19.868548359000677,23.01728610564989,0.24351547993500575,0.5420702529652887,0.9714536367329505
ar08_shifted_scale,0.8,30,14,adaptive_cov_ess,0.599936,0.5115577889447236,19.868548359000677,23.01728610564989,0.24351547993500575,0.5420702529652887,0.9714536367329505
ar08_shifted_scale,0.8,30,14,adaptive_nominal,0.6096760000000001,0.5087437185929649,19.868548359000677,23.01728610564989,0.24351547993500575,0.5420702529652887,0.9714536367329505
ar08_shifted_scale,0.8,30,14,adaptive_joint_nominal,0.599608,0.5097487437185929,19.868548359000677,23.01728610564989,0.24351547993500575,0.5420702529652887,0.9714536367329505
ar08_shifted_scale,0.8,30,15,shared_oas,0.717352,0.5093467336683417,15.712397495197878,22.689914628324008,0.28239019986277425,0.6216626686427587,0.982866268450134
ar08_shifted_scale,0.8,30,15,peer_nominal,0.693328,0.5087437185929649,15.712397495197878,22.689914628324008,0.28239019986277425,0.6216626686427587,0.982866268450134
ar08_shifted_scale,0.8,30,15,peer_shrunk_nominal,0.7276079999999999,0.5111557788944724,15.712397495197878,22.689914628324008,0.28239019986277425,0.6216626686427587,0.982866268450134
ar08_shifted_scale,0.8,30,15,peer_cov_ess,0.652724,0.5069346733668342,15.712397495197878,22.689914628324008,0.28239019986277425,0.6216626686427587,0.982866268450134
ar08_shifted_scale,0.8,30,15,adaptive_cov_ess,0.7381560000000001,0.5115577889447236,15.712397495197878,22.689914628324008,0.28239019986277425,0.6216626686427587,0.982866268450134
ar08_shifted_scale,0.8,30,15,adaptive_nominal,0.774224,0.5137688442211055,15.712397495197878,22.689914628324008,0.28239019986277425,0.6216626686427587,0.982866268450134
ar08_shifted_scale,0.8,30,15,adaptive_joint_nominal,0.81378,0.5284422110552763,15.712397495197878,22.689914628324008,0.28239019986277425,0.6216626686427587,0.982866268450134
ar08_shifted_scale,0.8,30,16,shared_oas,0.7132239999999999,0.5021105527638191,20.70265747988781,24.097576571005252,0.24128911095983036,0.50706422688883,0.9783748606762893
ar08_shifted_scale,0.8,30,16,peer_nominal,0.6593559999999999,0.5055276381909548,20.70265747988781,24.097576571005252,0.24128911095983036,0.50706422688883,0.9783748606762893
ar08_shifted_scale,0.8,30,16,peer_shrunk_nominal,0.69024,0.5017085427135678,20.70265747988781,24.097576571005252,0.24128911095983036,0.50706422688883,0.9783748606762893
ar08_shifted_scale,0.8,30,16,peer_cov_ess,0.650908,0.5067336683417085,20.70265747988781,24.097576571005252,0.24128911095983036,0.50706422688883,0.9783748606762893
ar08_shifted_scale,0.8,30,16,adaptive_cov_ess,0.6623680000000001,0.5071356783919598,20.70265747988781,24.097576571005252,0.24128911095983036,0.50706422688883,0.9783748606762893
ar08_shifted_scale,0.8,30,16,adaptive_nominal,0.6744079999999999,0.505929648241206,20.70265747988781,24.097576571005252,0.24128911095983036,0.50706422688883,0.9783748606762893
ar08_shifted_scale,0.8,30,16,adaptive_joint_nominal,0.707836,0.5021105527638191,20.70265747988781,24.097576571005252,0.24128911095983036,0.50706422688883,0.9783748606762893
ar08_shifted_scale,0.8,30,17,shared_oas,0.870424,0.52,19.98214752141469,26.874583352625574,0.2301672051572859,0.6431727057354166,0.9555779287876132
ar08_shifted_scale,0.8,30,17,peer_nominal,0.7803000000000001,0.5210050251256282,19.98214752141469,26.874583352625574,0.2301672051572859,0.6431727057354166,0.9555779287876132
ar08_shifted_scale,0.8,30,17,peer_shrunk_nominal,0.839204,0.5093467336683417,19.98214752141469,26.874583352625574,0.2301672051572859,0.6431727057354166,0.9555779287876132
ar08_shifted_scale,0.8,30,17,peer_cov_ess,0.741624,0.5177889447236181,19.98214752141469,26.874583352625574,0.2301672051572859,0.6431727057354166,0.9555779287876132
ar08_shifted_scale,0.8,30,17,adaptive_cov_ess,0.8444400000000001,0.5374874371859296,19.98214752141469,26.874583352625574,0.2301672051572859,0.6431727057354166,0.9555779287876132
ar08_shifted_scale,0.8,30,17,adaptive_nominal,0.8805319999999999,0.5495477386934673,19.98214752141469,26.874583352625574,0.2301672051572859,0.6431727057354166,0.9555779287876132
ar08_shifted_scale,0.8,30,17,adaptive_joint_nominal,0.9249120000000001,0.542713567839196,19.98214752141469,26.874583352625574,0.2301672051572859,0.6431727057354166,0.9555779287876132
ar08_shifted_scale,0.8,30,18,shared_oas,0.672512,0.5039195979899498,18.83387229586008,28.277518419138637,0.2614048175919297,0.49478550904175167,0.9910856668147598
ar08_shifted_scale,0.8,30,18,peer_nominal,0.7090120000000001,0.5097487437185929,18.83387229586008,28.277518419138637,0.2614048175919297,0.49478550904175167,0.9910856668147598
ar08_shifted_scale,0.8,30,18,peer_shrunk_nominal,0.7123919999999999,0.5045226130653266,18.83387229586008,28.277518419138637,0.2614048175919297,0.49478550904175167,0.9910856668147598
ar08_shifted_scale,0.8,30,18,peer_cov_ess,0.68896,0.5067336683417085,18.83387229586008,28.277518419138637,0.2614048175919297,0.49478550904175167,0.9910856668147598
ar08_shifted_scale,0.8,30,18,adaptive_cov_ess,0.757116,0.5129648241206031,18.83387229586008,28.277518419138637,0.2614048175919297,0.49478550904175167,0.9910856668147598
ar08_shifted_scale,0.8,30,18,adaptive_nominal,0.7788560000000001,0.5179899497487437,18.83387229586008,28.277518419138637,0.2614048175919297,0.49478550904175167,0.9910856668147598
ar08_shifted_scale,0.8,30,18,adaptive_joint_nominal,0.7798639999999999,0.5093467336683417,18.83387229586008,28.277518419138637,0.2614048175919297,0.49478550904175167,0.9910856668147598
ar08_shifted_scale,0.8,30,19,shared_oas,0.7319519999999999,0.51678391959799,18.668564594344843,23.489815288650636,0.23552313823217083,0.6376215787263206,0.9474949358028403
ar08_shifted_scale,0.8,30,19,peer_nominal,0.650956,0.5017085427135678,18.668564594344843,23.489815288650636,0.23552313823217083,0.6376215787263206,0.9474949358028403
ar08_shifted_scale,0.8,30,19,peer_shrunk_nominal,0.71746,0.5153768844221106,18.668564594344843,23.489815288650636,0.23552313823217083,0.6376215787263206,0.9474949358028403
ar08_shifted_scale,0.8,30,19,peer_cov_ess,0.6202479999999999,0.5015075376884423,18.668564594344843,23.489815288650636,0.23552313823217083,0.6376215787263206,0.9474949358028403
ar08_shifted_scale,0.8,30,19,adaptive_cov_ess,0.7266520000000001,0.515175879396985,18.668564594344843,23.489815288650636,0.23552313823217083,0.6376215787263206,0.9474949358028403
ar08_shifted_scale,0.8,30,19,adaptive_nominal,0.7689480000000001,0.5226130653266332,18.668564594344843,23.489815288650636,0.23552313823217083,0.6376215787263206,0.9474949358028403
ar08_shifted_scale,0.8,30,19,adaptive_joint_nominal,0.8335159999999998,0.5380904522613066,18.668564594344843,23.489815288650636,0.23552313823217083,0.6376215787263206,0.9474949358028403
ar08_shifted_scale,0.8,30,20,shared_oas,0.741924,0.5312562814070352,16.222182233027834,17.894589450498636,0.1743145269777948,0.37678934248582996,1.0158993039696553
ar08_shifted_scale,0.8,30,20,peer_nominal,0.737252,0.5023115577889448,16.222182233027834,17.894589450498636,0.1743145269777948,0.37678934248582996,1.0158993039696553
ar08_shifted_scale,0.8,30,20,peer_shrunk_nominal,0.771552,0.541105527638191,16.222182233027834,17.894589450498636,0.1743145269777948,0.37678934248582996,1.0158993039696553
ar08_shifted_scale,0.8,30,20,peer_cov_ess,0.705684,0.502713567839196,16.222182233027834,17.894589450498636,0.1743145269777948,0.37678934248582996,1.0158993039696553
ar08_shifted_scale,0.8,30,20,adaptive_cov_ess,0.7519,0.5061306532663317,16.222182233027834,17.894589450498636,0.1743145269777948,0.37678934248582996,1.0158993039696553
ar08_shifted_scale,0.8,30,20,adaptive_nominal,0.7860279999999998,0.5069346733668342,16.222182233027834,17.894589450498636,0.1743145269777948,0.37678934248582996,1.0158993039696553
ar08_shifted_scale,0.8,30,20,adaptive_joint_nominal,0.823756,0.5612060301507538,16.222182233027834,17.894589450498636,0.1743145269777948,0.37678934248582996,1.0158993039696553
ar08_shifted_scale,0.8,30,21,shared_oas,0.7900119999999999,0.5177889447236181,16.18449082998671,20.33478902251189,0.2729439920358637,0.5090374988000401,0.9685089773392623
ar08_shifted_scale,0.8,30,21,peer_nominal,0.761788,0.5173869346733668,16.18449082998671,20.33478902251189,0.2729439920358637,0.5090374988000401,0.9685089773392623
ar08_shifted_scale,0.8,30,21,peer_shrunk_nominal,0.768668,0.5141708542713568,16.18449082998671,20.33478902251189,0.2729439920358637,0.5090374988000401,0.9685089773392623
ar08_shifted_scale,0.8,30,21,peer_cov_ess,0.737324,0.5131658291457286,16.18449082998671,20.33478902251189,0.2729439920358637,0.5090374988000401,0.9685089773392623
ar08_shifted_scale,0.8,30,21,adaptive_cov_ess,0.8164480000000001,0.5161809045226131,16.18449082998671,20.33478902251189,0.2729439920358637,0.5090374988000401,0.9685089773392623
ar08_shifted_scale,0.8,30,21,adaptive_nominal,0.83216,0.5159798994974875,16.18449082998671,20.33478902251189,0.2729439920358637,0.5090374988000401,0.9685089773392623
ar08_shifted_scale,0.8,30,21,adaptive_joint_nominal,0.890612,0.5344723618090452,16.18449082998671,20.33478902251189,0.2729439920358637,0.5090374988000401,0.9685089773392623
ar08_shifted_scale,0.8,30,22,shared_oas,0.723644,0.5053266331658292,17.581467925988036,20.048649596237695,0.23999311995542832,0.5873349846359567,0.9730290203189357
ar08_shifted_scale,0.8,30,22,peer_nominal,0.689304,0.49909547738693466,17.581467925988036,20.048649596237695,0.23999311995542832,0.5873349846359567,0.9730290203189357
ar08_shifted_scale,0.8,30,22,peer_shrunk_nominal,0.771496,0.5087437185929649,17.581467925988036,20.048649596237695,0.23999311995542832,0.5873349846359567,0.9730290203189357
ar08_shifted_scale,0.8,30,22,peer_cov_ess,0.64686,0.5007035175879397,17.581467925988036,20.048649596237695,0.23999311995542832,0.5873349846359567,0.9730290203189357
ar08_shifted_scale,0.8,30,22,adaptive_cov_ess,0.7235,0.504321608040201,17.581467925988036,20.048649596237695,0.23999311995542832,0.5873349846359567,0.9730290203189357
ar08_shifted_scale,0.8,30,22,adaptive_nominal,0.771856,0.5071356783919598,17.581467925988036,20.048649596237695,0.23999311995542832,0.5873349846359567,0.9730290203189357
ar08_shifted_scale,0.8,30,22,adaptive_joint_nominal,0.850352,0.5258291457286433,17.581467925988036,20.048649596237695,0.23999311995542832,0.5873349846359567,0.9730290203189357
ar08_shifted_scale,0.8,30,23,shared_oas,0.64204,0.51678391959799,20.270379013748126,25.733064246515383,0.22553025094787932,0.6660328489776377,0.9816564924025264
ar08_shifted_scale,0.8,30,23,peer_nominal,0.6722600000000001,0.5137688442211055,20.270379013748126,25.733064246515383,0.22553025094787932,0.6660328489776377,0.9816564924025264
ar08_shifted_scale,0.8,30,23,peer_shrunk_nominal,0.6526719999999999,0.5131658291457286,20.270379013748126,25.733064246515383,0.22553025094787932,0.6660328489776377,0.9816564924025264
ar08_shifted_scale,0.8,30,23,peer_cov_ess,0.66228,0.5143718592964824,20.270379013748126,25.733064246515383,0.22553025094787932,0.6660328489776377,0.9816564924025264
ar08_shifted_scale,0.8,30,23,adaptive_cov_ess,0.6751520000000001,0.5147738693467336,20.270379013748126,25.733064246515383,0.22553025094787932,0.6660328489776377,0.9816564924025264
ar08_shifted_scale,0.8,30,23,adaptive_nominal,0.6847799999999999,0.5171859296482412,20.270379013748126,25.733064246515383,0.22553025094787932,0.6660328489776377,0.9816564924025264
ar08_shifted_scale,0.8,30,23,adaptive_joint_nominal,0.6716679999999999,0.5163819095477387,20.270379013748126,25.733064246515383,0.22553025094787932,0.6660328489776377,0.9816564924025264
ar08_shifted_scale,0.8,30,24,shared_oas,0.751424,0.5141708542713568,19.089319821008516,21.55480311805567,0.2564296402109147,0.5275478190373828,1.0042806550898113
ar08_shifted_scale,0.8,30,24,peer_nominal,0.694836,0.5137688442211056,19.089319821008516,21.55480311805567,0.2564296402109147,0.5275478190373828,1.0042806550898113
ar08_shifted_scale,0.8,30,24,peer_shrunk_nominal,0.697524,0.505929648241206,19.089319821008516,21.55480311805567,0.2564296402109147,0.5275478190373828,1.0042806550898113
ar08_shifted_scale,0.8,30,24,peer_cov_ess,0.670444,0.518391959798995,19.089319821008516,21.55480311805567,0.2564296402109147,0.5275478190373828,1.0042806550898113
ar08_shifted_scale,0.8,30,24,adaptive_cov_ess,0.7462519999999999,0.528643216080402,19.089319821008516,21.55480311805567,0.2564296402109147,0.5275478190373828,1.0042806550898113
ar08_shifted_scale,0.8,30,24,adaptive_nominal,0.7807999999999999,0.5288442211055276,19.089319821008516,21.55480311805567,0.2564296402109147,0.5275478190373828,1.0042806550898113
ar08_shifted_scale,0.8,30,24,adaptive_joint_nominal,0.79046,0.5117587939698492,19.089319821008516,21.55480311805567,0.2564296402109147,0.5275478190373828,1.0042806550898113
ar08_shifted_scale,0.8,30,25,shared_oas,0.74062,0.5051256281407035,15.420961309804326,20.93533490944339,0.28113107671187654,0.46585765425401326,0.9683766037406518
ar08_shifted_scale,0.8,30,25,peer_nominal,0.720848,0.504321608040201,15.420961309804326,20.93533490944339,0.28113107671187654,0.46585765425401326,0.9683766037406518
ar08_shifted_scale,0.8,30,25,peer_shrunk_nominal,0.7397440000000001,0.5063316582914573,15.420961309804326,20.93533490944339,0.28113107671187654,0.46585765425401326,0.9683766037406518
ar08_shifted_scale,0.8,30,25,peer_cov_ess,0.68534,0.5019095477386935,15.420961309804326,20.93533490944339,0.28113107671187654,0.46585765425401326,0.9683766037406518
ar08_shifted_scale,0.8,30,25,adaptive_cov_ess,0.754764,0.5079396984924623,15.420961309804326,20.93533490944339,0.28113107671187654,0.46585765425401326,0.9683766037406518
ar08_shifted_scale,0.8,30,25,adaptive_nominal,0.787668,0.5087437185929649,15.420961309804326,20.93533490944339,0.28113107671187654,0.46585765425401326,0.9683766037406518
ar08_shifted_scale,0.8,30,25,adaptive_joint_nominal,0.8052720000000002,0.5097487437185929,15.420961309804326,20.93533490944339,0.28113107671187654,0.46585765425401326,0.9683766037406518
ar08_shifted_scale,0.8,30,26,shared_oas,0.784936,0.5037185929648241,15.322354474713935,19.98815360803072,0.21822777323193518,0.5304928455884641,0.9884386395170366
ar08_shifted_scale,0.8,30,26,peer_nominal,0.8049639999999999,0.5065326633165829,15.322354474713935,19.98815360803072,0.21822777323193518,0.5304928455884641,0.9884386395170366
ar08_shifted_scale,0.8,30,26,peer_shrunk_nominal,0.815548,0.504321608040201,15.322354474713935,19.98815360803072,0.21822777323193518,0.5304928455884641,0.9884386395170366
ar08_shifted_scale,0.8,30,26,peer_cov_ess,0.7567400000000001,0.5111557788944724,15.322354474713935,19.98815360803072,0.21822777323193518,0.5304928455884641,0.9884386395170366
ar08_shifted_scale,0.8,30,26,adaptive_cov_ess,0.8775,0.5326633165829145,15.322354474713935,19.98815360803072,0.21822777323193518,0.5304928455884641,0.9884386395170366
ar08_shifted_scale,0.8,30,26,adaptive_nominal,0.9090480000000001,0.5294472361809045,15.322354474713935,19.98815360803072,0.21822777323193518,0.5304928455884641,0.9884386395170366
ar08_shifted_scale,0.8,30,26,adaptive_joint_nominal,0.918732,0.5220100502512562,15.322354474713935,19.98815360803072,0.21822777323193518,0.5304928455884641,0.9884386395170366
ar08_shifted_scale,0.8,30,27,shared_oas,0.7516280000000001,0.5159798994974875,15.25293769579145,16.94496741933823,0.2230964884561312,0.5043517828565577,0.9846429124573264
ar08_shifted_scale,0.8,30,27,peer_nominal,0.7186359999999999,0.5017085427135678,15.25293769579145,16.94496741933823,0.2230964884561312,0.5043517828565577,0.9846429124573264
ar08_shifted_scale,0.8,30,27,peer_shrunk_nominal,0.713152,0.5095477386934674,15.25293769579145,16.94496741933823,0.2230964884561312,0.5043517828565577,0.9846429124573264
ar08_shifted_scale,0.8,30,27,peer_cov_ess,0.69174,0.4986934673366834,15.25293769579145,16.94496741933823,0.2230964884561312,0.5043517828565577,0.9846429124573264
ar08_shifted_scale,0.8,30,27,adaptive_cov_ess,0.7471319999999999,0.5001005025125628,15.25293769579145,16.94496741933823,0.2230964884561312,0.5043517828565577,0.9846429124573264
ar08_shifted_scale,0.8,30,27,adaptive_nominal,0.7841919999999999,0.5081407035175879,15.25293769579145,16.94496741933823,0.2230964884561312,0.5043517828565577,0.9846429124573264
ar08_shifted_scale,0.8,30,27,adaptive_joint_nominal,0.7784760000000001,0.5127638190954774,15.25293769579145,16.94496741933823,0.2230964884561312,0.5043517828565577,0.9846429124573264
ar08_shifted_scale,0.8,30,28,shared_oas,0.6472519999999999,0.5149748743718593,16.29395330309331,20.42674617893043,0.2631125176978331,0.531289406080556,0.990550781666899
ar08_shifted_scale,0.8,30,28,peer_nominal,0.620668,0.5230150753768844,16.29395330309331,20.42674617893043,0.2631125176978331,0.531289406080556,0.990550781666899
ar08_shifted_scale,0.8,30,28,peer_shrunk_nominal,0.628168,0.5139698492462311,16.29395330309331,20.42674617893043,0.2631125176978331,0.531289406080556,0.990550781666899
ar08_shifted_scale,0.8,30,28,peer_cov_ess,0.6063080000000001,0.5234170854271357,16.29395330309331,20.42674617893043,0.2631125176978331,0.531289406080556,0.990550781666899
ar08_shifted_scale,0.8,30,28,adaptive_cov_ess,0.6100399999999999,0.5226130653266332,16.29395330309331,20.42674617893043,0.2631125176978331,0.531289406080556,0.990550781666899
ar08_shifted_scale,0.8,30,28,adaptive_nominal,0.63306,0.5212060301507537,16.29395330309331,20.42674617893043,0.2631125176978331,0.531289406080556,0.990550781666899
ar08_shifted_scale,0.8,30,28,adaptive_joint_nominal,0.6405959999999999,0.5161809045226131,16.29395330309331,20.42674617893043,0.2631125176978331,0.531289406080556,0.990550781666899
ar08_shifted_scale,0.8,30,29,shared_oas,0.750032,0.5354773869346734,19.219904569277556,25.783925718276794,0.2261839466277487,0.6434482153557106,0.9543655475656061
ar08_shifted_scale,0.8,30,29,peer_nominal,0.682876,0.5105527638190954,19.219904569277556,25.783925718276794,0.2261839466277487,0.6434482153557106,0.9543655475656061
ar08_shifted_scale,0.8,30,29,peer_shrunk_nominal,0.6699839999999999,0.5033165829145728,19.219904569277556,25.783925718276794,0.2261839466277487,0.6434482153557106,0.9543655475656061
ar08_shifted_scale,0.8,30,29,peer_cov_ess,0.657324,0.507537688442211,19.219904569277556,25.783925718276794,0.2261839466277487,0.6434482153557106,0.9543655475656061
ar08_shifted_scale,0.8,30,29,adaptive_cov_ess,0.703876,0.5081407035175879,19.219904569277556,25.783925718276794,0.2261839466277487,0.6434482153557106,0.9543655475656061
ar08_shifted_scale,0.8,30,29,adaptive_nominal,0.735092,0.5135678391959799,19.219904569277556,25.783925718276794,0.2261839466277487,0.6434482153557106,0.9543655475656061
ar08_shifted_scale,0.8,30,29,adaptive_joint_nominal,0.729572,0.5105527638190954,19.219904569277556,25.783925718276794,0.2261839466277487,0.6434482153557106,0.9543655475656061
ar08_shifted_scale,0.8,30,30,shared_oas,0.683476,0.5023115577889448,17.127552135566198,18.833953104535674,0.27621225844384667,0.3275087529392675,0.9222053277969551
ar08_shifted_scale,0.8,30,30,peer_nominal,0.667744,0.5015075376884423,17.127552135566198,18.833953104535674,0.27621225844384667,0.3275087529392675,0.9222053277969551
ar08_shifted_scale,0.8,30,30,peer_shrunk_nominal,0.720668,0.5031155778894473,17.127552135566198,18.833953104535674,0.27621225844384667,0.3275087529392675,0.9222053277969551
ar08_shifted_scale,0.8,30,30,peer_cov_ess,0.603356,0.5011055276381909,17.127552135566198,18.833953104535674,0.27621225844384667,0.3275087529392675,0.9222053277969551
ar08_shifted_scale,0.8,30,30,adaptive_cov_ess,0.7007840000000001,0.5011055276381909,17.127552135566198,18.833953104535674,0.27621225844384667,0.3275087529392675,0.9222053277969551
ar08_shifted_scale,0.8,30,30,adaptive_nominal,0.768756,0.5025125628140703,17.127552135566198,18.833953104535674,0.27621225844384667,0.3275087529392675,0.9222053277969551
ar08_shifted_scale,0.8,30,30,adaptive_joint_nominal,0.8129239999999999,0.5039195979899498,17.127552135566198,18.833953104535674,0.27621225844384667,0.3275087529392675,0.9222053277969551
ar08_shifted_scale,0.8,30,31,shared_oas,0.6339239999999999,0.5005025125628141,16.955737175383447,19.713596155357756,0.26242158539116367,0.43731315896733103,0.9994765396343435
ar08_shifted_scale,0.8,30,31,peer_nominal,0.5927479999999999,0.49829145728643215,16.955737175383447,19.713596155357756,0.26242158539116367,0.43731315896733103,0.9994765396343435
ar08_shifted_scale,0.8,30,31,peer_shrunk_nominal,0.652528,0.5017085427135678,16.955737175383447,19.713596155357756,0.26242158539116367,0.43731315896733103,0.9994765396343435
ar08_shifted_scale,0.8,30,31,peer_cov_ess,0.5738920000000001,0.49889447236180906,16.955737175383447,19.713596155357756,0.26242158539116367,0.43731315896733103,0.9994765396343435
ar08_shifted_scale,0.8,30,31,adaptive_cov_ess,0.600704,0.4994974874371859,16.955737175383447,19.713596155357756,0.26242158539116367,0.43731315896733103,0.9994765396343435
ar08_shifted_scale,0.8,30,31,adaptive_nominal,0.6224280000000001,0.49889447236180906,16.955737175383447,19.713596155357756,0.26242158539116367,0.43731315896733103,0.9994765396343435
ar08_shifted_scale,0.8,30,31,adaptive_joint_nominal,0.6782159999999999,0.5015075376884423,16.955737175383447,19.713596155357756,0.26242158539116367,0.43731315896733103,0.9994765396343435
ar08_shifted_scale,0.8,30,32,shared_oas,0.618924,0.4992964824120603,18.438452934612474,24.631384354242662,0.2747556914448425,0.408490870614852,0.990030318640845
ar08_shifted_scale,0.8,30,32,peer_nominal,0.5744,0.49809045226130655,18.438452934612474,24.631384354242662,0.2747556914448425,0.408490870614852,0.990030318640845
ar08_shifted_scale,0.8,30,32,peer_shrunk_nominal,0.6425919999999999,0.4992964824120603,18.438452934612474,24.631384354242662,0.2747556914448425,0.408490870614852,0.990030318640845
ar08_shifted_scale,0.8,30,32,peer_cov_ess,0.561756,0.4978894472361809,18.438452934612474,24.631384354242662,0.2747556914448425,0.408490870614852,0.990030318640845
ar08_shifted_scale,0.8,30,32,adaptive_cov_ess,0.607988,0.4976884422110553,18.438452934612474,24.631384354242662,0.2747556914448425,0.408490870614852,0.990030318640845
ar08_shifted_scale,0.8,30,32,adaptive_nominal,0.6209,0.49748743718592964,18.438452934612474,24.631384354242662,0.2747556914448425,0.408490870614852,0.990030318640845
ar08_shifted_scale,0.8,30,32,adaptive_joint_nominal,0.687036,0.49909547738693466,18.438452934612474,24.631384354242662,0.2747556914448425,0.408490870614852,0.990030318640845
ar08_shifted_scale,0.8,30,33,shared_oas,0.696712,0.5041206030150753,14.310924097691649,19.663897874501114,0.23827894227848065,0.5858716270417403,0.95939885792548
ar08_shifted_scale,0.8,30,33,peer_nominal,0.7479199999999999,0.5131658291457286,14.310924097691649,19.663897874501114,0.23827894227848065,0.5858716270417403,0.95939885792548
ar08_shifted_scale,0.8,30,33,peer_shrunk_nominal,0.7334759999999999,0.5051256281407035,14.310924097691649,19.663897874501114,0.23827894227848065,0.5858716270417403,0.95939885792548
ar08_shifted_scale,0.8,30,33,peer_cov_ess,0.693384,0.5071356783919598,14.310924097691649,19.663897874501114,0.23827894227848065,0.5858716270417403,0.95939885792548
ar08_shifted_scale,0.8,30,33,adaptive_cov_ess,0.777944,0.5089447236180904,14.310924097691649,19.663897874501114,0.23827894227848065,0.5858716270417403,0.95939885792548
ar08_shifted_scale,0.8,30,33,adaptive_nominal,0.835484,0.5222110552763819,14.310924097691649,19.663897874501114,0.23827894227848065,0.5858716270417403,0.95939885792548
ar08_shifted_scale,0.8,30,33,adaptive_joint_nominal,0.8136840000000001,0.5123618090452261,14.310924097691649,19.663897874501114,0.23827894227848065,0.5858716270417403,0.95939885792548
ar08_shifted_scale,0.8,30,34,shared_oas,0.8610079999999999,0.5214070351758794,16.40369518676128,15.93501393065452,0.2191919475539242,0.6008269482800881,0.9823993128218333
ar08_shifted_scale,0.8,30,34,peer_nominal,0.8106159999999999,0.5220100502512562,16.40369518676128,15.93501393065452,0.2191919475539242,0.6008269482800881,0.9823993128218333
ar08_shifted_scale,0.8,30,34,peer_shrunk_nominal,0.860692,0.5268341708542713,16.40369518676128,15.93501393065452,0.2191919475539242,0.6008269482800881,0.9823993128218333
ar08_shifted_scale,0.8,30,34,peer_cov_ess,0.7525999999999999,0.5197989949748744,16.40369518676128,15.93501393065452,0.2191919475539242,0.6008269482800881,0.9823993128218333
ar08_shifted_scale,0.8,30,34,adaptive_cov_ess,0.853104,0.5455276381909547,16.40369518676128,15.93501393065452,0.2191919475539242,0.6008269482800881,0.9823993128218333
ar08_shifted_scale,0.8,30,34,adaptive_nominal,0.8949799999999999,0.5519597989949748,16.40369518676128,15.93501393065452,0.2191919475539242,0.6008269482800881,0.9823993128218333
ar08_shifted_scale,0.8,30,34,adaptive_joint_nominal,0.933288,0.5640201005025126,16.40369518676128,15.93501393065452,0.2191919475539242,0.6008269482800881,0.9823993128218333
ar08_shifted_scale,0.8,30,35,shared_oas,0.6579079999999999,0.5298492462311558,19.66679534871497,21.58378617787998,0.26078417962364586,0.5397264361430275,0.9836030085181118
ar08_shifted_scale,0.8,30,35,peer_nominal,0.602104,0.5202010050251257,19.66679534871497,21.58378617787998,0.26078417962364586,0.5397264361430275,0.9836030085181118
ar08_shifted_scale,0.8,30,35,peer_shrunk_nominal,0.6482080000000001,0.5272361809045226,19.66679534871497,21.58378617787998,0.26078417962364586,0.5397264361430275,0.9836030085181118
ar08_shifted_scale,0.8,30,35,peer_cov_ess,0.577428,0.5155778894472361,19.66679534871497,21.58378617787998,0.26078417962364586,0.5397264361430275,0.9836030085181118
ar08_shifted_scale,0.8,30,35,adaptive_cov_ess,0.6074759999999999,0.5179899497487437,19.66679534871497,21.58378617787998,0.26078417962364586,0.5397264361430275,0.9836030085181118
ar08_shifted_scale,0.8,30,35,adaptive_nominal,0.636368,0.5185929648241207,19.66679534871497,21.58378617787998,0.26078417962364586,0.5397264361430275,0.9836030085181118
ar08_shifted_scale,0.8,30,35,adaptive_joint_nominal,0.6909959999999999,0.5280402010050251,19.66679534871497,21.58378617787998,0.26078417962364586,0.5397264361430275,0.9836030085181118
ar08_shifted_scale,0.8,30,36,shared_oas,0.769412,0.5163819095477387,17.000072326166965,18.17704209496985,0.22412839229417164,0.6164819436344126,1.0082611606231828
ar08_shifted_scale,0.8,30,36,peer_nominal,0.7590919999999999,0.5214070351758794,17.000072326166965,18.17704209496985,0.22412839229417164,0.6164819436344126,1.0082611606231828
ar08_shifted_scale,0.8,30,36,peer_shrunk_nominal,0.7857839999999999,0.5175879396984925,17.000072326166965,18.17704209496985,0.22412839229417164,0.6164819436344126,1.0082611606231828
ar08_shifted_scale,0.8,30,36,peer_cov_ess,0.7356159999999999,0.5155778894472361,17.000072326166965,18.17704209496985,0.22412839229417164,0.6164819436344126,1.0082611606231828
ar08_shifted_scale,0.8,30,36,adaptive_cov_ess,0.78966,0.5210050251256282,17.000072326166965,18.17704209496985,0.22412839229417164,0.6164819436344126,1.0082611606231828
ar08_shifted_scale,0.8,30,36,adaptive_nominal,0.8124920000000001,0.5290452261306533,17.000072326166965,18.17704209496985,0.22412839229417164,0.6164819436344126,1.0082611606231828
ar08_shifted_scale,0.8,30,36,adaptive_joint_nominal,0.837508,0.5358793969849246,17.000072326166965,18.17704209496985,0.22412839229417164,0.6164819436344126,1.0082611606231828
ar08_shifted_scale,0.8,30,37,shared_oas,0.777968,0.5115577889447236,21.384993727779975,25.806554879035374,0.29651071652825645,0.6853848137667752,0.95170780013122
ar08_shifted_scale,0.8,30,37,peer_nominal,0.740836,0.5093467336683417,21.384993727779975,25.806554879035374,0.29651071652825645,0.6853848137667752,0.95170780013122
ar08_shifted_scale,0.8,30,37,peer_shrunk_nominal,0.75876,0.5127638190954774,21.384993727779975,25.806554879035374,0.29651071652825645,0.6853848137667752,0.95170780013122
ar08_shifted_scale,0.8,30,37,peer_cov_ess,0.710648,0.5091457286432161,21.384993727779975,25.806554879035374,0.29651071652825645,0.6853848137667752,0.95170780013122
ar08_shifted_scale,0.8,30,37,adaptive_cov_ess,0.761888,0.5159798994974875,21.384993727779975,25.806554879035374,0.29651071652825645,0.6853848137667752,0.95170780013122
ar08_shifted_scale,0.8,30,37,adaptive_nominal,0.796328,0.5222110552763819,21.384993727779975,25.806554879035374,0.29651071652825645,0.6853848137667752,0.95170780013122
ar08_shifted_scale,0.8,30,37,adaptive_joint_nominal,0.817516,0.5300502512562814,21.384993727779975,25.806554879035374,0.29651071652825645,0.6853848137667752,0.95170780013122
ar08_shifted_scale,0.8,30,38,shared_oas,0.674088,0.5031155778894473,18.192081097245723,20.68415044116737,0.2742109343159598,0.5900857213784868,0.9517293952047527
ar08_shifted_scale,0.8,30,38,peer_nominal,0.567136,0.49989949748743717,18.192081097245723,20.68415044116737,0.2742109343159598,0.5900857213784868,0.9517293952047527
ar08_shifted_scale,0.8,30,38,peer_shrunk_nominal,0.6588720000000001,0.5033165829145728,18.192081097245723,20.68415044116737,0.2742109343159598,0.5900857213784868,0.9517293952047527
ar08_shifted_scale,0.8,30,38,peer_cov_ess,0.54184,0.5001005025125628,18.192081097245723,20.68415044116737,0.2742109343159598,0.5900857213784868,0.9517293952047527
ar08_shifted_scale,0.8,30,38,adaptive_cov_ess,0.5835199999999999,0.5007035175879397,18.192081097245723,20.68415044116737,0.2742109343159598,0.5900857213784868,0.9517293952047527
ar08_shifted_scale,0.8,30,38,adaptive_nominal,0.618424,0.5009045226130653,18.192081097245723,20.68415044116737,0.2742109343159598,0.5900857213784868,0.9517293952047527
ar08_shifted_scale,0.8,30,38,adaptive_joint_nominal,0.7140679999999999,0.5045226130653266,18.192081097245723,20.68415044116737,0.2742109343159598,0.5900857213784868,0.9517293952047527
ar08_shifted_scale,0.8,30,39,shared_oas,0.757852,0.4992964824120603,18.806835982508577,21.81805424937209,0.25532726490156044,0.5228346893716178,1.0144208147555824
ar08_shifted_scale,0.8,30,39,peer_nominal,0.7034040000000001,0.49889447236180906,18.806835982508577,21.81805424937209,0.25532726490156044,0.5228346893716178,1.0144208147555824
ar08_shifted_scale,0.8,30,39,peer_shrunk_nominal,0.762104,0.5007035175879397,18.806835982508577,21.81805424937209,0.25532726490156044,0.5228346893716178,1.0144208147555824
ar08_shifted_scale,0.8,30,39,peer_cov_ess,0.668128,0.49829145728643215,18.806835982508577,21.81805424937209,0.25532726490156044,0.5228346893716178,1.0144208147555824
ar08_shifted_scale,0.8,30,39,adaptive_cov_ess,0.7219159999999999,0.4984924623115578,18.806835982508577,21.81805424937209,0.25532726490156044,0.5228346893716178,1.0144208147555824
ar08_shifted_scale,0.8,30,39,adaptive_nominal,0.7599560000000001,0.49909547738693466,18.806835982508577,21.81805424937209,0.25532726490156044,0.5228346893716178,1.0144208147555824
ar08_shifted_scale,0.8,30,39,adaptive_joint_nominal,0.8155640000000001,0.5025125628140703,18.806835982508577,21.81805424937209,0.25532726490156044,0.5228346893716178,1.0144208147555824
ar08_shifted_scale,0.8,100,0,shared_oas,0.947564,0.6619095477386934,33.22689328492385,33.22092146383167,0.36822931447000745,0.6818810214405886,0.9683672321217638
ar08_shifted_scale,0.8,100,0,peer_nominal,0.9568920000000001,0.6890452261306532,33.22689328492385,33.22092146383167,0.36822931447000745,0.6818810214405886,0.9683672321217638
ar08_shifted_scale,0.8,100,0,peer_shrunk_nominal,0.951244,0.6474371859296483,33.22689328492385,33.22092146383167,0.36822931447000745,0.6818810214405886,0.9683672321217638
ar08_shifted_scale,0.8,100,0,peer_cov_ess,0.8109839999999999,0.5407035175879397,33.22689328492385,33.22092146383167,0.36822931447000745,0.6818810214405886,0.9683672321217638
ar08_shifted_scale,0.8,100,0,adaptive_cov_ess,0.952572,0.6938693467336683,33.22689328492385,33.22092146383167,0.36822931447000745,0.6818810214405886,0.9683672321217638
ar08_shifted_scale,0.8,100,0,adaptive_nominal,0.9953319999999999,0.9021105527638191,33.22689328492385,33.22092146383167,0.36822931447000745,0.6818810214405886,0.9683672321217638
ar08_shifted_scale,0.8,100,0,adaptive_joint_nominal,0.9951920000000001,0.9270351758793971,33.22689328492385,33.22092146383167,0.36822931447000745,0.6818810214405886,0.9683672321217638
ar08_shifted_scale,0.8,100,1,shared_oas,0.92656,0.5730653266331658,35.11132502590498,44.84403269440377,0.4223212038728795,0.7187456972173074,0.9825359776575274
ar08_shifted_scale,0.8,100,1,peer_nominal,0.9844680000000001,0.7195979899497488,35.11132502590498,44.84403269440377,0.4223212038728795,0.7187456972173074,0.9825359776575274
ar08_shifted_scale,0.8,100,1,peer_shrunk_nominal,0.9835879999999999,0.7467336683417085,35.11132502590498,44.84403269440377,0.4223212038728795,0.7187456972173074,0.9825359776575274
ar08_shifted_scale,0.8,100,1,peer_cov_ess,0.904184,0.5439195979899497,35.11132502590498,44.84403269440377,0.4223212038728795,0.7187456972173074,0.9825359776575274
ar08_shifted_scale,0.8,100,1,adaptive_cov_ess,0.9905440000000001,0.7943718592964824,35.11132502590498,44.84403269440377,0.4223212038728795,0.7187456972173074,0.9825359776575274
ar08_shifted_scale,0.8,100,1,adaptive_nominal,0.998672,0.9463316582914572,35.11132502590498,44.84403269440377,0.4223212038728795,0.7187456972173074,0.9825359776575274
ar08_shifted_scale,0.8,100,1,adaptive_joint_nominal,0.998888,0.9726633165829145,35.11132502590498,44.84403269440377,0.4223212038728795,0.7187456972173074,0.9825359776575274
ar08_shifted_scale,0.8,100,2,shared_oas,0.7890519999999999,0.5191959798994975,33.60906396838681,35.10061704269716,0.36329280556556603,0.6395578940454749,1.0011701860707254
ar08_shifted_scale,0.8,100,2,peer_nominal,0.781508,0.5113567839195979,33.60906396838681,35.10061704269716,0.36329280556556603,0.6395578940454749,1.0011701860707254
ar08_shifted_scale,0.8,100,2,peer_shrunk_nominal,0.7656560000000001,0.5125628140703518,33.60906396838681,35.10061704269716,0.36329280556556603,0.6395578940454749,1.0011701860707254
ar08_shifted_scale,0.8,100,2,peer_cov_ess,0.73942,0.5115577889447236,33.60906396838681,35.10061704269716,0.36329280556556603,0.6395578940454749,1.0011701860707254
ar08_shifted_scale,0.8,100,2,adaptive_cov_ess,0.785812,0.5145728643216081,33.60906396838681,35.10061704269716,0.36329280556556603,0.6395578940454749,1.0011701860707254
ar08_shifted_scale,0.8,100,2,adaptive_nominal,0.824268,0.5165829145728643,33.60906396838681,35.10061704269716,0.36329280556556603,0.6395578940454749,1.0011701860707254
ar08_shifted_scale,0.8,100,2,adaptive_joint_nominal,0.820812,0.5246231155778894,33.60906396838681,35.10061704269716,0.36329280556556603,0.6395578940454749,1.0011701860707254
ar08_shifted_scale,0.8,100,3,shared_oas,0.73322,0.5266331658291458,38.32329556327923,42.47684155486361,0.4752167902869107,0.5680430642405747,1.0292219552761264
ar08_shifted_scale,0.8,100,3,peer_nominal,0.7639159999999999,0.5324623115577889,38.32329556327923,42.47684155486361,0.4752167902869107,0.5680430642405747,1.0292219552761264
ar08_shifted_scale,0.8,100,3,peer_shrunk_nominal,0.764644,0.5308542713567839,38.32329556327923,42.47684155486361,0.4752167902869107,0.5680430642405747,1.0292219552761264
ar08_shifted_scale,0.8,100,3,peer_cov_ess,0.6744960000000001,0.5189949748743719,38.32329556327923,42.47684155486361,0.4752167902869107,0.5680430642405747,1.0292219552761264
ar08_shifted_scale,0.8,100,3,adaptive_cov_ess,0.6970080000000001,0.5242211055276382,38.32329556327923,42.47684155486361,0.4752167902869107,0.5680430642405747,1.0292219552761264
ar08_shifted_scale,0.8,100,3,adaptive_nominal,0.7787879999999999,0.5403015075376885,38.32329556327923,42.47684155486361,0.4752167902869107,0.5680430642405747,1.0292219552761264
ar08_shifted_scale,0.8,100,3,adaptive_joint_nominal,0.7764959999999999,0.538894472361809,38.32329556327923,42.47684155486361,0.4752167902869107,0.5680430642405747,1.0292219552761264
ar08_shifted_scale,0.8,100,4,shared_oas,0.9719519999999999,0.7218090452261307,37.96847347441472,39.458500213456844,0.4077409207440078,0.6637211695840973,0.9868419677987577
ar08_shifted_scale,0.8,100,4,peer_nominal,0.939488,0.6639195979899497,37.96847347441472,39.458500213456844,0.4077409207440078,0.6637211695840973,0.9868419677987577
ar08_shifted_scale,0.8,100,4,peer_shrunk_nominal,0.964116,0.7023115577889447,37.96847347441472,39.458500213456844,0.4077409207440078,0.6637211695840973,0.9868419677987577
ar08_shifted_scale,0.8,100,4,peer_cov_ess,0.81142,0.5409045226130653,37.96847347441472,39.458500213456844,0.4077409207440078,0.6637211695840973,0.9868419677987577
ar08_shifted_scale,0.8,100,4,adaptive_cov_ess,0.8995040000000001,0.5867336683417086,37.96847347441472,39.458500213456844,0.4077409207440078,0.6637211695840973,0.9868419677987577
ar08_shifted_scale,0.8,100,4,adaptive_nominal,0.969944,0.7439195979899498,37.96847347441472,39.458500213456844,0.4077409207440078,0.6637211695840973,0.9868419677987577
ar08_shifted_scale,0.8,100,4,adaptive_joint_nominal,0.984192,0.7847236180904522,37.96847347441472,39.458500213456844,0.4077409207440078,0.6637211695840973,0.9868419677987577
ar08_shifted_scale,0.8,100,5,shared_oas,0.644076,0.5133668341708543,33.302407084705216,37.9514224669916,0.44576482260208294,0.6282565341356783,1.0217503532439205
ar08_shifted_scale,0.8,100,5,peer_nominal,0.7099799999999999,0.5276381909547738,33.302407084705216,37.9514224669916,0.44576482260208294,0.6282565341356783,1.0217503532439205
ar08_shifted_scale,0.8,100,5,peer_shrunk_nominal,0.667832,0.5099497487437186,33.302407084705216,37.9514224669916,0.44576482260208294,0.6282565341356783,1.0217503532439205
ar08_shifted_scale,0.8,100,5,peer_cov_ess,0.651848,0.5161809045226131,33.302407084705216,37.9514224669916,0.44576482260208294,0.6282565341356783,1.0217503532439205
ar08_shifted_scale,0.8,100,5,adaptive_cov_ess,0.695692,0.5250251256281407,33.302407084705216,37.9514224669916,0.44576482260208294,0.6282565341356783,1.0217503532439205
ar08_shifted_scale,0.8,100,5,adaptive_nominal,0.738088,0.5380904522613066,33.302407084705216,37.9514224669916,0.44576482260208294,0.6282565341356783,1.0217503532439205
ar08_shifted_scale,0.8,100,5,adaptive_joint_nominal,0.703168,0.5268341708542713,33.302407084705216,37.9514224669916,0.44576482260208294,0.6282565341356783,1.0217503532439205
ar08_shifted_scale,0.8,100,6,shared_oas,0.8240480000000001,0.5453266331658292,36.111795779343666,37.671878423315945,0.4141870939409331,0.5960153238209618,0.9782105150729676
ar08_shifted_scale,0.8,100,6,peer_nominal,0.786176,0.5503517587939698,36.111795779343666,37.671878423315945,0.4141870939409331,0.5960153238209618,0.9782105150729676
ar08_shifted_scale,0.8,100,6,peer_shrunk_nominal,0.8256159999999999,0.5557788944723618,36.111795779343666,37.671878423315945,0.4141870939409331,0.5960153238209618,0.9782105150729676
ar08_shifted_scale,0.8,100,6,peer_cov_ess,0.670636,0.5238190954773869,36.111795779343666,37.671878423315945,0.4141870939409331,0.5960153238209618,0.9782105150729676
ar08_shifted_scale,0.8,100,6,adaptive_cov_ess,0.8414280000000001,0.5921608040201005,36.111795779343666,37.671878423315945,0.4141870939409331,0.5960153238209618,0.9782105150729676
ar08_shifted_scale,0.8,100,6,adaptive_nominal,0.893376,0.6365829145728643,36.111795779343666,37.671878423315945,0.4141870939409331,0.5960153238209618,0.9782105150729676
ar08_shifted_scale,0.8,100,6,adaptive_joint_nominal,0.918836,0.6588944723618091,36.111795779343666,37.671878423315945,0.4141870939409331,0.5960153238209618,0.9782105150729676
ar08_shifted_scale,0.8,100,7,shared_oas,0.8322080000000001,0.5380904522613066,29.03527755881427,37.9070089688312,0.4413058130483849,0.49233523691843123,1.0070763480667309
ar08_shifted_scale,0.8,100,7,peer_nominal,0.854624,0.538894472361809,29.03527755881427,37.9070089688312,0.4413058130483849,0.49233523691843123,1.0070763480667309
ar08_shifted_scale,0.8,100,7,peer_shrunk_nominal,0.848828,0.5435175879396985,29.03527755881427,37.9070089688312,0.4413058130483849,0.49233523691843123,1.0070763480667309
ar08_shifted_scale,0.8,100,7,peer_cov_ess,0.701616,0.5107537688442211,29.03527755881427,37.9070089688312,0.4413058130483849,0.49233523691843123,1.0070763480667309
ar08_shifted_scale,0.8,100,7,adaptive_cov_ess,0.819172,0.5274371859296483,29.03527755881427,37.9070089688312,0.4413058130483849,0.49233523691843123,1.0070763480667309
ar08_shifted_scale,0.8,100,7,adaptive_nominal,0.917,0.6062311557788944,29.03527755881427,37.9070089688312,0.4413058130483849,0.49233523691843123,1.0070763480667309
ar08_shifted_scale,0.8,100,7,adaptive_joint_nominal,0.9116120000000001,0.60321608040201,29.03527755881427,37.9070089688312,0.4413058130483849,0.49233523691843123,1.0070763480667309
ar08_shifted_scale,0.8,100,8,shared_oas,0.848292,0.5652261306532663,42.70440067085504,44.49272904928233,0.4581732943963479,0.6920326765777519,1.0146922627917292
ar08_shifted_scale,0.8,100,8,peer_nominal,0.8294199999999999,0.5487437185929648,42.70440067085504,44.49272904928233,0.4581732943963479,0.6920326765777519,1.0146922627917292
ar08_shifted_scale,0.8,100,8,peer_shrunk_nominal,0.8544959999999999,0.5730653266331658,42.70440067085504,44.49272904928233,0.4581732943963479,0.6920326765777519,1.0146922627917292
ar08_shifted_scale,0.8,100,8,peer_cov_ess,0.755704,0.5262311557788945,42.70440067085504,44.49272904928233,0.4581732943963479,0.6920326765777519,1.0146922627917292
ar08_shifted_scale,0.8,100,8,adaptive_cov_ess,0.832304,0.5449246231155779,42.70440067085504,44.49272904928233,0.4581732943963479,0.6920326765777519,1.0146922627917292
ar08_shifted_scale,0.8,100,8,adaptive_nominal,0.871836,0.5909547738693467,42.70440067085504,44.49272904928233,0.4581732943963479,0.6920326765777519,1.0146922627917292
ar08_shifted_scale,0.8,100,8,adaptive_joint_nominal,0.895652,0.6196984924623116,42.70440067085504,44.49272904928233,0.4581732943963479,0.6920326765777519,1.0146922627917292
ar08_shifted_scale,0.8,100,9,shared_oas,0.857796,0.5616080402010051,31.75972155351268,32.38862077728688,0.3969738211532068,0.581500634720686,0.97447300665776
ar08_shifted_scale,0.8,100,9,peer_nominal,0.853992,0.5690452261306532,31.75972155351268,32.38862077728688,0.3969738211532068,0.581500634720686,0.97447300665776
ar08_shifted_scale,0.8,100,9,peer_shrunk_nominal,0.868328,0.5712562814070352,31.75972155351268,32.38862077728688,0.3969738211532068,0.581500634720686,0.97447300665776
ar08_shifted_scale,0.8,100,9,peer_cov_ess,0.7654679999999999,0.538894472361809,31.75972155351268,32.38862077728688,0.3969738211532068,0.581500634720686,0.97447300665776
ar08_shifted_scale,0.8,100,9,adaptive_cov_ess,0.8563079999999998,0.5893467336683417,31.75972155351268,32.38862077728688,0.3969738211532068,0.581500634720686,0.97447300665776
ar08_shifted_scale,0.8,100,9,adaptive_nominal,0.902408,0.6203015075376884,31.75972155351268,32.38862077728688,0.3969738211532068,0.581500634720686,0.97447300665776
ar08_shifted_scale,0.8,100,9,adaptive_joint_nominal,0.917152,0.6665326633165829,31.75972155351268,32.38862077728688,0.3969738211532068,0.581500634720686,0.97447300665776
ar08_shifted_scale,0.8,100,10,shared_oas,0.844396,0.5173869346733668,33.78212643541006,31.540235469651776,0.46920184984522995,0.573167119397386,0.9890314277616117
ar08_shifted_scale,0.8,100,10,peer_nominal,0.834544,0.5177889447236181,33.78212643541006,31.540235469651776,0.46920184984522995,0.573167119397386,0.9890314277616117
ar08_shifted_scale,0.8,100,10,peer_shrunk_nominal,0.8469319999999999,0.5179899497487437,33.78212643541006,31.540235469651776,0.46920184984522995,0.573167119397386,0.9890314277616117
ar08_shifted_scale,0.8,100,10,peer_cov_ess,0.704716,0.5041206030150753,33.78212643541006,31.540235469651776,0.46920184984522995,0.573167119397386,0.9890314277616117
ar08_shifted_scale,0.8,100,10,adaptive_cov_ess,0.8754640000000001,0.5796984924623115,33.78212643541006,31.540235469651776,0.46920184984522995,0.573167119397386,0.9890314277616117
ar08_shifted_scale,0.8,100,10,adaptive_nominal,0.9408920000000001,0.6840201005025126,33.78212643541006,31.540235469651776,0.46920184984522995,0.573167119397386,0.9890314277616117
ar08_shifted_scale,0.8,100,10,adaptive_joint_nominal,0.948256,0.6928643216080401,33.78212643541006,31.540235469651776,0.46920184984522995,0.573167119397386,0.9890314277616117
ar08_shifted_scale,0.8,100,11,shared_oas,0.869092,0.544321608040201,36.786868832135546,42.1275427712601,0.4372604511515164,0.5189132525738203,1.0345818641574387
ar08_shifted_scale,0.8,100,11,peer_nominal,0.881292,0.558391959798995,36.786868832135546,42.1275427712601,0.4372604511515164,0.5189132525738203,1.0345818641574387
ar08_shifted_scale,0.8,100,11,peer_shrunk_nominal,0.890896,0.5658291457286432,36.786868832135546,42.1275427712601,0.4372604511515164,0.5189132525738203,1.0345818641574387
ar08_shifted_scale,0.8,100,11,peer_cov_ess,0.7798639999999999,0.5306532663316583,36.786868832135546,42.1275427712601,0.4372604511515164,0.5189132525738203,1.0345818641574387
ar08_shifted_scale,0.8,100,11,adaptive_cov_ess,0.914336,0.6082412060301507,36.786868832135546,42.1275427712601,0.4372604511515164,0.5189132525738203,1.0345818641574387
ar08_shifted_scale,0.8,100,11,adaptive_nominal,0.96028,0.7266331658291457,36.786868832135546,42.1275427712601,0.4372604511515164,0.5189132525738203,1.0345818641574387
ar08_shifted_scale,0.8,100,11,adaptive_joint_nominal,0.9635839999999999,0.7457286432160803,36.786868832135546,42.1275427712601,0.4372604511515164,0.5189132525738203,1.0345818641574387
ar08_shifted_scale,0.8,100,12,shared_oas,0.968456,0.6397989949748744,36.772712088858476,44.468134181487116,0.39885049212453283,0.6830584163103652,0.9503967602264461
ar08_shifted_scale,0.8,100,12,peer_nominal,0.977576,0.6964824120603015,36.772712088858476,44.468134181487116,0.39885049212453283,0.6830584163103652,0.9503967602264461
ar08_shifted_scale,0.8,100,12,peer_shrunk_nominal,0.9776119999999999,0.6711557788944723,36.772712088858476,44.468134181487116,0.39885049212453283,0.6830584163103652,0.9503967602264461
ar08_shifted_scale,0.8,100,12,peer_cov_ess,0.9004639999999999,0.549748743718593,36.772712088858476,44.468134181487116,0.39885049212453283,0.6830584163103652,0.9503967602264461
ar08_shifted_scale,0.8,100,12,adaptive_cov_ess,0.994128,0.9045226130653266,36.772712088858476,44.468134181487116,0.39885049212453283,0.6830584163103652,0.9503967602264461
ar08_shifted_scale,0.8,100,12,adaptive_nominal,0.998516,0.9680402010050251,36.772712088858476,44.468134181487116,0.39885049212453283,0.6830584163103652,0.9503967602264461
ar08_shifted_scale,0.8,100,12,adaptive_joint_nominal,0.998552,0.9630150753768845,36.772712088858476,44.468134181487116,0.39885049212453283,0.6830584163103652,0.9503967602264461
ar08_shifted_scale,0.8,100,13,shared_oas,0.9462,0.5559798994974875,36.30605155850591,36.81393657352265,0.4588792300995217,0.656692463448104,0.9765259170451421
ar08_shifted_scale,0.8,100,13,peer_nominal,0.940868,0.5581909547738694,36.30605155850591,36.81393657352265,0.4588792300995217,0.656692463448104,0.9765259170451421
ar08_shifted_scale,0.8,100,13,peer_shrunk_nominal,0.9457559999999999,0.5664321608040201,36.30605155850591,36.81393657352265,0.4588792300995217,0.656692463448104,0.9765259170451421
ar08_shifted_scale,0.8,100,13,peer_cov_ess,0.8065760000000001,0.5081407035175879,36.30605155850591,36.81393657352265,0.4588792300995217,0.656692463448104,0.9765259170451421
ar08_shifted_scale,0.8,100,13,adaptive_cov_ess,0.969628,0.6769849246231155,36.30605155850591,36.81393657352265,0.4588792300995217,0.656692463448104,0.9765259170451421
ar08_shifted_scale,0.8,100,13,adaptive_nominal,0.9918159999999999,0.8301507537688442,36.30605155850591,36.81393657352265,0.4588792300995217,0.656692463448104,0.9765259170451421
ar08_shifted_scale,0.8,100,13,adaptive_joint_nominal,0.9930399999999999,0.8379899497487437,36.30605155850591,36.81393657352265,0.4588792300995217,0.656692463448104,0.9765259170451421
ar08_shifted_scale,0.8,100,14,shared_oas,0.885736,0.6277386934673367,33.73162070336515,42.47479882191257,0.4121169399533233,0.5563931924221804,1.031349787683292
ar08_shifted_scale,0.8,100,14,peer_nominal,0.871644,0.6152763819095477,33.73162070336515,42.47479882191257,0.4121169399533233,0.5563931924221804,1.031349787683292
ar08_shifted_scale,0.8,100,14,peer_shrunk_nominal,0.889452,0.6426130653266332,33.73162070336515,42.47479882191257,0.4121169399533233,0.5563931924221804,1.031349787683292
ar08_shifted_scale,0.8,100,14,peer_cov_ess,0.777844,0.5423115577889447,33.73162070336515,42.47479882191257,0.4121169399533233,0.5563931924221804,1.031349787683292
ar08_shifted_scale,0.8,100,14,adaptive_cov_ess,0.8763880000000001,0.5963819095477387,33.73162070336515,42.47479882191257,0.4121169399533233,0.5563931924221804,1.031349787683292
ar08_shifted_scale,0.8,100,14,adaptive_nominal,0.918656,0.664321608040201,33.73162070336515,42.47479882191257,0.4121169399533233,0.5563931924221804,1.031349787683292
ar08_shifted_scale,0.8,100,14,adaptive_joint_nominal,0.931604,0.6946733668341709,33.73162070336515,42.47479882191257,0.4121169399533233,0.5563931924221804,1.031349787683292
ar08_shifted_scale,0.8,100,15,shared_oas,0.8928039999999999,0.5419095477386935,35.22650170395524,38.65739707514487,0.4286791571469811,0.6726991535130342,1.0014582696270098
ar08_shifted_scale,0.8,100,15,peer_nominal,0.889516,0.5248241206030151,35.22650170395524,38.65739707514487,0.4286791571469811,0.6726991535130342,1.0014582696270098
ar08_shifted_scale,0.8,100,15,peer_shrunk_nominal,0.8957520000000001,0.5700502512562814,35.22650170395524,38.65739707514487,0.4286791571469811,0.6726991535130342,1.0014582696270098
ar08_shifted_scale,0.8,100,15,peer_cov_ess,0.790712,0.5083417085427135,35.22650170395524,38.65739707514487,0.4286791571469811,0.6726991535130342,1.0014582696270098
ar08_shifted_scale,0.8,100,15,adaptive_cov_ess,0.9402719999999999,0.617286432160804,35.22650170395524,38.65739707514487,0.4286791571469811,0.6726991535130342,1.0014582696270098
ar08_shifted_scale,0.8,100,15,adaptive_nominal,0.96214,0.72,35.22650170395524,38.65739707514487,0.4286791571469811,0.6726991535130342,1.0014582696270098
ar08_shifted_scale,0.8,100,15,adaptive_joint_nominal,0.9689200000000001,0.810251256281407,35.22650170395524,38.65739707514487,0.4286791571469811,0.6726991535130342,1.0014582696270098
ar08_shifted_scale,0.8,100,16,shared_oas,0.727208,0.5374874371859296,35.63177921808272,42.065487365220676,0.4244034523528949,0.5041192463143,1.0234670256366323
ar08_shifted_scale,0.8,100,16,peer_nominal,0.720696,0.5284422110552763,35.63177921808272,42.065487365220676,0.4244034523528949,0.5041192463143,1.0234670256366323
ar08_shifted_scale,0.8,100,16,peer_shrunk_nominal,0.702056,0.5350753768844221,35.63177921808272,42.065487365220676,0.4244034523528949,0.5041192463143,1.0234670256366323
ar08_shifted_scale,0.8,100,16,peer_cov_ess,0.6618879999999998,0.5218090452261307,35.63177921808272,42.065487365220676,0.4244034523528949,0.5041192463143,1.0234670256366323
ar08_shifted_scale,0.8,100,16,adaptive_cov_ess,0.7214640000000001,0.544321608040201,35.63177921808272,42.065487365220676,0.4244034523528949,0.5041192463143,1.0234670256366323
ar08_shifted_scale,0.8,100,16,adaptive_nominal,0.7680240000000002,0.5569849246231156,35.63177921808272,42.065487365220676,0.4244034523528949,0.5041192463143,1.0234670256366323
ar08_shifted_scale,0.8,100,16,adaptive_joint_nominal,0.748176,0.5716582914572864,35.63177921808272,42.065487365220676,0.4244034523528949,0.5041192463143,1.0234670256366323
ar08_shifted_scale,0.8,100,17,shared_oas,0.7238039999999999,0.5308542713567839,35.42595006481353,42.52021685857564,0.42379941286382117,0.532731710640917,0.9711177400106095
ar08_shifted_scale,0.8,100,17,peer_nominal,0.754152,0.5463316582914572,35.42595006481353,42.52021685857564,0.42379941286382117,0.532731710640917,0.9711177400106095
ar08_shifted_scale,0.8,100,17,peer_shrunk_nominal,0.7199040000000001,0.528643216080402,35.42595006481353,42.52021685857564,0.42379941286382117,0.532731710640917,0.9711177400106095
ar08_shifted_scale,0.8,100,17,peer_cov_ess,0.691028,0.5260301507537688,35.42595006481353,42.52021685857564,0.42379941286382117,0.532731710640917,0.9711177400106095
ar08_shifted_scale,0.8,100,17,adaptive_cov_ess,0.724136,0.5191959798994975,35.42595006481353,42.52021685857564,0.42379941286382117,0.532731710640917,0.9711177400106095
ar08_shifted_scale,0.8,100,17,adaptive_nominal,0.7839759999999999,0.5505527638190955,35.42595006481353,42.52021685857564,0.42379941286382117,0.532731710640917,0.9711177400106095
ar08_shifted_scale,0.8,100,17,adaptive_joint_nominal,0.75282,0.5294472361809045,35.42595006481353,42.52021685857564,0.42379941286382117,0.532731710640917,0.9711177400106095
ar08_shifted_scale,0.8,100,18,shared_oas,0.9313720000000001,0.6198994974874372,33.25575896792806,44.415342557276915,0.3897187275353081,0.5273016378695505,1.0160688210434148
ar08_shifted_scale,0.8,100,18,peer_nominal,0.924208,0.6454271356783919,33.25575896792806,44.415342557276915,0.3897187275353081,0.5273016378695505,1.0160688210434148
ar08_shifted_scale,0.8,100,18,peer_shrunk_nominal,0.9227119999999999,0.613467336683417,33.25575896792806,44.415342557276915,0.3897187275353081,0.5273016378695505,1.0160688210434148
ar08_shifted_scale,0.8,100,18,peer_cov_ess,0.778356,0.5435175879396985,33.25575896792806,44.415342557276915,0.3897187275353081,0.5273016378695505,1.0160688210434148
ar08_shifted_scale,0.8,100,18,adaptive_cov_ess,0.94446,0.7033165829145729,33.25575896792806,44.415342557276915,0.3897187275353081,0.5273016378695505,1.0160688210434148
ar08_shifted_scale,0.8,100,18,adaptive_nominal,0.980944,0.8150753768844221,33.25575896792806,44.415342557276915,0.3897187275353081,0.5273016378695505,1.0160688210434148
ar08_shifted_scale,0.8,100,18,adaptive_joint_nominal,0.980548,0.8080402010050252,33.25575896792806,44.415342557276915,0.3897187275353081,0.5273016378695505,1.0160688210434148
ar08_shifted_scale,0.8,100,19,shared_oas,0.805992,0.5175879396984925,32.207063009796535,37.079016479631065,0.3963721719816688,0.690303858445349,1.0071401679305905
ar08_shifted_scale,0.8,100,19,peer_nominal,0.8135640000000002,0.5310552763819095,32.207063009796535,37.079016479631065,0.3963721719816688,0.690303858445349,1.0071401679305905
ar08_shifted_scale,0.8,100,19,peer_shrunk_nominal,0.807328,0.5189949748743719,32.207063009796535,37.079016479631065,0.3963721719816688,0.690303858445349,1.0071401679305905
ar08_shifted_scale,0.8,100,19,peer_cov_ess,0.7246520000000001,0.5181909547738693,32.207063009796535,37.079016479631065,0.3963721719816688,0.690303858445349,1.0071401679305905
ar08_shifted_scale,0.8,100,19,adaptive_cov_ess,0.8078560000000001,0.5419095477386935,32.207063009796535,37.079016479631065,0.3963721719816688,0.690303858445349,1.0071401679305905
ar08_shifted_scale,0.8,100,19,adaptive_nominal,0.872008,0.5919597989949749,32.207063009796535,37.079016479631065,0.3963721719816688,0.690303858445349,1.0071401679305905
ar08_shifted_scale,0.8,100,19,adaptive_joint_nominal,0.8685600000000001,0.5732663316582914,32.207063009796535,37.079016479631065,0.3963721719816688,0.690303858445349,1.0071401679305905
ar08_shifted_scale,0.8,100,20,shared_oas,0.8197679999999998,0.5300502512562814,35.729714411017916,42.90783304533459,0.3987885002969533,0.6090625150696434,1.0279508173384637
ar08_shifted_scale,0.8,100,20,peer_nominal,0.885224,0.5652261306532663,35.729714411017916,42.90783304533459,0.3987885002969533,0.6090625150696434,1.0279508173384637
ar08_shifted_scale,0.8,100,20,peer_shrunk_nominal,0.888924,0.5646231155778895,35.729714411017916,42.90783304533459,0.3987885002969533,0.6090625150696434,1.0279508173384637
ar08_shifted_scale,0.8,100,20,peer_cov_ess,0.7695639999999999,0.52,35.729714411017916,42.90783304533459,0.3987885002969533,0.6090625150696434,1.0279508173384637
ar08_shifted_scale,0.8,100,20,adaptive_cov_ess,0.9109879999999999,0.6060301507537689,35.729714411017916,42.90783304533459,0.3987885002969533,0.6090625150696434,1.0279508173384637
ar08_shifted_scale,0.8,100,20,adaptive_nominal,0.954984,0.701105527638191,35.729714411017916,42.90783304533459,0.3987885002969533,0.6090625150696434,1.0279508173384637
ar08_shifted_scale,0.8,100,20,adaptive_joint_nominal,0.959304,0.7543718592964824,35.729714411017916,42.90783304533459,0.3987885002969533,0.6090625150696434,1.0279508173384637
ar08_shifted_scale,0.8,100,21,shared_oas,0.914328,0.5555778894472362,34.76136531677711,36.0654290718813,0.36920026057189126,0.7235095217157461,1.0573374625303122
ar08_shifted_scale,0.8,100,21,peer_nominal,0.8971559999999998,0.5455276381909547,34.76136531677711,36.0654290718813,0.36920026057189126,0.7235095217157461,1.0573374625303122
ar08_shifted_scale,0.8,100,21,peer_shrunk_nominal,0.9155920000000001,0.5519597989949748,34.76136531677711,36.0654290718813,0.36920026057189126,0.7235095217157461,1.0573374625303122
ar08_shifted_scale,0.8,100,21,peer_cov_ess,0.7992199999999999,0.5248241206030151,34.76136531677711,36.0654290718813,0.36920026057189126,0.7235095217157461,1.0573374625303122
ar08_shifted_scale,0.8,100,21,adaptive_cov_ess,0.894412,0.5551758793969849,34.76136531677711,36.0654290718813,0.36920026057189126,0.7235095217157461,1.0573374625303122
ar08_shifted_scale,0.8,100,21,adaptive_nominal,0.946004,0.6285427135678392,34.76136531677711,36.0654290718813,0.36920026057189126,0.7235095217157461,1.0573374625303122
ar08_shifted_scale,0.8,100,21,adaptive_joint_nominal,0.9564920000000001,0.6438190954773869,34.76136531677711,36.0654290718813,0.36920026057189126,0.7235095217157461,1.0573374625303122
ar08_shifted_scale,0.8,100,22,shared_oas,0.920312,0.5557788944723618,34.381165312041304,52.553813293700316,0.44617730190126303,0.6871415111001885,0.9920741447255141
ar08_shifted_scale,0.8,100,22,peer_nominal,0.916424,0.5489447236180904,34.381165312041304,52.553813293700316,0.44617730190126303,0.6871415111001885,0.9920741447255141
ar08_shifted_scale,0.8,100,22,peer_shrunk_nominal,0.9264079999999999,0.5563819095477387,34.381165312041304,52.553813293700316,0.44617730190126303,0.6871415111001885,0.9920741447255141
ar08_shifted_scale,0.8,100,22,peer_cov_ess,0.794444,0.518391959798995,34.381165312041304,52.553813293700316,0.44617730190126303,0.6871415111001885,0.9920741447255141
ar08_shifted_scale,0.8,100,22,adaptive_cov_ess,0.944792,0.5873366834170854,34.381165312041304,52.553813293700316,0.44617730190126303,0.6871415111001885,0.9920741447255141
ar08_shifted_scale,0.8,100,22,adaptive_nominal,0.979424,0.7302512562814071,34.381165312041304,52.553813293700316,0.44617730190126303,0.6871415111001885,0.9920741447255141
ar08_shifted_scale,0.8,100,22,adaptive_joint_nominal,0.981756,0.7481407035175879,34.381165312041304,52.553813293700316,0.44617730190126303,0.6871415111001885,0.9920741447255141
ar08_shifted_scale,0.8,100,23,shared_oas,0.837524,0.5238190954773869,33.505350101616145,38.105707472700956,0.3870095556364824,0.5550759255482602,0.9830163753085532
ar08_shifted_scale,0.8,100,23,peer_nominal,0.8276399999999999,0.5127638190954774,33.505350101616145,38.105707472700956,0.3870095556364824,0.5550759255482602,0.9830163753085532
ar08_shifted_scale,0.8,100,23,peer_shrunk_nominal,0.834332,0.5193969849246232,33.505350101616145,38.105707472700956,0.3870095556364824,0.5550759255482602,0.9830163753085532
ar08_shifted_scale,0.8,100,23,peer_cov_ess,0.758956,0.5077386934673367,33.505350101616145,38.105707472700956,0.3870095556364824,0.5550759255482602,0.9830163753085532
ar08_shifted_scale,0.8,100,23,adaptive_cov_ess,0.84196,0.5181909547738693,33.505350101616145,38.105707472700956,0.3870095556364824,0.5550759255482602,0.9830163753085532
ar08_shifted_scale,0.8,100,23,adaptive_nominal,0.8783239999999999,0.5316582914572864,33.505350101616145,38.105707472700956,0.3870095556364824,0.5550759255482602,0.9830163753085532
ar08_shifted_scale,0.8,100,23,adaptive_joint_nominal,0.888856,0.5437185929648242,33.505350101616145,38.105707472700956,0.3870095556364824,0.5550759255482602,0.9830163753085532
ar08_shifted_scale,0.8,100,24,shared_oas,0.71262,0.507537688442211,35.98767387166813,40.711658709845956,0.36434229603185914,0.6394745820634193,0.9687898224474301
ar08_shifted_scale,0.8,100,24,peer_nominal,0.7987040000000001,0.5131658291457286,35.98767387166813,40.711658709845956,0.36434229603185914,0.6394745820634193,0.9687898224474301
ar08_shifted_scale,0.8,100,24,peer_shrunk_nominal,0.771732,0.5081407035175879,35.98767387166813,40.711658709845956,0.36434229603185914,0.6394745820634193,0.9687898224474301
ar08_shifted_scale,0.8,100,24,peer_cov_ess,0.702836,0.5083417085427135,35.98767387166813,40.711658709845956,0.36434229603185914,0.6394745820634193,0.9687898224474301
ar08_shifted_scale,0.8,100,24,adaptive_cov_ess,0.80352,0.5113567839195979,35.98767387166813,40.711658709845956,0.36434229603185914,0.6394745820634193,0.9687898224474301
ar08_shifted_scale,0.8,100,24,adaptive_nominal,0.855224,0.5204020100502512,35.98767387166813,40.711658709845956,0.36434229603185914,0.6394745820634193,0.9687898224474301
ar08_shifted_scale,0.8,100,24,adaptive_joint_nominal,0.821272,0.527035175879397,35.98767387166813,40.711658709845956,0.36434229603185914,0.6394745820634193,0.9687898224474301
ar08_shifted_scale,0.8,100,25,shared_oas,0.953396,0.6641206030150754,36.301798122193844,41.23703510876526,0.40064845838549507,0.5743287209829492,0.9744290694747648
ar08_shifted_scale,0.8,100,25,peer_nominal,0.9543079999999999,0.650854271356784,36.301798122193844,41.23703510876526,0.40064845838549507,0.5743287209829492,0.9744290694747648
ar08_shifted_scale,0.8,100,25,peer_shrunk_nominal,0.9553320000000001,0.652462311557789,36.301798122193844,41.23703510876526,0.40064845838549507,0.5743287209829492,0.9744290694747648
ar08_shifted_scale,0.8,100,25,peer_cov_ess,0.856736,0.5425125628140703,36.301798122193844,41.23703510876526,0.40064845838549507,0.5743287209829492,0.9744290694747648
ar08_shifted_scale,0.8,100,25,adaptive_cov_ess,0.95384,0.6986934673366835,36.301798122193844,41.23703510876526,0.40064845838549507,0.5743287209829492,0.9744290694747648
ar08_shifted_scale,0.8,100,25,adaptive_nominal,0.9855039999999999,0.8500502512562814,36.301798122193844,41.23703510876526,0.40064845838549507,0.5743287209829492,0.9744290694747648
ar08_shifted_scale,0.8,100,25,adaptive_joint_nominal,0.985428,0.8484422110552764,36.301798122193844,41.23703510876526,0.40064845838549507,0.5743287209829492,0.9744290694747648
ar08_shifted_scale,0.8,100,26,shared_oas,0.8932640000000001,0.5813065326633166,36.94639532776335,48.62063648515391,0.4372330084075774,0.688011755590549,1.0094695615643139
ar08_shifted_scale,0.8,100,26,peer_nominal,0.8457199999999999,0.5214070351758794,36.94639532776335,48.62063648515391,0.4372330084075774,0.688011755590549,1.0094695615643139
ar08_shifted_scale,0.8,100,26,peer_shrunk_nominal,0.895224,0.5499497487437186,36.94639532776335,48.62063648515391,0.4372330084075774,0.688011755590549,1.0094695615643139
ar08_shifted_scale,0.8,100,26,peer_cov_ess,0.775676,0.5111557788944724,36.94639532776335,48.62063648515391,0.4372330084075774,0.688011755590549,1.0094695615643139
ar08_shifted_scale,0.8,100,26,adaptive_cov_ess,0.848564,0.5204020100502512,36.94639532776335,48.62063648515391,0.4372330084075774,0.688011755590549,1.0094695615643139
ar08_shifted_scale,0.8,100,26,adaptive_nominal,0.869084,0.5382914572864321,36.94639532776335,48.62063648515391,0.4372330084075774,0.688011755590549,1.0094695615643139
ar08_shifted_scale,0.8,100,26,adaptive_joint_nominal,0.9111119999999999,0.5764824120603015,36.94639532776335,48.62063648515391,0.4372330084075774,0.688011755590549,1.0094695615643139
ar08_shifted_scale,0.8,100,27,shared_oas,0.72596,0.5039195979899498,39.49854803205904,40.29879231388003,0.4888767940766883,0.7168600948183135,0.9552548814296218
ar08_shifted_scale,0.8,100,27,peer_nominal,0.7151479999999999,0.5029145728643216,39.49854803205904,40.29879231388003,0.4888767940766883,0.7168600948183135,0.9552548814296218
ar08_shifted_scale,0.8,100,27,peer_shrunk_nominal,0.735776,0.5051256281407035,39.49854803205904,40.29879231388003,0.4888767940766883,0.7168600948183135,0.9552548814296218
ar08_shifted_scale,0.8,100,27,peer_cov_ess,0.656156,0.5025125628140703,39.49854803205904,40.29879231388003,0.4888767940766883,0.7168600948183135,0.9552548814296218
ar08_shifted_scale,0.8,100,27,adaptive_cov_ess,0.761712,0.5129648241206031,39.49854803205904,40.29879231388003,0.4888767940766883,0.7168600948183135,0.9552548814296218
ar08_shifted_scale,0.8,100,27,adaptive_nominal,0.7971760000000001,0.5208040201005025,39.49854803205904,40.29879231388003,0.4888767940766883,0.7168600948183135,0.9552548814296218
ar08_shifted_scale,0.8,100,27,adaptive_joint_nominal,0.814772,0.5234170854271357,39.49854803205904,40.29879231388003,0.4888767940766883,0.7168600948183135,0.9552548814296218
ar08_shifted_scale,0.8,100,28,shared_oas,0.813368,0.5099497487437186,37.3154332178127,39.372798031095016,0.4543183436293281,0.6058138254361966,0.9722811745037316
ar08_shifted_scale,0.8,100,28,peer_nominal,0.7871239999999999,0.5191959798994975,37.3154332178127,39.372798031095016,0.4543183436293281,0.6058138254361966,0.9722811745037316
ar08_shifted_scale,0.8,100,28,peer_shrunk_nominal,0.7842800000000001,0.5095477386934674,37.3154332178127,39.372798031095016,0.4543183436293281,0.6058138254361966,0.9722811745037316
ar08_shifted_scale,0.8,100,28,peer_cov_ess,0.716536,0.5137688442211056,37.3154332178127,39.372798031095016,0.4543183436293281,0.6058138254361966,0.9722811745037316
ar08_shifted_scale,0.8,100,28,adaptive_cov_ess,0.773832,0.5240201005025126,37.3154332178127,39.372798031095016,0.4543183436293281,0.6058138254361966,0.9722811745037316
ar08_shifted_scale,0.8,100,28,adaptive_nominal,0.8245640000000001,0.5382914572864321,37.3154332178127,39.372798031095016,0.4543183436293281,0.6058138254361966,0.9722811745037316
ar08_shifted_scale,0.8,100,28,adaptive_joint_nominal,0.820764,0.5250251256281407,37.3154332178127,39.372798031095016,0.4543183436293281,0.6058138254361966,0.9722811745037316
ar08_shifted_scale,0.8,100,29,shared_oas,0.933684,0.5503517587939698,34.88968961172791,44.991753535029204,0.4411404154736334,0.6758883015028858,1.0162748818809049
ar08_shifted_scale,0.8,100,29,peer_nominal,0.903944,0.5354773869346734,34.88968961172791,44.991753535029204,0.4411404154736334,0.6758883015028858,1.0162748818809049
ar08_shifted_scale,0.8,100,29,peer_shrunk_nominal,0.93566,0.5511557788944723,34.88968961172791,44.991753535029204,0.4411404154736334,0.6758883015028858,1.0162748818809049
ar08_shifted_scale,0.8,100,29,peer_cov_ess,0.797632,0.5141708542713568,34.88968961172791,44.991753535029204,0.4411404154736334,0.6758883015028858,1.0162748818809049
ar08_shifted_scale,0.8,100,29,adaptive_cov_ess,0.904768,0.5364824120603016,34.88968961172791,44.991753535029204,0.4411404154736334,0.6758883015028858,1.0162748818809049
ar08_shifted_scale,0.8,100,29,adaptive_nominal,0.948632,0.5997989949748743,34.88968961172791,44.991753535029204,0.4411404154736334,0.6758883015028858,1.0162748818809049
ar08_shifted_scale,0.8,100,29,adaptive_joint_nominal,0.97042,0.6359798994974875,34.88968961172791,44.991753535029204,0.4411404154736334,0.6758883015028858,1.0162748818809049
ar08_shifted_scale,0.8,100,30,shared_oas,0.914744,0.5919597989949749,36.96561109271326,40.08382104974253,0.45132802339564676,0.6868256523318421,1.0206730740301584
ar08_shifted_scale,0.8,100,30,peer_nominal,0.903756,0.5668341708542713,36.96561109271326,40.08382104974253,0.45132802339564676,0.6868256523318421,1.0206730740301584
ar08_shifted_scale,0.8,100,30,peer_shrunk_nominal,0.899016,0.5746733668341708,36.96561109271326,40.08382104974253,0.45132802339564676,0.6868256523318421,1.0206730740301584
ar08_shifted_scale,0.8,100,30,peer_cov_ess,0.785976,0.5195979899497487,36.96561109271326,40.08382104974253,0.45132802339564676,0.6868256523318421,1.0206730740301584
ar08_shifted_scale,0.8,100,30,adaptive_cov_ess,0.910572,0.5766834170854271,36.96561109271326,40.08382104974253,0.45132802339564676,0.6868256523318421,1.0206730740301584
ar08_shifted_scale,0.8,100,30,adaptive_nominal,0.9618599999999999,0.7185929648241206,36.96561109271326,40.08382104974253,0.45132802339564676,0.6868256523318421,1.0206730740301584
ar08_shifted_scale,0.8,100,30,adaptive_joint_nominal,0.9595159999999999,0.7284422110552764,36.96561109271326,40.08382104974253,0.45132802339564676,0.6868256523318421,1.0206730740301584
ar08_shifted_scale,0.8,100,31,shared_oas,0.6688400000000001,0.5163819095477387,39.090016197361905,40.54060853812478,0.4633653590447607,0.6177958622166181,1.0301365191569434
ar08_shifted_scale,0.8,100,31,peer_nominal,0.6492119999999999,0.52,39.090016197361905,40.54060853812478,0.4633653590447607,0.6177958622166181,1.0301365191569434
ar08_shifted_scale,0.8,100,31,peer_shrunk_nominal,0.685736,0.5135678391959799,39.090016197361905,40.54060853812478,0.4633653590447607,0.6177958622166181,1.0301365191569434
ar08_shifted_scale,0.8,100,31,peer_cov_ess,0.595172,0.5069346733668342,39.090016197361905,40.54060853812478,0.4633653590447607,0.6177958622166181,1.0301365191569434
ar08_shifted_scale,0.8,100,31,adaptive_cov_ess,0.681608,0.5204020100502512,39.090016197361905,40.54060853812478,0.4633653590447607,0.6177958622166181,1.0301365191569434
ar08_shifted_scale,0.8,100,31,adaptive_nominal,0.7308479999999999,0.5455276381909547,39.090016197361905,40.54060853812478,0.4633653590447607,0.6177958622166181,1.0301365191569434
ar08_shifted_scale,0.8,100,31,adaptive_joint_nominal,0.7720120000000001,0.5463316582914572,39.090016197361905,40.54060853812478,0.4633653590447607,0.6177958622166181,1.0301365191569434
ar08_shifted_scale,0.8,100,32,shared_oas,0.6917479999999999,0.5141708542713568,38.251496051885375,45.812169917274744,0.45718622741995996,0.7803289377316645,0.9234182930047281
ar08_shifted_scale,0.8,100,32,peer_nominal,0.844912,0.5282412060301508,38.251496051885375,45.812169917274744,0.45718622741995996,0.7803289377316645,0.9234182930047281
ar08_shifted_scale,0.8,100,32,peer_shrunk_nominal,0.848224,0.5308542713567839,38.251496051885375,45.812169917274744,0.45718622741995996,0.7803289377316645,0.9234182930047281
ar08_shifted_scale,0.8,100,32,peer_cov_ess,0.7348719999999999,0.5083417085427135,38.251496051885375,45.812169917274744,0.45718622741995996,0.7803289377316645,0.9234182930047281
ar08_shifted_scale,0.8,100,32,adaptive_cov_ess,0.868228,0.5429145728643217,38.251496051885375,45.812169917274744,0.45718622741995996,0.7803289377316645,0.9234182930047281
ar08_shifted_scale,0.8,100,32,adaptive_nominal,0.9221799999999999,0.5794974874371859,38.251496051885375,45.812169917274744,0.45718622741995996,0.7803289377316645,0.9234182930047281
ar08_shifted_scale,0.8,100,32,adaptive_joint_nominal,0.9238919999999999,0.5879396984924623,38.251496051885375,45.812169917274744,0.45718622741995996,0.7803289377316645,0.9234182930047281
ar08_shifted_scale,0.8,100,33,shared_oas,0.88578,0.5163819095477387,37.20715886442037,41.19991583060306,0.34107821673746647,0.6250864878704857,1.033377756995332
ar08_shifted_scale,0.8,100,33,peer_nominal,0.8774439999999999,0.5246231155778894,37.20715886442037,41.19991583060306,0.34107821673746647,0.6250864878704857,1.033377756995332
ar08_shifted_scale,0.8,100,33,peer_shrunk_nominal,0.886764,0.5153768844221106,37.20715886442037,41.19991583060306,0.34107821673746647,0.6250864878704857,1.033377756995332
ar08_shifted_scale,0.8,100,33,peer_cov_ess,0.761152,0.5083417085427135,37.20715886442037,41.19991583060306,0.34107821673746647,0.6250864878704857,1.033377756995332
ar08_shifted_scale,0.8,100,33,adaptive_cov_ess,0.8768200000000002,0.5246231155778894,37.20715886442037,41.19991583060306,0.34107821673746647,0.6250864878704857,1.033377756995332
ar08_shifted_scale,0.8,100,33,adaptive_nominal,0.932192,0.5762814070351758,37.20715886442037,41.19991583060306,0.34107821673746647,0.6250864878704857,1.033377756995332
ar08_shifted_scale,0.8,100,33,adaptive_joint_nominal,0.939348,0.5628140703517588,37.20715886442037,41.19991583060306,0.34107821673746647,0.6250864878704857,1.033377756995332
ar08_shifted_scale,0.8,100,34,shared_oas,0.848692,0.5364824120603016,39.62464403269052,44.88113501123989,0.41024139243360647,0.7166850256116528,0.9561818326770417
ar08_shifted_scale,0.8,100,34,peer_nominal,0.8374879999999999,0.538894472361809,39.62464403269052,44.88113501123989,0.41024139243360647,0.7166850256116528,0.9561818326770417
ar08_shifted_scale,0.8,100,34,peer_shrunk_nominal,0.8490719999999999,0.5352763819095477,39.62464403269052,44.88113501123989,0.41024139243360647,0.7166850256116528,0.9561818326770417
ar08_shifted_scale,0.8,100,34,peer_cov_ess,0.7370559999999999,0.5121608040201004,39.62464403269052,44.88113501123989,0.41024139243360647,0.7166850256116528,0.9561818326770417
ar08_shifted_scale,0.8,100,34,adaptive_cov_ess,0.85544,0.5491457286432161,39.62464403269052,44.88113501123989,0.41024139243360647,0.7166850256116528,0.9561818326770417
ar08_shifted_scale,0.8,100,34,adaptive_nominal,0.913956,0.6239195979899498,39.62464403269052,44.88113501123989,0.41024139243360647,0.7166850256116528,0.9561818326770417
ar08_shifted_scale,0.8,100,34,adaptive_joint_nominal,0.920692,0.6255276381909547,39.62464403269052,44.88113501123989,0.41024139243360647,0.7166850256116528,0.9561818326770417
ar08_shifted_scale,0.8,100,35,shared_oas,0.7853680000000001,0.5276381909547738,33.42230618942021,37.62512709696853,0.3568582034027664,0.6652151329490403,1.0004651817123316
ar08_shifted_scale,0.8,100,35,peer_nominal,0.779076,0.5274371859296483,33.42230618942021,37.62512709696853,0.3568582034027664,0.6652151329490403,1.0004651817123316
ar08_shifted_scale,0.8,100,35,peer_shrunk_nominal,0.7708440000000001,0.5197989949748744,33.42230618942021,37.62512709696853,0.3568582034027664,0.6652151329490403,1.0004651817123316
ar08_shifted_scale,0.8,100,35,peer_cov_ess,0.7277359999999999,0.5234170854271357,33.42230618942021,37.62512709696853,0.3568582034027664,0.6652151329490403,1.0004651817123316
ar08_shifted_scale,0.8,100,35,adaptive_cov_ess,0.7668200000000001,0.5256281407035176,33.42230618942021,37.62512709696853,0.3568582034027664,0.6652151329490403,1.0004651817123316
ar08_shifted_scale,0.8,100,35,adaptive_nominal,0.8006040000000001,0.5310552763819095,33.42230618942021,37.62512709696853,0.3568582034027664,0.6652151329490403,1.0004651817123316
ar08_shifted_scale,0.8,100,35,adaptive_joint_nominal,0.799272,0.5352763819095477,33.42230618942021,37.62512709696853,0.3568582034027664,0.6652151329490403,1.0004651817123316
ar08_shifted_scale,0.8,100,36,shared_oas,0.816004,0.5105527638190954,35.44393724397539,44.58200485973592,0.43776448874613794,0.6750929537443486,0.9992707714080437
ar08_shifted_scale,0.8,100,36,peer_nominal,0.8965120000000001,0.5272361809045226,35.44393724397539,44.58200485973592,0.43776448874613794,0.6750929537443486,0.9992707714080437
ar08_shifted_scale,0.8,100,36,peer_shrunk_nominal,0.8919759999999999,0.5224120603015076,35.44393724397539,44.58200485973592,0.43776448874613794,0.6750929537443486,0.9992707714080437
ar08_shifted_scale,0.8,100,36,peer_cov_ess,0.7806680000000001,0.5015075376884423,35.44393724397539,44.58200485973592,0.43776448874613794,0.6750929537443486,0.9992707714080437
ar08_shifted_scale,0.8,100,36,adaptive_cov_ess,0.936832,0.5851256281407036,35.44393724397539,44.58200485973592,0.43776448874613794,0.6750929537443486,0.9992707714080437
ar08_shifted_scale,0.8,100,36,adaptive_nominal,0.9748600000000001,0.7256281407035177,35.44393724397539,44.58200485973592,0.43776448874613794,0.6750929537443486,0.9992707714080437
ar08_shifted_scale,0.8,100,36,adaptive_joint_nominal,0.9693160000000001,0.7041206030150753,35.44393724397539,44.58200485973592,0.43776448874613794,0.6750929537443486,0.9992707714080437
ar08_shifted_scale,0.8,100,37,shared_oas,0.8989640000000001,0.5849246231155779,33.007647763212056,40.05166184769929,0.429987873557222,0.5897292767914574,1.026526268326735
ar08_shifted_scale,0.8,100,37,peer_nominal,0.9148000000000001,0.5995979899497488,33.007647763212056,40.05166184769929,0.429987873557222,0.5897292767914574,1.026526268326735
ar08_shifted_scale,0.8,100,37,peer_shrunk_nominal,0.9284479999999999,0.6213065326633166,33.007647763212056,40.05166184769929,0.429987873557222,0.5897292767914574,1.026526268326735
ar08_shifted_scale,0.8,100,37,peer_cov_ess,0.8006239999999999,0.5320603015075377,33.007647763212056,40.05166184769929,0.429987873557222,0.5897292767914574,1.026526268326735
ar08_shifted_scale,0.8,100,37,adaptive_cov_ess,0.932372,0.6381909547738693,33.007647763212056,40.05166184769929,0.429987873557222,0.5897292767914574,1.026526268326735
ar08_shifted_scale,0.8,100,37,adaptive_nominal,0.968816,0.7378894472361809,33.007647763212056,40.05166184769929,0.429987873557222,0.5897292767914574,1.026526268326735
ar08_shifted_scale,0.8,100,37,adaptive_joint_nominal,0.974112,0.7539698492462312,33.007647763212056,40.05166184769929,0.429987873557222,0.5897292767914574,1.026526268326735
ar08_shifted_scale,0.8,100,38,shared_oas,0.8455,0.5378894472361809,36.683218263016066,42.04946515533864,0.45195484422325405,0.663069119470852,0.9785249989733392
ar08_shifted_scale,0.8,100,38,peer_nominal,0.8380960000000001,0.5431155778894472,36.683218263016066,42.04946515533864,0.45195484422325405,0.663069119470852,0.9785249989733392
ar08_shifted_scale,0.8,100,38,peer_shrunk_nominal,0.834284,0.5370854271356784,36.683218263016066,42.04946515533864,0.45195484422325405,0.663069119470852,0.9785249989733392
ar08_shifted_scale,0.8,100,38,peer_cov_ess,0.73104,0.5143718592964824,36.683218263016066,42.04946515533864,0.45195484422325405,0.663069119470852,0.9785249989733392
ar08_shifted_scale,0.8,100,38,adaptive_cov_ess,0.9148879999999999,0.5911557788944724,36.683218263016066,42.04946515533864,0.45195484422325405,0.663069119470852,0.9785249989733392
ar08_shifted_scale,0.8,100,38,adaptive_nominal,0.9440879999999999,0.6677386934673367,36.683218263016066,42.04946515533864,0.45195484422325405,0.663069119470852,0.9785249989733392
ar08_shifted_scale,0.8,100,38,adaptive_joint_nominal,0.943516,0.6645226130653267,36.683218263016066,42.04946515533864,0.45195484422325405,0.663069119470852,0.9785249989733392
ar08_shifted_scale,0.8,100,39,shared_oas,0.9390719999999999,0.6448241206030151,34.72521839451485,44.20833045530654,0.4199886588043956,0.5935202911048839,1.0384131291209588
ar08_shifted_scale,0.8,100,39,peer_nominal,0.9424199999999999,0.650251256281407,34.72521839451485,44.20833045530654,0.4199886588043956,0.5935202911048839,1.0384131291209588
ar08_shifted_scale,0.8,100,39,peer_shrunk_nominal,0.9315920000000001,0.6397989949748744,34.72521839451485,44.20833045530654,0.4199886588043956,0.5935202911048839,1.0384131291209588
ar08_shifted_scale,0.8,100,39,peer_cov_ess,0.831924,0.5344723618090452,34.72521839451485,44.20833045530654,0.4199886588043956,0.5935202911048839,1.0384131291209588
ar08_shifted_scale,0.8,100,39,adaptive_cov_ess,0.9393119999999999,0.6540703517587939,34.72521839451485,44.20833045530654,0.4199886588043956,0.5935202911048839,1.0384131291209588
ar08_shifted_scale,0.8,100,39,adaptive_nominal,0.98004,0.7867336683417085,34.72521839451485,44.20833045530654,0.4199886588043956,0.5935202911048839,1.0384131291209588
ar08_shifted_scale,0.8,100,39,adaptive_joint_nominal,0.9746159999999999,0.7515577889447236,34.72521839451485,44.20833045530654,0.4199886588043956,0.5935202911048839,1.0384131291209588
ar08_shifted_scale,0.8,300,0,shared_oas,0.947856,0.712964824120603,93.95181023690485,99.55534264901291,0.6241486037906288,0.8155556870234961,1.0989801492443396
ar08_shifted_scale,0.8,300,0,peer_nominal,0.94334,0.6992964824120603,93.95181023690485,99.55534264901291,0.6241486037906288,0.8155556870234961,1.0989801492443396
ar08_shifted_scale,0.8,300,0,peer_shrunk_nominal,0.9471959999999999,0.7149748743718594,93.95181023690485,99.55534264901291,0.6241486037906288,0.8155556870234961,1.0989801492443396
ar08_shifted_scale,0.8,300,0,peer_cov_ess,0.881592,0.5857286432160804,93.95181023690485,99.55534264901291,0.6241486037906288,0.8155556870234961,1.0989801492443396
ar08_shifted_scale,0.8,300,0,adaptive_cov_ess,0.946956,0.6946733668341709,93.95181023690485,99.55534264901291,0.6241486037906288,0.8155556870234961,1.0989801492443396
ar08_shifted_scale,0.8,300,0,adaptive_nominal,0.958224,0.7262311557788945,93.95181023690485,99.55534264901291,0.6241486037906288,0.8155556870234961,1.0989801492443396
ar08_shifted_scale,0.8,300,0,adaptive_joint_nominal,0.961552,0.7575879396984925,93.95181023690485,99.55534264901291,0.6241486037906288,0.8155556870234961,1.0989801492443396
ar08_shifted_scale,0.8,300,1,shared_oas,0.905892,0.556180904522613,79.37060530929288,90.58488827609673,0.6406416785964091,0.7987632777064546,1.0003725710104923
ar08_shifted_scale,0.8,300,1,peer_nominal,0.898204,0.5501507537688443,79.37060530929288,90.58488827609673,0.6406416785964091,0.7987632777064546,1.0003725710104923
ar08_shifted_scale,0.8,300,1,peer_shrunk_nominal,0.907068,0.5630150753768844,79.37060530929288,90.58488827609673,0.6406416785964091,0.7987632777064546,1.0003725710104923
ar08_shifted_scale,0.8,300,1,peer_cov_ess,0.802208,0.5165829145728643,79.37060530929288,90.58488827609673,0.6406416785964091,0.7987632777064546,1.0003725710104923
ar08_shifted_scale,0.8,300,1,adaptive_cov_ess,0.9239479999999999,0.6002010050251256,79.37060530929288,90.58488827609673,0.6406416785964091,0.7987632777064546,1.0003725710104923
ar08_shifted_scale,0.8,300,1,adaptive_nominal,0.9293039999999999,0.6036180904522613,79.37060530929288,90.58488827609673,0.6406416785964091,0.7987632777064546,1.0003725710104923
ar08_shifted_scale,0.8,300,1,adaptive_joint_nominal,0.935408,0.624321608040201,79.37060530929288,90.58488827609673,0.6406416785964091,0.7987632777064546,1.0003725710104923
ar08_shifted_scale,0.8,300,2,shared_oas,0.963072,0.55678391959799,89.33524099492865,98.76255658938658,0.5699435068106067,0.7569279616838969,1.0441801032806388
ar08_shifted_scale,0.8,300,2,peer_nominal,0.963856,0.5696482412060302,89.33524099492865,98.76255658938658,0.5699435068106067,0.7569279616838969,1.0441801032806388
ar08_shifted_scale,0.8,300,2,peer_shrunk_nominal,0.9663920000000001,0.5624120603015076,89.33524099492865,98.76255658938658,0.5699435068106067,0.7569279616838969,1.0441801032806388
ar08_shifted_scale,0.8,300,2,peer_cov_ess,0.891684,0.5085427135678392,89.33524099492865,98.76255658938658,0.5699435068106067,0.7569279616838969,1.0441801032806388
ar08_shifted_scale,0.8,300,2,adaptive_cov_ess,0.9668000000000001,0.5823115577889447,89.33524099492865,98.76255658938658,0.5699435068106067,0.7569279616838969,1.0441801032806388
ar08_shifted_scale,0.8,300,2,adaptive_nominal,0.9796879999999999,0.6641206030150754,89.33524099492865,98.76255658938658,0.5699435068106067,0.7569279616838969,1.0441801032806388
ar08_shifted_scale,0.8,300,2,adaptive_joint_nominal,0.981368,0.6566834170854271,89.33524099492865,98.76255658938658,0.5699435068106067,0.7569279616838969,1.0441801032806388
ar08_shifted_scale,0.8,300,3,shared_oas,0.870564,0.5521608040201005,88.29085589570676,91.77529889336606,0.6336508720668728,0.789512091941761,0.9484301885375492
ar08_shifted_scale,0.8,300,3,peer_nominal,0.9409879999999999,0.6351758793969849,88.29085589570676,91.77529889336606,0.6336508720668728,0.789512091941761,0.9484301885375492
ar08_shifted_scale,0.8,300,3,peer_shrunk_nominal,0.934124,0.6385929648241205,88.29085589570676,91.77529889336606,0.6336508720668728,0.789512091941761,0.9484301885375492
ar08_shifted_scale,0.8,300,3,peer_cov_ess,0.845552,0.5260301507537688,88.29085589570676,91.77529889336606,0.6336508720668728,0.789512091941761,0.9484301885375492
ar08_shifted_scale,0.8,300,3,adaptive_cov_ess,0.945152,0.6462311557788945,88.29085589570676,91.77529889336606,0.6336508720668728,0.789512091941761,0.9484301885375492
ar08_shifted_scale,0.8,300,3,adaptive_nominal,0.9649120000000001,0.7093467336683417,88.29085589570676,91.77529889336606,0.6336508720668728,0.789512091941761,0.9484301885375492
ar08_shifted_scale,0.8,300,3,adaptive_joint_nominal,0.957476,0.6998994974874372,88.29085589570676,91.77529889336606,0.6336508720668728,0.789512091941761,0.9484301885375492
ar08_shifted_scale,0.8,300,4,shared_oas,0.680184,0.5236180904522613,93.4029538071287,105.05453196970302,0.657582744659738,0.7684331637268356,0.9922086424185314
ar08_shifted_scale,0.8,300,4,peer_nominal,0.6859120000000001,0.5236180904522613,93.4029538071287,105.05453196970302,0.657582744659738,0.7684331637268356,0.9922086424185314
ar08_shifted_scale,0.8,300,4,peer_shrunk_nominal,0.6943079999999999,0.5272361809045226,93.4029538071287,105.05453196970302,0.657582744659738,0.7684331637268356,0.9922086424185314
ar08_shifted_scale,0.8,300,4,peer_cov_ess,0.705664,0.5220100502512562,93.4029538071287,105.05453196970302,0.657582744659738,0.7684331637268356,0.9922086424185314
ar08_shifted_scale,0.8,300,4,adaptive_cov_ess,0.6867599999999999,0.5169849246231156,93.4029538071287,105.05453196970302,0.657582744659738,0.7684331637268356,0.9922086424185314
ar08_shifted_scale,0.8,300,4,adaptive_nominal,0.6631199999999999,0.5149748743718593,93.4029538071287,105.05453196970302,0.657582744659738,0.7684331637268356,0.9922086424185314
ar08_shifted_scale,0.8,300,4,adaptive_joint_nominal,0.67126,0.5187939698492462,93.4029538071287,105.05453196970302,0.657582744659738,0.7684331637268356,0.9922086424185314
ar08_shifted_scale,0.8,300,5,shared_oas,0.93998,0.6868341708542713,87.32061888548616,95.287836336288,0.655000321081376,0.7751276671437988,1.056152699951945
ar08_shifted_scale,0.8,300,5,peer_nominal,0.9601839999999999,0.7037185929648241,87.32061888548616,95.287836336288,0.655000321081376,0.7751276671437988,1.056152699951945
ar08_shifted_scale,0.8,300,5,peer_shrunk_nominal,0.961496,0.7264321608040201,87.32061888548616,95.287836336288,0.655000321081376,0.7751276671437988,1.056152699951945
ar08_shifted_scale,0.8,300,5,peer_cov_ess,0.8715400000000001,0.5714572864321608,87.32061888548616,95.287836336288,0.655000321081376,0.7751276671437988,1.056152699951945
ar08_shifted_scale,0.8,300,5,adaptive_cov_ess,0.9662439999999999,0.7310552763819096,87.32061888548616,95.287836336288,0.655000321081376,0.7751276671437988,1.056152699951945
ar08_shifted_scale,0.8,300,5,adaptive_nominal,0.9785200000000001,0.7798994974874371,87.32061888548616,95.287836336288,0.655000321081376,0.7751276671437988,1.056152699951945
ar08_shifted_scale,0.8,300,5,adaptive_joint_nominal,0.978248,0.7744723618090452,87.32061888548616,95.287836336288,0.655000321081376,0.7751276671437988,1.056152699951945
ar08_shifted_scale,0.8,300,6,shared_oas,0.992688,0.7973869346733669,90.59363124972559,108.83255591427417,0.5888147342476022,0.8110284370168683,1.0828934314677316
ar08_shifted_scale,0.8,300,6,peer_nominal,0.988012,0.7819095477386935,90.59363124972559,108.83255591427417,0.5888147342476022,0.8110284370168683,1.0828934314677316
ar08_shifted_scale,0.8,300,6,peer_shrunk_nominal,0.990792,0.798391959798995,90.59363124972559,108.83255591427417,0.5888147342476022,0.8110284370168683,1.0828934314677316
ar08_shifted_scale,0.8,300,6,peer_cov_ess,0.95156,0.5851256281407036,90.59363124972559,108.83255591427417,0.5888147342476022,0.8110284370168683,1.0828934314677316
ar08_shifted_scale,0.8,300,6,adaptive_cov_ess,0.988852,0.7764824120603016,90.59363124972559,108.83255591427417,0.5888147342476022,0.8110284370168683,1.0828934314677316
ar08_shifted_scale,0.8,300,6,adaptive_nominal,0.992932,0.8142713567839196,90.59363124972559,108.83255591427417,0.5888147342476022,0.8110284370168683,1.0828934314677316
ar08_shifted_scale,0.8,300,6,adaptive_joint_nominal,0.993992,0.8319597989949749,90.59363124972559,108.83255591427417,0.5888147342476022,0.8110284370168683,1.0828934314677316
ar08_shifted_scale,0.8,300,7,shared_oas,0.608716,0.5139698492462311,84.03504430966439,99.90847912775136,0.6318502368866965,0.7850801230525487,1.1487756407315408
ar08_shifted_scale,0.8,300,7,peer_nominal,0.6311599999999999,0.5115577889447236,84.03504430966439,99.90847912775136,0.6318502368866965,0.7850801230525487,1.1487756407315408
ar08_shifted_scale,0.8,300,7,peer_shrunk_nominal,0.6153,0.5099497487437186,84.03504430966439,99.90847912775136,0.6318502368866965,0.7850801230525487,1.1487756407315408
ar08_shifted_scale,0.8,300,7,peer_cov_ess,0.625972,0.5129648241206031,84.03504430966439,99.90847912775136,0.6318502368866965,0.7850801230525487,1.1487756407315408
ar08_shifted_scale,0.8,300,7,adaptive_cov_ess,0.628044,0.5103517587939699,84.03504430966439,99.90847912775136,0.6318502368866965,0.7850801230525487,1.1487756407315408
ar08_shifted_scale,0.8,300,7,adaptive_nominal,0.631212,0.504321608040201,84.03504430966439,99.90847912775136,0.6318502368866965,0.7850801230525487,1.1487756407315408
ar08_shifted_scale,0.8,300,7,adaptive_joint_nominal,0.616948,0.5051256281407035,84.03504430966439,99.90847912775136,0.6318502368866965,0.7850801230525487,1.1487756407315408
ar08_shifted_scale,0.8,300,8,shared_oas,0.8445320000000001,0.5475376884422111,91.00105139693909,109.58650111224617,0.6471295624999427,0.809524270355131,1.0176246064753618
ar08_shifted_scale,0.8,300,8,peer_nominal,0.9097120000000001,0.5776884422110553,91.00105139693909,109.58650111224617,0.6471295624999427,0.809524270355131,1.0176246064753618
ar08_shifted_scale,0.8,300,8,peer_shrunk_nominal,0.8998,0.5698492462311557,91.00105139693909,109.58650111224617,0.6471295624999427,0.809524270355131,1.0176246064753618
ar08_shifted_scale,0.8,300,8,peer_cov_ess,0.816096,0.5298492462311558,91.00105139693909,109.58650111224617,0.6471295624999427,0.809524270355131,1.0176246064753618
ar08_shifted_scale,0.8,300,8,adaptive_cov_ess,0.9133479999999999,0.6068341708542714,91.00105139693909,109.58650111224617,0.6471295624999427,0.809524270355131,1.0176246064753618
ar08_shifted_scale,0.8,300,8,adaptive_nominal,0.9468679999999999,0.6522613065326633,91.00105139693909,109.58650111224617,0.6471295624999427,0.809524270355131,1.0176246064753618
ar08_shifted_scale,0.8,300,8,adaptive_joint_nominal,0.94126,0.647035175879397,91.00105139693909,109.58650111224617,0.6471295624999427,0.809524270355131,1.0176246064753618
ar08_shifted_scale,0.8,300,9,shared_oas,0.9137,0.634572864321608,93.9350843501595,94.10332206102565,0.598692474140378,0.8092972449145446,1.0801758132006094
ar08_shifted_scale,0.8,300,9,peer_nominal,0.9101039999999999,0.6253266331658291,93.9350843501595,94.10332206102565,0.598692474140378,0.8092972449145446,1.0801758132006094
ar08_shifted_scale,0.8,300,9,peer_shrunk_nominal,0.9165600000000002,0.6349748743718593,93.9350843501595,94.10332206102565,0.598692474140378,0.8092972449145446,1.0801758132006094
ar08_shifted_scale,0.8,300,9,peer_cov_ess,0.83636,0.5407035175879397,93.9350843501595,94.10332206102565,0.598692474140378,0.8092972449145446,1.0801758132006094
ar08_shifted_scale,0.8,300,9,adaptive_cov_ess,0.9157640000000001,0.6430150753768844,93.9350843501595,94.10332206102565,0.598692474140378,0.8092972449145446,1.0801758132006094
ar08_shifted_scale,0.8,300,9,adaptive_nominal,0.935416,0.6828140703517588,93.9350843501595,94.10332206102565,0.598692474140378,0.8092972449145446,1.0801758132006094
ar08_shifted_scale,0.8,300,9,adaptive_joint_nominal,0.940636,0.6852261306532663,93.9350843501595,94.10332206102565,0.598692474140378,0.8092972449145446,1.0801758132006094
ar08_shifted_scale,0.8,300,10,shared_oas,0.6973360000000001,0.544321608040201,90.1244006731572,98.47846081974295,0.6019892065550357,0.7716016245605362,0.9951629822738854
ar08_shifted_scale,0.8,300,10,peer_nominal,0.715184,0.5157788944723618,90.1244006731572,98.47846081974295,0.6019892065550357,0.7716016245605362,0.9951629822738854
ar08_shifted_scale,0.8,300,10,peer_shrunk_nominal,0.727252,0.5230150753768844,90.1244006731572,98.47846081974295,0.6019892065550357,0.7716016245605362,0.9951629822738854
ar08_shifted_scale,0.8,300,10,peer_cov_ess,0.668228,0.5109547738693467,90.1244006731572,98.47846081974295,0.6019892065550357,0.7716016245605362,0.9951629822738854
ar08_shifted_scale,0.8,300,10,adaptive_cov_ess,0.69566,0.5091457286432161,90.1244006731572,98.47846081974295,0.6019892065550357,0.7716016245605362,0.9951629822738854
ar08_shifted_scale,0.8,300,10,adaptive_nominal,0.72414,0.5143718592964824,90.1244006731572,98.47846081974295,0.6019892065550357,0.7716016245605362,0.9951629822738854
ar08_shifted_scale,0.8,300,10,adaptive_joint_nominal,0.7340880000000001,0.5191959798994975,90.1244006731572,98.47846081974295,0.6019892065550357,0.7716016245605362,0.9951629822738854
ar08_shifted_scale,0.8,300,11,shared_oas,0.8132520000000001,0.5149748743718593,88.76635887899111,101.41043953720705,0.6373268386205411,0.7533105594713387,0.9670107510062584
ar08_shifted_scale,0.8,300,11,peer_nominal,0.851628,0.5244221105527638,88.76635887899111,101.41043953720705,0.6373268386205411,0.7533105594713387,0.9670107510062584
ar08_shifted_scale,0.8,300,11,peer_shrunk_nominal,0.8314440000000001,0.5165829145728643,88.76635887899111,101.41043953720705,0.6373268386205411,0.7533105594713387,0.9670107510062584
ar08_shifted_scale,0.8,300,11,peer_cov_ess,0.7943640000000001,0.5085427135678392,88.76635887899111,101.41043953720705,0.6373268386205411,0.7533105594713387,0.9670107510062584
ar08_shifted_scale,0.8,300,11,adaptive_cov_ess,0.8576439999999999,0.5296482412060302,88.76635887899111,101.41043953720705,0.6373268386205411,0.7533105594713387,0.9670107510062584
ar08_shifted_scale,0.8,300,11,adaptive_nominal,0.8702360000000001,0.5612060301507538,88.76635887899111,101.41043953720705,0.6373268386205411,0.7533105594713387,0.9670107510062584
ar08_shifted_scale,0.8,300,11,adaptive_joint_nominal,0.8524200000000001,0.5515577889447236,88.76635887899111,101.41043953720705,0.6373268386205411,0.7533105594713387,0.9670107510062584
ar08_shifted_scale,0.8,300,12,shared_oas,0.9976999999999999,0.9483417085427136,88.40497271206718,101.79148161246164,0.6134195562530647,0.782724630067541,1.014068539581288
ar08_shifted_scale,0.8,300,12,peer_nominal,0.9980479999999999,0.9593969849246231,88.40497271206718,101.79148161246164,0.6134195562530647,0.782724630067541,1.014068539581288
ar08_shifted_scale,0.8,300,12,peer_shrunk_nominal,0.998684,0.9688442211055276,88.40497271206718,101.79148161246164,0.6134195562530647,0.782724630067541,1.014068539581288
ar08_shifted_scale,0.8,300,12,peer_cov_ess,0.971484,0.7089447236180905,88.40497271206718,101.79148161246164,0.6134195562530647,0.782724630067541,1.014068539581288
ar08_shifted_scale,0.8,300,12,adaptive_cov_ess,0.999368,0.9867336683417085,88.40497271206718,101.79148161246164,0.6134195562530647,0.782724630067541,1.014068539581288
ar08_shifted_scale,0.8,300,12,adaptive_nominal,0.9997240000000001,0.9947738693467336,88.40497271206718,101.79148161246164,0.6134195562530647,0.782724630067541,1.014068539581288
ar08_shifted_scale,0.8,300,12,adaptive_joint_nominal,0.9998199999999999,0.9959798994974874,88.40497271206718,101.79148161246164,0.6134195562530647,0.782724630067541,1.014068539581288
ar08_shifted_scale,0.8,300,13,shared_oas,0.981924,0.7732663316582915,83.70051366036716,91.75469901936728,0.6627798155842523,0.8054848043179448,1.04920861913414
ar08_shifted_scale,0.8,300,13,peer_nominal,0.9796680000000001,0.7780904522613066,83.70051366036716,91.75469901936728,0.6627798155842523,0.8054848043179448,1.04920861913414
ar08_shifted_scale,0.8,300,13,peer_shrunk_nominal,0.983508,0.8,83.70051366036716,91.75469901936728,0.6627798155842523,0.8054848043179448,1.04920861913414
ar08_shifted_scale,0.8,300,13,peer_cov_ess,0.911364,0.5220100502512562,83.70051366036716,91.75469901936728,0.6627798155842523,0.8054848043179448,1.04920861913414
ar08_shifted_scale,0.8,300,13,adaptive_cov_ess,0.9841,0.8088442211055276,83.70051366036716,91.75469901936728,0.6627798155842523,0.8054848043179448,1.04920861913414
ar08_shifted_scale,0.8,300,13,adaptive_nominal,0.9911800000000001,0.9005025125628141,83.70051366036716,91.75469901936728,0.6627798155842523,0.8054848043179448,1.04920861913414
ar08_shifted_scale,0.8,300,13,adaptive_joint_nominal,0.992728,0.912964824120603,83.70051366036716,91.75469901936728,0.6627798155842523,0.8054848043179448,1.04920861913414
ar08_shifted_scale,0.8,300,14,shared_oas,0.96556,0.5696482412060302,86.0688134042915,94.08142858354091,0.6111968951070024,0.7465028378389231,1.0287207060368933
ar08_shifted_scale,0.8,300,14,peer_nominal,0.965016,0.5819095477386935,86.0688134042915,94.08142858354091,0.6111968951070024,0.7465028378389231,1.0287207060368933
ar08_shifted_scale,0.8,300,14,peer_shrunk_nominal,0.966868,0.5915577889447237,86.0688134042915,94.08142858354091,0.6111968951070024,0.7465028378389231,1.0287207060368933
ar08_shifted_scale,0.8,300,14,peer_cov_ess,0.88842,0.5204020100502512,86.0688134042915,94.08142858354091,0.6111968951070024,0.7465028378389231,1.0287207060368933
ar08_shifted_scale,0.8,300,14,adaptive_cov_ess,0.9723759999999999,0.6229145728643216,86.0688134042915,94.08142858354091,0.6111968951070024,0.7465028378389231,1.0287207060368933
ar08_shifted_scale,0.8,300,14,adaptive_nominal,0.981156,0.6781909547738694,86.0688134042915,94.08142858354091,0.6111968951070024,0.7465028378389231,1.0287207060368933
ar08_shifted_scale,0.8,300,14,adaptive_joint_nominal,0.982972,0.6998994974874372,86.0688134042915,94.08142858354091,0.6111968951070024,0.7465028378389231,1.0287207060368933
ar08_shifted_scale,0.8,300,15,shared_oas,0.9909800000000001,0.8359798994974874,91.55507038625302,89.55912858005762,0.6514866986782069,0.8265269904921435,1.0245290846975739
ar08_shifted_scale,0.8,300,15,peer_nominal,0.990584,0.8456281407035176,91.55507038625302,89.55912858005762,0.6514866986782069,0.8265269904921435,1.0245290846975739
ar08_shifted_scale,0.8,300,15,peer_shrunk_nominal,0.991452,0.8440201005025125,91.55507038625302,89.55912858005762,0.6514866986782069,0.8265269904921435,1.0245290846975739
ar08_shifted_scale,0.8,300,15,peer_cov_ess,0.9451360000000001,0.5680402010050252,91.55507038625302,89.55912858005762,0.6514866986782069,0.8265269904921435,1.0245290846975739
ar08_shifted_scale,0.8,300,15,adaptive_cov_ess,0.9957280000000001,0.9015075376884423,91.55507038625302,89.55912858005762,0.6514866986782069,0.8265269904921435,1.0245290846975739
ar08_shifted_scale,0.8,300,15,adaptive_nominal,0.997384,0.9376884422110553,91.55507038625302,89.55912858005762,0.6514866986782069,0.8265269904921435,1.0245290846975739
ar08_shifted_scale,0.8,300,15,adaptive_joint_nominal,0.997768,0.9445226130653267,91.55507038625302,89.55912858005762,0.6514866986782069,0.8265269904921435,1.0245290846975739
ar08_shifted_scale,0.8,300,16,shared_oas,0.60354,0.5053266331658292,85.92923509627634,99.06897404218051,0.5999975467980802,0.7860137821752462,1.080693574058118
ar08_shifted_scale,0.8,300,16,peer_nominal,0.618624,0.5067336683417085,85.92923509627634,99.06897404218051,0.5999975467980802,0.7860137821752462,1.080693574058118
ar08_shifted_scale,0.8,300,16,peer_shrunk_nominal,0.627748,0.5081407035175879,85.92923509627634,99.06897404218051,0.5999975467980802,0.7860137821752462,1.080693574058118
ar08_shifted_scale,0.8,300,16,peer_cov_ess,0.616932,0.5053266331658292,85.92923509627634,99.06897404218051,0.5999975467980802,0.7860137821752462,1.080693574058118
ar08_shifted_scale,0.8,300,16,adaptive_cov_ess,0.6139399999999999,0.5071356783919598,85.92923509627634,99.06897404218051,0.5999975467980802,0.7860137821752462,1.080693574058118
ar08_shifted_scale,0.8,300,16,adaptive_nominal,0.61006,0.5057286432160804,85.92923509627634,99.06897404218051,0.5999975467980802,0.7860137821752462,1.080693574058118
ar08_shifted_scale,0.8,300,16,adaptive_joint_nominal,0.617732,0.5061306532663317,85.92923509627634,99.06897404218051,0.5999975467980802,0.7860137821752462,1.080693574058118
ar08_shifted_scale,0.8,300,17,shared_oas,0.86964,0.5551758793969849,90.46866362069615,98.06538813579613,0.5615275799763504,0.7611144461730219,1.061670173629383
ar08_shifted_scale,0.8,300,17,peer_nominal,0.952812,0.6671356783919598,90.46866362069615,98.06538813579613,0.5615275799763504,0.7611144461730219,1.061670173629383
ar08_shifted_scale,0.8,300,17,peer_shrunk_nominal,0.945864,0.6510552763819095,90.46866362069615,98.06538813579613,0.5615275799763504,0.7611144461730219,1.061670173629383
ar08_shifted_scale,0.8,300,17,peer_cov_ess,0.8766959999999999,0.5608040201005026,90.46866362069615,98.06538813579613,0.5615275799763504,0.7611144461730219,1.061670173629383
ar08_shifted_scale,0.8,300,17,adaptive_cov_ess,0.953972,0.6697487437185929,90.46866362069615,98.06538813579613,0.5615275799763504,0.7611144461730219,1.061670173629383
ar08_shifted_scale,0.8,300,17,adaptive_nominal,0.972748,0.718391959798995,90.46866362069615,98.06538813579613,0.5615275799763504,0.7611144461730219,1.061670173629383
ar08_shifted_scale,0.8,300,17,adaptive_joint_nominal,0.9688239999999999,0.7065326633165829,90.46866362069615,98.06538813579613,0.5615275799763504,0.7611144461730219,1.061670173629383
ar08_shifted_scale,0.8,300,18,shared_oas,0.832768,0.579497487437186,91.3289840168,96.10396584646446,0.5823108342491223,0.7229735119458238,1.0293386875719786
ar08_shifted_scale,0.8,300,18,peer_nominal,0.8483120000000001,0.5877386934673368,91.3289840168,96.10396584646446,0.5823108342491223,0.7229735119458238,1.0293386875719786
ar08_shifted_scale,0.8,300,18,peer_shrunk_nominal,0.844352,0.5764824120603015,91.3289840168,96.10396584646446,0.5823108342491223,0.7229735119458238,1.0293386875719786
ar08_shifted_scale,0.8,300,18,peer_cov_ess,0.7600960000000001,0.5336683417085427,91.3289840168,96.10396584646446,0.5823108342491223,0.7229735119458238,1.0293386875719786
ar08_shifted_scale,0.8,300,18,adaptive_cov_ess,0.8541160000000001,0.5764824120603015,91.3289840168,96.10396584646446,0.5823108342491223,0.7229735119458238,1.0293386875719786
ar08_shifted_scale,0.8,300,18,adaptive_nominal,0.894188,0.6201005025125628,91.3289840168,96.10396584646446,0.5823108342491223,0.7229735119458238,1.0293386875719786
ar08_shifted_scale,0.8,300,18,adaptive_joint_nominal,0.886072,0.6052261306532664,91.3289840168,96.10396584646446,0.5823108342491223,0.7229735119458238,1.0293386875719786
ar08_shifted_scale,0.8,300,19,shared_oas,0.9266000000000001,0.5899497487437186,84.60754771420896,94.33928854095876,0.5780379120113,0.7799858111760036,1.0062523571829616
ar08_shifted_scale,0.8,300,19,peer_nominal,0.9285239999999999,0.6046231155778894,84.60754771420896,94.33928854095876,0.5780379120113,0.7799858111760036,1.0062523571829616
ar08_shifted_scale,0.8,300,19,peer_shrunk_nominal,0.9395160000000001,0.6442211055276382,84.60754771420896,94.33928854095876,0.5780379120113,0.7799858111760036,1.0062523571829616
ar08_shifted_scale,0.8,300,19,peer_cov_ess,0.8262079999999999,0.5117587939698492,84.60754771420896,94.33928854095876,0.5780379120113,0.7799858111760036,1.0062523571829616
ar08_shifted_scale,0.8,300,19,adaptive_cov_ess,0.953008,0.68321608040201,84.60754771420896,94.33928854095876,0.5780379120113,0.7799858111760036,1.0062523571829616
ar08_shifted_scale,0.8,300,19,adaptive_nominal,0.9627519999999999,0.7433165829145729,84.60754771420896,94.33928854095876,0.5780379120113,0.7799858111760036,1.0062523571829616
ar08_shifted_scale,0.8,300,19,adaptive_joint_nominal,0.967812,0.7706532663316583,84.60754771420896,94.33928854095876,0.5780379120113,0.7799858111760036,1.0062523571829616
ar08_shifted_scale,0.8,300,20,shared_oas,0.987064,0.8006030150753769,87.93789133683055,99.43406947688275,0.6104940597907806,0.7350216019697997,1.0354550748435776
ar08_shifted_scale,0.8,300,20,peer_nominal,0.988776,0.8325628140703517,87.93789133683055,99.43406947688275,0.6104940597907806,0.7350216019697997,1.0354550748435776
ar08_shifted_scale,0.8,300,20,peer_shrunk_nominal,0.9885440000000001,0.8249246231155778,87.93789133683055,99.43406947688275,0.6104940597907806,0.7350216019697997,1.0354550748435776
ar08_shifted_scale,0.8,300,20,peer_cov_ess,0.9349000000000001,0.5648241206030151,87.93789133683055,99.43406947688275,0.6104940597907806,0.7350216019697997,1.0354550748435776
ar08_shifted_scale,0.8,300,20,adaptive_cov_ess,0.9903959999999999,0.8534673366834171,87.93789133683055,99.43406947688275,0.6104940597907806,0.7350216019697997,1.0354550748435776
ar08_shifted_scale,0.8,300,20,adaptive_nominal,0.9972799999999999,0.9453266331658291,87.93789133683055,99.43406947688275,0.6104940597907806,0.7350216019697997,1.0354550748435776
ar08_shifted_scale,0.8,300,20,adaptive_joint_nominal,0.99712,0.9417085427135679,87.93789133683055,99.43406947688275,0.6104940597907806,0.7350216019697997,1.0354550748435776
ar08_shifted_scale,0.8,300,21,shared_oas,0.9515680000000001,0.6506532663316583,91.96820229080542,108.33916905690648,0.601409542084439,0.7606181256909026,1.076068091478557
ar08_shifted_scale,0.8,300,21,peer_nominal,0.95094,0.6524623115577889,91.96820229080542,108.33916905690648,0.601409542084439,0.7606181256909026,1.076068091478557
ar08_shifted_scale,0.8,300,21,peer_shrunk_nominal,0.9470280000000001,0.6544723618090452,91.96820229080542,108.33916905690648,0.601409542084439,0.7606181256909026,1.076068091478557
ar08_shifted_scale,0.8,300,21,peer_cov_ess,0.841216,0.5314572864321608,91.96820229080542,108.33916905690648,0.601409542084439,0.7606181256909026,1.076068091478557
ar08_shifted_scale,0.8,300,21,adaptive_cov_ess,0.9705,0.7157788944723619,91.96820229080542,108.33916905690648,0.601409542084439,0.7606181256909026,1.076068091478557
ar08_shifted_scale,0.8,300,21,adaptive_nominal,0.9846360000000001,0.795175879396985,91.96820229080542,108.33916905690648,0.601409542084439,0.7606181256909026,1.076068091478557
ar08_shifted_scale,0.8,300,21,adaptive_joint_nominal,0.9840720000000001,0.7901507537688442,91.96820229080542,108.33916905690648,0.601409542084439,0.7606181256909026,1.076068091478557
ar08_shifted_scale,0.8,300,22,shared_oas,0.966988,0.7352763819095478,89.28802826235423,86.95797290720228,0.6417871123137983,0.7897661842478207,1.094920000439502
ar08_shifted_scale,0.8,300,22,peer_nominal,0.9860479999999999,0.8184924623115578,89.28802826235423,86.95797290720228,0.6417871123137983,0.7897661842478207,1.094920000439502
ar08_shifted_scale,0.8,300,22,peer_shrunk_nominal,0.9840799999999998,0.8076381909547738,89.28802826235423,86.95797290720228,0.6417871123137983,0.7897661842478207,1.094920000439502
ar08_shifted_scale,0.8,300,22,peer_cov_ess,0.9286359999999999,0.6064321608040201,89.28802826235423,86.95797290720228,0.6417871123137983,0.7897661842478207,1.094920000439502
ar08_shifted_scale,0.8,300,22,adaptive_cov_ess,0.99014,0.8683417085427136,89.28802826235423,86.95797290720228,0.6417871123137983,0.7897661842478207,1.094920000439502
ar08_shifted_scale,0.8,300,22,adaptive_nominal,0.995248,0.9029145728643216,89.28802826235423,86.95797290720228,0.6417871123137983,0.7897661842478207,1.094920000439502
ar08_shifted_scale,0.8,300,22,adaptive_joint_nominal,0.994372,0.890854271356784,89.28802826235423,86.95797290720228,0.6417871123137983,0.7897661842478207,1.094920000439502
ar08_shifted_scale,0.8,300,23,shared_oas,0.8230679999999999,0.5278391959798995,87.89129447401022,94.92106545784361,0.597909407563135,0.7949547973611554,0.9502584128525013
ar08_shifted_scale,0.8,300,23,peer_nominal,0.810844,0.5125628140703518,87.89129447401022,94.92106545784361,0.597909407563135,0.7949547973611554,0.9502584128525013
ar08_shifted_scale,0.8,300,23,peer_shrunk_nominal,0.809964,0.5127638190954774,87.89129447401022,94.92106545784361,0.597909407563135,0.7949547973611554,0.9502584128525013
ar08_shifted_scale,0.8,300,23,peer_cov_ess,0.6909839999999998,0.5033165829145728,87.89129447401022,94.92106545784361,0.597909407563135,0.7949547973611554,0.9502584128525013
ar08_shifted_scale,0.8,300,23,adaptive_cov_ess,0.8277639999999999,0.521608040201005,87.89129447401022,94.92106545784361,0.597909407563135,0.7949547973611554,0.9502584128525013
ar08_shifted_scale,0.8,300,23,adaptive_nominal,0.8526520000000001,0.5246231155778894,87.89129447401022,94.92106545784361,0.597909407563135,0.7949547973611554,0.9502584128525013
ar08_shifted_scale,0.8,300,23,adaptive_joint_nominal,0.852376,0.527035175879397,87.89129447401022,94.92106545784361,0.597909407563135,0.7949547973611554,0.9502584128525013
ar08_shifted_scale,0.8,300,24,shared_oas,0.739584,0.5491457286432161,90.51627181536061,94.57251432387234,0.5638921373048273,0.7257217380352277,0.9822311034905317
ar08_shifted_scale,0.8,300,24,peer_nominal,0.738888,0.5487437185929648,90.51627181536061,94.57251432387234,0.5638921373048273,0.7257217380352277,0.9822311034905317
ar08_shifted_scale,0.8,300,24,peer_shrunk_nominal,0.75118,0.5557788944723618,90.51627181536061,94.57251432387234,0.5638921373048273,0.7257217380352277,0.9822311034905317
ar08_shifted_scale,0.8,300,24,peer_cov_ess,0.67474,0.5193969849246232,90.51627181536061,94.57251432387234,0.5638921373048273,0.7257217380352277,0.9822311034905317
ar08_shifted_scale,0.8,300,24,adaptive_cov_ess,0.7566039999999999,0.5666331658291457,90.51627181536061,94.57251432387234,0.5638921373048273,0.7257217380352277,0.9822311034905317
ar08_shifted_scale,0.8,300,24,adaptive_nominal,0.77654,0.5738693467336684,90.51627181536061,94.57251432387234,0.5638921373048273,0.7257217380352277,0.9822311034905317
ar08_shifted_scale,0.8,300,24,adaptive_joint_nominal,0.7867,0.5760804020100503,90.51627181536061,94.57251432387234,0.5638921373048273,0.7257217380352277,0.9822311034905317
ar08_shifted_scale,0.8,300,25,shared_oas,0.974728,0.7475376884422111,89.78485790643379,91.14600330581285,0.6693952737324258,0.8079513568006006,1.1491038205322703
ar08_shifted_scale,0.8,300,25,peer_nominal,0.9717039999999999,0.7591959798994975,89.78485790643379,91.14600330581285,0.6693952737324258,0.8079513568006006,1.1491038205322703
ar08_shifted_scale,0.8,300,25,peer_shrunk_nominal,0.9754160000000001,0.7700502512562815,89.78485790643379,91.14600330581285,0.6693952737324258,0.8079513568006006,1.1491038205322703
ar08_shifted_scale,0.8,300,25,peer_cov_ess,0.905128,0.5883417085427136,89.78485790643379,91.14600330581285,0.6693952737324258,0.8079513568006006,1.1491038205322703
ar08_shifted_scale,0.8,300,25,adaptive_cov_ess,0.9776320000000001,0.7798994974874371,89.78485790643379,91.14600330581285,0.6693952737324258,0.8079513568006006,1.1491038205322703
ar08_shifted_scale,0.8,300,25,adaptive_nominal,0.985888,0.8516582914572864,89.78485790643379,91.14600330581285,0.6693952737324258,0.8079513568006006,1.1491038205322703
ar08_shifted_scale,0.8,300,25,adaptive_joint_nominal,0.9882359999999999,0.8739698492462311,89.78485790643379,91.14600330581285,0.6693952737324258,0.8079513568006006,1.1491038205322703
ar08_shifted_scale,0.8,300,26,shared_oas,0.82226,0.5841206030150754,95.11542014521052,108.08750464588009,0.5795358715237008,0.7399205777618441,0.9169261408944442
ar08_shifted_scale,0.8,300,26,peer_nominal,0.897804,0.639396984924623,95.11542014521052,108.08750464588009,0.5795358715237008,0.7399205777618441,0.9169261408944442
ar08_shifted_scale,0.8,300,26,peer_shrunk_nominal,0.881056,0.6297487437185929,95.11542014521052,108.08750464588009,0.5795358715237008,0.7399205777618441,0.9169261408944442
ar08_shifted_scale,0.8,300,26,peer_cov_ess,0.826616,0.5746733668341708,95.11542014521052,108.08750464588009,0.5795358715237008,0.7399205777618441,0.9169261408944442
ar08_shifted_scale,0.8,300,26,adaptive_cov_ess,0.883292,0.6381909547738693,95.11542014521052,108.08750464588009,0.5795358715237008,0.7399205777618441,0.9169261408944442
ar08_shifted_scale,0.8,300,26,adaptive_nominal,0.9147719999999999,0.6629145728643215,95.11542014521052,108.08750464588009,0.5795358715237008,0.7399205777618441,0.9169261408944442
ar08_shifted_scale,0.8,300,26,adaptive_joint_nominal,0.893948,0.636180904522613,95.11542014521052,108.08750464588009,0.5795358715237008,0.7399205777618441,0.9169261408944442
ar08_shifted_scale,0.8,300,27,shared_oas,0.997652,0.9390954773869347,92.49018908728351,97.95924910508633,0.5955302426705671,0.8185677894385666,1.028767939044529
ar08_shifted_scale,0.8,300,27,peer_nominal,0.9975240000000001,0.9445226130653267,92.49018908728351,97.95924910508633,0.5955302426705671,0.8185677894385666,1.028767939044529
ar08_shifted_scale,0.8,300,27,peer_shrunk_nominal,0.9978640000000001,0.9475376884422111,92.49018908728351,97.95924910508633,0.5955302426705671,0.8185677894385666,1.028767939044529
ar08_shifted_scale,0.8,300,27,peer_cov_ess,0.9661519999999999,0.6484422110552763,92.49018908728351,97.95924910508633,0.5955302426705671,0.8185677894385666,1.028767939044529
ar08_shifted_scale,0.8,300,27,adaptive_cov_ess,0.9987879999999999,0.9716582914572864,92.49018908728351,97.95924910508633,0.5955302426705671,0.8185677894385666,1.028767939044529
ar08_shifted_scale,0.8,300,27,adaptive_nominal,0.999512,0.9825125628140704,92.49018908728351,97.95924910508633,0.5955302426705671,0.8185677894385666,1.028767939044529
ar08_shifted_scale,0.8,300,27,adaptive_joint_nominal,0.999544,0.9831155778894473,92.49018908728351,97.95924910508633,0.5955302426705671,0.8185677894385666,1.028767939044529
ar08_shifted_scale,0.8,300,28,shared_oas,0.993548,0.8761809045226131,87.93432280049825,90.94186485842354,0.6229842718460381,0.7830014371198037,0.9520391700466955
ar08_shifted_scale,0.8,300,28,peer_nominal,0.995604,0.8960804020100503,87.93432280049825,90.94186485842354,0.6229842718460381,0.7830014371198037,0.9520391700466955
ar08_shifted_scale,0.8,300,28,peer_shrunk_nominal,0.993476,0.8699497487437187,87.93432280049825,90.94186485842354,0.6229842718460381,0.7830014371198037,0.9520391700466955
ar08_shifted_scale,0.8,300,28,peer_cov_ess,0.947076,0.6432160804020101,87.93432280049825,90.94186485842354,0.6229842718460381,0.7830014371198037,0.9520391700466955
ar08_shifted_scale,0.8,300,28,adaptive_cov_ess,0.9960200000000001,0.8990954773869346,87.93432280049825,90.94186485842354,0.6229842718460381,0.7830014371198037,0.9520391700466955
ar08_shifted_scale,0.8,300,28,adaptive_nominal,0.9992559999999999,0.9746733668341709,87.93432280049825,90.94186485842354,0.6229842718460381,0.7830014371198037,0.9520391700466955
ar08_shifted_scale,0.8,300,28,adaptive_joint_nominal,0.998476,0.9503517587939698,87.93432280049825,90.94186485842354,0.6229842718460381,0.7830014371198037,0.9520391700466955
ar08_shifted_scale,0.8,300,29,shared_oas,0.8599160000000001,0.6126633165829145,89.8362149621953,95.77068871493601,0.6749151287393469,0.8105948089118724,1.058899025683705
ar08_shifted_scale,0.8,300,29,peer_nominal,0.949532,0.7407035175879397,89.8362149621953,95.77068871493601,0.6749151287393469,0.8105948089118724,1.058899025683705
ar08_shifted_scale,0.8,300,29,peer_shrunk_nominal,0.956168,0.7798994974874371,89.8362149621953,95.77068871493601,0.6749151287393469,0.8105948089118724,1.058899025683705
ar08_shifted_scale,0.8,300,29,peer_cov_ess,0.8508560000000001,0.556180904522613,89.8362149621953,95.77068871493601,0.6749151287393469,0.8105948089118724,1.058899025683705
ar08_shifted_scale,0.8,300,29,adaptive_cov_ess,0.96286,0.8056281407035176,89.8362149621953,95.77068871493601,0.6749151287393469,0.8105948089118724,1.058899025683705
ar08_shifted_scale,0.8,300,29,adaptive_nominal,0.9727119999999999,0.8440201005025125,89.8362149621953,95.77068871493601,0.6749151287393469,0.8105948089118724,1.058899025683705
ar08_shifted_scale,0.8,300,29,adaptive_joint_nominal,0.975784,0.8582914572864322,89.8362149621953,95.77068871493601,0.6749151287393469,0.8105948089118724,1.058899025683705
ar08_shifted_scale,0.8,300,30,shared_oas,0.9747120000000001,0.7939698492462313,101.19778611049345,104.07428692626183,0.6124263557235241,0.815490819648719,1.0046547921319773
ar08_shifted_scale,0.8,300,30,peer_nominal,0.972564,0.7925628140703518,101.19778611049345,104.07428692626183,0.6124263557235241,0.815490819648719,1.0046547921319773
ar08_shifted_scale,0.8,300,30,peer_shrunk_nominal,0.9759519999999999,0.8036180904522613,101.19778611049345,104.07428692626183,0.6124263557235241,0.815490819648719,1.0046547921319773
ar08_shifted_scale,0.8,300,30,peer_cov_ess,0.9254399999999999,0.6363819095477387,101.19778611049345,104.07428692626183,0.6124263557235241,0.815490819648719,1.0046547921319773
ar08_shifted_scale,0.8,300,30,adaptive_cov_ess,0.9750679999999999,0.8130653266331658,101.19778611049345,104.07428692626183,0.6124263557235241,0.815490819648719,1.0046547921319773
ar08_shifted_scale,0.8,300,30,adaptive_nominal,0.983012,0.8498492462311558,101.19778611049345,104.07428692626183,0.6124263557235241,0.815490819648719,1.0046547921319773
ar08_shifted_scale,0.8,300,30,adaptive_joint_nominal,0.9860280000000001,0.862713567839196,101.19778611049345,104.07428692626183,0.6124263557235241,0.815490819648719,1.0046547921319773
ar08_shifted_scale,0.8,300,31,shared_oas,0.884884,0.5951758793969849,86.8328826943958,95.52759219674564,0.6251431554460534,0.7768896092296674,1.0176412985450525
ar08_shifted_scale,0.8,300,31,peer_nominal,0.8812920000000001,0.6,86.8328826943958,95.52759219674564,0.6251431554460534,0.7768896092296674,1.0176412985450525
ar08_shifted_scale,0.8,300,31,peer_shrunk_nominal,0.887312,0.6088442211055276,86.8328826943958,95.52759219674564,0.6251431554460534,0.7768896092296674,1.0176412985450525
ar08_shifted_scale,0.8,300,31,peer_cov_ess,0.803072,0.5366834170854271,86.8328826943958,95.52759219674564,0.6251431554460534,0.7768896092296674,1.0176412985450525
ar08_shifted_scale,0.8,300,31,adaptive_cov_ess,0.883948,0.5963819095477387,86.8328826943958,95.52759219674564,0.6251431554460534,0.7768896092296674,1.0176412985450525
ar08_shifted_scale,0.8,300,31,adaptive_nominal,0.9095679999999999,0.6319597989949749,86.8328826943958,95.52759219674564,0.6251431554460534,0.7768896092296674,1.0176412985450525
ar08_shifted_scale,0.8,300,31,adaptive_joint_nominal,0.915896,0.6418090452261307,86.8328826943958,95.52759219674564,0.6251431554460534,0.7768896092296674,1.0176412985450525
ar08_shifted_scale,0.8,300,32,shared_oas,0.90014,0.5477386934673367,86.28851657943252,96.24074509769082,0.6411782798995975,0.7207536472898355,0.9832218571286597
ar08_shifted_scale,0.8,300,32,peer_nominal,0.891868,0.5569849246231156,86.28851657943252,96.24074509769082,0.6411782798995975,0.7207536472898355,0.9832218571286597
ar08_shifted_scale,0.8,300,32,peer_shrunk_nominal,0.8923519999999999,0.5519597989949749,86.28851657943252,96.24074509769082,0.6411782798995975,0.7207536472898355,0.9832218571286597
ar08_shifted_scale,0.8,300,32,peer_cov_ess,0.8219080000000001,0.5125628140703518,86.28851657943252,96.24074509769082,0.6411782798995975,0.7207536472898355,0.9832218571286597
ar08_shifted_scale,0.8,300,32,adaptive_cov_ess,0.901844,0.5809045226130654,86.28851657943252,96.24074509769082,0.6411782798995975,0.7207536472898355,0.9832218571286597
ar08_shifted_scale,0.8,300,32,adaptive_nominal,0.9093359999999999,0.5981909547738693,86.28851657943252,96.24074509769082,0.6411782798995975,0.7207536472898355,0.9832218571286597
ar08_shifted_scale,0.8,300,32,adaptive_joint_nominal,0.90958,0.5927638190954774,86.28851657943252,96.24074509769082,0.6411782798995975,0.7207536472898355,0.9832218571286597
ar08_shifted_scale,0.8,300,33,shared_oas,0.975732,0.7167839195979899,92.30183093122913,96.25407122306899,0.676125309702126,0.7569085962324744,1.0203668968837585
ar08_shifted_scale,0.8,300,33,peer_nominal,0.979096,0.7171859296482412,92.30183093122913,96.25407122306899,0.676125309702126,0.7569085962324744,1.0203668968837585
ar08_shifted_scale,0.8,300,33,peer_shrunk_nominal,0.9815320000000001,0.7189949748743719,92.30183093122913,96.25407122306899,0.676125309702126,0.7569085962324744,1.0203668968837585
ar08_shifted_scale,0.8,300,33,peer_cov_ess,0.923692,0.5618090452261306,92.30183093122913,96.25407122306899,0.676125309702126,0.7569085962324744,1.0203668968837585
ar08_shifted_scale,0.8,300,33,adaptive_cov_ess,0.984692,0.7358793969849247,92.30183093122913,96.25407122306899,0.676125309702126,0.7569085962324744,1.0203668968837585
ar08_shifted_scale,0.8,300,33,adaptive_nominal,0.990896,0.8158793969849246,92.30183093122913,96.25407122306899,0.676125309702126,0.7569085962324744,1.0203668968837585
ar08_shifted_scale,0.8,300,33,adaptive_joint_nominal,0.992088,0.8225125628140704,92.30183093122913,96.25407122306899,0.676125309702126,0.7569085962324744,1.0203668968837585
ar08_shifted_scale,0.8,300,34,shared_oas,0.965204,0.687035175879397,89.226891366565,93.81589305705961,0.6438970946657987,0.8494287068257607,0.9769291613871887
ar08_shifted_scale,0.8,300,34,peer_nominal,0.977536,0.7202010050251256,89.226891366565,93.81589305705961,0.6438970946657987,0.8494287068257607,0.9769291613871887
ar08_shifted_scale,0.8,300,34,peer_shrunk_nominal,0.9793999999999999,0.7459296482412061,89.226891366565,93.81589305705961,0.6438970946657987,0.8494287068257607,0.9769291613871887
ar08_shifted_scale,0.8,300,34,peer_cov_ess,0.91642,0.592964824120603,89.226891366565,93.81589305705961,0.6438970946657987,0.8494287068257607,0.9769291613871887
ar08_shifted_scale,0.8,300,34,adaptive_cov_ess,0.987536,0.841608040201005,89.226891366565,93.81589305705961,0.6438970946657987,0.8494287068257607,0.9769291613871887
ar08_shifted_scale,0.8,300,34,adaptive_nominal,0.988424,0.8201005025125628,89.226891366565,93.81589305705961,0.6438970946657987,0.8494287068257607,0.9769291613871887
ar08_shifted_scale,0.8,300,34,adaptive_joint_nominal,0.99014,0.8424120603015075,89.226891366565,93.81589305705961,0.6438970946657987,0.8494287068257607,0.9769291613871887
ar08_shifted_scale,0.8,300,35,shared_oas,0.951272,0.6464321608040201,90.23852786818671,101.27169998666997,0.6729240076847404,0.8345689286015598,1.0002975536533387
ar08_shifted_scale,0.8,300,35,peer_nominal,0.9539480000000001,0.661105527638191,90.23852786818671,101.27169998666997,0.6729240076847404,0.8345689286015598,1.0002975536533387
ar08_shifted_scale,0.8,300,35,peer_shrunk_nominal,0.9462280000000001,0.6420100502512562,90.23852786818671,101.27169998666997,0.6729240076847404,0.8345689286015598,1.0002975536533387
ar08_shifted_scale,0.8,300,35,peer_cov_ess,0.88558,0.5503517587939699,90.23852786818671,101.27169998666997,0.6729240076847404,0.8345689286015598,1.0002975536533387
ar08_shifted_scale,0.8,300,35,adaptive_cov_ess,0.9630800000000002,0.7141708542713567,90.23852786818671,101.27169998666997,0.6729240076847404,0.8345689286015598,1.0002975536533387
ar08_shifted_scale,0.8,300,35,adaptive_nominal,0.968704,0.7191959798994975,90.23852786818671,101.27169998666997,0.6729240076847404,0.8345689286015598,1.0002975536533387
ar08_shifted_scale,0.8,300,35,adaptive_joint_nominal,0.963588,0.7045226130653266,90.23852786818671,101.27169998666997,0.6729240076847404,0.8345689286015598,1.0002975536533387
ar08_shifted_scale,0.8,300,36,shared_oas,0.9828840000000001,0.8104522613065326,90.20461330402291,103.5606746476439,0.6337379765356266,0.7877260608552341,0.997283198642819
ar08_shifted_scale,0.8,300,36,peer_nominal,0.9877879999999999,0.8096482412060302,90.20461330402291,103.5606746476439,0.6337379765356266,0.7877260608552341,0.997283198642819
ar08_shifted_scale,0.8,300,36,peer_shrunk_nominal,0.989168,0.834572864321608,90.20461330402291,103.5606746476439,0.6337379765356266,0.7877260608552341,0.997283198642819
ar08_shifted_scale,0.8,300,36,peer_cov_ess,0.933452,0.5971859296482412,90.20461330402291,103.5606746476439,0.6337379765356266,0.7877260608552341,0.997283198642819
ar08_shifted_scale,0.8,300,36,adaptive_cov_ess,0.9938879999999999,0.8912562814070351,90.20461330402291,103.5606746476439,0.6337379765356266,0.7877260608552341,0.997283198642819
ar08_shifted_scale,0.8,300,36,adaptive_nominal,0.997012,0.9382914572864322,90.20461330402291,103.5606746476439,0.6337379765356266,0.7877260608552341,0.997283198642819
ar08_shifted_scale,0.8,300,36,adaptive_joint_nominal,0.997224,0.9445226130653266,90.20461330402291,103.5606746476439,0.6337379765356266,0.7877260608552341,0.997283198642819
ar08_shifted_scale,0.8,300,37,shared_oas,0.986456,0.8088442211055276,95.73342931653353,103.2307987182748,0.6471669439630066,0.7408622241542049,1.0018203608016192
ar08_shifted_scale,0.8,300,37,peer_nominal,0.9901000000000001,0.8325628140703518,95.73342931653353,103.2307987182748,0.6471669439630066,0.7408622241542049,1.0018203608016192
ar08_shifted_scale,0.8,300,37,peer_shrunk_nominal,0.989264,0.8118592964824121,95.73342931653353,103.2307987182748,0.6471669439630066,0.7408622241542049,1.0018203608016192
ar08_shifted_scale,0.8,300,37,peer_cov_ess,0.9382159999999999,0.6317587939698492,95.73342931653353,103.2307987182748,0.6471669439630066,0.7408622241542049,1.0018203608016192
ar08_shifted_scale,0.8,300,37,adaptive_cov_ess,0.9924040000000001,0.8474371859296482,95.73342931653353,103.2307987182748,0.6471669439630066,0.7408622241542049,1.0018203608016192
ar08_shifted_scale,0.8,300,37,adaptive_nominal,0.997036,0.9097487437185929,95.73342931653353,103.2307987182748,0.6471669439630066,0.7408622241542049,1.0018203608016192
ar08_shifted_scale,0.8,300,37,adaptive_joint_nominal,0.996532,0.9023115577889447,95.73342931653353,103.2307987182748,0.6471669439630066,0.7408622241542049,1.0018203608016192
ar08_shifted_scale,0.8,300,38,shared_oas,0.843068,0.5744723618090453,94.97201235482524,96.30359919394186,0.6652889846447291,0.8583617205213835,0.9967842260819872
ar08_shifted_scale,0.8,300,38,peer_nominal,0.85382,0.5851256281407036,94.97201235482524,96.30359919394186,0.6652889846447291,0.8583617205213835,0.9967842260819872
ar08_shifted_scale,0.8,300,38,peer_shrunk_nominal,0.848536,0.5873366834170854,94.97201235482524,96.30359919394186,0.6652889846447291,0.8583617205213835,0.9967842260819872
ar08_shifted_scale,0.8,300,38,peer_cov_ess,0.7545919999999999,0.5374874371859296,94.97201235482524,96.30359919394186,0.6652889846447291,0.8583617205213835,0.9967842260819872
ar08_shifted_scale,0.8,300,38,adaptive_cov_ess,0.8421800000000002,0.5835175879396985,94.97201235482524,96.30359919394186,0.6652889846447291,0.8583617205213835,0.9967842260819872
ar08_shifted_scale,0.8,300,38,adaptive_nominal,0.8888039999999999,0.6235175879396985,94.97201235482524,96.30359919394186,0.6652889846447291,0.8583617205213835,0.9967842260819872
ar08_shifted_scale,0.8,300,38,adaptive_joint_nominal,0.8841279999999999,0.6146733668341708,94.97201235482524,96.30359919394186,0.6652889846447291,0.8583617205213835,0.9967842260819872
ar08_shifted_scale,0.8,300,39,shared_oas,0.8348080000000001,0.5991959798994975,75.07467193883264,86.78053780454849,0.5661114806381742,0.7997151425698065,1.1063274546051771
ar08_shifted_scale,0.8,300,39,peer_nominal,0.852508,0.5951758793969849,75.07467193883264,86.78053780454849,0.5661114806381742,0.7997151425698065,1.1063274546051771
ar08_shifted_scale,0.8,300,39,peer_shrunk_nominal,0.8579640000000001,0.5917587939698492,75.07467193883264,86.78053780454849,0.5661114806381742,0.7997151425698065,1.1063274546051771
ar08_shifted_scale,0.8,300,39,peer_cov_ess,0.7268600000000001,0.5338693467336684,75.07467193883264,86.78053780454849,0.5661114806381742,0.7997151425698065,1.1063274546051771
ar08_shifted_scale,0.8,300,39,adaptive_cov_ess,0.8470679999999999,0.5907537688442211,75.07467193883264,86.78053780454849,0.5661114806381742,0.7997151425698065,1.1063274546051771
ar08_shifted_scale,0.8,300,39,adaptive_nominal,0.8891640000000001,0.6468341708542713,75.07467193883264,86.78053780454849,0.5661114806381742,0.7997151425698065,1.1063274546051771
ar08_shifted_scale,0.8,300,39,adaptive_joint_nominal,0.89132,0.6327638190954774,75.07467193883264,86.78053780454849,0.5661114806381742,0.7997151425698065,1.1063274546051771
ar08_shifted_scale,0.8,1000,0,shared_oas,0.666312,0.5089447236180904,266.07349433707435,275.8892848071063,0.8269444400654656,0.9152453233974199,1.0402762546721616
ar08_shifted_scale,0.8,1000,0,peer_nominal,0.67906,0.5119597989949749,266.07349433707435,275.8892848071063,0.8269444400654656,0.9152453233974199,1.0402762546721616
ar08_shifted_scale,0.8,1000,0,peer_shrunk_nominal,0.685108,0.5125628140703518,266.07349433707435,275.8892848071063,0.8269444400654656,0.9152453233974199,1.0402762546721616
ar08_shifted_scale,0.8,1000,0,peer_cov_ess,0.675608,0.5107537688442211,266.07349433707435,275.8892848071063,0.8269444400654656,0.9152453233974199,1.0402762546721616
ar08_shifted_scale,0.8,1000,0,adaptive_cov_ess,0.6761159999999999,0.5115577889447236,266.07349433707435,275.8892848071063,0.8269444400654656,0.9152453233974199,1.0402762546721616
ar08_shifted_scale,0.8,1000,0,adaptive_nominal,0.67714,0.5115577889447236,266.07349433707435,275.8892848071063,0.8269444400654656,0.9152453233974199,1.0402762546721616
ar08_shifted_scale,0.8,1000,0,adaptive_joint_nominal,0.6822360000000001,0.5121608040201004,266.07349433707435,275.8892848071063,0.8269444400654656,0.9152453233974199,1.0402762546721616
ar08_shifted_scale,0.8,1000,1,shared_oas,0.672216,0.518391959798995,273.8127435017953,284.1313947004794,0.8214487051791168,0.9101082003547916,1.0663382960593837
ar08_shifted_scale,0.8,1000,1,peer_nominal,0.6538999999999999,0.5149748743718593,273.8127435017953,284.1313947004794,0.8214487051791168,0.9101082003547916,1.0663382960593837
ar08_shifted_scale,0.8,1000,1,peer_shrunk_nominal,0.6626999999999998,0.518391959798995,273.8127435017953,284.1313947004794,0.8214487051791168,0.9101082003547916,1.0663382960593837
ar08_shifted_scale,0.8,1000,1,peer_cov_ess,0.64832,0.505929648241206,273.8127435017953,284.1313947004794,0.8214487051791168,0.9101082003547916,1.0663382960593837
ar08_shifted_scale,0.8,1000,1,adaptive_cov_ess,0.6514679999999999,0.518391959798995,273.8127435017953,284.1313947004794,0.8214487051791168,0.9101082003547916,1.0663382960593837
ar08_shifted_scale,0.8,1000,1,adaptive_nominal,0.654276,0.5189949748743719,273.8127435017953,284.1313947004794,0.8214487051791168,0.9101082003547916,1.0663382960593837
ar08_shifted_scale,0.8,1000,1,adaptive_joint_nominal,0.663164,0.5240201005025126,273.8127435017953,284.1313947004794,0.8214487051791168,0.9101082003547916,1.0663382960593837
ar08_shifted_scale,0.8,1000,2,shared_oas,0.882256,0.639396984924623,269.34068113506675,287.9115190630654,0.8594649162339019,0.8815065254450758,1.1060947678438109
ar08_shifted_scale,0.8,1000,2,peer_nominal,0.880496,0.6351758793969849,269.34068113506675,287.9115190630654,0.8594649162339019,0.8815065254450758,1.1060947678438109
ar08_shifted_scale,0.8,1000,2,peer_shrunk_nominal,0.8799600000000001,0.639396984924623,269.34068113506675,287.9115190630654,0.8594649162339019,0.8815065254450758,1.1060947678438109
ar08_shifted_scale,0.8,1000,2,peer_cov_ess,0.8365039999999999,0.5784924623115578,269.34068113506675,287.9115190630654,0.8594649162339019,0.8815065254450758,1.1060947678438109
ar08_shifted_scale,0.8,1000,2,adaptive_cov_ess,0.879928,0.6261306532663317,269.34068113506675,287.9115190630654,0.8594649162339019,0.8815065254450758,1.1060947678438109
ar08_shifted_scale,0.8,1000,2,adaptive_nominal,0.892816,0.6474371859296483,269.34068113506675,287.9115190630654,0.8594649162339019,0.8815065254450758,1.1060947678438109
ar08_shifted_scale,0.8,1000,2,adaptive_joint_nominal,0.891856,0.648643216080402,269.34068113506675,287.9115190630654,0.8594649162339019,0.8815065254450758,1.1060947678438109
ar08_shifted_scale,0.8,1000,3,shared_oas,0.9521559999999999,0.6962814070351758,283.34723968755816,287.7038018257524,0.8473364805257668,0.903512271090364,1.1495013140064385
ar08_shifted_scale,0.8,1000,3,peer_nominal,0.951516,0.6958793969849246,283.34723968755816,287.7038018257524,0.8473364805257668,0.903512271090364,1.1495013140064385
ar08_shifted_scale,0.8,1000,3,peer_shrunk_nominal,0.955804,0.7017085427135679,283.34723968755816,287.7038018257524,0.8473364805257668,0.903512271090364,1.1495013140064385
ar08_shifted_scale,0.8,1000,3,peer_cov_ess,0.91322,0.6028140703517588,283.34723968755816,287.7038018257524,0.8473364805257668,0.903512271090364,1.1495013140064385
ar08_shifted_scale,0.8,1000,3,adaptive_cov_ess,0.959668,0.7316582914572864,283.34723968755816,287.7038018257524,0.8473364805257668,0.903512271090364,1.1495013140064385
ar08_shifted_scale,0.8,1000,3,adaptive_nominal,0.962776,0.7384924623115579,283.34723968755816,287.7038018257524,0.8473364805257668,0.903512271090364,1.1495013140064385
ar08_shifted_scale,0.8,1000,3,adaptive_joint_nominal,0.966452,0.7575879396984925,283.34723968755816,287.7038018257524,0.8473364805257668,0.903512271090364,1.1495013140064385
ar08_shifted_scale,0.8,1000,4,shared_oas,0.9689,0.735678391959799,275.1688734812872,272.8757360109307,0.8438459078727507,0.8865838099028293,0.9873637550337533
ar08_shifted_scale,0.8,1000,4,peer_nominal,0.9668680000000001,0.7111557788944725,275.1688734812872,272.8757360109307,0.8438459078727507,0.8865838099028293,0.9873637550337533
ar08_shifted_scale,0.8,1000,4,peer_shrunk_nominal,0.969216,0.7208040201005025,275.1688734812872,272.8757360109307,0.8438459078727507,0.8865838099028293,0.9873637550337533
ar08_shifted_scale,0.8,1000,4,peer_cov_ess,0.95068,0.6474371859296482,275.1688734812872,272.8757360109307,0.8438459078727507,0.8865838099028293,0.9873637550337533
ar08_shifted_scale,0.8,1000,4,adaptive_cov_ess,0.967352,0.7071356783919598,275.1688734812872,272.8757360109307,0.8438459078727507,0.8865838099028293,0.9873637550337533
ar08_shifted_scale,0.8,1000,4,adaptive_nominal,0.9701120000000001,0.7280402010050251,275.1688734812872,272.8757360109307,0.8438459078727507,0.8865838099028293,0.9873637550337533
ar08_shifted_scale,0.8,1000,4,adaptive_joint_nominal,0.972092,0.7384924623115579,275.1688734812872,272.8757360109307,0.8438459078727507,0.8865838099028293,0.9873637550337533
ar08_shifted_scale,0.8,1000,5,shared_oas,0.9982120000000001,0.9511557788944724,258.1973057963915,260.2357661858282,0.8383985317924993,0.9020546980654846,1.1413185166476227
ar08_shifted_scale,0.8,1000,5,peer_nominal,0.9984360000000001,0.9616080402010051,258.1973057963915,260.2357661858282,0.8383985317924993,0.9020546980654846,1.1413185166476227
ar08_shifted_scale,0.8,1000,5,peer_shrunk_nominal,0.998528,0.9636180904522613,258.1973057963915,260.2357661858282,0.8383985317924993,0.9020546980654846,1.1413185166476227
ar08_shifted_scale,0.8,1000,5,peer_cov_ess,0.9920959999999999,0.8695477386934674,258.1973057963915,260.2357661858282,0.8383985317924993,0.9020546980654846,1.1413185166476227
ar08_shifted_scale,0.8,1000,5,adaptive_cov_ess,0.9989,0.9706532663316583,258.1973057963915,260.2357661858282,0.8383985317924993,0.9020546980654846,1.1413185166476227
ar08_shifted_scale,0.8,1000,5,adaptive_nominal,0.999104,0.9774874371859297,258.1973057963915,260.2357661858282,0.8383985317924993,0.9020546980654846,1.1413185166476227
ar08_shifted_scale,0.8,1000,5,adaptive_joint_nominal,0.999128,0.9780904522613065,258.1973057963915,260.2357661858282,0.8383985317924993,0.9020546980654846,1.1413185166476227
ar08_shifted_scale,0.8,1000,6,shared_oas,0.9646719999999999,0.7185929648241206,259.1644607120049,269.98721540009035,0.808439025937109,0.9037181534553491,1.0997170409206958
ar08_shifted_scale,0.8,1000,6,peer_nominal,0.96546,0.7260301507537689,259.1644607120049,269.98721540009035,0.808439025937109,0.9037181534553491,1.0997170409206958
ar08_shifted_scale,0.8,1000,6,peer_shrunk_nominal,0.9672680000000002,0.7362814070351759,259.1644607120049,269.98721540009035,0.808439025937109,0.9037181534553491,1.0997170409206958
ar08_shifted_scale,0.8,1000,6,peer_cov_ess,0.936352,0.6249246231155778,259.1644607120049,269.98721540009035,0.808439025937109,0.9037181534553491,1.0997170409206958
ar08_shifted_scale,0.8,1000,6,adaptive_cov_ess,0.9684879999999999,0.7489447236180904,259.1644607120049,269.98721540009035,0.808439025937109,0.9037181534553491,1.0997170409206958
ar08_shifted_scale,0.8,1000,6,adaptive_nominal,0.971376,0.7551758793969849,259.1644607120049,269.98721540009035,0.808439025937109,0.9037181534553491,1.0997170409206958
ar08_shifted_scale,0.8,1000,6,adaptive_joint_nominal,0.9728,0.7608040201005024,259.1644607120049,269.98721540009035,0.808439025937109,0.9037181534553491,1.0997170409206958
ar08_shifted_scale,0.8,1000,7,shared_oas,0.998292,0.975075376884422,263.8889727322812,290.047469502211,0.8194746970925098,0.85183460881968,1.084070713615768
ar08_shifted_scale,0.8,1000,7,peer_nominal,0.998364,0.9700502512562814,263.8889727322812,290.047469502211,0.8194746970925098,0.85183460881968,1.084070713615768
ar08_shifted_scale,0.8,1000,7,peer_shrunk_nominal,0.998372,0.9688442211055276,263.8889727322812,290.047469502211,0.8194746970925098,0.85183460881968,1.084070713615768
ar08_shifted_scale,0.8,1000,7,peer_cov_ess,0.991404,0.8711557788944724,263.8889727322812,290.047469502211,0.8194746970925098,0.85183460881968,1.084070713615768
ar08_shifted_scale,0.8,1000,7,adaptive_cov_ess,0.998576,0.972462311557789,263.8889727322812,290.047469502211,0.8194746970925098,0.85183460881968,1.084070713615768
ar08_shifted_scale,0.8,1000,7,adaptive_nominal,0.99914,0.9845226130653266,263.8889727322812,290.047469502211,0.8194746970925098,0.85183460881968,1.084070713615768
ar08_shifted_scale,0.8,1000,7,adaptive_joint_nominal,0.999152,0.9851256281407035,263.8889727322812,290.047469502211,0.8194746970925098,0.85183460881968,1.084070713615768
ar08_shifted_scale,0.8,1000,8,shared_oas,0.995552,0.9210050251256281,274.1322787285078,297.55602505145544,0.8512859411453012,0.8753694577659625,1.1002106593145768
ar08_shifted_scale,0.8,1000,8,peer_nominal,0.9991279999999999,0.9746733668341708,274.1322787285078,297.55602505145544,0.8512859411453012,0.8753694577659625,1.1002106593145768
ar08_shifted_scale,0.8,1000,8,peer_shrunk_nominal,0.999204,0.976683417085427,274.1322787285078,297.55602505145544,0.8512859411453012,0.8753694577659625,1.1002106593145768
ar08_shifted_scale,0.8,1000,8,peer_cov_ess,0.99422,0.892462311557789,274.1322787285078,297.55602505145544,0.8512859411453012,0.8753694577659625,1.1002106593145768
ar08_shifted_scale,0.8,1000,8,adaptive_cov_ess,0.9992319999999999,0.9790954773869347,274.1322787285078,297.55602505145544,0.8512859411453012,0.8753694577659625,1.1002106593145768
ar08_shifted_scale,0.8,1000,8,adaptive_nominal,0.999676,0.991356783919598,274.1322787285078,297.55602505145544,0.8512859411453012,0.8753694577659625,1.1002106593145768
ar08_shifted_scale,0.8,1000,8,adaptive_joint_nominal,0.99968,0.9909547738693467,274.1322787285078,297.55602505145544,0.8512859411453012,0.8753694577659625,1.1002106593145768
ar08_shifted_scale,0.8,1000,9,shared_oas,0.946676,0.7061306532663316,272.96786197977775,287.2348101129909,0.818043821600211,0.9073218412754398,1.0409425436564497
ar08_shifted_scale,0.8,1000,9,peer_nominal,0.9418880000000001,0.6924623115577889,272.96786197977775,287.2348101129909,0.818043821600211,0.9073218412754398,1.0409425436564497
ar08_shifted_scale,0.8,1000,9,peer_shrunk_nominal,0.9385080000000001,0.6878391959798995,272.96786197977775,287.2348101129909,0.818043821600211,0.9073218412754398,1.0409425436564497
ar08_shifted_scale,0.8,1000,9,peer_cov_ess,0.91134,0.6303517587939699,272.96786197977775,287.2348101129909,0.818043821600211,0.9073218412754398,1.0409425436564497
ar08_shifted_scale,0.8,1000,9,adaptive_cov_ess,0.940372,0.6844221105527638,272.96786197977775,287.2348101129909,0.818043821600211,0.9073218412754398,1.0409425436564497
ar08_shifted_scale,0.8,1000,9,adaptive_nominal,0.9475480000000001,0.6856281407035176,272.96786197977775,287.2348101129909,0.818043821600211,0.9073218412754398,1.0409425436564497
ar08_shifted_scale,0.8,1000,9,adaptive_joint_nominal,0.944332,0.6783919597989949,272.96786197977775,287.2348101129909,0.818043821600211,0.9073218412754398,1.0409425436564497
ar08_shifted_scale,0.8,1000,10,shared_oas,0.982836,0.8856281407035176,269.9492463789923,257.8860377126923,0.8023218344976213,0.9074604367752912,1.0840614136006914
ar08_shifted_scale,0.8,1000,10,peer_nominal,0.9822879999999999,0.876180904522613,269.9492463789923,257.8860377126923,0.8023218344976213,0.9074604367752912,1.0840614136006914
ar08_shifted_scale,0.8,1000,10,peer_shrunk_nominal,0.982096,0.8777889447236181,269.9492463789923,257.8860377126923,0.8023218344976213,0.9074604367752912,1.0840614136006914
ar08_shifted_scale,0.8,1000,10,peer_cov_ess,0.9669960000000001,0.8255276381909546,269.9492463789923,257.8860377126923,0.8023218344976213,0.9074604367752912,1.0840614136006914
ar08_shifted_scale,0.8,1000,10,adaptive_cov_ess,0.98476,0.8946733668341709,269.9492463789923,257.8860377126923,0.8023218344976213,0.9074604367752912,1.0840614136006914
ar08_shifted_scale,0.8,1000,10,adaptive_nominal,0.9858439999999999,0.8936683417085427,269.9492463789923,257.8860377126923,0.8023218344976213,0.9074604367752912,1.0840614136006914
ar08_shifted_scale,0.8,1000,10,adaptive_joint_nominal,0.9856760000000001,0.8948743718592964,269.9492463789923,257.8860377126923,0.8023218344976213,0.9074604367752912,1.0840614136006914
ar08_shifted_scale,0.8,1000,11,shared_oas,0.992416,0.8343718592964824,265.762170004175,267.7073592334956,0.8108756217622148,0.8713158041923869,1.1129515183933802
ar08_shifted_scale,0.8,1000,11,peer_nominal,0.99242,0.8404020100502513,265.762170004175,267.7073592334956,0.8108756217622148,0.8713158041923869,1.1129515183933802
ar08_shifted_scale,0.8,1000,11,peer_shrunk_nominal,0.992568,0.8395979899497488,265.762170004175,267.7073592334956,0.8108756217622148,0.8713158041923869,1.1129515183933802
ar08_shifted_scale,0.8,1000,11,peer_cov_ess,0.9823520000000001,0.7338693467336683,265.762170004175,267.7073592334956,0.8108756217622148,0.8713158041923869,1.1129515183933802
ar08_shifted_scale,0.8,1000,11,adaptive_cov_ess,0.99258,0.8474371859296483,265.762170004175,267.7073592334956,0.8108756217622148,0.8713158041923869,1.1129515183933802
ar08_shifted_scale,0.8,1000,11,adaptive_nominal,0.993932,0.8677386934673367,265.762170004175,267.7073592334956,0.8108756217622148,0.8713158041923869,1.1129515183933802
ar08_shifted_scale,0.8,1000,11,adaptive_joint_nominal,0.994052,0.8687437185929648,265.762170004175,267.7073592334956,0.8108756217622148,0.8713158041923869,1.1129515183933802
ar08_shifted_scale,0.8,1000,12,shared_oas,0.586516,0.5119597989949749,269.21618773490394,271.97164096578354,0.7968514870250988,0.9088544588820259,1.0367737885113133
ar08_shifted_scale,0.8,1000,12,peer_nominal,0.5675279999999999,0.511356783919598,269.21618773490394,271.97164096578354,0.7968514870250988,0.9088544588820259,1.0367737885113133
ar08_shifted_scale,0.8,1000,12,peer_shrunk_nominal,0.593188,0.5135678391959799,269.21618773490394,271.97164096578354,0.7968514870250988,0.9088544588820259,1.0367737885113133
ar08_shifted_scale,0.8,1000,12,peer_cov_ess,0.576604,0.5099497487437186,269.21618773490394,271.97164096578354,0.7968514870250988,0.9088544588820259,1.0367737885113133
ar08_shifted_scale,0.8,1000,12,adaptive_cov_ess,0.565248,0.5107537688442211,269.21618773490394,271.97164096578354,0.7968514870250988,0.9088544588820259,1.0367737885113133
ar08_shifted_scale,0.8,1000,12,adaptive_nominal,0.563764,0.5099497487437186,269.21618773490394,271.97164096578354,0.7968514870250988,0.9088544588820259,1.0367737885113133
ar08_shifted_scale,0.8,1000,12,adaptive_joint_nominal,0.589072,0.5117587939698492,269.21618773490394,271.97164096578354,0.7968514870250988,0.9088544588820259,1.0367737885113133
ar08_shifted_scale,0.8,1000,13,shared_oas,0.813828,0.5324623115577889,276.21238138404163,262.2572901256525,0.8424428267894106,0.8813659678460881,1.1271562730660967
ar08_shifted_scale,0.8,1000,13,peer_nominal,0.8181960000000001,0.5417085427135678,276.21238138404163,262.2572901256525,0.8424428267894106,0.8813659678460881,1.1271562730660967
ar08_shifted_scale,0.8,1000,13,peer_shrunk_nominal,0.8211440000000001,0.5493467336683417,276.21238138404163,262.2572901256525,0.8424428267894106,0.8813659678460881,1.1271562730660967
ar08_shifted_scale,0.8,1000,13,peer_cov_ess,0.7805600000000001,0.5264321608040201,276.21238138404163,262.2572901256525,0.8424428267894106,0.8813659678460881,1.1271562730660967
ar08_shifted_scale,0.8,1000,13,adaptive_cov_ess,0.8271560000000001,0.5533668341708543,276.21238138404163,262.2572901256525,0.8424428267894106,0.8813659678460881,1.1271562730660967
ar08_shifted_scale,0.8,1000,13,adaptive_nominal,0.83134,0.5519597989949748,276.21238138404163,262.2572901256525,0.8424428267894106,0.8813659678460881,1.1271562730660967
ar08_shifted_scale,0.8,1000,13,adaptive_joint_nominal,0.8342360000000001,0.5565829145728644,276.21238138404163,262.2572901256525,0.8424428267894106,0.8813659678460881,1.1271562730660967
ar08_shifted_scale,0.8,1000,14,shared_oas,0.872244,0.6558793969849246,280.094811157464,305.4058700103302,0.8288324108144224,0.8892365248963867,1.041483848638074
ar08_shifted_scale,0.8,1000,14,peer_nominal,0.879812,0.6468341708542713,280.094811157464,305.4058700103302,0.8288324108144224,0.8892365248963867,1.041483848638074
ar08_shifted_scale,0.8,1000,14,peer_shrunk_nominal,0.8849399999999998,0.6560804020100502,280.094811157464,305.4058700103302,0.8288324108144224,0.8892365248963867,1.041483848638074
ar08_shifted_scale,0.8,1000,14,peer_cov_ess,0.8522799999999999,0.6076381909547739,280.094811157464,305.4058700103302,0.8288324108144224,0.8892365248963867,1.041483848638074
ar08_shifted_scale,0.8,1000,14,adaptive_cov_ess,0.8787039999999999,0.6434170854271357,280.094811157464,305.4058700103302,0.8288324108144224,0.8892365248963867,1.041483848638074
ar08_shifted_scale,0.8,1000,14,adaptive_nominal,0.8863880000000001,0.6522613065326632,280.094811157464,305.4058700103302,0.8288324108144224,0.8892365248963867,1.041483848638074
ar08_shifted_scale,0.8,1000,14,adaptive_joint_nominal,0.8913880000000001,0.6667336683417086,280.094811157464,305.4058700103302,0.8288324108144224,0.8892365248963867,1.041483848638074
ar08_shifted_scale,0.8,1000,15,shared_oas,0.99462,0.937286432160804,257.9773702890663,262.23602949964595,0.7983203744753808,0.8945864409736395,1.1199889008708697
ar08_shifted_scale,0.8,1000,15,peer_nominal,0.997404,0.96321608040201,257.9773702890663,262.23602949964595,0.7983203744753808,0.8945864409736395,1.1199889008708697
ar08_shifted_scale,0.8,1000,15,peer_shrunk_nominal,0.9970279999999999,0.9579899497487437,257.9773702890663,262.23602949964595,0.7983203744753808,0.8945864409736395,1.1199889008708697
ar08_shifted_scale,0.8,1000,15,peer_cov_ess,0.9918480000000001,0.902713567839196,257.9773702890663,262.23602949964595,0.7983203744753808,0.8945864409736395,1.1199889008708697
ar08_shifted_scale,0.8,1000,15,adaptive_cov_ess,0.997432,0.9595979899497487,257.9773702890663,262.23602949964595,0.7983203744753808,0.8945864409736395,1.1199889008708697
ar08_shifted_scale,0.8,1000,15,adaptive_nominal,0.99802,0.970854271356784,257.9773702890663,262.23602949964595,0.7983203744753808,0.8945864409736395,1.1199889008708697
ar08_shifted_scale,0.8,1000,15,adaptive_joint_nominal,0.9976719999999999,0.9668341708542714,257.9773702890663,262.23602949964595,0.7983203744753808,0.8945864409736395,1.1199889008708697
ar08_shifted_scale,0.8,1000,16,shared_oas,0.9586439999999999,0.6701507537688443,255.54310083493158,278.4938553220104,0.8178326850155935,0.9080497940523182,1.0276975782904867
ar08_shifted_scale,0.8,1000,16,peer_nominal,0.954708,0.6548743718592964,255.54310083493158,278.4938553220104,0.8178326850155935,0.9080497940523182,1.0276975782904867
ar08_shifted_scale,0.8,1000,16,peer_shrunk_nominal,0.954792,0.6601005025125628,255.54310083493158,278.4938553220104,0.8178326850155935,0.9080497940523182,1.0276975782904867
ar08_shifted_scale,0.8,1000,16,peer_cov_ess,0.917392,0.5698492462311557,255.54310083493158,278.4938553220104,0.8178326850155935,0.9080497940523182,1.0276975782904867
ar08_shifted_scale,0.8,1000,16,adaptive_cov_ess,0.958132,0.6810050251256281,255.54310083493158,278.4938553220104,0.8178326850155935,0.9080497940523182,1.0276975782904867
ar08_shifted_scale,0.8,1000,16,adaptive_nominal,0.962316,0.6914572864321608,255.54310083493158,278.4938553220104,0.8178326850155935,0.9080497940523182,1.0276975782904867
ar08_shifted_scale,0.8,1000,16,adaptive_joint_nominal,0.9624799999999999,0.697889447236181,255.54310083493158,278.4938553220104,0.8178326850155935,0.9080497940523182,1.0276975782904867
ar08_shifted_scale,0.8,1000,17,shared_oas,0.9606,0.7895477386934673,258.980491372885,264.7925770114137,0.8047659567644274,0.9050257598519023,1.1389780456989476
ar08_shifted_scale,0.8,1000,17,peer_nominal,0.975016,0.847035175879397,258.980491372885,264.7925770114137,0.8047659567644274,0.9050257598519023,1.1389780456989476
ar08_shifted_scale,0.8,1000,17,peer_shrunk_nominal,0.9776480000000001,0.8500502512562813,258.980491372885,264.7925770114137,0.8047659567644274,0.9050257598519023,1.1389780456989476
ar08_shifted_scale,0.8,1000,17,peer_cov_ess,0.948956,0.7214070351758795,258.980491372885,264.7925770114137,0.8047659567644274,0.9050257598519023,1.1389780456989476
ar08_shifted_scale,0.8,1000,17,adaptive_cov_ess,0.9765400000000001,0.8584924623115577,258.980491372885,264.7925770114137,0.8047659567644274,0.9050257598519023,1.1389780456989476
ar08_shifted_scale,0.8,1000,17,adaptive_nominal,0.9799440000000001,0.8548743718592964,258.980491372885,264.7925770114137,0.8047659567644274,0.9050257598519023,1.1389780456989476
ar08_shifted_scale,0.8,1000,17,adaptive_joint_nominal,0.981984,0.8625125628140704,258.980491372885,264.7925770114137,0.8047659567644274,0.9050257598519023,1.1389780456989476
ar08_shifted_scale,0.8,1000,18,shared_oas,0.898844,0.6603015075376885,274.670178098938,276.09718461825076,0.8201416483081754,0.8774471193627655,0.9959856730245806
ar08_shifted_scale,0.8,1000,18,peer_nominal,0.8942519999999999,0.6516582914572864,274.670178098938,276.09718461825076,0.8201416483081754,0.8774471193627655,0.9959856730245806
ar08_shifted_scale,0.8,1000,18,peer_shrunk_nominal,0.8904439999999999,0.650854271356784,274.670178098938,276.09718461825076,0.8201416483081754,0.8774471193627655,0.9959856730245806
ar08_shifted_scale,0.8,1000,18,peer_cov_ess,0.85786,0.5823115577889447,274.670178098938,276.09718461825076,0.8201416483081754,0.8774471193627655,0.9959856730245806
ar08_shifted_scale,0.8,1000,18,adaptive_cov_ess,0.8978919999999999,0.6578894472361809,274.670178098938,276.09718461825076,0.8201416483081754,0.8774471193627655,0.9959856730245806
ar08_shifted_scale,0.8,1000,18,adaptive_nominal,0.90442,0.6701507537688443,274.670178098938,276.09718461825076,0.8201416483081754,0.8774471193627655,0.9959856730245806
ar08_shifted_scale,0.8,1000,18,adaptive_joint_nominal,0.900924,0.6641206030150754,274.670178098938,276.09718461825076,0.8201416483081754,0.8774471193627655,0.9959856730245806
ar08_shifted_scale,0.8,1000,19,shared_oas,0.989588,0.844824120603015,274.68475168354405,285.09505913871817,0.7889125768994852,0.9105200333657069,1.0833237987420965
ar08_shifted_scale,0.8,1000,19,peer_nominal,0.992588,0.8818090452261307,274.68475168354405,285.09505913871817,0.7889125768994852,0.9105200333657069,1.0833237987420965
ar08_shifted_scale,0.8,1000,19,peer_shrunk_nominal,0.992308,0.8769849246231156,274.68475168354405,285.09505913871817,0.7889125768994852,0.9105200333657069,1.0833237987420965
ar08_shifted_scale,0.8,1000,19,peer_cov_ess,0.974908,0.6912562814070351,274.68475168354405,285.09505913871817,0.7889125768994852,0.9105200333657069,1.0833237987420965
ar08_shifted_scale,0.8,1000,19,adaptive_cov_ess,0.9930999999999999,0.8842211055276383,274.68475168354405,285.09505913871817,0.7889125768994852,0.9105200333657069,1.0833237987420965
ar08_shifted_scale,0.8,1000,19,adaptive_nominal,0.9955,0.9278391959798995,274.68475168354405,285.09505913871817,0.7889125768994852,0.9105200333657069,1.0833237987420965
ar08_shifted_scale,0.8,1000,19,adaptive_joint_nominal,0.995296,0.9248241206030151,274.68475168354405,285.09505913871817,0.7889125768994852,0.9105200333657069,1.0833237987420965
ar08_shifted_scale,0.8,1000,20,shared_oas,0.991344,0.9250251256281408,264.4307203617282,265.309167036335,0.8171493040102381,0.9214328808960823,1.1323169345298911
ar08_shifted_scale,0.8,1000,20,peer_nominal,0.990432,0.9037185929648242,264.4307203617282,265.309167036335,0.8171493040102381,0.9214328808960823,1.1323169345298911
ar08_shifted_scale,0.8,1000,20,peer_shrunk_nominal,0.991084,0.9191959798994975,264.4307203617282,265.309167036335,0.8171493040102381,0.9214328808960823,1.1323169345298911
ar08_shifted_scale,0.8,1000,20,peer_cov_ess,0.9782839999999998,0.8050251256281407,264.4307203617282,265.309167036335,0.8171493040102381,0.9214328808960823,1.1323169345298911
ar08_shifted_scale,0.8,1000,20,adaptive_cov_ess,0.991368,0.9228140703517589,264.4307203617282,265.309167036335,0.8171493040102381,0.9214328808960823,1.1323169345298911
ar08_shifted_scale,0.8,1000,20,adaptive_nominal,0.99244,0.9272361809045226,264.4307203617282,265.309167036335,0.8171493040102381,0.9214328808960823,1.1323169345298911
ar08_shifted_scale,0.8,1000,20,adaptive_joint_nominal,0.9928119999999999,0.9354773869346734,264.4307203617282,265.309167036335,0.8171493040102381,0.9214328808960823,1.1323169345298911
ar08_shifted_scale,0.8,1000,21,shared_oas,0.9858920000000001,0.9107537688442211,280.45467586771235,294.21005263512893,0.8231896615251614,0.9189277294325544,1.1977474637208392
ar08_shifted_scale,0.8,1000,21,peer_nominal,0.987756,0.8930653266331658,280.45467586771235,294.21005263512893,0.8231896615251614,0.9189277294325544,1.1977474637208392
ar08_shifted_scale,0.8,1000,21,peer_shrunk_nominal,0.9879319999999999,0.8992964824120604,280.45467586771235,294.21005263512893,0.8231896615251614,0.9189277294325544,1.1977474637208392
ar08_shifted_scale,0.8,1000,21,peer_cov_ess,0.971352,0.7945728643216081,280.45467586771235,294.21005263512893,0.8231896615251614,0.9189277294325544,1.1977474637208392
ar08_shifted_scale,0.8,1000,21,adaptive_cov_ess,0.987096,0.8918592964824121,280.45467586771235,294.21005263512893,0.8231896615251614,0.9189277294325544,1.1977474637208392
ar08_shifted_scale,0.8,1000,21,adaptive_nominal,0.99072,0.9105527638190954,280.45467586771235,294.21005263512893,0.8231896615251614,0.9189277294325544,1.1977474637208392
ar08_shifted_scale,0.8,1000,21,adaptive_joint_nominal,0.990768,0.9153768844221106,280.45467586771235,294.21005263512893,0.8231896615251614,0.9189277294325544,1.1977474637208392
ar08_shifted_scale,0.8,1000,22,shared_oas,0.772888,0.589748743718593,294.2083863321244,318.0651688391705,0.8396818998925257,0.9205762471440012,1.1433713113149981
ar08_shifted_scale,0.8,1000,22,peer_nominal,0.8103160000000001,0.5953768844221106,294.2083863321244,318.0651688391705,0.8396818998925257,0.9205762471440012,1.1433713113149981
ar08_shifted_scale,0.8,1000,22,peer_shrunk_nominal,0.8080759999999999,0.5927638190954774,294.2083863321244,318.0651688391705,0.8396818998925257,0.9205762471440012,1.1433713113149981
ar08_shifted_scale,0.8,1000,22,peer_cov_ess,0.7716519999999999,0.5678391959798995,294.2083863321244,318.0651688391705,0.8396818998925257,0.9205762471440012,1.1433713113149981
ar08_shifted_scale,0.8,1000,22,adaptive_cov_ess,0.807516,0.5925628140703517,294.2083863321244,318.0651688391705,0.8396818998925257,0.9205762471440012,1.1433713113149981
ar08_shifted_scale,0.8,1000,22,adaptive_nominal,0.8209879999999999,0.6058291457286432,294.2083863321244,318.0651688391705,0.8396818998925257,0.9205762471440012,1.1433713113149981
ar08_shifted_scale,0.8,1000,22,adaptive_joint_nominal,0.819108,0.6100502512562814,294.2083863321244,318.0651688391705,0.8396818998925257,0.9205762471440012,1.1433713113149981
ar08_shifted_scale,0.8,1000,23,shared_oas,0.8262,0.5736683417085428,284.85728449262405,298.20481147974135,0.837756161460308,0.9214982886975533,1.093586966915077
ar08_shifted_scale,0.8,1000,23,peer_nominal,0.8669,0.6022110552763819,284.85728449262405,298.20481147974135,0.837756161460308,0.9214982886975533,1.093586966915077
ar08_shifted_scale,0.8,1000,23,peer_shrunk_nominal,0.86266,0.5995979899497488,284.85728449262405,298.20481147974135,0.837756161460308,0.9214982886975533,1.093586966915077
ar08_shifted_scale,0.8,1000,23,peer_cov_ess,0.823836,0.5515577889447236,284.85728449262405,298.20481147974135,0.837756161460308,0.9214982886975533,1.093586966915077
ar08_shifted_scale,0.8,1000,23,adaptive_cov_ess,0.871024,0.5995979899497488,284.85728449262405,298.20481147974135,0.837756161460308,0.9214982886975533,1.093586966915077
ar08_shifted_scale,0.8,1000,23,adaptive_nominal,0.8817399999999999,0.6317587939698492,284.85728449262405,298.20481147974135,0.837756161460308,0.9214982886975533,1.093586966915077
ar08_shifted_scale,0.8,1000,23,adaptive_joint_nominal,0.8782359999999999,0.6283417085427135,284.85728449262405,298.20481147974135,0.837756161460308,0.9214982886975533,1.093586966915077
ar08_shifted_scale,0.8,1000,24,shared_oas,0.8983640000000002,0.570251256281407,292.2294353974249,279.5994029771764,0.8017349279536896,0.9090821852591326,1.157145266700078
ar08_shifted_scale,0.8,1000,24,peer_nominal,0.8937,0.5517587939698493,292.2294353974249,279.5994029771764,0.8017349279536896,0.9090821852591326,1.157145266700078
ar08_shifted_scale,0.8,1000,24,peer_shrunk_nominal,0.891364,0.5531658291457286,292.2294353974249,279.5994029771764,0.8017349279536896,0.9090821852591326,1.157145266700078
ar08_shifted_scale,0.8,1000,24,peer_cov_ess,0.8618560000000001,0.5362814070351759,292.2294353974249,279.5994029771764,0.8017349279536896,0.9090821852591326,1.157145266700078
ar08_shifted_scale,0.8,1000,24,adaptive_cov_ess,0.902936,0.5640201005025126,292.2294353974249,279.5994029771764,0.8017349279536896,0.9090821852591326,1.157145266700078
ar08_shifted_scale,0.8,1000,24,adaptive_nominal,0.90558,0.567035175879397,292.2294353974249,279.5994029771764,0.8017349279536896,0.9090821852591326,1.157145266700078
ar08_shifted_scale,0.8,1000,24,adaptive_joint_nominal,0.9038280000000001,0.5678391959798995,292.2294353974249,279.5994029771764,0.8017349279536896,0.9090821852591326,1.157145266700078
ar08_shifted_scale,0.8,1000,25,shared_oas,0.9602080000000001,0.7521608040201005,259.4005648139818,279.3953062185424,0.8610138944140205,0.9204851053316405,1.0613832642414833
ar08_shifted_scale,0.8,1000,25,peer_nominal,0.9832919999999999,0.8633165829145728,259.4005648139818,279.3953062185424,0.8610138944140205,0.9204851053316405,1.0613832642414833
ar08_shifted_scale,0.8,1000,25,peer_shrunk_nominal,0.982268,0.8607035175879396,259.4005648139818,279.3953062185424,0.8610138944140205,0.9204851053316405,1.0613832642414833
ar08_shifted_scale,0.8,1000,25,peer_cov_ess,0.954692,0.6862311557788945,259.4005648139818,279.3953062185424,0.8610138944140205,0.9204851053316405,1.0613832642414833
ar08_shifted_scale,0.8,1000,25,adaptive_cov_ess,0.984212,0.8689447236180905,259.4005648139818,279.3953062185424,0.8610138944140205,0.9204851053316405,1.0613832642414833
ar08_shifted_scale,0.8,1000,25,adaptive_nominal,0.988072,0.9013065326633165,259.4005648139818,279.3953062185424,0.8610138944140205,0.9204851053316405,1.0613832642414833
ar08_shifted_scale,0.8,1000,25,adaptive_joint_nominal,0.987256,0.8984924623115578,259.4005648139818,279.3953062185424,0.8610138944140205,0.9204851053316405,1.0613832642414833
ar08_shifted_scale,0.8,1000,26,shared_oas,0.998324,0.9684422110552764,277.62885645800634,281.6664481102416,0.8484009802036891,0.934621239655557,1.088964807482574
ar08_shifted_scale,0.8,1000,26,peer_nominal,0.999412,0.9823115577889447,277.62885645800634,281.6664481102416,0.8484009802036891,0.934621239655557,1.088964807482574
ar08_shifted_scale,0.8,1000,26,peer_shrunk_nominal,0.99946,0.9837185929648241,277.62885645800634,281.6664481102416,0.8484009802036891,0.934621239655557,1.088964807482574
ar08_shifted_scale,0.8,1000,26,peer_cov_ess,0.995612,0.9087437185929648,277.62885645800634,281.6664481102416,0.8484009802036891,0.934621239655557,1.088964807482574
ar08_shifted_scale,0.8,1000,26,adaptive_cov_ess,0.9995160000000001,0.9867336683417085,277.62885645800634,281.6664481102416,0.8484009802036891,0.934621239655557,1.088964807482574
ar08_shifted_scale,0.8,1000,26,adaptive_nominal,0.999752,0.9907537688442212,277.62885645800634,281.6664481102416,0.8484009802036891,0.934621239655557,1.088964807482574
ar08_shifted_scale,0.8,1000,26,adaptive_joint_nominal,0.999756,0.9909547738693467,277.62885645800634,281.6664481102416,0.8484009802036891,0.934621239655557,1.088964807482574
ar08_shifted_scale,0.8,1000,27,shared_oas,0.8846479999999999,0.5401005025125628,252.64295447444252,283.91092057876335,0.8295812091775291,0.9240488057418333,1.0657969465245891
ar08_shifted_scale,0.8,1000,27,peer_nominal,0.902932,0.5509547738693468,252.64295447444252,283.91092057876335,0.8295812091775291,0.9240488057418333,1.0657969465245891
ar08_shifted_scale,0.8,1000,27,peer_shrunk_nominal,0.8944399999999999,0.5441206030150754,252.64295447444252,283.91092057876335,0.8295812091775291,0.9240488057418333,1.0657969465245891
ar08_shifted_scale,0.8,1000,27,peer_cov_ess,0.861244,0.5147738693467336,252.64295447444252,283.91092057876335,0.8295812091775291,0.9240488057418333,1.0657969465245891
ar08_shifted_scale,0.8,1000,27,adaptive_cov_ess,0.8998120000000001,0.5386934673366834,252.64295447444252,283.91092057876335,0.8295812091775291,0.9240488057418333,1.0657969465245891
ar08_shifted_scale,0.8,1000,27,adaptive_nominal,0.911512,0.5620100502512563,252.64295447444252,283.91092057876335,0.8295812091775291,0.9240488057418333,1.0657969465245891
ar08_shifted_scale,0.8,1000,27,adaptive_joint_nominal,0.903416,0.5557788944723618,252.64295447444252,283.91092057876335,0.8295812091775291,0.9240488057418333,1.0657969465245891
ar08_shifted_scale,0.8,1000,28,shared_oas,0.97138,0.7561809045226131,266.9523386574898,264.2743303522883,0.8114064082799761,0.9209140614721468,1.1426355199650042
ar08_shifted_scale,0.8,1000,28,peer_nominal,0.971816,0.7762814070351759,266.9523386574898,264.2743303522883,0.8114064082799761,0.9209140614721468,1.1426355199650042
ar08_shifted_scale,0.8,1000,28,peer_shrunk_nominal,0.97278,0.7786934673366834,266.9523386574898,264.2743303522883,0.8114064082799761,0.9209140614721468,1.1426355199650042
ar08_shifted_scale,0.8,1000,28,peer_cov_ess,0.945456,0.6347738693467336,266.9523386574898,264.2743303522883,0.8114064082799761,0.9209140614721468,1.1426355199650042
ar08_shifted_scale,0.8,1000,28,adaptive_cov_ess,0.9725199999999999,0.796180904522613,266.9523386574898,264.2743303522883,0.8114064082799761,0.9209140614721468,1.1426355199650042
ar08_shifted_scale,0.8,1000,28,adaptive_nominal,0.9774200000000001,0.826532663316583,266.9523386574898,264.2743303522883,0.8114064082799761,0.9209140614721468,1.1426355199650042
ar08_shifted_scale,0.8,1000,28,adaptive_joint_nominal,0.978252,0.827537688442211,266.9523386574898,264.2743303522883,0.8114064082799761,0.9209140614721468,1.1426355199650042
ar08_shifted_scale,0.8,1000,29,shared_oas,0.992916,0.8858291457286431,266.24991219290547,283.33008381825033,0.7727884736430406,0.9119688729161379,1.1147240574757729
ar08_shifted_scale,0.8,1000,29,peer_nominal,0.9948359999999999,0.9083417085427135,266.24991219290547,283.33008381825033,0.7727884736430406,0.9119688729161379,1.1147240574757729
ar08_shifted_scale,0.8,1000,29,peer_shrunk_nominal,0.995028,0.9131658291457286,266.24991219290547,283.33008381825033,0.7727884736430406,0.9119688729161379,1.1147240574757729
ar08_shifted_scale,0.8,1000,29,peer_cov_ess,0.982816,0.7877386934673367,266.24991219290547,283.33008381825033,0.7727884736430406,0.9119688729161379,1.1147240574757729
ar08_shifted_scale,0.8,1000,29,adaptive_cov_ess,0.9954679999999999,0.9181909547738694,266.24991219290547,283.33008381825033,0.7727884736430406,0.9119688729161379,1.1147240574757729
ar08_shifted_scale,0.8,1000,29,adaptive_nominal,0.996364,0.9314572864321609,266.24991219290547,283.33008381825033,0.7727884736430406,0.9119688729161379,1.1147240574757729
ar08_shifted_scale,0.8,1000,29,adaptive_joint_nominal,0.99648,0.9328643216080401,266.24991219290547,283.33008381825033,0.7727884736430406,0.9119688729161379,1.1147240574757729
ar08_shifted_scale,0.8,1000,30,shared_oas,0.98784,0.8289447236180905,281.12483764534386,269.0027106222569,0.829623644156122,0.9212844047454909,1.0529410824264505
ar08_shifted_scale,0.8,1000,30,peer_nominal,0.9852879999999999,0.7977889447236182,281.12483764534386,269.0027106222569,0.829623644156122,0.9212844047454909,1.0529410824264505
ar08_shifted_scale,0.8,1000,30,peer_shrunk_nominal,0.986308,0.7987939698492461,281.12483764534386,269.0027106222569,0.829623644156122,0.9212844047454909,1.0529410824264505
ar08_shifted_scale,0.8,1000,30,peer_cov_ess,0.9622359999999999,0.647035175879397,281.12483764534386,269.0027106222569,0.829623644156122,0.9212844047454909,1.0529410824264505
ar08_shifted_scale,0.8,1000,30,adaptive_cov_ess,0.987008,0.8120603015075376,281.12483764534386,269.0027106222569,0.829623644156122,0.9212844047454909,1.0529410824264505
ar08_shifted_scale,0.8,1000,30,adaptive_nominal,0.9900559999999999,0.8538693467336684,281.12483764534386,269.0027106222569,0.829623644156122,0.9212844047454909,1.0529410824264505
ar08_shifted_scale,0.8,1000,30,adaptive_joint_nominal,0.990572,0.8504522613065326,281.12483764534386,269.0027106222569,0.829623644156122,0.9212844047454909,1.0529410824264505
ar08_shifted_scale,0.8,1000,31,shared_oas,0.980492,0.8767839195979901,276.175543259981,277.8674469883234,0.8158557314467147,0.901644764220839,1.1635503144269446
ar08_shifted_scale,0.8,1000,31,peer_nominal,0.982812,0.877788944723618,276.175543259981,277.8674469883234,0.8158557314467147,0.901644764220839,1.1635503144269446
ar08_shifted_scale,0.8,1000,31,peer_shrunk_nominal,0.981344,0.8731658291457287,276.175543259981,277.8674469883234,0.8158557314467147,0.901644764220839,1.1635503144269446
ar08_shifted_scale,0.8,1000,31,peer_cov_ess,0.9584640000000001,0.7479396984924623,276.175543259981,277.8674469883234,0.8158557314467147,0.901644764220839,1.1635503144269446
ar08_shifted_scale,0.8,1000,31,adaptive_cov_ess,0.9850079999999999,0.8812060301507538,276.175543259981,277.8674469883234,0.8158557314467147,0.901644764220839,1.1635503144269446
ar08_shifted_scale,0.8,1000,31,adaptive_nominal,0.988204,0.904321608040201,276.175543259981,277.8674469883234,0.8158557314467147,0.901644764220839,1.1635503144269446
ar08_shifted_scale,0.8,1000,31,adaptive_joint_nominal,0.98702,0.9005025125628141,276.175543259981,277.8674469883234,0.8158557314467147,0.901644764220839,1.1635503144269446
ar08_shifted_scale,0.8,1000,32,shared_oas,0.8542959999999999,0.5531658291457286,267.09963561309684,265.15881764152164,0.8116432981340681,0.8822001412475751,1.100413764758928
ar08_shifted_scale,0.8,1000,32,peer_nominal,0.843232,0.558391959798995,267.09963561309684,265.15881764152164,0.8116432981340681,0.8822001412475751,1.100413764758928
ar08_shifted_scale,0.8,1000,32,peer_shrunk_nominal,0.846984,0.5595979899497487,267.09963561309684,265.15881764152164,0.8116432981340681,0.8822001412475751,1.100413764758928
ar08_shifted_scale,0.8,1000,32,peer_cov_ess,0.798108,0.5195979899497487,267.09963561309684,265.15881764152164,0.8116432981340681,0.8822001412475751,1.100413764758928
ar08_shifted_scale,0.8,1000,32,adaptive_cov_ess,0.834052,0.5539698492462312,267.09963561309684,265.15881764152164,0.8116432981340681,0.8822001412475751,1.100413764758928
ar08_shifted_scale,0.8,1000,32,adaptive_nominal,0.8513879999999999,0.5766834170854271,267.09963561309684,265.15881764152164,0.8116432981340681,0.8822001412475751,1.100413764758928
ar08_shifted_scale,0.8,1000,32,adaptive_joint_nominal,0.8554919999999999,0.5803015075376885,267.09963561309684,265.15881764152164,0.8116432981340681,0.8822001412475751,1.100413764758928
ar08_shifted_scale,0.8,1000,33,shared_oas,0.9651720000000001,0.7857286432160804,277.5303482806761,270.11966578765464,0.8411281819894958,0.8874321504523001,1.1079206345564245
ar08_shifted_scale,0.8,1000,33,peer_nominal,0.984704,0.8641206030150754,277.5303482806761,270.11966578765464,0.8411281819894958,0.8874321504523001,1.1079206345564245
ar08_shifted_scale,0.8,1000,33,peer_shrunk_nominal,0.984136,0.8584924623115577,277.5303482806761,270.11966578765464,0.8411281819894958,0.8874321504523001,1.1079206345564245
ar08_shifted_scale,0.8,1000,33,peer_cov_ess,0.961508,0.7511557788944724,277.5303482806761,270.11966578765464,0.8411281819894958,0.8874321504523001,1.1079206345564245
ar08_shifted_scale,0.8,1000,33,adaptive_cov_ess,0.98726,0.8769849246231156,277.5303482806761,270.11966578765464,0.8411281819894958,0.8874321504523001,1.1079206345564245
ar08_shifted_scale,0.8,1000,33,adaptive_nominal,0.9889519999999999,0.8822110552763819,277.5303482806761,270.11966578765464,0.8411281819894958,0.8874321504523001,1.1079206345564245
ar08_shifted_scale,0.8,1000,33,adaptive_joint_nominal,0.9882839999999999,0.8775879396984925,277.5303482806761,270.11966578765464,0.8411281819894958,0.8874321504523001,1.1079206345564245
ar08_shifted_scale,0.8,1000,34,shared_oas,0.884728,0.6629145728643215,267.88539458412,282.1890615113583,0.8197113564088994,0.8813071701404491,1.1035229234001047
ar08_shifted_scale,0.8,1000,34,peer_nominal,0.8847160000000001,0.6687437185929648,267.88539458412,282.1890615113583,0.8197113564088994,0.8813071701404491,1.1035229234001047
ar08_shifted_scale,0.8,1000,34,peer_shrunk_nominal,0.884528,0.6675376884422111,267.88539458412,282.1890615113583,0.8197113564088994,0.8813071701404491,1.1035229234001047
ar08_shifted_scale,0.8,1000,34,peer_cov_ess,0.841672,0.5877386934673366,267.88539458412,282.1890615113583,0.8197113564088994,0.8813071701404491,1.1035229234001047
ar08_shifted_scale,0.8,1000,34,adaptive_cov_ess,0.8874320000000001,0.6709547738693468,267.88539458412,282.1890615113583,0.8197113564088994,0.8813071701404491,1.1035229234001047
ar08_shifted_scale,0.8,1000,34,adaptive_nominal,0.8956120000000001,0.6904522613065327,267.88539458412,282.1890615113583,0.8197113564088994,0.8813071701404491,1.1035229234001047
ar08_shifted_scale,0.8,1000,34,adaptive_joint_nominal,0.895516,0.6906532663316582,267.88539458412,282.1890615113583,0.8197113564088994,0.8813071701404491,1.1035229234001047
ar08_shifted_scale,0.8,1000,35,shared_oas,0.9070159999999999,0.6084422110552764,257.03877808256095,262.37703222941855,0.8319465326677462,0.9265888818831634,1.1326324018495093
ar08_shifted_scale,0.8,1000,35,peer_nominal,0.9057360000000001,0.6096482412060301,257.03877808256095,262.37703222941855,0.8319465326677462,0.9265888818831634,1.1326324018495093
ar08_shifted_scale,0.8,1000,35,peer_shrunk_nominal,0.90876,0.6080402010050251,257.03877808256095,262.37703222941855,0.8319465326677462,0.9265888818831634,1.1326324018495093
ar08_shifted_scale,0.8,1000,35,peer_cov_ess,0.874676,0.5579899497487437,257.03877808256095,262.37703222941855,0.8319465326677462,0.9265888818831634,1.1326324018495093
ar08_shifted_scale,0.8,1000,35,adaptive_cov_ess,0.9079639999999999,0.6192964824120603,257.03877808256095,262.37703222941855,0.8319465326677462,0.9265888818831634,1.1326324018495093
ar08_shifted_scale,0.8,1000,35,adaptive_nominal,0.913052,0.6440201005025126,257.03877808256095,262.37703222941855,0.8319465326677462,0.9265888818831634,1.1326324018495093
ar08_shifted_scale,0.8,1000,35,adaptive_joint_nominal,0.915768,0.6414070351758794,257.03877808256095,262.37703222941855,0.8319465326677462,0.9265888818831634,1.1326324018495093
ar08_shifted_scale,0.8,1000,36,shared_oas,0.9485399999999999,0.7171859296482412,270.2454284995459,261.2817387261525,0.8221972893914486,0.9015496649629147,1.159177987228373
ar08_shifted_scale,0.8,1000,36,peer_nominal,0.948628,0.7089447236180905,270.2454284995459,261.2817387261525,0.8221972893914486,0.9015496649629147,1.159177987228373
ar08_shifted_scale,0.8,1000,36,peer_shrunk_nominal,0.945168,0.6970854271356783,270.2454284995459,261.2817387261525,0.8221972893914486,0.9015496649629147,1.159177987228373
ar08_shifted_scale,0.8,1000,36,peer_cov_ess,0.913736,0.6574874371859296,270.2454284995459,261.2817387261525,0.8221972893914486,0.9015496649629147,1.159177987228373
ar08_shifted_scale,0.8,1000,36,adaptive_cov_ess,0.946204,0.7023115577889447,270.2454284995459,261.2817387261525,0.8221972893914486,0.9015496649629147,1.159177987228373
ar08_shifted_scale,0.8,1000,36,adaptive_nominal,0.9558080000000001,0.7103517587939698,270.2454284995459,261.2817387261525,0.8221972893914486,0.9015496649629147,1.159177987228373
ar08_shifted_scale,0.8,1000,36,adaptive_joint_nominal,0.952952,0.6984924623115578,270.2454284995459,261.2817387261525,0.8221972893914486,0.9015496649629147,1.159177987228373
ar08_shifted_scale,0.8,1000,37,shared_oas,0.9744200000000001,0.8014070351758794,270.3031194090737,282.5154789205043,0.8512395486099329,0.9140209000804421,1.1022137892754866
ar08_shifted_scale,0.8,1000,37,peer_nominal,0.9778720000000001,0.83678391959799,270.3031194090737,282.5154789205043,0.8512395486099329,0.9140209000804421,1.1022137892754866
ar08_shifted_scale,0.8,1000,37,peer_shrunk_nominal,0.9793560000000001,0.8448241206030151,270.3031194090737,282.5154789205043,0.8512395486099329,0.9140209000804421,1.1022137892754866
ar08_shifted_scale,0.8,1000,37,peer_cov_ess,0.9425479999999999,0.685427135678392,270.3031194090737,282.5154789205043,0.8512395486099329,0.9140209000804421,1.1022137892754866
ar08_shifted_scale,0.8,1000,37,adaptive_cov_ess,0.979196,0.8412060301507538,270.3031194090737,282.5154789205043,0.8512395486099329,0.9140209000804421,1.1022137892754866
ar08_shifted_scale,0.8,1000,37,adaptive_nominal,0.9848520000000001,0.8749748743718593,270.3031194090737,282.5154789205043,0.8512395486099329,0.9140209000804421,1.1022137892754866
ar08_shifted_scale,0.8,1000,37,adaptive_joint_nominal,0.985692,0.8834170854271357,270.3031194090737,282.5154789205043,0.8512395486099329,0.9140209000804421,1.1022137892754866
ar08_shifted_scale,0.8,1000,38,shared_oas,0.5783240000000001,0.5047236180904523,270.80203698281866,290.9513040100019,0.8260510543273176,0.9022793133679818,1.1627957635747903
ar08_shifted_scale,0.8,1000,38,peer_nominal,0.587412,0.5041206030150753,270.80203698281866,290.9513040100019,0.8260510543273176,0.9022793133679818,1.1627957635747903
ar08_shifted_scale,0.8,1000,38,peer_shrunk_nominal,0.598532,0.5049246231155778,270.80203698281866,290.9513040100019,0.8260510543273176,0.9022793133679818,1.1627957635747903
ar08_shifted_scale,0.8,1000,38,peer_cov_ess,0.5712999999999999,0.5029145728643216,270.80203698281866,290.9513040100019,0.8260510543273176,0.9022793133679818,1.1627957635747903
ar08_shifted_scale,0.8,1000,38,adaptive_cov_ess,0.580156,0.5025125628140703,270.80203698281866,290.9513040100019,0.8260510543273176,0.9022793133679818,1.1627957635747903
ar08_shifted_scale,0.8,1000,38,adaptive_nominal,0.591268,0.5045226130653266,270.80203698281866,290.9513040100019,0.8260510543273176,0.9022793133679818,1.1627957635747903
ar08_shifted_scale,0.8,1000,38,adaptive_joint_nominal,0.6018439999999999,0.5053266331658292,270.80203698281866,290.9513040100019,0.8260510543273176,0.9022793133679818,1.1627957635747903
ar08_shifted_scale,0.8,1000,39,shared_oas,0.891312,0.6337688442211056,251.3535416461071,263.9423434379323,0.8238104350472167,0.8569796429732736,1.1359292058659565
ar08_shifted_scale,0.8,1000,39,peer_nominal,0.86692,0.5993969849246231,251.3535416461071,263.9423434379323,0.8238104350472167,0.8569796429732736,1.1359292058659565
ar08_shifted_scale,0.8,1000,39,peer_shrunk_nominal,0.8803439999999999,0.6279396984924623,251.3535416461071,263.9423434379323,0.8238104350472167,0.8569796429732736,1.1359292058659565
ar08_shifted_scale,0.8,1000,39,peer_cov_ess,0.82298,0.5569849246231156,251.3535416461071,263.9423434379323,0.8238104350472167,0.8569796429732736,1.1359292058659565
ar08_shifted_scale,0.8,1000,39,adaptive_cov_ess,0.877792,0.6118592964824121,251.3535416461071,263.9423434379323,0.8238104350472167,0.8569796429732736,1.1359292058659565
ar08_shifted_scale,0.8,1000,39,adaptive_nominal,0.881656,0.6174874371859296,251.3535416461071,263.9423434379323,0.8238104350472167,0.8569796429732736,1.1359292058659565
ar08_shifted_scale,0.8,1000,39,adaptive_joint_nominal,0.8938759999999999,0.6494472361809045,251.3535416461071,263.9423434379323,0.8238104350472167,0.8569796429732736,1.1359292058659565
ar08_target_scale_narrow,0.8,30,0,shared_oas,0.8591840000000001,0.5346733668341709,17.36798804920786,16.9828165857257,0.2569197591204778,0.5668052619950916,0.9866547263359711
ar08_target_scale_narrow,0.8,30,0,peer_nominal,0.821392,0.5258291457286433,17.36798804920786,16.9828165857257,0.2569197591204778,0.5668052619950916,0.9866547263359711
ar08_target_scale_narrow,0.8,30,0,peer_shrunk_nominal,0.858948,0.5226130653266332,17.36798804920786,16.9828165857257,0.2569197591204778,0.5668052619950916,0.9866547263359711
ar08_target_scale_narrow,0.8,30,0,peer_cov_ess,0.78366,0.5236180904522613,17.36798804920786,16.9828165857257,0.2569197591204778,0.5668052619950916,0.9866547263359711
ar08_target_scale_narrow,0.8,30,0,adaptive_cov_ess,0.84352,0.542110552763819,17.36798804920786,16.9828165857257,0.2569197591204778,0.5668052619950916,0.9866547263359711
ar08_target_scale_narrow,0.8,30,0,adaptive_nominal,0.873996,0.5507537688442211,17.36798804920786,16.9828165857257,0.2569197591204778,0.5668052619950916,0.9866547263359711
ar08_target_scale_narrow,0.8,30,0,adaptive_joint_nominal,0.909124,0.5612060301507538,17.36798804920786,16.9828165857257,0.2569197591204778,0.5668052619950916,0.9866547263359711
ar08_target_scale_narrow,0.8,30,1,shared_oas,0.8514839999999999,0.5248241206030151,16.796131327096578,29.0,0.27355325706601097,0.7607937301672201,0.8893319429040758
ar08_target_scale_narrow,0.8,30,1,peer_nominal,0.851656,0.5246231155778894,16.796131327096578,29.0,0.27355325706601097,0.7607937301672201,0.8893319429040758
ar08_target_scale_narrow,0.8,30,1,peer_shrunk_nominal,0.872636,0.5232160804020101,16.796131327096578,29.0,0.27355325706601097,0.7607937301672201,0.8893319429040758
ar08_target_scale_narrow,0.8,30,1,peer_cov_ess,0.8003480000000001,0.5197989949748744,16.796131327096578,29.0,0.27355325706601097,0.7607937301672201,0.8893319429040758
ar08_target_scale_narrow,0.8,30,1,adaptive_cov_ess,0.9282880000000001,0.5748743718592965,16.796131327096578,29.0,0.27355325706601097,0.7607937301672201,0.8893319429040758
ar08_target_scale_narrow,0.8,30,1,adaptive_nominal,0.9445720000000001,0.5907537688442211,16.796131327096578,29.0,0.27355325706601097,0.7607937301672201,0.8893319429040758
ar08_target_scale_narrow,0.8,30,1,adaptive_joint_nominal,0.95644,0.6251256281407035,16.796131327096578,29.0,0.27355325706601097,0.7607937301672201,0.8893319429040758
ar08_target_scale_narrow,0.8,30,2,shared_oas,0.8517079999999999,0.5543718592964824,17.12878540866803,20.008665904798647,0.24863472657387364,0.6268238249724356,0.9037030203762495
ar08_target_scale_narrow,0.8,30,2,peer_nominal,0.8023239999999999,0.5356783919597989,17.12878540866803,20.008665904798647,0.24863472657387364,0.6268238249724356,0.9037030203762495
ar08_target_scale_narrow,0.8,30,2,peer_shrunk_nominal,0.794452,0.5378894472361809,17.12878540866803,20.008665904798647,0.24863472657387364,0.6268238249724356,0.9037030203762495
ar08_target_scale_narrow,0.8,30,2,peer_cov_ess,0.7699999999999999,0.531859296482412,17.12878540866803,20.008665904798647,0.24863472657387364,0.6268238249724356,0.9037030203762495
ar08_target_scale_narrow,0.8,30,2,adaptive_cov_ess,0.8246519999999999,0.5396984924623116,17.12878540866803,20.008665904798647,0.24863472657387364,0.6268238249724356,0.9037030203762495
ar08_target_scale_narrow,0.8,30,2,adaptive_nominal,0.8447119999999999,0.5461306532663317,17.12878540866803,20.008665904798647,0.24863472657387364,0.6268238249724356,0.9037030203762495
ar08_target_scale_narrow,0.8,30,2,adaptive_joint_nominal,0.854212,0.5650251256281407,17.12878540866803,20.008665904798647,0.24863472657387364,0.6268238249724356,0.9037030203762495
ar08_target_scale_narrow,0.8,30,3,shared_oas,0.78064,0.5063316582914573,17.972301027871634,18.802704645959196,0.20123833446727996,0.55901811980738,0.9595241281110785
ar08_target_scale_narrow,0.8,30,3,peer_nominal,0.718752,0.4994974874371859,17.972301027871634,18.802704645959196,0.20123833446727996,0.55901811980738,0.9595241281110785
ar08_target_scale_narrow,0.8,30,3,peer_shrunk_nominal,0.7783,0.5055276381909548,17.972301027871634,18.802704645959196,0.20123833446727996,0.55901811980738,0.9595241281110785
ar08_target_scale_narrow,0.8,30,3,peer_cov_ess,0.670528,0.49889447236180906,17.972301027871634,18.802704645959196,0.20123833446727996,0.55901811980738,0.9595241281110785
ar08_target_scale_narrow,0.8,30,3,adaptive_cov_ess,0.740012,0.49989949748743717,17.972301027871634,18.802704645959196,0.20123833446727996,0.55901811980738,0.9595241281110785
ar08_target_scale_narrow,0.8,30,3,adaptive_nominal,0.7806000000000002,0.5009045226130653,17.972301027871634,18.802704645959196,0.20123833446727996,0.55901811980738,0.9595241281110785
ar08_target_scale_narrow,0.8,30,3,adaptive_joint_nominal,0.8319679999999999,0.5115577889447236,17.972301027871634,18.802704645959196,0.20123833446727996,0.55901811980738,0.9595241281110785
ar08_target_scale_narrow,0.8,30,4,shared_oas,0.7977920000000001,0.5254271356783919,16.59464080965002,20.566793815034064,0.24191985055961518,0.5378754959109024,0.9750320607043793
ar08_target_scale_narrow,0.8,30,4,peer_nominal,0.7678840000000001,0.5073366834170854,16.59464080965002,20.566793815034064,0.24191985055961518,0.5378754959109024,0.9750320607043793
ar08_target_scale_narrow,0.8,30,4,peer_shrunk_nominal,0.809148,0.5256281407035176,16.59464080965002,20.566793815034064,0.24191985055961518,0.5378754959109024,0.9750320607043793
ar08_target_scale_narrow,0.8,30,4,peer_cov_ess,0.7429,0.5071356783919598,16.59464080965002,20.566793815034064,0.24191985055961518,0.5378754959109024,0.9750320607043793
ar08_target_scale_narrow,0.8,30,4,adaptive_cov_ess,0.794708,0.5179899497487437,16.59464080965002,20.566793815034064,0.24191985055961518,0.5378754959109024,0.9750320607043793
ar08_target_scale_narrow,0.8,30,4,adaptive_nominal,0.815508,0.5208040201005025,16.59464080965002,20.566793815034064,0.24191985055961518,0.5378754959109024,0.9750320607043793
ar08_target_scale_narrow,0.8,30,4,adaptive_joint_nominal,0.8592119999999999,0.542713567839196,16.59464080965002,20.566793815034064,0.24191985055961518,0.5378754959109024,0.9750320607043793
ar08_target_scale_narrow,0.8,30,5,shared_oas,0.8278600000000002,0.5602010050251256,16.07688500191434,21.025690945122975,0.24663566608410528,0.576870956800362,0.9607261356567951
ar08_target_scale_narrow,0.8,30,5,peer_nominal,0.823456,0.539497487437186,16.07688500191434,21.025690945122975,0.24663566608410528,0.576870956800362,0.9607261356567951
ar08_target_scale_narrow,0.8,30,5,peer_shrunk_nominal,0.84064,0.5571859296482412,16.07688500191434,21.025690945122975,0.24663566608410528,0.576870956800362,0.9607261356567951
ar08_target_scale_narrow,0.8,30,5,peer_cov_ess,0.7841120000000001,0.5350753768844221,16.07688500191434,21.025690945122975,0.24663566608410528,0.576870956800362,0.9607261356567951
ar08_target_scale_narrow,0.8,30,5,adaptive_cov_ess,0.8228880000000001,0.5304522613065327,16.07688500191434,21.025690945122975,0.24663566608410528,0.576870956800362,0.9607261356567951
ar08_target_scale_narrow,0.8,30,5,adaptive_nominal,0.8523,0.5348743718592965,16.07688500191434,21.025690945122975,0.24663566608410528,0.576870956800362,0.9607261356567951
ar08_target_scale_narrow,0.8,30,5,adaptive_joint_nominal,0.8721,0.5543718592964824,16.07688500191434,21.025690945122975,0.24663566608410528,0.576870956800362,0.9607261356567951
ar08_target_scale_narrow,0.8,30,6,shared_oas,0.683268,0.5105527638190954,15.86544139375327,21.076151877910462,0.1892056573413763,0.5333985325810849,0.9302612907640502
ar08_target_scale_narrow,0.8,30,6,peer_nominal,0.8037679999999998,0.579497487437186,15.86544139375327,21.076151877910462,0.1892056573413763,0.5333985325810849,0.9302612907640502
ar08_target_scale_narrow,0.8,30,6,peer_shrunk_nominal,0.72228,0.5135678391959799,15.86544139375327,21.076151877910462,0.1892056573413763,0.5333985325810849,0.9302612907640502
ar08_target_scale_narrow,0.8,30,6,peer_cov_ess,0.795724,0.5732663316582914,15.86544139375327,21.076151877910462,0.1892056573413763,0.5333985325810849,0.9302612907640502
ar08_target_scale_narrow,0.8,30,6,adaptive_cov_ess,0.823628,0.5817085427135679,15.86544139375327,21.076151877910462,0.1892056573413763,0.5333985325810849,0.9302612907640502
ar08_target_scale_narrow,0.8,30,6,adaptive_nominal,0.827448,0.5877386934673366,15.86544139375327,21.076151877910462,0.1892056573413763,0.5333985325810849,0.9302612907640502
ar08_target_scale_narrow,0.8,30,6,adaptive_joint_nominal,0.761412,0.5206030150753769,15.86544139375327,21.076151877910462,0.1892056573413763,0.5333985325810849,0.9302612907640502
ar08_target_scale_narrow,0.8,30,7,shared_oas,0.77244,0.5348743718592965,18.908651914442483,27.904116900541876,0.24209260854521594,0.5304878666590664,0.9570501526381939
ar08_target_scale_narrow,0.8,30,7,peer_nominal,0.767368,0.5220100502512562,18.908651914442483,27.904116900541876,0.24209260854521594,0.5304878666590664,0.9570501526381939
ar08_target_scale_narrow,0.8,30,7,peer_shrunk_nominal,0.784504,0.5366834170854271,18.908651914442483,27.904116900541876,0.24209260854521594,0.5304878666590664,0.9570501526381939
ar08_target_scale_narrow,0.8,30,7,peer_cov_ess,0.737572,0.5133668341708543,18.908651914442483,27.904116900541876,0.24209260854521594,0.5304878666590664,0.9570501526381939
ar08_target_scale_narrow,0.8,30,7,adaptive_cov_ess,0.7540199999999999,0.5173869346733668,18.908651914442483,27.904116900541876,0.24209260854521594,0.5304878666590664,0.9570501526381939
ar08_target_scale_narrow,0.8,30,7,adaptive_nominal,0.781064,0.5284422110552763,18.908651914442483,27.904116900541876,0.24209260854521594,0.5304878666590664,0.9570501526381939
ar08_target_scale_narrow,0.8,30,7,adaptive_joint_nominal,0.79582,0.5352763819095477,18.908651914442483,27.904116900541876,0.24209260854521594,0.5304878666590664,0.9570501526381939
ar08_target_scale_narrow,0.8,30,8,shared_oas,0.8884719999999999,0.5035175879396985,17.008983052329505,20.18684169071845,0.23764915581769397,0.6389790587068789,0.931109473696063
ar08_target_scale_narrow,0.8,30,8,peer_nominal,0.74042,0.5023115577889448,17.008983052329505,20.18684169071845,0.23764915581769397,0.6389790587068789,0.931109473696063
ar08_target_scale_narrow,0.8,30,8,peer_shrunk_nominal,0.8559199999999999,0.5009045226130653,17.008983052329505,20.18684169071845,0.23764915581769397,0.6389790587068789,0.931109473696063
ar08_target_scale_narrow,0.8,30,8,peer_cov_ess,0.6967080000000001,0.5007035175879397,17.008983052329505,20.18684169071845,0.23764915581769397,0.6389790587068789,0.931109473696063
ar08_target_scale_narrow,0.8,30,8,adaptive_cov_ess,0.7745960000000001,0.5107537688442211,17.008983052329505,20.18684169071845,0.23764915581769397,0.6389790587068789,0.931109473696063
ar08_target_scale_narrow,0.8,30,8,adaptive_nominal,0.810664,0.5143718592964824,17.008983052329505,20.18684169071845,0.23764915581769397,0.6389790587068789,0.931109473696063
ar08_target_scale_narrow,0.8,30,8,adaptive_joint_nominal,0.9216,0.5238190954773869,17.008983052329505,20.18684169071845,0.23764915581769397,0.6389790587068789,0.931109473696063
ar08_target_scale_narrow,0.8,30,9,shared_oas,0.690072,0.5089447236180904,15.035892502643133,18.06053245837034,0.21829801658216813,0.3088334151310518,0.9810857404129363
ar08_target_scale_narrow,0.8,30,9,peer_nominal,0.80178,0.5314572864321608,15.035892502643133,18.06053245837034,0.21829801658216813,0.3088334151310518,0.9810857404129363
ar08_target_scale_narrow,0.8,30,9,peer_shrunk_nominal,0.716224,0.5099497487437186,15.035892502643133,18.06053245837034,0.21829801658216813,0.3088334151310518,0.9810857404129363
ar08_target_scale_narrow,0.8,30,9,peer_cov_ess,0.770148,0.5346733668341709,15.035892502643133,18.06053245837034,0.21829801658216813,0.3088334151310518,0.9810857404129363
ar08_target_scale_narrow,0.8,30,9,adaptive_cov_ess,0.8050879999999999,0.543718592964824,15.035892502643133,18.06053245837034,0.21829801658216813,0.3088334151310518,0.9810857404129363
ar08_target_scale_narrow,0.8,30,9,adaptive_nominal,0.830232,0.5463316582914572,15.035892502643133,18.06053245837034,0.21829801658216813,0.3088334151310518,0.9810857404129363
ar08_target_scale_narrow,0.8,30,9,adaptive_joint_nominal,0.7323080000000001,0.5117587939698492,15.035892502643133,18.06053245837034,0.21829801658216813,0.3088334151310518,0.9810857404129363
ar08_target_scale_narrow,0.8,30,10,shared_oas,0.8368319999999999,0.5047236180904523,18.354057801924764,20.64614948869324,0.250260634557106,0.5986842706662132,0.9739849011217502
ar08_target_scale_narrow,0.8,30,10,peer_nominal,0.62926,0.49809045226130655,18.354057801924764,20.64614948869324,0.250260634557106,0.5986842706662132,0.9739849011217502
ar08_target_scale_narrow,0.8,30,10,peer_shrunk_nominal,0.8103480000000001,0.5049246231155778,18.354057801924764,20.64614948869324,0.250260634557106,0.5986842706662132,0.9739849011217502
ar08_target_scale_narrow,0.8,30,10,peer_cov_ess,0.625564,0.49748743718592964,18.354057801924764,20.64614948869324,0.250260634557106,0.5986842706662132,0.9739849011217502
ar08_target_scale_narrow,0.8,30,10,adaptive_cov_ess,0.6640879999999999,0.4976884422110553,18.354057801924764,20.64614948869324,0.250260634557106,0.5986842706662132,0.9739849011217502
ar08_target_scale_narrow,0.8,30,10,adaptive_nominal,0.66022,0.4986934673366834,18.354057801924764,20.64614948869324,0.250260634557106,0.5986842706662132,0.9739849011217502
ar08_target_scale_narrow,0.8,30,10,adaptive_joint_nominal,0.836028,0.5137688442211056,18.354057801924764,20.64614948869324,0.250260634557106,0.5986842706662132,0.9739849011217502
ar08_target_scale_narrow,0.8,30,11,shared_oas,0.7930799999999999,0.5591959798994974,21.813578301543515,29.0,0.2694609822129015,0.702282704688794,0.9313479181361144
ar08_target_scale_narrow,0.8,30,11,peer_nominal,0.7900959999999999,0.5374874371859296,21.813578301543515,29.0,0.2694609822129015,0.702282704688794,0.9313479181361144
ar08_target_scale_narrow,0.8,30,11,peer_shrunk_nominal,0.7923919999999999,0.5489447236180904,21.813578301543515,29.0,0.2694609822129015,0.702282704688794,0.9313479181361144
ar08_target_scale_narrow,0.8,30,11,peer_cov_ess,0.791964,0.5413065326633166,21.813578301543515,29.0,0.2694609822129015,0.702282704688794,0.9313479181361144
ar08_target_scale_narrow,0.8,30,11,adaptive_cov_ess,0.8089840000000001,0.5396984924623116,21.813578301543515,29.0,0.2694609822129015,0.702282704688794,0.9313479181361144
ar08_target_scale_narrow,0.8,30,11,adaptive_nominal,0.8046840000000001,0.5360804020100502,21.813578301543515,29.0,0.2694609822129015,0.702282704688794,0.9313479181361144
ar08_target_scale_narrow,0.8,30,11,adaptive_joint_nominal,0.807472,0.5471356783919598,21.813578301543515,29.0,0.2694609822129015,0.702282704688794,0.9313479181361144
ar08_target_scale_narrow,0.8,30,12,shared_oas,0.8853999999999999,0.5559798994974874,18.73557293234148,26.276515182099985,0.25850814544304046,0.6418889643121053,0.9503597264608104
ar08_target_scale_narrow,0.8,30,12,peer_nominal,0.85102,0.5429145728643217,18.73557293234148,26.276515182099985,0.25850814544304046,0.6418889643121053,0.9503597264608104
ar08_target_scale_narrow,0.8,30,12,peer_shrunk_nominal,0.89366,0.5569849246231156,18.73557293234148,26.276515182099985,0.25850814544304046,0.6418889643121053,0.9503597264608104
ar08_target_scale_narrow,0.8,30,12,peer_cov_ess,0.804892,0.5316582914572864,18.73557293234148,26.276515182099985,0.25850814544304046,0.6418889643121053,0.9503597264608104
ar08_target_scale_narrow,0.8,30,12,adaptive_cov_ess,0.903644,0.5726633165829146,18.73557293234148,26.276515182099985,0.25850814544304046,0.6418889643121053,0.9503597264608104
ar08_target_scale_narrow,0.8,30,12,adaptive_nominal,0.926364,0.5975879396984924,18.73557293234148,26.276515182099985,0.25850814544304046,0.6418889643121053,0.9503597264608104
ar08_target_scale_narrow,0.8,30,12,adaptive_joint_nominal,0.954024,0.6450251256281407,18.73557293234148,26.276515182099985,0.25850814544304046,0.6418889643121053,0.9503597264608104
ar08_target_scale_narrow,0.8,30,13,shared_oas,0.698304,0.5169849246231156,14.607713333495585,23.151708201744995,0.30881590888514276,0.6093245008254005,0.9090645073442964
ar08_target_scale_narrow,0.8,30,13,peer_nominal,0.723112,0.518391959798995,14.607713333495585,23.151708201744995,0.30881590888514276,0.6093245008254005,0.9090645073442964
ar08_target_scale_narrow,0.8,30,13,peer_shrunk_nominal,0.7485520000000001,0.5204020100502512,14.607713333495585,23.151708201744995,0.30881590888514276,0.6093245008254005,0.9090645073442964
ar08_target_scale_narrow,0.8,30,13,peer_cov_ess,0.688768,0.5143718592964824,14.607713333495585,23.151708201744995,0.30881590888514276,0.6093245008254005,0.9090645073442964
ar08_target_scale_narrow,0.8,30,13,adaptive_cov_ess,0.7340439999999999,0.5189949748743719,14.607713333495585,23.151708201744995,0.30881590888514276,0.6093245008254005,0.9090645073442964
ar08_target_scale_narrow,0.8,30,13,adaptive_nominal,0.7612959999999999,0.5193969849246232,14.607713333495585,23.151708201744995,0.30881590888514276,0.6093245008254005,0.9090645073442964
ar08_target_scale_narrow,0.8,30,13,adaptive_joint_nominal,0.77842,0.5230150753768844,14.607713333495585,23.151708201744995,0.30881590888514276,0.6093245008254005,0.9090645073442964
ar08_target_scale_narrow,0.8,30,14,shared_oas,0.731416,0.507537688442211,13.746930514073856,16.856553278247212,0.2546788996168208,0.6758517115689937,0.9289640868665017
ar08_target_scale_narrow,0.8,30,14,peer_nominal,0.6984600000000001,0.5031155778894473,13.746930514073856,16.856553278247212,0.2546788996168208,0.6758517115689937,0.9289640868665017
ar08_target_scale_narrow,0.8,30,14,peer_shrunk_nominal,0.73394,0.5069346733668342,13.746930514073856,16.856553278247212,0.2546788996168208,0.6758517115689937,0.9289640868665017
ar08_target_scale_narrow,0.8,30,14,peer_cov_ess,0.664976,0.5021105527638191,13.746930514073856,16.856553278247212,0.2546788996168208,0.6758517115689937,0.9289640868665017
ar08_target_scale_narrow,0.8,30,14,adaptive_cov_ess,0.768208,0.5095477386934674,13.746930514073856,16.856553278247212,0.2546788996168208,0.6758517115689937,0.9289640868665017
ar08_target_scale_narrow,0.8,30,14,adaptive_nominal,0.798136,0.5103517587939699,13.746930514073856,16.856553278247212,0.2546788996168208,0.6758517115689937,0.9289640868665017
ar08_target_scale_narrow,0.8,30,14,adaptive_joint_nominal,0.8289880000000001,0.5208040201005025,13.746930514073856,16.856553278247212,0.2546788996168208,0.6758517115689937,0.9289640868665017
ar08_target_scale_narrow,0.8,30,15,shared_oas,0.786004,0.5079396984924623,17.071615191801982,20.06941951818444,0.2761070398396497,0.5377460484783082,0.94070602646729
ar08_target_scale_narrow,0.8,30,15,peer_nominal,0.7879199999999997,0.5073366834170854,17.071615191801982,20.06941951818444,0.2761070398396497,0.5377460484783082,0.94070602646729
ar08_target_scale_narrow,0.8,30,15,peer_shrunk_nominal,0.771844,0.5049246231155778,17.071615191801982,20.06941951818444,0.2761070398396497,0.5377460484783082,0.94070602646729
ar08_target_scale_narrow,0.8,30,15,peer_cov_ess,0.751052,0.5037185929648241,17.071615191801982,20.06941951818444,0.2761070398396497,0.5377460484783082,0.94070602646729
ar08_target_scale_narrow,0.8,30,15,adaptive_cov_ess,0.7650079999999999,0.5047236180904523,17.071615191801982,20.06941951818444,0.2761070398396497,0.5377460484783082,0.94070602646729
ar08_target_scale_narrow,0.8,30,15,adaptive_nominal,0.797828,0.5047236180904523,17.071615191801982,20.06941951818444,0.2761070398396497,0.5377460484783082,0.94070602646729
ar08_target_scale_narrow,0.8,30,15,adaptive_joint_nominal,0.7730119999999999,0.5055276381909548,17.071615191801982,20.06941951818444,0.2761070398396497,0.5377460484783082,0.94070602646729
ar08_target_scale_narrow,0.8,30,16,shared_oas,0.7218640000000001,0.5081407035175879,16.861256453490327,19.441103014844284,0.24236505623774404,0.4982935455572287,0.932032791895211
ar08_target_scale_narrow,0.8,30,16,peer_nominal,0.736948,0.49909547738693466,16.861256453490327,19.441103014844284,0.24236505623774404,0.4982935455572287,0.932032791895211
ar08_target_scale_narrow,0.8,30,16,peer_shrunk_nominal,0.707736,0.5057286432160804,16.861256453490327,19.441103014844284,0.24236505623774404,0.4982935455572287,0.932032791895211
ar08_target_scale_narrow,0.8,30,16,peer_cov_ess,0.7107239999999999,0.4976884422110553,16.861256453490327,19.441103014844284,0.24236505623774404,0.4982935455572287,0.932032791895211
ar08_target_scale_narrow,0.8,30,16,adaptive_cov_ess,0.721412,0.4986934673366834,16.861256453490327,19.441103014844284,0.24236505623774404,0.4982935455572287,0.932032791895211
ar08_target_scale_narrow,0.8,30,16,adaptive_nominal,0.74868,0.49969849246231157,16.861256453490327,19.441103014844284,0.24236505623774404,0.4982935455572287,0.932032791895211
ar08_target_scale_narrow,0.8,30,16,adaptive_joint_nominal,0.726,0.5065326633165829,16.861256453490327,19.441103014844284,0.24236505623774404,0.4982935455572287,0.932032791895211
ar08_target_scale_narrow,0.8,30,17,shared_oas,0.8449119999999999,0.5368844221105528,17.237133689522416,22.77797181429999,0.23616484336077648,0.681647848017481,0.9616038689289264
ar08_target_scale_narrow,0.8,30,17,peer_nominal,0.7506840000000001,0.5065326633165829,17.237133689522416,22.77797181429999,0.23616484336077648,0.681647848017481,0.9616038689289264
ar08_target_scale_narrow,0.8,30,17,peer_shrunk_nominal,0.8271879999999999,0.5288442211055276,17.237133689522416,22.77797181429999,0.23616484336077648,0.681647848017481,0.9616038689289264
ar08_target_scale_narrow,0.8,30,17,peer_cov_ess,0.73358,0.5063316582914573,17.237133689522416,22.77797181429999,0.23616484336077648,0.681647848017481,0.9616038689289264
ar08_target_scale_narrow,0.8,30,17,adaptive_cov_ess,0.765692,0.5181909547738693,17.237133689522416,22.77797181429999,0.23616484336077648,0.681647848017481,0.9616038689289264
ar08_target_scale_narrow,0.8,30,17,adaptive_nominal,0.77658,0.51678391959799,17.237133689522416,22.77797181429999,0.23616484336077648,0.681647848017481,0.9616038689289264
ar08_target_scale_narrow,0.8,30,17,adaptive_joint_nominal,0.846572,0.5463316582914572,17.237133689522416,22.77797181429999,0.23616484336077648,0.681647848017481,0.9616038689289264
ar08_target_scale_narrow,0.8,30,18,shared_oas,0.842976,0.5185929648241207,15.350782898585944,19.680969736706082,0.20355602153722901,0.619119202875553,0.9796116711793024
ar08_target_scale_narrow,0.8,30,18,peer_nominal,0.717596,0.5035175879396985,15.350782898585944,19.680969736706082,0.20355602153722901,0.619119202875553,0.9796116711793024
ar08_target_scale_narrow,0.8,30,18,peer_shrunk_nominal,0.8257359999999999,0.5163819095477387,15.350782898585944,19.680969736706082,0.20355602153722901,0.619119202875553,0.9796116711793024
ar08_target_scale_narrow,0.8,30,18,peer_cov_ess,0.644992,0.5013065326633166,15.350782898585944,19.680969736706082,0.20355602153722901,0.619119202875553,0.9796116711793024
ar08_target_scale_narrow,0.8,30,18,adaptive_cov_ess,0.736096,0.5061306532663317,15.350782898585944,19.680969736706082,0.20355602153722901,0.619119202875553,0.9796116711793024
ar08_target_scale_narrow,0.8,30,18,adaptive_nominal,0.7997439999999999,0.5091457286432161,15.350782898585944,19.680969736706082,0.20355602153722901,0.619119202875553,0.9796116711793024
ar08_target_scale_narrow,0.8,30,18,adaptive_joint_nominal,0.879784,0.5312562814070352,15.350782898585944,19.680969736706082,0.20355602153722901,0.619119202875553,0.9796116711793024
ar08_target_scale_narrow,0.8,30,19,shared_oas,0.842044,0.542713567839196,19.380544869352672,23.39518317660618,0.26819380737474796,0.6674811677623627,0.8987766636351355
ar08_target_scale_narrow,0.8,30,19,peer_nominal,0.8045640000000001,0.528643216080402,19.380544869352672,23.39518317660618,0.26819380737474796,0.6674811677623627,0.8987766636351355
ar08_target_scale_narrow,0.8,30,19,peer_shrunk_nominal,0.836152,0.5469346733668342,19.380544869352672,23.39518317660618,0.26819380737474796,0.6674811677623627,0.8987766636351355
ar08_target_scale_narrow,0.8,30,19,peer_cov_ess,0.7615600000000001,0.5232160804020101,19.380544869352672,23.39518317660618,0.26819380737474796,0.6674811677623627,0.8987766636351355
ar08_target_scale_narrow,0.8,30,19,adaptive_cov_ess,0.8133720000000001,0.5511557788944723,19.380544869352672,23.39518317660618,0.26819380737474796,0.6674811677623627,0.8987766636351355
ar08_target_scale_narrow,0.8,30,19,adaptive_nominal,0.8503839999999999,0.565427135678392,19.380544869352672,23.39518317660618,0.26819380737474796,0.6674811677623627,0.8987766636351355
ar08_target_scale_narrow,0.8,30,19,adaptive_joint_nominal,0.8717440000000001,0.5734673366834171,19.380544869352672,23.39518317660618,0.26819380737474796,0.6674811677623627,0.8987766636351355
ar08_target_scale_narrow,0.8,30,20,shared_oas,0.8451119999999999,0.528643216080402,19.484983494776305,22.77836230675624,0.28237189913094685,0.5843752248214868,0.9486439627798313
ar08_target_scale_narrow,0.8,30,20,peer_nominal,0.876212,0.5851256281407036,19.484983494776305,22.77836230675624,0.28237189913094685,0.5843752248214868,0.9486439627798313
ar08_target_scale_narrow,0.8,30,20,peer_shrunk_nominal,0.86724,0.5374874371859296,19.484983494776305,22.77836230675624,0.28237189913094685,0.5843752248214868,0.9486439627798313
ar08_target_scale_narrow,0.8,30,20,peer_cov_ess,0.8555159999999999,0.5718592964824121,19.484983494776305,22.77836230675624,0.28237189913094685,0.5843752248214868,0.9486439627798313
ar08_target_scale_narrow,0.8,30,20,adaptive_cov_ess,0.885988,0.5909547738693467,19.484983494776305,22.77836230675624,0.28237189913094685,0.5843752248214868,0.9486439627798313
ar08_target_scale_narrow,0.8,30,20,adaptive_nominal,0.899068,0.6010050251256281,19.484983494776305,22.77836230675624,0.28237189913094685,0.5843752248214868,0.9486439627798313
ar08_target_scale_narrow,0.8,30,20,adaptive_joint_nominal,0.8982680000000001,0.5523618090452261,19.484983494776305,22.77836230675624,0.28237189913094685,0.5843752248214868,0.9486439627798313
ar08_target_scale_narrow,0.8,30,21,shared_oas,0.6928679999999999,0.5061306532663317,18.15994838909892,21.056095810477657,0.2684265079138536,0.5590296286138563,0.9648173713325605
ar08_target_scale_narrow,0.8,30,21,peer_nominal,0.675356,0.5071356783919598,18.15994838909892,21.056095810477657,0.2684265079138536,0.5590296286138563,0.9648173713325605
ar08_target_scale_narrow,0.8,30,21,peer_shrunk_nominal,0.700084,0.5063316582914573,18.15994838909892,21.056095810477657,0.2684265079138536,0.5590296286138563,0.9648173713325605
ar08_target_scale_narrow,0.8,30,21,peer_cov_ess,0.667004,0.5129648241206031,18.15994838909892,21.056095810477657,0.2684265079138536,0.5590296286138563,0.9648173713325605
ar08_target_scale_narrow,0.8,30,21,adaptive_cov_ess,0.680176,0.515175879396985,18.15994838909892,21.056095810477657,0.2684265079138536,0.5590296286138563,0.9648173713325605
ar08_target_scale_narrow,0.8,30,21,adaptive_nominal,0.6888839999999999,0.5117587939698492,18.15994838909892,21.056095810477657,0.2684265079138536,0.5590296286138563,0.9648173713325605
ar08_target_scale_narrow,0.8,30,21,adaptive_joint_nominal,0.70738,0.5083417085427135,18.15994838909892,21.056095810477657,0.2684265079138536,0.5590296286138563,0.9648173713325605
ar08_target_scale_narrow,0.8,30,22,shared_oas,0.8650360000000001,0.5085427135678392,18.516830606430563,20.401859632440207,0.2611744389916743,0.5987436194437898,0.946316192612586
ar08_target_scale_narrow,0.8,30,22,peer_nominal,0.828888,0.5085427135678392,18.516830606430563,20.401859632440207,0.2611744389916743,0.5987436194437898,0.946316192612586
ar08_target_scale_narrow,0.8,30,22,peer_shrunk_nominal,0.871556,0.5113567839195979,18.516830606430563,20.401859632440207,0.2611744389916743,0.5987436194437898,0.946316192612586
ar08_target_scale_narrow,0.8,30,22,peer_cov_ess,0.754688,0.5023115577889448,18.516830606430563,20.401859632440207,0.2611744389916743,0.5987436194437898,0.946316192612586
ar08_target_scale_narrow,0.8,30,22,adaptive_cov_ess,0.867348,0.5210050251256282,18.516830606430563,20.401859632440207,0.2611744389916743,0.5987436194437898,0.946316192612586
ar08_target_scale_narrow,0.8,30,22,adaptive_nominal,0.9202999999999999,0.5557788944723618,18.516830606430563,20.401859632440207,0.2611744389916743,0.5987436194437898,0.946316192612586
ar08_target_scale_narrow,0.8,30,22,adaptive_joint_nominal,0.948096,0.5690452261306532,18.516830606430563,20.401859632440207,0.2611744389916743,0.5987436194437898,0.946316192612586
ar08_target_scale_narrow,0.8,30,23,shared_oas,0.845456,0.505929648241206,14.205955424264474,18.665471218149136,0.2107777407955202,0.5667970453535842,0.9946026972210531
ar08_target_scale_narrow,0.8,30,23,peer_nominal,0.826164,0.5113567839195979,14.205955424264474,18.665471218149136,0.2107777407955202,0.5667970453535842,0.9946026972210531
ar08_target_scale_narrow,0.8,30,23,peer_shrunk_nominal,0.8435719999999999,0.5053266331658292,14.205955424264474,18.665471218149136,0.2107777407955202,0.5667970453535842,0.9946026972210531
ar08_target_scale_narrow,0.8,30,23,peer_cov_ess,0.788412,0.5039195979899498,14.205955424264474,18.665471218149136,0.2107777407955202,0.5667970453535842,0.9946026972210531
ar08_target_scale_narrow,0.8,30,23,adaptive_cov_ess,0.8808480000000001,0.5175879396984925,14.205955424264474,18.665471218149136,0.2107777407955202,0.5667970453535842,0.9946026972210531
ar08_target_scale_narrow,0.8,30,23,adaptive_nominal,0.904772,0.5392964824120603,14.205955424264474,18.665471218149136,0.2107777407955202,0.5667970453535842,0.9946026972210531
ar08_target_scale_narrow,0.8,30,23,adaptive_joint_nominal,0.929692,0.5403015075376885,14.205955424264474,18.665471218149136,0.2107777407955202,0.5667970453535842,0.9946026972210531
ar08_target_scale_narrow,0.8,30,24,shared_oas,0.9029360000000001,0.5843216080402011,14.219604559759414,17.63304517476074,0.2468029913065293,0.517390096664295,0.9648644198802088
ar08_target_scale_narrow,0.8,30,24,peer_nominal,0.8926360000000001,0.5770854271356783,14.219604559759414,17.63304517476074,0.2468029913065293,0.517390096664295,0.9648644198802088
ar08_target_scale_narrow,0.8,30,24,peer_shrunk_nominal,0.9035679999999999,0.5650251256281407,14.219604559759414,17.63304517476074,0.2468029913065293,0.517390096664295,0.9648644198802088
ar08_target_scale_narrow,0.8,30,24,peer_cov_ess,0.858384,0.5447236180904522,14.219604559759414,17.63304517476074,0.2468029913065293,0.517390096664295,0.9648644198802088
ar08_target_scale_narrow,0.8,30,24,adaptive_cov_ess,0.9059439999999999,0.5883417085427136,14.219604559759414,17.63304517476074,0.2468029913065293,0.517390096664295,0.9648644198802088
ar08_target_scale_narrow,0.8,30,24,adaptive_nominal,0.929792,0.6428140703517587,14.219604559759414,17.63304517476074,0.2468029913065293,0.517390096664295,0.9648644198802088
ar08_target_scale_narrow,0.8,30,24,adaptive_joint_nominal,0.9423199999999999,0.662713567839196,14.219604559759414,17.63304517476074,0.2468029913065293,0.517390096664295,0.9648644198802088
ar08_target_scale_narrow,0.8,30,25,shared_oas,0.585456,0.5033165829145728,19.144963562447582,23.111258401560157,0.27862264124381786,0.5258526094484455,0.9473751638899671
ar08_target_scale_narrow,0.8,30,25,peer_nominal,0.7357400000000001,0.5073366834170854,19.144963562447582,23.111258401560157,0.27862264124381786,0.5258526094484455,0.9473751638899671
ar08_target_scale_narrow,0.8,30,25,peer_shrunk_nominal,0.764192,0.5097487437185929,19.144963562447582,23.111258401560157,0.27862264124381786,0.5258526094484455,0.9473751638899671
ar08_target_scale_narrow,0.8,30,25,peer_cov_ess,0.714584,0.5067336683417085,19.144963562447582,23.111258401560157,0.27862264124381786,0.5258526094484455,0.9473751638899671
ar08_target_scale_narrow,0.8,30,25,adaptive_cov_ess,0.795108,0.5149748743718593,19.144963562447582,23.111258401560157,0.27862264124381786,0.5258526094484455,0.9473751638899671
ar08_target_scale_narrow,0.8,30,25,adaptive_nominal,0.804756,0.5193969849246232,19.144963562447582,23.111258401560157,0.27862264124381786,0.5258526094484455,0.9473751638899671
ar08_target_scale_narrow,0.8,30,25,adaptive_joint_nominal,0.8355520000000001,0.5210050251256282,19.144963562447582,23.111258401560157,0.27862264124381786,0.5258526094484455,0.9473751638899671
ar08_target_scale_narrow,0.8,30,26,shared_oas,0.816408,0.567035175879397,17.286123488381126,21.074791046342924,0.21748640400691371,0.46625929005798816,0.9612533721339018
ar08_target_scale_narrow,0.8,30,26,peer_nominal,0.815504,0.5644221105527638,17.286123488381126,21.074791046342924,0.21748640400691371,0.46625929005798816,0.9612533721339018
ar08_target_scale_narrow,0.8,30,26,peer_shrunk_nominal,0.8157399999999999,0.5597989949748744,17.286123488381126,21.074791046342924,0.21748640400691371,0.46625929005798816,0.9612533721339018
ar08_target_scale_narrow,0.8,30,26,peer_cov_ess,0.770832,0.5409045226130653,17.286123488381126,21.074791046342924,0.21748640400691371,0.46625929005798816,0.9612533721339018
ar08_target_scale_narrow,0.8,30,26,adaptive_cov_ess,0.8078719999999999,0.5533668341708543,17.286123488381126,21.074791046342924,0.21748640400691371,0.46625929005798816,0.9612533721339018
ar08_target_scale_narrow,0.8,30,26,adaptive_nominal,0.847648,0.5786934673366835,17.286123488381126,21.074791046342924,0.21748640400691371,0.46625929005798816,0.9612533721339018
ar08_target_scale_narrow,0.8,30,26,adaptive_joint_nominal,0.8424480000000001,0.5704522613065327,17.286123488381126,21.074791046342924,0.21748640400691371,0.46625929005798816,0.9612533721339018
ar08_target_scale_narrow,0.8,30,27,shared_oas,0.826128,0.5272361809045226,16.786786930781517,20.368495868914373,0.20541695886823852,0.4266118021825638,0.9667070847861081
ar08_target_scale_narrow,0.8,30,27,peer_nominal,0.936248,0.5698492462311557,16.786786930781517,20.368495868914373,0.20541695886823852,0.4266118021825638,0.9667070847861081
ar08_target_scale_narrow,0.8,30,27,peer_shrunk_nominal,0.9297360000000001,0.570251256281407,16.786786930781517,20.368495868914373,0.20541695886823852,0.4266118021825638,0.9667070847861081
ar08_target_scale_narrow,0.8,30,27,peer_cov_ess,0.8930119999999999,0.538894472361809,16.786786930781517,20.368495868914373,0.20541695886823852,0.4266118021825638,0.9667070847861081
ar08_target_scale_narrow,0.8,30,27,adaptive_cov_ess,0.967016,0.6763819095477387,16.786786930781517,20.368495868914373,0.20541695886823852,0.4266118021825638,0.9667070847861081
ar08_target_scale_narrow,0.8,30,27,adaptive_nominal,0.980056,0.7099497487437186,16.786786930781517,20.368495868914373,0.20541695886823852,0.4266118021825638,0.9667070847861081
ar08_target_scale_narrow,0.8,30,27,adaptive_joint_nominal,0.9786159999999999,0.6763819095477387,16.786786930781517,20.368495868914373,0.20541695886823852,0.4266118021825638,0.9667070847861081
ar08_target_scale_narrow,0.8,30,28,shared_oas,0.780744,0.5181909547738693,18.783700315811252,24.479102299196946,0.24872524926029982,0.5214695388964916,0.9407386639921216
ar08_target_scale_narrow,0.8,30,28,peer_nominal,0.746288,0.5165829145728643,18.783700315811252,24.479102299196946,0.24872524926029982,0.5214695388964916,0.9407386639921216
ar08_target_scale_narrow,0.8,30,28,peer_shrunk_nominal,0.7894079999999999,0.5228140703517588,18.783700315811252,24.479102299196946,0.24872524926029982,0.5214695388964916,0.9407386639921216
ar08_target_scale_narrow,0.8,30,28,peer_cov_ess,0.7141839999999999,0.5111557788944724,18.783700315811252,24.479102299196946,0.24872524926029982,0.5214695388964916,0.9407386639921216
ar08_target_scale_narrow,0.8,30,28,adaptive_cov_ess,0.835868,0.5429145728643217,18.783700315811252,24.479102299196946,0.24872524926029982,0.5214695388964916,0.9407386639921216
ar08_target_scale_narrow,0.8,30,28,adaptive_nominal,0.866164,0.5650251256281407,18.783700315811252,24.479102299196946,0.24872524926029982,0.5214695388964916,0.9407386639921216
ar08_target_scale_narrow,0.8,30,28,adaptive_joint_nominal,0.89604,0.578894472361809,18.783700315811252,24.479102299196946,0.24872524926029982,0.5214695388964916,0.9407386639921216
ar08_target_scale_narrow,0.8,30,29,shared_oas,0.894668,0.5392964824120603,16.84661831129256,22.348978792692613,0.2170816304732024,0.604007432327831,0.9463483709790347
ar08_target_scale_narrow,0.8,30,29,peer_nominal,0.881504,0.5445226130653267,16.84661831129256,22.348978792692613,0.2170816304732024,0.604007432327831,0.9463483709790347
ar08_target_scale_narrow,0.8,30,29,peer_shrunk_nominal,0.9186,0.5451256281407035,16.84661831129256,22.348978792692613,0.2170816304732024,0.604007432327831,0.9463483709790347
ar08_target_scale_narrow,0.8,30,29,peer_cov_ess,0.8432319999999999,0.5292462311557788,16.84661831129256,22.348978792692613,0.2170816304732024,0.604007432327831,0.9463483709790347
ar08_target_scale_narrow,0.8,30,29,adaptive_cov_ess,0.9026599999999999,0.5435175879396985,16.84661831129256,22.348978792692613,0.2170816304732024,0.604007432327831,0.9463483709790347
ar08_target_scale_narrow,0.8,30,29,adaptive_nominal,0.9276,0.568643216080402,16.84661831129256,22.348978792692613,0.2170816304732024,0.604007432327831,0.9463483709790347
ar08_target_scale_narrow,0.8,30,29,adaptive_joint_nominal,0.9491440000000001,0.5825125628140704,16.84661831129256,22.348978792692613,0.2170816304732024,0.604007432327831,0.9463483709790347
ar08_target_scale_narrow,0.8,30,30,shared_oas,0.8522919999999998,0.5801005025125628,16.83337661993639,18.932684196654773,0.24089356930076544,0.5506009957083529,0.9887220845911584
ar08_target_scale_narrow,0.8,30,30,peer_nominal,0.8244520000000001,0.5306532663316583,16.83337661993639,18.932684196654773,0.24089356930076544,0.5506009957083529,0.9887220845911584
ar08_target_scale_narrow,0.8,30,30,peer_shrunk_nominal,0.869432,0.5807035175879397,16.83337661993639,18.932684196654773,0.24089356930076544,0.5506009957083529,0.9887220845911584
ar08_target_scale_narrow,0.8,30,30,peer_cov_ess,0.7760639999999999,0.5232160804020101,16.83337661993639,18.932684196654773,0.24089356930076544,0.5506009957083529,0.9887220845911584
ar08_target_scale_narrow,0.8,30,30,adaptive_cov_ess,0.918604,0.6223115577889448,16.83337661993639,18.932684196654773,0.24089356930076544,0.5506009957083529,0.9887220845911584
ar08_target_scale_narrow,0.8,30,30,adaptive_nominal,0.94238,0.6568844221105528,16.83337661993639,18.932684196654773,0.24089356930076544,0.5506009957083529,0.9887220845911584
ar08_target_scale_narrow,0.8,30,30,adaptive_joint_nominal,0.958196,0.7668341708542714,16.83337661993639,18.932684196654773,0.24089356930076544,0.5506009957083529,0.9887220845911584
ar08_target_scale_narrow,0.8,30,31,shared_oas,0.81306,0.5632160804020101,18.75305500210886,21.682028283295963,0.2537342957525046,0.6736005522370362,0.9345108712594536
ar08_target_scale_narrow,0.8,30,31,peer_nominal,0.7669479999999999,0.5272361809045226,18.75305500210886,21.682028283295963,0.2537342957525046,0.6736005522370362,0.9345108712594536
ar08_target_scale_narrow,0.8,30,31,peer_shrunk_nominal,0.810844,0.5495477386934673,18.75305500210886,21.682028283295963,0.2537342957525046,0.6736005522370362,0.9345108712594536
ar08_target_scale_narrow,0.8,30,31,peer_cov_ess,0.741496,0.521608040201005,18.75305500210886,21.682028283295963,0.2537342957525046,0.6736005522370362,0.9345108712594536
ar08_target_scale_narrow,0.8,30,31,adaptive_cov_ess,0.755648,0.5187939698492462,18.75305500210886,21.682028283295963,0.2537342957525046,0.6736005522370362,0.9345108712594536
ar08_target_scale_narrow,0.8,30,31,adaptive_nominal,0.7800320000000001,0.5272361809045226,18.75305500210886,21.682028283295963,0.2537342957525046,0.6736005522370362,0.9345108712594536
ar08_target_scale_narrow,0.8,30,31,adaptive_joint_nominal,0.8291839999999999,0.5515577889447236,18.75305500210886,21.682028283295963,0.2537342957525046,0.6736005522370362,0.9345108712594536
ar08_target_scale_narrow,0.8,30,32,shared_oas,0.8753800000000002,0.5573869346733669,19.642809429084316,20.09794498758082,0.25678589566485077,0.6870111538850162,0.9540651252355932
ar08_target_scale_narrow,0.8,30,32,peer_nominal,0.910956,0.5961809045226131,19.642809429084316,20.09794498758082,0.25678589566485077,0.6870111538850162,0.9540651252355932
ar08_target_scale_narrow,0.8,30,32,peer_shrunk_nominal,0.8907560000000001,0.5668341708542713,19.642809429084316,20.09794498758082,0.25678589566485077,0.6870111538850162,0.9540651252355932
ar08_target_scale_narrow,0.8,30,32,peer_cov_ess,0.8766679999999999,0.5754773869346734,19.642809429084316,20.09794498758082,0.25678589566485077,0.6870111538850162,0.9540651252355932
ar08_target_scale_narrow,0.8,30,32,adaptive_cov_ess,0.9371320000000001,0.6391959798994975,19.642809429084316,20.09794498758082,0.25678589566485077,0.6870111538850162,0.9540651252355932
ar08_target_scale_narrow,0.8,30,32,adaptive_nominal,0.955692,0.6707537688442211,19.642809429084316,20.09794498758082,0.25678589566485077,0.6870111538850162,0.9540651252355932
ar08_target_scale_narrow,0.8,30,32,adaptive_joint_nominal,0.938808,0.6104522613065326,19.642809429084316,20.09794498758082,0.25678589566485077,0.6870111538850162,0.9540651252355932
ar08_target_scale_narrow,0.8,30,33,shared_oas,0.838128,0.5706532663316582,14.382545361735186,21.512780143480214,0.24322412348794262,0.4052931490765013,0.9566351284846109
ar08_target_scale_narrow,0.8,30,33,peer_nominal,0.8565639999999999,0.5648241206030151,14.382545361735186,21.512780143480214,0.24322412348794262,0.4052931490765013,0.9566351284846109
ar08_target_scale_narrow,0.8,30,33,peer_shrunk_nominal,0.869304,0.578894472361809,14.382545361735186,21.512780143480214,0.24322412348794262,0.4052931490765013,0.9566351284846109
ar08_target_scale_narrow,0.8,30,33,peer_cov_ess,0.818884,0.5439195979899497,14.382545361735186,21.512780143480214,0.24322412348794262,0.4052931490765013,0.9566351284846109
ar08_target_scale_narrow,0.8,30,33,adaptive_cov_ess,0.8495919999999999,0.56,14.382545361735186,21.512780143480214,0.24322412348794262,0.4052931490765013,0.9566351284846109
ar08_target_scale_narrow,0.8,30,33,adaptive_nominal,0.881892,0.5859296482412061,14.382545361735186,21.512780143480214,0.24322412348794262,0.4052931490765013,0.9566351284846109
ar08_target_scale_narrow,0.8,30,33,adaptive_joint_nominal,0.8936279999999999,0.5841206030150754,14.382545361735186,21.512780143480214,0.24322412348794262,0.4052931490765013,0.9566351284846109
ar08_target_scale_narrow,0.8,30,34,shared_oas,0.8406480000000002,0.5370854271356784,15.72413093956719,20.813940726520233,0.2628288271055236,0.6892201451055209,0.9410910952174836
ar08_target_scale_narrow,0.8,30,34,peer_nominal,0.8479639999999999,0.5254271356783919,15.72413093956719,20.813940726520233,0.2628288271055236,0.6892201451055209,0.9410910952174836
ar08_target_scale_narrow,0.8,30,34,peer_shrunk_nominal,0.86068,0.5764824120603015,15.72413093956719,20.813940726520233,0.2628288271055236,0.6892201451055209,0.9410910952174836
ar08_target_scale_narrow,0.8,30,34,peer_cov_ess,0.801088,0.5139698492462311,15.72413093956719,20.813940726520233,0.2628288271055236,0.6892201451055209,0.9410910952174836
ar08_target_scale_narrow,0.8,30,34,adaptive_cov_ess,0.85566,0.5453266331658292,15.72413093956719,20.813940726520233,0.2628288271055236,0.6892201451055209,0.9410910952174836
ar08_target_scale_narrow,0.8,30,34,adaptive_nominal,0.886372,0.5571859296482412,15.72413093956719,20.813940726520233,0.2628288271055236,0.6892201451055209,0.9410910952174836
ar08_target_scale_narrow,0.8,30,34,adaptive_joint_nominal,0.8984559999999999,0.6144723618090452,15.72413093956719,20.813940726520233,0.2628288271055236,0.6892201451055209,0.9410910952174836
ar08_target_scale_narrow,0.8,30,35,shared_oas,0.689916,0.5033165829145728,17.971959169414355,21.244404993014857,0.28099708748472785,0.5386377816271832,0.9793419642836829
ar08_target_scale_narrow,0.8,30,35,peer_nominal,0.592148,0.5007035175879397,17.971959169414355,21.244404993014857,0.28099708748472785,0.5386377816271832,0.9793419642836829
ar08_target_scale_narrow,0.8,30,35,peer_shrunk_nominal,0.6854920000000001,0.5053266331658292,17.971959169414355,21.244404993014857,0.28099708748472785,0.5386377816271832,0.9793419642836829
ar08_target_scale_narrow,0.8,30,35,peer_cov_ess,0.569708,0.4986934673366834,17.971959169414355,21.244404993014857,0.28099708748472785,0.5386377816271832,0.9793419642836829
ar08_target_scale_narrow,0.8,30,35,adaptive_cov_ess,0.64398,0.5017085427135678,17.971959169414355,21.244404993014857,0.28099708748472785,0.5386377816271832,0.9793419642836829
ar08_target_scale_narrow,0.8,30,35,adaptive_nominal,0.662676,0.5049246231155778,17.971959169414355,21.244404993014857,0.28099708748472785,0.5386377816271832,0.9793419642836829
ar08_target_scale_narrow,0.8,30,35,adaptive_joint_nominal,0.756092,0.5133668341708543,17.971959169414355,21.244404993014857,0.28099708748472785,0.5386377816271832,0.9793419642836829
ar08_target_scale_narrow,0.8,30,36,shared_oas,0.947568,0.5620100502512563,20.85655899429908,21.628380619973683,0.3027054524239141,0.7213243063096377,0.9134517227124994
ar08_target_scale_narrow,0.8,30,36,peer_nominal,0.8445480000000001,0.5330653266331659,20.85655899429908,21.628380619973683,0.3027054524239141,0.7213243063096377,0.9134517227124994
ar08_target_scale_narrow,0.8,30,36,peer_shrunk_nominal,0.916092,0.5447236180904522,20.85655899429908,21.628380619973683,0.3027054524239141,0.7213243063096377,0.9134517227124994
ar08_target_scale_narrow,0.8,30,36,peer_cov_ess,0.8183039999999999,0.5268341708542713,20.85655899429908,21.628380619973683,0.3027054524239141,0.7213243063096377,0.9134517227124994
ar08_target_scale_narrow,0.8,30,36,adaptive_cov_ess,0.8979440000000001,0.5511557788944723,20.85655899429908,21.628380619973683,0.3027054524239141,0.7213243063096377,0.9134517227124994
ar08_target_scale_narrow,0.8,30,36,adaptive_nominal,0.913324,0.5606030150753769,20.85655899429908,21.628380619973683,0.3027054524239141,0.7213243063096377,0.9134517227124994
ar08_target_scale_narrow,0.8,30,36,adaptive_joint_nominal,0.96326,0.5961809045226131,20.85655899429908,21.628380619973683,0.3027054524239141,0.7213243063096377,0.9134517227124994
ar08_target_scale_narrow,0.8,30,37,shared_oas,0.804812,0.5109547738693467,24.228757423412635,29.0,0.26675061358991914,0.6594026973269682,0.9507534753484341
ar08_target_scale_narrow,0.8,30,37,peer_nominal,0.86672,0.5149748743718593,24.228757423412635,29.0,0.26675061358991914,0.6594026973269682,0.9507534753484341
ar08_target_scale_narrow,0.8,30,37,peer_shrunk_nominal,0.84382,0.5135678391959799,24.228757423412635,29.0,0.26675061358991914,0.6594026973269682,0.9507534753484341
ar08_target_scale_narrow,0.8,30,37,peer_cov_ess,0.838408,0.5117587939698492,24.228757423412635,29.0,0.26675061358991914,0.6594026973269682,0.9507534753484341
ar08_target_scale_narrow,0.8,30,37,adaptive_cov_ess,0.9453280000000001,0.5786934673366834,24.228757423412635,29.0,0.26675061358991914,0.6594026973269682,0.9507534753484341
ar08_target_scale_narrow,0.8,30,37,adaptive_nominal,0.957716,0.5951758793969849,24.228757423412635,29.0,0.26675061358991914,0.6594026973269682,0.9507534753484341
ar08_target_scale_narrow,0.8,30,37,adaptive_joint_nominal,0.942568,0.5782914572864322,24.228757423412635,29.0,0.26675061358991914,0.6594026973269682,0.9507534753484341
ar08_target_scale_narrow,0.8,30,38,shared_oas,0.856216,0.5358793969849246,14.454207234074007,18.174483035383552,0.17611290178813127,0.5217621516984442,0.9935560587539032
ar08_target_scale_narrow,0.8,30,38,peer_nominal,0.821544,0.5101507537688442,14.454207234074007,18.174483035383552,0.17611290178813127,0.5217621516984442,0.9935560587539032
ar08_target_scale_narrow,0.8,30,38,peer_shrunk_nominal,0.8406399999999999,0.5366834170854271,14.454207234074007,18.174483035383552,0.17611290178813127,0.5217621516984442,0.9935560587539032
ar08_target_scale_narrow,0.8,30,38,peer_cov_ess,0.78866,0.5079396984924623,14.454207234074007,18.174483035383552,0.17611290178813127,0.5217621516984442,0.9935560587539032
ar08_target_scale_narrow,0.8,30,38,adaptive_cov_ess,0.8210999999999999,0.5111557788944724,14.454207234074007,18.174483035383552,0.17611290178813127,0.5217621516984442,0.9935560587539032
ar08_target_scale_narrow,0.8,30,38,adaptive_nominal,0.8540439999999999,0.5220100502512562,14.454207234074007,18.174483035383552,0.17611290178813127,0.5217621516984442,0.9935560587539032
ar08_target_scale_narrow,0.8,30,38,adaptive_joint_nominal,0.865676,0.5608040201005026,14.454207234074007,18.174483035383552,0.17611290178813127,0.5217621516984442,0.9935560587539032
ar08_target_scale_narrow,0.8,30,39,shared_oas,0.797072,0.5111557788944724,17.39515697207095,24.340812078371535,0.2818800236920972,0.5065098943395996,0.9207747571649398
ar08_target_scale_narrow,0.8,30,39,peer_nominal,0.645604,0.5001005025125628,17.39515697207095,24.340812078371535,0.2818800236920972,0.5065098943395996,0.9207747571649398
ar08_target_scale_narrow,0.8,30,39,peer_shrunk_nominal,0.762764,0.507537688442211,17.39515697207095,24.340812078371535,0.2818800236920972,0.5065098943395996,0.9207747571649398
ar08_target_scale_narrow,0.8,30,39,peer_cov_ess,0.638072,0.5015075376884423,17.39515697207095,24.340812078371535,0.2818800236920972,0.5065098943395996,0.9207747571649398
ar08_target_scale_narrow,0.8,30,39,adaptive_cov_ess,0.716868,0.5047236180904523,17.39515697207095,24.340812078371535,0.2818800236920972,0.5065098943395996,0.9207747571649398
ar08_target_scale_narrow,0.8,30,39,adaptive_nominal,0.712584,0.5041206030150753,17.39515697207095,24.340812078371535,0.2818800236920972,0.5065098943395996,0.9207747571649398
ar08_target_scale_narrow,0.8,30,39,adaptive_joint_nominal,0.827944,0.5296482412060302,17.39515697207095,24.340812078371535,0.2818800236920972,0.5065098943395996,0.9207747571649398
ar08_target_scale_narrow,0.8,100,0,shared_oas,0.973232,0.7750753768844221,33.13972215705856,38.74668004306781,0.377965052555,0.6645561454628524,0.975454572192397
ar08_target_scale_narrow,0.8,100,0,peer_nominal,0.970944,0.7863316582914572,33.13972215705856,38.74668004306781,0.377965052555,0.6645561454628524,0.975454572192397
ar08_target_scale_narrow,0.8,100,0,peer_shrunk_nominal,0.978484,0.7971859296482413,33.13972215705856,38.74668004306781,0.377965052555,0.6645561454628524,0.975454572192397
ar08_target_scale_narrow,0.8,100,0,peer_cov_ess,0.8962479999999999,0.6062311557788944,33.13972215705856,38.74668004306781,0.377965052555,0.6645561454628524,0.975454572192397
ar08_target_scale_narrow,0.8,100,0,adaptive_cov_ess,0.954804,0.7250251256281408,33.13972215705856,38.74668004306781,0.377965052555,0.6645561454628524,0.975454572192397
ar08_target_scale_narrow,0.8,100,0,adaptive_nominal,0.984072,0.8530653266331658,33.13972215705856,38.74668004306781,0.377965052555,0.6645561454628524,0.975454572192397
ar08_target_scale_narrow,0.8,100,0,adaptive_joint_nominal,0.9871399999999999,0.8592964824120604,33.13972215705856,38.74668004306781,0.377965052555,0.6645561454628524,0.975454572192397
ar08_target_scale_narrow,0.8,100,1,shared_oas,0.955092,0.591356783919598,32.4645802349647,38.55435836782546,0.42788310059690493,0.580282124708012,0.9918991348251862
ar08_target_scale_narrow,0.8,100,1,peer_nominal,0.946908,0.5891457286432161,32.4645802349647,38.55435836782546,0.42788310059690493,0.580282124708012,0.9918991348251862
ar08_target_scale_narrow,0.8,100,1,peer_shrunk_nominal,0.957352,0.6207035175879397,32.4645802349647,38.55435836782546,0.42788310059690493,0.580282124708012,0.9918991348251862
ar08_target_scale_narrow,0.8,100,1,peer_cov_ess,0.8991960000000001,0.5356783919597989,32.4645802349647,38.55435836782546,0.42788310059690493,0.580282124708012,0.9918991348251862
ar08_target_scale_narrow,0.8,100,1,adaptive_cov_ess,0.952156,0.5943718592964824,32.4645802349647,38.55435836782546,0.42788310059690493,0.580282124708012,0.9918991348251862
ar08_target_scale_narrow,0.8,100,1,adaptive_nominal,0.962272,0.6213065326633166,32.4645802349647,38.55435836782546,0.42788310059690493,0.580282124708012,0.9918991348251862
ar08_target_scale_narrow,0.8,100,1,adaptive_joint_nominal,0.9727399999999999,0.6769849246231155,32.4645802349647,38.55435836782546,0.42788310059690493,0.580282124708012,0.9918991348251862
ar08_target_scale_narrow,0.8,100,2,shared_oas,0.9478000000000001,0.6635175879396984,32.051442443344904,37.33356219454124,0.45661669818005746,0.7030917409306373,0.9506371107355756
ar08_target_scale_narrow,0.8,100,2,peer_nominal,0.9433039999999999,0.6661306532663316,32.051442443344904,37.33356219454124,0.45661669818005746,0.7030917409306373,0.9506371107355756
ar08_target_scale_narrow,0.8,100,2,peer_shrunk_nominal,0.9486600000000001,0.6852261306532663,32.051442443344904,37.33356219454124,0.45661669818005746,0.7030917409306373,0.9506371107355756
ar08_target_scale_narrow,0.8,100,2,peer_cov_ess,0.8758119999999999,0.5569849246231156,32.051442443344904,37.33356219454124,0.45661669818005746,0.7030917409306373,0.9506371107355756
ar08_target_scale_narrow,0.8,100,2,adaptive_cov_ess,0.939488,0.653467336683417,32.051442443344904,37.33356219454124,0.45661669818005746,0.7030917409306373,0.9506371107355756
ar08_target_scale_narrow,0.8,100,2,adaptive_nominal,0.9655520000000001,0.7366834170854272,32.051442443344904,37.33356219454124,0.45661669818005746,0.7030917409306373,0.9506371107355756
ar08_target_scale_narrow,0.8,100,2,adaptive_joint_nominal,0.9719760000000001,0.7851256281407035,32.051442443344904,37.33356219454124,0.45661669818005746,0.7030917409306373,0.9506371107355756
ar08_target_scale_narrow,0.8,100,3,shared_oas,0.923852,0.6042211055276382,33.70419946607178,37.218990852394086,0.3973663736092121,0.7011845260816484,0.9463908520819276
ar08_target_scale_narrow,0.8,100,3,peer_nominal,0.9216759999999999,0.6128643216080402,33.70419946607178,37.218990852394086,0.3973663736092121,0.7011845260816484,0.9463908520819276
ar08_target_scale_narrow,0.8,100,3,peer_shrunk_nominal,0.933428,0.6164824120603015,33.70419946607178,37.218990852394086,0.3973663736092121,0.7011845260816484,0.9463908520819276
ar08_target_scale_narrow,0.8,100,3,peer_cov_ess,0.85188,0.5356783919597989,33.70419946607178,37.218990852394086,0.3973663736092121,0.7011845260816484,0.9463908520819276
ar08_target_scale_narrow,0.8,100,3,adaptive_cov_ess,0.910932,0.5811055276381909,33.70419946607178,37.218990852394086,0.3973663736092121,0.7011845260816484,0.9463908520819276
ar08_target_scale_narrow,0.8,100,3,adaptive_nominal,0.9453159999999999,0.6697487437185929,33.70419946607178,37.218990852394086,0.3973663736092121,0.7011845260816484,0.9463908520819276
ar08_target_scale_narrow,0.8,100,3,adaptive_joint_nominal,0.9543,0.6860301507537688,33.70419946607178,37.218990852394086,0.3973663736092121,0.7011845260816484,0.9463908520819276
ar08_target_scale_narrow,0.8,100,4,shared_oas,0.95092,0.6345728643216081,30.097352666105554,39.14740029861636,0.3974722959329209,0.49932895469634786,0.9674053288150237
ar08_target_scale_narrow,0.8,100,4,peer_nominal,0.962116,0.6874371859296482,30.097352666105554,39.14740029861636,0.3974722959329209,0.49932895469634786,0.9674053288150237
ar08_target_scale_narrow,0.8,100,4,peer_shrunk_nominal,0.9590679999999999,0.6735678391959798,30.097352666105554,39.14740029861636,0.3974722959329209,0.49932895469634786,0.9674053288150237
ar08_target_scale_narrow,0.8,100,4,peer_cov_ess,0.899708,0.5961809045226131,30.097352666105554,39.14740029861636,0.3974722959329209,0.49932895469634786,0.9674053288150237
ar08_target_scale_narrow,0.8,100,4,adaptive_cov_ess,0.9477159999999999,0.6908542713567839,30.097352666105554,39.14740029861636,0.3974722959329209,0.49932895469634786,0.9674053288150237
ar08_target_scale_narrow,0.8,100,4,adaptive_nominal,0.976244,0.7790954773869346,30.097352666105554,39.14740029861636,0.3974722959329209,0.49932895469634786,0.9674053288150237
ar08_target_scale_narrow,0.8,100,4,adaptive_joint_nominal,0.971904,0.7612060301507538,30.097352666105554,39.14740029861636,0.3974722959329209,0.49932895469634786,0.9674053288150237
ar08_target_scale_narrow,0.8,100,5,shared_oas,0.988232,0.7191959798994975,33.826912356647824,41.642181998282005,0.4326922759389476,0.739699941858478,0.9315458023558422
ar08_target_scale_narrow,0.8,100,5,peer_nominal,0.9898960000000001,0.7559798994974875,33.826912356647824,41.642181998282005,0.4326922759389476,0.739699941858478,0.9315458023558422
ar08_target_scale_narrow,0.8,100,5,peer_shrunk_nominal,0.990472,0.7527638190954773,33.826912356647824,41.642181998282005,0.4326922759389476,0.739699941858478,0.9315458023558422
ar08_target_scale_narrow,0.8,100,5,peer_cov_ess,0.955844,0.5652261306532663,33.826912356647824,41.642181998282005,0.4326922759389476,0.739699941858478,0.9315458023558422
ar08_target_scale_narrow,0.8,100,5,adaptive_cov_ess,0.9860599999999999,0.7177889447236181,33.826912356647824,41.642181998282005,0.4326922759389476,0.739699941858478,0.9315458023558422
ar08_target_scale_narrow,0.8,100,5,adaptive_nominal,0.995528,0.8755778894472361,33.826912356647824,41.642181998282005,0.4326922759389476,0.739699941858478,0.9315458023558422
ar08_target_scale_narrow,0.8,100,5,adaptive_joint_nominal,0.995844,0.8755778894472361,33.826912356647824,41.642181998282005,0.4326922759389476,0.739699941858478,0.9315458023558422
ar08_target_scale_narrow,0.8,100,6,shared_oas,0.908676,0.5698492462311557,38.303674040869716,43.16956670949761,0.41230118860724135,0.7744637619344332,0.963306582777805
ar08_target_scale_narrow,0.8,100,6,peer_nominal,0.9103319999999999,0.558391959798995,38.303674040869716,43.16956670949761,0.41230118860724135,0.7744637619344332,0.963306582777805
ar08_target_scale_narrow,0.8,100,6,peer_shrunk_nominal,0.9048320000000001,0.5716582914572864,38.303674040869716,43.16956670949761,0.41230118860724135,0.7744637619344332,0.963306582777805
ar08_target_scale_narrow,0.8,100,6,peer_cov_ess,0.8845959999999999,0.5433165829145729,38.303674040869716,43.16956670949761,0.41230118860724135,0.7744637619344332,0.963306582777805
ar08_target_scale_narrow,0.8,100,6,adaptive_cov_ess,0.914436,0.5678391959798995,38.303674040869716,43.16956670949761,0.41230118860724135,0.7744637619344332,0.963306582777805
ar08_target_scale_narrow,0.8,100,6,adaptive_nominal,0.9227799999999999,0.5710552763819096,38.303674040869716,43.16956670949761,0.41230118860724135,0.7744637619344332,0.963306582777805
ar08_target_scale_narrow,0.8,100,6,adaptive_joint_nominal,0.918064,0.594572864321608,38.303674040869716,43.16956670949761,0.41230118860724135,0.7744637619344332,0.963306582777805
ar08_target_scale_narrow,0.8,100,7,shared_oas,0.9148040000000001,0.5778894472361809,36.28517766547537,37.0833440154486,0.39832838517367547,0.6149983749089244,1.0274176284644134
ar08_target_scale_narrow,0.8,100,7,peer_nominal,0.9078720000000001,0.5855276381909548,36.28517766547537,37.0833440154486,0.39832838517367547,0.6149983749089244,1.0274176284644134
ar08_target_scale_narrow,0.8,100,7,peer_shrunk_nominal,0.9327399999999999,0.5941708542713567,36.28517766547537,37.0833440154486,0.39832838517367547,0.6149983749089244,1.0274176284644134
ar08_target_scale_narrow,0.8,100,7,peer_cov_ess,0.810848,0.5278391959798995,36.28517766547537,37.0833440154486,0.39832838517367547,0.6149983749089244,1.0274176284644134
ar08_target_scale_narrow,0.8,100,7,adaptive_cov_ess,0.8954279999999999,0.5835175879396985,36.28517766547537,37.0833440154486,0.39832838517367547,0.6149983749089244,1.0274176284644134
ar08_target_scale_narrow,0.8,100,7,adaptive_nominal,0.9488759999999999,0.6787939698492462,36.28517766547537,37.0833440154486,0.39832838517367547,0.6149983749089244,1.0274176284644134
ar08_target_scale_narrow,0.8,100,7,adaptive_joint_nominal,0.9641040000000001,0.7021105527638192,36.28517766547537,37.0833440154486,0.39832838517367547,0.6149983749089244,1.0274176284644134
ar08_target_scale_narrow,0.8,100,8,shared_oas,0.807304,0.5067336683417085,34.90551972522858,35.36810023788573,0.3164201130170151,0.6785927905203853,0.9868520178604323
ar08_target_scale_narrow,0.8,100,8,peer_nominal,0.80228,0.5115577889447236,34.90551972522858,35.36810023788573,0.3164201130170151,0.6785927905203853,0.9868520178604323
ar08_target_scale_narrow,0.8,100,8,peer_shrunk_nominal,0.7952039999999999,0.5067336683417085,34.90551972522858,35.36810023788573,0.3164201130170151,0.6785927905203853,0.9868520178604323
ar08_target_scale_narrow,0.8,100,8,peer_cov_ess,0.772848,0.5103517587939699,34.90551972522858,35.36810023788573,0.3164201130170151,0.6785927905203853,0.9868520178604323
ar08_target_scale_narrow,0.8,100,8,adaptive_cov_ess,0.800744,0.5093467336683417,34.90551972522858,35.36810023788573,0.3164201130170151,0.6785927905203853,0.9868520178604323
ar08_target_scale_narrow,0.8,100,8,adaptive_nominal,0.8195359999999999,0.5099497487437186,34.90551972522858,35.36810023788573,0.3164201130170151,0.6785927905203853,0.9868520178604323
ar08_target_scale_narrow,0.8,100,8,adaptive_joint_nominal,0.810572,0.5071356783919598,34.90551972522858,35.36810023788573,0.3164201130170151,0.6785927905203853,0.9868520178604323
ar08_target_scale_narrow,0.8,100,9,shared_oas,0.9876440000000001,0.7805025125628141,37.738496657193146,43.40516950740673,0.44789726939555147,0.7791444777080196,0.9368806296640984
ar08_target_scale_narrow,0.8,100,9,peer_nominal,0.987608,0.7469346733668342,37.738496657193146,43.40516950740673,0.44789726939555147,0.7791444777080196,0.9368806296640984
ar08_target_scale_narrow,0.8,100,9,peer_shrunk_nominal,0.9809840000000001,0.7037185929648241,37.738496657193146,43.40516950740673,0.44789726939555147,0.7791444777080196,0.9368806296640984
ar08_target_scale_narrow,0.8,100,9,peer_cov_ess,0.921056,0.5467336683417086,37.738496657193146,43.40516950740673,0.44789726939555147,0.7791444777080196,0.9368806296640984
ar08_target_scale_narrow,0.8,100,9,adaptive_cov_ess,0.978828,0.7023115577889447,37.738496657193146,43.40516950740673,0.44789726939555147,0.7791444777080196,0.9368806296640984
ar08_target_scale_narrow,0.8,100,9,adaptive_nominal,0.996748,0.9141708542713568,37.738496657193146,43.40516950740673,0.44789726939555147,0.7791444777080196,0.9368806296640984
ar08_target_scale_narrow,0.8,100,9,adaptive_joint_nominal,0.9944879999999999,0.8789949748743718,37.738496657193146,43.40516950740673,0.44789726939555147,0.7791444777080196,0.9368806296640984
ar08_target_scale_narrow,0.8,100,10,shared_oas,0.742656,0.5079396984924623,31.13130756576993,39.57887823798811,0.46291974308904427,0.654200388993216,0.9298044736889195
ar08_target_scale_narrow,0.8,100,10,peer_nominal,0.8113999999999999,0.539497487437186,31.13130756576993,39.57887823798811,0.46291974308904427,0.654200388993216,0.9298044736889195
ar08_target_scale_narrow,0.8,100,10,peer_shrunk_nominal,0.750792,0.5071356783919598,31.13130756576993,39.57887823798811,0.46291974308904427,0.654200388993216,0.9298044736889195
ar08_target_scale_narrow,0.8,100,10,peer_cov_ess,0.725576,0.5127638190954774,31.13130756576993,39.57887823798811,0.46291974308904427,0.654200388993216,0.9298044736889195
ar08_target_scale_narrow,0.8,100,10,adaptive_cov_ess,0.778028,0.515175879396985,31.13130756576993,39.57887823798811,0.46291974308904427,0.654200388993216,0.9298044736889195
ar08_target_scale_narrow,0.8,100,10,adaptive_nominal,0.8490599999999998,0.5742713567839196,31.13130756576993,39.57887823798811,0.46291974308904427,0.654200388993216,0.9298044736889195
ar08_target_scale_narrow,0.8,100,10,adaptive_joint_nominal,0.7889079999999999,0.5189949748743719,31.13130756576993,39.57887823798811,0.46291974308904427,0.654200388993216,0.9298044736889195
ar08_target_scale_narrow,0.8,100,11,shared_oas,0.945388,0.6428140703517587,35.20589540316186,39.8043657904869,0.43502738341996927,0.7248892377159144,0.9853261244621354
ar08_target_scale_narrow,0.8,100,11,peer_nominal,0.9410559999999999,0.6373869346733668,35.20589540316186,39.8043657904869,0.43502738341996927,0.7248892377159144,0.9853261244621354
ar08_target_scale_narrow,0.8,100,11,peer_shrunk_nominal,0.948504,0.636180904522613,35.20589540316186,39.8043657904869,0.43502738341996927,0.7248892377159144,0.9853261244621354
ar08_target_scale_narrow,0.8,100,11,peer_cov_ess,0.8238759999999998,0.5288442211055276,35.20589540316186,39.8043657904869,0.43502738341996927,0.7248892377159144,0.9853261244621354
ar08_target_scale_narrow,0.8,100,11,adaptive_cov_ess,0.932652,0.6221105527638191,35.20589540316186,39.8043657904869,0.43502738341996927,0.7248892377159144,0.9853261244621354
ar08_target_scale_narrow,0.8,100,11,adaptive_nominal,0.971024,0.7326633165829146,35.20589540316186,39.8043657904869,0.43502738341996927,0.7248892377159144,0.9853261244621354
ar08_target_scale_narrow,0.8,100,11,adaptive_joint_nominal,0.9762479999999999,0.7720603015075377,35.20589540316186,39.8043657904869,0.43502738341996927,0.7248892377159144,0.9853261244621354
ar08_target_scale_narrow,0.8,100,12,shared_oas,0.8795799999999999,0.5129648241206031,33.95035992198822,39.672966931177115,0.37665474108063446,0.7996774263913315,0.9211920306585595
ar08_target_scale_narrow,0.8,100,12,peer_nominal,0.868544,0.5115577889447236,33.95035992198822,39.672966931177115,0.37665474108063446,0.7996774263913315,0.9211920306585595
ar08_target_scale_narrow,0.8,100,12,peer_shrunk_nominal,0.8867639999999999,0.5119597989949749,33.95035992198822,39.672966931177115,0.37665474108063446,0.7996774263913315,0.9211920306585595
ar08_target_scale_narrow,0.8,100,12,peer_cov_ess,0.7842800000000001,0.5047236180904523,33.95035992198822,39.672966931177115,0.37665474108063446,0.7996774263913315,0.9211920306585595
ar08_target_scale_narrow,0.8,100,12,adaptive_cov_ess,0.8729840000000001,0.5204020100502512,33.95035992198822,39.672966931177115,0.37665474108063446,0.7996774263913315,0.9211920306585595
ar08_target_scale_narrow,0.8,100,12,adaptive_nominal,0.9205479999999999,0.5479396984924623,33.95035992198822,39.672966931177115,0.37665474108063446,0.7996774263913315,0.9211920306585595
ar08_target_scale_narrow,0.8,100,12,adaptive_joint_nominal,0.93586,0.554572864321608,33.95035992198822,39.672966931177115,0.37665474108063446,0.7996774263913315,0.9211920306585595
ar08_target_scale_narrow,0.8,100,13,shared_oas,0.971072,0.7437185929648241,34.29118872456816,46.240632899253576,0.45992506202668515,0.7643991540650107,0.9450704217484667
ar08_target_scale_narrow,0.8,100,13,peer_nominal,0.950516,0.7382914572864322,34.29118872456816,46.240632899253576,0.45992506202668515,0.7643991540650107,0.9450704217484667
ar08_target_scale_narrow,0.8,100,13,peer_shrunk_nominal,0.954528,0.7161809045226131,34.29118872456816,46.240632899253576,0.45992506202668515,0.7643991540650107,0.9450704217484667
ar08_target_scale_narrow,0.8,100,13,peer_cov_ess,0.8674040000000001,0.577286432160804,34.29118872456816,46.240632899253576,0.45992506202668515,0.7643991540650107,0.9450704217484667
ar08_target_scale_narrow,0.8,100,13,adaptive_cov_ess,0.9472,0.7031155778894472,34.29118872456816,46.240632899253576,0.45992506202668515,0.7643991540650107,0.9450704217484667
ar08_target_scale_narrow,0.8,100,13,adaptive_nominal,0.972716,0.815678391959799,34.29118872456816,46.240632899253576,0.45992506202668515,0.7643991540650107,0.9450704217484667
ar08_target_scale_narrow,0.8,100,13,adaptive_joint_nominal,0.972748,0.8118592964824121,34.29118872456816,46.240632899253576,0.45992506202668515,0.7643991540650107,0.9450704217484667
ar08_target_scale_narrow,0.8,100,14,shared_oas,0.8915319999999999,0.611859296482412,34.0028680303526,46.61904589991357,0.3734065084248799,0.7111871471996764,1.0031147526782815
ar08_target_scale_narrow,0.8,100,14,peer_nominal,0.8744080000000001,0.5877386934673366,34.0028680303526,46.61904589991357,0.3734065084248799,0.7111871471996764,1.0031147526782815
ar08_target_scale_narrow,0.8,100,14,peer_shrunk_nominal,0.8827480000000001,0.5817085427135679,34.0028680303526,46.61904589991357,0.3734065084248799,0.7111871471996764,1.0031147526782815
ar08_target_scale_narrow,0.8,100,14,peer_cov_ess,0.798844,0.5193969849246232,34.0028680303526,46.61904589991357,0.3734065084248799,0.7111871471996764,1.0031147526782815
ar08_target_scale_narrow,0.8,100,14,adaptive_cov_ess,0.802232,0.5224120603015076,34.0028680303526,46.61904589991357,0.3734065084248799,0.7111871471996764,1.0031147526782815
ar08_target_scale_narrow,0.8,100,14,adaptive_nominal,0.86352,0.5801005025125628,34.0028680303526,46.61904589991357,0.3734065084248799,0.7111871471996764,1.0031147526782815
ar08_target_scale_narrow,0.8,100,14,adaptive_joint_nominal,0.8740079999999999,0.5774874371859297,34.0028680303526,46.61904589991357,0.3734065084248799,0.7111871471996764,1.0031147526782815
ar08_target_scale_narrow,0.8,100,15,shared_oas,0.8860159999999999,0.5477386934673367,34.93892121700457,40.46894887987885,0.4184101053749826,0.6765406767658237,0.9700678075052984
ar08_target_scale_narrow,0.8,100,15,peer_nominal,0.845108,0.56,34.93892121700457,40.46894887987885,0.4184101053749826,0.6765406767658237,0.9700678075052984
ar08_target_scale_narrow,0.8,100,15,peer_shrunk_nominal,0.877852,0.5479396984924623,34.93892121700457,40.46894887987885,0.4184101053749826,0.6765406767658237,0.9700678075052984
ar08_target_scale_narrow,0.8,100,15,peer_cov_ess,0.753628,0.5121608040201004,34.93892121700457,40.46894887987885,0.4184101053749826,0.6765406767658237,0.9700678075052984
ar08_target_scale_narrow,0.8,100,15,adaptive_cov_ess,0.8424959999999999,0.5423115577889447,34.93892121700457,40.46894887987885,0.4184101053749826,0.6765406767658237,0.9700678075052984
ar08_target_scale_narrow,0.8,100,15,adaptive_nominal,0.8986080000000001,0.6249246231155778,34.93892121700457,40.46894887987885,0.4184101053749826,0.6765406767658237,0.9700678075052984
ar08_target_scale_narrow,0.8,100,15,adaptive_joint_nominal,0.92442,0.624321608040201,34.93892121700457,40.46894887987885,0.4184101053749826,0.6765406767658237,0.9700678075052984
ar08_target_scale_narrow,0.8,100,16,shared_oas,0.8153440000000001,0.5344723618090452,34.07190121670037,41.07313391794527,0.41067584446083466,0.6917035290801665,0.9560956781077536
ar08_target_scale_narrow,0.8,100,16,peer_nominal,0.8092119999999999,0.5322613065326633,34.07190121670037,41.07313391794527,0.41067584446083466,0.6917035290801665,0.9560956781077536
ar08_target_scale_narrow,0.8,100,16,peer_shrunk_nominal,0.81142,0.5475376884422111,34.07190121670037,41.07313391794527,0.41067584446083466,0.6917035290801665,0.9560956781077536
ar08_target_scale_narrow,0.8,100,16,peer_cov_ess,0.789604,0.5376884422110553,34.07190121670037,41.07313391794527,0.41067584446083466,0.6917035290801665,0.9560956781077536
ar08_target_scale_narrow,0.8,100,16,adaptive_cov_ess,0.8365279999999999,0.5593969849246231,34.07190121670037,41.07313391794527,0.41067584446083466,0.6917035290801665,0.9560956781077536
ar08_target_scale_narrow,0.8,100,16,adaptive_nominal,0.840684,0.5577889447236181,34.07190121670037,41.07313391794527,0.41067584446083466,0.6917035290801665,0.9560956781077536
ar08_target_scale_narrow,0.8,100,16,adaptive_joint_nominal,0.83862,0.5776884422110553,34.07190121670037,41.07313391794527,0.41067584446083466,0.6917035290801665,0.9560956781077536
ar08_target_scale_narrow,0.8,100,17,shared_oas,0.933684,0.5425125628140703,35.92901629348543,41.149431140362665,0.4374244484376853,0.7115670281375008,0.994975694468655
ar08_target_scale_narrow,0.8,100,17,peer_nominal,0.9414199999999999,0.5730653266331658,35.92901629348543,41.149431140362665,0.4374244484376853,0.7115670281375008,0.994975694468655
ar08_target_scale_narrow,0.8,100,17,peer_shrunk_nominal,0.9521200000000001,0.5768844221105528,35.92901629348543,41.149431140362665,0.4374244484376853,0.7115670281375008,0.994975694468655
ar08_target_scale_narrow,0.8,100,17,peer_cov_ess,0.837324,0.5093467336683417,35.92901629348543,41.149431140362665,0.4374244484376853,0.7115670281375008,0.994975694468655
ar08_target_scale_narrow,0.8,100,17,adaptive_cov_ess,0.942488,0.5861306532663316,35.92901629348543,41.149431140362665,0.4374244484376853,0.7115670281375008,0.994975694468655
ar08_target_scale_narrow,0.8,100,17,adaptive_nominal,0.9825999999999999,0.7581909547738694,35.92901629348543,41.149431140362665,0.4374244484376853,0.7115670281375008,0.994975694468655
ar08_target_scale_narrow,0.8,100,17,adaptive_joint_nominal,0.985668,0.7662311557788944,35.92901629348543,41.149431140362665,0.4374244484376853,0.7115670281375008,0.994975694468655
ar08_target_scale_narrow,0.8,100,18,shared_oas,0.844384,0.5163819095477387,36.389258401941106,42.67603539466792,0.4217977715631023,0.7148932814202096,0.9546298498190124
ar08_target_scale_narrow,0.8,100,18,peer_nominal,0.85992,0.5202010050251257,36.389258401941106,42.67603539466792,0.4217977715631023,0.7148932814202096,0.9546298498190124
ar08_target_scale_narrow,0.8,100,18,peer_shrunk_nominal,0.877348,0.5519597989949749,36.389258401941106,42.67603539466792,0.4217977715631023,0.7148932814202096,0.9546298498190124
ar08_target_scale_narrow,0.8,100,18,peer_cov_ess,0.7811159999999999,0.5011055276381909,36.389258401941106,42.67603539466792,0.4217977715631023,0.7148932814202096,0.9546298498190124
ar08_target_scale_narrow,0.8,100,18,adaptive_cov_ess,0.832336,0.5125628140703518,36.389258401941106,42.67603539466792,0.4217977715631023,0.7148932814202096,0.9546298498190124
ar08_target_scale_narrow,0.8,100,18,adaptive_nominal,0.883576,0.55356783919598,36.389258401941106,42.67603539466792,0.4217977715631023,0.7148932814202096,0.9546298498190124
ar08_target_scale_narrow,0.8,100,18,adaptive_joint_nominal,0.895252,0.5841206030150754,36.389258401941106,42.67603539466792,0.4217977715631023,0.7148932814202096,0.9546298498190124
ar08_target_scale_narrow,0.8,100,19,shared_oas,0.790724,0.538894472361809,33.4557686377582,37.95672013249407,0.41297304527192785,0.7256366407582406,0.9744877313995994
ar08_target_scale_narrow,0.8,100,19,peer_nominal,0.752628,0.5163819095477387,33.4557686377582,37.95672013249407,0.41297304527192785,0.7256366407582406,0.9744877313995994
ar08_target_scale_narrow,0.8,100,19,peer_shrunk_nominal,0.793644,0.5423115577889447,33.4557686377582,37.95672013249407,0.41297304527192785,0.7256366407582406,0.9744877313995994
ar08_target_scale_narrow,0.8,100,19,peer_cov_ess,0.732704,0.5137688442211056,33.4557686377582,37.95672013249407,0.41297304527192785,0.7256366407582406,0.9744877313995994
ar08_target_scale_narrow,0.8,100,19,adaptive_cov_ess,0.7325999999999999,0.5197989949748744,33.4557686377582,37.95672013249407,0.41297304527192785,0.7256366407582406,0.9744877313995994
ar08_target_scale_narrow,0.8,100,19,adaptive_nominal,0.7233240000000001,0.5214070351758794,33.4557686377582,37.95672013249407,0.41297304527192785,0.7256366407582406,0.9744877313995994
ar08_target_scale_narrow,0.8,100,19,adaptive_joint_nominal,0.7765,0.5396984924623116,33.4557686377582,37.95672013249407,0.41297304527192785,0.7256366407582406,0.9744877313995994
ar08_target_scale_narrow,0.8,100,20,shared_oas,0.8492919999999999,0.5451256281407035,36.731094375752136,41.35154195708653,0.3610089996777215,0.7515659499645501,0.9563139268659429
ar08_target_scale_narrow,0.8,100,20,peer_nominal,0.91606,0.5794974874371859,36.731094375752136,41.35154195708653,0.3610089996777215,0.7515659499645501,0.9563139268659429
ar08_target_scale_narrow,0.8,100,20,peer_shrunk_nominal,0.90062,0.568643216080402,36.731094375752136,41.35154195708653,0.3610089996777215,0.7515659499645501,0.9563139268659429
ar08_target_scale_narrow,0.8,100,20,peer_cov_ess,0.863352,0.5413065326633166,36.731094375752136,41.35154195708653,0.3610089996777215,0.7515659499645501,0.9563139268659429
ar08_target_scale_narrow,0.8,100,20,adaptive_cov_ess,0.9382800000000001,0.6261306532663317,36.731094375752136,41.35154195708653,0.3610089996777215,0.7515659499645501,0.9563139268659429
ar08_target_scale_narrow,0.8,100,20,adaptive_nominal,0.952496,0.6550753768844221,36.731094375752136,41.35154195708653,0.3610089996777215,0.7515659499645501,0.9563139268659429
ar08_target_scale_narrow,0.8,100,20,adaptive_joint_nominal,0.942912,0.6337688442211056,36.731094375752136,41.35154195708653,0.3610089996777215,0.7515659499645501,0.9563139268659429
ar08_target_scale_narrow,0.8,100,21,shared_oas,0.8523160000000001,0.5660301507537688,34.26789490677443,41.31266276536171,0.42649477865180774,0.7270428790322699,0.9293142802301306
ar08_target_scale_narrow,0.8,100,21,peer_nominal,0.833032,0.5676381909547739,34.26789490677443,41.31266276536171,0.42649477865180774,0.7270428790322699,0.9293142802301306
ar08_target_scale_narrow,0.8,100,21,peer_shrunk_nominal,0.859204,0.5640201005025126,34.26789490677443,41.31266276536171,0.42649477865180774,0.7270428790322699,0.9293142802301306
ar08_target_scale_narrow,0.8,100,21,peer_cov_ess,0.748024,0.5191959798994975,34.26789490677443,41.31266276536171,0.42649477865180774,0.7270428790322699,0.9293142802301306
ar08_target_scale_narrow,0.8,100,21,adaptive_cov_ess,0.863964,0.5495477386934673,34.26789490677443,41.31266276536171,0.42649477865180774,0.7270428790322699,0.9293142802301306
ar08_target_scale_narrow,0.8,100,21,adaptive_nominal,0.89164,0.6207035175879396,34.26789490677443,41.31266276536171,0.42649477865180774,0.7270428790322699,0.9293142802301306
ar08_target_scale_narrow,0.8,100,21,adaptive_joint_nominal,0.9076200000000001,0.6020100502512563,34.26789490677443,41.31266276536171,0.42649477865180774,0.7270428790322699,0.9293142802301306
ar08_target_scale_narrow,0.8,100,22,shared_oas,0.8757919999999999,0.5602010050251256,39.43501893059678,40.367717197927455,0.43875716361732386,0.6319359365638251,0.9888162795232698
ar08_target_scale_narrow,0.8,100,22,peer_nominal,0.8642159999999999,0.5409045226130653,39.43501893059678,40.367717197927455,0.43875716361732386,0.6319359365638251,0.9888162795232698
ar08_target_scale_narrow,0.8,100,22,peer_shrunk_nominal,0.8851959999999999,0.5720603015075377,39.43501893059678,40.367717197927455,0.43875716361732386,0.6319359365638251,0.9888162795232698
ar08_target_scale_narrow,0.8,100,22,peer_cov_ess,0.789052,0.5127638190954774,39.43501893059678,40.367717197927455,0.43875716361732386,0.6319359365638251,0.9888162795232698
ar08_target_scale_narrow,0.8,100,22,adaptive_cov_ess,0.8351359999999999,0.538894472361809,39.43501893059678,40.367717197927455,0.43875716361732386,0.6319359365638251,0.9888162795232698
ar08_target_scale_narrow,0.8,100,22,adaptive_nominal,0.885848,0.5801005025125628,39.43501893059678,40.367717197927455,0.43875716361732386,0.6319359365638251,0.9888162795232698
ar08_target_scale_narrow,0.8,100,22,adaptive_joint_nominal,0.9042199999999999,0.6082412060301507,39.43501893059678,40.367717197927455,0.43875716361732386,0.6319359365638251,0.9888162795232698
ar08_target_scale_narrow,0.8,100,23,shared_oas,0.769628,0.4986934673366834,41.24084418719328,45.452144529638836,0.5178018268321956,0.730612140256676,0.9690217188064736
ar08_target_scale_narrow,0.8,100,23,peer_nominal,0.7133720000000001,0.49909547738693466,41.24084418719328,45.452144529638836,0.5178018268321956,0.730612140256676,0.9690217188064736
ar08_target_scale_narrow,0.8,100,23,peer_shrunk_nominal,0.771828,0.5013065326633166,41.24084418719328,45.452144529638836,0.5178018268321956,0.730612140256676,0.9690217188064736
ar08_target_scale_narrow,0.8,100,23,peer_cov_ess,0.6545520000000001,0.49809045226130655,41.24084418719328,45.452144529638836,0.5178018268321956,0.730612140256676,0.9690217188064736
ar08_target_scale_narrow,0.8,100,23,adaptive_cov_ess,0.6525679999999999,0.49829145728643215,41.24084418719328,45.452144529638836,0.5178018268321956,0.730612140256676,0.9690217188064736
ar08_target_scale_narrow,0.8,100,23,adaptive_nominal,0.694344,0.49829145728643215,41.24084418719328,45.452144529638836,0.5178018268321956,0.730612140256676,0.9690217188064736
ar08_target_scale_narrow,0.8,100,23,adaptive_joint_nominal,0.7532559999999999,0.5015075376884423,41.24084418719328,45.452144529638836,0.5178018268321956,0.730612140256676,0.9690217188064736
ar08_target_scale_narrow,0.8,100,24,shared_oas,0.98688,0.8178894472361808,30.907895631270925,40.24474208582545,0.4158118167241022,0.7186951919291521,0.9363508065559563
ar08_target_scale_narrow,0.8,100,24,peer_nominal,0.988096,0.8227135678391959,30.907895631270925,40.24474208582545,0.4158118167241022,0.7186951919291521,0.9363508065559563
ar08_target_scale_narrow,0.8,100,24,peer_shrunk_nominal,0.98884,0.8369849246231156,30.907895631270925,40.24474208582545,0.4158118167241022,0.7186951919291521,0.9363508065559563
ar08_target_scale_narrow,0.8,100,24,peer_cov_ess,0.9286599999999999,0.5887437185929648,30.907895631270925,40.24474208582545,0.4158118167241022,0.7186951919291521,0.9363508065559563
ar08_target_scale_narrow,0.8,100,24,adaptive_cov_ess,0.991168,0.8518592964824121,30.907895631270925,40.24474208582545,0.4158118167241022,0.7186951919291521,0.9363508065559563
ar08_target_scale_narrow,0.8,100,24,adaptive_nominal,0.9969,0.9206030150753769,30.907895631270925,40.24474208582545,0.4158118167241022,0.7186951919291521,0.9363508065559563
ar08_target_scale_narrow,0.8,100,24,adaptive_joint_nominal,0.997404,0.9360804020100504,30.907895631270925,40.24474208582545,0.4158118167241022,0.7186951919291521,0.9363508065559563
ar08_target_scale_narrow,0.8,100,25,shared_oas,0.8433719999999999,0.5441206030150754,37.76848456221559,42.858625069798606,0.44961163232360735,0.6266085622832731,0.9494335187325984
ar08_target_scale_narrow,0.8,100,25,peer_nominal,0.8323680000000001,0.5320603015075377,37.76848456221559,42.858625069798606,0.44961163232360735,0.6266085622832731,0.9494335187325984
ar08_target_scale_narrow,0.8,100,25,peer_shrunk_nominal,0.8521,0.5330653266331659,37.76848456221559,42.858625069798606,0.44961163232360735,0.6266085622832731,0.9494335187325984
ar08_target_scale_narrow,0.8,100,25,peer_cov_ess,0.753952,0.51678391959799,37.76848456221559,42.858625069798606,0.44961163232360735,0.6266085622832731,0.9494335187325984
ar08_target_scale_narrow,0.8,100,25,adaptive_cov_ess,0.833152,0.5507537688442211,37.76848456221559,42.858625069798606,0.44961163232360735,0.6266085622832731,0.9494335187325984
ar08_target_scale_narrow,0.8,100,25,adaptive_nominal,0.881956,0.5831155778894472,37.76848456221559,42.858625069798606,0.44961163232360735,0.6266085622832731,0.9494335187325984
ar08_target_scale_narrow,0.8,100,25,adaptive_joint_nominal,0.901004,0.584321608040201,37.76848456221559,42.858625069798606,0.44961163232360735,0.6266085622832731,0.9494335187325984
ar08_target_scale_narrow,0.8,100,26,shared_oas,0.90446,0.5298492462311558,32.672508988896524,40.75570913042134,0.42740711889435545,0.7293361153520357,0.9730205585857051
ar08_target_scale_narrow,0.8,100,26,peer_nominal,0.877552,0.5189949748743719,32.672508988896524,40.75570913042134,0.42740711889435545,0.7293361153520357,0.9730205585857051
ar08_target_scale_narrow,0.8,100,26,peer_shrunk_nominal,0.9058720000000001,0.542713567839196,32.672508988896524,40.75570913042134,0.42740711889435545,0.7293361153520357,0.9730205585857051
ar08_target_scale_narrow,0.8,100,26,peer_cov_ess,0.7977239999999999,0.5019095477386935,32.672508988896524,40.75570913042134,0.42740711889435545,0.7293361153520357,0.9730205585857051
ar08_target_scale_narrow,0.8,100,26,adaptive_cov_ess,0.926508,0.5491457286432161,32.672508988896524,40.75570913042134,0.42740711889435545,0.7293361153520357,0.9730205585857051
ar08_target_scale_narrow,0.8,100,26,adaptive_nominal,0.936868,0.5965829145728643,32.672508988896524,40.75570913042134,0.42740711889435545,0.7293361153520357,0.9730205585857051
ar08_target_scale_narrow,0.8,100,26,adaptive_joint_nominal,0.9542160000000001,0.6725628140703517,32.672508988896524,40.75570913042134,0.42740711889435545,0.7293361153520357,0.9730205585857051
ar08_target_scale_narrow,0.8,100,27,shared_oas,0.6987559999999999,0.5009045226130653,34.82441732584479,43.00247639782139,0.4246954822622604,0.6642348072600813,0.9574752689487311
ar08_target_scale_narrow,0.8,100,27,peer_nominal,0.6792,0.5003015075376884,34.82441732584479,43.00247639782139,0.4246954822622604,0.6642348072600813,0.9574752689487311
ar08_target_scale_narrow,0.8,100,27,peer_shrunk_nominal,0.7149479999999999,0.505929648241206,34.82441732584479,43.00247639782139,0.4246954822622604,0.6642348072600813,0.9574752689487311
ar08_target_scale_narrow,0.8,100,27,peer_cov_ess,0.688676,0.502713567839196,34.82441732584479,43.00247639782139,0.4246954822622604,0.6642348072600813,0.9574752689487311
ar08_target_scale_narrow,0.8,100,27,adaptive_cov_ess,0.731264,0.5105527638190954,34.82441732584479,43.00247639782139,0.4246954822622604,0.6642348072600813,0.9574752689487311
ar08_target_scale_narrow,0.8,100,27,adaptive_nominal,0.7036760000000001,0.5017085427135678,34.82441732584479,43.00247639782139,0.4246954822622604,0.6642348072600813,0.9574752689487311
ar08_target_scale_narrow,0.8,100,27,adaptive_joint_nominal,0.744616,0.5135678391959799,34.82441732584479,43.00247639782139,0.4246954822622604,0.6642348072600813,0.9574752689487311
ar08_target_scale_narrow,0.8,100,28,shared_oas,0.894512,0.5949748743718593,30.490462909976927,36.773559557382455,0.35602443842746323,0.6416608877505555,1.0034852405400296
ar08_target_scale_narrow,0.8,100,28,peer_nominal,0.94402,0.5955778894472361,30.490462909976927,36.773559557382455,0.35602443842746323,0.6416608877505555,1.0034852405400296
ar08_target_scale_narrow,0.8,100,28,peer_shrunk_nominal,0.9490959999999999,0.6699497487437186,30.490462909976927,36.773559557382455,0.35602443842746323,0.6416608877505555,1.0034852405400296
ar08_target_scale_narrow,0.8,100,28,peer_cov_ess,0.8434200000000001,0.5220100502512562,30.490462909976927,36.773559557382455,0.35602443842746323,0.6416608877505555,1.0034852405400296
ar08_target_scale_narrow,0.8,100,28,adaptive_cov_ess,0.9388,0.5706532663316582,30.490462909976927,36.773559557382455,0.35602443842746323,0.6416608877505555,1.0034852405400296
ar08_target_scale_narrow,0.8,100,28,adaptive_nominal,0.9748519999999999,0.7272361809045226,30.490462909976927,36.773559557382455,0.35602443842746323,0.6416608877505555,1.0034852405400296
ar08_target_scale_narrow,0.8,100,28,adaptive_joint_nominal,0.9781679999999999,0.7716582914572865,30.490462909976927,36.773559557382455,0.35602443842746323,0.6416608877505555,1.0034852405400296
ar08_target_scale_narrow,0.8,100,29,shared_oas,0.939284,0.6289447236180905,36.20664833620517,39.381310680697,0.3784779035067749,0.8003698936083441,0.9061887688628408
ar08_target_scale_narrow,0.8,100,29,peer_nominal,0.97948,0.7529648241206031,36.20664833620517,39.381310680697,0.3784779035067749,0.8003698936083441,0.9061887688628408
ar08_target_scale_narrow,0.8,100,29,peer_shrunk_nominal,0.983112,0.7642211055276382,36.20664833620517,39.381310680697,0.3784779035067749,0.8003698936083441,0.9061887688628408
ar08_target_scale_narrow,0.8,100,29,peer_cov_ess,0.923576,0.5604020100502513,36.20664833620517,39.381310680697,0.3784779035067749,0.8003698936083441,0.9061887688628408
ar08_target_scale_narrow,0.8,100,29,adaptive_cov_ess,0.97512,0.7105527638190955,36.20664833620517,39.381310680697,0.3784779035067749,0.8003698936083441,0.9061887688628408
ar08_target_scale_narrow,0.8,100,29,adaptive_nominal,0.992076,0.8775879396984925,36.20664833620517,39.381310680697,0.3784779035067749,0.8003698936083441,0.9061887688628408
ar08_target_scale_narrow,0.8,100,29,adaptive_joint_nominal,0.9931760000000001,0.8711557788944724,36.20664833620517,39.381310680697,0.3784779035067749,0.8003698936083441,0.9061887688628408
ar08_target_scale_narrow,0.8,100,30,shared_oas,0.909436,0.5981909547738693,33.281950798749286,36.568405989381574,0.35064763218455147,0.6497212220102495,0.9475157770547354
ar08_target_scale_narrow,0.8,100,30,peer_nominal,0.8990600000000001,0.5935678391959799,33.281950798749286,36.568405989381574,0.35064763218455147,0.6497212220102495,0.9475157770547354
ar08_target_scale_narrow,0.8,100,30,peer_shrunk_nominal,0.8981240000000001,0.5827135678391959,33.281950798749286,36.568405989381574,0.35064763218455147,0.6497212220102495,0.9475157770547354
ar08_target_scale_narrow,0.8,100,30,peer_cov_ess,0.816476,0.537286432160804,33.281950798749286,36.568405989381574,0.35064763218455147,0.6497212220102495,0.9475157770547354
ar08_target_scale_narrow,0.8,100,30,adaptive_cov_ess,0.9073319999999999,0.6052261306532664,33.281950798749286,36.568405989381574,0.35064763218455147,0.6497212220102495,0.9475157770547354
ar08_target_scale_narrow,0.8,100,30,adaptive_nominal,0.9387840000000001,0.6673366834170854,33.281950798749286,36.568405989381574,0.35064763218455147,0.6497212220102495,0.9475157770547354
ar08_target_scale_narrow,0.8,100,30,adaptive_joint_nominal,0.938456,0.6544723618090452,33.281950798749286,36.568405989381574,0.35064763218455147,0.6497212220102495,0.9475157770547354
ar08_target_scale_narrow,0.8,100,31,shared_oas,0.82922,0.5153768844221106,35.94887476252173,44.12669402494145,0.34882093520932794,0.7409970354262847,0.9660391837153571
ar08_target_scale_narrow,0.8,100,31,peer_nominal,0.847256,0.521608040201005,35.94887476252173,44.12669402494145,0.34882093520932794,0.7409970354262847,0.9660391837153571
ar08_target_scale_narrow,0.8,100,31,peer_shrunk_nominal,0.83986,0.5175879396984925,35.94887476252173,44.12669402494145,0.34882093520932794,0.7409970354262847,0.9660391837153571
ar08_target_scale_narrow,0.8,100,31,peer_cov_ess,0.835788,0.5290452261306533,35.94887476252173,44.12669402494145,0.34882093520932794,0.7409970354262847,0.9660391837153571
ar08_target_scale_narrow,0.8,100,31,adaptive_cov_ess,0.8384159999999999,0.5266331658291458,35.94887476252173,44.12669402494145,0.34882093520932794,0.7409970354262847,0.9660391837153571
ar08_target_scale_narrow,0.8,100,31,adaptive_nominal,0.845124,0.5175879396984925,35.94887476252173,44.12669402494145,0.34882093520932794,0.7409970354262847,0.9660391837153571
ar08_target_scale_narrow,0.8,100,31,adaptive_joint_nominal,0.837412,0.5133668341708543,35.94887476252173,44.12669402494145,0.34882093520932794,0.7409970354262847,0.9660391837153571
ar08_target_scale_narrow,0.8,100,32,shared_oas,0.9674120000000002,0.6406030150753769,34.862745404808244,32.056321464791715,0.3297942366408031,0.6317809542686296,0.9539929927969165
ar08_target_scale_narrow,0.8,100,32,peer_nominal,0.9912639999999999,0.8094472361809045,34.862745404808244,32.056321464791715,0.3297942366408031,0.6317809542686296,0.9539929927969165
ar08_target_scale_narrow,0.8,100,32,peer_shrunk_nominal,0.988524,0.7752763819095478,34.862745404808244,32.056321464791715,0.3297942366408031,0.6317809542686296,0.9539929927969165
ar08_target_scale_narrow,0.8,100,32,peer_cov_ess,0.9401440000000001,0.5642211055276382,34.862745404808244,32.056321464791715,0.3297942366408031,0.6317809542686296,0.9539929927969165
ar08_target_scale_narrow,0.8,100,32,adaptive_cov_ess,0.9849840000000001,0.7501507537688442,34.862745404808244,32.056321464791715,0.3297942366408031,0.6317809542686296,0.9539929927969165
ar08_target_scale_narrow,0.8,100,32,adaptive_nominal,0.997808,0.9380904522613065,34.862745404808244,32.056321464791715,0.3297942366408031,0.6317809542686296,0.9539929927969165
ar08_target_scale_narrow,0.8,100,32,adaptive_joint_nominal,0.997132,0.912964824120603,34.862745404808244,32.056321464791715,0.3297942366408031,0.6317809542686296,0.9539929927969165
ar08_target_scale_narrow,0.8,100,33,shared_oas,0.842104,0.5451256281407035,36.05384187852242,41.70543644420662,0.3806660751671591,0.8118208954338154,0.9478967576125953
ar08_target_scale_narrow,0.8,100,33,peer_nominal,0.84448,0.5624120603015076,36.05384187852242,41.70543644420662,0.3806660751671591,0.8118208954338154,0.9478967576125953
ar08_target_scale_narrow,0.8,100,33,peer_shrunk_nominal,0.85422,0.5573869346733669,36.05384187852242,41.70543644420662,0.3806660751671591,0.8118208954338154,0.9478967576125953
ar08_target_scale_narrow,0.8,100,33,peer_cov_ess,0.7661640000000001,0.5119597989949749,36.05384187852242,41.70543644420662,0.3806660751671591,0.8118208954338154,0.9478967576125953
ar08_target_scale_narrow,0.8,100,33,adaptive_cov_ess,0.8669880000000001,0.5690452261306532,36.05384187852242,41.70543644420662,0.3806660751671591,0.8118208954338154,0.9478967576125953
ar08_target_scale_narrow,0.8,100,33,adaptive_nominal,0.89822,0.6504522613065327,36.05384187852242,41.70543644420662,0.3806660751671591,0.8118208954338154,0.9478967576125953
ar08_target_scale_narrow,0.8,100,33,adaptive_joint_nominal,0.905956,0.6496482412060302,36.05384187852242,41.70543644420662,0.3806660751671591,0.8118208954338154,0.9478967576125953
ar08_target_scale_narrow,0.8,100,34,shared_oas,0.969288,0.6834170854271356,30.044919210117982,36.35633462931476,0.2946842107466119,0.6765068401047125,0.9537554777615976
ar08_target_scale_narrow,0.8,100,34,peer_nominal,0.947844,0.6546733668341709,30.044919210117982,36.35633462931476,0.2946842107466119,0.6765068401047125,0.9537554777615976
ar08_target_scale_narrow,0.8,100,34,peer_shrunk_nominal,0.9672999999999999,0.6759798994974874,30.044919210117982,36.35633462931476,0.2946842107466119,0.6765068401047125,0.9537554777615976
ar08_target_scale_narrow,0.8,100,34,peer_cov_ess,0.842408,0.5093467336683417,30.044919210117982,36.35633462931476,0.2946842107466119,0.6765068401047125,0.9537554777615976
ar08_target_scale_narrow,0.8,100,34,adaptive_cov_ess,0.923336,0.5610050251256281,30.044919210117982,36.35633462931476,0.2946842107466119,0.6765068401047125,0.9537554777615976
ar08_target_scale_narrow,0.8,100,34,adaptive_nominal,0.9720519999999999,0.7696482412060301,30.044919210117982,36.35633462931476,0.2946842107466119,0.6765068401047125,0.9537554777615976
ar08_target_scale_narrow,0.8,100,34,adaptive_joint_nominal,0.983668,0.8237185929648241,30.044919210117982,36.35633462931476,0.2946842107466119,0.6765068401047125,0.9537554777615976
ar08_target_scale_narrow,0.8,100,35,shared_oas,0.952812,0.6932663316582914,35.79854336141516,43.52613897606531,0.45703265437330526,0.6601121063752207,0.9727134154286691
ar08_target_scale_narrow,0.8,100,35,peer_nominal,0.9481599999999999,0.7049246231155779,35.79854336141516,43.52613897606531,0.45703265437330526,0.6601121063752207,0.9727134154286691
ar08_target_scale_narrow,0.8,100,35,peer_shrunk_nominal,0.949684,0.7031155778894472,35.79854336141516,43.52613897606531,0.45703265437330526,0.6601121063752207,0.9727134154286691
ar08_target_scale_narrow,0.8,100,35,peer_cov_ess,0.8582240000000001,0.5778894472361809,35.79854336141516,43.52613897606531,0.45703265437330526,0.6601121063752207,0.9727134154286691
ar08_target_scale_narrow,0.8,100,35,adaptive_cov_ess,0.9604640000000001,0.7501507537688442,35.79854336141516,43.52613897606531,0.45703265437330526,0.6601121063752207,0.9727134154286691
ar08_target_scale_narrow,0.8,100,35,adaptive_nominal,0.980852,0.832964824120603,35.79854336141516,43.52613897606531,0.45703265437330526,0.6601121063752207,0.9727134154286691
ar08_target_scale_narrow,0.8,100,35,adaptive_joint_nominal,0.9821,0.8408040201005025,35.79854336141516,43.52613897606531,0.45703265437330526,0.6601121063752207,0.9727134154286691
ar08_target_scale_narrow,0.8,100,36,shared_oas,0.974168,0.7559798994974875,38.128542153024966,36.36656444265819,0.3292862308090395,0.7065865370039801,0.9537840646182513
ar08_target_scale_narrow,0.8,100,36,peer_nominal,0.981428,0.7907537688442212,38.128542153024966,36.36656444265819,0.3292862308090395,0.7065865370039801,0.9537840646182513
ar08_target_scale_narrow,0.8,100,36,peer_shrunk_nominal,0.980348,0.8050251256281407,38.128542153024966,36.36656444265819,0.3292862308090395,0.7065865370039801,0.9537840646182513
ar08_target_scale_narrow,0.8,100,36,peer_cov_ess,0.9246479999999999,0.6074371859296482,38.128542153024966,36.36656444265819,0.3292862308090395,0.7065865370039801,0.9537840646182513
ar08_target_scale_narrow,0.8,100,36,adaptive_cov_ess,0.9809599999999999,0.824924623115578,38.128542153024966,36.36656444265819,0.3292862308090395,0.7065865370039801,0.9537840646182513
ar08_target_scale_narrow,0.8,100,36,adaptive_nominal,0.9939120000000001,0.9021105527638191,38.128542153024966,36.36656444265819,0.3292862308090395,0.7065865370039801,0.9537840646182513
ar08_target_scale_narrow,0.8,100,36,adaptive_joint_nominal,0.993368,0.9031155778894472,38.128542153024966,36.36656444265819,0.3292862308090395,0.7065865370039801,0.9537840646182513
ar08_target_scale_narrow,0.8,100,37,shared_oas,0.8991,0.5441206030150754,35.402288111888446,40.839483694176714,0.4098541891555686,0.6297151991667953,0.9625927915196639
ar08_target_scale_narrow,0.8,100,37,peer_nominal,0.909748,0.5551758793969849,35.402288111888446,40.839483694176714,0.4098541891555686,0.6297151991667953,0.9625927915196639
ar08_target_scale_narrow,0.8,100,37,peer_shrunk_nominal,0.903532,0.5417085427135678,35.402288111888446,40.839483694176714,0.4098541891555686,0.6297151991667953,0.9625927915196639
ar08_target_scale_narrow,0.8,100,37,peer_cov_ess,0.862632,0.5290452261306533,35.402288111888446,40.839483694176714,0.4098541891555686,0.6297151991667953,0.9625927915196639
ar08_target_scale_narrow,0.8,100,37,adaptive_cov_ess,0.907156,0.5479396984924623,35.402288111888446,40.839483694176714,0.4098541891555686,0.6297151991667953,0.9625927915196639
ar08_target_scale_narrow,0.8,100,37,adaptive_nominal,0.9306119999999999,0.6058291457286432,35.402288111888446,40.839483694176714,0.4098541891555686,0.6297151991667953,0.9625927915196639
ar08_target_scale_narrow,0.8,100,37,adaptive_joint_nominal,0.92344,0.5758793969849246,35.402288111888446,40.839483694176714,0.4098541891555686,0.6297151991667953,0.9625927915196639
ar08_target_scale_narrow,0.8,100,38,shared_oas,0.898684,0.5849246231155779,36.418390507862945,43.94126806511221,0.4784540892871716,0.7677442896805438,0.9512447784674569
ar08_target_scale_narrow,0.8,100,38,peer_nominal,0.869244,0.5628140703517588,36.418390507862945,43.94126806511221,0.4784540892871716,0.7677442896805438,0.9512447784674569
ar08_target_scale_narrow,0.8,100,38,peer_shrunk_nominal,0.8814239999999999,0.5678391959798995,36.418390507862945,43.94126806511221,0.4784540892871716,0.7677442896805438,0.9512447784674569
ar08_target_scale_narrow,0.8,100,38,peer_cov_ess,0.779008,0.5354773869346734,36.418390507862945,43.94126806511221,0.4784540892871716,0.7677442896805438,0.9512447784674569
ar08_target_scale_narrow,0.8,100,38,adaptive_cov_ess,0.9277359999999999,0.6715577889447236,36.418390507862945,43.94126806511221,0.4784540892871716,0.7677442896805438,0.9512447784674569
ar08_target_scale_narrow,0.8,100,38,adaptive_nominal,0.9534400000000001,0.7009045226130652,36.418390507862945,43.94126806511221,0.4784540892871716,0.7677442896805438,0.9512447784674569
ar08_target_scale_narrow,0.8,100,38,adaptive_joint_nominal,0.958864,0.704321608040201,36.418390507862945,43.94126806511221,0.4784540892871716,0.7677442896805438,0.9512447784674569
ar08_target_scale_narrow,0.8,100,39,shared_oas,0.940624,0.6056281407035176,33.30211962995218,38.06033580078273,0.3871359177599123,0.6280472740107761,1.0111376430202568
ar08_target_scale_narrow,0.8,100,39,peer_nominal,0.965304,0.671356783919598,33.30211962995218,38.06033580078273,0.3871359177599123,0.6280472740107761,1.0111376430202568
ar08_target_scale_narrow,0.8,100,39,peer_shrunk_nominal,0.969412,0.6681407035175879,33.30211962995218,38.06033580078273,0.3871359177599123,0.6280472740107761,1.0111376430202568
ar08_target_scale_narrow,0.8,100,39,peer_cov_ess,0.907724,0.5696482412060302,33.30211962995218,38.06033580078273,0.3871359177599123,0.6280472740107761,1.0111376430202568
ar08_target_scale_narrow,0.8,100,39,adaptive_cov_ess,0.952508,0.6397989949748744,33.30211962995218,38.06033580078273,0.3871359177599123,0.6280472740107761,1.0111376430202568
ar08_target_scale_narrow,0.8,100,39,adaptive_nominal,0.979716,0.7505527638190954,33.30211962995218,38.06033580078273,0.3871359177599123,0.6280472740107761,1.0111376430202568
ar08_target_scale_narrow,0.8,100,39,adaptive_joint_nominal,0.9813240000000001,0.7485427135678392,33.30211962995218,38.06033580078273,0.3871359177599123,0.6280472740107761,1.0111376430202568
ar08_target_scale_narrow,0.8,300,0,shared_oas,0.865992,0.5421105527638191,95.38620817576906,94.98914790749623,0.5981566351257763,0.8594289987572138,0.9865787793265602
ar08_target_scale_narrow,0.8,300,0,peer_nominal,0.858252,0.5356783919597989,95.38620817576906,94.98914790749623,0.5981566351257763,0.8594289987572138,0.9865787793265602
ar08_target_scale_narrow,0.8,300,0,peer_shrunk_nominal,0.8619839999999999,0.5350753768844221,95.38620817576906,94.98914790749623,0.5981566351257763,0.8594289987572138,0.9865787793265602
ar08_target_scale_narrow,0.8,300,0,peer_cov_ess,0.8291040000000001,0.5171859296482412,95.38620817576906,94.98914790749623,0.5981566351257763,0.8594289987572138,0.9865787793265602
ar08_target_scale_narrow,0.8,300,0,adaptive_cov_ess,0.8614280000000001,0.5579899497487437,95.38620817576906,94.98914790749623,0.5981566351257763,0.8594289987572138,0.9865787793265602
ar08_target_scale_narrow,0.8,300,0,adaptive_nominal,0.868808,0.541105527638191,95.38620817576906,94.98914790749623,0.5981566351257763,0.8594289987572138,0.9865787793265602
ar08_target_scale_narrow,0.8,300,0,adaptive_joint_nominal,0.8728360000000002,0.5413065326633166,95.38620817576906,94.98914790749623,0.5981566351257763,0.8594289987572138,0.9865787793265602
ar08_target_scale_narrow,0.8,300,1,shared_oas,0.9433079999999999,0.6233165829145728,91.36196516987987,109.7523657158143,0.6611884135278985,0.8496438417793603,0.8859675560291205
ar08_target_scale_narrow,0.8,300,1,peer_nominal,0.944528,0.6317587939698492,91.36196516987987,109.7523657158143,0.6611884135278985,0.8496438417793603,0.8859675560291205
ar08_target_scale_narrow,0.8,300,1,peer_shrunk_nominal,0.9413079999999999,0.611859296482412,91.36196516987987,109.7523657158143,0.6611884135278985,0.8496438417793603,0.8859675560291205
ar08_target_scale_narrow,0.8,300,1,peer_cov_ess,0.8838079999999999,0.5507537688442211,91.36196516987987,109.7523657158143,0.6611884135278985,0.8496438417793603,0.8859675560291205
ar08_target_scale_narrow,0.8,300,1,adaptive_cov_ess,0.9548080000000001,0.6824120603015076,91.36196516987987,109.7523657158143,0.6611884135278985,0.8496438417793603,0.8859675560291205
ar08_target_scale_narrow,0.8,300,1,adaptive_nominal,0.9654920000000001,0.7179899497487436,91.36196516987987,109.7523657158143,0.6611884135278985,0.8496438417793603,0.8859675560291205
ar08_target_scale_narrow,0.8,300,1,adaptive_joint_nominal,0.9635880000000001,0.7029145728643216,91.36196516987987,109.7523657158143,0.6611884135278985,0.8496438417793603,0.8859675560291205
ar08_target_scale_narrow,0.8,300,2,shared_oas,0.850904,0.5195979899497487,87.83547849821358,87.3084662779429,0.6220680159762277,0.8358596232213715,0.946962786802618
ar08_target_scale_narrow,0.8,300,2,peer_nominal,0.819148,0.5228140703517588,87.83547849821358,87.3084662779429,0.6220680159762277,0.8358596232213715,0.946962786802618
ar08_target_scale_narrow,0.8,300,2,peer_shrunk_nominal,0.7966679999999999,0.5115577889447236,87.83547849821358,87.3084662779429,0.6220680159762277,0.8358596232213715,0.946962786802618
ar08_target_scale_narrow,0.8,300,2,peer_cov_ess,0.794224,0.5077386934673367,87.83547849821358,87.3084662779429,0.6220680159762277,0.8358596232213715,0.946962786802618
ar08_target_scale_narrow,0.8,300,2,adaptive_cov_ess,0.8132440000000001,0.5177889447236181,87.83547849821358,87.3084662779429,0.6220680159762277,0.8358596232213715,0.946962786802618
ar08_target_scale_narrow,0.8,300,2,adaptive_nominal,0.82142,0.5316582914572864,87.83547849821358,87.3084662779429,0.6220680159762277,0.8358596232213715,0.946962786802618
ar08_target_scale_narrow,0.8,300,2,adaptive_joint_nominal,0.7994760000000001,0.5187939698492462,87.83547849821358,87.3084662779429,0.6220680159762277,0.8358596232213715,0.946962786802618
ar08_target_scale_narrow,0.8,300,3,shared_oas,0.986332,0.8385929648241206,97.52225571948331,101.44716566639396,0.6235903229575854,0.9017095688331687,0.9744593457465158
ar08_target_scale_narrow,0.8,300,3,peer_nominal,0.995404,0.9296482412060301,97.52225571948331,101.44716566639396,0.6235903229575854,0.9017095688331687,0.9744593457465158
ar08_target_scale_narrow,0.8,300,3,peer_shrunk_nominal,0.995864,0.9360804020100504,97.52225571948331,101.44716566639396,0.6235903229575854,0.9017095688331687,0.9744593457465158
ar08_target_scale_narrow,0.8,300,3,peer_cov_ess,0.974832,0.7069346733668341,97.52225571948331,101.44716566639396,0.6235903229575854,0.9017095688331687,0.9744593457465158
ar08_target_scale_narrow,0.8,300,3,adaptive_cov_ess,0.993568,0.9035175879396985,97.52225571948331,101.44716566639396,0.6235903229575854,0.9017095688331687,0.9744593457465158
ar08_target_scale_narrow,0.8,300,3,adaptive_nominal,0.997624,0.96321608040201,97.52225571948331,101.44716566639396,0.6235903229575854,0.9017095688331687,0.9744593457465158
ar08_target_scale_narrow,0.8,300,3,adaptive_joint_nominal,0.997728,0.9660301507537689,97.52225571948331,101.44716566639396,0.6235903229575854,0.9017095688331687,0.9744593457465158
ar08_target_scale_narrow,0.8,300,4,shared_oas,0.9858439999999999,0.8132663316582914,87.6992125585655,94.27640411383865,0.6766919048627413,0.8854440708204274,0.918082433706137
ar08_target_scale_narrow,0.8,300,4,peer_nominal,0.983776,0.786532663316583,87.6992125585655,94.27640411383865,0.6766919048627413,0.8854440708204274,0.918082433706137
ar08_target_scale_narrow,0.8,300,4,peer_shrunk_nominal,0.9811439999999999,0.7744723618090452,87.6992125585655,94.27640411383865,0.6766919048627413,0.8854440708204274,0.918082433706137
ar08_target_scale_narrow,0.8,300,4,peer_cov_ess,0.94682,0.6526633165829145,87.6992125585655,94.27640411383865,0.6766919048627413,0.8854440708204274,0.918082433706137
ar08_target_scale_narrow,0.8,300,4,adaptive_cov_ess,0.980928,0.7744723618090452,87.6992125585655,94.27640411383865,0.6766919048627413,0.8854440708204274,0.918082433706137
ar08_target_scale_narrow,0.8,300,4,adaptive_nominal,0.990456,0.8508542713567839,87.6992125585655,94.27640411383865,0.6766919048627413,0.8854440708204274,0.918082433706137
ar08_target_scale_narrow,0.8,300,4,adaptive_joint_nominal,0.98844,0.839396984924623,87.6992125585655,94.27640411383865,0.6766919048627413,0.8854440708204274,0.918082433706137
ar08_target_scale_narrow,0.8,300,5,shared_oas,0.993568,0.9117587939698493,83.5145218185251,93.14500652237905,0.5931708368699808,0.8364118391771638,0.9035766581107136
ar08_target_scale_narrow,0.8,300,5,peer_nominal,0.994136,0.9037185929648242,83.5145218185251,93.14500652237905,0.5931708368699808,0.8364118391771638,0.9035766581107136
ar08_target_scale_narrow,0.8,300,5,peer_shrunk_nominal,0.992552,0.892462311557789,83.5145218185251,93.14500652237905,0.5931708368699808,0.8364118391771638,0.9035766581107136
ar08_target_scale_narrow,0.8,300,5,peer_cov_ess,0.9623440000000001,0.7067336683417086,83.5145218185251,93.14500652237905,0.5931708368699808,0.8364118391771638,0.9035766581107136
ar08_target_scale_narrow,0.8,300,5,adaptive_cov_ess,0.991348,0.8808040201005025,83.5145218185251,93.14500652237905,0.5931708368699808,0.8364118391771638,0.9035766581107136
ar08_target_scale_narrow,0.8,300,5,adaptive_nominal,0.996816,0.9409045226130653,83.5145218185251,93.14500652237905,0.5931708368699808,0.8364118391771638,0.9035766581107136
ar08_target_scale_narrow,0.8,300,5,adaptive_joint_nominal,0.995948,0.9292462311557788,83.5145218185251,93.14500652237905,0.5931708368699808,0.8364118391771638,0.9035766581107136
ar08_target_scale_narrow,0.8,300,6,shared_oas,0.974688,0.7515577889447236,90.0034716116524,93.92901353249665,0.6371209129985449,0.8750560875190327,0.9292552990215042
ar08_target_scale_narrow,0.8,300,6,peer_nominal,0.97542,0.7549748743718593,90.0034716116524,93.92901353249665,0.6371209129985449,0.8750560875190327,0.9292552990215042
ar08_target_scale_narrow,0.8,300,6,peer_shrunk_nominal,0.9765839999999999,0.7622110552763819,90.0034716116524,93.92901353249665,0.6371209129985449,0.8750560875190327,0.9292552990215042
ar08_target_scale_narrow,0.8,300,6,peer_cov_ess,0.927712,0.6154773869346734,90.0034716116524,93.92901353249665,0.6371209129985449,0.8750560875190327,0.9292552990215042
ar08_target_scale_narrow,0.8,300,6,adaptive_cov_ess,0.9727,0.7557788944723618,90.0034716116524,93.92901353249665,0.6371209129985449,0.8750560875190327,0.9292552990215042
ar08_target_scale_narrow,0.8,300,6,adaptive_nominal,0.985648,0.8249246231155778,90.0034716116524,93.92901353249665,0.6371209129985449,0.8750560875190327,0.9292552990215042
ar08_target_scale_narrow,0.8,300,6,adaptive_joint_nominal,0.986216,0.8293467336683418,90.0034716116524,93.92901353249665,0.6371209129985449,0.8750560875190327,0.9292552990215042
ar08_target_scale_narrow,0.8,300,7,shared_oas,0.995444,0.895678391959799,89.06518576415368,105.48679386430612,0.6574449761066952,0.8266792753893866,0.969837955309174
ar08_target_scale_narrow,0.8,300,7,peer_nominal,0.9965080000000001,0.9131658291457286,89.06518576415368,105.48679386430612,0.6574449761066952,0.8266792753893866,0.969837955309174
ar08_target_scale_narrow,0.8,300,7,peer_shrunk_nominal,0.995816,0.9041206030150755,89.06518576415368,105.48679386430612,0.6574449761066952,0.8266792753893866,0.969837955309174
ar08_target_scale_narrow,0.8,300,7,peer_cov_ess,0.9829,0.7214070351758795,89.06518576415368,105.48679386430612,0.6574449761066952,0.8266792753893866,0.969837955309174
ar08_target_scale_narrow,0.8,300,7,adaptive_cov_ess,0.9941720000000001,0.8882412060301508,89.06518576415368,105.48679386430612,0.6574449761066952,0.8266792753893866,0.969837955309174
ar08_target_scale_narrow,0.8,300,7,adaptive_nominal,0.9979439999999999,0.9485427135678391,89.06518576415368,105.48679386430612,0.6574449761066952,0.8266792753893866,0.969837955309174
ar08_target_scale_narrow,0.8,300,7,adaptive_joint_nominal,0.9973320000000001,0.9384924623115578,89.06518576415368,105.48679386430612,0.6574449761066952,0.8266792753893866,0.969837955309174
ar08_target_scale_narrow,0.8,300,8,shared_oas,0.9943759999999999,0.9015075376884423,83.7143281767067,96.08690408309371,0.6187550232040095,0.8631142915681023,0.9663444721081564
ar08_target_scale_narrow,0.8,300,8,peer_nominal,0.994552,0.9063316582914573,83.7143281767067,96.08690408309371,0.6187550232040095,0.8631142915681023,0.9663444721081564
ar08_target_scale_narrow,0.8,300,8,peer_shrunk_nominal,0.995184,0.916180904522613,83.7143281767067,96.08690408309371,0.6187550232040095,0.8631142915681023,0.9663444721081564
ar08_target_scale_narrow,0.8,300,8,peer_cov_ess,0.963908,0.6962814070351758,83.7143281767067,96.08690408309371,0.6187550232040095,0.8631142915681023,0.9663444721081564
ar08_target_scale_narrow,0.8,300,8,adaptive_cov_ess,0.993128,0.8990954773869346,83.7143281767067,96.08690408309371,0.6187550232040095,0.8631142915681023,0.9663444721081564
ar08_target_scale_narrow,0.8,300,8,adaptive_nominal,0.997196,0.9487437185929648,83.7143281767067,96.08690408309371,0.6187550232040095,0.8631142915681023,0.9663444721081564
ar08_target_scale_narrow,0.8,300,8,adaptive_joint_nominal,0.9974879999999999,0.9531658291457286,83.7143281767067,96.08690408309371,0.6187550232040095,0.8631142915681023,0.9663444721081564
ar08_target_scale_narrow,0.8,300,9,shared_oas,0.9615,0.7501507537688442,82.18414033498235,86.03093850501816,0.599865938428569,0.8010481371756308,0.9823828947010016
ar08_target_scale_narrow,0.8,300,9,peer_nominal,0.965128,0.7823115577889448,82.18414033498235,86.03093850501816,0.599865938428569,0.8010481371756308,0.9823828947010016
ar08_target_scale_narrow,0.8,300,9,peer_shrunk_nominal,0.964876,0.7758793969849247,82.18414033498235,86.03093850501816,0.599865938428569,0.8010481371756308,0.9823828947010016
ar08_target_scale_narrow,0.8,300,9,peer_cov_ess,0.913124,0.6524623115577889,82.18414033498235,86.03093850501816,0.599865938428569,0.8010481371756308,0.9823828947010016
ar08_target_scale_narrow,0.8,300,9,adaptive_cov_ess,0.9616279999999999,0.7831155778894472,82.18414033498235,86.03093850501816,0.599865938428569,0.8010481371756308,0.9823828947010016
ar08_target_scale_narrow,0.8,300,9,adaptive_nominal,0.974148,0.8319597989949749,82.18414033498235,86.03093850501816,0.599865938428569,0.8010481371756308,0.9823828947010016
ar08_target_scale_narrow,0.8,300,9,adaptive_joint_nominal,0.9732079999999999,0.8255276381909549,82.18414033498235,86.03093850501816,0.599865938428569,0.8010481371756308,0.9823828947010016
ar08_target_scale_narrow,0.8,300,10,shared_oas,0.9292479999999999,0.6301507537688442,89.99857163637324,94.73586157251525,0.6090814815702407,0.8575944714389423,0.9260466698646217
ar08_target_scale_narrow,0.8,300,10,peer_nominal,0.948288,0.6836180904522613,89.99857163637324,94.73586157251525,0.6090814815702407,0.8575944714389423,0.9260466698646217
ar08_target_scale_narrow,0.8,300,10,peer_shrunk_nominal,0.9478240000000001,0.6715577889447236,89.99857163637324,94.73586157251525,0.6090814815702407,0.8575944714389423,0.9260466698646217
ar08_target_scale_narrow,0.8,300,10,peer_cov_ess,0.917908,0.6012060301507538,89.99857163637324,94.73586157251525,0.6090814815702407,0.8575944714389423,0.9260466698646217
ar08_target_scale_narrow,0.8,300,10,adaptive_cov_ess,0.956296,0.7047236180904523,89.99857163637324,94.73586157251525,0.6090814815702407,0.8575944714389423,0.9260466698646217
ar08_target_scale_narrow,0.8,300,10,adaptive_nominal,0.958772,0.7376884422110553,89.99857163637324,94.73586157251525,0.6090814815702407,0.8575944714389423,0.9260466698646217
ar08_target_scale_narrow,0.8,300,10,adaptive_joint_nominal,0.9589599999999999,0.7336683417085428,89.99857163637324,94.73586157251525,0.6090814815702407,0.8575944714389423,0.9260466698646217
ar08_target_scale_narrow,0.8,300,11,shared_oas,0.995764,0.9089447236180905,92.76339531388565,97.61606102678309,0.6000048594912939,0.7860264690368154,0.9118923186823237
ar08_target_scale_narrow,0.8,300,11,peer_nominal,0.996236,0.9210050251256281,92.76339531388565,97.61606102678309,0.6000048594912939,0.7860264690368154,0.9118923186823237
ar08_target_scale_narrow,0.8,300,11,peer_shrunk_nominal,0.99626,0.9193969849246231,92.76339531388565,97.61606102678309,0.6000048594912939,0.7860264690368154,0.9118923186823237
ar08_target_scale_narrow,0.8,300,11,peer_cov_ess,0.9783839999999999,0.7294472361809046,92.76339531388565,97.61606102678309,0.6000048594912939,0.7860264690368154,0.9118923186823237
ar08_target_scale_narrow,0.8,300,11,adaptive_cov_ess,0.9952920000000001,0.8958793969849247,92.76339531388565,97.61606102678309,0.6000048594912939,0.7860264690368154,0.9118923186823237
ar08_target_scale_narrow,0.8,300,11,adaptive_nominal,0.9982639999999999,0.9573869346733668,92.76339531388565,97.61606102678309,0.6000048594912939,0.7860264690368154,0.9118923186823237
ar08_target_scale_narrow,0.8,300,11,adaptive_joint_nominal,0.998304,0.9565829145728644,92.76339531388565,97.61606102678309,0.6000048594912939,0.7860264690368154,0.9118923186823237
ar08_target_scale_narrow,0.8,300,12,shared_oas,0.689128,0.511356783919598,90.63160140328212,103.36179497441344,0.6275364435378012,0.7964899665772223,0.9730304817804821
ar08_target_scale_narrow,0.8,300,12,peer_nominal,0.6665119999999999,0.5117587939698492,90.63160140328212,103.36179497441344,0.6275364435378012,0.7964899665772223,0.9730304817804821
ar08_target_scale_narrow,0.8,300,12,peer_shrunk_nominal,0.693924,0.5117587939698492,90.63160140328212,103.36179497441344,0.6275364435378012,0.7964899665772223,0.9730304817804821
ar08_target_scale_narrow,0.8,300,12,peer_cov_ess,0.670904,0.5260301507537688,90.63160140328212,103.36179497441344,0.6275364435378012,0.7964899665772223,0.9730304817804821
ar08_target_scale_narrow,0.8,300,12,adaptive_cov_ess,0.6599200000000001,0.5083417085427135,90.63160140328212,103.36179497441344,0.6275364435378012,0.7964899665772223,0.9730304817804821
ar08_target_scale_narrow,0.8,300,12,adaptive_nominal,0.6603640000000001,0.5053266331658292,90.63160140328212,103.36179497441344,0.6275364435378012,0.7964899665772223,0.9730304817804821
ar08_target_scale_narrow,0.8,300,12,adaptive_joint_nominal,0.686188,0.5061306532663317,90.63160140328212,103.36179497441344,0.6275364435378012,0.7964899665772223,0.9730304817804821
ar08_target_scale_narrow,0.8,300,13,shared_oas,0.9758560000000001,0.7262311557788945,93.66659114420433,98.18056655448044,0.637610919213221,0.8205133075676203,0.9710473703600724
ar08_target_scale_narrow,0.8,300,13,peer_nominal,0.9832759999999999,0.798391959798995,93.66659114420433,98.18056655448044,0.637610919213221,0.8205133075676203,0.9710473703600724
ar08_target_scale_narrow,0.8,300,13,peer_shrunk_nominal,0.9853159999999999,0.8201005025125628,93.66659114420433,98.18056655448044,0.637610919213221,0.8205133075676203,0.9710473703600724
ar08_target_scale_narrow,0.8,300,13,peer_cov_ess,0.948924,0.6219095477386934,93.66659114420433,98.18056655448044,0.637610919213221,0.8205133075676203,0.9710473703600724
ar08_target_scale_narrow,0.8,300,13,adaptive_cov_ess,0.9810399999999999,0.7879396984924623,93.66659114420433,98.18056655448044,0.637610919213221,0.8205133075676203,0.9710473703600724
ar08_target_scale_narrow,0.8,300,13,adaptive_nominal,0.989676,0.8731658291457287,93.66659114420433,98.18056655448044,0.637610919213221,0.8205133075676203,0.9710473703600724
ar08_target_scale_narrow,0.8,300,13,adaptive_joint_nominal,0.990852,0.8850251256281407,93.66659114420433,98.18056655448044,0.637610919213221,0.8205133075676203,0.9710473703600724
ar08_target_scale_narrow,0.8,300,14,shared_oas,0.7603839999999998,0.5077386934673367,96.42302312548304,103.86914786179992,0.6090694788208358,0.856402900149227,0.9603316021141347
ar08_target_scale_narrow,0.8,300,14,peer_nominal,0.797548,0.5173869346733668,96.42302312548304,103.86914786179992,0.6090694788208358,0.856402900149227,0.9603316021141347
ar08_target_scale_narrow,0.8,300,14,peer_shrunk_nominal,0.772648,0.5119597989949749,96.42302312548304,103.86914786179992,0.6090694788208358,0.856402900149227,0.9603316021141347
ar08_target_scale_narrow,0.8,300,14,peer_cov_ess,0.7773279999999999,0.5212060301507537,96.42302312548304,103.86914786179992,0.6090694788208358,0.856402900149227,0.9603316021141347
ar08_target_scale_narrow,0.8,300,14,adaptive_cov_ess,0.807876,0.5358793969849246,96.42302312548304,103.86914786179992,0.6090694788208358,0.856402900149227,0.9603316021141347
ar08_target_scale_narrow,0.8,300,14,adaptive_nominal,0.8073080000000001,0.5177889447236181,96.42302312548304,103.86914786179992,0.6090694788208358,0.856402900149227,0.9603316021141347
ar08_target_scale_narrow,0.8,300,14,adaptive_joint_nominal,0.78072,0.5103517587939699,96.42302312548304,103.86914786179992,0.6090694788208358,0.856402900149227,0.9603316021141347
ar08_target_scale_narrow,0.8,300,15,shared_oas,0.9137719999999999,0.5821105527638191,81.62170306928512,89.32320236776346,0.6039775745663083,0.82555344712039,0.9642787288147094
ar08_target_scale_narrow,0.8,300,15,peer_nominal,0.900512,0.5294472361809045,81.62170306928512,89.32320236776346,0.6039775745663083,0.82555344712039,0.9642787288147094
ar08_target_scale_narrow,0.8,300,15,peer_shrunk_nominal,0.90266,0.5425125628140703,81.62170306928512,89.32320236776346,0.6039775745663083,0.82555344712039,0.9642787288147094
ar08_target_scale_narrow,0.8,300,15,peer_cov_ess,0.8332400000000001,0.5003015075376884,81.62170306928512,89.32320236776346,0.6039775745663083,0.82555344712039,0.9642787288147094
ar08_target_scale_narrow,0.8,300,15,adaptive_cov_ess,0.9142039999999998,0.5310552763819095,81.62170306928512,89.32320236776346,0.6039775745663083,0.82555344712039,0.9642787288147094
ar08_target_scale_narrow,0.8,300,15,adaptive_nominal,0.9261,0.5748743718592965,81.62170306928512,89.32320236776346,0.6039775745663083,0.82555344712039,0.9642787288147094
ar08_target_scale_narrow,0.8,300,15,adaptive_joint_nominal,0.927276,0.5953768844221106,81.62170306928512,89.32320236776346,0.6039775745663083,0.82555344712039,0.9642787288147094
ar08_target_scale_narrow,0.8,300,16,shared_oas,0.996172,0.9342713567839197,81.69568013083351,85.06260677214007,0.630885807470899,0.8311120637288406,0.9624702282703104
ar08_target_scale_narrow,0.8,300,16,peer_nominal,0.996664,0.9515577889447236,81.69568013083351,85.06260677214007,0.630885807470899,0.8311120637288406,0.9624702282703104
ar08_target_scale_narrow,0.8,300,16,peer_shrunk_nominal,0.9966079999999999,0.9499497487437185,81.69568013083351,85.06260677214007,0.630885807470899,0.8311120637288406,0.9624702282703104
ar08_target_scale_narrow,0.8,300,16,peer_cov_ess,0.9795040000000002,0.7909547738693468,81.69568013083351,85.06260677214007,0.630885807470899,0.8311120637288406,0.9624702282703104
ar08_target_scale_narrow,0.8,300,16,adaptive_cov_ess,0.994812,0.9137688442211055,81.69568013083351,85.06260677214007,0.630885807470899,0.8311120637288406,0.9624702282703104
ar08_target_scale_narrow,0.8,300,16,adaptive_nominal,0.998328,0.967638190954774,81.69568013083351,85.06260677214007,0.630885807470899,0.8311120637288406,0.9624702282703104
ar08_target_scale_narrow,0.8,300,16,adaptive_joint_nominal,0.998268,0.9662311557788945,81.69568013083351,85.06260677214007,0.630885807470899,0.8311120637288406,0.9624702282703104
ar08_target_scale_narrow,0.8,300,17,shared_oas,0.984196,0.8160804020100503,93.91772419287263,101.41031487846587,0.6468360226964005,0.8436240409671901,0.9151559811677809
ar08_target_scale_narrow,0.8,300,17,peer_nominal,0.981376,0.8092462311557789,93.91772419287263,101.41031487846587,0.6468360226964005,0.8436240409671901,0.9151559811677809
ar08_target_scale_narrow,0.8,300,17,peer_shrunk_nominal,0.9831440000000001,0.8231155778894472,93.91772419287263,101.41031487846587,0.6468360226964005,0.8436240409671901,0.9151559811677809
ar08_target_scale_narrow,0.8,300,17,peer_cov_ess,0.940088,0.6707537688442211,93.91772419287263,101.41031487846587,0.6468360226964005,0.8436240409671901,0.9151559811677809
ar08_target_scale_narrow,0.8,300,17,adaptive_cov_ess,0.975648,0.8136683417085426,93.91772419287263,101.41031487846587,0.6468360226964005,0.8436240409671901,0.9151559811677809
ar08_target_scale_narrow,0.8,300,17,adaptive_nominal,0.988048,0.8592964824120604,93.91772419287263,101.41031487846587,0.6468360226964005,0.8436240409671901,0.9151559811677809
ar08_target_scale_narrow,0.8,300,17,adaptive_joint_nominal,0.9894240000000001,0.8683417085427136,93.91772419287263,101.41031487846587,0.6468360226964005,0.8436240409671901,0.9151559811677809
ar08_target_scale_narrow,0.8,300,18,shared_oas,0.8581719999999999,0.5316582914572864,89.52927616708473,106.08633194431366,0.5983639047384786,0.8007750602984345,1.0251774220595855
ar08_target_scale_narrow,0.8,300,18,peer_nominal,0.8690880000000001,0.5298492462311558,89.52927616708473,106.08633194431366,0.5983639047384786,0.8007750602984345,1.0251774220595855
ar08_target_scale_narrow,0.8,300,18,peer_shrunk_nominal,0.85946,0.5310552763819095,89.52927616708473,106.08633194431366,0.5983639047384786,0.8007750602984345,1.0251774220595855
ar08_target_scale_narrow,0.8,300,18,peer_cov_ess,0.847508,0.5467336683417086,89.52927616708473,106.08633194431366,0.5983639047384786,0.8007750602984345,1.0251774220595855
ar08_target_scale_narrow,0.8,300,18,adaptive_cov_ess,0.871916,0.5457286432160804,89.52927616708473,106.08633194431366,0.5983639047384786,0.8007750602984345,1.0251774220595855
ar08_target_scale_narrow,0.8,300,18,adaptive_nominal,0.87266,0.5256281407035176,89.52927616708473,106.08633194431366,0.5983639047384786,0.8007750602984345,1.0251774220595855
ar08_target_scale_narrow,0.8,300,18,adaptive_joint_nominal,0.8656159999999999,0.5278391959798995,89.52927616708473,106.08633194431366,0.5983639047384786,0.8007750602984345,1.0251774220595855
ar08_target_scale_narrow,0.8,300,19,shared_oas,0.983676,0.8828140703517589,93.86999630121828,93.74299351867339,0.6900396693837767,0.8581159087325084,0.9803931006193916
ar08_target_scale_narrow,0.8,300,19,peer_nominal,0.98856,0.9051256281407034,93.86999630121828,93.74299351867339,0.6900396693837767,0.8581159087325084,0.9803931006193916
ar08_target_scale_narrow,0.8,300,19,peer_shrunk_nominal,0.990176,0.9117587939698493,93.86999630121828,93.74299351867339,0.6900396693837767,0.8581159087325084,0.9803931006193916
ar08_target_scale_narrow,0.8,300,19,peer_cov_ess,0.9588639999999999,0.7688442211055276,93.86999630121828,93.74299351867339,0.6900396693837767,0.8581159087325084,0.9803931006193916
ar08_target_scale_narrow,0.8,300,19,adaptive_cov_ess,0.9837520000000001,0.8755778894472361,93.86999630121828,93.74299351867339,0.6900396693837767,0.8581159087325084,0.9803931006193916
ar08_target_scale_narrow,0.8,300,19,adaptive_nominal,0.99288,0.9348743718592964,93.86999630121828,93.74299351867339,0.6900396693837767,0.8581159087325084,0.9803931006193916
ar08_target_scale_narrow,0.8,300,19,adaptive_joint_nominal,0.993628,0.9384924623115578,93.86999630121828,93.74299351867339,0.6900396693837767,0.8581159087325084,0.9803931006193916
ar08_target_scale_narrow,0.8,300,20,shared_oas,0.6918839999999999,0.507537688442211,75.89222227342279,91.30903092035025,0.6127790007970648,0.8276394292111878,0.9860000322528377
ar08_target_scale_narrow,0.8,300,20,peer_nominal,0.6973720000000001,0.507537688442211,75.89222227342279,91.30903092035025,0.6127790007970648,0.8276394292111878,0.9860000322528377
ar08_target_scale_narrow,0.8,300,20,peer_shrunk_nominal,0.6799839999999999,0.5069346733668342,75.89222227342279,91.30903092035025,0.6127790007970648,0.8276394292111878,0.9860000322528377
ar08_target_scale_narrow,0.8,300,20,peer_cov_ess,0.6970639999999999,0.5047236180904523,75.89222227342279,91.30903092035025,0.6127790007970648,0.8276394292111878,0.9860000322528377
ar08_target_scale_narrow,0.8,300,20,adaptive_cov_ess,0.693876,0.5037185929648241,75.89222227342279,91.30903092035025,0.6127790007970648,0.8276394292111878,0.9860000322528377
ar08_target_scale_narrow,0.8,300,20,adaptive_nominal,0.690676,0.5069346733668342,75.89222227342279,91.30903092035025,0.6127790007970648,0.8276394292111878,0.9860000322528377
ar08_target_scale_narrow,0.8,300,20,adaptive_joint_nominal,0.671472,0.5061306532663317,75.89222227342279,91.30903092035025,0.6127790007970648,0.8276394292111878,0.9860000322528377
ar08_target_scale_narrow,0.8,300,21,shared_oas,0.967312,0.6198994974874372,87.56014951394027,96.74166869005697,0.6015591497638391,0.7862915980149177,0.9343771771014607
ar08_target_scale_narrow,0.8,300,21,peer_nominal,0.977564,0.6649246231155779,87.56014951394027,96.74166869005697,0.6015591497638391,0.7862915980149177,0.9343771771014607
ar08_target_scale_narrow,0.8,300,21,peer_shrunk_nominal,0.978408,0.6574874371859296,87.56014951394027,96.74166869005697,0.6015591497638391,0.7862915980149177,0.9343771771014607
ar08_target_scale_narrow,0.8,300,21,peer_cov_ess,0.9454640000000001,0.55678391959799,87.56014951394027,96.74166869005697,0.6015591497638391,0.7862915980149177,0.9343771771014607
ar08_target_scale_narrow,0.8,300,21,adaptive_cov_ess,0.978496,0.7137688442211055,87.56014951394027,96.74166869005697,0.6015591497638391,0.7862915980149177,0.9343771771014607
ar08_target_scale_narrow,0.8,300,21,adaptive_nominal,0.9833,0.7398994974874372,87.56014951394027,96.74166869005697,0.6015591497638391,0.7862915980149177,0.9343771771014607
ar08_target_scale_narrow,0.8,300,21,adaptive_joint_nominal,0.98382,0.730251256281407,87.56014951394027,96.74166869005697,0.6015591497638391,0.7862915980149177,0.9343771771014607
ar08_target_scale_narrow,0.8,300,22,shared_oas,0.95566,0.718391959798995,87.04205938103304,91.97598613549701,0.6197358884244448,0.8454291825437161,0.931312246067289
ar08_target_scale_narrow,0.8,300,22,peer_nominal,0.95226,0.6506532663316582,87.04205938103304,91.97598613549701,0.6197358884244448,0.8454291825437161,0.931312246067289
ar08_target_scale_narrow,0.8,300,22,peer_shrunk_nominal,0.951588,0.6655276381909547,87.04205938103304,91.97598613549701,0.6197358884244448,0.8454291825437161,0.931312246067289
ar08_target_scale_narrow,0.8,300,22,peer_cov_ess,0.8882439999999999,0.5467336683417086,87.04205938103304,91.97598613549701,0.6197358884244448,0.8454291825437161,0.931312246067289
ar08_target_scale_narrow,0.8,300,22,adaptive_cov_ess,0.95078,0.6651256281407035,87.04205938103304,91.97598613549701,0.6197358884244448,0.8454291825437161,0.931312246067289
ar08_target_scale_narrow,0.8,300,22,adaptive_nominal,0.967568,0.721608040201005,87.04205938103304,91.97598613549701,0.6197358884244448,0.8454291825437161,0.931312246067289
ar08_target_scale_narrow,0.8,300,22,adaptive_joint_nominal,0.967268,0.744321608040201,87.04205938103304,91.97598613549701,0.6197358884244448,0.8454291825437161,0.931312246067289
ar08_target_scale_narrow,0.8,300,23,shared_oas,0.9956160000000001,0.9429145728643216,91.96536413692871,100.23704542893492,0.6603735049562807,0.865207969086071,0.928798683885538
ar08_target_scale_narrow,0.8,300,23,peer_nominal,0.995368,0.942713567839196,91.96536413692871,100.23704542893492,0.6603735049562807,0.865207969086071,0.928798683885538
ar08_target_scale_narrow,0.8,300,23,peer_shrunk_nominal,0.9954320000000001,0.937889447236181,91.96536413692871,100.23704542893492,0.6603735049562807,0.865207969086071,0.928798683885538
ar08_target_scale_narrow,0.8,300,23,peer_cov_ess,0.979376,0.79678391959799,91.96536413692871,100.23704542893492,0.6603735049562807,0.865207969086071,0.928798683885538
ar08_target_scale_narrow,0.8,300,23,adaptive_cov_ess,0.9921639999999999,0.912964824120603,91.96536413692871,100.23704542893492,0.6603735049562807,0.865207969086071,0.928798683885538
ar08_target_scale_narrow,0.8,300,23,adaptive_nominal,0.9963000000000001,0.9453266331658291,91.96536413692871,100.23704542893492,0.6603735049562807,0.865207969086071,0.928798683885538
ar08_target_scale_narrow,0.8,300,23,adaptive_joint_nominal,0.996392,0.944321608040201,91.96536413692871,100.23704542893492,0.6603735049562807,0.865207969086071,0.928798683885538
ar08_target_scale_narrow,0.8,300,24,shared_oas,0.927848,0.6174874371859296,93.47063392958913,95.04229054070271,0.6034877421344762,0.8291568779402945,1.0347738519972878
ar08_target_scale_narrow,0.8,300,24,peer_nominal,0.9689480000000001,0.7240201005025125,93.47063392958913,95.04229054070271,0.6034877421344762,0.8291568779402945,1.0347738519972878
ar08_target_scale_narrow,0.8,300,24,peer_shrunk_nominal,0.973692,0.738894472361809,93.47063392958913,95.04229054070271,0.6034877421344762,0.8291568779402945,1.0347738519972878
ar08_target_scale_narrow,0.8,300,24,peer_cov_ess,0.925132,0.5985929648241206,93.47063392958913,95.04229054070271,0.6034877421344762,0.8291568779402945,1.0347738519972878
ar08_target_scale_narrow,0.8,300,24,adaptive_cov_ess,0.966988,0.7117587939698493,93.47063392958913,95.04229054070271,0.6034877421344762,0.8291568779402945,1.0347738519972878
ar08_target_scale_narrow,0.8,300,24,adaptive_nominal,0.979016,0.7899497487437186,93.47063392958913,95.04229054070271,0.6034877421344762,0.8291568779402945,1.0347738519972878
ar08_target_scale_narrow,0.8,300,24,adaptive_joint_nominal,0.982044,0.8042211055276383,93.47063392958913,95.04229054070271,0.6034877421344762,0.8291568779402945,1.0347738519972878
ar08_target_scale_narrow,0.8,300,25,shared_oas,0.9629360000000001,0.7620100502512563,93.36384797689892,108.97975238072618,0.6146720429654517,0.8159823120284946,0.9586354578631211
ar08_target_scale_narrow,0.8,300,25,peer_nominal,0.9618760000000001,0.7634170854271356,93.36384797689892,108.97975238072618,0.6146720429654517,0.8159823120284946,0.9586354578631211
ar08_target_scale_narrow,0.8,300,25,peer_shrunk_nominal,0.95926,0.7650251256281407,93.36384797689892,108.97975238072618,0.6146720429654517,0.8159823120284946,0.9586354578631211
ar08_target_scale_narrow,0.8,300,25,peer_cov_ess,0.9041239999999999,0.6221105527638191,93.36384797689892,108.97975238072618,0.6146720429654517,0.8159823120284946,0.9586354578631211
ar08_target_scale_narrow,0.8,300,25,adaptive_cov_ess,0.935112,0.6998994974874372,93.36384797689892,108.97975238072618,0.6146720429654517,0.8159823120284946,0.9586354578631211
ar08_target_scale_narrow,0.8,300,25,adaptive_nominal,0.9673720000000001,0.7831155778894472,93.36384797689892,108.97975238072618,0.6146720429654517,0.8159823120284946,0.9586354578631211
ar08_target_scale_narrow,0.8,300,25,adaptive_joint_nominal,0.964756,0.7801005025125629,93.36384797689892,108.97975238072618,0.6146720429654517,0.8159823120284946,0.9586354578631211
ar08_target_scale_narrow,0.8,300,26,shared_oas,0.885952,0.5177889447236181,80.13613919048382,92.67909281078964,0.5681210970645213,0.842423054681448,0.9753973362728845
ar08_target_scale_narrow,0.8,300,26,peer_nominal,0.95602,0.6044221105527638,80.13613919048382,92.67909281078964,0.5681210970645213,0.842423054681448,0.9753973362728845
ar08_target_scale_narrow,0.8,300,26,peer_shrunk_nominal,0.9335399999999999,0.5573869346733669,80.13613919048382,92.67909281078964,0.5681210970645213,0.842423054681448,0.9753973362728845
ar08_target_scale_narrow,0.8,300,26,peer_cov_ess,0.8978160000000001,0.5163819095477387,80.13613919048382,92.67909281078964,0.5681210970645213,0.842423054681448,0.9753973362728845
ar08_target_scale_narrow,0.8,300,26,adaptive_cov_ess,0.9491600000000001,0.588140703517588,80.13613919048382,92.67909281078964,0.5681210970645213,0.842423054681448,0.9753973362728845
ar08_target_scale_narrow,0.8,300,26,adaptive_nominal,0.9653799999999999,0.6550753768844221,80.13613919048382,92.67909281078964,0.5681210970645213,0.842423054681448,0.9753973362728845
ar08_target_scale_narrow,0.8,300,26,adaptive_joint_nominal,0.9464440000000001,0.6082412060301507,80.13613919048382,92.67909281078964,0.5681210970645213,0.842423054681448,0.9753973362728845
ar08_target_scale_narrow,0.8,300,27,shared_oas,0.839024,0.5770854271356785,92.8913821989157,100.56419847068312,0.6034412923672092,0.8424926364811771,0.9196928130282775
ar08_target_scale_narrow,0.8,300,27,peer_nominal,0.865096,0.5959798994974874,92.8913821989157,100.56419847068312,0.6034412923672092,0.8424926364811771,0.9196928130282775
ar08_target_scale_narrow,0.8,300,27,peer_shrunk_nominal,0.853712,0.5883417085427136,92.8913821989157,100.56419847068312,0.6034412923672092,0.8424926364811771,0.9196928130282775
ar08_target_scale_narrow,0.8,300,27,peer_cov_ess,0.8276880000000001,0.5728643216080402,92.8913821989157,100.56419847068312,0.6034412923672092,0.8424926364811771,0.9196928130282775
ar08_target_scale_narrow,0.8,300,27,adaptive_cov_ess,0.8545799999999999,0.5811055276381909,92.8913821989157,100.56419847068312,0.6034412923672092,0.8424926364811771,0.9196928130282775
ar08_target_scale_narrow,0.8,300,27,adaptive_nominal,0.872336,0.5833165829145729,92.8913821989157,100.56419847068312,0.6034412923672092,0.8424926364811771,0.9196928130282775
ar08_target_scale_narrow,0.8,300,27,adaptive_joint_nominal,0.8618239999999999,0.5790954773869347,92.8913821989157,100.56419847068312,0.6034412923672092,0.8424926364811771,0.9196928130282775
ar08_target_scale_narrow,0.8,300,28,shared_oas,0.960332,0.6596984924623116,88.68884634592884,99.16999953832243,0.6752177290992449,0.8530821834380502,0.8804536233808788
ar08_target_scale_narrow,0.8,300,28,peer_nominal,0.9565919999999999,0.6444221105527638,88.68884634592884,99.16999953832243,0.6752177290992449,0.8530821834380502,0.8804536233808788
ar08_target_scale_narrow,0.8,300,28,peer_shrunk_nominal,0.9558920000000001,0.6375879396984925,88.68884634592884,99.16999953832243,0.6752177290992449,0.8530821834380502,0.8804536233808788
ar08_target_scale_narrow,0.8,300,28,peer_cov_ess,0.926492,0.5807035175879397,88.68884634592884,99.16999953832243,0.6752177290992449,0.8530821834380502,0.8804536233808788
ar08_target_scale_narrow,0.8,300,28,adaptive_cov_ess,0.9599799999999999,0.6701507537688443,88.68884634592884,99.16999953832243,0.6752177290992449,0.8530821834380502,0.8804536233808788
ar08_target_scale_narrow,0.8,300,28,adaptive_nominal,0.963504,0.6846231155778895,88.68884634592884,99.16999953832243,0.6752177290992449,0.8530821834380502,0.8804536233808788
ar08_target_scale_narrow,0.8,300,28,adaptive_joint_nominal,0.9628920000000001,0.6753768844221105,88.68884634592884,99.16999953832243,0.6752177290992449,0.8530821834380502,0.8804536233808788
ar08_target_scale_narrow,0.8,300,29,shared_oas,0.9665279999999999,0.7660301507537688,84.5141161426775,91.69738333465872,0.6283785062794622,0.796358948020165,0.9612495768216534
ar08_target_scale_narrow,0.8,300,29,peer_nominal,0.96918,0.770251256281407,84.5141161426775,91.69738333465872,0.6283785062794622,0.796358948020165,0.9612495768216534
ar08_target_scale_narrow,0.8,300,29,peer_shrunk_nominal,0.969344,0.7853266331658291,84.5141161426775,91.69738333465872,0.6283785062794622,0.796358948020165,0.9612495768216534
ar08_target_scale_narrow,0.8,300,29,peer_cov_ess,0.9302999999999999,0.6480402010050251,84.5141161426775,91.69738333465872,0.6283785062794622,0.796358948020165,0.9612495768216534
ar08_target_scale_narrow,0.8,300,29,adaptive_cov_ess,0.972208,0.7897487437185929,84.5141161426775,91.69738333465872,0.6283785062794622,0.796358948020165,0.9612495768216534
ar08_target_scale_narrow,0.8,300,29,adaptive_nominal,0.9798,0.8387939698492463,84.5141161426775,91.69738333465872,0.6283785062794622,0.796358948020165,0.9612495768216534
ar08_target_scale_narrow,0.8,300,29,adaptive_joint_nominal,0.9797319999999999,0.8508542713567839,84.5141161426775,91.69738333465872,0.6283785062794622,0.796358948020165,0.9612495768216534
ar08_target_scale_narrow,0.8,300,30,shared_oas,0.9914000000000001,0.8968844221105527,93.50875636277196,98.36969977391036,0.6333927134344017,0.8791582951201837,0.9606482773112941
ar08_target_scale_narrow,0.8,300,30,peer_nominal,0.9900439999999999,0.8767839195979898,93.50875636277196,98.36969977391036,0.6333927134344017,0.8791582951201837,0.9606482773112941
ar08_target_scale_narrow,0.8,300,30,peer_shrunk_nominal,0.990264,0.8834170854271357,93.50875636277196,98.36969977391036,0.6333927134344017,0.8791582951201837,0.9606482773112941
ar08_target_scale_narrow,0.8,300,30,peer_cov_ess,0.961464,0.7197989949748744,93.50875636277196,98.36969977391036,0.6333927134344017,0.8791582951201837,0.9606482773112941
ar08_target_scale_narrow,0.8,300,30,adaptive_cov_ess,0.9893959999999999,0.8669346733668342,93.50875636277196,98.36969977391036,0.6333927134344017,0.8791582951201837,0.9606482773112941
ar08_target_scale_narrow,0.8,300,30,adaptive_nominal,0.994168,0.9167839195979899,93.50875636277196,98.36969977391036,0.6333927134344017,0.8791582951201837,0.9606482773112941
ar08_target_scale_narrow,0.8,300,30,adaptive_joint_nominal,0.9944040000000001,0.9272361809045226,93.50875636277196,98.36969977391036,0.6333927134344017,0.8791582951201837,0.9606482773112941
ar08_target_scale_narrow,0.8,300,31,shared_oas,0.997492,0.9057286432160804,83.57787380598914,83.91479317714372,0.5898813605161639,0.885481709263368,0.9795767048231869
ar08_target_scale_narrow,0.8,300,31,peer_nominal,0.997872,0.9228140703517588,83.57787380598914,83.91479317714372,0.5898813605161639,0.885481709263368,0.9795767048231869
ar08_target_scale_narrow,0.8,300,31,peer_shrunk_nominal,0.998144,0.9304522613065327,83.57787380598914,83.91479317714372,0.5898813605161639,0.885481709263368,0.9795767048231869
ar08_target_scale_narrow,0.8,300,31,peer_cov_ess,0.98504,0.6990954773869347,83.57787380598914,83.91479317714372,0.5898813605161639,0.885481709263368,0.9795767048231869
ar08_target_scale_narrow,0.8,300,31,adaptive_cov_ess,0.997176,0.8990954773869346,83.57787380598914,83.91479317714372,0.5898813605161639,0.885481709263368,0.9795767048231869
ar08_target_scale_narrow,0.8,300,31,adaptive_nominal,0.999,0.9684422110552764,83.57787380598914,83.91479317714372,0.5898813605161639,0.885481709263368,0.9795767048231869
ar08_target_scale_narrow,0.8,300,31,adaptive_joint_nominal,0.99916,0.9714572864321608,83.57787380598914,83.91479317714372,0.5898813605161639,0.885481709263368,0.9795767048231869
ar08_target_scale_narrow,0.8,300,32,shared_oas,0.956788,0.7650251256281406,93.83606308906626,96.61855483663666,0.5978825850355658,0.8325653246524486,0.8940138575625565
ar08_target_scale_narrow,0.8,300,32,peer_nominal,0.962,0.7784924623115578,93.83606308906626,96.61855483663666,0.5978825850355658,0.8325653246524486,0.8940138575625565
ar08_target_scale_narrow,0.8,300,32,peer_shrunk_nominal,0.96506,0.7925628140703518,93.83606308906626,96.61855483663666,0.5978825850355658,0.8325653246524486,0.8940138575625565
ar08_target_scale_narrow,0.8,300,32,peer_cov_ess,0.92664,0.7007035175879397,93.83606308906626,96.61855483663666,0.5978825850355658,0.8325653246524486,0.8940138575625565
ar08_target_scale_narrow,0.8,300,32,adaptive_cov_ess,0.967328,0.8114572864321608,93.83606308906626,96.61855483663666,0.5978825850355658,0.8325653246524486,0.8940138575625565
ar08_target_scale_narrow,0.8,300,32,adaptive_nominal,0.9741,0.8182914572864322,93.83606308906626,96.61855483663666,0.5978825850355658,0.8325653246524486,0.8940138575625565
ar08_target_scale_narrow,0.8,300,32,adaptive_joint_nominal,0.976376,0.8225125628140704,93.83606308906626,96.61855483663666,0.5978825850355658,0.8325653246524486,0.8940138575625565
ar08_target_scale_narrow,0.8,300,33,shared_oas,0.9730719999999999,0.7724623115577889,93.02717543461819,96.1045013241083,0.6155202609142151,0.8147181641966839,0.9608485191253908
ar08_target_scale_narrow,0.8,300,33,peer_nominal,0.969888,0.7732663316582915,93.02717543461819,96.1045013241083,0.6155202609142151,0.8147181641966839,0.9608485191253908
ar08_target_scale_narrow,0.8,300,33,peer_shrunk_nominal,0.9689439999999999,0.7732663316582915,93.02717543461819,96.1045013241083,0.6155202609142151,0.8147181641966839,0.9608485191253908
ar08_target_scale_narrow,0.8,300,33,peer_cov_ess,0.9245559999999999,0.6496482412060302,93.02717543461819,96.1045013241083,0.6155202609142151,0.8147181641966839,0.9608485191253908
ar08_target_scale_narrow,0.8,300,33,adaptive_cov_ess,0.9568559999999999,0.7316582914572864,93.02717543461819,96.1045013241083,0.6155202609142151,0.8147181641966839,0.9608485191253908
ar08_target_scale_narrow,0.8,300,33,adaptive_nominal,0.9762839999999999,0.8,93.02717543461819,96.1045013241083,0.6155202609142151,0.8147181641966839,0.9608485191253908
ar08_target_scale_narrow,0.8,300,33,adaptive_joint_nominal,0.9756199999999998,0.7997989949748744,93.02717543461819,96.1045013241083,0.6155202609142151,0.8147181641966839,0.9608485191253908
ar08_target_scale_narrow,0.8,300,34,shared_oas,0.989576,0.8763819095477388,84.02422551952967,86.59745016099905,0.5348091458446979,0.8197321746759121,0.9610114476041621
ar08_target_scale_narrow,0.8,300,34,peer_nominal,0.9884719999999999,0.8689447236180905,84.02422551952967,86.59745016099905,0.5348091458446979,0.8197321746759121,0.9610114476041621
ar08_target_scale_narrow,0.8,300,34,peer_shrunk_nominal,0.989432,0.878994974874372,84.02422551952967,86.59745016099905,0.5348091458446979,0.8197321746759121,0.9610114476041621
ar08_target_scale_narrow,0.8,300,34,peer_cov_ess,0.94162,0.653467336683417,84.02422551952967,86.59745016099905,0.5348091458446979,0.8197321746759121,0.9610114476041621
ar08_target_scale_narrow,0.8,300,34,adaptive_cov_ess,0.985244,0.8464321608040202,84.02422551952967,86.59745016099905,0.5348091458446979,0.8197321746759121,0.9610114476041621
ar08_target_scale_narrow,0.8,300,34,adaptive_nominal,0.994576,0.9222110552763818,84.02422551952967,86.59745016099905,0.5348091458446979,0.8197321746759121,0.9610114476041621
ar08_target_scale_narrow,0.8,300,34,adaptive_joint_nominal,0.9950920000000001,0.929246231155779,84.02422551952967,86.59745016099905,0.5348091458446979,0.8197321746759121,0.9610114476041621
ar08_target_scale_narrow,0.8,300,35,shared_oas,0.865724,0.5401005025125628,91.51892585463746,107.44232338191438,0.6589166982486256,0.8776413321309549,0.9817478557394346
ar08_target_scale_narrow,0.8,300,35,peer_nominal,0.8626079999999999,0.51678391959799,91.51892585463746,107.44232338191438,0.6589166982486256,0.8776413321309549,0.9817478557394346
ar08_target_scale_narrow,0.8,300,35,peer_shrunk_nominal,0.863056,0.5185929648241207,91.51892585463746,107.44232338191438,0.6589166982486256,0.8776413321309549,0.9817478557394346
ar08_target_scale_narrow,0.8,300,35,peer_cov_ess,0.811008,0.5097487437185929,91.51892585463746,107.44232338191438,0.6589166982486256,0.8776413321309549,0.9817478557394346
ar08_target_scale_narrow,0.8,300,35,adaptive_cov_ess,0.851072,0.5175879396984925,91.51892585463746,107.44232338191438,0.6589166982486256,0.8776413321309549,0.9817478557394346
ar08_target_scale_narrow,0.8,300,35,adaptive_nominal,0.877032,0.5206030150753769,91.51892585463746,107.44232338191438,0.6589166982486256,0.8776413321309549,0.9817478557394346
ar08_target_scale_narrow,0.8,300,35,adaptive_joint_nominal,0.87714,0.5218090452261307,91.51892585463746,107.44232338191438,0.6589166982486256,0.8776413321309549,0.9817478557394346
ar08_target_scale_narrow,0.8,300,36,shared_oas,0.858576,0.5931658291457287,80.26217728089115,86.70399685590664,0.6542015902204166,0.7626803777102151,1.0564775339872539
ar08_target_scale_narrow,0.8,300,36,peer_nominal,0.8621839999999998,0.5977889447236181,80.26217728089115,86.70399685590664,0.6542015902204166,0.7626803777102151,1.0564775339872539
ar08_target_scale_narrow,0.8,300,36,peer_shrunk_nominal,0.8717919999999999,0.6110552763819095,80.26217728089115,86.70399685590664,0.6542015902204166,0.7626803777102151,1.0564775339872539
ar08_target_scale_narrow,0.8,300,36,peer_cov_ess,0.8181639999999999,0.5585929648241206,80.26217728089115,86.70399685590664,0.6542015902204166,0.7626803777102151,1.0564775339872539
ar08_target_scale_narrow,0.8,300,36,adaptive_cov_ess,0.8368600000000002,0.5738693467336684,80.26217728089115,86.70399685590664,0.6542015902204166,0.7626803777102151,1.0564775339872539
ar08_target_scale_narrow,0.8,300,36,adaptive_nominal,0.864204,0.6194974874371859,80.26217728089115,86.70399685590664,0.6542015902204166,0.7626803777102151,1.0564775339872539
ar08_target_scale_narrow,0.8,300,36,adaptive_joint_nominal,0.87256,0.634572864321608,80.26217728089115,86.70399685590664,0.6542015902204166,0.7626803777102151,1.0564775339872539
ar08_target_scale_narrow,0.8,300,37,shared_oas,0.988904,0.8542713567839196,78.61782999769692,92.77872806842339,0.6523521149810148,0.8618935947016854,0.983114584213509
ar08_target_scale_narrow,0.8,300,37,peer_nominal,0.992964,0.9051256281407036,78.61782999769692,92.77872806842339,0.6523521149810148,0.8618935947016854,0.983114584213509
ar08_target_scale_narrow,0.8,300,37,peer_shrunk_nominal,0.992804,0.9079396984924624,78.61782999769692,92.77872806842339,0.6523521149810148,0.8618935947016854,0.983114584213509
ar08_target_scale_narrow,0.8,300,37,peer_cov_ess,0.963436,0.7085427135678393,78.61782999769692,92.77872806842339,0.6523521149810148,0.8618935947016854,0.983114584213509
ar08_target_scale_narrow,0.8,300,37,adaptive_cov_ess,0.993404,0.9390954773869347,78.61782999769692,92.77872806842339,0.6523521149810148,0.8618935947016854,0.983114584213509
ar08_target_scale_narrow,0.8,300,37,adaptive_nominal,0.9959640000000001,0.9593969849246231,78.61782999769692,92.77872806842339,0.6523521149810148,0.8618935947016854,0.983114584213509
ar08_target_scale_narrow,0.8,300,37,adaptive_joint_nominal,0.995948,0.9602010050251255,78.61782999769692,92.77872806842339,0.6523521149810148,0.8618935947016854,0.983114584213509
ar08_target_scale_narrow,0.8,300,38,shared_oas,0.9675279999999999,0.7234170854271357,89.56677474181342,90.82045941732653,0.6335955860594811,0.8386043523213771,0.9605212549149054
ar08_target_scale_narrow,0.8,300,38,peer_nominal,0.96452,0.7220100502512563,89.56677474181342,90.82045941732653,0.6335955860594811,0.8386043523213771,0.9605212549149054
ar08_target_scale_narrow,0.8,300,38,peer_shrunk_nominal,0.9648400000000001,0.7101507537688443,89.56677474181342,90.82045941732653,0.6335955860594811,0.8386043523213771,0.9605212549149054
ar08_target_scale_narrow,0.8,300,38,peer_cov_ess,0.912072,0.5869346733668341,89.56677474181342,90.82045941732653,0.6335955860594811,0.8386043523213771,0.9605212549149054
ar08_target_scale_narrow,0.8,300,38,adaptive_cov_ess,0.9733200000000001,0.7708542713567839,89.56677474181342,90.82045941732653,0.6335955860594811,0.8386043523213771,0.9605212549149054
ar08_target_scale_narrow,0.8,300,38,adaptive_nominal,0.9791080000000001,0.8080402010050252,89.56677474181342,90.82045941732653,0.6335955860594811,0.8386043523213771,0.9605212549149054
ar08_target_scale_narrow,0.8,300,38,adaptive_joint_nominal,0.979676,0.8014070351758794,89.56677474181342,90.82045941732653,0.6335955860594811,0.8386043523213771,0.9605212549149054
ar08_target_scale_narrow,0.8,300,39,shared_oas,0.960308,0.7344723618090452,93.51747926192066,96.29702935756183,0.6158492623764752,0.825971620544975,0.9448373289080632
ar08_target_scale_narrow,0.8,300,39,peer_nominal,0.9630599999999999,0.7467336683417086,93.51747926192066,96.29702935756183,0.6158492623764752,0.825971620544975,0.9448373289080632
ar08_target_scale_narrow,0.8,300,39,peer_shrunk_nominal,0.963068,0.7439195979899498,93.51747926192066,96.29702935756183,0.6158492623764752,0.825971620544975,0.9448373289080632
ar08_target_scale_narrow,0.8,300,39,peer_cov_ess,0.9237599999999999,0.622713567839196,93.51747926192066,96.29702935756183,0.6158492623764752,0.825971620544975,0.9448373289080632
ar08_target_scale_narrow,0.8,300,39,adaptive_cov_ess,0.95252,0.7163819095477387,93.51747926192066,96.29702935756183,0.6158492623764752,0.825971620544975,0.9448373289080632
ar08_target_scale_narrow,0.8,300,39,adaptive_nominal,0.9713120000000001,0.7897487437185929,93.51747926192066,96.29702935756183,0.6158492623764752,0.825971620544975,0.9448373289080632
ar08_target_scale_narrow,0.8,300,39,adaptive_joint_nominal,0.972032,0.7887437185929649,93.51747926192066,96.29702935756183,0.6158492623764752,0.825971620544975,0.9448373289080632
ar08_target_scale_narrow,0.8,1000,0,shared_oas,0.96742,0.7507537688442211,285.12455500719057,286.3204378146217,0.8026244487779157,0.9424557767571875,0.9547553276865632
ar08_target_scale_narrow,0.8,1000,0,peer_nominal,0.9671159999999999,0.7543718592964824,285.12455500719057,286.3204378146217,0.8026244487779157,0.9424557767571875,0.9547553276865632
ar08_target_scale_narrow,0.8,1000,0,peer_shrunk_nominal,0.967828,0.7652261306532663,285.12455500719057,286.3204378146217,0.8026244487779157,0.9424557767571875,0.9547553276865632
ar08_target_scale_narrow,0.8,1000,0,peer_cov_ess,0.9447400000000001,0.6548743718592964,285.12455500719057,286.3204378146217,0.8026244487779157,0.9424557767571875,0.9547553276865632
ar08_target_scale_narrow,0.8,1000,0,adaptive_cov_ess,0.966704,0.7525628140703517,285.12455500719057,286.3204378146217,0.8026244487779157,0.9424557767571875,0.9547553276865632
ar08_target_scale_narrow,0.8,1000,0,adaptive_nominal,0.9725400000000001,0.7857286432160804,285.12455500719057,286.3204378146217,0.8026244487779157,0.9424557767571875,0.9547553276865632
ar08_target_scale_narrow,0.8,1000,0,adaptive_joint_nominal,0.973056,0.7955778894472362,285.12455500719057,286.3204378146217,0.8026244487779157,0.9424557767571875,0.9547553276865632
ar08_target_scale_narrow,0.8,1000,1,shared_oas,0.9991680000000001,0.9897487437185929,257.86456333390527,290.38382666583425,0.7795310739093861,0.9138249162946291,0.9408614777559399
ar08_target_scale_narrow,0.8,1000,1,peer_nominal,0.999192,0.9937688442211055,257.86456333390527,290.38382666583425,0.7795310739093861,0.9138249162946291,0.9408614777559399
ar08_target_scale_narrow,0.8,1000,1,peer_shrunk_nominal,0.999256,0.9939698492462312,257.86456333390527,290.38382666583425,0.7795310739093861,0.9138249162946291,0.9408614777559399
ar08_target_scale_narrow,0.8,1000,1,peer_cov_ess,0.99762,0.9782914572864321,257.86456333390527,290.38382666583425,0.7795310739093861,0.9138249162946291,0.9408614777559399
ar08_target_scale_narrow,0.8,1000,1,adaptive_cov_ess,0.9989720000000001,0.9935678391959799,257.86456333390527,290.38382666583425,0.7795310739093861,0.9138249162946291,0.9408614777559399
ar08_target_scale_narrow,0.8,1000,1,adaptive_nominal,0.9993960000000001,0.9949748743718594,257.86456333390527,290.38382666583425,0.7795310739093861,0.9138249162946291,0.9408614777559399
ar08_target_scale_narrow,0.8,1000,1,adaptive_joint_nominal,0.999444,0.9949748743718594,257.86456333390527,290.38382666583425,0.7795310739093861,0.9138249162946291,0.9408614777559399
ar08_target_scale_narrow,0.8,1000,2,shared_oas,0.996724,0.9606030150753768,258.5464203319173,274.6489120714342,0.7836711003271062,0.9101877903825533,0.9635316466245651
ar08_target_scale_narrow,0.8,1000,2,peer_nominal,0.9977320000000001,0.9688442211055276,258.5464203319173,274.6489120714342,0.7836711003271062,0.9101877903825533,0.9635316466245651
ar08_target_scale_narrow,0.8,1000,2,peer_shrunk_nominal,0.997704,0.9690452261306532,258.5464203319173,274.6489120714342,0.7836711003271062,0.9101877903825533,0.9635316466245651
ar08_target_scale_narrow,0.8,1000,2,peer_cov_ess,0.9952679999999999,0.9336683417085427,258.5464203319173,274.6489120714342,0.7836711003271062,0.9101877903825533,0.9635316466245651
ar08_target_scale_narrow,0.8,1000,2,adaptive_cov_ess,0.9979680000000001,0.9712562814070351,258.5464203319173,274.6489120714342,0.7836711003271062,0.9101877903825533,0.9635316466245651
ar08_target_scale_narrow,0.8,1000,2,adaptive_nominal,0.998176,0.975678391959799,258.5464203319173,274.6489120714342,0.7836711003271062,0.9101877903825533,0.9635316466245651
ar08_target_scale_narrow,0.8,1000,2,adaptive_joint_nominal,0.99818,0.975678391959799,258.5464203319173,274.6489120714342,0.7836711003271062,0.9101877903825533,0.9635316466245651
ar08_target_scale_narrow,0.8,1000,3,shared_oas,0.9971760000000001,0.9515577889447236,274.66523953867164,270.96001132243316,0.8313131016841714,0.9431425687953177,0.9424386567235559
ar08_target_scale_narrow,0.8,1000,3,peer_nominal,0.9962,0.9376884422110553,274.66523953867164,270.96001132243316,0.8313131016841714,0.9431425687953177,0.9424386567235559
ar08_target_scale_narrow,0.8,1000,3,peer_shrunk_nominal,0.996416,0.9409045226130653,274.66523953867164,270.96001132243316,0.8313131016841714,0.9431425687953177,0.9424386567235559
ar08_target_scale_narrow,0.8,1000,3,peer_cov_ess,0.99002,0.8548743718592965,274.66523953867164,270.96001132243316,0.8313131016841714,0.9431425687953177,0.9424386567235559
ar08_target_scale_narrow,0.8,1000,3,adaptive_cov_ess,0.9961,0.9354773869346734,274.66523953867164,270.96001132243316,0.8313131016841714,0.9431425687953177,0.9424386567235559
ar08_target_scale_narrow,0.8,1000,3,adaptive_nominal,0.997212,0.9521608040201005,274.66523953867164,270.96001132243316,0.8313131016841714,0.9431425687953177,0.9424386567235559
ar08_target_scale_narrow,0.8,1000,3,adaptive_joint_nominal,0.997456,0.955175879396985,274.66523953867164,270.96001132243316,0.8313131016841714,0.9431425687953177,0.9424386567235559
ar08_target_scale_narrow,0.8,1000,4,shared_oas,0.992704,0.8976884422110554,283.83210762286745,291.86241504337875,0.8424276621578475,0.9435828436064573,0.9469417070894778
ar08_target_scale_narrow,0.8,1000,4,peer_nominal,0.994832,0.9101507537688442,283.83210762286745,291.86241504337875,0.8424276621578475,0.9435828436064573,0.9469417070894778
ar08_target_scale_narrow,0.8,1000,4,peer_shrunk_nominal,0.994448,0.9067336683417085,283.83210762286745,291.86241504337875,0.8424276621578475,0.9435828436064573,0.9469417070894778
ar08_target_scale_narrow,0.8,1000,4,peer_cov_ess,0.9893519999999999,0.8402010050251256,283.83210762286745,291.86241504337875,0.8424276621578475,0.9435828436064573,0.9469417070894778
ar08_target_scale_narrow,0.8,1000,4,adaptive_cov_ess,0.995268,0.9099497487437186,283.83210762286745,291.86241504337875,0.8424276621578475,0.9435828436064573,0.9469417070894778
ar08_target_scale_narrow,0.8,1000,4,adaptive_nominal,0.995936,0.9262311557788945,283.83210762286745,291.86241504337875,0.8424276621578475,0.9435828436064573,0.9469417070894778
ar08_target_scale_narrow,0.8,1000,4,adaptive_joint_nominal,0.9956400000000001,0.9218090452261307,283.83210762286745,291.86241504337875,0.8424276621578475,0.9435828436064573,0.9469417070894778
ar08_target_scale_narrow,0.8,1000,5,shared_oas,0.963128,0.8176884422110553,253.93635966603406,271.7065976342606,0.8426817266042163,0.9300789082117973,1.0230675389645416
ar08_target_scale_narrow,0.8,1000,5,peer_nominal,0.957444,0.7744723618090452,253.93635966603406,271.7065976342606,0.8426817266042163,0.9300789082117973,1.0230675389645416
ar08_target_scale_narrow,0.8,1000,5,peer_shrunk_nominal,0.959556,0.7831155778894472,253.93635966603406,271.7065976342606,0.8426817266042163,0.9300789082117973,1.0230675389645416
ar08_target_scale_narrow,0.8,1000,5,peer_cov_ess,0.941448,0.7153768844221106,253.93635966603406,271.7065976342606,0.8426817266042163,0.9300789082117973,1.0230675389645416
ar08_target_scale_narrow,0.8,1000,5,adaptive_cov_ess,0.9601879999999999,0.7905527638190954,253.93635966603406,271.7065976342606,0.8426817266042163,0.9300789082117973,1.0230675389645416
ar08_target_scale_narrow,0.8,1000,5,adaptive_nominal,0.961412,0.7923618090452262,253.93635966603406,271.7065976342606,0.8426817266042163,0.9300789082117973,1.0230675389645416
ar08_target_scale_narrow,0.8,1000,5,adaptive_joint_nominal,0.96298,0.798391959798995,253.93635966603406,271.7065976342606,0.8426817266042163,0.9300789082117973,1.0230675389645416
ar08_target_scale_narrow,0.8,1000,6,shared_oas,0.9962,0.9543718592964825,269.17264834540987,292.8979467504618,0.8390127661145341,0.9339686373374401,0.9459661365872916
ar08_target_scale_narrow,0.8,1000,6,peer_nominal,0.9959040000000001,0.9441206030150754,269.17264834540987,292.8979467504618,0.8390127661145341,0.9339686373374401,0.9459661365872916
ar08_target_scale_narrow,0.8,1000,6,peer_shrunk_nominal,0.99592,0.9437185929648242,269.17264834540987,292.8979467504618,0.8390127661145341,0.9339686373374401,0.9459661365872916
ar08_target_scale_narrow,0.8,1000,6,peer_cov_ess,0.9927239999999999,0.9103517587939698,269.17264834540987,292.8979467504618,0.8390127661145341,0.9339686373374401,0.9459661365872916
ar08_target_scale_narrow,0.8,1000,6,adaptive_cov_ess,0.996412,0.9493467336683418,269.17264834540987,292.8979467504618,0.8390127661145341,0.9339686373374401,0.9459661365872916
ar08_target_scale_narrow,0.8,1000,6,adaptive_nominal,0.996544,0.9485427135678393,269.17264834540987,292.8979467504618,0.8390127661145341,0.9339686373374401,0.9459661365872916
ar08_target_scale_narrow,0.8,1000,6,adaptive_joint_nominal,0.996536,0.948140703517588,269.17264834540987,292.8979467504618,0.8390127661145341,0.9339686373374401,0.9459661365872916
ar08_target_scale_narrow,0.8,1000,7,shared_oas,0.999764,0.9905527638190954,272.7630381983509,288.70947494976645,0.8433680928021212,0.9251401477975794,1.02792299563612
ar08_target_scale_narrow,0.8,1000,7,peer_nominal,0.999692,0.9903517587939699,272.7630381983509,288.70947494976645,0.8433680928021212,0.9251401477975794,1.02792299563612
ar08_target_scale_narrow,0.8,1000,7,peer_shrunk_nominal,0.999688,0.9899497487437187,272.7630381983509,288.70947494976645,0.8433680928021212,0.9251401477975794,1.02792299563612
ar08_target_scale_narrow,0.8,1000,7,peer_cov_ess,0.9989399999999999,0.9700502512562814,272.7630381983509,288.70947494976645,0.8433680928021212,0.9251401477975794,1.02792299563612
ar08_target_scale_narrow,0.8,1000,7,adaptive_cov_ess,0.999696,0.9891457286432161,272.7630381983509,288.70947494976645,0.8433680928021212,0.9251401477975794,1.02792299563612
ar08_target_scale_narrow,0.8,1000,7,adaptive_nominal,0.9997119999999999,0.989748743718593,272.7630381983509,288.70947494976645,0.8433680928021212,0.9251401477975794,1.02792299563612
ar08_target_scale_narrow,0.8,1000,7,adaptive_joint_nominal,0.999724,0.9903517587939699,272.7630381983509,288.70947494976645,0.8433680928021212,0.9251401477975794,1.02792299563612
ar08_target_scale_narrow,0.8,1000,8,shared_oas,0.98806,0.890854271356784,266.9688244121798,275.3181169710223,0.8309968467089393,0.9639502562125173,0.9630566831293499
ar08_target_scale_narrow,0.8,1000,8,peer_nominal,0.99308,0.9228140703517588,266.9688244121798,275.3181169710223,0.8309968467089393,0.9639502562125173,0.9630566831293499
ar08_target_scale_narrow,0.8,1000,8,peer_shrunk_nominal,0.993148,0.9214070351758794,266.9688244121798,275.3181169710223,0.8309968467089393,0.9639502562125173,0.9630566831293499
ar08_target_scale_narrow,0.8,1000,8,peer_cov_ess,0.983888,0.8235175879396985,266.9688244121798,275.3181169710223,0.8309968467089393,0.9639502562125173,0.9630566831293499
ar08_target_scale_narrow,0.8,1000,8,adaptive_cov_ess,0.99354,0.9258291457286432,266.9688244121798,275.3181169710223,0.8309968467089393,0.9639502562125173,0.9630566831293499
ar08_target_scale_narrow,0.8,1000,8,adaptive_nominal,0.994728,0.9429145728643216,266.9688244121798,275.3181169710223,0.8309968467089393,0.9639502562125173,0.9630566831293499
ar08_target_scale_narrow,0.8,1000,8,adaptive_joint_nominal,0.99476,0.9417085427135679,266.9688244121798,275.3181169710223,0.8309968467089393,0.9639502562125173,0.9630566831293499
ar08_target_scale_narrow,0.8,1000,9,shared_oas,0.999308,0.9754773869346733,269.7272836616482,283.32394894409646,0.8396635138062876,0.9277743387113778,0.9719971404511396
ar08_target_scale_narrow,0.8,1000,9,peer_nominal,0.999344,0.9778894472361809,269.7272836616482,283.32394894409646,0.8396635138062876,0.9277743387113778,0.9719971404511396
ar08_target_scale_narrow,0.8,1000,9,peer_shrunk_nominal,0.999324,0.9782914572864321,269.7272836616482,283.32394894409646,0.8396635138062876,0.9277743387113778,0.9719971404511396
ar08_target_scale_narrow,0.8,1000,9,peer_cov_ess,0.997328,0.9332663316582914,269.7272836616482,283.32394894409646,0.8396635138062876,0.9277743387113778,0.9719971404511396
ar08_target_scale_narrow,0.8,1000,9,adaptive_cov_ess,0.999324,0.9774874371859297,269.7272836616482,283.32394894409646,0.8396635138062876,0.9277743387113778,0.9719971404511396
ar08_target_scale_narrow,0.8,1000,9,adaptive_nominal,0.999528,0.9833165829145729,269.7272836616482,283.32394894409646,0.8396635138062876,0.9277743387113778,0.9719971404511396
ar08_target_scale_narrow,0.8,1000,9,adaptive_joint_nominal,0.999524,0.9841206030150753,269.7272836616482,283.32394894409646,0.8396635138062876,0.9277743387113778,0.9719971404511396
ar08_target_scale_narrow,0.8,1000,10,shared_oas,0.949632,0.7159798994974874,284.69309065161895,285.9954463860913,0.8501559482275762,0.947794064187061,0.9408357883190199
ar08_target_scale_narrow,0.8,1000,10,peer_nominal,0.949668,0.683819095477387,284.69309065161895,285.9954463860913,0.8501559482275762,0.947794064187061,0.9408357883190199
ar08_target_scale_narrow,0.8,1000,10,peer_shrunk_nominal,0.9495199999999999,0.6984924623115578,284.69309065161895,285.9954463860913,0.8501559482275762,0.947794064187061,0.9408357883190199
ar08_target_scale_narrow,0.8,1000,10,peer_cov_ess,0.927148,0.6164824120603015,284.69309065161895,285.9954463860913,0.8501559482275762,0.947794064187061,0.9408357883190199
ar08_target_scale_narrow,0.8,1000,10,adaptive_cov_ess,0.9440200000000001,0.6701507537688443,284.69309065161895,285.9954463860913,0.8501559482275762,0.947794064187061,0.9408357883190199
ar08_target_scale_narrow,0.8,1000,10,adaptive_nominal,0.953848,0.7009045226130654,284.69309065161895,285.9954463860913,0.8501559482275762,0.947794064187061,0.9408357883190199
ar08_target_scale_narrow,0.8,1000,10,adaptive_joint_nominal,0.9537840000000001,0.7139698492462312,284.69309065161895,285.9954463860913,0.8501559482275762,0.947794064187061,0.9408357883190199
ar08_target_scale_narrow,0.8,1000,11,shared_oas,0.991088,0.8653266331658291,268.05930745639256,294.6565443408971,0.8463061820868736,0.9490665850044764,0.9882112546065687
ar08_target_scale_narrow,0.8,1000,11,peer_nominal,0.999032,0.9764824120603015,268.05930745639256,294.6565443408971,0.8463061820868736,0.9490665850044764,0.9882112546065687
ar08_target_scale_narrow,0.8,1000,11,peer_shrunk_nominal,0.999048,0.976683417085427,268.05930745639256,294.6565443408971,0.8463061820868736,0.9490665850044764,0.9882112546065687
ar08_target_scale_narrow,0.8,1000,11,peer_cov_ess,0.996896,0.9318592964824121,268.05930745639256,294.6565443408971,0.8463061820868736,0.9490665850044764,0.9882112546065687
ar08_target_scale_narrow,0.8,1000,11,adaptive_cov_ess,0.998692,0.9680402010050251,268.05930745639256,294.6565443408971,0.8463061820868736,0.9490665850044764,0.9882112546065687
ar08_target_scale_narrow,0.8,1000,11,adaptive_nominal,0.9992519999999999,0.981105527638191,268.05930745639256,294.6565443408971,0.8463061820868736,0.9490665850044764,0.9882112546065687
ar08_target_scale_narrow,0.8,1000,11,adaptive_joint_nominal,0.9992639999999999,0.9809045226130653,268.05930745639256,294.6565443408971,0.8463061820868736,0.9490665850044764,0.9882112546065687
ar08_target_scale_narrow,0.8,1000,12,shared_oas,0.9506600000000001,0.7901507537688441,260.2502797560333,270.45659791650013,0.8350632819927535,0.9538831958251535,1.0156881117585344
ar08_target_scale_narrow,0.8,1000,12,peer_nominal,0.948224,0.7981909547738693,260.2502797560333,270.45659791650013,0.8350632819927535,0.9538831958251535,1.0156881117585344
ar08_target_scale_narrow,0.8,1000,12,peer_shrunk_nominal,0.948684,0.8010050251256282,260.2502797560333,270.45659791650013,0.8350632819927535,0.9538831958251535,1.0156881117585344
ar08_target_scale_narrow,0.8,1000,12,peer_cov_ess,0.9298759999999999,0.7439195979899498,260.2502797560333,270.45659791650013,0.8350632819927535,0.9538831958251535,1.0156881117585344
ar08_target_scale_narrow,0.8,1000,12,adaptive_cov_ess,0.948928,0.795175879396985,260.2502797560333,270.45659791650013,0.8350632819927535,0.9538831958251535,1.0156881117585344
ar08_target_scale_narrow,0.8,1000,12,adaptive_nominal,0.9521679999999999,0.8044221105527638,260.2502797560333,270.45659791650013,0.8350632819927535,0.9538831958251535,1.0156881117585344
ar08_target_scale_narrow,0.8,1000,12,adaptive_joint_nominal,0.9529,0.8094472361809045,260.2502797560333,270.45659791650013,0.8350632819927535,0.9538831958251535,1.0156881117585344
ar08_target_scale_narrow,0.8,1000,13,shared_oas,0.965664,0.7624120603015075,273.2390586804917,270.68872739538756,0.8309424537473746,0.9272618031774311,0.9700990882633485
ar08_target_scale_narrow,0.8,1000,13,peer_nominal,0.984296,0.8418090452261306,273.2390586804917,270.68872739538756,0.8309424537473746,0.9272618031774311,0.9700990882633485
ar08_target_scale_narrow,0.8,1000,13,peer_shrunk_nominal,0.982316,0.8311557788944723,273.2390586804917,270.68872739538756,0.8309424537473746,0.9272618031774311,0.9700990882633485
ar08_target_scale_narrow,0.8,1000,13,peer_cov_ess,0.970592,0.7595979899497487,273.2390586804917,270.68872739538756,0.8309424537473746,0.9272618031774311,0.9700990882633485
ar08_target_scale_narrow,0.8,1000,13,adaptive_cov_ess,0.985328,0.8395979899497488,273.2390586804917,270.68872739538756,0.8309424537473746,0.9272618031774311,0.9700990882633485
ar08_target_scale_narrow,0.8,1000,13,adaptive_nominal,0.9876199999999999,0.864321608040201,273.2390586804917,270.68872739538756,0.8309424537473746,0.9272618031774311,0.9700990882633485
ar08_target_scale_narrow,0.8,1000,13,adaptive_joint_nominal,0.986024,0.8568844221105527,273.2390586804917,270.68872739538756,0.8309424537473746,0.9272618031774311,0.9700990882633485
ar08_target_scale_narrow,0.8,1000,14,shared_oas,0.995864,0.9356783919597991,260.879841805171,276.59332223304085,0.825466587525246,0.9182914679685525,0.962870643697836
ar08_target_scale_narrow,0.8,1000,14,peer_nominal,0.9991,0.9786934673366834,260.879841805171,276.59332223304085,0.825466587525246,0.9182914679685525,0.962870643697836
ar08_target_scale_narrow,0.8,1000,14,peer_shrunk_nominal,0.9990760000000001,0.9792964824120602,260.879841805171,276.59332223304085,0.825466587525246,0.9182914679685525,0.962870643697836
ar08_target_scale_narrow,0.8,1000,14,peer_cov_ess,0.996908,0.9348743718592964,260.879841805171,276.59332223304085,0.825466587525246,0.9182914679685525,0.962870643697836
ar08_target_scale_narrow,0.8,1000,14,adaptive_cov_ess,0.999224,0.9813065326633166,260.879841805171,276.59332223304085,0.825466587525246,0.9182914679685525,0.962870643697836
ar08_target_scale_narrow,0.8,1000,14,adaptive_nominal,0.999324,0.9813065326633166,260.879841805171,276.59332223304085,0.825466587525246,0.9182914679685525,0.962870643697836
ar08_target_scale_narrow,0.8,1000,14,adaptive_joint_nominal,0.9993599999999999,0.9837185929648241,260.879841805171,276.59332223304085,0.825466587525246,0.9182914679685525,0.962870643697836
ar08_target_scale_narrow,0.8,1000,15,shared_oas,0.941424,0.708140703517588,265.46228145909566,287.59393812982563,0.8319757219076813,0.9465192302382052,0.9761189398931283
ar08_target_scale_narrow,0.8,1000,15,peer_nominal,0.9310240000000001,0.695678391959799,265.46228145909566,287.59393812982563,0.8319757219076813,0.9465192302382052,0.9761189398931283
ar08_target_scale_narrow,0.8,1000,15,peer_shrunk_nominal,0.9324720000000001,0.6954773869346733,265.46228145909566,287.59393812982563,0.8319757219076813,0.9465192302382052,0.9761189398931283
ar08_target_scale_narrow,0.8,1000,15,peer_cov_ess,0.91152,0.651859296482412,265.46228145909566,287.59393812982563,0.8319757219076813,0.9465192302382052,0.9761189398931283
ar08_target_scale_narrow,0.8,1000,15,adaptive_cov_ess,0.927712,0.6960804020100503,265.46228145909566,287.59393812982563,0.8319757219076813,0.9465192302382052,0.9761189398931283
ar08_target_scale_narrow,0.8,1000,15,adaptive_nominal,0.934732,0.7111557788944725,265.46228145909566,287.59393812982563,0.8319757219076813,0.9465192302382052,0.9761189398931283
ar08_target_scale_narrow,0.8,1000,15,adaptive_joint_nominal,0.9361679999999999,0.7085427135678392,265.46228145909566,287.59393812982563,0.8319757219076813,0.9465192302382052,0.9761189398931283
ar08_target_scale_narrow,0.8,1000,16,shared_oas,0.915896,0.6331658291457286,269.0515799225099,252.84201115852818,0.8459897389049389,0.9121108947544816,0.9667329415788696
ar08_target_scale_narrow,0.8,1000,16,peer_nominal,0.9284399999999999,0.6548743718592964,269.0515799225099,252.84201115852818,0.8459897389049389,0.9121108947544816,0.9667329415788696
ar08_target_scale_narrow,0.8,1000,16,peer_shrunk_nominal,0.92794,0.6500502512562814,269.0515799225099,252.84201115852818,0.8459897389049389,0.9121108947544816,0.9667329415788696
ar08_target_scale_narrow,0.8,1000,16,peer_cov_ess,0.9134599999999999,0.6233165829145728,269.0515799225099,252.84201115852818,0.8459897389049389,0.9121108947544816,0.9667329415788696
ar08_target_scale_narrow,0.8,1000,16,adaptive_cov_ess,0.9204239999999999,0.6381909547738693,269.0515799225099,252.84201115852818,0.8459897389049389,0.9121108947544816,0.9667329415788696
ar08_target_scale_narrow,0.8,1000,16,adaptive_nominal,0.9294880000000001,0.6454271356783919,269.0515799225099,252.84201115852818,0.8459897389049389,0.9121108947544816,0.9667329415788696
ar08_target_scale_narrow,0.8,1000,16,adaptive_joint_nominal,0.9288000000000001,0.6402010050251256,269.0515799225099,252.84201115852818,0.8459897389049389,0.9121108947544816,0.9667329415788696
ar08_target_scale_narrow,0.8,1000,17,shared_oas,0.96788,0.8100502512562814,264.4241660267607,255.81485609081182,0.8583238966952031,0.9398927636339925,0.9565200243199627
ar08_target_scale_narrow,0.8,1000,17,peer_nominal,0.979032,0.8548743718592965,264.4241660267607,255.81485609081182,0.8583238966952031,0.9398927636339925,0.9565200243199627
ar08_target_scale_narrow,0.8,1000,17,peer_shrunk_nominal,0.9780880000000001,0.8542713567839196,264.4241660267607,255.81485609081182,0.8583238966952031,0.9398927636339925,0.9565200243199627
ar08_target_scale_narrow,0.8,1000,17,peer_cov_ess,0.967628,0.7897487437185929,264.4241660267607,255.81485609081182,0.8583238966952031,0.9398927636339925,0.9565200243199627
ar08_target_scale_narrow,0.8,1000,17,adaptive_cov_ess,0.981192,0.8743718592964824,264.4241660267607,255.81485609081182,0.8583238966952031,0.9398927636339925,0.9565200243199627
ar08_target_scale_narrow,0.8,1000,17,adaptive_nominal,0.981896,0.8699497487437187,264.4241660267607,255.81485609081182,0.8583238966952031,0.9398927636339925,0.9565200243199627
ar08_target_scale_narrow,0.8,1000,17,adaptive_joint_nominal,0.9808,0.8653266331658291,264.4241660267607,255.81485609081182,0.8583238966952031,0.9398927636339925,0.9565200243199627
ar08_target_scale_narrow,0.8,1000,18,shared_oas,0.986612,0.8858291457286431,269.3638641200606,290.33737303755356,0.8576818927532508,0.917347544813608,0.9536186592133782
ar08_target_scale_narrow,0.8,1000,18,peer_nominal,0.988888,0.9007035175879398,269.3638641200606,290.33737303755356,0.8576818927532508,0.917347544813608,0.9536186592133782
ar08_target_scale_narrow,0.8,1000,18,peer_shrunk_nominal,0.9894240000000001,0.9047236180904523,269.3638641200606,290.33737303755356,0.8576818927532508,0.917347544813608,0.9536186592133782
ar08_target_scale_narrow,0.8,1000,18,peer_cov_ess,0.978372,0.844824120603015,269.3638641200606,290.33737303755356,0.8576818927532508,0.917347544813608,0.9536186592133782
ar08_target_scale_narrow,0.8,1000,18,adaptive_cov_ess,0.98612,0.8904522613065327,269.3638641200606,290.33737303755356,0.8576818927532508,0.917347544813608,0.9536186592133782
ar08_target_scale_narrow,0.8,1000,18,adaptive_nominal,0.989924,0.9013065326633165,269.3638641200606,290.33737303755356,0.8576818927532508,0.917347544813608,0.9536186592133782
ar08_target_scale_narrow,0.8,1000,18,adaptive_joint_nominal,0.990364,0.9061306532663317,269.3638641200606,290.33737303755356,0.8576818927532508,0.917347544813608,0.9536186592133782
ar08_target_scale_narrow,0.8,1000,19,shared_oas,0.994632,0.924824120603015,264.30011620700503,271.7485974280654,0.8596039119372515,0.9107034535260353,0.931796904917892
ar08_target_scale_narrow,0.8,1000,19,peer_nominal,0.994532,0.9312562814070352,264.30011620700503,271.7485974280654,0.8596039119372515,0.9107034535260353,0.931796904917892
ar08_target_scale_narrow,0.8,1000,19,peer_shrunk_nominal,0.9945919999999999,0.9286432160804021,264.30011620700503,271.7485974280654,0.8596039119372515,0.9107034535260353,0.931796904917892
ar08_target_scale_narrow,0.8,1000,19,peer_cov_ess,0.986188,0.8538693467336684,264.30011620700503,271.7485974280654,0.8596039119372515,0.9107034535260353,0.931796904917892
ar08_target_scale_narrow,0.8,1000,19,adaptive_cov_ess,0.9948199999999999,0.927035175879397,264.30011620700503,271.7485974280654,0.8596039119372515,0.9107034535260353,0.931796904917892
ar08_target_scale_narrow,0.8,1000,19,adaptive_nominal,0.995852,0.9495477386934674,264.30011620700503,271.7485974280654,0.8596039119372515,0.9107034535260353,0.931796904917892
ar08_target_scale_narrow,0.8,1000,19,adaptive_joint_nominal,0.9958400000000001,0.9465326633165829,264.30011620700503,271.7485974280654,0.8596039119372515,0.9107034535260353,0.931796904917892
ar08_target_scale_narrow,0.8,1000,20,shared_oas,0.996784,0.9107537688442211,264.20047236656893,274.1415247280471,0.7621996745330679,0.9394890481549387,0.9824170380891719
ar08_target_scale_narrow,0.8,1000,20,peer_nominal,0.995776,0.8914572864321608,264.20047236656893,274.1415247280471,0.7621996745330679,0.9394890481549387,0.9824170380891719
ar08_target_scale_narrow,0.8,1000,20,peer_shrunk_nominal,0.995592,0.8902512562814071,264.20047236656893,274.1415247280471,0.7621996745330679,0.9394890481549387,0.9824170380891719
ar08_target_scale_narrow,0.8,1000,20,peer_cov_ess,0.990924,0.8369849246231156,264.20047236656893,274.1415247280471,0.7621996745330679,0.9394890481549387,0.9824170380891719
ar08_target_scale_narrow,0.8,1000,20,adaptive_cov_ess,0.995244,0.8785929648241206,264.20047236656893,274.1415247280471,0.7621996745330679,0.9394890481549387,0.9824170380891719
ar08_target_scale_narrow,0.8,1000,20,adaptive_nominal,0.9964959999999999,0.9013065326633165,264.20047236656893,274.1415247280471,0.7621996745330679,0.9394890481549387,0.9824170380891719
ar08_target_scale_narrow,0.8,1000,20,adaptive_joint_nominal,0.9963879999999999,0.901105527638191,264.20047236656893,274.1415247280471,0.7621996745330679,0.9394890481549387,0.9824170380891719
ar08_target_scale_narrow,0.8,1000,21,shared_oas,0.978432,0.7622110552763819,271.0606500137109,281.96161982069066,0.8188599096268416,0.9117812347459995,0.9872306015347567
ar08_target_scale_narrow,0.8,1000,21,peer_nominal,0.9786840000000001,0.7825125628140703,271.0606500137109,281.96161982069066,0.8188599096268416,0.9117812347459995,0.9872306015347567
ar08_target_scale_narrow,0.8,1000,21,peer_shrunk_nominal,0.980696,0.7939698492462313,271.0606500137109,281.96161982069066,0.8188599096268416,0.9117812347459995,0.9872306015347567
ar08_target_scale_narrow,0.8,1000,21,peer_cov_ess,0.968236,0.7065326633165829,271.0606500137109,281.96161982069066,0.8188599096268416,0.9117812347459995,0.9872306015347567
ar08_target_scale_narrow,0.8,1000,21,adaptive_cov_ess,0.979556,0.7835175879396985,271.0606500137109,281.96161982069066,0.8188599096268416,0.9117812347459995,0.9872306015347567
ar08_target_scale_narrow,0.8,1000,21,adaptive_nominal,0.981244,0.7991959798994974,271.0606500137109,281.96161982069066,0.8188599096268416,0.9117812347459995,0.9872306015347567
ar08_target_scale_narrow,0.8,1000,21,adaptive_joint_nominal,0.9828399999999999,0.8084422110552764,271.0606500137109,281.96161982069066,0.8188599096268416,0.9117812347459995,0.9872306015347567
ar08_target_scale_narrow,0.8,1000,22,shared_oas,0.985528,0.8211055276381909,260.8917397854631,273.0563542294666,0.7997055402532285,0.9311635458336336,1.0053946179029047
ar08_target_scale_narrow,0.8,1000,22,peer_nominal,0.984464,0.8108542713567839,260.8917397854631,273.0563542294666,0.7997055402532285,0.9311635458336336,1.0053946179029047
ar08_target_scale_narrow,0.8,1000,22,peer_shrunk_nominal,0.984972,0.8221105527638191,260.8917397854631,273.0563542294666,0.7997055402532285,0.9311635458336336,1.0053946179029047
ar08_target_scale_narrow,0.8,1000,22,peer_cov_ess,0.976604,0.7656281407035176,260.8917397854631,273.0563542294666,0.7997055402532285,0.9311635458336336,1.0053946179029047
ar08_target_scale_narrow,0.8,1000,22,adaptive_cov_ess,0.983652,0.8076381909547738,260.8917397854631,273.0563542294666,0.7997055402532285,0.9311635458336336,1.0053946179029047
ar08_target_scale_narrow,0.8,1000,22,adaptive_nominal,0.9855079999999999,0.8168844221105528,260.8917397854631,273.0563542294666,0.7997055402532285,0.9311635458336336,1.0053946179029047
ar08_target_scale_narrow,0.8,1000,22,adaptive_joint_nominal,0.9858799999999999,0.8257286432160804,260.8917397854631,273.0563542294666,0.7997055402532285,0.9311635458336336,1.0053946179029047
ar08_target_scale_narrow,0.8,1000,23,shared_oas,0.87626,0.6116582914572865,276.34183771814116,288.82943900819924,0.8405626849168196,0.9331466003673206,0.9925025080612772
ar08_target_scale_narrow,0.8,1000,23,peer_nominal,0.870212,0.5967839195979899,276.34183771814116,288.82943900819924,0.8405626849168196,0.9331466003673206,0.9925025080612772
ar08_target_scale_narrow,0.8,1000,23,peer_shrunk_nominal,0.8782760000000001,0.6010050251256281,276.34183771814116,288.82943900819924,0.8405626849168196,0.9331466003673206,0.9925025080612772
ar08_target_scale_narrow,0.8,1000,23,peer_cov_ess,0.84796,0.5742713567839196,276.34183771814116,288.82943900819924,0.8405626849168196,0.9331466003673206,0.9925025080612772
ar08_target_scale_narrow,0.8,1000,23,adaptive_cov_ess,0.866536,0.5919597989949749,276.34183771814116,288.82943900819924,0.8405626849168196,0.9331466003673206,0.9925025080612772
ar08_target_scale_narrow,0.8,1000,23,adaptive_nominal,0.8742759999999999,0.6024120603015075,276.34183771814116,288.82943900819924,0.8405626849168196,0.9331466003673206,0.9925025080612772
ar08_target_scale_narrow,0.8,1000,23,adaptive_joint_nominal,0.8821880000000001,0.6030150753768844,276.34183771814116,288.82943900819924,0.8405626849168196,0.9331466003673206,0.9925025080612772
ar08_target_scale_narrow,0.8,1000,24,shared_oas,0.928432,0.6890452261306532,258.0486876147229,267.25058851304857,0.8433499584510298,0.9491932937722347,0.9980821278651293
ar08_target_scale_narrow,0.8,1000,24,peer_nominal,0.940068,0.725427135678392,258.0486876147229,267.25058851304857,0.8433499584510298,0.9491932937722347,0.9980821278651293
ar08_target_scale_narrow,0.8,1000,24,peer_shrunk_nominal,0.9435239999999999,0.7396984924623116,258.0486876147229,267.25058851304857,0.8433499584510298,0.9491932937722347,0.9980821278651293
ar08_target_scale_narrow,0.8,1000,24,peer_cov_ess,0.9246519999999999,0.6735678391959798,258.0486876147229,267.25058851304857,0.8433499584510298,0.9491932937722347,0.9980821278651293
ar08_target_scale_narrow,0.8,1000,24,adaptive_cov_ess,0.9308799999999999,0.7083417085427136,258.0486876147229,267.25058851304857,0.8433499584510298,0.9491932937722347,0.9980821278651293
ar08_target_scale_narrow,0.8,1000,24,adaptive_nominal,0.94068,0.7308542713567839,258.0486876147229,267.25058851304857,0.8433499584510298,0.9491932937722347,0.9980821278651293
ar08_target_scale_narrow,0.8,1000,24,adaptive_joint_nominal,0.944364,0.7421105527638191,258.0486876147229,267.25058851304857,0.8433499584510298,0.9491932937722347,0.9980821278651293
ar08_target_scale_narrow,0.8,1000,25,shared_oas,0.8869360000000001,0.5758793969849246,277.46237202582955,284.343047465377,0.8538279316770072,0.9438872729504886,0.9829294780681535
ar08_target_scale_narrow,0.8,1000,25,peer_nominal,0.8772599999999999,0.5817085427135679,277.46237202582955,284.343047465377,0.8538279316770072,0.9438872729504886,0.9829294780681535
ar08_target_scale_narrow,0.8,1000,25,peer_shrunk_nominal,0.8828119999999999,0.5825125628140704,277.46237202582955,284.343047465377,0.8538279316770072,0.9438872729504886,0.9829294780681535
ar08_target_scale_narrow,0.8,1000,25,peer_cov_ess,0.8561759999999999,0.5672361809045227,277.46237202582955,284.343047465377,0.8538279316770072,0.9438872729504886,0.9829294780681535
ar08_target_scale_narrow,0.8,1000,25,adaptive_cov_ess,0.8799719999999999,0.587537688442211,277.46237202582955,284.343047465377,0.8538279316770072,0.9438872729504886,0.9829294780681535
ar08_target_scale_narrow,0.8,1000,25,adaptive_nominal,0.8840359999999999,0.588140703517588,277.46237202582955,284.343047465377,0.8538279316770072,0.9438872729504886,0.9829294780681535
ar08_target_scale_narrow,0.8,1000,25,adaptive_joint_nominal,0.8892599999999999,0.5903517587939698,277.46237202582955,284.343047465377,0.8538279316770072,0.9438872729504886,0.9829294780681535
ar08_target_scale_narrow,0.8,1000,26,shared_oas,0.9088839999999999,0.6144723618090452,266.3176825648858,267.3583566592285,0.776149814017385,0.9197335164617295,0.9359341907979666
ar08_target_scale_narrow,0.8,1000,26,peer_nominal,0.9480399999999998,0.7095477386934673,266.3176825648858,267.3583566592285,0.776149814017385,0.9197335164617295,0.9359341907979666
ar08_target_scale_narrow,0.8,1000,26,peer_shrunk_nominal,0.9481359999999999,0.7083417085427136,266.3176825648858,267.3583566592285,0.776149814017385,0.9197335164617295,0.9359341907979666
ar08_target_scale_narrow,0.8,1000,26,peer_cov_ess,0.92774,0.661105527638191,266.3176825648858,267.3583566592285,0.776149814017385,0.9197335164617295,0.9359341907979666
ar08_target_scale_narrow,0.8,1000,26,adaptive_cov_ess,0.939448,0.6858291457286432,266.3176825648858,267.3583566592285,0.776149814017385,0.9197335164617295,0.9359341907979666
ar08_target_scale_narrow,0.8,1000,26,adaptive_nominal,0.950444,0.7157788944723618,266.3176825648858,267.3583566592285,0.776149814017385,0.9197335164617295,0.9359341907979666
ar08_target_scale_narrow,0.8,1000,26,adaptive_joint_nominal,0.9504239999999999,0.7135678391959799,266.3176825648858,267.3583566592285,0.776149814017385,0.9197335164617295,0.9359341907979666
ar08_target_scale_narrow,0.8,1000,27,shared_oas,0.999132,0.9581909547738693,282.7683899216707,290.8573219952219,0.8175813535844243,0.9369440519061588,0.9923306474779334
ar08_target_scale_narrow,0.8,1000,27,peer_nominal,0.999064,0.9569849246231155,282.7683899216707,290.8573219952219,0.8175813535844243,0.9369440519061588,0.9923306474779334
ar08_target_scale_narrow,0.8,1000,27,peer_shrunk_nominal,0.999204,0.9634170854271356,282.7683899216707,290.8573219952219,0.8175813535844243,0.9369440519061588,0.9923306474779334
ar08_target_scale_narrow,0.8,1000,27,peer_cov_ess,0.996792,0.864321608040201,282.7683899216707,290.8573219952219,0.8175813535844243,0.9369440519061588,0.9923306474779334
ar08_target_scale_narrow,0.8,1000,27,adaptive_cov_ess,0.998424,0.9272361809045225,282.7683899216707,290.8573219952219,0.8175813535844243,0.9369440519061588,0.9923306474779334
ar08_target_scale_narrow,0.8,1000,27,adaptive_nominal,0.99936,0.9706532663316583,282.7683899216707,290.8573219952219,0.8175813535844243,0.9369440519061588,0.9923306474779334
ar08_target_scale_narrow,0.8,1000,27,adaptive_joint_nominal,0.999416,0.9730653266331658,282.7683899216707,290.8573219952219,0.8175813535844243,0.9369440519061588,0.9923306474779334
ar08_target_scale_narrow,0.8,1000,28,shared_oas,0.999912,0.9959798994974874,257.3656869587639,281.1116451178344,0.8028557824681184,0.9157384647863698,1.0251697440998682
ar08_target_scale_narrow,0.8,1000,28,peer_nominal,0.99992,0.9965829145728643,257.3656869587639,281.1116451178344,0.8028557824681184,0.9157384647863698,1.0251697440998682
ar08_target_scale_narrow,0.8,1000,28,peer_shrunk_nominal,0.999904,0.9959798994974874,257.3656869587639,281.1116451178344,0.8028557824681184,0.9157384647863698,1.0251697440998682
ar08_target_scale_narrow,0.8,1000,28,peer_cov_ess,0.9992840000000001,0.9841206030150753,257.3656869587639,281.1116451178344,0.8028557824681184,0.9157384647863698,1.0251697440998682
ar08_target_scale_narrow,0.8,1000,28,adaptive_cov_ess,0.999916,0.9965829145728643,257.3656869587639,281.1116451178344,0.8028557824681184,0.9157384647863698,1.0251697440998682
ar08_target_scale_narrow,0.8,1000,28,adaptive_nominal,0.999972,0.9985929648241205,257.3656869587639,281.1116451178344,0.8028557824681184,0.9157384647863698,1.0251697440998682
ar08_target_scale_narrow,0.8,1000,28,adaptive_joint_nominal,0.99996,0.9979899497487437,257.3656869587639,281.1116451178344,0.8028557824681184,0.9157384647863698,1.0251697440998682
ar08_target_scale_narrow,0.8,1000,29,shared_oas,0.923048,0.6751758793969849,266.6051032865143,262.9658757970685,0.8141751184006021,0.934221572724393,0.9284066557846518
ar08_target_scale_narrow,0.8,1000,29,peer_nominal,0.9323759999999999,0.6924623115577889,266.6051032865143,262.9658757970685,0.8141751184006021,0.934221572724393,0.9284066557846518
ar08_target_scale_narrow,0.8,1000,29,peer_shrunk_nominal,0.93126,0.6898492462311558,266.6051032865143,262.9658757970685,0.8141751184006021,0.934221572724393,0.9284066557846518
ar08_target_scale_narrow,0.8,1000,29,peer_cov_ess,0.914436,0.6574874371859296,266.6051032865143,262.9658757970685,0.8141751184006021,0.934221572724393,0.9284066557846518
ar08_target_scale_narrow,0.8,1000,29,adaptive_cov_ess,0.9347719999999999,0.6884422110552764,266.6051032865143,262.9658757970685,0.8141751184006021,0.934221572724393,0.9284066557846518
ar08_target_scale_narrow,0.8,1000,29,adaptive_nominal,0.937172,0.6982914572864322,266.6051032865143,262.9658757970685,0.8141751184006021,0.934221572724393,0.9284066557846518
ar08_target_scale_narrow,0.8,1000,29,adaptive_joint_nominal,0.9357159999999999,0.6958793969849246,266.6051032865143,262.9658757970685,0.8141751184006021,0.934221572724393,0.9284066557846518
ar08_target_scale_narrow,0.8,1000,30,shared_oas,0.964388,0.7435175879396985,272.78342679129923,297.4047277614253,0.8450863527834993,0.9313003649782943,1.0641398443119543
ar08_target_scale_narrow,0.8,1000,30,peer_nominal,0.971824,0.7648241206030151,272.78342679129923,297.4047277614253,0.8450863527834993,0.9313003649782943,1.0641398443119543
ar08_target_scale_narrow,0.8,1000,30,peer_shrunk_nominal,0.970916,0.7626130653266332,272.78342679129923,297.4047277614253,0.8450863527834993,0.9313003649782943,1.0641398443119543
ar08_target_scale_narrow,0.8,1000,30,peer_cov_ess,0.953664,0.6898492462311558,272.78342679129923,297.4047277614253,0.8450863527834993,0.9313003649782943,1.0641398443119543
ar08_target_scale_narrow,0.8,1000,30,adaptive_cov_ess,0.9734280000000001,0.7784924623115578,272.78342679129923,297.4047277614253,0.8450863527834993,0.9313003649782943,1.0641398443119543
ar08_target_scale_narrow,0.8,1000,30,adaptive_nominal,0.976384,0.7959798994974874,272.78342679129923,297.4047277614253,0.8450863527834993,0.9313003649782943,1.0641398443119543
ar08_target_scale_narrow,0.8,1000,30,adaptive_joint_nominal,0.9756360000000001,0.7947738693467337,272.78342679129923,297.4047277614253,0.8450863527834993,0.9313003649782943,1.0641398443119543
ar08_target_scale_narrow,0.8,1000,31,shared_oas,0.996756,0.9561809045226131,274.3641874841964,292.958151728213,0.8194375523464935,0.948165042001815,0.949622893430571
ar08_target_scale_narrow,0.8,1000,31,peer_nominal,0.9964759999999999,0.9467336683417085,274.3641874841964,292.958151728213,0.8194375523464935,0.948165042001815,0.949622893430571
ar08_target_scale_narrow,0.8,1000,31,peer_shrunk_nominal,0.996632,0.9521608040201005,274.3641874841964,292.958151728213,0.8194375523464935,0.948165042001815,0.949622893430571
ar08_target_scale_narrow,0.8,1000,31,peer_cov_ess,0.992756,0.8960804020100502,274.3641874841964,292.958151728213,0.8194375523464935,0.948165042001815,0.949622893430571
ar08_target_scale_narrow,0.8,1000,31,adaptive_cov_ess,0.996736,0.9501507537688443,274.3641874841964,292.958151728213,0.8194375523464935,0.948165042001815,0.949622893430571
ar08_target_scale_narrow,0.8,1000,31,adaptive_nominal,0.997236,0.9575879396984924,274.3641874841964,292.958151728213,0.8194375523464935,0.948165042001815,0.949622893430571
ar08_target_scale_narrow,0.8,1000,31,adaptive_joint_nominal,0.997352,0.9606030150753768,274.3641874841964,292.958151728213,0.8194375523464935,0.948165042001815,0.949622893430571
ar08_target_scale_narrow,0.8,1000,32,shared_oas,0.9878720000000001,0.8,272.6523604137984,269.7208596707369,0.8473028557751149,0.9215414982693588,0.9257974997196512
ar08_target_scale_narrow,0.8,1000,32,peer_nominal,0.994776,0.844824120603015,272.6523604137984,269.7208596707369,0.8473028557751149,0.9215414982693588,0.9257974997196512
ar08_target_scale_narrow,0.8,1000,32,peer_shrunk_nominal,0.99446,0.8434170854271357,272.6523604137984,269.7208596707369,0.8473028557751149,0.9215414982693588,0.9257974997196512
ar08_target_scale_narrow,0.8,1000,32,peer_cov_ess,0.988364,0.7401005025125629,272.6523604137984,269.7208596707369,0.8473028557751149,0.9215414982693588,0.9257974997196512
ar08_target_scale_narrow,0.8,1000,32,adaptive_cov_ess,0.99428,0.8293467336683417,272.6523604137984,269.7208596707369,0.8473028557751149,0.9215414982693588,0.9257974997196512
ar08_target_scale_narrow,0.8,1000,32,adaptive_nominal,0.9959600000000001,0.8711557788944724,272.6523604137984,269.7208596707369,0.8473028557751149,0.9215414982693588,0.9257974997196512
ar08_target_scale_narrow,0.8,1000,32,adaptive_joint_nominal,0.9957320000000001,0.8695477386934674,272.6523604137984,269.7208596707369,0.8473028557751149,0.9215414982693588,0.9257974997196512
ar08_target_scale_narrow,0.8,1000,33,shared_oas,0.994104,0.9417085427135679,277.30386958507927,282.61505771746204,0.824236227238174,0.9478623099425159,0.9606302217001841
ar08_target_scale_narrow,0.8,1000,33,peer_nominal,0.993428,0.9398994974874373,277.30386958507927,282.61505771746204,0.824236227238174,0.9478623099425159,0.9606302217001841
ar08_target_scale_narrow,0.8,1000,33,peer_shrunk_nominal,0.993536,0.9398994974874373,277.30386958507927,282.61505771746204,0.824236227238174,0.9478623099425159,0.9606302217001841
ar08_target_scale_narrow,0.8,1000,33,peer_cov_ess,0.986596,0.8856281407035176,277.30386958507927,282.61505771746204,0.824236227238174,0.9478623099425159,0.9606302217001841
ar08_target_scale_narrow,0.8,1000,33,adaptive_cov_ess,0.992264,0.9280402010050252,277.30386958507927,282.61505771746204,0.824236227238174,0.9478623099425159,0.9606302217001841
ar08_target_scale_narrow,0.8,1000,33,adaptive_nominal,0.9943679999999999,0.9485427135678391,277.30386958507927,282.61505771746204,0.824236227238174,0.9478623099425159,0.9606302217001841
ar08_target_scale_narrow,0.8,1000,33,adaptive_joint_nominal,0.994428,0.9477386934673367,277.30386958507927,282.61505771746204,0.824236227238174,0.9478623099425159,0.9606302217001841
ar08_target_scale_narrow,0.8,1000,34,shared_oas,0.99586,0.9314572864321609,264.25366709782367,283.307991662777,0.8353564295188152,0.9351728245442616,0.9801533527644484
ar08_target_scale_narrow,0.8,1000,34,peer_nominal,0.995692,0.927035175879397,264.25366709782367,283.307991662777,0.8353564295188152,0.9351728245442616,0.9801533527644484
ar08_target_scale_narrow,0.8,1000,34,peer_shrunk_nominal,0.995668,0.9254271356783921,264.25366709782367,283.307991662777,0.8353564295188152,0.9351728245442616,0.9801533527644484
ar08_target_scale_narrow,0.8,1000,34,peer_cov_ess,0.9906159999999999,0.8526633165829145,264.25366709782367,283.307991662777,0.8353564295188152,0.9351728245442616,0.9801533527644484
ar08_target_scale_narrow,0.8,1000,34,adaptive_cov_ess,0.993972,0.9021105527638191,264.25366709782367,283.307991662777,0.8353564295188152,0.9351728245442616,0.9801533527644484
ar08_target_scale_narrow,0.8,1000,34,adaptive_nominal,0.9960800000000001,0.9342713567839196,264.25366709782367,283.307991662777,0.8353564295188152,0.9351728245442616,0.9801533527644484
ar08_target_scale_narrow,0.8,1000,34,adaptive_joint_nominal,0.996024,0.9340703517587939,264.25366709782367,283.307991662777,0.8353564295188152,0.9351728245442616,0.9801533527644484
ar08_target_scale_narrow,0.8,1000,35,shared_oas,0.989524,0.8950753768844221,268.41875226580316,279.43560521067036,0.8271019713909425,0.9447082005205811,0.9550113841805667
ar08_target_scale_narrow,0.8,1000,35,peer_nominal,0.991012,0.9057286432160805,268.41875226580316,279.43560521067036,0.8271019713909425,0.9447082005205811,0.9550113841805667
ar08_target_scale_narrow,0.8,1000,35,peer_shrunk_nominal,0.9905599999999999,0.9015075376884423,268.41875226580316,279.43560521067036,0.8271019713909425,0.9447082005205811,0.9550113841805667
ar08_target_scale_narrow,0.8,1000,35,peer_cov_ess,0.985232,0.8474371859296483,268.41875226580316,279.43560521067036,0.8271019713909425,0.9447082005205811,0.9550113841805667
ar08_target_scale_narrow,0.8,1000,35,adaptive_cov_ess,0.99018,0.8976884422110554,268.41875226580316,279.43560521067036,0.8271019713909425,0.9447082005205811,0.9550113841805667
ar08_target_scale_narrow,0.8,1000,35,adaptive_nominal,0.99186,0.9187939698492462,268.41875226580316,279.43560521067036,0.8271019713909425,0.9447082005205811,0.9550113841805667
ar08_target_scale_narrow,0.8,1000,35,adaptive_joint_nominal,0.991524,0.9131658291457286,268.41875226580316,279.43560521067036,0.8271019713909425,0.9447082005205811,0.9550113841805667
ar08_target_scale_narrow,0.8,1000,36,shared_oas,0.988932,0.8860301507537688,277.4849500692338,271.4643146168538,0.8031830814709278,0.9385094621865522,0.9481441492044482
ar08_target_scale_narrow,0.8,1000,36,peer_nominal,0.9955559999999999,0.9332663316582914,277.4849500692338,271.4643146168538,0.8031830814709278,0.9385094621865522,0.9481441492044482
ar08_target_scale_narrow,0.8,1000,36,peer_shrunk_nominal,0.995712,0.9344723618090452,277.4849500692338,271.4643146168538,0.8031830814709278,0.9385094621865522,0.9481441492044482
ar08_target_scale_narrow,0.8,1000,36,peer_cov_ess,0.988084,0.8637185929648241,277.4849500692338,271.4643146168538,0.8031830814709278,0.9385094621865522,0.9481441492044482
ar08_target_scale_narrow,0.8,1000,36,adaptive_cov_ess,0.994192,0.9151758793969849,277.4849500692338,271.4643146168538,0.8031830814709278,0.9385094621865522,0.9481441492044482
ar08_target_scale_narrow,0.8,1000,36,adaptive_nominal,0.996584,0.9485427135678391,277.4849500692338,271.4643146168538,0.8031830814709278,0.9385094621865522,0.9481441492044482
ar08_target_scale_narrow,0.8,1000,36,adaptive_joint_nominal,0.996764,0.9503517587939698,277.4849500692338,271.4643146168538,0.8031830814709278,0.9385094621865522,0.9481441492044482
ar08_target_scale_narrow,0.8,1000,37,shared_oas,0.956796,0.7009045226130654,267.1840322417453,279.7249788050635,0.8016819318570804,0.929084368540156,0.9889555306322555
ar08_target_scale_narrow,0.8,1000,37,peer_nominal,0.96072,0.7181909547738694,267.1840322417453,279.7249788050635,0.8016819318570804,0.929084368540156,0.9889555306322555
ar08_target_scale_narrow,0.8,1000,37,peer_shrunk_nominal,0.9621560000000001,0.7320603015075378,267.1840322417453,279.7249788050635,0.8016819318570804,0.929084368540156,0.9889555306322555
ar08_target_scale_narrow,0.8,1000,37,peer_cov_ess,0.945032,0.651859296482412,267.1840322417453,279.7249788050635,0.8016819318570804,0.929084368540156,0.9889555306322555
ar08_target_scale_narrow,0.8,1000,37,adaptive_cov_ess,0.9591999999999998,0.7163819095477387,267.1840322417453,279.7249788050635,0.8016819318570804,0.929084368540156,0.9889555306322555
ar08_target_scale_narrow,0.8,1000,37,adaptive_nominal,0.963304,0.732462311557789,267.1840322417453,279.7249788050635,0.8016819318570804,0.929084368540156,0.9889555306322555
ar08_target_scale_narrow,0.8,1000,37,adaptive_joint_nominal,0.9643559999999999,0.7433165829145729,267.1840322417453,279.7249788050635,0.8016819318570804,0.929084368540156,0.9889555306322555
ar08_target_scale_narrow,0.8,1000,38,shared_oas,0.997208,0.9294472361809045,266.6734571324783,294.58760396051,0.8138228449447829,0.9342314105030844,0.9721113535289898
ar08_target_scale_narrow,0.8,1000,38,peer_nominal,0.996588,0.9220100502512563,266.6734571324783,294.58760396051,0.8138228449447829,0.9342314105030844,0.9721113535289898
ar08_target_scale_narrow,0.8,1000,38,peer_shrunk_nominal,0.996528,0.9197989949748744,266.6734571324783,294.58760396051,0.8138228449447829,0.9342314105030844,0.9721113535289898
ar08_target_scale_narrow,0.8,1000,38,peer_cov_ess,0.992048,0.8526633165829146,266.6734571324783,294.58760396051,0.8138228449447829,0.9342314105030844,0.9721113535289898
ar08_target_scale_narrow,0.8,1000,38,adaptive_cov_ess,0.99524,0.9003015075376885,266.6734571324783,294.58760396051,0.8138228449447829,0.9342314105030844,0.9721113535289898
ar08_target_scale_narrow,0.8,1000,38,adaptive_nominal,0.997012,0.9318592964824121,266.6734571324783,294.58760396051,0.8138228449447829,0.9342314105030844,0.9721113535289898
ar08_target_scale_narrow,0.8,1000,38,adaptive_joint_nominal,0.996948,0.9294472361809045,266.6734571324783,294.58760396051,0.8138228449447829,0.9342314105030844,0.9721113535289898
ar08_target_scale_narrow,0.8,1000,39,shared_oas,0.999864,0.9971859296482413,262.14639110853443,263.2826324026582,0.8008216896784992,0.9480527197221289,0.9201292751662775
ar08_target_scale_narrow,0.8,1000,39,peer_nominal,0.9998079999999999,0.99678391959799,262.14639110853443,263.2826324026582,0.8008216896784992,0.9480527197221289,0.9201292751662775
ar08_target_scale_narrow,0.8,1000,39,peer_shrunk_nominal,0.9998079999999999,0.9969849246231156,262.14639110853443,263.2826324026582,0.8008216896784992,0.9480527197221289,0.9201292751662775
ar08_target_scale_narrow,0.8,1000,39,peer_cov_ess,0.999284,0.9909547738693467,262.14639110853443,263.2826324026582,0.8008216896784992,0.9480527197221289,0.9201292751662775
ar08_target_scale_narrow,0.8,1000,39,adaptive_cov_ess,0.999792,0.9979899497487437,262.14639110853443,263.2826324026582,0.8008216896784992,0.9480527197221289,0.9201292751662775
ar08_target_scale_narrow,0.8,1000,39,adaptive_nominal,0.999864,0.9979899497487437,262.14639110853443,263.2826324026582,0.8008216896784992,0.9480527197221289,0.9201292751662775
ar08_target_scale_narrow,0.8,1000,39,adaptive_joint_nominal,0.999868,0.9975879396984925,262.14639110853443,263.2826324026582,0.8008216896784992,0.9480527197221289,0.9201292751662775
