device,support_n,replicate,offset,method,auroc,spauc01,fpr,tpr
Danmini_Doorbell,30,0,23162,local,0.96228876,0.6608261306532663,0.0892,1.0
Danmini_Doorbell,30,0,23162,peer_scale_local_center,0.9991859200000001,0.9590914572864322,0.1958,1.0
Danmini_Doorbell,30,0,23162,shared_marginals,0.99920156,0.9598773869346734,0.2292,1.0
Danmini_Doorbell,30,0,23162,diagonal_eb,0.9619582,0.7151618090452261,0.137,1.0
Danmini_Doorbell,30,0,23162,multiscale_gaussian,0.9634008,0.6663437185929648,0.1528,1.0
Danmini_Doorbell,30,0,23162,multiscale_t,0.9628979599999999,0.6768341708542713,0.1118,1.0
Danmini_Doorbell,30,1,23634,local,0.99042004,0.5300884422110553,0.0012,0.0008
Danmini_Doorbell,30,1,23634,peer_scale_local_center,0.99891588,0.945521608040201,0.0126,1.0
Danmini_Doorbell,30,1,23634,shared_marginals,0.9989570799999999,0.9475919597989949,0.0248,1.0
Danmini_Doorbell,30,1,23634,diagonal_eb,0.9905332,0.524862311557789,0.0024,0.001
Danmini_Doorbell,30,1,23634,multiscale_gaussian,0.99102992,0.5492582914572864,0.0006,0.0008
Danmini_Doorbell,30,1,23634,multiscale_t,0.9904807600000001,0.5307417085427135,0.0014,0.0008
Danmini_Doorbell,30,2,30473,local,0.9736810800000001,0.5058572864321608,0.0106,0.0572
Danmini_Doorbell,30,2,30473,peer_scale_local_center,0.9990817200000001,0.9538552763819095,0.1898,1.0
Danmini_Doorbell,30,2,30473,shared_marginals,0.9989875199999999,0.949121608040201,0.2222,1.0
Danmini_Doorbell,30,2,30473,diagonal_eb,0.9737002,0.5118773869346733,0.0256,0.4572
Danmini_Doorbell,30,2,30473,multiscale_gaussian,0.9739876399999999,0.5125809045226131,0.0366,0.459
Danmini_Doorbell,30,2,30473,multiscale_t,0.9737133200000001,0.5075959798994975,0.012,0.2648
Danmini_Doorbell,30,3,15034,local,0.9868292,0.497843216080402,0.0102,0.0008
Danmini_Doorbell,30,3,15034,peer_scale_local_center,0.99897748,0.9486170854271356,0.2082,1.0
Danmini_Doorbell,30,3,15034,shared_marginals,0.9992979200000001,0.9647195979899498,0.2888,1.0
Danmini_Doorbell,30,3,15034,diagonal_eb,0.9862648,0.49784522613065324,0.0102,0.0008
Danmini_Doorbell,30,3,15034,multiscale_gaussian,0.98778456,0.4978532663316583,0.0096,0.0008
Danmini_Doorbell,30,3,15034,multiscale_t,0.9869644,0.49784723618090454,0.0102,0.0008
Danmini_Doorbell,30,4,28171,local,0.99112612,0.5541668341708542,0.0088,0.0004
Danmini_Doorbell,30,4,28171,peer_scale_local_center,0.9996155600000001,0.9806814070351759,0.082,1.0
Danmini_Doorbell,30,4,28171,shared_marginals,0.99960832,0.9803175879396985,0.0902,1.0
Danmini_Doorbell,30,4,28171,diagonal_eb,0.99115492,0.5555256281407035,0.0086,0.0004
Danmini_Doorbell,30,4,28171,multiscale_gaussian,0.99116052,0.5558050251256281,0.0088,0.0004
Danmini_Doorbell,30,4,28171,multiscale_t,0.9911405600000001,0.5548683417085427,0.0088,0.0004
Danmini_Doorbell,30,5,10668,local,0.9706796,0.6073326633165829,0.0368,0.4924
Danmini_Doorbell,30,5,10668,peer_scale_local_center,0.99923136,0.9613748743718593,0.1196,1.0
Danmini_Doorbell,30,5,10668,shared_marginals,0.9992138,0.9604924623115578,0.122,1.0
Danmini_Doorbell,30,5,10668,diagonal_eb,0.9720229999999999,0.7126211055276381,0.045,0.5208
Danmini_Doorbell,30,5,10668,multiscale_gaussian,0.97404252,0.6418552763819095,0.0528,1.0
Danmini_Doorbell,30,5,10668,multiscale_t,0.97094848,0.6144241206030151,0.0386,0.5208
Danmini_Doorbell,30,6,10543,local,0.96424236,0.6539276381909548,0.0574,0.5132
Danmini_Doorbell,30,6,10543,peer_scale_local_center,0.9992382,0.9617185929648242,0.1958,1.0
Danmini_Doorbell,30,6,10543,shared_marginals,0.9992359199999999,0.9616040201005025,0.2206,1.0
Danmini_Doorbell,30,6,10543,diagonal_eb,0.96503244,0.713827135678392,0.06,0.5132
Danmini_Doorbell,30,6,10543,multiscale_gaussian,0.96678344,0.6542793969849247,0.0622,0.7556
Danmini_Doorbell,30,6,10543,multiscale_t,0.9645834400000001,0.6559819095477387,0.0576,0.5132
Danmini_Doorbell,30,7,26287,local,0.97319572,0.627937688442211,0.0074,0.4622
Danmini_Doorbell,30,7,26287,peer_scale_local_center,0.99935428,0.9675517587939698,0.0746,1.0
Danmini_Doorbell,30,7,26287,shared_marginals,0.99930496,0.9650733668341709,0.1152,1.0
Danmini_Doorbell,30,7,26287,diagonal_eb,0.977091,0.7201829145728643,0.0138,0.4626
Danmini_Doorbell,30,7,26287,multiscale_gaussian,0.97572052,0.6542854271356784,0.0348,0.4638
Danmini_Doorbell,30,7,26287,multiscale_t,0.974187,0.6318633165829146,0.0078,0.4622
Danmini_Doorbell,100,0,11553,local,0.99505252,0.7513929648241207,0.0044,0.0008
Danmini_Doorbell,100,0,11553,peer_scale_local_center,0.99937868,0.9687778894472362,0.0594,1.0
Danmini_Doorbell,100,0,11553,shared_marginals,0.99921764,0.9606854271356784,0.061,1.0
Danmini_Doorbell,100,0,11553,diagonal_eb,0.99518856,0.7582190954773869,0.004,0.0008
Danmini_Doorbell,100,0,11553,multiscale_gaussian,0.99520244,0.7589165829145729,0.0034,0.0008
Danmini_Doorbell,100,0,11553,multiscale_t,0.99506328,0.7519316582914572,0.004,0.0008
Danmini_Doorbell,100,1,7863,local,0.99205052,0.6008723618090452,0.0058,0.0006
Danmini_Doorbell,100,1,7863,peer_scale_local_center,0.9992424400000001,0.9619316582914573,0.0446,1.0
Danmini_Doorbell,100,1,7863,shared_marginals,0.99899116,0.9493045226130654,0.0518,1.0
Danmini_Doorbell,100,1,7863,diagonal_eb,0.99204692,0.6005206030150754,0.0058,0.0006
Danmini_Doorbell,100,1,7863,multiscale_gaussian,0.99207532,0.601913567839196,0.0054,0.0006
Danmini_Doorbell,100,1,7863,multiscale_t,0.9920508,0.600870351758794,0.0058,0.0006
Danmini_Doorbell,100,2,21847,local,0.9868928,0.4978894472361809,0.0122,0.0012
Danmini_Doorbell,100,2,21847,peer_scale_local_center,0.99954536,0.9771537688442211,0.1104,1.0
Danmini_Doorbell,100,2,21847,shared_marginals,0.99951104,0.9754291457286433,0.1184,1.0
Danmini_Doorbell,100,2,21847,diagonal_eb,0.98677552,0.4978894472361809,0.0124,0.0012
Danmini_Doorbell,100,2,21847,multiscale_gaussian,0.9871216,0.4978894472361809,0.0118,0.0012
Danmini_Doorbell,100,2,21847,multiscale_t,0.98688984,0.4978894472361809,0.0122,0.0012
Danmini_Doorbell,100,3,7595,local,0.98832044,0.49778894472361807,0.0096,0.0008
Danmini_Doorbell,100,3,7595,peer_scale_local_center,0.9994524,0.9724824120603015,0.1098,1.0
Danmini_Doorbell,100,3,7595,shared_marginals,0.99946676,0.9732040201005026,0.134,1.0
Danmini_Doorbell,100,3,7595,diagonal_eb,0.98826008,0.4977849246231156,0.0102,0.0008
Danmini_Doorbell,100,3,7595,multiscale_gaussian,0.9883221999999999,0.4977869346733668,0.0108,0.0008
Danmini_Doorbell,100,3,7595,multiscale_t,0.988321,0.4977869346733668,0.0096,0.0008
Danmini_Doorbell,100,4,19236,local,0.97373344,0.5091638190954774,0.0096,0.052
Danmini_Doorbell,100,4,19236,peer_scale_local_center,0.9997058,0.98521608040201,0.111,1.0
Danmini_Doorbell,100,4,19236,shared_marginals,0.99970748,0.9853005025125628,0.1464,1.0
Danmini_Doorbell,100,4,19236,diagonal_eb,0.97377368,0.5121447236180905,0.0208,0.052
Danmini_Doorbell,100,4,19236,multiscale_gaussian,0.9738005200000001,0.5142713567839196,0.0254,0.0532
Danmini_Doorbell,100,4,19236,multiscale_t,0.9737410799999999,0.5095316582914573,0.0206,0.052
Danmini_Doorbell,100,5,30838,local,0.9621854,0.7252663316582915,0.0002,0.0004
Danmini_Doorbell,100,5,30838,peer_scale_local_center,0.9662671999999999,0.8967557788944723,0.0,0.0
Danmini_Doorbell,100,5,30838,shared_marginals,0.97157916,0.8963758793969849,0.0,0.1788
Danmini_Doorbell,100,5,30838,diagonal_eb,0.96338552,0.7261768844221106,0.0002,0.0004
Danmini_Doorbell,100,5,30838,multiscale_gaussian,0.96373016,0.7276562814070352,0.0002,0.0004
Danmini_Doorbell,100,5,30838,multiscale_t,0.96229996,0.7250834170854271,0.0002,0.0004
Danmini_Doorbell,100,6,22484,local,0.99221788,0.609270351758794,0.0054,0.0006
Danmini_Doorbell,100,6,22484,peer_scale_local_center,0.9987273600000001,0.9360522613065326,0.045,1.0
Danmini_Doorbell,100,6,22484,shared_marginals,0.9987324,0.9363015075376885,0.0554,1.0
Danmini_Doorbell,100,6,22484,diagonal_eb,0.99223128,0.6098211055276381,0.005,0.0008
Danmini_Doorbell,100,6,22484,multiscale_gaussian,0.99248748,0.6226954773869346,0.0048,0.0006
Danmini_Doorbell,100,6,22484,multiscale_t,0.99222048,0.6093909547738694,0.005,0.0006
Danmini_Doorbell,100,7,12235,local,0.99961616,0.9807115577889447,0.0,0.0
Danmini_Doorbell,100,7,12235,peer_scale_local_center,0.99848144,0.9236904522613065,0.0,0.4524
Danmini_Doorbell,100,7,12235,shared_marginals,0.9986950400000001,0.934424120603015,0.0,0.4916
Danmini_Doorbell,100,7,12235,diagonal_eb,0.99968184,0.9840120603015076,0.0,0.0
Danmini_Doorbell,100,7,12235,multiscale_gaussian,0.99966764,0.9832984924623116,0.0,0.0
Danmini_Doorbell,100,7,12235,multiscale_t,0.9996168799999999,0.9807477386934673,0.0,0.0
Danmini_Doorbell,300,0,25993,local,0.99426368,0.7120643216080402,0.0712,1.0
Danmini_Doorbell,300,0,25993,peer_scale_local_center,0.99849112,0.9244120603015076,0.1234,1.0
Danmini_Doorbell,300,0,25993,shared_marginals,0.99875972,0.9376743718592965,0.1216,1.0
Danmini_Doorbell,300,0,25993,diagonal_eb,0.99427632,0.7125005025125628,0.079,1.0
Danmini_Doorbell,300,0,25993,multiscale_gaussian,0.99427908,0.7128482412060302,0.0758,1.0
Danmini_Doorbell,300,0,25993,multiscale_t,0.99426584,0.7121829145728643,0.0722,1.0
Danmini_Doorbell,300,1,15525,local,0.99540756,0.7693266331658292,0.1066,1.0
Danmini_Doorbell,300,1,15525,peer_scale_local_center,0.9986700799999999,0.9333065326633166,0.106,1.0
Danmini_Doorbell,300,1,15525,shared_marginals,0.99888692,0.9440663316582916,0.1026,1.0
Danmini_Doorbell,300,1,15525,diagonal_eb,0.99540476,0.7690994974874372,0.1064,1.0
Danmini_Doorbell,300,1,15525,multiscale_gaussian,0.99541424,0.7696281407035176,0.1054,1.0
Danmini_Doorbell,300,1,15525,multiscale_t,0.99540852,0.7693688442211055,0.1066,1.0
Danmini_Doorbell,300,2,32124,local,0.9916512,0.5807839195979899,0.1594,1.0
Danmini_Doorbell,300,2,32124,peer_scale_local_center,0.99922496,0.9610532663316582,0.1372,1.0
Danmini_Doorbell,300,2,32124,shared_marginals,0.99922492,0.9610512562814071,0.1448,1.0
Danmini_Doorbell,300,2,32124,diagonal_eb,0.99162136,0.5791979899497488,0.1578,1.0
Danmini_Doorbell,300,2,32124,multiscale_gaussian,0.9916273200000001,0.5794934673366834,0.1596,1.0
Danmini_Doorbell,300,2,32124,multiscale_t,0.9916509600000001,0.5807698492462311,0.1594,1.0
Danmini_Doorbell,300,3,29621,local,0.9911804799999999,0.556808040201005,0.1436,1.0
Danmini_Doorbell,300,3,29621,peer_scale_local_center,0.9993042000000001,0.9650351758793969,0.165,1.0
Danmini_Doorbell,300,3,29621,shared_marginals,0.99928088,0.9638633165829146,0.1544,1.0
Danmini_Doorbell,300,3,29621,diagonal_eb,0.99118416,0.5569929648241206,0.1494,1.0
Danmini_Doorbell,300,3,29621,multiscale_gaussian,0.99118836,0.5572040201005025,0.144,1.0
Danmini_Doorbell,300,3,29621,multiscale_t,0.9911806799999999,0.5568180904522613,0.1434,1.0
Danmini_Doorbell,300,4,7730,local,0.9937606,0.6867718592964824,0.0622,1.0
Danmini_Doorbell,300,4,7730,peer_scale_local_center,0.99947436,0.9735859296482412,0.068,1.0
Danmini_Doorbell,300,4,7730,shared_marginals,0.99946904,0.973318592964824,0.0704,1.0
Danmini_Doorbell,300,4,7730,diagonal_eb,0.99377292,0.6871517587939698,0.0586,1.0
Danmini_Doorbell,300,4,7730,multiscale_gaussian,0.99377848,0.6874994974874372,0.0618,1.0
Danmini_Doorbell,300,4,7730,multiscale_t,0.9937614800000001,0.6868040201005026,0.0622,1.0
Danmini_Doorbell,300,5,9935,local,0.99361852,0.6793587939698492,0.0504,1.0
Danmini_Doorbell,300,5,9935,peer_scale_local_center,0.99952072,0.9759155778894473,0.0654,1.0
Danmini_Doorbell,300,5,9935,shared_marginals,0.999636,0.9817085427135679,0.0698,1.0
Danmini_Doorbell,300,5,9935,diagonal_eb,0.99358928,0.6778773869346734,0.0524,1.0
Danmini_Doorbell,300,5,9935,multiscale_gaussian,0.99364288,0.6805708542713568,0.0528,1.0
Danmini_Doorbell,300,5,9935,multiscale_t,0.99361856,0.6793608040201005,0.0504,1.0
Danmini_Doorbell,300,6,5962,local,0.99487232,0.7423577889447236,0.0702,1.0
Danmini_Doorbell,300,6,5962,peer_scale_local_center,0.9989846,0.9490170854271357,0.0974,1.0
Danmini_Doorbell,300,6,5962,shared_marginals,0.9986574,0.9325326633165829,0.0994,1.0
Danmini_Doorbell,300,6,5962,diagonal_eb,0.9948878,0.7431055276381909,0.076,1.0
Danmini_Doorbell,300,6,5962,multiscale_gaussian,0.9948875199999999,0.7430914572864322,0.0716,1.0
Danmini_Doorbell,300,6,5962,multiscale_t,0.9948731199999999,0.7423899497487437,0.0704,1.0
Danmini_Doorbell,300,7,25050,local,0.9897734,0.5876321608040201,0.0066,0.0
Danmini_Doorbell,300,7,25050,peer_scale_local_center,0.98993496,0.8651155778894473,0.027,0.8052
Danmini_Doorbell,300,7,25050,shared_marginals,0.99156432,0.8781507537688442,0.0464,1.0
Danmini_Doorbell,300,7,25050,diagonal_eb,0.98949484,0.5872582914572865,0.0066,0.0
Danmini_Doorbell,300,7,25050,multiscale_gaussian,0.9894985599999999,0.5874673366834171,0.0068,0.0
Danmini_Doorbell,300,7,25050,multiscale_t,0.98977196,0.587575879396985,0.0066,0.0
Danmini_Doorbell,1000,0,8505,local,0.99600964,0.799529648241206,0.1538,1.0
Danmini_Doorbell,1000,0,8505,peer_scale_local_center,0.99939288,0.9694914572864322,0.1616,1.0
Danmini_Doorbell,1000,0,8505,shared_marginals,0.99923252,0.9614331658291457,0.1518,1.0
Danmini_Doorbell,1000,0,8505,diagonal_eb,0.99601244,0.7996381909547738,0.1526,1.0
Danmini_Doorbell,1000,0,8505,multiscale_gaussian,0.9960112,0.7995939698492462,0.1526,1.0
Danmini_Doorbell,1000,0,8505,multiscale_t,0.99600956,0.7995256281407035,0.1536,1.0
Danmini_Doorbell,1000,1,27146,local,0.99422472,0.7100824120603015,0.1358,1.0
Danmini_Doorbell,1000,1,27146,peer_scale_local_center,0.9990002,0.9497587939698493,0.1082,1.0
Danmini_Doorbell,1000,1,27146,shared_marginals,0.99922864,0.9612381909547738,0.128,1.0
Danmini_Doorbell,1000,1,27146,diagonal_eb,0.9942358,0.7105447236180905,0.136,1.0
Danmini_Doorbell,1000,1,27146,multiscale_gaussian,0.99423352,0.7105085427135678,0.1348,1.0
Danmini_Doorbell,1000,1,27146,multiscale_t,0.99422524,0.7101165829145729,0.1358,1.0
Danmini_Doorbell,1000,2,767,local,0.99598516,0.7984663316582914,0.0752,1.0
Danmini_Doorbell,1000,2,767,peer_scale_local_center,0.99960004,0.9799015075376885,0.066,1.0
Danmini_Doorbell,1000,2,767,shared_marginals,0.999473,0.9735175879396984,0.0646,1.0
Danmini_Doorbell,1000,2,767,diagonal_eb,0.9959920800000001,0.7987336683417086,0.0742,1.0
Danmini_Doorbell,1000,2,767,multiscale_gaussian,0.9959891200000001,0.7987075376884423,0.0744,1.0
Danmini_Doorbell,1000,2,767,multiscale_t,0.9959854,0.7984824120603016,0.0748,1.0
Danmini_Doorbell,1000,3,9526,local,0.99590148,0.7966834170854271,0.1056,1.0
Danmini_Doorbell,1000,3,9526,peer_scale_local_center,0.99902124,0.950824120603015,0.1112,1.0
Danmini_Doorbell,1000,3,9526,shared_marginals,0.9993512,0.9673969849246231,0.1046,1.0
Danmini_Doorbell,1000,3,9526,diagonal_eb,0.99598168,0.8002452261306532,0.1056,1.0
Danmini_Doorbell,1000,3,9526,multiscale_gaussian,0.99594804,0.7990231155778894,0.1056,1.0
Danmini_Doorbell,1000,3,9526,multiscale_t,0.99590208,0.7967256281407036,0.1056,1.0
Danmini_Doorbell,1000,4,9688,local,0.9942403200000001,0.7159095477386934,0.096,1.0
Danmini_Doorbell,1000,4,9688,peer_scale_local_center,0.9989494,0.9472482412060301,0.0852,1.0
Danmini_Doorbell,1000,4,9688,shared_marginals,0.99920968,0.9602854271356784,0.0872,1.0
Danmini_Doorbell,1000,4,9688,diagonal_eb,0.99430196,0.7176341708542714,0.096,1.0
Danmini_Doorbell,1000,4,9688,multiscale_gaussian,0.99426896,0.7166713567839197,0.0958,1.0
Danmini_Doorbell,1000,4,9688,multiscale_t,0.994241,0.7159175879396985,0.096,1.0
Danmini_Doorbell,1000,5,23743,local,0.99602528,0.8007296482412061,0.092,1.0
Danmini_Doorbell,1000,5,23743,peer_scale_local_center,0.99948752,0.9742472361809045,0.107,1.0
Danmini_Doorbell,1000,5,23743,shared_marginals,0.99958788,0.9792904522613065,0.1054,1.0
Danmini_Doorbell,1000,5,23743,diagonal_eb,0.99603788,0.8011919597989949,0.0912,1.0
Danmini_Doorbell,1000,5,23743,multiscale_gaussian,0.9960288,0.8007819095477386,0.0918,1.0
Danmini_Doorbell,1000,5,23743,multiscale_t,0.99602528,0.8007296482412061,0.092,1.0
Danmini_Doorbell,1000,6,5927,local,0.99647352,0.8232462311557789,0.0858,1.0
Danmini_Doorbell,1000,6,5927,peer_scale_local_center,0.9994687600000001,0.9733045226130653,0.1018,1.0
Danmini_Doorbell,1000,6,5927,shared_marginals,0.9994097599999999,0.9703396984924624,0.111,1.0
Danmini_Doorbell,1000,6,5927,diagonal_eb,0.99647852,0.8234251256281406,0.085,1.0
Danmini_Doorbell,1000,6,5927,multiscale_gaussian,0.9964761599999999,0.8233829145728644,0.0858,1.0
Danmini_Doorbell,1000,6,5927,multiscale_t,0.9964736,0.823254271356784,0.0858,1.0
Danmini_Doorbell,1000,7,13196,local,0.9979247600000001,0.8996763819095477,0.0,0.0
Danmini_Doorbell,1000,7,13196,peer_scale_local_center,0.99885576,0.9425005025125628,0.0,0.397
Danmini_Doorbell,1000,7,13196,shared_marginals,0.99881732,0.9405688442211055,0.0,0.4554
Danmini_Doorbell,1000,7,13196,diagonal_eb,0.9980425199999999,0.9016341708542714,0.0,0.0
Danmini_Doorbell,1000,7,13196,multiscale_gaussian,0.9980416,0.9015879396984925,0.0,0.0
Danmini_Doorbell,1000,7,13196,multiscale_t,0.99792444,0.8996603015075377,0.0,0.0
Ecobee_Thermostat,30,0,8561,local,0.9937806451612903,0.8956018481793548,0.0,0.0
Ecobee_Thermostat,30,0,8561,peer_scale_local_center,0.9998571951498513,0.9928238768769494,0.0022878059940517046,1.0
Ecobee_Thermostat,30,0,8561,shared_marginals,0.999851567147106,0.9925410626686395,0.002745367192862045,1.0
Ecobee_Thermostat,30,0,8561,diagonal_eb,0.9944481354381148,0.8957742958673486,0.0,0.0
Ecobee_Thermostat,30,0,8561,multiscale_gaussian,0.9975324182109357,0.8957719965648421,0.0,0.0
Ecobee_Thermostat,30,0,8561,multiscale_t,0.9942576984671699,0.8957329084222301,0.0,0.0
Ecobee_Thermostat,30,1,5828,local,0.999864241592313,0.9931779694629634,0.1873713109128346,1.0
Ecobee_Thermostat,30,1,5828,peer_scale_local_center,0.9998640128117136,0.9931664729504305,0.10592541752459392,1.0
Ecobee_Thermostat,30,1,5828,shared_marginals,0.9998375200183024,0.991835176799118,0.12582932967284374,1.0
Ecobee_Thermostat,30,1,5828,diagonal_eb,0.9998642873484329,0.99318026876547,0.1773049645390071,1.0
Ecobee_Thermostat,30,1,5828,multiscale_gaussian,0.9998641958361931,0.9931756701604568,0.17227179135209333,1.0
Ecobee_Thermostat,30,1,5828,multiscale_t,0.9998641958361931,0.9931756701604568,0.18005033173186913,1.0
Ecobee_Thermostat,30,2,8258,local,0.9995418897277512,0.9769793833040747,0.09608785175017158,1.0
Ecobee_Thermostat,30,2,8258,peer_scale_local_center,0.9998614504690003,0.9930377120100617,0.03385952871196522,1.0
Ecobee_Thermostat,30,2,8258,shared_marginals,0.999787325554793,0.9893128419493946,0.04415465568519789,1.0
Ecobee_Thermostat,30,2,8258,diagonal_eb,0.9995417524593914,0.9769724853965549,0.09608785175017158,1.0
Ecobee_Thermostat,30,2,8258,multiscale_gaussian,0.9996791580873942,0.9838772908238286,0.08876687256920614,1.0
Ecobee_Thermostat,30,2,8258,multiscale_t,0.9993585449553878,0.96776607816019,0.09082589796385267,1.0
Ecobee_Thermostat,30,3,596,local,0.9998205902539465,0.9909844348716816,0.29581331503088537,1.0
Ecobee_Thermostat,30,3,596,peer_scale_local_center,0.999820407229467,0.9909752376616552,0.2445664607641272,1.0
Ecobee_Thermostat,30,3,596,shared_marginals,0.9998296957218028,0.9914419960704921,0.24365133836650651,1.0
Ecobee_Thermostat,30,3,596,diagonal_eb,0.9998655227636696,0.9932423499331478,0.295355753832075,1.0
Ecobee_Thermostat,30,3,596,multiscale_gaussian,0.9998206817661862,0.9909890334766949,0.28368794326241137,1.0
Ecobee_Thermostat,30,3,596,multiscale_t,0.9998206817661863,0.9909890334766949,0.284603065660032,1.0
Ecobee_Thermostat,30,4,1875,local,0.9575142987874629,0.6053415786321219,0.6499656829100893,1.0
Ecobee_Thermostat,30,4,1875,peer_scale_local_center,0.9999523221230839,0.9976041267881388,0.28437428506062684,1.0
Ecobee_Thermostat,30,4,1875,shared_marginals,0.999924959963395,0.9962291438892013,0.27979867307252343,1.0
Ecobee_Thermostat,30,4,1875,diagonal_eb,0.9573041866849691,0.6081733536131815,0.6204529855868223,1.0
Ecobee_Thermostat,30,4,1875,multiscale_gaussian,0.9639428963623883,0.6536379679224307,0.5760695493022192,1.0
Ecobee_Thermostat,30,4,1875,multiscale_t,0.9570368336765042,0.6014300741869953,0.6460764127202013,1.0
Ecobee_Thermostat,30,5,3875,local,0.9982832303820636,0.9137301699529448,0.0,0.7722
Ecobee_Thermostat,30,5,3875,peer_scale_local_center,0.9998528025623428,0.9926031438363172,0.0073209791809654545,1.0
Ecobee_Thermostat,30,5,3875,shared_marginals,0.9998357355296271,0.9917455040013612,0.013040494166094716,1.0
Ecobee_Thermostat,30,5,3875,diagonal_eb,0.9982341798215512,0.911265317665886,0.00022878059940517045,0.7856
Ecobee_Thermostat,30,5,3875,multiscale_gaussian,0.9989699382292382,0.9482381019717668,0.0006863417982155113,0.7856
Ecobee_Thermostat,30,5,3875,multiscale_t,0.9982341798215512,0.911265317665886,0.0,0.7836
Ecobee_Thermostat,30,6,2742,local,0.9991829329672843,0.9589413551399184,0.08213223518645618,1.0
Ecobee_Thermostat,30,6,2742,peer_scale_local_center,0.9998634179821552,0.9931365820178448,0.1464195836193091,1.0
Ecobee_Thermostat,30,6,2742,shared_marginals,0.9998386639212994,0.9918926593617825,0.15740105239075727,1.0
Ecobee_Thermostat,30,6,2742,diagonal_eb,0.9986836879432625,0.9338536654905734,0.07709906199954245,1.0
Ecobee_Thermostat,30,6,2742,multiscale_gaussian,0.9994552733928164,0.97262680365911,0.07389613360787005,1.0
Ecobee_Thermostat,30,6,2742,multiscale_t,0.9989559826126745,0.9475368147072585,0.07870052619537864,1.0
Ecobee_Thermostat,30,7,6819,local,0.9995858613589568,0.9791890130129024,0.0,0.0
Ecobee_Thermostat,30,7,6819,peer_scale_local_center,0.9998150537634408,0.9907062192683849,0.0011439029970258523,1.0
Ecobee_Thermostat,30,7,6819,shared_marginals,0.9998553191489362,0.9927296054741794,0.0011439029970258523,0.9998
Ecobee_Thermostat,30,7,6819,diagonal_eb,0.9998613132006406,0.993030814102542,0.0,0.0
Ecobee_Thermostat,30,7,6819,multiscale_gaussian,0.9998150995195607,0.9907085185708915,0.0,0.0
Ecobee_Thermostat,30,7,6819,multiscale_t,0.9998613589567605,0.9930331134050485,0.0,0.0
Ecobee_Thermostat,100,0,7179,local,0.9995835735529627,0.9790740478875732,0.05742393045069778,1.0
Ecobee_Thermostat,100,0,7179,peer_scale_local_center,0.9998611301761611,0.9930216168925157,0.03431708991077557,1.0
Ecobee_Thermostat,100,0,7179,shared_marginals,0.9998531686113018,0.9926215382563699,0.0464424616792496,1.0
Ecobee_Thermostat,100,0,7179,diagonal_eb,0.9998149164950811,0.9906993213608652,0.055593685655456415,1.0
Ecobee_Thermostat,100,0,7179,multiscale_gaussian,0.9998149164950811,0.9906993213608652,0.053763440860215055,1.0
Ecobee_Thermostat,100,0,7179,multiscale_t,0.9995836193090826,0.9790763471900799,0.0565088080530771,1.0
Ecobee_Thermostat,100,1,3918,local,0.9995663692518875,0.9782095101450974,0.0649736902310684,1.0
Ecobee_Thermostat,100,1,3918,peer_scale_local_center,0.9998552733928162,0.9927273061716728,0.02059025394646534,1.0
Ecobee_Thermostat,100,1,3918,shared_marginals,0.9998499199267903,0.9924582877784024,0.02196293754289636,1.0
Ecobee_Thermostat,100,1,3918,diagonal_eb,0.9994699611072981,0.9733648797637235,0.06314344543582705,1.0
Ecobee_Thermostat,100,1,3918,multiscale_gaussian,0.9995663234957676,0.9782072108425909,0.06291466483642187,1.0
Ecobee_Thermostat,100,1,3918,multiscale_t,0.9995663692518875,0.9782095101450974,0.0649736902310684,1.0
Ecobee_Thermostat,100,2,6750,local,0.9995193319606497,0.9758458271683284,0.0867078471745596,1.0
Ecobee_Thermostat,100,2,6750,peer_scale_local_center,0.9998687714481812,0.9934056004111153,0.0851063829787234,1.0
Ecobee_Thermostat,100,2,6750,shared_marginals,0.9998669869595058,0.9933159276133585,0.08442004118050789,1.0
Ecobee_Thermostat,100,2,6750,diagonal_eb,0.9995630290551362,0.9780416610621169,0.09196980096087852,1.0
Ecobee_Thermostat,100,2,6750,multiscale_gaussian,0.9995630290551362,0.9780416610621169,0.09380004575611989,1.0
Ecobee_Thermostat,100,2,6750,multiscale_t,0.9995630290551362,0.9780416610621169,0.09105467856325783,1.0
Ecobee_Thermostat,100,3,2958,local,0.9997386410432395,0.9868663840823886,0.09608785175017158,1.0
Ecobee_Thermostat,100,3,2958,peer_scale_local_center,0.9998693205216198,0.9934331920411943,0.09471516815374056,1.0
Ecobee_Thermostat,100,3,2958,shared_marginals,0.9998679935941432,0.9933665122685034,0.09151223976206818,1.0
Ecobee_Thermostat,100,3,2958,diagonal_eb,0.9998693205216198,0.9934331920411943,0.10432395332875773,1.0
Ecobee_Thermostat,100,3,2958,multiscale_gaussian,0.999825760695493,0.9912442560549257,0.10340883093113704,1.0
Ecobee_Thermostat,100,3,2958,multiscale_t,0.999825760695493,0.9912442560549257,0.09997712194005948,1.0
Ecobee_Thermostat,100,4,1972,local,0.9998600777854039,0.9929687329348642,0.13337908945321436,1.0
Ecobee_Thermostat,100,4,1972,peer_scale_local_center,0.9998599405170442,0.9929618350273445,0.0565088080530771,1.0
Ecobee_Thermostat,100,4,1972,shared_marginals,0.9998574696865706,0.9928376726919889,0.05994051704415466,1.0
Ecobee_Thermostat,100,4,1972,diagonal_eb,0.9998600777854039,0.9929687329348642,0.13177762525737818,1.0
Ecobee_Thermostat,100,4,1972,multiscale_gaussian,0.9998600777854039,0.9929687329348642,0.13269274765499886,1.0
Ecobee_Thermostat,100,4,1972,multiscale_t,0.9998600777854039,0.9929687329348642,0.13315030885380919,1.0
Ecobee_Thermostat,100,5,8379,local,0.999541523678792,0.976960988884022,0.2075040036604896,1.0
Ecobee_Thermostat,100,5,8379,peer_scale_local_center,0.9998624113475176,0.9930859973627,0.2624113475177305,1.0
Ecobee_Thermostat,100,5,8379,shared_marginals,0.9998603523221231,0.9929825287499037,0.2695035460992908,1.0
Ecobee_Thermostat,100,5,8379,diagonal_eb,0.9995873713109129,0.9792648899956198,0.2564630519331961,1.0
Ecobee_Thermostat,100,5,8379,multiscale_gaussian,0.9995873713109129,0.9792648899956198,0.2569206131320064,1.0
Ecobee_Thermostat,100,5,8379,multiscale_t,0.9995873713109128,0.9792648899956198,0.22740791580873942,1.0
Ecobee_Thermostat,100,6,4734,local,0.999862319835278,0.993081398757687,0.111416151910318,1.0
Ecobee_Thermostat,100,6,4734,peer_scale_local_center,0.9998621368107985,0.9930722015476605,0.05147563486616335,1.0
Ecobee_Thermostat,100,6,4734,shared_marginals,0.999855364905056,0.992731904776686,0.05147563486616335,1.0
Ecobee_Thermostat,100,6,4734,diagonal_eb,0.9999081674673987,0.9953852998692847,0.10592541752459392,1.0
Ecobee_Thermostat,100,6,4734,multiscale_gaussian,0.9999081674673987,0.9953852998692847,0.10729810112102493,1.0
Ecobee_Thermostat,100,6,4734,multiscale_t,0.9999081674673987,0.9953852998692847,0.10981468771448182,1.0
Ecobee_Thermostat,100,7,794,local,0.9996818576984672,0.984012949671717,0.13269274765499886,1.0
Ecobee_Thermostat,100,7,794,peer_scale_local_center,0.9998632349576757,0.9931273848078185,0.08464882177991306,1.0
Ecobee_Thermostat,100,7,794,shared_marginals,0.999858110272249,0.992869862927081,0.08167467398764584,1.0
Ecobee_Thermostat,100,7,794,diagonal_eb,0.999863509494395,0.993141180622858,0.131548844657973,1.0
Ecobee_Thermostat,100,7,794,multiscale_gaussian,0.9998180736673531,0.9908579732338194,0.13086250285975748,1.0
Ecobee_Thermostat,100,7,794,multiscale_t,0.999818119423473,0.990860272536326,0.13109128345916266,1.0
Ecobee_Thermostat,300,0,7697,local,0.9996350491878289,0.981660763207481,0.10752688172043011,1.0
Ecobee_Thermostat,300,0,7697,peer_scale_local_center,0.9998175245939144,0.9908303816037405,0.08464882177991306,1.0
Ecobee_Thermostat,300,0,7697,shared_marginals,0.9998625486158774,0.9930928952702198,0.08419126058110273,1.0
Ecobee_Thermostat,300,0,7697,diagonal_eb,0.9998175245939144,0.9908303816037405,0.10729810112102493,1.0
Ecobee_Thermostat,300,0,7697,multiscale_gaussian,0.9998175245939144,0.9908303816037405,0.10729810112102493,1.0
Ecobee_Thermostat,300,0,7697,multiscale_t,0.9996350491878289,0.981660763207481,0.10752688172043011,1.0
Ecobee_Thermostat,300,1,3867,local,0.9993731869137498,0.9685018549622971,0.06108442004118051,1.0
Ecobee_Thermostat,300,1,3867,peer_scale_local_center,0.9998208190345459,0.9909959313842146,0.028597574925646307,1.0
Ecobee_Thermostat,300,1,3867,shared_marginals,0.9998643788606727,0.9931848673704832,0.030427819720887667,1.0
Ecobee_Thermostat,300,1,3867,diagonal_eb,0.9995520475863647,0.9774898284605364,0.060626858842370165,1.0
Ecobee_Thermostat,300,1,3867,multiscale_gaussian,0.9995073438572408,0.9752434099116034,0.060855639441775335,1.0
Ecobee_Thermostat,300,1,3867,multiscale_t,0.9994178906428735,0.9707482735112304,0.06108442004118051,1.0
Ecobee_Thermostat,300,2,2432,local,0.9991892930679478,0.9592609581883336,0.14687714481811942,1.0
Ecobee_Thermostat,300,2,2432,peer_scale_local_center,0.9997137497140243,0.9856155635188065,0.11873713109128346,1.0
Ecobee_Thermostat,300,2,2432,shared_marginals,0.9998560512468543,0.9927663943142848,0.1169068862960421,1.0
Ecobee_Thermostat,300,2,2432,diagonal_eb,0.9992369709448639,0.9616568314001948,0.14687714481811942,1.0
Ecobee_Thermostat,300,2,2432,multiscale_gaussian,0.9991893388240677,0.9592632574908402,0.1471059254175246,1.0
Ecobee_Thermostat,300,2,2432,multiscale_t,0.9991892930679478,0.9592609581883336,0.14687714481811942,1.0
Ecobee_Thermostat,300,3,154,local,0.9996559139784946,0.9827092451504836,0.004118050789293068,1.0
Ecobee_Thermostat,300,3,154,peer_scale_local_center,0.999870784717456,0.9935067697214051,0.03614733470601693,1.0
Ecobee_Thermostat,300,3,154,shared_marginals,0.9998699153511783,0.9934630829737798,0.03912148249828414,1.0
Ecobee_Thermostat,300,3,154,diagonal_eb,0.9999139784946236,0.9956773112876209,0.004346831388698238,1.0
Ecobee_Thermostat,300,3,154,multiscale_gaussian,0.9999139327385038,0.9956750119851143,0.004118050789293068,1.0
Ecobee_Thermostat,300,3,154,multiscale_t,0.9996559139784946,0.9827092451504836,0.004118050789293068,1.0
Ecobee_Thermostat,300,4,2243,local,0.9992657057881491,0.9631007933743299,0.10180736673530084,1.0
Ecobee_Thermostat,300,4,2243,peer_scale_local_center,0.9997246396705559,0.9861627975153737,0.07183710821322352,1.0
Ecobee_Thermostat,300,4,2243,shared_marginals,0.9997698467169984,0.9884345083918793,0.06977808281857699,1.0
Ecobee_Thermostat,300,4,2243,diagonal_eb,0.9993574925646305,0.9677131942025387,0.10157858613589568,1.0
Ecobee_Thermostat,300,4,2243,multiscale_gaussian,0.9992657057881492,0.9631007933743299,0.10157858613589568,1.0
Ecobee_Thermostat,300,4,2243,multiscale_t,0.9992657057881492,0.9631007933743299,0.10180736673530084,1.0
Ecobee_Thermostat,300,5,3378,local,0.9996886753603295,0.9843555457451982,0.15465568519789522,1.0
Ecobee_Thermostat,300,5,3378,peer_scale_local_center,0.9997776252573782,0.9888253898179986,0.11827956989247312,1.0
Ecobee_Thermostat,300,5,3378,shared_marginals,0.9997764813543811,0.988767907255334,0.11370395790436971,1.0
Ecobee_Thermostat,300,5,3378,diagonal_eb,0.999644200411805,0.9821206237087978,0.15328300160146419,1.0
Ecobee_Thermostat,300,5,3378,multiscale_gaussian,0.9998665751544269,0.9932952338907992,0.15328300160146419,1.0
Ecobee_Thermostat,300,5,3378,multiscale_t,0.9996886753603295,0.9843555457451982,0.15396934339967971,1.0
Ecobee_Thermostat,300,6,8122,local,0.9993792724776939,0.9688076621956729,0.12971859986273165,1.0
Ecobee_Thermostat,300,6,8122,peer_scale_local_center,0.9998225577671014,0.9910833048794648,0.0928849233584992,1.0
Ecobee_Thermostat,300,6,8122,shared_marginals,0.9998659345687486,0.993263043655707,0.09608785175017158,1.0
Ecobee_Thermostat,300,6,8122,diagonal_eb,0.9996009608785175,0.9799477828400753,0.1322351864561885,1.0
Ecobee_Thermostat,300,6,8122,multiscale_gaussian,0.9995566231983527,0.977719758711195,0.13292152825440404,1.0
Ecobee_Thermostat,300,6,8122,multiscale_t,0.9993792724776939,0.9688076621956729,0.12971859986273165,1.0
Ecobee_Thermostat,300,7,1053,local,0.9993286204529856,0.9662623343208837,0.11416151910318005,1.0
Ecobee_Thermostat,300,7,1053,peer_scale_local_center,0.9997762525737818,0.9887564107428012,0.09105467856325783,1.0
Ecobee_Thermostat,300,7,1053,shared_marginals,0.9998197666437886,0.9909430474265631,0.09219858156028368,1.0
Ecobee_Thermostat,300,7,1053,diagonal_eb,0.9994630061770762,0.9730153857827228,0.11439029970258523,1.0
Ecobee_Thermostat,300,7,1053,multiscale_gaussian,0.9994182566918325,0.9707666679312831,0.11439029970258523,1.0
Ecobee_Thermostat,300,7,1053,multiscale_t,0.9993287119652254,0.9662669329258969,0.11439029970258523,1.0
Ecobee_Thermostat,1000,0,3197,local,0.9995988560970029,0.9798420149247726,0.04072294669412034,1.0
Ecobee_Thermostat,1000,0,3197,peer_scale_local_center,0.9995988560970029,0.9798420149247726,0.023564401738732556,1.0
Ecobee_Thermostat,1000,0,3197,shared_marginals,0.999598444291924,0.9798213212022133,0.024708304735758406,1.0
Ecobee_Thermostat,1000,0,3197,diagonal_eb,0.9996433768016472,0.9820792362636794,0.04095172729352551,1.0
Ecobee_Thermostat,1000,0,3197,multiscale_gaussian,0.9996433768016472,0.9820792362636794,0.04140928849233585,1.0
Ecobee_Thermostat,1000,0,3197,multiscale_t,0.9996433768016472,0.9820792362636794,0.04095172729352551,1.0
Ecobee_Thermostat,1000,1,5291,local,0.9983936856554564,0.9192806862038401,0.10363761153054221,1.0
Ecobee_Thermostat,1000,1,5291,peer_scale_local_center,0.9994032944406315,0.9700147960116299,0.10706932052161977,1.0
Ecobee_Thermostat,1000,1,5291,shared_marginals,0.9994950354609928,0.9746248975373321,0.10798444291924045,1.0
Ecobee_Thermostat,1000,1,5291,diagonal_eb,0.9984395332875773,0.9215845873154379,0.10386639212994737,1.0
Ecobee_Thermostat,1000,1,5291,multiscale_gaussian,0.9984395332875773,0.9215845873154379,0.10386639212994737,1.0
Ecobee_Thermostat,1000,1,5291,multiscale_t,0.9983936856554564,0.9192806862038401,0.10386639212994737,1.0
Ecobee_Thermostat,1000,2,1938,local,0.9988511553420271,0.9422691126646732,0.12811713566689545,1.0
Ecobee_Thermostat,1000,2,1938,peer_scale_local_center,0.9994485014870739,0.9722865068881354,0.11256005490734386,1.0
Ecobee_Thermostat,1000,2,1938,shared_marginals,0.999494623655914,0.9746042038147728,0.11050102951269733,1.0
Ecobee_Thermostat,1000,2,1938,diagonal_eb,0.9988511553420271,0.9422691126646732,0.12788835506749027,1.0
Ecobee_Thermostat,1000,2,1938,multiscale_gaussian,0.9988511553420271,0.9422691126646732,0.12811713566689545,1.0
Ecobee_Thermostat,1000,2,1938,multiscale_t,0.9988511553420271,0.9422691126646732,0.12811713566689545,1.0
Ecobee_Thermostat,1000,3,6388,local,0.9920760009151224,0.8993831891095836,0.0,0.4314
Ecobee_Thermostat,1000,3,6388,peer_scale_local_center,0.9931289865019446,0.8993601960845179,0.0,0.7076
Ecobee_Thermostat,1000,3,6388,shared_marginals,0.9934492335849919,0.899341801664465,0.0,0.5408
Ecobee_Thermostat,1000,3,6388,diagonal_eb,0.992305010295127,0.8993831891095836,0.0,0.4398
Ecobee_Thermostat,1000,3,6388,multiscale_gaussian,0.9922134065431251,0.8993831891095836,0.0,0.4386
Ecobee_Thermostat,1000,3,6388,multiscale_t,0.9922134065431251,0.8993831891095836,0.0,0.433
Ecobee_Thermostat,1000,4,1701,local,0.9985825211622055,0.9287699076485149,0.12948981926332648,1.0
Ecobee_Thermostat,1000,4,1701,peer_scale_local_center,0.9994054907343858,0.970125162531946,0.11827956989247312,1.0
Ecobee_Thermostat,1000,4,1701,shared_marginals,0.9994513841226264,0.9724313629460504,0.11667810569663692,1.0
Ecobee_Thermostat,1000,4,1701,diagonal_eb,0.9986738503774879,0.9333593154516577,0.13040494166094715,1.0
Ecobee_Thermostat,1000,4,1701,multiscale_gaussian,0.9986738503774879,0.9333593154516577,0.13086250285975748,1.0
Ecobee_Thermostat,1000,4,1701,multiscale_t,0.9986281857698468,0.9310646115500862,0.12971859986273165,1.0
Ecobee_Thermostat,1000,5,5868,local,0.9919098146877144,0.9028386958816044,0.0,0.5648
Ecobee_Thermostat,1000,5,5868,peer_scale_local_center,0.9923962022420498,0.9028478930916306,0.0,0.6974
Ecobee_Thermostat,1000,5,5868,shared_marginals,0.9925725005719513,0.9028226007640583,0.0,0.5222
Ecobee_Thermostat,1000,5,5868,diagonal_eb,0.9919540150995196,0.9028386958816044,0.0,0.5888
Ecobee_Thermostat,1000,5,5868,multiscale_gaussian,0.9919098146877144,0.9028386958816044,0.0,0.581
Ecobee_Thermostat,1000,5,5868,multiscale_t,0.9919098146877144,0.9028386958816044,0.0,0.567
Ecobee_Thermostat,1000,6,5141,local,0.9983544269045985,0.9173078846531906,0.10157858613589568,1.0
Ecobee_Thermostat,1000,6,5141,peer_scale_local_center,0.9994056737588652,0.9701343597419723,0.12171127888355067,1.0
Ecobee_Thermostat,1000,6,5141,shared_marginals,0.9994971402425075,0.9747306654526349,0.12171127888355067,1.0
Ecobee_Thermostat,1000,6,5141,diagonal_eb,0.9984001372683596,0.9196048878572685,0.10157858613589568,1.0
Ecobee_Thermostat,1000,6,5141,multiscale_gaussian,0.9984001372683596,0.9196048878572685,0.10157858613589568,1.0
Ecobee_Thermostat,1000,6,5141,multiscale_t,0.9984001372683596,0.9196048878572685,0.10157858613589568,1.0
Ecobee_Thermostat,1000,7,7594,local,0.9991695264241593,0.958267659505489,0.09951956074124914,1.0
Ecobee_Thermostat,1000,7,7594,peer_scale_local_center,0.9994463051933196,0.9721761403678195,0.08258979638526653,1.0
Ecobee_Thermostat,1000,7,7594,shared_marginals,0.9994924273621596,0.9744938372944567,0.08190345458705102,1.0
Ecobee_Thermostat,1000,7,7594,diagonal_eb,0.9991697552047586,0.9582791560180219,0.09951956074124914,1.0
Ecobee_Thermostat,1000,7,7594,multiscale_gaussian,0.9991697552047586,0.9582791560180219,0.09974834134065431,1.0
Ecobee_Thermostat,1000,7,7594,multiscale_t,0.9991695264241592,0.958267659505489,0.09951956074124914,1.0
Ennio_Doorbell,30,0,11563,local,0.5729405599999999,0.4980060301507538,0.0,0.0
Ennio_Doorbell,30,0,11563,peer_scale_local_center,0.59808908,0.7899175879396985,0.0,0.4094
Ennio_Doorbell,30,0,11563,shared_marginals,0.5990637600000001,0.7971859296482413,0.0,0.4606
Ennio_Doorbell,30,0,11563,diagonal_eb,0.5840536399999999,0.4980120603015075,0.0002,0.0
Ennio_Doorbell,30,0,11563,multiscale_gaussian,0.57942044,0.49809447236180904,0.0002,0.0
Ennio_Doorbell,30,0,11563,multiscale_t,0.5763021599999999,0.4980100502512563,0.0,0.0
Ennio_Doorbell,30,1,11639,local,0.84257496,0.5343256281407035,0.081,0.5098
Ennio_Doorbell,30,1,11639,peer_scale_local_center,0.9171976,0.7658190954773869,0.0,0.3984
Ennio_Doorbell,30,1,11639,shared_marginals,0.9244652400000001,0.7991175879396984,0.0,0.462
Ennio_Doorbell,30,1,11639,diagonal_eb,0.8656004,0.629678391959799,0.1528,0.5164
Ennio_Doorbell,30,1,11639,multiscale_gaussian,0.85594156,0.6196221105527638,0.154,0.4034
Ennio_Doorbell,30,1,11639,multiscale_t,0.8421552800000001,0.5214914572864322,0.0818,0.5142
Ennio_Doorbell,30,2,771,local,0.98511648,0.712188944723618,0.0,0.0
Ennio_Doorbell,30,2,771,peer_scale_local_center,0.9993390400000001,0.9667859296482412,0.0052,1.0
Ennio_Doorbell,30,2,771,shared_marginals,0.99933104,0.96638391959799,0.0236,1.0
Ennio_Doorbell,30,2,771,diagonal_eb,0.9914434400000001,0.7285889447236181,0.0,0.0
Ennio_Doorbell,30,2,771,multiscale_gaussian,0.9974399199999999,0.8713527638190955,0.0,0.0
Ennio_Doorbell,30,2,771,multiscale_t,0.9858152,0.7122050251256282,0.0,0.0
Ennio_Doorbell,30,3,13343,local,0.99691844,0.8456623115577889,0.0,0.0
Ennio_Doorbell,30,3,13343,peer_scale_local_center,0.99939292,0.9694934673366835,0.04,1.0
Ennio_Doorbell,30,3,13343,shared_marginals,0.99931248,0.965451256281407,0.0486,1.0
Ennio_Doorbell,30,3,13343,diagonal_eb,0.997876,0.8932663316582915,0.0,0.0
Ennio_Doorbell,30,3,13343,multiscale_gaussian,0.99716268,0.8574211055276382,0.0,0.0
Ennio_Doorbell,30,3,13343,multiscale_t,0.99780744,0.890305527638191,0.0,0.0
Ennio_Doorbell,30,4,15926,local,0.99682284,0.8410492462311558,0.0,0.0
Ennio_Doorbell,30,4,15926,peer_scale_local_center,0.99924524,0.9620723618090452,0.0116,1.0
Ennio_Doorbell,30,4,15926,shared_marginals,0.99915844,0.9577105527638191,0.0294,1.0
Ennio_Doorbell,30,4,15926,diagonal_eb,0.9967043999999999,0.834391959798995,0.0,0.0
Ennio_Doorbell,30,4,15926,multiscale_gaussian,0.99658112,0.8281969849246231,0.0,0.0
Ennio_Doorbell,30,4,15926,multiscale_t,0.99682556,0.8410934673366834,0.0,0.0
Ennio_Doorbell,30,5,965,local,0.9977887999999999,0.8888904522613066,0.0,0.0
Ennio_Doorbell,30,5,965,peer_scale_local_center,0.99941088,0.9703959798994974,0.0104,1.0
Ennio_Doorbell,30,5,965,shared_marginals,0.99932668,0.966164824120603,0.0534,1.0
Ennio_Doorbell,30,5,965,diagonal_eb,0.99735784,0.8672281407035176,0.0,0.0
Ennio_Doorbell,30,5,965,multiscale_gaussian,0.9969294,0.8456984924623117,0.0,0.0
Ennio_Doorbell,30,5,965,multiscale_t,0.99777832,0.8883597989949749,0.0,0.0
Ennio_Doorbell,30,6,15639,local,0.99758648,0.8788281407035177,0.0,0.0
Ennio_Doorbell,30,6,15639,peer_scale_local_center,0.9987893999999999,0.9391658291457288,0.0124,1.0
Ennio_Doorbell,30,6,15639,shared_marginals,0.99894892,0.9471819095477387,0.0266,1.0
Ennio_Doorbell,30,6,15639,diagonal_eb,0.99751752,0.8752522613065327,0.0,0.0
Ennio_Doorbell,30,6,15639,multiscale_gaussian,0.99677632,0.8380060301507537,0.0,0.0
Ennio_Doorbell,30,6,15639,multiscale_t,0.99766716,0.882870351758794,0.0,0.0
Ennio_Doorbell,30,7,18969,local,0.36003287999999994,0.4977105527638191,0.2308,0.0412
Ennio_Doorbell,30,7,18969,peer_scale_local_center,0.99839616,0.919405025125628,0.2434,1.0
Ennio_Doorbell,30,7,18969,shared_marginals,0.9995192,0.9758391959798995,0.3088,1.0
Ennio_Doorbell,30,7,18969,diagonal_eb,0.39443280000000003,0.49760201005025123,0.67,0.347
Ennio_Doorbell,30,7,18969,multiscale_gaussian,0.3261988,0.4977105527638191,0.5072,0.002
Ennio_Doorbell,30,7,18969,multiscale_t,0.35814299999999993,0.4977105527638191,0.2314,0.0412
Ennio_Doorbell,100,0,1273,local,0.995963,0.797905527638191,0.0,0.0
Ennio_Doorbell,100,0,1273,peer_scale_local_center,0.99879708,0.9395517587939699,0.0782,1.0
Ennio_Doorbell,100,0,1273,shared_marginals,0.99902716,0.951113567839196,0.0804,1.0
Ennio_Doorbell,100,0,1273,diagonal_eb,0.9946192,0.7980884422110552,0.0,0.0
Ennio_Doorbell,100,0,1273,multiscale_gaussian,0.9961337600000001,0.8060341708542714,0.0,0.0
Ennio_Doorbell,100,0,1273,multiscale_t,0.9956444400000001,0.7978834170854272,0.0,0.0
Ennio_Doorbell,100,1,21720,local,0.9976113600000001,0.8803497487437186,0.1138,1.0
Ennio_Doorbell,100,1,21720,peer_scale_local_center,0.998907,0.9450753768844222,0.0388,1.0
Ennio_Doorbell,100,1,21720,shared_marginals,0.99923852,0.9617346733668342,0.0472,1.0
Ennio_Doorbell,100,1,21720,diagonal_eb,0.99786228,0.8926512562814071,0.1112,1.0
Ennio_Doorbell,100,1,21720,multiscale_gaussian,0.99800528,0.8998472361809046,0.0972,1.0
Ennio_Doorbell,100,1,21720,multiscale_t,0.99777252,0.8884502512562815,0.1134,1.0
Ennio_Doorbell,100,2,4613,local,0.95584388,0.7647658291457287,0.0,0.0
Ennio_Doorbell,100,2,4613,peer_scale_local_center,0.9757750000000001,0.8003437185929648,0.0346,0.6062
Ennio_Doorbell,100,2,4613,shared_marginals,0.97594656,0.8008422110552764,0.0344,0.6062
Ennio_Doorbell,100,2,4613,diagonal_eb,0.95912588,0.7649125628140703,0.0,0.0
Ennio_Doorbell,100,2,4613,multiscale_gaussian,0.95943156,0.7649949748743718,0.0,0.0
Ennio_Doorbell,100,2,4613,multiscale_t,0.95622752,0.7647738693467336,0.0,0.0
Ennio_Doorbell,100,3,4060,local,0.99273596,0.7740241206030151,0.0,0.0
Ennio_Doorbell,100,3,4060,peer_scale_local_center,0.9991852,0.9590552763819096,0.0576,1.0
Ennio_Doorbell,100,3,4060,shared_marginals,0.99942308,0.9710090452261306,0.0656,1.0
Ennio_Doorbell,100,3,4060,diagonal_eb,0.9909434,0.773035175879397,0.0,0.0
Ennio_Doorbell,100,3,4060,multiscale_gaussian,0.9931358,0.7774090452261306,0.0,0.0
Ennio_Doorbell,100,3,4060,multiscale_t,0.9920715600000001,0.7731396984924623,0.0,0.0
Ennio_Doorbell,100,4,20828,local,0.9844700799999999,0.7173386934673367,0.0746,1.0
Ennio_Doorbell,100,4,20828,peer_scale_local_center,0.99684176,0.8412944723618091,0.0284,1.0
Ennio_Doorbell,100,4,20828,shared_marginals,0.99735136,0.866902512562814,0.0436,1.0
Ennio_Doorbell,100,4,20828,diagonal_eb,0.98735468,0.7174673366834171,0.0714,1.0
Ennio_Doorbell,100,4,20828,multiscale_gaussian,0.98790068,0.7173467336683417,0.0678,1.0
Ennio_Doorbell,100,4,20828,multiscale_t,0.9844630799999999,0.7173467336683417,0.075,1.0
Ennio_Doorbell,100,5,17885,local,0.99530216,0.7648201005025126,0.0566,1.0
Ennio_Doorbell,100,5,17885,peer_scale_local_center,0.99844684,0.9219517587939698,0.0206,1.0
Ennio_Doorbell,100,5,17885,shared_marginals,0.99883252,0.9413608040201005,0.0386,1.0
Ennio_Doorbell,100,5,17885,diagonal_eb,0.9947827999999999,0.7504221105527639,0.0462,1.0
Ennio_Doorbell,100,5,17885,multiscale_gaussian,0.99605864,0.8025447236180905,0.043,1.0
Ennio_Doorbell,100,5,17885,multiscale_t,0.99531148,0.7652884422110553,0.0568,1.0
Ennio_Doorbell,100,6,25605,local,0.9792143600000001,0.49855276381909547,0.2976,1.0
Ennio_Doorbell,100,6,25605,peer_scale_local_center,0.99995944,0.9979618090452261,0.09,1.0
Ennio_Doorbell,100,6,25605,shared_marginals,0.9995598,0.9778793969849247,0.0926,1.0
Ennio_Doorbell,100,6,25605,diagonal_eb,0.9773214800000001,0.49855276381909547,0.2852,1.0
Ennio_Doorbell,100,6,25605,multiscale_gaussian,0.97892704,0.4985608040201005,0.2792,1.0
Ennio_Doorbell,100,6,25605,multiscale_t,0.9791906,0.49855276381909547,0.2966,1.0
Ennio_Doorbell,100,7,22589,local,0.96478268,0.6922371859296482,0.11,0.9996
Ennio_Doorbell,100,7,22589,peer_scale_local_center,0.97277904,0.7573809045226131,0.074,0.9998
Ennio_Doorbell,100,7,22589,shared_marginals,0.96707504,0.7598090452261307,0.0838,0.9998
Ennio_Doorbell,100,7,22589,diagonal_eb,0.96694576,0.6925748743718593,0.1194,0.9996
Ennio_Doorbell,100,7,22589,multiscale_gaussian,0.9683524399999999,0.6917829145728643,0.117,0.9996
Ennio_Doorbell,100,7,22589,multiscale_t,0.9649682,0.6922613065326633,0.1112,0.9996
Ennio_Doorbell,300,0,9581,local,0.9760380000000001,0.7557045226130653,0.0932,1.0
Ennio_Doorbell,300,0,9581,peer_scale_local_center,0.9981635999999999,0.9077185929648242,0.0712,1.0
Ennio_Doorbell,300,0,9581,shared_marginals,0.9983245199999999,0.9158050251256282,0.0716,1.0
Ennio_Doorbell,300,0,9581,diagonal_eb,0.97643008,0.7574894472361808,0.104,1.0
Ennio_Doorbell,300,0,9581,multiscale_gaussian,0.97633496,0.7571537688442211,0.1024,1.0
Ennio_Doorbell,300,0,9581,multiscale_t,0.97604232,0.7558130653266333,0.0932,1.0
Ennio_Doorbell,300,1,8755,local,0.97622544,0.7584582914572864,0.158,1.0
Ennio_Doorbell,300,1,8755,peer_scale_local_center,0.9980859599999999,0.9038170854271357,0.1058,1.0
Ennio_Doorbell,300,1,8755,shared_marginals,0.99816584,0.9078311557788945,0.1034,1.0
Ennio_Doorbell,300,1,8755,diagonal_eb,0.97735544,0.7626874371859297,0.154,1.0
Ennio_Doorbell,300,1,8755,multiscale_gaussian,0.97732192,0.7621788944723618,0.1584,1.0
Ennio_Doorbell,300,1,8755,multiscale_t,0.97623832,0.758588944723618,0.1578,1.0
Ennio_Doorbell,300,2,19528,local,0.98627784,0.7060341708542713,0.1602,1.0
Ennio_Doorbell,300,2,19528,peer_scale_local_center,0.97558112,0.7613085427135678,0.141,1.0
Ennio_Doorbell,300,2,19528,shared_marginals,0.97071052,0.7616663316582915,0.1376,1.0
Ennio_Doorbell,300,2,19528,diagonal_eb,0.9866066800000001,0.7058050251256281,0.1638,1.0
Ennio_Doorbell,300,2,19528,multiscale_gaussian,0.98618936,0.7056482412060301,0.1626,1.0
Ennio_Doorbell,300,2,19528,multiscale_t,0.9862787599999999,0.7060241206030151,0.1604,1.0
Ennio_Doorbell,300,3,3871,local,0.9974904,0.8743698492462311,0.1306,1.0
Ennio_Doorbell,300,3,3871,peer_scale_local_center,0.998679,0.9336180904522613,0.095,1.0
Ennio_Doorbell,300,3,3871,shared_marginals,0.9986638,0.932854271356784,0.0912,1.0
Ennio_Doorbell,300,3,3871,diagonal_eb,0.99716788,0.858054271356784,0.1298,1.0
Ennio_Doorbell,300,3,3871,multiscale_gaussian,0.99716568,0.8580080402010051,0.13,1.0
Ennio_Doorbell,300,3,3871,multiscale_t,0.9974905199999999,0.8743738693467336,0.1304,1.0
Ennio_Doorbell,300,4,9108,local,0.99912952,0.9563437185929647,0.1488,1.0
Ennio_Doorbell,300,4,9108,peer_scale_local_center,0.9993526,0.967467336683417,0.1114,1.0
Ennio_Doorbell,300,4,9108,shared_marginals,0.99934976,0.9673246231155779,0.1136,1.0
Ennio_Doorbell,300,4,9108,diagonal_eb,0.99897252,0.9483879396984924,0.146,1.0
Ennio_Doorbell,300,4,9108,multiscale_gaussian,0.9989708,0.9483356783919598,0.1494,1.0
Ennio_Doorbell,300,4,9108,multiscale_t,0.99912972,0.9563477386934672,0.1492,1.0
Ennio_Doorbell,300,5,21509,local,0.9971271599999999,0.8556743718592965,0.4006,1.0
Ennio_Doorbell,300,5,21509,peer_scale_local_center,0.99934516,0.9670934673366833,0.3732,1.0
Ennio_Doorbell,300,5,21509,shared_marginals,0.99958448,0.9791195979899499,0.3796,1.0
Ennio_Doorbell,300,5,21509,diagonal_eb,0.9972053200000001,0.8595638190954775,0.4018,1.0
Ennio_Doorbell,300,5,21509,multiscale_gaussian,0.9972753999999999,0.8630854271356785,0.4002,1.0
Ennio_Doorbell,300,5,21509,multiscale_t,0.9972819599999999,0.863451256281407,0.4006,1.0
Ennio_Doorbell,300,6,17186,local,0.9969114800000001,0.844808040201005,0.0166,1.0
Ennio_Doorbell,300,6,17186,peer_scale_local_center,0.9991070400000001,0.9551276381909548,0.035,1.0
Ennio_Doorbell,300,6,17186,shared_marginals,0.99910192,0.954870351758794,0.0344,1.0
Ennio_Doorbell,300,6,17186,diagonal_eb,0.99749088,0.873913567839196,0.016,1.0
Ennio_Doorbell,300,6,17186,multiscale_gaussian,0.99747688,0.8732100502512563,0.0156,1.0
Ennio_Doorbell,300,6,17186,multiscale_t,0.99714864,0.8567236180904523,0.0164,1.0
Ennio_Doorbell,300,7,10351,local,0.97799136,0.7601889447236181,0.097,1.0
Ennio_Doorbell,300,7,10351,peer_scale_local_center,0.997927,0.8958291457286431,0.0644,1.0
Ennio_Doorbell,300,7,10351,shared_marginals,0.99824684,0.9119015075376884,0.062,1.0
Ennio_Doorbell,300,7,10351,diagonal_eb,0.97868692,0.7644341708542713,0.0952,1.0
Ennio_Doorbell,300,7,10351,multiscale_gaussian,0.9786626,0.7642150753768845,0.096,1.0
Ennio_Doorbell,300,7,10351,multiscale_t,0.9780078,0.7605386934673367,0.0966,1.0
Ennio_Doorbell,1000,0,23111,local,0.9635174000000001,0.7106331658291457,0.2686,1.0
Ennio_Doorbell,1000,0,23111,peer_scale_local_center,0.9671791999999999,0.763129648241206,0.254,1.0
Ennio_Doorbell,1000,0,23111,shared_marginals,0.9642280799999999,0.7645788944723618,0.2434,1.0
Ennio_Doorbell,1000,0,23111,diagonal_eb,0.96356036,0.7104663316582915,0.2692,1.0
Ennio_Doorbell,1000,0,23111,multiscale_gaussian,0.9635466,0.7102050251256282,0.27,1.0
Ennio_Doorbell,1000,0,23111,multiscale_t,0.9635182400000001,0.7105748743718593,0.2688,1.0
Ennio_Doorbell,1000,1,14485,local,0.9643149200000001,0.7234452261306533,0.2788,1.0
Ennio_Doorbell,1000,1,14485,peer_scale_local_center,0.967804,0.7591276381909549,0.2622,1.0
Ennio_Doorbell,1000,1,14485,shared_marginals,0.9599449599999998,0.7598472361809046,0.2562,1.0
Ennio_Doorbell,1000,1,14485,diagonal_eb,0.96450796,0.7234391959798995,0.2778,1.0
Ennio_Doorbell,1000,1,14485,multiscale_gaussian,0.964253,0.7234412060301508,0.2784,1.0
Ennio_Doorbell,1000,1,14485,multiscale_t,0.9643166400000001,0.7234452261306533,0.2788,1.0
Ennio_Doorbell,1000,2,20065,local,0.96999296,0.722086432160804,0.2024,1.0
Ennio_Doorbell,1000,2,20065,peer_scale_local_center,0.97159336,0.7661688442211055,0.1988,1.0
Ennio_Doorbell,1000,2,20065,shared_marginals,0.9712835599999999,0.7664623115577889,0.193,1.0
Ennio_Doorbell,1000,2,20065,diagonal_eb,0.97032516,0.7220804020100502,0.2016,1.0
Ennio_Doorbell,1000,2,20065,multiscale_gaussian,0.97015236,0.7218311557788945,0.2026,1.0
Ennio_Doorbell,1000,2,20065,multiscale_t,0.96999696,0.722086432160804,0.2024,1.0
Ennio_Doorbell,1000,3,7053,local,0.96335168,0.7481909547738694,0.0992,0.9996
Ennio_Doorbell,1000,3,7053,peer_scale_local_center,0.97254852,0.7637025125628141,0.1042,1.0
Ennio_Doorbell,1000,3,7053,shared_marginals,0.9735342800000001,0.774102512562814,0.1062,1.0
Ennio_Doorbell,1000,3,7053,diagonal_eb,0.9635982799999999,0.7527256281407035,0.0988,0.9996
Ennio_Doorbell,1000,3,7053,multiscale_gaussian,0.9635442799999999,0.7535959798994976,0.099,0.9996
Ennio_Doorbell,1000,3,7053,multiscale_t,0.96337136,0.7488060301507538,0.0992,0.9996
Ennio_Doorbell,1000,4,24198,local,0.99407328,0.7583336683417086,0.001,0.001
Ennio_Doorbell,1000,4,24198,peer_scale_local_center,0.99391072,0.7701527638190955,0.0,0.0
Ennio_Doorbell,1000,4,24198,shared_marginals,0.9938934399999999,0.7813185929648241,0.0,0.0
Ennio_Doorbell,1000,4,24198,diagonal_eb,0.99383576,0.7584120603015077,0.001,0.001
Ennio_Doorbell,1000,4,24198,multiscale_gaussian,0.9938324399999999,0.7582472361809045,0.001,0.001
Ennio_Doorbell,1000,4,24198,multiscale_t,0.99399316,0.7583115577889448,0.001,0.001
Ennio_Doorbell,1000,5,22081,local,0.9670180799999999,0.7233527638190955,0.1326,1.0
Ennio_Doorbell,1000,5,22081,peer_scale_local_center,0.9688902,0.7609668341708542,0.123,1.0
Ennio_Doorbell,1000,5,22081,shared_marginals,0.96898904,0.7609668341708543,0.1194,1.0
Ennio_Doorbell,1000,5,22081,diagonal_eb,0.9673651600000001,0.7233849246231157,0.1312,1.0
Ennio_Doorbell,1000,5,22081,multiscale_gaussian,0.9673486800000001,0.7233969849246231,0.1264,1.0
Ennio_Doorbell,1000,5,22081,multiscale_t,0.96702336,0.723348743718593,0.1326,1.0
Ennio_Doorbell,1000,6,19182,local,0.9703975199999999,0.7126653266331658,0.1832,1.0
Ennio_Doorbell,1000,6,19182,peer_scale_local_center,0.9749268,0.7636040201005025,0.156,1.0
Ennio_Doorbell,1000,6,19182,shared_marginals,0.97155252,0.763718592964824,0.1536,1.0
Ennio_Doorbell,1000,6,19182,diagonal_eb,0.9707819200000001,0.7124884422110553,0.182,1.0
Ennio_Doorbell,1000,6,19182,multiscale_gaussian,0.9705176000000001,0.7123738693467336,0.182,1.0
Ennio_Doorbell,1000,6,19182,multiscale_t,0.97039944,0.7126291457286432,0.183,1.0
Ennio_Doorbell,1000,7,20479,local,0.97202536,0.7210954773869347,0.2336,1.0
Ennio_Doorbell,1000,7,20479,peer_scale_local_center,0.97347772,0.7597708542713568,0.2216,1.0
Ennio_Doorbell,1000,7,20479,shared_marginals,0.9721549599999999,0.7600864321608041,0.2152,1.0
Ennio_Doorbell,1000,7,20479,diagonal_eb,0.9722787199999999,0.7211195979899497,0.234,1.0
Ennio_Doorbell,1000,7,20479,multiscale_gaussian,0.97226548,0.721113567839196,0.2338,1.0
Ennio_Doorbell,1000,7,20479,multiscale_t,0.9719485199999999,0.7210954773869347,0.2336,1.0
Philips_B120N10_Baby_Monitor,30,0,10216,local,0.94271476,0.49748743718592964,0.2696,1.0
Philips_B120N10_Baby_Monitor,30,0,10216,peer_scale_local_center,0.99671208,0.8353005025125628,0.3082,1.0
Philips_B120N10_Baby_Monitor,30,0,10216,shared_marginals,0.99667812,0.833443216080402,0.4074,1.0
Philips_B120N10_Baby_Monitor,30,0,10216,diagonal_eb,0.9444219199999999,0.49748743718592964,0.2262,1.0
Philips_B120N10_Baby_Monitor,30,0,10216,multiscale_gaussian,0.9442377599999999,0.49748743718592964,0.218,1.0
Philips_B120N10_Baby_Monitor,30,0,10216,multiscale_t,0.94337464,0.49748743718592964,0.2664,1.0
Philips_B120N10_Baby_Monitor,30,1,51947,local,0.94298636,0.49748743718592964,0.0554,0.0
Philips_B120N10_Baby_Monitor,30,1,51947,peer_scale_local_center,0.99487744,0.7431015075376884,0.3178,1.0
Philips_B120N10_Baby_Monitor,30,1,51947,shared_marginals,0.99542104,0.7701346733668342,0.3872,1.0
Philips_B120N10_Baby_Monitor,30,1,51947,diagonal_eb,0.9419514000000001,0.49748743718592964,0.0554,0.0
Philips_B120N10_Baby_Monitor,30,1,51947,multiscale_gaussian,0.93798524,0.49748743718592964,0.0562,0.0
Philips_B120N10_Baby_Monitor,30,1,51947,multiscale_t,0.94291976,0.49748743718592964,0.0554,0.0
Philips_B120N10_Baby_Monitor,30,2,6617,local,0.99998856,0.9994251256281408,0.3582,1.0
Philips_B120N10_Baby_Monitor,30,2,6617,peer_scale_local_center,0.99625136,0.8117125628140703,0.084,1.0
Philips_B120N10_Baby_Monitor,30,2,6617,shared_marginals,0.9967603199999999,0.8372140703517588,0.1262,1.0
Philips_B120N10_Baby_Monitor,30,2,6617,diagonal_eb,0.99999912,0.9999557788944724,0.18,1.0
Philips_B120N10_Baby_Monitor,30,2,6617,multiscale_gaussian,0.9999992000000001,0.9999597989949749,0.1662,1.0
Philips_B120N10_Baby_Monitor,30,2,6617,multiscale_t,0.9999990400000001,0.9999517587939698,0.3224,1.0
Philips_B120N10_Baby_Monitor,30,3,4104,local,0.9999870000000001,0.9993467336683417,0.9748,1.0
Philips_B120N10_Baby_Monitor,30,3,4104,peer_scale_local_center,0.9964959600000001,0.8239236180904523,0.1066,1.0
Philips_B120N10_Baby_Monitor,30,3,4104,shared_marginals,0.99694272,0.8463859296482412,0.1388,1.0
Philips_B120N10_Baby_Monitor,30,3,4104,diagonal_eb,0.99999108,0.99955175879397,0.9556,1.0
Philips_B120N10_Baby_Monitor,30,3,4104,multiscale_gaussian,0.99998808,0.9994010050251256,0.9756,1.0
Philips_B120N10_Baby_Monitor,30,3,4104,multiscale_t,0.9999886400000001,0.9994291457286433,0.9752,1.0
Philips_B120N10_Baby_Monitor,30,4,10220,local,0.94531864,0.49748743718592964,0.2532,1.0
Philips_B120N10_Baby_Monitor,30,4,10220,peer_scale_local_center,0.99508896,0.7565668341708544,0.1508,1.0
Philips_B120N10_Baby_Monitor,30,4,10220,shared_marginals,0.9956506,0.782054271356784,0.2238,1.0
Philips_B120N10_Baby_Monitor,30,4,10220,diagonal_eb,0.9479559599999999,0.49748743718592964,0.1934,1.0
Philips_B120N10_Baby_Monitor,30,4,10220,multiscale_gaussian,0.94788892,0.49748743718592964,0.1602,1.0
Philips_B120N10_Baby_Monitor,30,4,10220,multiscale_t,0.9467125599999999,0.49748743718592964,0.247,1.0
Philips_B120N10_Baby_Monitor,30,5,64979,local,0.99729408,0.8722432160804021,0.0,0.0
Philips_B120N10_Baby_Monitor,30,5,64979,peer_scale_local_center,0.9953466400000001,0.7663758793969849,0.0632,1.0
Philips_B120N10_Baby_Monitor,30,5,64979,shared_marginals,0.99602152,0.8001306532663317,0.084,1.0
Philips_B120N10_Baby_Monitor,30,5,64979,diagonal_eb,0.99956176,0.9791316582914573,0.0,0.0
Philips_B120N10_Baby_Monitor,30,5,64979,multiscale_gaussian,0.99593984,0.8266693467336683,0.0,0.0
Philips_B120N10_Baby_Monitor,30,5,64979,multiscale_t,0.99661232,0.8424582914572865,0.0,0.0
Philips_B120N10_Baby_Monitor,30,6,49084,local,0.99984796,0.9923597989949748,0.0,0.0
Philips_B120N10_Baby_Monitor,30,6,49084,peer_scale_local_center,0.9975187200000001,0.8754211055276382,0.0482,1.0
Philips_B120N10_Baby_Monitor,30,6,49084,shared_marginals,0.9979313200000001,0.8960944723618091,0.0704,1.0
Philips_B120N10_Baby_Monitor,30,6,49084,diagonal_eb,0.9999026,0.9951055276381909,0.0,0.0
Philips_B120N10_Baby_Monitor,30,6,49084,multiscale_gaussian,0.99983976,0.9919477386934673,0.0,0.0
Philips_B120N10_Baby_Monitor,30,6,49084,multiscale_t,0.9998526,0.9925929648241205,0.0,0.0
Philips_B120N10_Baby_Monitor,30,7,102629,local,0.99999552,0.9997748743718593,0.0,0.0
Philips_B120N10_Baby_Monitor,30,7,102629,peer_scale_local_center,0.9967166799999999,0.8350150753768844,0.045,1.0
Philips_B120N10_Baby_Monitor,30,7,102629,shared_marginals,0.9973088400000001,0.8647658291457286,0.0608,1.0
Philips_B120N10_Baby_Monitor,30,7,102629,diagonal_eb,0.99999964,0.9999819095477387,0.0,0.0
Philips_B120N10_Baby_Monitor,30,7,102629,multiscale_gaussian,0.9999998,0.9999899497487438,0.0,0.0
Philips_B120N10_Baby_Monitor,30,7,102629,multiscale_t,0.99999812,0.999905527638191,0.0,0.0
Philips_B120N10_Baby_Monitor,100,0,79466,local,0.9360390000000001,0.49748743718592964,0.6284,1.0
Philips_B120N10_Baby_Monitor,100,0,79466,peer_scale_local_center,0.99446708,0.7223457286432161,0.6166,1.0
Philips_B120N10_Baby_Monitor,100,0,79466,shared_marginals,0.9952175600000001,0.7598130653266333,0.6358,1.0
Philips_B120N10_Baby_Monitor,100,0,79466,diagonal_eb,0.9419508400000001,0.49748743718592964,0.5766,1.0
Philips_B120N10_Baby_Monitor,100,0,79466,multiscale_gaussian,0.93956668,0.49748743718592964,0.578,1.0
Philips_B120N10_Baby_Monitor,100,0,79466,multiscale_t,0.93604288,0.49748743718592964,0.6228,1.0
Philips_B120N10_Baby_Monitor,100,1,17847,local,0.9999852,0.9992562814070352,0.0,0.235
Philips_B120N10_Baby_Monitor,100,1,17847,peer_scale_local_center,0.9983962,0.9194070351758794,0.0,0.363
Philips_B120N10_Baby_Monitor,100,1,17847,shared_marginals,0.9974411999999999,0.8714170854271357,0.0006,0.0756
Philips_B120N10_Baby_Monitor,100,1,17847,diagonal_eb,0.999947,0.9973366834170854,0.0004,0.9884
Philips_B120N10_Baby_Monitor,100,1,17847,multiscale_gaussian,0.99978264,0.9890773869346734,0.0008,0.7838
Philips_B120N10_Baby_Monitor,100,1,17847,multiscale_t,0.99994468,0.9972201005025125,0.0,0.0
Philips_B120N10_Baby_Monitor,100,2,31807,local,0.98853912,0.7423175879396985,0.8514,1.0
Philips_B120N10_Baby_Monitor,100,2,31807,peer_scale_local_center,0.99680636,0.8401085427135679,0.6814,1.0
Philips_B120N10_Baby_Monitor,100,2,31807,shared_marginals,0.99721848,0.8603356783919598,0.6946,1.0
Philips_B120N10_Baby_Monitor,100,2,31807,diagonal_eb,0.9909825999999999,0.7906994974874372,0.8002,1.0
Philips_B120N10_Baby_Monitor,100,2,31807,multiscale_gaussian,0.99101908,0.7784160804020099,0.7336,1.0
Philips_B120N10_Baby_Monitor,100,2,31807,multiscale_t,0.9882879600000001,0.7437145728643216,0.8396,1.0
Philips_B120N10_Baby_Monitor,100,3,46701,local,0.99998392,0.999191959798995,0.0,0.0
Philips_B120N10_Baby_Monitor,100,3,46701,peer_scale_local_center,0.99831,0.9150793969849246,0.1192,1.0
Philips_B120N10_Baby_Monitor,100,3,46701,shared_marginals,0.9984658799999999,0.9229085427135679,0.135,1.0
Philips_B120N10_Baby_Monitor,100,3,46701,diagonal_eb,0.99998052,0.9990211055276381,0.0,0.0
Philips_B120N10_Baby_Monitor,100,3,46701,multiscale_gaussian,0.9999842800000001,0.9992100502512562,0.0,0.0
Philips_B120N10_Baby_Monitor,100,3,46701,multiscale_t,0.99998304,0.9991477386934673,0.0,0.0
Philips_B120N10_Baby_Monitor,100,4,87358,local,0.98257408,0.6480402010050251,0.6616,1.0
Philips_B120N10_Baby_Monitor,100,4,87358,peer_scale_local_center,0.9954274,0.7704180904522613,0.4076,1.0
Philips_B120N10_Baby_Monitor,100,4,87358,shared_marginals,0.99604808,0.8014693467336683,0.4112,1.0
Philips_B120N10_Baby_Monitor,100,4,87358,diagonal_eb,0.9941078399999999,0.7673045226130653,0.5862,1.0
Philips_B120N10_Baby_Monitor,100,4,87358,multiscale_gaussian,0.98924448,0.6692301507537688,0.5712,1.0
Philips_B120N10_Baby_Monitor,100,4,87358,multiscale_t,0.98281808,0.6480402010050251,0.6524,1.0
Philips_B120N10_Baby_Monitor,100,5,84926,local,0.9471152,0.49748743718592964,0.7738,1.0
Philips_B120N10_Baby_Monitor,100,5,84926,peer_scale_local_center,0.9927644800000001,0.6606170854271356,0.5336,1.0
Philips_B120N10_Baby_Monitor,100,5,84926,shared_marginals,0.99391504,0.694948743718593,0.5434,1.0
Philips_B120N10_Baby_Monitor,100,5,84926,diagonal_eb,0.94873456,0.49748743718592964,0.706,1.0
Philips_B120N10_Baby_Monitor,100,5,84926,multiscale_gaussian,0.94867616,0.49748743718592964,0.644,1.0
Philips_B120N10_Baby_Monitor,100,5,84926,multiscale_t,0.94729736,0.49748743718592964,0.7672,1.0
Philips_B120N10_Baby_Monitor,100,6,52457,local,0.9932246,0.7536844221105528,0.0,0.0
Philips_B120N10_Baby_Monitor,100,6,52457,peer_scale_local_center,0.99616712,0.8074291457286433,0.3226,1.0
Philips_B120N10_Baby_Monitor,100,6,52457,shared_marginals,0.9970448000000001,0.8514974874371859,0.3398,1.0
Philips_B120N10_Baby_Monitor,100,6,52457,diagonal_eb,0.9996086,0.9818412060301507,0.0,0.0
Philips_B120N10_Baby_Monitor,100,6,52457,multiscale_gaussian,0.99786568,0.8997829145728643,0.0,0.0
Philips_B120N10_Baby_Monitor,100,6,52457,multiscale_t,0.9936444,0.760094472361809,0.0,0.0
Philips_B120N10_Baby_Monitor,100,7,15938,local,0.94357212,0.49748743718592964,0.0512,0.0
Philips_B120N10_Baby_Monitor,100,7,15938,peer_scale_local_center,0.99516888,0.7576180904522614,0.4942,1.0
Philips_B120N10_Baby_Monitor,100,7,15938,shared_marginals,0.99551784,0.7749989949748743,0.503,1.0
Philips_B120N10_Baby_Monitor,100,7,15938,diagonal_eb,0.9442871599999999,0.49748743718592964,0.0512,0.0
Philips_B120N10_Baby_Monitor,100,7,15938,multiscale_gaussian,0.9440744400000001,0.49748743718592964,0.052,0.0
Philips_B120N10_Baby_Monitor,100,7,15938,multiscale_t,0.9436691599999999,0.49748743718592964,0.0512,0.0
Philips_B120N10_Baby_Monitor,300,0,72625,local,0.97092824,0.6516582914572864,0.48,1.0
Philips_B120N10_Baby_Monitor,300,0,72625,peer_scale_local_center,0.99389892,0.6938050251256281,0.3186,1.0
Philips_B120N10_Baby_Monitor,300,0,72625,shared_marginals,0.99477088,0.7373306532663317,0.3238,1.0
Philips_B120N10_Baby_Monitor,300,0,72625,diagonal_eb,0.96915568,0.6516582914572864,0.4742,1.0
Philips_B120N10_Baby_Monitor,300,0,72625,multiscale_gaussian,0.96542404,0.6516582914572864,0.4738,1.0
Philips_B120N10_Baby_Monitor,300,0,72625,multiscale_t,0.9703657200000001,0.6516582914572864,0.4796,1.0
Philips_B120N10_Baby_Monitor,300,1,78288,local,0.9827008,0.6972582914572865,0.5872,1.0
Philips_B120N10_Baby_Monitor,300,1,78288,peer_scale_local_center,0.996704,0.8345125628140704,0.4962,1.0
Philips_B120N10_Baby_Monitor,300,1,78288,shared_marginals,0.99741748,0.8702251256281407,0.4792,1.0
Philips_B120N10_Baby_Monitor,300,1,78288,diagonal_eb,0.9822226,0.6866934673366833,0.575,1.0
Philips_B120N10_Baby_Monitor,300,1,78288,multiscale_gaussian,0.9798997600000001,0.6550572864321608,0.5702,1.0
Philips_B120N10_Baby_Monitor,300,1,78288,multiscale_t,0.98253088,0.6946351758793969,0.5856,1.0
Philips_B120N10_Baby_Monitor,300,2,35251,local,0.9734060000000001,0.6468341708542713,0.5468,1.0
Philips_B120N10_Baby_Monitor,300,2,35251,peer_scale_local_center,0.99725412,0.8620683417085427,0.413,1.0
Philips_B120N10_Baby_Monitor,300,2,35251,shared_marginals,0.997173,0.8579396984924623,0.4136,1.0
Philips_B120N10_Baby_Monitor,300,2,35251,diagonal_eb,0.9760639200000001,0.6468301507537688,0.5288,1.0
Philips_B120N10_Baby_Monitor,300,2,35251,multiscale_gaussian,0.97513628,0.6468301507537688,0.523,1.0
Philips_B120N10_Baby_Monitor,300,2,35251,multiscale_t,0.9734936799999999,0.6468301507537688,0.545,1.0
Philips_B120N10_Baby_Monitor,300,3,105063,local,0.9934310000000001,0.7645728643216081,0.6122,1.0
Philips_B120N10_Baby_Monitor,300,3,105063,peer_scale_local_center,0.99613484,0.8057829145728643,0.451,1.0
Philips_B120N10_Baby_Monitor,300,3,105063,shared_marginals,0.9966999999999999,0.8341708542713567,0.4602,1.0
Philips_B120N10_Baby_Monitor,300,3,105063,diagonal_eb,0.9946193599999998,0.7893065326633166,0.592,1.0
Philips_B120N10_Baby_Monitor,300,3,105063,multiscale_gaussian,0.99396476,0.7775015075376884,0.591,1.0
Philips_B120N10_Baby_Monitor,300,3,105063,multiscale_t,0.9934817999999999,0.766164824120603,0.6102,1.0
Philips_B120N10_Baby_Monitor,300,4,71656,local,0.99560816,0.8861889447236181,0.5018,1.0
Philips_B120N10_Baby_Monitor,300,4,71656,peer_scale_local_center,0.9961900800000001,0.8085587939698493,0.4674,1.0
Philips_B120N10_Baby_Monitor,300,4,71656,shared_marginals,0.99657008,0.8276422110552764,0.489,1.0
Philips_B120N10_Baby_Monitor,300,4,71656,diagonal_eb,0.99665604,0.9041768844221105,0.492,1.0
Philips_B120N10_Baby_Monitor,300,4,71656,multiscale_gaussian,0.99670748,0.8971778894472362,0.494,1.0
Philips_B120N10_Baby_Monitor,300,4,71656,multiscale_t,0.9956466,0.8863577889447236,0.501,1.0
Philips_B120N10_Baby_Monitor,300,5,25237,local,0.9708294799999999,0.7486432160804021,0.2054,1.0
Philips_B120N10_Baby_Monitor,300,5,25237,peer_scale_local_center,0.99631684,0.8149165829145728,0.2462,1.0
Philips_B120N10_Baby_Monitor,300,5,25237,shared_marginals,0.99648896,0.8235658291457286,0.2426,1.0
Philips_B120N10_Baby_Monitor,300,5,25237,diagonal_eb,0.9750999199999999,0.7466874371859296,0.184,1.0
Philips_B120N10_Baby_Monitor,300,5,25237,multiscale_gaussian,0.97714404,0.738824120603015,0.1804,1.0
Philips_B120N10_Baby_Monitor,300,5,25237,multiscale_t,0.97111232,0.7466753768844221,0.2032,1.0
Philips_B120N10_Baby_Monitor,300,6,43251,local,0.92819372,0.49748743718592964,0.241,1.0
Philips_B120N10_Baby_Monitor,300,6,43251,peer_scale_local_center,0.99476524,0.7374653266331659,0.351,1.0
Philips_B120N10_Baby_Monitor,300,6,43251,shared_marginals,0.99533112,0.7657748743718593,0.3496,1.0
Philips_B120N10_Baby_Monitor,300,6,43251,diagonal_eb,0.9258161600000001,0.49748743718592964,0.2284,1.0
Philips_B120N10_Baby_Monitor,300,6,43251,multiscale_gaussian,0.9266078399999998,0.49748743718592964,0.2344,1.0
Philips_B120N10_Baby_Monitor,300,6,43251,multiscale_t,0.92808296,0.49748743718592964,0.2402,1.0
Philips_B120N10_Baby_Monitor,300,7,73545,local,0.99452332,0.8361005025125628,0.4436,1.0
Philips_B120N10_Baby_Monitor,300,7,73545,peer_scale_local_center,0.9972055200000001,0.859575879396985,0.3436,1.0
Philips_B120N10_Baby_Monitor,300,7,73545,shared_marginals,0.9977836,0.8886231155778894,0.3434,1.0
Philips_B120N10_Baby_Monitor,300,7,73545,diagonal_eb,0.9944681599999999,0.8299638190954775,0.4378,1.0
Philips_B120N10_Baby_Monitor,300,7,73545,multiscale_gaussian,0.9929855200000001,0.7850914572864321,0.4366,1.0
Philips_B120N10_Baby_Monitor,300,7,73545,multiscale_t,0.99447048,0.8343477386934675,0.4432,1.0
Philips_B120N10_Baby_Monitor,1000,0,13711,local,0.9999374799999999,0.9968582914572863,0.0,0.0
Philips_B120N10_Baby_Monitor,1000,0,13711,peer_scale_local_center,0.99906976,0.9532542713567839,0.0064,0.999
Philips_B120N10_Baby_Monitor,1000,0,13711,shared_marginals,0.9963328,0.8159155778894472,0.015,0.9998
Philips_B120N10_Baby_Monitor,1000,0,13711,diagonal_eb,0.9999373199999999,0.9968502512562814,0.0,0.0
Philips_B120N10_Baby_Monitor,1000,0,13711,multiscale_gaussian,0.9999324399999999,0.9966050251256282,0.0,0.0
Philips_B120N10_Baby_Monitor,1000,0,13711,multiscale_t,0.99993616,0.9967919597989949,0.0,0.0
Philips_B120N10_Baby_Monitor,1000,1,49156,local,0.9821924,0.7989467336683418,0.0836,1.0
Philips_B120N10_Baby_Monitor,1000,1,49156,peer_scale_local_center,0.99489732,0.8356643216080402,0.02,0.9998
Philips_B120N10_Baby_Monitor,1000,1,49156,shared_marginals,0.9947632399999999,0.816894472361809,0.0204,1.0
Philips_B120N10_Baby_Monitor,1000,1,49156,diagonal_eb,0.98222464,0.801913567839196,0.0826,1.0
Philips_B120N10_Baby_Monitor,1000,1,49156,multiscale_gaussian,0.98234384,0.8036502512562813,0.0828,1.0
Philips_B120N10_Baby_Monitor,1000,1,49156,multiscale_t,0.98226344,0.8003437185929649,0.0834,1.0
Philips_B120N10_Baby_Monitor,1000,2,20056,local,0.9614179999999999,0.747043216080402,0.5522,1.0
Philips_B120N10_Baby_Monitor,1000,2,20056,peer_scale_local_center,0.9950310400000001,0.7509507537688442,0.4664,1.0
Philips_B120N10_Baby_Monitor,1000,2,20056,shared_marginals,0.99603476,0.8008402010050251,0.4608,1.0
Philips_B120N10_Baby_Monitor,1000,2,20056,diagonal_eb,0.9617478399999999,0.7450251256281407,0.5518,1.0
Philips_B120N10_Baby_Monitor,1000,2,20056,multiscale_gaussian,0.9622760799999999,0.7450251256281407,0.5518,1.0
Philips_B120N10_Baby_Monitor,1000,2,20056,multiscale_t,0.9614644,0.747043216080402,0.5522,1.0
Philips_B120N10_Baby_Monitor,1000,3,105713,local,0.98362516,0.6576743718592964,0.518,1.0
Philips_B120N10_Baby_Monitor,1000,3,105713,peer_scale_local_center,0.9948148,0.7408040201005025,0.4598,1.0
Philips_B120N10_Baby_Monitor,1000,3,105713,shared_marginals,0.9964256,0.8206753768844222,0.4604,1.0
Philips_B120N10_Baby_Monitor,1000,3,105713,diagonal_eb,0.983688,0.6572683417085428,0.515,1.0
Philips_B120N10_Baby_Monitor,1000,3,105713,multiscale_gaussian,0.98364992,0.6565286432160804,0.5128,1.0
Philips_B120N10_Baby_Monitor,1000,3,105713,multiscale_t,0.9836198800000001,0.657686432160804,0.5176,1.0
Philips_B120N10_Baby_Monitor,1000,4,104446,local,0.99641428,0.8403638190954774,0.4828,1.0
Philips_B120N10_Baby_Monitor,1000,4,104446,peer_scale_local_center,0.99685948,0.8421929648241206,0.415,1.0
Philips_B120N10_Baby_Monitor,1000,4,104446,shared_marginals,0.9975496,0.8768643216080403,0.4128,1.0
Philips_B120N10_Baby_Monitor,1000,4,104446,diagonal_eb,0.9965108,0.8440562814070353,0.4822,1.0
Philips_B120N10_Baby_Monitor,1000,4,104446,multiscale_gaussian,0.99657876,0.8464924623115577,0.4822,1.0
Philips_B120N10_Baby_Monitor,1000,4,104446,multiscale_t,0.99642156,0.8406170854271358,0.4828,1.0
Philips_B120N10_Baby_Monitor,1000,5,100574,local,0.99802112,0.9012301507537688,0.4106,1.0
Philips_B120N10_Baby_Monitor,1000,5,100574,peer_scale_local_center,0.9975676800000001,0.8777869346733669,0.3458,1.0
Philips_B120N10_Baby_Monitor,1000,5,100574,shared_marginals,0.9977454,0.8867296482412059,0.3412,1.0
Philips_B120N10_Baby_Monitor,1000,5,100574,diagonal_eb,0.99803032,0.9016402010050251,0.409,1.0
Philips_B120N10_Baby_Monitor,1000,5,100574,multiscale_gaussian,0.9979724,0.8986371859296483,0.4092,1.0
Philips_B120N10_Baby_Monitor,1000,5,100574,multiscale_t,0.9980190800000001,0.9011195979899498,0.4104,1.0
Philips_B120N10_Baby_Monitor,1000,6,78494,local,0.98260532,0.6723899497487438,0.5108,1.0
Philips_B120N10_Baby_Monitor,1000,6,78494,peer_scale_local_center,0.99626304,0.8126713567839197,0.445,1.0
Philips_B120N10_Baby_Monitor,1000,6,78494,shared_marginals,0.9970665999999999,0.8527437185929648,0.4296,1.0
Philips_B120N10_Baby_Monitor,1000,6,78494,diagonal_eb,0.9825603999999999,0.6703959798994975,0.5096,1.0
Philips_B120N10_Baby_Monitor,1000,6,78494,multiscale_gaussian,0.98253144,0.6684060301507537,0.5102,1.0
Philips_B120N10_Baby_Monitor,1000,6,78494,multiscale_t,0.9826111200000001,0.6723899497487438,0.5108,1.0
Philips_B120N10_Baby_Monitor,1000,7,33620,local,0.96918252,0.7306592964824121,0.5218,1.0
Philips_B120N10_Baby_Monitor,1000,7,33620,peer_scale_local_center,0.9965003600000001,0.8244482412060302,0.4514,1.0
Philips_B120N10_Baby_Monitor,1000,7,33620,shared_marginals,0.99741748,0.8702251256281408,0.4418,1.0
Philips_B120N10_Baby_Monitor,1000,7,33620,diagonal_eb,0.9692236,0.7287477386934673,0.5216,1.0
Philips_B120N10_Baby_Monitor,1000,7,33620,multiscale_gaussian,0.9691038,0.724916582914573,0.5224,1.0
Philips_B120N10_Baby_Monitor,1000,7,33620,multiscale_t,0.96918492,0.7306592964824121,0.522,1.0
Provision_PT_737E_Security_Camera,30,0,36105,local,0.94595996,0.8121969849246231,0.977,1.0
Provision_PT_737E_Security_Camera,30,0,36105,peer_scale_local_center,0.95620336,0.8512341708542714,0.8822,1.0
Provision_PT_737E_Security_Camera,30,0,36105,shared_marginals,0.99928688,0.9642070351758795,0.8784,1.0
Provision_PT_737E_Security_Camera,30,0,36105,diagonal_eb,0.734073,0.5218653266331659,0.9364,1.0
Provision_PT_737E_Security_Camera,30,0,36105,multiscale_gaussian,0.68290628,0.5958311557788945,0.9698,1.0
Provision_PT_737E_Security_Camera,30,0,36105,multiscale_t,0.94284624,0.8019276381909548,0.9732,1.0
Provision_PT_737E_Security_Camera,30,1,31229,local,0.9994054,0.970775879396985,0.0,0.0
Provision_PT_737E_Security_Camera,30,1,31229,peer_scale_local_center,0.96700344,0.8584422110552764,0.0,0.0
Provision_PT_737E_Security_Camera,30,1,31229,shared_marginals,0.96659636,0.869851256281407,0.0,0.0
Provision_PT_737E_Security_Camera,30,1,31229,diagonal_eb,0.99966448,0.9834251256281408,0.0,0.0
Provision_PT_737E_Security_Camera,30,1,31229,multiscale_gaussian,0.99951088,0.9756683417085428,0.0,0.0
Provision_PT_737E_Security_Camera,30,1,31229,multiscale_t,0.99953016,0.9766130653266332,0.0,0.0
Provision_PT_737E_Security_Camera,30,2,18109,local,0.60670212,0.49748743718592964,0.2826,0.0008
Provision_PT_737E_Security_Camera,30,2,18109,peer_scale_local_center,0.8366298799999999,0.5036,0.3726,1.0
Provision_PT_737E_Security_Camera,30,2,18109,shared_marginals,0.86319456,0.561497487437186,0.4218,1.0
Provision_PT_737E_Security_Camera,30,2,18109,diagonal_eb,0.6023419599999998,0.49748743718592964,0.3202,0.0012
Provision_PT_737E_Security_Camera,30,2,18109,multiscale_gaussian,0.6089262000000001,0.49748743718592964,0.3206,0.0012
Provision_PT_737E_Security_Camera,30,2,18109,multiscale_t,0.6062437999999999,0.49748743718592964,0.3162,0.0008
Provision_PT_737E_Security_Camera,30,3,3593,local,0.6036761199999999,0.49748743718592964,0.0,0.0
Provision_PT_737E_Security_Camera,30,3,3593,peer_scale_local_center,0.9009041199999999,0.706886432160804,0.237,1.0
Provision_PT_737E_Security_Camera,30,3,3593,shared_marginals,0.9132157199999998,0.681772864321608,0.253,1.0
Provision_PT_737E_Security_Camera,30,3,3593,diagonal_eb,0.61256656,0.49748743718592964,0.0,0.0
Provision_PT_737E_Security_Camera,30,3,3593,multiscale_gaussian,0.63921768,0.49748743718592964,0.0,0.0
Provision_PT_737E_Security_Camera,30,3,3593,multiscale_t,0.60408744,0.49748743718592964,0.0,0.0
Provision_PT_737E_Security_Camera,30,4,16536,local,0.6126383200000001,0.49748743718592964,0.2256,0.0
Provision_PT_737E_Security_Camera,30,4,16536,peer_scale_local_center,0.8895068399999998,0.691835175879397,0.2808,1.0
Provision_PT_737E_Security_Camera,30,4,16536,shared_marginals,0.9046590399999999,0.6298291457286432,0.2812,1.0
Provision_PT_737E_Security_Camera,30,4,16536,diagonal_eb,0.64459508,0.49748743718592964,0.227,0.0
Provision_PT_737E_Security_Camera,30,4,16536,multiscale_gaussian,0.73559372,0.49748743718592964,0.2256,0.0
Provision_PT_737E_Security_Camera,30,4,16536,multiscale_t,0.6155778000000001,0.49748743718592964,0.2256,0.0
Provision_PT_737E_Security_Camera,30,5,8653,local,0.8301475599999999,0.7839778894472362,0.0,0.0
Provision_PT_737E_Security_Camera,30,5,8653,peer_scale_local_center,0.9985392399999999,0.9338954773869346,0.0,0.0
Provision_PT_737E_Security_Camera,30,5,8653,shared_marginals,0.9992180399999999,0.9621527638190954,0.0192,1.0
Provision_PT_737E_Security_Camera,30,5,8653,diagonal_eb,0.8245224,0.7865909547738694,0.0,0.0
Provision_PT_737E_Security_Camera,30,5,8653,multiscale_gaussian,0.85388732,0.7867316582914573,0.0,0.0
Provision_PT_737E_Security_Camera,30,5,8653,multiscale_t,0.82994188,0.7833306532663317,0.0,0.0
Provision_PT_737E_Security_Camera,30,6,40140,local,0.44469,0.49748743718592964,0.2822,0.0174
Provision_PT_737E_Security_Camera,30,6,40140,peer_scale_local_center,0.8005581199999999,0.49748743718592964,0.2406,0.6748
Provision_PT_737E_Security_Camera,30,6,40140,shared_marginals,0.84470172,0.49808040201005027,0.2382,0.7888
Provision_PT_737E_Security_Camera,30,6,40140,diagonal_eb,0.45994644,0.49748743718592964,0.3468,0.0472
Provision_PT_737E_Security_Camera,30,6,40140,multiscale_gaussian,0.46224251999999993,0.49748743718592964,0.3384,0.0454
Provision_PT_737E_Security_Camera,30,6,40140,multiscale_t,0.44421284,0.49748743718592964,0.2838,0.0192
Provision_PT_737E_Security_Camera,30,7,32083,local,0.61666128,0.49748743718592964,0.2704,0.0
Provision_PT_737E_Security_Camera,30,7,32083,peer_scale_local_center,0.8598491599999999,0.583278391959799,0.3668,1.0
Provision_PT_737E_Security_Camera,30,7,32083,shared_marginals,0.8902578000000001,0.5976763819095477,0.4084,1.0
Provision_PT_737E_Security_Camera,30,7,32083,diagonal_eb,0.62649376,0.49748743718592964,0.3114,0.0008
Provision_PT_737E_Security_Camera,30,7,32083,multiscale_gaussian,0.6467285200000001,0.49748743718592964,0.3116,0.001
Provision_PT_737E_Security_Camera,30,7,32083,multiscale_t,0.61706856,0.49748743718592964,0.2734,0.0004
Provision_PT_737E_Security_Camera,100,0,2721,local,0.99928484,0.964062311557789,0.0,0.0
Provision_PT_737E_Security_Camera,100,0,2721,peer_scale_local_center,0.99978768,0.9893306532663316,0.0,0.0
Provision_PT_737E_Security_Camera,100,0,2721,shared_marginals,0.9996929999999999,0.9845728643216081,0.0,0.005
Provision_PT_737E_Security_Camera,100,0,2721,diagonal_eb,0.9997083999999999,0.9853467336683417,0.0,0.0
Provision_PT_737E_Security_Camera,100,0,2721,multiscale_gaussian,0.9994597599999999,0.9728522613065327,0.0,0.0
Provision_PT_737E_Security_Camera,100,0,2721,multiscale_t,0.99941796,0.9707517587939698,0.0,0.0
Provision_PT_737E_Security_Camera,100,1,16376,local,0.76096776,0.49748743718592964,0.1622,0.0
Provision_PT_737E_Security_Camera,100,1,16376,peer_scale_local_center,0.8711548000000001,0.6657346733668341,0.249,1.0
Provision_PT_737E_Security_Camera,100,1,16376,shared_marginals,0.8761391199999999,0.6042894472361808,0.2642,1.0
Provision_PT_737E_Security_Camera,100,1,16376,diagonal_eb,0.76089384,0.49748743718592964,0.2184,0.0
Provision_PT_737E_Security_Camera,100,1,16376,multiscale_gaussian,0.7607524800000001,0.49748743718592964,0.1586,0.0
Provision_PT_737E_Security_Camera,100,1,16376,multiscale_t,0.76095832,0.49748743718592964,0.1598,0.0
Provision_PT_737E_Security_Camera,100,2,5955,local,0.9170632799999999,0.8117748743718594,0.0,0.0
Provision_PT_737E_Security_Camera,100,2,5955,peer_scale_local_center,0.998645,0.9322492462311558,0.0,0.0
Provision_PT_737E_Security_Camera,100,2,5955,shared_marginals,0.9988115999999999,0.9405306532663318,0.0806,1.0
Provision_PT_737E_Security_Camera,100,2,5955,diagonal_eb,0.94663208,0.8312442211055276,0.0,0.0
Provision_PT_737E_Security_Camera,100,2,5955,multiscale_gaussian,0.99642,0.8660603015075377,0.0,0.0
Provision_PT_737E_Security_Camera,100,2,5955,multiscale_t,0.9487037599999999,0.8246552763819096,0.0,0.0
Provision_PT_737E_Security_Camera,100,3,25755,local,0.76637176,0.49748743718592964,0.233,0.2186
Provision_PT_737E_Security_Camera,100,3,25755,peer_scale_local_center,0.8757736,0.6641326633165829,0.3772,1.0
Provision_PT_737E_Security_Camera,100,3,25755,shared_marginals,0.8824613200000001,0.6103075376884421,0.3826,1.0
Provision_PT_737E_Security_Camera,100,3,25755,diagonal_eb,0.76633492,0.49748743718592964,0.233,0.216
Provision_PT_737E_Security_Camera,100,3,25755,multiscale_gaussian,0.76639896,0.49748743718592964,0.233,0.3616
Provision_PT_737E_Security_Camera,100,3,25755,multiscale_t,0.7664068399999999,0.49748743718592964,0.233,0.2156
Provision_PT_737E_Security_Camera,100,4,22097,local,0.94252964,0.808227135678392,0.0,0.0
Provision_PT_737E_Security_Camera,100,4,22097,peer_scale_local_center,0.9980815999999999,0.9048984924623116,0.0,0.0
Provision_PT_737E_Security_Camera,100,4,22097,shared_marginals,0.99828452,0.9142934673366834,0.0,0.0
Provision_PT_737E_Security_Camera,100,4,22097,diagonal_eb,0.9637730399999999,0.8240884422110553,0.0,0.0
Provision_PT_737E_Security_Camera,100,4,22097,multiscale_gaussian,0.9924678399999999,0.8427517587939699,0.0,0.0
Provision_PT_737E_Security_Camera,100,4,22097,multiscale_t,0.9571799599999999,0.8112120603015076,0.0,0.0
Provision_PT_737E_Security_Camera,100,5,32188,local,0.99744356,0.8745286432160804,0.0,0.0
Provision_PT_737E_Security_Camera,100,5,32188,peer_scale_local_center,0.99847964,0.9240522613065325,0.0,0.0
Provision_PT_737E_Security_Camera,100,5,32188,shared_marginals,0.9987406,0.9369608040201005,0.0,0.0
Provision_PT_737E_Security_Camera,100,5,32188,diagonal_eb,0.9985267600000001,0.9259718592964823,0.0,0.0
Provision_PT_737E_Security_Camera,100,5,32188,multiscale_gaussian,0.99811244,0.9051477386934674,0.0,0.0
Provision_PT_737E_Security_Camera,100,5,32188,multiscale_t,0.9979302,0.8961125628140703,0.0,0.0
Provision_PT_737E_Security_Camera,100,6,37081,local,0.7724278400000001,0.49748743718592964,0.2162,0.0
Provision_PT_737E_Security_Camera,100,6,37081,peer_scale_local_center,0.8644250400000001,0.5971557788944724,0.2326,1.0
Provision_PT_737E_Security_Camera,100,6,37081,shared_marginals,0.86668352,0.5956160804020101,0.2514,1.0
Provision_PT_737E_Security_Camera,100,6,37081,diagonal_eb,0.77298376,0.49748743718592964,0.22,0.0
Provision_PT_737E_Security_Camera,100,6,37081,multiscale_gaussian,0.77296728,0.49748743718592964,0.2206,0.0
Provision_PT_737E_Security_Camera,100,6,37081,multiscale_t,0.7724814,0.49748743718592964,0.2186,0.0
Provision_PT_737E_Security_Camera,100,7,40838,local,0.99384096,0.7652140703517588,0.0,0.0
Provision_PT_737E_Security_Camera,100,7,40838,peer_scale_local_center,0.9956054000000001,0.8420743718592965,0.0,0.0
Provision_PT_737E_Security_Camera,100,7,40838,shared_marginals,0.99591612,0.8570271356783921,0.0,0.0
Provision_PT_737E_Security_Camera,100,7,40838,diagonal_eb,0.99711088,0.8788040201005025,0.0,0.0
Provision_PT_737E_Security_Camera,100,7,40838,multiscale_gaussian,0.99660116,0.8584844221105528,0.0,0.0
Provision_PT_737E_Security_Camera,100,7,40838,multiscale_t,0.99587332,0.8270130653266332,0.0,0.0
Provision_PT_737E_Security_Camera,300,0,9946,local,0.99487116,0.7679015075376885,0.0,0.0
Provision_PT_737E_Security_Camera,300,0,9946,peer_scale_local_center,0.99664036,0.8430934673366834,0.0,0.0
Provision_PT_737E_Security_Camera,300,0,9946,shared_marginals,0.99841236,0.920219095477387,0.0,0.0
Provision_PT_737E_Security_Camera,300,0,9946,diagonal_eb,0.99595784,0.7969005025125628,0.0,0.0
Provision_PT_737E_Security_Camera,300,0,9946,multiscale_gaussian,0.9961226,0.805175879396985,0.0,0.0
Provision_PT_737E_Security_Camera,300,0,9946,multiscale_t,0.9955109600000001,0.7861608040201005,0.0,0.0
Provision_PT_737E_Security_Camera,300,1,5240,local,0.9991715999999999,0.9583718592964825,0.0,0.0
Provision_PT_737E_Security_Camera,300,1,5240,peer_scale_local_center,0.9990696,0.9532462311557789,0.0,0.0
Provision_PT_737E_Security_Camera,300,1,5240,shared_marginals,0.99923556,0.9615859296482412,0.0,0.0
Provision_PT_737E_Security_Camera,300,1,5240,diagonal_eb,0.99930764,0.965208040201005,0.0,0.0
Provision_PT_737E_Security_Camera,300,1,5240,multiscale_gaussian,0.999232,0.9614070351758794,0.0,0.0
Provision_PT_737E_Security_Camera,300,1,5240,multiscale_t,0.9992276400000001,0.9611879396984924,0.0,0.0
Provision_PT_737E_Security_Camera,300,2,13786,local,0.99745732,0.8722934673366833,0.0312,1.0
Provision_PT_737E_Security_Camera,300,2,13786,peer_scale_local_center,0.99854504,0.926886432160804,0.0068,1.0
Provision_PT_737E_Security_Camera,300,2,13786,shared_marginals,0.9984717599999999,0.9232040201005025,0.0192,1.0
Provision_PT_737E_Security_Camera,300,2,13786,diagonal_eb,0.99778324,0.8886050251256281,0.0314,1.0
Provision_PT_737E_Security_Camera,300,2,13786,multiscale_gaussian,0.99773368,0.8861145728643216,0.0328,1.0
Provision_PT_737E_Security_Camera,300,2,13786,multiscale_t,0.99765856,0.8823618090452261,0.0326,1.0
Provision_PT_737E_Security_Camera,300,3,27531,local,0.9973618399999999,0.8675396984924624,0.0,0.0
Provision_PT_737E_Security_Camera,300,3,27531,peer_scale_local_center,0.99851296,0.9252743718592964,0.0,0.0
Provision_PT_737E_Security_Camera,300,3,27531,shared_marginals,0.99838348,0.9187678391959798,0.0,0.0
Provision_PT_737E_Security_Camera,300,3,27531,diagonal_eb,0.99783748,0.8913628140703518,0.0,0.0
Provision_PT_737E_Security_Camera,300,3,27531,multiscale_gaussian,0.99778772,0.8888663316582914,0.0,0.0
Provision_PT_737E_Security_Camera,300,3,27531,multiscale_t,0.99761692,0.8803035175879397,0.0,0.0
Provision_PT_737E_Security_Camera,300,4,25389,local,0.9935484400000001,0.7083718592964825,0.057,1.0
Provision_PT_737E_Security_Camera,300,4,25389,peer_scale_local_center,0.99859828,0.9295618090452261,0.0488,1.0
Provision_PT_737E_Security_Camera,300,4,25389,shared_marginals,0.99857668,0.9284763819095477,0.0534,1.0
Provision_PT_737E_Security_Camera,300,4,25389,diagonal_eb,0.99458672,0.7437346733668342,0.0574,1.0
Provision_PT_737E_Security_Camera,300,4,25389,multiscale_gaussian,0.99456672,0.7426150753768845,0.0584,1.0
Provision_PT_737E_Security_Camera,300,4,25389,multiscale_t,0.9941151600000001,0.7272964824120604,0.0574,1.0
Provision_PT_737E_Security_Camera,300,5,26073,local,0.96561608,0.7120040201005025,0.0,0.0
Provision_PT_737E_Security_Camera,300,5,26073,peer_scale_local_center,0.97421504,0.7156060301507537,0.0,0.0
Provision_PT_737E_Security_Camera,300,5,26073,shared_marginals,0.9743181999999999,0.7149246231155779,0.0,0.0
Provision_PT_737E_Security_Camera,300,5,26073,diagonal_eb,0.9664012799999999,0.7145648241206031,0.0,0.0
Provision_PT_737E_Security_Camera,300,5,26073,multiscale_gaussian,0.9663433199999999,0.7137145728643216,0.0,0.0
Provision_PT_737E_Security_Camera,300,5,26073,multiscale_t,0.9661091199999999,0.7129346733668342,0.0,0.0
Provision_PT_737E_Security_Camera,300,6,27739,local,0.9915657200000001,0.7162211055276382,0.0,0.0
Provision_PT_737E_Security_Camera,300,6,27739,peer_scale_local_center,0.9979686400000001,0.8979216080402009,0.0,0.0
Provision_PT_737E_Security_Camera,300,6,27739,shared_marginals,0.99806136,0.9025809045226131,0.0,0.0
Provision_PT_737E_Security_Camera,300,6,27739,diagonal_eb,0.9924185999999999,0.7239959798994975,0.0,0.0
Provision_PT_737E_Security_Camera,300,6,27739,multiscale_gaussian,0.9925236000000001,0.7229889447236181,0.0,0.0
Provision_PT_737E_Security_Camera,300,6,27739,multiscale_t,0.9920711600000001,0.7182994974874372,0.0,0.0
Provision_PT_737E_Security_Camera,300,7,40732,local,0.99868332,0.933835175879397,0.0,0.0
Provision_PT_737E_Security_Camera,300,7,40732,peer_scale_local_center,0.99869536,0.934440201005025,0.0,0.0
Provision_PT_737E_Security_Camera,300,7,40732,shared_marginals,0.99863772,0.9315437185929648,0.0,0.0
Provision_PT_737E_Security_Camera,300,7,40732,diagonal_eb,0.99914864,0.9572180904522612,0.0,0.0
Provision_PT_737E_Security_Camera,300,7,40732,multiscale_gaussian,0.9990321999999999,0.9513668341708543,0.0,0.0
Provision_PT_737E_Security_Camera,300,7,40732,multiscale_t,0.99891712,0.94558391959799,0.0,0.0
Provision_PT_737E_Security_Camera,1000,0,38222,local,0.99947392,0.9735638190954774,0.0352,1.0
Provision_PT_737E_Security_Camera,1000,0,38222,peer_scale_local_center,0.99947664,0.9737005025125629,0.0356,1.0
Provision_PT_737E_Security_Camera,1000,0,38222,shared_marginals,0.99935616,0.967646231155779,0.0364,1.0
Provision_PT_737E_Security_Camera,1000,0,38222,diagonal_eb,0.99948752,0.9742472361809046,0.0354,1.0
Provision_PT_737E_Security_Camera,1000,0,38222,multiscale_gaussian,0.99947648,0.9736924623115578,0.0354,1.0
Provision_PT_737E_Security_Camera,1000,0,38222,multiscale_t,0.9994751199999999,0.9736241206030151,0.0352,1.0
Provision_PT_737E_Security_Camera,1000,1,952,local,0.99881752,0.9405788944723619,0.0654,1.0
Provision_PT_737E_Security_Camera,1000,1,952,peer_scale_local_center,0.9985944800000001,0.9293708542713568,0.0618,1.0
Provision_PT_737E_Security_Camera,1000,1,952,shared_marginals,0.99841896,0.9205507537688442,0.061,1.0
Provision_PT_737E_Security_Camera,1000,1,952,diagonal_eb,0.99884736,0.942078391959799,0.0646,1.0
Provision_PT_737E_Security_Camera,1000,1,952,multiscale_gaussian,0.9988232,0.9408643216080401,0.0646,1.0
Provision_PT_737E_Security_Camera,1000,1,952,multiscale_t,0.99882316,0.940862311557789,0.0648,1.0
Provision_PT_737E_Security_Camera,1000,2,37060,local,0.98756728,0.8815618090452262,0.0,0.0
Provision_PT_737E_Security_Camera,1000,2,37060,peer_scale_local_center,0.98236248,0.664980904522613,0.0002,0.0486
Provision_PT_737E_Security_Camera,1000,2,37060,shared_marginals,0.98284008,0.6567819095477387,0.0002,0.0494
Provision_PT_737E_Security_Camera,1000,2,37060,diagonal_eb,0.98763196,0.8827778894472362,0.0,0.0
Provision_PT_737E_Security_Camera,1000,2,37060,multiscale_gaussian,0.98762664,0.8825246231155779,0.0,0.0
Provision_PT_737E_Security_Camera,1000,2,37060,multiscale_t,0.9876276,0.882572864321608,0.0,0.0
Provision_PT_737E_Security_Camera,1000,3,7286,local,0.99858524,0.9289065326633166,0.0904,1.0
Provision_PT_737E_Security_Camera,1000,3,7286,peer_scale_local_center,0.99490016,0.8429386934673366,0.0934,1.0
Provision_PT_737E_Security_Camera,1000,3,7286,shared_marginals,0.99497416,0.839380904522613,0.0906,1.0
Provision_PT_737E_Security_Camera,1000,3,7286,diagonal_eb,0.99861908,0.9306070351758795,0.0904,1.0
Provision_PT_737E_Security_Camera,1000,3,7286,multiscale_gaussian,0.9985918,0.9292361809045226,0.0906,1.0
Provision_PT_737E_Security_Camera,1000,3,7286,multiscale_t,0.9985900400000001,0.9291477386934673,0.0904,1.0
Provision_PT_737E_Security_Camera,1000,4,19232,local,0.9965219200000001,0.8481065326633166,0.0692,1.0
Provision_PT_737E_Security_Camera,1000,4,19232,peer_scale_local_center,0.99780276,0.8896603015075377,0.071,1.0
Provision_PT_737E_Security_Camera,1000,4,19232,shared_marginals,0.99787496,0.8932663316582914,0.073,1.0
Provision_PT_737E_Security_Camera,1000,4,19232,diagonal_eb,0.99695044,0.859159798994975,0.0694,1.0
Provision_PT_737E_Security_Camera,1000,4,19232,multiscale_gaussian,0.9968941600000001,0.8564,0.0692,1.0
Provision_PT_737E_Security_Camera,1000,4,19232,multiscale_t,0.99687032,0.8552341708542714,0.0692,1.0
Provision_PT_737E_Security_Camera,1000,5,38927,local,0.9818532,0.8749386934673367,0.0,0.0
Provision_PT_737E_Security_Camera,1000,5,38927,peer_scale_local_center,0.9781999199999999,0.8041768844221105,0.0,0.0
Provision_PT_737E_Security_Camera,1000,5,38927,shared_marginals,0.97882832,0.8187175879396984,0.0,0.0
Provision_PT_737E_Security_Camera,1000,5,38927,diagonal_eb,0.9816174000000001,0.8754954773869347,0.0,0.0
Provision_PT_737E_Security_Camera,1000,5,38927,multiscale_gaussian,0.98189372,0.8769065326633165,0.0,0.0
Provision_PT_737E_Security_Camera,1000,5,38927,multiscale_t,0.9818782399999999,0.8761829145728643,0.0,0.0
Provision_PT_737E_Security_Camera,1000,6,13425,local,0.99498324,0.772102512562814,0.08,1.0
Provision_PT_737E_Security_Camera,1000,6,13425,peer_scale_local_center,0.99766416,0.8826211055276382,0.0744,1.0
Provision_PT_737E_Security_Camera,1000,6,13425,shared_marginals,0.9976655200000001,0.8826894472361809,0.0736,1.0
Provision_PT_737E_Security_Camera,1000,6,13425,diagonal_eb,0.99543328,0.787175879396985,0.0794,1.0
Provision_PT_737E_Security_Camera,1000,6,13425,multiscale_gaussian,0.99517016,0.7807155778894472,0.0794,1.0
Provision_PT_737E_Security_Camera,1000,6,13425,multiscale_t,0.99509196,0.7771075376884422,0.0796,1.0
Provision_PT_737E_Security_Camera,1000,7,8426,local,0.9986634400000001,0.9328361809045227,0.0444,1.0
Provision_PT_737E_Security_Camera,1000,7,8426,peer_scale_local_center,0.99807024,0.9030412060301508,0.0314,1.0
Provision_PT_737E_Security_Camera,1000,7,8426,shared_marginals,0.99755404,0.8770894472361809,0.0316,1.0
Provision_PT_737E_Security_Camera,1000,7,8426,diagonal_eb,0.9987189200000001,0.9356241206030151,0.0442,1.0
Provision_PT_737E_Security_Camera,1000,7,8426,multiscale_gaussian,0.99866664,0.9329969849246231,0.0442,1.0
Provision_PT_737E_Security_Camera,1000,7,8426,multiscale_t,0.99866696,0.9330130653266333,0.0442,1.0
Provision_PT_838_Security_Camera,30,0,29192,local,0.99919592,0.9595939698492462,0.0,0.0
Provision_PT_838_Security_Camera,30,0,29192,peer_scale_local_center,0.9997326,0.9865628140703517,0.0,0.0002
Provision_PT_838_Security_Camera,30,0,29192,shared_marginals,0.9998616,0.9930452261306533,0.002,0.999
Provision_PT_838_Security_Camera,30,0,29192,diagonal_eb,0.99978716,0.9893045226130655,0.0,0.0
Provision_PT_838_Security_Camera,30,0,29192,multiscale_gaussian,0.99903824,0.9516703517587939,0.0,0.0
Provision_PT_838_Security_Camera,30,0,29192,multiscale_t,0.99904376,0.9519477386934674,0.0,0.0
Provision_PT_838_Security_Camera,30,1,46558,local,0.68794024,0.49748743718592964,0.0,0.0
Provision_PT_838_Security_Camera,30,1,46558,peer_scale_local_center,0.87063304,0.6463658291457286,0.3176,1.0
Provision_PT_838_Security_Camera,30,1,46558,shared_marginals,0.88125568,0.6388502512562814,0.3774,1.0
Provision_PT_838_Security_Camera,30,1,46558,diagonal_eb,0.68816028,0.49748743718592964,0.226,0.0
Provision_PT_838_Security_Camera,30,1,46558,multiscale_gaussian,0.68910044,0.49748743718592964,0.0,0.0
Provision_PT_838_Security_Camera,30,1,46558,multiscale_t,0.6880120000000001,0.49748743718592964,0.0,0.0
Provision_PT_838_Security_Camera,30,2,17042,local,0.99525956,0.8181809045226132,0.0,0.0
Provision_PT_838_Security_Camera,30,2,17042,peer_scale_local_center,0.98912452,0.8373608040201004,0.0,0.006
Provision_PT_838_Security_Camera,30,2,17042,shared_marginals,0.9903100000000001,0.8692623115577889,0.0,0.1718
Provision_PT_838_Security_Camera,30,2,17042,diagonal_eb,0.9969435600000001,0.868564824120603,0.0,0.0
Provision_PT_838_Security_Camera,30,2,17042,multiscale_gaussian,0.9966144,0.8621226130653266,0.0,0.0
Provision_PT_838_Security_Camera,30,2,17042,multiscale_t,0.99622924,0.8528100502512563,0.0,0.0
Provision_PT_838_Security_Camera,30,3,62229,local,0.6761215600000001,0.49748743718592964,0.2926,0.0
Provision_PT_838_Security_Camera,30,3,62229,peer_scale_local_center,0.8683405200000001,0.6217829145728643,0.3188,1.0
Provision_PT_838_Security_Camera,30,3,62229,shared_marginals,0.87665528,0.6234814070351758,0.3664,1.0
Provision_PT_838_Security_Camera,30,3,62229,diagonal_eb,0.67867532,0.49748743718592964,0.2966,0.0
Provision_PT_838_Security_Camera,30,3,62229,multiscale_gaussian,0.6805751999999999,0.49748743718592964,0.2926,0.0
Provision_PT_838_Security_Camera,30,3,62229,multiscale_t,0.67729604,0.49748743718592964,0.2934,0.0
Provision_PT_838_Security_Camera,30,4,14377,local,0.9868598400000002,0.6440462311557789,0.0,0.0
Provision_PT_838_Security_Camera,30,4,14377,peer_scale_local_center,0.99994408,0.9977125628140704,0.0,0.0
Provision_PT_838_Security_Camera,30,4,14377,shared_marginals,0.99999648,0.9998231155778894,0.0,0.0
Provision_PT_838_Security_Camera,30,4,14377,diagonal_eb,0.98762996,0.6421105527638191,0.0,0.0
Provision_PT_838_Security_Camera,30,4,14377,multiscale_gaussian,0.9883090400000001,0.6601185929648241,0.0,0.0
Provision_PT_838_Security_Camera,30,4,14377,multiscale_t,0.98699656,0.641224120603015,0.0,0.0
Provision_PT_838_Security_Camera,30,5,6851,local,0.99358424,0.8447638190954774,0.0,0.0
Provision_PT_838_Security_Camera,30,5,6851,peer_scale_local_center,0.9985846,0.9827738693467337,0.0,0.0
Provision_PT_838_Security_Camera,30,5,6851,shared_marginals,0.98296512,0.8872804020100502,0.0,0.0
Provision_PT_838_Security_Camera,30,5,6851,diagonal_eb,0.9949428400000001,0.8791296482412061,0.0,0.0
Provision_PT_838_Security_Camera,30,5,6851,multiscale_gaussian,0.99515312,0.8831497487437185,0.0,0.0
Provision_PT_838_Security_Camera,30,5,6851,multiscale_t,0.99393012,0.8531175879396985,0.0,0.0
Provision_PT_838_Security_Camera,30,6,33361,local,0.9758693199999999,0.49748743718592964,0.0,0.0
Provision_PT_838_Security_Camera,30,6,33361,peer_scale_local_center,0.9993939599999999,0.969654271356784,0.0008,0.4806
Provision_PT_838_Security_Camera,30,6,33361,shared_marginals,0.9993824,0.968964824120603,0.0006,0.482
Provision_PT_838_Security_Camera,30,6,33361,diagonal_eb,0.9184695600000001,0.49748743718592964,0.1782,0.8238
Provision_PT_838_Security_Camera,30,6,33361,multiscale_gaussian,0.9477349999999999,0.5614311557788945,0.0226,0.6114
Provision_PT_838_Security_Camera,30,6,33361,multiscale_t,0.9546732,0.49748743718592964,0.0,0.0
Provision_PT_838_Security_Camera,30,7,23592,local,0.9853156400000002,0.6353748743718592,0.0,0.0
Provision_PT_838_Security_Camera,30,7,23592,peer_scale_local_center,0.9998244,0.9913989949748744,0.0,0.0
Provision_PT_838_Security_Camera,30,7,23592,shared_marginals,0.9998839199999999,0.9941668341708543,0.0,0.0
Provision_PT_838_Security_Camera,30,7,23592,diagonal_eb,0.9866908,0.6403839195979899,0.0,0.0
Provision_PT_838_Security_Camera,30,7,23592,multiscale_gaussian,0.9876962,0.6619497487437186,0.0,0.0
Provision_PT_838_Security_Camera,30,7,23592,multiscale_t,0.98556972,0.6331597989949749,0.0,0.0
Provision_PT_838_Security_Camera,100,0,51485,local,0.9046508,0.6880180904522613,0.0,0.0
Provision_PT_838_Security_Camera,100,0,51485,peer_scale_local_center,0.8825744400000001,0.6090954773869347,0.0068,0.225
Provision_PT_838_Security_Camera,100,0,51485,shared_marginals,0.8908512399999999,0.6147457286432161,0.0918,0.4076
Provision_PT_838_Security_Camera,100,0,51485,diagonal_eb,0.87694176,0.6741527638190955,0.0,0.0
Provision_PT_838_Security_Camera,100,0,51485,multiscale_gaussian,0.8801439200000001,0.6768201005025125,0.0,0.0
Provision_PT_838_Security_Camera,100,0,51485,multiscale_t,0.8916951200000001,0.6808140703517588,0.0,0.0
Provision_PT_838_Security_Camera,100,1,21924,local,0.9423822399999999,0.5463417085427136,0.81,1.0
Provision_PT_838_Security_Camera,100,1,21924,peer_scale_local_center,0.99969916,0.9852562814070351,0.7892,1.0
Provision_PT_838_Security_Camera,100,1,21924,shared_marginals,0.99952108,0.9759336683417086,0.7234,1.0
Provision_PT_838_Security_Camera,100,1,21924,diagonal_eb,0.95279568,0.5472221105527638,0.8298,1.0
Provision_PT_838_Security_Camera,100,1,21924,multiscale_gaussian,0.98121064,0.650102512562814,0.8184,1.0
Provision_PT_838_Security_Camera,100,1,21924,multiscale_t,0.9436571200000001,0.5464321608040201,0.8182,1.0
Provision_PT_838_Security_Camera,100,2,61550,local,0.54345836,0.49748743718592964,0.289,0.0002
Provision_PT_838_Security_Camera,100,2,61550,peer_scale_local_center,0.64694512,0.49748743718592964,0.8906,0.8064
Provision_PT_838_Security_Camera,100,2,61550,shared_marginals,0.75519792,0.49748743718592964,0.3086,0.8068
Provision_PT_838_Security_Camera,100,2,61550,diagonal_eb,0.55549048,0.49748743718592964,0.2894,0.0002
Provision_PT_838_Security_Camera,100,2,61550,multiscale_gaussian,0.5606040799999998,0.49748743718592964,0.288,0.0
Provision_PT_838_Security_Camera,100,2,61550,multiscale_t,0.5457318,0.49748743718592964,0.289,0.0002
Provision_PT_838_Security_Camera,100,3,33714,local,0.70278508,0.49748743718592964,0.131,0.0
Provision_PT_838_Security_Camera,100,3,33714,peer_scale_local_center,0.81683456,0.49748743718592964,0.2698,0.7888
Provision_PT_838_Security_Camera,100,3,33714,shared_marginals,0.8213089199999999,0.49748743718592964,0.2904,1.0
Provision_PT_838_Security_Camera,100,3,33714,diagonal_eb,0.7025247600000001,0.49748743718592964,0.1312,0.0
Provision_PT_838_Security_Camera,100,3,33714,multiscale_gaussian,0.70265588,0.49748743718592964,0.1308,0.0
Provision_PT_838_Security_Camera,100,3,33714,multiscale_t,0.70273688,0.49748743718592964,0.131,0.0
Provision_PT_838_Security_Camera,100,4,36305,local,0.76225728,0.49748743718592964,0.538,1.0
Provision_PT_838_Security_Camera,100,4,36305,peer_scale_local_center,0.83687668,0.5966914572864321,0.492,1.0
Provision_PT_838_Security_Camera,100,4,36305,shared_marginals,0.8444044800000001,0.5987618090452261,0.4788,1.0
Provision_PT_838_Security_Camera,100,4,36305,diagonal_eb,0.75912068,0.49748743718592964,0.5386,1.0
Provision_PT_838_Security_Camera,100,4,36305,multiscale_gaussian,0.7604987599999999,0.49748743718592964,0.5516,1.0
Provision_PT_838_Security_Camera,100,4,36305,multiscale_t,0.76220832,0.49748743718592964,0.5394,1.0
Provision_PT_838_Security_Camera,100,5,46348,local,0.99721996,0.8833768844221106,0.0,0.0816
Provision_PT_838_Security_Camera,100,5,46348,peer_scale_local_center,0.99876172,0.9377748743718592,0.0446,1.0
Provision_PT_838_Security_Camera,100,5,46348,shared_marginals,0.99863956,0.9316361809045226,0.2194,1.0
Provision_PT_838_Security_Camera,100,5,46348,diagonal_eb,0.99686012,0.8538331658291458,0.0014,0.6374
Provision_PT_838_Security_Camera,100,5,46348,multiscale_gaussian,0.9978902399999999,0.8992100502512563,0.0114,0.9682
Provision_PT_838_Security_Camera,100,5,46348,multiscale_t,0.9973776400000001,0.8890713567839196,0.0002,0.162
Provision_PT_838_Security_Camera,100,6,11559,local,0.9030737999999998,0.7142371859296482,0.0,0.0
Provision_PT_838_Security_Camera,100,6,11559,peer_scale_local_center,0.8560376000000001,0.6303959798994975,0.2378,0.7128
Provision_PT_838_Security_Camera,100,6,11559,shared_marginals,0.8643209999999999,0.6167276381909548,0.2242,0.72
Provision_PT_838_Security_Camera,100,6,11559,diagonal_eb,0.8823545999999999,0.7059879396984925,0.0,0.0
Provision_PT_838_Security_Camera,100,6,11559,multiscale_gaussian,0.88441028,0.7062693467336684,0.0,0.0
Provision_PT_838_Security_Camera,100,6,11559,multiscale_t,0.8964004799999998,0.7089668341708543,0.0,0.0
Provision_PT_838_Security_Camera,100,7,36205,local,0.8797037600000001,0.7068140703517588,0.0,0.0
Provision_PT_838_Security_Camera,100,7,36205,peer_scale_local_center,0.87798964,0.7073869346733669,0.2716,1.0
Provision_PT_838_Security_Camera,100,7,36205,shared_marginals,0.8879625600000001,0.7026251256281407,0.2342,0.7918
Provision_PT_838_Security_Camera,100,7,36205,diagonal_eb,0.8715620000000001,0.7065226130653266,0.0,0.0
Provision_PT_838_Security_Camera,100,7,36205,multiscale_gaussian,0.87366992,0.7066070351758794,0.0,0.0
Provision_PT_838_Security_Camera,100,7,36205,multiscale_t,0.87725244,0.7067095477386935,0.0,0.0
Provision_PT_838_Security_Camera,300,0,61645,local,0.884718,0.854627135678392,0.0,0.0
Provision_PT_838_Security_Camera,300,0,61645,peer_scale_local_center,0.9203792,0.8361065326633166,0.0,0.0
Provision_PT_838_Security_Camera,300,0,61645,shared_marginals,0.9630649600000001,0.8490673366834172,0.0,0.0
Provision_PT_838_Security_Camera,300,0,61645,diagonal_eb,0.88771992,0.8552080402010049,0.0,0.0
Provision_PT_838_Security_Camera,300,0,61645,multiscale_gaussian,0.88805936,0.8552321608040201,0.0,0.0
Provision_PT_838_Security_Camera,300,0,61645,multiscale_t,0.88795328,0.8551778894472362,0.0,0.0
Provision_PT_838_Security_Camera,300,1,31921,local,0.9993337999999999,0.9666994974874372,0.0,0.0
Provision_PT_838_Security_Camera,300,1,31921,peer_scale_local_center,0.9990110400000001,0.9503035175879397,0.0,0.0
Provision_PT_838_Security_Camera,300,1,31921,shared_marginals,0.99844924,0.9220723618090454,0.0,0.0
Provision_PT_838_Security_Camera,300,1,31921,diagonal_eb,0.999496,0.9746753768844221,0.0,0.0
Provision_PT_838_Security_Camera,300,1,31921,multiscale_gaussian,0.9993112000000001,0.9653889447236181,0.0,0.0
Provision_PT_838_Security_Camera,300,1,31921,multiscale_t,0.99931004,0.9653306532663317,0.0,0.0
Provision_PT_838_Security_Camera,300,2,28497,local,0.9994725999999999,0.973497487437186,0.0396,1.0
Provision_PT_838_Security_Camera,300,2,28497,peer_scale_local_center,0.99969376,0.9846110552763819,0.0736,1.0
Provision_PT_838_Security_Camera,300,2,28497,shared_marginals,0.9996459600000001,0.9822090452261307,0.0856,1.0
Provision_PT_838_Security_Camera,300,2,28497,diagonal_eb,0.99951092,0.9754231155778894,0.037,1.0
Provision_PT_838_Security_Camera,300,2,28497,multiscale_gaussian,0.999486,0.9741708542713567,0.039,1.0
Provision_PT_838_Security_Camera,300,2,28497,multiscale_t,0.9994797200000001,0.9738552763819095,0.0392,1.0
Provision_PT_838_Security_Camera,300,3,15020,local,0.99836868,0.9180241206030151,0.4278,1.0
Provision_PT_838_Security_Camera,300,3,15020,peer_scale_local_center,0.9986647599999999,0.9329025125628141,0.0886,1.0
Provision_PT_838_Security_Camera,300,3,15020,shared_marginals,0.99862536,0.9309226130653266,0.0968,1.0
Provision_PT_838_Security_Camera,300,3,15020,diagonal_eb,0.99861792,0.9305487437185931,0.4368,1.0
Provision_PT_838_Security_Camera,300,3,15020,multiscale_gaussian,0.99856016,0.9276462311557789,0.455,1.0
Provision_PT_838_Security_Camera,300,3,15020,multiscale_t,0.99842852,0.9210311557788945,0.431,1.0
Provision_PT_838_Security_Camera,300,4,8700,local,0.99730308,0.8644763819095478,0.0,0.0
Provision_PT_838_Security_Camera,300,4,8700,peer_scale_local_center,0.99578212,0.8654974874371859,0.0,0.0
Provision_PT_838_Security_Camera,300,4,8700,shared_marginals,0.99592172,0.8587256281407034,0.0,0.0
Provision_PT_838_Security_Camera,300,4,8700,diagonal_eb,0.99742812,0.8707597989949749,0.0,0.0
Provision_PT_838_Security_Camera,300,4,8700,multiscale_gaussian,0.997349,0.86678391959799,0.0,0.0
Provision_PT_838_Security_Camera,300,4,8700,multiscale_t,0.9973367200000001,0.8661668341708543,0.0,0.0
Provision_PT_838_Security_Camera,300,5,16531,local,0.99551876,0.8630874371859296,0.0,0.0
Provision_PT_838_Security_Camera,300,5,16531,peer_scale_local_center,0.99878676,0.9390552763819096,0.0,0.0
Provision_PT_838_Security_Camera,300,5,16531,shared_marginals,0.9992724000000001,0.9635115577889448,0.0,0.0
Provision_PT_838_Security_Camera,300,5,16531,diagonal_eb,0.9961182399999999,0.8854874371859296,0.0,0.0
Provision_PT_838_Security_Camera,300,5,16531,multiscale_gaussian,0.99598308,0.8829366834170854,0.0,0.0
Provision_PT_838_Security_Camera,300,5,16531,multiscale_t,0.99590228,0.8793467336683418,0.0,0.0
Provision_PT_838_Security_Camera,300,6,63436,local,0.8637044,0.8384502512562815,0.0,0.0
Provision_PT_838_Security_Camera,300,6,63436,peer_scale_local_center,0.8540090399999999,0.846148743718593,0.0,0.0
Provision_PT_838_Security_Camera,300,6,63436,shared_marginals,0.86550176,0.8555477386934673,0.0,0.0
Provision_PT_838_Security_Camera,300,6,63436,diagonal_eb,0.86597288,0.842062311557789,0.0,0.0
Provision_PT_838_Security_Camera,300,6,63436,multiscale_gaussian,0.8666745600000001,0.8402552763819096,0.0,0.0
Provision_PT_838_Security_Camera,300,6,63436,multiscale_t,0.86585456,0.8397407035175879,0.0,0.0
Provision_PT_838_Security_Camera,300,7,45441,local,0.98658068,0.7277587939698493,0.0,0.0
Provision_PT_838_Security_Camera,300,7,45441,peer_scale_local_center,0.9995529599999999,0.9775356783919598,0.0006,0.6822
Provision_PT_838_Security_Camera,300,7,45441,shared_marginals,0.9996064,0.9802211055276382,0.0114,1.0
Provision_PT_838_Security_Camera,300,7,45441,diagonal_eb,0.98813892,0.7620402010050251,0.0,0.0
Provision_PT_838_Security_Camera,300,7,45441,multiscale_gaussian,0.98733152,0.7472020100502512,0.0,0.0
Provision_PT_838_Security_Camera,300,7,45441,multiscale_t,0.98674628,0.7340442211055276,0.0,0.0
Provision_PT_838_Security_Camera,1000,0,32557,local,0.9844246799999999,0.5272924623115578,0.0436,1.0
Provision_PT_838_Security_Camera,1000,0,32557,peer_scale_local_center,0.9982114799999999,0.9211115577889448,0.0276,1.0
Provision_PT_838_Security_Camera,1000,0,32557,shared_marginals,0.99892356,0.9461648241206031,0.0362,1.0
Provision_PT_838_Security_Camera,1000,0,32557,diagonal_eb,0.98518756,0.5392261306532663,0.0432,1.0
Provision_PT_838_Security_Camera,1000,0,32557,multiscale_gaussian,0.9852788800000001,0.5398954773869347,0.0434,1.0
Provision_PT_838_Security_Camera,1000,0,32557,multiscale_t,0.98498036,0.5350954773869346,0.0436,1.0
Provision_PT_838_Security_Camera,1000,1,6847,local,0.996279,0.8750934673366835,0.0506,1.0
Provision_PT_838_Security_Camera,1000,1,6847,peer_scale_local_center,0.9990314800000001,0.9513306532663317,0.0278,1.0
Provision_PT_838_Security_Camera,1000,1,6847,shared_marginals,0.99912236,0.9558974874371859,0.0258,1.0
Provision_PT_838_Security_Camera,1000,1,6847,diagonal_eb,0.9966444000000001,0.8901386934673367,0.0506,1.0
Provision_PT_838_Security_Camera,1000,1,6847,multiscale_gaussian,0.9965558800000001,0.8858090452261307,0.0506,1.0
Provision_PT_838_Security_Camera,1000,1,6847,multiscale_t,0.99654388,0.8863336683417087,0.0506,1.0
Provision_PT_838_Security_Camera,1000,2,18553,local,0.993632,0.8048160804020101,0.0438,1.0
Provision_PT_838_Security_Camera,1000,2,18553,peer_scale_local_center,0.99954052,0.9769105527638191,0.003,0.9998
Provision_PT_838_Security_Camera,1000,2,18553,shared_marginals,0.99973276,0.9865708542713567,0.0048,1.0
Provision_PT_838_Security_Camera,1000,2,18553,diagonal_eb,0.9938986799999999,0.8134773869346734,0.0438,1.0
Provision_PT_838_Security_Camera,1000,2,18553,multiscale_gaussian,0.993905,0.8136723618090452,0.0438,1.0
Provision_PT_838_Security_Camera,1000,2,18553,multiscale_t,0.99377184,0.810203015075377,0.0438,1.0
Provision_PT_838_Security_Camera,1000,3,62654,local,0.9448558800000001,0.8003195979899498,0.0,0.0
Provision_PT_838_Security_Camera,1000,3,62654,peer_scale_local_center,0.94594688,0.757835175879397,0.0008,0.0
Provision_PT_838_Security_Camera,1000,3,62654,shared_marginals,0.94869908,0.7512522613065327,0.0008,0.0
Provision_PT_838_Security_Camera,1000,3,62654,diagonal_eb,0.9450259999999999,0.8005849246231156,0.0,0.0
Provision_PT_838_Security_Camera,1000,3,62654,multiscale_gaussian,0.9448990400000001,0.8004160804020101,0.0,0.0
Provision_PT_838_Security_Camera,1000,3,62654,multiscale_t,0.9448990400000001,0.8004160804020101,0.0,0.0
Provision_PT_838_Security_Camera,1000,4,29641,local,0.9632548799999999,0.8400944723618091,0.0,0.0022
Provision_PT_838_Security_Camera,1000,4,29641,peer_scale_local_center,0.9621277599999999,0.7223778894472362,0.0014,0.0496
Provision_PT_838_Security_Camera,1000,4,29641,shared_marginals,0.9599584800000001,0.7079356783919599,0.0014,0.0496
Provision_PT_838_Security_Camera,1000,4,29641,diagonal_eb,0.96339288,0.8410633165829146,0.0,0.0074
Provision_PT_838_Security_Camera,1000,4,29641,multiscale_gaussian,0.9635181600000001,0.8415175879396986,0.0,0.0072
Provision_PT_838_Security_Camera,1000,4,29641,multiscale_t,0.96351728,0.8414753768844221,0.0,0.0058
Provision_PT_838_Security_Camera,1000,5,37313,local,0.9851398399999999,0.6485668341708543,0.0684,1.0
Provision_PT_838_Security_Camera,1000,5,37313,peer_scale_local_center,0.99627648,0.8793005025125629,0.0586,1.0
Provision_PT_838_Security_Camera,1000,5,37313,shared_marginals,0.99775324,0.8874693467336684,0.0586,1.0
Provision_PT_838_Security_Camera,1000,5,37313,diagonal_eb,0.9856426800000001,0.6549708542713568,0.068,1.0
Provision_PT_838_Security_Camera,1000,5,37313,multiscale_gaussian,0.9856702,0.6555959798994975,0.0682,1.0
Provision_PT_838_Security_Camera,1000,5,37313,multiscale_t,0.9854931600000001,0.65281608040201,0.0682,1.0
Provision_PT_838_Security_Camera,1000,6,1118,local,0.98929656,0.8258070351758793,0.0252,0.8014
Provision_PT_838_Security_Camera,1000,6,1118,peer_scale_local_center,0.9841396400000001,0.6516,0.0388,0.8024
Provision_PT_838_Security_Camera,1000,6,1118,shared_marginals,0.98482916,0.6460140703517588,0.0414,0.8024
Provision_PT_838_Security_Camera,1000,6,1118,diagonal_eb,0.9892542000000001,0.8256341708542714,0.0252,0.8014
Provision_PT_838_Security_Camera,1000,6,1118,multiscale_gaussian,0.98929448,0.8256603015075377,0.025,0.8014
Provision_PT_838_Security_Camera,1000,6,1118,multiscale_t,0.98929492,0.8256924623115578,0.0248,0.8014
Provision_PT_838_Security_Camera,1000,7,39537,local,0.98608308,0.8485849246231156,0.0656,0.9998
Provision_PT_838_Security_Camera,1000,7,39537,peer_scale_local_center,0.98794208,0.8311256281407036,0.0616,0.9998
Provision_PT_838_Security_Camera,1000,7,39537,shared_marginals,0.98848304,0.8361427135678392,0.063,0.9998
Provision_PT_838_Security_Camera,1000,7,39537,diagonal_eb,0.98636272,0.8503457286432161,0.0656,0.9998
Provision_PT_838_Security_Camera,1000,7,39537,multiscale_gaussian,0.98646736,0.851332663316583,0.0654,0.9998
Provision_PT_838_Security_Camera,1000,7,39537,multiscale_t,0.9864743199999999,0.8514110552763818,0.0654,0.9998
Samsung_SNH_1011_N_Webcam,30,0,5319,local,0.9176324,0.4978492462311558,0.0534,0.005
Samsung_SNH_1011_N_Webcam,30,0,5319,peer_scale_local_center,0.99943992,0.9718552763819096,0.0096,1.0
Samsung_SNH_1011_N_Webcam,30,0,5319,shared_marginals,0.9994162,0.9706633165829146,0.0166,1.0
Samsung_SNH_1011_N_Webcam,30,0,5319,diagonal_eb,0.9131627600000001,0.4979638190954774,0.0546,0.005
Samsung_SNH_1011_N_Webcam,30,0,5319,multiscale_gaussian,0.8963590800000001,0.4980040201005025,0.0546,0.005
Samsung_SNH_1011_N_Webcam,30,0,5319,multiscale_t,0.9164768,0.4978492462311558,0.0534,0.005
Samsung_SNH_1011_N_Webcam,30,1,26894,local,0.71385124,0.4979537688442211,0.261,0.0044
Samsung_SNH_1011_N_Webcam,30,1,26894,peer_scale_local_center,0.99917124,0.9583537688442212,0.0132,1.0
Samsung_SNH_1011_N_Webcam,30,1,26894,shared_marginals,0.99914716,0.9571437185929649,0.0296,1.0
Samsung_SNH_1011_N_Webcam,30,1,26894,diagonal_eb,0.72219364,0.49783517587939696,0.2652,0.0044
Samsung_SNH_1011_N_Webcam,30,1,26894,multiscale_gaussian,0.7214323599999999,0.4978030150753769,0.2716,0.0044
Samsung_SNH_1011_N_Webcam,30,1,26894,multiscale_t,0.71389032,0.4979356783919598,0.2622,0.0044
Samsung_SNH_1011_N_Webcam,30,2,6679,local,0.8223131199999999,0.49777688442211054,0.0184,0.0012
Samsung_SNH_1011_N_Webcam,30,2,6679,peer_scale_local_center,0.99944336,0.9720281407035176,0.078,1.0
Samsung_SNH_1011_N_Webcam,30,2,6679,shared_marginals,0.99913884,0.9567256281407035,0.0884,1.0
Samsung_SNH_1011_N_Webcam,30,2,6679,diagonal_eb,0.8134503599999999,0.49777688442211054,0.0248,0.0016
Samsung_SNH_1011_N_Webcam,30,2,6679,multiscale_gaussian,0.7980097199999999,0.49777688442211054,0.031,0.0018
Samsung_SNH_1011_N_Webcam,30,2,6679,multiscale_t,0.81933928,0.49777688442211054,0.0184,0.0014
Samsung_SNH_1011_N_Webcam,30,3,25312,local,0.72000796,0.4979758793969849,0.2546,0.0056
Samsung_SNH_1011_N_Webcam,30,3,25312,peer_scale_local_center,0.99951192,0.9754733668341709,0.0112,1.0
Samsung_SNH_1011_N_Webcam,30,3,25312,shared_marginals,0.99913524,0.9565447236180904,0.0214,1.0
Samsung_SNH_1011_N_Webcam,30,3,25312,diagonal_eb,0.72787132,0.4979597989949749,0.2598,0.0056
Samsung_SNH_1011_N_Webcam,30,3,25312,multiscale_gaussian,0.7273810399999999,0.4979356783919598,0.2666,0.0056
Samsung_SNH_1011_N_Webcam,30,3,25312,multiscale_t,0.72017152,0.49796984924623117,0.2562,0.0056
Samsung_SNH_1011_N_Webcam,30,4,6515,local,0.9402549199999999,0.49768040201005026,0.0494,0.0036
Samsung_SNH_1011_N_Webcam,30,4,6515,peer_scale_local_center,0.9988682799999999,0.9431296482412059,0.012,1.0
Samsung_SNH_1011_N_Webcam,30,4,6515,shared_marginals,0.9985928000000001,0.9292864321608041,0.0304,1.0
Samsung_SNH_1011_N_Webcam,30,4,6515,diagonal_eb,0.94237692,0.497686432160804,0.0508,0.0036
Samsung_SNH_1011_N_Webcam,30,4,6515,multiscale_gaussian,0.94672064,0.4978673366834171,0.0508,0.0036
Samsung_SNH_1011_N_Webcam,30,4,6515,multiscale_t,0.94052468,0.49768040201005026,0.0494,0.0036
Samsung_SNH_1011_N_Webcam,30,5,29371,local,0.7387396399999999,0.49774472361809047,0.2474,0.0028
Samsung_SNH_1011_N_Webcam,30,5,29371,peer_scale_local_center,0.99935172,0.9674231155778894,0.0124,1.0
Samsung_SNH_1011_N_Webcam,30,5,29371,shared_marginals,0.9995774000000001,0.9787638190954774,0.0322,1.0
Samsung_SNH_1011_N_Webcam,30,5,29371,diagonal_eb,0.7438529599999999,0.4977809045226131,0.2484,0.0028
Samsung_SNH_1011_N_Webcam,30,5,29371,multiscale_gaussian,0.74548732,0.4976924623115578,0.2524,0.0028
Samsung_SNH_1011_N_Webcam,30,5,29371,multiscale_t,0.7387677199999999,0.4977246231155779,0.2474,0.0028
Samsung_SNH_1011_N_Webcam,30,6,18915,local,0.45389764000000005,0.4976060301507538,0.2418,0.004
Samsung_SNH_1011_N_Webcam,30,6,18915,peer_scale_local_center,0.61206188,0.7972562814070352,0.0014,0.5976
Samsung_SNH_1011_N_Webcam,30,6,18915,shared_marginals,0.95689676,0.7977788944723618,0.0032,0.5994
Samsung_SNH_1011_N_Webcam,30,6,18915,diagonal_eb,0.4590114,0.4976582914572864,0.244,0.004
Samsung_SNH_1011_N_Webcam,30,6,18915,multiscale_gaussian,0.46114224,0.49765628140703516,0.2456,0.004
Samsung_SNH_1011_N_Webcam,30,6,18915,multiscale_t,0.45419232,0.49760402010050253,0.242,0.004
Samsung_SNH_1011_N_Webcam,30,7,30065,local,0.72972952,0.4977427135678392,0.2458,0.0034
Samsung_SNH_1011_N_Webcam,30,7,30065,peer_scale_local_center,0.9989631999999999,0.9478994974874373,0.1108,1.0
Samsung_SNH_1011_N_Webcam,30,7,30065,shared_marginals,0.99917776,0.9586814070351759,0.1212,1.0
Samsung_SNH_1011_N_Webcam,30,7,30065,diagonal_eb,0.7400371200000001,0.4977286432160804,0.2504,0.0034
Samsung_SNH_1011_N_Webcam,30,7,30065,multiscale_gaussian,0.74289228,0.4977286432160804,0.2736,1.0
Samsung_SNH_1011_N_Webcam,30,7,30065,multiscale_t,0.73078632,0.4977427135678392,0.247,0.0034
Samsung_SNH_1011_N_Webcam,100,0,21256,local,0.9977468399999999,0.8867758793969849,0.0804,1.0
Samsung_SNH_1011_N_Webcam,100,0,21256,peer_scale_local_center,0.99966928,0.9833809045226131,0.1036,1.0
Samsung_SNH_1011_N_Webcam,100,0,21256,shared_marginals,0.99934444,0.9670572864321608,0.107,1.0
Samsung_SNH_1011_N_Webcam,100,0,21256,diagonal_eb,0.9981496,0.9070150753768844,0.0794,1.0
Samsung_SNH_1011_N_Webcam,100,0,21256,multiscale_gaussian,0.99798844,0.8989165829145729,0.0802,1.0
Samsung_SNH_1011_N_Webcam,100,0,21256,multiscale_t,0.99782736,0.8908221105527638,0.0804,1.0
Samsung_SNH_1011_N_Webcam,100,1,18638,local,0.71234436,0.4978954773869347,0.2662,0.0046
Samsung_SNH_1011_N_Webcam,100,1,18638,peer_scale_local_center,0.99884204,0.9418110552763819,0.011,1.0
Samsung_SNH_1011_N_Webcam,100,1,18638,shared_marginals,0.99903476,0.9514954773869346,0.021,1.0
Samsung_SNH_1011_N_Webcam,100,1,18638,diagonal_eb,0.7149205599999999,0.49783718592964826,0.2662,0.0046
Samsung_SNH_1011_N_Webcam,100,1,18638,multiscale_gaussian,0.71464356,0.497827135678392,0.2678,0.0046
Samsung_SNH_1011_N_Webcam,100,1,18638,multiscale_t,0.7124726000000001,0.4978954773869347,0.2662,0.0046
Samsung_SNH_1011_N_Webcam,100,2,11549,local,0.7093557199999999,0.4979758793969849,0.3748,1.0
Samsung_SNH_1011_N_Webcam,100,2,11549,peer_scale_local_center,0.99831908,0.9155316582914572,0.4056,1.0
Samsung_SNH_1011_N_Webcam,100,2,11549,shared_marginals,0.9982974400000001,0.9144442211055276,0.3914,1.0
Samsung_SNH_1011_N_Webcam,100,2,11549,diagonal_eb,0.7118328,0.49795175879396986,0.3954,1.0
Samsung_SNH_1011_N_Webcam,100,2,11549,multiscale_gaussian,0.71110496,0.49795175879396986,0.397,1.0
Samsung_SNH_1011_N_Webcam,100,2,11549,multiscale_t,0.7093692,0.49797386934673366,0.3758,1.0
Samsung_SNH_1011_N_Webcam,100,3,29802,local,0.7119394400000001,0.4978110552763819,0.4794,1.0
Samsung_SNH_1011_N_Webcam,100,3,29802,peer_scale_local_center,0.9992047199999999,0.9600361809045226,0.2396,1.0
Samsung_SNH_1011_N_Webcam,100,3,29802,shared_marginals,0.9991281200000001,0.9561869346733669,0.2192,1.0
Samsung_SNH_1011_N_Webcam,100,3,29802,diagonal_eb,0.71313844,0.4977788944723618,0.471,1.0
Samsung_SNH_1011_N_Webcam,100,3,29802,multiscale_gaussian,0.7142605999999999,0.4977788944723618,0.4868,1.0
Samsung_SNH_1011_N_Webcam,100,3,29802,multiscale_t,0.7120219600000001,0.4978110552763819,0.48,1.0
Samsung_SNH_1011_N_Webcam,100,4,8630,local,0.99911044,0.9552984924623116,0.0,0.0
Samsung_SNH_1011_N_Webcam,100,4,8630,peer_scale_local_center,0.9993508,0.9673768844221105,0.0078,1.0
Samsung_SNH_1011_N_Webcam,100,4,8630,shared_marginals,0.9994648,0.9731055276381909,0.0094,1.0
Samsung_SNH_1011_N_Webcam,100,4,8630,diagonal_eb,0.99912568,0.9560643216080402,0.0,0.0
Samsung_SNH_1011_N_Webcam,100,4,8630,multiscale_gaussian,0.9991146000000001,0.9555075376884422,0.0,0.0
Samsung_SNH_1011_N_Webcam,100,4,8630,multiscale_t,0.9991116,0.955356783919598,0.0,0.0
Samsung_SNH_1011_N_Webcam,100,5,7268,local,0.9990849199999999,0.95401608040201,0.0,0.0
Samsung_SNH_1011_N_Webcam,100,5,7268,peer_scale_local_center,0.99950068,0.9749085427135677,0.0302,1.0
Samsung_SNH_1011_N_Webcam,100,5,7268,shared_marginals,0.99942228,0.9709688442211055,0.031,1.0
Samsung_SNH_1011_N_Webcam,100,5,7268,diagonal_eb,0.99910296,0.9549226130653266,0.0,0.0
Samsung_SNH_1011_N_Webcam,100,5,7268,multiscale_gaussian,0.9990964,0.9545929648241207,0.0,0.0
Samsung_SNH_1011_N_Webcam,100,5,7268,multiscale_t,0.9991714399999999,0.9583638190954773,0.0,0.0
Samsung_SNH_1011_N_Webcam,100,6,1271,local,0.9323206399999999,0.49781909547738695,0.2778,1.0
Samsung_SNH_1011_N_Webcam,100,6,1271,peer_scale_local_center,0.99872352,0.9358552763819096,0.242,1.0
Samsung_SNH_1011_N_Webcam,100,6,1271,shared_marginals,0.99898052,0.9487698492462311,0.2556,1.0
Samsung_SNH_1011_N_Webcam,100,6,1271,diagonal_eb,0.93334208,0.4978492462311558,0.2942,1.0
Samsung_SNH_1011_N_Webcam,100,6,1271,multiscale_gaussian,0.9375005599999999,0.49786934673366834,0.334,1.0
Samsung_SNH_1011_N_Webcam,100,6,1271,multiscale_t,0.93240136,0.49781909547738695,0.283,1.0
Samsung_SNH_1011_N_Webcam,100,7,25040,local,0.91937032,0.497694472361809,0.2812,1.0
Samsung_SNH_1011_N_Webcam,100,7,25040,peer_scale_local_center,0.9978346,0.8911859296482412,0.4614,1.0
Samsung_SNH_1011_N_Webcam,100,7,25040,shared_marginals,0.99814068,0.9065668341708544,0.3788,1.0
Samsung_SNH_1011_N_Webcam,100,7,25040,diagonal_eb,0.92388536,0.49769849246231157,0.2878,1.0
Samsung_SNH_1011_N_Webcam,100,7,25040,multiscale_gaussian,0.9198900799999999,0.4977246231155779,0.2758,1.0
Samsung_SNH_1011_N_Webcam,100,7,25040,multiscale_t,0.91923652,0.497694472361809,0.2806,1.0
Samsung_SNH_1011_N_Webcam,300,0,25398,local,0.9953768,0.7676904522613065,0.0448,1.0
Samsung_SNH_1011_N_Webcam,300,0,25398,peer_scale_local_center,0.99858676,0.9289829145728643,0.0364,1.0
Samsung_SNH_1011_N_Webcam,300,0,25398,shared_marginals,0.99881744,0.9405748743718593,0.039,1.0
Samsung_SNH_1011_N_Webcam,300,0,25398,diagonal_eb,0.99558132,0.7779557788944724,0.045,1.0
Samsung_SNH_1011_N_Webcam,300,0,25398,multiscale_gaussian,0.99529528,0.7677366834170853,0.045,1.0
Samsung_SNH_1011_N_Webcam,300,0,25398,multiscale_t,0.99529636,0.7677869346733668,0.0448,1.0
Samsung_SNH_1011_N_Webcam,300,1,4032,local,0.7280762000000001,0.4978552763819096,0.2608,0.0034
Samsung_SNH_1011_N_Webcam,300,1,4032,peer_scale_local_center,0.9984022,0.9197085427135678,0.4578,1.0
Samsung_SNH_1011_N_Webcam,300,1,4032,shared_marginals,0.99837572,0.9183778894472361,0.4608,1.0
Samsung_SNH_1011_N_Webcam,300,1,4032,diagonal_eb,0.7288492799999999,0.49784723618090454,0.26,0.0034
Samsung_SNH_1011_N_Webcam,300,1,4032,multiscale_gaussian,0.72912444,0.497843216080402,0.26,0.0034
Samsung_SNH_1011_N_Webcam,300,1,4032,multiscale_t,0.72808072,0.4978532663316583,0.2608,0.0034
Samsung_SNH_1011_N_Webcam,300,2,7749,local,0.74379732,0.49766834170854274,0.2466,0.0032
Samsung_SNH_1011_N_Webcam,300,2,7749,peer_scale_local_center,0.9972861999999999,0.8636281407035176,0.45,1.0
Samsung_SNH_1011_N_Webcam,300,2,7749,shared_marginals,0.9975004799999999,0.8743959798994976,0.44,1.0
Samsung_SNH_1011_N_Webcam,300,2,7749,diagonal_eb,0.74438244,0.49766834170854274,0.2476,0.0032
Samsung_SNH_1011_N_Webcam,300,2,7749,multiscale_gaussian,0.7440172799999999,0.49766834170854274,0.2474,0.0032
Samsung_SNH_1011_N_Webcam,300,2,7749,multiscale_t,0.7438059199999999,0.49766834170854274,0.2466,0.0032
Samsung_SNH_1011_N_Webcam,300,3,32143,local,0.9992829999999999,0.9639698492462312,0.1182,1.0
Samsung_SNH_1011_N_Webcam,300,3,32143,peer_scale_local_center,0.99967224,0.983529648241206,0.0582,1.0
Samsung_SNH_1011_N_Webcam,300,3,32143,shared_marginals,0.99881288,0.9403457286432161,0.0544,1.0
Samsung_SNH_1011_N_Webcam,300,3,32143,diagonal_eb,0.9994423600000001,0.9719778894472362,0.088,1.0
Samsung_SNH_1011_N_Webcam,300,3,32143,multiscale_gaussian,0.99968104,0.9839718592964823,0.1218,1.0
Samsung_SNH_1011_N_Webcam,300,3,32143,multiscale_t,0.99952188,0.9759738693467337,0.1214,1.0
Samsung_SNH_1011_N_Webcam,300,4,32494,local,0.98572464,0.8026854271356784,0.0,0.0
Samsung_SNH_1011_N_Webcam,300,4,32494,peer_scale_local_center,0.98838992,0.8026693467336683,0.0026,0.608
Samsung_SNH_1011_N_Webcam,300,4,32494,shared_marginals,0.98945904,0.8012381909547739,0.0032,0.608
Samsung_SNH_1011_N_Webcam,300,4,32494,diagonal_eb,0.98619676,0.8027718592964823,0.0,0.0
Samsung_SNH_1011_N_Webcam,300,4,32494,multiscale_gaussian,0.9858832,0.8027738693467337,0.0,0.0
Samsung_SNH_1011_N_Webcam,300,4,32494,multiscale_t,0.98580412,0.8027396984924622,0.0,0.0
Samsung_SNH_1011_N_Webcam,300,5,2164,local,0.93792648,0.49766834170854274,0.0458,0.0038
Samsung_SNH_1011_N_Webcam,300,5,2164,peer_scale_local_center,0.99712304,0.8554291457286433,0.084,1.0
Samsung_SNH_1011_N_Webcam,300,5,2164,shared_marginals,0.99747728,0.8732301507537689,0.0864,1.0
Samsung_SNH_1011_N_Webcam,300,5,2164,diagonal_eb,0.93872988,0.4976643216080402,0.0458,0.0038
Samsung_SNH_1011_N_Webcam,300,5,2164,multiscale_gaussian,0.9384256400000001,0.4976582914572864,0.0458,0.0038
Samsung_SNH_1011_N_Webcam,300,5,2164,multiscale_t,0.9379250399999999,0.49766834170854274,0.0458,0.0038
Samsung_SNH_1011_N_Webcam,300,6,10452,local,0.74749212,0.4976180904522613,0.2112,0.0036
Samsung_SNH_1011_N_Webcam,300,6,10452,peer_scale_local_center,0.99780276,0.8895859296482412,0.4076,1.0
Samsung_SNH_1011_N_Webcam,300,6,10452,shared_marginals,0.9979355599999999,0.8962592964824121,0.4102,1.0
Samsung_SNH_1011_N_Webcam,300,6,10452,diagonal_eb,0.7478955599999999,0.49761608040201005,0.2112,0.0036
Samsung_SNH_1011_N_Webcam,300,6,10452,multiscale_gaussian,0.7485174,0.4975678391959799,0.21,0.0036
Samsung_SNH_1011_N_Webcam,300,6,10452,multiscale_t,0.7475002799999999,0.49761005025125626,0.2112,0.0036
Samsung_SNH_1011_N_Webcam,300,7,9088,local,0.92709292,0.49778291457286433,0.0612,0.0044
Samsung_SNH_1011_N_Webcam,300,7,9088,peer_scale_local_center,0.99745116,0.8719175879396985,0.2414,1.0
Samsung_SNH_1011_N_Webcam,300,7,9088,shared_marginals,0.99759124,0.878956783919598,0.2498,1.0
Samsung_SNH_1011_N_Webcam,300,7,9088,diagonal_eb,0.9276143600000001,0.49778291457286433,0.0612,0.0044
Samsung_SNH_1011_N_Webcam,300,7,9088,multiscale_gaussian,0.9261701600000001,0.49778291457286433,0.0612,0.0044
Samsung_SNH_1011_N_Webcam,300,7,9088,multiscale_t,0.92703176,0.49778291457286433,0.0612,0.0044
Samsung_SNH_1011_N_Webcam,1000,0,1803,local,0.99556612,0.7811798994974875,0.0778,1.0
Samsung_SNH_1011_N_Webcam,1000,0,1803,peer_scale_local_center,0.99876908,0.9381447236180904,0.156,1.0
Samsung_SNH_1011_N_Webcam,1000,0,1803,shared_marginals,0.99931596,0.9656261306532663,0.1182,1.0
Samsung_SNH_1011_N_Webcam,1000,0,1803,diagonal_eb,0.9957528,0.7865728643216081,0.0778,1.0
Samsung_SNH_1011_N_Webcam,1000,0,1803,multiscale_gaussian,0.99542464,0.7820462311557789,0.0776,1.0
Samsung_SNH_1011_N_Webcam,1000,0,1803,multiscale_t,0.99549008,0.7813467336683417,0.0776,1.0
Samsung_SNH_1011_N_Webcam,1000,1,20844,local,0.99248388,0.7705467336683417,0.0532,1.0
Samsung_SNH_1011_N_Webcam,1000,1,20844,peer_scale_local_center,0.9981108399999999,0.9050673366834172,0.0666,1.0
Samsung_SNH_1011_N_Webcam,1000,1,20844,shared_marginals,0.9982599600000001,0.9125608040201005,0.066,1.0
Samsung_SNH_1011_N_Webcam,1000,1,20844,diagonal_eb,0.99269644,0.7731256281407035,0.0532,1.0
Samsung_SNH_1011_N_Webcam,1000,1,20844,multiscale_gaussian,0.9924305200000001,0.7718894472361809,0.0532,1.0
Samsung_SNH_1011_N_Webcam,1000,1,20844,multiscale_t,0.9924096,0.7708180904522612,0.0532,1.0
Samsung_SNH_1011_N_Webcam,1000,2,31580,local,0.992229,0.8007256281407036,0.0,0.4052
Samsung_SNH_1011_N_Webcam,1000,2,31580,peer_scale_local_center,0.9921511599999999,0.8007979899497488,0.0,0.5214
Samsung_SNH_1011_N_Webcam,1000,2,31580,shared_marginals,0.99223048,0.8008000000000001,0.0,0.5478
Samsung_SNH_1011_N_Webcam,1000,2,31580,diagonal_eb,0.99222904,0.8007276381909547,0.0,0.4066
Samsung_SNH_1011_N_Webcam,1000,2,31580,multiscale_gaussian,0.992229,0.8007256281407036,0.0,0.4124
Samsung_SNH_1011_N_Webcam,1000,2,31580,multiscale_t,0.992229,0.8007256281407036,0.0,0.4058
Samsung_SNH_1011_N_Webcam,1000,3,410,local,0.9979779999999999,0.898391959798995,0.0108,1.0
Samsung_SNH_1011_N_Webcam,1000,3,410,peer_scale_local_center,0.99944392,0.9720562814070351,0.0272,1.0
Samsung_SNH_1011_N_Webcam,1000,3,410,shared_marginals,0.99952336,0.9760482412060301,0.0334,1.0
Samsung_SNH_1011_N_Webcam,1000,3,410,diagonal_eb,0.9980048,0.8997386934673366,0.0108,1.0
Samsung_SNH_1011_N_Webcam,1000,3,410,multiscale_gaussian,0.99801116,0.9000582914572864,0.0104,1.0
Samsung_SNH_1011_N_Webcam,1000,3,410,multiscale_t,0.99798716,0.8988522613065326,0.0104,1.0
Samsung_SNH_1011_N_Webcam,1000,4,13313,local,0.99332204,0.7611477386934673,0.096,1.0
Samsung_SNH_1011_N_Webcam,1000,4,13313,peer_scale_local_center,0.99781984,0.8904442211055277,0.0964,1.0
Samsung_SNH_1011_N_Webcam,1000,4,13313,shared_marginals,0.99821584,0.9103437185929648,0.1092,1.0
Samsung_SNH_1011_N_Webcam,1000,4,13313,diagonal_eb,0.99336608,0.7631195979899499,0.096,1.0
Samsung_SNH_1011_N_Webcam,1000,4,13313,multiscale_gaussian,0.99335912,0.7631396984924623,0.096,1.0
Samsung_SNH_1011_N_Webcam,1000,4,13313,multiscale_t,0.9933342000000001,0.7617869346733669,0.096,1.0
Samsung_SNH_1011_N_Webcam,1000,5,9345,local,0.7350226400000001,0.4977185929648241,0.2238,0.0016
Samsung_SNH_1011_N_Webcam,1000,5,9345,peer_scale_local_center,0.99550028,0.7738834170854272,0.075,1.0
Samsung_SNH_1011_N_Webcam,1000,5,9345,shared_marginals,0.99552868,0.7753105527638191,0.0692,1.0
Samsung_SNH_1011_N_Webcam,1000,5,9345,diagonal_eb,0.73554336,0.4977185929648241,0.2238,0.0018
Samsung_SNH_1011_N_Webcam,1000,5,9345,multiscale_gaussian,0.73535952,0.4977185929648241,0.2236,0.0016
Samsung_SNH_1011_N_Webcam,1000,5,9345,multiscale_t,0.7350262000000001,0.4977185929648241,0.2238,0.0016
Samsung_SNH_1011_N_Webcam,1000,6,506,local,0.99768384,0.8836100502512563,0.0214,1.0
Samsung_SNH_1011_N_Webcam,1000,6,506,peer_scale_local_center,0.9991868,0.9591356783919598,0.042,1.0
Samsung_SNH_1011_N_Webcam,1000,6,506,shared_marginals,0.99924696,0.9621587939698493,0.043,1.0
Samsung_SNH_1011_N_Webcam,1000,6,506,diagonal_eb,0.99777048,0.8879638190954774,0.0218,1.0
Samsung_SNH_1011_N_Webcam,1000,6,506,multiscale_gaussian,0.99777364,0.8881226130653266,0.0222,1.0
Samsung_SNH_1011_N_Webcam,1000,6,506,multiscale_t,0.9976870800000001,0.8837728643216081,0.0216,1.0
Samsung_SNH_1011_N_Webcam,1000,7,2987,local,0.75681012,0.4977386934673367,0.2896,1.0
Samsung_SNH_1011_N_Webcam,1000,7,2987,peer_scale_local_center,0.9964898799999999,0.8236120603015076,0.3096,1.0
Samsung_SNH_1011_N_Webcam,1000,7,2987,shared_marginals,0.99656232,0.8272522613065327,0.2776,1.0
Samsung_SNH_1011_N_Webcam,1000,7,2987,diagonal_eb,0.7569140799999999,0.4977386934673367,0.292,1.0
Samsung_SNH_1011_N_Webcam,1000,7,2987,multiscale_gaussian,0.756742,0.4977386934673367,0.292,1.0
Samsung_SNH_1011_N_Webcam,1000,7,2987,multiscale_t,0.75681076,0.4977386934673367,0.29,1.0
SimpleHome_XCS7_1002_WHT_Security_Camera,30,0,19648,local,0.95588856,0.49748743718592964,0.0308,0.0002
SimpleHome_XCS7_1002_WHT_Security_Camera,30,0,19648,peer_scale_local_center,0.9992793600000001,0.9662673366834171,0.067,1.0
SimpleHome_XCS7_1002_WHT_Security_Camera,30,0,19648,shared_marginals,0.99945904,0.9748120603015076,0.0968,1.0
SimpleHome_XCS7_1002_WHT_Security_Camera,30,0,19648,diagonal_eb,0.9570525200000001,0.49748743718592964,0.0308,0.0002
SimpleHome_XCS7_1002_WHT_Security_Camera,30,0,19648,multiscale_gaussian,0.95723704,0.49748743718592964,0.0362,0.0004
SimpleHome_XCS7_1002_WHT_Security_Camera,30,0,19648,multiscale_t,0.95587864,0.49748743718592964,0.0318,0.0002
SimpleHome_XCS7_1002_WHT_Security_Camera,30,1,6355,local,0.9377224799999999,0.4975095477386935,0.0668,0.9996
SimpleHome_XCS7_1002_WHT_Security_Camera,30,1,6355,peer_scale_local_center,0.99774172,0.8902130653266331,0.0738,1.0
SimpleHome_XCS7_1002_WHT_Security_Camera,30,1,6355,shared_marginals,0.99921392,0.9619678391959798,0.0714,1.0
SimpleHome_XCS7_1002_WHT_Security_Camera,30,1,6355,diagonal_eb,0.9403538800000001,0.4975075376884422,0.067,1.0
SimpleHome_XCS7_1002_WHT_Security_Camera,30,1,6355,multiscale_gaussian,0.94009436,0.49748743718592964,0.065,1.0
SimpleHome_XCS7_1002_WHT_Security_Camera,30,1,6355,multiscale_t,0.93764432,0.4975075376884422,0.0662,0.9998
SimpleHome_XCS7_1002_WHT_Security_Camera,30,2,23197,local,0.95926132,0.49748743718592964,0.0246,0.0
SimpleHome_XCS7_1002_WHT_Security_Camera,30,2,23197,peer_scale_local_center,0.9963787599999999,0.9008120603015075,0.0398,1.0
SimpleHome_XCS7_1002_WHT_Security_Camera,30,2,23197,shared_marginals,0.99692816,0.9014793969849245,0.0514,1.0
SimpleHome_XCS7_1002_WHT_Security_Camera,30,2,23197,diagonal_eb,0.95079252,0.49748743718592964,0.025,0.0
SimpleHome_XCS7_1002_WHT_Security_Camera,30,2,23197,multiscale_gaussian,0.95484736,0.49748743718592964,0.0242,0.0
SimpleHome_XCS7_1002_WHT_Security_Camera,30,2,23197,multiscale_t,0.9589021999999999,0.49748743718592964,0.0244,0.0
SimpleHome_XCS7_1002_WHT_Security_Camera,30,3,27003,local,0.940218,0.49754572864321606,0.036,0.0004
SimpleHome_XCS7_1002_WHT_Security_Camera,30,3,27003,peer_scale_local_center,0.9989130399999999,0.9477668341708544,0.0518,1.0
SimpleHome_XCS7_1002_WHT_Security_Camera,30,3,27003,shared_marginals,0.99923884,0.9632482412060301,0.065,1.0
SimpleHome_XCS7_1002_WHT_Security_Camera,30,3,27003,diagonal_eb,0.9425220400000001,0.49754572864321606,0.0354,0.0004
SimpleHome_XCS7_1002_WHT_Security_Camera,30,3,27003,multiscale_gaussian,0.94245128,0.49754572864321606,0.0442,0.0004
SimpleHome_XCS7_1002_WHT_Security_Camera,30,3,27003,multiscale_t,0.94006056,0.49754572864321606,0.036,0.0004
SimpleHome_XCS7_1002_WHT_Security_Camera,30,4,26752,local,0.9488648,0.49748743718592964,0.0408,0.0
SimpleHome_XCS7_1002_WHT_Security_Camera,30,4,26752,peer_scale_local_center,0.99931972,0.9683959798994974,0.065,1.0
SimpleHome_XCS7_1002_WHT_Security_Camera,30,4,26752,shared_marginals,0.9996927600000001,0.9862532663316583,0.0672,1.0
SimpleHome_XCS7_1002_WHT_Security_Camera,30,4,26752,diagonal_eb,0.9515022399999999,0.49748743718592964,0.0366,0.0
SimpleHome_XCS7_1002_WHT_Security_Camera,30,4,26752,multiscale_gaussian,0.9513089599999999,0.49748743718592964,0.0408,0.0
SimpleHome_XCS7_1002_WHT_Security_Camera,30,4,26752,multiscale_t,0.94877904,0.49748743718592964,0.0408,0.0
SimpleHome_XCS7_1002_WHT_Security_Camera,30,5,8923,local,0.94128832,0.49748743718592964,0.0396,0.0002
SimpleHome_XCS7_1002_WHT_Security_Camera,30,5,8923,peer_scale_local_center,0.9986929999999999,0.9364683417085427,0.0692,1.0
SimpleHome_XCS7_1002_WHT_Security_Camera,30,5,8923,shared_marginals,0.99922044,0.9622331658291459,0.0718,1.0
SimpleHome_XCS7_1002_WHT_Security_Camera,30,5,8923,diagonal_eb,0.9427530399999999,0.49748743718592964,0.0366,0.0002
SimpleHome_XCS7_1002_WHT_Security_Camera,30,5,8923,multiscale_gaussian,0.94267708,0.49748743718592964,0.0474,0.0002
SimpleHome_XCS7_1002_WHT_Security_Camera,30,5,8923,multiscale_t,0.9412887600000001,0.49748743718592964,0.0406,0.0002
SimpleHome_XCS7_1002_WHT_Security_Camera,30,6,24537,local,0.9468998399999999,0.49748743718592964,0.0334,0.0002
SimpleHome_XCS7_1002_WHT_Security_Camera,30,6,24537,peer_scale_local_center,0.9983695200000001,0.9204341708542714,0.0644,1.0
SimpleHome_XCS7_1002_WHT_Security_Camera,30,6,24537,shared_marginals,0.9992560399999999,0.9638934673366835,0.0776,1.0
SimpleHome_XCS7_1002_WHT_Security_Camera,30,6,24537,diagonal_eb,0.94902024,0.49748743718592964,0.031,0.0002
SimpleHome_XCS7_1002_WHT_Security_Camera,30,6,24537,multiscale_gaussian,0.94896516,0.49748743718592964,0.0374,0.0002
SimpleHome_XCS7_1002_WHT_Security_Camera,30,6,24537,multiscale_t,0.9468814000000001,0.49748743718592964,0.0336,0.0002
SimpleHome_XCS7_1002_WHT_Security_Camera,30,7,23166,local,0.9440485200000001,0.49748743718592964,0.0442,0.0002
SimpleHome_XCS7_1002_WHT_Security_Camera,30,7,23166,peer_scale_local_center,0.9989600000000001,0.950494472361809,0.1044,1.0
SimpleHome_XCS7_1002_WHT_Security_Camera,30,7,23166,shared_marginals,0.9995006399999999,0.9767899497487438,0.1156,1.0
SimpleHome_XCS7_1002_WHT_Security_Camera,30,7,23166,diagonal_eb,0.94658788,0.49748743718592964,0.0406,0.0002
SimpleHome_XCS7_1002_WHT_Security_Camera,30,7,23166,multiscale_gaussian,0.9465198,0.49748743718592964,0.0446,0.0002
SimpleHome_XCS7_1002_WHT_Security_Camera,30,7,23166,multiscale_t,0.94394988,0.49748743718592964,0.0442,0.0002
SimpleHome_XCS7_1002_WHT_Security_Camera,100,0,15845,local,0.9676106,0.49748743718592964,0.0272,0.0002
SimpleHome_XCS7_1002_WHT_Security_Camera,100,0,15845,peer_scale_local_center,0.9990546,0.9544904522613065,0.0468,1.0
SimpleHome_XCS7_1002_WHT_Security_Camera,100,0,15845,shared_marginals,0.99919076,0.9612743718592964,0.0554,1.0
SimpleHome_XCS7_1002_WHT_Security_Camera,100,0,15845,diagonal_eb,0.9676003599999999,0.49748743718592964,0.0274,0.0002
SimpleHome_XCS7_1002_WHT_Security_Camera,100,0,15845,multiscale_gaussian,0.967631,0.49748743718592964,0.027,0.0002
SimpleHome_XCS7_1002_WHT_Security_Camera,100,0,15845,multiscale_t,0.9676075199999999,0.49748743718592964,0.027,0.0002
SimpleHome_XCS7_1002_WHT_Security_Camera,100,1,3625,local,0.9441413999999999,0.4974974874371859,0.0622,1.0
SimpleHome_XCS7_1002_WHT_Security_Camera,100,1,3625,peer_scale_local_center,0.9982951600000001,0.9201849246231155,0.081,1.0
SimpleHome_XCS7_1002_WHT_Security_Camera,100,1,3625,shared_marginals,0.99911828,0.9582914572864321,0.0792,1.0
SimpleHome_XCS7_1002_WHT_Security_Camera,100,1,3625,diagonal_eb,0.9444724400000001,0.4974974874371859,0.0566,0.9988
SimpleHome_XCS7_1002_WHT_Security_Camera,100,1,3625,multiscale_gaussian,0.9445135600000001,0.4974894472361809,0.0588,1.0
SimpleHome_XCS7_1002_WHT_Security_Camera,100,1,3625,multiscale_t,0.9441415200000001,0.4974974874371859,0.0618,1.0
SimpleHome_XCS7_1002_WHT_Security_Camera,100,2,23924,local,0.9662149999999999,0.49748743718592964,0.0294,0.0002
SimpleHome_XCS7_1002_WHT_Security_Camera,100,2,23924,peer_scale_local_center,0.99490796,0.8786693467336684,0.0452,1.0
SimpleHome_XCS7_1002_WHT_Security_Camera,100,2,23924,shared_marginals,0.99628472,0.8885306532663317,0.0598,1.0
SimpleHome_XCS7_1002_WHT_Security_Camera,100,2,23924,diagonal_eb,0.96598344,0.49748743718592964,0.0298,0.0002
SimpleHome_XCS7_1002_WHT_Security_Camera,100,2,23924,multiscale_gaussian,0.9660252400000001,0.49748743718592964,0.0298,0.0002
SimpleHome_XCS7_1002_WHT_Security_Camera,100,2,23924,multiscale_t,0.96621316,0.49748743718592964,0.0294,0.0002
SimpleHome_XCS7_1002_WHT_Security_Camera,100,3,29663,local,0.97098984,0.49748743718592964,0.0246,0.0
SimpleHome_XCS7_1002_WHT_Security_Camera,100,3,29663,peer_scale_local_center,0.99937128,0.9710472361809045,0.0442,1.0
SimpleHome_XCS7_1002_WHT_Security_Camera,100,3,29663,shared_marginals,0.99931424,0.9677668341708543,0.05,1.0
SimpleHome_XCS7_1002_WHT_Security_Camera,100,3,29663,diagonal_eb,0.97098648,0.49748743718592964,0.0252,0.0
SimpleHome_XCS7_1002_WHT_Security_Camera,100,3,29663,multiscale_gaussian,0.9709880399999999,0.49748743718592964,0.0244,0.0
SimpleHome_XCS7_1002_WHT_Security_Camera,100,3,29663,multiscale_t,0.9709897599999999,0.49748743718592964,0.0246,0.0
SimpleHome_XCS7_1002_WHT_Security_Camera,100,4,30151,local,0.37205736000000006,0.6414070351758794,0.998,0.595
SimpleHome_XCS7_1002_WHT_Security_Camera,100,4,30151,peer_scale_local_center,0.84539136,0.6627618090452261,1.0,1.0
SimpleHome_XCS7_1002_WHT_Security_Camera,100,4,30151,shared_marginals,0.99944396,0.975561809045226,1.0,1.0
SimpleHome_XCS7_1002_WHT_Security_Camera,100,4,30151,diagonal_eb,0.4079814,0.6393668341708543,0.7184,0.492
SimpleHome_XCS7_1002_WHT_Security_Camera,100,4,30151,multiscale_gaussian,0.38192403999999996,0.6389226130653266,0.9986,0.5936
SimpleHome_XCS7_1002_WHT_Security_Camera,100,4,30151,multiscale_t,0.39549464,0.640721608040201,0.998,0.5948
SimpleHome_XCS7_1002_WHT_Security_Camera,100,5,26631,local,0.94457304,0.4975256281407035,0.0992,1.0
SimpleHome_XCS7_1002_WHT_Security_Camera,100,5,26631,peer_scale_local_center,0.9980994,0.9082452261306533,0.1856,1.0
SimpleHome_XCS7_1002_WHT_Security_Camera,100,5,26631,shared_marginals,0.99936496,0.9689688442211055,0.194,1.0
SimpleHome_XCS7_1002_WHT_Security_Camera,100,5,26631,diagonal_eb,0.9449684,0.497521608040201,0.088,1.0
SimpleHome_XCS7_1002_WHT_Security_Camera,100,5,26631,multiscale_gaussian,0.9449113199999999,0.4975095477386935,0.093,1.0
SimpleHome_XCS7_1002_WHT_Security_Camera,100,5,26631,multiscale_t,0.944571,0.4975256281407035,0.0982,1.0
SimpleHome_XCS7_1002_WHT_Security_Camera,100,6,29334,local,0.96843444,0.49748743718592964,0.0274,0.0002
SimpleHome_XCS7_1002_WHT_Security_Camera,100,6,29334,peer_scale_local_center,0.99604388,0.8595718592964824,0.0456,1.0
SimpleHome_XCS7_1002_WHT_Security_Camera,100,6,29334,shared_marginals,0.99756604,0.8802773869346734,0.0466,1.0
SimpleHome_XCS7_1002_WHT_Security_Camera,100,6,29334,diagonal_eb,0.96791388,0.49748743718592964,0.0276,0.0002
SimpleHome_XCS7_1002_WHT_Security_Camera,100,6,29334,multiscale_gaussian,0.9679962799999999,0.49748743718592964,0.027,0.0002
SimpleHome_XCS7_1002_WHT_Security_Camera,100,6,29334,multiscale_t,0.9683958,0.49748743718592964,0.0274,0.0002
SimpleHome_XCS7_1002_WHT_Security_Camera,100,7,15062,local,0.99796832,0.897905527638191,0.0,0.0
SimpleHome_XCS7_1002_WHT_Security_Camera,100,7,15062,peer_scale_local_center,0.9996813999999999,0.9839899497487437,0.005,1.0
SimpleHome_XCS7_1002_WHT_Security_Camera,100,7,15062,shared_marginals,0.9993902,0.969356783919598,0.0052,1.0
SimpleHome_XCS7_1002_WHT_Security_Camera,100,7,15062,diagonal_eb,0.9995733600000001,0.9785608040201005,0.0,0.0
SimpleHome_XCS7_1002_WHT_Security_Camera,100,7,15062,multiscale_gaussian,0.99987708,0.9938231155778894,0.0,0.0
SimpleHome_XCS7_1002_WHT_Security_Camera,100,7,15062,multiscale_t,0.99832836,0.9159979899497488,0.0,0.0
SimpleHome_XCS7_1002_WHT_Security_Camera,300,0,1243,local,0.4510444,0.6065326633165828,0.932,0.753
SimpleHome_XCS7_1002_WHT_Security_Camera,300,0,1243,peer_scale_local_center,0.9390111199999999,0.9514552763819095,1.0,1.0
SimpleHome_XCS7_1002_WHT_Security_Camera,300,0,1243,shared_marginals,0.99982768,0.9913407035175881,0.5348,1.0
SimpleHome_XCS7_1002_WHT_Security_Camera,300,0,1243,diagonal_eb,0.4672144,0.6065326633165828,0.9998,0.996
SimpleHome_XCS7_1002_WHT_Security_Camera,300,0,1243,multiscale_gaussian,0.44998168,0.6065326633165828,0.9996,0.9906
SimpleHome_XCS7_1002_WHT_Security_Camera,300,0,1243,multiscale_t,0.45200668,0.6065326633165828,0.937,0.7612
SimpleHome_XCS7_1002_WHT_Security_Camera,300,1,3587,local,0.94393404,0.497521608040201,0.2482,1.0
SimpleHome_XCS7_1002_WHT_Security_Camera,300,1,3587,peer_scale_local_center,0.9955953599999999,0.8275417085427136,0.1542,1.0
SimpleHome_XCS7_1002_WHT_Security_Camera,300,1,3587,shared_marginals,0.99814016,0.9123155778894472,0.166,1.0
SimpleHome_XCS7_1002_WHT_Security_Camera,300,1,3587,diagonal_eb,0.9441164,0.497521608040201,0.242,1.0
SimpleHome_XCS7_1002_WHT_Security_Camera,300,1,3587,multiscale_gaussian,0.94414356,0.4975155778894472,0.239,1.0
SimpleHome_XCS7_1002_WHT_Security_Camera,300,1,3587,multiscale_t,0.9439358,0.497521608040201,0.2482,1.0
SimpleHome_XCS7_1002_WHT_Security_Camera,300,2,1842,local,0.99966188,0.9839175879396984,0.0,0.0
SimpleHome_XCS7_1002_WHT_Security_Camera,300,2,1842,peer_scale_local_center,0.99981392,0.9916482412060301,0.0,0.063
SimpleHome_XCS7_1002_WHT_Security_Camera,300,2,1842,shared_marginals,0.99972724,0.9873065326633166,0.0,0.183
SimpleHome_XCS7_1002_WHT_Security_Camera,300,2,1842,diagonal_eb,0.9996968,0.9856703517587939,0.0,0.0
SimpleHome_XCS7_1002_WHT_Security_Camera,300,2,1842,multiscale_gaussian,0.99968864,0.9851698492462312,0.0,0.0
SimpleHome_XCS7_1002_WHT_Security_Camera,300,2,1842,multiscale_t,0.99967604,0.9845748743718593,0.0,0.0
SimpleHome_XCS7_1002_WHT_Security_Camera,300,3,30065,local,0.38792016,0.6456723618090452,1.0,1.0
SimpleHome_XCS7_1002_WHT_Security_Camera,300,3,30065,peer_scale_local_center,0.90220376,0.744532663316583,1.0,1.0
SimpleHome_XCS7_1002_WHT_Security_Camera,300,3,30065,shared_marginals,0.99959924,0.981348743718593,0.9896,1.0
SimpleHome_XCS7_1002_WHT_Security_Camera,300,3,30065,diagonal_eb,0.41816291999999994,0.6429206030150754,1.0,1.0
SimpleHome_XCS7_1002_WHT_Security_Camera,300,3,30065,multiscale_gaussian,0.40834392000000014,0.644737688442211,1.0,1.0
SimpleHome_XCS7_1002_WHT_Security_Camera,300,3,30065,multiscale_t,0.41341192000000004,0.6451618090452261,1.0,1.0
SimpleHome_XCS7_1002_WHT_Security_Camera,300,4,9159,local,0.96653352,0.4975859296482412,0.1274,1.0
SimpleHome_XCS7_1002_WHT_Security_Camera,300,4,9159,peer_scale_local_center,0.9940598,0.8154231155778895,0.106,1.0
SimpleHome_XCS7_1002_WHT_Security_Camera,300,4,9159,shared_marginals,0.99698748,0.8616763819095478,0.1038,1.0
SimpleHome_XCS7_1002_WHT_Security_Camera,300,4,9159,diagonal_eb,0.9663412,0.4975859296482412,0.1248,1.0
SimpleHome_XCS7_1002_WHT_Security_Camera,300,4,9159,multiscale_gaussian,0.96649212,0.4975859296482412,0.1258,1.0
SimpleHome_XCS7_1002_WHT_Security_Camera,300,4,9159,multiscale_t,0.9665273999999999,0.4975859296482412,0.1274,1.0
SimpleHome_XCS7_1002_WHT_Security_Camera,300,5,11045,local,0.98458924,0.4977326633165829,0.0,0.0
SimpleHome_XCS7_1002_WHT_Security_Camera,300,5,11045,peer_scale_local_center,0.99461544,0.8177447236180904,0.0014,0.5842
SimpleHome_XCS7_1002_WHT_Security_Camera,300,5,11045,shared_marginals,0.9961159199999999,0.8669326633165828,0.0084,0.7882
SimpleHome_XCS7_1002_WHT_Security_Camera,300,5,11045,diagonal_eb,0.98418636,0.4977326633165829,0.0002,0.0
SimpleHome_XCS7_1002_WHT_Security_Camera,300,5,11045,multiscale_gaussian,0.98421176,0.4977326633165829,0.0002,0.0
SimpleHome_XCS7_1002_WHT_Security_Camera,300,5,11045,multiscale_t,0.98452928,0.4977326633165829,0.0,0.0
SimpleHome_XCS7_1002_WHT_Security_Camera,300,6,27781,local,0.9686626,0.49758391959799,0.1006,1.0
SimpleHome_XCS7_1002_WHT_Security_Camera,300,6,27781,peer_scale_local_center,0.99326636,0.826203015075377,0.0996,1.0
SimpleHome_XCS7_1002_WHT_Security_Camera,300,6,27781,shared_marginals,0.9960202800000001,0.8784442211055277,0.0932,1.0
SimpleHome_XCS7_1002_WHT_Security_Camera,300,6,27781,diagonal_eb,0.9686756000000001,0.49758391959799,0.0976,1.0
SimpleHome_XCS7_1002_WHT_Security_Camera,300,6,27781,multiscale_gaussian,0.9687184000000001,0.49758391959799,0.0994,1.0
SimpleHome_XCS7_1002_WHT_Security_Camera,300,6,27781,multiscale_t,0.9686624400000001,0.49758391959799,0.1006,1.0
SimpleHome_XCS7_1002_WHT_Security_Camera,300,7,15320,local,0.9944470799999999,0.7401346733668341,0.0,0.0
SimpleHome_XCS7_1002_WHT_Security_Camera,300,7,15320,peer_scale_local_center,0.99844848,0.942329648241206,0.0,0.1436
SimpleHome_XCS7_1002_WHT_Security_Camera,300,7,15320,shared_marginals,0.9955745199999999,0.8433206030150753,0.0028,0.6678
SimpleHome_XCS7_1002_WHT_Security_Camera,300,7,15320,diagonal_eb,0.9949338799999999,0.7590834170854273,0.0,0.0
SimpleHome_XCS7_1002_WHT_Security_Camera,300,7,15320,multiscale_gaussian,0.99472964,0.7528140703517588,0.0,0.0
SimpleHome_XCS7_1002_WHT_Security_Camera,300,7,15320,multiscale_t,0.9944415999999999,0.7403095477386934,0.0,0.0
SimpleHome_XCS7_1002_WHT_Security_Camera,1000,0,2218,local,0.99934856,0.9672643216080401,0.0,0.0
SimpleHome_XCS7_1002_WHT_Security_Camera,1000,0,2218,peer_scale_local_center,0.99985224,0.9925748743718592,0.0,0.458
SimpleHome_XCS7_1002_WHT_Security_Camera,1000,0,2218,shared_marginals,0.99959672,0.9797346733668342,0.0,0.5978
SimpleHome_XCS7_1002_WHT_Security_Camera,1000,0,2218,diagonal_eb,0.99935648,0.9676623115577889,0.0,0.0
SimpleHome_XCS7_1002_WHT_Security_Camera,1000,0,2218,multiscale_gaussian,0.99934992,0.967332663316583,0.0,0.0
SimpleHome_XCS7_1002_WHT_Security_Camera,1000,0,2218,multiscale_t,0.9993498399999999,0.9673286432160805,0.0,0.0
SimpleHome_XCS7_1002_WHT_Security_Camera,1000,1,25151,local,0.96928052,0.4975859296482412,0.1618,1.0
SimpleHome_XCS7_1002_WHT_Security_Camera,1000,1,25151,peer_scale_local_center,0.9894096,0.7536462311557788,0.1412,1.0
SimpleHome_XCS7_1002_WHT_Security_Camera,1000,1,25151,shared_marginals,0.99701356,0.8686532663316583,0.1358,1.0
SimpleHome_XCS7_1002_WHT_Security_Camera,1000,1,25151,diagonal_eb,0.96925264,0.4975859296482412,0.1618,1.0
SimpleHome_XCS7_1002_WHT_Security_Camera,1000,1,25151,multiscale_gaussian,0.9692799599999999,0.4975859296482412,0.1618,1.0
SimpleHome_XCS7_1002_WHT_Security_Camera,1000,1,25151,multiscale_t,0.9692795599999999,0.4975859296482412,0.1618,1.0
SimpleHome_XCS7_1002_WHT_Security_Camera,1000,2,7663,local,0.99635016,0.8178170854271357,0.0,0.0
SimpleHome_XCS7_1002_WHT_Security_Camera,1000,2,7663,peer_scale_local_center,0.9962092,0.8096743718592965,0.0184,1.0
SimpleHome_XCS7_1002_WHT_Security_Camera,1000,2,7663,shared_marginals,0.996307,0.8145125628140704,0.03,1.0
SimpleHome_XCS7_1002_WHT_Security_Camera,1000,2,7663,diagonal_eb,0.99637092,0.8185045226130654,0.0,0.0
SimpleHome_XCS7_1002_WHT_Security_Camera,1000,2,7663,multiscale_gaussian,0.9962826400000001,0.8142552763819095,0.0,0.0
SimpleHome_XCS7_1002_WHT_Security_Camera,1000,2,7663,multiscale_t,0.9963493600000001,0.8177608040201005,0.0,0.0
SimpleHome_XCS7_1002_WHT_Security_Camera,1000,3,22265,local,0.9700102,0.49748743718592964,0.177,1.0
SimpleHome_XCS7_1002_WHT_Security_Camera,1000,3,22265,peer_scale_local_center,0.9894170000000001,0.7553829145728643,0.155,1.0
SimpleHome_XCS7_1002_WHT_Security_Camera,1000,3,22265,shared_marginals,0.9928396,0.8061889447236181,0.1472,1.0
SimpleHome_XCS7_1002_WHT_Security_Camera,1000,3,22265,diagonal_eb,0.9700000400000001,0.49748743718592964,0.1756,1.0
SimpleHome_XCS7_1002_WHT_Security_Camera,1000,3,22265,multiscale_gaussian,0.97001292,0.49748743718592964,0.1762,1.0
SimpleHome_XCS7_1002_WHT_Security_Camera,1000,3,22265,multiscale_t,0.97000968,0.49748743718592964,0.177,1.0
SimpleHome_XCS7_1002_WHT_Security_Camera,1000,4,20378,local,0.97136268,0.49748743718592964,0.1644,1.0
SimpleHome_XCS7_1002_WHT_Security_Camera,1000,4,20378,peer_scale_local_center,0.98912912,0.7269045226130654,0.1404,1.0
SimpleHome_XCS7_1002_WHT_Security_Camera,1000,4,20378,shared_marginals,0.99315816,0.8015396984924623,0.134,1.0
SimpleHome_XCS7_1002_WHT_Security_Camera,1000,4,20378,diagonal_eb,0.9713175199999999,0.49748743718592964,0.1626,1.0
SimpleHome_XCS7_1002_WHT_Security_Camera,1000,4,20378,multiscale_gaussian,0.97143648,0.49748743718592964,0.163,1.0
SimpleHome_XCS7_1002_WHT_Security_Camera,1000,4,20378,multiscale_t,0.97136456,0.49748743718592964,0.1644,1.0
SimpleHome_XCS7_1002_WHT_Security_Camera,1000,5,20747,local,0.96702516,0.49748743718592964,0.1896,1.0
SimpleHome_XCS7_1002_WHT_Security_Camera,1000,5,20747,peer_scale_local_center,0.98781264,0.7247276381909548,0.1532,1.0
SimpleHome_XCS7_1002_WHT_Security_Camera,1000,5,20747,shared_marginals,0.99150472,0.7846030150753769,0.1516,1.0
SimpleHome_XCS7_1002_WHT_Security_Camera,1000,5,20747,diagonal_eb,0.96694756,0.49748743718592964,0.1888,1.0
SimpleHome_XCS7_1002_WHT_Security_Camera,1000,5,20747,multiscale_gaussian,0.96712712,0.49748743718592964,0.1888,1.0
SimpleHome_XCS7_1002_WHT_Security_Camera,1000,5,20747,multiscale_t,0.96702876,0.49748743718592964,0.1894,1.0
SimpleHome_XCS7_1002_WHT_Security_Camera,1000,6,27060,local,0.96976752,0.49758391959799,0.1418,1.0
SimpleHome_XCS7_1002_WHT_Security_Camera,1000,6,27060,peer_scale_local_center,0.98944064,0.7579859296482412,0.1288,1.0
SimpleHome_XCS7_1002_WHT_Security_Camera,1000,6,27060,shared_marginals,0.9944679200000001,0.8261065326633166,0.123,1.0
SimpleHome_XCS7_1002_WHT_Security_Camera,1000,6,27060,diagonal_eb,0.96975704,0.49758391959799,0.1414,1.0
SimpleHome_XCS7_1002_WHT_Security_Camera,1000,6,27060,multiscale_gaussian,0.9697685599999999,0.49758391959799,0.1412,1.0
SimpleHome_XCS7_1002_WHT_Security_Camera,1000,6,27060,multiscale_t,0.969767,0.49758391959799,0.1418,1.0
SimpleHome_XCS7_1002_WHT_Security_Camera,1000,7,25651,local,0.9675152400000001,0.4975819095477387,0.1542,1.0
SimpleHome_XCS7_1002_WHT_Security_Camera,1000,7,25651,peer_scale_local_center,0.99096896,0.7764241206030151,0.1414,1.0
SimpleHome_XCS7_1002_WHT_Security_Camera,1000,7,25651,shared_marginals,0.99789044,0.9025346733668342,0.1368,1.0
SimpleHome_XCS7_1002_WHT_Security_Camera,1000,7,25651,diagonal_eb,0.96750596,0.4975819095477387,0.154,1.0
SimpleHome_XCS7_1002_WHT_Security_Camera,1000,7,25651,multiscale_gaussian,0.9675194,0.4975819095477387,0.1538,1.0
SimpleHome_XCS7_1002_WHT_Security_Camera,1000,7,25651,multiscale_t,0.9675146400000001,0.4975819095477387,0.1542,1.0
SimpleHome_XCS7_1003_WHT_Security_Camera,30,0,299,local,0.999012,0.9970613065326632,0.0,0.0
SimpleHome_XCS7_1003_WHT_Security_Camera,30,0,299,peer_scale_local_center,0.99987688,0.9940241206030151,0.0,0.0
SimpleHome_XCS7_1003_WHT_Security_Camera,30,0,299,shared_marginals,0.9999444,0.9972060301507537,0.0198,1.0
SimpleHome_XCS7_1003_WHT_Security_Camera,30,0,299,diagonal_eb,0.9998247199999999,0.9950150753768844,0.0,0.0
SimpleHome_XCS7_1003_WHT_Security_Camera,30,0,299,multiscale_gaussian,0.99972328,0.9965748743718593,0.0,0.0
SimpleHome_XCS7_1003_WHT_Security_Camera,30,0,299,multiscale_t,0.9994883999999999,0.9961608040201004,0.0,0.0
SimpleHome_XCS7_1003_WHT_Security_Camera,30,1,2432,local,0.95252784,0.5380502512562814,0.0032,0.0288
SimpleHome_XCS7_1003_WHT_Security_Camera,30,1,2432,peer_scale_local_center,0.9999972,0.999859296482412,0.012,1.0
SimpleHome_XCS7_1003_WHT_Security_Camera,30,1,2432,shared_marginals,0.99999508,0.9997527638190955,0.0164,1.0
SimpleHome_XCS7_1003_WHT_Security_Camera,30,1,2432,diagonal_eb,0.9579494000000001,0.5213547738693467,0.0082,0.0786
SimpleHome_XCS7_1003_WHT_Security_Camera,30,1,2432,multiscale_gaussian,0.95647608,0.5434050251256282,0.0112,0.2278
SimpleHome_XCS7_1003_WHT_Security_Camera,30,1,2432,multiscale_t,0.9526875599999999,0.5384743718592965,0.001,0.0154
SimpleHome_XCS7_1003_WHT_Security_Camera,30,2,3843,local,0.95522024,0.7433768844221106,0.134,1.0
SimpleHome_XCS7_1003_WHT_Security_Camera,30,2,3843,peer_scale_local_center,1.0,1.0,0.2458,1.0
SimpleHome_XCS7_1003_WHT_Security_Camera,30,2,3843,shared_marginals,0.99999876,0.999937688442211,0.205,1.0
SimpleHome_XCS7_1003_WHT_Security_Camera,30,2,3843,diagonal_eb,0.9612742000000001,0.7516904522613066,0.2448,1.0
SimpleHome_XCS7_1003_WHT_Security_Camera,30,2,3843,multiscale_gaussian,0.961168,0.7587195979899497,0.1212,1.0
SimpleHome_XCS7_1003_WHT_Security_Camera,30,2,3843,multiscale_t,0.95564728,0.7341989949748744,0.1314,1.0
SimpleHome_XCS7_1003_WHT_Security_Camera,30,3,12204,local,0.9607446,0.7506452261306533,0.0736,0.564
SimpleHome_XCS7_1003_WHT_Security_Camera,30,3,12204,peer_scale_local_center,1.0,1.0,1.0,1.0
SimpleHome_XCS7_1003_WHT_Security_Camera,30,3,12204,shared_marginals,1.0,1.0,0.9824,1.0
SimpleHome_XCS7_1003_WHT_Security_Camera,30,3,12204,diagonal_eb,0.9684527599999999,0.7487477386934673,0.059,0.5638
SimpleHome_XCS7_1003_WHT_Security_Camera,30,3,12204,multiscale_gaussian,0.96789404,0.7567537688442212,0.0634,0.564
SimpleHome_XCS7_1003_WHT_Security_Camera,30,3,12204,multiscale_t,0.9610674,0.7395497487437186,0.0734,0.564
SimpleHome_XCS7_1003_WHT_Security_Camera,30,4,5594,local,0.9390774000000001,0.5145346733668341,0.0126,0.1888
SimpleHome_XCS7_1003_WHT_Security_Camera,30,4,5594,peer_scale_local_center,0.99999804,0.9999015075376885,0.071,1.0
SimpleHome_XCS7_1003_WHT_Security_Camera,30,4,5594,shared_marginals,0.9999954000000001,0.9997688442211055,0.0768,1.0
SimpleHome_XCS7_1003_WHT_Security_Camera,30,4,5594,diagonal_eb,0.95259304,0.5201768844221105,0.029,0.2346
SimpleHome_XCS7_1003_WHT_Security_Camera,30,4,5594,multiscale_gaussian,0.95196348,0.549372864321608,0.0454,0.4396
SimpleHome_XCS7_1003_WHT_Security_Camera,30,4,5594,multiscale_t,0.9400202000000001,0.5174050251256281,0.011,0.1666
SimpleHome_XCS7_1003_WHT_Security_Camera,30,5,7397,local,0.98146644,0.7685768844221106,0.0462,0.7056
SimpleHome_XCS7_1003_WHT_Security_Camera,30,5,7397,peer_scale_local_center,0.99999956,0.9999778894472362,0.0818,1.0
SimpleHome_XCS7_1003_WHT_Security_Camera,30,5,7397,shared_marginals,0.9999962,0.9998090452261307,0.1016,1.0
SimpleHome_XCS7_1003_WHT_Security_Camera,30,5,7397,diagonal_eb,0.9809815599999999,0.754289447236181,0.0476,0.7186
SimpleHome_XCS7_1003_WHT_Security_Camera,30,5,7397,multiscale_gaussian,0.9821618,0.7735618090452261,0.0412,0.6806
SimpleHome_XCS7_1003_WHT_Security_Camera,30,5,7397,multiscale_t,0.9812285199999999,0.7551236180904523,0.0462,0.704
SimpleHome_XCS7_1003_WHT_Security_Camera,30,6,10179,local,0.9535559200000001,0.7465889447236181,0.151,1.0
SimpleHome_XCS7_1003_WHT_Security_Camera,30,6,10179,peer_scale_local_center,0.9999964800000001,0.9998231155778894,0.0984,1.0
SimpleHome_XCS7_1003_WHT_Security_Camera,30,6,10179,shared_marginals,0.99999556,0.9997768844221105,0.091,1.0
SimpleHome_XCS7_1003_WHT_Security_Camera,30,6,10179,diagonal_eb,0.9590064,0.745129648241206,0.1344,1.0
SimpleHome_XCS7_1003_WHT_Security_Camera,30,6,10179,multiscale_gaussian,0.9591172,0.7553929648241207,0.0974,0.708
SimpleHome_XCS7_1003_WHT_Security_Camera,30,6,10179,multiscale_t,0.95374728,0.7352221105527639,0.1446,1.0
SimpleHome_XCS7_1003_WHT_Security_Camera,30,7,6884,local,0.96280816,0.7514170854271357,0.1408,1.0
SimpleHome_XCS7_1003_WHT_Security_Camera,30,7,6884,peer_scale_local_center,1.0,1.0,0.0582,1.0
SimpleHome_XCS7_1003_WHT_Security_Camera,30,7,6884,shared_marginals,0.99999896,0.9999477386934673,0.0518,1.0
SimpleHome_XCS7_1003_WHT_Security_Camera,30,7,6884,diagonal_eb,0.9628981600000001,0.7464442211055277,0.122,1.0
SimpleHome_XCS7_1003_WHT_Security_Camera,30,7,6884,multiscale_gaussian,0.9662088,0.7567155778894472,0.1542,1.0
SimpleHome_XCS7_1003_WHT_Security_Camera,30,7,6884,multiscale_t,0.9626190799999998,0.7355557788944724,0.1418,1.0
SimpleHome_XCS7_1003_WHT_Security_Camera,100,0,6599,local,0.98097236,0.7594412060301508,0.056,1.0
SimpleHome_XCS7_1003_WHT_Security_Camera,100,0,6599,peer_scale_local_center,0.9999996800000001,0.9999839195979899,0.1252,1.0
SimpleHome_XCS7_1003_WHT_Security_Camera,100,0,6599,shared_marginals,0.99999852,0.9999256281407035,0.1094,1.0
SimpleHome_XCS7_1003_WHT_Security_Camera,100,0,6599,diagonal_eb,0.98106892,0.759348743718593,0.055,1.0
SimpleHome_XCS7_1003_WHT_Security_Camera,100,0,6599,multiscale_gaussian,0.98011932,0.7262030150753769,0.0502,1.0
SimpleHome_XCS7_1003_WHT_Security_Camera,100,0,6599,multiscale_t,0.9809994400000001,0.7596341708542713,0.0552,1.0
SimpleHome_XCS7_1003_WHT_Security_Camera,100,1,11992,local,0.9369412,0.5157608040201005,0.091,0.8238
SimpleHome_XCS7_1003_WHT_Security_Camera,100,1,11992,peer_scale_local_center,0.99999856,0.9999276381909548,0.9674,1.0
SimpleHome_XCS7_1003_WHT_Security_Camera,100,1,11992,shared_marginals,0.99999872,0.9999356783919597,0.9648,1.0
SimpleHome_XCS7_1003_WHT_Security_Camera,100,1,11992,diagonal_eb,0.93989656,0.5222211055276382,0.0782,0.4904
SimpleHome_XCS7_1003_WHT_Security_Camera,100,1,11992,multiscale_gaussian,0.94099504,0.538737688442211,0.0774,0.4904
SimpleHome_XCS7_1003_WHT_Security_Camera,100,1,11992,multiscale_t,0.9370017199999999,0.5163899497487437,0.09,0.7982
SimpleHome_XCS7_1003_WHT_Security_Camera,100,2,6211,local,0.73158244,0.7764201005025126,0.0,0.0
SimpleHome_XCS7_1003_WHT_Security_Camera,100,2,6211,peer_scale_local_center,0.99984128,0.9959376884422111,0.0016,0.9978
SimpleHome_XCS7_1003_WHT_Security_Camera,100,2,6211,shared_marginals,0.99993252,0.9966090452261307,0.627,1.0
SimpleHome_XCS7_1003_WHT_Security_Camera,100,2,6211,diagonal_eb,0.94094688,0.891835175879397,0.0,0.0
SimpleHome_XCS7_1003_WHT_Security_Camera,100,2,6211,multiscale_gaussian,0.99900868,0.9835075376884421,0.0,0.0
SimpleHome_XCS7_1003_WHT_Security_Camera,100,2,6211,multiscale_t,0.76298316,0.7829487437185929,0.0,0.0
SimpleHome_XCS7_1003_WHT_Security_Camera,100,3,3126,local,0.98183356,0.7688201005025126,0.019,0.5602
SimpleHome_XCS7_1003_WHT_Security_Camera,100,3,3126,peer_scale_local_center,0.99999856,0.9999276381909548,0.3728,1.0
SimpleHome_XCS7_1003_WHT_Security_Camera,100,3,3126,shared_marginals,0.9999952,0.9997587939698491,0.3786,1.0
SimpleHome_XCS7_1003_WHT_Security_Camera,100,3,3126,diagonal_eb,0.98165336,0.7683356783919597,0.032,0.6434
SimpleHome_XCS7_1003_WHT_Security_Camera,100,3,3126,multiscale_gaussian,0.98076936,0.7212482412060301,0.0458,0.694
SimpleHome_XCS7_1003_WHT_Security_Camera,100,3,3126,multiscale_t,0.9818570400000001,0.7702934673366835,0.0198,0.5602
SimpleHome_XCS7_1003_WHT_Security_Camera,100,4,3681,local,0.93888296,0.5110371859296482,0.0206,0.2122
SimpleHome_XCS7_1003_WHT_Security_Camera,100,4,3681,peer_scale_local_center,0.99999972,0.9999859296482412,0.045,1.0
SimpleHome_XCS7_1003_WHT_Security_Camera,100,4,3681,shared_marginals,0.99999976,0.9999879396984924,0.0816,1.0
SimpleHome_XCS7_1003_WHT_Security_Camera,100,4,3681,diagonal_eb,0.9439950399999999,0.5165487437185929,0.0442,0.2338
SimpleHome_XCS7_1003_WHT_Security_Camera,100,4,3681,multiscale_gaussian,0.9443130000000001,0.5282753768844222,0.043,0.2402
SimpleHome_XCS7_1003_WHT_Security_Camera,100,4,3681,multiscale_t,0.9391412,0.511443216080402,0.0342,0.2134
SimpleHome_XCS7_1003_WHT_Security_Camera,100,5,12405,local,0.99046524,0.7701929648241206,0.0002,0.1698
SimpleHome_XCS7_1003_WHT_Security_Camera,100,5,12405,peer_scale_local_center,0.9999992799999999,0.9999638190954774,0.002,1.0
SimpleHome_XCS7_1003_WHT_Security_Camera,100,5,12405,shared_marginals,0.99999776,0.9998874371859297,0.002,1.0
SimpleHome_XCS7_1003_WHT_Security_Camera,100,5,12405,diagonal_eb,0.99050844,0.7709145728643216,0.0004,0.5308
SimpleHome_XCS7_1003_WHT_Security_Camera,100,5,12405,multiscale_gaussian,0.9902622,0.7340804020100503,0.0004,0.0958
SimpleHome_XCS7_1003_WHT_Security_Camera,100,5,12405,multiscale_t,0.99049056,0.771262311557789,0.0002,0.1168
SimpleHome_XCS7_1003_WHT_Security_Camera,100,6,12479,local,0.98998064,0.7686532663316583,0.0198,0.5756
SimpleHome_XCS7_1003_WHT_Security_Camera,100,6,12479,peer_scale_local_center,0.99999972,0.9999859296482412,0.8932,1.0
SimpleHome_XCS7_1003_WHT_Security_Camera,100,6,12479,shared_marginals,0.99999928,0.9999638190954774,0.5496,1.0
SimpleHome_XCS7_1003_WHT_Security_Camera,100,6,12479,diagonal_eb,0.9901766799999999,0.7737809045226132,0.02,0.5756
SimpleHome_XCS7_1003_WHT_Security_Camera,100,6,12479,multiscale_gaussian,0.9897452400000001,0.7291718592964824,0.0208,0.5756
SimpleHome_XCS7_1003_WHT_Security_Camera,100,6,12479,multiscale_t,0.99001884,0.7704723618090452,0.0198,0.5756
SimpleHome_XCS7_1003_WHT_Security_Camera,100,7,8859,local,0.914,0.5136201005025126,0.0034,0.0198
SimpleHome_XCS7_1003_WHT_Security_Camera,100,7,8859,peer_scale_local_center,0.99160712,0.8974592964824121,0.0002,0.7934
SimpleHome_XCS7_1003_WHT_Security_Camera,100,7,8859,shared_marginals,0.99560148,0.8976502512562814,0.0002,0.7948
SimpleHome_XCS7_1003_WHT_Security_Camera,100,7,8859,diagonal_eb,0.9208438,0.5197447236180904,0.0362,0.2194
SimpleHome_XCS7_1003_WHT_Security_Camera,100,7,8859,multiscale_gaussian,0.9230486800000001,0.5364542713567839,0.0054,0.0614
SimpleHome_XCS7_1003_WHT_Security_Camera,100,7,8859,multiscale_t,0.9143271599999999,0.5142914572864321,0.003,0.0194
SimpleHome_XCS7_1003_WHT_Security_Camera,300,0,7289,local,0.99725968,0.8622954773869347,0.0004,0.016
SimpleHome_XCS7_1003_WHT_Security_Camera,300,0,7289,peer_scale_local_center,0.9999941600000001,0.9997065326633165,0.0104,1.0
SimpleHome_XCS7_1003_WHT_Security_Camera,300,0,7289,shared_marginals,0.99999804,0.9999015075376885,0.0152,1.0
SimpleHome_XCS7_1003_WHT_Security_Camera,300,0,7289,diagonal_eb,0.9972536,0.8619899497487438,0.0008,0.0186
SimpleHome_XCS7_1003_WHT_Security_Camera,300,0,7289,multiscale_gaussian,0.9972496399999999,0.8617909547738694,0.0004,0.0144
SimpleHome_XCS7_1003_WHT_Security_Camera,300,0,7289,multiscale_t,0.99725964,0.8622934673366833,0.0004,0.016
SimpleHome_XCS7_1003_WHT_Security_Camera,300,1,4147,local,0.98921872,0.5660241206030151,0.0084,0.2288
SimpleHome_XCS7_1003_WHT_Security_Camera,300,1,4147,peer_scale_local_center,0.99999996,0.9999979899497488,0.0174,1.0
SimpleHome_XCS7_1003_WHT_Security_Camera,300,1,4147,shared_marginals,0.99999808,0.9999035175879398,0.0316,1.0
SimpleHome_XCS7_1003_WHT_Security_Camera,300,1,4147,diagonal_eb,0.98924252,0.5664281407035177,0.0096,0.2548
SimpleHome_XCS7_1003_WHT_Security_Camera,300,1,4147,multiscale_gaussian,0.9889265599999999,0.5673206030150754,0.0084,0.2302
SimpleHome_XCS7_1003_WHT_Security_Camera,300,1,4147,multiscale_t,0.98921388,0.566078391959799,0.0084,0.2288
SimpleHome_XCS7_1003_WHT_Security_Camera,300,2,10099,local,0.99864016,0.9316663316582915,0.0,0.0
SimpleHome_XCS7_1003_WHT_Security_Camera,300,2,10099,peer_scale_local_center,0.99947584,0.9736603015075378,0.0,0.4766
SimpleHome_XCS7_1003_WHT_Security_Camera,300,2,10099,shared_marginals,0.99956852,0.9783175879396986,0.0,0.478
SimpleHome_XCS7_1003_WHT_Security_Camera,300,2,10099,diagonal_eb,0.99867964,0.9336502512562814,0.0,0.0
SimpleHome_XCS7_1003_WHT_Security_Camera,300,2,10099,multiscale_gaussian,0.9987244,0.9358994974874372,0.0,0.0
SimpleHome_XCS7_1003_WHT_Security_Camera,300,2,10099,multiscale_t,0.99864016,0.9316663316582915,0.0,0.0
SimpleHome_XCS7_1003_WHT_Security_Camera,300,3,6584,local,0.9740588799999998,0.5353125628140704,0.0056,0.058
SimpleHome_XCS7_1003_WHT_Security_Camera,300,3,6584,peer_scale_local_center,0.99999996,0.9999979899497488,0.0214,1.0
SimpleHome_XCS7_1003_WHT_Security_Camera,300,3,6584,shared_marginals,0.99999972,0.9999859296482412,0.0214,1.0
SimpleHome_XCS7_1003_WHT_Security_Camera,300,3,6584,diagonal_eb,0.97411716,0.5329185929648241,0.0146,0.2246
SimpleHome_XCS7_1003_WHT_Security_Camera,300,3,6584,multiscale_gaussian,0.9738202799999999,0.5305748743718592,0.0066,0.0792
SimpleHome_XCS7_1003_WHT_Security_Camera,300,3,6584,multiscale_t,0.9740578000000001,0.5351638190954774,0.006,0.0774
SimpleHome_XCS7_1003_WHT_Security_Camera,300,4,127,local,0.9992118000000001,0.9749708542713569,0.0014,0.999
SimpleHome_XCS7_1003_WHT_Security_Camera,300,4,127,peer_scale_local_center,0.9999918799999999,0.999591959798995,0.0018,1.0
SimpleHome_XCS7_1003_WHT_Security_Camera,300,4,127,shared_marginals,0.99999608,0.9998030150753768,0.0018,1.0
SimpleHome_XCS7_1003_WHT_Security_Camera,300,4,127,diagonal_eb,0.99996424,0.9982030150753769,0.0014,0.999
SimpleHome_XCS7_1003_WHT_Security_Camera,300,4,127,multiscale_gaussian,0.99982604,0.9912582914572865,0.0014,0.999
SimpleHome_XCS7_1003_WHT_Security_Camera,300,4,127,multiscale_t,0.99972396,0.9861286432160804,0.0014,0.999
SimpleHome_XCS7_1003_WHT_Security_Camera,300,5,3323,local,0.9546065600000001,0.5496120603015076,0.0776,1.0
SimpleHome_XCS7_1003_WHT_Security_Camera,300,5,3323,peer_scale_local_center,1.0,1.0,0.4322,1.0
SimpleHome_XCS7_1003_WHT_Security_Camera,300,5,3323,shared_marginals,0.99999852,0.9999256281407035,0.4488,1.0
SimpleHome_XCS7_1003_WHT_Security_Camera,300,5,3323,diagonal_eb,0.95546536,0.5499175879396985,0.0784,1.0
SimpleHome_XCS7_1003_WHT_Security_Camera,300,5,3323,multiscale_gaussian,0.95521228,0.5499698492462312,0.081,1.0
SimpleHome_XCS7_1003_WHT_Security_Camera,300,5,3323,multiscale_t,0.95462148,0.5496381909547738,0.0776,1.0
SimpleHome_XCS7_1003_WHT_Security_Camera,300,6,3812,local,0.99827508,0.9133206030150753,0.0004,0.0144
SimpleHome_XCS7_1003_WHT_Security_Camera,300,6,3812,peer_scale_local_center,0.99999832,0.9999155778894473,0.0012,1.0
SimpleHome_XCS7_1003_WHT_Security_Camera,300,6,3812,shared_marginals,0.99999916,0.9999577889447235,0.0026,1.0
SimpleHome_XCS7_1003_WHT_Security_Camera,300,6,3812,diagonal_eb,0.998275,0.9133165829145728,0.0008,0.019
SimpleHome_XCS7_1003_WHT_Security_Camera,300,6,3812,multiscale_gaussian,0.99827468,0.9133005025125628,0.0004,0.0128
SimpleHome_XCS7_1003_WHT_Security_Camera,300,6,3812,multiscale_t,0.998275,0.9133165829145728,0.0004,0.0144
SimpleHome_XCS7_1003_WHT_Security_Camera,300,7,8050,local,0.99850436,0.9248422110552764,0.014,1.0
SimpleHome_XCS7_1003_WHT_Security_Camera,300,7,8050,peer_scale_local_center,0.99999276,0.9996361809045227,0.039,1.0
SimpleHome_XCS7_1003_WHT_Security_Camera,300,7,8050,shared_marginals,0.9999964,0.9998190954773869,0.0404,1.0
SimpleHome_XCS7_1003_WHT_Security_Camera,300,7,8050,diagonal_eb,0.99846284,0.9227557788944725,0.0122,1.0
SimpleHome_XCS7_1003_WHT_Security_Camera,300,7,8050,multiscale_gaussian,0.9983646,0.9178190954773869,0.0146,1.0
SimpleHome_XCS7_1003_WHT_Security_Camera,300,7,8050,multiscale_t,0.99850116,0.9246814070351759,0.014,1.0
SimpleHome_XCS7_1003_WHT_Security_Camera,1000,0,2286,local,0.9992121199999999,0.9604080402010049,0.0008,0.0486
SimpleHome_XCS7_1003_WHT_Security_Camera,1000,0,2286,peer_scale_local_center,0.99999408,0.9997025125628141,0.0054,1.0
SimpleHome_XCS7_1003_WHT_Security_Camera,1000,0,2286,shared_marginals,0.99999948,0.9999738693467337,0.0068,1.0
SimpleHome_XCS7_1003_WHT_Security_Camera,1000,0,2286,diagonal_eb,0.9992121199999999,0.9604080402010049,0.0008,0.0498
SimpleHome_XCS7_1003_WHT_Security_Camera,1000,0,2286,multiscale_gaussian,0.9992121199999999,0.9604080402010049,0.0008,0.0564
SimpleHome_XCS7_1003_WHT_Security_Camera,1000,0,2286,multiscale_t,0.9992121199999999,0.9604080402010049,0.0008,0.049
SimpleHome_XCS7_1003_WHT_Security_Camera,1000,1,4164,local,0.9993951200000001,0.9696040201005025,0.0004,0.0008
SimpleHome_XCS7_1003_WHT_Security_Camera,1000,1,4164,peer_scale_local_center,0.99999844,0.9999216080402009,0.0008,1.0
SimpleHome_XCS7_1003_WHT_Security_Camera,1000,1,4164,shared_marginals,0.9999994,0.9999698492462312,0.0014,1.0
SimpleHome_XCS7_1003_WHT_Security_Camera,1000,1,4164,diagonal_eb,0.99939168,0.9694311557788944,0.0004,0.0008
SimpleHome_XCS7_1003_WHT_Security_Camera,1000,1,4164,multiscale_gaussian,0.9993894000000001,0.9693165829145728,0.0004,0.001
SimpleHome_XCS7_1003_WHT_Security_Camera,1000,1,4164,multiscale_t,0.9993949200000001,0.9695939698492462,0.0004,0.0008
SimpleHome_XCS7_1003_WHT_Security_Camera,1000,2,3730,local,0.99790784,0.8948663316582914,0.001,0.0572
SimpleHome_XCS7_1003_WHT_Security_Camera,1000,2,3730,peer_scale_local_center,0.99998836,0.9994150753768845,0.0048,1.0
SimpleHome_XCS7_1003_WHT_Security_Camera,1000,2,3730,shared_marginals,0.999996,0.9997989949748743,0.0086,1.0
SimpleHome_XCS7_1003_WHT_Security_Camera,1000,2,3730,diagonal_eb,0.99790788,0.8948683417085427,0.001,0.0588
SimpleHome_XCS7_1003_WHT_Security_Camera,1000,2,3730,multiscale_gaussian,0.9979076800000001,0.8948582914572865,0.001,0.0574
SimpleHome_XCS7_1003_WHT_Security_Camera,1000,2,3730,multiscale_t,0.9979079200000001,0.8948703517587939,0.001,0.0572
SimpleHome_XCS7_1003_WHT_Security_Camera,1000,3,1544,local,0.99881024,0.9402130653266332,0.0,0.0008
SimpleHome_XCS7_1003_WHT_Security_Camera,1000,3,1544,peer_scale_local_center,0.99999328,0.999662311557789,0.0022,1.0
SimpleHome_XCS7_1003_WHT_Security_Camera,1000,3,1544,shared_marginals,0.9999982000000001,0.9999095477386934,0.0038,1.0
SimpleHome_XCS7_1003_WHT_Security_Camera,1000,3,1544,diagonal_eb,0.99881024,0.9402130653266332,0.0,0.0008
SimpleHome_XCS7_1003_WHT_Security_Camera,1000,3,1544,multiscale_gaussian,0.99880856,0.9401286432160805,0.0,0.0008
SimpleHome_XCS7_1003_WHT_Security_Camera,1000,3,1544,multiscale_t,0.99881024,0.9402130653266332,0.0,0.0008
SimpleHome_XCS7_1003_WHT_Security_Camera,1000,4,8787,local,0.9955424,0.8190974874371859,0.0002,0.0144
SimpleHome_XCS7_1003_WHT_Security_Camera,1000,4,8787,peer_scale_local_center,0.99844716,0.9219678391959798,0.0034,0.7958
SimpleHome_XCS7_1003_WHT_Security_Camera,1000,4,8787,shared_marginals,0.9990602799999999,0.9527778894472362,0.0054,1.0
SimpleHome_XCS7_1003_WHT_Security_Camera,1000,4,8787,diagonal_eb,0.99558588,0.8192301507537689,0.0006,0.0158
SimpleHome_XCS7_1003_WHT_Security_Camera,1000,4,8787,multiscale_gaussian,0.99553852,0.818902512562814,0.0006,0.0152
SimpleHome_XCS7_1003_WHT_Security_Camera,1000,4,8787,multiscale_t,0.9955424,0.8190974874371859,0.0002,0.0144
SimpleHome_XCS7_1003_WHT_Security_Camera,1000,5,4605,local,0.99920104,0.959851256281407,0.0006,0.0014
SimpleHome_XCS7_1003_WHT_Security_Camera,1000,5,4605,peer_scale_local_center,0.99999932,0.9999658291457285,0.0044,1.0
SimpleHome_XCS7_1003_WHT_Security_Camera,1000,5,4605,shared_marginals,0.99999928,0.9999638190954774,0.006,1.0
SimpleHome_XCS7_1003_WHT_Security_Camera,1000,5,4605,diagonal_eb,0.999201,0.9598492462311559,0.0006,0.0014
SimpleHome_XCS7_1003_WHT_Security_Camera,1000,5,4605,multiscale_gaussian,0.99920088,0.959843216080402,0.0006,0.0014
SimpleHome_XCS7_1003_WHT_Security_Camera,1000,5,4605,multiscale_t,0.999201,0.9598492462311559,0.0006,0.0014
SimpleHome_XCS7_1003_WHT_Security_Camera,1000,6,7933,local,0.9991494799999999,0.9572603015075376,0.0,0.001
SimpleHome_XCS7_1003_WHT_Security_Camera,1000,6,7933,peer_scale_local_center,0.99896144,0.9478110552763819,0.0,0.4294
SimpleHome_XCS7_1003_WHT_Security_Camera,1000,6,7933,shared_marginals,0.99915728,0.9576522613065327,0.0,0.433
SimpleHome_XCS7_1003_WHT_Security_Camera,1000,6,7933,diagonal_eb,0.9991507199999999,0.9573226130653267,0.0,0.001
SimpleHome_XCS7_1003_WHT_Security_Camera,1000,6,7933,multiscale_gaussian,0.9991463199999999,0.9571015075376884,0.0,0.001
SimpleHome_XCS7_1003_WHT_Security_Camera,1000,6,7933,multiscale_t,0.99914896,0.9572341708542714,0.0,0.001
SimpleHome_XCS7_1003_WHT_Security_Camera,1000,7,7939,local,0.9990618,0.9528542713567839,0.0,0.0006
SimpleHome_XCS7_1003_WHT_Security_Camera,1000,7,7939,peer_scale_local_center,0.99902472,0.9509909547738693,0.0,0.4268
SimpleHome_XCS7_1003_WHT_Security_Camera,1000,7,7939,shared_marginals,0.99922016,0.9608120603015076,0.0,0.4642
SimpleHome_XCS7_1003_WHT_Security_Camera,1000,7,7939,diagonal_eb,0.99910256,0.9549025125628141,0.0,0.0006
SimpleHome_XCS7_1003_WHT_Security_Camera,1000,7,7939,multiscale_gaussian,0.9990650400000001,0.9530170854271356,0.0,0.0006
SimpleHome_XCS7_1003_WHT_Security_Camera,1000,7,7939,multiscale_t,0.99910072,0.9548100502512562,0.0,0.0006
