device,support_n,replicate,offset,mean_ess,median_posterior_df,auroc_predictive,auroc_shared,auroc_local,auroc_posterior_gaussian,auroc_local_center_peer_scale,spauc01_predictive,spauc01_shared,spauc01_local,spauc01_posterior_gaussian,spauc01_local_center_peer_scale,fpr_predictive,fpr_shared,fpr_local,fpr_posterior_gaussian,fpr_local_center_peer_scale,tpr_predictive,tpr_shared,tpr_local,tpr_posterior_gaussian,tpr_local_center_peer_scale,threshold_predictive
Danmini_Doorbell,30,0,7610,26.353013637580553,33.858051484638914,0.9994549,0.9991239000000001,0.98068866,0.99937862,0.99909655,0.9726080402010049,0.9559748743718594,0.49769145728643216,0.9687748743718594,0.9546005025125628,0.0286,0.124,0.0094,0.0869,0.1067,1.0,1.0,0.0005,1.0,1.0,195.29130284757173
Danmini_Doorbell,30,1,5010,25.654137756258223,33.81635457036636,0.99951941,0.99923307,0.98569248,0.99932316,0.99925897,0.9758497487437185,0.9614608040201005,0.4975894472361809,0.9659879396984925,0.962762311557789,0.0261,0.1396,0.0101,0.0835,0.1178,1.0,1.0,0.0005,1.0,1.0,193.9588941053325
Danmini_Doorbell,30,2,16963,26.75864671998047,33.94330084115726,0.9994266,0.99948913,0.9694176699999999,0.99950016,0.99944812,0.9711859296482412,0.9743281407035177,0.4977145728643216,0.9748824120603015,0.9722673366834171,0.0314,0.1431,0.0097,0.1087,0.1175,1.0,1.0,0.0005,1.0,1.0,194.1186609370915
Danmini_Doorbell,30,3,7687,26.86253042970803,33.929575266126676,0.99953551,0.9994139,0.96664038,0.99946513,0.99940279,0.9766587939698492,0.9705477386934673,0.5048798994974875,0.9731221105527639,0.969989447236181,0.0277,0.1617,0.01,0.1332,0.1553,1.0,1.0,0.0556,1.0,1.0,189.54087518405646
Danmini_Doorbell,30,4,19496,27.81639856019742,33.949505514924965,0.9993833599999999,0.9993410100000001,0.9356905600000001,0.99933118,0.99929043,0.9690130653266331,0.9668849246231156,0.603680904522613,0.9663909547738694,0.964343216080402,0.0523,0.1975,0.0662,0.2001,0.1956,1.0,1.0,0.5177,1.0,1.0,173.1908039864851
Danmini_Doorbell,30,5,18485,27.442362776629704,33.94330084115726,0.99950874,0.99946015,0.9593594900000001,0.99952953,0.99945313,0.975313567839196,0.9728718592964825,0.6064653266331658,0.9763582914572864,0.972519095477387,0.0503,0.2521,0.0639,0.1916,0.1772,1.0,1.0,0.5135,1.0,1.0,176.59566945745036
Danmini_Doorbell,30,6,6612,28.296114546843445,34.27730513467616,0.99942494,0.9993273199999999,0.9632655800000001,0.99937418,0.9993392,0.9711025125628141,0.9661969849246231,0.5805577889447237,0.9685517587939698,0.9667939698492463,0.0575,0.283,0.0667,0.2425,0.2463,1.0,1.0,0.9273,1.0,1.0,173.86283286730603
Danmini_Doorbell,30,7,7175,23.43890533749651,32.574566353676204,0.9994676299999999,0.9996028499999999,0.99179797,0.9996043400000001,0.99961417,0.9732477386934674,0.9800427135678391,0.5879050251256281,0.9801175879396984,0.9806115577889448,0.0051,0.0358,0.0081,0.0067,0.0272,1.0,1.0,0.0008,1.0,1.0,301.00735876856874
Danmini_Doorbell,30,8,8201,27.822895235013025,33.95733074569036,0.99952063,0.99944983,0.96951401,0.9995392900000001,0.99947957,0.9759110552763819,0.9723532663316583,0.5081733668341708,0.976848743718593,0.9738477386934673,0.0206,0.0988,0.0255,0.0395,0.0725,1.0,1.0,0.0577,1.0,1.0,208.42916690893318
Danmini_Doorbell,30,9,25302,26.5468250376852,33.858051484638914,0.9995465299999999,0.9993800700000001,0.98852981,0.9994403900000001,0.9993897500000001,0.9772125628140704,0.9688477386934673,0.4977105527638191,0.9718788944723618,0.9693341708542713,0.0144,0.09,0.0083,0.0513,0.0806,1.0,1.0,0.0007,1.0,1.0,220.60953041307283
Danmini_Doorbell,30,10,21655,26.98698589845109,33.878031891743824,0.99943163,0.99935456,0.98843425,0.99944499,0.9993838599999999,0.9714386934673367,0.9675658291457288,0.4976753768844221,0.9721100502512563,0.9690381909547738,0.0267,0.0984,0.0091,0.047,0.0676,1.0,1.0,0.0007,1.0,1.0,204.05725537951628
Danmini_Doorbell,30,11,21237,26.3579704556637,33.878031891743824,0.99947067,0.99920909,0.9415996799999999,0.9993425300000001,0.99926908,0.9734005025125628,0.9602557788944723,0.4975643216080402,0.9669613065326633,0.9632703517587939,0.0189,0.0935,0.0101,0.0683,0.0836,1.0,1.0,0.0002,1.0,1.0,218.7032740603294
Danmini_Doorbell,30,12,6001,25.900441958750804,33.858051484638914,0.99949435,0.9988561600000001,0.98882022,0.99924563,0.99898716,0.9745904522613065,0.9425206030150755,0.4980010050251256,0.962091959798995,0.9491035175879396,0.0127,0.0309,0.0007,0.0148,0.0168,1.0,1.0,0.0006,1.0,1.0,244.34566553687637
Danmini_Doorbell,30,13,26753,28.013431764329855,34.20786202617392,0.9993885,0.9992636100000001,0.9564403900000001,0.99932999,0.9992686199999999,0.9692713567839195,0.9629954773869347,0.6042040201005024,0.9663311557788945,0.9632472361809046,0.0532,0.2221,0.0645,0.19,0.2037,1.0,1.0,0.5242,1.0,1.0,178.25561935333928
Danmini_Doorbell,30,14,10332,26.3123406401504,33.83029609046618,0.99953351,0.99943504,0.9651194099999999,0.99946048,0.99941664,0.9765582914572865,0.9716100502512561,0.4976115577889447,0.9728884422110553,0.9706854271356784,0.0443,0.2233,0.0105,0.2052,0.1961,1.0,1.0,0.0009,1.0,1.0,177.30556653167037
Danmini_Doorbell,100,0,3210,91.81515116551435,103.60937132730825,0.99945184,0.9994073699999999,0.99263068,0.9993613100000001,0.9994091399999999,0.9724542713567839,0.9702195979899498,0.6301934673366834,0.9679050251256283,0.9703085427135678,0.0248,0.14,0.0071,0.1042,0.1484,1.0,1.0,0.0002,1.0,1.0,225.31746811728544
Danmini_Doorbell,100,1,25249,69.0289708999261,85.03829711405724,0.99920467,0.9944796100000001,0.99059104,0.99721105,0.9933091700000001,0.9600336683417086,0.872470351758794,0.530172864321608,0.8756668341708542,0.8684271356783919,0.0015,0.0013,0.0078,0.0023,0.0002,0.803,0.5191,0.0004,0.7987,0.4583,800.0161124761576
Danmini_Doorbell,100,2,17874,93.48041587416698,103.94330084115725,0.9992449,0.9992287,0.96484112,0.99902122,0.99922488,0.9620552763819096,0.9612412060301507,0.5078110552763819,0.9508150753768845,0.9610492462311557,0.0753,0.2386,0.0414,0.2171,0.24,1.0,1.0,0.6244,1.0,1.0,141.13540935120707
Danmini_Doorbell,100,3,13383,60.844442737921625,71.00928268027239,0.9984469300000001,0.95875519,0.94563678,0.9446603900000001,0.92923366,0.9219562814070352,0.8878728643216081,0.624905527638191,0.8563120603015075,0.8841527638190955,0.0004,0.0,0.0007,0.0003,0.0,0.4595,0.3949,0.0003,0.4587,0.0524,998.5492402475542
Danmini_Doorbell,100,4,24535,90.98511349247818,103.85147628802537,0.99939849,0.9993087199999999,0.99210937,0.99922537,0.99931434,0.9697733668341708,0.965262311557789,0.6034894472361809,0.9610738693467337,0.9655447236180905,0.041,0.1251,0.0078,0.0857,0.1209,1.0,1.0,0.0003,1.0,1.0,208.61418847642105
Danmini_Doorbell,100,5,9261,95.04039249578352,103.87803189174382,0.99936393,0.9993593900000001,0.9706836200000001,0.99930787,0.9993397900000001,0.9680366834170855,0.9678085427135679,0.5049939698492463,0.9652195979899497,0.9668236180904524,0.0552,0.1501,0.0299,0.1031,0.1431,1.0,1.0,0.0579,1.0,1.0,167.60638673465797
Danmini_Doorbell,100,6,18475,93.33415613549163,103.83029609046618,0.99937665,0.99930761,0.96830796,0.99927325,0.9992985200000001,0.968675879396985,0.9652065326633166,0.5066366834170855,0.9634798994974874,0.9647497487437187,0.0706,0.152,0.0277,0.0933,0.1176,1.0,1.0,0.0561,1.0,1.0,140.7465603162041
Danmini_Doorbell,100,7,5798,88.49795418123331,103.30127650051845,0.9994585300000001,0.99936075,0.9882545699999999,0.99920709,0.99938478,0.9727904522613064,0.9678768844221105,0.497721608040201,0.9601552763819097,0.9690844221105527,0.0494,0.1321,0.0097,0.1002,0.1243,1.0,1.0,0.0006,1.0,1.0,176.09906996426997
Danmini_Doorbell,100,8,13770,89.75214967375571,103.81635457036636,0.9994860600000001,0.9994321300000001,0.98542628,0.9993585500000001,0.99948106,0.9741738693467337,0.9714638190954774,0.4977396984924623,0.9677663316582914,0.9739226130653267,0.0432,0.8755,0.0085,0.0375,0.8752,1.0,1.0,0.0008,1.0,1.0,173.49382922449476
Danmini_Doorbell,100,9,13243,72.81421407022961,78.52635285394223,0.99943403,0.99922544,0.9926499799999999,0.99922241,0.99921634,0.971559296482412,0.9610773869346734,0.6306522613065326,0.9609251256281407,0.9606201005025126,0.0027,0.0226,0.0065,0.0025,0.0117,0.9998,1.0,0.0005,0.9997,1.0,673.7907026429823
Danmini_Doorbell,100,10,9340,86.21909306486839,103.21619051430184,0.99932703,0.99881095,0.9896267300000001,0.99921071,0.99877387,0.9661824120603015,0.9402527638190955,0.49787989949748745,0.9603668341708544,0.9383999999999999,0.0562,0.0658,0.0059,0.0849,0.0645,1.0,1.0,0.0005,1.0,1.0,160.52717127249267
Danmini_Doorbell,100,11,3986,88.27429039462349,102.96198389737947,0.99931208,0.99923784,0.98792821,0.9991838000000001,0.99928622,0.9654311557788945,0.9617005025125629,0.4978175879396985,0.9589849246231155,0.9641316582914574,0.0208,0.0962,0.0097,0.0964,0.1106,1.0,1.0,0.0012,1.0,1.0,242.76716565134146
Danmini_Doorbell,100,12,10839,87.87705933657483,103.30127650051845,0.99933777,0.9992132100000001,0.99188492,0.99928298,0.99935649,0.9667221105527639,0.9604628140703517,0.5922829145728643,0.9639688442211055,0.9676628140703518,0.0181,0.0463,0.005,0.0206,0.0352,1.0,1.0,0.0005,1.0,1.0,285.8079797174755
Danmini_Doorbell,100,13,7052,86.87860293103994,103.30127650051845,0.9993496199999999,0.99874261,0.98932343,0.99918323,0.99882702,0.9673175879396985,0.9368145728643216,0.49782763819095477,0.9589562814070351,0.9410562814070352,0.0329,0.0549,0.0055,0.0406,0.0423,1.0,1.0,0.0006,1.0,1.0,213.96447346120877
Danmini_Doorbell,100,14,32826,85.37241329084839,102.78981026128017,0.9992664,0.99878578,0.99233934,0.99835681,0.99832851,0.9631356783919598,0.9389839195979899,0.6152603015075376,0.9174276381909547,0.9160371859296483,0.0467,0.0644,0.0044,0.0863,0.0631,1.0,1.0,0.0002,1.0,1.0,191.10017291516434
Danmini_Doorbell,300,0,23043,266.3884508179451,303.7831057654361,0.99924579,0.99881589,0.9896317099999999,0.99800429,0.99854464,0.9621,0.9404969849246231,0.49825527638190953,0.9003974874371858,0.9269929648241206,0.0406,0.1132,0.0068,0.0742,0.1028,1.0,1.0,0.0005,1.0,1.0,304.04936918719824
Danmini_Doorbell,300,1,6053,283.67440508755635,303.87803189174383,0.99928836,0.99927352,0.99208518,0.99907671,0.9992305699999999,0.9642391959798995,0.9634934673366835,0.6022979899497487,0.9536035175879397,0.961335175879397,0.0511,0.1774,0.1638,0.1741,0.1794,1.0,1.0,1.0,1.0,1.0,262.1507997769446
Danmini_Doorbell,300,2,13047,203.58785916551298,196.60810620909254,0.99917812,0.99702722,0.9958412400000001,0.9986698,0.99692378,0.9586994974874372,0.8897316582914574,0.7910170854271357,0.9331557788944722,0.8887844221105528,0.0066,0.0374,0.0036,0.0084,0.0185,1.0,1.0,0.0005,1.0,1.0,788.4385363476381
Danmini_Doorbell,300,3,20649,266.33155211000076,303.46099767240503,0.99922766,0.9964804,0.9955359,0.99833714,0.9969938,0.9611889447236182,0.8873231155778896,0.7756814070351759,0.9166000000000001,0.8858185929648241,0.0276,0.0583,0.0043,0.041,0.0567,1.0,1.0,0.0004,1.0,1.0,291.9439207297871
Danmini_Doorbell,300,4,15040,276.8543614067027,303.88448006336694,0.9991829799999999,0.99924148,0.98803557,0.99874142,0.99921184,0.9589437185929648,0.9618834170854271,0.49763467336683415,0.9367547738693467,0.9603939698492463,0.0526,0.1781,0.1286,0.1644,0.1996,1.0,1.0,1.0,1.0,1.0,265.7063368183736
Danmini_Doorbell,300,5,25129,199.7356385588311,196.70102943816346,0.9989409499999999,0.99605207,0.99053389,0.9957536100000001,0.99491717,0.9467814070351759,0.883297487437186,0.5283733668341709,0.7997180904522614,0.8788165829145729,0.0026,0.0161,0.0092,0.0069,0.007,0.7992,0.7994,0.4421,0.7906,0.7965,1010.0422971339109
Danmini_Doorbell,300,6,27155,254.2249908791855,302.8304084651246,0.9990620800000001,0.9995937899999999,0.99223296,0.9981761100000001,0.99942334,0.9528683417085427,0.9795874371859297,0.6107396984924623,0.9083552763819095,0.9710221105527639,0.0305,0.0668,0.0665,0.057,0.0627,1.0,1.0,1.0,1.0,1.0,264.5198112216967
Danmini_Doorbell,300,7,25907,281.1883495654255,303.88448006336694,0.9993127900000001,0.9993345100000001,0.98852748,0.99900844,0.99930932,0.9654668341708542,0.9665582914572864,0.4977798994974874,0.9501728643216081,0.9652924623115577,0.0566,0.2173,0.1598,0.1829,0.2205,1.0,1.0,1.0,1.0,1.0,230.50529781360933
Danmini_Doorbell,300,8,2559,257.50823651755303,302.96198389737947,0.99904501,0.9991315000000001,0.99069127,0.99808036,0.99911982,0.952010552763819,0.956356783919598,0.5330693467336683,0.9035356783919599,0.9557698492462311,0.03,0.0955,0.0464,0.0545,0.0741,1.0,1.0,1.0,1.0,1.0,286.3563177266016
Danmini_Doorbell,300,9,28912,261.3366424462914,303.19393887079127,0.9991640900000001,0.99938004,0.98634495,0.99857669,0.99938678,0.957994472361809,0.9688462311557788,0.49786281407035177,0.9284768844221105,0.9691849246231157,0.027,0.1329,0.1304,0.1565,0.1507,1.0,1.0,1.0,1.0,1.0,313.43211451266626
Danmini_Doorbell,300,10,16105,264.26929193360604,303.3914145575945,0.99907528,0.99854302,0.9905288299999999,0.99735561,0.99829517,0.9535316582914573,0.9267849246231155,0.5255668341708543,0.8674613065326633,0.9143341708542714,0.0463,0.1262,0.0738,0.0916,0.1145,1.0,1.0,1.0,1.0,1.0,249.11935669156853
Danmini_Doorbell,300,11,28820,255.69638887256278,302.94514472861135,0.9992429100000001,0.9984862999999999,0.99097426,0.9966924899999999,0.9979986,0.9619552763819095,0.9239346733668342,0.5470562814070352,0.8609909547738693,0.8996201005025125,0.019,0.1117,0.1186,0.1307,0.1206,1.0,1.0,1.0,1.0,1.0,346.22033259729085
Danmini_Doorbell,300,12,19308,244.14198194536337,302.94514472861135,0.9981329400000001,0.98456276,0.98875633,0.9962014400000002,0.9901132500000001,0.9061778894472361,0.8930371859296482,0.4977688442211055,0.8152386934673368,0.890664824120603,0.0033,0.0001,0.0101,0.0018,0.0,0.7963,0.4545,0.3143,0.4546,0.452,814.3098107560152
Danmini_Doorbell,300,13,20846,270.17007161526317,303.69938475944554,0.99915593,0.99573869,0.9955385099999999,0.9979433100000001,0.99687189,0.9575844221105527,0.8822261306532664,0.7758246231155779,0.8973608040201004,0.8787854271356784,0.0156,0.0779,0.004,0.0541,0.072,1.0,1.0,0.0003,1.0,1.0,400.8676385425223
Danmini_Doorbell,300,14,22690,255.438226294799,302.90565554855425,0.99929205,0.99953226,0.99578174,0.9989932199999999,0.99941271,0.9644246231155779,0.9764954773869348,0.788027135678392,0.949408040201005,0.9704879396984925,0.0247,0.0765,0.0041,0.0466,0.0679,1.0,1.0,0.0002,1.0,1.0,321.42620906735095
Danmini_Doorbell,1000,0,16686,630.7613416353738,560.3273803870495,0.99959448,0.99854905,0.99779525,0.99838766,0.99804531,0.9796221105527638,0.9270879396984926,0.8925748743718593,0.9189778894472362,0.9017743718592965,0.0133,0.0987,0.0899,0.0883,0.0955,1.0,1.0,1.0,1.0,1.0,502.7832548992909
Danmini_Doorbell,1000,1,11795,577.1677154242484,445.0143240300334,0.99960392,0.9985509499999999,0.9949151300000001,0.99727652,0.99800687,0.9800964824120604,0.9271834170854272,0.8475422110552764,0.8693095477386934,0.8998427135678393,0.0104,0.0733,0.0645,0.0608,0.0769,1.0,1.0,1.0,1.0,1.0,480.49979669380593
Danmini_Doorbell,1000,2,25375,877.0419097893654,1002.9619838973795,0.99916981,0.99942179,0.99610032,0.99831382,0.99894521,0.9582819095477387,0.9709442211055276,0.8040512562814071,0.9154381909547739,0.9469954773869346,0.045,0.1123,0.1031,0.1081,0.1159,1.0,1.0,1.0,1.0,1.0,351.9436607428133
Danmini_Doorbell,1000,3,2213,862.4258455413748,1002.8304084651246,0.99910208,0.99927627,0.99429956,0.99715627,0.99915933,0.954878391959799,0.9636316582914572,0.715459296482412,0.8583809045226131,0.9577562814070352,0.0411,0.1069,0.0962,0.0933,0.1053,1.0,1.0,1.0,1.0,1.0,395.6319565678424
Danmini_Doorbell,1000,4,26556,867.8948198986774,1002.8237112815673,0.9991437200000001,0.99958856,0.99570004,0.99806357,0.99947864,0.9569708542713569,0.9793246231155779,0.7850597989949748,0.9034055276381909,0.9738010050251256,0.0404,0.1306,0.1277,0.1285,0.1265,1.0,1.0,1.0,1.0,1.0,395.8323533010257
Danmini_Doorbell,1000,5,23655,871.7066170460595,1003.1939388707913,0.99911842,0.99945951,0.99496624,0.99768928,0.9992943200000001,0.9556994974874372,0.9728396984924623,0.7473356783919598,0.8841517587939698,0.9645386934673367,0.0436,0.1129,0.1012,0.1029,0.1145,1.0,1.0,1.0,1.0,1.0,375.54119011258484
Danmini_Doorbell,1000,6,13847,889.8184259607209,1003.1939388707913,0.99940416,0.99974498,0.99541064,0.99913526,0.99973472,0.9700582914572865,0.9871849246231156,0.7693788944723619,0.956545728643216,0.9866693467336684,0.0206,0.0297,0.0027,0.0301,0.0278,1.0,1.0,0.0007,1.0,1.0,415.7227748922698
Danmini_Doorbell,1000,7,21787,845.8057363380663,1002.7897985728749,0.99921032,0.9990648,0.9937154,0.99662081,0.99832534,0.9603175879396986,0.9530050251256281,0.6896226130653266,0.8325065326633165,0.915897487437186,0.0405,0.0934,0.0837,0.0868,0.0921,1.0,1.0,1.0,1.0,1.0,393.4709546918098
Danmini_Doorbell,1000,8,13581,850.5682745761618,1002.9619838973795,0.99924846,0.99965825,0.99785397,0.99888311,0.99954764,0.9622341708542714,0.9828266331658291,0.8921592964824121,0.9438748743718592,0.9772683417085427,0.0295,0.0103,0.0004,0.0053,0.0087,1.0,1.0,0.0005,1.0,1.0,397.4380164289201
Danmini_Doorbell,1000,9,9316,874.6654605951892,1002.9619838973795,0.99928461,0.99949723,0.99589825,0.99824619,0.99940001,0.9640507537688443,0.974735175879397,0.7942231155778894,0.9122150753768844,0.9698497487437188,0.0348,0.1158,0.0842,0.0818,0.1075,1.0,1.0,1.0,1.0,1.0,367.22964186980977
Danmini_Doorbell,1000,10,15034,877.4250321863568,1002.9619838973795,0.9991396,0.99913036,0.9943455800000001,0.99770186,0.99930211,0.9567638190954775,0.9562994974874371,0.7165417085427136,0.8855663316582914,0.9649301507537689,0.0464,0.1691,0.1667,0.1653,0.1724,1.0,1.0,1.0,1.0,1.0,372.82035111524266
Danmini_Doorbell,1000,11,14714,880.8441621809284,1002.9056555485543,0.99947055,0.99856736,0.9954345099999999,0.9982327599999999,0.99838924,0.9733944723618091,0.9280386934673368,0.7714321608040201,0.9125959798994976,0.9192477386934672,0.0464,0.1602,0.1843,0.1818,0.1688,1.0,1.0,1.0,1.0,1.0,347.594772778501
Danmini_Doorbell,1000,12,11475,572.091315132751,473.442890597926,0.99962818,0.99843743,0.9950754399999999,0.99715544,0.99788348,0.9813155778894472,0.9214788944723618,0.841240703517588,0.8662000000000001,0.8936427135678392,0.0054,0.0618,0.0568,0.0528,0.0621,1.0,1.0,1.0,1.0,1.0,778.6952234542307
Danmini_Doorbell,1000,13,3457,887.0969714681288,1002.9451447286114,0.99932797,0.99950052,0.99529834,0.99806856,0.99934111,0.966229648241206,0.9749005025125628,0.7642964824120604,0.9032979899497487,0.9668899497487438,0.0299,0.1255,0.1146,0.1108,0.1264,1.0,1.0,1.0,1.0,1.0,463.47594191651285
Danmini_Doorbell,1000,14,15498,859.1412438327806,1002.8237112815673,0.9991898800000001,0.99935814,0.99424993,0.99711323,0.99911083,0.9592904522613066,0.9677457286432161,0.7129467336683417,0.8559984924623116,0.9553180904522613,0.0472,0.1293,0.1117,0.1024,0.1164,1.0,1.0,1.0,1.0,1.0,329.7309700125701
Ecobee_Thermostat,30,0,7135,28.7050444076495,33.83380579564755,0.9999537176847403,0.9998000457561198,0.9994963166323496,0.9998166094715168,0.9998163578128574,0.9976742555145897,0.9899520480462252,0.9746892780075165,0.9907843955536089,0.9907717493898226,0.003202928391672386,0.03614733470601693,0.0,0.004346831388698238,0.024479524136353237,1.0,1.0,0.0,1.0,1.0,456.1351657746608
Ecobee_Thermostat,30,1,4210,28.610150906944696,33.78423843936045,0.9999546328071379,0.9997902768245254,0.9996827499428048,0.9998186913749714,0.9998185083504919,0.9977202415647213,0.9894611469610693,0.9840577860705955,0.9908890138176584,0.990879816607632,0.02081903454587051,0.026767330130404943,0.0,0.0025165865934568747,0.021505376344086023,1.0,1.0,0.0,1.0,1.0,444.4608921902351
Ecobee_Thermostat,30,2,8689,28.48852974766172,33.78423843936045,0.9998476549988561,0.9998539235872798,0.9958472660718372,0.9998644703729124,0.9998190345458705,0.9929942092066373,0.9926594767477286,0.9008542713567839,0.9931894659754964,0.9909062585864578,0.001601464195836193,0.0025165865934568747,0.0,0.0,0.0025165865934568747,0.9996,1.0,0.0,0.802,1.0,647.6591118863812
Ecobee_Thermostat,30,3,7099,28.39644718644169,33.78423843936045,0.9999516586593457,0.9997335849919927,0.9995701441317776,0.9998552505147563,0.9998509494394875,0.9975707869017933,0.986612311155411,0.9783992026018906,0.9927261565204195,0.9925100220848005,0.03065660032029284,0.04232441088995653,0.07229466941203386,0.07549759780370624,0.03706245710363761,1.0,1.0,1.0,1.0,1.0,447.24701839195234
Ecobee_Thermostat,30,4,2871,27.670291499132336,33.67559950525458,0.9999519331960649,0.99983079386868,0.9991547929535575,0.9998589796385267,0.9998586822237474,0.9975845827168328,0.9914971793306502,0.9575272840983686,0.9929135496747061,0.9928986042084134,0.0004575611988103409,0.0011439029970258523,0.0,0.0,0.0011439029970258523,0.9998,0.9989,0.0,0.794,1.0,680.4439598491346
Ecobee_Thermostat,30,5,6263,28.62855196167018,33.83380579564755,0.9999544955387784,0.9998085335163578,0.9998643331045527,0.9998643788606726,0.9998639441775337,0.9977133436572015,0.9903785686611967,0.9931825680679766,0.9931848673704832,0.9931630239966706,0.0,0.0011439029970258523,0.0,0.0,0.0011439029970258523,0.8023,0.9984,0.0,0.7989,1.0,785.1369486872079
Ecobee_Thermostat,30,6,8007,27.256375776859077,33.688756208943666,0.9999543353923588,0.9998613818348204,0.9936270647449096,0.999864607641272,0.9998644246167925,0.9977052960984285,0.9930342630563018,0.9002219631674732,0.9931963638830161,0.9931871666729897,0.007778540379775795,0.006405856783344772,0.07366735300846489,0.009608785175017159,0.004575611988103409,1.0,1.0,1.0,1.0,1.0,443.6970798559348
Ecobee_Thermostat,30,7,7865,27.289973117979695,33.69395238819181,0.9999998856097003,0.9997847174559598,0.9995245939144362,0.9998098375657745,0.9998094257606955,0.9999942517437335,0.9891817817065193,0.9761102469565857,0.9904440987826343,0.990423405060075,0.0789293067947838,0.03683367650423244,0.10455273392816289,0.06932052161976665,0.032944406314344546,1.0,1.0,1.0,1.0,1.0,389.94282943604713
Ecobee_Thermostat,30,8,267,28.559301579358184,33.81458508804677,0.999953443148021,0.9998084420041182,0.9998150308853809,0.999814985129261,0.9998145504461222,0.9976604596995502,0.9903739700561834,0.9907050696171316,0.990702770314625,0.9906809269408126,0.04140928849233585,0.2653854953099977,0.9746053534660261,0.7062457103637612,0.26378403111416154,1.0,1.0,1.0,1.0,1.0,433.0402182152777
Ecobee_Thermostat,30,9,1288,26.874120937064884,33.52534177104232,0.9999539007092199,0.999836536261725,0.9998167467398765,0.9998625486158774,0.999816563715397,0.9976834527246159,0.9917857417952265,0.9907912934611285,0.9930928952702198,0.9907820962511021,0.04140928849233585,0.07961564859299931,0.1455044612216884,0.1052390757263784,0.08075955159002517,1.0,1.0,1.0,1.0,1.0,447.25773570356967
Ecobee_Thermostat,30,10,2924,28.34433306849494,33.81458508804677,0.9634374513841226,0.9895488904140929,0.8144351635781286,0.9307573552962708,0.9888173415694349,0.824474212747563,0.897486816374253,0.49748743718592964,0.5271848489760631,0.900138107605058,0.18645618851521392,0.3205216197666438,0.15968885838480898,0.23083962479981698,0.3182338137725921,1.0,1.0,0.0,1.0,1.0,403.93185989810235
Ecobee_Thermostat,30,11,3488,26.135698307293776,33.35133779079238,0.9999537634408603,0.9998552276366964,0.9985751315488446,0.9998619766643789,0.9998618393960192,0.9976765548170962,0.9927250068691662,0.9283985702937014,0.9930641539888875,0.9930572560813676,0.0038892701898878973,0.06291466483642187,0.14298787462823154,0.09654541294898193,0.046900022878059944,1.0,1.0,1.0,1.0,1.0,440.1169299468909
Ecobee_Thermostat,30,12,4524,26.918315190022287,33.04988161788995,0.9999543582704187,0.9998503088538092,0.9999090139556166,0.9999089453214367,0.9997720887668726,0.9977064457496818,0.9924778318497084,0.9954278369656565,0.9954243880118966,0.988547174214702,0.012582932967284374,0.22466254861587737,0.03546099290780142,0.3404255319148936,0.19675131548844657,1.0,1.0,1.0,1.0,1.0,413.7834156393584
Ecobee_Thermostat,30,13,6506,27.52649623792348,33.52534177104232,0.9999464882177992,0.9998847174559596,0.9552566689544726,0.99981926332647,0.9997824067719058,0.9998285525085966,0.9951333767901508,0.635312630413564,0.9997783012523151,0.9929206315264265,0.31251429878746284,0.05101807366735301,0.9773507206588882,0.9585907115076642,0.1997254632807138,1.0,0.9999,1.0,1.0,0.9999,416.7685739298209
Ecobee_Thermostat,30,14,7273,28.221911260400347,33.7621102949456,0.9999999771219401,0.9999021276595744,0.9789625486158775,0.9999543582704187,0.9999086479066576,0.9999988503487467,0.9950817919384154,0.7933900226366333,0.9977064457496819,0.9954094425456038,0.0006863417982155113,0.002059025394646534,0.0,0.0,0.001601464195836193,1.0,1.0,0.0,0.8005,1.0,659.2744324410013
Ecobee_Thermostat,100,0,1719,94.52893634550412,103.7621102949456,0.9999545412948982,0.9998136353237246,0.999545412948982,0.9996362846030656,0.9998181194234729,0.997715642959708,0.9906349408906808,0.9771564295970818,0.9817228443751588,0.990860272536326,0.008922443376801648,0.07343857240905971,0.12468542667581789,0.10981468771448182,0.07298101121024937,1.0,1.0,1.0,1.0,1.0,496.9659558113845
Ecobee_Thermostat,100,1,7919,95.84357839675727,103.69395238819182,0.999955387783116,0.9999099748341341,0.9997798444291924,0.9999558682223748,0.9999118279569892,0.99775818005608,0.9954761223182947,0.9889369059895681,0.9977823227323991,0.9955692440698114,0.037977579501258296,0.10386639212994737,0.14985129261038663,0.13452299245024021,0.10363761153054221,1.0,1.0,1.0,1.0,1.0,454.8775830205864
Ecobee_Thermostat,100,2,2013,95.24375720211427,103.67736573057488,0.999954221002059,0.9998603294440632,0.9998176161061542,0.9998631663234958,0.9998631205673759,0.9976995478421621,0.9929813790986504,0.9908349802087537,0.9931239358540587,0.9931216365515521,0.00549073438572409,0.06360100663463739,0.13337908945321436,0.11965225348890414,0.06474490963166324,1.0,1.0,1.0,1.0,1.0,542.9908060863988
Ecobee_Thermostat,100,3,2990,92.05149692976242,103.74061962519124,0.9999083504918783,0.9998621825669184,0.9995919011667811,0.9998185312285518,0.9998637840311142,0.9953944970793109,0.9930745008501671,0.9794925209437717,0.9908809662588853,0.9931549764378975,0.053763440860215055,0.028597574925646307,0.0789293067947838,0.06108442004118051,0.028597574925646307,1.0,1.0,1.0,1.0,1.0,463.3489953564801
Ecobee_Thermostat,100,4,2681,96.12424086064904,103.69395238819182,0.9999539007092199,0.9998578586135896,0.9995887897506291,0.9998171585449553,0.9998628002745367,0.9976834527246159,0.9928572167632947,0.9793361683733239,0.9908119871836878,0.993105541434006,0.029055136124456645,0.13978494623655913,0.1578586135895676,0.13749714024250745,0.13589567604667124,1.0,1.0,1.0,1.0,1.0,446.7067738478449
Ecobee_Thermostat,100,5,2497,92.84330053053364,103.19009372965319,0.9999560283687943,0.9998662091054679,0.9996064973690232,0.9998687714481812,0.9998687028140014,0.9977903702911721,0.9932768394707465,0.9802259984433722,0.9934056004111153,0.9934021514573553,0.0061770761839396015,0.10729810112102493,0.14047128803477466,0.13040494166094715,0.10226492793411118,1.0,1.0,1.0,1.0,1.0,492.5211577387504
Ecobee_Thermostat,100,6,3070,91.90121983987008,103.35133779079237,0.9999543811484787,0.9998623884694579,0.9996382063601007,0.9999094486387554,0.9998642187142531,0.9977075954009351,0.9930848477114467,0.9818194150804354,0.995449680339469,0.9931768198117101,0.03546099290780142,0.048272706474490966,0.0928849233584992,0.08602150537634409,0.04735758407687028,1.0,1.0,1.0,1.0,1.0,460.0054216620596
Ecobee_Thermostat,100,7,3817,93.10411343171616,103.68875620894366,0.99995387783116,0.9998582475406086,0.9994929078014184,0.9995850835049188,0.9998616792495997,0.9976823030733626,0.9928767608346009,0.9745179799707759,0.9791499248702905,0.9930492085225946,0.028826355525051476,0.07183710821322352,0.1471059254175246,0.12903225806451613,0.07046442461679249,1.0,1.0,1.0,1.0,1.0,461.6416032281056
Ecobee_Thermostat,100,8,7006,93.87751720174964,103.35133779079237,0.9999540837336994,0.9998614047128804,0.9995429192404484,0.999543056508808,0.9998628002745368,0.9976926499346424,0.9930354127075551,0.9770311176104729,0.9770380155179925,0.993105541434006,0.004575611988103409,0.06909174102036147,0.17067032715625716,0.12262640128117136,0.06794783802333562,1.0,1.0,1.0,1.0,1.0,542.8232920961774
Ecobee_Thermostat,100,9,3954,95.8412231842293,103.69395238819182,0.9999540837336993,0.999860787005262,0.9984488675360329,0.9995436742164264,0.9998630061770762,0.9976926499346424,0.9930043721237163,0.9220536450267812,0.9770690561018316,0.9931158882952856,0.023793182338137726,0.07160832761381834,0.09357126515671471,0.08030199039121483,0.0688629604209563,1.0,1.0,1.0,1.0,1.0,424.0691876229765
Ecobee_Thermostat,100,10,3971,95.12937850474344,103.6968699462675,0.9999541066117593,0.9998596888583848,0.9992703729123771,0.9996351178220086,0.9998630519331961,0.9976937995858957,0.9929491888635582,0.9633353222300015,0.9816642121612409,0.9931181875977921,0.03454587051018074,0.07000686341798215,0.13429421185083504,0.0867078471745596,0.05948295584534431,1.0,1.0,1.0,1.0,1.0,411.79948014465356
Ecobee_Thermostat,100,11,5089,94.56325117297317,103.69395238819182,0.9999536032944407,0.9998561198810341,0.9994009380004576,0.9997695493022192,0.9998616106154199,0.9976685072583231,0.9927698432680445,0.9698963819325408,0.9884195629255865,0.9930457595688348,0.01967513154884466,0.13498055364905057,0.1727293525509037,0.14756348661633492,0.1322351864561885,1.0,1.0,1.0,1.0,1.0,474.9160185783521
Ecobee_Thermostat,100,12,1200,95.02424264083017,103.74061962519124,0.999954221002059,0.9998595058339053,0.9995451155342028,0.9997725005719516,0.9998634179821551,0.9976995478421621,0.992939991653532,0.9771414841307888,0.9885678679372611,0.9931365820178448,0.02585220773278426,0.04163806909174102,0.09242736215968886,0.07092198581560284,0.040265385495309995,1.0,1.0,1.0,1.0,1.0,458.43759339526315
Ecobee_Thermostat,100,13,4732,97.68702073877336,103.7621102949456,0.999954221002059,0.9998563944177534,0.9998640814458934,0.9998641272020132,0.9998640585678334,0.9976995478421621,0.9927836390830842,0.9931699219041903,0.9931722212066969,0.993168772252937,0.0340883093113704,0.071150766415008,0.12445664607641271,0.11118737131091283,0.06794783802333562,1.0,1.0,1.0,1.0,1.0,472.5978986144165
Ecobee_Thermostat,100,14,8404,96.11531876777002,103.74063626727482,0.9999546785632578,0.999862708762297,0.9995502173415695,0.9995951498512926,0.9998649508121711,0.9977225408672279,0.9931009428289927,0.9773978563602732,0.9796557714217392,0.9932136086518155,0.03385952871196522,0.06863417982155114,0.15076641500800733,0.12720201326927477,0.06337222603523221,1.0,1.0,1.0,1.0,1.0,429.00537461654477
Ecobee_Thermostat,300,0,3443,267.67529113293546,302.9266449907918,0.9999536261725006,0.9998143445435828,0.9996763440860216,0.9996301075268816,0.9997687943262411,0.9976696569095765,0.9906705800795328,0.9837358837196737,0.98141243853677,0.9883816244342278,0.053305879661404716,0.11256005490734386,0.1269732326698696,0.12834591626630062,0.11118737131091283,1.0,1.0,1.0,1.0,1.0,444.7182966466399
Ecobee_Thermostat,300,1,6298,179.94677047817032,191.16642075104767,0.9999542896362388,0.983427339281629,0.9819349347975292,0.9824329672843743,0.9829307709906201,0.997702996795922,0.9004967643065476,0.9005493148653356,0.9005493148653356,0.9005378183528026,0.0,0.0,0.0,0.0,0.0,0.7922,0.4374,0.7213,0.7207,0.6394,1006.7549445329169
Ecobee_Thermostat,300,2,4755,288.76592108936535,303.7621102949456,0.9999107069320522,0.9998606268588424,0.9996884923358499,0.9999553649050561,0.9998664150080073,0.9955129111584,0.9929963245649432,0.9843463485351719,0.9977570304048267,0.9932871863320263,0.05490734385724091,0.12262640128117136,0.13017616106154198,0.12651567147105924,0.12285518188057652,1.0,1.0,1.0,1.0,1.0,494.65745299765274
Ecobee_Thermostat,300,3,6906,280.3871619763761,303.10361416924826,0.9999545641729581,0.9998632807137955,0.9994127659574468,0.9995483870967742,0.99981926332647,0.9977167926109615,0.9931296841103251,0.9704907516304929,0.9773058842600097,0.9909177550989907,0.02127659574468085,0.08350491878288721,0.08236101578586136,0.08625028597574926,0.07870052619537864,1.0,1.0,1.0,1.0,1.0,482.416433628125
Ecobee_Thermostat,300,4,4562,291.55520693715044,303.7621102949456,0.9999543353923588,0.99981537405628,0.9996348432852894,0.9996348432852894,0.9997717684740335,0.9977052960984285,0.990722314385931,0.9816504163462014,0.9816504163462014,0.9885310790971558,0.043010752688172046,0.17982155113246398,0.17707618393960192,0.17616106154198125,0.16884008236101578,1.0,1.0,1.0,1.0,1.0,488.9482457212489
Ecobee_Thermostat,300,5,3278,277.82878816132353,303.3513377907924,0.9999536032944406,0.9998602836879433,0.9996309768931595,0.9996309768931595,0.9998154655685197,0.9976685072583231,0.9929790797961437,0.981456125284395,0.981456125284395,0.9907269129909442,0.07183710821322352,0.09791809654541295,0.12903225806451613,0.12262640128117136,0.09951956074124914,1.0,1.0,1.0,1.0,1.0,417.424467034117
Ecobee_Thermostat,300,6,2371,280.3282673679397,303.2504900573445,0.9999541523678792,0.9997715168153741,0.9990889956531686,0.9993167467398765,0.9996811256005491,0.9976960988884022,0.9885184329333696,0.9542208870939001,0.965665665320425,0.9839761608316118,0.04232441088995653,0.09997712194005948,0.13040494166094715,0.13498055364905057,0.10409517272935255,1.0,1.0,1.0,1.0,1.0,462.8143721617791
Ecobee_Thermostat,300,7,7200,276.5606466401759,303.23105351566306,0.9999548615877374,0.9998191489361702,0.9993263555250514,0.9995510867078472,0.9997754747197438,0.9977317380772542,0.9909120068427243,0.9661485188468077,0.9774415431078982,0.9887173226001893,0.026767330130404943,0.030427819720887667,0.0867078471745596,0.08236101578586136,0.030427819720887667,1.0,1.0,1.0,1.0,1.0,471.28258921910805
Ecobee_Thermostat,300,8,4410,289.2811374424301,303.10361416924826,0.9999523450011439,0.999808075955159,0.9992423701670099,0.999573804621368,0.9997631892015557,0.9976052764393921,0.9903555756361309,0.9619281490959717,0.9785831468024175,0.9880999598771713,0.03729123770304278,0.06611759322809425,0.06222832303820636,0.07069320521619767,0.06520247083047358,1.0,1.0,1.0,1.0,1.0,451.69484309540445
Ecobee_Thermostat,300,9,7150,280.2349387757121,303.2504978971069,0.9999541523678792,0.9998152367879204,0.9993579501258294,0.9996331503088538,0.999770807595516,0.9976960988884023,0.9907154164784113,0.9677361872276045,0.9815653421534577,0.9884827937445176,0.022649279341111873,0.09334248455730954,0.10569663692518874,0.10501029512697323,0.09265614275909403,1.0,1.0,1.0,1.0,1.0,477.67892921990693
Ecobee_Thermostat,300,10,4977,288.22213104729934,303.52534177104235,0.9999551361244566,0.9996413864104324,0.9984444978265843,0.9990666209105468,0.9995999084877603,0.9977455338922938,0.9819792166046429,0.9218366943387724,0.9530965281681801,0.9798948988824241,0.043697094486387554,0.21413864104323954,0.23106840539922216,0.2582932967284374,0.213452299245024,1.0,1.0,1.0,1.0,1.0,500.3138725913366
Ecobee_Thermostat,300,11,6075,271.09910343957034,303.23105351566306,0.999953420269961,0.999813818348204,0.9993057652711049,0.999583459162663,0.9998148021047815,0.9976593100482969,0.9906441381007072,0.9651138327188448,0.9790682996313068,0.9906935731045987,0.026996110729810112,0.09219858156028368,0.12079615648592999,0.11713566689544727,0.09425760695493023,1.0,1.0,1.0,1.0,1.0,475.75839051386754
Ecobee_Thermostat,300,12,2980,275.37222889390813,303.1900937296532,0.9999543125142988,0.9997722260352322,0.999454221002059,0.9995906657515443,0.9997270418668497,0.9977041464471752,0.9885540721222217,0.9725739197014586,0.9794304397760938,0.9862835108969694,0.05193319606497369,0.07961564859299931,0.09402882635552505,0.09494394875314573,0.08258979638526653,1.0,1.0,1.0,1.0,1.0,476.11215104810753
Ecobee_Thermostat,300,13,211,288.39085133796465,303.74063626727485,0.9999531457332418,0.9998590025165865,0.9996267673301305,0.9999066346373827,0.9998599633951042,0.9976455142332574,0.9929146993259595,0.9812445894537891,0.995308273235314,0.9929629846785977,0.028826355525051476,0.06932052161976665,0.024708304735758406,0.04735758407687028,0.06840539922214596,1.0,1.0,1.0,1.0,1.0,457.38104769140125
Ecobee_Thermostat,300,14,1685,287.1745225621344,303.74061962519124,0.9999541294898193,0.9998161747883779,0.9991337451384122,0.9994528940745825,0.9998174559597347,0.9976949492371489,0.9907625521797963,0.9564696049453398,0.9725072399287675,0.9908269326499806,0.048501487073896135,0.10020590253946465,0.11027224891329215,0.10569663692518874,0.10409517272935255,1.0,1.0,1.0,1.0,1.0,468.5662957747314
Ecobee_Thermostat,1000,0,3057,909.8301363265662,1003.1900937296532,0.9999547014413178,0.9995940974605354,0.999504209563029,0.9995943033630749,0.9995943491191946,0.9977236905184812,0.9796028874640876,0.9750859076899023,0.9796132343253674,0.979615533627874,0.05994051704415466,0.023564401738732556,0.038435140700068635,0.038435140700068635,0.022878059940517045,1.0,1.0,1.0,1.0,1.0,467.12108135458385
Ecobee_Thermostat,1000,1,1967,948.3500791483509,1003.6755995052546,0.9999542896362388,0.9994997940974606,0.9988182795698924,0.9990001372683597,0.9994545412948982,0.997702996795922,0.9748640249980169,0.9406170638136921,0.9497556416261128,0.9725900148190046,0.05833905284831846,0.10981468771448182,0.12582932967284374,0.12514298787462824,0.11187371310912834,1.0,1.0,1.0,1.0,1.0,475.76219657602013
Ecobee_Thermostat,1000,2,57,867.940514547766,1002.9161371115899,0.9999533058796615,0.9997679707160833,0.9998145046900023,0.9998145275680622,0.9997681766186228,0.9976535617920304,0.9883402369891094,0.9906786276383059,0.9906797772895592,0.988350583850389,0.0013726835964310226,0.0009151223976206818,0.0,0.0,0.0009151223976206818,0.9999,0.7977,0.7898,0.7956,0.7977,807.5993596601194
Ecobee_Thermostat,1000,3,953,942.3783466773885,1003.5253417710423,0.9999532601235415,0.9994409059711736,0.9988358956760467,0.9991152367879204,0.9993945092656142,0.9976512624895238,0.9719048226720424,0.9415022952787272,0.9555395370814264,0.9695733299303656,0.0464424616792496,0.09563029055136124,0.1130176161061542,0.11278883550674902,0.09380004575611989,1.0,1.0,1.0,1.0,1.0,486.3195095995242
Ecobee_Thermostat,1000,4,940,944.2121751590339,1003.5253417710423,0.9999538320750401,0.9994498970487303,0.9989000686341798,0.9991291924044841,0.9994040722946693,0.9976800037708561,0.9723566356145863,0.9447270670442122,0.9562408243459346,0.9700538841542419,0.04964539007092199,0.09082589796385267,0.10844200411805079,0.10661175932280943,0.09013955616563715,1.0,1.0,1.0,1.0,1.0,475.7974003282437
Ecobee_Thermostat,1000,5,2579,936.1493527293487,1003.6566188005626,0.999952711050103,0.9994823610157859,0.9993415923129718,0.9994355753832075,0.9994355982612675,0.9976236708594448,0.9739879907430081,0.9669141865815005,0.9716369539300254,0.9716381035812787,0.05971173644474949,0.11256005490734386,0.12491420727522307,0.12468542667581789,0.11324639670555937,1.0,1.0,1.0,1.0,1.0,486.9521949705333
Ecobee_Thermostat,1000,6,3357,912.3199410464055,1003.0498816178899,0.9999549302219172,0.9995951727293525,0.9995951269732327,0.9995953099977122,0.9995955159002516,0.9977351870310142,0.9796569210729924,0.9796546217704858,0.9796638189805122,0.9796741658417919,0.05673758865248227,0.02493708533516358,0.03935026309768932,0.03957904369709449,0.023564401738732556,1.0,1.0,1.0,1.0,1.0,477.2565527543877
Ecobee_Thermostat,1000,7,6624,908.128159749576,1002.9266449907917,0.9999534889041409,0.9996761153054221,0.9994452756806222,0.999491489361702,0.9994451841683826,0.9976627590020567,0.9837243872071408,0.9721244060614214,0.9744467015930718,0.9721198074564081,0.0070921985815602835,0.012811713566689545,0.004575611988103409,0.004804392587508579,0.010752688172043012,1.0,1.0,1.0,1.0,1.0,527.6379171599111
Ecobee_Thermostat,1000,8,2351,935.9420318590269,1003.2504978971069,0.9999533973919011,0.9994430793868679,0.998933081674674,0.9992114847860901,0.999396911461908,0.9976581603970436,0.9720140395411052,0.946386013802713,0.960376119904027,0.9696940433119613,0.0425531914893617,0.09265614275909403,0.09631663234957676,0.09631663234957676,0.09242736215968886,1.0,1.0,1.0,1.0,1.0,522.4537096860834
Ecobee_Thermostat,1000,9,1567,946.8845214720844,1003.6566188005626,0.9999539693433996,0.9994509036833676,0.9988108670784718,0.9989480668039351,0.9994053305879661,0.9976869016783758,0.9724072202697311,0.9402445768076255,0.9471390353736194,0.9701171149731729,0.06199954243880119,0.10478151452756806,0.1191946922900938,0.11782200869366277,0.10569663692518874,1.0,1.0,1.0,1.0,1.0,466.72572640053494
Ecobee_Thermostat,1000,10,5106,952.7917095472467,1003.2504900573446,0.9999535117822009,0.9994458476321207,0.9983378174330817,0.9985686570578814,0.9993997025852208,0.9976639086533099,0.9721531473427536,0.9164732378433003,0.9280732189890197,0.969834300764863,0.04621368107984443,0.11965225348890414,0.12079615648592999,0.11988103408830932,0.11827956989247312,1.0,1.0,1.0,1.0,1.0,460.6988038959028
Ecobee_Thermostat,1000,11,3021,909.2131172390734,1003.1036141692483,0.9999544269045985,0.9995918325326013,0.9995918096545413,0.9995919698009609,0.9995921985815603,0.9977098947034417,0.9794890719900118,0.9794879223387585,0.9794959698975316,0.9795074664100645,0.05925417524593914,0.023564401738732556,0.038206360100663465,0.038206360100663465,0.022878059940517045,1.0,1.0,1.0,1.0,1.0,468.48235615448385
Ecobee_Thermostat,1000,12,5744,703.9676604878199,797.2048314995556,0.9999534431480211,0.9917480439258751,0.9912466483642188,0.9913377487989019,0.9916113703957903,0.9976604596995502,0.8998434979748893,0.8998457972773959,0.8998457972773959,0.8998457972773959,0.0,0.0,0.0,0.0,0.0,0.7868,0.4921,0.5431,0.6102,0.6775,1785.9468104664304
Ecobee_Thermostat,1000,13,641,935.3976858228876,1003.5253417710423,0.9999546556851978,0.9995054221002059,0.9991463967055595,0.9992812857469687,0.9994159002516587,0.9977213912159747,0.9751468392063267,0.9571053620884105,0.963883705877822,0.970648253852194,0.046900022878059944,0.08396247998169755,0.09242736215968886,0.09311370395790437,0.08464882177991306,1.0,1.0,1.0,1.0,1.0,467.4369894422856
Ecobee_Thermostat,1000,14,7101,925.3321915269512,1003.0292179552878,0.9999549302219172,0.9995086021505377,0.9993744909631663,0.9994193090825898,0.9994194921070692,0.9977351870310142,0.9753066407305344,0.9685673850837349,0.9708195518889344,0.9708287490989609,0.05216197666437886,0.07435369480668039,0.09196980096087852,0.09082589796385267,0.07481125600549074,1.0,1.0,1.0,1.0,1.0,472.01416294749623
Ennio_Doorbell,30,0,15089,19.4268083902053,25.74601661538734,0.99744987,0.9993418900000001,0.99713593,0.9984773,0.99909437,0.8718527638190955,0.9669291457286433,0.8564402010050252,0.9234824120603016,0.9544909547738694,0.0102,0.027,0.0,0.0002,0.0071,1.0,1.0,0.0,0.5984,1.0,353.8499653601187
Ennio_Doorbell,30,1,20538,19.71317479411193,26.129359339110557,0.99753487,0.99928568,0.9980741999999999,0.99898038,0.99911974,0.876124120603015,0.9641045226130653,0.9035346733668341,0.9487628140703517,0.9557658291457286,0.01,0.0189,0.0,0.0,0.0033,1.0,1.0,0.0,0.5831,0.9966,358.54293248474
Ennio_Doorbell,30,2,10224,25.34658297223,33.8714058674288,0.99995879,0.99902516,0.9010837500000001,0.99863205,0.9987074,0.9979291457286432,0.9510130653266332,0.4979110552763819,0.9312587939698491,0.9350452261306532,0.008,0.0195,0.0001,0.0096,0.0129,1.0,1.0,0.0,1.0,1.0,392.524988872797
Ennio_Doorbell,30,3,17243,19.315228194287723,26.182407792693326,0.9977230899999999,0.9994418300000001,0.9975589699999999,0.99917345,0.99943705,0.8855824120603015,0.971951256281407,0.8969251256281408,0.958464824120603,0.9717110552763819,0.0099,0.074,0.0,0.0116,0.0619,1.0,1.0,0.0,1.0,1.0,296.08137001544867
Ennio_Doorbell,30,4,3648,28.089974936782124,33.95732705541784,0.99955555,0.99918399,0.70798917,0.99754791,0.99918619,0.9776658291457285,0.958994472361809,0.49748743718592964,0.8767793969849247,0.9591050251256281,0.011,0.1572,0.2956,0.1599,0.1614,1.0,1.0,0.5187,1.0,1.0,386.58318574208704
Ennio_Doorbell,30,5,2876,23.84420748105339,33.85147298610682,0.9999968,0.99996907,0.96694703,0.99999871,0.99997367,0.9998391959798996,0.998445728643216,0.5835527638190955,0.9999351758793971,0.9986768844221106,0.0139,0.1469,0.0,0.0723,0.1212,1.0,1.0,0.0,1.0,1.0,362.1362873284742
Ennio_Doorbell,30,6,142,24.082717757136958,33.8163513925315,0.99975477,0.99950475,0.74663054,0.9994311899999999,0.99950475,0.9876768844221107,0.9751130653266332,0.4979899497487437,0.9714402010050252,0.9751130653266332,0.0068,0.0929,0.0,0.0741,0.1342,1.0,1.0,0.001,1.0,1.0,431.8145827247439
Ennio_Doorbell,30,7,12152,24.271026109086037,33.85804815922636,0.44358122,0.99966196,0.13977475,0.7652277299999999,0.94302331,0.5653623115577889,0.9830211055276381,0.49803718592964824,0.5017115577889447,0.600454271356784,1.0,0.797,0.7757,0.185,0.0077,0.9997,1.0,0.0304,0.7193,0.469,352.92029383616307
Ennio_Doorbell,30,8,15272,20.044842839192658,26.7086767320505,0.99735042,0.99924766,0.99761917,0.99805853,0.9992450199999999,0.8668552763819095,0.9621939698492463,0.8807020100502513,0.9024386934673367,0.9620613065326633,0.0105,0.0249,0.0,0.0003,0.0083,1.0,1.0,0.0,0.5924,1.0,351.25720106498
Ennio_Doorbell,30,9,20001,19.30911596352711,23.26429738724338,0.99756073,0.99931289,0.99785055,0.99918393,0.99931059,0.8774236180904522,0.9654718592964824,0.8923809045226132,0.9589914572864322,0.9653562814070352,0.0099,0.0218,0.0,0.0,0.0042,1.0,1.0,0.0,0.5845,0.9982,352.8608026055113
Ennio_Doorbell,30,10,2648,26.20561926101428,33.87802849442768,0.99999855,0.9991933999999999,0.7088917299999999,0.9972444699999999,0.9993567,0.999927135678392,0.9594673366834171,0.49779095477386937,0.8615311557788945,0.9676733668341708,0.008,0.0191,0.2222,0.0276,0.0144,1.0,1.0,0.1263,1.0,1.0,392.51451430345486
Ennio_Doorbell,30,11,5196,27.60897743560378,33.94329720359792,0.99983548,0.99918836,0.7069515200000002,0.9978513800000001,0.99919307,0.9917326633165829,0.9592140703517588,0.49790452261306534,0.8920291457286432,0.9594507537688443,0.0298,0.0863,0.2193,0.1572,0.1527,1.0,1.0,0.0063,1.0,1.0,355.12157248453804
Ennio_Doorbell,30,12,12760,18.416231168402696,23.798379474589105,0.99768018,0.9992808900000001,0.97949811,0.99999642,0.99996013,0.8834261306532663,0.9638638190954774,0.498021608040201,0.9998201005025126,0.9979964824120604,0.0094,0.0201,0.0,0.0,0.0029,1.0,1.0,0.0,0.5158,0.9876,347.0264020702606
Ennio_Doorbell,30,13,23953,24.117572852749316,32.91694548166172,0.99689956,0.99924069,0.9502661,0.99656498,0.9989431799999999,0.8441989949748744,0.9618437185929649,0.7011532663316583,0.8273859296482412,0.9469577889447236,0.0843,0.1058,0.0,0.0211,0.0156,1.0,1.0,0.0,1.0,1.0,287.074551641977
Ennio_Doorbell,30,14,17610,20.150269117873407,25.98510529580517,0.9975992699999999,0.9993543100000001,0.99105251,0.9989582300000001,0.99935472,0.8793603015075377,0.9675532663316584,0.725572864321608,0.9476497487437187,0.9675738693467337,0.0098,0.0176,0.0,0.0008,0.0083,1.0,1.0,0.0,0.5996,1.0,355.06538163635486
Ennio_Doorbell,100,0,2882,77.2370363483985,102.69833521184067,0.99999865,0.9991118,0.99243958,0.99736859,0.9990009400000001,0.9999321608040201,0.9553668341708543,0.7769613065326633,0.8677683417085427,0.9497959798994975,0.004,0.0371,0.0,0.0222,0.0356,1.0,1.0,0.0,1.0,1.0,563.889834815632
Ennio_Doorbell,100,1,18921,59.72252517586476,63.29155157006404,0.99538457,0.92256068,0.8786421400000001,0.8810076500000001,0.92356717,0.7824728643216081,0.7983100502512563,0.6869251256281407,0.7773909547738693,0.7986356783919599,0.0001,0.0,0.0,0.0002,0.0,0.4333,0.4011,0.0,0.4023,0.401,1057.0334527840494
Ennio_Doorbell,100,2,9224,80.82230831318138,103.59316365785203,0.99999927,0.9989562000000001,0.99326176,0.99780313,0.99896157,0.9999633165829146,0.9475477386934674,0.7802442211055276,0.8896045226130653,0.9478175879396985,0.0168,0.0566,0.0,0.0293,0.0542,1.0,1.0,0.0,1.0,1.0,378.89462440492224
Ennio_Doorbell,100,3,17766,65.0020813256036,66.331295106554,0.9973600600000001,0.99929003,0.9975672800000001,0.99877332,0.9992878799999999,0.8673396984924623,0.9643231155778894,0.8777743718592965,0.9383577889447237,0.9642150753768844,0.0348,0.2173,0.2083,0.2432,0.2265,1.0,1.0,1.0,1.0,1.0,262.34154261788893
Ennio_Doorbell,100,4,24437,69.1885048902872,83.28818127965899,0.9977211100000001,0.99928647,0.99668782,0.99910496,0.99917833,0.8854829145728643,0.9641442211055278,0.834062311557789,0.9550231155778894,0.9587100502512562,0.0057,0.0571,0.1001,0.0788,0.0504,0.9997,1.0,1.0,1.0,1.0,599.5045734672912
Ennio_Doorbell,100,5,7859,80.83742892124076,103.391412692747,0.99995872,0.99934649,0.99293042,0.9986334,0.9991489,0.9979256281407036,0.9671603015075377,0.7357477386934674,0.9313266331658292,0.9572311557788946,0.0196,0.0748,0.1357,0.1035,0.0708,1.0,1.0,1.0,1.0,1.0,365.9112120059978
Ennio_Doorbell,100,6,1593,76.0517866217815,102.91613711158995,0.99999858,0.99934474,0.99791832,0.9993531299999999,0.99934783,0.9999286432160803,0.9670723618090453,0.8957467336683417,0.9674939698492463,0.9672276381909548,0.0069,0.0269,0.0,0.0084,0.0223,1.0,1.0,0.0,1.0,1.0,502.0941018429771
Ennio_Doorbell,100,7,6254,81.55596888844396,103.50549512294306,0.99999858,0.9981756,0.96991852,0.99323024,0.99817564,0.9999286432160803,0.908321608040201,0.756381407035176,0.7800557788944724,0.9083236180904524,0.0191,0.0556,0.0,0.0589,0.0543,1.0,1.0,0.0,1.0,1.0,364.6054929530107
Ennio_Doorbell,100,8,10334,77.27092572155273,100.41312207086229,0.99995883,0.9992617100000001,0.99712957,0.9991963,0.99926537,0.9979311557788946,0.9629,0.8561849246231157,0.9596130653266333,0.9630839195979899,0.0117,0.0362,0.0,0.0121,0.0343,1.0,1.0,0.0,1.0,1.0,434.65381277466963
Ennio_Doorbell,100,9,5480,82.85013980434378,103.64627182643824,0.99999874,0.99910808,0.99441892,0.99800279,0.9990363,0.9999366834170855,0.9551798994974875,0.7825899497487437,0.899637688442211,0.951572864321608,0.0116,0.0376,0.0,0.0187,0.0283,1.0,1.0,0.0,1.0,1.0,427.05566603981424
Ennio_Doorbell,100,10,24280,62.82395859634885,59.53065828229845,0.99750262,0.99930917,0.9971291999999999,0.9990419700000001,0.99915051,0.8745035175879396,0.9652849246231157,0.8559788944723619,0.9518577889447236,0.9573120603015075,0.071,0.2797,0.3068,0.2984,0.2641,1.0,1.0,1.0,1.0,1.0,275.14957268956505
Ennio_Doorbell,100,11,8558,79.15916684160419,103.76145053558064,0.9999984199999999,0.9729818100000001,0.9569495900000001,0.9662924599999999,0.9753479700000001,0.9999206030150753,0.7988537688442211,0.7624477386934674,0.7811140703517588,0.7987155778894472,0.0052,0.0413,0.0,0.004,0.033,0.9999,0.6047,0.0,0.5443,0.6047,492.79912391135235
Ennio_Doorbell,100,12,2996,82.61190134832508,103.8163513925315,0.99999896,0.99915659,0.9916201699999999,0.99852713,0.99900082,0.9999477386934673,0.9576175879396984,0.7387115577889447,0.925986432160804,0.9497899497487436,0.0222,0.033,0.0,0.0234,0.0314,1.0,1.0,0.0,1.0,1.0,352.41559020480605
Ennio_Doorbell,100,13,4209,78.69316630356442,102.94514386815852,0.9999985100000001,0.9993491299999999,0.99359372,0.99852445,0.9993574000000001,0.9999251256281407,0.9672929648241206,0.786643216080402,0.9258517587939699,0.9677085427135679,0.0131,0.0411,0.0,0.0275,0.0409,1.0,1.0,0.0,1.0,1.0,409.00432441349875
Ennio_Doorbell,100,14,1651,77.70993891366709,102.74458185806097,0.9999991,0.99930487,0.99716939,0.9991126300000001,0.9993113299999999,0.9999547738693467,0.9650688442211055,0.857911055276382,0.9554085427135679,0.9653934673366834,0.0179,0.0589,0.0,0.0655,0.0545,1.0,1.0,0.0,1.0,1.0,382.1404100281325
Ennio_Doorbell,300,0,11720,175.47348087973856,140.6444000563997,0.9974749300000001,0.99943443,0.99725282,0.99972173,0.99995373,0.8731120603015075,0.9715793969849247,0.8819070351758793,0.9860165829145728,0.9976748743718593,0.1279,0.0989,0.228,0.2168,0.136,1.0,1.0,1.0,1.0,1.0,283.1803903399596
Ennio_Doorbell,300,1,11037,193.82870360449215,170.4147462928275,0.99755527,0.996972,0.98323852,0.99312973,0.9965372,0.8771492462311559,0.8478412060301508,0.7180256281407036,0.7600899497487437,0.8259969849246231,0.0728,0.2611,0.3026,0.301,0.2791,1.0,1.0,1.0,1.0,1.0,306.3111854680137
Ennio_Doorbell,300,2,2183,241.76166182688712,302.574566035688,0.99999951,0.99922501,0.9979718,0.9978971799999999,0.99919037,0.9999753768844222,0.9610557788944724,0.8986366834170855,0.8943306532663317,0.9593150753768844,0.0373,0.1053,0.1563,0.1302,0.1052,1.0,1.0,1.0,1.0,1.0,420.1899611924694
Ennio_Doorbell,300,3,9926,237.51295624774266,302.91613711158993,0.99999931,0.99939143,0.99891307,0.99903712,0.99939488,0.9999653266331658,0.969418592964824,0.9455527638190955,0.9516140703517588,0.969591959798995,0.0297,0.0633,0.0,0.0632,0.0635,1.0,1.0,0.0,1.0,1.0,462.3201940158484
Ennio_Doorbell,300,4,6267,243.0904238905056,303.19393749771547,0.99999838,0.9984238,0.9762038000000001,0.98374805,0.99818207,0.9999185929648242,0.9207939698492462,0.7513060301507537,0.7606989949748744,0.9086467336683417,0.0491,0.0731,0.1137,0.1064,0.0775,1.0,1.0,1.0,1.0,1.0,364.2383538883174
Ennio_Doorbell,300,5,5300,241.70154498516374,302.94514386815854,0.9999988399999999,0.99811487,0.97449174,0.98326807,0.99799299,0.9999417085427136,0.9052698492462312,0.7558864321608041,0.7627286432160804,0.8991452261306533,0.0299,0.0641,0.0,0.0843,0.0647,1.0,1.0,0.0007,1.0,1.0,448.6209878655363
Ennio_Doorbell,300,6,7671,244.34788211183715,302.91694548166174,0.99999922,0.99921991,0.99725288,0.9972817599999999,0.99922495,0.9999608040201005,0.9607994974874372,0.8627417085427136,0.8634130653266332,0.9610527638190955,0.0529,0.0907,0.0,0.1081,0.0927,1.0,1.0,0.0,1.0,1.0,360.3697926614233
Ennio_Doorbell,300,7,23032,184.7323734880889,138.23277636351122,0.9973671000000001,0.99791832,0.98258855,0.99214218,0.99646828,0.8676934673366834,0.8953939698492464,0.7177839195979899,0.762151256281407,0.8225311557788945,0.0687,0.2304,0.2724,0.2564,0.2202,1.0,1.0,1.0,1.0,1.0,310.39388584708917
Ennio_Doorbell,300,8,12919,134.7006226261981,124.21831697315446,0.99490893,0.93842165,0.95277765,0.9544800600000001,0.9526872999999999,0.7442577889447236,0.7425356783919598,0.6920728643216081,0.6970231155778894,0.7295386934673367,0.0,0.0,0.0,0.0,0.0,0.0019,0.0,0.0,0.0,0.0,1889.7813476353006
Ennio_Doorbell,300,9,7591,240.1226469097279,302.91613711158993,0.99999872,0.9993565600000001,0.99906043,0.99908063,0.99936083,0.9999356783919597,0.9676663316582914,0.9528939698492462,0.9538005025125628,0.9678809045226131,0.0386,0.1116,0.2831,0.148,0.1094,1.0,1.0,1.0,1.0,1.0,406.00414824349673
Ennio_Doorbell,300,10,22137,189.87969979727575,151.19292227160489,0.99777742,0.99752712,0.9820950800000001,0.99083551,0.99673432,0.8883125628140704,0.8757346733668342,0.7132748743718593,0.7634447236180905,0.8358954773869347,0.076,0.1054,0.173,0.1432,0.1052,1.0,1.0,1.0,1.0,1.0,291.0848597415267
Ennio_Doorbell,300,11,12326,173.1883236287358,140.6191150911111,0.99687727,0.97379888,0.97835884,0.99689131,0.9967985800000001,0.843081407035176,0.7989417085427135,0.8247673366834172,0.9165336683417086,0.8508150753768844,0.0738,0.0,0.002,0.0012,0.0,1.0,0.4333,0.4005,0.4872,0.3982,372.88091996446974
Ennio_Doorbell,300,12,10739,202.71775163102183,205.27043213905412,0.99974833,0.9938551,0.9732658399999999,0.97829603,0.99290105,0.9873532663316582,0.7635974874371859,0.7150145728643217,0.7618949748743719,0.7638175879396985,0.0003,0.0301,0.0354,0.0286,0.008,0.6024,1.0,0.5305,0.5305,0.5314,1182.208707641927
Ennio_Doorbell,300,13,22236,186.63677806296164,145.36831179995312,0.99736404,0.99836133,0.9892280700000001,0.99680003,0.99784416,0.8675396984924624,0.9176547738693468,0.7165391959798995,0.8423929648241206,0.8916663316582913,0.0744,0.0875,0.1301,0.1087,0.0836,1.0,1.0,1.0,1.0,1.0,301.41460306929656
Ennio_Doorbell,300,14,25151,108.11186828323702,97.00967481370901,0.99048224,0.95431054,0.9316725699999999,0.9380047,0.9539172,0.5920587939698493,0.7368723618090453,0.5255211055276382,0.5444723618090452,0.7024834170854272,0.0001,0.0,0.0,0.0,0.0,0.0017,0.0,0.0,0.0,0.0,1535.8945536648653
Ennio_Doorbell,1000,0,24234,425.6706011668825,413.2223765643181,0.99560286,0.98897918,0.9907924,0.9904523700000001,0.99034879,0.779419095477387,0.7556170854271357,0.7350577889447236,0.7401070351758794,0.7447884422110553,0.0,0.0,0.0002,0.0002,0.0,0.0011,0.0,0.0003,0.0003,0.0009,2888.9036033783086
Ennio_Doorbell,1000,1,5948,799.4713367182242,1002.9056547585006,0.9999975999999999,0.9954609099999999,0.97684606,0.98042549,0.99177344,0.9998793969849247,0.7922849246231156,0.7109130653266331,0.7557939698492462,0.7916668341708543,0.1108,0.1233,0.1272,0.1284,0.1255,1.0,1.0,1.0,1.0,1.0,373.2731306169649
Ennio_Doorbell,1000,2,14602,642.2129852894423,572.1669972483153,0.99727079,0.96196386,0.9640751699999999,0.9645628100000001,0.9681512600000001,0.862853768844221,0.7626909547738694,0.7171944723618091,0.7566306532663316,0.7625723618090452,0.0935,0.1755,0.1946,0.1874,0.1721,1.0,1.0,1.0,0.9999,1.0,322.1895339157171
Ennio_Doorbell,1000,3,22481,628.745821563321,455.0197549431426,0.99749948,0.97047949,0.9709883399999999,0.9718959099999999,0.9729758300000001,0.8743457286432161,0.7630984924623117,0.7093482412060301,0.7560120603015076,0.7629572864321608,0.0936,0.231,0.2489,0.2456,0.2364,1.0,1.0,1.0,1.0,1.0,329.11623151476243
Ennio_Doorbell,1000,4,24778,403.17979260662304,365.4533513569467,0.99581793,0.95430047,0.9483893,0.9492265500000001,0.9557101299999999,0.7945316582914572,0.7194180904522613,0.6342562814070352,0.6432939698492462,0.7124658291457286,0.0,0.0,0.0003,0.0001,0.0,0.001,0.0,0.0,0.0,0.0,2651.775566843031
Ennio_Doorbell,1000,5,10894,595.913844044477,458.6685160861803,0.9965208200000001,0.96720303,0.9680093,0.9678159,0.9733488699999999,0.8251753768844221,0.7738160804020101,0.701356783919598,0.7393241206030151,0.7709522613065326,0.0065,0.0001,0.0023,0.0018,0.0,0.5987,0.4631,0.4001,0.4607,0.4596,831.5613329866848
Ennio_Doorbell,1000,6,23612,606.5330821336843,571.1565995533058,0.99843788,0.99641321,0.99570102,0.9960968299999999,0.9970603100000001,0.9215015075376884,0.8198452261306532,0.7841723618090453,0.8040020100502512,0.8523492462311557,0.0104,0.0036,0.001,0.0005,0.0017,1.0,0.5241,0.5224,0.5219,0.5237,532.115863598521
Ennio_Doorbell,1000,7,9675,812.2659639218083,1002.9451438681585,0.99999909,0.9715199900000001,0.96017817,0.9624114,0.9714677300000001,0.9999542713567839,0.7727557788944723,0.7174386934673367,0.7605095477386935,0.7700165829145729,0.0288,0.0963,0.1078,0.1069,0.0962,1.0,1.0,0.9999,0.9999,1.0,668.9708972997943
Ennio_Doorbell,1000,8,13415,636.8605798750506,563.9679948004605,0.9981603600000001,0.99551188,0.98340132,0.98818738,0.99467217,0.9075557788944724,0.7754185929648241,0.717356783919598,0.7572814070351759,0.7634899497487437,0.1117,0.2405,0.2521,0.2378,0.2279,1.0,1.0,1.0,1.0,1.0,327.21989860164695
Ennio_Doorbell,1000,9,21577,635.0043019320509,496.62358471529484,0.99757741,0.97144437,0.9699460699999999,0.97064482,0.9717994,0.8782618090452261,0.7660924623115578,0.7161507537688443,0.7590879396984924,0.7648356783919599,0.0968,0.15,0.1767,0.1766,0.1559,1.0,1.0,1.0,1.0,1.0,327.8042273385524
Ennio_Doorbell,1000,10,4930,800.3413444060615,1002.8304078009014,0.99999659,0.9978701,0.97814662,0.98201322,0.99720624,0.9998286432160803,0.8929698492462312,0.7027964824120604,0.7492788944723618,0.8596306532663316,0.0744,0.1196,0.1412,0.1385,0.1176,1.0,1.0,1.0,1.0,1.0,393.55893904881816
Ennio_Doorbell,1000,11,16322,593.8772399335859,580.2461538904961,0.99739684,0.9902791900000001,0.99292919,0.99376933,0.9948898500000001,0.8691879396984925,0.785102512562814,0.7308005025125628,0.7770155778894472,0.7853844221105528,0.0007,0.0001,0.0019,0.001,0.0,0.5781,0.5175,0.4615,0.4621,0.5175,1305.3743858826417
Ennio_Doorbell,1000,12,5416,801.1601471514031,1002.8304078009014,0.99999859,0.99254194,0.97290157,0.9756529100000001,0.98913254,0.9999291457286432,0.7863663316582914,0.7076623115577889,0.7592587939698492,0.7828879396984925,0.0842,0.1155,0.1411,0.1396,0.116,1.0,1.0,1.0,1.0,1.0,390.86188489207433
Ennio_Doorbell,1000,13,6227,804.2805911619794,1002.9056547585006,0.99999815,0.9983930200000001,0.9842521300000001,0.98750598,0.99811111,0.9999070351758794,0.9192472361809045,0.7310025125628141,0.7652085427135679,0.9050894472361809,0.0964,0.1284,0.1131,0.1201,0.1211,1.0,1.0,1.0,1.0,1.0,394.61040357956193
Ennio_Doorbell,1000,14,12084,373.0880899962571,351.63614945904254,0.9922053000000002,0.93949434,0.95758891,0.95805638,0.96795796,0.6140452261306533,0.7167994974874372,0.5883698492462311,0.5961859296482412,0.7052618090452261,0.0126,0.0443,0.0585,0.0571,0.0434,0.9925,0.6008,0.6008,0.6008,0.6008,440.3033885297478
Philips_B120N10_Baby_Monitor,30,0,25296,24.29361764466484,32.22208803234118,0.98616818,0.99360047,0.9781036599999999,0.98650674,0.99263587,0.5540683417085427,0.6789180904522613,0.5233929648241206,0.5384597989949749,0.6397050251256281,0.1223,0.3829,0.3588,0.3269,0.3629,1.0,1.0,1.0,1.0,1.0,285.39389394009197
Philips_B120N10_Baby_Monitor,30,1,12494,23.094748075867813,29.919729178632096,0.98547745,0.99461374,0.9413082899999999,0.98396385,0.9939088000000001,0.5365939698492462,0.7299286432160804,0.49748743718592964,0.5196713567839196,0.6947673366834171,0.1222,0.3106,0.0513,0.2507,0.2666,1.0,1.0,0.0,1.0,1.0,281.39035605086934
Philips_B120N10_Baby_Monitor,30,2,33445,24.88542689855215,32.639978416769075,0.98783745,0.99697805,0.99704059,0.9951742199999999,0.9964436099999999,0.5651226130653266,0.8481758793969849,0.8666577889447236,0.7952346733668342,0.8213623115577889,0.0934,0.1747,0.2212,0.081,0.136,1.0,1.0,1.0,1.0,1.0,325.467796826667
Philips_B120N10_Baby_Monitor,30,3,48035,24.65754837883616,33.22634452178654,0.9863013900000001,0.99519739,0.90834799,0.9870293700000001,0.9945266400000001,0.5471145728643216,0.7592356783919598,0.49748743718592964,0.5606427135678392,0.7349949748743718,0.1304,0.2811,0.4381,0.2317,0.2429,1.0,1.0,1.0,1.0,1.0,270.9381800400862
Philips_B120N10_Baby_Monitor,30,4,67157,20.966027536817943,27.237370440924842,0.99104623,0.9976106,0.99999172,0.99850811,0.9973646799999999,0.6406517587939698,0.8800628140703517,0.9995839195979899,0.9250306532663316,0.8676492462311558,0.0184,0.0141,0.0,0.0056,0.0105,0.9992,0.9999,0.0,0.7887,0.9991,641.2324029785937
Philips_B120N10_Baby_Monitor,30,5,5985,25.031742060095954,32.573066292193026,0.98430589,0.99523483,0.9009231099999999,0.98544567,0.99408235,0.5518844221105528,0.760688944723618,0.49748743718592964,0.5416040201005025,0.7071829145728643,0.1172,0.2435,0.3368,0.1669,0.1857,1.0,1.0,1.0,1.0,1.0,321.9373107495919
Philips_B120N10_Baby_Monitor,30,6,55570,24.491631148315673,32.29592205614224,0.98634255,0.99545514,0.9425415199999999,0.98890464,0.99488427,0.5515633165829146,0.772043216080402,0.49748743718592964,0.6130763819095477,0.7435829145728643,0.0558,0.0935,0.0507,0.0536,0.0794,1.0,1.0,0.0,1.0,1.0,389.38178393018023
Philips_B120N10_Baby_Monitor,30,7,88843,24.87194968313216,32.60879167607239,0.98614357,0.99599346,0.9408540400000001,0.98753664,0.99554093,0.5458040201005026,0.7988829145728643,0.49748743718592964,0.587602512562814,0.7763165829145728,0.1194,0.2673,0.0475,0.1692,0.1891,1.0,1.0,0.0,1.0,1.0,315.19353181556994
Philips_B120N10_Baby_Monitor,30,8,276,16.204022319296687,22.02729293892638,0.36846429,0.9970124100000001,0.69977147,0.79912144,0.72374311,0.5996482412060301,0.8510015075376884,0.49748743718592964,0.7919241206030151,0.6894854271356784,1.0,1.0,1.0,1.0,1.0,1.0,1.0,1.0,1.0,1.0,116.10239424986536
Philips_B120N10_Baby_Monitor,30,9,73011,23.979909399972428,32.31042827601819,0.98459732,0.99237674,0.9516867199999999,0.9859287500000001,0.99131844,0.553129648241206,0.6452020100502512,0.49748743718592964,0.5344814070351759,0.6158854271356784,0.1123,0.2956,0.0761,0.2302,0.2546,1.0,1.0,1.0,1.0,1.0,311.89805432824954
Philips_B120N10_Baby_Monitor,30,10,83976,25.688921230801014,32.64575578399748,0.98698758,0.99644453,0.94204718,0.98669226,0.99559383,0.5625628140703518,0.8214442211055276,0.49748743718592964,0.570086432160804,0.7788020100502513,0.1239,0.246,0.2415,0.2395,0.217,1.0,1.0,1.0,1.0,1.0,291.495839001992
Philips_B120N10_Baby_Monitor,30,11,110408,25.37786746804687,32.7683539426428,0.98646569,0.99534985,0.94600843,0.98658664,0.99511313,0.5521517587939698,0.7666452261306533,0.49748743718592964,0.5710075376884423,0.7548879396984924,0.1202,0.352,0.0579,0.2769,0.2764,1.0,1.0,0.9997,1.0,1.0,289.45780528115057
Philips_B120N10_Baby_Monitor,30,12,15518,22.079646073740633,28.949112454148263,0.9870221100000001,0.9958742899999999,0.94129582,0.9878270400000001,0.995726,0.5553603015075377,0.7933276381909549,0.49748743718592964,0.5407276381909548,0.7861346733668342,0.072,0.2275,0.0452,0.1014,0.125,1.0,1.0,0.0,1.0,1.0,343.3885451873028
Philips_B120N10_Baby_Monitor,30,13,30273,24.75825324766807,32.695062537700096,0.98796562,0.99557423,0.9999091999999999,0.99347944,0.9946344199999999,0.567375879396985,0.7776874371859297,0.9954371859296482,0.7287557788944724,0.7307336683417086,0.0934,0.208,0.0,0.1249,0.1817,1.0,1.0,0.0,1.0,1.0,350.02641848870286
Philips_B120N10_Baby_Monitor,30,14,87504,25.113979231996215,32.573066292193026,0.9858481400000001,0.99500015,0.9534909699999999,0.9864242999999999,0.99422194,0.5541969849246231,0.7490788944723619,0.49748743718592964,0.5525321608040201,0.7102994974874373,0.0972,0.1593,0.0,0.0746,0.0979,1.0,1.0,0.0,1.0,1.0,374.7398075407517
Philips_B120N10_Baby_Monitor,100,0,62859,79.81284479102302,100.31991821244573,0.9875701199999999,0.9968654699999999,0.99995093,0.99508717,0.9962326,0.5671462311557789,0.8424954773869346,0.9975341708542713,0.753364824120603,0.8107291457286432,0.1263,0.1889,0.0563,0.1814,0.1684,1.0,1.0,1.0,1.0,1.0,316.25917155265034
Philips_B120N10_Baby_Monitor,100,1,80124,86.0398286081532,102.36430161444717,0.9842627,0.99485438,0.9474921300000001,0.97584677,0.99391217,0.5443070351758794,0.7416110552763819,0.49748743718592964,0.4975110552763819,0.6945653266331658,0.1334,0.4412,0.6173,0.4829,0.4299,1.0,1.0,1.0,1.0,1.0,342.1072168961487
Philips_B120N10_Baby_Monitor,100,2,23586,83.59202112616742,102.29592205614223,0.9861763699999999,0.9941824199999999,0.9482203400000001,0.98342342,0.99354966,0.5653964824120603,0.7081100502512563,0.49748743718592964,0.5100145728643216,0.6768668341708542,0.1635,0.6118,0.808,0.6384,0.6185,1.0,1.0,1.0,1.0,1.0,285.1049111363562
Philips_B120N10_Baby_Monitor,100,3,60515,82.84717304739216,102.47029243917576,0.9830342499999999,0.9940590699999999,0.9352306900000001,0.9683774,0.99422612,0.517629648241206,0.7018874371859296,0.49748743718592964,0.49748743718592964,0.7102356783919598,0.0935,0.12,0.075,0.1007,0.0833,1.0,1.0,0.9936,1.0,1.0,444.03149235396035
Philips_B120N10_Baby_Monitor,100,4,64607,85.8593744000987,102.89869101672525,0.99177384,0.99780739,0.9999849000000001,0.9989292900000001,0.9977248400000001,0.6474442211055276,0.8898185929648241,0.9992412060301508,0.9461954773869347,0.885670351758794,0.0194,0.0576,0.1988,0.0469,0.061,1.0,1.0,1.0,1.0,1.0,835.3508089971526
Philips_B120N10_Baby_Monitor,100,5,69332,78.66240285919932,92.38013061655329,0.98756858,0.99688577,0.9881799499999999,0.9948375899999999,0.99634689,0.5811090452261307,0.8435211055276383,0.6754603015075377,0.7409366834170854,0.8165824120603016,0.044,0.1187,0.0,0.0372,0.1187,1.0,1.0,0.0,1.0,1.0,565.2509820614738
Philips_B120N10_Baby_Monitor,100,6,42163,85.54730966722649,102.24336023581073,0.98723001,0.99629972,0.99815624,0.99527755,0.9955953900000001,0.5768286432160804,0.8140994974874372,0.9219572864321608,0.7630457286432162,0.7789834170854272,0.1323,0.293,0.0,0.1584,0.2873,1.0,1.0,0.0,1.0,1.0,343.52156341022095
Philips_B120N10_Baby_Monitor,100,7,84819,85.38952559813188,102.2507671814707,0.9860335100000001,0.99563062,0.94082804,0.9754941200000001,0.99511919,0.5608472361809045,0.780543216080402,0.49748743718592964,0.4979180904522613,0.7551070351758794,0.1457,0.4556,0.7636,0.4999,0.4337,1.0,1.0,1.0,1.0,1.0,320.66302061198917
Philips_B120N10_Baby_Monitor,100,8,31983,81.95460770382843,95.31181904224044,0.98964242,0.9967206,0.9981939700000001,0.9977147500000001,0.9960998900000001,0.6120085427135679,0.8352226130653266,0.9267949748743719,0.8852095477386934,0.8041361809045227,0.119,0.5072,0.6928,0.3884,0.4768,1.0,1.0,1.0,1.0,1.0,332.071638299206
Philips_B120N10_Baby_Monitor,100,9,6267,84.10394754696547,102.19151690717777,0.9842559000000001,0.9941486199999999,0.9448070300000001,0.97341006,0.9934140300000001,0.5474864321608041,0.7064025125628141,0.49748743718592964,0.4975241206030151,0.6698824120603015,0.1517,0.4869,0.631,0.5144,0.4941,1.0,1.0,1.0,1.0,1.0,307.6759082862719
Philips_B120N10_Baby_Monitor,100,10,17601,86.21565053118444,102.57306629219303,0.9869957700000002,0.99569656,0.9446546100000001,0.98249503,0.9950817900000001,0.5647994974874372,0.7840351758793971,0.49748743718592964,0.5171904522613066,0.7533849246231156,0.1555,0.5334,0.9318,0.5589,0.5354,1.0,1.0,1.0,1.0,1.0,290.02678201652145
Philips_B120N10_Baby_Monitor,100,11,5145,84.80916244925095,102.51136718461709,0.9942204400000001,0.9983750499999999,0.99998943,0.99900259,0.99840129,0.7648140703517587,0.9183442211055277,0.9994688442211055,0.9498788944723618,0.9196628140703518,0.0749,0.5094,0.9575,0.6782,0.4543,1.0,1.0,1.0,1.0,1.0,357.64076736565823
Philips_B120N10_Baby_Monitor,100,12,2791,81.23773758662509,96.25410415070623,0.98958864,0.99781268,0.99996995,0.9969492200000001,0.99760118,0.6100015075376884,0.8901698492462311,0.9985060301507538,0.846997487437186,0.8796060301507538,0.0613,0.7297,0.9749,0.6609,0.7095,1.0,1.0,1.0,1.0,1.0,441.34664260570514
Philips_B120N10_Baby_Monitor,100,13,105275,85.07507432834299,102.29592205614223,0.98637994,0.99524984,0.99870349,0.99212154,0.99435963,0.5743231155778894,0.7613346733668342,0.9470814070351758,0.6462628140703518,0.7167422110552764,0.1345,0.3635,0.0,0.2965,0.3475,1.0,1.0,0.0,1.0,1.0,336.7128076461519
Philips_B120N10_Baby_Monitor,100,14,70047,80.29756294899505,96.08170188744118,0.99146633,0.9975402999999999,0.9999131200000001,0.9982375099999999,0.99716091,0.6914030150753769,0.8763969849246231,0.9956341708542714,0.9114326633165829,0.8573321608040201,0.0248,0.0582,0.117,0.0586,0.0578,1.0,1.0,1.0,1.0,1.0,659.2642340187529
Philips_B120N10_Baby_Monitor,300,0,81584,251.403205253879,302.2959220561422,0.98495062,0.99656432,0.99245428,0.98825113,0.99596235,0.555351256281407,0.8274015075376884,0.7332527638190954,0.5778924623115578,0.7974427135678392,0.1679,0.5089,0.393,0.5129,0.5165,1.0,1.0,1.0,1.0,1.0,370.72123687475124
Philips_B120N10_Baby_Monitor,300,1,42239,240.55183633193778,273.0539940267319,0.9929783999999999,0.99824941,0.99977036,0.99979971,0.9982047300000001,0.7215698492462311,0.91203216080402,0.9884603015075377,0.9899472361809045,0.9097854271356784,0.0484,0.2487,0.3385,0.2328,0.2408,1.0,1.0,1.0,1.0,1.0,748.1387724284625
Philips_B120N10_Baby_Monitor,300,2,113449,247.05395066833916,300.6826175720946,0.98837683,0.99861653,0.99998361,0.99549791,0.9988276899999999,0.5856814070351759,0.9306688442211055,0.9991763819095478,0.7907824120603015,0.941308040201005,0.1047,0.752,0.5017,0.6957,0.7766,1.0,1.0,1.0,1.0,1.0,418.15375484331264
Philips_B120N10_Baby_Monitor,300,3,90698,251.75779075435565,296.998321557163,0.9889548799999999,0.9966618500000001,0.9947248399999999,0.99602994,0.99617153,0.5945613065326634,0.8322809045226132,0.8418396984924623,0.8008487437185929,0.8078226130653265,0.0468,0.3325,0.4659,0.359,0.3451,1.0,1.0,1.0,1.0,1.0,863.7944441654124
Philips_B120N10_Baby_Monitor,300,4,27036,244.82590208055058,286.3443838928346,0.9899859999999999,0.99612407,0.9672140399999999,0.9943922000000001,0.9953105800000001,0.6098708542713568,0.8052562814070352,0.665986432160804,0.7192105527638191,0.7646904522613065,0.1537,0.7775,0.8619,0.7555,0.7903,1.0,1.0,1.0,1.0,1.0,370.12207124918854
Philips_B120N10_Baby_Monitor,300,5,95696,252.70400582692704,302.25076718147074,0.98167198,0.99455681,0.94238622,0.96669589,0.9937631899999999,0.5156045226130653,0.7268743718592965,0.49748743718592964,0.49748743718592964,0.697364824120603,0.1667,0.5612,0.6715,0.5333,0.5584,1.0,1.0,1.0,1.0,1.0,377.25752752883983
Philips_B120N10_Baby_Monitor,300,6,92382,229.9889227769995,260.3998355888822,0.99011117,0.99648132,0.98193032,0.99305325,0.9954399899999999,0.6108819095477387,0.8233889447236181,0.6902391959798995,0.6863718592964824,0.7714437185929648,0.0182,0.0368,0.0,0.0024,0.0338,0.9988,1.0,0.0,0.1849,1.0,1741.7585516414163
Philips_B120N10_Baby_Monitor,300,7,56940,240.12735517868276,293.45872781194146,0.98136791,0.99581497,0.94535235,0.96772999,0.99557757,0.5147944723618091,0.7900984924623116,0.49748743718592964,0.49748743718592964,0.778159296482412,0.1543,0.5967,0.3142,0.5478,0.5738,1.0,1.0,1.0,1.0,1.0,355.10850919288606
Philips_B120N10_Baby_Monitor,300,8,42135,261.8580500322544,302.3643016144472,0.99044259,0.9975576300000001,0.9899076099999999,0.99798925,0.99705914,0.61658391959799,0.87726783919598,0.7309321608040201,0.8989929648241206,0.8522547738693467,0.1857,0.4664,0.6924,0.5069,0.4697,1.0,1.0,1.0,1.0,1.0,328.55814001294334
Philips_B120N10_Baby_Monitor,300,9,19947,253.2857928839252,302.3643016144472,0.9884552299999999,0.9965411,0.9799040899999999,0.9911270600000001,0.99605424,0.582629648241206,0.8262809045226132,0.6507035175879397,0.6352050251256282,0.8021904522613066,0.2161,0.515,0.6607,0.5551,0.5141,1.0,1.0,1.0,1.0,1.0,283.3864764139325
Philips_B120N10_Baby_Monitor,300,10,85017,258.9724269666262,298.2978351277078,0.98884307,0.99695629,0.9998966499999999,0.9957647900000001,0.99637698,0.582764824120603,0.847086432160804,0.9948557788944723,0.7876728643216081,0.8180407035175881,0.1668,0.4506,0.0,0.4335,0.4378,1.0,1.0,0.0,1.0,1.0,367.1936900589775
Philips_B120N10_Baby_Monitor,300,11,17040,248.45373605637042,292.31986122365436,0.99065659,0.99765429,0.99995803,0.99881772,0.99704351,0.6373422110552764,0.8821356783919598,0.9979170854271358,0.940635175879397,0.8514492462311558,0.1651,0.2207,0.0,0.2492,0.2145,1.0,1.0,0.0,1.0,1.0,316.04106816267466
Philips_B120N10_Baby_Monitor,300,12,10123,244.60902816146117,286.06636578955073,0.98633633,0.99856458,0.9840962,0.99420213,0.99870284,0.560613567839196,0.9279653266331658,0.6558743718592965,0.7506834170854272,0.9349226130653268,0.093,0.5497,0.2894,0.2245,0.6734,1.0,1.0,1.0,1.0,1.0,451.4226497020526
Philips_B120N10_Baby_Monitor,300,13,86454,247.80154605779978,297.03733180145696,0.9881981799999999,0.99695054,0.9670502000000001,0.99534925,0.9965315800000001,0.5807994974874372,0.8467608040201005,0.643467336683417,0.7671497487437187,0.8258271356783919,0.1675,0.5238,0.6308,0.5308,0.5435,1.0,1.0,1.0,1.0,1.0,360.3421287193545
Philips_B120N10_Baby_Monitor,300,14,5182,228.77963592235866,263.4985105388632,0.9928702600000001,0.9975006,0.99996628,0.99774436,0.9974019599999999,0.6986236180904523,0.8744020100502512,0.9983055276381909,0.8866522613065326,0.8694452261306533,0.0289,0.201,0.266,0.2039,0.1968,1.0,1.0,1.0,1.0,1.0,802.355667727395
Philips_B120N10_Baby_Monitor,1000,0,30860,816.3031357177127,943.3928368793869,0.98997322,0.9951476800000001,0.99154832,0.99065214,0.9936507200000001,0.6190381909547739,0.7563804020100503,0.6563291457286432,0.5895472361809045,0.6816381909547738,0.1511,0.3539,0.2703,0.3665,0.3504,1.0,1.0,1.0,1.0,1.0,524.6044464079076
Philips_B120N10_Baby_Monitor,1000,1,94654,835.0849021140338,983.1057691408678,0.9926546800000001,0.9968677699999999,0.99117059,0.99596163,0.9961830899999999,0.707772864321608,0.8426236180904523,0.6529788944723618,0.7972934673366834,0.8084185929648241,0.2023,0.4292,0.4657,0.4418,0.4324,1.0,1.0,1.0,1.0,1.0,420.44249050068333
Philips_B120N10_Baby_Monitor,1000,2,110927,249.24770215966586,183.03480732616396,0.99550622,0.9966068,0.9990588100000001,0.9991816,0.99994317,0.7758361809045227,0.8294874371859298,0.9527040201005026,0.9588743718592965,0.9971442211055276,0.0023,0.0052,0.0,0.0,0.0049,0.047,0.7666,0.0,0.0,0.9978,4002.4909167635287
Philips_B120N10_Baby_Monitor,1000,3,2143,223.78119472008203,194.66013255056617,0.9990218500000001,0.9999983100000001,0.99996328,0.9999645500000001,0.99997672,0.9508693467336684,0.9999150753768844,0.9981547738693467,0.9982185929648241,0.9988301507537689,0.0,0.0,0.0,0.0,0.0,0.0,0.0,0.0,0.0,0.0,6273.2328656301615
Philips_B120N10_Baby_Monitor,1000,4,36763,283.307589294169,196.4998564243416,0.9933220199999999,0.99329098,0.9998507600000001,0.999273,0.9971398499999999,0.6646256281407035,0.6630874371859297,0.9925005025125628,0.963467336683417,0.8562824120603015,0.0064,0.017,0.0002,0.0554,0.0117,0.1219,1.0,0.7423,1.0,1.0,5189.992720319593
Philips_B120N10_Baby_Monitor,1000,5,64738,206.81027946980288,189.80663805733673,0.9948779299999999,0.9917212,0.98993208,0.98956825,0.9901523400000001,0.8231195979899497,0.898435175879397,0.8981035175879397,0.8987190954773869,0.9001884422110553,0.0,0.0,0.0,0.0,0.0,0.0,0.0,0.0,0.0,0.0,4971.706986550552
Philips_B120N10_Baby_Monitor,1000,6,12973,699.1481364923388,788.4818526665441,0.98970666,0.99585064,0.99479207,0.99298676,0.9950719199999999,0.6058628140703517,0.7916065326633166,0.7613417085427137,0.6711251256281408,0.7526854271356784,0.1193,0.3635,0.4287,0.4045,0.3651,1.0,1.0,1.0,1.0,1.0,580.9477745353432
Philips_B120N10_Baby_Monitor,1000,7,63145,289.69448452852623,183.47621689173303,0.9949097600000001,0.99627785,0.99998798,0.99985804,0.99902972,0.7443226130653267,0.8131331658291457,0.9993959798994976,0.9928663316582915,0.9512422110552765,0.0055,0.0691,0.1649,0.154,0.08,0.7923,1.0,1.0,1.0,1.0,3443.8170788224406
Philips_B120N10_Baby_Monitor,1000,8,46297,269.65705462236593,187.55726696513204,0.99408208,0.9960614300000001,0.99661913,0.9967397600000001,0.9982493100000001,0.7027638190954775,0.8111597989949748,0.8399904522613064,0.8376708542713567,0.9120793969849247,0.0024,0.0193,0.0884,0.0859,0.0166,0.03,1.0,1.0,1.0,1.0,5378.759044957118
Philips_B120N10_Baby_Monitor,1000,9,113036,232.53812813768408,194.8562642646344,0.99393803,0.99983892,0.99998351,0.9999846,0.9999946900000001,0.7471909547738693,0.9919447236180905,0.9991718592964824,0.9992291457286433,0.9997452261306533,0.0,0.0,0.0,0.0,0.0,0.0,0.0,0.0,0.0,0.0,9666.914258061
Philips_B120N10_Baby_Monitor,1000,10,6067,793.4378132092384,915.8444683298347,0.99011522,0.9965719399999999,0.99624658,0.99553808,0.99600654,0.6092904522613065,0.8277859296482413,0.8117030150753768,0.7763110552763819,0.7995005025125628,0.1818,0.4835,0.4834,0.4908,0.4848,1.0,1.0,1.0,1.0,1.0,447.36558016891627
Philips_B120N10_Baby_Monitor,1000,11,35756,805.0024805580882,969.4182941701789,0.99216488,0.99827259,0.99722369,0.9967512199999999,0.9976113499999999,0.6876522613065327,0.9131954773869346,0.863064824120603,0.8367658291457287,0.8799884422110553,0.1926,0.3991,0.4617,0.4225,0.3933,1.0,1.0,1.0,1.0,1.0,398.1606390369605
Philips_B120N10_Baby_Monitor,1000,12,113337,771.2747129047557,931.8430344721324,0.98591472,0.9970978399999999,0.99092859,0.9858645,0.99811039,0.5607633165829146,0.8547010050251256,0.6221668341708543,0.4984281407035176,0.9052286432160803,0.0901,0.0715,0.0203,0.0829,0.0612,1.0,1.0,0.9999,1.0,1.0,492.1867087688004
Philips_B120N10_Baby_Monitor,1000,13,62699,302.64627207906244,196.68934983289964,0.9939047299999999,0.9952414,0.9999278,0.99985505,0.9987769300000001,0.6939748743718593,0.7611874371859297,0.9963723618090453,0.992716582914573,0.9385422110552764,0.0063,0.0611,0.1163,0.1078,0.0643,0.7787,1.0,1.0,1.0,1.0,3692.957925525618
Philips_B120N10_Baby_Monitor,1000,14,8320,831.4010440851611,974.2717291607133,0.9922583899999999,0.9974609000000001,0.99372237,0.99585089,0.99652908,0.6565859296482413,0.8724095477386935,0.7150929648241207,0.7921608040201006,0.8257417085427136,0.2061,0.3991,0.4433,0.4316,0.4078,1.0,1.0,1.0,1.0,1.0,396.8875828351984
Provision_PT_737E_Security_Camera,30,0,11004,21.788056967123946,31.174300179460268,0.8090156199999999,0.90973232,0.76014041,0.8513599700000001,0.8943715200000001,0.5149979899497488,0.6228884422110553,0.49748743718592964,0.523343216080402,0.6870733668341709,0.262,0.2596,0.0,0.2366,0.2406,1.0,1.0,0.0,0.9998,1.0,318.20218131473575
Provision_PT_737E_Security_Camera,30,1,37983,23.462428665057345,32.640184228334384,0.7915700600000001,0.9069891600000001,0.5994903,0.81217045,0.8754216,0.49748743718592964,0.5677733668341709,0.49748743718592964,0.49748743718592964,0.5003236180904522,0.3853,0.9514,0.3551,0.727,0.9771,1.0,1.0,0.0007,1.0,1.0,187.12563555521615
Provision_PT_737E_Security_Camera,30,2,20729,20.16393732294466,28.628087191215783,0.9436995100000001,0.99900756,0.6973422899999999,0.95319061,0.99671882,0.8525829145728643,0.9501286432160805,0.7153226130653267,0.8999954773869348,0.8938045226130653,0.8332,0.7189,0.9627,0.7934,0.7938,1.0,1.0,1.0,1.0,1.0,307.57585172274247
Provision_PT_737E_Security_Camera,30,3,5119,22.6698600105428,32.66967970649327,0.7915879300000002,0.9036296699999999,0.44578641999999996,0.78334079,0.8586934900000001,0.49748743718592964,0.6016015075376884,0.49748743718592964,0.49748743718592964,0.5282502512562814,0.3452,0.4707,0.5815,0.4191,0.3774,1.0,1.0,0.3716,1.0,1.0,178.98534287961832
Provision_PT_737E_Security_Camera,30,4,14628,23.0001376920187,31.207695685078665,0.7967992100000001,0.89678119,0.54331947,0.81342466,0.87504444,0.49748743718592964,0.49989246231155776,0.49748743718592964,0.49748743718592964,0.49935929648241206,0.3589,0.4275,0.3127,0.3539,0.3774,1.0,1.0,0.0009,1.0,1.0,175.4648323538812
Provision_PT_737E_Security_Camera,30,5,894,23.53950694189475,32.69833604980403,0.79540059,0.8872152200000001,0.54352857,0.80335342,0.8537507300000001,0.49748743718592964,0.5899080402010051,0.49748743718592964,0.49748743718592964,0.5351246231155778,0.3921,0.5997,0.314,0.5791,0.5771,1.0,1.0,0.0016,1.0,1.0,167.25620696672664
Provision_PT_737E_Security_Camera,30,6,22721,20.108175130606142,24.901223948933172,0.8290699699999999,0.91360946,0.7571878000000001,0.85405977,0.89668711,0.5444185929648241,0.6866718592964824,0.49748743718592964,0.567651256281407,0.7023266331658291,0.2462,0.2501,0.0,0.2341,0.2386,1.0,1.0,0.0,0.7949,1.0,324.1524021579966
Provision_PT_737E_Security_Camera,30,7,26579,17.890693542039347,24.15533219995898,0.80927091,0.93085772,0.75767121,0.8253097300000001,0.9114049099999999,0.49748743718592964,0.612291959798995,0.49748743718592964,0.49748743718592964,0.6294085427135678,0.2342,0.2638,0.1986,0.2285,0.2354,1.0,1.0,0.0,0.9999,1.0,355.3728208998725
Provision_PT_737E_Security_Camera,30,8,22179,23.968969323574143,33.029219775458415,0.79510841,0.88937737,0.5934280700000001,0.8135704300000001,0.8550541599999999,0.49748743718592964,0.5312145728643216,0.49748743718592964,0.49748743718592964,0.5004190954773869,0.3445,0.4182,0.3066,0.3268,0.3539,1.0,1.0,0.0005,1.0,1.0,178.65822671277962
Provision_PT_737E_Security_Camera,30,9,18480,15.109492419011334,22.018246212057456,0.95725775,0.9952867400000001,0.99528266,0.9947285900000001,0.964076,0.9206030150753769,0.8510532663316583,0.9820015075376884,0.9647542713567838,0.6809291457286432,0.0,0.0,0.0,0.0,0.0,0.0,0.0008,0.0,0.0,0.0,1725.1887740312552
Provision_PT_737E_Security_Camera,30,10,24010,18.7914081260621,24.15076073110794,0.82203112,0.93530223,0.7563943,0.83244699,0.9209684100000001,0.5142628140703518,0.6084984924623116,0.49748743718592964,0.49748743718592964,0.6795522613065327,0.2418,0.2581,0.2284,0.2335,0.238,1.0,1.0,0.0,1.0,1.0,322.59071916038414
Provision_PT_737E_Security_Camera,30,11,14054,23.793719781223004,32.57456660294123,0.79331764,0.8698923900000001,0.60747432,0.80611006,0.8512499899999998,0.49748743718592964,0.5135055276381909,0.49748743718592964,0.49748743718592964,0.5003984924623116,0.3586,0.3911,0.3543,0.3621,0.3635,1.0,1.0,0.001,1.0,1.0,172.28916573032444
Provision_PT_737E_Security_Camera,30,12,23452,13.132747074499221,18.256217169132995,0.98395336,0.99532729,0.8299786299999998,0.984155,0.99355459,0.5339934673366834,0.856048743718593,0.7940226130653267,0.500129648241206,0.7975959798994976,0.0,0.0,0.0,0.0,0.0,0.0,0.0,0.0,0.0,0.0,1762.4072566649738
Provision_PT_737E_Security_Camera,30,13,38182,20.24604511279069,25.9069318541908,0.8039925299999999,0.9086357399999998,0.53942176,0.82458757,0.89780249,0.49748743718592964,0.5932824120603015,0.49748743718592964,0.49748743718592964,0.5943638190954774,0.2517,0.3081,0.2207,0.258,0.2749,1.0,1.0,0.0002,1.0,1.0,309.12536597205434
Provision_PT_737E_Security_Camera,30,14,9577,24.22024818309549,32.92381350849445,0.79162346,0.8938083599999999,0.5295076200000001,0.7899094600000001,0.8513799100000001,0.49748743718592964,0.5994994974874372,0.49748743718592964,0.49748743718592964,0.5264884422110553,0.3319,0.7544,0.3965,0.4818,0.7158,1.0,1.0,0.1142,1.0,1.0,190.6558766853689
Provision_PT_737E_Security_Camera,100,0,38825,58.86429369226376,55.158168078049,0.79742236,0.8666829399999999,0.76591526,0.8016805599999999,0.86649101,0.49748743718592964,0.6044241206030151,0.49748743718592964,0.49748743718592964,0.6218974874371859,0.2788,0.3153,0.2311,0.2962,0.3225,1.0,1.0,0.0005,1.0,1.0,260.0198617576169
Provision_PT_737E_Security_Camera,100,1,6197,59.07195910417045,61.76412225813898,0.8135684200000001,0.8667741600000001,0.75860449,0.8124023000000001,0.8644765,0.5059045226130653,0.6176125628140704,0.49748743718592964,0.49748743718592964,0.6670407035175879,0.3077,0.3203,0.1147,0.3119,0.3721,1.0,1.0,0.0,1.0,1.0,250.7952143433131
Provision_PT_737E_Security_Camera,100,2,28524,62.96761954338819,65.7668666489275,0.8099115499999999,0.87639587,0.76259194,0.8070702999999999,0.86955509,0.5018658291457286,0.6153155778894472,0.49748743718592964,0.49748743718592964,0.6630276381909548,0.3119,0.3303,0.4619,0.4899,0.3613,1.0,1.0,1.0,1.0,1.0,264.859175521462
Provision_PT_737E_Security_Camera,100,3,23419,50.30049062539302,53.91414266501997,0.9931687899999999,0.9961574400000001,0.95394636,0.9981088699999999,0.99740219,0.7512442211055277,0.8629407035175879,0.8929442211055276,0.9372994974874372,0.8903613065326632,0.0,0.0,0.0,0.0,0.0,0.0,0.0,0.0,0.0,0.0,2763.97234396984
Provision_PT_737E_Security_Camera,100,4,1408,40.335009626734745,33.16726898090363,0.9980514199999999,0.9993260700000001,0.9987216999999999,0.9996319800000001,0.9995173900000001,0.903164824120603,0.9661341708542714,0.9358241206030151,0.9815065326633166,0.9757482412060301,0.0,0.0034,0.0,0.0,0.0,0.0,0.9997,0.0,0.0,0.0,1992.3505142929498
Provision_PT_737E_Security_Camera,100,5,34613,58.12076436809322,55.17742535470286,0.8235409800000001,0.8788044500000001,0.76693658,0.8093032199999999,0.87664391,0.5174698492462312,0.6008447236180905,0.49748743718592964,0.49748743718592964,0.6266693467336684,0.3092,0.6152,0.524,0.6219,0.63,1.0,1.0,1.0,1.0,1.0,256.0920820962343
Provision_PT_737E_Security_Camera,100,6,23673,32.1335136043227,39.09542328064928,0.96394196,0.99478687,0.99995655,0.99993336,0.9946663,0.8464266331658292,0.9013306532663317,0.997829648241206,0.996788944723618,0.9013301507537689,0.0,0.0,0.0,0.0,0.0,0.1584,0.0486,0.7911,0.6324,0.0014,1059.8277178119984
Provision_PT_737E_Security_Camera,100,7,15585,57.5449105217733,54.20328928434003,0.80697067,0.88498461,0.8254228,0.8282053499999998,0.8773566600000001,0.5047587939698492,0.611648743718593,0.49748743718592964,0.49748743718592964,0.6561065326633165,0.2559,0.2718,0.1127,0.2407,0.27,1.0,1.0,0.0,1.0,1.0,376.1672098919448
Provision_PT_737E_Security_Camera,100,8,9297,60.388003817711784,56.2080528661501,0.8068244400000001,0.8697207900000001,0.7695344,0.8048976100000002,0.86783917,0.49748743718592964,0.6046819095477387,0.49748743718592964,0.49748743718592964,0.6478934673366834,0.3116,0.6029,0.2291,0.5439,0.6046,1.0,1.0,0.0008,1.0,1.0,249.21358899918022
Provision_PT_737E_Security_Camera,100,9,23406,52.43653727892355,58.36233291129648,0.9930514400000001,0.99915454,0.9316328899999999,0.9979115399999999,0.99761922,0.7652909547738693,0.9578170854271357,0.8783849246231157,0.9340487437185929,0.9135301507537689,0.0,0.0017,0.0,0.0,0.0,0.0,0.9808,0.0,0.0,0.0001,2343.3652309885615
Provision_PT_737E_Security_Camera,100,10,29388,58.48399315645367,58.69337908440157,0.8092435900000001,0.87421768,0.7596958699999999,0.8053020399999999,0.86700703,0.5024246231155779,0.6171195979899498,0.49748743718592964,0.49748743718592964,0.677308040201005,0.3143,0.7147,0.704,0.7316,0.7211,1.0,1.0,1.0,1.0,1.0,253.62980932470833
Provision_PT_737E_Security_Camera,100,11,37214,61.157479429482215,59.5753832168693,0.80892367,0.89302268,0.76906873,0.7932489399999999,0.8814235299999997,0.49748743718592964,0.5952758793969849,0.49748743718592964,0.49748743718592964,0.6018135678391959,0.307,0.3023,0.2194,0.286,0.3454,1.0,1.0,0.0,1.0,1.0,259.7160897599973
Provision_PT_737E_Security_Camera,100,12,29562,43.69841019242857,47.919900466493964,0.9930848499999999,0.99924241,0.9970155900000002,0.99933845,0.99833124,0.7423105527638191,0.9621804020100502,0.8745206030150754,0.9667603015075377,0.9170261306532663,0.0,0.0,0.0,0.0,0.0,0.0,0.0,0.0,0.0,0.0,2729.188936890614
Provision_PT_737E_Security_Camera,100,13,33658,62.322729735291404,65.07071924793037,0.7905782200000001,0.87727285,0.7634788100000001,0.8082520799999999,0.8702265,0.49748743718592964,0.6091497487437186,0.49748743718592964,0.49748743718592964,0.6407663316582914,0.2482,0.3017,0.0263,0.2975,0.3182,1.0,1.0,0.0,1.0,1.0,425.4922013936403
Provision_PT_737E_Security_Camera,100,14,13400,38.333230792449385,40.013652209841474,0.9146843200000001,0.9996374100000001,0.99975315,0.99992577,0.99972619,0.7041216080402011,0.982021608040201,0.989705527638191,0.9966095477386936,0.9864648241206031,0.0,0.0,0.0,0.0,0.0,0.0069,0.0,0.0,0.0,0.0,2470.615978874353
Provision_PT_737E_Security_Camera,300,0,31618,89.65503351337784,75.99462206076454,0.99854405,0.99898261,0.9961384500000001,0.99768764,0.99906284,0.9268633165829145,0.9488748743718594,0.8100628140703517,0.8838010050251257,0.9529065326633166,0.0015,0.0008,0.0007,0.0002,0.0002,0.3382,0.4615,0.3436,0.236,0.054,1053.7242320285045
Provision_PT_737E_Security_Camera,300,1,13060,88.76365854282038,73.69351876576262,0.99786169,0.99855578,0.99389447,0.9966275,0.9984104,0.8948241206030152,0.9274261306532663,0.7404211055276382,0.8305396984924622,0.9201206030150754,0.0,0.0,0.0,0.0,0.0,0.0,0.0,0.0,0.0,0.0,5594.751999781971
Provision_PT_737E_Security_Camera,300,2,4100,95.02569489893828,78.53609886571508,0.99805689,0.99115113,0.99249222,0.99153948,0.9915136499999999,0.9025120603015075,0.8493768844221106,0.888870351758794,0.8880060301507537,0.8602391959798996,0.0,0.0,0.0,0.0,0.0,0.0,0.0,0.0,0.0,0.0,5322.916276316347
Provision_PT_737E_Security_Camera,300,3,3377,80.84923047986473,76.83830547251176,0.9475859600000001,0.99883604,0.99965718,0.9995917999999999,0.9984120400000001,0.7784949748743719,0.9415110552763819,0.982772864321608,0.9794874371859297,0.9202266331658292,0.0,0.0,0.0,0.0,0.0,0.0,0.0,0.0,0.0,0.0,5700.680674208324
Provision_PT_737E_Security_Camera,300,4,12793,77.57479002064531,68.10213637209229,0.97250406,0.99961906,0.9991221800000001,0.99963675,0.9996374100000001,0.8496869346733669,0.9808572864321607,0.9559165829145728,0.9817462311557789,0.9817793969849247,0.0,0.0,0.0,0.0,0.0,0.0,0.0,0.0,0.0,0.0,6093.406284929584
Provision_PT_737E_Security_Camera,300,5,35530,88.90350524948543,75.80075796529763,0.9980479499999999,0.99857112,0.99608434,0.9975901,0.99862028,0.9021065326633166,0.9281969849246231,0.8235492462311558,0.8788994974874371,0.9306673366834171,0.002,0.0016,0.0086,0.0049,0.0014,0.7811,0.7343,0.7966,0.7861,0.6004,901.6431087692213
Provision_PT_737E_Security_Camera,300,6,14328,90.01930525975654,79.78535878454406,0.9978392599999999,0.99845064,0.99884365,0.9987360399999999,0.99847453,0.8917100502512563,0.9221427135678393,0.941891959798995,0.9364844221105528,0.923343216080402,0.0,0.0,0.0,0.0,0.0,0.0,0.0,0.0,0.0,0.0,2362.0013460191335
Provision_PT_737E_Security_Camera,300,7,14682,87.81872179932971,83.81210700648292,0.99811707,0.99949093,0.99720443,0.99894361,0.99928344,0.9118979899497488,0.9744185929648241,0.8625417085427136,0.9469150753768845,0.963991959798995,0.0,0.0,0.0,0.0,0.0,0.0,0.0,0.0,0.0,0.0,5016.5881795230825
Provision_PT_737E_Security_Camera,300,8,20147,94.08545484146367,90.06296410538761,0.9981234999999999,0.99896567,0.99916659,0.9991617,0.99902911,0.9057311557788945,0.9480236180904522,0.9581201005025125,0.9578743718592966,0.9512115577889447,0.0031,0.0066,0.0,0.0014,0.0017,0.9391,1.0,0.0008,0.7279,0.8028,757.6400244901405
Provision_PT_737E_Security_Camera,300,9,23555,77.28769563270811,84.44143307877073,0.9337659100000001,0.9955159299999999,0.99969257,0.9993753200000001,0.9956251700000001,0.7709170854271357,0.8957412060301507,0.9848150753768845,0.9688879396984924,0.8934939698492462,0.0,0.0,0.0,0.0,0.0,0.1458,0.0,0.0,0.0,0.0,1915.7668856310606
Provision_PT_737E_Security_Camera,300,10,12194,80.96524583025328,67.0103805180159,0.93593099,0.9949807900000001,0.9944243100000001,0.9942906899999999,0.99505658,0.5852110552763818,0.86163216080402,0.7524391959798995,0.8252949748743719,0.8634497487437186,0.0,0.0,0.0,0.0,0.0,0.0,0.0,0.0,0.0,0.0,5550.041453266992
Provision_PT_737E_Security_Camera,300,11,9918,87.10600281436564,72.52773893619342,0.99621422,0.9987440999999999,0.9957697600000001,0.99745214,0.9984512099999999,0.8178577889447236,0.9368894472361808,0.7894683417085427,0.8719668341708543,0.9221713567839196,0.0,0.0,0.0,0.0,0.0,0.0,0.0,0.0,0.0,0.0,5538.432199755528
Provision_PT_737E_Security_Camera,300,12,10631,89.05449567763925,89.08227029096267,0.99919278,0.99857229,0.9963150499999999,0.99702533,0.99829081,0.9594361809045227,0.9282557788944723,0.8560658291457286,0.8726884422110552,0.9141120603015076,0.0009,0.0059,0.0058,0.0099,0.0031,0.4857,0.802,0.769,0.7995,0.8019,855.6294347753944
Provision_PT_737E_Security_Camera,300,13,29921,90.74313904419127,75.44425309351418,0.9979211,0.99826038,0.9931376,0.99568904,0.99824209,0.8955693467336684,0.9125819095477388,0.7171075376884422,0.7925613065326633,0.9116628140703518,0.0,0.0,0.0,0.0,0.0,0.0,0.0,0.0,0.0,0.0,6576.3658734569
Provision_PT_737E_Security_Camera,300,14,269,126.08320644804544,98.87474263423331,0.8777429999999999,0.8700005900000001,0.86499978,0.8634437399999999,0.86299619,0.6346301507537688,0.6884859296482412,0.6831934673366834,0.6826050251256282,0.6820231155778894,0.0,0.0,0.0,0.0,0.0,0.0,0.1997,0.0,0.0,0.2501,5998.1962226199175
Provision_PT_737E_Security_Camera,1000,0,32797,231.2576935396891,179.42720123051012,0.99796718,0.99829158,0.99359868,0.99510163,0.99833675,0.8979366834170854,0.9141497487437186,0.711629648241206,0.7581713567839197,0.9164195979899498,0.024,0.092,0.0991,0.0997,0.0964,1.0,1.0,1.0,1.0,1.0,749.5137781705145
Provision_PT_737E_Security_Camera,1000,1,11163,231.98732943712912,187.02919561445708,0.9981188,0.99825661,0.99540761,0.99635244,0.99780812,0.905513567839196,0.9124251256281407,0.8289572864321608,0.8560462311557789,0.889894472361809,0.0054,0.0968,0.1037,0.1033,0.0958,0.9995,1.0,1.0,1.0,1.0,744.1957227369855
Provision_PT_737E_Security_Camera,1000,2,26488,247.77745844388065,198.78960359522853,0.99831969,0.99822274,0.9940266000000001,0.9949104700000001,0.9981557099999999,0.915562311557789,0.9106904522613064,0.709559296482412,0.7463221105527638,0.9073221105527638,0.0216,0.0178,0.0506,0.05,0.021,1.0,1.0,1.0,1.0,1.0,654.3508052604894
Provision_PT_737E_Security_Camera,1000,3,10467,224.77199624549232,212.79853349186368,0.99888493,0.99383798,0.99043186,0.9919326299999999,0.99375273,0.9447346733668343,0.8127376884422111,0.7072206030150754,0.7318095477386934,0.8236934673366834,0.003,0.0425,0.0377,0.0379,0.0391,0.997,1.0,1.0,1.0,1.0,780.1188765340518
Provision_PT_737E_Security_Camera,1000,4,21411,232.17877893162392,192.65236610897662,0.9983063099999999,0.99875063,0.98999793,0.99186571,0.99870701,0.915305527638191,0.9372175879396984,0.6803899497487437,0.7121914572864322,0.9350256281407034,0.0121,0.0132,0.05,0.049,0.0167,0.9994,1.0,1.0,1.0,1.0,762.5388315540552
Provision_PT_737E_Security_Camera,1000,5,17333,231.83297056535844,189.56845030608645,0.99832345,0.99800946,0.9921059099999999,0.9933323800000001,0.99781005,0.9157763819095477,0.8999728643216081,0.6920663316582913,0.732659296482412,0.8899522613065327,0.0115,0.0728,0.0733,0.0729,0.074,0.9998,1.0,1.0,1.0,1.0,742.609702630197
Provision_PT_737E_Security_Camera,1000,6,33909,233.01993301708896,210.47428461278378,0.99821563,0.99852718,0.98977191,0.9911536200000001,0.99845582,0.910375376884422,0.9259894472361809,0.6841773869346733,0.7029899497487437,0.9224331658291457,0.0044,0.0396,0.0386,0.0386,0.0448,0.9991,1.0,1.0,1.0,1.0,722.4909107139897
Provision_PT_737E_Security_Camera,1000,7,35285,238.55858117700356,187.6361368141868,0.99815798,0.99792917,0.99231668,0.9933188799999999,0.99783406,0.9074472361809045,0.8959381909547739,0.6754371859296482,0.692924120603015,0.8911587939698493,0.0194,0.0793,0.0876,0.087,0.0801,1.0,1.0,1.0,1.0,1.0,723.0180693820413
Provision_PT_737E_Security_Camera,1000,8,39577,256.06259981611856,261.67766213710723,0.9606711499999999,0.9872864899999999,0.99058986,0.99053947,0.98847687,0.7390085427135679,0.7906728643216081,0.8489396984924624,0.8502422110552764,0.7839321608040202,0.0,0.0,0.0,0.0,0.0,0.0378,0.0001,0.0,0.0,0.0,1380.5937112386905
Provision_PT_737E_Security_Camera,1000,9,39226,243.7771981492264,244.77367509424178,0.9398308000000001,0.98898893,0.99058542,0.99063728,0.98936043,0.7332010050251256,0.8040633165829145,0.8488,0.8502733668341709,0.7977261306532664,0.0,0.0,0.0,0.0,0.0,0.0381,0.0,0.0,0.0,0.0,1553.5149862034257
Provision_PT_737E_Security_Camera,1000,10,15398,233.4397648327133,192.94842797484569,0.99859818,0.99827168,0.99331602,0.9943772500000001,0.9981653,0.9297381909547738,0.9131497487437186,0.7410371859296483,0.7771402010050251,0.9078040201005025,0.0144,0.0122,0.0488,0.0477,0.0145,0.9997,1.0,1.0,1.0,1.0,758.7266687143816
Provision_PT_737E_Security_Camera,1000,11,37737,226.75127995346077,191.90598076593108,0.9915585800000001,0.98686659,0.98594754,0.9859842,0.9855993700000001,0.8723738693467337,0.8406190954773869,0.8742120603015076,0.8740839195979899,0.8448864321608041,0.0004,0.0008,0.0,0.0001,0.0008,0.4986,0.3349,0.0498,0.0509,0.4366,883.8639820436504
Provision_PT_737E_Security_Camera,1000,12,30763,245.63059372830358,192.65670515990527,0.99838371,0.9982666299999999,0.99322842,0.9940912399999999,0.9981277,0.9187793969849247,0.9128959798994976,0.6834462311557788,0.7140281407035176,0.9059145728643216,0.0121,0.0985,0.1069,0.1061,0.1005,1.0,1.0,1.0,1.0,1.0,698.4519399110096
Provision_PT_737E_Security_Camera,1000,13,36008,245.19315409352592,193.92899280250418,0.9978913899999999,0.9977249,0.99080073,0.9917689399999999,0.99758615,0.8940396984924623,0.8856733668341709,0.6293402010050251,0.6505341708542713,0.8787010050251256,0.0063,0.0819,0.0903,0.0895,0.0825,1.0,1.0,1.0,1.0,1.0,746.0184053335425
Provision_PT_737E_Security_Camera,1000,14,39214,243.8706545581518,245.7801588951573,0.93832673,0.98861551,0.9906198100000001,0.9906534300000001,0.98917557,0.7317447236180904,0.8087095477386934,0.850170351758794,0.8516562814070352,0.8029854271356784,0.0,0.0,0.0,0.0,0.0,0.042,0.0,0.0,0.0,0.0,1554.6467237899858
Provision_PT_838_Security_Camera,30,0,27927,25.7199785149437,33.029219775458415,0.7310217899999999,0.8465083,0.49459997,0.7410597,0.8002068299999999,0.49748743718592964,0.5565492462311558,0.49748743718592964,0.49748743718592964,0.4987994974874372,0.467,0.7187,0.3962,0.5982,0.6709,1.0,1.0,0.0012,1.0,1.0,198.07390644592374
Provision_PT_838_Security_Camera,30,1,33503,23.39175614131514,32.769724165709505,0.7566114,0.9159203200000001,0.48077031,0.7904351500000001,0.9399538000000001,0.49748743718592964,0.5281211055276382,0.49748743718592964,0.49748743718592964,0.594627135678392,0.3395,0.3254,0.0,0.3133,0.3051,0.9998,1.0,0.0,0.9992,0.9998,477.83541818113287
Provision_PT_838_Security_Camera,30,2,42589,26.230998529370943,33.56151546889063,0.74764353,0.8710075300000001,0.52639398,0.75790698,0.83823912,0.49748743718592964,0.5993497487437186,0.49748743718592964,0.49748743718592964,0.5178688442211056,0.4571,0.5156,0.3676,0.4135,0.4619,1.0,1.0,0.0003,1.0,1.0,214.9433505396786
Provision_PT_838_Security_Camera,30,3,11415,22.24193051678934,29.402561607745987,0.76869162,0.8607397900000001,0.53983241,0.75245037,0.85013038,0.4975291457286432,0.5011618090452261,0.49748743718592964,0.49748743718592964,0.4985140703517588,0.3052,0.3171,0.2862,0.2903,0.2814,0.9999,1.0,0.0,0.447,0.7993,512.0728263426226
Provision_PT_838_Security_Camera,30,4,54331,19.18854994222834,26.34923815888276,0.9469263899999999,0.9998952,0.83237282,0.9759340800000001,0.98514051,0.8266824120603016,0.9952060301507538,0.7727854271356784,0.8708557788944724,0.8730221105527638,0.8226,0.9105,0.9746,0.9199,0.9081,1.0,1.0,1.0,1.0,1.0,289.1664885602123
Provision_PT_838_Security_Camera,30,5,25592,23.829947531574557,32.441276356012324,0.76785234,0.89777606,0.69268141,0.7692736700000001,0.8805470299999999,0.5137341708542713,0.5780462311557789,0.49748743718592964,0.49748743718592964,0.5777562814070352,0.3224,0.5715,0.2876,0.5236,0.6015,1.0,1.0,0.0,1.0,1.0,378.8400848173616
Provision_PT_838_Security_Camera,30,6,48615,19.577209947468194,23.33973849565887,0.8730423799999999,0.95734174,0.9844580100000001,0.9476098199999999,0.9520385299999999,0.5822904522613065,0.8810422110552765,0.7908015075376884,0.8147427135678392,0.8600567839195981,0.1883,0.0822,0.0,0.0,0.1129,0.6584,0.8025,0.0,0.4155,0.8029,956.0687410849139
Provision_PT_838_Security_Camera,30,7,24979,20.85105306661481,29.23327514505218,0.76331562,0.87081367,0.67834811,0.76643362,0.86287855,0.5111301507537689,0.6114130653266332,0.49748743718592964,0.49748743718592964,0.6231869346733668,0.3499,0.3408,0.2748,0.3001,0.3115,1.0,1.0,0.0,0.807,1.0,328.7700655110171
Provision_PT_838_Security_Camera,30,8,65570,21.39550517990636,26.86098596584998,0.79810157,0.9123412000000001,0.52562789,0.8230317399999999,0.89978251,0.5300010050251256,0.6517984924623116,0.49748743718592964,0.49748743718592964,0.6905929648241206,0.3553,0.2842,0.1509,0.2007,0.2779,1.0,1.0,0.0,0.7247,1.0,350.74976655701425
Provision_PT_838_Security_Camera,30,9,63806,12.557427006015331,18.44139659938364,0.98870489,0.9732735400000001,0.9582859000000001,0.9919817,0.9834623100000001,0.7508773869346734,0.6075653266331658,0.5509361809045226,0.8616346733668342,0.663667336683417,0.0,0.0,0.0,0.0,0.0,0.0,0.0,0.0,0.0,0.0,1924.7674114986037
Provision_PT_838_Security_Camera,30,10,18159,24.55961625529517,32.771936149806265,0.7675035600000002,0.8667000299999998,0.55531434,0.74503356,0.86338008,0.4975502512562814,0.4976924623115578,0.49748743718592964,0.49748743718592964,0.4975286432160804,0.3171,0.4098,0.3851,0.33,0.3625,1.0,1.0,0.0024,1.0,1.0,368.257971402845
Provision_PT_838_Security_Camera,30,11,4724,20.708270373483,30.965367511044185,0.75478489,0.87943537,0.68460503,0.7723844200000001,0.86835174,0.4994246231155779,0.6249547738693467,0.49748743718592964,0.49748743718592964,0.6278854271356784,0.3426,0.4562,0.1379,0.3016,0.3158,1.0,1.0,0.0,0.8006,1.0,346.2561700572474
Provision_PT_838_Security_Camera,30,12,57212,20.24146925123846,24.877383324818066,0.99337727,0.99929687,0.8985818999999999,0.99564511,0.99876687,0.8944904522613065,0.9646668341708543,0.54356783919598,0.8775457286432161,0.9432778894472362,0.6753,0.0026,0.777,0.5293,0.0023,1.0,0.9809,1.0,1.0,0.8244,554.8214213505556
Provision_PT_838_Security_Camera,30,13,18131,20.986630604673127,29.403182702693016,0.7617469299999999,0.87073151,0.68158497,0.7697355699999999,0.85442675,0.5053884422110553,0.6207557788944723,0.49748743718592964,0.49748743718592964,0.6242608040201005,0.4774,0.4674,0.2947,0.3923,0.4067,1.0,1.0,0.0002,1.0,1.0,246.18985169074912
Provision_PT_838_Security_Camera,30,14,8344,14.027402856051559,18.1568562304734,0.9648563099999999,0.99985452,0.9999118199999999,0.9999990200000001,0.9998973,0.8348376884422111,0.992835175879397,0.9968673366834171,0.9999507537688442,0.9948391959798996,0.0,0.0,0.0,0.0,0.0,0.0,0.0,0.0,0.0,0.0,1653.526114329041
Provision_PT_838_Security_Camera,100,0,62904,60.90960767687494,61.91830590820993,0.8084068799999999,0.8789194000000001,0.8937522499999999,0.8612007399999998,0.8689763100000001,0.5801849246231155,0.7075713567839196,0.7543256281407036,0.705227135678392,0.7083613065326633,0.1065,0.0764,0.0,0.0,0.0,0.1653,0.4226,0.0,0.0,0.4057,2373.3634145657643
Provision_PT_838_Security_Camera,100,1,27658,38.31583562342314,43.928970074671184,0.9995189400000001,0.99955265,0.8879707600000002,0.99667138,0.99950618,0.9773075376884421,0.9775201005025125,0.5434155778894473,0.8951497487437186,0.9753879396984925,0.3318,0.0976,0.7442,0.7765,0.5006,1.0,1.0,1.0,1.0,1.0,480.19889499566375
Provision_PT_838_Security_Camera,100,2,28082,59.26009394990647,61.289496347730875,0.81454192,0.8964781000000002,0.91624868,0.87314688,0.8839981800000001,0.579332663316583,0.7065477386934673,0.7762070351758794,0.700470351758794,0.7075321608040201,0.1909,0.1468,0.0,0.0,0.1598,0.5368,0.6396,0.0,0.3296,0.5866,1817.5849394434592
Provision_PT_838_Security_Camera,100,3,48504,55.77336461746219,59.90638465297688,0.8485303599999998,0.9289547,0.91277048,0.88431707,0.9137636000000001,0.5751613065326633,0.7083311557788945,0.7013859296482412,0.6998386934673366,0.7016889447236181,0.2817,0.2999,0.2957,0.2909,0.2986,0.9984,1.0,1.0,1.0,1.0,799.2746354410701
Provision_PT_838_Security_Camera,100,4,63797,39.004960418010754,40.78708398150258,0.9976602600000001,0.99941778,0.9073152800000001,0.98883918,0.99837195,0.9420577889447236,0.9709477386934673,0.5418221105527639,0.6838100502512563,0.9426989949748744,0.0252,0.0014,0.6126,0.261,0.0172,0.9916,0.9542,1.0,0.9999,0.9515,639.8259401253266
Provision_PT_838_Security_Camera,100,5,17992,56.150087297609694,60.07334896149275,0.8273558399999998,0.87287198,0.89110979,0.8525441799999999,0.86352547,0.5768005025125629,0.6525326633165829,0.6900462311557789,0.6788507537688442,0.6910969849246231,0.1614,0.1128,0.0,0.0,0.01,0.4064,0.4138,0.0,0.0,0.3994,2127.099535387805
Provision_PT_838_Security_Camera,100,6,56390,64.26598225447923,71.75177655175906,0.9750162499999999,0.9991867899999999,0.81591552,0.9879218299999999,0.99650628,0.8407959798994975,0.959135175879397,0.5971180904522613,0.8512954773869348,0.8927442211055276,0.5617,0.0029,0.0,0.0,0.0,1.0,0.9985,0.0,0.0731,0.0,1048.2946136992653
Provision_PT_838_Security_Camera,100,7,42293,49.47302533999622,50.77266256781603,0.99946102,0.99936795,0.99959673,0.9995459999999999,0.99943741,0.9730301507537689,0.9682386934673366,0.979735175879397,0.9771859296482411,0.9717291457286432,0.0003,0.001,0.0,0.0005,0.0005,0.3853,0.7039,0.0,0.6734,0.6809,1058.6884293310309
Provision_PT_838_Security_Camera,100,8,32848,61.07781357074802,64.15199835611374,0.8516774099999999,0.95213204,0.9965132999999999,0.94066227,0.94405224,0.5786467336683417,0.8358331658291458,0.8813788944723617,0.7633301507537689,0.7939467336683417,0.2003,0.1442,0.0,0.0,0.1915,0.5601,0.8006,0.0,0.3653,0.8014,1480.2798000406285
Provision_PT_838_Security_Camera,100,9,45312,67.43236802064759,68.55131635372531,0.7450573699999998,0.8344617399999998,0.7079198400000001,0.76667261,0.8292854199999999,0.49748743718592964,0.5969467336683417,0.49748743718592964,0.49748743718592964,0.5973522613065326,0.4949,0.6377,0.151,0.6007,0.6576,1.0,1.0,0.0,1.0,1.0,252.09547758179235
Provision_PT_838_Security_Camera,100,10,53241,68.88328822847527,75.77413785244171,0.7411373000000002,0.8427671900000001,0.75831149,0.76498356,0.8341730399999999,0.49748743718592964,0.604051256281407,0.49748743718592964,0.49748743718592964,0.6016939698492463,0.3329,0.3419,0.1484,0.2968,0.3189,0.9999,1.0,0.0,0.5358,1.0,535.6106680772665
Provision_PT_838_Security_Camera,100,11,64193,41.67575273414697,37.883695020545105,0.9187688399999998,0.97750605,0.99149196,0.99437314,0.9745871700000001,0.6954462311557789,0.8666673366834171,0.8707291457286432,0.8898206030150755,0.8629788944723618,0.0,0.0,0.0,0.0,0.0,0.0593,0.5864,0.1987,0.1778,0.3679,1446.7355919722547
Provision_PT_838_Security_Camera,100,12,40159,67.94489099432491,70.42915357180509,0.7648166199999998,0.8675115900000001,0.77125062,0.7743082099999999,0.8649785300000001,0.49748743718592964,0.6037743718592965,0.49748743718592964,0.49748743718592964,0.611378391959799,0.3158,0.3144,0.143,0.2906,0.3073,0.9998,1.0,0.0,0.8019,1.0,525.1146754881198
Provision_PT_838_Security_Camera,100,13,59649,65.31500707310163,74.82955447990756,0.73443881,0.8128316600000001,0.6865635900000001,0.7387750700000001,0.8226311199999999,0.49748743718592964,0.49748743718592964,0.49748743718592964,0.49748743718592964,0.4995678391959799,0.325,0.3504,0.294,0.2989,0.3259,1.0,1.0,0.0,0.7927,1.0,516.4100839916205
Provision_PT_838_Security_Camera,100,14,52395,52.503870329105006,50.711049331948175,0.99404918,0.99956564,0.80756442,0.97810624,0.99906214,0.8811321608040201,0.9781728643216081,0.4982819095477387,0.734851256281407,0.9580532663316583,0.5027,0.5146,0.5784,0.7293,0.7284,1.0,1.0,0.9991,1.0,1.0,792.7020141249927
Provision_PT_838_Security_Camera,300,0,53078,132.69616016118795,123.75231205122489,0.99850305,0.9992425,0.9969608,0.9971604100000001,0.99928783,0.9248221105527639,0.9619346733668341,0.8584537688442211,0.8653236180904522,0.9642125628140703,0.0,0.0,0.0,0.0,0.0,0.0,0.0,0.0,0.0,0.0,6579.339193269428
Provision_PT_838_Security_Camera,300,1,22637,123.3823237256796,125.63816191971726,0.9988751800000001,0.9996873100000001,0.99979154,0.99977692,0.99964893,0.9664070351758793,0.9842869346733669,0.9895246231155779,0.9887899497487438,0.9823582914572864,0.5332,0.1161,0.6066,0.6056,0.1511,1.0,1.0,1.0,1.0,1.0,473.0522450000606
Provision_PT_838_Security_Camera,300,2,13252,96.83395555827676,94.12504125239467,0.99893352,0.99917988,0.99565138,0.99884117,0.99881244,0.9464708542713567,0.9588336683417086,0.854435175879397,0.941767336683417,0.9403386934673367,0.0007,0.0213,0.0,0.0,0.0034,0.2233,1.0,0.0,0.0,0.8017,973.0459914519375
Provision_PT_838_Security_Camera,300,3,35513,99.02794096997235,103.93095605817972,0.99922384,0.999653,0.99749032,0.9993105900000001,0.99951463,0.9630291457286432,0.9826472361809044,0.8805748743718593,0.9653748743718593,0.9756427135678392,0.0,0.0,0.0,0.0,0.0,0.0,0.0,0.0,0.0,0.0,6231.844496420513
Provision_PT_838_Security_Camera,300,4,40490,101.0645030822601,93.03793890130258,0.99932905,0.99967853,0.9991417499999999,0.99962855,0.99963964,0.9662844221105528,0.9838849246231156,0.9570788944723618,0.9813341708542713,0.9818914572864322,0.0014,0.0396,0.0,0.0,0.0198,0.9258,1.0,0.0,0.2498,1.0,754.2886477850543
Provision_PT_838_Security_Camera,300,5,55961,149.7059726924762,150.0207943742419,0.80227134,0.84502737,0.83292243,0.82651757,0.84264461,0.5394633165829146,0.637440703517588,0.665602512562814,0.653591959798995,0.6579316582914573,0.3054,0.3172,0.0,0.2911,0.3158,1.0,1.0,0.0,0.9999,1.0,737.4608662649343
Provision_PT_838_Security_Camera,300,6,10979,123.8722949685544,119.63586719864024,0.99945553,0.99367845,0.99180338,0.99139547,0.99263868,0.9756994974874372,0.8562276381909548,0.8599301507537689,0.8742502512562813,0.880556783919598,0.3336,0.2413,0.4411,0.2843,0.177,1.0,1.0,1.0,1.0,1.0,473.7729131012024
Provision_PT_838_Security_Camera,300,7,48507,156.76847465258294,153.65191545071238,0.85941528,0.88472374,0.88681384,0.8724935199999999,0.8762890699999999,0.6444587939698492,0.7029115577889448,0.6800929648241206,0.6792125628140704,0.7024035175879397,0.2735,0.4494,0.3176,0.3633,0.4437,0.7931,1.0,1.0,1.0,1.0,1106.0242990451468
Provision_PT_838_Security_Camera,300,8,26720,124.20520090112754,102.33083885621154,0.99431707,0.9990474,0.99902121,0.99916158,0.9991476899999999,0.8355311557788945,0.9521306532663316,0.9508145728643216,0.9578683417085427,0.957170351758794,0.4193,0.198,0.1899,0.3485,0.126,1.0,1.0,1.0,1.0,1.0,526.4612443746372
Provision_PT_838_Security_Camera,300,9,48157,123.20862866986151,94.64648977020411,0.99771817,0.99880352,0.9879238100000001,0.9903402499999999,0.9986212999999999,0.8854417085427136,0.9398753768844221,0.7220170854271357,0.7684105527638191,0.9307185929648241,0.0019,0.0128,0.0,0.0008,0.0076,0.6526,1.0,0.0,0.0723,1.0,1137.1808987493887
Provision_PT_838_Security_Camera,300,10,22260,103.7827651858996,98.36873436284556,0.95133893,0.99768027,0.99698575,0.99894625,0.99713236,0.8039854271356783,0.8837447236180904,0.8838130653266332,0.9470477386934673,0.8672934673366834,0.0,0.0,0.0,0.0,0.0,0.0,0.0,0.0,0.0,0.0,6003.273218217875
Provision_PT_838_Security_Camera,300,11,63687,111.51118402126185,82.32465308508272,0.9923983599999999,0.99975405,0.90248602,0.9674000599999999,0.99012772,0.817105527638191,0.9878482412060301,0.5497989949748744,0.5880195979899497,0.746778391959799,0.0206,0.0001,0.2453,0.0535,0.0183,0.932,0.5497,0.7885,0.8664,0.5357,851.2896421935963
Provision_PT_838_Security_Camera,300,12,41890,102.87300697483462,103.03379862458092,0.99934424,0.99868184,0.9834431199999999,0.98919155,0.99834807,0.9670472361809046,0.9337613065326633,0.6429211055276381,0.7435763819095477,0.9169884422110552,0.0,0.0,0.0012,0.0,0.0,0.0,0.0001,0.1059,0.0013,0.0,2411.9353950624104
Provision_PT_838_Security_Camera,300,13,64536,84.66525914350268,65.92426620215609,0.98580895,0.9858774600000001,0.98036145,0.9819663700000001,0.98085718,0.8759688442211055,0.8748130653266332,0.8958804020100501,0.8957185929648241,0.8707768844221105,0.0,0.0,0.0,0.0,0.0,0.0,0.0,0.0,0.0,0.0,7106.94375052312
Provision_PT_838_Security_Camera,300,14,27075,106.11728630517473,104.80779585311181,0.8762310600000002,0.9939706300000001,0.99541932,0.9960366199999999,0.99334764,0.5819291457286432,0.8365758793969849,0.8409251256281407,0.8491457286432161,0.8179462311557789,0.0,0.0,0.0,0.0,0.0,0.0064,0.2579,0.2602,0.2245,0.27,3139.697695685427
Provision_PT_838_Security_Camera,1000,0,35661,274.2132625737039,241.0273764055555,0.99881203,0.99890415,0.99284634,0.99392267,0.9987924300000001,0.9407090452261306,0.9449954773869347,0.7207266331658292,0.7531869346733668,0.9393180904522613,0.0031,0.0797,0.0931,0.0923,0.0806,0.996,1.0,1.0,1.0,1.0,673.9346717877872
Provision_PT_838_Security_Camera,1000,1,50705,315.8020154244434,296.50050237336546,0.9984409099999999,0.9978851599999999,0.98979835,0.99070603,0.9972584999999999,0.921653768844221,0.8937266331658291,0.6834170854271356,0.6910894472361808,0.8622442211055277,0.011,0.048,0.0672,0.0661,0.0489,1.0,1.0,1.0,1.0,1.0,692.5873271966921
Provision_PT_838_Security_Camera,1000,2,24192,275.7142151824929,231.12141034088083,0.9988110099999999,0.9986625100000001,0.99350179,0.99457402,0.9984784800000001,0.9404502512562813,0.9328070351758795,0.7641773869346733,0.7898698492462312,0.923543216080402,0.0051,0.0753,0.0821,0.0823,0.0764,0.9978,1.0,1.0,1.0,1.0,650.8205092680182
Provision_PT_838_Security_Camera,1000,3,3332,272.35533272338944,229.01972425179963,0.99901548,0.99736316,0.9929180900000001,0.99353398,0.99681389,0.9508221105527639,0.8676206030150755,0.7860216080402009,0.7998994974874372,0.8399291457286433,0.0033,0.0841,0.0933,0.0938,0.0829,0.9968,1.0,1.0,1.0,1.0,676.8351553873212
Provision_PT_838_Security_Camera,1000,4,3992,259.1302670033312,209.11850774402822,0.99931502,0.99699337,0.9897186000000001,0.9909319200000001,0.9959857999999999,0.9741492462311557,0.8500773869346734,0.6770638190954774,0.7121597989949748,0.831380904522613,0.0003,0.0803,0.0865,0.0855,0.0784,0.2575,1.0,1.0,1.0,1.0,1255.9720061919484
Provision_PT_838_Security_Camera,1000,5,60524,336.9557082629992,343.59772172117704,0.99884811,0.9620179600000001,0.94661604,0.9467571800000001,0.95901165,0.94211608040201,0.7600281407035177,0.6878095477386934,0.6914095477386935,0.7944185929648241,0.0298,0.0486,0.0671,0.066,0.0507,1.0,0.7976,0.7976,0.7976,0.7976,530.3604636189507
Provision_PT_838_Security_Camera,1000,6,21165,281.45219731412413,257.14616902126284,0.9989182400000001,0.99927961,0.99089784,0.99242393,0.9989526499999999,0.947996984924623,0.9637994974874372,0.6837155778894473,0.7247376884422111,0.9473939698492462,0.0009,0.0386,0.0547,0.0539,0.0456,0.734,1.0,1.0,1.0,1.0,1074.0821892479544
Provision_PT_838_Security_Camera,1000,7,9017,269.4601197478837,232.35297325112504,0.99898906,0.99779894,0.99654557,0.99710217,0.9970684000000001,0.9554984924623116,0.8895417085427135,0.8594949748743719,0.8770628140703518,0.8527783919597991,0.0006,0.0749,0.0797,0.0795,0.0758,0.2901,1.0,1.0,1.0,1.0,1230.4561238118517
Provision_PT_838_Security_Camera,1000,8,25416,270.32627173245476,230.9333802006803,0.99863681,0.99915866,0.9928769599999999,0.9942774999999999,0.99889549,0.9388110552763819,0.9577427135678391,0.7437773869346733,0.7816929648241207,0.9445005025125628,0.001,0.0752,0.0761,0.0759,0.0743,0.5404,1.0,1.0,1.0,1.0,1074.259931584518
Provision_PT_838_Security_Camera,1000,9,38035,233.97758056896777,209.80672906739852,0.9443069399999999,0.9435654,0.9433978000000001,0.94344149,0.94223567,0.7609316582914574,0.650556783919598,0.7872919597989949,0.7876175879396985,0.652794472361809,0.0,0.002,0.0001,0.0001,0.0022,0.0,0.0508,0.0056,0.033,0.101,1691.1922857874538
Provision_PT_838_Security_Camera,1000,10,46514,274.04581463636384,227.20222560730392,0.9992669200000001,0.9971374999999999,0.9915485900000001,0.99202037,0.99637225,0.9634552763819095,0.8562236180904523,0.6605301507537689,0.6701738693467336,0.8177592964824121,0.0024,0.0514,0.0653,0.065,0.0527,0.9772,1.0,1.0,1.0,1.0,865.5908351642227
Provision_PT_838_Security_Camera,1000,11,37177,264.1324632156324,223.399170252961,0.99919684,0.99634842,0.9894769199999999,0.9902061699999999,0.9952243000000001,0.9643140703517588,0.8518904522613066,0.6916422110552763,0.7123562814070352,0.8419341708542714,0.0004,0.058,0.0607,0.0607,0.0571,0.146,1.0,1.0,1.0,1.0,1282.5286920351382
Provision_PT_838_Security_Camera,1000,12,25529,261.1652304098958,223.54236451338156,0.9987066099999999,0.9993989600000001,0.99453172,0.99562475,0.9991381699999999,0.9455959798994975,0.9698185929648242,0.7678381909547738,0.803911055276382,0.956691959798995,0.007,0.0813,0.0845,0.0835,0.0836,0.9962,1.0,1.0,1.0,1.0,711.3725635176717
Provision_PT_838_Security_Camera,1000,13,64299,324.7121696234994,304.75612807308744,0.9989163999999999,0.99098962,0.99428863,0.99416536,0.9919022200000001,0.9484452261306532,0.810480904522613,0.8799341708542713,0.8789221105527638,0.8354768844221105,0.006,0.002,0.0003,0.0003,0.0015,0.9797,0.6162,0.5683,0.5708,0.5543,617.5580798711464
Provision_PT_838_Security_Camera,1000,14,8344,282.13464809473464,251.92675273941524,0.99916744,0.9968714,0.99952941,0.9995371,0.99619569,0.9584768844221105,0.8428482412060301,0.9763522613065327,0.9767386934673367,0.8216065326633166,0.0035,0.0741,0.0752,0.0751,0.0735,0.9964,1.0,1.0,1.0,1.0,694.2420024553164
Samsung_SNH_1011_N_Webcam,30,0,11584,28.833552834738327,33.783108166123306,0.9985016099999999,0.99913406,0.6839447799999999,0.99662133,0.9990574400000001,0.9247040201005026,0.9564854271356784,0.49773366834170857,0.8302175879396985,0.952635175879397,0.0074,0.0291,0.2832,0.0088,0.0106,0.9999,1.0,0.0044,1.0,1.0,475.0472797739833
Samsung_SNH_1011_N_Webcam,30,1,8755,28.976961148377406,33.78424390956716,0.9986766,0.99913358,0.91007921,0.9966373000000001,0.99905811,0.933497487437186,0.9564613065326635,0.4977688442211055,0.8310201005025126,0.9526688442211055,0.0104,0.0279,0.0619,0.0105,0.0133,1.0,1.0,0.0045,1.0,1.0,452.80371382722717
Samsung_SNH_1011_N_Webcam,30,2,20538,28.998990565292996,33.78424390956716,0.99817324,0.9989447499999999,0.92833313,0.9966150399999999,0.9993089700000001,0.9082030150753768,0.9469723618090453,0.4976788944723618,0.8299015075376885,0.9652748743718593,0.0184,0.1291,0.1931,0.1502,0.1273,1.0,1.0,1.0,1.0,1.0,371.74905905752877
Samsung_SNH_1011_N_Webcam,30,3,19331,29.0,33.78424390956716,0.99850792,0.9991487600000001,0.9345304700000001,0.99652952,0.9993491000000001,0.9250211055276383,0.9572241206030151,0.49791256281407037,0.8256040201005026,0.9672914572864322,0.0072,0.0225,0.0555,0.0073,0.0101,1.0,1.0,0.0037,1.0,1.0,468.5383513529273
Samsung_SNH_1011_N_Webcam,30,4,13051,29.0,33.78424390956716,0.9982769600000001,0.99891868,0.9255818399999999,0.99665766,0.99891095,0.9134150753768844,0.9456623115577889,0.4977577889447236,0.832043216080402,0.9452738693467336,0.0108,0.0398,0.061,0.0112,0.0166,1.0,1.0,0.0038,1.0,1.0,422.83243625175936
Samsung_SNH_1011_N_Webcam,30,5,25541,28.17231175908306,33.25049274428498,0.9982312400000001,0.99777768,0.98700834,0.99547407,0.99751768,0.9111175879396985,0.8883256281407035,0.6068934673366835,0.7725663316582914,0.8752603015075376,0.0121,0.0556,0.0052,0.0524,0.045,1.0,1.0,0.0007,1.0,1.0,367.7221707760366
Samsung_SNH_1011_N_Webcam,30,6,19882,28.941379914224086,33.70584875170037,0.9983460599999999,0.99889486,0.78760813,0.99634623,0.9991272000000001,0.9168874371859297,0.9444653266331658,0.4976859296482412,0.8163934673366835,0.956140703517588,0.0116,0.0271,0.3376,0.0605,0.024,1.0,1.0,1.0,1.0,1.0,391.43527111936066
Samsung_SNH_1011_N_Webcam,30,7,32353,29.0,33.78424390956716,0.9985342100000001,0.99888613,0.93149275,0.99636392,0.99893878,0.9263422110552764,0.9440266331658291,0.49784371859296483,0.8172824120603015,0.9466723618090452,0.0247,0.0397,0.06,0.0111,0.0203,1.0,1.0,0.0036,1.0,1.0,438.50129042388113
Samsung_SNH_1011_N_Webcam,30,8,12598,28.668018190380742,33.542763636650335,0.99831753,0.99923693,0.8030258099999998,0.99697974,0.99930638,0.915453768844221,0.9616547738693468,0.4978462311557789,0.8482281407035176,0.9651447236180903,0.0088,0.033,0.0571,0.0081,0.0127,1.0,1.0,0.0043,1.0,1.0,425.26537068751264
Samsung_SNH_1011_N_Webcam,30,9,25072,28.943882686493797,33.783108166123306,0.998641,0.99904672,0.84174825,0.99706434,0.99919271,0.9317085427135678,0.9520964824120604,0.4976899497487437,0.8524793969849247,0.9594326633165828,0.0085,0.0331,0.0567,0.0093,0.0151,1.0,1.0,0.0034,1.0,1.0,423.01531847794513
Samsung_SNH_1011_N_Webcam,30,10,13367,28.260940865065503,33.25050058408106,0.99872494,0.99893469,0.92192216,0.99654547,0.99905746,0.9359266331658291,0.9464668341708542,0.497729648241206,0.826405527638191,0.9526361809045226,0.0111,0.0527,0.0679,0.0108,0.0164,1.0,1.0,0.0036,1.0,1.0,473.9592313498131
Samsung_SNH_1011_N_Webcam,30,11,29688,28.695032270414316,33.5034223310536,0.99832927,0.99914828,0.7015829,0.9964396799999999,0.9991532399999999,0.9160437185929649,0.9572,0.49784371859296483,0.8210894472361809,0.9574492462311558,0.0136,0.037,0.2798,0.0114,0.0135,1.0,1.0,0.0045,1.0,1.0,425.87672971608094
Samsung_SNH_1011_N_Webcam,30,12,3903,28.372900199482956,33.54276363665073,0.9984033200000001,0.998953,0.71625049,0.9967703299999999,0.99910343,0.9197648241206031,0.9473869346733669,0.49767336683417085,0.8377050251256282,0.9549462311557789,0.0091,0.0202,0.2582,0.0084,0.0112,1.0,1.0,0.0035,1.0,1.0,425.57685450328825
Samsung_SNH_1011_N_Webcam,30,13,32519,28.051181065202233,33.50397631531695,0.99999893,0.9992647699999999,0.99923635,0.9993602899999999,0.9993316099999999,0.9999462311557789,0.9630537688442211,0.9616256281407034,0.967853768844221,0.9664125628140704,0.0017,0.0045,0.0,0.0007,0.0038,0.9999,1.0,0.0,0.6001,1.0,572.6670293286879
Samsung_SNH_1011_N_Webcam,30,14,7431,27.42267776507808,32.90565616786293,0.99849603,0.99770165,0.9208345299999999,0.99583331,0.9976368699999999,0.9244236180904523,0.8845050251256281,0.49764874371859297,0.7906185929648242,0.8812497487437185,0.014,0.0186,0.0331,0.0078,0.0115,1.0,1.0,0.001,0.5972,1.0,416.0146566029292
Samsung_SNH_1011_N_Webcam,100,0,12963,97.44056449338771,103.67560432959917,0.9995089,0.99917122,0.99713623,0.99830803,0.99915326,0.975321608040201,0.9583527638190955,0.856091959798995,0.9149763819095478,0.9574502512562815,0.0111,0.0399,0.0,0.0345,0.0395,1.0,1.0,0.0,1.0,1.0,533.4245875883482
Samsung_SNH_1011_N_Webcam,100,1,572,97.62401185112024,103.54276363665073,0.99685576,0.99778957,0.76974599,0.99360483,0.9977960800000001,0.8419979899497487,0.8889231155778895,0.4977005025125628,0.6786346733668341,0.8892502512562814,0.0433,0.122,0.2828,0.3558,0.1394,1.0,1.0,1.0,1.0,1.0,424.19847656236976
Samsung_SNH_1011_N_Webcam,100,2,12950,97.35958226720123,103.54276363665034,0.9995537,0.9989637699999999,0.99666065,0.99827425,0.9989956200000001,0.9775728643216081,0.9479281407035176,0.8321934673366834,0.9132788944723618,0.9495286432160803,0.0112,0.0443,0.0,0.0466,0.0452,1.0,1.0,0.0,1.0,1.0,539.1663240430058
Samsung_SNH_1011_N_Webcam,100,3,6176,97.74891347482762,103.50397631531695,0.99679393,0.9991642599999999,0.8855896999999999,0.9935121499999999,0.9987922,0.8388909547738693,0.9580030150753769,0.4976934673366834,0.6739773869346734,0.9393065326633165,0.041,0.137,0.2577,0.2794,0.1361,1.0,1.0,1.0,1.0,1.0,416.51532204647935
Samsung_SNH_1011_N_Webcam,100,4,10596,99.0,103.78424390956715,0.99726495,0.99903888,0.70310658,0.99410363,0.99862028,0.8625603015075377,0.951702512562814,0.49780502512562813,0.7037,0.9306673366834171,0.0241,0.4968,0.3342,0.5271,0.4902,1.0,1.0,1.0,1.0,1.0,446.42757563691544
Samsung_SNH_1011_N_Webcam,100,5,26778,98.99933750096866,103.78424390956715,0.99743309,0.9992640100000001,0.6804714399999999,0.99507305,0.9992969,0.8710095477386934,0.9630155778894471,0.4977929648241206,0.7524145728643217,0.9646683417085427,0.047,0.2657,0.4884,0.3385,0.2702,1.0,1.0,1.0,1.0,1.0,415.4829509566111
Samsung_SNH_1011_N_Webcam,100,6,25916,97.36539724133841,103.5034223310536,0.9968995,0.99874324,0.92601972,0.99393634,0.99905299,0.8441959798994975,0.9368462311557788,0.49777035175879397,0.6952934673366834,0.9524115577889447,0.0392,0.1079,0.1692,0.1494,0.108,1.0,1.0,1.0,1.0,1.0,425.6412147229613
Samsung_SNH_1011_N_Webcam,100,7,22310,98.15073612331433,103.54276363665073,0.99646606,0.99858509,0.7969165500000001,0.99345983,0.99887805,0.8224150753768844,0.9288989949748744,0.497635175879397,0.6713482412060301,0.9436206030150753,0.0455,0.3787,0.2987,0.3443,0.3017,1.0,1.0,1.0,1.0,1.0,405.05009918072324
Samsung_SNH_1011_N_Webcam,100,8,32849,98.65490763194778,103.70584875170037,0.99725621,0.99915854,0.81021244,0.9942508099999999,0.99922526,0.8621211055276382,0.9577155778894473,0.49769849246231157,0.7110959798994975,0.9610683417085426,0.0112,0.2209,0.2836,0.304,0.2206,1.0,1.0,1.0,1.0,1.0,514.2260936412634
Samsung_SNH_1011_N_Webcam,100,9,18964,97.47822629721887,103.5034223310536,0.99689176,0.99919804,0.7243341499999999,0.99399623,0.9992205700000001,0.8438070351758794,0.9597005025125629,0.4977286432160804,0.6983030150753768,0.9608326633165829,0.0487,0.5625,0.9399,0.9681,0.9588,1.0,1.0,1.0,1.0,1.0,427.55914401640536
Samsung_SNH_1011_N_Webcam,100,10,4601,98.87228604236228,103.78424390956715,0.9969839899999999,0.99920387,0.71857368,0.9941007599999999,0.99891164,0.8484417085427136,0.9599934673366834,0.4976276381909548,0.7035557788944724,0.9453085427135679,0.0371,0.3667,0.4044,0.411,0.3811,1.0,1.0,1.0,1.0,1.0,486.9719190219032
Samsung_SNH_1011_N_Webcam,100,11,10068,96.34597416881105,102.9305186835344,0.9971019699999999,0.9986713500000001,0.6770669699999999,0.99298321,0.99871672,0.8543703517587939,0.9332336683417086,0.49781959798994974,0.6553854271356784,0.935513567839196,0.007,0.0233,0.3004,0.0061,0.0117,0.9999,1.0,0.0037,0.6026,1.0,781.1943017381516
Samsung_SNH_1011_N_Webcam,100,12,26337,97.58017166826103,103.70584875170037,0.9972814999999999,0.99878383,0.7448132900000001,0.9946150100000001,0.99900103,0.863391959798995,0.9388859296482412,0.4977140703517588,0.7293974874371859,0.9498005025125629,0.0163,0.3335,0.3186,0.3723,0.3131,1.0,1.0,1.0,1.0,1.0,421.40574873446
Samsung_SNH_1011_N_Webcam,100,13,747,91.99850517322167,103.25050058408105,0.9997860799999999,0.99890676,0.99581279,0.99751402,0.99859882,0.9892502512562815,0.9450633165829145,0.7895874371859297,0.8750763819095477,0.9295889447236181,0.009,0.011,0.0,0.0179,0.0104,1.0,1.0,0.0,1.0,1.0,535.8106336189494
Samsung_SNH_1011_N_Webcam,100,14,15459,97.38882290541248,103.52534576894381,0.99995954,0.99953224,0.99817627,0.9990880400000001,0.99960193,0.9979668341708543,0.976494472361809,0.9083552763819095,0.9541728643216081,0.9799964824120604,0.0058,0.0446,0.0514,0.0483,0.043,1.0,1.0,1.0,1.0,1.0,639.5789141298949
Samsung_SNH_1011_N_Webcam,300,0,10041,297.3828657446138,303.54276363665076,0.99473388,0.9974381999999999,0.6834192600000001,0.98349447,0.99750699,0.7353708542713568,0.8712663316582914,0.49772663316582916,0.5906336683417085,0.8747231155778894,0.0436,0.4413,0.4106,0.5133,0.4624,1.0,1.0,1.0,1.0,1.0,508.7476349421729
Samsung_SNH_1011_N_Webcam,300,1,14333,294.2734323980545,303.54276363665076,0.99421038,0.9972819300000001,0.9174097200000001,0.98633258,0.99739219,0.7090643216080402,0.8634135678391961,0.497686432160804,0.6107557788944724,0.8689542713567839,0.0317,0.299,0.0692,0.2252,0.3085,1.0,1.0,0.0037,1.0,1.0,523.1462779989654
Samsung_SNH_1011_N_Webcam,300,2,10292,294.92956941453207,303.54276363665036,0.994984,0.9965024,0.71397335,0.9647759499999999,0.99621197,0.7479396984924623,0.8242412060301507,0.4977075376884422,0.6033246231155779,0.8096467336683417,0.0506,0.0631,0.2381,0.2091,0.0639,1.0,1.0,0.0026,1.0,1.0,480.76295392821424
Samsung_SNH_1011_N_Webcam,300,3,12087,293.72071236656643,303.50397631531695,0.99960045,0.9992066300000001,0.99811964,0.99876155,0.99916142,0.9799221105527638,0.9601321608040201,0.9055095477386935,0.9377663316582914,0.9578603015075378,0.0093,0.1016,0.0895,0.0847,0.1009,1.0,1.0,1.0,1.0,1.0,790.0858286113895
Samsung_SNH_1011_N_Webcam,300,4,12492,280.7559528187524,303.12092883072324,0.9973320400000001,0.9976097899999999,0.98952711,0.99326075,0.99734489,0.8659316582914574,0.879888944723618,0.6469954773869346,0.677472864321608,0.8665773869346733,0.0152,0.0312,0.0,0.0084,0.0227,1.0,1.0,0.0,0.5984,1.0,594.5369331911268
Samsung_SNH_1011_N_Webcam,300,5,16002,121.33488391702315,118.61369137802527,0.99952775,0.9992005700000001,0.9948308,0.9971774199999999,0.9976354,0.9982155778894473,0.9601150753768843,0.9139748743718594,0.9566185929648241,0.9566286432160803,0.1963,0.0267,0.9488,0.4739,0.0394,1.0,0.9998,0.9999,0.9998,0.9997,1027.8899142000596
Samsung_SNH_1011_N_Webcam,300,6,29086,291.6886578440217,303.250492744285,0.99577341,0.9967565,0.7188481999999999,0.97930963,0.99662333,0.7876085427135678,0.8370100502512563,0.4977030150753769,0.6146984924623116,0.8303180904522613,0.0364,0.0543,0.1059,0.0657,0.0536,1.0,1.0,0.0008,1.0,1.0,471.5769356445447
Samsung_SNH_1011_N_Webcam,300,7,7145,287.93024466066487,303.250492744285,0.99762217,0.99935247,0.99728661,0.99791307,0.9993099299999999,0.880511055276382,0.9674608040201005,0.8636487437185929,0.8951291457286432,0.9653231155778894,0.0255,0.0258,0.0,0.0023,0.0219,1.0,1.0,0.0,0.5937,1.0,491.13032843322134
Samsung_SNH_1011_N_Webcam,300,8,31260,188.93216864228543,174.79217581203778,0.9949477900000001,0.99646508,0.69129998,0.91964167,0.9963823099999999,0.7468562814070352,0.822372864321608,0.4976713567839196,0.5911547738693468,0.8182276381909548,0.0111,0.0156,0.3145,0.1565,0.0156,0.9998,1.0,0.9913,0.9998,1.0,757.8711517052187
Samsung_SNH_1011_N_Webcam,300,9,22029,291.0417817866786,303.50397631531695,0.9943438900000001,0.99784434,0.98116344,0.9927178,0.9979339700000001,0.7157733668341709,0.8916753768844221,0.49793618090452263,0.6340603015075377,0.8961793969849245,0.0414,0.1832,0.0079,0.1452,0.1806,1.0,1.0,0.003,1.0,1.0,438.1236453293388
Samsung_SNH_1011_N_Webcam,300,10,17499,295.3179799420495,303.6756043295992,0.9953298899999999,0.9977532299999999,0.92441144,0.99135795,0.99796813,0.7653211055276382,0.8870969849246231,0.49772060301507537,0.646072864321608,0.8978959798994974,0.0299,0.329,0.0661,0.3275,0.3273,1.0,1.0,0.0041,1.0,1.0,507.2193389908529
Samsung_SNH_1011_N_Webcam,300,11,26416,289.70924938880984,303.25050058408107,0.99449862,0.99755954,0.7188560599999999,0.9869004100000002,0.9977910000000001,0.723548743718593,0.8773638190954774,0.4977065326633166,0.6006778894472362,0.8889949748743718,0.0713,0.0547,0.243,0.2184,0.0546,1.0,1.0,0.0042,1.0,1.0,413.1570553076011
Samsung_SNH_1011_N_Webcam,300,12,3943,299.0,303.7842439095672,0.99556362,0.99848048,0.7159007999999999,0.9893723999999999,0.99836351,0.7770663316582915,0.9236422110552764,0.49778391959798995,0.6478552763819095,0.9177643216080402,0.0615,0.4233,0.2803,0.4785,0.433,1.0,1.0,0.0041,1.0,1.0,469.8348974249293
Samsung_SNH_1011_N_Webcam,300,13,5486,298.9754512276838,303.7831081661233,0.99581429,0.99905873,0.7551611800000001,0.99272986,0.9992001100000001,0.7896628140703518,0.9527000000000001,0.4976849246231156,0.6627020100502512,0.9598045226130654,0.051,0.4286,0.2265,0.4632,0.4022,1.0,1.0,0.0038,1.0,1.0,441.0311060410743
Samsung_SNH_1011_N_Webcam,300,14,16915,127.99464651172116,129.07845207495276,0.9931161800000001,0.99842203,0.9791491800000001,0.98018049,0.99354185,0.8985206030150754,0.9366859296482413,0.6968844221105528,0.6968844221105528,0.8987884422110552,0.0362,0.0005,0.0355,0.0355,0.0327,0.9994,0.448,0.7986,0.8577,0.9085,558.246699526176
Samsung_SNH_1011_N_Webcam,1000,0,12313,959.5978889301555,1003.1209288307233,0.9980970899999999,0.99920996,0.99572508,0.9963809699999999,0.99904356,0.9043763819095477,0.9602994974874371,0.7911663316582915,0.8181391959798996,0.951937688442211,0.0436,0.0617,0.0553,0.0586,0.0649,1.0,1.0,1.0,1.0,1.0,544.150668930871
Samsung_SNH_1011_N_Webcam,1000,1,22846,986.8777438056379,1003.5253457689438,0.9936433100000001,0.99582762,0.7168887999999999,0.9165490500000001,0.99563093,0.6805748743718593,0.7903326633165829,0.49765979899497487,0.49829246231155777,0.780448743718593,0.1492,0.2495,0.3578,0.2843,0.2469,1.0,1.0,1.0,1.0,1.0,409.464376914987
Samsung_SNH_1011_N_Webcam,1000,2,21010,959.9662119811031,1003.2126270336375,0.99847202,0.99878066,0.99329232,0.99430984,0.9985841000000001,0.9232170854271358,0.9387266331658292,0.7725311557788945,0.7788713567839196,0.9288492462311557,0.0411,0.0831,0.0823,0.0822,0.0818,1.0,1.0,1.0,1.0,1.0,501.5241020711512
Samsung_SNH_1011_N_Webcam,1000,3,1183,957.5113197225243,1003.1204592979859,0.99720809,0.9992032,0.99427061,0.99490253,0.99897917,0.8597030150753768,0.9599597989949749,0.7820557788944724,0.7858246231155779,0.9487020100502512,0.0676,0.1089,0.0567,0.0654,0.1375,1.0,1.0,1.0,1.0,1.0,514.1557215173913
Samsung_SNH_1011_N_Webcam,1000,4,24361,970.6276477810162,1003.5039763153169,0.9964406600000001,0.99897484,0.9957358399999999,0.99631081,0.99879268,0.8211386934673367,0.9484844221105528,0.786278391959799,0.8146547738693468,0.9393306532663317,0.0517,0.078,0.0,0.0329,0.0696,1.0,1.0,0.0,1.0,1.0,488.76762330404966
Samsung_SNH_1011_N_Webcam,1000,5,17160,953.1591436819951,1003.250500584081,0.99610547,0.9958258600000001,0.99393964,0.9944113299999999,0.99590608,0.8042949748743718,0.8001613065326634,0.7747959798994974,0.7766814070351759,0.8002256281407035,0.0068,0.0057,0.0,0.0008,0.0051,1.0,0.6053,0.0,0.402,0.6053,788.9942124062364
Samsung_SNH_1011_N_Webcam,1000,6,32540,537.4437229807661,348.8179423875999,0.99998872,0.9984463400000001,0.99880467,0.99876487,0.9985258899999999,0.9998467336683418,0.9219266331658291,0.9399331658291458,0.9379331658291458,0.9259241206030151,0.0,0.0,0.0,0.0,0.0,0.0,0.0003,0.0,0.0,0.0,4573.166835801476
Samsung_SNH_1011_N_Webcam,1000,7,22548,985.0838037890637,1003.250492744285,0.9941329299999999,0.99613926,0.73399857,0.92176865,0.9958915300000001,0.7051914572864322,0.8059929648241206,0.4977246231155779,0.4988974874371859,0.7935442211055277,0.1229,0.1794,0.2694,0.2542,0.1708,1.0,1.0,0.5089,1.0,1.0,437.9194789573984
Samsung_SNH_1011_N_Webcam,1000,8,14218,948.042469098333,1003.250492744285,0.9975458,0.99903708,0.9945942900000001,0.99520275,0.99860886,0.8766733668341709,0.9516120603015075,0.7769713567839196,0.7832396984924623,0.9300934673366834,0.037,0.0666,0.047,0.05,0.0724,1.0,1.0,1.0,1.0,1.0,552.7767604978494
Samsung_SNH_1011_N_Webcam,1000,9,3796,991.4615599605969,1003.5427636366508,0.994892,0.99684544,0.7213603300000001,0.92227338,0.9963769699999999,0.7433165829145729,0.8414793969849246,0.4977175879396985,0.5014050251256281,0.8179381909547738,0.1175,0.1685,0.3276,0.2414,0.1591,1.0,1.0,1.0,1.0,1.0,466.6024168005448
Samsung_SNH_1011_N_Webcam,1000,10,30372,882.4824019028222,1002.7094375880105,0.9871241900000001,0.93816349,0.71113381,0.86945957,0.93106117,0.5975668341708543,0.7266371859296483,0.4976638190954774,0.49766633165829144,0.7250462311557788,0.0122,0.0048,0.2743,0.1061,0.0045,0.5772,0.4007,0.404,0.4039,0.4007,1527.3360949210721
Samsung_SNH_1011_N_Webcam,1000,11,5618,955.6403840118148,1003.2126270336375,0.9979704,0.99926562,0.99566863,0.99681093,0.99918814,0.8980100502512562,0.9630964824120603,0.782343216080402,0.8397452261306533,0.9592030150753768,0.044,0.0891,0.0413,0.0458,0.0747,1.0,1.0,1.0,1.0,1.0,491.65228705861915
Samsung_SNH_1011_N_Webcam,1000,12,24301,970.6276580403929,1003.5039763153169,0.9963505500000001,0.9988838999999999,0.9959840999999999,0.99642795,0.99871068,0.8166105527638191,0.9439145728643217,0.7986,0.8205085427135679,0.9352100502512564,0.0533,0.0707,0.02,0.0407,0.063,1.0,1.0,1.0,1.0,1.0,475.2779287136962
Samsung_SNH_1011_N_Webcam,1000,13,11172,953.9406843736049,1003.1209288307233,0.99806559,0.9987757899999999,0.99489856,0.9956432199999999,0.99860202,0.9027934673366835,0.9384819095477387,0.7780879396984925,0.7810663316582914,0.9297497487437185,0.013,0.0242,0.0,0.0,0.0226,1.0,1.0,0.0,0.3962,1.0,1054.439396166679
Samsung_SNH_1011_N_Webcam,1000,14,26227,965.9676712352026,1003.0970487142729,0.9942862600000001,0.99573824,0.7612312599999999,0.9304801699999999,0.9958703199999999,0.7128899497487438,0.7858412060301507,0.4976557788944724,0.5249391959798995,0.7924783919597991,0.0626,0.1936,0.1689,0.2587,0.2022,1.0,1.0,0.0022,1.0,1.0,457.5792960001562
SimpleHome_XCS7_1002_WHT_Security_Camera,30,0,18554,16.144987423449336,21.398584779811486,0.99990367,0.99981166,0.97850156,0.99857007,0.99993773,0.9953653266331659,0.9905567839195979,0.5009547738693467,0.9281959798994974,0.9968914572864321,0.0022,0.0142,0.0,0.0002,0.0093,0.9997,1.0,0.0,0.7687,0.9998,544.4613864749039
SimpleHome_XCS7_1002_WHT_Security_Camera,30,1,6689,17.253870176298832,21.844721911418382,0.99404806,0.99928915,0.9399411599999999,0.9862271000000001,0.9988114100000001,0.8725869346733668,0.9661341708542712,0.4975231155778895,0.7485718592964824,0.9437668341708543,0.0507,0.077,0.0347,0.0389,0.0695,1.0,1.0,0.0002,1.0,1.0,337.0568393228039
SimpleHome_XCS7_1002_WHT_Security_Camera,30,2,86,23.106422546993446,31.563163413137346,0.98541304,0.99630023,0.80343098,0.98094918,0.99521664,0.7712185929648241,0.8885829145728643,0.49748743718592964,0.7903437185929647,0.8673658291457287,0.0614,0.0272,0.0057,0.0507,0.0198,0.9962,0.9998,0.0,0.7982,0.988,528.4674069167309
SimpleHome_XCS7_1002_WHT_Security_Camera,30,3,11779,19.729780574669164,25.27123062279884,0.9935610500000001,0.9991597,0.82843146,0.9848339700000001,0.99843387,0.8595572864321608,0.9598286432160805,0.49751959798994977,0.7419542713567839,0.925451256281407,0.1839,0.2281,0.0489,0.2025,0.2547,1.0,1.0,0.0006,1.0,1.0,231.7920130956661
SimpleHome_XCS7_1002_WHT_Security_Camera,30,4,28166,19.47798749055128,23.72622909982264,0.99370454,0.99936568,0.92398794,0.98673403,0.99885311,0.8560869346733668,0.9697703517587939,0.4975562814070352,0.749070351758794,0.9454256281407035,0.0835,0.2006,0.0417,0.0921,0.1251,1.0,1.0,0.0007,1.0,1.0,292.35773215992833
SimpleHome_XCS7_1002_WHT_Security_Camera,30,5,459,18.057320769982304,24.90871241069747,0.99336147,0.99905519,0.76475582,0.9808849,0.99845001,0.8593045226130653,0.9546939698492463,0.4975256281407035,0.7492924623115578,0.9278728643216081,0.2062,0.1973,0.1076,0.2449,0.2737,1.0,1.0,0.0009,1.0,1.0,252.3682230799048
SimpleHome_XCS7_1002_WHT_Security_Camera,30,6,7401,18.787482347284744,26.33072264509839,0.99363141,0.99924962,0.93960049,0.9865448299999999,0.9990875300000001,0.8624020100502513,0.9637201005025126,0.49748743718592964,0.7439984924623115,0.956562311557789,0.0391,0.0844,0.1033,0.0571,0.0716,0.9999,1.0,1.0,1.0,1.0,359.39411174355706
SimpleHome_XCS7_1002_WHT_Security_Camera,30,7,15697,18.1130738052296,24.629242680326016,0.9933833100000001,0.99915652,0.94292966,0.9859289,0.99838823,0.8571422110552764,0.9592130653266331,0.49748743718592964,0.7522592964824121,0.9220452261306533,0.0346,0.0536,0.0363,0.0327,0.0554,0.9999,1.0,0.0005,0.9983,1.0,401.24672772493005
SimpleHome_XCS7_1002_WHT_Security_Camera,30,8,919,15.477064496483681,19.752158461734425,0.9996566499999999,0.99959761,0.78001629,0.9895088799999999,0.99957679,0.983175376884422,0.9798145728643216,0.49750804020100503,0.532570351758794,0.9789381909547739,0.0004,0.0031,0.0002,0.0088,0.0006,0.7808,0.9979,0.0,0.3611,0.7427,786.3528277334162
SimpleHome_XCS7_1002_WHT_Security_Camera,30,9,25751,22.941100055483794,32.452058004090446,0.9943555100000001,0.99928868,0.96676049,0.99201073,0.99955638,0.8689829145728644,0.966324623115578,0.49748743718592964,0.7548075376884422,0.9793422110552764,0.0322,0.0286,0.0001,0.0004,0.0272,1.0,1.0,0.0,0.4944,0.9994,520.9042112456744
SimpleHome_XCS7_1002_WHT_Security_Camera,30,10,27874,19.724196884894294,25.212165697134825,0.99443166,0.99918852,0.9416907699999999,0.9868274899999999,0.9981342299999999,0.8712708542713568,0.9607201005025126,0.4975266331658291,0.7465683417085427,0.9086804020100503,0.042,0.0968,0.0493,0.0601,0.1002,1.0,1.0,0.0005,1.0,1.0,353.5263925120956
SimpleHome_XCS7_1002_WHT_Security_Camera,30,11,22051,19.061875906200658,23.73153328748895,0.99356776,0.99933898,0.9404982000000001,0.9851825899999999,0.9981649,0.8515768844221105,0.9684386934673367,0.49748743718592964,0.7466753768844221,0.910580904522613,0.0384,0.0594,0.0534,0.0483,0.0653,1.0,1.0,0.0005,1.0,1.0,379.72777866558727
SimpleHome_XCS7_1002_WHT_Security_Camera,30,12,8899,18.185107091050714,25.399158220412108,0.99367256,0.9992449,0.86589129,0.9837099699999999,0.9982708699999999,0.8607070351758794,0.9636145728643216,0.49752613065326634,0.7476773869346733,0.9159321608040201,0.1545,0.2112,0.0496,0.2244,0.3,1.0,1.0,0.0002,1.0,1.0,258.5025499918865
SimpleHome_XCS7_1002_WHT_Security_Camera,30,13,8931,19.632890020377225,26.565357346302086,0.9931658099999999,0.99936451,0.9407291600000001,0.986382,0.9990155500000001,0.8420773869346734,0.9698643216080403,0.49750050251256284,0.7547125628140704,0.9527954773869346,0.0817,0.0992,0.0452,0.0885,0.107,1.0,1.0,0.0005,1.0,1.0,275.39506155437886
SimpleHome_XCS7_1002_WHT_Security_Camera,30,14,8156,18.797234965288038,24.907189519204955,0.9937697999999999,0.99925189,0.75196647,0.98206817,0.9985191899999999,0.8633050251256281,0.9637492462311559,0.49752261306532664,0.7423085427135678,0.9277809045226132,0.1376,0.1622,0.1959,0.1602,0.1656,1.0,1.0,0.0365,1.0,1.0,267.0519068760324
SimpleHome_XCS7_1002_WHT_Security_Camera,100,0,2206,40.42154594207282,44.489739107963956,0.99994123,0.9998746500000001,0.9895334299999999,0.99989821,0.99993527,0.9970467336683417,0.9937010050251256,0.5166201005025126,0.9948849246231156,0.9967472361809044,0.0069,0.008,0.0394,0.0342,0.0075,1.0,1.0,1.0,1.0,1.0,443.9703445948705
SimpleHome_XCS7_1002_WHT_Security_Camera,100,1,8149,53.34939500716642,49.86878587557859,0.9876352400000001,0.99907672,0.94181518,0.98026139,0.99858541,0.745956783919598,0.9558603015075378,0.4975291457286432,0.6765482412060302,0.9321904522613065,0.039,0.0797,0.0449,0.0394,0.0797,0.9998,1.0,0.0003,0.9996,1.0,521.121774281091
SimpleHome_XCS7_1002_WHT_Security_Camera,100,2,23385,56.26997641158844,52.95877159200201,0.98981268,0.9991493,0.9412667499999999,0.97611023,0.99771668,0.7679432160804021,0.9595874371859296,0.49748743718592964,0.5332643216080402,0.8942145728643216,0.0562,0.1155,0.1314,0.0944,0.1566,1.0,1.0,1.0,1.0,1.0,345.1038826859172
SimpleHome_XCS7_1002_WHT_Security_Camera,100,3,7148,58.412892967793645,62.49524013447294,0.9906809099999999,0.99898778,0.96878728,0.9857109399999999,0.99902388,0.7714120603015076,0.9510085427135679,0.49748743718592964,0.6647643216080402,0.9529185929648242,0.0381,0.054,0.0253,0.0397,0.0534,0.9999,1.0,0.0002,1.0,1.0,468.66670375329977
SimpleHome_XCS7_1002_WHT_Security_Camera,100,4,1483,75.35681265544373,103.21166784941323,0.31712173,0.9996667300000001,0.37305999,0.48267110999999996,0.95777599,0.4977356783919598,0.9834854271356783,0.6173115577889448,0.6041718592964824,0.8750447236180905,1.0,0.0199,0.0,0.0,0.0,0.9846,0.9998,0.0,0.0,0.0,1843.0875468979073
SimpleHome_XCS7_1002_WHT_Security_Camera,100,5,15071,43.61750203584684,43.56213858463559,0.99972575,0.99946504,0.99664122,0.99979732,0.9997263,0.9862185929648242,0.9731175879396985,0.8312170854271357,0.9898150753768844,0.9862462311557789,0.0053,0.0059,0.0,0.0145,0.0052,1.0,0.9999,0.0,1.0,0.9992,532.9352971400698
SimpleHome_XCS7_1002_WHT_Security_Camera,100,6,21768,60.69521904664164,62.603145231961264,0.9894530600000001,0.99856914,0.9666885199999999,0.98243244,0.9980058399999999,0.7540010050251257,0.9319396984924623,0.49748743718592964,0.553656783919598,0.9025105527638191,0.04,0.0624,0.0273,0.0425,0.0514,0.9999,1.0,0.0002,1.0,1.0,472.52373340753525
SimpleHome_XCS7_1002_WHT_Security_Camera,100,7,13992,41.72703903344098,41.42631696167875,0.99973711,0.9982688399999999,0.99802573,0.99979654,0.99940968,0.9870045226130653,0.9130175879396984,0.9007904522613066,0.9897758793969849,0.9703447236180904,0.0071,0.0258,0.0002,0.0423,0.0238,0.9998,1.0,0.0,1.0,1.0,545.4439991178666
SimpleHome_XCS7_1002_WHT_Security_Camera,100,8,4552,61.52071783585311,64.88773933595822,0.9905214,0.99896504,0.9687454000000001,0.9869209,0.99804521,0.7688934673366834,0.9502286432160805,0.49748743718592964,0.7124572864321608,0.9042246231155779,0.0335,0.051,0.0252,0.025,0.0457,1.0,1.0,0.0002,0.7477,1.0,634.237815527992
SimpleHome_XCS7_1002_WHT_Security_Camera,100,9,15913,57.47157116871166,52.76245426060879,0.98801894,0.9981949,0.94192442,0.97226855,0.99685859,0.7495231155778894,0.9112638190954774,0.4975281407035176,0.5320944723618091,0.8507909547738693,0.0799,0.1489,0.1261,0.1073,0.1302,1.0,1.0,1.0,1.0,1.0,269.67602462790273
SimpleHome_XCS7_1002_WHT_Security_Camera,100,10,190,39.68797783668593,45.263579248250394,0.9998878,0.9999240199999999,0.95501875,0.9997462300000001,0.99996855,0.994361809045226,0.9961819095477387,0.6215050251256281,0.9872477386934673,0.9984195979899497,0.0044,0.0135,0.0002,0.9038,0.4027,1.0,1.0,0.0,1.0,1.0,527.8880995478373
SimpleHome_XCS7_1002_WHT_Security_Camera,100,11,10837,39.363147636386046,38.755754775891916,0.9997119099999999,0.99962757,0.9969127,0.9997026900000001,0.9997160599999999,0.9855231155778894,0.9814482412060301,0.844859296482412,0.9850597989949749,0.9859211055276381,0.0002,0.0021,0.0,0.0002,0.0012,0.69,0.9972,0.0,0.5008,0.9729,1299.4341623529692
SimpleHome_XCS7_1002_WHT_Security_Camera,100,12,28143,57.95984734925277,51.54256292783683,0.9892737000000001,0.99871176,0.9417831,0.97323036,0.9960982,0.7540050251256282,0.9371603015075377,0.49748743718592964,0.5299527638190955,0.8170809045226131,0.0909,0.0881,0.0714,0.0762,0.09,1.0,1.0,1.0,1.0,1.0,259.7147116841856
SimpleHome_XCS7_1002_WHT_Security_Camera,100,13,25831,56.5901772942898,49.905540789355726,0.98785546,0.9991644399999999,0.94149278,0.97939539,0.99826623,0.7454110552763819,0.960188944723618,0.49756633165829145,0.5804618090452262,0.917264824120603,0.0877,0.1614,0.0838,0.1388,0.1316,1.0,1.0,1.0,1.0,1.0,283.1430164313371
SimpleHome_XCS7_1002_WHT_Security_Camera,100,14,14511,41.50560746619662,40.10981722105869,0.99987623,0.9977272500000001,0.9933678300000001,0.99982019,0.9976803,0.9939854271356784,0.8858849246231155,0.6671522613065326,0.9910010050251257,0.883613567839196,0.0,0.0,0.0,0.0,0.0,0.4962,0.498,0.0,0.0,0.4258,1468.6433950530852
SimpleHome_XCS7_1002_WHT_Security_Camera,300,0,23974,163.00004562355102,130.0777077758384,0.98386763,0.9987689500000001,0.9419035800000001,0.96650342,0.99724842,0.7404768844221106,0.9423391959798995,0.49748743718592964,0.4975326633165829,0.8857336683417085,0.0705,0.0987,0.1637,0.1072,0.0918,1.0,1.0,1.0,1.0,1.0,309.02348798490925
SimpleHome_XCS7_1002_WHT_Security_Camera,300,1,22863,170.75834640531596,139.21701442933647,0.98434143,0.99894984,0.9417806499999999,0.96742447,0.9974043300000001,0.7374437185929648,0.9499251256281407,0.4975291457286432,0.4975366834170854,0.8977738693467336,0.0566,0.1428,0.2478,0.1788,0.1424,1.0,1.0,1.0,1.0,1.0,504.8563257738359
SimpleHome_XCS7_1002_WHT_Security_Camera,300,2,21032,173.57510925347535,148.75085349158869,0.9856797500000001,0.99438176,0.96637041,0.9761128899999999,0.9913743399999999,0.7457467336683418,0.8516608040201006,0.49753718592964824,0.5339577889447236,0.7830849246231155,0.055,0.1057,0.1503,0.1339,0.1041,1.0,1.0,1.0,1.0,1.0,412.62625899377514
SimpleHome_XCS7_1002_WHT_Security_Camera,300,3,2019,96.34195579082397,88.99516090777426,0.99963719,0.9995786600000001,0.99011944,0.9994884799999999,0.99987983,0.9818145728643216,0.978827135678392,0.5190743718592965,0.9743557788944723,0.9939613065326633,0.0051,0.0094,0.0383,0.029,0.0091,0.9999,0.9999,1.0,1.0,0.9999,599.8743444681612
SimpleHome_XCS7_1002_WHT_Security_Camera,300,4,4640,162.1190891131912,130.30811965475397,0.98481382,0.9970277299999999,0.9439503600000001,0.9699738099999999,0.99391679,0.7402346733668341,0.8593045226130653,0.49748743718592964,0.5320859296482412,0.7536718592964824,0.0612,0.1239,0.2212,0.1528,0.1293,1.0,1.0,1.0,1.0,1.0,381.23221120166113
SimpleHome_XCS7_1002_WHT_Security_Camera,300,5,7013,166.62860636650473,143.86212633606715,0.9869998099999999,0.9990241900000001,0.9671291799999999,0.9745646,0.99879111,0.7410462311557788,0.9543618090452262,0.49748743718592964,0.49748743718592964,0.9441110552763818,0.0473,0.1096,0.1032,0.0934,0.1078,1.0,1.0,1.0,1.0,1.0,511.00791779550826
SimpleHome_XCS7_1002_WHT_Security_Camera,300,6,16000,118.33911435311336,97.64487789872965,0.99997328,0.99693231,0.99998603,0.9999855,0.99692582,0.9987276381909547,0.845864824120603,0.9992979899497487,0.9992713567839195,0.8455391959798995,0.012,0.0217,0.0564,0.0458,0.0194,0.9999,1.0,1.0,1.0,1.0,668.508954034762
SimpleHome_XCS7_1002_WHT_Security_Camera,300,7,25409,154.9157492389002,129.57212082957855,0.9852734400000001,0.99921052,0.94435198,0.9693596199999999,0.9987071000000001,0.7359698492462312,0.9626507537688442,0.49748743718592964,0.49748743718592964,0.9412728643216081,0.0472,0.1078,0.0684,0.0902,0.1075,1.0,1.0,1.0,1.0,1.0,406.2721634333546
SimpleHome_XCS7_1002_WHT_Security_Camera,300,8,20541,165.6793668271788,144.50871308751994,0.9860099099999999,0.99688133,0.96704848,0.9756301399999999,0.9937928799999999,0.7407537688442211,0.8527994974874371,0.49748743718592964,0.5117472361809046,0.8140090452261306,0.0616,0.1011,0.1083,0.104,0.0869,1.0,1.0,1.0,1.0,1.0,430.5384893872894
SimpleHome_XCS7_1002_WHT_Security_Camera,300,9,1486,216.57680667356553,302.9065908234527,0.37598145,0.9997107399999999,0.38930209,0.43864525000000004,0.9180332800000001,0.5257155778894472,0.9860271356783921,0.6416522613065326,0.6044723618090453,0.8810417085427136,1.0,0.9847,1.0,1.0,1.0,1.0,1.0,1.0,1.0,1.0,310.09878167042945
SimpleHome_XCS7_1002_WHT_Security_Camera,300,10,13485,163.67664940191443,127.1268308671963,0.9844375900000001,0.99782381,0.94258027,0.96702131,0.9951226000000001,0.7420155778894473,0.8952221105527638,0.49748743718592964,0.4975959798994975,0.8013120603015076,0.0792,0.1348,0.2113,0.146,0.1278,1.0,1.0,1.0,1.0,1.0,271.95231740926465
SimpleHome_XCS7_1002_WHT_Security_Camera,300,11,30154,125.86786052195473,116.78083863308237,0.4909427800000001,0.99945909,0.48160448000000006,0.7789367300000001,0.99796563,0.5866236180904523,0.9758135678391959,0.5963361809045227,0.6892170854271357,0.9566472361809046,0.0,0.0307,0.0,0.0,0.0,0.0,0.9986,0.0,0.0,0.0,4706.407741907395
SimpleHome_XCS7_1002_WHT_Security_Camera,300,12,3765,171.34184991905556,157.8629976045336,0.985774,0.99759763,0.96690962,0.97532323,0.9938717199999999,0.7410346733668343,0.8823804020100503,0.49748743718592964,0.5107628140703517,0.8196160804020101,0.0445,0.1204,0.1381,0.1245,0.1216,1.0,1.0,1.0,1.0,1.0,604.8152224319809
SimpleHome_XCS7_1002_WHT_Security_Camera,300,13,24274,170.84030888731408,154.25582620546322,0.98656489,0.9958082199999999,0.9683092299999999,0.97744529,0.99303744,0.7408366834170854,0.8587477386934673,0.4975361809045226,0.5322618090452261,0.7985206030150754,0.0742,0.0918,0.1026,0.092,0.0904,1.0,1.0,1.0,1.0,1.0,387.2243678671138
SimpleHome_XCS7_1002_WHT_Security_Camera,300,14,3069,171.91230880420983,149.61855846337198,0.98599099,0.9950628,0.96661109,0.97595721,0.9918232300000001,0.745408040201005,0.8587507537688442,0.49748743718592964,0.5306597989949748,0.7889653266331659,0.0522,0.104,0.1262,0.1171,0.1154,1.0,1.0,1.0,1.0,1.0,427.9961867971816
SimpleHome_XCS7_1002_WHT_Security_Camera,1000,0,22550,332.6527316554465,303.4580978976648,0.9973440699999999,0.98428549,0.9880065,0.9879276300000001,0.98550873,0.8883909547738693,0.7459879396984924,0.7600643216080403,0.7563206030150754,0.7459045226130654,0.0,0.0,0.0,0.0,0.0,0.4623,0.4863,0.0,0.0,0.1862,7704.033416053647
SimpleHome_XCS7_1002_WHT_Security_Camera,1000,1,23243,320.26701451770333,300.33240805833344,0.9971891100000001,0.98512252,0.98683372,0.9868718400000001,0.98578633,0.8855572864321608,0.7446613065326633,0.7376532663316583,0.7386613065326634,0.7445658291457287,0.0,0.0,0.0,0.0,0.0,0.2987,0.4916,0.0,0.0,0.4773,7929.068370495779
SimpleHome_XCS7_1002_WHT_Security_Camera,1000,2,17121,348.69861710514397,283.87692828804404,0.99742658,0.98883292,0.98107911,0.99106149,0.9898235999999999,0.8880502512562813,0.7448869346733669,0.4975246231155779,0.6001266331658291,0.7339291457286432,0.0001,0.0083,0.0001,0.0087,0.0086,0.4916,0.571,0.0,0.5252,0.562,4386.568507522259
SimpleHome_XCS7_1002_WHT_Security_Camera,1000,3,1876,230.66454407608924,212.9109836216014,0.9997466200000001,0.99954615,0.9998089800000001,0.99980654,0.99981597,0.9889437185929648,0.9775894472361809,0.9904819095477387,0.9903929648241205,0.9911683417085426,0.0,0.0,0.0,0.0,0.0,0.0,0.0,0.0,0.0,0.0,5853.800849791834
SimpleHome_XCS7_1002_WHT_Security_Camera,1000,4,8193,349.9629210226968,281.84034664408864,0.99960135,0.99582361,0.9957422,0.9964950300000001,0.99562536,0.9799939698492462,0.7905809045226131,0.787711055276382,0.8243522613065327,0.7811135678391959,0.0001,0.0282,0.0001,0.0084,0.0194,0.4961,1.0,0.0,0.71,1.0,5032.053464507952
SimpleHome_XCS7_1002_WHT_Security_Camera,1000,5,7545,556.9633647824677,420.5447369547498,0.9814784099999999,0.99427173,0.96511954,0.9723966399999999,0.98933865,0.6619371859296482,0.8396648241206031,0.4975361809045226,0.49753718592964824,0.7551557788944724,0.0667,0.1417,0.1744,0.1712,0.1488,1.0,1.0,1.0,1.0,1.0,510.9370513867678
SimpleHome_XCS7_1002_WHT_Security_Camera,1000,6,18485,319.72398215470463,231.91476080198748,0.99913358,0.99778113,0.99983581,0.9998531300000001,0.99858769,0.9567306532663318,0.8890145728643216,0.9917492462311558,0.9926195979899497,0.9291919597989948,0.0001,0.0,0.0,0.0,0.0,0.0572,0.0,0.116,0.1415,0.0,2544.7057128197957
SimpleHome_XCS7_1002_WHT_Security_Camera,1000,7,14784,236.10674871430444,216.11375912544548,0.9989751400000001,0.99849426,0.99941579,0.99971038,0.99985762,0.9488175879396985,0.924480904522613,0.9706427135678393,0.985446231155779,0.9928603015075377,0.0,0.0,0.0,0.0,0.0,0.0,0.0,0.0,0.0,0.0,7586.013909566636
SimpleHome_XCS7_1002_WHT_Security_Camera,1000,8,1566,225.44250161615096,207.8486337670634,0.97735472,0.9995485399999999,0.99982344,0.99982514,0.99982664,0.7992904522613065,0.9777211055276382,0.991348743718593,0.9914663316582915,0.9917160804020101,0.0,0.0,0.0,0.0,0.0,0.0,0.0,0.0,0.0,0.0,5380.781718554738
SimpleHome_XCS7_1002_WHT_Security_Camera,1000,9,1357,198.5353295046357,193.293961519769,0.86413215,0.99957763,0.99968925,0.9997118300000001,0.99981166,0.7532557788944724,0.9789291457286431,0.9845989949748744,0.9857718592964824,0.9907381909547738,0.0,0.0,0.0,0.0,0.0,0.0,0.5056,0.0,0.0,0.0,7798.247724702592
SimpleHome_XCS7_1002_WHT_Security_Camera,1000,10,13438,297.15250186899027,249.87112382274725,0.99677991,0.9813303,0.98685481,0.98614369,0.98156906,0.8951301507537688,0.8952311557788946,0.8945155778894471,0.8946547738693467,0.8952603015075377,0.0,0.0,0.0,0.0,0.0,0.0,0.0,0.0,0.0,0.0,7112.974787390023
SimpleHome_XCS7_1002_WHT_Security_Camera,1000,11,7317,552.9043354374786,426.81284655111017,0.98155109,0.9943352299999999,0.96644377,0.9721474400000001,0.9893048299999999,0.6531306532663317,0.8421090452261306,0.49748743718592964,0.49748743718592964,0.7614643216080402,0.0668,0.1364,0.1538,0.1526,0.141,1.0,1.0,1.0,1.0,1.0,474.07496316889564
SimpleHome_XCS7_1002_WHT_Security_Camera,1000,12,27378,557.2575169166455,450.00705725980663,0.9842725,0.99515816,0.96826862,0.97505366,0.99028115,0.7120522613065327,0.8482582914572865,0.49748743718592964,0.49748743718592964,0.7608502512562814,0.0531,0.1187,0.1507,0.1442,0.1243,1.0,1.0,1.0,1.0,1.0,567.7473986017454
SimpleHome_XCS7_1002_WHT_Security_Camera,1000,13,1140,195.02130614308234,188.23347253174563,0.7207057800000001,0.9983483,0.9968803199999999,0.9970226700000001,0.99821748,0.682094472361809,0.9483447236180904,0.9065587939698492,0.9137266331658291,0.952826633165829,0.0,0.0006,0.0,0.0,0.0,0.0,0.3871,0.0,0.0,0.0,2922.76154149491
SimpleHome_XCS7_1002_WHT_Security_Camera,1000,14,10096,363.30524703837443,290.45058976853034,0.99976248,0.99991396,0.99972852,0.99977676,0.99992063,0.9880648241206029,0.9956763819095478,0.9863577889447236,0.9887819095477386,0.9960115577889447,0.012,0.0009,0.0396,0.0355,0.0007,1.0,0.9979,1.0,1.0,0.9978,695.2590051125485
SimpleHome_XCS7_1003_WHT_Security_Camera,30,0,465,22.429253827620485,32.61061966541074,0.9999985114567653,0.9999952667670179,0.9908046830573675,0.9999994647934437,0.9999947984612811,0.999937141805364,0.9997621490963766,0.5478694862504528,0.9999731051981768,0.9997386161447814,0.0016725204883759827,0.0015052684395383843,0.0,0.00016725204883759825,0.0015052684395383843,0.9999,1.0,0.0,0.9995,0.9999,446.512787998349
SimpleHome_XCS7_1003_WHT_Security_Camera,30,1,9721,28.835180679137007,33.83029286366089,1.0,0.9999989463120924,0.9517527680214082,0.9999997825723365,0.9999998494731561,1.0,0.9999470508589108,0.7455773515511998,0.9999890739867593,0.9999924358369873,0.009867870881418297,0.08312426827228633,0.15253386853988962,0.11807994647934437,0.09951496905837097,1.0,1.0,1.0,1.0,1.0,219.2464776344558
SimpleHome_XCS7_1003_WHT_Security_Camera,30,2,10073,17.16207508986062,21.491876194830628,0.9999994815186486,0.9999973908680382,0.9999997992975413,0.9999998494731561,0.9999992306405754,0.9999739456607339,0.9998688878411123,0.9999899144493163,0.9999924358369873,0.9999613387223792,0.0015052684395383843,0.0015052684395383843,0.0,0.0,0.0015052684395383843,0.9999,1.0,0.0,0.9988,0.9999,528.0914702392091
SimpleHome_XCS7_1003_WHT_Security_Camera,30,3,10326,28.952898111778268,33.86479090282768,1.0,0.9999996487706975,0.9807215587890953,0.9999995818698779,0.9999999832747951,1.0,0.9999823502863036,0.7677659664773104,0.9999789884360757,0.999999159537443,0.012376651613982272,0.09834420471650777,0.04632881752801472,0.053186151530356246,0.09349389530021743,1.0,1.0,0.6927,1.0,1.0,220.89452378353727
SimpleHome_XCS7_1003_WHT_Security_Camera,30,4,991,28.99062353722167,33.90837781603998,1.0,0.9999997491219268,0.9509870045158053,0.9999999832747951,0.9999998494731561,1.0,0.9999873930616454,0.7613239890706249,0.999999159537443,0.9999924358369873,0.015721692590734238,0.4328483023917043,0.8446228466298712,0.4907175112895133,0.4520822880080281,1.0,1.0,1.0,1.0,1.0,214.64249440917268
SimpleHome_XCS7_1003_WHT_Security_Camera,30,5,8186,27.344438319726716,33.7058437516268,1.0,0.9999990466633216,0.9207037798963038,0.9999982271282823,0.9999990132129118,1.0,0.9999520936342526,0.511300800708678,0.9999109109689608,0.9999504127091386,0.0036795450744271617,0.029938116741930088,0.010202374979093494,0.020906506104699782,0.03311590566984446,1.0,1.0,0.0748,1.0,1.0,277.65788086030227
SimpleHome_XCS7_1003_WHT_Security_Camera,30,6,2867,29.0,33.90837781603998,1.0,0.9999998996487707,0.9454705970898144,0.9999996153202877,1.0,1.0,0.9999949572246583,0.7501310617311343,0.9999806693611896,1.0,0.011707643418631878,0.027094831911690917,0.11322963706305403,0.04331828064893795,0.028265596253554105,1.0,1.0,0.6713,1.0,1.0,225.1377164981844
SimpleHome_XCS7_1003_WHT_Security_Camera,30,7,8587,28.988228388993388,33.90837781603998,1.0,0.999997273791604,0.9680244522495401,0.9999997491219267,0.9999997825723366,1.0,0.9998630046032135,0.758500270208712,0.9999873930616454,0.9999890739867594,0.016892456932597423,0.15303562468640242,0.21040307743769862,0.9314266599765847,0.8096671684228132,1.0,1.0,1.0,1.0,1.0,205.82109236304666
SimpleHome_XCS7_1003_WHT_Security_Camera,30,8,9261,29.0,33.90837781603998,1.0,0.9999950827897642,0.9502915370463287,1.0,0.9999994815186486,1.0,0.99975290400825,0.7476047405450064,1.0,0.9999739456607337,0.0028432848302391706,0.0021742766348887776,0.0859675531025255,0.006690081953503931,0.002508780732563974,1.0,1.0,0.5576,1.0,1.0,268.37575685068646
SimpleHome_XCS7_1003_WHT_Security_Camera,30,9,11224,29.0,33.90837781603998,1.0,0.9999995985950828,0.9837126275296872,0.9999996320454926,0.9999999832747951,1.0,0.9999798288986327,0.7728100781546132,0.9999815098237466,0.999999159537443,0.013212911858170263,0.42415119585214917,0.035290182304733235,0.47633383508947985,0.4537548084964041,1.0,1.0,0.679,1.0,1.0,216.51446054174124
SimpleHome_XCS7_1003_WHT_Security_Camera,30,10,744,28.542952621381513,33.83029286366089,1.0,0.9999999330991804,0.9886920555276802,1.0,1.0,1.0,0.999996638149772,0.7659085358217749,1.0,1.0,0.009031610637230306,0.024586051179126944,0.022579026593075764,0.01739421307911022,0.027596588058203714,1.0,1.0,0.5627,1.0,1.0,212.80055237958825
SimpleHome_XCS7_1003_WHT_Security_Camera,30,11,1079,29.0,33.90837781603998,1.0,0.9999996487706975,0.9489142331493561,1.0,1.0,1.0,0.9999823502863036,0.7480931837646168,1.0,1.0,0.015052684395383844,0.1053687907676869,0.11373139320956682,0.0674025756815521,0.09115236661649105,1.0,1.0,0.6747,1.0,1.0,218.07929109463595
SimpleHome_XCS7_1003_WHT_Security_Camera,30,12,1546,29.0,33.90837781603998,1.0,0.9999944974075933,0.9626292691085465,0.9999999498243853,0.9999966716842281,1.0,0.999723487818756,0.7645620643777509,0.9999974786123291,0.9998327479511624,0.007024586051179127,0.46629871215922397,0.10336176618163573,0.49606957685231645,0.48553269777554775,1.0,1.0,1.0,1.0,1.0,229.28533769110362
SimpleHome_XCS7_1003_WHT_Security_Camera,30,13,5732,28.985307930028075,33.90837781603998,1.0,0.9999973239672186,0.9524250041813012,1.0,0.9999993477170096,1.0,0.9998655259908844,0.7516185207690904,1.0,0.9999672219602781,0.004683057367452751,0.007359090148854323,0.20755979260745944,0.021408262251212576,0.010202374979093494,1.0,1.0,1.0,1.0,1.0,221.886583428196
SimpleHome_XCS7_1003_WHT_Security_Camera,30,14,9249,29.0,33.90837781603998,1.0,0.9999973741428333,0.9513073256397392,1.0,0.9999998494731561,1.0,0.9998680473785553,0.7516983226888752,1.0,0.9999924358369873,0.0035122930255895636,0.05084462284662987,0.15872219434688076,0.017895969225623014,0.04950660645592909,1.0,1.0,1.0,1.0,1.0,255.867707907948
SimpleHome_XCS7_1003_WHT_Security_Camera,100,0,6820,98.07727521036554,103.81458508804677,0.9999999832747951,0.9999991971901656,0.9367053687907677,0.9999346044489045,0.9999996822211072,0.999999159537443,0.9999596577972654,0.5223050526087537,0.9967137914022361,0.9999840312114174,0.02609131961866533,0.08396052851647433,0.14032446897474493,0.08195350393042315,0.09098511456765346,1.0,1.0,1.0,1.0,1.0,165.14621709273248
SimpleHome_XCS7_1003_WHT_Security_Camera,100,1,11820,97.0307726636717,103.78423843936045,1.0,0.9999998160227463,0.9488962702793109,0.999954540893126,1.0,1.0,0.9999907549118733,0.7448692534423245,0.9977156227701478,1.0,0.01538718849305904,0.049004850309416294,0.13681217594915537,0.08178625188158554,0.06405753470480013,1.0,1.0,1.0,1.0,1.0,155.32498441298847
SimpleHome_XCS7_1003_WHT_Security_Camera,100,2,2941,98.95495775515906,103.90837781603997,1.0,0.9999989797625021,0.9455764509115236,0.9999538217093159,1.0,1.0,0.9999487317840247,0.752006948944421,0.9976794828801979,1.0,0.031443385181468476,0.19116909182137481,0.20973406924234822,0.26241846462619167,0.21742766348887774,1.0,1.0,1.0,1.0,1.0,143.55680350371537
SimpleHome_XCS7_1003_WHT_Security_Camera,100,3,2862,98.95652412087642,103.90837781603997,1.0,0.9999997323967219,0.9448863020572003,0.9999552266265261,1.0,1.0,0.9999865525990884,0.7484618442606072,0.9977500817349836,1.0,0.029436360595417294,0.17143335005853821,0.21508613480515137,0.26342197691921726,0.20053520655628032,1.0,1.0,1.0,1.0,1.0,160.1224946996291
SimpleHome_XCS7_1003_WHT_Security_Camera,100,4,9332,94.57667925305014,103.46099561637593,0.9999999832747951,0.9999996153202877,0.9951344539220606,0.9999240508446229,0.9999994982438535,0.999999159537443,0.9999806693611897,0.7741806036370178,0.9961834595287862,0.9999747861232908,0.011373139320956682,0.008529854490717512,0.00016725204883759825,0.005853821709315939,0.006355577855828734,1.0,1.0,0.5442,1.0,1.0,190.0097950760684
SimpleHome_XCS7_1003_WHT_Security_Camera,100,5,3024,90.18755115331884,103.09022893698157,1.0,0.9999999665495902,0.9985018397725373,0.9999492222779729,0.9999999163739756,1.0,0.999998319074886,0.9247155664591564,0.9974483556770304,0.9999957976872151,0.005686569660478341,0.004515805318615153,0.0,0.0030105368790767687,0.0035122930255895636,1.0,1.0,0.0008,1.0,1.0,259.8437941891483
SimpleHome_XCS7_1003_WHT_Security_Camera,100,6,2141,96.38750958112382,103.47086853178045,1.0,0.9999997658471316,0.9935019233985617,0.9999872888442883,0.9999998160227462,1.0,0.9999882335242024,0.6864449442395116,0.9993612484567005,0.9999907549118733,0.006355577855828734,0.000669008195350393,0.0030105368790767687,0.005686569660478341,0.000669008195350393,1.0,1.0,0.4752,1.0,1.0,202.46320097207317
SimpleHome_XCS7_1003_WHT_Security_Camera,100,7,11833,88.10930560194254,103.12045714079812,0.9998650610469978,0.9996627696939288,0.9362973406924235,0.9978691921726042,0.9997294196353905,0.9932191480903431,0.9830537534637563,0.7417783095104222,0.8929479812509613,0.9864029967532932,0.00016725204883759825,0.0,0.03896972737916039,0.00016725204883759825,0.0,0.7987,0.6272,0.5591,0.5293,0.5618,840.4483187053231
SimpleHome_XCS7_1003_WHT_Security_Camera,100,8,8222,93.6102688890602,103.52534177104232,0.9999999832747951,0.999999147014551,0.9270672185984278,0.9999438367620003,0.9999998327479512,0.999999159537443,0.9999571364095945,0.5121563075454207,0.9971777267336852,0.9999915953744303,0.009198862686067904,0.9670513463789931,0.9687238668673691,0.9688911189162067,0.9759157049673859,1.0,1.0,1.0,1.0,1.0,218.99386078255662
SimpleHome_XCS7_1003_WHT_Security_Camera,100,9,9614,97.19193756437333,103.78310270287838,1.0,0.9999999832747951,0.9641040307743769,0.9999363773206221,1.0,1.0,0.999999159537443,0.7587638560758299,0.9968028804332753,1.0,0.017895969225623014,0.03746445893962201,0.09750794447231978,0.04867034621174109,0.041980264258237164,1.0,1.0,1.0,1.0,1.0,153.45515879313285
SimpleHome_XCS7_1003_WHT_Security_Camera,100,10,1503,97.41501163421455,103.78646283001676,1.0,0.9999960863020573,0.9557803813346714,0.9999520655628031,0.9999978591737749,1.0,0.9998033317616684,0.5590904766347207,0.9975912343117157,0.9998924207927076,0.014049172102358254,0.4134470647265429,0.00869710653955511,0.05820371299548419,0.36862351563806656,1.0,1.0,0.2338,1.0,1.0,190.72682398592568
SimpleHome_XCS7_1003_WHT_Security_Camera,100,11,8940,92.52427877836492,103.52534177104232,1.0,0.9999982271282823,0.9284158220438201,0.9999493895300218,0.9999999832747951,1.0,0.9999109109689609,0.5116524754563921,0.9974567603026001,0.999999159537443,0.005853821709315939,0.013547415955845458,0.007526342197691922,0.008362602441879913,0.013045659809332665,1.0,1.0,0.0341,1.0,1.0,226.54835543544954
SimpleHome_XCS7_1003_WHT_Security_Camera,100,12,9937,98.56800916782099,103.85147298610681,1.0,0.9999998494731561,0.9216281819702292,0.9999513965546077,1.0,1.0,0.9999924358369873,0.5121491888275631,0.9975576158094368,1.0,0.03361766181635725,0.1717678541562134,0.047834085967553105,0.1430005017561465,0.17611640742599097,1.0,1.0,0.237,1.0,1.0,140.93067068745148
SimpleHome_XCS7_1003_WHT_Security_Camera,100,13,2154,96.49005308337618,103.57004472968848,1.0,0.9999998160227462,0.993492222779729,0.9999850476668339,0.999999849473156,1.0,0.9999907549118733,0.6860014405528226,0.9992486264740663,0.9999924358369872,0.005853821709315939,0.000669008195350393,0.0,0.005686569660478341,0.0008362602441879914,1.0,1.0,0.0724,1.0,1.0,223.2264504465555
SimpleHome_XCS7_1003_WHT_Security_Camera,100,14,7276,90.07486235804134,103.23105351566304,0.9999663823381836,0.9999972403411942,0.9953217093159391,0.9997757986285333,0.9999945977588226,0.9983106702604845,0.9998613236780995,0.766938758014861,0.9887627466652547,0.9997285305940977,0.017561465127947817,0.020572002007024585,0.0,0.01639070078608463,0.013212911858170263,1.0,1.0,0.0762,1.0,1.0,232.63562706559128
SimpleHome_XCS7_1003_WHT_Security_Camera,300,0,11411,284.13922331490295,303.5172233263972,1.0,0.9999998494731561,0.967289496571333,0.9998950493393544,1.0,1.0,0.9999924358369873,0.5316885144908352,0.9947260974549953,1.0,0.010536879076768691,0.012878407760495066,0.03696270279310922,0.038133467134972406,0.015219936444221442,1.0,1.0,0.4976,1.0,1.0,242.4328085305449
SimpleHome_XCS7_1003_WHT_Security_Camera,300,1,10863,280.59739726196193,303.69938197772467,0.9999666332162569,1.0,0.9192304733232982,0.999422863355076,0.9999998829235658,0.9983232771988391,1.0,0.511562545962796,0.971108729800533,0.9999941167621011,0.04114400401404917,0.1262752968723867,0.211072085633049,0.115738417795618,0.13564141160729218,1.0,1.0,1.0,1.0,1.0,114.41184065762502
SimpleHome_XCS7_1003_WHT_Security_Camera,300,2,1325,278.9436791567647,303.5172233263972,0.9999999832747951,0.9999983442047166,0.9866404582706138,0.9999146512794781,0.9999997825723366,0.999999159537443,0.9999167942068596,0.5590581692540306,0.9957111195717676,0.9999890739867594,0.01839772537213581,0.33868539889613647,0.013547415955845458,0.012376651613982272,0.3401906673356749,1.0,1.0,0.4919,1.0,1.0,214.1294106143125
SimpleHome_XCS7_1003_WHT_Security_Camera,300,3,3959,270.91513704403275,303.04988161789,0.9999664325137982,0.9999991637397558,0.9981014550928249,0.999923314935608,0.9999978257233652,0.9983131916481556,0.9999579768721514,0.9045957333077832,0.9961464791762795,0.9998907398675936,0.0068573340023415285,0.007860846295367119,0.000669008195350393,0.0010035122930255895,0.0030105368790767687,1.0,1.0,0.0174,1.0,1.0,251.78586907221813
SimpleHome_XCS7_1003_WHT_Security_Camera,300,4,4776,239.70109004446041,302.930517195729,0.9999664826894129,0.9999990299381167,0.9992076768690416,0.9999967051346379,0.9999997825723365,0.9983157130358264,0.9999512531716956,0.9601847672885249,0.9998344288762764,0.9999890739867594,0.0035122930255895636,0.01722696103027262,0.0,0.005184813513965546,0.012376651613982272,1.0,1.0,0.0007,1.0,1.0,493.23697849384456
SimpleHome_XCS7_1003_WHT_Security_Camera,300,5,3290,294.0096144844384,303.7831027028784,0.9999999832747951,0.999998712159224,0.9687498578357585,0.9998851647432682,0.9999996654959024,0.999999159537443,0.9999352843831131,0.5605479815871464,0.9942293840838243,0.9999831907488606,0.04415454089312594,0.446730222445225,0.015554440541896638,0.34872052182639235,0.4305067737079779,1.0,1.0,0.498,1.0,1.0,106.56193105973931
SimpleHome_XCS7_1003_WHT_Security_Camera,300,6,6364,102.17386319869772,72.60209853591297,0.9999992473657803,0.999999715671517,0.9999966549590232,0.9999947817360763,0.9999950660645593,0.9999621791849362,0.9999857121365314,0.9998319074886055,0.9997377756822245,0.9997520635456929,0.0,0.0,0.0,0.0,0.0,0.0,0.4921,0.0,0.0,0.0013,7299.912243728477
SimpleHome_XCS7_1003_WHT_Security_Camera,300,7,1157,265.05098793959024,303.0902190449241,0.9999660645592908,0.9999970730891453,0.9978378825890617,0.9998839605285165,0.9999942298043152,0.9982947014719021,0.9998529190525298,0.8913508838724481,0.9942564974059123,0.9997100404178443,0.022244522495400567,0.010871383174443887,0.0,0.007359090148854323,0.0097006188325807,1.0,1.0,0.0008,0.9985,1.0,271.4750116212954
SimpleHome_XCS7_1003_WHT_Security_Camera,300,8,12191,277.3968355569479,303.3163254736493,0.9999677872553939,0.9999990801137314,0.9876255895634721,0.9997840608797458,0.9999996487706975,0.9983812691152703,0.9999537745593665,0.5605962997795467,0.9891487879269234,0.9999823502863036,0.010704131125606288,0.8546579695601271,0.01739421307911022,0.6394045827061382,0.9550091988626861,1.0,1.0,1.0,1.0,1.0,241.96353625476067
SimpleHome_XCS7_1003_WHT_Security_Camera,300,9,8129,265.103131666934,302.85084309910746,0.9999663990633885,0.9999992975413948,0.9985311423314935,0.9999255561130623,0.9999978926241846,0.9983115107230416,0.9999647005726071,0.926188056858973,0.9962591011589139,0.9998941017178213,0.0055193176116407425,0.005352065562803144,0.0,0.0010035122930255895,0.0023415286837263757,1.0,1.0,0.001,1.0,1.0,286.9036993883263
SimpleHome_XCS7_1003_WHT_Security_Camera,300,10,10083,151.19534821715857,123.97327242907458,0.9999998494731561,0.999656698444556,0.9991358588392708,0.9995682890115404,0.9995486703462118,0.9999924358369873,0.9827486655555752,0.9565758210688835,0.9783059804794166,0.9773201179000875,0.0,0.0,0.0,0.0,0.0,0.0576,0.4926,0.0,0.0,0.4288,3668.4005439256816
SimpleHome_XCS7_1003_WHT_Security_Camera,300,11,10703,278.1118816489006,303.69938197772467,0.9999659642080615,0.9999998494731561,0.9308945810336176,0.9996699615320287,0.9999999498243853,0.9982896586965602,0.9999924358369873,0.5107989437066583,0.9834151523632546,0.9999974786123291,0.039136979427997994,0.08998160227462787,0.11272788091654123,0.07392540558621843,0.08847633383508947,1.0,1.0,1.0,1.0,1.0,126.96075861119695
SimpleHome_XCS7_1003_WHT_Security_Camera,300,12,5776,114.10502576531597,94.03097969097729,0.9999999832747951,0.9947702625857167,0.9978481016892456,0.9978482187656799,0.9938434688074929,0.999999159537443,0.9005494019688676,0.9005300713300572,0.900535954567956,0.9005485615063106,0.0,0.0,0.0,0.0,0.0,0.0,0.0,0.0,0.0,0.0,3881.8042308653644
SimpleHome_XCS7_1003_WHT_Security_Camera,300,13,4252,243.52805826997803,303.2504978971069,0.9999662318113397,0.999999565144673,0.9625324636226794,0.9997010536879077,0.9999998327479512,0.9983031060974719,0.9999781479735188,0.5594803083825214,0.9849775722566672,0.9999915953744303,0.005352065562803144,0.013380163907007862,0.0021742766348887776,0.008362602441879913,0.013881920053520656,1.0,1.0,0.028,1.0,1.0,365.6850736622113
SimpleHome_XCS7_1003_WHT_Security_Camera,300,14,6718,283.0995173496353,303.4692153105655,0.9999677203545744,1.0,0.9589153871884931,0.999773674527513,1.0,0.9983779072650424,1.0,0.5306411972893401,0.9886268606790434,1.0,0.03662819869543402,0.0665663154373641,0.060043485532697775,0.05519317611640743,0.061381501923398564,1.0,1.0,0.498,1.0,1.0,112.55526171525345
SimpleHome_XCS7_1003_WHT_Security_Camera,1000,0,9586,494.9930639558984,396.09147502236516,1.0,0.9996227462786419,0.9990658638568322,0.9994683726375648,0.999484027429336,1.0,0.9810425265649203,0.953058485267952,0.9732850571640608,0.9740717301173875,0.0,0.0,0.0005017561465127947,0.0,0.0,0.9999,0.6736,0.6705,0.6821,0.664,1739.2602665198792
SimpleHome_XCS7_1003_WHT_Security_Camera,1000,1,8764,865.9886683415449,1002.8304078009014,0.999952517143335,0.9990551095500919,0.9954225121257736,0.9970658471316274,0.9984258906171601,0.997613926800754,0.9525180678438185,0.8138018155672155,0.8772542172309952,0.9208990259879428,0.006690081953503931,0.005352065562803144,0.000669008195350393,0.0021742766348887776,0.0033450409767519654,1.0,1.0,0.0165,0.7769,0.793,517.5153721526252
SimpleHome_XCS7_1003_WHT_Security_Camera,1000,2,4761,835.6653855378778,1002.9305171957291,0.9999663656129788,0.9999994647934437,0.9991643251379829,0.9999402742933601,0.9999992139153705,0.9983098297979276,0.9999731051981768,0.9580062883408513,0.9969987082090499,0.9999604982598223,0.005686569660478341,0.00384679712326476,0.0,0.001338016390700786,0.0023415286837263757,1.0,1.0,0.0011,1.0,1.0,466.91598409471237
SimpleHome_XCS7_1003_WHT_Security_Camera,1000,3,10118,845.0839910268654,1002.8131600174572,0.9999473992306406,0.9991690750961699,0.9957587723699616,0.9971991470145509,0.9986719016557952,0.9973567452583203,0.9582449797070316,0.807438127247712,0.8680287539049991,0.9332613897384565,0.004348553269777555,0.000669008195350393,0.000669008195350393,0.0008362602441879914,0.0010035122930255895,1.0,0.7988,0.0212,0.5027,0.7983,927.1761994325144
SimpleHome_XCS7_1003_WHT_Security_Camera,1000,4,8062,497.1291947104177,418.5053156046415,1.0,0.9993639404582706,0.9994668004683057,0.9993630874728215,0.999155694932263,1.0,0.9680372089583222,0.9732060536837054,0.9679943453679166,0.9575726096614533,0.0,0.000669008195350393,0.0,0.000669008195350393,0.0005017561465127947,1.0,0.7946,0.003,0.7947,0.7946,1137.597280575705
SimpleHome_XCS7_1003_WHT_Security_Camera,1000,5,8987,884.6509523069224,1003.1204571407982,0.9999658304064225,0.9999963037297207,0.998081451747784,0.9997599598595084,0.9999902993811675,0.9982829349961044,0.999814257774909,0.9035905400896438,0.9879376813823255,0.9995125317169558,0.009031610637230306,0.0041813012209399565,0.0008362602441879914,0.0030105368790767687,0.0030105368790767687,1.0,1.0,0.0291,1.0,1.0,344.4710019326379
SimpleHome_XCS7_1003_WHT_Security_Camera,1000,6,2712,880.1045480326612,1002.8508430991075,0.9999662652617495,0.9999996654959024,0.9974260076935942,0.9993347549757484,0.9999960194012376,0.9983047870225856,0.9999831907488606,0.8706536529444344,0.9665706017964046,0.9997999699114404,0.03278140157216926,0.025422311423314935,0.0008362602441879914,0.004515805318615153,0.02023749790934939,1.0,1.0,0.0278,1.0,1.0,190.95720837366602
SimpleHome_XCS7_1003_WHT_Security_Camera,1000,7,414,552.6525117992213,419.6819936511775,0.9999998494731561,0.9999397390868038,0.99989568489714,0.99989640408095,0.999973373473825,0.9999924358369873,0.9969718134072267,0.9947580350321603,0.9947941749221101,0.9986619836092991,0.0,0.0,0.0,0.0,0.0,0.3881,0.6188,0.0,0.1843,0.4985,8605.930586488139
SimpleHome_XCS7_1003_WHT_Security_Camera,1000,8,10638,493.2971038810095,387.7645036385425,1.0,0.9999986118079947,0.9999992975413948,0.9999510620505101,0.9999959023248035,1.0,0.9999302416077712,0.9999647005726071,0.9975408065582974,0.9997940866735416,0.0,0.0,0.0,0.0,0.0,0.0002,0.4896,0.0,0.0,0.474,11188.808366676347
SimpleHome_XCS7_1003_WHT_Security_Camera,1000,9,3114,870.8793888582602,1003.0498816178899,0.9999648101689246,0.9999977420973407,0.9981022411774544,0.9998029770864693,0.9999934771700953,0.9982316667801292,0.9998865375548086,0.904635235047961,0.9900993510788598,0.9996722196027806,0.006188325806991136,0.0041813012209399565,0.0021742766348887776,0.006021073758153537,0.0021742766348887776,1.0,1.0,1.0,1.0,1.0,636.2432756166696
SimpleHome_XCS7_1003_WHT_Security_Camera,1000,10,571,761.7795632721268,1002.3162335795615,0.9999652617494564,0.9999974912192674,0.9991743602609131,0.9997717678541561,0.9999935607961198,0.9982543592691673,0.9998739306164541,0.958510565875035,0.9885310479475484,0.9996764219155654,0.002676032781401572,0.0010035122930255895,0.0,0.000669008195350393,0.0003345040976751965,1.0,1.0,0.0006,0.7945,1.0,1100.1861263317237
SimpleHome_XCS7_1003_WHT_Security_Camera,1000,11,1813,881.591825890141,1003.0498816178899,0.9999652115738418,0.9999985281819702,0.9985129118581703,0.9998380498411106,0.9999944305067737,0.9982518378814964,0.9999260392949864,0.9252719526718726,0.9918618010608319,0.999720125968528,0.008529854490717512,0.0036795450744271617,0.0005017561465127947,0.002007024586051179,0.002007024586051179,1.0,1.0,0.0015,1.0,1.0,327.58918413075475
SimpleHome_XCS7_1003_WHT_Security_Camera,1000,12,5317,243.03671742606326,205.52745085450573,0.9999997992975413,0.9989128616825557,0.9988430339521659,0.9988430005017562,0.9988449406255226,0.9999899144493163,0.9453699337967643,0.9418610026214027,0.9418593216962887,0.9419568153528977,0.0,0.0,0.0,0.0,0.0,0.0,0.0,0.0,0.0,0.0,25023.304762928103
SimpleHome_XCS7_1003_WHT_Security_Camera,1000,13,5118,445.7002820284589,262.0027973390284,1.0,0.9984595584545911,0.9985477170095333,0.9985579193845124,0.9980006857334003,1.0,0.922590877115129,0.9270209552529329,0.9275336374126865,0.9015241704424448,0.0,0.0,0.0,0.0,0.0,0.0,0.0,0.0,0.0,0.0,12380.871106848104
SimpleHome_XCS7_1003_WHT_Security_Camera,1000,14,5958,233.34140787093736,194.08284822310446,0.9999991804649607,0.9975125940792775,0.9974312594079278,0.9974357919384512,0.9971349055025924,0.9999588173347084,0.8954980370996982,0.893089271411414,0.8933170367643537,0.8933027489008851,0.0,0.0,0.0,0.0,0.0,0.0,0.0,0.0,0.0,0.0,20879.429602763696
