device,support_n,replicate,offset,method,auroc,spauc01,fpr,tpr,mean_local_corr_weight,median_ess
Danmini_Doorbell,30,0,32265,local_oas,0.97397964,0.5113768844221106,0.008,0.056,0.7855845939472712,29.0
Danmini_Doorbell,30,0,32265,peer_scale_local_center,0.9992862,0.9641306532663317,0.054,1.0,0.7855845939472712,29.0
Danmini_Doorbell,30,0,32265,shared_marginals,0.9992682399999999,0.9632281407035176,0.0586,1.0,0.7855845939472712,29.0
Danmini_Doorbell,30,0,32265,block_local_corr,0.99285948,0.7497708542713568,0.0906,1.0,0.7855845939472712,29.0
Danmini_Doorbell,30,0,32265,block_peer_corr,0.99844732,0.921975879396985,0.0618,1.0,0.7855845939472712,29.0
Danmini_Doorbell,30,0,32265,block_reliability,0.99756196,0.8774954773869348,0.0632,1.0,0.7855845939472712,29.0
Danmini_Doorbell,30,1,19856,local_oas,0.9683141999999999,0.5062150753768844,0.03,0.4672,0.782069587857334,29.0
Danmini_Doorbell,30,1,19856,peer_scale_local_center,0.9992646000000001,0.9630452261306532,0.9734,1.0,0.782069587857334,29.0
Danmini_Doorbell,30,1,19856,shared_marginals,0.99930252,0.9649507537688442,0.9702,1.0,0.782069587857334,29.0
Danmini_Doorbell,30,1,19856,block_local_corr,0.9950621199999999,0.7524060301507538,0.6758,1.0,0.782069587857334,29.0
Danmini_Doorbell,30,1,19856,block_peer_corr,0.99760516,0.8796562814070352,0.3714,1.0,0.782069587857334,29.0
Danmini_Doorbell,30,1,19856,block_reliability,0.99687264,0.8428562814070353,0.259,1.0,0.782069587857334,29.0
Danmini_Doorbell,30,2,21601,local_oas,0.95014808,0.52841608040201,0.0278,0.4524,0.7807412874220908,29.0
Danmini_Doorbell,30,2,21601,peer_scale_local_center,0.9996452,0.9821708542713568,0.2338,1.0,0.7807412874220908,29.0
Danmini_Doorbell,30,2,21601,shared_marginals,0.99966584,0.983208040201005,0.2746,1.0,0.7807412874220908,29.0
Danmini_Doorbell,30,2,21601,block_local_corr,0.99430396,0.7878211055276383,0.1006,1.0,0.7807412874220908,29.0
Danmini_Doorbell,30,2,21601,block_peer_corr,0.99831272,0.9152120603015075,0.105,1.0,0.7807412874220908,29.0
Danmini_Doorbell,30,2,21601,block_reliability,0.9975608,0.8774633165829145,0.0858,1.0,0.7807412874220908,29.0
Danmini_Doorbell,30,3,28875,local_oas,0.95193948,0.523678391959799,0.0328,0.4838,0.7764774174238118,29.0
Danmini_Doorbell,30,3,28875,peer_scale_local_center,0.9996914,0.9844924623115577,0.2388,1.0,0.7764774174238118,29.0
Danmini_Doorbell,30,3,28875,shared_marginals,0.99960872,0.980337688442211,0.2796,1.0,0.7764774174238118,29.0
Danmini_Doorbell,30,3,28875,block_local_corr,0.9883038799999999,0.7651155778894472,0.087,1.0,0.7764774174238118,29.0
Danmini_Doorbell,30,3,28875,block_peer_corr,0.99877076,0.9382291457286432,0.0686,1.0,0.7764774174238118,29.0
Danmini_Doorbell,30,3,28875,block_reliability,0.9978960800000001,0.8943035175879398,0.0614,1.0,0.7764774174238118,29.0
Danmini_Doorbell,30,4,7129,local_oas,0.9892856800000001,0.49783517587939696,0.0006,0.0004,0.773296146435437,29.0
Danmini_Doorbell,30,4,7129,peer_scale_local_center,0.9999988399999999,0.9999417085427136,0.017,1.0,0.773296146435437,29.0
Danmini_Doorbell,30,4,7129,shared_marginals,0.9998340800000001,0.991662311557789,0.0306,1.0,0.773296146435437,29.0
Danmini_Doorbell,30,4,7129,block_local_corr,0.9802027600000001,0.7466070351758793,0.106,1.0,0.773296146435437,29.0
Danmini_Doorbell,30,4,7129,block_peer_corr,0.9979966,0.8993266331658292,0.066,1.0,0.773296146435437,29.0
Danmini_Doorbell,30,4,7129,block_reliability,0.9919172,0.7865708542713568,0.0894,1.0,0.773296146435437,29.0
Danmini_Doorbell,30,5,11580,local_oas,0.98548228,0.49779497487437185,0.009,0.0008,0.7783476959721981,29.0
Danmini_Doorbell,30,5,11580,peer_scale_local_center,0.99915444,0.9575095477386935,0.1346,1.0,0.7783476959721981,29.0
Danmini_Doorbell,30,5,11580,shared_marginals,0.99911292,0.9554231155778894,0.1604,1.0,0.7783476959721981,29.0
Danmini_Doorbell,30,5,11580,block_local_corr,0.9916362400000001,0.7659155778894473,0.103,1.0,0.7783476959721981,29.0
Danmini_Doorbell,30,5,11580,block_peer_corr,0.99788472,0.8937045226130653,0.0646,1.0,0.7783476959721981,29.0
Danmini_Doorbell,30,5,11580,block_reliability,0.99709572,0.8543276381909548,0.0802,1.0,0.7783476959721981,29.0
Danmini_Doorbell,30,6,6133,local_oas,0.95632796,0.515340703517588,0.022,0.0632,0.7669314189832923,29.0
Danmini_Doorbell,30,6,6133,peer_scale_local_center,0.999402,0.9699497487437186,0.127,1.0,0.7669314189832923,29.0
Danmini_Doorbell,30,6,6133,shared_marginals,0.9994224,0.9709748743718594,0.1518,1.0,0.7669314189832923,29.0
Danmini_Doorbell,30,6,6133,block_local_corr,0.9902264399999999,0.762297487437186,0.1068,1.0,0.7669314189832923,29.0
Danmini_Doorbell,30,6,6133,block_peer_corr,0.99801984,0.9005045226130654,0.0552,1.0,0.7669314189832923,29.0
Danmini_Doorbell,30,6,6133,block_reliability,0.99704144,0.851875376884422,0.092,1.0,0.7669314189832923,29.0
Danmini_Doorbell,30,7,11521,local_oas,0.94844228,0.4975437185929648,0.0108,0.0002,0.784253913065479,29.0
Danmini_Doorbell,30,7,11521,peer_scale_local_center,0.99919,0.9592964824120602,0.1522,1.0,0.784253913065479,29.0
Danmini_Doorbell,30,7,11521,shared_marginals,0.9991855599999999,0.9590733668341708,0.1778,1.0,0.784253913065479,29.0
Danmini_Doorbell,30,7,11521,block_local_corr,0.9935919999999999,0.7658713567839196,0.0994,1.0,0.784253913065479,29.0
Danmini_Doorbell,30,7,11521,block_peer_corr,0.99798776,0.8988824120603015,0.0878,1.0,0.784253913065479,29.0
Danmini_Doorbell,30,7,11521,block_reliability,0.9974380399999999,0.8713869346733668,0.078,1.0,0.784253913065479,29.0
Danmini_Doorbell,100,0,28308,local_oas,0.96624776,0.49983718592964826,0.063,1.0,0.8616313614617056,99.0
Danmini_Doorbell,100,0,28308,peer_scale_local_center,0.99928432,0.9640361809045226,0.2192,1.0,0.8616313614617056,99.0
Danmini_Doorbell,100,0,28308,shared_marginals,0.99930044,0.9648462311557788,0.216,1.0,0.8616313614617056,99.0
Danmini_Doorbell,100,0,28308,block_local_corr,0.99383388,0.764643216080402,0.1344,1.0,0.8616313614617056,99.0
Danmini_Doorbell,100,0,28308,block_peer_corr,0.99802616,0.9008120603015075,0.0538,1.0,0.8616313614617056,99.0
Danmini_Doorbell,100,0,28308,block_reliability,0.9965736,0.8342713567839196,0.1294,1.0,0.8616313614617056,99.0
Danmini_Doorbell,100,1,5952,local_oas,0.9882906,0.497843216080402,0.0068,0.0006,0.8575487023886845,99.0
Danmini_Doorbell,100,1,5952,peer_scale_local_center,0.9984017199999999,0.9197246231155779,0.0516,1.0,0.8575487023886845,99.0
Danmini_Doorbell,100,1,5952,shared_marginals,0.9986310399999999,0.9312361809045226,0.0588,1.0,0.8575487023886845,99.0
Danmini_Doorbell,100,1,5952,block_local_corr,0.98680892,0.7767236180904522,0.1246,1.0,0.8575487023886845,99.0
Danmini_Doorbell,100,1,5952,block_peer_corr,0.9979503200000001,0.8970150753768844,0.0822,1.0,0.8575487023886845,99.0
Danmini_Doorbell,100,1,5952,block_reliability,0.9913581200000001,0.8029266331658291,0.1194,1.0,0.8575487023886845,99.0
Danmini_Doorbell,100,2,749,local_oas,0.9953648399999999,0.7670773869346734,0.002,0.0004,0.8563017011354631,99.0
Danmini_Doorbell,100,2,749,peer_scale_local_center,0.9987419999999999,0.9367839195979899,0.0344,1.0,0.8563017011354631,99.0
Danmini_Doorbell,100,2,749,shared_marginals,0.99896708,0.948094472361809,0.039,1.0,0.8563017011354631,99.0
Danmini_Doorbell,100,2,749,block_local_corr,0.9912212,0.7437889447236181,0.0644,1.0,0.8563017011354631,99.0
Danmini_Doorbell,100,2,749,block_peer_corr,0.99750204,0.8744743718592964,0.067,1.0,0.8563017011354631,99.0
Danmini_Doorbell,100,2,749,block_reliability,0.9938378400000001,0.7791477386934673,0.0606,1.0,0.8563017011354631,99.0
Danmini_Doorbell,100,3,21728,local_oas,0.9882281599999999,0.49785929648241206,0.0058,0.0008,0.8473070514390331,88.557056265014
Danmini_Doorbell,100,3,21728,peer_scale_local_center,0.99845524,0.9224462311557788,0.0202,1.0,0.8473070514390331,88.557056265014
Danmini_Doorbell,100,3,21728,shared_marginals,0.99875296,0.9373447236180904,0.026,1.0,0.8473070514390331,88.557056265014
Danmini_Doorbell,100,3,21728,block_local_corr,0.9830758399999999,0.7689306532663317,0.1124,1.0,0.8473070514390331,88.557056265014
Danmini_Doorbell,100,3,21728,block_peer_corr,0.99784264,0.8916040201005024,0.0672,1.0,0.8473070514390331,88.557056265014
Danmini_Doorbell,100,3,21728,block_reliability,0.99064356,0.8153829145728643,0.0962,1.0,0.8473070514390331,88.557056265014
Danmini_Doorbell,100,4,29443,local_oas,0.96755852,0.5053608040201005,0.1546,1.0,0.8620959820102698,99.0
Danmini_Doorbell,100,4,29443,peer_scale_local_center,0.99944172,0.971945728643216,0.216,1.0,0.8620959820102698,99.0
Danmini_Doorbell,100,4,29443,shared_marginals,0.9994488,0.9723015075376884,0.2358,1.0,0.8620959820102698,99.0
Danmini_Doorbell,100,4,29443,block_local_corr,0.99399744,0.7879477386934673,0.1518,1.0,0.8620959820102698,99.0
Danmini_Doorbell,100,4,29443,block_peer_corr,0.99832992,0.9160763819095478,0.0768,1.0,0.8620959820102698,99.0
Danmini_Doorbell,100,4,29443,block_reliability,0.99654648,0.8321025125628141,0.1462,1.0,0.8620959820102698,99.0
Danmini_Doorbell,100,5,28710,local_oas,0.98741568,0.49770251256281406,0.0102,0.001,0.8559830614917816,99.0
Danmini_Doorbell,100,5,28710,peer_scale_local_center,0.99952328,0.9760442211055278,0.2566,1.0,0.8559830614917816,99.0
Danmini_Doorbell,100,5,28710,shared_marginals,0.9995449599999999,0.9771336683417085,0.25,1.0,0.8559830614917816,99.0
Danmini_Doorbell,100,5,28710,block_local_corr,0.98594556,0.775380904522613,0.1326,1.0,0.8559830614917816,99.0
Danmini_Doorbell,100,5,28710,block_peer_corr,0.9976588000000001,0.8823517587939699,0.0676,1.0,0.8559830614917816,99.0
Danmini_Doorbell,100,5,28710,block_reliability,0.9908539199999999,0.7996462311557788,0.1264,1.0,0.8559830614917816,99.0
Danmini_Doorbell,100,6,31713,local_oas,0.9892755599999999,0.49786532663316585,0.006,0.0008,0.8565096793568222,98.0623295787678
Danmini_Doorbell,100,6,31713,peer_scale_local_center,0.9995637199999999,0.9780763819095477,0.0376,1.0,0.8565096793568222,98.0623295787678
Danmini_Doorbell,100,6,31713,shared_marginals,0.99957772,0.9787798994974874,0.0436,1.0,0.8565096793568222,98.0623295787678
Danmini_Doorbell,100,6,31713,block_local_corr,0.99262808,0.7809829145728644,0.08,1.0,0.8565096793568222,98.0623295787678
Danmini_Doorbell,100,6,31713,block_peer_corr,0.99821632,0.9103678391959799,0.0552,1.0,0.8565096793568222,98.0623295787678
Danmini_Doorbell,100,6,31713,block_reliability,0.9947501999999999,0.8107638190954773,0.0718,1.0,0.8565096793568222,98.0623295787678
Danmini_Doorbell,100,7,13867,local_oas,0.99084564,0.5417688442211055,0.001,0.0004,0.8547632735601546,99.0
Danmini_Doorbell,100,7,13867,peer_scale_local_center,0.99987324,0.9936301507537689,0.0144,1.0,0.8547632735601546,99.0
Danmini_Doorbell,100,7,13867,shared_marginals,0.99983196,0.9915557788944724,0.018,1.0,0.8547632735601546,99.0
Danmini_Doorbell,100,7,13867,block_local_corr,0.9961911999999999,0.8086030150753769,0.0264,1.0,0.8547632735601546,99.0
Danmini_Doorbell,100,7,13867,block_peer_corr,0.99783068,0.8909889447236181,0.2198,1.0,0.8547632735601546,99.0
Danmini_Doorbell,100,7,13867,block_reliability,0.99667884,0.8331075376884423,0.0272,1.0,0.8547632735601546,99.0
Danmini_Doorbell,300,0,4078,local_oas,0.9951966,0.7586231155778895,0.0396,1.0,0.895643279606111,299.0
Danmini_Doorbell,300,0,4078,peer_scale_local_center,0.9994981199999999,0.9747798994974874,0.0794,1.0,0.895643279606111,299.0
Danmini_Doorbell,300,0,4078,shared_marginals,0.99947396,0.9735658291457286,0.0848,1.0,0.895643279606111,299.0
Danmini_Doorbell,300,0,4078,block_local_corr,0.9846026,0.7473788944723618,0.121,1.0,0.895643279606111,299.0
Danmini_Doorbell,300,0,4078,block_peer_corr,0.9972862,0.8636502512562814,0.065,1.0,0.895643279606111,299.0
Danmini_Doorbell,300,0,4078,block_reliability,0.98647352,0.7626150753768844,0.1182,1.0,0.895643279606111,299.0
Danmini_Doorbell,300,1,10636,local_oas,0.9930724400000001,0.6519819095477387,0.0524,1.0,0.8933752066106951,234.34624703091828
Danmini_Doorbell,300,1,10636,peer_scale_local_center,0.9992613199999999,0.962886432160804,0.0682,1.0,0.8933752066106951,234.34624703091828
Danmini_Doorbell,300,1,10636,shared_marginals,0.9995563999999999,0.9777085427135679,0.0656,1.0,0.8933752066106951,234.34624703091828
Danmini_Doorbell,300,1,10636,block_local_corr,0.9918797600000001,0.7880201005025125,0.0906,1.0,0.8933752066106951,234.34624703091828
Danmini_Doorbell,300,1,10636,block_peer_corr,0.9976406,0.8814572864321608,0.0564,1.0,0.8933752066106951,234.34624703091828
Danmini_Doorbell,300,1,10636,block_reliability,0.9926028,0.796353768844221,0.0882,1.0,0.8933752066106951,234.34624703091828
Danmini_Doorbell,300,2,7183,local_oas,0.99148132,0.5720241206030151,0.1512,1.0,0.8941021053288023,257.28131433925813
Danmini_Doorbell,300,2,7183,peer_scale_local_center,0.99955284,0.977529648241206,0.1838,1.0,0.8941021053288023,257.28131433925813
Danmini_Doorbell,300,2,7183,shared_marginals,0.999574,0.9785929648241205,0.1838,1.0,0.8941021053288023,257.28131433925813
Danmini_Doorbell,300,2,7183,block_local_corr,0.98816704,0.7730472361809045,0.1338,1.0,0.8941021053288023,257.28131433925813
Danmini_Doorbell,300,2,7183,block_peer_corr,0.99808572,0.9038050251256282,0.069,1.0,0.8941021053288023,257.28131433925813
Danmini_Doorbell,300,2,7183,block_reliability,0.9906776799999999,0.7930452261306533,0.1288,1.0,0.8941021053288023,257.28131433925813
Danmini_Doorbell,300,3,3992,local_oas,0.99491864,0.7446693467336685,0.098,1.0,0.8934934108635685,213.3485442163989
Danmini_Doorbell,300,3,3992,peer_scale_local_center,0.9986278399999999,0.9310814070351758,0.107,1.0,0.8934934108635685,213.3485442163989
Danmini_Doorbell,300,3,3992,shared_marginals,0.9987887599999999,0.9391336683417085,0.1062,1.0,0.8934934108635685,213.3485442163989
Danmini_Doorbell,300,3,3992,block_local_corr,0.98707644,0.7532361809045225,0.1288,1.0,0.8934934108635685,213.3485442163989
Danmini_Doorbell,300,3,3992,block_peer_corr,0.99781092,0.8899959798994974,0.0576,1.0,0.8934934108635685,213.3485442163989
Danmini_Doorbell,300,3,3992,block_reliability,0.9892665199999999,0.7701065326633165,0.1272,1.0,0.8934934108635685,213.3485442163989
Danmini_Doorbell,300,4,16559,local_oas,0.98836512,0.4979899497487437,0.0252,1.0,0.8956117974145237,299.0
Danmini_Doorbell,300,4,16559,peer_scale_local_center,0.99944568,0.9721447236180905,0.0972,1.0,0.8956117974145237,299.0
Danmini_Doorbell,300,4,16559,shared_marginals,0.9994691600000001,0.9733246231155779,0.1022,1.0,0.8956117974145237,299.0
Danmini_Doorbell,300,4,16559,block_local_corr,0.99579452,0.8325206030150754,0.0508,1.0,0.8956117974145237,299.0
Danmini_Doorbell,300,4,16559,block_peer_corr,0.9982203199999999,0.9105688442211055,0.0744,1.0,0.8956117974145237,299.0
Danmini_Doorbell,300,4,16559,block_reliability,0.99619652,0.8362773869346734,0.0508,1.0,0.8956117974145237,299.0
Danmini_Doorbell,300,5,12155,local_oas,0.99961292,0.9805487437185929,0.0,0.0,0.8575818275038116,80.8842066379165
Danmini_Doorbell,300,5,12155,peer_scale_local_center,0.9982604,0.9125829145728643,0.0,0.7328,0.8575818275038116,80.8842066379165
Danmini_Doorbell,300,5,12155,shared_marginals,0.99835652,0.9174130653266332,0.0092,1.0,0.8575818275038116,80.8842066379165
Danmini_Doorbell,300,5,12155,block_local_corr,0.98304416,0.7250170854271357,0.0568,1.0,0.8575818275038116,80.8842066379165
Danmini_Doorbell,300,5,12155,block_peer_corr,0.99779324,0.8891075376884423,0.0116,1.0,0.8575818275038116,80.8842066379165
Danmini_Doorbell,300,5,12155,block_reliability,0.98975664,0.7537045226130654,0.0374,1.0,0.8575818275038116,80.8842066379165
Danmini_Doorbell,300,6,10775,local_oas,0.9953755200000001,0.7680844221105527,0.004,0.0002,0.8928733264934807,245.26250924832826
Danmini_Doorbell,300,6,10775,peer_scale_local_center,0.99965372,0.9825989949748744,0.0388,1.0,0.8928733264934807,245.26250924832826
Danmini_Doorbell,300,6,10775,shared_marginals,0.99964396,0.9821085427135678,0.0452,1.0,0.8928733264934807,245.26250924832826
Danmini_Doorbell,300,6,10775,block_local_corr,0.9933289200000001,0.814391959798995,0.0688,1.0,0.8928733264934807,245.26250924832826
Danmini_Doorbell,300,6,10775,block_peer_corr,0.9981515599999999,0.9071236180904523,0.058,1.0,0.8928733264934807,245.26250924832826
Danmini_Doorbell,300,6,10775,block_reliability,0.99439944,0.8237507537688442,0.067,1.0,0.8928733264934807,245.26250924832826
Danmini_Doorbell,300,7,16752,local_oas,0.9915598,0.5766994974874372,0.0498,1.0,0.8940839826258066,279.7896116875976
Danmini_Doorbell,300,7,16752,peer_scale_local_center,0.99919292,0.9594432160804021,0.0758,1.0,0.8940839826258066,279.7896116875976
Danmini_Doorbell,300,7,16752,shared_marginals,0.99936556,0.9681185929648242,0.0858,1.0,0.8940839826258066,279.7896116875976
Danmini_Doorbell,300,7,16752,block_local_corr,0.9934556800000001,0.787027135678392,0.0716,1.0,0.8940839826258066,279.7896116875976
Danmini_Doorbell,300,7,16752,block_peer_corr,0.99745848,0.8722854271356784,0.0536,1.0,0.8940839826258066,279.7896116875976
Danmini_Doorbell,300,7,16752,block_reliability,0.99506052,0.7964783919597991,0.07,1.0,0.8940839826258066,279.7896116875976
Danmini_Doorbell,1000,0,25231,local_oas,0.99219004,0.6568180904522612,0.008,0.8022,0.9145982726321144,766.9665691412587
Danmini_Doorbell,1000,0,25231,peer_scale_local_center,0.99292212,0.8741507537688442,0.0628,1.0,0.9145982726321144,766.9665691412587
Danmini_Doorbell,1000,0,25231,shared_marginals,0.99520512,0.8894854271356785,0.0758,1.0,0.9145982726321144,766.9665691412587
Danmini_Doorbell,1000,0,25231,block_local_corr,0.99161548,0.7878733668341709,0.0756,1.0,0.9145982726321144,766.9665691412587
Danmini_Doorbell,1000,0,25231,block_peer_corr,0.99788544,0.8937407035175879,0.0508,1.0,0.9145982726321144,766.9665691412587
Danmini_Doorbell,1000,0,25231,block_reliability,0.99174136,0.7911517587939698,0.0752,1.0,0.9145982726321144,766.9665691412587
Danmini_Doorbell,1000,1,2166,local_oas,0.9927761199999999,0.640094472361809,0.0988,1.0,0.9182805236819631,980.0359815279735
Danmini_Doorbell,1000,1,2166,peer_scale_local_center,0.99903216,0.9514753768844222,0.1092,1.0,0.9182805236819631,980.0359815279735
Danmini_Doorbell,1000,1,2166,shared_marginals,0.9991707999999999,0.9583316582914573,0.1092,1.0,0.9182805236819631,980.0359815279735
Danmini_Doorbell,1000,1,2166,block_local_corr,0.9909499199999999,0.7890010050251257,0.0906,1.0,0.9182805236819631,980.0359815279735
Danmini_Doorbell,1000,1,2166,block_peer_corr,0.99773,0.8859497487437186,0.0564,1.0,0.9182805236819631,980.0359815279735
Danmini_Doorbell,1000,1,2166,block_reliability,0.99114396,0.7914834170854271,0.0904,1.0,0.9182805236819631,980.0359815279735
Danmini_Doorbell,1000,2,30207,local_oas,0.99938496,0.9690934673366834,0.0,0.0,0.8944387682289118,273.5213848496716
Danmini_Doorbell,1000,2,30207,peer_scale_local_center,0.99952236,0.9759979899497487,0.0,0.0808,0.8944387682289118,273.5213848496716
Danmini_Doorbell,1000,2,30207,shared_marginals,0.999403,0.97,0.0,0.458,0.8944387682289118,273.5213848496716
Danmini_Doorbell,1000,2,30207,block_local_corr,0.99923332,0.9614733668341708,0.0,0.4938,0.8944387682289118,273.5213848496716
Danmini_Doorbell,1000,2,30207,block_peer_corr,0.99861508,0.9304060301507537,0.0006,0.6566,0.8944387682289118,273.5213848496716
Danmini_Doorbell,1000,2,30207,block_reliability,0.99927096,0.963364824120603,0.0,0.4948,0.8944387682289118,273.5213848496716
Danmini_Doorbell,1000,3,15567,local_oas,0.99397296,0.6997929648241206,0.1,1.0,0.9183579188879385,988.0562409771654
Danmini_Doorbell,1000,3,15567,peer_scale_local_center,0.99869356,0.934424120603015,0.1044,1.0,0.9183579188879385,988.0562409771654
Danmini_Doorbell,1000,3,15567,shared_marginals,0.9988546,0.9424422110552764,0.103,1.0,0.9183579188879385,988.0562409771654
Danmini_Doorbell,1000,3,15567,block_local_corr,0.9908971200000001,0.7833266331658291,0.0928,1.0,0.9183579188879385,988.0562409771654
Danmini_Doorbell,1000,3,15567,block_peer_corr,0.99746652,0.8726894472361809,0.0546,1.0,0.9183579188879385,988.0562409771654
Danmini_Doorbell,1000,3,15567,block_reliability,0.9910499599999999,0.7855195979899497,0.0926,1.0,0.9183579188879385,988.0562409771654
Danmini_Doorbell,1000,4,497,local_oas,0.99475256,0.7363095477386935,0.005,0.0002,0.918604335701468,999.0
Danmini_Doorbell,1000,4,497,peer_scale_local_center,0.99961832,0.9808201005025126,0.066,1.0,0.918604335701468,999.0
Danmini_Doorbell,1000,4,497,shared_marginals,0.9997592,0.9878994974874372,0.0672,1.0,0.918604335701468,999.0
Danmini_Doorbell,1000,4,497,block_local_corr,0.99501264,0.7737628140703517,0.0648,1.0,0.918604335701468,999.0
Danmini_Doorbell,1000,4,497,block_peer_corr,0.99770284,0.884564824120603,0.0396,1.0,0.918604335701468,999.0
Danmini_Doorbell,1000,4,497,block_reliability,0.99510012,0.7779155778894473,0.0646,1.0,0.918604335701468,999.0
Danmini_Doorbell,1000,5,20643,local_oas,0.9953666000000001,0.7674793969849246,0.09,1.0,0.9190180947772212,987.553001522759
Danmini_Doorbell,1000,5,20643,peer_scale_local_center,0.99597416,0.8693527638190954,0.1084,1.0,0.9190180947772212,987.553001522759
Danmini_Doorbell,1000,5,20643,shared_marginals,0.9951348799999999,0.8771658291457287,0.112,1.0,0.9190180947772212,987.553001522759
Danmini_Doorbell,1000,5,20643,block_local_corr,0.9916021599999999,0.7865467336683417,0.0786,1.0,0.9190180947772212,987.553001522759
Danmini_Doorbell,1000,5,20643,block_peer_corr,0.9975403199999999,0.8764060301507538,0.052,1.0,0.9190180947772212,987.553001522759
Danmini_Doorbell,1000,5,20643,block_reliability,0.99167816,0.787748743718593,0.0786,1.0,0.9190180947772212,987.553001522759
Danmini_Doorbell,1000,6,9164,local_oas,0.99565448,0.7818613065326633,0.1104,1.0,0.9182609935421339,936.2740018017968
Danmini_Doorbell,1000,6,9164,peer_scale_local_center,0.99939384,0.9695396984924622,0.138,1.0,0.9182609935421339,936.2740018017968
Danmini_Doorbell,1000,6,9164,shared_marginals,0.9995757599999999,0.9786814070351758,0.131,1.0,0.9182609935421339,936.2740018017968
Danmini_Doorbell,1000,6,9164,block_local_corr,0.99017912,0.7810673366834171,0.1094,1.0,0.9182609935421339,936.2740018017968
Danmini_Doorbell,1000,6,9164,block_peer_corr,0.9979659200000001,0.8977849246231155,0.046,1.0,0.9182609935421339,936.2740018017968
Danmini_Doorbell,1000,6,9164,block_reliability,0.99051684,0.7845125628140703,0.1088,1.0,0.9182609935421339,936.2740018017968
Danmini_Doorbell,1000,7,19790,local_oas,0.99566948,0.7823859296482412,0.0164,1.0,0.9181551749421044,999.0
Danmini_Doorbell,1000,7,19790,peer_scale_local_center,0.99966192,0.983011055276382,0.012,1.0,0.9181551749421044,999.0
Danmini_Doorbell,1000,7,19790,shared_marginals,0.99890012,0.9447296482412061,0.0156,1.0,0.9181551749421044,999.0
Danmini_Doorbell,1000,7,19790,block_local_corr,0.99557772,0.7777748743718593,0.017,1.0,0.9181551749421044,999.0
Danmini_Doorbell,1000,7,19790,block_peer_corr,0.99809432,0.9042371859296483,0.0226,1.0,0.9181551749421044,999.0
Danmini_Doorbell,1000,7,19790,block_reliability,0.9956561199999999,0.7817145728643217,0.017,1.0,0.9181551749421044,999.0
Ecobee_Thermostat,30,0,5698,local_oas,0.9996956302905514,0.984705039726199,0.0,0.0,0.7753231846631145,29.0
Ecobee_Thermostat,30,0,5698,peer_scale_local_center,0.9998693205216198,0.9934331920411943,0.0068634179821551134,1.0,0.7753231846631145,29.0
Ecobee_Thermostat,30,0,5698,shared_marginals,0.9998643331045527,0.9931825680679766,0.010752688172043012,1.0,0.7753231846631145,29.0
Ecobee_Thermostat,30,0,5698,block_local_corr,0.9843877373598718,0.6575822604213012,0.02036147334706017,0.7636,0.7753231846631145,29.0
Ecobee_Thermostat,30,0,5698,block_peer_corr,0.9855964767787692,0.77857530618087,0.09311370395790437,0.9998,0.7753231846631145,29.0
Ecobee_Thermostat,30,0,5698,block_reliability,0.9840414550446123,0.6625425917048063,0.022420498741706704,0.7974,0.7753231846631145,29.0
Ecobee_Thermostat,30,1,1389,local_oas,0.9420733013040494,0.5056212427959978,0.40608556394417755,1.0,0.774257661001182,29.0
Ecobee_Thermostat,30,1,1389,peer_scale_local_center,0.999913841226264,0.9956704133801011,0.14504690002287807,1.0,0.774257661001182,29.0
Ecobee_Thermostat,30,1,1389,shared_marginals,0.9998667581789065,0.9933044311008254,0.14824982841455045,1.0,0.774257661001182,29.0
Ecobee_Thermostat,30,1,1389,block_local_corr,0.9801348432852894,0.6394450173539856,0.005719514985129261,0.3222,0.774257661001182,29.0
Ecobee_Thermostat,30,1,1389,block_peer_corr,0.9851415236787919,0.7608800580343953,0.07092198581560284,0.9998,0.774257661001182,29.0
Ecobee_Thermostat,30,1,1389,block_reliability,0.9804258522077328,0.6474233211355335,0.005719514985129261,0.3576,0.774257661001182,29.0
Ecobee_Thermostat,30,2,36,local_oas,0.7341873713109128,0.6001353829315876,0.0,0.0,0.7021728065708466,13.646211727819153
Ecobee_Thermostat,30,2,36,peer_scale_local_center,0.9997804163806909,0.9990310279376751,0.0006863417982155113,0.9954,0.7021728065708466,13.646211727819153
Ecobee_Thermostat,30,2,36,shared_marginals,0.9999697094486387,0.9994557321036663,0.0011439029970258523,0.9998,0.7021728065708466,13.646211727819153
Ecobee_Thermostat,30,2,36,block_local_corr,0.8087321894303363,0.49748743718592964,0.029512697323266987,0.0,0.7021728065708466,13.646211727819153
Ecobee_Thermostat,30,2,36,block_peer_corr,0.9787099519560741,0.6593778317347433,0.00022878059940517045,0.0306,0.7021728065708466,13.646211727819153
Ecobee_Thermostat,30,2,36,block_reliability,0.7876910089224431,0.49748743718592964,0.08693662777396477,0.0426,0.7021728065708466,13.646211727819153
Ecobee_Thermostat,30,3,2095,local_oas,0.9997265614275909,0.9862593682206502,0.0,0.6438,0.7725120462242832,29.0
Ecobee_Thermostat,30,3,2095,peer_scale_local_center,0.9998631892015557,0.993125085505312,0.011210249370853352,1.0,0.7725120462242832,29.0
Ecobee_Thermostat,30,3,2095,shared_marginals,0.9998587966140472,0.9929043524646799,0.018531228551818806,1.0,0.7725120462242832,29.0
Ecobee_Thermostat,30,3,2095,block_local_corr,0.9706388011896592,0.506359525837837,0.013955616563715396,0.208,0.7725120462242832,29.0
Ecobee_Thermostat,30,3,2095,block_peer_corr,0.9818239304506978,0.763607858556107,0.03454587051018074,0.7966,0.7725120462242832,29.0
Ecobee_Thermostat,30,3,2095,block_reliability,0.9697910318005033,0.5080769668521055,0.014184397163120567,0.2956,0.7725120462242832,29.0
Ecobee_Thermostat,30,4,5847,local_oas,0.9997713109128347,0.9885080860720901,0.17455959734614504,1.0,0.7755588203870917,29.0
Ecobee_Thermostat,30,4,5847,peer_scale_local_center,0.9998166094715168,0.9907843955536089,0.2189430336307481,1.0,0.7755588203870917,29.0
Ecobee_Thermostat,30,4,5847,shared_marginals,0.9997888812628689,0.9893910182346186,0.23472889498970487,1.0,0.7755588203870917,29.0
Ecobee_Thermostat,30,4,5847,block_local_corr,0.9455494394875313,0.49922833108576514,0.1809654541294898,1.0,0.7755588203870917,29.0
Ecobee_Thermostat,30,4,5847,block_peer_corr,0.9798874399450926,0.7621427659919363,0.11370395790436971,1.0,0.7755588203870917,29.0
Ecobee_Thermostat,30,4,5847,block_reliability,0.9467080759551589,0.5019221019303794,0.19309082589796386,1.0,0.7755588203870917,29.0
Ecobee_Thermostat,30,5,2162,local_oas,0.9996784259894761,0.9838405019837232,0.059025394646533974,1.0,0.7758185836760433,29.0
Ecobee_Thermostat,30,5,2162,peer_scale_local_center,0.9998621368107985,0.9930722015476605,0.009151223976206819,1.0,0.7758185836760433,29.0
Ecobee_Thermostat,30,5,2162,shared_marginals,0.9998518416838252,0.992554858483679,0.01098146877144818,1.0,0.7758185836760433,29.0
Ecobee_Thermostat,30,5,2162,block_local_corr,0.9829551590025166,0.5774799644527833,0.0,0.0482,0.7758185836760433,29.0
Ecobee_Thermostat,30,5,2162,block_peer_corr,0.9854567375886524,0.787656378437601,0.005033173186913749,0.65,0.7758185836760433,29.0
Ecobee_Thermostat,30,5,2162,block_reliability,0.982420773278426,0.578241493442964,0.00022878059940517045,0.0876,0.7758185836760433,29.0
Ecobee_Thermostat,30,6,7148,local_oas,0.9997735072065889,0.988618452592406,0.0,0.0,0.7689030488943556,29.0
Ecobee_Thermostat,30,6,7148,peer_scale_local_center,0.9998638297872341,0.9931572757404041,0.0075497597803706245,1.0,0.7689030488943556,29.0
Ecobee_Thermostat,30,6,7148,shared_marginals,0.9998555479295356,0.9927411019867123,0.011210249370853352,1.0,0.7689030488943556,29.0
Ecobee_Thermostat,30,6,7148,block_local_corr,0.9587816517959278,0.5550463366937639,0.0066346373827499425,0.1474,0.7689030488943556,29.0
Ecobee_Thermostat,30,6,7148,block_peer_corr,0.9834172958133152,0.7699532666765536,0.05422100205902539,0.8018,0.7689030488943556,29.0
Ecobee_Thermostat,30,6,7148,block_reliability,0.9588493708533515,0.5562819128817273,0.008236101578586136,0.252,0.7689030488943556,29.0
Ecobee_Thermostat,30,7,391,local_oas,0.999566186227408,0.9782003129350711,0.951727293525509,1.0,0.7764178310858434,29.0
Ecobee_Thermostat,30,7,391,peer_scale_local_center,0.9998261725005719,0.991264949777485,0.09036833676504233,1.0,0.7764178310858434,29.0
Ecobee_Thermostat,30,7,391,shared_marginals,0.9998183482040723,0.9908717690488591,0.10409517272935255,1.0,0.7764178310858434,29.0
Ecobee_Thermostat,30,7,391,block_local_corr,0.9474740791580873,0.5071974146642616,0.17547471974376572,1.0,0.7764178310858434,29.0
Ecobee_Thermostat,30,7,391,block_peer_corr,0.9766685884237017,0.7539838979845463,0.1578586135895676,1.0,0.7764178310858434,29.0
Ecobee_Thermostat,30,7,391,block_reliability,0.9463526881720431,0.5042325330610959,0.1734156943491192,1.0,0.7764178310858434,29.0
Ecobee_Thermostat,100,0,6636,local_oas,0.9998140928849234,0.9906579339157466,0.9229009380004576,1.0,0.846147422997359,99.0
Ecobee_Thermostat,100,0,6636,peer_scale_local_center,0.9998609013955617,0.9930101203799827,0.03752001830244795,1.0,0.846147422997359,99.0
Ecobee_Thermostat,100,0,6636,shared_marginals,0.9998593456874858,0.9929319440947588,0.040265385495309995,1.0,0.846147422997359,99.0
Ecobee_Thermostat,100,0,6636,block_local_corr,0.9724372912377028,0.5476824985140758,0.027453671928620454,0.728,0.846147422997359,99.0
Ecobee_Thermostat,100,0,6636,block_peer_corr,0.9824153283001601,0.7692273538821999,0.02493708533516358,0.7866,0.846147422997359,99.0
Ecobee_Thermostat,100,0,6636,block_reliability,0.9724056737588651,0.545962804183351,0.028826355525051476,0.736,0.846147422997359,99.0
Ecobee_Thermostat,100,1,3103,local_oas,0.999643468313887,0.9820838348686927,0.09929078014184398,1.0,0.842098495785124,99.0
Ecobee_Thermostat,100,1,3103,peer_scale_local_center,0.999866209105468,0.9932768394707465,0.06360100663463739,1.0,0.842098495785124,99.0
Ecobee_Thermostat,100,1,3103,shared_marginals,0.999862319835278,0.9930813987576868,0.06588881262868909,1.0,0.842098495785124,99.0
Ecobee_Thermostat,100,1,3103,block_local_corr,0.9788459849004805,0.6106089127863062,0.03202928391672386,0.7876,0.842098495785124,99.0
Ecobee_Thermostat,100,1,3103,block_peer_corr,0.9840797529169526,0.7724814417546437,0.0340883093113704,0.8024,0.842098495785124,99.0
Ecobee_Thermostat,100,1,3103,block_reliability,0.9786162434225577,0.6084895536938869,0.03202928391672386,0.7838,0.842098495785124,99.0
Ecobee_Thermostat,100,2,1984,local_oas,0.999862685884237,0.9930997931777394,0.1299473804621368,1.0,0.8458180586960323,99.0
Ecobee_Thermostat,100,2,1984,peer_scale_local_center,0.9998624113475177,0.9930859973627,0.06360100663463739,1.0,0.8458180586960323,99.0
Ecobee_Thermostat,100,2,1984,shared_marginals,0.9998592999313659,0.9929296447922522,0.06680393502630977,1.0,0.8458180586960323,99.0
Ecobee_Thermostat,100,2,1984,block_local_corr,0.9795462823152596,0.515012467967842,0.017387325554792953,0.6896,0.8458180586960323,99.0
Ecobee_Thermostat,100,2,1984,block_peer_corr,0.982689636238847,0.7882378490484911,0.018760009151223975,0.7814,0.8458180586960323,99.0
Ecobee_Thermostat,100,2,1984,block_reliability,0.9787539693433996,0.5134576566198643,0.017616106154198122,0.6922,0.8458180586960323,99.0
Ecobee_Thermostat,100,3,6219,local_oas,0.9995873713109128,0.9792648899956198,0.11095859071150767,1.0,0.8389662568233698,98.76020287853349
Ecobee_Thermostat,100,3,6219,peer_scale_local_center,0.9998624113475176,0.9930859973627,0.06314344543582705,1.0,0.8389662568233698,98.76020287853349
Ecobee_Thermostat,100,3,6219,shared_marginals,0.9998558682223748,0.9927571971042584,0.06840539922214596,1.0,0.8389662568233698,98.76020287853349
Ecobee_Thermostat,100,3,6219,block_local_corr,0.9732840997483413,0.5291756885548768,0.017158544955387784,0.427,0.8389662568233698,98.76020287853349
Ecobee_Thermostat,100,3,6219,block_peer_corr,0.9845623427133379,0.771726580741732,0.018073667353008464,0.7746,0.8389662568233698,98.76020287853349
Ecobee_Thermostat,100,3,6219,block_reliability,0.9731224891329214,0.5292516345166693,0.01692976435598261,0.4264,0.8389662568233698,98.76020287853349
Ecobee_Thermostat,100,4,2901,local_oas,0.999663051933196,0.9830679363415107,0.0,0.4188,0.8447685551022817,98.30374392728889
Ecobee_Thermostat,100,4,2901,peer_scale_local_center,0.9998553649050561,0.992731904776686,0.012582932967284374,1.0,0.8447685551022817,98.30374392728889
Ecobee_Thermostat,100,4,2901,shared_marginals,0.9998533058796615,0.9926284361638896,0.014184397163120567,1.0,0.8447685551022817,98.30374392728889
Ecobee_Thermostat,100,4,2901,block_local_corr,0.9869363074811256,0.7326713871347127,0.024708304735758406,0.7894,0.8447685551022817,98.30374392728889
Ecobee_Thermostat,100,4,2901,block_peer_corr,0.9811714024250743,0.7937295491412679,0.022420498741706704,0.7806,0.8447685551022817,98.30374392728889
Ecobee_Thermostat,100,4,2901,block_reliability,0.9867071608327613,0.7323793757163765,0.024708304735758406,0.7894,0.8447685551022817,98.30374392728889
Ecobee_Thermostat,100,5,7987,local_oas,0.999685380919698,0.984189995964724,0.09540150995195608,1.0,0.8450915037521598,99.0
Ecobee_Thermostat,100,5,7987,peer_scale_local_center,0.9998652024708305,0.9932262548156017,0.043239533287577216,1.0,0.8450915037521598,99.0
Ecobee_Thermostat,100,5,7987,shared_marginals,0.9998641958361931,0.9931756701604568,0.04484099748341341,1.0,0.8450915037521598,99.0
Ecobee_Thermostat,100,5,7987,block_local_corr,0.9766782429649966,0.5818034809140648,0.010066346373827499,0.3074,0.8450915037521598,99.0
Ecobee_Thermostat,100,5,7987,block_peer_corr,0.9802405399222145,0.7691584667791025,0.004118050789293068,0.604,0.8450915037521598,99.0
Ecobee_Thermostat,100,5,7987,block_reliability,0.9761857698467171,0.5797300158996769,0.01052390757263784,0.3158,0.8450915037521598,99.0
Ecobee_Thermostat,100,6,36,local_oas,0.9989194234728894,0.9855432504549745,0.2331274307938687,0.9998,0.8297184846252774,75.98458726950214
Ecobee_Thermostat,100,6,36,peer_scale_local_center,0.9999818805765271,0.999894898882424,0.0011439029970258523,0.9998,0.8297184846252774,75.98458726950214
Ecobee_Thermostat,100,6,36,shared_marginals,0.9999887897506291,0.999894898882424,0.0011439029970258523,0.9998,0.8297184846252774,75.98458726950214
Ecobee_Thermostat,100,6,36,block_local_corr,0.9990985129261039,0.9562088870341183,0.0,0.0,0.8297184846252774,75.98458726950214
Ecobee_Thermostat,100,6,36,block_peer_corr,0.9875233584991993,0.7418671256074469,0.0,0.0004,0.8297184846252774,75.98458726950214
Ecobee_Thermostat,100,6,36,block_reliability,0.9988882177991307,0.9460604325677806,0.0,0.0,0.8297184846252774,75.98458726950214
Ecobee_Thermostat,100,7,3707,local_oas,0.9997725920841913,0.9885724665422744,0.09997712194005948,1.0,0.8413148828331876,99.0
Ecobee_Thermostat,100,7,3707,peer_scale_local_center,0.9998636467627545,0.9931480785303778,0.055822466254861584,1.0,0.8413148828331876,99.0
Ecobee_Thermostat,100,7,3707,shared_marginals,0.9998612674445208,0.9930285148000354,0.057195149851292613,1.0,0.8413148828331876,99.0
Ecobee_Thermostat,100,7,3707,block_local_corr,0.9906918325326012,0.7811624123822039,0.0022878059940517046,0.3988,0.8413148828331876,99.0
Ecobee_Thermostat,100,7,3707,block_peer_corr,0.9848776481354381,0.79389962854768,0.00983756577442233,0.7524,0.8413148828331876,99.0
Ecobee_Thermostat,100,7,3707,block_reliability,0.9905076183939602,0.7804791516493472,0.0025165865934568747,0.4228,0.8413148828331876,99.0
Ecobee_Thermostat,300,0,4151,local_oas,0.9993517272935255,0.967423482086709,0.15671471059254174,1.0,0.8781164007965524,299.0
Ecobee_Thermostat,300,0,4151,peer_scale_local_center,0.9998610844200412,0.993019317590009,0.11393273850377487,1.0,0.8781164007965524,299.0
Ecobee_Thermostat,300,0,4151,shared_marginals,0.9998603523221232,0.9929825287499037,0.1130176161061542,1.0,0.8781164007965524,299.0
Ecobee_Thermostat,300,0,4151,block_local_corr,0.9824847860901397,0.6863696887549162,0.012582932967284374,0.5714,0.8781164007965524,299.0
Ecobee_Thermostat,300,0,4151,block_peer_corr,0.9834931594600779,0.7722006969185897,0.006405856783344772,0.6562,0.8781164007965524,299.0
Ecobee_Thermostat,300,0,4151,block_reliability,0.9822544040265385,0.6860389570823691,0.012582932967284374,0.5734,0.8781164007965524,299.0
Ecobee_Thermostat,300,1,1756,local_oas,0.9995500800732098,0.9773909584527534,0.13017616106154198,1.0,0.8796275429456122,299.0
Ecobee_Thermostat,300,1,1756,peer_scale_local_center,0.9998198581560284,0.9909476460315763,0.091283459162663,1.0,0.8796275429456122,299.0
Ecobee_Thermostat,300,1,1756,shared_marginals,0.9998188515213909,0.9908970613764314,0.08945321436742164,1.0,0.8796275429456122,299.0
Ecobee_Thermostat,300,1,1756,block_local_corr,0.9800371997254633,0.5425041473668962,0.019446350949439486,0.765,0.8796275429456122,299.0
Ecobee_Thermostat,300,1,1756,block_peer_corr,0.9846924273621598,0.7952173128281536,0.02539464653397392,0.7958,0.8796275429456122,299.0
Ecobee_Thermostat,300,1,1756,block_reliability,0.9795763898421413,0.5411798870812539,0.019446350949439486,0.7656,0.8796275429456122,299.0
Ecobee_Thermostat,300,2,6734,local_oas,0.9989323266986959,0.9463480753113542,0.04484099748341341,1.0,0.8779952913572874,283.8647701815068
Ecobee_Thermostat,300,2,6734,peer_scale_local_center,0.9998221002059025,0.991060311854399,0.04232441088995653,1.0,0.8779952913572874,283.8647701815068
Ecobee_Thermostat,300,2,6734,shared_marginals,0.9998656600320293,0.9932492478406676,0.05193319606497369,1.0,0.8779952913572874,283.8647701815068
Ecobee_Thermostat,300,2,6734,block_local_corr,0.9791415236787919,0.6511834395036266,0.0075497597803706245,0.4208,0.8779952913572874,283.8647701815068
Ecobee_Thermostat,300,2,6734,block_peer_corr,0.982005765271105,0.7701941875931936,0.012582932967284374,0.7402,0.8779952913572874,283.8647701815068
Ecobee_Thermostat,300,2,6734,block_reliability,0.9790762296957218,0.6496412743194352,0.008236101578586136,0.451,0.8779952913572874,283.8647701815068
Ecobee_Thermostat,300,3,6065,local_oas,0.9993417982155113,0.9669245334427801,0.1393273850377488,1.0,0.8776720657460111,299.0
Ecobee_Thermostat,300,3,6065,peer_scale_local_center,0.9998244795241363,0.9911798755847414,0.10981468771448182,1.0,0.8776720657460111,299.0
Ecobee_Thermostat,300,3,6065,shared_marginals,0.9998231983527797,0.991115495114557,0.11164493250972317,1.0,0.8776720657460111,299.0
Ecobee_Thermostat,300,3,6065,block_local_corr,0.9730462594371997,0.5323312283218885,0.02104781514527568,0.5526,0.8776720657460111,299.0
Ecobee_Thermostat,300,3,6065,block_peer_corr,0.9838894074582476,0.7759260958188333,0.014413177762525738,0.766,0.8776720657460111,299.0
Ecobee_Thermostat,300,3,6065,block_reliability,0.9728048043925874,0.532633103747978,0.02104781514527568,0.5546,0.8776720657460111,299.0
Ecobee_Thermostat,300,4,559,local_oas,0.9994700983756578,0.9733717776712434,0.059025394646533974,1.0,0.8781650296229246,299.0
Ecobee_Thermostat,300,4,559,peer_scale_local_center,0.9997790894532144,0.9888989674982094,0.04140928849233585,1.0,0.8781650296229246,299.0
Ecobee_Thermostat,300,4,559,shared_marginals,0.9998661175932282,0.9932722408657333,0.04072294669412034,1.0,0.8781650296229246,299.0
Ecobee_Thermostat,300,4,559,block_local_corr,0.9773981239990848,0.5497498933698463,0.0013726835964310226,0.0362,0.8781650296229246,299.0
Ecobee_Thermostat,300,4,559,block_peer_corr,0.9831617478837794,0.7876571831934782,0.004575611988103409,0.6388,0.8781650296229246,299.0
Ecobee_Thermostat,300,4,559,block_reliability,0.9773254632807138,0.5500341101526852,0.0013726835964310226,0.0362,0.8781650296229246,299.0
Ecobee_Thermostat,300,5,7040,local_oas,0.9995352550903684,0.9766459844406199,0.13612445664607642,1.0,0.8792993674000087,299.0
Ecobee_Thermostat,300,5,7040,peer_scale_local_center,0.999814230153283,0.9906648318232664,0.1253717684740334,1.0,0.8792993674000087,299.0
Ecobee_Thermostat,300,5,7040,shared_marginals,0.9998134065431251,0.9906234443781479,0.12834591626630062,1.0,0.8792993674000087,299.0
Ecobee_Thermostat,300,5,7040,block_local_corr,0.974138824067719,0.6066886020125795,0.0263097689315946,0.711,0.8792993674000087,299.0
Ecobee_Thermostat,300,5,7040,block_peer_corr,0.9832597574925647,0.7742591704806348,0.009608785175017159,0.721,0.8792993674000087,299.0
Ecobee_Thermostat,300,5,7040,block_reliability,0.9739741020361473,0.604671515895653,0.02722489132921528,0.7188,0.8792993674000087,299.0
Ecobee_Thermostat,300,6,4562,local_oas,0.9996346831388698,0.9816423687874283,0.17707618393960192,1.0,0.8797374441516581,299.0
Ecobee_Thermostat,300,6,4562,peer_scale_local_center,0.9997716769617937,0.9885264804921428,0.16884008236101578,1.0,0.8797374441516581,299.0
Ecobee_Thermostat,300,6,4562,shared_marginals,0.9998148249828415,0.990694722755852,0.17982155113246398,1.0,0.8797374441516581,299.0
Ecobee_Thermostat,300,6,4562,block_local_corr,0.982043468313887,0.6649004114601835,0.028368794326241134,0.799,0.8797374441516581,299.0
Ecobee_Thermostat,300,6,4562,block_peer_corr,0.9847453214367422,0.7964871946095151,0.022878059940517045,0.793,0.8797374441516581,299.0
Ecobee_Thermostat,300,6,4562,block_reliability,0.981758087394189,0.6630172827072908,0.02653854953099977,0.796,0.8797374441516581,299.0
Ecobee_Thermostat,300,7,5562,local_oas,0.9993439487531458,0.9670326006605896,0.10821322351864562,1.0,0.8792210529821908,299.0
Ecobee_Thermostat,300,7,5562,peer_scale_local_center,0.9998125371768475,0.9905797576305228,0.09563029055136124,1.0,0.8792210529821908,299.0
Ecobee_Thermostat,300,7,5562,shared_marginals,0.9998585220773278,0.9928905566496402,0.09380004575611989,1.0,0.8792210529821908,299.0
Ecobee_Thermostat,300,7,5562,block_local_corr,0.9786075497597805,0.5781615466948101,0.018760009151223975,0.5432,0.8792210529821908,299.0
Ecobee_Thermostat,300,7,5562,block_peer_corr,0.9848746282315259,0.7747717769814526,0.018073667353008464,0.7802,0.8792210529821908,299.0
Ecobee_Thermostat,300,7,5562,block_reliability,0.9784267215740106,0.5775641649105744,0.018988789750629148,0.5498,0.8792210529821908,299.0
Ecobee_Thermostat,1000,0,4697,local_oas,0.9987201098146877,0.9356839102858148,0.11873713109128346,1.0,0.9026244468113904,999.0
Ecobee_Thermostat,1000,0,4697,peer_scale_local_center,0.9994309311370396,0.971403574725607,0.11050102951269733,1.0,0.9026244468113904,999.0
Ecobee_Thermostat,1000,0,4697,shared_marginals,0.9994309768931595,0.9714058740281135,0.11370395790436971,1.0,0.9026244468113904,999.0
Ecobee_Thermostat,1000,0,4697,block_local_corr,0.9855577213452299,0.7048640135015043,0.022649279341111873,0.789,0.9026244468113904,999.0
Ecobee_Thermostat,1000,0,4697,block_peer_corr,0.9843837565774423,0.7890116793070823,0.02127659574468085,0.7826,0.9026244468113904,999.0
Ecobee_Thermostat,1000,0,4697,block_reliability,0.985331137039579,0.7043210792006245,0.022420498741706704,0.7892,0.9026244468113904,999.0
Ecobee_Thermostat,1000,1,6526,local_oas,0.9994993822923817,0.9748433312754576,0.0,0.7986,0.901306384429423,928.1251209908676
Ecobee_Thermostat,1000,1,6526,peer_scale_local_center,0.9997723175474719,0.9885586707272348,0.0036604895904827272,1.0,0.901306384429423,928.1251209908676
Ecobee_Thermostat,1000,1,6526,shared_marginals,0.9997723633035918,0.9885609700297415,0.0038892701898878973,1.0,0.901306384429423,928.1251209908676
Ecobee_Thermostat,1000,1,6526,block_local_corr,0.9807315946007779,0.6237834332955098,0.01555708075955159,0.575,0.901306384429423,928.1251209908676
Ecobee_Thermostat,1000,1,6526,block_peer_corr,0.9826972775108671,0.7750416921027006,0.01098146877144818,0.7402,0.901306384429423,928.1251209908676
Ecobee_Thermostat,1000,1,6526,block_reliability,0.9806084191260581,0.6232074810106354,0.01555708075955159,0.5778,0.901306384429423,928.1251209908676
Ecobee_Thermostat,1000,2,1124,local_oas,0.9990167924959963,0.9505925877385095,0.1169068862960421,1.0,0.9024976849905413,999.0
Ecobee_Thermostat,1000,2,1124,peer_scale_local_center,0.9994382063601006,0.9717691638241539,0.10478151452756806,1.0,0.9024976849905413,999.0
Ecobee_Thermostat,1000,2,1124,shared_marginals,0.9994847860901396,0.9741098537758571,0.10432395332875773,1.0,0.9024976849905413,999.0
Ecobee_Thermostat,1000,2,1124,block_local_corr,0.9737395561656371,0.5340080636538906,0.021734156943491192,0.6132,0.9024976849905413,999.0
Ecobee_Thermostat,1000,2,1124,block_peer_corr,0.982850743536948,0.7740509686386634,0.02196293754289636,0.7822,0.9024976849905413,999.0
Ecobee_Thermostat,1000,2,1124,block_reliability,0.9735574925646304,0.5336284258170284,0.022420498741706704,0.6188,0.9024976849905413,999.0
Ecobee_Thermostat,1000,3,653,local_oas,0.9991445435827041,0.9570122403368938,0.08876687256920614,1.0,0.9023310631576367,999.0
Ecobee_Thermostat,1000,3,653,peer_scale_local_center,0.9994146877144818,0.9705873223357695,0.0812171127888355,1.0,0.9023310631576367,999.0
Ecobee_Thermostat,1000,3,653,shared_marginals,0.9995047357584077,0.975112349668728,0.08304735758407687,1.0,0.9023310631576367,999.0
Ecobee_Thermostat,1000,3,653,block_local_corr,0.9776828185769846,0.6009018324291326,0.01029512697323267,0.3524,0.9023310631576367,999.0
Ecobee_Thermostat,1000,3,653,block_peer_corr,0.9830431480210479,0.7772310649564454,0.0061770761839396015,0.6662,0.9023310631576367,999.0
Ecobee_Thermostat,1000,3,653,block_reliability,0.9777600549073439,0.6006868016587168,0.01029512697323267,0.349,0.9023310631576367,999.0
Ecobee_Thermostat,1000,4,520,local_oas,0.9989444520704643,0.9469573904755992,0.04461221688400824,1.0,0.9023739502655516,999.0
Ecobee_Thermostat,1000,4,520,peer_scale_local_center,0.9994492793411118,0.9723255950307474,0.050331731869137496,1.0,0.9023739502655516,999.0
Ecobee_Thermostat,1000,4,520,shared_marginals,0.9994948981926334,0.9746179996298123,0.055364905056051246,1.0,0.9023739502655516,999.0
Ecobee_Thermostat,1000,4,520,block_local_corr,0.9783761610615419,0.6151010600934207,0.012811713566689545,0.4742,0.9023739502655516,999.0
Ecobee_Thermostat,1000,4,520,block_peer_corr,0.9829606497369022,0.7763695622932782,0.0066346373827499425,0.6766,0.9023739502655516,999.0
Ecobee_Thermostat,1000,4,520,block_reliability,0.9783531457332418,0.614762464806301,0.012811713566689545,0.467,0.9023739502655516,999.0
Ecobee_Thermostat,1000,5,1457,local_oas,0.9986736673530086,0.9333501182416315,0.10592541752459392,1.0,0.9027980640762461,999.0
Ecobee_Thermostat,1000,5,1457,peer_scale_local_center,0.9993840311141615,0.9690467896563577,0.09723175474719743,1.0,0.9027980640762461,999.0
Ecobee_Thermostat,1000,5,1457,shared_marginals,0.9994311141615191,0.9714127719356334,0.09700297414779227,1.0,0.9027980640762461,999.0
Ecobee_Thermostat,1000,5,1457,block_local_corr,0.9767787234042552,0.560993091745619,0.01967513154884466,0.637,0.9027980640762461,999.0
Ecobee_Thermostat,1000,5,1457,block_peer_corr,0.9832433310455274,0.777094348429404,0.01990391214824983,0.776,0.9027980640762461,999.0
Ecobee_Thermostat,1000,5,1457,block_reliability,0.976628094257607,0.5603391931057714,0.01967513154884466,0.637,0.9027980640762461,999.0
Ecobee_Thermostat,1000,6,6601,local_oas,0.9994550903683367,0.9726176064490837,0.0029741477922672157,1.0,0.9017689193232858,922.5212197672806
Ecobee_Thermostat,1000,6,6601,peer_scale_local_center,0.9994552276366964,0.9726245043566033,0.008007320979180966,1.0,0.9017689193232858,922.5212197672806
Ecobee_Thermostat,1000,6,6601,shared_marginals,0.9997274307938687,0.9863030549682754,0.008693662777396477,1.0,0.9017689193232858,922.5212197672806
Ecobee_Thermostat,1000,6,6601,block_local_corr,0.9791456874857013,0.616816063847032,0.02036147334706017,0.5956,0.9017689193232858,922.5212197672806
Ecobee_Thermostat,1000,6,6601,block_peer_corr,0.9825448181194235,0.7736785506116719,0.011439029970258523,0.738,0.9017689193232858,922.5212197672806
Ecobee_Thermostat,1000,6,6601,block_reliability,0.9791628917867764,0.6163099183862575,0.020132692747654998,0.5928,0.9017689193232858,922.5212197672806
Ecobee_Thermostat,1000,7,5361,local_oas,0.9983649050560514,0.9178344249271984,0.11256005490734386,1.0,0.9022322404786361,999.0
Ecobee_Thermostat,1000,7,5361,peer_scale_local_center,0.9994393960192176,0.9718289456893252,0.10638297872340426,1.0,0.9022322404786361,999.0
Ecobee_Thermostat,1000,7,5361,shared_marginals,0.9994861130176161,0.9741765335485479,0.10867078471745596,1.0,0.9022322404786361,999.0
Ecobee_Thermostat,1000,7,5361,block_local_corr,0.9820070921985815,0.6060089281916331,0.019217570350034317,0.6828,0.9022322404786361,999.0
Ecobee_Thermostat,1000,7,5361,block_peer_corr,0.9842514298787463,0.7815315194135859,0.0066346373827499425,0.6836,0.9022322404786361,999.0
Ecobee_Thermostat,1000,7,5361,block_reliability,0.981699611072981,0.6055925245076905,0.019217570350034317,0.6812,0.9022322404786361,999.0
Ennio_Doorbell,30,0,1901,local_oas,0.7156742,0.4975859296482412,0.2874,0.52,0.775016144582699,29.0
Ennio_Doorbell,30,0,1901,peer_scale_local_center,0.99895508,0.9474914572864321,0.157,1.0,0.775016144582699,29.0
Ennio_Doorbell,30,0,1901,shared_marginals,0.9989490799999999,0.9471899497487437,0.1598,1.0,0.775016144582699,29.0
Ennio_Doorbell,30,0,1901,block_local_corr,0.9955524800000001,0.7767738693467336,0.0062,0.5994,0.775016144582699,29.0
Ennio_Doorbell,30,0,1901,block_peer_corr,0.99911804,0.9556804020100502,0.1032,1.0,0.775016144582699,29.0
Ennio_Doorbell,30,0,1901,block_reliability,0.99470004,0.7741889447236181,0.0472,1.0,0.775016144582699,29.0
Ennio_Doorbell,30,1,9541,local_oas,0.9911206,0.7317427135678393,0.0,0.0,0.7181419457355824,29.0
Ennio_Doorbell,30,1,9541,peer_scale_local_center,0.9992911999999999,0.9643819095477386,0.0092,1.0,0.7181419457355824,29.0
Ennio_Doorbell,30,1,9541,shared_marginals,0.99928764,0.9642030150753769,0.0128,1.0,0.7181419457355824,29.0
Ennio_Doorbell,30,1,9541,block_local_corr,0.9654058,0.7447718592964825,0.0734,0.5642,0.7181419457355824,29.0
Ennio_Doorbell,30,1,9541,block_peer_corr,0.99868544,0.9339417085427135,0.0106,1.0,0.7181419457355824,29.0
Ennio_Doorbell,30,1,9541,block_reliability,0.96496788,0.7509326633165829,0.0738,0.6058,0.7181419457355824,29.0
Ennio_Doorbell,30,2,20908,local_oas,0.99814952,0.9071658291457287,0.0,0.0,0.7524550963567725,29.0
Ennio_Doorbell,30,2,20908,peer_scale_local_center,0.99884732,0.9420763819095477,0.017,1.0,0.7524550963567725,29.0
Ennio_Doorbell,30,2,20908,shared_marginals,0.99909024,0.9542834170854271,0.0268,1.0,0.7524550963567725,29.0
Ennio_Doorbell,30,2,20908,block_local_corr,0.9607096,0.7274613065326633,0.0494,0.5322,0.7524550963567725,29.0
Ennio_Doorbell,30,2,20908,block_peer_corr,0.99659104,0.8288180904522613,0.0178,0.9998,0.7524550963567725,29.0
Ennio_Doorbell,30,2,20908,block_reliability,0.96111916,0.7531055276381909,0.0786,0.601,0.7524550963567725,29.0
Ennio_Doorbell,30,3,17928,local_oas,0.9966938000000001,0.834211055276382,0.0,0.0,0.7210158398270801,27.12609339762235
Ennio_Doorbell,30,3,17928,peer_scale_local_center,0.9991882,0.9592060301507538,0.0122,1.0,0.7210158398270801,27.12609339762235
Ennio_Doorbell,30,3,17928,shared_marginals,0.99950256,0.9750030150753769,0.028,1.0,0.7210158398270801,27.12609339762235
Ennio_Doorbell,30,3,17928,block_local_corr,0.96442044,0.7374773869346735,0.0282,0.5282,0.7210158398270801,27.12609339762235
Ennio_Doorbell,30,3,17928,block_peer_corr,0.9976888,0.8839437185929648,0.0106,0.9998,0.7210158398270801,27.12609339762235
Ennio_Doorbell,30,3,17928,block_reliability,0.96542772,0.7487537688442212,0.0718,0.5774,0.7210158398270801,27.12609339762235
Ennio_Doorbell,30,4,23710,local_oas,0.8275511999999999,0.5780221105527639,0.295,0.5994,0.7741449628572965,29.0
Ennio_Doorbell,30,4,23710,peer_scale_local_center,0.99934016,0.9668422110552763,0.2606,1.0,0.7741449628572965,29.0
Ennio_Doorbell,30,4,23710,shared_marginals,0.9994877999999999,0.9742613065326633,0.2714,1.0,0.7741449628572965,29.0
Ennio_Doorbell,30,4,23710,block_local_corr,0.99314844,0.7724040201005026,0.256,1.0,0.7741449628572965,29.0
Ennio_Doorbell,30,4,23710,block_peer_corr,0.99498272,0.7964020100502514,0.1406,1.0,0.7741449628572965,29.0
Ennio_Doorbell,30,4,23710,block_reliability,0.99027796,0.7851095477386935,0.3408,1.0,0.7741449628572965,29.0
Ennio_Doorbell,30,5,15270,local_oas,0.9980317200000001,0.9013949748743718,0.0,0.0,0.6545248605751998,10.416451618365373
Ennio_Doorbell,30,5,15270,peer_scale_local_center,0.99909768,0.9546572864321607,0.0074,1.0,0.6545248605751998,10.416451618365373
Ennio_Doorbell,30,5,15270,shared_marginals,0.999102,0.9548743718592965,0.0206,1.0,0.6545248605751998,10.416451618365373
Ennio_Doorbell,30,5,15270,block_local_corr,0.96338092,0.7400924623115578,0.0816,0.9996,0.6545248605751998,10.416451618365373
Ennio_Doorbell,30,5,15270,block_peer_corr,0.99714132,0.8565185929648241,0.0078,0.9996,0.6545248605751998,10.416451618365373
Ennio_Doorbell,30,5,15270,block_reliability,0.96470188,0.7575236180904523,0.0806,0.9996,0.6545248605751998,10.416451618365373
Ennio_Doorbell,30,6,11589,local_oas,0.97625544,0.4985045226130653,0.0,0.0,0.7016110215913858,24.08924157383823
Ennio_Doorbell,30,6,11589,peer_scale_local_center,0.9999382,0.996894472361809,0.0096,1.0,0.7016110215913858,24.08924157383823
Ennio_Doorbell,30,6,11589,shared_marginals,0.99991424,0.9956904522613066,0.0888,1.0,0.7016110215913858,24.08924157383823
Ennio_Doorbell,30,6,11589,block_local_corr,0.99886268,0.943459296482412,0.0484,1.0,0.7016110215913858,24.08924157383823
Ennio_Doorbell,30,6,11589,block_peer_corr,0.99537384,0.7880100502512563,0.0734,1.0,0.7016110215913858,24.08924157383823
Ennio_Doorbell,30,6,11589,block_reliability,0.967315,0.7512381909547738,0.0776,1.0,0.7016110215913858,24.08924157383823
Ennio_Doorbell,30,7,11625,local_oas,0.9621711199999999,0.4983236180904523,0.0,0.0,0.5853968882188941,7.463550137433648
Ennio_Doorbell,30,7,11625,peer_scale_local_center,0.99996912,0.9984482412060302,0.0056,1.0,0.5853968882188941,7.463550137433648
Ennio_Doorbell,30,7,11625,shared_marginals,0.99996972,0.998478391959799,0.1178,1.0,0.5853968882188941,7.463550137433648
Ennio_Doorbell,30,7,11625,block_local_corr,0.95412748,0.6937527638190955,0.1024,1.0,0.5853968882188941,7.463550137433648
Ennio_Doorbell,30,7,11625,block_peer_corr,0.99772352,0.8861386934673366,0.083,1.0,0.5853968882188941,7.463550137433648
Ennio_Doorbell,30,7,11625,block_reliability,0.95547728,0.7317869346733669,0.1114,0.9998,0.5853968882188941,7.463550137433648
Ennio_Doorbell,100,0,19527,local_oas,0.99798748,0.8988683417085427,0.0964,1.0,0.797047776279318,29.027531494802243
Ennio_Doorbell,100,0,19527,peer_scale_local_center,0.99925276,0.9624502512562814,0.0296,1.0,0.797047776279318,29.027531494802243
Ennio_Doorbell,100,0,19527,shared_marginals,0.99925964,0.9627959798994974,0.0414,1.0,0.797047776279318,29.027531494802243
Ennio_Doorbell,100,0,19527,block_local_corr,0.9658604799999999,0.7320020100502513,0.003,0.5274,0.797047776279318,29.027531494802243
Ennio_Doorbell,100,0,19527,block_peer_corr,0.99731452,0.8652261306532663,0.0094,0.9998,0.797047776279318,29.027531494802243
Ennio_Doorbell,100,0,19527,block_reliability,0.96703768,0.7368562814070352,0.004,0.5312,0.797047776279318,29.027531494802243
Ennio_Doorbell,100,1,14185,local_oas,0.9976403199999999,0.8814231155778894,0.001,0.0006,0.8088798405956553,41.35356192647764
Ennio_Doorbell,100,1,14185,peer_scale_local_center,0.99895232,0.9473527638190955,0.1136,1.0,0.8088798405956553,41.35356192647764
Ennio_Doorbell,100,1,14185,shared_marginals,0.99926916,0.9632743718592964,0.118,1.0,0.8088798405956553,41.35356192647764
Ennio_Doorbell,100,1,14185,block_local_corr,0.9677975999999999,0.7388402010050251,0.0034,0.5306,0.8088798405956553,41.35356192647764
Ennio_Doorbell,100,1,14185,block_peer_corr,0.99688216,0.8434532663316583,0.017,0.9998,0.8088798405956553,41.35356192647764
Ennio_Doorbell,100,1,14185,block_reliability,0.9682698000000001,0.7525869346733669,0.0028,0.5314,0.8088798405956553,41.35356192647764
Ennio_Doorbell,100,2,15666,local_oas,0.9960704,0.8027939698492462,0.0554,1.0,0.8121817961849626,64.32581696443405
Ennio_Doorbell,100,2,15666,peer_scale_local_center,0.9993331200000001,0.9664884422110553,0.0486,1.0,0.8121817961849626,64.32581696443405
Ennio_Doorbell,100,2,15666,shared_marginals,0.999404,0.9700502512562814,0.0718,1.0,0.8121817961849626,64.32581696443405
Ennio_Doorbell,100,2,15666,block_local_corr,0.9690256399999999,0.7229788944723619,0.0048,0.5356,0.8121817961849626,64.32581696443405
Ennio_Doorbell,100,2,15666,block_peer_corr,0.99691752,0.8451015075376884,0.0362,1.0,0.8121817961849626,64.32581696443405
Ennio_Doorbell,100,2,15666,block_reliability,0.9700646,0.7373829145728643,0.0096,0.538,0.8121817961849626,64.32581696443405
Ennio_Doorbell,100,3,17587,local_oas,0.98781848,0.7303276381909548,0.0012,0.4046,0.8084053453959177,35.815999786518354
Ennio_Doorbell,100,3,17587,peer_scale_local_center,0.9747767199999999,0.7722572864321608,0.0,0.5282,0.8084053453959177,35.815999786518354
Ennio_Doorbell,100,3,17587,shared_marginals,0.9693476000000001,0.7736683417085428,0.0,0.5302,0.8084053453959177,35.815999786518354
Ennio_Doorbell,100,3,17587,block_local_corr,0.9880224,0.6931959798994975,0.0314,1.0,0.8084053453959177,35.815999786518354
Ennio_Doorbell,100,3,17587,block_peer_corr,0.9968426399999999,0.8416381909547739,0.0174,0.9998,0.8084053453959177,35.815999786518354
Ennio_Doorbell,100,3,17587,block_reliability,0.9617624,0.7381989949748744,0.029,0.5956,0.8084053453959177,35.815999786518354
Ennio_Doorbell,100,4,23963,local_oas,0.9972995600000001,0.8647195979899498,0.1876,1.0,0.8001366736417951,36.03547086729184
Ennio_Doorbell,100,4,23963,peer_scale_local_center,0.99948936,0.9743396984924624,0.1188,1.0,0.8001366736417951,36.03547086729184
Ennio_Doorbell,100,4,23963,shared_marginals,0.99949832,0.9747899497487438,0.1256,1.0,0.8001366736417951,36.03547086729184
Ennio_Doorbell,100,4,23963,block_local_corr,0.9632382799999999,0.7406150753768844,0.0084,0.5288,0.8001366736417951,36.03547086729184
Ennio_Doorbell,100,4,23963,block_peer_corr,0.99715252,0.8569105527638191,0.0308,1.0,0.8001366736417951,36.03547086729184
Ennio_Doorbell,100,4,23963,block_reliability,0.96426088,0.7434753768844221,0.0078,0.532,0.8001366736417951,36.03547086729184
Ennio_Doorbell,100,5,20898,local_oas,0.9973216,0.8654452261306533,0.2118,1.0,0.8198660126241116,45.93869269938566
Ennio_Doorbell,100,5,20898,peer_scale_local_center,0.99909532,0.9545386934673368,0.1288,1.0,0.8198660126241116,45.93869269938566
Ennio_Doorbell,100,5,20898,shared_marginals,0.99949952,0.9748502512562814,0.1196,1.0,0.8198660126241116,45.93869269938566
Ennio_Doorbell,100,5,20898,block_local_corr,0.9622771600000001,0.7445668341708542,0.0094,0.527,0.8198660126241116,45.93869269938566
Ennio_Doorbell,100,5,20898,block_peer_corr,0.99719968,0.8595175879396985,0.019,0.9996,0.8198660126241116,45.93869269938566
Ennio_Doorbell,100,5,20898,block_reliability,0.96245392,0.7521849246231156,0.022,0.5286,0.8198660126241116,45.93869269938566
Ennio_Doorbell,100,6,3569,local_oas,0.9915028,0.7307839195979899,0.0,0.0,0.8312189026959327,99.0
Ennio_Doorbell,100,6,3569,peer_scale_local_center,0.99883924,0.9416703517587939,0.0242,1.0,0.8312189026959327,99.0
Ennio_Doorbell,100,6,3569,shared_marginals,0.9991654799999999,0.9580643216080402,0.0268,1.0,0.8312189026959327,99.0
Ennio_Doorbell,100,6,3569,block_local_corr,0.96636624,0.7330894472361809,0.0712,0.9996,0.8312189026959327,99.0
Ennio_Doorbell,100,6,3569,block_peer_corr,0.9984550400000001,0.9223638190954774,0.0094,0.9998,0.8312189026959327,99.0
Ennio_Doorbell,100,6,3569,block_reliability,0.9664801599999999,0.7314753768844221,0.072,0.9996,0.8312189026959327,99.0
Ennio_Doorbell,100,7,24853,local_oas,0.99618688,0.8846030150753769,0.0014,0.0002,0.7968513897028152,32.60360879543347
Ennio_Doorbell,100,7,24853,peer_scale_local_center,0.99996364,0.998172864321608,0.4066,1.0,0.7968513897028152,32.60360879543347
Ennio_Doorbell,100,7,24853,shared_marginals,0.99955332,0.9775537688442211,0.492,1.0,0.7968513897028152,32.60360879543347
Ennio_Doorbell,100,7,24853,block_local_corr,0.98820984,0.6932944723618091,0.0056,0.536,0.7968513897028152,32.60360879543347
Ennio_Doorbell,100,7,24853,block_peer_corr,0.99695308,0.8469145728643216,0.0206,1.0,0.7968513897028152,32.60360879543347
Ennio_Doorbell,100,7,24853,block_reliability,0.96503076,0.7505045226130653,0.0052,0.5264,0.7968513897028152,32.60360879543347
Ennio_Doorbell,300,0,8351,local_oas,0.9532937599999999,0.7535316582914573,0.1448,0.9998,0.8728506699658984,299.0
Ennio_Doorbell,300,0,8351,peer_scale_local_center,0.9718372,0.7846532663316583,0.0742,0.9996,0.8728506699658984,299.0
Ennio_Doorbell,300,0,8351,shared_marginals,0.97212744,0.7865849246231156,0.0754,0.9996,0.8728506699658984,299.0
Ennio_Doorbell,300,0,8351,block_local_corr,0.9561884,0.7437065326633165,0.006,0.5246,0.8728506699658984,299.0
Ennio_Doorbell,300,0,8351,block_peer_corr,0.99857408,0.9283457286432162,0.009,0.9998,0.8728506699658984,299.0
Ennio_Doorbell,300,0,8351,block_reliability,0.9559979200000001,0.7457628140703518,0.0062,0.5246,0.8728506699658984,299.0
Ennio_Doorbell,300,1,22759,local_oas,0.9840264,0.710556783919598,0.0846,1.0,0.8588647260752862,89.85274358359516
Ennio_Doorbell,300,1,22759,peer_scale_local_center,0.9963202,0.8158271356783919,0.0448,1.0,0.8588647260752862,89.85274358359516
Ennio_Doorbell,300,1,22759,shared_marginals,0.99749544,0.8743195979899496,0.0534,1.0,0.8588647260752862,89.85274358359516
Ennio_Doorbell,300,1,22759,block_local_corr,0.96384556,0.7284562814070351,0.0048,0.527,0.8588647260752862,89.85274358359516
Ennio_Doorbell,300,1,22759,block_peer_corr,0.9963446,0.816540703517588,0.009,0.9996,0.8588647260752862,89.85274358359516
Ennio_Doorbell,300,1,22759,block_reliability,0.96360424,0.7329809045226131,0.0052,0.527,0.8588647260752862,89.85274358359516
Ennio_Doorbell,300,2,13004,local_oas,0.99058852,0.7178633165829146,0.0054,0.5196,0.862947262681504,94.92111804122786
Ennio_Doorbell,300,2,13004,peer_scale_local_center,0.9919509200000001,0.7702713567839197,0.0032,0.519,0.862947262681504,94.92111804122786
Ennio_Doorbell,300,2,13004,shared_marginals,0.9912795600000001,0.7793226130653267,0.0032,0.5202,0.862947262681504,94.92111804122786
Ennio_Doorbell,300,2,13004,block_local_corr,0.9510096,0.7638874371859297,0.0,0.1268,0.862947262681504,94.92111804122786
Ennio_Doorbell,300,2,13004,block_peer_corr,0.99626024,0.8127175879396985,0.0034,0.6006,0.862947262681504,94.92111804122786
Ennio_Doorbell,300,2,13004,block_reliability,0.95580332,0.7639939698492462,0.0,0.5004,0.862947262681504,94.92111804122786
Ennio_Doorbell,300,3,21401,local_oas,0.9972806,0.8633809045226131,0.3436,1.0,0.8581960462584048,94.88638299681166
Ennio_Doorbell,300,3,21401,peer_scale_local_center,0.9989926,0.9493768844221105,0.3204,1.0,0.8581960462584048,94.88638299681166
Ennio_Doorbell,300,3,21401,shared_marginals,0.99899668,0.9495819095477387,0.2992,1.0,0.8581960462584048,94.88638299681166
Ennio_Doorbell,300,3,21401,block_local_corr,0.9619565200000001,0.7230532663316583,0.011,0.531,0.8581960462584048,94.88638299681166
Ennio_Doorbell,300,3,21401,block_peer_corr,0.99625256,0.8118150753768845,0.02,0.9998,0.8581960462584048,94.88638299681166
Ennio_Doorbell,300,3,21401,block_reliability,0.96226068,0.7308623115577889,0.0108,0.5318,0.8581960462584048,94.88638299681166
Ennio_Doorbell,300,4,2668,local_oas,0.97848264,0.7526130653266332,0.118,1.0,0.8718291939993151,296.1775011921966
Ennio_Doorbell,300,4,2668,peer_scale_local_center,0.9984204,0.9206231155778895,0.0922,1.0,0.8718291939993151,296.1775011921966
Ennio_Doorbell,300,4,2668,shared_marginals,0.99849908,0.9245768844221105,0.0928,1.0,0.8718291939993151,296.1775011921966
Ennio_Doorbell,300,4,2668,block_local_corr,0.96531792,0.7466693467336684,0.0036,0.5218,0.8718291939993151,296.1775011921966
Ennio_Doorbell,300,4,2668,block_peer_corr,0.9984191600000001,0.9205608040201005,0.0102,1.0,0.8718291939993151,296.1775011921966
Ennio_Doorbell,300,4,2668,block_reliability,0.96548668,0.7464603015075377,0.0042,0.5222,0.8718291939993151,296.1775011921966
Ennio_Doorbell,300,5,19691,local_oas,0.9829938399999999,0.7001969849246231,0.2166,1.0,0.8599493441696842,90.42499416169703
Ennio_Doorbell,300,5,19691,peer_scale_local_center,0.9956008000000001,0.7792924623115578,0.2218,1.0,0.8599493441696842,90.42499416169703
Ennio_Doorbell,300,5,19691,shared_marginals,0.9959690800000001,0.7974452261306533,0.2214,1.0,0.8599493441696842,90.42499416169703
Ennio_Doorbell,300,5,19691,block_local_corr,0.9643326799999999,0.7249065326633166,0.0084,0.5234,0.8599493441696842,90.42499416169703
Ennio_Doorbell,300,5,19691,block_peer_corr,0.99668336,0.8334854271356784,0.0098,0.9998,0.8599493441696842,90.42499416169703
Ennio_Doorbell,300,5,19691,block_reliability,0.96426232,0.7293286432160804,0.009,0.5236,0.8599493441696842,90.42499416169703
Ennio_Doorbell,300,6,16791,local_oas,0.9883938,0.708219095477387,0.0026,0.4612,0.8449620117579796,113.47479901284183
Ennio_Doorbell,300,6,16791,peer_scale_local_center,0.98727064,0.7808522613065327,0.0,0.4602,0.8449620117579796,113.47479901284183
Ennio_Doorbell,300,6,16791,shared_marginals,0.97244912,0.7809668341708542,0.0,0.4614,0.8449620117579796,113.47479901284183
Ennio_Doorbell,300,6,16791,block_local_corr,0.9647595600000001,0.757764824120603,0.0,0.0986,0.8449620117579796,113.47479901284183
Ennio_Doorbell,300,6,16791,block_peer_corr,0.997788,0.889121608040201,0.0,0.4834,0.8449620117579796,113.47479901284183
Ennio_Doorbell,300,6,16791,block_reliability,0.9646053600000001,0.7576964824120602,0.0,0.1106,0.8449620117579796,113.47479901284183
Ennio_Doorbell,300,7,17509,local_oas,0.98157644,0.7157306532663317,0.0068,0.5256,0.8689997549690673,150.76815543419923
Ennio_Doorbell,300,7,17509,peer_scale_local_center,0.979382,0.7629587939698492,0.0152,0.5874,0.8689997549690673,150.76815543419923
Ennio_Doorbell,300,7,17509,shared_marginals,0.9755880400000001,0.7629648241206031,0.025,0.5946,0.8689997549690673,150.76815543419923
Ennio_Doorbell,300,7,17509,block_local_corr,0.97573212,0.7459477386934673,0.009,0.5948,0.8689997549690673,150.76815543419923
Ennio_Doorbell,300,7,17509,block_peer_corr,0.99757888,0.8784140703517589,0.0054,0.5948,0.8689997549690673,150.76815543419923
Ennio_Doorbell,300,7,17509,block_reliability,0.96491876,0.7520984924623115,0.0078,0.5928,0.8689997549690673,150.76815543419923
Ennio_Doorbell,1000,0,10820,local_oas,0.9752405199999999,0.6923537688442212,0.0026,0.4036,0.8939446199967517,338.7911745307302
Ennio_Doorbell,1000,0,10820,peer_scale_local_center,0.9793280799999999,0.7648804020100503,0.0,0.4578,0.8939446199967517,338.7911745307302
Ennio_Doorbell,1000,0,10820,shared_marginals,0.97714212,0.7665226130653267,0.0002,0.4622,0.8939446199967517,338.7911745307302
Ennio_Doorbell,1000,0,10820,block_local_corr,0.96974976,0.7934592964824121,0.0004,0.5336,0.8939446199967517,338.7911745307302
Ennio_Doorbell,1000,0,10820,block_peer_corr,0.9967466,0.8366351758793971,0.0038,0.5992,0.8939446199967517,338.7911745307302
Ennio_Doorbell,1000,0,10820,block_reliability,0.96974284,0.7932683417085427,0.0004,0.535,0.8939446199967517,338.7911745307302
Ennio_Doorbell,1000,1,23362,local_oas,0.9637891599999999,0.7402874371859296,0.0306,0.5232,0.8963316081762954,528.0313135933396
Ennio_Doorbell,1000,1,23362,peer_scale_local_center,0.97148088,0.759097487437186,0.0238,0.5232,0.8963316081762954,528.0313135933396
Ennio_Doorbell,1000,1,23362,shared_marginals,0.96979856,0.7585045226130653,0.0384,0.528,0.8963316081762954,528.0313135933396
Ennio_Doorbell,1000,1,23362,block_local_corr,0.96301196,0.7319115577889448,0.0044,0.5262,0.8963316081762954,528.0313135933396
Ennio_Doorbell,1000,1,23362,block_peer_corr,0.99694596,0.8465306532663317,0.0118,1.0,0.8963316081762954,528.0313135933396
Ennio_Doorbell,1000,1,23362,block_reliability,0.96252648,0.7328180904522612,0.0044,0.5262,0.8963316081762954,528.0313135933396
Ennio_Doorbell,1000,2,24409,local_oas,0.98622504,0.7191035175879397,0.0002,0.0,0.8758738679182223,348.5770853106588
Ennio_Doorbell,1000,2,24409,peer_scale_local_center,0.98930748,0.7789889447236181,0.0,0.0,0.8758738679182223,348.5770853106588
Ennio_Doorbell,1000,2,24409,shared_marginals,0.98609232,0.7834814070351759,0.0,0.0,0.8758738679182223,348.5770853106588
Ennio_Doorbell,1000,2,24409,block_local_corr,0.99418616,0.7711075376884422,0.0022,0.5302,0.8758738679182223,348.5770853106588
Ennio_Doorbell,1000,2,24409,block_peer_corr,0.9971438,0.8564723618090453,0.0004,0.5324,0.8758738679182223,348.5770853106588
Ennio_Doorbell,1000,2,24409,block_reliability,0.99404236,0.7717889447236181,0.0022,0.5302,0.8758738679182223,348.5770853106588
Ennio_Doorbell,1000,3,16516,local_oas,0.9916296,0.750902512562814,0.004,0.5264,0.8917009980494429,499.2667655932785
Ennio_Doorbell,1000,3,16516,peer_scale_local_center,0.9936906799999999,0.7907819095477386,0.0024,0.599,0.8917009980494429,499.2667655932785
Ennio_Doorbell,1000,3,16516,shared_marginals,0.9895758800000001,0.7906974874371859,0.0024,0.5994,0.8917009980494429,499.2667655932785
Ennio_Doorbell,1000,3,16516,block_local_corr,0.97097104,0.772980904522613,0.0,0.5202,0.8917009980494429,499.2667655932785
Ennio_Doorbell,1000,3,16516,block_peer_corr,0.9981144399999999,0.9055195979899497,0.0006,0.5844,0.8917009980494429,499.2667655932785
Ennio_Doorbell,1000,3,16516,block_reliability,0.9709326,0.7723979899497487,0.0,0.5208,0.8917009980494429,499.2667655932785
Ennio_Doorbell,1000,4,9240,local_oas,0.9598256000000001,0.7012422110552764,0.1366,1.0,0.8990591560778229,954.6540784795618
Ennio_Doorbell,1000,4,9240,peer_scale_local_center,0.9720077999999999,0.7710713567839196,0.1214,1.0,0.8990591560778229,954.6540784795618
Ennio_Doorbell,1000,4,9240,shared_marginals,0.97243164,0.7806472361809046,0.1188,1.0,0.8990591560778229,954.6540784795618
Ennio_Doorbell,1000,4,9240,block_local_corr,0.9674434399999999,0.7738532663316584,0.007,0.5888,0.8990591560778229,954.6540784795618
Ennio_Doorbell,1000,4,9240,block_peer_corr,0.9987332800000001,0.936345728643216,0.0052,0.9996,0.8990591560778229,954.6540784795618
Ennio_Doorbell,1000,4,9240,block_reliability,0.9664442799999999,0.7730693467336683,0.0074,0.5878,0.8990591560778229,954.6540784795618
Ennio_Doorbell,1000,5,18793,local_oas,0.9634164000000001,0.732313567839196,0.0006,0.3974,0.8923276125980872,466.84665717504765
Ennio_Doorbell,1000,5,18793,peer_scale_local_center,0.96808596,0.7469065326633166,0.0,0.4548,0.8923276125980872,466.84665717504765
Ennio_Doorbell,1000,5,18793,shared_marginals,0.9685610399999999,0.7485085427135678,0.0028,0.472,0.8923276125980872,466.84665717504765
Ennio_Doorbell,1000,5,18793,block_local_corr,0.95894796,0.7578211055276383,0.006,0.5254,0.8923276125980872,466.84665717504765
Ennio_Doorbell,1000,5,18793,block_peer_corr,0.9968718000000001,0.8429005025125629,0.0072,0.5934,0.8923276125980872,466.84665717504765
Ennio_Doorbell,1000,5,18793,block_reliability,0.9588023999999999,0.7575396984924623,0.006,0.5252,0.8923276125980872,466.84665717504765
Ennio_Doorbell,1000,6,24102,local_oas,0.99405924,0.7623557788944724,0.001,0.3984,0.8969166969960913,550.6399886388382
Ennio_Doorbell,1000,6,24102,peer_scale_local_center,0.99484136,0.7894472361809045,0.0,0.5278,0.8969166969960913,550.6399886388382
Ennio_Doorbell,1000,6,24102,shared_marginals,0.9944983599999999,0.78841608040201,0.0028,0.5706,0.8969166969960913,550.6399886388382
Ennio_Doorbell,1000,6,24102,block_local_corr,0.9671907599999999,0.7619698492462311,0.0032,0.5314,0.8969166969960913,550.6399886388382
Ennio_Doorbell,1000,6,24102,block_peer_corr,0.998013,0.9002351758793969,0.004,0.5972,0.8969166969960913,550.6399886388382
Ennio_Doorbell,1000,6,24102,block_reliability,0.96717684,0.7619778894472362,0.0032,0.5316,0.8969166969960913,550.6399886388382
Ennio_Doorbell,1000,7,9972,local_oas,0.9851945599999999,0.7507115577889447,0.068,1.0,0.9023854646984373,896.1832873212153
Ennio_Doorbell,1000,7,9972,peer_scale_local_center,0.99787544,0.893238190954774,0.0686,1.0,0.9023854646984373,896.1832873212153
Ennio_Doorbell,1000,7,9972,shared_marginals,0.9985468,0.9270633165829145,0.0682,1.0,0.9023854646984373,896.1832873212153
Ennio_Doorbell,1000,7,9972,block_local_corr,0.9705644800000001,0.7737085427135679,0.023,0.603,0.9023854646984373,896.1832873212153
Ennio_Doorbell,1000,7,9972,block_peer_corr,0.99854076,0.9266713567839197,0.0032,0.6058,0.9023854646984373,896.1832873212153
Ennio_Doorbell,1000,7,9972,block_reliability,0.9705642,0.7735939698492462,0.0234,0.603,0.9023854646984373,896.1832873212153
Philips_B120N10_Baby_Monitor,30,0,93544,local_oas,0.88921732,0.49748743718592964,0.0234,0.0,0.7585478424496092,29.0
Philips_B120N10_Baby_Monitor,30,0,93544,peer_scale_local_center,0.99182432,0.7153246231155779,0.0474,1.0,0.7585478424496092,29.0
Philips_B120N10_Baby_Monitor,30,0,93544,shared_marginals,0.99324384,0.7521206030150754,0.0572,1.0,0.7585478424496092,29.0
Philips_B120N10_Baby_Monitor,30,0,93544,block_local_corr,0.98694996,0.526156783919598,0.0234,0.9886,0.7585478424496092,29.0
Philips_B120N10_Baby_Monitor,30,0,93544,block_peer_corr,0.98266272,0.5169527638190955,0.0528,1.0,0.7585478424496092,29.0
Philips_B120N10_Baby_Monitor,30,0,93544,block_reliability,0.98419604,0.5230532663316583,0.0256,0.9866,0.7585478424496092,29.0
Philips_B120N10_Baby_Monitor,30,1,83559,local_oas,0.94389276,0.49748743718592964,0.0504,0.0,0.7037235825208483,26.02914433862224
Philips_B120N10_Baby_Monitor,30,1,83559,peer_scale_local_center,0.99401028,0.7022090452261307,0.263,1.0,0.7037235825208483,26.02914433862224
Philips_B120N10_Baby_Monitor,30,1,83559,shared_marginals,0.99506236,0.7525628140703517,0.3372,1.0,0.7037235825208483,26.02914433862224
Philips_B120N10_Baby_Monitor,30,1,83559,block_local_corr,0.98472084,0.5288381909547739,0.185,1.0,0.7037235825208483,26.02914433862224
Philips_B120N10_Baby_Monitor,30,1,83559,block_peer_corr,0.9821547200000001,0.5196562814070351,0.1164,1.0,0.7037235825208483,26.02914433862224
Philips_B120N10_Baby_Monitor,30,1,83559,block_reliability,0.98363384,0.5181306532663317,0.1888,1.0,0.7037235825208483,26.02914433862224
Philips_B120N10_Baby_Monitor,30,2,3482,local_oas,0.9962186,0.8312562814070352,0.0,0.0,0.7485038386820458,28.447168156474625
Philips_B120N10_Baby_Monitor,30,2,3482,peer_scale_local_center,0.996599,0.8292180904522612,0.0348,1.0,0.7485038386820458,28.447168156474625
Philips_B120N10_Baby_Monitor,30,2,3482,shared_marginals,0.99701076,0.8498110552763819,0.055,1.0,0.7485038386820458,28.447168156474625
Philips_B120N10_Baby_Monitor,30,2,3482,block_local_corr,0.98917352,0.6329427135678392,0.0412,0.9996,0.7485038386820458,28.447168156474625
Philips_B120N10_Baby_Monitor,30,2,3482,block_peer_corr,0.98158124,0.5094854271356783,0.072,1.0,0.7485038386820458,28.447168156474625
Philips_B120N10_Baby_Monitor,30,2,3482,block_reliability,0.9855499999999999,0.5254050251256281,0.0482,0.9996,0.7485038386820458,28.447168156474625
Philips_B120N10_Baby_Monitor,30,3,30497,local_oas,0.9999047200000001,0.9952120603015076,0.0,0.0,0.6951847505747135,15.98746176697272
Philips_B120N10_Baby_Monitor,30,3,30497,peer_scale_local_center,0.99708912,0.8538673366834171,0.0328,1.0,0.6951847505747135,15.98746176697272
Philips_B120N10_Baby_Monitor,30,3,30497,shared_marginals,0.99757032,0.8779517587939698,0.0388,1.0,0.6951847505747135,15.98746176697272
Philips_B120N10_Baby_Monitor,30,3,30497,block_local_corr,0.99561564,0.7879256281407037,0.035,1.0,0.6951847505747135,15.98746176697272
Philips_B120N10_Baby_Monitor,30,3,30497,block_peer_corr,0.9817759199999999,0.5128562814070352,0.1514,1.0,0.6951847505747135,15.98746176697272
Philips_B120N10_Baby_Monitor,30,3,30497,block_reliability,0.99360956,0.7185527638190955,0.0774,1.0,0.6951847505747135,15.98746176697272
Philips_B120N10_Baby_Monitor,30,4,51981,local_oas,0.9410215999999999,0.49748743718592964,0.0,0.0,0.6944371424181645,22.179903337877793
Philips_B120N10_Baby_Monitor,30,4,51981,peer_scale_local_center,0.99397508,0.702548743718593,0.1378,1.0,0.6944371424181645,22.179903337877793
Philips_B120N10_Baby_Monitor,30,4,51981,shared_marginals,0.99467708,0.7331798994974874,0.224,1.0,0.6944371424181645,22.179903337877793
Philips_B120N10_Baby_Monitor,30,4,51981,block_local_corr,0.98003284,0.5096582914572865,0.215,1.0,0.6944371424181645,22.179903337877793
Philips_B120N10_Baby_Monitor,30,4,51981,block_peer_corr,0.98174112,0.5211879396984924,0.0752,1.0,0.6944371424181645,22.179903337877793
Philips_B120N10_Baby_Monitor,30,4,51981,block_reliability,0.98126228,0.5131316582914572,0.2114,1.0,0.6944371424181645,22.179903337877793
Philips_B120N10_Baby_Monitor,30,5,80650,local_oas,0.94696068,0.49748743718592964,0.047,0.0,0.7399093728825684,29.0
Philips_B120N10_Baby_Monitor,30,5,80650,peer_scale_local_center,0.9932118000000001,0.6639115577889447,0.2058,1.0,0.7399093728825684,29.0
Philips_B120N10_Baby_Monitor,30,5,80650,shared_marginals,0.9941606799999999,0.7070231155778894,0.2308,1.0,0.7399093728825684,29.0
Philips_B120N10_Baby_Monitor,30,5,80650,block_local_corr,0.97835972,0.5078914572864321,0.1918,1.0,0.7399093728825684,29.0
Philips_B120N10_Baby_Monitor,30,5,80650,block_peer_corr,0.9815784399999999,0.5138492462311558,0.0812,1.0,0.7399093728825684,29.0
Philips_B120N10_Baby_Monitor,30,5,80650,block_reliability,0.97804204,0.509835175879397,0.1984,1.0,0.7399093728825684,29.0
Philips_B120N10_Baby_Monitor,30,6,3589,local_oas,0.9997724,0.9888020100502513,0.0,0.0,0.7508322085137609,27.480881860196906
Philips_B120N10_Baby_Monitor,30,6,3589,peer_scale_local_center,0.99585964,0.7923236180904523,0.0764,1.0,0.7508322085137609,27.480881860196906
Philips_B120N10_Baby_Monitor,30,6,3589,shared_marginals,0.99637248,0.8177849246231157,0.0914,1.0,0.7508322085137609,27.480881860196906
Philips_B120N10_Baby_Monitor,30,6,3589,block_local_corr,0.98681792,0.5432482412060302,0.1106,1.0,0.7508322085137609,27.480881860196906
Philips_B120N10_Baby_Monitor,30,6,3589,block_peer_corr,0.9818958799999999,0.5200582914572864,0.0932,1.0,0.7508322085137609,27.480881860196906
Philips_B120N10_Baby_Monitor,30,6,3589,block_reliability,0.98483188,0.5283718592964824,0.1046,1.0,0.7508322085137609,27.480881860196906
Philips_B120N10_Baby_Monitor,30,7,13984,local_oas,0.94997388,0.49748743718592964,0.0178,0.0,0.6931922980411808,22.18208907829346
Philips_B120N10_Baby_Monitor,30,7,13984,peer_scale_local_center,0.9963794,0.8182110552763819,0.1552,1.0,0.6931922980411808,22.18208907829346
Philips_B120N10_Baby_Monitor,30,7,13984,shared_marginals,0.99665708,0.8321045226130653,0.197,1.0,0.6931922980411808,22.18208907829346
Philips_B120N10_Baby_Monitor,30,7,13984,block_local_corr,0.9831421200000001,0.5372924623115578,0.1464,1.0,0.6931922980411808,22.18208907829346
Philips_B120N10_Baby_Monitor,30,7,13984,block_peer_corr,0.98384544,0.5164763819095477,0.0728,1.0,0.6931922980411808,22.18208907829346
Philips_B120N10_Baby_Monitor,30,7,13984,block_reliability,0.98441532,0.5146713567839196,0.1398,1.0,0.6931922980411808,22.18208907829346
Philips_B120N10_Baby_Monitor,100,0,11224,local_oas,0.9252367199999999,0.49748743718592964,0.0536,0.0,0.812835351221402,64.70018563196001
Philips_B120N10_Baby_Monitor,100,0,11224,peer_scale_local_center,0.9940122400000001,0.714313567839196,0.337,1.0,0.812835351221402,64.70018563196001
Philips_B120N10_Baby_Monitor,100,0,11224,shared_marginals,0.99442328,0.7225085427135678,0.3394,1.0,0.812835351221402,64.70018563196001
Philips_B120N10_Baby_Monitor,100,0,11224,block_local_corr,0.98071268,0.5099778894472362,0.235,1.0,0.812835351221402,64.70018563196001
Philips_B120N10_Baby_Monitor,100,0,11224,block_peer_corr,0.98315876,0.5185708542713567,0.0806,1.0,0.812835351221402,64.70018563196001
Philips_B120N10_Baby_Monitor,100,0,11224,block_reliability,0.98010304,0.5102391959798995,0.2582,1.0,0.812835351221402,64.70018563196001
Philips_B120N10_Baby_Monitor,100,1,38187,local_oas,0.9383455599999999,0.49748743718592964,0.8776,1.0,0.8220923243318209,75.19917947636232
Philips_B120N10_Baby_Monitor,100,1,38187,peer_scale_local_center,0.99377932,0.7063035175879397,0.7134,1.0,0.8220923243318209,75.19917947636232
Philips_B120N10_Baby_Monitor,100,1,38187,shared_marginals,0.99480948,0.7426190954773869,0.718,1.0,0.8220923243318209,75.19917947636232
Philips_B120N10_Baby_Monitor,100,1,38187,block_local_corr,0.9826530000000001,0.5150653266331658,0.2554,1.0,0.8220923243318209,75.19917947636232
Philips_B120N10_Baby_Monitor,100,1,38187,block_peer_corr,0.97939136,0.5133809045226131,0.085,1.0,0.8220923243318209,75.19917947636232
Philips_B120N10_Baby_Monitor,100,1,38187,block_reliability,0.9819485599999999,0.5167819095477387,0.2248,1.0,0.8220923243318209,75.19917947636232
Philips_B120N10_Baby_Monitor,100,2,4461,local_oas,0.9999359999999999,0.99678391959799,0.9056,1.0,0.8283099822204542,90.99293776842323
Philips_B120N10_Baby_Monitor,100,2,4461,peer_scale_local_center,0.99620844,0.8094693467336683,0.2016,1.0,0.8283099822204542,90.99293776842323
Philips_B120N10_Baby_Monitor,100,2,4461,shared_marginals,0.9966928,0.8338090452261306,0.254,1.0,0.8283099822204542,90.99293776842323
Philips_B120N10_Baby_Monitor,100,2,4461,block_local_corr,0.99100796,0.5678773869346734,0.0568,1.0,0.8283099822204542,90.99293776842323
Philips_B120N10_Baby_Monitor,100,2,4461,block_peer_corr,0.98498396,0.5205809045226131,0.0338,1.0,0.8283099822204542,90.99293776842323
Philips_B120N10_Baby_Monitor,100,2,4461,block_reliability,0.99110256,0.5772241206030151,0.0444,1.0,0.8283099822204542,90.99293776842323
Philips_B120N10_Baby_Monitor,100,3,15505,local_oas,0.93967476,0.49748743718592964,0.0488,0.0,0.817158317211816,67.24507783879406
Philips_B120N10_Baby_Monitor,100,3,15505,peer_scale_local_center,0.99729044,0.8641688442211055,0.8546,1.0,0.817158317211816,67.24507783879406
Philips_B120N10_Baby_Monitor,100,3,15505,shared_marginals,0.9974716,0.8732261306532663,0.8512,1.0,0.817158317211816,67.24507783879406
Philips_B120N10_Baby_Monitor,100,3,15505,block_local_corr,0.9884572,0.5413668341708543,0.1218,1.0,0.817158317211816,67.24507783879406
Philips_B120N10_Baby_Monitor,100,3,15505,block_peer_corr,0.9858123999999999,0.509678391959799,0.0622,1.0,0.817158317211816,67.24507783879406
Philips_B120N10_Baby_Monitor,100,3,15505,block_reliability,0.9881939200000001,0.5358512562814071,0.12,1.0,0.817158317211816,67.24507783879406
Philips_B120N10_Baby_Monitor,100,4,50054,local_oas,0.9999947600000001,0.9997628140703518,0.0,0.0,0.63300421503947,11.461654449232357
Philips_B120N10_Baby_Monitor,100,4,50054,peer_scale_local_center,0.99841184,0.9201969849246231,0.0,0.0,0.63300421503947,11.461654449232357
Philips_B120N10_Baby_Monitor,100,4,50054,shared_marginals,0.99575404,0.7866492462311557,0.0,0.0,0.63300421503947,11.461654449232357
Philips_B120N10_Baby_Monitor,100,4,50054,block_local_corr,0.98837628,0.6333788944723618,0.0,0.0,0.63300421503947,11.461654449232357
Philips_B120N10_Baby_Monitor,100,4,50054,block_peer_corr,0.9798709199999999,0.507513567839196,0.0004,0.0002,0.63300421503947,11.461654449232357
Philips_B120N10_Baby_Monitor,100,4,50054,block_reliability,0.9896421199999998,0.6515678391959798,0.0,0.0004,0.63300421503947,11.461654449232357
Philips_B120N10_Baby_Monitor,100,5,79167,local_oas,0.9191880800000001,0.49748743718592964,0.1008,0.8804,0.8224014856398142,80.27696091762344
Philips_B120N10_Baby_Monitor,100,5,79167,peer_scale_local_center,0.99357052,0.6805768844221105,0.534,1.0,0.8224014856398142,80.27696091762344
Philips_B120N10_Baby_Monitor,100,5,79167,shared_marginals,0.9945895999999999,0.728791959798995,0.5206,1.0,0.8224014856398142,80.27696091762344
Philips_B120N10_Baby_Monitor,100,5,79167,block_local_corr,0.9834037999999999,0.5236201005025125,0.275,1.0,0.8224014856398142,80.27696091762344
Philips_B120N10_Baby_Monitor,100,5,79167,block_peer_corr,0.982466,0.5212301507537689,0.0888,1.0,0.8224014856398142,80.27696091762344
Philips_B120N10_Baby_Monitor,100,5,79167,block_reliability,0.9820556400000001,0.5235879396984925,0.2918,1.0,0.8224014856398142,80.27696091762344
Philips_B120N10_Baby_Monitor,100,6,30928,local_oas,0.9967958800000001,0.8599859296482413,0.321,1.0,0.8184174911893941,73.44827567615881
Philips_B120N10_Baby_Monitor,100,6,30928,peer_scale_local_center,0.99769676,0.8842592964824121,0.4388,1.0,0.8184174911893941,73.44827567615881
Philips_B120N10_Baby_Monitor,100,6,30928,shared_marginals,0.99790488,0.8947175879396985,0.4928,1.0,0.8184174911893941,73.44827567615881
Philips_B120N10_Baby_Monitor,100,6,30928,block_local_corr,0.98994264,0.5888984924623115,0.1998,1.0,0.8184174911893941,73.44827567615881
Philips_B120N10_Baby_Monitor,100,6,30928,block_peer_corr,0.983358,0.5139557788944724,0.0766,1.0,0.8184174911893941,73.44827567615881
Philips_B120N10_Baby_Monitor,100,6,30928,block_reliability,0.98854096,0.5555758793969849,0.2192,1.0,0.8184174911893941,73.44827567615881
Philips_B120N10_Baby_Monitor,100,7,96917,local_oas,0.9374271999999999,0.49748743718592964,0.436,1.0,0.8282794380637363,82.50351145022938
Philips_B120N10_Baby_Monitor,100,7,96917,peer_scale_local_center,0.9916028,0.6024201005025126,0.5816,1.0,0.8282794380637363,82.50351145022938
Philips_B120N10_Baby_Monitor,100,7,96917,shared_marginals,0.99321844,0.6621045226130653,0.5958,1.0,0.8282794380637363,82.50351145022938
Philips_B120N10_Baby_Monitor,100,7,96917,block_local_corr,0.98184472,0.5121768844221105,0.342,1.0,0.8282794380637363,82.50351145022938
Philips_B120N10_Baby_Monitor,100,7,96917,block_peer_corr,0.9789141599999999,0.5063417085427135,0.1058,1.0,0.8282794380637363,82.50351145022938
Philips_B120N10_Baby_Monitor,100,7,96917,block_reliability,0.9819194,0.5132502512562814,0.3212,1.0,0.8282794380637363,82.50351145022938
Philips_B120N10_Baby_Monitor,300,0,27519,local_oas,0.93679428,0.6534753768844221,0.1554,0.806,0.8739852336098437,237.32769207905545
Philips_B120N10_Baby_Monitor,300,0,27519,peer_scale_local_center,0.99017676,0.8268562814070352,0.0934,1.0,0.8739852336098437,237.32769207905545
Philips_B120N10_Baby_Monitor,300,0,27519,shared_marginals,0.99262596,0.840235175879397,0.0784,1.0,0.8739852336098437,237.32769207905545
Philips_B120N10_Baby_Monitor,300,0,27519,block_local_corr,0.995076,0.7534693467336684,0.0736,1.0,0.8739852336098437,237.32769207905545
Philips_B120N10_Baby_Monitor,300,0,27519,block_peer_corr,0.98422896,0.5220623115577889,0.066,1.0,0.8739852336098437,237.32769207905545
Philips_B120N10_Baby_Monitor,300,0,27519,block_reliability,0.99419076,0.7319638190954774,0.077,1.0,0.8739852336098437,237.32769207905545
Philips_B120N10_Baby_Monitor,300,1,73735,local_oas,0.9209312800000001,0.49748743718592964,0.6244,1.0,0.8700139841725244,221.12488612225792
Philips_B120N10_Baby_Monitor,300,1,73735,peer_scale_local_center,0.9916868400000001,0.6038914572864321,0.5852,1.0,0.8700139841725244,221.12488612225792
Philips_B120N10_Baby_Monitor,300,1,73735,shared_marginals,0.9934108000000001,0.6697045226130653,0.5836,1.0,0.8700139841725244,221.12488612225792
Philips_B120N10_Baby_Monitor,300,1,73735,block_local_corr,0.9817225600000001,0.523537688442211,0.2462,1.0,0.8700139841725244,221.12488612225792
Philips_B120N10_Baby_Monitor,300,1,73735,block_peer_corr,0.9798838000000001,0.513827135678392,0.0776,1.0,0.8700139841725244,221.12488612225792
Philips_B120N10_Baby_Monitor,300,1,73735,block_reliability,0.98065188,0.5233949748743718,0.245,1.0,0.8700139841725244,221.12488612225792
Philips_B120N10_Baby_Monitor,300,2,7078,local_oas,0.99963316,0.9815658291457287,0.0,0.0,0.6355008766257505,17.662327498467484
Philips_B120N10_Baby_Monitor,300,2,7078,peer_scale_local_center,0.99722256,0.8604582914572865,0.0094,0.9986,0.6355008766257505,17.662327498467484
Philips_B120N10_Baby_Monitor,300,2,7078,shared_marginals,0.99415056,0.7063437185929649,0.0104,0.9982,0.6355008766257505,17.662327498467484
Philips_B120N10_Baby_Monitor,300,2,7078,block_local_corr,0.9801374799999999,0.552424120603015,0.0108,0.2884,0.6355008766257505,17.662327498467484
Philips_B120N10_Baby_Monitor,300,2,7078,block_peer_corr,0.98003252,0.5083819095477387,0.0076,0.0364,0.6355008766257505,17.662327498467484
Philips_B120N10_Baby_Monitor,300,2,7078,block_reliability,0.9786212000000001,0.5466391959798995,0.0116,0.2604,0.6355008766257505,17.662327498467484
Philips_B120N10_Baby_Monitor,300,3,42509,local_oas,0.99985496,0.9927115577889447,0.4138,1.0,0.8721071623509751,242.08932304005947
Philips_B120N10_Baby_Monitor,300,3,42509,peer_scale_local_center,0.9974034,0.8695175879396985,0.2876,1.0,0.8721071623509751,242.08932304005947
Philips_B120N10_Baby_Monitor,300,3,42509,shared_marginals,0.9980243599999999,0.9007216080402011,0.28,1.0,0.8721071623509751,242.08932304005947
Philips_B120N10_Baby_Monitor,300,3,42509,block_local_corr,0.98949212,0.5452582914572864,0.1928,1.0,0.8721071623509751,242.08932304005947
Philips_B120N10_Baby_Monitor,300,3,42509,block_peer_corr,0.98383952,0.5262170854271356,0.0968,1.0,0.8721071623509751,242.08932304005947
Philips_B120N10_Baby_Monitor,300,3,42509,block_reliability,0.98894956,0.5414170854271356,0.224,1.0,0.8721071623509751,242.08932304005947
Philips_B120N10_Baby_Monitor,300,4,86110,local_oas,0.99973324,0.9867497487437186,0.4624,1.0,0.8682574738593136,212.1285447156688
Philips_B120N10_Baby_Monitor,300,4,86110,peer_scale_local_center,0.9975870400000001,0.8787457286432161,0.363,1.0,0.8682574738593136,212.1285447156688
Philips_B120N10_Baby_Monitor,300,4,86110,shared_marginals,0.9977320000000001,0.8860301507537689,0.3684,1.0,0.8682574738593136,212.1285447156688
Philips_B120N10_Baby_Monitor,300,4,86110,block_local_corr,0.98673976,0.5370251256281408,0.1708,1.0,0.8682574738593136,212.1285447156688
Philips_B120N10_Baby_Monitor,300,4,86110,block_peer_corr,0.9822295999999999,0.5173668341708543,0.0758,1.0,0.8682574738593136,212.1285447156688
Philips_B120N10_Baby_Monitor,300,4,86110,block_reliability,0.98573952,0.5360221105527638,0.1748,1.0,0.8682574738593136,212.1285447156688
Philips_B120N10_Baby_Monitor,300,5,40478,local_oas,0.95134052,0.6530572864321608,0.4008,1.0,0.8737792961508803,237.22397980650706
Philips_B120N10_Baby_Monitor,300,5,40478,peer_scale_local_center,0.98807448,0.7241688442211056,0.3414,1.0,0.8737792961508803,237.22397980650706
Philips_B120N10_Baby_Monitor,300,5,40478,shared_marginals,0.9903048,0.7422773869346735,0.3314,1.0,0.8737792961508803,237.22397980650706
Philips_B120N10_Baby_Monitor,300,5,40478,block_local_corr,0.9901381599999999,0.5833286432160805,0.1812,1.0,0.8737792961508803,237.22397980650706
Philips_B120N10_Baby_Monitor,300,5,40478,block_peer_corr,0.9804088400000001,0.5138030150753768,0.0894,1.0,0.8737792961508803,237.22397980650706
Philips_B120N10_Baby_Monitor,300,5,40478,block_reliability,0.98881024,0.5782552763819095,0.2058,1.0,0.8737792961508803,237.22397980650706
Philips_B120N10_Baby_Monitor,300,6,113531,local_oas,0.99994376,0.9971738693467336,0.4526,1.0,0.870658951240592,222.583193163586
Philips_B120N10_Baby_Monitor,300,6,113531,peer_scale_local_center,0.99857164,0.9284301507537689,0.9394,1.0,0.870658951240592,222.583193163586
Philips_B120N10_Baby_Monitor,300,6,113531,shared_marginals,0.99832436,0.915991959798995,0.922,1.0,0.870658951240592,222.583193163586
Philips_B120N10_Baby_Monitor,300,6,113531,block_local_corr,0.98791888,0.592259296482412,0.1844,1.0,0.870658951240592,222.583193163586
Philips_B120N10_Baby_Monitor,300,6,113531,block_peer_corr,0.9810815600000001,0.5152763819095477,0.084,1.0,0.870658951240592,222.583193163586
Philips_B120N10_Baby_Monitor,300,6,113531,block_reliability,0.9875058800000001,0.5708964824120604,0.1876,1.0,0.870658951240592,222.583193163586
Philips_B120N10_Baby_Monitor,300,7,9690,local_oas,0.9998849200000001,0.9942170854271357,0.0,0.0,0.7565254378800155,34.76158182511306
Philips_B120N10_Baby_Monitor,300,7,9690,peer_scale_local_center,0.9998319200000001,0.9915537688442211,0.0,0.0,0.7565254378800155,34.76158182511306
Philips_B120N10_Baby_Monitor,300,7,9690,shared_marginals,0.9994481599999999,0.9722693467336684,0.0,0.0,0.7565254378800155,34.76158182511306
Philips_B120N10_Baby_Monitor,300,7,9690,block_local_corr,0.98055528,0.6766874371859296,0.0,0.0,0.7565254378800155,34.76158182511306
Philips_B120N10_Baby_Monitor,300,7,9690,block_peer_corr,0.9850756,0.5119537688442211,0.0,0.0,0.7565254378800155,34.76158182511306
Philips_B120N10_Baby_Monitor,300,7,9690,block_reliability,0.9910457999999999,0.674283417085427,0.0,0.0,0.7565254378800155,34.76158182511306
Philips_B120N10_Baby_Monitor,1000,0,56633,local_oas,0.99989448,0.9946974874371859,0.0,0.0,0.8471773879251063,130.05634478771725
Philips_B120N10_Baby_Monitor,1000,0,56633,peer_scale_local_center,0.99986576,0.993254271356784,0.0,0.0,0.8471773879251063,130.05634478771725
Philips_B120N10_Baby_Monitor,1000,0,56633,shared_marginals,0.99965884,0.9828562814070352,0.0,0.0,0.8471773879251063,130.05634478771725
Philips_B120N10_Baby_Monitor,1000,0,56633,block_local_corr,0.9905629600000001,0.6593165829145728,0.0036,0.266,0.8471773879251063,130.05634478771725
Philips_B120N10_Baby_Monitor,1000,0,56633,block_peer_corr,0.98217212,0.5141869346733668,0.012,0.144,0.8471773879251063,130.05634478771725
Philips_B120N10_Baby_Monitor,1000,0,56633,block_reliability,0.9897114,0.6460442211055276,0.0038,0.223,0.8471773879251063,130.05634478771725
Philips_B120N10_Baby_Monitor,1000,1,33053,local_oas,0.97038488,0.7510934673366835,0.4048,1.0,0.900015552649568,708.0359409661097
Philips_B120N10_Baby_Monitor,1000,1,33053,peer_scale_local_center,0.9966307200000001,0.83081608040201,0.3024,1.0,0.900015552649568,708.0359409661097
Philips_B120N10_Baby_Monitor,1000,1,33053,shared_marginals,0.99796204,0.8976301507537688,0.2982,1.0,0.900015552649568,708.0359409661097
Philips_B120N10_Baby_Monitor,1000,1,33053,block_local_corr,0.98487948,0.5332381909547739,0.2238,1.0,0.900015552649568,708.0359409661097
Philips_B120N10_Baby_Monitor,1000,1,33053,block_peer_corr,0.98041516,0.5125286432160804,0.0806,1.0,0.900015552649568,708.0359409661097
Philips_B120N10_Baby_Monitor,1000,1,33053,block_reliability,0.98387204,0.5271376884422111,0.2212,1.0,0.900015552649568,708.0359409661097
Philips_B120N10_Baby_Monitor,1000,2,5099,local_oas,0.9991085199999999,0.9552020100502512,0.173,1.0,0.8992322555843401,690.6265093431954
Philips_B120N10_Baby_Monitor,1000,2,5099,peer_scale_local_center,0.99673984,0.836172864321608,0.1568,1.0,0.8992322555843401,690.6265093431954
Philips_B120N10_Baby_Monitor,1000,2,5099,shared_marginals,0.99670616,0.834540703517588,0.1664,1.0,0.8992322555843401,690.6265093431954
Philips_B120N10_Baby_Monitor,1000,2,5099,block_local_corr,0.9908432800000001,0.5879396984924623,0.154,1.0,0.8992322555843401,690.6265093431954
Philips_B120N10_Baby_Monitor,1000,2,5099,block_peer_corr,0.9819552800000001,0.5168180904522613,0.085,1.0,0.8992322555843401,690.6265093431954
Philips_B120N10_Baby_Monitor,1000,2,5099,block_reliability,0.9894826,0.5742190954773869,0.1566,1.0,0.8992322555843401,690.6265093431954
Philips_B120N10_Baby_Monitor,1000,3,45436,local_oas,0.9886690800000001,0.5671597989949748,0.0,0.0,0.8184819979867968,89.87710134231772
Philips_B120N10_Baby_Monitor,1000,3,45436,peer_scale_local_center,0.99624656,0.8116663316582915,0.0118,0.9988,0.8184819979867968,89.87710134231772
Philips_B120N10_Baby_Monitor,1000,3,45436,shared_marginals,0.9949576400000001,0.7528844221105528,0.016,0.9994,0.8184819979867968,89.87710134231772
Philips_B120N10_Baby_Monitor,1000,3,45436,block_local_corr,0.98421468,0.5597447236180905,0.0154,0.4756,0.8184819979867968,89.87710134231772
Philips_B120N10_Baby_Monitor,1000,3,45436,block_peer_corr,0.9786232399999999,0.5169849246231156,0.0094,0.1148,0.8184819979867968,89.87710134231772
Philips_B120N10_Baby_Monitor,1000,3,45436,block_reliability,0.9827653199999999,0.5557306532663316,0.0146,0.453,0.8184819979867968,89.87710134231772
Philips_B120N10_Baby_Monitor,1000,4,27740,local_oas,0.95607308,0.73401608040201,0.5542,1.0,0.9007891440305045,736.4345706727319
Philips_B120N10_Baby_Monitor,1000,4,27740,peer_scale_local_center,0.99486504,0.7428060301507537,0.482,1.0,0.9007891440305045,736.4345706727319
Philips_B120N10_Baby_Monitor,1000,4,27740,shared_marginals,0.9955028,0.774243216080402,0.473,1.0,0.9007891440305045,736.4345706727319
Philips_B120N10_Baby_Monitor,1000,4,27740,block_local_corr,0.9857385599999999,0.558156783919598,0.2338,1.0,0.9007891440305045,736.4345706727319
Philips_B120N10_Baby_Monitor,1000,4,27740,block_peer_corr,0.9819372399999999,0.5154311557788944,0.075,1.0,0.9007891440305045,736.4345706727319
Philips_B120N10_Baby_Monitor,1000,4,27740,block_reliability,0.9843289199999999,0.5523356783919599,0.241,1.0,0.9007891440305045,736.4345706727319
Philips_B120N10_Baby_Monitor,1000,5,36029,local_oas,0.9926782,0.7298412060301508,0.3718,1.0,0.8990583687625835,667.5294132543581
Philips_B120N10_Baby_Monitor,1000,5,36029,peer_scale_local_center,0.9966427600000001,0.8314150753768844,0.3404,1.0,0.8990583687625835,667.5294132543581
Philips_B120N10_Baby_Monitor,1000,5,36029,shared_marginals,0.9971445600000001,0.8565246231155779,0.336,1.0,0.8990583687625835,667.5294132543581
Philips_B120N10_Baby_Monitor,1000,5,36029,block_local_corr,0.984654,0.5314874371859296,0.2106,1.0,0.8990583687625835,667.5294132543581
Philips_B120N10_Baby_Monitor,1000,5,36029,block_peer_corr,0.98029808,0.5115015075376884,0.077,1.0,0.8990583687625835,667.5294132543581
Philips_B120N10_Baby_Monitor,1000,5,36029,block_reliability,0.98377708,0.5296180904522613,0.2122,1.0,0.8990583687625835,667.5294132543581
Philips_B120N10_Baby_Monitor,1000,6,11019,local_oas,0.9999998,0.9999899497487438,0.0,0.0,0.8432393626656302,85.81719747140531
Philips_B120N10_Baby_Monitor,1000,6,11019,peer_scale_local_center,0.99999896,0.9999477386934673,0.0,0.0,0.8432393626656302,85.81719747140531
Philips_B120N10_Baby_Monitor,1000,6,11019,shared_marginals,0.99983464,0.9916904522613066,0.0,0.0002,0.8432393626656302,85.81719747140531
Philips_B120N10_Baby_Monitor,1000,6,11019,block_local_corr,0.9908626800000001,0.6904241206030151,0.0,0.0038,0.8432393626656302,85.81719747140531
Philips_B120N10_Baby_Monitor,1000,6,11019,block_peer_corr,0.9848246,0.5158552763819095,0.0044,0.0298,0.8432393626656302,85.81719747140531
Philips_B120N10_Baby_Monitor,1000,6,11019,block_reliability,0.9897998799999999,0.6674934673366834,0.0,0.0026,0.8432393626656302,85.81719747140531
Philips_B120N10_Baby_Monitor,1000,7,66620,local_oas,0.99994628,0.9973005025125627,0.0,0.5192,0.8113776705018946,82.53123664319574
Philips_B120N10_Baby_Monitor,1000,7,66620,peer_scale_local_center,0.99995316,0.9976462311557788,0.0,0.0792,0.8113776705018946,82.53123664319574
Philips_B120N10_Baby_Monitor,1000,7,66620,shared_marginals,0.99657544,0.8702894472361808,0.0,0.0,0.8113776705018946,82.53123664319574
Philips_B120N10_Baby_Monitor,1000,7,66620,block_local_corr,0.9798296000000001,0.5688804020100503,0.0204,0.4756,0.8113776705018946,82.53123664319574
Philips_B120N10_Baby_Monitor,1000,7,66620,block_peer_corr,0.9831204800000001,0.5175035175879397,0.0034,0.0258,0.8113776705018946,82.53123664319574
Philips_B120N10_Baby_Monitor,1000,7,66620,block_reliability,0.97943724,0.5761829145728643,0.0164,0.471,0.8113776705018946,82.53123664319574
Provision_PT_737E_Security_Camera,30,0,18309,local_oas,0.54183056,0.49748743718592964,0.2314,0.0002,0.7067422038430347,16.627166442760863
Provision_PT_737E_Security_Camera,30,0,18309,peer_scale_local_center,0.89883096,0.6193768844221106,0.2766,1.0,0.7067422038430347,16.627166442760863
Provision_PT_737E_Security_Camera,30,0,18309,shared_marginals,0.9070919199999999,0.5978070351758794,0.321,1.0,0.7067422038430347,16.627166442760863
Provision_PT_737E_Security_Camera,30,0,18309,block_local_corr,0.84693784,0.49748743718592964,0.288,1.0,0.7067422038430347,16.627166442760863
Provision_PT_737E_Security_Camera,30,0,18309,block_peer_corr,0.9230404,0.6551517587939698,0.5264,1.0,0.7067422038430347,16.627166442760863
Provision_PT_737E_Security_Camera,30,0,18309,block_reliability,0.8691848799999998,0.49748743718592964,0.313,1.0,0.7067422038430347,16.627166442760863
Provision_PT_737E_Security_Camera,30,1,31917,local_oas,0.5893055600000001,0.49748743718592964,0.3584,0.0002,0.692314986883693,24.924355343299567
Provision_PT_737E_Security_Camera,30,1,31917,peer_scale_local_center,0.8504866800000002,0.5469969849246231,0.4812,1.0,0.692314986883693,24.924355343299567
Provision_PT_737E_Security_Camera,30,1,31917,shared_marginals,0.8785010000000001,0.5794050251256282,0.508,1.0,0.692314986883693,24.924355343299567
Provision_PT_737E_Security_Camera,30,1,31917,block_local_corr,0.83909724,0.49748743718592964,0.3722,1.0,0.692314986883693,24.924355343299567
Provision_PT_737E_Security_Camera,30,1,31917,block_peer_corr,0.92860816,0.6517708542713567,0.5056,1.0,0.692314986883693,24.924355343299567
Provision_PT_737E_Security_Camera,30,1,31917,block_reliability,0.85202244,0.49748743718592964,0.4154,1.0,0.692314986883693,24.924355343299567
Provision_PT_737E_Security_Camera,30,2,10289,local_oas,0.38165492,0.49748743718592964,0.5508,0.1272,0.7264558534031873,24.123356229273256
Provision_PT_737E_Security_Camera,30,2,10289,peer_scale_local_center,0.84209112,0.49754572864321606,0.7132,1.0,0.7264558534031873,24.123356229273256
Provision_PT_737E_Security_Camera,30,2,10289,shared_marginals,0.8688263600000001,0.49783517587939696,0.7024,1.0,0.7264558534031873,24.123356229273256
Provision_PT_737E_Security_Camera,30,2,10289,block_local_corr,0.8631256799999999,0.502148743718593,0.267,0.8018,0.7264558534031873,24.123356229273256
Provision_PT_737E_Security_Camera,30,2,10289,block_peer_corr,0.92309828,0.6455075376884423,0.4244,1.0,0.7264558534031873,24.123356229273256
Provision_PT_737E_Security_Camera,30,2,10289,block_reliability,0.8726044399999999,0.5035477386934674,0.2654,0.9998,0.7264558534031873,24.123356229273256
Provision_PT_737E_Security_Camera,30,3,32223,local_oas,0.7304535999999999,0.49748743718592964,0.0,0.0,0.6098809107113016,10.076436120576792
Provision_PT_737E_Security_Camera,30,3,32223,peer_scale_local_center,0.9251419200000001,0.6517869346733669,0.249,1.0,0.6098809107113016,10.076436120576792
Provision_PT_737E_Security_Camera,30,3,32223,shared_marginals,0.92373276,0.6770190954773869,0.2688,1.0,0.6098809107113016,10.076436120576792
Provision_PT_737E_Security_Camera,30,3,32223,block_local_corr,0.8963296400000001,0.49748743718592964,0.2688,1.0,0.6098809107113016,10.076436120576792
Provision_PT_737E_Security_Camera,30,3,32223,block_peer_corr,0.93796652,0.6144844221105528,0.2618,1.0,0.6098809107113016,10.076436120576792
Provision_PT_737E_Security_Camera,30,3,32223,block_reliability,0.9059503199999999,0.49748743718592964,0.262,1.0,0.6098809107113016,10.076436120576792
Provision_PT_737E_Security_Camera,30,4,349,local_oas,0.50624196,0.49748743718592964,0.238,0.0,0.6826155497281642,25.788781502222527
Provision_PT_737E_Security_Camera,30,4,349,peer_scale_local_center,0.8099415600000001,0.49751959798994977,0.2372,0.4792,0.6826155497281642,25.788781502222527
Provision_PT_737E_Security_Camera,30,4,349,shared_marginals,0.84817412,0.5203035175879397,0.2374,0.7022,0.6826155497281642,25.788781502222527
Provision_PT_737E_Security_Camera,30,4,349,block_local_corr,0.9297621199999999,0.49748743718592964,0.9784,1.0,0.6826155497281642,25.788781502222527
Provision_PT_737E_Security_Camera,30,4,349,block_peer_corr,0.9147906,0.6245969849246231,0.319,1.0,0.6826155497281642,25.788781502222527
Provision_PT_737E_Security_Camera,30,4,349,block_reliability,0.91690048,0.49748743718592964,0.9752,1.0,0.6826155497281642,25.788781502222527
Provision_PT_737E_Security_Camera,30,5,34286,local_oas,0.6405156399999999,0.49748743718592964,0.3034,0.0012,0.7148762883932199,21.277018206342902
Provision_PT_737E_Security_Camera,30,5,34286,peer_scale_local_center,0.85178056,0.49748743718592964,0.3844,1.0,0.7148762883932199,21.277018206342902
Provision_PT_737E_Security_Camera,30,5,34286,shared_marginals,0.8886494800000001,0.5107115577889447,0.4188,1.0,0.7148762883932199,21.277018206342902
Provision_PT_737E_Security_Camera,30,5,34286,block_local_corr,0.90053096,0.5098653266331659,0.263,0.9998,0.7148762883932199,21.277018206342902
Provision_PT_737E_Security_Camera,30,5,34286,block_peer_corr,0.9332383599999999,0.6496824120603015,0.4416,1.0,0.7148762883932199,21.277018206342902
Provision_PT_737E_Security_Camera,30,5,34286,block_reliability,0.91182,0.53198391959799,0.3202,1.0,0.7148762883932199,21.277018206342902
Provision_PT_737E_Security_Camera,30,6,4066,local_oas,0.57993056,0.49748743718592964,0.31,0.0014,0.6822674394151997,26.530740938927682
Provision_PT_737E_Security_Camera,30,6,4066,peer_scale_local_center,0.8566373600000001,0.6019296482412061,0.4732,1.0,0.6822674394151997,26.530740938927682
Provision_PT_737E_Security_Camera,30,6,4066,shared_marginals,0.88381664,0.6015437185929648,0.4646,1.0,0.6822674394151997,26.530740938927682
Provision_PT_737E_Security_Camera,30,6,4066,block_local_corr,0.8883484800000001,0.49748743718592964,0.3306,1.0,0.6822674394151997,26.530740938927682
Provision_PT_737E_Security_Camera,30,6,4066,block_peer_corr,0.92144124,0.6187075376884422,0.493,1.0,0.6822674394151997,26.530740938927682
Provision_PT_737E_Security_Camera,30,6,4066,block_reliability,0.89707596,0.49748743718592964,0.368,1.0,0.6822674394151997,26.530740938927682
Provision_PT_737E_Security_Camera,30,7,8303,local_oas,0.42222772,0.49748743718592964,0.237,0.0002,0.7471659170228048,29.0
Provision_PT_737E_Security_Camera,30,7,8303,peer_scale_local_center,0.83997716,0.49772060301507537,0.3606,1.0,0.7471659170228048,29.0
Provision_PT_737E_Security_Camera,30,7,8303,shared_marginals,0.8621599600000001,0.5148281407035176,0.429,1.0,0.7471659170228048,29.0
Provision_PT_737E_Security_Camera,30,7,8303,block_local_corr,0.7684948,0.49748743718592964,0.2744,0.9996,0.7471659170228048,29.0
Provision_PT_737E_Security_Camera,30,7,8303,block_peer_corr,0.9257496000000001,0.636556783919598,0.3102,1.0,0.7471659170228048,29.0
Provision_PT_737E_Security_Camera,30,7,8303,block_reliability,0.78050344,0.4975819095477387,0.2762,1.0,0.7471659170228048,29.0
Provision_PT_737E_Security_Camera,100,0,4584,local_oas,0.99778656,0.893975879396985,0.0,0.0,0.5776731031602381,14.525720588456968
Provision_PT_737E_Security_Camera,100,0,4584,peer_scale_local_center,0.9961779199999999,0.8462834170854272,0.0002,0.0006,0.5776731031602381,14.525720588456968
Provision_PT_737E_Security_Camera,100,0,4584,shared_marginals,0.9981458000000001,0.906878391959799,0.1174,1.0,0.5776731031602381,14.525720588456968
Provision_PT_737E_Security_Camera,100,0,4584,block_local_corr,0.8601576400000001,0.5000180904522613,0.0004,0.0004,0.5776731031602381,14.525720588456968
Provision_PT_737E_Security_Camera,100,0,4584,block_peer_corr,0.99218168,0.6647819095477387,0.0046,0.2748,0.5776731031602381,14.525720588456968
Provision_PT_737E_Security_Camera,100,0,4584,block_reliability,0.93352868,0.5109829145728644,0.002,0.009,0.5776731031602381,14.525720588456968
Provision_PT_737E_Security_Camera,100,1,33001,local_oas,0.99491728,0.7544381909547738,0.0,0.0,0.7156241755745552,17.193300872440602
Provision_PT_737E_Security_Camera,100,1,33001,peer_scale_local_center,0.99863616,0.9314653266331658,0.0014,0.591,0.7156241755745552,17.193300872440602
Provision_PT_737E_Security_Camera,100,1,33001,shared_marginals,0.9987767599999999,0.9385306532663316,0.003,1.0,0.7156241755745552,17.193300872440602
Provision_PT_737E_Security_Camera,100,1,33001,block_local_corr,0.55603172,0.5040804020100502,0.0166,0.0436,0.7156241755745552,17.193300872440602
Provision_PT_737E_Security_Camera,100,1,33001,block_peer_corr,0.99255788,0.7259557788944724,0.0034,0.267,0.7156241755745552,17.193300872440602
Provision_PT_737E_Security_Camera,100,1,33001,block_reliability,0.68771856,0.500902512562814,0.1678,0.3432,0.7156241755745552,17.193300872440602
Provision_PT_737E_Security_Camera,100,2,5053,local_oas,0.99575672,0.858211055276382,0.0,0.0,0.6105695424500039,23.70850090133077
Provision_PT_737E_Security_Camera,100,2,5053,peer_scale_local_center,0.9989825200000001,0.9492743718592964,0.0,0.0,0.6105695424500039,23.70850090133077
Provision_PT_737E_Security_Camera,100,2,5053,shared_marginals,0.99906092,0.953262311557789,0.0,0.0,0.6105695424500039,23.70850090133077
Provision_PT_737E_Security_Camera,100,2,5053,block_local_corr,0.9089688799999999,0.4994613065326633,0.0008,0.001,0.6105695424500039,23.70850090133077
Provision_PT_737E_Security_Camera,100,2,5053,block_peer_corr,0.9869745999999999,0.6454090452261306,0.0062,0.3488,0.6105695424500039,23.70850090133077
Provision_PT_737E_Security_Camera,100,2,5053,block_reliability,0.9550482800000001,0.5512040201005025,0.0014,0.0096,0.6105695424500039,23.70850090133077
Provision_PT_737E_Security_Camera,100,3,35642,local_oas,0.9946463999999999,0.8474834170854271,0.0,0.0,0.5648035759022956,10.840203714144574
Provision_PT_737E_Security_Camera,100,3,35642,peer_scale_local_center,0.9978730800000001,0.8968683417085428,0.0,0.0194,0.5648035759022956,10.840203714144574
Provision_PT_737E_Security_Camera,100,3,35642,shared_marginals,0.9986609200000001,0.9334874371859296,0.0386,1.0,0.5648035759022956,10.840203714144574
Provision_PT_737E_Security_Camera,100,3,35642,block_local_corr,0.8688601600000001,0.502078391959799,0.0,0.0,0.5648035759022956,10.840203714144574
Provision_PT_737E_Security_Camera,100,3,35642,block_peer_corr,0.99257212,0.6730150753768844,0.006,0.3858,0.5648035759022956,10.840203714144574
Provision_PT_737E_Security_Camera,100,3,35642,block_reliability,0.9397951200000001,0.5023296482412061,0.0016,0.0052,0.5648035759022956,10.840203714144574
Provision_PT_737E_Security_Camera,100,4,5598,local_oas,0.77002792,0.49748743718592964,0.2752,1.0,0.7862396032726997,34.473876441118
Provision_PT_737E_Security_Camera,100,4,5598,peer_scale_local_center,0.8668993599999999,0.6320763819095477,0.2656,1.0,0.7862396032726997,34.473876441118
Provision_PT_737E_Security_Camera,100,4,5598,shared_marginals,0.86748752,0.6102552763819096,0.276,1.0,0.7862396032726997,34.473876441118
Provision_PT_737E_Security_Camera,100,4,5598,block_local_corr,0.9234724,0.49748743718592964,0.1128,0.759,0.7862396032726997,34.473876441118
Provision_PT_737E_Security_Camera,100,4,5598,block_peer_corr,0.9326966400000001,0.624659296482412,0.2512,1.0,0.7862396032726997,34.473876441118
Provision_PT_737E_Security_Camera,100,4,5598,block_reliability,0.9236841999999998,0.49748743718592964,0.1758,0.7956,0.7862396032726997,34.473876441118
Provision_PT_737E_Security_Camera,100,5,32518,local_oas,0.99895888,0.9477085427135679,0.0,0.0,0.592519987383547,18.548283754969564
Provision_PT_737E_Security_Camera,100,5,32518,peer_scale_local_center,0.99924628,0.962124623115578,0.0,0.0,0.592519987383547,18.548283754969564
Provision_PT_737E_Security_Camera,100,5,32518,shared_marginals,0.99919868,0.959732663316583,0.0,0.0,0.592519987383547,18.548283754969564
Provision_PT_737E_Security_Camera,100,5,32518,block_local_corr,0.89921336,0.49853467336683416,0.0344,0.2448,0.592519987383547,18.548283754969564
Provision_PT_737E_Security_Camera,100,5,32518,block_peer_corr,0.9824650799999999,0.6444120603015075,0.0104,0.506,0.592519987383547,18.548283754969564
Provision_PT_737E_Security_Camera,100,5,32518,block_reliability,0.93674676,0.4980984924623116,0.0462,0.5002,0.592519987383547,18.548283754969564
Provision_PT_737E_Security_Camera,100,6,7538,local_oas,0.77233924,0.49748743718592964,0.0,0.0,0.7988353199454682,39.290620786071706
Provision_PT_737E_Security_Camera,100,6,7538,peer_scale_local_center,0.86761864,0.6540040201005025,0.2336,1.0,0.7988353199454682,39.290620786071706
Provision_PT_737E_Security_Camera,100,6,7538,shared_marginals,0.86933436,0.6148763819095477,0.2764,1.0,0.7988353199454682,39.290620786071706
Provision_PT_737E_Security_Camera,100,6,7538,block_local_corr,0.9051550400000001,0.49768040201005026,0.2896,1.0,0.7988353199454682,39.290620786071706
Provision_PT_737E_Security_Camera,100,6,7538,block_peer_corr,0.92384852,0.6390070351758794,0.2938,1.0,0.7988353199454682,39.290620786071706
Provision_PT_737E_Security_Camera,100,6,7538,block_reliability,0.9069108400000001,0.49754773869346736,0.2898,1.0,0.7988353199454682,39.290620786071706
Provision_PT_737E_Security_Camera,100,7,12555,local_oas,0.9998366799999999,0.9917929648241206,0.0,0.0,0.623438013176124,18.387549878205927
Provision_PT_737E_Security_Camera,100,7,12555,peer_scale_local_center,0.9991332,0.9564422110552764,0.0,0.0,0.623438013176124,18.387549878205927
Provision_PT_737E_Security_Camera,100,7,12555,shared_marginals,0.99913808,0.9566874371859296,0.0,0.0,0.623438013176124,18.387549878205927
Provision_PT_737E_Security_Camera,100,7,12555,block_local_corr,0.90243772,0.49809045226130655,0.0146,0.0054,0.623438013176124,18.387549878205927
Provision_PT_737E_Security_Camera,100,7,12555,block_peer_corr,0.9877648800000001,0.6593829145728644,0.0088,0.5026,0.623438013176124,18.387549878205927
Provision_PT_737E_Security_Camera,100,7,12555,block_reliability,0.93608596,0.49825527638190953,0.0272,0.2004,0.623438013176124,18.387549878205927
Provision_PT_737E_Security_Camera,300,0,20663,local_oas,0.99599044,0.8316582914572865,0.0,0.0,0.6942856334268452,41.86248249774287
Provision_PT_737E_Security_Camera,300,0,20663,peer_scale_local_center,0.99883176,0.9412944723618091,0.0,0.0,0.6942856334268452,41.86248249774287
Provision_PT_737E_Security_Camera,300,0,20663,shared_marginals,0.9988288000000001,0.9411457286432161,0.0,0.0,0.6942856334268452,41.86248249774287
Provision_PT_737E_Security_Camera,300,0,20663,block_local_corr,0.9053283599999999,0.631419095477387,0.0014,0.0102,0.6942856334268452,41.86248249774287
Provision_PT_737E_Security_Camera,300,0,20663,block_peer_corr,0.9838255200000001,0.660910552763819,0.0012,0.1046,0.6942856334268452,41.86248249774287
Provision_PT_737E_Security_Camera,300,0,20663,block_reliability,0.93055296,0.6078854271356784,0.0008,0.0038,0.6942856334268452,41.86248249774287
Provision_PT_737E_Security_Camera,300,1,26899,local_oas,0.9925474,0.6917507537688442,0.0,0.0,0.6564109524872515,35.675098449346514
Provision_PT_737E_Security_Camera,300,1,26899,peer_scale_local_center,0.9967522400000001,0.8369929648241206,0.0,0.0,0.6564109524872515,35.675098449346514
Provision_PT_737E_Security_Camera,300,1,26899,shared_marginals,0.9977112,0.8851256281407036,0.0,0.0,0.6564109524872515,35.675098449346514
Provision_PT_737E_Security_Camera,300,1,26899,block_local_corr,0.8971971599999999,0.5990613065326633,0.0008,0.0058,0.6564109524872515,35.675098449346514
Provision_PT_737E_Security_Camera,300,1,26899,block_peer_corr,0.9751336400000001,0.672478391959799,0.0008,0.106,0.6564109524872515,35.675098449346514
Provision_PT_737E_Security_Camera,300,1,26899,block_reliability,0.9308166000000001,0.6197045226130653,0.0006,0.002,0.6564109524872515,35.675098449346514
Provision_PT_737E_Security_Camera,300,2,8950,local_oas,0.99941004,0.9703537688442211,0.0,0.1816,0.7383568256590679,59.74994031472378
Provision_PT_737E_Security_Camera,300,2,8950,peer_scale_local_center,0.9986676400000001,0.9330472361809046,0.0002,0.1048,0.7383568256590679,59.74994031472378
Provision_PT_737E_Security_Camera,300,2,8950,shared_marginals,0.99856232,0.9277547738693468,0.0004,0.0576,0.7383568256590679,59.74994031472378
Provision_PT_737E_Security_Camera,300,2,8950,block_local_corr,0.93086588,0.4997969849246231,0.0174,0.0372,0.7383568256590679,59.74994031472378
Provision_PT_737E_Security_Camera,300,2,8950,block_peer_corr,0.9873309199999999,0.6341346733668342,0.0112,0.5508,0.7383568256590679,59.74994031472378
Provision_PT_737E_Security_Camera,300,2,8950,block_reliability,0.95009096,0.4977407035175879,0.0178,0.0136,0.7383568256590679,59.74994031472378
Provision_PT_737E_Security_Camera,300,3,32410,local_oas,0.99500372,0.7548522613065327,0.0784,1.0,0.7452315003076366,59.7452219865009
Provision_PT_737E_Security_Camera,300,3,32410,peer_scale_local_center,0.99830748,0.914948743718593,0.0636,1.0,0.7452315003076366,59.7452219865009
Provision_PT_737E_Security_Camera,300,3,32410,shared_marginals,0.99828256,0.9136964824120603,0.0618,1.0,0.7452315003076366,59.7452219865009
Provision_PT_737E_Security_Camera,300,3,32410,block_local_corr,0.91226224,0.49965025125628143,0.0224,0.281,0.7452315003076366,59.7452219865009
Provision_PT_737E_Security_Camera,300,3,32410,block_peer_corr,0.98634396,0.6470914572864321,0.015,0.7192,0.7452315003076366,59.7452219865009
Provision_PT_737E_Security_Camera,300,3,32410,block_reliability,0.9262447199999999,0.4979417085427136,0.0204,0.175,0.7452315003076366,59.7452219865009
Provision_PT_737E_Security_Camera,300,4,22623,local_oas,0.7703460400000001,0.49748743718592964,0.2258,0.0004,0.8705126683504499,122.61217945305626
Provision_PT_737E_Security_Camera,300,4,22623,peer_scale_local_center,0.8420074400000002,0.4986030150753769,0.2678,1.0,0.8705126683504499,122.61217945305626
Provision_PT_737E_Security_Camera,300,4,22623,shared_marginals,0.84168944,0.4985206030150754,0.2772,1.0,0.8705126683504499,122.61217945305626
Provision_PT_737E_Security_Camera,300,4,22623,block_local_corr,0.92667068,0.5685969849246231,0.2486,1.0,0.8705126683504499,122.61217945305626
Provision_PT_737E_Security_Camera,300,4,22623,block_peer_corr,0.93197424,0.6318070351758793,0.2338,0.9998,0.8705126683504499,122.61217945305626
Provision_PT_737E_Security_Camera,300,4,22623,block_reliability,0.9267712800000002,0.5683879396984924,0.2464,1.0,0.8705126683504499,122.61217945305626
Provision_PT_737E_Security_Camera,300,5,17939,local_oas,0.99738216,0.8684502512562814,0.0,0.0,0.6827103911288548,36.347883731149516
Provision_PT_737E_Security_Camera,300,5,17939,peer_scale_local_center,0.9989149599999999,0.9454753768844221,0.0,0.0,0.6827103911288548,36.347883731149516
Provision_PT_737E_Security_Camera,300,5,17939,shared_marginals,0.9990254399999999,0.9510271356783919,0.0,0.0,0.6827103911288548,36.347883731149516
Provision_PT_737E_Security_Camera,300,5,17939,block_local_corr,0.9079263999999999,0.4991175879396985,0.0166,0.066,0.6827103911288548,36.347883731149516
Provision_PT_737E_Security_Camera,300,5,17939,block_peer_corr,0.985926,0.6263879396984924,0.0098,0.4878,0.6827103911288548,36.347883731149516
Provision_PT_737E_Security_Camera,300,5,17939,block_reliability,0.92302572,0.49762613065326633,0.0158,0.013,0.6827103911288548,36.347883731149516
Provision_PT_737E_Security_Camera,300,6,13273,local_oas,0.9998114,0.9908562814070352,0.0,0.0,0.6383458708438554,25.668378739445284
Provision_PT_737E_Security_Camera,300,6,13273,peer_scale_local_center,0.99937356,0.9685206030150755,0.0,0.0,0.6383458708438554,25.668378739445284
Provision_PT_737E_Security_Camera,300,6,13273,shared_marginals,0.99924392,0.9620060301507537,0.0,0.0,0.6383458708438554,25.668378739445284
Provision_PT_737E_Security_Camera,300,6,13273,block_local_corr,0.8800293599999999,0.4992603015075377,0.0278,0.21,0.6383458708438554,25.668378739445284
Provision_PT_737E_Security_Camera,300,6,13273,block_peer_corr,0.97292716,0.6334733668341709,0.0118,0.5124,0.6383458708438554,25.668378739445284
Provision_PT_737E_Security_Camera,300,6,13273,block_reliability,0.910321,0.4975437185929648,0.023,0.1984,0.6383458708438554,25.668378739445284
Provision_PT_737E_Security_Camera,300,7,25008,local_oas,0.9926974000000001,0.7093507537688443,0.0166,1.0,0.6982868377560407,35.40352761049405
Provision_PT_737E_Security_Camera,300,7,25008,peer_scale_local_center,0.99869204,0.9342733668341708,0.0004,0.0478,0.6982868377560407,35.40352761049405
Provision_PT_737E_Security_Camera,300,7,25008,shared_marginals,0.99880288,0.939843216080402,0.001,0.4424,0.6982868377560407,35.40352761049405
Provision_PT_737E_Security_Camera,300,7,25008,block_local_corr,0.9079021200000001,0.5147497487437186,0.002,0.0066,0.6982868377560407,35.40352761049405
Provision_PT_737E_Security_Camera,300,7,25008,block_peer_corr,0.9852483599999999,0.6605447236180905,0.001,0.0686,0.6982868377560407,35.40352761049405
Provision_PT_737E_Security_Camera,300,7,25008,block_reliability,0.92381736,0.507859296482412,0.0066,0.0134,0.6982868377560407,35.40352761049405
Provision_PT_737E_Security_Camera,1000,0,21786,local_oas,0.99006468,0.6919819095477386,0.0872,1.0,0.7720180750237897,77.30695162522719
Provision_PT_737E_Security_Camera,1000,0,21786,peer_scale_local_center,0.9978852,0.8937849246231155,0.0786,1.0,0.7720180750237897,77.30695162522719
Provision_PT_737E_Security_Camera,1000,0,21786,shared_marginals,0.99804556,0.9017869346733669,0.0794,1.0,0.7720180750237897,77.30695162522719
Provision_PT_737E_Security_Camera,1000,0,21786,block_local_corr,0.8980115999999999,0.4983236180904523,0.0276,0.3868,0.7720180750237897,77.30695162522719
Provision_PT_737E_Security_Camera,1000,0,21786,block_peer_corr,0.9686743599999998,0.6341386934673366,0.0222,0.6616,0.7720180750237897,77.30695162522719
Provision_PT_737E_Security_Camera,1000,0,21786,block_reliability,0.9121643600000001,0.4980361809045226,0.028,0.407,0.7720180750237897,77.30695162522719
Provision_PT_737E_Security_Camera,1000,1,947,local_oas,0.9991081199999999,0.9551819095477387,0.0682,1.0,0.8035056421224904,94.92686114858893
Provision_PT_737E_Security_Camera,1000,1,947,peer_scale_local_center,0.99882108,0.9407577889447237,0.066,1.0,0.8035056421224904,94.92686114858893
Provision_PT_737E_Security_Camera,1000,1,947,shared_marginals,0.99861552,0.9304281407035175,0.0654,1.0,0.8035056421224904,94.92686114858893
Provision_PT_737E_Security_Camera,1000,1,947,block_local_corr,0.88956796,0.49806030150753766,0.0242,0.3538,0.8035056421224904,94.92686114858893
Provision_PT_737E_Security_Camera,1000,1,947,block_peer_corr,0.97345136,0.6301105527638191,0.0244,0.645,0.8035056421224904,94.92686114858893
Provision_PT_737E_Security_Camera,1000,1,947,block_reliability,0.9042972399999999,0.49760201005025123,0.0244,0.3316,0.8035056421224904,94.92686114858893
Provision_PT_737E_Security_Camera,1000,2,33918,local_oas,0.98884416,0.6837306532663316,0.042,1.0,0.8073828084950887,106.81572937547081
Provision_PT_737E_Security_Camera,1000,2,33918,peer_scale_local_center,0.9980941999999999,0.9042814070351759,0.046,1.0,0.8073828084950887,106.81572937547081
Provision_PT_737E_Security_Camera,1000,2,33918,shared_marginals,0.9981706,0.9080904522613066,0.0416,1.0,0.8073828084950887,106.81572937547081
Provision_PT_737E_Security_Camera,1000,2,33918,block_local_corr,0.917213,0.49987336683417083,0.0204,0.4246,0.8073828084950887,106.81572937547081
Provision_PT_737E_Security_Camera,1000,2,33918,block_peer_corr,0.97916136,0.6307698492462311,0.0222,0.6632,0.8073828084950887,106.81572937547081
Provision_PT_737E_Security_Camera,1000,2,33918,block_reliability,0.9318943199999999,0.49816482412060303,0.0206,0.419,0.8073828084950887,106.81572937547081
Provision_PT_737E_Security_Camera,1000,3,3185,local_oas,0.99651564,0.8272743718592965,0.0882,1.0,0.804235706723,99.03231766158304
Provision_PT_737E_Security_Camera,1000,3,3185,peer_scale_local_center,0.99646484,0.8284020100502514,0.0878,1.0,0.804235706723,99.03231766158304
Provision_PT_737E_Security_Camera,1000,3,3185,shared_marginals,0.99696624,0.8475959798994974,0.088,1.0,0.804235706723,99.03231766158304
Provision_PT_737E_Security_Camera,1000,3,3185,block_local_corr,0.9011167999999999,0.498486432160804,0.0222,0.3826,0.804235706723,99.03231766158304
Provision_PT_737E_Security_Camera,1000,3,3185,block_peer_corr,0.97728036,0.6442613065326633,0.0198,0.6568,0.804235706723,99.03231766158304
Provision_PT_737E_Security_Camera,1000,3,3185,block_reliability,0.9106690800000001,0.4979035175879397,0.0222,0.3692,0.804235706723,99.03231766158304
Provision_PT_737E_Security_Camera,1000,4,31903,local_oas,0.99111896,0.6501045226130653,0.0992,1.0,0.774215887174558,79.16591826171936
Provision_PT_737E_Security_Camera,1000,4,31903,peer_scale_local_center,0.998325,0.9158291457286432,0.0942,1.0,0.774215887174558,79.16591826171936
Provision_PT_737E_Security_Camera,1000,4,31903,shared_marginals,0.9983694,0.9180603015075377,0.0934,1.0,0.774215887174558,79.16591826171936
Provision_PT_737E_Security_Camera,1000,4,31903,block_local_corr,0.89788324,0.49910753768844224,0.0248,0.3982,0.774215887174558,79.16591826171936
Provision_PT_737E_Security_Camera,1000,4,31903,block_peer_corr,0.9675168000000001,0.6723899497487437,0.024,0.6554,0.774215887174558,79.16591826171936
Provision_PT_737E_Security_Camera,1000,4,31903,block_reliability,0.91,0.4982130653266332,0.029,0.3856,0.774215887174558,79.16591826171936
Provision_PT_737E_Security_Camera,1000,5,15506,local_oas,0.99285192,0.7107738693467338,0.0448,1.0,0.7805698140641972,81.25646193237345
Provision_PT_737E_Security_Camera,1000,5,15506,peer_scale_local_center,0.9984422000000001,0.9217185929648242,0.0142,1.0,0.7805698140641972,81.25646193237345
Provision_PT_737E_Security_Camera,1000,5,15506,shared_marginals,0.99856284,0.9277809045226131,0.0124,1.0,0.7805698140641972,81.25646193237345
Provision_PT_737E_Security_Camera,1000,5,15506,block_local_corr,0.9057507600000001,0.6329829145728644,0.0004,0.0014,0.7805698140641972,81.25646193237345
Provision_PT_737E_Security_Camera,1000,5,15506,block_peer_corr,0.96825296,0.6683658291457286,0.0014,0.1742,0.7805698140641972,81.25646193237345
Provision_PT_737E_Security_Camera,1000,5,15506,block_reliability,0.9201846,0.6369145728643216,0.0004,0.0004,0.7805698140641972,81.25646193237345
Provision_PT_737E_Security_Camera,1000,6,11636,local_oas,0.99440552,0.787913567839196,0.0744,1.0,0.7888506108586641,80.29795584395295
Provision_PT_737E_Security_Camera,1000,6,11636,peer_scale_local_center,0.99731988,0.8653447236180905,0.0722,1.0,0.7888506108586641,80.29795584395295
Provision_PT_737E_Security_Camera,1000,6,11636,shared_marginals,0.9973822,0.8684522613065326,0.0712,1.0,0.7888506108586641,80.29795584395295
Provision_PT_737E_Security_Camera,1000,6,11636,block_local_corr,0.89678956,0.4980361809045226,0.0272,0.4064,0.7888506108586641,80.29795584395295
Provision_PT_737E_Security_Camera,1000,6,11636,block_peer_corr,0.97329332,0.6510773869346733,0.017,0.642,0.7888506108586641,80.29795584395295
Provision_PT_737E_Security_Camera,1000,6,11636,block_reliability,0.911748,0.4975316582914573,0.0272,0.3974,0.7888506108586641,80.29795584395295
Provision_PT_737E_Security_Camera,1000,7,19893,local_oas,0.99814292,0.9066793969849246,0.0406,1.0,0.7990294709055596,79.3575188868017
Provision_PT_737E_Security_Camera,1000,7,19893,peer_scale_local_center,0.99785012,0.8919658291457286,0.0202,1.0,0.7990294709055596,79.3575188868017
Provision_PT_737E_Security_Camera,1000,7,19893,shared_marginals,0.9978682400000001,0.8928763819095478,0.0188,1.0,0.7990294709055596,79.3575188868017
Provision_PT_737E_Security_Camera,1000,7,19893,block_local_corr,0.90355368,0.5322954773869346,0.001,0.0008,0.7990294709055596,79.3575188868017
Provision_PT_737E_Security_Camera,1000,7,19893,block_peer_corr,0.9695142,0.6361989949748743,0.0074,0.4152,0.7990294709055596,79.3575188868017
Provision_PT_737E_Security_Camera,1000,7,19893,block_reliability,0.91465372,0.5315296482412061,0.001,0.0016,0.7990294709055596,79.3575188868017
Provision_PT_838_Security_Camera,30,0,46891,local_oas,0.9242814800000001,0.8020482412060301,1.0,1.0,0.5694301536142539,12.756424459860266
Provision_PT_838_Security_Camera,30,0,46891,peer_scale_local_center,0.83340252,0.8090532663316583,0.9762,1.0,0.5694301536142539,12.756424459860266
Provision_PT_838_Security_Camera,30,0,46891,shared_marginals,0.999713,0.9864763819095477,0.974,1.0,0.5694301536142539,12.756424459860266
Provision_PT_838_Security_Camera,30,0,46891,block_local_corr,0.6895661599999999,0.49930452261306535,0.934,1.0,0.5694301536142539,12.756424459860266
Provision_PT_838_Security_Camera,30,0,46891,block_peer_corr,0.95045396,0.5163577889447236,0.9388,1.0,0.5694301536142539,12.756424459860266
Provision_PT_838_Security_Camera,30,0,46891,block_reliability,0.6406056800000001,0.49748743718592964,0.9306,1.0,0.5694301536142539,12.756424459860266
Provision_PT_838_Security_Camera,30,1,30331,local_oas,0.9828623200000001,0.619529648241206,0.4984,1.0,0.5318431472575559,7.859073466987671
Provision_PT_838_Security_Camera,30,1,30331,peer_scale_local_center,0.99905532,0.9531638190954774,0.001,0.7132,0.5318431472575559,7.859073466987671
Provision_PT_838_Security_Camera,30,1,30331,shared_marginals,0.99949172,0.9744582914572865,0.0024,0.9954,0.5318431472575559,7.859073466987671
Provision_PT_838_Security_Camera,30,1,30331,block_local_corr,0.8101700000000001,0.49756381909547737,0.0002,0.0,0.5318431472575559,7.859073466987671
Provision_PT_838_Security_Camera,30,1,30331,block_peer_corr,0.9728256399999998,0.530086432160804,0.015,0.1544,0.5318431472575559,7.859073466987671
Provision_PT_838_Security_Camera,30,1,30331,block_reliability,0.8901361599999998,0.5104462311557789,0.0014,0.0006,0.5318431472575559,7.859073466987671
Provision_PT_838_Security_Camera,30,2,9391,local_oas,0.9857480399999999,0.6238572864321608,0.0,0.0,0.44695744714693897,6.2714829194250825
Provision_PT_838_Security_Camera,30,2,9391,peer_scale_local_center,0.99949348,0.9757849246231156,0.0014,0.949,0.44695744714693897,6.2714829194250825
Provision_PT_838_Security_Camera,30,2,9391,shared_marginals,0.99958132,0.9789608040201006,0.0014,0.9838,0.44695744714693897,6.2714829194250825
Provision_PT_838_Security_Camera,30,2,9391,block_local_corr,0.8035229199999999,0.49837788944723616,0.0,0.0,0.44695744714693897,6.2714829194250825
Provision_PT_838_Security_Camera,30,2,9391,block_peer_corr,0.9710286,0.5275618090452261,0.0172,0.1778,0.44695744714693897,6.2714829194250825
Provision_PT_838_Security_Camera,30,2,9391,block_reliability,0.9045692000000001,0.5105427135678392,0.0038,0.033,0.44695744714693897,6.2714829194250825
Provision_PT_838_Security_Camera,30,3,58351,local_oas,0.91894888,0.7807336683417085,0.0,0.0,0.7098277713363577,20.59636613985894
Provision_PT_838_Security_Camera,30,3,58351,peer_scale_local_center,0.8952975999999998,0.7072904522613065,0.2486,0.805,0.7098277713363577,20.59636613985894
Provision_PT_838_Security_Camera,30,3,58351,shared_marginals,0.9081220799999999,0.7071517587939699,0.263,1.0,0.7098277713363577,20.59636613985894
Provision_PT_838_Security_Camera,30,3,58351,block_local_corr,0.8311416,0.49748743718592964,0.0964,0.173,0.7098277713363577,20.59636613985894
Provision_PT_838_Security_Camera,30,3,58351,block_peer_corr,0.9018505200000001,0.5141788944723618,0.334,1.0,0.7098277713363577,20.59636613985894
Provision_PT_838_Security_Camera,30,3,58351,block_reliability,0.8630756800000001,0.49748743718592964,0.143,0.5946,0.7098277713363577,20.59636613985894
Provision_PT_838_Security_Camera,30,4,17611,local_oas,0.96910632,0.5097688442211056,0.0,0.0,0.4658800633457817,6.94069380615676
Provision_PT_838_Security_Camera,30,4,17611,peer_scale_local_center,0.99977132,0.9885085427135678,0.0002,0.503,0.4658800633457817,6.94069380615676
Provision_PT_838_Security_Camera,30,4,17611,shared_marginals,0.9998070800000001,0.990305527638191,0.0002,0.526,0.4658800633457817,6.94069380615676
Provision_PT_838_Security_Camera,30,4,17611,block_local_corr,0.80435752,0.4981849246231156,0.0128,0.0054,0.4658800633457817,6.94069380615676
Provision_PT_838_Security_Camera,30,4,17611,block_peer_corr,0.9769631200000001,0.5489829145728643,0.0166,0.3602,0.4658800633457817,6.94069380615676
Provision_PT_838_Security_Camera,30,4,17611,block_reliability,0.86811804,0.4978713567839196,0.0244,0.084,0.4658800633457817,6.94069380615676
Provision_PT_838_Security_Camera,30,5,32325,local_oas,0.4061426,0.49748743718592964,0.2362,0.0,0.7394838605868759,29.0
Provision_PT_838_Security_Camera,30,5,32325,peer_scale_local_center,0.8191490800000001,0.5064321608040201,0.6538,1.0,0.7394838605868759,29.0
Provision_PT_838_Security_Camera,30,5,32325,shared_marginals,0.8615497999999999,0.5074170854271357,0.719,1.0,0.7394838605868759,29.0
Provision_PT_838_Security_Camera,30,5,32325,block_local_corr,0.84620524,0.49748743718592964,0.3212,0.9998,0.7394838605868759,29.0
Provision_PT_838_Security_Camera,30,5,32325,block_peer_corr,0.9050192399999999,0.5092743718592965,0.3262,1.0,0.7394838605868759,29.0
Provision_PT_838_Security_Camera,30,5,32325,block_reliability,0.8476183199999999,0.49748743718592964,0.3288,1.0,0.7394838605868759,29.0
Provision_PT_838_Security_Camera,30,6,18767,local_oas,0.67036356,0.49748743718592964,0.2798,0.0,0.6699092943060642,20.177452126018817
Provision_PT_838_Security_Camera,30,6,18767,peer_scale_local_center,0.87621856,0.6243979899497487,0.3106,1.0,0.6699092943060642,20.177452126018817
Provision_PT_838_Security_Camera,30,6,18767,shared_marginals,0.8804138400000001,0.622078391959799,0.3406,1.0,0.6699092943060642,20.177452126018817
Provision_PT_838_Security_Camera,30,6,18767,block_local_corr,0.84279592,0.49751959798994977,0.058,0.3088,0.6699092943060642,20.177452126018817
Provision_PT_838_Security_Camera,30,6,18767,block_peer_corr,0.9108738399999998,0.5120542713567839,0.3864,1.0,0.6699092943060642,20.177452126018817
Provision_PT_838_Security_Camera,30,6,18767,block_reliability,0.8716122000000002,0.49756984924623116,0.1508,0.5016,0.6699092943060642,20.177452126018817
Provision_PT_838_Security_Camera,30,7,47507,local_oas,0.99062536,0.8547979899497488,0.0,0.0,0.5321328410141927,9.434555940375729
Provision_PT_838_Security_Camera,30,7,47507,peer_scale_local_center,0.99936892,0.9682874371859297,0.0,0.0,0.5321328410141927,9.434555940375729
Provision_PT_838_Security_Camera,30,7,47507,shared_marginals,0.9993666,0.9681708542713569,0.0,0.0,0.5321328410141927,9.434555940375729
Provision_PT_838_Security_Camera,30,7,47507,block_local_corr,0.7469278400000001,0.49748743718592964,0.0542,0.0204,0.5321328410141927,9.434555940375729
Provision_PT_838_Security_Camera,30,7,47507,block_peer_corr,0.9499314400000001,0.5474170854271356,0.0242,0.4552,0.5321328410141927,9.434555940375729
Provision_PT_838_Security_Camera,30,7,47507,block_reliability,0.86791304,0.49862311557788946,0.0292,0.094,0.5321328410141927,9.434555940375729
Provision_PT_838_Security_Camera,100,0,1977,local_oas,0.94617432,0.5928281407035176,0.9996,1.0,0.6436369090560166,15.065732533923335
Provision_PT_838_Security_Camera,100,0,1977,peer_scale_local_center,0.9995662399999999,0.978494472361809,0.6786,1.0,0.6436369090560166,15.065732533923335
Provision_PT_838_Security_Camera,100,0,1977,shared_marginals,0.9996221200000001,0.981011055276382,0.3566,1.0,0.6436369090560166,15.065732533923335
Provision_PT_838_Security_Camera,100,0,1977,block_local_corr,0.8383415999999999,0.4976522613065327,0.0132,0.0254,0.6436369090560166,15.065732533923335
Provision_PT_838_Security_Camera,100,0,1977,block_peer_corr,0.9664142000000001,0.5280140703517588,0.0144,0.1552,0.6436369090560166,15.065732533923335
Provision_PT_838_Security_Camera,100,0,1977,block_reliability,0.8768444000000001,0.49764824120603013,0.0236,0.0914,0.6436369090560166,15.065732533923335
Provision_PT_838_Security_Camera,100,1,32316,local_oas,0.8628119200000001,0.5048582914572864,0.0,0.0,0.8537857821396015,97.08304953547535
Provision_PT_838_Security_Camera,100,1,32316,peer_scale_local_center,0.90715336,0.5218954773869346,0.2424,1.0,0.8537857821396015,97.08304953547535
Provision_PT_838_Security_Camera,100,1,32316,shared_marginals,0.9107295999999999,0.534956783919598,0.2464,1.0,0.8537857821396015,97.08304953547535
Provision_PT_838_Security_Camera,100,1,32316,block_local_corr,0.87727456,0.49748743718592964,0.055,0.422,0.8537857821396015,97.08304953547535
Provision_PT_838_Security_Camera,100,1,32316,block_peer_corr,0.9060235999999999,0.5052442211055277,0.2204,0.7946,0.8537857821396015,97.08304953547535
Provision_PT_838_Security_Camera,100,1,32316,block_reliability,0.8800032,0.49748743718592964,0.0566,0.4304,0.8537857821396015,97.08304953547535
Provision_PT_838_Security_Camera,100,2,52987,local_oas,0.82062824,0.6449306532663316,0.234,0.653,0.7522703635612074,46.89819303744555
Provision_PT_838_Security_Camera,100,2,52987,peer_scale_local_center,0.9911614799999999,0.8739658291457286,0.0024,0.6736,0.7522703635612074,46.89819303744555
Provision_PT_838_Security_Camera,100,2,52987,shared_marginals,0.99884524,0.9419718592964824,0.0142,1.0,0.7522703635612074,46.89819303744555
Provision_PT_838_Security_Camera,100,2,52987,block_local_corr,0.911505,0.5058311557788945,0.0,0.0,0.7522703635612074,46.89819303744555
Provision_PT_838_Security_Camera,100,2,52987,block_peer_corr,0.9503127199999999,0.5160361809045226,0.0002,0.0002,0.7522703635612074,46.89819303744555
Provision_PT_838_Security_Camera,100,2,52987,block_reliability,0.83634632,0.4999758793969849,0.0,0.0,0.7522703635612074,46.89819303744555
Provision_PT_838_Security_Camera,100,3,65123,local_oas,0.9775360799999999,0.6666613065326633,0.0,0.0,0.5296840517977782,6.702410455243544
Provision_PT_838_Security_Camera,100,3,65123,peer_scale_local_center,0.99966032,0.9830874371859295,0.0,0.0,0.5296840517977782,6.702410455243544
Provision_PT_838_Security_Camera,100,3,65123,shared_marginals,0.99970916,0.9853849246231157,0.0034,0.9998,0.5296840517977782,6.702410455243544
Provision_PT_838_Security_Camera,100,3,65123,block_local_corr,0.6981383199999999,0.4977326633165829,0.0,0.0,0.5296840517977782,6.702410455243544
Provision_PT_838_Security_Camera,100,3,65123,block_peer_corr,0.9575356400000001,0.5156361809045226,0.0036,0.0326,0.5296840517977782,6.702410455243544
Provision_PT_838_Security_Camera,100,3,65123,block_reliability,0.8377630400000001,0.49757989949748743,0.0,0.0,0.5296840517977782,6.702410455243544
Provision_PT_838_Security_Camera,100,4,3894,local_oas,0.97768812,0.7648,0.5138,1.0,0.8027903055504887,38.14168875290056
Provision_PT_838_Security_Camera,100,4,3894,peer_scale_local_center,0.89159332,0.702729648241206,0.387,1.0,0.8027903055504887,38.14168875290056
Provision_PT_838_Security_Camera,100,4,3894,shared_marginals,0.9040084799999999,0.6791577889447236,0.3696,1.0,0.8027903055504887,38.14168875290056
Provision_PT_838_Security_Camera,100,4,3894,block_local_corr,0.86905232,0.49767437185929647,0.137,0.4534,0.8027903055504887,38.14168875290056
Provision_PT_838_Security_Camera,100,4,3894,block_peer_corr,0.9030724800000001,0.5247155778894472,0.3052,0.9998,0.8027903055504887,38.14168875290056
Provision_PT_838_Security_Camera,100,4,3894,block_reliability,0.88688804,0.497608040201005,0.0842,0.4726,0.8027903055504887,38.14168875290056
Provision_PT_838_Security_Camera,100,5,54861,local_oas,0.8936510400000001,0.7776904522613066,0.0,0.0,0.8051857961449153,40.77711833627079
Provision_PT_838_Security_Camera,100,5,54861,peer_scale_local_center,0.8582811600000001,0.6726170854271356,0.2578,0.7976,0.8051857961449153,40.77711833627079
Provision_PT_838_Security_Camera,100,5,54861,shared_marginals,0.870397,0.6343718592964824,0.242,0.7956,0.8051857961449153,40.77711833627079
Provision_PT_838_Security_Camera,100,5,54861,block_local_corr,0.8641678800000001,0.49748743718592964,0.21,0.7898,0.8051857961449153,40.77711833627079
Provision_PT_838_Security_Camera,100,5,54861,block_peer_corr,0.8926322,0.5180442211055276,0.3902,1.0,0.8051857961449153,40.77711833627079
Provision_PT_838_Security_Camera,100,5,54861,block_reliability,0.8727110000000001,0.49748743718592964,0.2224,0.794,0.8051857961449153,40.77711833627079
Provision_PT_838_Security_Camera,100,6,61132,local_oas,0.9853227200000001,0.6219236180904523,0.0,0.0,0.6355369706998456,26.254870144144633
Provision_PT_838_Security_Camera,100,6,61132,peer_scale_local_center,0.99958336,0.9790633165829146,0.0,0.0,0.6355369706998456,26.254870144144633
Provision_PT_838_Security_Camera,100,6,61132,shared_marginals,0.99963344,0.9815798994974874,0.0032,1.0,0.6355369706998456,26.254870144144633
Provision_PT_838_Security_Camera,100,6,61132,block_local_corr,0.78504844,0.4977286432160804,0.015,0.0016,0.6355369706998456,26.254870144144633
Provision_PT_838_Security_Camera,100,6,61132,block_peer_corr,0.957117,0.5183839195979899,0.0348,0.3076,0.6355369706998456,26.254870144144633
Provision_PT_838_Security_Camera,100,6,61132,block_reliability,0.88194384,0.49758793969849247,0.0202,0.0002,0.6355369706998456,26.254870144144633
Provision_PT_838_Security_Camera,100,7,18063,local_oas,0.67931088,0.49748743718592964,0.5116,1.0,0.8017937171062902,50.30094181227821
Provision_PT_838_Security_Camera,100,7,18063,peer_scale_local_center,0.8179664,0.525670351758794,0.541,1.0,0.8017937171062902,50.30094181227821
Provision_PT_838_Security_Camera,100,7,18063,shared_marginals,0.81422008,0.5067396984924624,0.5576,1.0,0.8017937171062902,50.30094181227821
Provision_PT_838_Security_Camera,100,7,18063,block_local_corr,0.8349164800000002,0.49755778894472363,0.2136,0.7606,0.8017937171062902,50.30094181227821
Provision_PT_838_Security_Camera,100,7,18063,block_peer_corr,0.8895759200000002,0.5109909547738694,0.424,1.0,0.8017937171062902,50.30094181227821
Provision_PT_838_Security_Camera,100,7,18063,block_reliability,0.83322628,0.4975778894472362,0.2224,0.7624,0.8017937171062902,50.30094181227821
Provision_PT_838_Security_Camera,300,0,54205,local_oas,0.9904607599999999,0.7732824120603015,0.0,0.0,0.8202523695575238,84.53774466531063
Provision_PT_838_Security_Camera,300,0,54205,peer_scale_local_center,0.99893856,0.9466613065326632,0.0008,0.5216,0.8202523695575238,84.53774466531063
Provision_PT_838_Security_Camera,300,0,54205,shared_marginals,0.9989296799999999,0.9462150753768844,0.009,1.0,0.8202523695575238,84.53774466531063
Provision_PT_838_Security_Camera,300,0,54205,block_local_corr,0.8201371999999999,0.5001165829145728,0.0006,0.0,0.8202523695575238,84.53774466531063
Provision_PT_838_Security_Camera,300,0,54205,block_peer_corr,0.96382736,0.526,0.0006,0.0284,0.8202523695575238,84.53774466531063
Provision_PT_838_Security_Camera,300,0,54205,block_reliability,0.8442036400000001,0.5038834170854272,0.0006,0.0,0.8202523695575238,84.53774466531063
Provision_PT_838_Security_Camera,300,1,18988,local_oas,0.99958836,0.9793145728643216,0.0,0.0,0.7618011885243605,67.57136912393588
Provision_PT_838_Security_Camera,300,1,18988,peer_scale_local_center,0.9984519599999999,0.9222150753768845,0.0,0.0,0.7618011885243605,67.57136912393588
Provision_PT_838_Security_Camera,300,1,18988,shared_marginals,0.99863784,0.9315497487437187,0.0,0.0,0.7618011885243605,67.57136912393588
Provision_PT_838_Security_Camera,300,1,18988,block_local_corr,0.7939911199999999,0.4975557788944724,0.0534,0.0108,0.7618011885243605,67.57136912393588
Provision_PT_838_Security_Camera,300,1,18988,block_peer_corr,0.95140452,0.5105045226130653,0.03,0.356,0.7618011885243605,67.57136912393588
Provision_PT_838_Security_Camera,300,1,18988,block_reliability,0.7984997199999999,0.49754572864321606,0.0486,0.005,0.7618011885243605,67.57136912393588
Provision_PT_838_Security_Camera,300,2,48406,local_oas,0.9980612,0.9039115577889447,0.0,0.1522,0.7498962739692262,52.14401202789481
Provision_PT_838_Security_Camera,300,2,48406,peer_scale_local_center,0.99920164,0.9598814070351759,0.0,0.0022,0.7498962739692262,52.14401202789481
Provision_PT_838_Security_Camera,300,2,48406,shared_marginals,0.99923244,0.9614291457286432,0.0,0.051,0.7498962739692262,52.14401202789481
Provision_PT_838_Security_Camera,300,2,48406,block_local_corr,0.8796047600000001,0.4986311557788945,0.005,0.0016,0.7498962739692262,52.14401202789481
Provision_PT_838_Security_Camera,300,2,48406,block_peer_corr,0.9370893600000001,0.5259316582914573,0.0028,0.0476,0.7498962739692262,52.14401202789481
Provision_PT_838_Security_Camera,300,2,48406,block_reliability,0.88888872,0.49923015075376886,0.0046,0.0026,0.7498962739692262,52.14401202789481
Provision_PT_838_Security_Camera,300,3,61303,local_oas,0.85254588,0.8922532663316582,0.0,0.0,0.7893029344090867,54.01673336574497
Provision_PT_838_Security_Camera,300,3,61303,peer_scale_local_center,0.8555576,0.8778552763819095,0.0,0.0,0.7893029344090867,54.01673336574497
Provision_PT_838_Security_Camera,300,3,61303,shared_marginals,0.85339876,0.8639597989949749,0.0,0.0,0.7893029344090867,54.01673336574497
Provision_PT_838_Security_Camera,300,3,61303,block_local_corr,0.83614372,0.4975618090452261,0.0074,0.0002,0.7893029344090867,54.01673336574497
Provision_PT_838_Security_Camera,300,3,61303,block_peer_corr,0.94856884,0.5221688442211055,0.001,0.0026,0.7893029344090867,54.01673336574497
Provision_PT_838_Security_Camera,300,3,61303,block_reliability,0.84836316,0.49757587939698494,0.0046,0.0002,0.7893029344090867,54.01673336574497
Provision_PT_838_Security_Camera,300,4,22056,local_oas,0.9867075999999999,0.7148100502512562,0.0,0.0,0.7833755368701126,75.87721995052735
Provision_PT_838_Security_Camera,300,4,22056,peer_scale_local_center,0.98148168,0.7009346733668342,0.0,0.0,0.7833755368701126,75.87721995052735
Provision_PT_838_Security_Camera,300,4,22056,shared_marginals,0.98382124,0.7121989949748744,0.0,0.0,0.7833755368701126,75.87721995052735
Provision_PT_838_Security_Camera,300,4,22056,block_local_corr,0.83073976,0.49765628140703516,0.1318,0.2848,0.7833755368701126,75.87721995052735
Provision_PT_838_Security_Camera,300,4,22056,block_peer_corr,0.9208916,0.5136723618090452,0.0934,0.677,0.7833755368701126,75.87721995052735
Provision_PT_838_Security_Camera,300,4,22056,block_reliability,0.8500766,0.49766834170854274,0.104,0.326,0.7833755368701126,75.87721995052735
Provision_PT_838_Security_Camera,300,5,51644,local_oas,0.99558404,0.8176281407035176,0.0,0.0,0.820094035004088,101.61190703608438
Provision_PT_838_Security_Camera,300,5,51644,peer_scale_local_center,0.99875764,0.9375698492462312,0.0038,0.9856,0.820094035004088,101.61190703608438
Provision_PT_838_Security_Camera,300,5,51644,shared_marginals,0.99877464,0.938424120603015,0.0318,1.0,0.820094035004088,101.61190703608438
Provision_PT_838_Security_Camera,300,5,51644,block_local_corr,0.9056063200000001,0.49775477386934674,0.0052,0.0006,0.820094035004088,101.61190703608438
Provision_PT_838_Security_Camera,300,5,51644,block_peer_corr,0.96565436,0.5251879396984924,0.0006,0.002,0.820094035004088,101.61190703608438
Provision_PT_838_Security_Camera,300,5,51644,block_reliability,0.91512804,0.4977688442211055,0.0048,0.0006,0.820094035004088,101.61190703608438
Provision_PT_838_Security_Camera,300,6,31955,local_oas,0.99890064,0.9457909547738694,0.0,0.0,0.7277466799424437,61.961559528411314
Provision_PT_838_Security_Camera,300,6,31955,peer_scale_local_center,0.99855804,0.9275879396984925,0.0,0.0,0.7277466799424437,61.961559528411314
Provision_PT_838_Security_Camera,300,6,31955,shared_marginals,0.99822628,0.9109507537688442,0.0,0.0,0.7277466799424437,61.961559528411314
Provision_PT_838_Security_Camera,300,6,31955,block_local_corr,0.8272064000000001,0.4982834170854271,0.0332,0.0706,0.7277466799424437,61.961559528411314
Provision_PT_838_Security_Camera,300,6,31955,block_peer_corr,0.9432339599999999,0.508627135678392,0.0192,0.2704,0.7277466799424437,61.961559528411314
Provision_PT_838_Security_Camera,300,6,31955,block_reliability,0.87358368,0.49784120603015075,0.0254,0.0106,0.7277466799424437,61.961559528411314
Provision_PT_838_Security_Camera,300,7,19567,local_oas,0.8595820799999999,0.6785125628140704,0.0,0.0,0.8714686864420996,134.11221389307153
Provision_PT_838_Security_Camera,300,7,19567,peer_scale_local_center,0.8813976399999999,0.6873467336683416,0.155,0.4284,0.8714686864420996,134.11221389307153
Provision_PT_838_Security_Camera,300,7,19567,shared_marginals,0.88348,0.6832361809045226,0.1414,0.415,0.8714686864420996,134.11221389307153
Provision_PT_838_Security_Camera,300,7,19567,block_local_corr,0.87710672,0.4977145728643216,0.1904,0.7924,0.8714686864420996,134.11221389307153
Provision_PT_838_Security_Camera,300,7,19567,block_peer_corr,0.90558144,0.5075597989949748,0.24,0.796,0.8714686864420996,134.11221389307153
Provision_PT_838_Security_Camera,300,7,19567,block_reliability,0.8828197200000002,0.49795577889447235,0.1918,0.7926,0.8714686864420996,134.11221389307153
Provision_PT_838_Security_Camera,1000,0,52262,local_oas,0.9863095999999999,0.6399417085427136,0.1892,1.0,0.8729982794243394,307.9765833695452
Provision_PT_838_Security_Camera,1000,0,52262,peer_scale_local_center,0.9971015200000001,0.8572221105527638,0.0634,1.0,0.8729982794243394,307.9765833695452
Provision_PT_838_Security_Camera,1000,0,52262,shared_marginals,0.9975702,0.8789386934673367,0.0586,1.0,0.8729982794243394,307.9765833695452
Provision_PT_838_Security_Camera,1000,0,52262,block_local_corr,0.8733483200000001,0.4982472361809045,0.0036,0.001,0.8729982794243394,307.9765833695452
Provision_PT_838_Security_Camera,1000,0,52262,block_peer_corr,0.96251268,0.5311075376884422,0.0024,0.0538,0.8729982794243394,307.9765833695452
Provision_PT_838_Security_Camera,1000,0,52262,block_reliability,0.8750030000000001,0.4982592964824121,0.0038,0.001,0.8729982794243394,307.9765833695452
Provision_PT_838_Security_Camera,1000,1,36360,local_oas,0.99368156,0.7666030150753769,0.074,1.0,0.8341842692478032,176.86400904056154
Provision_PT_838_Security_Camera,1000,1,36360,peer_scale_local_center,0.99778532,0.8887095477386935,0.07,1.0,0.8341842692478032,176.86400904056154
Provision_PT_838_Security_Camera,1000,1,36360,shared_marginals,0.99831384,0.9152683417085427,0.0708,1.0,0.8341842692478032,176.86400904056154
Provision_PT_838_Security_Camera,1000,1,36360,block_local_corr,0.8357087200000001,0.4974934673366834,0.0408,0.0026,0.8341842692478032,176.86400904056154
Provision_PT_838_Security_Camera,1000,1,36360,block_peer_corr,0.9448376,0.5159979899497488,0.015,0.1946,0.8341842692478032,176.86400904056154
Provision_PT_838_Security_Camera,1000,1,36360,block_reliability,0.83952768,0.497513567839196,0.0414,0.0032,0.8341842692478032,176.86400904056154
Provision_PT_838_Security_Camera,1000,2,36400,local_oas,0.99416696,0.7758613065326634,0.0746,1.0,0.8421226328476158,184.03783219273495
Provision_PT_838_Security_Camera,1000,2,36400,peer_scale_local_center,0.99793628,0.896297487437186,0.0702,1.0,0.8421226328476158,184.03783219273495
Provision_PT_838_Security_Camera,1000,2,36400,shared_marginals,0.9985147999999999,0.9254653266331658,0.0712,1.0,0.8421226328476158,184.03783219273495
Provision_PT_838_Security_Camera,1000,2,36400,block_local_corr,0.8421052800000001,0.4975618090452261,0.04,0.0028,0.8421226328476158,184.03783219273495
Provision_PT_838_Security_Camera,1000,2,36400,block_peer_corr,0.950759,0.5159256281407035,0.0154,0.1822,0.8421226328476158,184.03783219273495
Provision_PT_838_Security_Camera,1000,2,36400,block_reliability,0.8460032799999999,0.4975597989949749,0.0406,0.0038,0.8421226328476158,184.03783219273495
Provision_PT_838_Security_Camera,1000,3,17318,local_oas,0.98810688,0.6268201005025126,0.0834,1.0,0.8303538105927103,168.45882018306457
Provision_PT_838_Security_Camera,1000,3,17318,peer_scale_local_center,0.99205588,0.7874130653266331,0.0778,1.0,0.8303538105927103,168.45882018306457
Provision_PT_838_Security_Camera,1000,3,17318,shared_marginals,0.99531548,0.8074050251256282,0.0754,1.0,0.8303538105927103,168.45882018306457
Provision_PT_838_Security_Camera,1000,3,17318,block_local_corr,0.8310838,0.49748743718592964,0.0414,0.0008,0.8303538105927103,168.45882018306457
Provision_PT_838_Security_Camera,1000,3,17318,block_peer_corr,0.9418972800000002,0.5292623115577889,0.0154,0.2558,0.8303538105927103,168.45882018306457
Provision_PT_838_Security_Camera,1000,3,17318,block_reliability,0.8346266800000002,0.49748743718592964,0.0426,0.0008,0.8303538105927103,168.45882018306457
Provision_PT_838_Security_Camera,1000,4,1512,local_oas,0.99103716,0.8154854271356784,0.0362,0.8054,0.8249416148915768,131.87626726868453
Provision_PT_838_Security_Camera,1000,4,1512,peer_scale_local_center,0.9866397199999999,0.6728562814070351,0.0392,1.0,0.8249416148915768,131.87626726868453
Provision_PT_838_Security_Camera,1000,4,1512,shared_marginals,0.9874882800000001,0.6808482412060302,0.041,1.0,0.8249416148915768,131.87626726868453
Provision_PT_838_Security_Camera,1000,4,1512,block_local_corr,0.8456084800000001,0.49748743718592964,0.0248,0.001,0.8249416148915768,131.87626726868453
Provision_PT_838_Security_Camera,1000,4,1512,block_peer_corr,0.9428255200000001,0.5200180904522613,0.027,0.3896,0.8249416148915768,131.87626726868453
Provision_PT_838_Security_Camera,1000,4,1512,block_reliability,0.85109608,0.49748743718592964,0.0248,0.0026,0.8249416148915768,131.87626726868453
Provision_PT_838_Security_Camera,1000,5,3106,local_oas,0.9956218,0.819553768844221,0.0992,1.0,0.8293128428817005,168.97972836940815
Provision_PT_838_Security_Camera,1000,5,3106,peer_scale_local_center,0.9950152000000001,0.7862492462311559,0.0844,1.0,0.8293128428817005,168.97972836940815
Provision_PT_838_Security_Camera,1000,5,3106,shared_marginals,0.99606956,0.8066010050251256,0.085,1.0,0.8293128428817005,168.97972836940815
Provision_PT_838_Security_Camera,1000,5,3106,block_local_corr,0.8346015999999999,0.49748743718592964,0.0192,0.0004,0.8293128428817005,168.97972836940815
Provision_PT_838_Security_Camera,1000,5,3106,block_peer_corr,0.9409774800000001,0.5257386934673367,0.0144,0.2972,0.8293128428817005,168.97972836940815
Provision_PT_838_Security_Camera,1000,5,3106,block_reliability,0.83804048,0.49748743718592964,0.019,0.0002,0.8293128428817005,168.97972836940815
Provision_PT_838_Security_Camera,1000,6,25966,local_oas,0.99688832,0.8665628140703519,0.0878,1.0,0.8450359731171181,148.94137997434208
Provision_PT_838_Security_Camera,1000,6,25966,peer_scale_local_center,0.9995628,0.9780301507537688,0.0798,1.0,0.8450359731171181,148.94137997434208
Provision_PT_838_Security_Camera,1000,6,25966,shared_marginals,0.9997056,0.9852060301507537,0.078,1.0,0.8450359731171181,148.94137997434208
Provision_PT_838_Security_Camera,1000,6,25966,block_local_corr,0.83897036,0.49748743718592964,0.0196,0.0006,0.8450359731171181,148.94137997434208
Provision_PT_838_Security_Camera,1000,6,25966,block_peer_corr,0.960071,0.5206090452261306,0.0184,0.257,0.8450359731171181,148.94137997434208
Provision_PT_838_Security_Camera,1000,6,25966,block_reliability,0.8429194800000002,0.49748743718592964,0.0214,0.0006,0.8450359731171181,148.94137997434208
Provision_PT_838_Security_Camera,1000,7,936,local_oas,0.99378976,0.8758050251256282,0.0014,0.7202,0.8379894842920209,188.96641066430362
Provision_PT_838_Security_Camera,1000,7,936,peer_scale_local_center,0.99312564,0.8575778894472361,0.0002,0.048,0.8379894842920209,188.96641066430362
Provision_PT_838_Security_Camera,1000,7,936,shared_marginals,0.99349844,0.864164824120603,0.0002,0.049,0.8379894842920209,188.96641066430362
Provision_PT_838_Security_Camera,1000,7,936,block_local_corr,0.8621743600000001,0.4978713567839196,0.0004,0.0002,0.8379894842920209,188.96641066430362
Provision_PT_838_Security_Camera,1000,7,936,block_peer_corr,0.9597895200000001,0.5193849246231156,0.003,0.0368,0.8379894842920209,188.96641066430362
Provision_PT_838_Security_Camera,1000,7,936,block_reliability,0.86803592,0.4978572864321608,0.0006,0.0002,0.8379894842920209,188.96641066430362
Samsung_SNH_1011_N_Webcam,30,0,9601,local_oas,0.68226928,0.4977326633165829,0.2902,0.004,0.773331749646176,27.191723532293384
Samsung_SNH_1011_N_Webcam,30,0,9601,peer_scale_local_center,0.99901352,0.9504281407035176,0.0124,1.0,0.773331749646176,27.191723532293384
Samsung_SNH_1011_N_Webcam,30,0,9601,shared_marginals,0.99897672,0.9485788944723619,0.0324,1.0,0.773331749646176,27.191723532293384
Samsung_SNH_1011_N_Webcam,30,0,9601,block_local_corr,0.99612132,0.8050914572864322,0.0052,0.5812,0.773331749646176,27.191723532293384
Samsung_SNH_1011_N_Webcam,30,0,9601,block_peer_corr,0.99886904,0.9431678391959799,0.0394,1.0,0.773331749646176,27.191723532293384
Samsung_SNH_1011_N_Webcam,30,0,9601,block_reliability,0.99673172,0.835764824120603,0.0066,1.0,0.773331749646176,27.191723532293384
Samsung_SNH_1011_N_Webcam,30,1,14209,local_oas,0.92996116,0.4979195979899497,0.0542,0.0034,0.7773502725279355,29.0
Samsung_SNH_1011_N_Webcam,30,1,14209,peer_scale_local_center,0.99797464,0.8982231155778895,0.0172,1.0,0.7773502725279355,29.0
Samsung_SNH_1011_N_Webcam,30,1,14209,shared_marginals,0.9979794,0.898462311557789,0.0424,1.0,0.7773502725279355,29.0
Samsung_SNH_1011_N_Webcam,30,1,14209,block_local_corr,0.99583548,0.7907276381909548,0.0118,1.0,0.7773502725279355,29.0
Samsung_SNH_1011_N_Webcam,30,1,14209,block_peer_corr,0.99905836,0.9526814070351759,0.0274,1.0,0.7773502725279355,29.0
Samsung_SNH_1011_N_Webcam,30,1,14209,block_reliability,0.9969117200000001,0.8448100502512563,0.0186,1.0,0.7773502725279355,29.0
Samsung_SNH_1011_N_Webcam,30,2,9613,local_oas,0.68061164,0.49758391959799,0.4278,1.0,0.7664016731532146,29.0
Samsung_SNH_1011_N_Webcam,30,2,9613,peer_scale_local_center,0.99891816,0.9456361809045226,0.2256,1.0,0.7664016731532146,29.0
Samsung_SNH_1011_N_Webcam,30,2,9613,shared_marginals,0.9988606400000001,0.942745728643216,0.3688,1.0,0.7664016731532146,29.0
Samsung_SNH_1011_N_Webcam,30,2,9613,block_local_corr,0.9935046799999999,0.7488201005025126,0.0856,1.0,0.7664016731532146,29.0
Samsung_SNH_1011_N_Webcam,30,2,9613,block_peer_corr,0.99863884,0.9316,0.0516,1.0,0.7664016731532146,29.0
Samsung_SNH_1011_N_Webcam,30,2,9613,block_reliability,0.99565404,0.7816100502512564,0.08,1.0,0.7664016731532146,29.0
Samsung_SNH_1011_N_Webcam,30,3,16214,local_oas,0.971877,0.7523738693467337,0.0,0.0,0.5718725224836163,6.410519185123564
Samsung_SNH_1011_N_Webcam,30,3,16214,peer_scale_local_center,0.9991456000000001,0.9901306532663317,0.0,0.4694,0.5718725224836163,6.410519185123564
Samsung_SNH_1011_N_Webcam,30,3,16214,shared_marginals,0.9995542,0.9775979899497488,0.5152,1.0,0.5718725224836163,6.410519185123564
Samsung_SNH_1011_N_Webcam,30,3,16214,block_local_corr,0.97661852,0.6950693467336683,0.087,0.9972,0.5718725224836163,6.410519185123564
Samsung_SNH_1011_N_Webcam,30,3,16214,block_peer_corr,0.9901470400000001,0.8717386934673367,0.0002,0.1736,0.5718725224836163,6.410519185123564
Samsung_SNH_1011_N_Webcam,30,3,16214,block_reliability,0.9768922000000001,0.6969507537688442,0.1918,0.998,0.5718725224836163,6.410519185123564
Samsung_SNH_1011_N_Webcam,30,4,7262,local_oas,0.69579552,0.4977386934673367,0.2866,0.004,0.7765615859378933,29.0
Samsung_SNH_1011_N_Webcam,30,4,7262,peer_scale_local_center,0.99918072,0.9588301507537689,0.0098,1.0,0.7765615859378933,29.0
Samsung_SNH_1011_N_Webcam,30,4,7262,shared_marginals,0.9994236,0.971035175879397,0.0238,1.0,0.7765615859378933,29.0
Samsung_SNH_1011_N_Webcam,30,4,7262,block_local_corr,0.9898948399999999,0.7393025125628141,0.0258,1.0,0.7765615859378933,29.0
Samsung_SNH_1011_N_Webcam,30,4,7262,block_peer_corr,0.9993878399999999,0.9692381909547738,0.0532,1.0,0.7765615859378933,29.0
Samsung_SNH_1011_N_Webcam,30,4,7262,block_reliability,0.99607848,0.8029386934673366,0.014,1.0,0.7765615859378933,29.0
Samsung_SNH_1011_N_Webcam,30,5,16869,local_oas,0.98959976,0.6892502512562814,0.005,0.0004,0.5446710007737989,6.681167620969834
Samsung_SNH_1011_N_Webcam,30,5,16869,peer_scale_local_center,0.99840788,0.9570633165829145,1.0,1.0,0.5446710007737989,6.681167620969834
Samsung_SNH_1011_N_Webcam,30,5,16869,shared_marginals,0.9990823200000001,0.9538854271356785,1.0,1.0,0.5446710007737989,6.681167620969834
Samsung_SNH_1011_N_Webcam,30,5,16869,block_local_corr,0.9888393600000001,0.8284160804020101,0.9778,1.0,0.5446710007737989,6.681167620969834
Samsung_SNH_1011_N_Webcam,30,5,16869,block_peer_corr,0.9962929599999999,0.9253185929648241,0.9996,0.9998,0.5446710007737989,6.681167620969834
Samsung_SNH_1011_N_Webcam,30,5,16869,block_reliability,0.9937967600000001,0.8170231155778894,1.0,1.0,0.5446710007737989,6.681167620969834
Samsung_SNH_1011_N_Webcam,30,6,32992,local_oas,0.91629352,0.4977105527638191,0.4352,1.0,0.7801328777209002,29.0
Samsung_SNH_1011_N_Webcam,30,6,32992,peer_scale_local_center,0.99962684,0.9812482412060302,0.0826,1.0,0.7801328777209002,29.0
Samsung_SNH_1011_N_Webcam,30,6,32992,shared_marginals,0.99940336,0.9700180904522613,0.0876,1.0,0.7801328777209002,29.0
Samsung_SNH_1011_N_Webcam,30,6,32992,block_local_corr,0.99804188,0.9016020100502513,0.0506,1.0,0.7801328777209002,29.0
Samsung_SNH_1011_N_Webcam,30,6,32992,block_peer_corr,0.99889448,0.9444462311557789,0.0156,1.0,0.7801328777209002,29.0
Samsung_SNH_1011_N_Webcam,30,6,32992,block_reliability,0.9980342799999999,0.9012482412060301,0.0606,1.0,0.7801328777209002,29.0
Samsung_SNH_1011_N_Webcam,30,7,8312,local_oas,0.7083221199999999,0.49764824120603013,0.2688,0.0038,0.7804214966358355,29.0
Samsung_SNH_1011_N_Webcam,30,7,8312,peer_scale_local_center,0.99887932,0.9436844221105527,0.018,1.0,0.7804214966358355,29.0
Samsung_SNH_1011_N_Webcam,30,7,8312,shared_marginals,0.99883764,0.9415899497487438,0.0388,1.0,0.7804214966358355,29.0
Samsung_SNH_1011_N_Webcam,30,7,8312,block_local_corr,0.99000668,0.7259597989949749,0.0236,1.0,0.7804214966358355,29.0
Samsung_SNH_1011_N_Webcam,30,7,8312,block_peer_corr,0.99890316,0.9448824120603014,0.0074,1.0,0.7804214966358355,29.0
Samsung_SNH_1011_N_Webcam,30,7,8312,block_reliability,0.9944055199999999,0.7541085427135679,0.019,1.0,0.7804214966358355,29.0
Samsung_SNH_1011_N_Webcam,100,0,19263,local_oas,0.9995894,0.9793668341708542,0.0,0.0,0.8477389619751664,99.0
Samsung_SNH_1011_N_Webcam,100,0,19263,peer_scale_local_center,0.99950872,0.9753125628140704,0.024,1.0,0.8477389619751664,99.0
Samsung_SNH_1011_N_Webcam,100,0,19263,shared_marginals,0.99923024,0.9613185929648241,0.0234,1.0,0.8477389619751664,99.0
Samsung_SNH_1011_N_Webcam,100,0,19263,block_local_corr,0.99563632,0.7807195979899497,0.025,1.0,0.8477389619751664,99.0
Samsung_SNH_1011_N_Webcam,100,0,19263,block_peer_corr,0.99920272,0.9599356783919599,0.0324,1.0,0.8477389619751664,99.0
Samsung_SNH_1011_N_Webcam,100,0,19263,block_reliability,0.9957722800000001,0.7875517587939698,0.0256,1.0,0.8477389619751664,99.0
Samsung_SNH_1011_N_Webcam,100,1,18688,local_oas,0.6805128800000001,0.4976763819095477,0.5086,1.0,0.8463434780079244,92.74925983482338
Samsung_SNH_1011_N_Webcam,100,1,18688,peer_scale_local_center,0.99855012,0.9271417085427136,0.226,1.0,0.8463434780079244,92.74925983482338
Samsung_SNH_1011_N_Webcam,100,1,18688,shared_marginals,0.99878812,0.9391015075376885,0.2048,1.0,0.8463434780079244,92.74925983482338
Samsung_SNH_1011_N_Webcam,100,1,18688,block_local_corr,0.99594664,0.7963135678391959,0.0152,1.0,0.8463434780079244,92.74925983482338
Samsung_SNH_1011_N_Webcam,100,1,18688,block_peer_corr,0.99905616,0.9525708542713568,0.0188,1.0,0.8463434780079244,92.74925983482338
Samsung_SNH_1011_N_Webcam,100,1,18688,block_reliability,0.9962992399999999,0.8140321608040202,0.0254,1.0,0.8463434780079244,92.74925983482338
Samsung_SNH_1011_N_Webcam,100,2,10701,local_oas,0.9974580399999999,0.8722633165829146,0.0,0.0,0.8399654635892155,73.22412347668148
Samsung_SNH_1011_N_Webcam,100,2,10701,peer_scale_local_center,0.99950272,0.9750110552763819,0.0388,1.0,0.8399654635892155,73.22412347668148
Samsung_SNH_1011_N_Webcam,100,2,10701,shared_marginals,0.9993741199999999,0.9685487437185929,0.0394,1.0,0.8399654635892155,73.22412347668148
Samsung_SNH_1011_N_Webcam,100,2,10701,block_local_corr,0.9925732,0.7369065326633166,0.0684,1.0,0.8399654635892155,73.22412347668148
Samsung_SNH_1011_N_Webcam,100,2,10701,block_peer_corr,0.99931792,0.9657246231155778,0.0384,1.0,0.8399654635892155,73.22412347668148
Samsung_SNH_1011_N_Webcam,100,2,10701,block_reliability,0.99428884,0.745521608040201,0.0716,1.0,0.8399654635892155,73.22412347668148
Samsung_SNH_1011_N_Webcam,100,3,28157,local_oas,0.7707304800000001,0.49764020100502515,0.3156,1.0,0.845687690828895,99.0
Samsung_SNH_1011_N_Webcam,100,3,28157,peer_scale_local_center,0.9992958399999999,0.9646150753768844,0.3544,1.0,0.845687690828895,99.0
Samsung_SNH_1011_N_Webcam,100,3,28157,shared_marginals,0.99906056,0.952791959798995,0.3504,1.0,0.845687690828895,99.0
Samsung_SNH_1011_N_Webcam,100,3,28157,block_local_corr,0.99722292,0.8604482412060301,0.0898,1.0,0.845687690828895,99.0
Samsung_SNH_1011_N_Webcam,100,3,28157,block_peer_corr,0.9989513600000001,0.9473045226130653,0.0142,1.0,0.845687690828895,99.0
Samsung_SNH_1011_N_Webcam,100,3,28157,block_reliability,0.99688148,0.8432904522613065,0.0838,1.0,0.845687690828895,99.0
Samsung_SNH_1011_N_Webcam,100,4,6592,local_oas,0.8762907600000001,0.4975778894472362,0.296,1.0,0.8479552339925687,99.0
Samsung_SNH_1011_N_Webcam,100,4,6592,peer_scale_local_center,0.99866836,0.9330834170854272,0.1314,1.0,0.8479552339925687,99.0
Samsung_SNH_1011_N_Webcam,100,4,6592,shared_marginals,0.99839784,0.919489447236181,0.1388,1.0,0.8479552339925687,99.0
Samsung_SNH_1011_N_Webcam,100,4,6592,block_local_corr,0.9959,0.7939698492462313,0.1006,1.0,0.8479552339925687,99.0
Samsung_SNH_1011_N_Webcam,100,4,6592,block_peer_corr,0.99905104,0.952313567839196,0.0446,1.0,0.8479552339925687,99.0
Samsung_SNH_1011_N_Webcam,100,4,6592,block_reliability,0.99630696,0.8144201005025126,0.0978,1.0,0.8479552339925687,99.0
Samsung_SNH_1011_N_Webcam,100,5,15862,local_oas,0.9830986399999999,0.6898150753768844,0.036,0.9996,0.8131161935305774,60.217056687464044
Samsung_SNH_1011_N_Webcam,100,5,15862,peer_scale_local_center,0.9850535599999999,0.6991859296482412,0.0016,0.4014,0.8131161935305774,60.217056687464044
Samsung_SNH_1011_N_Webcam,100,5,15862,shared_marginals,0.99979584,0.9914633165829145,0.0,0.4014,0.8131161935305774,60.217056687464044
Samsung_SNH_1011_N_Webcam,100,5,15862,block_local_corr,0.99234836,0.7471035175879397,0.0,0.0,0.8131161935305774,60.217056687464044
Samsung_SNH_1011_N_Webcam,100,5,15862,block_peer_corr,0.99959588,0.9952482412060302,0.0,0.0,0.8131161935305774,60.217056687464044
Samsung_SNH_1011_N_Webcam,100,5,15862,block_reliability,0.98968068,0.7428623115577889,0.0,0.0,0.8131161935305774,60.217056687464044
Samsung_SNH_1011_N_Webcam,100,6,10390,local_oas,0.72126196,0.49772060301507537,0.2092,0.0018,0.8481249471898085,99.0
Samsung_SNH_1011_N_Webcam,100,6,10390,peer_scale_local_center,0.99738516,0.8686010050251256,0.0632,1.0,0.8481249471898085,99.0
Samsung_SNH_1011_N_Webcam,100,6,10390,shared_marginals,0.9975772799999999,0.8782552763819096,0.069,1.0,0.8481249471898085,99.0
Samsung_SNH_1011_N_Webcam,100,6,10390,block_local_corr,0.99703252,0.8508804020100502,0.0176,1.0,0.8481249471898085,99.0
Samsung_SNH_1011_N_Webcam,100,6,10390,block_peer_corr,0.99936544,0.9681125628140703,0.0282,1.0,0.8481249471898085,99.0
Samsung_SNH_1011_N_Webcam,100,6,10390,block_reliability,0.9970889199999999,0.8537145728643216,0.027,1.0,0.8481249471898085,99.0
Samsung_SNH_1011_N_Webcam,100,7,7095,local_oas,0.71267056,0.49782914572864323,0.3626,1.0,0.8447123519769445,94.76816751859148
Samsung_SNH_1011_N_Webcam,100,7,7095,peer_scale_local_center,0.99932172,0.9659155778894472,0.1886,1.0,0.8447123519769445,94.76816751859148
Samsung_SNH_1011_N_Webcam,100,7,7095,shared_marginals,0.99923524,0.9615698492462312,0.174,1.0,0.8447123519769445,94.76816751859148
Samsung_SNH_1011_N_Webcam,100,7,7095,block_local_corr,0.99532168,0.7689346733668342,0.0334,1.0,0.8447123519769445,94.76816751859148
Samsung_SNH_1011_N_Webcam,100,7,7095,block_peer_corr,0.99949748,0.9747477386934673,0.02,1.0,0.8447123519769445,94.76816751859148
Samsung_SNH_1011_N_Webcam,100,7,7095,block_reliability,0.99619952,0.8090211055276382,0.0372,1.0,0.8447123519769445,94.76816751859148
Samsung_SNH_1011_N_Webcam,300,0,31356,local_oas,0.6896037999999999,0.4978974874371859,0.322,1.0,0.8651317144495444,174.07863251862148
Samsung_SNH_1011_N_Webcam,300,0,31356,peer_scale_local_center,0.99666192,0.8322854271356783,0.0216,1.0,0.8651317144495444,174.07863251862148
Samsung_SNH_1011_N_Webcam,300,0,31356,shared_marginals,0.99643472,0.8208582914572865,0.0206,1.0,0.8651317144495444,174.07863251862148
Samsung_SNH_1011_N_Webcam,300,0,31356,block_local_corr,0.99960848,0.9803256281407036,0.0,0.1184,0.8651317144495444,174.07863251862148
Samsung_SNH_1011_N_Webcam,300,0,31356,block_peer_corr,0.9998007999999999,0.9899899497487437,0.0004,0.5376,0.8651317144495444,174.07863251862148
Samsung_SNH_1011_N_Webcam,300,0,31356,block_reliability,0.99962252,0.9810311557788944,0.0,0.223,0.8651317144495444,174.07863251862148
Samsung_SNH_1011_N_Webcam,300,1,5327,local_oas,0.8966528,0.49783517587939696,0.0696,0.0048,0.8820333506989293,299.0
Samsung_SNH_1011_N_Webcam,300,1,5327,peer_scale_local_center,0.9990288,0.9511959798994976,0.3452,1.0,0.8820333506989293,299.0
Samsung_SNH_1011_N_Webcam,300,1,5327,shared_marginals,0.99912508,0.9560341708542714,0.3786,1.0,0.8820333506989293,299.0
Samsung_SNH_1011_N_Webcam,300,1,5327,block_local_corr,0.9965527200000001,0.8267698492462312,0.077,1.0,0.8820333506989293,299.0
Samsung_SNH_1011_N_Webcam,300,1,5327,block_peer_corr,0.9989013999999999,0.9447939698492462,0.0466,1.0,0.8820333506989293,299.0
Samsung_SNH_1011_N_Webcam,300,1,5327,block_reliability,0.99665664,0.831991959798995,0.0762,1.0,0.8820333506989293,299.0
Samsung_SNH_1011_N_Webcam,300,2,8851,local_oas,0.98416844,0.5873668341708542,0.0058,0.0,0.8775654348062432,258.9082953316476
Samsung_SNH_1011_N_Webcam,300,2,8851,peer_scale_local_center,0.9960868399999999,0.8033587939698492,0.0394,1.0,0.8775654348062432,258.9082953316476
Samsung_SNH_1011_N_Webcam,300,2,8851,shared_marginals,0.99610844,0.8044442211055276,0.0416,1.0,0.8775654348062432,258.9082953316476
Samsung_SNH_1011_N_Webcam,300,2,8851,block_local_corr,0.99724708,0.8616623115577889,0.0056,1.0,0.8775654348062432,258.9082953316476
Samsung_SNH_1011_N_Webcam,300,2,8851,block_peer_corr,0.99930156,0.9649025125628141,0.0066,1.0,0.8775654348062432,258.9082953316476
Samsung_SNH_1011_N_Webcam,300,2,8851,block_reliability,0.99736596,0.8676361809045225,0.006,1.0,0.8775654348062432,258.9082953316476
Samsung_SNH_1011_N_Webcam,300,3,1921,local_oas,0.99889136,0.9442894472361809,0.0,0.0,0.8818438857045803,299.0
Samsung_SNH_1011_N_Webcam,300,3,1921,peer_scale_local_center,0.99967204,0.9835195979899498,0.0302,1.0,0.8818438857045803,299.0
Samsung_SNH_1011_N_Webcam,300,3,1921,shared_marginals,0.99962712,0.981262311557789,0.0336,1.0,0.8818438857045803,299.0
Samsung_SNH_1011_N_Webcam,300,3,1921,block_local_corr,0.99603696,0.8008522613065328,0.053,1.0,0.8818438857045803,299.0
Samsung_SNH_1011_N_Webcam,300,3,1921,block_peer_corr,0.9991346,0.9565125628140703,0.0418,1.0,0.8818438857045803,299.0
Samsung_SNH_1011_N_Webcam,300,3,1921,block_reliability,0.99622424,0.8102633165829145,0.0544,1.0,0.8818438857045803,299.0
Samsung_SNH_1011_N_Webcam,300,4,16871,local_oas,0.98200964,0.7001005025125628,0.0332,0.9468,0.8214138944772256,90.84873514422164
Samsung_SNH_1011_N_Webcam,300,4,16871,peer_scale_local_center,0.99518884,0.9078170854271357,0.033,0.9994,0.8214138944772256,90.84873514422164
Samsung_SNH_1011_N_Webcam,300,4,16871,shared_marginals,0.99925884,0.9634934673366835,0.0022,0.9958,0.8214138944772256,90.84873514422164
Samsung_SNH_1011_N_Webcam,300,4,16871,block_local_corr,0.9986349999999999,0.9314070351758794,0.0,0.0,0.8214138944772256,90.84873514422164
Samsung_SNH_1011_N_Webcam,300,4,16871,block_peer_corr,0.99943108,0.9715015075376885,0.0,0.0,0.8214138944772256,90.84873514422164
Samsung_SNH_1011_N_Webcam,300,4,16871,block_reliability,0.9986552,0.932424120603015,0.0,0.0,0.8214138944772256,90.84873514422164
Samsung_SNH_1011_N_Webcam,300,5,25434,local_oas,0.99640684,0.8194391959798994,0.0,0.0,0.8813877459151707,299.0
Samsung_SNH_1011_N_Webcam,300,5,25434,peer_scale_local_center,0.9984737199999999,0.923302512562814,0.0286,1.0,0.8813877459151707,299.0
Samsung_SNH_1011_N_Webcam,300,5,25434,shared_marginals,0.9983485999999999,0.9170150753768844,0.0336,1.0,0.8813877459151707,299.0
Samsung_SNH_1011_N_Webcam,300,5,25434,block_local_corr,0.99711432,0.8549909547738694,0.0422,1.0,0.8813877459151707,299.0
Samsung_SNH_1011_N_Webcam,300,5,25434,block_peer_corr,0.9992053599999999,0.9600683417085427,0.04,1.0,0.8813877459151707,299.0
Samsung_SNH_1011_N_Webcam,300,5,25434,block_reliability,0.99724228,0.8614211055276382,0.0452,1.0,0.8813877459151707,299.0
Samsung_SNH_1011_N_Webcam,300,6,18288,local_oas,0.70518384,0.4978070351758794,0.2546,0.0042,0.8817917921650686,299.0
Samsung_SNH_1011_N_Webcam,300,6,18288,peer_scale_local_center,0.99758684,0.8787356783919598,0.2986,1.0,0.8817917921650686,299.0
Samsung_SNH_1011_N_Webcam,300,6,18288,shared_marginals,0.99755076,0.8769226130653267,0.291,1.0,0.8817917921650686,299.0
Samsung_SNH_1011_N_Webcam,300,6,18288,block_local_corr,0.996419,0.8200502512562814,0.0594,1.0,0.8817917921650686,299.0
Samsung_SNH_1011_N_Webcam,300,6,18288,block_peer_corr,0.9989703600000001,0.9482592964824121,0.0352,1.0,0.8817917921650686,299.0
Samsung_SNH_1011_N_Webcam,300,6,18288,block_reliability,0.99645056,0.8216361809045226,0.061,1.0,0.8817917921650686,299.0
Samsung_SNH_1011_N_Webcam,300,7,16817,local_oas,0.98109652,0.7025608040201005,0.0,0.0,0.8109075093134913,79.46044428701065
Samsung_SNH_1011_N_Webcam,300,7,16817,peer_scale_local_center,0.9961119999999999,0.9286713567839197,0.0,0.3492,0.8109075093134913,79.46044428701065
Samsung_SNH_1011_N_Webcam,300,7,16817,shared_marginals,0.99944872,0.9732341708542713,0.0,0.4068,0.8109075093134913,79.46044428701065
Samsung_SNH_1011_N_Webcam,300,7,16817,block_local_corr,0.99883616,0.9450472361809046,0.0,0.0,0.8109075093134913,79.46044428701065
Samsung_SNH_1011_N_Webcam,300,7,16817,block_peer_corr,0.99939308,0.9733105527638191,0.0,0.0,0.8109075093134913,79.46044428701065
Samsung_SNH_1011_N_Webcam,300,7,16817,block_reliability,0.9990236,0.9583015075376885,0.0,0.0,0.8109075093134913,79.46044428701065
Samsung_SNH_1011_N_Webcam,1000,0,3023,local_oas,0.74309548,0.49765025125628143,0.2478,0.0034,0.9044373475868359,999.0
Samsung_SNH_1011_N_Webcam,1000,0,3023,peer_scale_local_center,0.99668448,0.8333909547738694,0.306,1.0,0.9044373475868359,999.0
Samsung_SNH_1011_N_Webcam,1000,0,3023,shared_marginals,0.9970738800000001,0.8529587939698492,0.264,1.0,0.9044373475868359,999.0
Samsung_SNH_1011_N_Webcam,1000,0,3023,block_local_corr,0.99719144,0.8588663316582914,0.059,1.0,0.9044373475868359,999.0
Samsung_SNH_1011_N_Webcam,1000,0,3023,block_peer_corr,0.99964784,0.9823035175879398,0.0356,1.0,0.9044373475868359,999.0
Samsung_SNH_1011_N_Webcam,1000,0,3023,block_reliability,0.99711824,0.8551879396984925,0.06,1.0,0.9044373475868359,999.0
Samsung_SNH_1011_N_Webcam,1000,1,8607,local_oas,0.9940209999999999,0.7750432160804019,0.0,0.0,0.902849502368101,909.7376369917652
Samsung_SNH_1011_N_Webcam,1000,1,8607,peer_scale_local_center,0.998657,0.9325125628140704,0.0142,1.0,0.902849502368101,909.7376369917652
Samsung_SNH_1011_N_Webcam,1000,1,8607,shared_marginals,0.99841652,0.9204281407035175,0.0176,1.0,0.902849502368101,909.7376369917652
Samsung_SNH_1011_N_Webcam,1000,1,8607,block_local_corr,0.9969202399999999,0.8452381909547739,0.0078,1.0,0.902849502368101,909.7376369917652
Samsung_SNH_1011_N_Webcam,1000,1,8607,block_peer_corr,0.99941596,0.9706512562814069,0.008,1.0,0.902849502368101,909.7376369917652
Samsung_SNH_1011_N_Webcam,1000,1,8607,block_reliability,0.99694352,0.846408040201005,0.0084,1.0,0.902849502368101,909.7376369917652
Samsung_SNH_1011_N_Webcam,1000,2,5084,local_oas,0.99350348,0.7559075376884422,0.0064,0.5318,0.9047713487762054,999.0
Samsung_SNH_1011_N_Webcam,1000,2,5084,peer_scale_local_center,0.9985875200000001,0.9290211055276382,0.1904,1.0,0.9047713487762054,999.0
Samsung_SNH_1011_N_Webcam,1000,2,5084,shared_marginals,0.9990661200000001,0.9530713567839196,0.1524,1.0,0.9047713487762054,999.0
Samsung_SNH_1011_N_Webcam,1000,2,5084,block_local_corr,0.99622208,0.8101547738693466,0.0704,1.0,0.9047713487762054,999.0
Samsung_SNH_1011_N_Webcam,1000,2,5084,block_peer_corr,0.99939772,0.9697346733668342,0.0512,1.0,0.9047713487762054,999.0
Samsung_SNH_1011_N_Webcam,1000,2,5084,block_reliability,0.99623484,0.8107959798994975,0.0712,1.0,0.9047713487762054,999.0
Samsung_SNH_1011_N_Webcam,1000,3,3586,local_oas,0.71949128,0.49768442211055275,0.3872,1.0,0.9047687274529322,999.0
Samsung_SNH_1011_N_Webcam,1000,3,3586,peer_scale_local_center,0.99618276,0.8081788944723618,0.291,1.0,0.9047687274529322,999.0
Samsung_SNH_1011_N_Webcam,1000,3,3586,shared_marginals,0.99631044,0.8145949748743719,0.243,1.0,0.9047687274529322,999.0
Samsung_SNH_1011_N_Webcam,1000,3,3586,block_local_corr,0.99653684,0.8259718592964824,0.0596,1.0,0.9047687274529322,999.0
Samsung_SNH_1011_N_Webcam,1000,3,3586,block_peer_corr,0.99915068,0.9573206030150754,0.0384,1.0,0.9047687274529322,999.0
Samsung_SNH_1011_N_Webcam,1000,3,3586,block_reliability,0.9963945599999999,0.8188221105527638,0.0608,1.0,0.9047687274529322,999.0
Samsung_SNH_1011_N_Webcam,1000,4,16515,local_oas,0.9993511199999999,0.9673929648241206,0.0,0.0,0.8781552396949717,294.1197239288925
Samsung_SNH_1011_N_Webcam,1000,4,16515,peer_scale_local_center,0.9992688399999999,0.9632582914572865,0.0,0.4094,0.8781552396949717,294.1197239288925
Samsung_SNH_1011_N_Webcam,1000,4,16515,shared_marginals,0.99908076,0.9538070351758794,0.0,0.4034,0.8781552396949717,294.1197239288925
Samsung_SNH_1011_N_Webcam,1000,4,16515,block_local_corr,0.99852044,0.9294070351758794,0.0,0.0,0.8781552396949717,294.1197239288925
Samsung_SNH_1011_N_Webcam,1000,4,16515,block_peer_corr,0.99947944,0.9749045226130653,0.0,0.0002,0.8781552396949717,294.1197239288925
Samsung_SNH_1011_N_Webcam,1000,4,16515,block_reliability,0.9986203199999999,0.9345226130653266,0.0,0.0,0.8781552396949717,294.1197239288925
Samsung_SNH_1011_N_Webcam,1000,5,24096,local_oas,0.99593704,0.7961427135678392,0.0,0.0,0.9049656393859771,999.0
Samsung_SNH_1011_N_Webcam,1000,5,24096,peer_scale_local_center,0.998236,0.911356783919598,0.0538,1.0,0.9049656393859771,999.0
Samsung_SNH_1011_N_Webcam,1000,5,24096,shared_marginals,0.99869696,0.9345206030150754,0.06,1.0,0.9049656393859771,999.0
Samsung_SNH_1011_N_Webcam,1000,5,24096,block_local_corr,0.99672336,0.8353447236180904,0.0678,1.0,0.9049656393859771,999.0
Samsung_SNH_1011_N_Webcam,1000,5,24096,block_peer_corr,0.9989394,0.9467035175879397,0.0508,1.0,0.9049656393859771,999.0
Samsung_SNH_1011_N_Webcam,1000,5,24096,block_reliability,0.99674516,0.8364402010050251,0.0684,1.0,0.9049656393859771,999.0
Samsung_SNH_1011_N_Webcam,1000,6,17703,local_oas,0.76091172,0.4977185929648241,0.1986,0.0024,0.9047618593031579,999.0
Samsung_SNH_1011_N_Webcam,1000,6,17703,peer_scale_local_center,0.9959332,0.7956381909547738,0.2194,1.0,0.9047618593031579,999.0
Samsung_SNH_1011_N_Webcam,1000,6,17703,shared_marginals,0.9965875599999999,0.8285206030150754,0.2058,1.0,0.9047618593031579,999.0
Samsung_SNH_1011_N_Webcam,1000,6,17703,block_local_corr,0.99670948,0.8346472361809045,0.069,1.0,0.9047618593031579,999.0
Samsung_SNH_1011_N_Webcam,1000,6,17703,block_peer_corr,0.99931708,0.9656824120603016,0.0434,1.0,0.9047618593031579,999.0
Samsung_SNH_1011_N_Webcam,1000,6,17703,block_reliability,0.9966458,0.8314472361809045,0.0696,1.0,0.9047618593031579,999.0
Samsung_SNH_1011_N_Webcam,1000,7,4709,local_oas,0.9953568399999999,0.7785547738693468,0.0,0.0,0.9048170783203713,999.0
Samsung_SNH_1011_N_Webcam,1000,7,4709,peer_scale_local_center,0.999606,0.9802010050251257,0.0632,1.0,0.9048170783203713,999.0
Samsung_SNH_1011_N_Webcam,1000,7,4709,shared_marginals,0.99968468,0.9841547738693467,0.0734,1.0,0.9048170783203713,999.0
Samsung_SNH_1011_N_Webcam,1000,7,4709,block_local_corr,0.9966282399999999,0.8305648241206031,0.0796,1.0,0.9048170783203713,999.0
Samsung_SNH_1011_N_Webcam,1000,7,4709,block_peer_corr,0.9993845600000001,0.9690733668341709,0.044,1.0,0.9048170783203713,999.0
Samsung_SNH_1011_N_Webcam,1000,7,4709,block_reliability,0.99663528,0.8309185929648242,0.0792,1.0,0.9048170783203713,999.0
SimpleHome_XCS7_1002_WHT_Security_Camera,30,0,23529,local_oas,0.72888004,0.49748743718592964,0.0468,0.0002,0.6959555884687719,22.62475333087484
SimpleHome_XCS7_1002_WHT_Security_Camera,30,0,23529,peer_scale_local_center,0.99913456,0.9585286432160804,0.1444,1.0,0.6959555884687719,22.62475333087484
SimpleHome_XCS7_1002_WHT_Security_Camera,30,0,23529,shared_marginals,0.99925236,0.963835175879397,0.1528,1.0,0.6959555884687719,22.62475333087484
SimpleHome_XCS7_1002_WHT_Security_Camera,30,0,23529,block_local_corr,0.9820148,0.6533105527638191,0.0284,0.7614,0.6959555884687719,22.62475333087484
SimpleHome_XCS7_1002_WHT_Security_Camera,30,0,23529,block_peer_corr,0.98857476,0.7192422110552764,0.0958,1.0,0.6959555884687719,22.62475333087484
SimpleHome_XCS7_1002_WHT_Security_Camera,30,0,23529,block_reliability,0.9850757600000001,0.68481608040201,0.1252,1.0,0.6959555884687719,22.62475333087484
SimpleHome_XCS7_1002_WHT_Security_Camera,30,1,30240,local_oas,0.4173428,0.6134512562814071,0.0,0.0,0.436552636560417,3.2438695740310854
SimpleHome_XCS7_1002_WHT_Security_Camera,30,1,30240,peer_scale_local_center,0.48346064,0.5228924623115578,1.0,1.0,0.436552636560417,3.2438695740310854
SimpleHome_XCS7_1002_WHT_Security_Camera,30,1,30240,shared_marginals,0.9997252,0.9861909547738693,1.0,1.0,0.436552636560417,3.2438695740310854
SimpleHome_XCS7_1002_WHT_Security_Camera,30,1,30240,block_local_corr,0.6202411600000002,0.4993125628140703,1.0,1.0,0.436552636560417,3.2438695740310854
SimpleHome_XCS7_1002_WHT_Security_Camera,30,1,30240,block_peer_corr,0.36173415999999997,0.5087336683417085,1.0,1.0,0.436552636560417,3.2438695740310854
SimpleHome_XCS7_1002_WHT_Security_Camera,30,1,30240,block_reliability,0.64035956,0.5057467336683417,1.0,1.0,0.436552636560417,3.2438695740310854
SimpleHome_XCS7_1002_WHT_Security_Camera,30,2,3669,local_oas,0.9262334799999999,0.4975557788944724,0.0338,0.0004,0.6281203565711612,11.831098962496212
SimpleHome_XCS7_1002_WHT_Security_Camera,30,2,3669,peer_scale_local_center,0.99870996,0.9374371859296482,0.066,1.0,0.6281203565711612,11.831098962496212
SimpleHome_XCS7_1002_WHT_Security_Camera,30,2,3669,shared_marginals,0.9992686399999999,0.964713567839196,0.0768,1.0,0.6281203565711612,11.831098962496212
SimpleHome_XCS7_1002_WHT_Security_Camera,30,2,3669,block_local_corr,0.98809752,0.71438391959799,0.0502,1.0,0.6281203565711612,11.831098962496212
SimpleHome_XCS7_1002_WHT_Security_Camera,30,2,3669,block_peer_corr,0.9890074799999999,0.7286994974874372,0.0548,1.0,0.6281203565711612,11.831098962496212
SimpleHome_XCS7_1002_WHT_Security_Camera,30,2,3669,block_reliability,0.98883524,0.7290170854271356,0.0564,1.0,0.6281203565711612,11.831098962496212
SimpleHome_XCS7_1002_WHT_Security_Camera,30,3,15001,local_oas,0.8240514400000001,0.4975356783919598,0.0,0.0,0.5090466389376362,6.62385746662212
SimpleHome_XCS7_1002_WHT_Security_Camera,30,3,15001,peer_scale_local_center,0.99953884,0.9770351758793969,0.0004,0.51,0.5090466389376362,6.62385746662212
SimpleHome_XCS7_1002_WHT_Security_Camera,30,3,15001,shared_marginals,0.99961324,0.9806050251256282,0.0012,0.9968,0.5090466389376362,6.62385746662212
SimpleHome_XCS7_1002_WHT_Security_Camera,30,3,15001,block_local_corr,0.9640388000000001,0.49889447236180906,0.0364,0.5504,0.5090466389376362,6.62385746662212
SimpleHome_XCS7_1002_WHT_Security_Camera,30,3,15001,block_peer_corr,0.99122476,0.7038974874371859,0.0054,0.568,0.5090466389376362,6.62385746662212
SimpleHome_XCS7_1002_WHT_Security_Camera,30,3,15001,block_reliability,0.9714280399999999,0.5021246231155779,0.0322,0.676,0.5090466389376362,6.62385746662212
SimpleHome_XCS7_1002_WHT_Security_Camera,30,4,9247,local_oas,0.9425514399999999,0.49748743718592964,0.0298,0.0004,0.6664399989978904,12.45381823460547
SimpleHome_XCS7_1002_WHT_Security_Camera,30,4,9247,peer_scale_local_center,0.99917532,0.9599517587939699,0.0366,1.0,0.6664399989978904,12.45381823460547
SimpleHome_XCS7_1002_WHT_Security_Camera,30,4,9247,shared_marginals,0.99940984,0.9714110552763819,0.0568,1.0,0.6664399989978904,12.45381823460547
SimpleHome_XCS7_1002_WHT_Security_Camera,30,4,9247,block_local_corr,0.98956604,0.692329648241206,0.0396,1.0,0.6664399989978904,12.45381823460547
SimpleHome_XCS7_1002_WHT_Security_Camera,30,4,9247,block_peer_corr,0.98997968,0.7308020100502512,0.052,1.0,0.6664399989978904,12.45381823460547
SimpleHome_XCS7_1002_WHT_Security_Camera,30,4,9247,block_reliability,0.98986464,0.7314572864321608,0.0408,1.0,0.6664399989978904,12.45381823460547
SimpleHome_XCS7_1002_WHT_Security_Camera,30,5,26890,local_oas,0.94380776,0.49748743718592964,0.0316,0.0002,0.6026334866007956,11.741687444354211
SimpleHome_XCS7_1002_WHT_Security_Camera,30,5,26890,peer_scale_local_center,0.99860424,0.9331477386934675,0.041,1.0,0.6026334866007956,11.741687444354211
SimpleHome_XCS7_1002_WHT_Security_Camera,30,5,26890,shared_marginals,0.99904216,0.954140703517588,0.0432,1.0,0.6026334866007956,11.741687444354211
SimpleHome_XCS7_1002_WHT_Security_Camera,30,5,26890,block_local_corr,0.98708008,0.7100020100502513,0.074,1.0,0.6026334866007956,11.741687444354211
SimpleHome_XCS7_1002_WHT_Security_Camera,30,5,26890,block_peer_corr,0.98891452,0.7253105527638191,0.0454,1.0,0.6026334866007956,11.741687444354211
SimpleHome_XCS7_1002_WHT_Security_Camera,30,5,26890,block_reliability,0.99022088,0.7468140703517587,0.0506,1.0,0.6026334866007956,11.741687444354211
SimpleHome_XCS7_1002_WHT_Security_Camera,30,6,11899,local_oas,0.96764796,0.49748743718592964,0.003,0.0,0.6642961733744456,11.609043291535674
SimpleHome_XCS7_1002_WHT_Security_Camera,30,6,11899,peer_scale_local_center,0.9993332399999999,0.968502512562814,0.0344,1.0,0.6642961733744456,11.609043291535674
SimpleHome_XCS7_1002_WHT_Security_Camera,30,6,11899,shared_marginals,0.9991485200000001,0.9594130653266332,0.042,1.0,0.6642961733744456,11.609043291535674
SimpleHome_XCS7_1002_WHT_Security_Camera,30,6,11899,block_local_corr,0.9791932399999999,0.5983819095477387,0.0326,0.79,0.6642961733744456,11.609043291535674
SimpleHome_XCS7_1002_WHT_Security_Camera,30,6,11899,block_peer_corr,0.98855644,0.7009809045226131,0.0396,1.0,0.6642961733744456,11.609043291535674
SimpleHome_XCS7_1002_WHT_Security_Camera,30,6,11899,block_reliability,0.9775062000000001,0.5791678391959799,0.0352,0.7964,0.6642961733744456,11.609043291535674
SimpleHome_XCS7_1002_WHT_Security_Camera,30,7,9354,local_oas,0.9134093999999999,0.49757989949748743,0.0264,0.0002,0.6682150120496002,15.062928029910353
SimpleHome_XCS7_1002_WHT_Security_Camera,30,7,9354,peer_scale_local_center,0.99908336,0.9547075376884423,0.0598,1.0,0.6682150120496002,15.062928029910353
SimpleHome_XCS7_1002_WHT_Security_Camera,30,7,9354,shared_marginals,0.99935212,0.9681587939698493,0.063,1.0,0.6682150120496002,15.062928029910353
SimpleHome_XCS7_1002_WHT_Security_Camera,30,7,9354,block_local_corr,0.98376604,0.687748743718593,0.0344,0.781,0.6682150120496002,15.062928029910353
SimpleHome_XCS7_1002_WHT_Security_Camera,30,7,9354,block_peer_corr,0.9873341200000001,0.6785989949748743,0.0538,1.0,0.6682150120496002,15.062928029910353
SimpleHome_XCS7_1002_WHT_Security_Camera,30,7,9354,block_reliability,0.9837152,0.6701105527638191,0.0352,0.7978,0.6682150120496002,15.062928029910353
SimpleHome_XCS7_1002_WHT_Security_Camera,100,0,14717,local_oas,0.96612264,0.4975859296482412,0.0278,0.0004,0.7829364648625687,38.07892255912778
SimpleHome_XCS7_1002_WHT_Security_Camera,100,0,14717,peer_scale_local_center,0.9967738,0.8578452261306533,0.048,1.0,0.7829364648625687,38.07892255912778
SimpleHome_XCS7_1002_WHT_Security_Camera,100,0,14717,shared_marginals,0.99883524,0.9469909547738694,0.0522,1.0,0.7829364648625687,38.07892255912778
SimpleHome_XCS7_1002_WHT_Security_Camera,100,0,14717,block_local_corr,0.9870186799999999,0.705835175879397,0.0402,0.9998,0.7829364648625687,38.07892255912778
SimpleHome_XCS7_1002_WHT_Security_Camera,100,0,14717,block_peer_corr,0.9881461199999999,0.7068442211055277,0.0564,1.0,0.7829364648625687,38.07892255912778
SimpleHome_XCS7_1002_WHT_Security_Camera,100,0,14717,block_reliability,0.98688848,0.6934954773869346,0.0436,1.0,0.7829364648625687,38.07892255912778
SimpleHome_XCS7_1002_WHT_Security_Camera,100,1,23350,local_oas,0.93735208,0.49748743718592964,0.128,1.0,0.7605030653138343,31.815224430946756
SimpleHome_XCS7_1002_WHT_Security_Camera,100,1,23350,peer_scale_local_center,0.9976424,0.890172864321608,0.101,1.0,0.7605030653138343,31.815224430946756
SimpleHome_XCS7_1002_WHT_Security_Camera,100,1,23350,shared_marginals,0.99920856,0.9620723618090452,0.0998,1.0,0.7605030653138343,31.815224430946756
SimpleHome_XCS7_1002_WHT_Security_Camera,100,1,23350,block_local_corr,0.98571208,0.6585145728643216,0.059,1.0,0.7605030653138343,31.815224430946756
SimpleHome_XCS7_1002_WHT_Security_Camera,100,1,23350,block_peer_corr,0.9876517199999999,0.6784663316582914,0.0652,1.0,0.7605030653138343,31.815224430946756
SimpleHome_XCS7_1002_WHT_Security_Camera,100,1,23350,block_reliability,0.9863697199999999,0.656078391959799,0.0658,1.0,0.7605030653138343,31.815224430946756
SimpleHome_XCS7_1002_WHT_Security_Camera,100,2,28874,local_oas,0.94075064,0.49748743718592964,0.0926,1.0,0.7763877786326362,36.177342348333426
SimpleHome_XCS7_1002_WHT_Security_Camera,100,2,28874,peer_scale_local_center,0.9985618400000001,0.9331718592964824,0.2516,1.0,0.7763877786326362,36.177342348333426
SimpleHome_XCS7_1002_WHT_Security_Camera,100,2,28874,shared_marginals,0.99917548,0.96121608040201,0.2394,1.0,0.7763877786326362,36.177342348333426
SimpleHome_XCS7_1002_WHT_Security_Camera,100,2,28874,block_local_corr,0.986402,0.6824924623115578,0.068,1.0,0.7763877786326362,36.177342348333426
SimpleHome_XCS7_1002_WHT_Security_Camera,100,2,28874,block_peer_corr,0.9874372,0.6951035175879396,0.0792,1.0,0.7763877786326362,36.177342348333426
SimpleHome_XCS7_1002_WHT_Security_Camera,100,2,28874,block_reliability,0.98763984,0.6986371859296483,0.067,1.0,0.7763877786326362,36.177342348333426
SimpleHome_XCS7_1002_WHT_Security_Camera,100,3,13422,local_oas,0.96745704,0.49748743718592964,0.0258,0.0004,0.7959261521071049,47.64366701492997
SimpleHome_XCS7_1002_WHT_Security_Camera,100,3,13422,peer_scale_local_center,0.996285,0.8753005025125629,0.0442,1.0,0.7959261521071049,47.64366701492997
SimpleHome_XCS7_1002_WHT_Security_Camera,100,3,13422,shared_marginals,0.99734788,0.8875356783919598,0.0496,1.0,0.7959261521071049,47.64366701492997
SimpleHome_XCS7_1002_WHT_Security_Camera,100,3,13422,block_local_corr,0.9813862400000001,0.6338472361809045,0.0362,0.9998,0.7959261521071049,47.64366701492997
SimpleHome_XCS7_1002_WHT_Security_Camera,100,3,13422,block_peer_corr,0.9888694799999999,0.7065326633165829,0.0568,1.0,0.7959261521071049,47.64366701492997
SimpleHome_XCS7_1002_WHT_Security_Camera,100,3,13422,block_reliability,0.9807531600000001,0.617356783919598,0.0378,1.0,0.7959261521071049,47.64366701492997
SimpleHome_XCS7_1002_WHT_Security_Camera,100,4,14558,local_oas,0.9559250800000001,0.49748743718592964,0.0446,0.8132,0.8041096676958538,40.311296160546064
SimpleHome_XCS7_1002_WHT_Security_Camera,100,4,14558,peer_scale_local_center,0.9837415199999999,0.7411819095477387,0.3914,1.0,0.8041096676958538,40.311296160546064
SimpleHome_XCS7_1002_WHT_Security_Camera,100,4,14558,shared_marginals,0.98712468,0.7560683417085428,0.0724,1.0,0.8041096676958538,40.311296160546064
SimpleHome_XCS7_1002_WHT_Security_Camera,100,4,14558,block_local_corr,0.9879922800000001,0.6605246231155779,0.0608,1.0,0.8041096676958538,40.311296160546064
SimpleHome_XCS7_1002_WHT_Security_Camera,100,4,14558,block_peer_corr,0.98714276,0.6822914572864321,0.1758,1.0,0.8041096676958538,40.311296160546064
SimpleHome_XCS7_1002_WHT_Security_Camera,100,4,14558,block_reliability,0.98787164,0.6651738693467336,0.1158,1.0,0.8041096676958538,40.311296160546064
SimpleHome_XCS7_1002_WHT_Security_Camera,100,5,1923,local_oas,0.89682,0.49755778894472363,0.0002,0.0,0.7732099408626482,24.127934372967097
SimpleHome_XCS7_1002_WHT_Security_Camera,100,5,1923,peer_scale_local_center,0.99943432,0.9755839195979898,0.0016,0.9664,0.7732099408626482,24.127934372967097
SimpleHome_XCS7_1002_WHT_Security_Camera,100,5,1923,shared_marginals,0.9996041999999999,0.9819557788944725,0.0014,0.9818,0.7732099408626482,24.127934372967097
SimpleHome_XCS7_1002_WHT_Security_Camera,100,5,1923,block_local_corr,0.98787388,0.648980904522613,0.0006,0.1522,0.7732099408626482,24.127934372967097
SimpleHome_XCS7_1002_WHT_Security_Camera,100,5,1923,block_peer_corr,0.9837203600000001,0.5931276381909548,0.0006,0.0518,0.7732099408626482,24.127934372967097
SimpleHome_XCS7_1002_WHT_Security_Camera,100,5,1923,block_reliability,0.99757208,0.8869306532663317,0.0006,0.1416,0.7732099408626482,24.127934372967097
SimpleHome_XCS7_1002_WHT_Security_Camera,100,6,11207,local_oas,0.9842751999999999,0.49749547738693467,0.0,0.0,0.7152204524075344,19.604271091081095
SimpleHome_XCS7_1002_WHT_Security_Camera,100,6,11207,peer_scale_local_center,0.99969928,0.9857286432160806,0.0,0.4218,0.7152204524075344,19.604271091081095
SimpleHome_XCS7_1002_WHT_Security_Camera,100,6,11207,shared_marginals,0.99961672,0.9814251256281407,0.0,0.6,0.7152204524075344,19.604271091081095
SimpleHome_XCS7_1002_WHT_Security_Camera,100,6,11207,block_local_corr,0.9694419600000002,0.49757386934673364,0.0252,0.2078,0.7152204524075344,19.604271091081095
SimpleHome_XCS7_1002_WHT_Security_Camera,100,6,11207,block_peer_corr,0.98980188,0.7181969849246231,0.0046,0.5676,0.7152204524075344,19.604271091081095
SimpleHome_XCS7_1002_WHT_Security_Camera,100,6,11207,block_reliability,0.9730947600000001,0.49774472361809047,0.025,0.244,0.7152204524075344,19.604271091081095
SimpleHome_XCS7_1002_WHT_Security_Camera,100,7,3564,local_oas,0.9218761200000001,0.49756984924623116,0.261,1.0,0.7756167381141522,32.33834485223667
SimpleHome_XCS7_1002_WHT_Security_Camera,100,7,3564,peer_scale_local_center,0.9988346400000001,0.9454693467336684,0.1874,1.0,0.7756167381141522,32.33834485223667
SimpleHome_XCS7_1002_WHT_Security_Camera,100,7,3564,shared_marginals,0.99930592,0.9672944723618091,0.1946,1.0,0.7756167381141522,32.33834485223667
SimpleHome_XCS7_1002_WHT_Security_Camera,100,7,3564,block_local_corr,0.9891166,0.7270130653266331,0.0802,1.0,0.7756167381141522,32.33834485223667
SimpleHome_XCS7_1002_WHT_Security_Camera,100,7,3564,block_peer_corr,0.99000408,0.7429266331658292,0.1638,1.0,0.7756167381141522,32.33834485223667
SimpleHome_XCS7_1002_WHT_Security_Camera,100,7,3564,block_reliability,0.9898415199999999,0.7397809045226131,0.1246,1.0,0.7756167381141522,32.33834485223667
SimpleHome_XCS7_1002_WHT_Security_Camera,300,0,13992,local_oas,0.96748848,0.8250291457286433,0.0,0.0,0.793162282288629,43.48677296355191
SimpleHome_XCS7_1002_WHT_Security_Camera,300,0,13992,peer_scale_local_center,0.9608432,0.8072,0.0,0.4638,0.793162282288629,43.48677296355191
SimpleHome_XCS7_1002_WHT_Security_Camera,300,0,13992,shared_marginals,0.96251624,0.808627135678392,0.0036,0.5106,0.793162282288629,43.48677296355191
SimpleHome_XCS7_1002_WHT_Security_Camera,300,0,13992,block_local_corr,0.98598008,0.7349447236180905,0.0,0.0,0.793162282288629,43.48677296355191
SimpleHome_XCS7_1002_WHT_Security_Camera,300,0,13992,block_peer_corr,0.99014816,0.7324723618090452,0.0012,0.0502,0.793162282288629,43.48677296355191
SimpleHome_XCS7_1002_WHT_Security_Camera,300,0,13992,block_reliability,0.98481204,0.7385467336683417,0.0,0.0,0.793162282288629,43.48677296355191
SimpleHome_XCS7_1002_WHT_Security_Camera,300,1,3143,local_oas,0.9619498,0.49748743718592964,0.15,1.0,0.8535977455860878,125.75121253305925
SimpleHome_XCS7_1002_WHT_Security_Camera,300,1,3143,peer_scale_local_center,0.9900620800000001,0.7796381909547738,0.1146,1.0,0.8535977455860878,125.75121253305925
SimpleHome_XCS7_1002_WHT_Security_Camera,300,1,3143,shared_marginals,0.9937468800000001,0.8461809045226131,0.1178,1.0,0.8535977455860878,125.75121253305925
SimpleHome_XCS7_1002_WHT_Security_Camera,300,1,3143,block_local_corr,0.9770752799999999,0.6028603015075377,0.0416,1.0,0.8535977455860878,125.75121253305925
SimpleHome_XCS7_1002_WHT_Security_Camera,300,1,3143,block_peer_corr,0.9876176,0.7093889447236181,0.048,1.0,0.8535977455860878,125.75121253305925
SimpleHome_XCS7_1002_WHT_Security_Camera,300,1,3143,block_reliability,0.9770229600000001,0.6024844221105528,0.046,1.0,0.8535977455860878,125.75121253305925
SimpleHome_XCS7_1002_WHT_Security_Camera,300,2,17463,local_oas,0.93526748,0.49748743718592964,0.1092,1.0,0.8458404292255005,99.83431998062652
SimpleHome_XCS7_1002_WHT_Security_Camera,300,2,17463,peer_scale_local_center,0.9964768,0.8835175879396985,0.1158,1.0,0.8458404292255005,99.83431998062652
SimpleHome_XCS7_1002_WHT_Security_Camera,300,2,17463,shared_marginals,0.99848164,0.94076783919598,0.1186,1.0,0.8458404292255005,99.83431998062652
SimpleHome_XCS7_1002_WHT_Security_Camera,300,2,17463,block_local_corr,0.9870190400000001,0.7168542713567839,0.055,1.0,0.8458404292255005,99.83431998062652
SimpleHome_XCS7_1002_WHT_Security_Camera,300,2,17463,block_peer_corr,0.9880164400000001,0.7284482412060301,0.0604,1.0,0.8458404292255005,99.83431998062652
SimpleHome_XCS7_1002_WHT_Security_Camera,300,2,17463,block_reliability,0.98760948,0.7197527638190955,0.0616,1.0,0.8458404292255005,99.83431998062652
SimpleHome_XCS7_1002_WHT_Security_Camera,300,3,13831,local_oas,0.99789076,0.8940080402010051,0.0,0.0,0.8044304912143947,42.713993634607824
SimpleHome_XCS7_1002_WHT_Security_Camera,300,3,13831,peer_scale_local_center,0.99763696,0.8812542713567839,0.0,0.4126,0.8044304912143947,42.713993634607824
SimpleHome_XCS7_1002_WHT_Security_Camera,300,3,13831,shared_marginals,0.99674712,0.8365527638190955,0.0,0.5138,0.8044304912143947,42.713993634607824
SimpleHome_XCS7_1002_WHT_Security_Camera,300,3,13831,block_local_corr,0.9733208400000001,0.5127155778894472,0.0198,0.1976,0.8044304912143947,42.713993634607824
SimpleHome_XCS7_1002_WHT_Security_Camera,300,3,13831,block_peer_corr,0.9896872800000001,0.714651256281407,0.005,0.5538,0.8044304912143947,42.713993634607824
SimpleHome_XCS7_1002_WHT_Security_Camera,300,3,13831,block_reliability,0.97537324,0.5114693467336684,0.0176,0.141,0.8044304912143947,42.713993634607824
SimpleHome_XCS7_1002_WHT_Security_Camera,300,4,16825,local_oas,0.98948472,0.5100663316582915,0.0118,0.782,0.8121230857875459,56.2128186135602
SimpleHome_XCS7_1002_WHT_Security_Camera,300,4,16825,peer_scale_local_center,0.99579272,0.8430050251256281,0.0472,1.0,0.8121230857875459,56.2128186135602
SimpleHome_XCS7_1002_WHT_Security_Camera,300,4,16825,shared_marginals,0.9962777199999999,0.8558170854271356,0.0492,1.0,0.8121230857875459,56.2128186135602
SimpleHome_XCS7_1002_WHT_Security_Camera,300,4,16825,block_local_corr,0.9869408000000001,0.789835175879397,0.0014,0.1992,0.8121230857875459,56.2128186135602
SimpleHome_XCS7_1002_WHT_Security_Camera,300,4,16825,block_peer_corr,0.9907808,0.7623015075376884,0.0032,0.5732,0.8121230857875459,56.2128186135602
SimpleHome_XCS7_1002_WHT_Security_Camera,300,4,16825,block_reliability,0.9905986800000001,0.813302512562814,0.0032,0.622,0.8121230857875459,56.2128186135602
SimpleHome_XCS7_1002_WHT_Security_Camera,300,5,327,local_oas,0.99875496,0.937435175879397,0.0004,0.0,0.8222045853614902,60.48426847554801
SimpleHome_XCS7_1002_WHT_Security_Camera,300,5,327,peer_scale_local_center,0.99857752,0.9285346733668342,0.0004,0.6576,0.8222045853614902,60.48426847554801
SimpleHome_XCS7_1002_WHT_Security_Camera,300,5,327,shared_marginals,0.99874876,0.9371256281407034,0.0008,0.742,0.8222045853614902,60.48426847554801
SimpleHome_XCS7_1002_WHT_Security_Camera,300,5,327,block_local_corr,0.9896693599999999,0.7389045226130654,0.0018,0.0386,0.8222045853614902,60.48426847554801
SimpleHome_XCS7_1002_WHT_Security_Camera,300,5,327,block_peer_corr,0.9892890799999999,0.7210311557788944,0.0042,0.5618,0.8222045853614902,60.48426847554801
SimpleHome_XCS7_1002_WHT_Security_Camera,300,5,327,block_reliability,0.98987572,0.7472522613065327,0.0018,0.1124,0.8222045853614902,60.48426847554801
SimpleHome_XCS7_1002_WHT_Security_Camera,300,6,26484,local_oas,0.94328544,0.49748743718592964,0.1886,1.0,0.8492824856842508,125.58815927204361
SimpleHome_XCS7_1002_WHT_Security_Camera,300,6,26484,peer_scale_local_center,0.996012,0.8423899497487437,0.119,1.0,0.8492824856842508,125.58815927204361
SimpleHome_XCS7_1002_WHT_Security_Camera,300,6,26484,shared_marginals,0.99837708,0.9234874371859296,0.1268,1.0,0.8492824856842508,125.58815927204361
SimpleHome_XCS7_1002_WHT_Security_Camera,300,6,26484,block_local_corr,0.9878366400000002,0.704211055276382,0.058,1.0,0.8492824856842508,125.58815927204361
SimpleHome_XCS7_1002_WHT_Security_Camera,300,6,26484,block_peer_corr,0.98879384,0.7140804020100503,0.1216,1.0,0.8492824856842508,125.58815927204361
SimpleHome_XCS7_1002_WHT_Security_Camera,300,6,26484,block_reliability,0.9885728800000001,0.7093286432160805,0.0804,1.0,0.8492824856842508,125.58815927204361
SimpleHome_XCS7_1002_WHT_Security_Camera,300,7,17796,local_oas,0.9424058799999999,0.49748743718592964,0.2814,1.0,0.8473390411410224,111.02860402412108
SimpleHome_XCS7_1002_WHT_Security_Camera,300,7,17796,peer_scale_local_center,0.994581,0.7717447236180904,0.1376,1.0,0.8473390411410224,111.02860402412108
SimpleHome_XCS7_1002_WHT_Security_Camera,300,7,17796,shared_marginals,0.99719972,0.8654090452261306,0.1426,1.0,0.8473390411410224,111.02860402412108
SimpleHome_XCS7_1002_WHT_Security_Camera,300,7,17796,block_local_corr,0.98683396,0.6691678391959799,0.0976,1.0,0.8473390411410224,111.02860402412108
SimpleHome_XCS7_1002_WHT_Security_Camera,300,7,17796,block_peer_corr,0.98796976,0.6941185929648241,0.092,1.0,0.8473390411410224,111.02860402412108
SimpleHome_XCS7_1002_WHT_Security_Camera,300,7,17796,block_reliability,0.9871626400000001,0.6697668341708543,0.1298,1.0,0.8473390411410224,111.02860402412108
SimpleHome_XCS7_1002_WHT_Security_Camera,1000,0,2294,local_oas,0.99626596,0.8124341708542713,0.0,0.0,0.8826300233766591,237.77937367610366
SimpleHome_XCS7_1002_WHT_Security_Camera,1000,0,2294,peer_scale_local_center,0.99654,0.8262150753768844,0.0192,1.0,0.8826300233766591,237.77937367610366
SimpleHome_XCS7_1002_WHT_Security_Camera,1000,0,2294,shared_marginals,0.9968007600000001,0.8393206030150754,0.0266,1.0,0.8826300233766591,237.77937367610366
SimpleHome_XCS7_1002_WHT_Security_Camera,1000,0,2294,block_local_corr,0.9698764400000001,0.4975497487437186,0.027,0.3328,0.8826300233766591,237.77937367610366
SimpleHome_XCS7_1002_WHT_Security_Camera,1000,0,2294,block_peer_corr,0.98848324,0.7147296482412061,0.0204,0.7508,0.8826300233766591,237.77937367610366
SimpleHome_XCS7_1002_WHT_Security_Camera,1000,0,2294,block_reliability,0.97066044,0.49756381909547737,0.027,0.3172,0.8826300233766591,237.77937367610366
SimpleHome_XCS7_1002_WHT_Security_Camera,1000,1,3649,local_oas,0.9683763200000001,0.4975819095477387,0.1588,1.0,0.8932933625042253,393.6828147545107
SimpleHome_XCS7_1002_WHT_Security_Camera,1000,1,3649,peer_scale_local_center,0.98990836,0.7433628140703518,0.131,1.0,0.8932933625042253,393.6828147545107
SimpleHome_XCS7_1002_WHT_Security_Camera,1000,1,3649,shared_marginals,0.9941287999999999,0.8011577889447237,0.1262,1.0,0.8932933625042253,393.6828147545107
SimpleHome_XCS7_1002_WHT_Security_Camera,1000,1,3649,block_local_corr,0.98791176,0.7136180904522613,0.0558,1.0,0.8932933625042253,393.6828147545107
SimpleHome_XCS7_1002_WHT_Security_Camera,1000,1,3649,block_peer_corr,0.9896260800000001,0.7191497487437186,0.0506,1.0,0.8932933625042253,393.6828147545107
SimpleHome_XCS7_1002_WHT_Security_Camera,1000,1,3649,block_reliability,0.9880015999999999,0.7144180904522613,0.0636,1.0,0.8932933625042253,393.6828147545107
SimpleHome_XCS7_1002_WHT_Security_Camera,1000,2,22679,local_oas,0.9859919999999999,0.7517849246231156,0.0,0.0,0.8825300700465512,261.88652282430934
SimpleHome_XCS7_1002_WHT_Security_Camera,1000,2,22679,peer_scale_local_center,0.9839296399999999,0.748902512562814,0.0,0.1216,0.8825300700465512,261.88652282430934
SimpleHome_XCS7_1002_WHT_Security_Camera,1000,2,22679,shared_marginals,0.98254552,0.748956783919598,0.0,0.4936,0.8825300700465512,261.88652282430934
SimpleHome_XCS7_1002_WHT_Security_Camera,1000,2,22679,block_local_corr,0.9573085600000001,0.49813668341708545,0.0308,0.283,0.8825300700465512,261.88652282430934
SimpleHome_XCS7_1002_WHT_Security_Camera,1000,2,22679,block_peer_corr,0.9873281999999999,0.7016502512562814,0.0024,0.1508,0.8825300700465512,261.88652282430934
SimpleHome_XCS7_1002_WHT_Security_Camera,1000,2,22679,block_reliability,0.95940196,0.49790150753768847,0.0292,0.1006,0.8825300700465512,261.88652282430934
SimpleHome_XCS7_1002_WHT_Security_Camera,1000,3,678,local_oas,0.99456904,0.7326994974874372,0.0,0.0,0.8317675984429316,77.35914588897568
SimpleHome_XCS7_1002_WHT_Security_Camera,1000,3,678,peer_scale_local_center,0.99794408,0.9140100502512563,0.0,0.0,0.8317675984429316,77.35914588897568
SimpleHome_XCS7_1002_WHT_Security_Camera,1000,3,678,shared_marginals,0.9975830400000001,0.8806914572864322,0.0,0.0,0.8317675984429316,77.35914588897568
SimpleHome_XCS7_1002_WHT_Security_Camera,1000,3,678,block_local_corr,0.7562706,0.5529527638190955,0.0,0.0,0.8317675984429316,77.35914588897568
SimpleHome_XCS7_1002_WHT_Security_Camera,1000,3,678,block_peer_corr,0.9747076800000001,0.5237748743718593,0.0002,0.0,0.8317675984429316,77.35914588897568
SimpleHome_XCS7_1002_WHT_Security_Camera,1000,3,678,block_reliability,0.6218834799999999,0.5836603015075377,0.0,0.0,0.8317675984429316,77.35914588897568
SimpleHome_XCS7_1002_WHT_Security_Camera,1000,4,11803,local_oas,0.9980749600000001,0.9034834170854271,0.0,0.0,0.8762886113485103,184.17136143396635
SimpleHome_XCS7_1002_WHT_Security_Camera,1000,4,11803,peer_scale_local_center,0.99977496,0.9886914572864323,0.0,0.4222,0.8762886113485103,184.17136143396635
SimpleHome_XCS7_1002_WHT_Security_Camera,1000,4,11803,shared_marginals,0.9997550399999999,0.9876904522613065,0.0,0.5494,0.8762886113485103,184.17136143396635
SimpleHome_XCS7_1002_WHT_Security_Camera,1000,4,11803,block_local_corr,0.98606116,0.7183095477386935,0.0026,0.3932,0.8762886113485103,184.17136143396635
SimpleHome_XCS7_1002_WHT_Security_Camera,1000,4,11803,block_peer_corr,0.9894980000000001,0.7234492462311558,0.0112,0.6728,0.8762886113485103,184.17136143396635
SimpleHome_XCS7_1002_WHT_Security_Camera,1000,4,11803,block_reliability,0.98659612,0.7214050251256281,0.002,0.3712,0.8762886113485103,184.17136143396635
SimpleHome_XCS7_1002_WHT_Security_Camera,1000,5,27236,local_oas,0.9672690800000001,0.49748743718592964,0.1486,1.0,0.8952054968615752,407.8383914718729
SimpleHome_XCS7_1002_WHT_Security_Camera,1000,5,27236,peer_scale_local_center,0.98893208,0.746580904522613,0.1222,1.0,0.8952054968615752,407.8383914718729
SimpleHome_XCS7_1002_WHT_Security_Camera,1000,5,27236,shared_marginals,0.9935615999999999,0.8161849246231156,0.1186,1.0,0.8952054968615752,407.8383914718729
SimpleHome_XCS7_1002_WHT_Security_Camera,1000,5,27236,block_local_corr,0.97992896,0.6311839195979899,0.049,1.0,0.8952054968615752,407.8383914718729
SimpleHome_XCS7_1002_WHT_Security_Camera,1000,5,27236,block_peer_corr,0.9886189999999999,0.7160964824120604,0.0536,1.0,0.8952054968615752,407.8383914718729
SimpleHome_XCS7_1002_WHT_Security_Camera,1000,5,27236,block_reliability,0.9800514,0.631121608040201,0.0546,1.0,0.8952054968615752,407.8383914718729
SimpleHome_XCS7_1002_WHT_Security_Camera,1000,6,1090,local_oas,0.9664698800000002,0.7498874371859297,0.0,0.0,0.8024708132389414,96.98458659984995
SimpleHome_XCS7_1002_WHT_Security_Camera,1000,6,1090,peer_scale_local_center,0.9880649600000001,0.7379859296482412,0.0,0.0,0.8024708132389414,96.98458659984995
SimpleHome_XCS7_1002_WHT_Security_Camera,1000,6,1090,shared_marginals,0.9867762800000001,0.7432844221105528,0.0,0.1454,0.8024708132389414,96.98458659984995
SimpleHome_XCS7_1002_WHT_Security_Camera,1000,6,1090,block_local_corr,0.52829968,0.49772060301507537,0.0,0.0,0.8024708132389414,96.98458659984995
SimpleHome_XCS7_1002_WHT_Security_Camera,1000,6,1090,block_peer_corr,0.81238464,0.5196020100502513,0.0,0.0,0.8024708132389414,96.98458659984995
SimpleHome_XCS7_1002_WHT_Security_Camera,1000,6,1090,block_reliability,0.5288214,0.5110773869346734,0.0,0.0,0.8024708132389414,96.98458659984995
SimpleHome_XCS7_1002_WHT_Security_Camera,1000,7,15838,local_oas,0.9999936,0.9996783919597991,0.0,0.0,0.8770221650154535,182.89035327493033
SimpleHome_XCS7_1002_WHT_Security_Camera,1000,7,15838,peer_scale_local_center,0.9999935999999999,0.9996783919597991,0.0,0.4124,0.8770221650154535,182.89035327493033
SimpleHome_XCS7_1002_WHT_Security_Camera,1000,7,15838,shared_marginals,0.9999952,0.9997587939698493,0.0,0.4668,0.8770221650154535,182.89035327493033
SimpleHome_XCS7_1002_WHT_Security_Camera,1000,7,15838,block_local_corr,0.9799633600000001,0.5738130653266331,0.0246,0.5486,0.8770221650154535,182.89035327493033
SimpleHome_XCS7_1002_WHT_Security_Camera,1000,7,15838,block_peer_corr,0.98847708,0.6987577889447236,0.0058,0.6126,0.8770221650154535,182.89035327493033
SimpleHome_XCS7_1002_WHT_Security_Camera,1000,7,15838,block_reliability,0.9799256000000001,0.5715698492462311,0.0256,0.55,0.8770221650154535,182.89035327493033
SimpleHome_XCS7_1003_WHT_Security_Camera,30,0,1646,local_oas,0.95358532,0.7428241206030151,0.1284,1.0,0.782793579011693,29.0
SimpleHome_XCS7_1003_WHT_Security_Camera,30,0,1646,peer_scale_local_center,1.0,1.0,0.4664,1.0,0.782793579011693,29.0
SimpleHome_XCS7_1003_WHT_Security_Camera,30,0,1646,shared_marginals,0.9999982,0.9999095477386934,0.4554,1.0,0.782793579011693,29.0
SimpleHome_XCS7_1003_WHT_Security_Camera,30,0,1646,block_local_corr,0.9999374400000001,0.9968562814070352,0.0028,1.0,0.782793579011693,29.0
SimpleHome_XCS7_1003_WHT_Security_Camera,30,0,1646,block_peer_corr,1.0,1.0,0.0088,1.0,0.782793579011693,29.0
SimpleHome_XCS7_1003_WHT_Security_Camera,30,0,1646,block_reliability,0.9999311200000001,0.9965386934673366,0.0028,1.0,0.782793579011693,29.0
SimpleHome_XCS7_1003_WHT_Security_Camera,30,1,9755,local_oas,0.94930352,0.7513206030150754,0.3608,1.0,0.782793579011693,29.0
SimpleHome_XCS7_1003_WHT_Security_Camera,30,1,9755,peer_scale_local_center,0.99999976,0.9999879396984924,0.119,1.0,0.782793579011693,29.0
SimpleHome_XCS7_1003_WHT_Security_Camera,30,1,9755,shared_marginals,0.9999973600000001,0.9998673366834171,0.0994,1.0,0.782793579011693,29.0
SimpleHome_XCS7_1003_WHT_Security_Camera,30,1,9755,block_local_corr,1.0,1.0,0.0514,1.0,0.782793579011693,29.0
SimpleHome_XCS7_1003_WHT_Security_Camera,30,1,9755,block_peer_corr,1.0,1.0,0.0584,1.0,0.782793579011693,29.0
SimpleHome_XCS7_1003_WHT_Security_Camera,30,1,9755,block_reliability,1.0,1.0,0.0498,1.0,0.782793579011693,29.0
SimpleHome_XCS7_1003_WHT_Security_Camera,30,2,6774,local_oas,0.9492613999999999,0.5287758793969849,0.0062,0.0652,0.7801535940421422,29.0
SimpleHome_XCS7_1003_WHT_Security_Camera,30,2,6774,peer_scale_local_center,1.0,1.0,0.041,1.0,0.7801535940421422,29.0
SimpleHome_XCS7_1003_WHT_Security_Camera,30,2,6774,shared_marginals,0.99999996,0.9999979899497488,0.0476,1.0,0.7801535940421422,29.0
SimpleHome_XCS7_1003_WHT_Security_Camera,30,2,6774,block_local_corr,0.99992128,0.9960442211055276,0.0086,1.0,0.7801535940421422,29.0
SimpleHome_XCS7_1003_WHT_Security_Camera,30,2,6774,block_peer_corr,1.0,1.0,0.0308,1.0,0.7801535940421422,29.0
SimpleHome_XCS7_1003_WHT_Security_Camera,30,2,6774,block_reliability,0.9999323600000001,0.9966010050251256,0.0112,1.0,0.7801535940421422,29.0
SimpleHome_XCS7_1003_WHT_Security_Camera,30,3,1494,local_oas,0.9586140800000001,0.5566532663316583,0.004,0.0534,0.7726923967826861,29.0
SimpleHome_XCS7_1003_WHT_Security_Camera,30,3,1494,peer_scale_local_center,1.0,1.0,0.1304,1.0,0.7726923967826861,29.0
SimpleHome_XCS7_1003_WHT_Security_Camera,30,3,1494,shared_marginals,0.9999988,0.9999396984924622,0.3596,1.0,0.7726923967826861,29.0
SimpleHome_XCS7_1003_WHT_Security_Camera,30,3,1494,block_local_corr,0.9999593600000001,0.9979577889447236,0.0006,1.0,0.7726923967826861,29.0
SimpleHome_XCS7_1003_WHT_Security_Camera,30,3,1494,block_peer_corr,1.0,1.0,0.0156,1.0,0.7726923967826861,29.0
SimpleHome_XCS7_1003_WHT_Security_Camera,30,3,1494,block_reliability,1.0,1.0,0.0046,1.0,0.7726923967826861,29.0
SimpleHome_XCS7_1003_WHT_Security_Camera,30,4,9333,local_oas,0.99520004,0.7765788944723618,0.002,0.5554,0.782793579011693,29.0
SimpleHome_XCS7_1003_WHT_Security_Camera,30,4,9333,peer_scale_local_center,0.9999996800000001,0.9999839195979899,0.0,0.8004,0.782793579011693,29.0
SimpleHome_XCS7_1003_WHT_Security_Camera,30,4,9333,shared_marginals,0.99999968,0.9999839195979899,0.0,0.802,0.782793579011693,29.0
SimpleHome_XCS7_1003_WHT_Security_Camera,30,4,9333,block_local_corr,0.99999964,0.9999819095477387,0.0018,0.9998,0.782793579011693,29.0
SimpleHome_XCS7_1003_WHT_Security_Camera,30,4,9333,block_peer_corr,1.0,1.0,0.004,1.0,0.782793579011693,29.0
SimpleHome_XCS7_1003_WHT_Security_Camera,30,4,9333,block_reliability,0.99995124,0.9975497487437186,0.0014,1.0,0.782793579011693,29.0
SimpleHome_XCS7_1003_WHT_Security_Camera,30,5,1045,local_oas,0.9490107600000001,0.7513125628140703,0.1126,0.6774,0.782793579011693,29.0
SimpleHome_XCS7_1003_WHT_Security_Camera,30,5,1045,peer_scale_local_center,1.0,1.0,0.104,1.0,0.782793579011693,29.0
SimpleHome_XCS7_1003_WHT_Security_Camera,30,5,1045,shared_marginals,0.99999984,0.9999919597989949,0.116,1.0,0.782793579011693,29.0
SimpleHome_XCS7_1003_WHT_Security_Camera,30,5,1045,block_local_corr,0.9999996,0.9999798994974874,0.012,1.0,0.782793579011693,29.0
SimpleHome_XCS7_1003_WHT_Security_Camera,30,5,1045,block_peer_corr,1.0,1.0,0.0492,1.0,0.782793579011693,29.0
SimpleHome_XCS7_1003_WHT_Security_Camera,30,5,1045,block_reliability,0.99995308,0.9976422110552763,0.0266,1.0,0.782793579011693,29.0
SimpleHome_XCS7_1003_WHT_Security_Camera,30,6,7572,local_oas,0.9677517600000001,0.7536482412060301,0.0576,0.55,0.782793579011693,29.0
SimpleHome_XCS7_1003_WHT_Security_Camera,30,6,7572,peer_scale_local_center,0.99999992,0.9999959798994975,0.0852,1.0,0.782793579011693,29.0
SimpleHome_XCS7_1003_WHT_Security_Camera,30,6,7572,shared_marginals,0.99999968,0.9999839195979899,0.0758,1.0,0.782793579011693,29.0
SimpleHome_XCS7_1003_WHT_Security_Camera,30,6,7572,block_local_corr,0.99993292,0.9966291457286431,0.0024,1.0,0.782793579011693,29.0
SimpleHome_XCS7_1003_WHT_Security_Camera,30,6,7572,block_peer_corr,1.0,1.0,0.012,1.0,0.782793579011693,29.0
SimpleHome_XCS7_1003_WHT_Security_Camera,30,6,7572,block_reliability,0.99993296,0.9966311557788945,0.0052,1.0,0.782793579011693,29.0
SimpleHome_XCS7_1003_WHT_Security_Camera,30,7,1396,local_oas,0.97828296,0.5603437185929648,0.004,0.0516,0.7702621054188544,29.0
SimpleHome_XCS7_1003_WHT_Security_Camera,30,7,1396,peer_scale_local_center,1.0,1.0,0.0536,1.0,0.7702621054188544,29.0
SimpleHome_XCS7_1003_WHT_Security_Camera,30,7,1396,shared_marginals,0.99999928,0.9999638190954774,0.105,1.0,0.7702621054188544,29.0
SimpleHome_XCS7_1003_WHT_Security_Camera,30,7,1396,block_local_corr,0.99991624,0.9957909547738695,0.0012,1.0,0.7702621054188544,29.0
SimpleHome_XCS7_1003_WHT_Security_Camera,30,7,1396,block_peer_corr,1.0,1.0,0.015,1.0,0.7702621054188544,29.0
SimpleHome_XCS7_1003_WHT_Security_Camera,30,7,1396,block_reliability,0.99992556,0.9962592964824121,0.0064,1.0,0.7702621054188544,29.0
SimpleHome_XCS7_1003_WHT_Security_Camera,100,0,4474,local_oas,0.9215842,0.5098190954773869,0.1326,0.9864,0.8346717386545097,99.0
SimpleHome_XCS7_1003_WHT_Security_Camera,100,0,4474,peer_scale_local_center,0.99999972,0.9999859296482412,0.0358,1.0,0.8346717386545097,99.0
SimpleHome_XCS7_1003_WHT_Security_Camera,100,0,4474,shared_marginals,0.99999948,0.9999738693467337,0.0316,1.0,0.8346717386545097,99.0
SimpleHome_XCS7_1003_WHT_Security_Camera,100,0,4474,block_local_corr,0.99993712,0.996840201005025,0.0084,1.0,0.8346717386545097,99.0
SimpleHome_XCS7_1003_WHT_Security_Camera,100,0,4474,block_peer_corr,1.0,1.0,0.0158,1.0,0.8346717386545097,99.0
SimpleHome_XCS7_1003_WHT_Security_Camera,100,0,4474,block_reliability,0.99993792,0.9968804020100502,0.009,1.0,0.8346717386545097,99.0
SimpleHome_XCS7_1003_WHT_Security_Camera,100,1,3828,local_oas,0.95249468,0.7471055276381909,0.1372,1.0,0.8582530547793144,99.0
SimpleHome_XCS7_1003_WHT_Security_Camera,100,1,3828,peer_scale_local_center,0.99999936,0.9999678391959799,0.1012,1.0,0.8582530547793144,99.0
SimpleHome_XCS7_1003_WHT_Security_Camera,100,1,3828,shared_marginals,0.99999852,0.9999256281407035,0.1122,1.0,0.8582530547793144,99.0
SimpleHome_XCS7_1003_WHT_Security_Camera,100,1,3828,block_local_corr,1.0,1.0,0.0102,1.0,0.8582530547793144,99.0
SimpleHome_XCS7_1003_WHT_Security_Camera,100,1,3828,block_peer_corr,1.0,1.0,0.0142,1.0,0.8582530547793144,99.0
SimpleHome_XCS7_1003_WHT_Security_Camera,100,1,3828,block_reliability,0.99995744,0.9978613065326634,0.01,1.0,0.8582530547793144,99.0
SimpleHome_XCS7_1003_WHT_Security_Camera,100,2,4003,local_oas,0.9981208,0.9055678391959799,0.0002,0.0144,0.8512426421257359,99.0
SimpleHome_XCS7_1003_WHT_Security_Camera,100,2,4003,peer_scale_local_center,0.9999994400000001,0.9999718592964824,0.0014,1.0,0.8512426421257359,99.0
SimpleHome_XCS7_1003_WHT_Security_Camera,100,2,4003,shared_marginals,0.9999996,0.9999798994974873,0.0022,1.0,0.8512426421257359,99.0
SimpleHome_XCS7_1003_WHT_Security_Camera,100,2,4003,block_local_corr,1.0,1.0,0.0022,1.0,0.8512426421257359,99.0
SimpleHome_XCS7_1003_WHT_Security_Camera,100,2,4003,block_peer_corr,1.0,1.0,0.0058,1.0,0.8512426421257359,99.0
SimpleHome_XCS7_1003_WHT_Security_Camera,100,2,4003,block_reliability,0.9999538,0.997678391959799,0.004,1.0,0.8512426421257359,99.0
SimpleHome_XCS7_1003_WHT_Security_Camera,100,3,11627,local_oas,0.93096652,0.5106070351758794,0.1188,1.0,0.8577805240303499,99.0
SimpleHome_XCS7_1003_WHT_Security_Camera,100,3,11627,peer_scale_local_center,1.0,1.0,0.0318,1.0,0.8577805240303499,99.0
SimpleHome_XCS7_1003_WHT_Security_Camera,100,3,11627,shared_marginals,1.0,1.0,0.0322,1.0,0.8577805240303499,99.0
SimpleHome_XCS7_1003_WHT_Security_Camera,100,3,11627,block_local_corr,0.99993488,0.9967276381909548,0.0068,1.0,0.8577805240303499,99.0
SimpleHome_XCS7_1003_WHT_Security_Camera,100,3,11627,block_peer_corr,1.0,1.0,0.0154,1.0,0.8577805240303499,99.0
SimpleHome_XCS7_1003_WHT_Security_Camera,100,3,11627,block_reliability,0.99993228,0.9965969849246231,0.007,1.0,0.8577805240303499,99.0
SimpleHome_XCS7_1003_WHT_Security_Camera,100,4,11982,local_oas,0.92524168,0.5106974874371859,0.1096,0.8212,0.8396193534559228,99.0
SimpleHome_XCS7_1003_WHT_Security_Camera,100,4,11982,peer_scale_local_center,0.9999969599999999,0.9998472361809045,0.9708,1.0,0.8396193534559228,99.0
SimpleHome_XCS7_1003_WHT_Security_Camera,100,4,11982,shared_marginals,0.99999692,0.9998452261306533,0.972,1.0,0.8396193534559228,99.0
SimpleHome_XCS7_1003_WHT_Security_Camera,100,4,11982,block_local_corr,0.9999397200000001,0.9969708542713569,0.0262,1.0,0.8396193534559228,99.0
SimpleHome_XCS7_1003_WHT_Security_Camera,100,4,11982,block_peer_corr,1.0,1.0,0.346,1.0,0.8396193534559228,99.0
SimpleHome_XCS7_1003_WHT_Security_Camera,100,4,11982,block_reliability,0.9999395200000001,0.9969608040201006,0.0492,1.0,0.8396193534559228,99.0
SimpleHome_XCS7_1003_WHT_Security_Camera,100,5,12073,local_oas,0.78945316,0.853059296482412,0.0,0.0004,0.8393151151086495,99.0
SimpleHome_XCS7_1003_WHT_Security_Camera,100,5,12073,peer_scale_local_center,0.78964188,0.8942613065326632,0.0,0.7702,0.8393151151086495,99.0
SimpleHome_XCS7_1003_WHT_Security_Camera,100,5,12073,shared_marginals,0.78972624,0.8942713567839196,0.0,0.7872,0.8393151151086495,99.0
SimpleHome_XCS7_1003_WHT_Security_Camera,100,5,12073,block_local_corr,0.9993177599999999,0.9657165829145729,0.0,0.0002,0.8393151151086495,99.0
SimpleHome_XCS7_1003_WHT_Security_Camera,100,5,12073,block_peer_corr,1.0,1.0,0.0,0.536,0.8393151151086495,99.0
SimpleHome_XCS7_1003_WHT_Security_Camera,100,5,12073,block_reliability,0.9993605600000001,0.9678673366834172,0.0,0.0676,0.8393151151086495,99.0
SimpleHome_XCS7_1003_WHT_Security_Camera,100,6,273,local_oas,0.82310096,0.8705045226130653,1.0,1.0,0.7404956385754626,36.51728691125159
SimpleHome_XCS7_1003_WHT_Security_Camera,100,6,273,peer_scale_local_center,0.9999692800000001,0.9984562814070352,1.0,1.0,0.7404956385754626,36.51728691125159
SimpleHome_XCS7_1003_WHT_Security_Camera,100,6,273,shared_marginals,0.9999338400000001,0.9966753768844221,1.0,1.0,0.7404956385754626,36.51728691125159
SimpleHome_XCS7_1003_WHT_Security_Camera,100,6,273,block_local_corr,0.99964732,0.9994834170854272,0.005,0.9992,0.7404956385754626,36.51728691125159
SimpleHome_XCS7_1003_WHT_Security_Camera,100,6,273,block_peer_corr,0.99998912,0.9994814070351759,0.0,0.1356,0.7404956385754626,36.51728691125159
SimpleHome_XCS7_1003_WHT_Security_Camera,100,6,273,block_reliability,0.99982856,0.9987919597989949,0.0026,0.999,0.7404956385754626,36.51728691125159
SimpleHome_XCS7_1003_WHT_Security_Camera,100,7,12161,local_oas,0.9496619199999999,0.7464804020100502,0.1166,0.8878,0.8582530547793144,99.0
SimpleHome_XCS7_1003_WHT_Security_Camera,100,7,12161,peer_scale_local_center,0.9999996400000001,0.9999819095477387,0.1016,1.0,0.8582530547793144,99.0
SimpleHome_XCS7_1003_WHT_Security_Camera,100,7,12161,shared_marginals,0.9999989199999999,0.9999457286432161,0.1028,1.0,0.8582530547793144,99.0
SimpleHome_XCS7_1003_WHT_Security_Camera,100,7,12161,block_local_corr,0.9999435600000001,0.9971638190954772,0.0058,1.0,0.8582530547793144,99.0
SimpleHome_XCS7_1003_WHT_Security_Camera,100,7,12161,block_peer_corr,1.0,1.0,0.0146,1.0,0.8582530547793144,99.0
SimpleHome_XCS7_1003_WHT_Security_Camera,100,7,12161,block_reliability,0.9999504,0.9975075376884421,0.0074,1.0,0.8582530547793144,99.0
SimpleHome_XCS7_1003_WHT_Security_Camera,300,0,8690,local_oas,0.99647936,0.8734633165829147,0.0,0.0,0.855301063104504,101.16073839216997
SimpleHome_XCS7_1003_WHT_Security_Camera,300,0,8690,peer_scale_local_center,0.99660832,0.9012582914572864,0.0,0.4812,0.855301063104504,101.16073839216997
SimpleHome_XCS7_1003_WHT_Security_Camera,300,0,8690,shared_marginals,0.99744248,0.9024844221105528,0.0,0.49,0.855301063104504,101.16073839216997
SimpleHome_XCS7_1003_WHT_Security_Camera,300,0,8690,block_local_corr,0.99985156,0.9925407035175879,0.0,0.567,0.855301063104504,101.16073839216997
SimpleHome_XCS7_1003_WHT_Security_Camera,300,0,8690,block_peer_corr,1.0,1.0,0.0,0.5428,0.855301063104504,101.16073839216997
SimpleHome_XCS7_1003_WHT_Security_Camera,300,0,8690,block_reliability,0.9997825600000001,0.9890733668341709,0.0,0.5742,0.855301063104504,101.16073839216997
SimpleHome_XCS7_1003_WHT_Security_Camera,300,1,8518,local_oas,1.0,1.0,0.0,0.002,0.8518969264194035,79.5544320676788
SimpleHome_XCS7_1003_WHT_Security_Camera,300,1,8518,peer_scale_local_center,0.99999892,0.9999457286432161,0.0018,0.9998,0.8518969264194035,79.5544320676788
SimpleHome_XCS7_1003_WHT_Security_Camera,300,1,8518,shared_marginals,0.99999852,0.9999256281407035,0.0018,1.0,0.8518969264194035,79.5544320676788
SimpleHome_XCS7_1003_WHT_Security_Camera,300,1,8518,block_local_corr,0.99999976,0.9999879396984924,0.0,0.007,0.8518969264194035,79.5544320676788
SimpleHome_XCS7_1003_WHT_Security_Camera,300,1,8518,block_peer_corr,1.0,1.0,0.0,0.214,0.8518969264194035,79.5544320676788
SimpleHome_XCS7_1003_WHT_Security_Camera,300,1,8518,block_reliability,0.9999998800000001,0.9999939698492463,0.0,0.036,0.8518969264194035,79.5544320676788
SimpleHome_XCS7_1003_WHT_Security_Camera,300,2,9631,local_oas,0.9473630000000001,0.5327879396984925,0.0842,1.0,0.8936400092048409,299.0
SimpleHome_XCS7_1003_WHT_Security_Camera,300,2,9631,peer_scale_local_center,1.0,1.0,0.0364,1.0,0.8936400092048409,299.0
SimpleHome_XCS7_1003_WHT_Security_Camera,300,2,9631,shared_marginals,0.99999992,0.9999959798994974,0.0366,1.0,0.8936400092048409,299.0
SimpleHome_XCS7_1003_WHT_Security_Camera,300,2,9631,block_local_corr,1.0,1.0,0.0278,1.0,0.8936400092048409,299.0
SimpleHome_XCS7_1003_WHT_Security_Camera,300,2,9631,block_peer_corr,1.0,1.0,0.0452,1.0,0.8936400092048409,299.0
SimpleHome_XCS7_1003_WHT_Security_Camera,300,2,9631,block_reliability,0.9999576800000001,0.9978733668341708,0.0308,1.0,0.8936400092048409,299.0
SimpleHome_XCS7_1003_WHT_Security_Camera,300,3,6166,local_oas,0.80335736,0.8432402010050252,0.9998,1.0,0.8235809504854218,85.5969520391826
SimpleHome_XCS7_1003_WHT_Security_Camera,300,3,6166,peer_scale_local_center,0.9999856,0.9992763819095478,0.0234,1.0,0.8235809504854218,85.5969520391826
SimpleHome_XCS7_1003_WHT_Security_Camera,300,3,6166,shared_marginals,0.9999537199999999,0.9976743718592965,0.0022,1.0,0.8235809504854218,85.5969520391826
SimpleHome_XCS7_1003_WHT_Security_Camera,300,3,6166,block_local_corr,0.9999982,0.9999095477386934,0.0,0.0542,0.8235809504854218,85.5969520391826
SimpleHome_XCS7_1003_WHT_Security_Camera,300,3,6166,block_peer_corr,0.99998036,0.9996221105527638,0.0,0.043,0.8235809504854218,85.5969520391826
SimpleHome_XCS7_1003_WHT_Security_Camera,300,3,6166,block_reliability,0.99999876,0.999937688442211,0.0,0.0568,0.8235809504854218,85.5969520391826
SimpleHome_XCS7_1003_WHT_Security_Camera,300,4,3385,local_oas,0.9451122399999999,0.5615738693467337,0.0914,1.0,0.8936400092048409,299.0
SimpleHome_XCS7_1003_WHT_Security_Camera,300,4,3385,peer_scale_local_center,1.0,1.0,0.4376,1.0,0.8936400092048409,299.0
SimpleHome_XCS7_1003_WHT_Security_Camera,300,4,3385,shared_marginals,1.0,1.0,0.4444,1.0,0.8936400092048409,299.0
SimpleHome_XCS7_1003_WHT_Security_Camera,300,4,3385,block_local_corr,0.9999581200000001,0.9978954773869346,0.0126,1.0,0.8936400092048409,299.0
SimpleHome_XCS7_1003_WHT_Security_Camera,300,4,3385,block_peer_corr,1.0,1.0,0.013,1.0,0.8936400092048409,299.0
SimpleHome_XCS7_1003_WHT_Security_Camera,300,4,3385,block_reliability,0.99995168,0.9975718592964824,0.013,1.0,0.8936400092048409,299.0
SimpleHome_XCS7_1003_WHT_Security_Camera,300,5,8877,local_oas,0.91269032,0.5106914572864322,0.1452,1.0,0.8919107054730343,299.0
SimpleHome_XCS7_1003_WHT_Security_Camera,300,5,8877,peer_scale_local_center,0.9998594399999999,0.9929366834170854,0.0172,1.0,0.8919107054730343,299.0
SimpleHome_XCS7_1003_WHT_Security_Camera,300,5,8877,shared_marginals,0.99995712,0.9978452261306532,0.0142,1.0,0.8919107054730343,299.0
SimpleHome_XCS7_1003_WHT_Security_Camera,300,5,8877,block_local_corr,0.99995212,0.9975939698492462,0.0022,1.0,0.8919107054730343,299.0
SimpleHome_XCS7_1003_WHT_Security_Camera,300,5,8877,block_peer_corr,1.0,1.0,0.0052,1.0,0.8919107054730343,299.0
SimpleHome_XCS7_1003_WHT_Security_Camera,300,5,8877,block_reliability,0.99994868,0.9974211055276382,0.0022,1.0,0.8919107054730343,299.0
SimpleHome_XCS7_1003_WHT_Security_Camera,300,6,5652,local_oas,0.99980884,0.9903939698492463,0.0,0.0006,0.8862897913048182,299.0
SimpleHome_XCS7_1003_WHT_Security_Camera,300,6,5652,peer_scale_local_center,1.0,1.0,0.0,0.9988,0.8862897913048182,299.0
SimpleHome_XCS7_1003_WHT_Security_Camera,300,6,5652,shared_marginals,1.0,1.0,0.0,1.0,0.8862897913048182,299.0
SimpleHome_XCS7_1003_WHT_Security_Camera,300,6,5652,block_local_corr,0.99995932,0.9979557788944723,0.0004,1.0,0.8862897913048182,299.0
SimpleHome_XCS7_1003_WHT_Security_Camera,300,6,5652,block_peer_corr,1.0,1.0,0.002,1.0,0.8862897913048182,299.0
SimpleHome_XCS7_1003_WHT_Security_Camera,300,6,5652,block_reliability,0.99995248,0.9976120603015075,0.0002,1.0,0.8862897913048182,299.0
SimpleHome_XCS7_1003_WHT_Security_Camera,300,7,1089,local_oas,0.9975687999999999,0.8778291457286432,0.0,0.0008,0.8936154503566607,299.0
SimpleHome_XCS7_1003_WHT_Security_Camera,300,7,1089,peer_scale_local_center,0.9999977600000001,0.9998874371859297,0.0144,1.0,0.8936154503566607,299.0
SimpleHome_XCS7_1003_WHT_Security_Camera,300,7,1089,shared_marginals,0.99999732,0.9998653266331659,0.0146,1.0,0.8936154503566607,299.0
SimpleHome_XCS7_1003_WHT_Security_Camera,300,7,1089,block_local_corr,1.0,1.0,0.0116,1.0,0.8936154503566607,299.0
SimpleHome_XCS7_1003_WHT_Security_Camera,300,7,1089,block_peer_corr,1.0,1.0,0.0028,1.0,0.8936154503566607,299.0
SimpleHome_XCS7_1003_WHT_Security_Camera,300,7,1089,block_reliability,1.0,1.0,0.0134,1.0,0.8936154503566607,299.0
SimpleHome_XCS7_1003_WHT_Security_Camera,1000,0,10012,local_oas,0.99928892,0.9642673366834171,0.0,0.0,0.8959866560994625,305.0681773273943
SimpleHome_XCS7_1003_WHT_Security_Camera,1000,0,10012,peer_scale_local_center,0.99957476,0.9786311557788945,0.0,0.4252,0.8959866560994625,305.0681773273943
SimpleHome_XCS7_1003_WHT_Security_Camera,1000,0,10012,shared_marginals,0.9996907199999999,0.9844582914572864,0.0,0.4614,0.8959866560994625,305.0681773273943
SimpleHome_XCS7_1003_WHT_Security_Camera,1000,0,10012,block_local_corr,0.9996503600000001,0.9824301507537688,0.0,0.5324,0.8959866560994625,305.0681773273943
SimpleHome_XCS7_1003_WHT_Security_Camera,1000,0,10012,block_peer_corr,1.0,1.0,0.0,0.6066,0.8959866560994625,305.0681773273943
SimpleHome_XCS7_1003_WHT_Security_Camera,1000,0,10012,block_reliability,0.99968904,0.9843738693467337,0.0,0.5342,0.8959866560994625,305.0681773273943
SimpleHome_XCS7_1003_WHT_Security_Camera,1000,1,5382,local_oas,0.9988444799999999,0.9419336683417086,0.0,0.0,0.8631531873511145,121.24668511456879
SimpleHome_XCS7_1003_WHT_Security_Camera,1000,1,5382,peer_scale_local_center,0.9988938399999999,0.9444140703517587,0.0,0.0,0.8631531873511145,121.24668511456879
SimpleHome_XCS7_1003_WHT_Security_Camera,1000,1,5382,shared_marginals,0.99889796,0.9446211055276381,0.0,0.0,0.8631531873511145,121.24668511456879
SimpleHome_XCS7_1003_WHT_Security_Camera,1000,1,5382,block_local_corr,0.9999109199999999,0.9955236180904523,0.0,0.0,0.8631531873511145,121.24668511456879
SimpleHome_XCS7_1003_WHT_Security_Camera,1000,1,5382,block_peer_corr,1.0,1.0,0.0,0.0,0.8631531873511145,121.24668511456879
SimpleHome_XCS7_1003_WHT_Security_Camera,1000,1,5382,block_reliability,0.9999111599999999,0.9955356783919598,0.0,0.0,0.8631531873511145,121.24668511456879
SimpleHome_XCS7_1003_WHT_Security_Camera,1000,2,958,local_oas,0.99769124,0.8839819095477387,0.0008,0.0192,0.9161099315325515,999.0
SimpleHome_XCS7_1003_WHT_Security_Camera,1000,2,958,peer_scale_local_center,0.9999933200000001,0.9996643216080402,0.0012,1.0,0.9161099315325515,999.0
SimpleHome_XCS7_1003_WHT_Security_Camera,1000,2,958,shared_marginals,0.99999848,0.9999236180904523,0.0012,1.0,0.9161099315325515,999.0
SimpleHome_XCS7_1003_WHT_Security_Camera,1000,2,958,block_local_corr,0.99995976,0.9979778894472362,0.0078,1.0,0.9161099315325515,999.0
SimpleHome_XCS7_1003_WHT_Security_Camera,1000,2,958,block_peer_corr,1.0,1.0,0.0092,1.0,0.9161099315325515,999.0
SimpleHome_XCS7_1003_WHT_Security_Camera,1000,2,958,block_reliability,0.99995844,0.9979115577889446,0.0082,1.0,0.9161099315325515,999.0
SimpleHome_XCS7_1003_WHT_Security_Camera,1000,3,372,local_oas,0.99996,0.9979899497487437,0.0,0.0,0.8863914195894975,159.41657508192407
SimpleHome_XCS7_1003_WHT_Security_Camera,1000,3,372,peer_scale_local_center,0.9999611199999999,0.998046231155779,0.0,0.4222,0.8863914195894975,159.41657508192407
SimpleHome_XCS7_1003_WHT_Security_Camera,1000,3,372,shared_marginals,0.9999220400000001,0.9960824120603016,0.0,0.4934,0.8863914195894975,159.41657508192407
SimpleHome_XCS7_1003_WHT_Security_Camera,1000,3,372,block_local_corr,0.99999976,0.9999879396984925,0.0,0.637,0.8863914195894975,159.41657508192407
SimpleHome_XCS7_1003_WHT_Security_Camera,1000,3,372,block_peer_corr,1.0,1.0,0.0,0.6166,0.8863914195894975,159.41657508192407
SimpleHome_XCS7_1003_WHT_Security_Camera,1000,3,372,block_reliability,0.99999972,0.9999859296482412,0.0,0.673,0.8863914195894975,159.41657508192407
SimpleHome_XCS7_1003_WHT_Security_Camera,1000,4,11469,local_oas,0.98806032,0.7672040201005025,0.0242,0.796,0.9122877396912585,999.0
SimpleHome_XCS7_1003_WHT_Security_Camera,1000,4,11469,peer_scale_local_center,0.9952504400000001,0.8978874371859298,0.0054,0.797,0.9122877396912585,999.0
SimpleHome_XCS7_1003_WHT_Security_Camera,1000,4,11469,shared_marginals,0.9971188400000001,0.8980201005025126,0.0054,0.797,0.9122877396912585,999.0
SimpleHome_XCS7_1003_WHT_Security_Camera,1000,4,11469,block_local_corr,0.99954416,0.9770934673366833,0.0,0.7584,0.9122877396912585,999.0
SimpleHome_XCS7_1003_WHT_Security_Camera,1000,4,11469,block_peer_corr,1.0,1.0,0.0,0.793,0.9122877396912585,999.0
SimpleHome_XCS7_1003_WHT_Security_Camera,1000,4,11469,block_reliability,0.9995442800000001,0.9770994974874372,0.0002,0.7938,0.9122877396912585,999.0
SimpleHome_XCS7_1003_WHT_Security_Camera,1000,5,10395,local_oas,0.9999960800000001,0.9998030150753768,0.0,0.0,0.8965091487622432,232.05696470398215
SimpleHome_XCS7_1003_WHT_Security_Camera,1000,5,10395,peer_scale_local_center,0.99999052,0.9995236180904522,0.0,0.4214,0.8965091487622432,232.05696470398215
SimpleHome_XCS7_1003_WHT_Security_Camera,1000,5,10395,shared_marginals,0.9999528400000001,0.9976301507537688,0.0,0.4944,0.8965091487622432,232.05696470398215
SimpleHome_XCS7_1003_WHT_Security_Camera,1000,5,10395,block_local_corr,0.99983968,0.9919437185929648,0.0,0.672,0.8965091487622432,232.05696470398215
SimpleHome_XCS7_1003_WHT_Security_Camera,1000,5,10395,block_peer_corr,1.0,1.0,0.0,0.6984,0.8965091487622432,232.05696470398215
SimpleHome_XCS7_1003_WHT_Security_Camera,1000,5,10395,block_reliability,0.99984232,0.9920763819095477,0.0,0.6954,0.8965091487622432,232.05696470398215
SimpleHome_XCS7_1003_WHT_Security_Camera,1000,6,4722,local_oas,0.9990011200000001,0.949805025125628,0.0,0.0018,0.9153834007266876,999.0
SimpleHome_XCS7_1003_WHT_Security_Camera,1000,6,4722,peer_scale_local_center,0.99999932,0.9999658291457285,0.0044,1.0,0.9153834007266876,999.0
SimpleHome_XCS7_1003_WHT_Security_Camera,1000,6,4722,shared_marginals,0.99999964,0.9999819095477387,0.0078,1.0,0.9153834007266876,999.0
SimpleHome_XCS7_1003_WHT_Security_Camera,1000,6,4722,block_local_corr,0.99999964,0.9999819095477387,0.0148,1.0,0.9153834007266876,999.0
SimpleHome_XCS7_1003_WHT_Security_Camera,1000,6,4722,block_peer_corr,1.0,1.0,0.0134,1.0,0.9153834007266876,999.0
SimpleHome_XCS7_1003_WHT_Security_Camera,1000,6,4722,block_reliability,0.99999964,0.9999819095477387,0.0148,1.0,0.9153834007266876,999.0
SimpleHome_XCS7_1003_WHT_Security_Camera,1000,7,840,local_oas,0.999207,0.9601507537688443,0.0008,0.021,0.9127561996507153,999.0
SimpleHome_XCS7_1003_WHT_Security_Camera,1000,7,840,peer_scale_local_center,0.99999076,0.9995356783919598,0.0004,1.0,0.9127561996507153,999.0
SimpleHome_XCS7_1003_WHT_Security_Camera,1000,7,840,shared_marginals,0.9999966,0.9998291457286432,0.0006,1.0,0.9127561996507153,999.0
SimpleHome_XCS7_1003_WHT_Security_Camera,1000,7,840,block_local_corr,0.9999596000000001,0.9979698492462311,0.009,1.0,0.9127561996507153,999.0
SimpleHome_XCS7_1003_WHT_Security_Camera,1000,7,840,block_peer_corr,1.0,1.0,0.0094,1.0,0.9127561996507153,999.0
SimpleHome_XCS7_1003_WHT_Security_Camera,1000,7,840,block_reliability,0.9999588,0.9979296482412061,0.01,1.0,0.9127561996507153,999.0
