device,support_n,replicate,offset,mean_ess,median_posterior_df,auroc_predictive,auroc_shared,auroc_local,auroc_posterior_gaussian,auroc_local_center_peer_scale,spauc01_predictive,spauc01_shared,spauc01_local,spauc01_posterior_gaussian,spauc01_local_center_peer_scale,fpr_predictive,fpr_shared,fpr_local,fpr_posterior_gaussian,fpr_local_center_peer_scale,tpr_predictive,tpr_shared,tpr_local,tpr_posterior_gaussian,tpr_local_center_peer_scale,threshold_predictive
Danmini_Doorbell,30,0,7610,26.353013637580553,34.192369047348805,0.99949295,0.9991239000000001,0.98068866,0.99952168,0.99909655,0.9745201005025126,0.9559748743718594,0.49769145728643216,0.9759638190954774,0.9546005025125628,0.0361,0.124,0.0094,0.0532,0.1067,1.0,1.0,0.0005,1.0,1.0,185.18575465644133
Danmini_Doorbell,30,1,5010,25.654137756258223,34.16778783813453,0.999542,0.99923307,0.98569248,0.99954692,0.99925897,0.9769849246231156,0.9614608040201005,0.4975894472361809,0.9772321608040201,0.962762311557789,0.0334,0.1396,0.0101,0.0509,0.1178,1.0,1.0,0.0005,1.0,1.0,182.74447056096605
Danmini_Doorbell,30,2,16963,26.75864671998047,34.349710879600224,0.9995544000000001,0.99948913,0.9694176699999999,0.9996894700000001,0.99944812,0.977608040201005,0.9743281407035177,0.4977145728643216,0.9843954773869347,0.9722673366834171,0.029,0.1431,0.0097,0.0656,0.1175,1.0,1.0,0.0005,1.0,1.0,184.88871274464964
Danmini_Doorbell,30,3,7687,26.86253042970803,34.25080794787215,0.99955949,0.9994139,0.96664038,0.99961317,0.99940279,0.9778638190954774,0.9705477386934673,0.5048798994974875,0.9805613065326633,0.969989447236181,0.041,0.1617,0.01,0.1226,0.1553,1.0,1.0,0.0556,1.0,1.0,159.9311893798607
Danmini_Doorbell,30,4,19496,27.81639856019742,34.362112563941935,0.9994898799999999,0.9993410100000001,0.9356905600000001,0.9995021,0.99929043,0.9743658291457287,0.9668849246231156,0.603680904522613,0.9749798994974874,0.964343216080402,0.0599,0.1975,0.0662,0.1979,0.1956,1.0,1.0,0.5177,1.0,1.0,139.46543748240242
Danmini_Doorbell,30,5,18485,27.442362776629704,34.34867552663814,0.9995336,0.99946015,0.9593594900000001,0.9996020299999999,0.99945313,0.9765628140703517,0.9728718592964825,0.6064653266331658,0.9800015075376884,0.972519095477387,0.0579,0.2521,0.0639,0.2072,0.1772,1.0,1.0,0.5135,1.0,1.0,144.01398700437977
Danmini_Doorbell,30,6,6612,28.296114546843445,34.44216652516344,0.99953267,0.9993273199999999,0.9632655800000001,0.99955405,0.9993392,0.9765160804020101,0.9661969849246231,0.5805577889447237,0.9775904522613066,0.9667939698492463,0.0654,0.283,0.0667,0.2465,0.2463,1.0,1.0,0.9273,1.0,1.0,141.00080367599398
Danmini_Doorbell,30,7,7175,23.43890533749651,33.33488943364403,0.99955166,0.9996028499999999,0.99179797,0.9997347600000001,0.99961417,0.9774703517587939,0.9800427135678391,0.5879050251256281,0.9866713567839196,0.9806115577889448,0.005,0.0358,0.0081,0.0046,0.0272,1.0,1.0,0.0008,1.0,1.0,320.2328839066691
Danmini_Doorbell,30,8,8201,27.822895235013025,34.38587860028774,0.99960176,0.99944983,0.96951401,0.99970551,0.99947957,0.9799879396984925,0.9723532663316583,0.5081733668341708,0.9852015075376885,0.9738477386934673,0.0337,0.0988,0.0255,0.0451,0.0725,1.0,1.0,0.0577,1.0,1.0,184.54040278291575
Danmini_Doorbell,30,9,25302,26.5468250376852,34.23671413061799,0.99956613,0.9993800700000001,0.98852981,0.99959593,0.9993897500000001,0.9781974874371859,0.9688477386934673,0.4977105527638191,0.9796949748743717,0.9693341708542713,0.0149,0.09,0.0083,0.0399,0.0806,1.0,1.0,0.0007,1.0,1.0,211.85616706597875
Danmini_Doorbell,30,10,21655,26.98698589845109,34.25080794787215,0.99952528,0.99935456,0.98843425,0.99958284,0.9993838599999999,0.9761447236180905,0.9675658291457288,0.4976753768844221,0.9790371859296483,0.9690381909547738,0.0367,0.0984,0.0091,0.0392,0.0676,1.0,1.0,0.0007,1.0,1.0,189.70539128782363
Danmini_Doorbell,30,11,21237,26.3579704556637,34.16800885519159,0.99949305,0.99920909,0.9415996799999999,0.99956341,0.99926908,0.9745251256281406,0.9602557788944723,0.4975643216080402,0.9780608040201004,0.9632703517587939,0.0192,0.0935,0.0101,0.0438,0.0836,1.0,1.0,0.0002,1.0,1.0,213.25577035577817
Danmini_Doorbell,30,12,6001,25.900441958750804,34.16778783813453,0.99951546,0.9988561600000001,0.98882022,0.99971418,0.99898716,0.975651256281407,0.9425206030150755,0.4980010050251256,0.9856371859296482,0.9491035175879396,0.0126,0.0309,0.0007,0.0116,0.0168,1.0,1.0,0.0006,1.0,1.0,243.6220932086948
Danmini_Doorbell,30,13,26753,28.013431764329855,34.61884618341115,0.99941777,0.9992636100000001,0.9564403900000001,0.99945065,0.9992686199999999,0.9707422110552764,0.9629954773869347,0.6042040201005024,0.9723944723618091,0.9632472361809046,0.0612,0.2221,0.0645,0.1898,0.2037,1.0,1.0,0.5242,1.0,1.0,147.5265331670165
Danmini_Doorbell,30,14,10332,26.3123406401504,34.192369047348805,0.99956245,0.99943504,0.9651194099999999,0.99960455,0.99941664,0.9780125628140703,0.9716100502512561,0.4976115577889447,0.9801281407035176,0.9706854271356784,0.048,0.2233,0.0105,0.1862,0.1961,1.0,1.0,0.0009,1.0,1.0,147.68510459513902
Danmini_Doorbell,100,0,3210,91.81515116551435,103.90452731107484,0.99948814,0.9994073699999999,0.99263068,0.9996541099999999,0.9994091399999999,0.974278391959799,0.9702195979899498,0.6301934673366834,0.9826185929648241,0.9703085427135678,0.0333,0.14,0.0071,0.0785,0.1484,1.0,1.0,0.0002,1.0,1.0,227.42959874560202
Danmini_Doorbell,100,1,25249,69.0289708999261,85.48218041267995,0.9992207399999999,0.9944796100000001,0.99059104,0.99904757,0.9933091700000001,0.9608412060301508,0.872470351758794,0.530172864321608,0.9521391959798995,0.8684271356783919,0.0015,0.0013,0.0078,0.0026,0.0002,0.8031,0.5191,0.0004,0.803,0.4583,912.6229296990512
Danmini_Doorbell,100,2,17874,93.48041587416698,104.34867552663813,0.9992653,0.9992287,0.96484112,0.99921627,0.99922488,0.9630804020100503,0.9612412060301507,0.5078110552763819,0.9606165829145729,0.9610492462311557,0.0736,0.2386,0.0414,0.2086,0.24,1.0,1.0,0.6244,1.0,1.0,123.6925906561325
Danmini_Doorbell,100,3,13383,60.844442737921625,71.95488414944404,0.99677254,0.95875519,0.94563678,0.9472094799999999,0.92923366,0.884127135678392,0.8878728643216081,0.624905527638191,0.8421929648241206,0.8841527638190955,0.0004,0.0,0.0007,0.0003,0.0,0.4589,0.3949,0.0003,0.4588,0.0524,1304.4505845172398
Danmini_Doorbell,100,4,24535,90.98511349247818,104.1923690473488,0.9994472,0.9993087199999999,0.99210937,0.9994869,0.99931434,0.9722211055276382,0.965262311557789,0.6034894472361809,0.97421608040201,0.9655447236180905,0.0322,0.1251,0.0078,0.0498,0.1209,1.0,1.0,0.0003,1.0,1.0,263.32501638786346
Danmini_Doorbell,100,5,9261,95.04039249578352,104.25078300868384,0.99939063,0.9993593900000001,0.9706836200000001,0.9995655999999999,0.9993397900000001,0.969378391959799,0.9678085427135679,0.5049939698492463,0.9781708542713567,0.9668236180904524,0.0556,0.1501,0.0299,0.0968,0.1431,1.0,1.0,0.0579,1.0,1.0,149.93103567506188
Danmini_Doorbell,100,6,18475,93.33415613549163,104.16800885519159,0.99945093,0.99930761,0.96830796,0.99944273,0.9992985200000001,0.9724085427135678,0.9652065326633166,0.5066366834170855,0.9719964824120603,0.9647497487437187,0.0716,0.152,0.0277,0.0946,0.1176,1.0,1.0,0.0561,1.0,1.0,121.67702567931649
Danmini_Doorbell,100,7,5798,88.49795418123331,103.85304653949007,0.99948707,0.99936075,0.9882545699999999,0.99948106,0.99938478,0.9742246231155779,0.9678768844221105,0.497721608040201,0.9739226130653267,0.9690844221105527,0.0488,0.1321,0.0097,0.0887,0.1243,1.0,1.0,0.0006,1.0,1.0,163.79659065480763
Danmini_Doorbell,100,8,13770,89.75214967375571,104.13088254179836,0.99951884,0.9994321300000001,0.98542628,0.99949316,0.99948106,0.9758211055276382,0.9714638190954774,0.4977396984924623,0.9745306532663316,0.9739226130653267,0.0459,0.8755,0.0085,0.0357,0.8752,1.0,1.0,0.0008,1.0,1.0,161.3671160901754
Danmini_Doorbell,100,9,13243,72.81421407022961,78.77671950775718,0.9995080700000001,0.99922544,0.9926499799999999,0.99936039,0.99921634,0.9752798994974874,0.9610773869346734,0.6306522613065326,0.9678587939698492,0.9606201005025126,0.0024,0.0226,0.0065,0.0018,0.0117,0.9998,1.0,0.0005,0.9967,1.0,818.2529484943126
Danmini_Doorbell,100,10,9340,86.21909306486839,103.85304048217262,0.99939147,0.99881095,0.9896267300000001,0.99944548,0.99877387,0.9694206030150754,0.9402527638190955,0.49787989949748745,0.9721346733668341,0.9383999999999999,0.0557,0.0658,0.0059,0.072,0.0645,1.0,1.0,0.0005,1.0,1.0,142.81886877753993
Danmini_Doorbell,100,11,3986,88.27429039462349,103.85304048217262,0.99939365,0.99923784,0.98792821,0.9994321700000001,0.99928622,0.9695301507537688,0.9617005025125629,0.4978175879396985,0.9714658291457287,0.9641316582914574,0.0136,0.0962,0.0097,0.0668,0.1106,1.0,1.0,0.0012,1.0,1.0,299.0356088628034
Danmini_Doorbell,100,12,10839,87.87705933657483,103.79528866409859,0.99947099,0.9992132100000001,0.99188492,0.99957889,0.99935649,0.9734165829145728,0.9604628140703517,0.5922829145728643,0.9788386934673367,0.9676628140703518,0.0092,0.0463,0.005,0.0113,0.0352,1.0,1.0,0.0005,1.0,1.0,428.5670832549584
Danmini_Doorbell,100,13,7052,86.87860293103994,103.85304653949007,0.9994076,0.99874261,0.98932343,0.9994392,0.99882702,0.9702311557788945,0.9368145728643216,0.49782763819095477,0.9718190954773869,0.9410562814070352,0.0216,0.0549,0.0055,0.0201,0.0423,1.0,1.0,0.0006,1.0,1.0,275.7951815616407
Danmini_Doorbell,100,14,32826,85.37241329084839,103.60932589934812,0.99935385,0.99878578,0.99233934,0.9993831,0.99832851,0.9675301507537688,0.9389839195979899,0.6152603015075376,0.9690000000000001,0.9160371859296483,0.0405,0.0644,0.0044,0.0729,0.0631,1.0,1.0,0.0002,1.0,1.0,223.24938156793334
Danmini_Doorbell,300,0,23043,266.3884508179451,304.11375161213715,0.99936913,0.99881589,0.9896317099999999,0.99895478,0.99854464,0.9682979899497488,0.9404969849246231,0.49825527638190953,0.9476060301507538,0.9269929648241206,0.0329,0.1132,0.0068,0.0487,0.1028,1.0,1.0,0.0005,1.0,1.0,430.53898085648154
Danmini_Doorbell,300,1,6053,283.67440508755635,304.25078300868387,0.99935081,0.99927352,0.99208518,0.99921592,0.9992305699999999,0.9673773869346733,0.9634934673366835,0.6022979899497487,0.9605989949748743,0.961335175879397,0.0386,0.1774,0.1638,0.1743,0.1794,1.0,1.0,1.0,1.0,1.0,372.48581515219195
Danmini_Doorbell,300,2,13047,203.58785916551298,196.85880543918785,0.99924774,0.99702722,0.9958412400000001,0.99892455,0.99692378,0.9621979899497488,0.8897316582914574,0.7910170854271357,0.9459572864321608,0.8887844221105528,0.0075,0.0374,0.0036,0.0067,0.0185,1.0,1.0,0.0005,1.0,1.0,887.6947332461182
Danmini_Doorbell,300,3,20649,266.33155211000076,304.03380499553145,0.9992967899999999,0.9964804,0.9955359,0.99936262,0.9969938,0.9646628140703517,0.8873231155778896,0.7756814070351759,0.9679708542713569,0.8858185929648241,0.0314,0.0583,0.0043,0.037,0.0567,1.0,1.0,0.0004,1.0,1.0,350.7625340165073
Danmini_Doorbell,300,4,15040,276.8543614067027,304.25080794787215,0.9992459699999999,0.99924148,0.98803557,0.99880773,0.99921184,0.9621090452261306,0.9618834170854271,0.49763467336683415,0.9400869346733668,0.9603939698492463,0.0399,0.1781,0.1286,0.1639,0.1996,1.0,1.0,1.0,1.0,1.0,393.1431595483072
Danmini_Doorbell,300,5,25129,199.7356385588311,197.27866317269584,0.9992193199999999,0.99605207,0.99053389,0.99603755,0.99491717,0.9607698492462311,0.883297487437186,0.5283733668341709,0.8008819095477387,0.8788165829145729,0.0028,0.0161,0.0092,0.0065,0.007,0.9999,0.7994,0.4421,0.7535,0.7965,1222.5226986357738
Danmini_Doorbell,300,6,27155,254.2249908791855,303.81253631500635,0.9990669799999999,0.9995937899999999,0.99223296,0.99859517,0.99942334,0.9531145728643218,0.9795874371859297,0.6107396984924623,0.929405527638191,0.9710221105527639,0.0258,0.0668,0.0665,0.055,0.0627,1.0,1.0,1.0,1.0,1.0,308.6764892978206
Danmini_Doorbell,300,7,25907,281.1883495654255,304.25080794787215,0.99935947,0.9993345100000001,0.98852748,0.9990961100000001,0.99930932,0.9678125628140704,0.9665582914572864,0.4977798994974874,0.954578391959799,0.9652924623115577,0.0445,0.2173,0.1598,0.1631,0.2205,1.0,1.0,1.0,1.0,1.0,295.8866180470962
Danmini_Doorbell,300,8,2559,257.50823651755303,303.8530404821726,0.9991201,0.9991315000000001,0.99069127,0.9986862099999999,0.99911982,0.9557839195979899,0.956356783919598,0.5330693467336683,0.9339804020100502,0.9557698492462311,0.0197,0.0955,0.0464,0.0514,0.0741,1.0,1.0,1.0,1.0,1.0,396.9398143479957
Danmini_Doorbell,300,9,28912,261.3366424462914,303.8622612834502,0.99915997,0.99938004,0.98634495,0.9988022799999999,0.99938678,0.9577874371859296,0.9688462311557788,0.49786281407035177,0.9398130653266331,0.9691849246231157,0.0159,0.1329,0.1304,0.155,0.1507,1.0,1.0,1.0,1.0,1.0,444.355010167756
Danmini_Doorbell,300,10,16105,264.26929193360604,303.90452731107484,0.99910101,0.99854302,0.9905288299999999,0.99871682,0.99829517,0.9548246231155779,0.9267849246231155,0.5255668341708543,0.9355412060301507,0.9143341708542714,0.0356,0.1262,0.0738,0.0887,0.1145,1.0,1.0,1.0,1.0,1.0,345.9101054379118
Danmini_Doorbell,300,11,28820,255.69638887256278,303.81253631500635,0.99923093,0.9984862999999999,0.99097426,0.99878002,0.9979986,0.9613532663316583,0.9239346733668342,0.5470562814070352,0.9387608040201004,0.8996201005025125,0.0171,0.1117,0.1186,0.1248,0.1206,1.0,1.0,1.0,1.0,1.0,390.27737396638594
Danmini_Doorbell,300,12,19308,244.14198194536337,303.81253631500635,0.99809663,0.98456276,0.98875633,0.99619523,0.9901132500000001,0.9043532663316582,0.8930371859296482,0.4977688442211055,0.8088070351758794,0.890664824120603,0.003,0.0001,0.0101,0.002,0.0,0.7884,0.4545,0.3143,0.4546,0.452,1061.9272705653839
Danmini_Doorbell,300,13,20846,270.17007161526317,304.0816180447686,0.99920995,0.99573869,0.9955385099999999,0.9990783799999999,0.99687189,0.9602989949748744,0.8822261306532664,0.7758246231155779,0.9538140703517588,0.8787854271356784,0.0136,0.0779,0.004,0.0485,0.072,1.0,1.0,0.0003,1.0,1.0,471.33976579781955
Danmini_Doorbell,300,14,22690,255.438226294799,303.8530404821726,0.99942813,0.99953226,0.99578174,0.99944472,0.99941271,0.9712628140703518,0.9764954773869348,0.788027135678392,0.9720964824120604,0.9704879396984925,0.0171,0.0765,0.0041,0.0441,0.0679,1.0,1.0,0.0002,1.0,1.0,449.59540641294143
Danmini_Doorbell,1000,0,16686,630.7613416353738,561.1453379463053,0.99967212,0.99854905,0.99779525,0.9990182999999999,0.99804531,0.9835236180904523,0.9270879396984926,0.8925748743718593,0.9506683417085426,0.9017743718592965,0.0116,0.0987,0.0899,0.0887,0.0955,1.0,1.0,1.0,1.0,1.0,559.5362681065685
Danmini_Doorbell,1000,1,11795,577.1677154242484,445.9499101048718,0.99969532,0.9985509499999999,0.9949151300000001,0.9974405,0.99800687,0.9846894472361809,0.9271834170854272,0.8475422110552764,0.8714055276381909,0.8998427135678393,0.0114,0.0733,0.0645,0.0595,0.0769,1.0,1.0,1.0,1.0,1.0,491.2683594437672
Danmini_Doorbell,1000,2,25375,877.0419097893654,1003.8530404821727,0.99921689,0.99942179,0.99610032,0.99860358,0.99894521,0.9606477386934673,0.9709442211055276,0.8040512562814071,0.929832663316583,0.9469954773869346,0.0419,0.1123,0.1031,0.108,0.1159,1.0,1.0,1.0,1.0,1.0,392.80050815638475
Danmini_Doorbell,1000,3,2213,862.4258455413748,1003.7772459031903,0.9990804099999999,0.99927627,0.99429956,0.99742833,0.99915933,0.953789447236181,0.9636316582914572,0.715459296482412,0.8715336683417085,0.9577562814070352,0.0378,0.1069,0.0962,0.0941,0.1053,1.0,1.0,1.0,1.0,1.0,451.55203676563843
Danmini_Doorbell,1000,4,26556,867.8948198986774,1003.6390887615696,0.9992544,0.99958856,0.99570004,0.99841791,0.99947864,0.9625326633165829,0.9793246231155779,0.7850597989949748,0.920894472361809,0.9738010050251256,0.0294,0.1306,0.1277,0.1295,0.1265,1.0,1.0,1.0,1.0,1.0,499.2968116216636
Danmini_Doorbell,1000,5,23655,871.7066170460595,1003.85304653949,0.99912094,0.99945951,0.99496624,0.9981830700000001,0.9992943200000001,0.9558261306532664,0.9728396984924623,0.7473356783919598,0.9088437185929649,0.9645386934673367,0.0361,0.1129,0.1012,0.1032,0.1145,1.0,1.0,1.0,1.0,1.0,477.51283921618904
Danmini_Doorbell,1000,6,13847,889.8184259607209,1003.85304653949,0.99943037,0.99974498,0.99541064,0.99910481,0.99973472,0.9713753768844221,0.9871849246231156,0.7693788944723619,0.9550155778894471,0.9866693467336684,0.0192,0.0297,0.0027,0.0315,0.0278,1.0,1.0,0.0007,1.0,1.0,492.56603743656035
Danmini_Doorbell,1000,7,21787,845.8057363380663,1003.5336408885073,0.9992031,0.9990648,0.9937154,0.99671862,0.99832534,0.9599547738693468,0.9530050251256281,0.6896226130653266,0.8365839195979898,0.915897487437186,0.0375,0.0934,0.0837,0.0867,0.0921,1.0,1.0,1.0,1.0,1.0,451.0321464425225
Danmini_Doorbell,1000,8,13581,850.5682745761618,1003.8530404821727,0.99925985,0.99965825,0.99785397,0.99891153,0.99954764,0.9628065326633166,0.9828266331658291,0.8921592964824121,0.945303015075377,0.9772683417085427,0.0262,0.0103,0.0004,0.0053,0.0087,1.0,1.0,0.0005,1.0,1.0,503.47376579350583
Danmini_Doorbell,1000,9,9316,874.6654605951892,1003.85304653949,0.99939415,0.99949723,0.99589825,0.9984226199999999,0.99940001,0.9695552763819095,0.974735175879397,0.7942231155778894,0.920878391959799,0.9698497487437188,0.0279,0.1158,0.0842,0.0809,0.1075,1.0,1.0,1.0,1.0,1.0,433.33936219419286
Danmini_Doorbell,1000,10,15034,877.4250321863568,1003.85304653949,0.99916332,0.99913036,0.9943455800000001,0.99804712,0.99930211,0.9579557788944724,0.9562994974874371,0.7165417085427136,0.9022552763819096,0.9649301507537689,0.044,0.1691,0.1667,0.1669,0.1724,1.0,1.0,1.0,1.0,1.0,408.49877636850033
Danmini_Doorbell,1000,11,14714,880.8441621809284,1003.8125363150064,0.99949479,0.99856736,0.9954345099999999,0.9987152399999999,0.99838924,0.9746125628140703,0.9280386934673368,0.7714321608040201,0.9359422110552764,0.9192477386934672,0.0415,0.1602,0.1843,0.1828,0.1688,1.0,1.0,1.0,1.0,1.0,398.0199011845755
Danmini_Doorbell,1000,12,11475,572.091315132751,469.33375433599457,0.9997252299999999,0.99843743,0.9950754399999999,0.99728363,0.99788348,0.9861924623115579,0.9214788944723618,0.841240703517588,0.8655854271356783,0.8936427135678392,0.0053,0.0618,0.0568,0.0519,0.0621,1.0,1.0,1.0,1.0,1.0,884.5215633951224
Danmini_Doorbell,1000,13,3457,887.0969714681288,1003.8125363150064,0.99934906,0.99950052,0.99529834,0.998401,0.99934111,0.9672894472361809,0.9749005025125628,0.7642964824120604,0.9198336683417085,0.9668899497487438,0.0198,0.1255,0.1146,0.1116,0.1264,1.0,1.0,1.0,1.0,1.0,625.2536176048309
Danmini_Doorbell,1000,14,15498,859.1412438327806,1003.6390887615696,0.99917575,0.99935814,0.99424993,0.99742533,0.99911083,0.9585804020100502,0.9677457286432161,0.7129467336683417,0.8712673366834172,0.9553180904522613,0.0418,0.1293,0.1117,0.1064,0.1164,1.0,1.0,1.0,1.0,1.0,389.973930592836
Ecobee_Thermostat,30,0,7135,28.7050444076495,34.49444136079378,0.9999994051704415,0.9998000457561198,0.9994963166323496,0.9998623884694577,0.9998163578128574,0.9999701090674145,0.9899520480462252,0.9746892780075165,0.9930848477114467,0.9907717493898226,0.0022878059940517046,0.03614733470601693,0.0,0.0011439029970258523,0.024479524136353237,1.0,1.0,0.0,1.0,1.0,509.3564433762864
Ecobee_Thermostat,30,1,4210,28.610150906944696,34.49444136079378,0.9999999771219401,0.9997902768245254,0.9996827499428048,0.9998640128117136,0.9998185083504919,0.9999988503487467,0.9894611469610693,0.9840577860705955,0.9931664729504305,0.990879816607632,0.0066346373827499425,0.026767330130404943,0.0,0.0011439029970258523,0.021505376344086023,1.0,1.0,0.0,1.0,1.0,497.2334946681573
Ecobee_Thermostat,30,2,8689,28.48852974766172,34.48898331821185,0.9998981011210248,0.9998539235872798,0.9958472660718372,0.999909608785175,0.9998190345458705,0.9952624711293829,0.9926594767477286,0.9008542713567839,0.995457727898242,0.9909062585864578,0.0006863417982155113,0.0025165865934568747,0.0,0.0,0.0025165865934568747,0.9996,1.0,0.0,0.7926,1.0,767.9351623838672
Ecobee_Thermostat,30,3,7099,28.39644718644169,34.48898331821185,0.9999516586593458,0.9997335849919927,0.9995701441317776,0.9998562800274537,0.9998509494394875,0.9975707869017933,0.986612311155411,0.9783992026018906,0.9927778908268177,0.9925100220848005,0.0340883093113704,0.04232441088995653,0.07229466941203386,0.08945321436742164,0.03706245710363761,1.0,1.0,1.0,1.0,1.0,459.80783817193793
Ecobee_Thermostat,30,4,2871,27.670291499132336,34.419589662509225,0.9999521619766645,0.99983079386868,0.9991547929535575,0.9998590025165867,0.9998586822237474,0.9975960792293658,0.9914971793306502,0.9575272840983686,0.9929146993259594,0.9928986042084134,0.00022878059940517045,0.0011439029970258523,0.0,0.0,0.0011439029970258523,0.7944,0.9989,0.0,0.7853,1.0,829.326519610919
Ecobee_Thermostat,30,5,6263,28.62855196167018,34.5612382869561,0.9999544955387784,0.9998085335163578,0.9998643331045527,0.9998643788606726,0.9998639441775337,0.9977133436572015,0.9903785686611967,0.9931825680679766,0.9931848673704832,0.9931630239966706,0.0,0.0011439029970258523,0.0,0.0,0.0011439029970258523,0.802,0.9984,0.0,0.7637,1.0,968.1511588999555
Ecobee_Thermostat,30,6,8007,27.256375776859077,34.46668967668022,0.9999994738046214,0.9998613818348204,0.9936270647449096,0.9998195149851292,0.9998644246167925,0.9999735580211743,0.9930342630563018,0.9002219631674732,0.9909304012627769,0.9931871666729897,0.0066346373827499425,0.006405856783344772,0.07366735300846489,0.0070921985815602835,0.004575611988103409,1.0,1.0,1.0,1.0,1.0,457.73605305919
Ecobee_Thermostat,30,7,7865,27.289973117979695,34.28957366616986,0.9999998627316403,0.9997847174559598,0.9995245939144362,0.9998098604438344,0.9998094257606955,0.9999931020924803,0.9891817817065193,0.9761102469565857,0.9904452484338876,0.990423405060075,0.09608785175017158,0.03683367650423244,0.10455273392816289,0.07298101121024937,0.032944406314344546,1.0,1.0,1.0,1.0,1.0,391.27612267395375
Ecobee_Thermostat,30,8,267,28.559301579358184,34.49444136079378,0.9999534889041409,0.9998084420041182,0.9998150308853809,0.999861175932281,0.9998145504461222,0.9976627590020567,0.9903739700561834,0.9907050696171316,0.9930239161950222,0.9906809269408126,0.046900022878059944,0.2653854953099977,0.9746053534660261,0.5577671013498056,0.26378403111416154,1.0,1.0,1.0,1.0,1.0,437.9325493006979
Ecobee_Thermostat,30,9,1288,26.874120937064884,34.28957366616986,0.9999539007092199,0.999836536261725,0.9998167467398765,0.9998625486158774,0.999816563715397,0.9976834527246159,0.9917857417952265,0.9907912934611285,0.9930928952702198,0.9907820962511021,0.029512697323266987,0.07961564859299931,0.1455044612216884,0.11713566689544727,0.08075955159002517,1.0,1.0,1.0,1.0,1.0,468.31021641978396
Ecobee_Thermostat,30,10,2924,28.34433306849494,34.49444136079378,0.954785746968657,0.9895488904140929,0.8144351635781286,0.886852367879204,0.9888173415694349,0.753793423764901,0.897486816374253,0.49748743718592964,0.49748743718592964,0.900138107605058,0.18485472431937772,0.3205216197666438,0.15968885838480898,0.1958361930908259,0.3182338137725921,1.0,1.0,0.0,1.0,1.0,424.360409987061
Ecobee_Thermostat,30,11,3488,26.135698307293776,34.1693501439965,0.9999537863189202,0.9998552276366964,0.9985751315488446,0.9998619766643789,0.9998618393960192,0.9976777044683495,0.9927250068691662,0.9283985702937014,0.9930641539888875,0.9930572560813676,0.005033173186913749,0.06291466483642187,0.14298787462823154,0.13177762525737818,0.046900022878059944,1.0,1.0,1.0,1.0,1.0,447.2406063843836
Ecobee_Thermostat,30,12,4524,26.918315190022287,34.031982316154426,0.9999998398535804,0.9998503088538092,0.9999090139556166,0.9999089453214367,0.9997720887668726,0.999991952441227,0.9924778318497084,0.9954278369656565,0.9954243880118966,0.988547174214702,0.012582932967284374,0.22466254861587737,0.03546099290780142,0.31731869137497143,0.19675131548844657,1.0,1.0,1.0,1.0,1.0,425.6435094581597
Ecobee_Thermostat,30,13,6506,27.52649623792348,34.22296367955282,0.9999694806680393,0.9998847174559596,0.9552566689544726,0.9999051246854267,0.9997824067719058,0.9998308518111031,0.9951333767901508,0.635312630413564,0.9997748522985552,0.9929206315264265,0.17410203614733472,0.05101807366735301,0.9773507206588882,0.9588194921070693,0.1997254632807138,1.0,0.9999,1.0,1.0,0.9999,429.06879359286194
Ecobee_Thermostat,30,14,7273,28.221911260400347,34.46681546709401,0.9999999771219401,0.9999021276595744,0.9789625486158775,0.9999999771219401,0.9999086479066576,0.9999988503487467,0.9950817919384154,0.7933900226366333,0.9999988503487467,0.9954094425456038,0.0006863417982155113,0.002059025394646534,0.0,0.0,0.001601464195836193,1.0,1.0,0.0,0.8002,1.0,787.924045534486
Ecobee_Thermostat,100,0,1719,94.52893634550412,104.4712657011214,0.9999545412948982,0.9998136353237246,0.999545412948982,0.9997726607183711,0.9998181194234729,0.997715642959708,0.9906349408906808,0.9771564295970818,0.9885759154960343,0.990860272536326,0.0073209791809654545,0.07343857240905971,0.12468542667581789,0.11599176389842142,0.07298101121024937,1.0,1.0,1.0,1.0,1.0,534.2431472130925
Ecobee_Thermostat,100,1,7919,95.84357839675727,104.4712657011214,0.999955387783116,0.9999099748341341,0.9997798444291924,0.9999558682223748,0.9999118279569892,0.99775818005608,0.9954761223182947,0.9889369059895681,0.9977823227323991,0.9955692440698114,0.03683367650423244,0.10386639212994737,0.14985129261038663,0.1363532372454816,0.10363761153054221,1.0,1.0,1.0,1.0,1.0,464.2596423606813
Ecobee_Thermostat,100,2,2013,95.24375720211427,104.37616101047269,0.9999086021505376,0.9998603294440632,0.9998176161061542,0.9998631892015558,0.9998631205673759,0.9954071432430971,0.9929813790986504,0.9908349802087537,0.993125085505312,0.9931216365515521,0.0070921985815602835,0.06360100663463739,0.13337908945321436,0.11988103408830932,0.06474490963166324,1.0,1.0,1.0,1.0,1.0,563.5083130815931
Ecobee_Thermostat,100,3,2990,92.05149692976242,104.46648240239597,0.9999081445893389,0.9998621825669184,0.9995919011667811,0.9998185312285518,0.9998637840311142,0.9953841502180314,0.9930745008501671,0.9794925209437717,0.9908809662588853,0.9931549764378975,0.0526195378631892,0.028597574925646307,0.0789293067947838,0.06634637382749943,0.028597574925646307,1.0,1.0,1.0,1.0,1.0,480.78090109519064
Ecobee_Thermostat,100,4,2681,96.12424086064904,104.41958966250922,0.9999538778311599,0.9998578586135896,0.9995887897506291,0.9998171585449553,0.9998628002745367,0.9976823030733628,0.9928572167632947,0.9793361683733239,0.9908119871836878,0.993105541434006,0.029512697323266987,0.13978494623655913,0.1578586135895676,0.13612445664607642,0.13589567604667124,1.0,1.0,1.0,1.0,1.0,459.769623729947
Ecobee_Thermostat,100,5,2497,92.84330053053364,104.1693501439965,0.9999560054907344,0.9998662091054679,0.9996064973690232,0.9998687714481812,0.9998687028140014,0.9977892206399188,0.9932768394707465,0.9802259984433722,0.9934056004111153,0.9934021514573553,0.00526195378631892,0.10729810112102493,0.14047128803477466,0.13109128345916266,0.10226492793411118,1.0,1.0,1.0,1.0,1.0,520.4173253534861
Ecobee_Thermostat,100,6,3070,91.90121983987008,104.1693501439965,0.9999543125142988,0.9998623884694579,0.9996382063601007,0.9999094486387554,0.9998642187142531,0.9977041464471752,0.9930848477114467,0.9818194150804354,0.995449680339469,0.9931768198117101,0.03774879890185312,0.048272706474490966,0.0928849233584992,0.08556394417753374,0.04735758407687028,1.0,1.0,1.0,1.0,1.0,468.6039492033882
Ecobee_Thermostat,100,7,3817,93.10411343171616,104.41958966250922,0.9999539007092199,0.9998582475406086,0.9994929078014184,0.9997233813772591,0.9998616792495997,0.9976834527246159,0.9928767608346009,0.9745179799707759,0.9860995666964427,0.9930492085225946,0.026996110729810112,0.07183710821322352,0.1471059254175246,0.13315030885380919,0.07046442461679249,1.0,1.0,1.0,1.0,1.0,477.80432355452757
Ecobee_Thermostat,100,8,7006,93.87751720174964,104.1693501439965,0.9999541066117593,0.9998614047128804,0.9995429192404484,0.9995887211164494,0.9998628002745368,0.9976937995858957,0.9930354127075551,0.9770311176104729,0.979332719419564,0.993105541434006,0.004804392587508579,0.06909174102036147,0.17067032715625716,0.10706932052161977,0.06794783802333562,1.0,1.0,1.0,1.0,1.0,551.5694382837318
Ecobee_Thermostat,100,9,3954,95.8412231842293,104.41958966250922,0.9999540608556394,0.999860787005262,0.9984488675360329,0.9995893388240678,0.9998630061770762,0.997691500283389,0.9930043721237163,0.9220536450267812,0.979363760003403,0.9931158882952856,0.019217570350034317,0.07160832761381834,0.09357126515671471,0.07435369480668039,0.0688629604209563,1.0,1.0,1.0,1.0,1.0,444.04722420860077
Ecobee_Thermostat,100,10,3971,95.12937850474344,104.42095642707986,0.9999541066117593,0.9998596888583848,0.9992703729123771,0.9996806909174102,0.9998630519331961,0.9976937995858957,0.9929491888635582,0.9633353222300015,0.9839543174577992,0.9931181875977921,0.033173186913749715,0.07000686341798215,0.13429421185083504,0.08625028597574926,0.05948295584534431,1.0,1.0,1.0,1.0,1.0,422.6498594989027
Ecobee_Thermostat,100,11,5089,94.56325117297317,104.41958966250922,0.9999074811256005,0.9998561198810341,0.9994009380004576,0.9998156257149394,0.9998616106154199,0.9953508103316859,0.9927698432680445,0.9698963819325408,0.9907349605497172,0.9930457595688348,0.01555708075955159,0.13498055364905057,0.1727293525509037,0.15259665980324869,0.1322351864561885,1.0,1.0,1.0,1.0,1.0,514.2067789826572
Ecobee_Thermostat,100,12,1200,95.02424264083017,104.46648240239597,0.999954221002059,0.9998595058339053,0.9995451155342028,0.9997725005719516,0.9998634179821551,0.9976995478421621,0.992939991653532,0.9771414841307888,0.9885678679372611,0.9931365820178448,0.023106840539922215,0.04163806909174102,0.09242736215968886,0.08167467398764584,0.040265385495309995,1.0,1.0,1.0,1.0,1.0,475.41269236547737
Ecobee_Thermostat,100,13,4732,97.68702073877336,104.48898331821185,0.9999089681994967,0.9998563944177534,0.9998640814458934,0.9998641500800732,0.9998640585678334,0.99542553766315,0.9927836390830842,0.9931699219041903,0.9931733708579502,0.993168772252937,0.033630748112560054,0.071150766415008,0.12445664607641271,0.11622054449782658,0.06794783802333562,1.0,1.0,1.0,1.0,1.0,490.1387898508164
Ecobee_Thermostat,100,14,8404,96.11531876777002,104.4712657011214,0.9999546556851978,0.999862708762297,0.9995502173415695,0.9996401281171357,0.9998649508121711,0.9977213912159747,0.9931009428289927,0.9773978563602732,0.9819159857857118,0.9932136086518155,0.028826355525051476,0.06863417982155114,0.15076641500800733,0.13452299245024021,0.06337222603523221,1.0,1.0,1.0,1.0,1.0,449.01876657299357
Ecobee_Thermostat,300,0,3443,267.67529113293546,303.7928733076478,0.9999536719286204,0.9998143445435828,0.9996763440860216,0.9996301075268816,0.9997687943262411,0.997671956212083,0.9906705800795328,0.9837358837196737,0.98141243853677,0.9883816244342278,0.04804392587508579,0.11256005490734386,0.1269732326698696,0.12605811027224892,0.11118737131091283,1.0,1.0,1.0,1.0,1.0,458.9720311869394
Ecobee_Thermostat,300,1,6298,179.94677047817032,191.61485005370957,0.9999543125142988,0.983427339281629,0.9819349347975292,0.9825235186456189,0.9829307709906201,0.9977041464471752,0.9004967643065476,0.9005493148653356,0.9005493148653356,0.9005378183528026,0.0,0.0,0.0,0.0,0.0,0.7924,0.4374,0.7213,0.721,0.6394,1061.3037593705742
Ecobee_Thermostat,300,2,4755,288.76592108936535,304.4712657011214,0.9999106840539923,0.9998606268588424,0.9996884923358499,0.9999553649050561,0.9998664150080073,0.9955117615071468,0.9929963245649432,0.9843463485351719,0.9977570304048267,0.9932871863320263,0.050331731869137496,0.12262640128117136,0.13017616106154198,0.12445664607641271,0.12285518188057652,1.0,1.0,1.0,1.0,1.0,514.143973265932
Ecobee_Thermostat,300,3,6906,280.3871619763761,303.9667946383383,0.999954587051018,0.9998632807137955,0.9994127659574468,0.9995483870967742,0.99981926332647,0.9977179422622148,0.9931296841103251,0.9704907516304929,0.9773058842600097,0.9909177550989907,0.012811713566689545,0.08350491878288721,0.08236101578586136,0.08373369938229239,0.07870052619537864,1.0,1.0,1.0,1.0,1.0,529.6852978332715
Ecobee_Thermostat,300,4,4562,291.55520693715044,304.46648240239597,0.9999086936627773,0.99981537405628,0.9996348432852894,0.9996348432852894,0.9997717684740335,0.9954117418481103,0.990722314385931,0.9816504163462014,0.9816504163462014,0.9885310790971558,0.03957904369709449,0.17982155113246398,0.17707618393960192,0.17707618393960192,0.16884008236101578,1.0,1.0,1.0,1.0,1.0,506.83374848216096
Ecobee_Thermostat,300,5,3278,277.82878816132353,304.2895736661699,0.9999536490505605,0.9998602836879433,0.9996309768931595,0.9996309768931595,0.9998154655685197,0.9976708065608297,0.9929790797961437,0.981456125284395,0.981456125284395,0.9907269129909442,0.07137954701441318,0.09791809654541295,0.12903225806451613,0.12331274307938687,0.09951956074124914,1.0,1.0,1.0,1.0,1.0,424.4522446938576
Ecobee_Thermostat,300,6,2371,280.3282673679397,304.0319823161544,0.9999541752459391,0.9997715168153741,0.9990889956531686,0.9993167467398765,0.9996811256005491,0.9976972485396556,0.9885184329333696,0.9542208870939001,0.965665665320425,0.9839761608316118,0.04095172729352551,0.09997712194005948,0.13040494166094715,0.13269274765499886,0.10409517272935255,1.0,1.0,1.0,1.0,1.0,473.53253941716565
Ecobee_Thermostat,300,7,7200,276.5606466401759,303.9667946383383,0.9999548158316175,0.9998191489361702,0.9993263555250514,0.9995510867078472,0.9997754747197438,0.9977294387747477,0.9909120068427243,0.9661485188468077,0.9774415431078982,0.9887173226001893,0.021734156943491192,0.030427819720887667,0.0867078471745596,0.08258979638526653,0.030427819720887667,1.0,1.0,1.0,1.0,1.0,493.19768511693997
Ecobee_Thermostat,300,8,4410,289.2811374424301,303.9917005329839,0.9999523450011438,0.999808075955159,0.9992423701670099,0.999573804621368,0.9997631892015557,0.9976052764393921,0.9903555756361309,0.9619281490959717,0.9785831468024175,0.9880999598771713,0.03385952871196522,0.06611759322809425,0.06222832303820636,0.06177076183939602,0.06520247083047358,1.0,1.0,1.0,1.0,1.0,463.79350005284135
Ecobee_Thermostat,300,9,7150,280.2349387757121,304.0319823161544,0.9999541523678792,0.9998152367879204,0.9993579501258294,0.9996331731869137,0.999770807595516,0.9976960988884023,0.9907154164784113,0.9677361872276045,0.9815664918047111,0.9884827937445176,0.022420498741706704,0.09334248455730954,0.10569663692518874,0.10386639212994737,0.09265614275909403,1.0,1.0,1.0,1.0,1.0,487.6826028477829
Ecobee_Thermostat,300,10,4977,288.22213104729934,304.1693501439965,0.9999107298101121,0.9996413864104324,0.9984444978265843,0.9991555021734156,0.9995999084877603,0.9955140608096533,0.9819792166046429,0.9218366943387724,0.9575629232872208,0.9798948988824241,0.043010752688172046,0.21413864104323954,0.23106840539922216,0.26058110272248913,0.213452299245024,1.0,1.0,1.0,1.0,1.0,518.0988998408625
Ecobee_Thermostat,300,11,6075,271.09910343957034,303.9917005329839,0.999953443148021,0.999813818348204,0.9993057652711049,0.999583459162663,0.9998148021047815,0.9976604596995502,0.9906441381007072,0.9651138327188448,0.9790682996313068,0.9906935731045987,0.024021962937542895,0.09219858156028368,0.12079615648592999,0.11805078929306795,0.09425760695493023,1.0,1.0,1.0,1.0,1.0,495.22332531374116
Ecobee_Thermostat,300,12,2980,275.37222889390813,303.9895305733891,0.999908830931137,0.9997722260352322,0.999454221002059,0.9995906657515442,0.9997270418668497,0.9954186397556302,0.9885540721222217,0.9725739197014586,0.9794304397760938,0.9862835108969694,0.04964539007092199,0.07961564859299931,0.09402882635552505,0.09471516815374056,0.08258979638526653,1.0,1.0,1.0,1.0,1.0,488.57492336190586
Ecobee_Thermostat,300,13,211,288.39085133796465,304.46668967668023,0.9999531457332418,0.9998590025165865,0.9996267673301305,0.9999066346373827,0.9998599633951042,0.9976455142332574,0.9929146993259595,0.9812445894537891,0.995308273235314,0.9929629846785977,0.029512697323266987,0.06932052161976665,0.024708304735758406,0.04941660947151681,0.06840539922214596,1.0,1.0,1.0,1.0,1.0,465.32582826283715
Ecobee_Thermostat,300,14,1685,287.1745225621344,304.46648240239597,0.9999085792724777,0.9998161747883779,0.9991337451384122,0.9994528940745825,0.9998174559597347,0.9954059935918439,0.9907625521797963,0.9564696049453398,0.9725072399287675,0.9908269326499806,0.04438343628460307,0.10020590253946465,0.11027224891329215,0.10501029512697323,0.10409517272935255,1.0,1.0,1.0,1.0,1.0,488.41391013656994
Ecobee_Thermostat,1000,0,3057,909.8301363265662,1003.9895305733891,0.9999547014413178,0.9995940974605354,0.999504209563029,0.9995942804850149,0.9995943491191946,0.9977236905184812,0.9796028874640876,0.9750859076899023,0.9796120846741141,0.979615533627874,0.05101807366735301,0.023564401738732556,0.038435140700068635,0.037977579501258296,0.022878059940517045,1.0,1.0,1.0,1.0,1.0,487.840224140647
Ecobee_Thermostat,1000,1,1967,948.3500791483509,1004.2895736661699,0.9999542667581789,0.9994997940974606,0.9988182795698924,0.9990001372683596,0.9994545412948982,0.9977018471446686,0.9748640249980169,0.9406170638136921,0.9497556416261128,0.9725900148190046,0.05742393045069778,0.10981468771448182,0.12582932967284374,0.12514298787462824,0.11187371310912834,1.0,1.0,1.0,1.0,1.0,480.2104618231171
Ecobee_Thermostat,1000,2,57,867.940514547766,1003.4887880123864,0.9999533058796615,0.9997679707160833,0.9998145046900023,0.9998145275680623,0.9997681766186228,0.9976535617920304,0.9883402369891094,0.9906786276383059,0.9906797772895592,0.988350583850389,0.0013726835964310226,0.0009151223976206818,0.0,0.0,0.0009151223976206818,0.9999,0.7977,0.7898,0.7956,0.7977,812.3154934510774
Ecobee_Thermostat,1000,3,953,942.3783466773885,1004.0319928496381,0.9999532601235415,0.9994409059711736,0.9988358956760467,0.9991152367879204,0.9993945092656142,0.9976512624895238,0.9719048226720424,0.9415022952787272,0.9555395370814264,0.9695733299303656,0.04232441088995653,0.09563029055136124,0.1130176161061542,0.11233127430793868,0.09380004575611989,1.0,1.0,1.0,1.0,1.0,496.19252872317975
Ecobee_Thermostat,1000,4,940,944.2121751590339,1004.0319928496381,0.9999538320750401,0.9994498970487303,0.9989000686341798,0.9991291924044841,0.9994040722946693,0.9976800037708561,0.9723566356145863,0.9447270670442122,0.9562408243459346,0.9700538841542419,0.04621368107984443,0.09082589796385267,0.10844200411805079,0.1068405399222146,0.09013955616563715,1.0,1.0,1.0,1.0,1.0,485.9125100118653
Ecobee_Thermostat,1000,5,2579,936.1493527293487,1004.2895736661699,0.999952711050103,0.9994823610157859,0.9993415923129718,0.9994355753832075,0.9994355982612675,0.9976236708594448,0.9739879907430081,0.9669141865815005,0.9716369539300254,0.9716381035812787,0.05605124685426676,0.11256005490734386,0.12491420727522307,0.12399908487760238,0.11324639670555937,1.0,1.0,1.0,1.0,1.0,496.9882331349512
Ecobee_Thermostat,1000,6,3357,912.3199410464055,1003.9154532579053,0.9999549302219172,0.9995951727293525,0.9995951269732327,0.9995953099977122,0.9995955159002516,0.9977351870310142,0.9796569210729924,0.9796546217704858,0.9796638189805122,0.9796741658417919,0.0526195378631892,0.02493708533516358,0.03935026309768932,0.03912148249828414,0.023564401738732556,1.0,1.0,1.0,1.0,1.0,489.756288455126
Ecobee_Thermostat,1000,7,6624,908.128159749576,1003.8737364875417,0.9999534889041409,0.9996761153054221,0.9994452756806222,0.999491489361702,0.9994451841683826,0.9976627590020567,0.9837243872071408,0.9721244060614214,0.9744467015930718,0.9721198074564081,0.0070921985815602835,0.012811713566689545,0.004575611988103409,0.004575611988103409,0.010752688172043012,1.0,1.0,1.0,1.0,1.0,535.4675200392934
Ecobee_Thermostat,1000,8,2351,935.9420318590269,1004.0319823161544,0.9999534202699611,0.9994430793868679,0.998933081674674,0.99921148478609,0.999396911461908,0.9976593100482969,0.9720140395411052,0.946386013802713,0.960376119904027,0.9696940433119613,0.04209563029055136,0.09265614275909403,0.09631663234957676,0.09631663234957676,0.09242736215968886,1.0,1.0,1.0,1.0,1.0,528.1407243184483
Ecobee_Thermostat,1000,9,1567,946.8845214720844,1004.1693501439966,0.9999539235872799,0.9994509036833676,0.9988108670784718,0.9989480668039351,0.9994053305879661,0.9976846023758693,0.9724072202697311,0.9402445768076255,0.9471390353736194,0.9701171149731729,0.05833905284831846,0.10478151452756806,0.1191946922900938,0.11805078929306795,0.10569663692518874,1.0,1.0,1.0,1.0,1.0,475.8788790898789
Ecobee_Thermostat,1000,10,5106,952.7917095472467,1004.0319823161544,0.9999535117822009,0.9994458476321207,0.9983378174330817,0.9985686570578814,0.9993997025852208,0.9976639086533099,0.9721531473427536,0.9164732378433003,0.9280732189890197,0.969834300764863,0.043239533287577216,0.11965225348890414,0.12079615648592999,0.11988103408830932,0.11827956989247312,1.0,1.0,1.0,1.0,1.0,468.8744089365543
Ecobee_Thermostat,1000,11,3021,909.2131172390734,1003.9154532579053,0.9999544497826584,0.9995918325326013,0.9995918096545413,0.9995919698009609,0.9995921985815603,0.997711044354695,0.9794890719900118,0.9794879223387585,0.9794959698975316,0.9795074664100645,0.05147563486616335,0.023564401738732556,0.038206360100663465,0.037977579501258296,0.022878059940517045,1.0,1.0,1.0,1.0,1.0,484.507914026681
Ecobee_Thermostat,1000,12,5744,703.9676604878199,797.4150481502305,0.999953443148021,0.9917480439258751,0.9912466483642188,0.9912921985815604,0.9916113703957903,0.99766045969955,0.8998434979748893,0.8998457972773959,0.8998457972773959,0.8998457972773959,0.0,0.0,0.0,0.0,0.0,0.7889,0.4921,0.5431,0.6097,0.6775,1831.1990528486922
Ecobee_Thermostat,1000,13,641,935.3976858228876,1004.0319928496381,0.9999546556851978,0.9995054221002059,0.9991463967055595,0.9992812857469686,0.9994159002516587,0.9977213912159747,0.9751468392063267,0.9571053620884105,0.963883705877822,0.970648253852194,0.04621368107984443,0.08396247998169755,0.09242736215968886,0.09311370395790437,0.08464882177991306,1.0,1.0,1.0,1.0,1.0,472.842011090369
Ecobee_Thermostat,1000,14,7101,925.3321915269512,1003.6049433211863,0.9999549530999771,0.9995086021505377,0.9993744909631663,0.9994193090825898,0.9994194921070692,0.9977363366822675,0.9753066407305344,0.9685673850837349,0.9708195518889344,0.9708287490989609,0.050560512468542665,0.07435369480668039,0.09196980096087852,0.09151223976206818,0.07481125600549074,1.0,1.0,1.0,1.0,1.0,477.44143953640076
Ennio_Doorbell,30,0,15089,19.4268083902053,26.8386261981001,0.99741438,0.9993418900000001,0.99713593,0.9987953100000001,0.99909437,0.8700693467336683,0.9669291457286433,0.8564402010050252,0.9394628140703518,0.9544909547738694,0.0086,0.027,0.0,0.0003,0.0071,1.0,1.0,0.0,0.5968,1.0,410.5055241103285
Ennio_Doorbell,30,1,20538,19.71317479411193,25.9874805575027,0.99748167,0.99928568,0.9980741999999999,0.99901854,0.99911974,0.8734507537688442,0.9641045226130653,0.9035346733668341,0.9506804020100501,0.9557658291457286,0.0084,0.0189,0.0,0.0,0.0033,1.0,1.0,0.0,0.5619,0.9966,418.23656016981727
Ennio_Doorbell,30,2,10224,25.34658297223,34.009137179911605,0.99995871,0.99902516,0.9010837500000001,0.9988728200000001,0.9987074,0.9979251256281407,0.9510130653266332,0.4979110552763819,0.9433577889447236,0.9350452261306532,0.0087,0.0195,0.0001,0.0028,0.0129,1.0,1.0,0.0,0.9999,1.0,396.80893805423693
Ennio_Doorbell,30,3,17243,19.315228194287723,27.618702213823422,0.9976805000000001,0.9994418300000001,0.9975589699999999,0.9991667,0.99943705,0.8834422110552764,0.971951256281407,0.8969251256281408,0.9581256281407036,0.9717110552763819,0.0094,0.074,0.0,0.0095,0.0619,1.0,1.0,0.0,1.0,1.0,323.6186168762695
Ennio_Doorbell,30,4,3648,28.089974936782124,34.04497620946623,0.99959444,0.99918399,0.70798917,0.99761519,0.99918619,0.9796201005025125,0.958994472361809,0.49748743718592964,0.8801603015075377,0.9591050251256281,0.0789,0.1572,0.2956,0.152,0.1614,1.0,1.0,0.5187,1.0,1.0,385.1790595878297
Ennio_Doorbell,30,5,2876,23.84420748105339,33.91404337528844,0.99999699,0.99996907,0.96694703,0.99999289,0.99997367,0.999848743718593,0.998445728643216,0.5835527638190955,0.9999010050251256,0.9986768844221106,0.0692,0.1469,0.0,0.0722,0.1212,1.0,1.0,0.0,1.0,1.0,353.1593134284411
Ennio_Doorbell,30,6,142,24.082717757136958,33.85850800210056,0.99995679,0.99950475,0.74663054,0.99947288,0.99950475,0.9978286432160803,0.9751130653266332,0.4979899497487437,0.9735115577889447,0.9751130653266332,0.0055,0.0929,0.0,0.0718,0.1342,1.0,1.0,0.001,1.0,1.0,451.5024553026795
Ennio_Doorbell,30,7,12152,24.271026109086037,34.00590728173792,0.5003208299999999,0.99966196,0.13977475,0.7934511400000002,0.94302331,0.5546125628140703,0.9830211055276381,0.49803718592964824,0.5055095477386935,0.600454271356784,1.0,0.797,0.7757,0.3009,0.0077,0.9996,1.0,0.0304,0.8431,0.469,381.1528338932285
Ennio_Doorbell,30,8,15272,20.044842839192658,26.786059637606066,0.99729243,0.99924766,0.99761917,0.99873512,0.9992450199999999,0.8639412060301508,0.9621939698492463,0.8807020100502513,0.9364381909547739,0.9620613065326633,0.0087,0.0249,0.0,0.0003,0.0083,1.0,1.0,0.0,0.5865,1.0,406.1248863682741
Ennio_Doorbell,30,9,20001,19.30911596352711,23.58377602911318,0.99753223,0.99931289,0.99785055,0.99918283,0.99931059,0.8759914572864322,0.9654718592964824,0.8923809045226132,0.9589361809045226,0.9653562814070352,0.0086,0.0218,0.0,0.0001,0.0042,1.0,1.0,0.0,0.5844,0.9982,409.41701999026066
Ennio_Doorbell,30,10,2648,26.20561926101428,34.00590728173792,0.99999865,0.9991933999999999,0.7088917299999999,0.99773218,0.9993567,0.9999321608040201,0.9594673366834171,0.49779095477386937,0.8860402010050251,0.9676733668341708,0.0093,0.0191,0.2222,0.0066,0.0144,1.0,1.0,0.1263,0.9999,1.0,421.9813129441883
Ennio_Doorbell,30,11,5196,27.60897743560378,34.044961811450435,0.99983504,0.99918836,0.7069515200000002,0.99739673,0.99919307,0.991710552763819,0.9592140703517588,0.49790452261306534,0.8691824120603016,0.9594507537688443,0.079,0.0863,0.2193,0.1502,0.1527,1.0,1.0,0.0063,1.0,1.0,350.650155661721
Ennio_Doorbell,30,12,12760,18.416231168402696,23.37705964165317,0.9976627,0.9992808900000001,0.97949811,0.99995753,0.99996013,0.8825477386934673,0.9638638190954774,0.498021608040201,0.9978658291457285,0.9979964824120604,0.0076,0.0201,0.0,0.0,0.0029,1.0,1.0,0.0,0.5456,0.9876,401.92162531908946
Ennio_Doorbell,30,13,23953,24.117572852749316,33.629431572199124,0.9963355099999999,0.99924069,0.9502661,0.9964578199999999,0.9989431799999999,0.8158909547738693,0.9618437185929649,0.7011532663316583,0.8220015075376885,0.9469577889447236,0.0849,0.1058,0.0,0.0835,0.0156,1.0,1.0,0.0,1.0,1.0,284.33239977090517
Ennio_Doorbell,30,14,17610,20.150269117873407,26.085457132431586,0.99755503,0.9993543100000001,0.99105251,0.9995421600000001,0.99935472,0.8771371859296483,0.9675532663316584,0.725572864321608,0.9769929648241207,0.9675738693467337,0.0083,0.0176,0.0,0.0007,0.0083,1.0,1.0,0.0,0.5996,1.0,409.6438648729818
Ennio_Doorbell,100,0,2882,77.2370363483985,103.19941282093724,0.9999989600000001,0.9991118,0.99243958,0.9981239999999999,0.9990009400000001,0.9999477386934674,0.9553668341708543,0.7769613065326633,0.9057286432160804,0.9497959798994975,0.0031,0.0371,0.0,0.0068,0.0356,0.9999,1.0,0.0,0.9999,1.0,659.1888624066465
Ennio_Doorbell,100,1,18921,59.72252517586476,63.435372306644695,0.97821284,0.92256068,0.8786421400000001,0.8808756,0.92356717,0.7806879396984925,0.7983100502512563,0.6869251256281407,0.775248743718593,0.7986356783919599,0.0001,0.0,0.0,0.0001,0.0,0.4027,0.4011,0.0,0.4011,0.401,1374.9591118310343
Ennio_Doorbell,100,2,9224,80.82230831318138,103.51270307972143,0.99999943,0.9989562000000001,0.99326176,0.9980423700000001,0.99896157,0.9999713567839196,0.9475477386934674,0.7802442211055276,0.9016266331658291,0.9478175879396985,0.0131,0.0566,0.0,0.0198,0.0542,1.0,1.0,0.0,1.0,1.0,436.76681125868276
Ennio_Doorbell,100,3,17766,65.0020813256036,65.3116051607849,0.99726331,0.99929003,0.9975672800000001,0.99900383,0.9992878799999999,0.8624778894472362,0.9643231155778894,0.8777743718592965,0.9499412060301509,0.9642150753768844,0.0332,0.2173,0.2083,0.2589,0.2265,1.0,1.0,1.0,1.0,1.0,275.36396291701703
Ennio_Doorbell,100,4,24437,69.1885048902872,83.88464335396719,0.99771664,0.99928647,0.99668782,0.9992104199999999,0.99917833,0.8852582914572864,0.9641442211055278,0.834062311557789,0.9603226130653266,0.9587100502512562,0.0058,0.0571,0.1001,0.0783,0.0504,0.9998,1.0,1.0,1.0,1.0,635.458064807371
Ennio_Doorbell,100,5,7859,80.83742892124076,103.5022680993574,0.99995902,0.99934649,0.99293042,0.99872392,0.9991489,0.997940703517588,0.9671603015075377,0.7357477386934674,0.9358753768844221,0.9572311557788946,0.0226,0.0748,0.1357,0.1084,0.0708,1.0,1.0,1.0,1.0,1.0,361.57066483371324
Ennio_Doorbell,100,6,1593,76.0517866217815,103.33488943364402,0.99999905,0.99934474,0.99791832,0.99943309,0.99934783,0.9999522613065327,0.9670723618090453,0.8957467336683417,0.9715120603015075,0.9672276381909548,0.0044,0.0269,0.0,0.005,0.0223,1.0,1.0,0.0,1.0,1.0,600.8798455605773
Ennio_Doorbell,100,7,6254,81.55596888844396,103.54057150739155,0.9999988799999999,0.9981756,0.96991852,0.99501597,0.99817564,0.9999437185929648,0.908321608040201,0.756381407035176,0.780340703517588,0.9083236180904524,0.02,0.0556,0.0,0.049,0.0543,1.0,1.0,0.0,1.0,1.0,385.1756079822012
Ennio_Doorbell,100,8,10334,77.27092572155273,100.85567270784122,0.99999925,0.9992617100000001,0.99712957,0.99931627,0.99926537,0.9999623115577889,0.9629,0.8561849246231157,0.9656417085427136,0.9630839195979899,0.0101,0.0362,0.0,0.0073,0.0343,1.0,1.0,0.0,1.0,1.0,494.9916869194572
Ennio_Doorbell,100,9,5480,82.85013980434378,103.51270307972143,0.9999988399999999,0.99910808,0.99441892,0.99828027,0.9990363,0.9999417085427136,0.9551798994974875,0.7825899497487437,0.9135814070351758,0.951572864321608,0.0096,0.0376,0.0,0.0122,0.0283,1.0,1.0,0.0,1.0,1.0,496.21260620900387
Ennio_Doorbell,100,10,24280,62.82395859634885,60.504786472649975,0.9974198000000001,0.99930917,0.9971291999999999,0.9989851799999999,0.99915051,0.8703417085427135,0.9652849246231157,0.8559788944723619,0.9490040201005026,0.9573120603015075,0.084,0.2797,0.3068,0.3013,0.2641,1.0,1.0,1.0,1.0,1.0,295.189741284142
Ennio_Doorbell,100,11,8558,79.15916684160419,103.65388494370399,0.9999984900000001,0.9729818100000001,0.9569495900000001,0.97473867,0.9753479700000001,0.9999241206030152,0.7988537688442211,0.7624477386934674,0.7780618090452261,0.7987155778894472,0.0056,0.0413,0.0,0.0008,0.033,0.9999,0.6047,0.0,0.5331,0.6047,515.2258101889438
Ennio_Doorbell,100,12,2996,82.61190134832508,103.81506254085531,0.99995965,0.99915659,0.9916201699999999,0.99866365,0.99900082,0.9979723618090452,0.9576175879396984,0.7387115577889447,0.9328467336683417,0.9497899497487436,0.0381,0.033,0.0,0.0207,0.0314,1.0,1.0,0.0,1.0,1.0,366.7893387590389
Ennio_Doorbell,100,13,4209,78.69316630356442,103.40942324154507,0.9999988599999999,0.9993491299999999,0.99359372,0.99951924,0.9993574000000001,0.9999427135678391,0.9672929648241206,0.786643216080402,0.9758412060301509,0.9677085427135679,0.0086,0.0411,0.0,0.0051,0.0409,1.0,1.0,0.0,0.9997,1.0,490.6225909981137
Ennio_Doorbell,100,14,1651,77.70993891366709,103.20433396722972,0.9999992999999999,0.99930487,0.99716939,0.99915336,0.9993113299999999,0.999964824120603,0.9650688442211055,0.857911055276382,0.9574552763819095,0.9653934673366834,0.0189,0.0589,0.0,0.0465,0.0545,1.0,1.0,0.0,1.0,1.0,393.9641293797511
Ennio_Doorbell,300,0,11720,175.47348087973856,140.5353275060266,0.99743723,0.99943443,0.99725282,0.99955054,0.99995373,0.8712175879396985,0.9715793969849247,0.8819070351758793,0.9774140703517589,0.9976748743718593,0.1202,0.0989,0.228,0.2275,0.136,1.0,1.0,1.0,1.0,1.0,303.3813211986198
Ennio_Doorbell,300,1,11037,193.82870360449215,171.3888726294051,0.99749778,0.996972,0.98323852,0.9937925200000001,0.9965372,0.8742603015075376,0.8478412060301508,0.7180256281407036,0.7590346733668342,0.8259969849246231,0.0509,0.2611,0.3026,0.3038,0.2791,1.0,1.0,1.0,1.0,1.0,335.7020109481665
Ennio_Doorbell,300,2,2183,241.76166182688712,303.1399292974418,0.99999949,0.99922501,0.9979718,0.99773587,0.99919037,0.9999743718592964,0.9610557788944724,0.8986366834170855,0.8862246231155779,0.9593150753768844,0.0467,0.1053,0.1563,0.1333,0.1052,1.0,1.0,1.0,1.0,1.0,422.65506305371036
Ennio_Doorbell,300,3,9926,237.51295624774266,303.19941282093725,0.99999934,0.99939143,0.99891307,0.99903495,0.99939488,0.9999668341708543,0.969418592964824,0.9455527638190955,0.9515050251256283,0.969591959798995,0.0252,0.0633,0.0,0.0484,0.0635,1.0,1.0,0.0,1.0,1.0,538.6943289113298
Ennio_Doorbell,300,4,6267,243.0904238905056,303.4094232415451,0.99999881,0.9984238,0.9762038000000001,0.98320428,0.99818207,0.9999402010050251,0.9207939698492462,0.7513060301507537,0.7603437185929649,0.9086467336683417,0.0736,0.0731,0.1137,0.1101,0.0775,1.0,1.0,1.0,1.0,1.0,388.5014998892137
Ennio_Doorbell,300,5,5300,241.70154498516374,303.38322220830065,0.99999892,0.99811487,0.97449174,0.98277587,0.99799299,0.9999457286432161,0.9052698492462312,0.7558864321608041,0.7625949748743719,0.8991452261306533,0.0303,0.0641,0.0,0.0832,0.0647,1.0,1.0,0.0007,1.0,1.0,470.4152194593165
Ennio_Doorbell,300,6,7671,244.34788211183715,303.3797461835537,0.99999916,0.99921991,0.99725288,0.99723845,0.99922495,0.9999577889447235,0.9607994974874372,0.8627417085427136,0.8612613065326633,0.9610527638190955,0.1204,0.0907,0.0,0.1098,0.0927,1.0,1.0,0.0,1.0,1.0,356.6631889988494
Ennio_Doorbell,300,7,23032,184.7323734880889,138.72950265316507,0.9973221800000001,0.99791832,0.98258855,0.99276073,0.99646828,0.8654361809045227,0.8953939698492464,0.7177839195979899,0.7611266331658291,0.8225311557788945,0.0464,0.2304,0.2724,0.2418,0.2202,1.0,1.0,1.0,1.0,1.0,339.5694345553598
Ennio_Doorbell,300,8,12919,134.7006226261981,123.06403525082533,0.9949159,0.93842165,0.95277765,0.95463159,0.9526872999999999,0.7446341708542714,0.7425356783919598,0.6920728643216081,0.6966879396984924,0.7295386934673367,0.0,0.0,0.0,0.0,0.0,0.0007,0.0,0.0,0.0,0.0,2251.5427286662443
Ennio_Doorbell,300,9,7591,240.1226469097279,303.377907929698,0.99999886,0.9993565600000001,0.99906043,0.99899951,0.99936083,0.9999427135678391,0.9676663316582914,0.9528939698492462,0.9497241206030151,0.9678809045226131,0.044,0.1116,0.2831,0.2019,0.1094,1.0,1.0,1.0,1.0,1.0,424.26781334226513
Ennio_Doorbell,300,10,22137,189.87969979727575,151.28397690938007,0.99773109,0.99752712,0.9820950800000001,0.9924643,0.99673432,0.8859844221105527,0.8757346733668342,0.7132748743718593,0.7622100502512563,0.8358954773869347,0.0562,0.1054,0.173,0.1514,0.1052,1.0,1.0,1.0,1.0,1.0,313.6979295876799
Ennio_Doorbell,300,11,12326,173.1883236287358,140.56309884465705,0.99678507,0.97379888,0.97835884,0.99353837,0.9967985800000001,0.8389834170854271,0.7989417085427135,0.8247673366834172,0.912619095477387,0.8508150753768844,0.0762,0.0,0.002,0.0019,0.0,1.0,0.4333,0.4005,0.8947,0.3982,415.2175575280209
Ennio_Doorbell,300,12,10739,202.71775163102183,204.64119511895203,0.9995688100000001,0.9938551,0.9732658399999999,0.97825276,0.99290105,0.9783321608040201,0.7635974874371859,0.7150145728643217,0.7610010050251257,0.7638175879396985,0.0003,0.0301,0.0354,0.0216,0.008,0.602,1.0,0.5305,0.5305,0.5314,1354.583811110386
Ennio_Doorbell,300,13,22236,186.63677806296164,144.9781093529128,0.99730431,0.99836133,0.9892280700000001,0.9970510199999999,0.99784416,0.8645381909547738,0.9176547738693468,0.7165391959798995,0.8528,0.8916663316582913,0.0533,0.0875,0.1301,0.1141,0.0836,1.0,1.0,1.0,1.0,1.0,328.5431800747562
Ennio_Doorbell,300,14,25151,108.11186828323702,95.56680746432673,0.9894657600000001,0.95431054,0.9316725699999999,0.93501158,0.9539172,0.587821608040201,0.7368723618090453,0.5255211055276382,0.5489422110552764,0.7024834170854272,0.0001,0.0,0.0,0.0,0.0,0.0013,0.0,0.0,0.0,0.0,1806.5514490325033
Ennio_Doorbell,1000,0,24234,425.6706011668825,413.27333987008,0.99561577,0.98897918,0.9907924,0.9905995500000001,0.99034879,0.7799924623115577,0.7556170854271357,0.7350577889447236,0.7374663316582915,0.7447884422110553,0.0,0.0,0.0002,0.0002,0.0,0.001,0.0,0.0003,0.0003,0.0009,3203.4984028880717
Ennio_Doorbell,1000,1,5948,799.4713367182242,1003.2043339672297,0.99999831,0.9954609099999999,0.97684606,0.9802953400000001,0.99177344,0.9999150753768844,0.7922849246231156,0.7109130653266331,0.7557633165829145,0.7916668341708543,0.1372,0.1233,0.1272,0.1275,0.1255,1.0,1.0,1.0,1.0,1.0,385.4569998759391
Ennio_Doorbell,1000,2,14602,642.2129852894423,573.1411235848929,0.99719284,0.96196386,0.9640751699999999,0.96585579,0.9681512600000001,0.8589366834170853,0.7626909547738694,0.7171944723618091,0.7528984924623116,0.7625723618090452,0.0893,0.1755,0.1946,0.1895,0.1721,1.0,1.0,1.0,0.9999,1.0,337.331129045627
Ennio_Doorbell,1000,3,22481,628.745821563321,454.507851436411,0.99758251,0.97047949,0.9709883399999999,0.9730646999999999,0.9729758300000001,0.8785180904522614,0.7630984924623117,0.7093482412060301,0.7525276381909548,0.7629572864321608,0.0903,0.231,0.2489,0.2462,0.2364,1.0,1.0,1.0,1.0,1.0,342.709119947964
Ennio_Doorbell,1000,4,24778,403.17979260662304,365.1027190949176,0.99559006,0.95430047,0.9483893,0.9489753,0.9557101299999999,0.7878040201005025,0.7194180904522613,0.6342562814070352,0.6409241206030151,0.7124658291457286,0.0,0.0,0.0003,0.0001,0.0,0.0009,0.0,0.0,0.0,0.0,2966.325941898283
Ennio_Doorbell,1000,5,10894,595.913844044477,459.52406297906214,0.9965545800000001,0.96720303,0.9680093,0.96807187,0.9733488699999999,0.8268819095477387,0.7738160804020101,0.701356783919598,0.7382738693467337,0.7709522613065326,0.0065,0.0001,0.0023,0.0021,0.0,0.5988,0.4631,0.4001,0.461,0.4596,866.3468463049318
Ennio_Doorbell,1000,6,23612,606.5330821336843,572.2255627192956,0.99910838,0.99641321,0.99570102,0.99618062,0.9970603100000001,0.9551949748743719,0.8198452261306532,0.7841723618090453,0.8082085427135679,0.8523492462311557,0.0103,0.0036,0.001,0.0006,0.0017,1.0,0.5241,0.5224,0.5222,0.5237,577.672587881884
Ennio_Doorbell,1000,7,9675,812.2659639218083,1003.3832222083006,0.9999989,0.9715199900000001,0.96017817,0.96253134,0.9714677300000001,0.9999447236180905,0.7727557788944723,0.7174386934673367,0.7593517587939698,0.7700165829145729,0.0321,0.0963,0.1078,0.1066,0.0962,1.0,1.0,0.9999,0.9999,1.0,687.261620964752
Ennio_Doorbell,1000,8,13415,636.8605798750506,564.942121137038,0.99868506,0.99551188,0.98340132,0.98838294,0.99467217,0.9339226130653266,0.7754185929648241,0.717356783919598,0.7545140703517588,0.7634899497487437,0.0977,0.2405,0.2521,0.241,0.2279,1.0,1.0,1.0,1.0,1.0,342.89941209362206
Ennio_Doorbell,1000,9,21577,635.0043019320509,497.06464776760714,0.99782441,0.97144437,0.9699460699999999,0.97144436,0.9717994,0.8906738693467338,0.7660924623115578,0.7161507537688443,0.757362311557789,0.7648356783919599,0.0928,0.15,0.1767,0.1813,0.1559,1.0,1.0,1.0,1.0,1.0,343.05227834178527
Ennio_Doorbell,1000,10,4930,800.3413444060615,1003.1994128209373,0.99999733,0.9978701,0.97814662,0.98189804,0.99720624,0.9998658291457286,0.8929698492462312,0.7027964824120604,0.7483693467336683,0.8596306532663316,0.1329,0.1196,0.1412,0.1386,0.1176,1.0,1.0,1.0,1.0,1.0,399.63274801964707
Ennio_Doorbell,1000,11,16322,593.8772399335859,578.1888464054189,0.9973611299999999,0.9902791900000001,0.99292919,0.9939171800000001,0.9948898500000001,0.8673934673366834,0.785102512562814,0.7308005025125628,0.7724718592964824,0.7853844221105528,0.0009,0.0001,0.0019,0.001,0.0,0.5735,0.5175,0.4615,0.4631,0.5175,1366.0939359281995
Ennio_Doorbell,1000,12,5416,801.1601471514031,1003.1994128209373,0.9999986,0.99254194,0.97290157,0.9756186600000001,0.98913254,0.999929648241206,0.7863663316582914,0.7076623115577889,0.7588437185929648,0.7828879396984925,0.1311,0.1155,0.1411,0.1405,0.116,1.0,1.0,1.0,1.0,1.0,403.73943001891496
Ennio_Doorbell,1000,13,6227,804.2805911619794,1003.2043339672297,0.99999854,0.9983930200000001,0.9842521300000001,0.9875085600000001,0.99811111,0.9999266331658292,0.9192472361809045,0.7310025125628141,0.7652211055276381,0.9050894472361809,0.135,0.1284,0.1131,0.1172,0.1211,1.0,1.0,1.0,1.0,1.0,413.72193187501654
Ennio_Doorbell,1000,14,12084,373.0880899962571,349.4930743320108,0.9921473799999999,0.93949434,0.95758891,0.9580475300000001,0.96795796,0.6125929648241206,0.7167994974874372,0.5883698492462311,0.5942150753768844,0.7052618090452261,0.0107,0.0443,0.0585,0.0574,0.0434,0.9781,0.6008,0.6008,0.6008,0.6008,480.19287856468486
Philips_B120N10_Baby_Monitor,30,0,25296,24.29361764466484,32.58199279916226,0.98590559,0.99360047,0.9781036599999999,0.98425482,0.99263587,0.5519422110552764,0.6789180904522613,0.5233929648241206,0.5268673366834171,0.6397050251256281,0.1367,0.3829,0.3588,0.303,0.3629,1.0,1.0,1.0,1.0,1.0,273.3014200384788
Philips_B120N10_Baby_Monitor,30,1,12494,23.094748075867813,30.22724955935364,0.9846571799999999,0.99461374,0.9413082899999999,0.9796319099999999,0.9939088000000001,0.5332412060301508,0.7299286432160804,0.49748743718592964,0.5008768844221105,0.6947673366834171,0.1258,0.3106,0.0513,0.2576,0.2666,1.0,1.0,0.0,1.0,1.0,283.11539000174463
Philips_B120N10_Baby_Monitor,30,2,33445,24.88542689855215,33.139375800130495,0.98766417,0.99697805,0.99704059,0.99601827,0.9964436099999999,0.5671743718592965,0.8481758793969849,0.8666577889447236,0.8244040201005025,0.8213623115577889,0.0959,0.1747,0.2212,0.0787,0.136,1.0,1.0,1.0,1.0,1.0,342.86527650235166
Philips_B120N10_Baby_Monitor,30,3,48035,24.65754837883616,33.23041192303063,0.98591471,0.99519739,0.90834799,0.9836969299999999,0.9945266400000001,0.5425572864321608,0.7592356783919598,0.49748743718592964,0.5162,0.7349949748743718,0.1497,0.2811,0.4381,0.256,0.2429,1.0,1.0,1.0,1.0,1.0,253.4854753957772
Philips_B120N10_Baby_Monitor,30,4,67157,20.966027536817943,27.13321891715926,0.99101438,0.9976106,0.99999172,0.9988499599999999,0.9973646799999999,0.6403185929648241,0.8800628140703517,0.9995839195979899,0.9422090452261307,0.8676492462311558,0.018,0.0141,0.0,0.0049,0.0105,0.9992,0.9999,0.0,0.7933,0.9991,760.1205990654636
Philips_B120N10_Baby_Monitor,30,5,5985,25.031742060095954,33.120295314414804,0.98354031,0.99523483,0.9009231099999999,0.9837356,0.99408235,0.550470351758794,0.760688944723618,0.49748743718592964,0.5227125628140703,0.7071829145728643,0.1218,0.2435,0.3368,0.1939,0.1857,1.0,1.0,1.0,1.0,1.0,332.7687085736119
Philips_B120N10_Baby_Monitor,30,6,55570,24.491631148315673,32.9464972931141,0.98617333,0.99545514,0.9425415199999999,0.9877604500000001,0.99488427,0.5535261306532663,0.772043216080402,0.49748743718592964,0.585897487437186,0.7435829145728643,0.0579,0.0935,0.0507,0.0563,0.0794,1.0,1.0,0.0,1.0,1.0,428.89444386737955
Philips_B120N10_Baby_Monitor,30,7,88843,24.87194968313216,33.04022047649228,0.98535736,0.99599346,0.9408540400000001,0.98456533,0.99554093,0.5377959798994975,0.7988829145728643,0.49748743718592964,0.5337673366834171,0.7763165829145728,0.1261,0.2673,0.0475,0.1766,0.1891,1.0,1.0,0.0,1.0,1.0,323.26806947153267
Philips_B120N10_Baby_Monitor,30,8,276,16.204022319296687,20.7869291241711,0.34754466,0.9970124100000001,0.69977147,0.81114108,0.72374311,0.5996482412060301,0.8510015075376884,0.49748743718592964,0.8132442211055277,0.6894854271356784,1.0,1.0,1.0,1.0,1.0,1.0,1.0,1.0,1.0,1.0,51.94456415517439
Philips_B120N10_Baby_Monitor,30,9,73011,23.979909399972428,33.04022047649228,0.9839681100000001,0.99237674,0.9516867199999999,0.98276094,0.99131844,0.5505994974874372,0.6452020100502512,0.49748743718592964,0.5017919597989949,0.6158854271356784,0.1212,0.2956,0.0761,0.2339,0.2546,1.0,1.0,1.0,1.0,1.0,317.29885343925173
Philips_B120N10_Baby_Monitor,30,10,83976,25.688921230801014,33.24057247984678,0.98621237,0.99644453,0.94204718,0.98307565,0.99559383,0.560480904522613,0.8214442211055276,0.49748743718592964,0.5139572864321608,0.7788020100502513,0.155,0.246,0.2415,0.2588,0.217,1.0,1.0,1.0,1.0,1.0,288.94677035984313
Philips_B120N10_Baby_Monitor,30,11,110408,25.37786746804687,33.23041192303063,0.98569712,0.99534985,0.94600843,0.98320743,0.99511313,0.5476065326633166,0.7666452261306533,0.49748743718592964,0.5158954773869346,0.7548879396984924,0.1342,0.352,0.0579,0.2941,0.2764,1.0,1.0,0.9997,1.0,1.0,280.50476829453095
Philips_B120N10_Baby_Monitor,30,12,15518,22.079646073740633,28.917449690978486,0.9865976000000001,0.9958742899999999,0.94129582,0.9834174,0.995726,0.5531954773869346,0.7933276381909549,0.49748743718592964,0.5014698492462312,0.7861346733668342,0.0832,0.2275,0.0452,0.1057,0.125,1.0,1.0,0.0,1.0,1.0,352.47091247704515
Philips_B120N10_Baby_Monitor,30,13,30273,24.75825324766807,33.45130691194326,0.9874727600000001,0.99557423,0.9999091999999999,0.9927482099999999,0.9946344199999999,0.567978391959799,0.7776874371859297,0.9954371859296482,0.7080356783919598,0.7307336683417086,0.0989,0.208,0.0,0.117,0.1817,1.0,1.0,0.0,1.0,1.0,372.4532672368413
Philips_B120N10_Baby_Monitor,30,14,87504,25.113979231996215,33.01326244987611,0.9849754800000001,0.99500015,0.9534909699999999,0.98404179,0.99422194,0.5499195979899497,0.7490788944723619,0.49748743718592964,0.527105527638191,0.7102994974874373,0.1018,0.1593,0.0,0.0794,0.0979,1.0,1.0,0.0,1.0,1.0,403.95572507477647
Philips_B120N10_Baby_Monitor,100,0,62859,79.81284479102302,100.48516331831837,0.9875243300000001,0.9968654699999999,0.99995093,0.99640803,0.9962326,0.5726824120603015,0.8424954773869346,0.9975341708542713,0.8195804020100503,0.8107291457286432,0.1349,0.1889,0.0563,0.1939,0.1684,1.0,1.0,1.0,1.0,1.0,313.7800052975141
Philips_B120N10_Baby_Monitor,100,1,80124,86.0398286081532,103.01326244987611,0.98272755,0.99485438,0.9474921300000001,0.9741643600000001,0.99391217,0.5358874371859297,0.7416110552763819,0.49748743718592964,0.49748743718592964,0.6945653266331658,0.1467,0.4412,0.6173,0.4941,0.4299,1.0,1.0,1.0,1.0,1.0,341.7983238403937
Philips_B120N10_Baby_Monitor,100,2,23586,83.59202112616742,102.93517461744266,0.9851470999999999,0.9941824199999999,0.9482203400000001,0.9806015099999998,0.99354966,0.5598477386934674,0.7081100502512563,0.49748743718592964,0.4974974874371859,0.6768668341708542,0.1855,0.6118,0.808,0.6481,0.6185,1.0,1.0,1.0,1.0,1.0,274.29291585996475
Philips_B120N10_Baby_Monitor,100,3,60515,82.84717304739216,103.04022047649228,0.98157874,0.9940590699999999,0.9352306900000001,0.9694346300000001,0.99422612,0.5125939698492462,0.7018874371859296,0.49748743718592964,0.49748743718592964,0.7102356783919598,0.0872,0.12,0.075,0.1082,0.0833,1.0,1.0,0.9936,1.0,1.0,538.0505517460156
Philips_B120N10_Baby_Monitor,100,4,64607,85.8593744000987,103.29501313998342,0.9917263300000001,0.99780739,0.9999849000000001,0.99981525,0.9977248400000001,0.6437934673366834,0.8898185929648241,0.9992412060301508,0.9907160804020101,0.885670351758794,0.0207,0.0576,0.1988,0.0632,0.061,1.0,1.0,1.0,1.0,1.0,889.6721801811834
Philips_B120N10_Baby_Monitor,100,5,69332,78.66240285919932,92.96350194044476,0.98740838,0.99688577,0.9881799499999999,0.9958233400000001,0.99634689,0.583232663316583,0.8435211055276383,0.6754603015075377,0.7904467336683417,0.8165824120603016,0.0389,0.1187,0.0,0.0333,0.1187,1.0,1.0,0.0,1.0,1.0,710.2310602132067
Philips_B120N10_Baby_Monitor,100,6,42163,85.54730966722649,102.93298712308528,0.9871286699999999,0.99629972,0.99815624,0.99669765,0.9955953900000001,0.5795256281407035,0.8140994974874372,0.9219572864321608,0.8342115577889448,0.7789834170854272,0.1444,0.293,0.0,0.1697,0.2873,1.0,1.0,0.0,1.0,1.0,344.48850775440593
Philips_B120N10_Baby_Monitor,100,7,84819,85.38952559813188,102.95945053176422,0.98501502,0.99563062,0.94082804,0.9741829,0.99511919,0.5534085427135679,0.780543216080402,0.49748743718592964,0.49748743718592964,0.7551070351758794,0.1581,0.4556,0.7636,0.5166,0.4337,1.0,1.0,1.0,1.0,1.0,323.4648364226306
Philips_B120N10_Baby_Monitor,100,8,31983,81.95460770382843,96.00028663388285,0.98943441,0.9967206,0.9981939700000001,0.99893862,0.9960998900000001,0.6044150753768844,0.8352226130653266,0.9267949748743719,0.94671608040201,0.8041361809045227,0.1319,0.5072,0.6928,0.4013,0.4768,1.0,1.0,1.0,1.0,1.0,334.5876349138276
Philips_B120N10_Baby_Monitor,100,9,6267,84.10394754696547,102.2627920852123,0.98362985,0.9941486199999999,0.9448070300000001,0.9724966099999999,0.9934140300000001,0.5433738693467337,0.7064025125628141,0.49748743718592964,0.49748743718592964,0.6698824120603015,0.1589,0.4869,0.631,0.5171,0.4941,1.0,1.0,1.0,1.0,1.0,315.9858035571439
Philips_B120N10_Baby_Monitor,100,10,17601,86.21565053118444,103.13786399265844,0.98633346,0.99569656,0.9446546100000001,0.9807652099999999,0.9950817900000001,0.5609195979899497,0.7840351758793971,0.49748743718592964,0.4998683417085427,0.7533849246231156,0.1757,0.5334,0.9318,0.5667,0.5354,1.0,1.0,1.0,1.0,1.0,281.4965779131483
Philips_B120N10_Baby_Monitor,100,11,5145,84.80916244925095,103.00917398804636,0.9940907,0.9983750499999999,0.99998943,0.99977676,0.99840129,0.7562904522613065,0.9183442211055277,0.9994688442211055,0.9887819095477387,0.9196628140703518,0.0962,0.5094,0.9575,0.7474,0.4543,1.0,1.0,1.0,1.0,1.0,353.55594895102445
Philips_B120N10_Baby_Monitor,100,12,2791,81.23773758662509,96.43893075976165,0.9895215199999999,0.99781268,0.99996995,0.99783472,0.99760118,0.6050587939698492,0.8901698492462311,0.9985060301507538,0.8913175879396984,0.8796060301507538,0.0637,0.7297,0.9749,0.6787,0.7095,1.0,1.0,1.0,1.0,1.0,467.27370182494474
Philips_B120N10_Baby_Monitor,100,13,105275,85.07507432834299,102.95945053176422,0.98620008,0.99524984,0.99870349,0.9936593,0.99435963,0.5779206030150754,0.7613346733668342,0.9470814070351758,0.7108743718592965,0.7167422110552764,0.1463,0.3635,0.0,0.2984,0.3475,1.0,1.0,0.0,1.0,1.0,339.2685145774129
Philips_B120N10_Baby_Monitor,100,14,70047,80.29756294899505,96.1325161517558,0.9913481,0.9975402999999999,0.9999131200000001,0.99930715,0.99716091,0.6845286432160804,0.8763969849246231,0.9956341708542714,0.9651834170854272,0.8573321608040201,0.0275,0.0582,0.117,0.0612,0.0578,1.0,1.0,1.0,1.0,1.0,681.7849204026317
Philips_B120N10_Baby_Monitor,300,0,81584,251.403205253879,302.9822326015297,0.9848438399999999,0.99656432,0.99245428,0.98898809,0.99596235,0.5592120603015076,0.8274015075376884,0.7332527638190954,0.6150633165829146,0.7974427135678392,0.1861,0.5089,0.393,0.5267,0.5165,1.0,1.0,1.0,1.0,1.0,370.4156099315999
Philips_B120N10_Baby_Monitor,300,1,42239,240.55183633193778,274.07502731314554,0.9928497199999999,0.99824941,0.99977036,0.9999781999999999,0.9982047300000001,0.7107477386934673,0.91203216080402,0.9884603015075377,0.9989190954773869,0.9097854271356784,0.0536,0.2487,0.3385,0.2466,0.2408,1.0,1.0,1.0,1.0,1.0,806.574433607683
Philips_B120N10_Baby_Monitor,300,2,113449,247.05395066833916,300.4652447323486,0.98834479,0.99861653,0.99998361,0.99811067,0.9988276899999999,0.5876331658291457,0.9306688442211055,0.9991763819095478,0.9055402010050251,0.941308040201005,0.1086,0.752,0.5017,0.6991,0.7766,1.0,1.0,1.0,1.0,1.0,445.73465683263856
Philips_B120N10_Baby_Monitor,300,3,90698,251.75779075435565,297.1202078211229,0.9889799400000001,0.9966618500000001,0.9947248399999999,0.9970062100000001,0.99617153,0.5942924623115577,0.8322809045226132,0.8418396984924623,0.8502346733668342,0.8078226130653265,0.0508,0.3325,0.4659,0.3691,0.3451,1.0,1.0,1.0,1.0,1.0,945.4498331987767
Philips_B120N10_Baby_Monitor,300,4,27036,244.82590208055058,286.7773643077136,0.98980961,0.99612407,0.9672140399999999,0.99427876,0.9953105800000001,0.6066884422110552,0.8052562814070352,0.665986432160804,0.7190688442211055,0.7646904522613065,0.1703,0.7775,0.8619,0.7631,0.7903,1.0,1.0,1.0,1.0,1.0,379.5958326578233
Philips_B120N10_Baby_Monitor,300,5,95696,252.70400582692704,302.9329871230853,0.9797326000000002,0.99455681,0.94238622,0.9669145699999999,0.9937631899999999,0.5099909547738694,0.7268743718592965,0.49748743718592964,0.49748743718592964,0.697364824120603,0.1798,0.5612,0.6715,0.5448,0.5584,1.0,1.0,1.0,1.0,1.0,385.1018111135914
Philips_B120N10_Baby_Monitor,300,6,92382,229.9889227769995,258.0652825893458,0.9899979299999999,0.99648132,0.98193032,0.9924599399999999,0.9954399899999999,0.6088492462311558,0.8233889447236181,0.6902391959798995,0.7013432160804021,0.7714437185929648,0.0177,0.0368,0.0,0.0,0.0338,0.9981,1.0,0.0,0.1847,1.0,2201.0266424466276
Philips_B120N10_Baby_Monitor,300,7,56940,240.12735517868276,292.0750565321157,0.97953356,0.99581497,0.94535235,0.96602947,0.99557757,0.5085366834170855,0.7900984924623116,0.49748743718592964,0.49748743718592964,0.778159296482412,0.1542,0.5967,0.3142,0.471,0.5738,1.0,1.0,1.0,1.0,1.0,372.2871988139458
Philips_B120N10_Baby_Monitor,300,8,42135,261.8580500322544,303.00917398804637,0.9903649899999999,0.9975576300000001,0.9899076099999999,0.99932192,0.99705914,0.6117778894472362,0.87726783919598,0.7309321608040201,0.9659256281407036,0.8522547738693467,0.2057,0.4664,0.6924,0.5241,0.4697,1.0,1.0,1.0,1.0,1.0,326.17572110041516
Philips_B120N10_Baby_Monitor,300,9,19947,253.2857928839252,303.0132624498761,0.9881210899999999,0.9965411,0.9799040899999999,0.9923190399999999,0.99605424,0.5830964824120604,0.8262809045226132,0.6507035175879397,0.6686356783919598,0.8021904522613066,0.2423,0.515,0.6607,0.5687,0.5141,1.0,1.0,1.0,1.0,1.0,277.46640079905086
Philips_B120N10_Baby_Monitor,300,10,85017,258.9724269666262,299.3908897406075,0.9888005900000001,0.99695629,0.9998966499999999,0.9977461300000001,0.99637698,0.5842155778894472,0.847086432160804,0.9948557788944723,0.8868547738693467,0.8180407035175881,0.1858,0.4506,0.0,0.4427,0.4378,1.0,1.0,0.0,1.0,1.0,367.6694522196231
Philips_B120N10_Baby_Monitor,300,11,17040,248.45373605637042,292.4047173185541,0.9904978099999999,0.99765429,0.99995803,0.9998326200000001,0.99704351,0.6279934673366834,0.8821356783919598,0.9979170854271358,0.9916361809045227,0.8514492462311558,0.1748,0.2207,0.0,0.2149,0.2145,1.0,1.0,0.0,1.0,1.0,316.7263194747337
Philips_B120N10_Baby_Monitor,300,12,10123,244.60902816146117,286.18782083340557,0.9864894900000001,0.99856458,0.9840962,0.99569989,0.99870284,0.5656502512562814,0.9279653266331658,0.6558743718592965,0.8081095477386935,0.9349226130653268,0.1028,0.5497,0.2894,0.2335,0.6734,1.0,1.0,1.0,1.0,1.0,481.30094498975456
Philips_B120N10_Baby_Monitor,300,13,86454,247.80154605779978,297.07387274880364,0.98806798,0.99695054,0.9670502000000001,0.99639592,0.9965315800000001,0.5831507537688443,0.8467608040201005,0.643467336683417,0.8197371859296483,0.8258271356783919,0.1832,0.5238,0.6308,0.5436,0.5435,1.0,1.0,1.0,1.0,1.0,364.1487848565466
Philips_B120N10_Baby_Monitor,300,14,5182,228.77963592235866,263.95931606309045,0.9927726600000001,0.9975006,0.99996628,0.99908736,0.9974019599999999,0.6915924623115578,0.8744020100502512,0.9983055276381909,0.9541402010050252,0.8694452261306533,0.032,0.201,0.266,0.2115,0.1968,1.0,1.0,1.0,1.0,1.0,848.4081535913084
Philips_B120N10_Baby_Monitor,1000,0,30860,816.3031357177127,942.8511678048818,0.98987731,0.9951476800000001,0.99154832,0.9915288900000001,0.9936507200000001,0.6203819095477386,0.7563804020100503,0.6563291457286432,0.6226381909547738,0.6816381909547738,0.1674,0.3539,0.2703,0.3656,0.3504,1.0,1.0,1.0,1.0,1.0,529.4776251428872
Philips_B120N10_Baby_Monitor,1000,1,94654,835.0849021140338,983.2272241847227,0.99255615,0.9968677699999999,0.99117059,0.99637059,0.9961830899999999,0.7007346733668341,0.8426236180904523,0.6529788944723618,0.817903015075377,0.8084185929648241,0.22,0.4292,0.4657,0.4518,0.4324,1.0,1.0,1.0,1.0,1.0,434.668232058815
Philips_B120N10_Baby_Monitor,1000,2,110927,249.24770215966586,182.6149520001678,0.99563754,0.9966068,0.9990588100000001,0.9991622200000001,0.99994317,0.782289447236181,0.8294874371859298,0.9527040201005026,0.9579005025125629,0.9971442211055276,0.0008,0.0052,0.0,0.0,0.0049,0.0005,0.7666,0.0,0.0,0.9978,4414.387009524179
Philips_B120N10_Baby_Monitor,1000,3,2143,223.78119472008203,194.83451040717193,0.9990493199999999,0.9999983100000001,0.99996328,0.99996406,0.99997672,0.9522462311557789,0.9999150753768844,0.9981547738693467,0.9981939698492462,0.9988301507537689,0.0,0.0,0.0,0.0,0.0,0.0,0.0,0.0,0.0,0.0,6752.893745639869
Philips_B120N10_Baby_Monitor,1000,4,36763,283.307589294169,194.84952890351354,0.9934114599999999,0.99329098,0.9998507600000001,0.99983773,0.9971398499999999,0.6690587939698492,0.6630874371859297,0.9925005025125628,0.9918457286432161,0.8562824120603015,0.0056,0.017,0.0002,0.0206,0.0117,0.0489,1.0,0.7423,1.0,1.0,6074.155200574636
Philips_B120N10_Baby_Monitor,1000,5,64738,206.81027946980288,190.04419352633337,0.9948993599999999,0.9917212,0.98993208,0.98964507,0.9901523400000001,0.8239748743718593,0.898435175879397,0.8981035175879397,0.8986005025125628,0.9001884422110553,0.0,0.0,0.0,0.0,0.0,0.0,0.0,0.0,0.0,0.0,5876.751839853826
Philips_B120N10_Baby_Monitor,1000,6,12973,699.1481364923388,786.5432734520685,0.9901638800000001,0.99585064,0.99479207,0.9941501100000001,0.9950719199999999,0.6154849246231155,0.7916065326633166,0.7613417085427137,0.7257904522613066,0.7526854271356784,0.14,0.3635,0.4287,0.4128,0.3651,1.0,1.0,1.0,1.0,1.0,592.2664855529874
Philips_B120N10_Baby_Monitor,1000,7,63145,289.69448452852623,183.93702241596034,0.99497596,0.99627785,0.99998798,0.99991881,0.99902972,0.7475768844221106,0.8131331658291457,0.9993959798994976,0.9959201005025126,0.9512422110552765,0.0055,0.0691,0.1649,0.154,0.08,0.7945,1.0,1.0,1.0,1.0,3613.0942075834014
Philips_B120N10_Baby_Monitor,1000,8,46297,269.65705462236593,188.3345572056716,0.9941839800000001,0.9960614300000001,0.99661913,0.99737218,0.9982493100000001,0.7078286432160804,0.8111597989949748,0.8399904522613064,0.8690718592964825,0.9120793969849247,0.0002,0.0193,0.0884,0.0741,0.0166,0.0067,1.0,1.0,1.0,1.0,6123.234876527958
Philips_B120N10_Baby_Monitor,1000,9,113036,232.53812813768408,194.5749534219417,0.99420916,0.99983892,0.99998351,0.9999838600000001,0.9999946900000001,0.7538562814070352,0.9919447236180905,0.9991718592964824,0.9991904522613066,0.9997452261306533,0.0,0.0,0.0,0.0,0.0,0.0,0.0,0.0,0.0,0.0,10917.743378093835
Philips_B120N10_Baby_Monitor,1000,10,6067,793.4378132092384,916.0097134357073,0.99022112,0.9965719399999999,0.99624658,0.99597963,0.99600654,0.6184085427135678,0.8277859296482413,0.8117030150753768,0.7983095477386934,0.7995005025125628,0.2067,0.4835,0.4834,0.4915,0.4848,1.0,1.0,1.0,1.0,1.0,450.7368917584982
Philips_B120N10_Baby_Monitor,1000,11,35756,805.0024805580882,969.4108037765258,0.9917750100000001,0.99827259,0.99722369,0.99687622,0.9976113499999999,0.6699909547738694,0.9131954773869346,0.863064824120603,0.8431125628140703,0.8799884422110553,0.2115,0.3991,0.4617,0.4343,0.3933,1.0,1.0,1.0,1.0,1.0,406.57746092873236
Philips_B120N10_Baby_Monitor,1000,12,113337,771.2747129047557,929.9044552576569,0.98556907,0.9970978399999999,0.99092859,0.98669901,0.99811039,0.5599788944723618,0.8547010050251256,0.6221668341708543,0.5125959798994975,0.9052286432160803,0.085,0.0715,0.0203,0.0583,0.0612,1.0,1.0,0.9999,1.0,1.0,557.7643442593143
Philips_B120N10_Baby_Monitor,1000,13,62699,302.64627207906244,196.85439975166955,0.9939813200000001,0.9952414,0.9999278,0.99991386,0.9987769300000001,0.6977150753768844,0.7611874371859297,0.9963723618090453,0.9956718592964825,0.9385422110552764,0.0063,0.0611,0.1163,0.1069,0.0643,0.7569,1.0,1.0,1.0,1.0,4080.335636283996
Philips_B120N10_Baby_Monitor,1000,14,8320,831.4010440851611,974.3931666575003,0.9921702099999999,0.9974609000000001,0.99372237,0.9953846799999999,0.99652908,0.6527537688442211,0.8724095477386935,0.7150929648241207,0.771411055276382,0.8257417085427136,0.2332,0.3991,0.4433,0.4432,0.4078,1.0,1.0,1.0,1.0,1.0,395.7688128311648
Provision_PT_737E_Security_Camera,30,0,11004,21.788056967123946,31.687006992528282,0.7972578699999999,0.90973232,0.76014041,0.8461452300000001,0.8943715200000001,0.5005773869346734,0.6228884422110553,0.49748743718592964,0.5453020100502513,0.6870733668341709,0.2606,0.2596,0.0,0.2366,0.2406,1.0,1.0,0.0,0.9998,1.0,370.48835502114196
Provision_PT_737E_Security_Camera,30,1,37983,23.462428665057345,33.10661940563287,0.7826680299999998,0.9069891600000001,0.5994903,0.8057567200000002,0.8754216,0.49748743718592964,0.5677733668341709,0.49748743718592964,0.49748743718592964,0.5003236180904522,0.3924,0.9514,0.3551,0.4376,0.9771,1.0,1.0,0.0007,1.0,1.0,172.0082572682309
Provision_PT_737E_Security_Camera,30,2,20729,20.16393732294466,28.692689832697617,0.9400243500000001,0.99900756,0.6973422899999999,0.96878773,0.99671882,0.8493698492462312,0.9501286432160805,0.7153226130653267,0.9257150753768844,0.8938045226130653,0.8702,0.7189,0.9627,0.7925,0.7938,1.0,1.0,1.0,1.0,1.0,309.66010623478485
Provision_PT_737E_Security_Camera,30,3,5119,22.6698600105428,33.36026761898035,0.78040792,0.9036296699999999,0.44578641999999996,0.7884583199999999,0.8586934900000001,0.49748743718592964,0.6016015075376884,0.49748743718592964,0.49748743718592964,0.5282502512562814,0.3837,0.4707,0.5815,0.509,0.3774,1.0,1.0,0.3716,1.0,1.0,148.46885301658563
Provision_PT_737E_Security_Camera,30,4,14628,23.0001376920187,31.67945521123559,0.7858534500000001,0.89678119,0.54331947,0.8194896199999999,0.87504444,0.49748743718592964,0.49989246231155776,0.49748743718592964,0.49748743718592964,0.49935929648241206,0.3882,0.4275,0.3127,0.3837,0.3774,1.0,1.0,0.0009,1.0,1.0,157.5046455517358
Provision_PT_737E_Security_Camera,30,5,894,23.53950694189475,33.36026761898035,0.78801919,0.8872152200000001,0.54352857,0.8040491200000001,0.8537507300000001,0.49748743718592964,0.5899080402010051,0.49748743718592964,0.49748743718592964,0.5351246231155778,0.442,0.5997,0.314,0.5997,0.5771,1.0,1.0,0.0016,1.0,1.0,141.00018420161268
Provision_PT_737E_Security_Camera,30,6,22721,20.108175130606142,25.328432944690192,0.81374235,0.91360946,0.7571878000000001,0.8454737800000001,0.89668711,0.5210859296482412,0.6866718592964824,0.49748743718592964,0.5258658291457287,0.7023266331658291,0.2446,0.2501,0.0,0.2338,0.2386,1.0,1.0,0.0,0.7949,1.0,410.2363843827536
Provision_PT_737E_Security_Camera,30,7,26579,17.890693542039347,23.794552351564107,0.7991076699999999,0.93085772,0.75767121,0.8161997299999999,0.9114049099999999,0.49748743718592964,0.612291959798995,0.49748743718592964,0.49748743718592964,0.6294085427135678,0.2335,0.2638,0.1986,0.2278,0.2354,0.9998,1.0,0.0,0.9996,1.0,442.55725684557416
Provision_PT_737E_Security_Camera,30,8,22179,23.968969323574143,33.4887880123864,0.7834098599999999,0.88937737,0.5934280700000001,0.8200266199999999,0.8550541599999999,0.49748743718592964,0.5312145728643216,0.49748743718592964,0.49761507537688443,0.5004190954773869,0.3665,0.4182,0.3066,0.326,0.3539,1.0,1.0,0.0005,1.0,1.0,159.10739448010733
Provision_PT_737E_Security_Camera,30,9,18480,15.109492419011334,22.47566593390693,0.96798815,0.9952867400000001,0.99528266,0.9998669800000001,0.964076,0.9476100502512562,0.8510532663316583,0.9820015075376884,0.9974814070351758,0.6809291457286432,0.0,0.0,0.0,0.0,0.0,0.0,0.0008,0.0,0.0,0.0,2265.1275573580024
Provision_PT_737E_Security_Camera,30,10,24010,18.7914081260621,23.375071511607956,0.8079523699999999,0.93530223,0.7563943,0.82361646,0.9209684100000001,0.497986432160804,0.6084984924623116,0.49748743718592964,0.49748743718592964,0.6795522613065327,0.2398,0.2581,0.2284,0.2324,0.238,1.0,1.0,0.0,1.0,1.0,395.3096627256171
Provision_PT_737E_Security_Camera,30,11,14054,23.793719781223004,33.20682181666786,0.78388389,0.8698923900000001,0.60747432,0.8020714500000001,0.8512499899999998,0.49748743718592964,0.5135055276381909,0.49748743718592964,0.49748743718592964,0.5003984924623116,0.3922,0.3911,0.3543,0.3736,0.3635,1.0,1.0,0.001,1.0,1.0,137.0694979758952
Provision_PT_737E_Security_Camera,30,12,23452,13.132747074499221,17.86729139319087,0.98965311,0.99532729,0.8299786299999998,0.9888218200000001,0.99355459,0.6002819095477387,0.856048743718593,0.7940226130653267,0.6221482412060302,0.7975959798994976,0.0,0.0,0.0,0.0,0.0,0.0,0.0,0.0,0.0,0.0,2326.5448842812175
Provision_PT_737E_Security_Camera,30,13,38182,20.24604511279069,25.85518429138534,0.7972320999999999,0.9086357399999998,0.53942176,0.8187960700000001,0.89780249,0.49748743718592964,0.5932824120603015,0.49748743718592964,0.49748743718592964,0.5943638190954774,0.2519,0.3081,0.2207,0.2692,0.2749,1.0,1.0,0.0002,0.9999,1.0,369.97875615136786
Provision_PT_737E_Security_Camera,30,14,9577,24.22024818309549,33.41294020429848,0.7793582500000001,0.8938083599999999,0.5295076200000001,0.7906398,0.8513799100000001,0.49748743718592964,0.5994994974874372,0.49748743718592964,0.49748743718592964,0.5264884422110553,0.3557,0.7544,0.3965,0.5699,0.7158,1.0,1.0,0.1142,1.0,1.0,168.91864738974613
Provision_PT_737E_Security_Camera,100,0,38825,58.86429369226376,57.13412611447657,0.7924881099999999,0.8666829399999999,0.76591526,0.7800708799999998,0.86649101,0.49748743718592964,0.6044241206030151,0.49748743718592964,0.49748743718592964,0.6218974874371859,0.2756,0.3153,0.2311,0.2876,0.3225,1.0,1.0,0.0005,1.0,1.0,296.70646932927497
Provision_PT_737E_Security_Camera,100,1,6197,59.07195910417045,63.118282357210035,0.7997698599999999,0.8667741600000001,0.75860449,0.80189098,0.8644765,0.49750301507537686,0.6176125628140704,0.49748743718592964,0.49748743718592964,0.6670407035175879,0.3394,0.3203,0.1147,0.3458,0.3721,1.0,1.0,0.0,1.0,1.0,271.51485822663557
Provision_PT_737E_Security_Camera,100,2,28524,62.96761954338819,64.43417635733762,0.7948331099999999,0.87639587,0.76259194,0.7800452,0.86955509,0.49748743718592964,0.6153155778894472,0.49748743718592964,0.49748743718592964,0.6630276381909548,0.3625,0.3303,0.4619,0.5377,0.3613,1.0,1.0,1.0,1.0,1.0,289.74917044783416
Provision_PT_737E_Security_Camera,100,3,23419,50.30049062539302,52.67911148084834,0.9933797100000001,0.9961574400000001,0.95394636,0.99857184,0.99740219,0.7556643216080402,0.8629407035175879,0.8929442211055276,0.9446979899497487,0.8903613065326632,0.0,0.0,0.0,0.0,0.0,0.0,0.0,0.0,0.0,0.0,3496.221716429415
Provision_PT_737E_Security_Camera,100,4,1408,40.335009626734745,32.46183645508024,0.99813327,0.9993260700000001,0.9987216999999999,0.99967202,0.9995173900000001,0.907759296482412,0.9661341708542714,0.9358241206030151,0.9835185929648241,0.9757482412060301,0.0,0.0034,0.0,0.0,0.0,0.0,0.9997,0.0,0.0,0.0,2641.6839380894244
Provision_PT_737E_Security_Camera,100,5,34613,58.12076436809322,56.30776157466796,0.81086244,0.8788044500000001,0.76693658,0.7806631700000002,0.87664391,0.5002869346733668,0.6008447236180905,0.49748743718592964,0.49748743718592964,0.6266693467336684,0.344,0.6152,0.524,0.6344,0.63,1.0,1.0,1.0,1.0,1.0,276.79750900597224
Provision_PT_737E_Security_Camera,100,6,23673,32.1335136043227,39.00701677709962,0.9672795900000001,0.99478687,0.99995655,0.9999563499999999,0.9946663,0.848456783919598,0.9013306532663317,0.997829648241206,0.9978361809045226,0.9013301507537689,0.0,0.0,0.0,0.0,0.0,0.1579,0.0486,0.7911,0.7674,0.0014,1199.3112852591487
Provision_PT_737E_Security_Camera,100,7,15585,57.5449105217733,55.89932302640138,0.7954379199999999,0.88498461,0.8254228,0.8227032499999999,0.8773566600000001,0.4975140703517588,0.611648743718593,0.49748743718592964,0.49748743718592964,0.6561065326633165,0.2621,0.2718,0.1127,0.2374,0.27,1.0,1.0,0.0,0.9999,1.0,494.3642723699263
Provision_PT_737E_Security_Camera,100,8,9297,60.388003817711784,57.019260456416475,0.79617047,0.8697207900000001,0.7695344,0.78195656,0.86783917,0.49748743718592964,0.6046819095477387,0.49748743718592964,0.49748743718592964,0.6478934673366834,0.3418,0.6029,0.2291,0.5747,0.6046,1.0,1.0,0.0008,1.0,1.0,270.7420797270245
Provision_PT_737E_Security_Camera,100,9,23406,52.43653727892355,57.19377475623674,0.99345209,0.99915454,0.9316328899999999,0.9979499399999999,0.99761922,0.7733507537688442,0.9578170854271357,0.8783849246231157,0.934994974874372,0.9135301507537689,0.0,0.0017,0.0,0.0,0.0,0.0,0.9808,0.0,0.0,0.0001,3081.404560410358
Provision_PT_737E_Security_Camera,100,10,29388,58.48399315645367,59.56591281087483,0.7926313199999999,0.87421768,0.7596958699999999,0.7864599699999999,0.86700703,0.49748743718592964,0.6171195979899498,0.49748743718592964,0.49748743718592964,0.677308040201005,0.3472,0.7147,0.704,0.7464,0.7211,1.0,1.0,1.0,1.0,1.0,275.8687714791618
Provision_PT_737E_Security_Camera,100,11,37214,61.157479429482215,59.4231292866955,0.7962174,0.89302268,0.76906873,0.77289516,0.8814235299999997,0.49748743718592964,0.5952758793969849,0.49748743718592964,0.49748743718592964,0.6018135678391959,0.3358,0.3023,0.2194,0.3372,0.3454,1.0,1.0,0.0,1.0,1.0,285.02221636400037
Provision_PT_737E_Security_Camera,100,12,29562,43.69841019242857,47.68842802258738,0.9933589899999999,0.99924241,0.9970155900000002,0.99937395,0.99833124,0.750678391959799,0.9621804020100502,0.8745206030150754,0.9685788944723619,0.9170261306532663,0.0,0.0,0.0,0.0,0.0,0.0,0.0,0.0,0.0,0.0,3449.810420581064
Provision_PT_737E_Security_Camera,100,13,33658,62.322729735291404,63.952377631007955,0.7862389900000001,0.87727285,0.7634788100000001,0.7942616900000001,0.8702265,0.49748743718592964,0.6091497487437186,0.49748743718592964,0.49748743718592964,0.6407663316582914,0.2536,0.3017,0.0263,0.3396,0.3182,1.0,1.0,0.0,1.0,1.0,529.6730278056867
Provision_PT_737E_Security_Camera,100,14,13400,38.333230792449385,40.249947751876505,0.90817269,0.9996374100000001,0.99975315,0.99990952,0.99972619,0.6526422110552764,0.982021608040201,0.989705527638191,0.9964276381909548,0.9864648241206031,0.0,0.0,0.0,0.0,0.0,0.0,0.0,0.0,0.0,0.0,3123.469416274273
Provision_PT_737E_Security_Camera,300,0,31618,89.65503351337784,74.9824694252493,0.9985360799999999,0.99898261,0.9961384500000001,0.99776799,0.99906284,0.9264608040201006,0.9488748743718594,0.8100628140703517,0.8878386934673368,0.9529065326633166,0.0015,0.0008,0.0007,0.0001,0.0002,0.3221,0.4615,0.3436,0.1866,0.054,1097.4132045952076
Provision_PT_737E_Security_Camera,300,1,13060,88.76365854282038,74.17586739754493,0.99793483,0.99855578,0.99389447,0.9968632700000001,0.9984104,0.8979025125628142,0.9274261306532663,0.7404211055276382,0.8423814070351758,0.9201206030150754,0.0,0.0,0.0,0.0,0.0,0.0,0.0,0.0,0.0,0.0,7039.24106689225
Provision_PT_737E_Security_Camera,300,2,4100,95.02569489893828,77.27008382168525,0.99807756,0.99115113,0.99249222,0.99271941,0.9915136499999999,0.9035231155778894,0.8493768844221106,0.888870351758794,0.8891738693467337,0.8602391959798996,0.0,0.0,0.0,0.0,0.0,0.0,0.0,0.0,0.0,0.0,6614.75054233234
Provision_PT_737E_Security_Camera,300,3,3377,80.84923047986473,77.41646717461082,0.95019698,0.99883604,0.99965718,0.99973589,0.9984120400000001,0.7800130653266332,0.9415110552763819,0.982772864321608,0.9867281407035176,0.9202266331658292,0.0,0.0,0.0,0.0,0.0,0.0,0.0,0.0,0.0,0.0,7168.650145395148
Provision_PT_737E_Security_Camera,300,4,12793,77.57479002064531,68.27651351699498,0.9758323199999999,0.99961906,0.9991221800000001,0.99974117,0.9996374100000001,0.8533572864321608,0.9808572864321607,0.9559165829145728,0.9869934673366834,0.9817793969849247,0.0,0.0,0.0,0.0,0.0,0.0,0.0,0.0,0.0,0.0,7659.189328619004
Provision_PT_737E_Security_Camera,300,5,35530,88.90350524948543,75.50791920965756,0.9980514300000001,0.99857112,0.99608434,0.9976923900000001,0.99862028,0.9022623115577889,0.9281969849246231,0.8235492462311558,0.8840396984924623,0.9306673366834171,0.002,0.0016,0.0086,0.0042,0.0014,0.5611,0.7343,0.7966,0.7817,0.6004,952.4129981050983
Provision_PT_737E_Security_Camera,300,6,14328,90.01930525975654,80.01307175723554,0.99782172,0.99845064,0.99884365,0.99875569,0.99847453,0.8907974874371859,0.9221427135678393,0.941891959798995,0.9374718592964824,0.923343216080402,0.0,0.0,0.0,0.0,0.0,0.0,0.0,0.0,0.0,0.0,2559.8140864318216
Provision_PT_737E_Security_Camera,300,7,14682,87.81872179932971,85.10829345490474,0.9982642599999999,0.99949093,0.99720443,0.99893045,0.99928344,0.9186140703517587,0.9744185929648241,0.8625417085427136,0.9462537688442211,0.963991959798995,0.0,0.0,0.0,0.0,0.0,0.0,0.0,0.0,0.0,0.0,6348.597320090874
Provision_PT_737E_Security_Camera,300,8,20147,94.08545484146367,90.50068512304654,0.99809288,0.99896567,0.99916659,0.99915942,0.99902911,0.9041793969849246,0.9480236180904522,0.9581201005025125,0.9577597989949749,0.9512115577889447,0.0029,0.0066,0.0,0.0012,0.0017,0.9311,1.0,0.0008,0.6816,0.8028,797.3454933566574
Provision_PT_737E_Security_Camera,300,9,23555,77.28769563270811,84.55614703778953,0.9370076100000001,0.9955159299999999,0.99969257,0.99961364,0.9956251700000001,0.7744346733668341,0.8957412060301507,0.9848150753768845,0.9808336683417085,0.8934939698492462,0.0,0.0,0.0,0.0,0.0,0.1239,0.0,0.0,0.0,0.0,2175.8218107616253
Provision_PT_737E_Security_Camera,300,10,12194,80.96524583025328,67.4755538269177,0.9382682299999999,0.9949807900000001,0.9944243100000001,0.99409049,0.99505658,0.5872979899497488,0.86163216080402,0.7524391959798995,0.82841608040201,0.8634497487437186,0.0,0.0,0.0,0.0,0.0,0.0,0.0,0.0,0.0,0.0,6979.908000916655
Provision_PT_737E_Security_Camera,300,11,9918,87.10600281436564,71.55429651253725,0.99741838,0.9987440999999999,0.9957697600000001,0.99749892,0.9984512099999999,0.8783502512562814,0.9368894472361808,0.7894683417085427,0.8743175879396985,0.9221713567839196,0.0,0.0,0.0,0.0,0.0,0.0,0.0,0.0,0.0,0.0,7001.235155942277
Provision_PT_737E_Security_Camera,300,12,10631,89.05449567763925,88.99130461247702,0.99917778,0.99857229,0.9963150499999999,0.9975451500000001,0.99829081,0.9586824120603015,0.9282557788944723,0.8560658291457286,0.8768723618090453,0.9141120603015076,0.0007,0.0059,0.0058,0.0071,0.0031,0.4792,0.802,0.769,0.7958,0.8019,912.9643464480093
Provision_PT_737E_Security_Camera,300,13,29921,90.74313904419127,75.11395275153656,0.99790871,0.99826038,0.9931376,0.99594535,0.99824209,0.8949356783919599,0.9125819095477388,0.7171075376884422,0.8013532663316583,0.9116628140703518,0.0,0.0,0.0,0.0,0.0,0.0,0.0,0.0,0.0,0.0,8306.08433744708
Provision_PT_737E_Security_Camera,300,14,269,126.08320644804544,99.50951175971876,0.87813824,0.8700005900000001,0.86499978,0.8640442899999998,0.86299619,0.5997718592964824,0.6884859296482412,0.6831934673366834,0.6825638190954774,0.6820231155778894,0.0,0.0,0.0,0.0,0.0,0.0,0.1997,0.0,0.0,0.2501,7404.212608298849
Provision_PT_737E_Security_Camera,1000,0,32797,231.2576935396891,177.58811482154795,0.99797278,0.99829158,0.99359868,0.99518993,0.99833675,0.898216582914573,0.9141497487437186,0.711629648241206,0.7613045226130654,0.9164195979899498,0.0219,0.092,0.0991,0.0995,0.0964,1.0,1.0,1.0,1.0,1.0,760.7616250945067
Provision_PT_737E_Security_Camera,1000,1,11163,231.98732943712912,185.1901092054949,0.99813316,0.99825661,0.99540761,0.9963989899999999,0.99780812,0.906237688442211,0.9124251256281407,0.8289572864321608,0.8563301507537688,0.889894472361809,0.0051,0.0968,0.1037,0.1033,0.0958,0.9995,1.0,1.0,1.0,1.0,754.7155425276435
Provision_PT_737E_Security_Camera,1000,2,26488,247.77745844388065,198.82463612975477,0.99831083,0.99822274,0.9940266000000001,0.9949809299999999,0.9981557099999999,0.9151170854271357,0.9106904522613064,0.709559296482412,0.7496844221105528,0.9073221105527638,0.0207,0.0178,0.0506,0.0502,0.021,1.0,1.0,1.0,1.0,1.0,661.6921746735355
Provision_PT_737E_Security_Camera,1000,3,10467,224.77199624549232,215.1094173648671,0.9989006899999999,0.99383798,0.99043186,0.9920273899999998,0.99375273,0.9454849246231156,0.8127376884422111,0.7072206030150754,0.7334150753768844,0.8236934673366834,0.0031,0.0425,0.0377,0.0378,0.0391,0.997,1.0,1.0,1.0,1.0,783.9604750894451
Provision_PT_737E_Security_Camera,1000,4,21411,232.17877893162392,190.81327970001445,0.99831413,0.99875063,0.98999793,0.99189978,0.99870701,0.9157035175879398,0.9372175879396984,0.6803899497487437,0.7132055276381909,0.9350256281407034,0.0094,0.0132,0.05,0.049,0.0167,0.9993,1.0,1.0,1.0,1.0,773.7070003162123
Provision_PT_737E_Security_Camera,1000,5,17333,231.83297056535844,187.72936389712427,0.99834344,0.99800946,0.9921059099999999,0.99337872,0.99781005,0.9167778894472361,0.8999728643216081,0.6920663316582913,0.7336492462311558,0.8899522613065327,0.0083,0.0728,0.0733,0.073,0.074,0.9998,1.0,1.0,1.0,1.0,753.1096707779819
Provision_PT_737E_Security_Camera,1000,6,33909,233.01993301708896,208.6351982038216,0.9982186399999999,0.99852718,0.98977191,0.99126397,0.99845582,0.9105206030150754,0.9259894472361809,0.6841773869346733,0.7061402010050252,0.9224331658291457,0.0044,0.0396,0.0386,0.0386,0.0448,0.9991,1.0,1.0,1.0,1.0,726.7810396337728
Provision_PT_737E_Security_Camera,1000,7,35285,238.55858117700356,185.79705040522464,0.9981631599999999,0.99792917,0.99231668,0.9933651,0.99783406,0.9077065326633166,0.8959381909547739,0.6754371859296482,0.6945597989949749,0.8911587939698493,0.0184,0.0793,0.0876,0.087,0.0801,1.0,1.0,1.0,1.0,1.0,732.3668970841942
Provision_PT_737E_Security_Camera,1000,8,39577,256.06259981611856,262.6131678674829,0.9613534200000001,0.9872864899999999,0.99058986,0.99059527,0.98847687,0.7418854271356784,0.7906728643216081,0.8489396984924624,0.8509231155778894,0.7839321608040202,0.0,0.0,0.0,0.0,0.0,0.0362,0.0001,0.0,0.0,0.0,1404.9369037635947
Provision_PT_737E_Security_Camera,1000,9,39226,243.7771981492264,244.42824039465066,0.9406808500000001,0.98898893,0.99058542,0.9906546399999999,0.98936043,0.7375738693467336,0.8040633165829145,0.8488,0.8510472361809045,0.7977261306532664,0.0,0.0,0.0,0.0,0.0,0.0347,0.0,0.0,0.0,0.0,1595.4232781731894
Provision_PT_737E_Security_Camera,1000,10,15398,233.4397648327133,191.1093415658835,0.99860511,0.99827168,0.99331602,0.9944525500000001,0.9981653,0.9300778894472361,0.9131497487437186,0.7410371859296483,0.7805768844221106,0.9078040201005025,0.0104,0.0122,0.0488,0.048,0.0145,0.9996,1.0,1.0,1.0,1.0,770.2379488964829
Provision_PT_737E_Security_Camera,1000,11,37737,226.75127995346077,189.99442984515917,0.99287153,0.98686659,0.98594754,0.98596958,0.9855993700000001,0.875264824120603,0.8406190954773869,0.8742120603015076,0.8743326633165829,0.8448864321608041,0.0003,0.0008,0.0,0.0001,0.0008,0.4446,0.3349,0.0498,0.0509,0.4366,912.3904999866828
Provision_PT_737E_Security_Camera,1000,12,30763,245.63059372830358,190.8176187509431,0.99838104,0.9982666299999999,0.99322842,0.9941474700000001,0.9981277,0.9186452261306532,0.9128959798994976,0.6834462311557788,0.7156221105527638,0.9059145728643216,0.0092,0.0985,0.1069,0.1061,0.1005,1.0,1.0,1.0,1.0,1.0,708.4391933649724
Provision_PT_737E_Security_Camera,1000,13,36008,245.19315409352592,192.089906393542,0.99789542,0.9977249,0.99080073,0.9918465,0.99758615,0.8942422110552763,0.8856733668341709,0.6293402010050251,0.6521422110552764,0.8787010050251256,0.0059,0.0819,0.0903,0.0895,0.0825,1.0,1.0,1.0,1.0,1.0,756.7499787829448
Provision_PT_737E_Security_Camera,1000,14,39214,243.8706545581518,245.4347241955662,0.9391160700000001,0.98861551,0.9906198100000001,0.99071047,0.98917557,0.7356522613065327,0.8087095477386934,0.850170351758794,0.8523869346733668,0.8029854271356784,0.0,0.0,0.0,0.0,0.0,0.0375,0.0,0.0,0.0,0.0,1597.6753111325424
Provision_PT_838_Security_Camera,30,0,27927,25.7199785149437,33.4112149592229,0.71765082,0.8465083,0.49459997,0.7692425799999998,0.8002068299999999,0.49748743718592964,0.5565492462311558,0.49748743718592964,0.572372864321608,0.4987994974874372,0.5233,0.7187,0.3962,0.6101,0.6709,1.0,1.0,0.0012,1.0,1.0,166.4355286105429
Provision_PT_838_Security_Camera,30,1,33503,23.39175614131514,33.36784349746575,0.7512794600000001,0.9159203200000001,0.48077031,0.79939396,0.9399538000000001,0.49748743718592964,0.5281211055276382,0.49748743718592964,0.49748743718592964,0.594627135678392,0.3437,0.3254,0.0,0.3152,0.3051,0.9998,1.0,0.0,0.9997,0.9998,557.1625275515896
Provision_PT_838_Security_Camera,30,2,42589,26.230998529370943,33.75259264583342,0.7291483799999999,0.8710075300000001,0.52639398,0.7821269000000001,0.83823912,0.49748743718592964,0.5993497487437186,0.49748743718592964,0.5447120603015075,0.5178688442211056,0.509,0.5156,0.3676,0.4484,0.4619,1.0,1.0,0.0003,1.0,1.0,203.9900857527138
Provision_PT_838_Security_Camera,30,3,11415,22.24193051678934,28.458063906355555,0.7603075199999999,0.8607397900000001,0.53983241,0.74207944,0.85013038,0.49748743718592964,0.5011618090452261,0.49748743718592964,0.49748743718592964,0.4985140703517588,0.3021,0.3171,0.2862,0.2912,0.2814,0.7994,1.0,0.0,0.4562,0.7993,653.6570662775283
Provision_PT_838_Security_Camera,30,4,54331,19.18854994222834,26.47478182453399,0.94450477,0.9998952,0.83237282,0.9672823899999999,0.98514051,0.8175381909547739,0.9952060301507538,0.7727854271356784,0.7828316582914573,0.8730221105527638,0.8235,0.9105,0.9746,0.9288,0.9081,1.0,1.0,1.0,1.0,1.0,312.50597998508675
Provision_PT_838_Security_Camera,30,5,25592,23.829947531574557,32.00644542565786,0.75619008,0.89777606,0.69268141,0.7615828399999999,0.8805470299999999,0.5041386934673366,0.5780462311557789,0.49748743718592964,0.49748743718592964,0.5777562814070352,0.3237,0.5715,0.2876,0.5732,0.6015,0.9999,1.0,0.0,1.0,1.0,438.04638647338925
Provision_PT_838_Security_Camera,30,6,48615,19.577209947468194,25.4400561233913,0.85893405,0.95734174,0.9844580100000001,0.9355796799999998,0.9520385299999999,0.5806964824120603,0.8810422110552765,0.7908015075376884,0.7753517587939698,0.8600567839195981,0.1508,0.0822,0.0,0.0,0.1129,0.5437,0.8025,0.0,0.4368,0.8029,1236.7440576419394
Provision_PT_838_Security_Camera,30,7,24979,20.85105306661481,27.981321781965924,0.7479762799999998,0.87081367,0.67834811,0.76342811,0.86287855,0.49983517587939696,0.6114130653266332,0.49748743718592964,0.49748743718592964,0.6231869346733668,0.3355,0.3408,0.2748,0.3007,0.3115,1.0,1.0,0.0,0.7851,1.0,416.8805626518568
Provision_PT_838_Security_Camera,30,8,65570,21.39550517990636,27.612384304073082,0.7917643799999999,0.9123412000000001,0.52562789,0.8168067999999999,0.89978251,0.5258849246231155,0.6517984924623116,0.49748743718592964,0.49748743718592964,0.6905929648241206,0.4465,0.2842,0.1509,0.2166,0.2779,1.0,1.0,0.0,0.7292,1.0,384.5964553472029
Provision_PT_838_Security_Camera,30,9,63806,12.557427006015331,18.83181744472303,0.99423021,0.9732735400000001,0.9582859000000001,0.99270981,0.9834623100000001,0.8173934673366834,0.6075653266331658,0.5509361809045226,0.7969130653266332,0.663667336683417,0.0,0.0,0.0,0.0,0.0,0.0,0.0,0.0,0.0,0.0,2442.955934269126
Provision_PT_838_Security_Camera,30,10,18159,24.55961625529517,33.38206176245607,0.7600567299999998,0.8667000299999998,0.55531434,0.7324956300000001,0.86338008,0.49748743718592964,0.4976924623115578,0.49748743718592964,0.49748743718592964,0.4975286432160804,0.3129,0.4098,0.3851,0.3154,0.3625,0.9999,1.0,0.0024,0.8027,1.0,440.36799964668086
Provision_PT_838_Security_Camera,30,11,4724,20.708270373483,30.406400272897102,0.74015861,0.87943537,0.68460503,0.7706534300000002,0.86835174,0.49748743718592964,0.6249547738693467,0.49748743718592964,0.49748743718592964,0.6278854271356784,0.3293,0.4562,0.1379,0.3011,0.3158,0.9998,1.0,0.0,0.7925,1.0,445.74054280578923
Provision_PT_838_Security_Camera,30,12,57212,20.24146925123846,25.519963155829902,0.99129927,0.99929687,0.8985818999999999,0.98967095,0.99876687,0.8950849246231156,0.9646668341708543,0.54356783919598,0.7270708542713568,0.9432778894472362,0.6866,0.0026,0.777,0.5917,0.0023,1.0,0.9809,1.0,1.0,0.8244,597.2788598931048
Provision_PT_838_Security_Camera,30,13,18131,20.986630604673127,28.38944228790652,0.7444519799999999,0.87073151,0.68158497,0.7677085700000001,0.85442675,0.4979417085427136,0.6207557788944723,0.49748743718592964,0.49748743718592964,0.6242608040201005,0.489,0.4674,0.2947,0.433,0.4067,1.0,1.0,0.0002,1.0,1.0,258.7200506687392
Provision_PT_838_Security_Camera,30,14,8344,14.027402856051559,18.264907805812637,0.95675855,0.99985452,0.9999118199999999,0.99999679,0.9998973,0.7889095477386934,0.992835175879397,0.9968673366834171,0.9999145728643217,0.9948391959798996,0.0,0.0,0.0,0.0,0.0,0.0,0.0,0.0,0.0,0.0,2082.0338331426615
Provision_PT_838_Security_Camera,100,0,62904,60.90960767687494,62.5023281082375,0.80406382,0.8789194000000001,0.8937522499999999,0.8602852099999999,0.8689763100000001,0.5801929648241206,0.7075713567839196,0.7543256281407036,0.700324623115578,0.7083613065326633,0.0118,0.0764,0.0,0.0,0.0,0.1646,0.4226,0.0,0.0,0.4057,3193.093259752094
Provision_PT_838_Security_Camera,100,1,27658,38.31583562342314,44.48451341835664,0.99951716,0.99955265,0.8879707600000002,0.9931016199999999,0.99950618,0.9772758793969849,0.9775201005025125,0.5434155778894473,0.7821628140703518,0.9753879396984925,0.5207,0.0976,0.7442,0.7962,0.5006,1.0,1.0,1.0,1.0,1.0,483.1292828244226
Provision_PT_838_Security_Camera,100,2,28082,59.26009394990647,61.45594045841592,0.8072024299999998,0.8964781000000002,0.91624868,0.8800269699999999,0.8839981800000001,0.579337688442211,0.7065477386934673,0.7762070351758794,0.7447824120603015,0.7075321608040201,0.18,0.1468,0.0,0.0,0.1598,0.5047,0.6396,0.0,0.3033,0.5866,2314.778519853382
Provision_PT_838_Security_Camera,100,3,48504,55.77336461746219,60.5082758210888,0.8421245500000001,0.9289547,0.91277048,0.8802545900000001,0.9137636000000001,0.5751170854271357,0.7083311557788945,0.7013859296482412,0.6982221105527638,0.7016889447236181,0.2809,0.2999,0.2957,0.2863,0.2986,0.7961,1.0,1.0,1.0,1.0,877.3783821203052
Provision_PT_838_Security_Camera,100,4,63797,39.004960418010754,40.245087997335474,0.99794569,0.99941778,0.9073152800000001,0.99009889,0.99837195,0.9485160804020101,0.9709477386934673,0.5418221105527639,0.7213371859296482,0.9426989949748744,0.282,0.0014,0.6126,0.4762,0.0172,0.9998,0.9542,1.0,1.0,0.9515,640.6867809755695
Provision_PT_838_Security_Camera,100,5,17992,56.150087297609694,60.466288894433134,0.8204736,0.87287198,0.89110979,0.8547214999999999,0.86352547,0.5773336683417085,0.6525326633165829,0.6900462311557789,0.6783924623115578,0.6910969849246231,0.1031,0.1128,0.0,0.0,0.01,0.354,0.4138,0.0,0.0,0.3994,2824.464855470226
Provision_PT_838_Security_Camera,100,6,56390,64.26598225447923,72.79055497893118,0.96991635,0.9991867899999999,0.81591552,0.9625933499999999,0.99650628,0.8479884422110553,0.959135175879397,0.5971180904522613,0.8226472361809045,0.8927442211055276,0.4783,0.0029,0.0,0.0,0.0,1.0,0.9985,0.0,0.0955,0.0,1277.1172783169686
Provision_PT_838_Security_Camera,100,7,42293,49.47302533999622,49.56103625547937,0.99949817,0.99936795,0.99959673,0.99958821,0.99943741,0.9748944723618092,0.9682386934673366,0.979735175879397,0.9793070351758794,0.9717291457286432,0.0003,0.001,0.0,0.0,0.0005,0.1328,0.7039,0.0,0.472,0.6809,1232.4930631457646
Provision_PT_838_Security_Camera,100,8,32848,61.07781357074802,63.96069389940104,0.8440338700000001,0.95213204,0.9965132999999999,0.93604558,0.94405224,0.5783442211055276,0.8358331658291458,0.8813788944723617,0.7695552763819096,0.7939467336683417,0.1879,0.1442,0.0,0.0,0.1915,0.5548,0.8006,0.0,0.2441,0.8014,1794.8988750115006
Provision_PT_838_Security_Camera,100,9,45312,67.43236802064759,68.52129924360442,0.73276163,0.8344617399999998,0.7079198400000001,0.7623433999999999,0.8292854199999999,0.49748743718592964,0.5969467336683417,0.49748743718592964,0.49748743718592964,0.5973522613065326,0.5151,0.6377,0.151,0.6147,0.6576,1.0,1.0,0.0,1.0,1.0,285.41250160449505
Provision_PT_838_Security_Camera,100,10,53241,68.88328822847527,75.99109117678152,0.7310865400000001,0.8427671900000001,0.75831149,0.76448896,0.8341730399999999,0.49748743718592964,0.604051256281407,0.49748743718592964,0.49748743718592964,0.6016939698492463,0.3195,0.3419,0.1484,0.293,0.3189,0.8005,1.0,0.0,0.4151,1.0,801.1504390704035
Provision_PT_838_Security_Camera,100,11,64193,41.67575273414697,37.90549721609326,0.9231603399999998,0.97750605,0.99149196,0.9917725199999999,0.9745871700000001,0.7262256281407035,0.8666673366834171,0.8707291457286432,0.8861286432160804,0.8629788944723618,0.0,0.0,0.0,0.0,0.0,0.0687,0.5864,0.1987,0.319,0.3679,1597.5498528798744
Provision_PT_838_Security_Camera,100,12,40159,67.94489099432491,71.17360984756182,0.7621652000000001,0.8675115900000001,0.77125062,0.77287365,0.8649785300000001,0.49748743718592964,0.6037743718592965,0.49748743718592964,0.49748743718592964,0.611378391959799,0.3102,0.3144,0.143,0.2866,0.3073,0.9997,1.0,0.0,0.6912,1.0,651.9248282534525
Provision_PT_838_Security_Camera,100,13,59649,65.31500707310163,75.25504978595636,0.7275650499999999,0.8128316600000001,0.6865635900000001,0.7336537699999999,0.8226311199999999,0.49748743718592964,0.49748743718592964,0.49748743718592964,0.49748743718592964,0.4995678391959799,0.3147,0.3504,0.294,0.2968,0.3259,0.7956,1.0,0.0,0.553,1.0,750.1944520591418
Provision_PT_838_Security_Camera,100,14,52395,52.503870329105006,50.825705526114575,0.9912136699999999,0.99956564,0.80756442,0.9476964800000002,0.99906214,0.8766798994974874,0.9781728643216081,0.4982819095477387,0.7275472361809046,0.9580532663316583,0.566,0.5146,0.5784,0.741,0.7284,1.0,1.0,0.9991,1.0,1.0,858.9632586968631
Provision_PT_838_Security_Camera,300,0,53078,132.69616016118795,123.96252642925447,0.99842277,0.9992425,0.9969608,0.99716889,0.99928783,0.9208773869346734,0.9619346733668341,0.8584537688442211,0.8657442211055276,0.9642125628140703,0.0,0.0,0.0,0.0,0.0,0.0,0.0,0.0,0.0,0.0,7732.061007998684
Provision_PT_838_Security_Camera,300,1,22637,123.3823237256796,125.35743002893669,0.9993043699999999,0.9996873100000001,0.99979154,0.99981648,0.99964893,0.9783396984924623,0.9842869346733669,0.9895246231155779,0.9907778894472362,0.9823582914572864,0.5773,0.1161,0.6066,0.6163,0.1511,1.0,1.0,1.0,1.0,1.0,474.7467470308114
Provision_PT_838_Security_Camera,300,2,13252,96.83395555827676,95.71332942620062,0.99891377,0.99917988,0.99565138,0.9988529199999999,0.99881244,0.9454788944723618,0.9588336683417086,0.854435175879397,0.9423577889447237,0.9403386934673367,0.0005,0.0213,0.0,0.0,0.0034,0.0588,1.0,0.0,0.0,0.8017,1162.7371745725818
Provision_PT_838_Security_Camera,300,3,35513,99.02794096997235,104.44856075788914,0.99920695,0.999653,0.99749032,0.9993920500000001,0.99951463,0.9618427135678392,0.9826472361809044,0.8805748743718593,0.969461809045226,0.9756427135678392,0.0,0.0,0.0,0.0,0.0,0.0,0.0,0.0,0.0,0.0,7231.964776065381
Provision_PT_838_Security_Camera,300,4,40490,101.0645030822601,93.06066631308214,0.9993193699999999,0.99967853,0.9991417499999999,0.99963549,0.99963964,0.965797487437186,0.9838849246231156,0.9570788944723618,0.9816829145728644,0.9818914572864322,0.0006,0.0396,0.0,0.0,0.0198,0.6559,1.0,0.0,0.0,1.0,917.5634359466045
Provision_PT_838_Security_Camera,300,5,55961,149.7059726924762,147.33652231712878,0.80087087,0.84502737,0.83292243,0.82587196,0.84264461,0.541835175879397,0.637440703517588,0.665602512562814,0.6611030150753768,0.6579316582914573,0.3019,0.3172,0.0,0.2804,0.3158,0.9999,1.0,0.0,0.7581,1.0,886.3065002916038
Provision_PT_838_Security_Camera,300,6,10979,123.8722949685544,120.1914105423257,0.9996194599999999,0.99367845,0.99180338,0.99277764,0.99263868,0.9824100502512563,0.8562276381909548,0.8599301507537689,0.8700969849246231,0.880556783919598,0.4502,0.2413,0.4411,0.4336,0.177,1.0,1.0,1.0,1.0,1.0,484.2406372471155
Provision_PT_838_Security_Camera,300,7,48507,156.76847465258294,154.27484105746925,0.8571300099999999,0.88472374,0.88681384,0.8710159199999999,0.8762890699999999,0.5996050251256282,0.7029115577889448,0.6800929648241206,0.6789723618090452,0.7024035175879397,0.2734,0.4494,0.3176,0.3158,0.4437,0.7925,1.0,1.0,1.0,1.0,1217.4146964996394
Provision_PT_838_Security_Camera,300,8,26720,124.20520090112754,102.20533704180042,0.9950741700000001,0.9990474,0.99902121,0.9992512800000001,0.9991476899999999,0.8532507537688443,0.9521306532663316,0.9508145728643216,0.962375879396985,0.957170351758794,0.4382,0.198,0.1899,0.2215,0.126,1.0,1.0,1.0,1.0,1.0,543.4853922472041
Provision_PT_838_Security_Camera,300,9,48157,123.20862866986151,93.39887885217816,0.99773109,0.99880352,0.9879238100000001,0.9906556199999998,0.9986212999999999,0.8860949748743718,0.9398753768844221,0.7220170854271357,0.7721939698492462,0.9307185929648241,0.0011,0.0128,0.0,0.0,0.0076,0.0892,1.0,0.0,0.0,1.0,1424.382743637465
Provision_PT_838_Security_Camera,300,10,22260,103.7827651858996,98.69750798344452,0.95001043,0.99768027,0.99698575,0.99893805,0.99713236,0.7970507537688443,0.8837447236180904,0.8838130653266332,0.9466356783919598,0.8672934673366834,0.0,0.0,0.0,0.0,0.0,0.0,0.0,0.0,0.0,0.0,6952.273825311746
Provision_PT_838_Security_Camera,300,11,63687,111.51118402126185,82.56675129973728,0.98980381,0.99975405,0.90248602,0.9466407300000002,0.99012772,0.7739241206030151,0.9878482412060301,0.5497989949748744,0.5518075376884423,0.746778391959799,0.0207,0.0001,0.2453,0.1412,0.0183,0.9252,0.5497,0.7885,0.864,0.5357,952.7921997420326
Provision_PT_838_Security_Camera,300,12,41890,102.87300697483462,103.14850592757625,0.99933738,0.99868184,0.9834431199999999,0.9895731900000001,0.99834807,0.966702512562814,0.9337613065326633,0.6429211055276381,0.7532140703517588,0.9169884422110552,0.0,0.0,0.0012,0.0,0.0,0.0,0.0001,0.1059,0.0013,0.0,2639.4395348428066
Provision_PT_838_Security_Camera,300,13,64536,84.66525914350268,65.48250242300625,0.9846172000000001,0.9858774600000001,0.98036145,0.9799887299999999,0.98085718,0.8746266331658292,0.8748130653266332,0.8958804020100501,0.895827135678392,0.8707768844221105,0.0,0.0,0.0,0.0,0.0,0.0,0.0,0.0,0.0,0.0,8686.231407427304
Provision_PT_838_Security_Camera,300,14,27075,106.11728630517473,104.73253882146082,0.87692155,0.9939706300000001,0.99541932,0.9960675400000001,0.99334764,0.582159296482412,0.8365758793969849,0.8409251256281407,0.8516854271356784,0.8179462311557789,0.0,0.0,0.0,0.0,0.0,0.0,0.2579,0.2602,0.1293,0.27,3540.565341409042
Provision_PT_838_Security_Camera,1000,0,35661,274.2132625737039,239.77976548752952,0.99880837,0.99890415,0.99284634,0.9940003599999999,0.9987924300000001,0.9405452261306533,0.9449954773869347,0.7207266331658292,0.7563321608040201,0.9393180904522613,0.0031,0.0797,0.0931,0.0924,0.0806,0.996,1.0,1.0,1.0,1.0,677.3688321631602
Provision_PT_838_Security_Camera,1000,1,50705,315.8020154244434,296.92599767941425,0.99842378,0.9978851599999999,0.98979835,0.99078897,0.9972584999999999,0.9207929648241207,0.8937266331658291,0.6834170854271356,0.6915939698492461,0.8622442211055277,0.0101,0.048,0.0672,0.0662,0.0489,1.0,1.0,1.0,1.0,1.0,698.8960423243775
Provision_PT_838_Security_Camera,1000,2,24192,275.7142151824929,231.63082714152452,0.99880619,0.9986625100000001,0.99350179,0.9946446099999999,0.9984784800000001,0.9401989949748744,0.9328070351758795,0.7641773869346733,0.7919989949748745,0.923543216080402,0.0052,0.0753,0.0821,0.0823,0.0764,0.9978,1.0,1.0,1.0,1.0,653.3699889810407
Provision_PT_838_Security_Camera,1000,3,3332,272.35533272338944,229.52914105244332,0.9989977,0.99736316,0.9929180900000001,0.99357778,0.99681389,0.9499281407035176,0.8676206030150755,0.7860216080402009,0.8009477386934674,0.8399291457286433,0.0034,0.0841,0.0933,0.0936,0.0829,0.9968,1.0,1.0,1.0,1.0,680.2189855278814
Provision_PT_838_Security_Camera,1000,4,3992,259.1302670033312,209.55615338249106,0.99930528,0.99699337,0.9897186000000001,0.9910443400000001,0.9959857999999999,0.9736693467336683,0.8500773869346734,0.6770638190954774,0.7154527638190955,0.831380904522613,0.0003,0.0803,0.0865,0.0857,0.0784,0.2405,1.0,1.0,1.0,1.0,1294.1939362813598
Provision_PT_838_Security_Camera,1000,5,60524,336.9557082629992,344.2524874107965,0.99883779,0.9620179600000001,0.94661604,0.94678465,0.95901165,0.941597487437186,0.7600281407035177,0.6878095477386934,0.6917924623115578,0.7944185929648241,0.0294,0.0486,0.0671,0.0664,0.0507,1.0,0.7976,0.7976,0.7976,0.7976,531.2493676837835
Provision_PT_838_Security_Camera,1000,6,21165,281.45219731412413,254.76239911906868,0.9989089200000001,0.99927961,0.99089784,0.9925349199999999,0.9989526499999999,0.9475396984924623,0.9637994974874372,0.6837155778894473,0.7284472361809045,0.9473939698492462,0.0009,0.0386,0.0547,0.0539,0.0456,0.5244,1.0,1.0,1.0,1.0,1101.1806054051663
Provision_PT_838_Security_Camera,1000,7,9017,269.4601197478837,232.5625779976751,0.9989728699999999,0.99779894,0.99654557,0.9971511100000001,0.9970684000000001,0.954808542713568,0.8895417085427135,0.8594949748743719,0.8790673366834171,0.8527783919597991,0.0006,0.0749,0.0797,0.0794,0.0758,0.286,1.0,1.0,1.0,1.0,1263.5524914935008
Provision_PT_838_Security_Camera,1000,8,25416,270.32627173245476,230.69850371975264,0.9986214600000001,0.99915866,0.9928769599999999,0.9943412999999999,0.99889549,0.9381120603015074,0.9577427135678391,0.7437773869346733,0.7839989949748744,0.9445005025125628,0.001,0.0752,0.0761,0.076,0.0743,0.5296,1.0,1.0,1.0,1.0,1106.7107177876828
Provision_PT_838_Security_Camera,1000,9,38035,233.97758056896777,209.98159073776634,0.9446967000000001,0.9435654,0.9433978000000001,0.9435071500000001,0.94223567,0.7616552763819096,0.650556783919598,0.7872919597989949,0.7891497487437186,0.652794472361809,0.0,0.002,0.0001,0.0001,0.0022,0.0,0.0508,0.0056,0.0376,0.101,1757.048915531667
Provision_PT_838_Security_Camera,1000,10,46514,274.04581463636384,227.7116424079476,0.9992608700000001,0.9971374999999999,0.9915485900000001,0.99204756,0.99637225,0.9631537688442211,0.8562236180904523,0.6605301507537689,0.6707060301507537,0.8177592964824121,0.0024,0.0514,0.0653,0.065,0.0527,0.9732,1.0,1.0,1.0,1.0,878.7752163376557
Provision_PT_838_Security_Camera,1000,11,37177,264.1324632156324,223.86434356186282,0.99917972,0.99634842,0.9894769199999999,0.99027903,0.9952243000000001,0.9636331658291457,0.8518904522613066,0.6916422110552763,0.7146502512562815,0.8419341708542714,0.0004,0.058,0.0607,0.0609,0.0571,0.1267,1.0,1.0,1.0,1.0,1324.141454635049
Provision_PT_838_Security_Camera,1000,12,25529,261.1652304098958,223.97992618867306,0.99869306,0.9993989600000001,0.99453172,0.99567003,0.9991381699999999,0.9449643216080402,0.9698185929648242,0.7678381909547738,0.8055356783919598,0.956691959798995,0.007,0.0813,0.0845,0.0835,0.0836,0.9965,1.0,1.0,1.0,1.0,714.3677120024363
Provision_PT_838_Security_Camera,1000,13,64299,324.7121696234994,304.8708456155195,0.99895464,0.99098962,0.99428863,0.9942424300000001,0.9919022200000001,0.9497874371859296,0.810480904522613,0.8799341708542713,0.8796763819095477,0.8354768844221105,0.006,0.002,0.0003,0.0003,0.0015,0.9809,0.6162,0.5683,0.5723,0.5543,621.0267464517431
Provision_PT_838_Security_Camera,1000,14,8344,282.13464809473464,251.89673562929434,0.99916081,0.9968714,0.99952941,0.99953854,0.99619569,0.9581532663316583,0.8428482412060301,0.9763522613065327,0.9768110552763819,0.8216065326633166,0.0035,0.0741,0.0752,0.075,0.0735,0.9964,1.0,1.0,1.0,1.0,697.8313116886899
Samsung_SNH_1011_N_Webcam,30,0,11584,28.833552834738327,34.241409100388,0.99829493,0.99913406,0.6839447799999999,0.99563425,0.9990574400000001,0.9143180904522612,0.9564854271356784,0.49773366834170857,0.7806155778894472,0.952635175879397,0.0069,0.0291,0.2832,0.0057,0.0106,0.9999,1.0,0.0044,0.5963,1.0,567.6541607323659
Samsung_SNH_1011_N_Webcam,30,1,8755,28.976961148377406,34.251773703916776,0.99841252,0.99913358,0.91007921,0.99616854,0.99905811,0.920227135678392,0.9564613065326635,0.4977688442211055,0.8074643216080402,0.9526688442211055,0.0082,0.0279,0.0619,0.0076,0.0133,1.0,1.0,0.0045,1.0,1.0,532.4080214023231
Samsung_SNH_1011_N_Webcam,30,2,20538,28.998990565292996,34.263793643906446,0.9979615000000001,0.9989447499999999,0.92833313,0.99532097,0.9993089700000001,0.8975628140703518,0.9469723618090453,0.4976788944723618,0.7648728643216081,0.9652748743718593,0.0165,0.1291,0.1931,0.1482,0.1273,1.0,1.0,1.0,1.0,1.0,386.84651069612096
Samsung_SNH_1011_N_Webcam,30,3,19331,29.0,34.263793643906446,0.99831226,0.9991487600000001,0.9345304700000001,0.9956917599999999,0.9993491000000001,0.9151889447236181,0.9572241206030151,0.49791256281407037,0.783505527638191,0.9672914572864322,0.0071,0.0225,0.0555,0.0064,0.0101,0.9999,1.0,0.0037,0.5983,1.0,558.075840837254
Samsung_SNH_1011_N_Webcam,30,4,13051,29.0,34.263793643906446,0.99828284,0.99891868,0.9255818399999999,0.99619483,0.99891095,0.9137105527638191,0.9456623115577889,0.4977577889447236,0.8087854271356785,0.9452738693467336,0.008,0.0398,0.061,0.0075,0.0166,1.0,1.0,0.0038,1.0,1.0,499.34724078595497
Samsung_SNH_1011_N_Webcam,30,5,25541,28.17231175908306,34.13730802444995,0.99796459,0.99777768,0.98700834,0.99421956,0.99751768,0.8977180904522613,0.8883256281407035,0.6068934673366835,0.7095256281407035,0.8752603015075376,0.0114,0.0556,0.0052,0.051,0.045,1.0,1.0,0.0007,1.0,1.0,380.91245042936566
Samsung_SNH_1011_N_Webcam,30,6,19882,28.941379914224086,34.2518823254682,0.9981213,0.99889486,0.78760813,0.99517433,0.9991272000000001,0.9055929648241205,0.9444653266331658,0.4976859296482412,0.7575040201005026,0.956140703517588,0.0106,0.0271,0.3376,0.0907,0.024,1.0,1.0,1.0,1.0,1.0,408.2486091119424
Samsung_SNH_1011_N_Webcam,30,7,32353,29.0,34.263793643906446,0.9983475900000001,0.99888613,0.93149275,0.99586553,0.99893878,0.9169643216080402,0.9440266331658291,0.49784371859296483,0.7922376884422111,0.9466723618090452,0.0083,0.0397,0.06,0.008,0.0203,0.9999,1.0,0.0036,1.0,1.0,516.1290514526223
Samsung_SNH_1011_N_Webcam,30,8,12598,28.668018190380742,34.23019516566829,0.99819711,0.99923693,0.8030258099999998,0.9965798100000001,0.99930638,0.909402512562814,0.9616547738693468,0.4978462311557789,0.8281311557788944,0.9651447236180903,0.0069,0.033,0.0571,0.0059,0.0127,1.0,1.0,0.0043,0.6047,1.0,504.62881556197937
Samsung_SNH_1011_N_Webcam,30,9,25072,28.943882686493797,34.241409100388,0.9984797999999999,0.99904672,0.84174825,0.9967399299999999,0.99919271,0.923608040201005,0.9520964824120604,0.4976899497487437,0.8361773869346734,0.9594326633165828,0.0067,0.0331,0.0567,0.0052,0.0151,0.9999,1.0,0.0034,0.6007,1.0,494.33504053384644
Samsung_SNH_1011_N_Webcam,30,10,13367,28.260940865065503,33.9667946383383,0.9984088100000001,0.99893469,0.92192216,0.99614358,0.99905746,0.9200407035175879,0.9464668341708542,0.497729648241206,0.8062100502512564,0.9526361809045226,0.0077,0.0527,0.0679,0.007,0.0164,0.9999,1.0,0.0036,0.5985,1.0,569.7083518645907
Samsung_SNH_1011_N_Webcam,30,11,29688,28.695032270414316,34.19447678836061,0.9982072599999999,0.99914828,0.7015829,0.9961716599999999,0.9991532399999999,0.9099125628140704,0.9572,0.49784371859296483,0.8076211055276381,0.9574492462311558,0.0079,0.037,0.2798,0.0071,0.0135,1.0,1.0,0.0045,1.0,1.0,505.00523002152624
Samsung_SNH_1011_N_Webcam,30,12,3903,28.372900199482956,34.19447678836061,0.99820131,0.998953,0.71625049,0.99644302,0.99910343,0.9096135678391959,0.9473869346733669,0.49767336683417085,0.8212572864321608,0.9549462311557789,0.0074,0.0202,0.2582,0.0066,0.0112,1.0,1.0,0.0035,0.5995,1.0,499.4789170185797
Samsung_SNH_1011_N_Webcam,30,13,32519,28.051181065202233,34.215678876664256,0.9999971,0.9992647699999999,0.99923635,0.9993602899999999,0.9993316099999999,0.9999447236180905,0.9630537688442211,0.9616256281407034,0.967853768844221,0.9664125628140704,0.0014,0.0045,0.0,0.0,0.0038,0.9999,1.0,0.0,0.6001,1.0,682.1027546785391
Samsung_SNH_1011_N_Webcam,30,14,7431,27.42267776507808,33.639484450758204,0.99837322,0.99770165,0.9208345299999999,0.99517024,0.9976368699999999,0.9182522613065327,0.8845050251256281,0.49764874371859297,0.7572984924623116,0.8812497487437185,0.0081,0.0186,0.0331,0.0056,0.0115,0.9999,1.0,0.001,0.5972,1.0,482.5881443146661
Samsung_SNH_1011_N_Webcam,100,0,12963,97.44056449338771,104.241409100388,0.99955048,0.99917122,0.99713623,0.99867061,0.99915326,0.977411055276382,0.9583527638190955,0.856091959798995,0.9331964824120603,0.9574502512562815,0.0097,0.0399,0.0,0.0215,0.0395,1.0,1.0,0.0,1.0,1.0,589.6191333392723
Samsung_SNH_1011_N_Webcam,100,1,572,97.62401185112024,104.241409100388,0.9966092799999999,0.99778957,0.76974599,0.99185268,0.9977960800000001,0.8296120603015076,0.8889231155778895,0.4977005025125628,0.6392140703517588,0.8892502512562814,0.0438,0.122,0.2828,0.3463,0.1394,1.0,1.0,1.0,1.0,1.0,443.06543740974575
Samsung_SNH_1011_N_Webcam,100,2,12950,97.35958226720123,104.23019516566829,0.9995946,0.9989637699999999,0.99666065,0.99827425,0.9989956200000001,0.9796281407035176,0.9479281407035176,0.8321934673366834,0.9132788944723618,0.9495286432160803,0.0098,0.0443,0.0,0.0425,0.0452,1.0,1.0,0.0,1.0,1.0,596.0324937320927
Samsung_SNH_1011_N_Webcam,100,3,6176,97.74891347482762,104.19447678836062,0.9964789900000001,0.9991642599999999,0.8855896999999999,0.9916343799999999,0.9987922,0.8230648241206031,0.9580030150753769,0.4976934673366834,0.6355748743718592,0.9393065326633165,0.0276,0.137,0.2577,0.2862,0.1361,1.0,1.0,1.0,1.0,1.0,433.17930941950596
Samsung_SNH_1011_N_Webcam,100,4,10596,99.0,104.26379364390644,0.99706259,0.99903888,0.70310658,0.99262255,0.99862028,0.8523914572864322,0.951702512562814,0.49780502512562813,0.6656628140703518,0.9306673366834171,0.0221,0.4968,0.3342,0.5248,0.4902,1.0,1.0,1.0,1.0,1.0,467.37802197930125
Samsung_SNH_1011_N_Webcam,100,5,26778,98.99933750096866,104.26379364390644,0.99726084,0.9992640100000001,0.6804714399999999,0.9926885599999999,0.9992969,0.8623537688442211,0.9630155778894471,0.4977929648241206,0.6749075376884421,0.9646683417085427,0.049,0.2657,0.4884,0.3371,0.2702,1.0,1.0,1.0,1.0,1.0,432.62927503639963
Samsung_SNH_1011_N_Webcam,100,6,25916,97.36539724133841,104.19446131187013,0.99668157,0.99874324,0.92601972,0.99351811,0.99905299,0.8332447236180904,0.9368462311557788,0.49777035175879397,0.6742768844221105,0.9524115577889447,0.0194,0.1079,0.1692,0.1483,0.108,1.0,1.0,1.0,1.0,1.0,444.15902199954826
Samsung_SNH_1011_N_Webcam,100,7,22310,98.15073612331433,104.21567887666426,0.99615659,0.99858509,0.7969165500000001,0.99219451,0.99887805,0.8068638190954773,0.9288989949748744,0.497635175879397,0.6256874371859297,0.9436206030150753,0.0451,0.3787,0.2987,0.3327,0.3017,1.0,1.0,1.0,1.0,1.0,422.544391076092
Samsung_SNH_1011_N_Webcam,100,8,32849,98.65490763194778,104.2518823254682,0.99700554,0.99915854,0.81021244,0.99249373,0.99922526,0.849524623115578,0.9577155778894473,0.49769849246231157,0.656791959798995,0.9610683417085426,0.0095,0.2209,0.2836,0.3066,0.2206,1.0,1.0,1.0,1.0,1.0,564.6404969662775
Samsung_SNH_1011_N_Webcam,100,9,18964,97.47822629721887,104.13794204366597,0.9966778700000001,0.99919804,0.7243341499999999,0.9926585800000001,0.9992205700000001,0.8330587939698493,0.9597005025125629,0.4977286432160804,0.6351125628140704,0.9608326633165829,0.0523,0.5625,0.9399,0.9672,0.9588,1.0,1.0,1.0,1.0,1.0,448.47633071740273
Samsung_SNH_1011_N_Webcam,100,10,4601,98.87228604236228,104.25177370391677,0.99669874,0.99920387,0.71857368,0.9918928800000001,0.99891164,0.8341075376884421,0.9599934673366834,0.4976276381909548,0.6446331658291458,0.9453085427135679,0.0157,0.3667,0.4044,0.4135,0.3811,1.0,1.0,1.0,1.0,1.0,534.4603468676103
Samsung_SNH_1011_N_Webcam,100,11,10068,96.34597416881105,103.69929089216173,0.99685494,0.9986713500000001,0.6770669699999999,0.99126196,0.99871672,0.841956783919598,0.9332336683417086,0.49781959798994974,0.6427788944723618,0.935513567839196,0.0063,0.0233,0.3004,0.0057,0.0117,0.9998,1.0,0.0037,0.5381,1.0,1046.3534763823127
Samsung_SNH_1011_N_Webcam,100,12,26337,97.58017166826103,104.23019516566829,0.99698498,0.99878383,0.7448132900000001,0.99369725,0.99900103,0.8484914572864322,0.9388859296482412,0.4977140703517588,0.6832788944723618,0.9498005025125629,0.019,0.3335,0.3186,0.3738,0.3131,1.0,1.0,1.0,1.0,1.0,438.3775232026098
Samsung_SNH_1011_N_Webcam,100,13,747,91.99850517322167,103.93191250145149,0.99982995,0.99890676,0.99581279,0.99735083,0.99859882,0.9914547738693468,0.9450633165829145,0.7895874371859297,0.866875879396985,0.9295889447236181,0.0075,0.011,0.0,0.0123,0.0104,1.0,1.0,0.0,1.0,1.0,593.3373796802958
Samsung_SNH_1011_N_Webcam,100,14,15459,97.38882290541248,104.19446131187013,0.99999926,0.99953224,0.99817627,0.99920696,0.99960193,0.9999628140703517,0.976494472361809,0.9083552763819095,0.9601487437185929,0.9799964824120604,0.0054,0.0446,0.0514,0.0472,0.043,1.0,1.0,1.0,1.0,1.0,668.9980848017893
Samsung_SNH_1011_N_Webcam,300,0,10041,297.3828657446138,304.2301951656683,0.99443146,0.9974381999999999,0.6834192600000001,0.96570676,0.99750699,0.720191959798995,0.8712663316582914,0.49772663316582916,0.5859969849246232,0.8747231155778894,0.048,0.4413,0.4106,0.516,0.4624,1.0,1.0,1.0,1.0,1.0,523.6982180572867
Samsung_SNH_1011_N_Webcam,300,1,14333,294.2734323980545,304.241409100388,0.99398756,0.9972819300000001,0.9174097200000001,0.98422909,0.99739219,0.6978673366834172,0.8634135678391961,0.497686432160804,0.594635175879397,0.8689542713567839,0.035,0.299,0.0692,0.161,0.3085,1.0,1.0,0.0037,1.0,1.0,540.0782964507393
Samsung_SNH_1011_N_Webcam,300,2,10292,294.92956941453207,304.21567887666424,0.9948767900000001,0.9965024,0.71397335,0.9379782499999999,0.99621197,0.7425537688442212,0.8242412060301507,0.4977075376884422,0.5971984924623115,0.8096467336683417,0.0434,0.0631,0.2381,0.2202,0.0639,1.0,1.0,0.0026,1.0,1.0,493.2369230749964
Samsung_SNH_1011_N_Webcam,300,3,12087,293.72071236656643,304.19446131187016,0.9996002700000001,0.9992066300000001,0.99811964,0.99876023,0.99916142,0.9799130653266332,0.9601321608040201,0.9055095477386935,0.9377,0.9578603015075378,0.009,0.1016,0.0895,0.0856,0.1009,1.0,1.0,1.0,1.0,1.0,845.790155092997
Samsung_SNH_1011_N_Webcam,300,4,12492,280.7559528187524,304.0893295911002,0.9971851599999999,0.9976097899999999,0.98952711,0.99307134,0.99734489,0.8585507537688442,0.879888944723618,0.6469954773869346,0.6740030150753769,0.8665773869346733,0.0146,0.0312,0.0,0.0049,0.0227,1.0,1.0,0.0,0.5471,1.0,624.5662111157889
Samsung_SNH_1011_N_Webcam,300,5,16002,121.33488391702315,119.42561859744221,0.99963543,0.9992005700000001,0.9948308,0.9988817200000001,0.9976354,0.9984894472361809,0.9601150753768843,0.9139748743718594,0.977329648241206,0.9566286432160803,0.1903,0.0267,0.9488,0.8783,0.0394,0.9999,0.9998,0.9999,0.9998,0.9997,1203.9956271522378
Samsung_SNH_1011_N_Webcam,300,6,29086,291.6886578440217,304.0893295911002,0.99562601,0.9967565,0.7188481999999999,0.9460808399999999,0.99662333,0.7802015075376885,0.8370100502512563,0.4977030150753769,0.6070396984924623,0.8303180904522613,0.0395,0.0543,0.1059,0.0962,0.0536,1.0,1.0,0.0008,0.601,1.0,480.95583797537523
Samsung_SNH_1011_N_Webcam,300,7,7145,287.93024466066487,304.13730802444996,0.99758137,0.99935247,0.99728661,0.99778571,0.9993099299999999,0.8784608040201005,0.9674608040201005,0.8636487437185929,0.8887291457286433,0.9653231155778894,0.014,0.0258,0.0,0.0008,0.0219,1.0,1.0,0.0,0.5299,1.0,617.6012081848928
Samsung_SNH_1011_N_Webcam,300,8,31260,188.93216864228543,175.75645897258872,0.99314667,0.99646508,0.69129998,0.9076078499999999,0.9963823099999999,0.6568090452261307,0.822372864321608,0.4976713567839196,0.4983140703517588,0.8182276381909548,0.0172,0.0156,0.3145,0.1705,0.0156,0.9998,1.0,0.9913,0.9998,1.0,777.4693516586273
Samsung_SNH_1011_N_Webcam,300,9,22029,291.0417817866786,304.1944767883606,0.99396121,0.99784434,0.98116344,0.99264632,0.9979339700000001,0.696543216080402,0.8916753768844221,0.49793618090452263,0.6304683417085427,0.8961793969849245,0.0398,0.1832,0.0079,0.1422,0.1806,1.0,1.0,0.003,1.0,1.0,444.90571587179835
Samsung_SNH_1011_N_Webcam,300,10,17499,295.3179799420495,304.2517737039168,0.99498849,0.9977532299999999,0.92441144,0.9882075600000001,0.99796813,0.7481653266331658,0.8870969849246231,0.49772060301507537,0.6345336683417085,0.8978959798994974,0.0362,0.329,0.0661,0.3186,0.3273,1.0,1.0,0.0041,1.0,1.0,524.2056219733445
Samsung_SNH_1011_N_Webcam,300,11,26416,289.70924938880984,304.0893295911002,0.99421668,0.99755954,0.7188560599999999,0.97806267,0.9977910000000001,0.7093959798994975,0.8773638190954774,0.4977065326633166,0.5831507537688442,0.8889949748743718,0.1065,0.0547,0.243,0.2277,0.0546,1.0,1.0,0.0042,1.0,1.0,417.1899754826108
Samsung_SNH_1011_N_Webcam,300,12,3943,299.0,304.26379364390647,0.99524312,0.99848048,0.7159007999999999,0.9853005200000001,0.99836351,0.7609608040201006,0.9236422110552764,0.49778391959798995,0.6205155778894472,0.9177643216080402,0.0507,0.4233,0.2803,0.4785,0.433,1.0,1.0,0.0041,1.0,1.0,479.4704371794933
Samsung_SNH_1011_N_Webcam,300,13,5486,298.9754512276838,304.26379364390647,0.99548658,0.99905873,0.7551611800000001,0.99025996,0.9992001100000001,0.7732020100502512,0.9527000000000001,0.4976849246231156,0.6468904522613066,0.9598045226130654,0.0593,0.4286,0.2265,0.4629,0.4022,1.0,1.0,0.0038,1.0,1.0,446.33512746162273
Samsung_SNH_1011_N_Webcam,300,14,16915,127.99464651172116,129.08377008549334,0.99310139,0.99842203,0.9791491800000001,0.97997217,0.99354185,0.8985226130653267,0.9366859296482413,0.6968844221105528,0.6968844221105528,0.8987884422110552,0.0359,0.0005,0.0355,0.0355,0.0327,0.9996,0.448,0.7986,0.8056,0.9085,583.9444659835964
Samsung_SNH_1011_N_Webcam,1000,0,12313,959.5978889301555,1004.0893295911002,0.99809026,0.99920996,0.99572508,0.99637562,0.99904356,0.9040331658291457,0.9602994974874371,0.7911663316582915,0.817870351758794,0.951937688442211,0.0423,0.0617,0.0553,0.0572,0.0649,1.0,1.0,1.0,1.0,1.0,555.5733589138695
Samsung_SNH_1011_N_Webcam,1000,1,22846,986.8777438056379,1004.1944767883606,0.99209294,0.99582762,0.7168887999999999,0.89963541,0.99563093,0.6285336683417085,0.7903326633165829,0.49765979899497487,0.4980472361809045,0.780448743718593,0.1795,0.2495,0.3578,0.2873,0.2469,1.0,1.0,1.0,1.0,1.0,405.5786675545686
Samsung_SNH_1011_N_Webcam,1000,2,21010,959.9662119811031,1004.1373080244499,0.99847097,0.99878066,0.99329232,0.99421676,0.9985841000000001,0.9231643216080402,0.9387266331658292,0.7725311557788945,0.7782467336683417,0.9288492462311557,0.0401,0.0831,0.0823,0.0821,0.0818,1.0,1.0,1.0,1.0,1.0,507.61020474410395
Samsung_SNH_1011_N_Webcam,1000,3,1183,957.5113197225243,1003.9667946383383,0.99713676,0.9992032,0.99427061,0.99489482,0.99897917,0.8561185929648242,0.9599597989949749,0.7820557788944724,0.7854371859296483,0.9487020100502512,0.0681,0.1089,0.0567,0.0628,0.1375,1.0,1.0,1.0,1.0,1.0,517.3843650423721
Samsung_SNH_1011_N_Webcam,1000,4,24361,970.6276477810162,1004.1944767883606,0.99604125,0.99897484,0.9957358399999999,0.9963012299999999,0.99879268,0.8010678391959799,0.9484844221105528,0.786278391959799,0.8141763819095478,0.9393306532663317,0.0516,0.078,0.0,0.0304,0.0696,1.0,1.0,0.0,1.0,1.0,494.76606318669207
Samsung_SNH_1011_N_Webcam,1000,5,17160,953.1591436819951,1004.1379420436659,0.99588184,0.9958258600000001,0.99393964,0.9944058499999999,0.99590608,0.7930572864321608,0.8001613065326634,0.7747959798994974,0.7764060301507538,0.8002256281407035,0.0064,0.0057,0.0,0.0005,0.0051,0.9999,0.6053,0.0,0.4013,0.6053,970.2971309063208
Samsung_SNH_1011_N_Webcam,1000,6,32540,537.4437229807661,347.11486381907616,0.99998875,0.9984463400000001,0.99880467,0.99880468,0.9985258899999999,0.9998467336683418,0.9219266331658291,0.9399331658291458,0.9399336683417086,0.9259241206030151,0.0,0.0,0.0,0.0,0.0,0.0,0.0003,0.0,0.0,0.0,4748.780782458159
Samsung_SNH_1011_N_Webcam,1000,7,22548,985.0838037890637,1004.0319928496381,0.99236686,0.99613926,0.73399857,0.9034546200000001,0.9958915300000001,0.6366527638190955,0.8059929648241206,0.4977246231155779,0.49819547738693465,0.7935442211055277,0.1607,0.1794,0.2694,0.2605,0.1708,1.0,1.0,0.5089,1.0,1.0,439.64667666805985
Samsung_SNH_1011_N_Webcam,1000,8,14218,948.042469098333,1004.1944613118701,0.99750744,0.99903708,0.9945942900000001,0.99519407,0.99860886,0.8747457286432161,0.9516120603015075,0.7769713567839196,0.7828035175879398,0.9300934673366834,0.0369,0.0666,0.047,0.0488,0.0724,1.0,1.0,1.0,1.0,1.0,560.8497117389516
Samsung_SNH_1011_N_Webcam,1000,9,3796,991.4615599605969,1004.2301951656683,0.99337959,0.99684544,0.7213603300000001,0.90241819,0.9963769699999999,0.6673276381909548,0.8414793969849246,0.4977175879396985,0.4979974874371859,0.8179381909547738,0.1579,0.1685,0.3276,0.2496,0.1591,1.0,1.0,1.0,1.0,1.0,466.6548878960915
Samsung_SNH_1011_N_Webcam,1000,10,30372,882.4824019028222,1003.4173586846805,0.9694542799999999,0.93816349,0.71113381,0.8615107599999999,0.93106117,0.5827341708542714,0.7266371859296483,0.4976638190954774,0.4976577889447236,0.7250462311557788,0.0184,0.0048,0.2743,0.1352,0.0045,0.57,0.4007,0.404,0.4039,0.4007,1619.8018077695483
Samsung_SNH_1011_N_Webcam,1000,11,5618,955.6403840118148,1004.1373080244499,0.99796205,0.99926562,0.99566863,0.99679862,0.99918814,0.8975904522613065,0.9630964824120603,0.782343216080402,0.8391266331658291,0.9592030150753768,0.0433,0.0891,0.0413,0.0444,0.0747,1.0,1.0,1.0,1.0,1.0,496.92957506933664
Samsung_SNH_1011_N_Webcam,1000,12,24301,970.6276580403929,1004.1944767883606,0.99593255,0.9988838999999999,0.9959840999999999,0.9962978499999999,0.99871068,0.795605527638191,0.9439145728643217,0.7986,0.8139723618090452,0.9352100502512564,0.0547,0.0707,0.02,0.0382,0.063,1.0,1.0,1.0,1.0,1.0,475.15761560043967
Samsung_SNH_1011_N_Webcam,1000,13,11172,953.9406843736049,1004.0893295911002,0.99806454,0.9987757899999999,0.99489856,0.99563943,0.99860202,0.902740703517588,0.9384819095477387,0.7780879396984925,0.780875879396985,0.9297497487437185,0.009,0.0242,0.0,0.0,0.0226,1.0,1.0,0.0,0.3962,1.0,1399.1838416723012
Samsung_SNH_1011_N_Webcam,1000,14,26227,965.9676712352026,1003.9667946383383,0.9932657300000001,0.99573824,0.7612312599999999,0.9082265,0.9958703199999999,0.6616442211055276,0.7858412060301507,0.4976557788944724,0.49805276381909547,0.7924783919597991,0.1117,0.1936,0.1689,0.2638,0.2022,1.0,1.0,0.0022,1.0,1.0,455.3481664511045
SimpleHome_XCS7_1002_WHT_Security_Camera,30,0,18554,16.144987423449336,21.72308933472293,0.99992207,0.99981166,0.97850156,0.9979655,0.99993773,0.9963155778894472,0.9905567839195979,0.5009547738693467,0.89788391959799,0.9968914572864321,0.0086,0.0142,0.0,0.0083,0.0093,0.9998,1.0,0.0,0.9977,0.9998,573.4723099384829
SimpleHome_XCS7_1002_WHT_Security_Camera,30,1,6689,17.253870176298832,22.859054916176824,0.9933186299999999,0.99928915,0.9399411599999999,0.9867837500000001,0.9988114100000001,0.8502542713567839,0.9661341708542712,0.4975231155778895,0.7484256281407035,0.9437668341708543,0.051,0.077,0.0347,0.0372,0.0695,0.9998,1.0,0.0002,0.9998,1.0,382.83061359359067
SimpleHome_XCS7_1002_WHT_Security_Camera,30,2,86,23.106422546993446,31.61720685721768,0.9851771700000002,0.99630023,0.80343098,0.98784603,0.99521664,0.7676447236180904,0.8885829145728643,0.49748743718592964,0.797113567839196,0.8673658291457287,0.0598,0.0272,0.0057,0.0777,0.0198,0.9963,0.9998,0.0,0.9996,0.988,667.3485104488454
SimpleHome_XCS7_1002_WHT_Security_Camera,30,3,11779,19.729780574669164,25.514860093912713,0.99328724,0.9991597,0.82843146,0.9849655199999999,0.99843387,0.8568738693467337,0.9598286432160805,0.49751959798994977,0.7469065326633165,0.925451256281407,0.1848,0.2281,0.0489,0.196,0.2547,1.0,1.0,0.0006,1.0,1.0,218.2622007456549
SimpleHome_XCS7_1002_WHT_Security_Camera,30,4,28166,19.47798749055128,23.910506690477916,0.99285614,0.99936568,0.92398794,0.98668167,0.99885311,0.8266924623115578,0.9697703517587939,0.4975562814070352,0.7470522613065327,0.9454256281407035,0.0797,0.2006,0.0417,0.0845,0.1251,1.0,1.0,0.0007,1.0,1.0,321.2143809963074
SimpleHome_XCS7_1002_WHT_Security_Camera,30,5,459,18.057320769982304,24.419002561221802,0.9919154099999999,0.99905519,0.76475582,0.98134829,0.99845001,0.8618356783919598,0.9546939698492463,0.4975256281407035,0.7480291457286432,0.9278728643216081,0.2026,0.1973,0.1076,0.2374,0.2737,1.0,1.0,0.0009,1.0,1.0,247.25748149603942
SimpleHome_XCS7_1002_WHT_Security_Camera,30,6,7401,18.787482347284744,26.049219260244513,0.9934296800000002,0.99924962,0.93960049,0.98763877,0.9990875300000001,0.8508814070351759,0.9637201005025126,0.49748743718592964,0.7465155778894472,0.956562311557789,0.0406,0.0844,0.1033,0.0506,0.0716,0.9999,1.0,1.0,1.0,1.0,401.00108445710276
SimpleHome_XCS7_1002_WHT_Security_Camera,30,7,15697,18.1130738052296,25.362126132718824,0.9927740700000001,0.99915652,0.94292966,0.9866692200000001,0.99838823,0.8345874371859296,0.9592130653266331,0.49748743718592964,0.7467180904522613,0.9220452261306533,0.0349,0.0536,0.0363,0.0316,0.0554,0.9999,1.0,0.0005,0.9975,1.0,478.0401095470568
SimpleHome_XCS7_1002_WHT_Security_Camera,30,8,919,15.477064496483681,20.44477419633383,0.9997139,0.99959761,0.78001629,0.98893252,0.99957679,0.9859889447236181,0.9798145728643216,0.49750804020100503,0.5151005025125628,0.9789381909547739,0.0003,0.0031,0.0002,0.0106,0.0006,0.7274,0.9979,0.0,0.1844,0.7427,1007.5635795687596
SimpleHome_XCS7_1002_WHT_Security_Camera,30,9,25751,22.941100055483794,33.07016019797378,0.9938158699999999,0.99928868,0.96676049,0.9901622,0.99955638,0.8496713567839196,0.966324623115578,0.49748743718592964,0.7461778894472362,0.9793422110552764,0.0301,0.0286,0.0001,0.0001,0.0272,0.9996,1.0,0.0,0.4941,0.9994,647.1157619846289
SimpleHome_XCS7_1002_WHT_Security_Camera,30,10,27874,19.724196884894294,25.95354408828705,0.99402745,0.99918852,0.9416907699999999,0.98745732,0.9981342299999999,0.8524175879396985,0.9607201005025126,0.4975266331658291,0.7465668341708543,0.9086804020100503,0.0471,0.0968,0.0493,0.0497,0.1002,0.9998,1.0,0.0005,1.0,1.0,389.74762361337616
SimpleHome_XCS7_1002_WHT_Security_Camera,30,11,22051,19.061875906200658,24.005230326168913,0.99268136,0.99933898,0.9404982000000001,0.9858285000000001,0.9981649,0.8152778894472361,0.9684386934673367,0.49748743718592964,0.746935175879397,0.910580904522613,0.0386,0.0594,0.0534,0.044,0.0653,1.0,1.0,0.0005,1.0,1.0,428.6234662079542
SimpleHome_XCS7_1002_WHT_Security_Camera,30,12,8899,18.185107091050714,25.881070089547187,0.9933511,0.9992449,0.86589129,0.98266888,0.9982708699999999,0.8586964824120602,0.9636145728643216,0.49752613065326634,0.7537618090452262,0.9159321608040201,0.1649,0.2112,0.0496,0.2199,0.3,1.0,1.0,0.0002,1.0,1.0,241.8383233394763
SimpleHome_XCS7_1002_WHT_Security_Camera,30,13,8931,19.632890020377225,25.89198567522542,0.99203465,0.99936451,0.9407291600000001,0.9876081499999999,0.9990155500000001,0.7959763819095478,0.9698643216080403,0.49750050251256284,0.76058391959799,0.9527954773869346,0.072,0.0992,0.0452,0.0713,0.107,1.0,1.0,0.0005,1.0,1.0,297.2648108745235
SimpleHome_XCS7_1002_WHT_Security_Camera,30,14,8156,18.797234965288038,25.21023261213199,0.9933417800000001,0.99925189,0.75196647,0.98195368,0.9985191899999999,0.8627175879396984,0.9637492462311559,0.49752261306532664,0.7464482412060301,0.9277809045226132,0.1451,0.1622,0.1959,0.1604,0.1656,1.0,1.0,0.0365,1.0,1.0,254.49256249354565
SimpleHome_XCS7_1002_WHT_Security_Camera,100,0,2206,40.42154594207282,44.78009896016805,0.99991286,0.9998746500000001,0.9895334299999999,0.9998981100000001,0.99993527,0.9956211055276383,0.9937010050251256,0.5166201005025126,0.9948798994974875,0.9967472361809044,0.0123,0.008,0.0394,0.0362,0.0075,1.0,1.0,1.0,1.0,1.0,451.1706121672461
SimpleHome_XCS7_1002_WHT_Security_Camera,100,1,8149,53.34939500716642,51.45147817226905,0.9867363100000001,0.99907672,0.94181518,0.98001654,0.99858541,0.7418341708542714,0.9558603015075378,0.4975291457286432,0.6629195979899497,0.9321904522613065,0.0373,0.0797,0.0449,0.0363,0.0797,0.9998,1.0,0.0003,0.999,1.0,707.4416896346581
SimpleHome_XCS7_1002_WHT_Security_Camera,100,2,23385,56.26997641158844,53.17464222662299,0.9882633599999999,0.9991493,0.9412667499999999,0.9752271,0.99771668,0.7445020100502513,0.9595874371859296,0.49748743718592964,0.547280904522613,0.8942145728643216,0.0569,0.1155,0.1314,0.0912,0.1566,1.0,1.0,1.0,1.0,1.0,372.070363810174
SimpleHome_XCS7_1002_WHT_Security_Camera,100,3,7148,58.412892967793645,62.69960751826027,0.98983918,0.99898778,0.96878728,0.98210487,0.99902388,0.7521768844221106,0.9510085427135679,0.49748743718592964,0.5595698492462311,0.9529185929648242,0.0353,0.054,0.0253,0.0364,0.0534,0.9999,1.0,0.0002,1.0,1.0,634.6894096806357
SimpleHome_XCS7_1002_WHT_Security_Camera,100,4,1483,75.35681265544373,103.41120713723156,0.31160749,0.9996667300000001,0.37305999,0.43339553000000003,0.95777599,0.49768743718592967,0.9834854271356783,0.6173115577889448,0.607370351758794,0.8750447236180905,1.0,0.0199,0.0,0.0,0.0,0.9713,0.9998,0.0,0.0,0.0,2236.5900589075645
SimpleHome_XCS7_1002_WHT_Security_Camera,100,5,15071,43.61750203584684,44.83804183721928,0.99978159,0.99946504,0.99664122,0.9998469299999999,0.9997263,0.9890246231155779,0.9731175879396985,0.8312170854271357,0.992308040201005,0.9862462311557789,0.0095,0.0059,0.0,0.0167,0.0052,1.0,0.9999,0.0,1.0,0.9992,535.8820634171362
SimpleHome_XCS7_1002_WHT_Security_Camera,100,6,21768,60.69521904664164,62.5114799145547,0.9883363000000001,0.99856914,0.9666885199999999,0.9802464599999999,0.9980058399999999,0.7429160804020101,0.9319396984924623,0.49748743718592964,0.5373959798994975,0.9025105527638191,0.0376,0.0624,0.0273,0.039,0.0514,0.9999,1.0,0.0002,1.0,1.0,595.4270457345835
SimpleHome_XCS7_1002_WHT_Security_Camera,100,7,13992,41.72703903344098,42.29931856373753,0.99978324,0.9982688399999999,0.99802573,0.99979785,0.99940968,0.9893115577889448,0.9130175879396984,0.9007904522613066,0.9898417085427136,0.9703447236180904,0.011,0.0258,0.0002,0.0355,0.0238,0.9998,1.0,0.0,1.0,1.0,547.5380838319835
SimpleHome_XCS7_1002_WHT_Security_Camera,100,8,4552,61.52071783585311,64.26508993332843,0.98957725,0.99896504,0.9687454000000001,0.98607833,0.99804521,0.7495467336683417,0.9502286432160805,0.49748743718592964,0.6795829145728642,0.9042246231155779,0.0314,0.051,0.0252,0.0249,0.0457,1.0,1.0,0.0002,0.6219,1.0,830.2455552397436
SimpleHome_XCS7_1002_WHT_Security_Camera,100,9,15913,57.47157116871166,52.884335901818574,0.98686566,0.9981949,0.94192442,0.97299647,0.99685859,0.7421100502512562,0.9112638190954774,0.4975281407035176,0.5337492462311558,0.8507909547738693,0.07,0.1489,0.1261,0.0925,0.1302,1.0,1.0,1.0,1.0,1.0,311.47552421559925
SimpleHome_XCS7_1002_WHT_Security_Camera,100,10,190,39.68797783668593,45.65244082178677,0.99988529,0.9999240199999999,0.95501875,0.9997495300000001,0.99996855,0.9942356783919597,0.9961819095477387,0.6215050251256281,0.987413567839196,0.9984195979899497,0.0065,0.0135,0.0002,0.0256,0.4027,1.0,1.0,0.0,1.0,1.0,564.9060516402154
SimpleHome_XCS7_1002_WHT_Security_Camera,100,11,10837,39.363147636386046,38.58267513936085,0.99976548,0.99962757,0.9969127,0.9997605,0.9997160599999999,0.9882150753768844,0.9814482412060301,0.844859296482412,0.9879648241206029,0.9859211055276381,0.0002,0.0021,0.0,0.0002,0.0012,0.5474,0.9972,0.0,0.5759,0.9729,1586.3512425704744
SimpleHome_XCS7_1002_WHT_Security_Camera,100,12,28143,57.95984734925277,52.347371139143306,0.98794059,0.99871176,0.9417831,0.9736926100000001,0.9960982,0.7432854271356784,0.9371603015075377,0.49748743718592964,0.5304296482412061,0.8170809045226131,0.0832,0.0881,0.0714,0.0713,0.09,1.0,1.0,1.0,1.0,1.0,293.5321439229729
SimpleHome_XCS7_1002_WHT_Security_Camera,100,13,25831,56.5901772942898,50.29336287461827,0.9865511800000001,0.9991644399999999,0.94149278,0.9792991100000001,0.99826623,0.7394733668341709,0.960188944723618,0.49756633165829145,0.5903673366834171,0.917264824120603,0.0854,0.1614,0.0838,0.1058,0.1316,1.0,1.0,1.0,1.0,1.0,325.70108329090857
SimpleHome_XCS7_1002_WHT_Security_Camera,100,14,14511,41.50560746619662,41.026736748272896,0.99992886,0.9977272500000001,0.9933678300000001,0.99992013,0.9976803,0.9966100502512563,0.8858849246231155,0.6671522613065326,0.9959864321608041,0.883613567839196,0.0,0.0,0.0,0.0,0.0,0.384,0.498,0.0,0.0,0.4258,1862.7439212546476
SimpleHome_XCS7_1002_WHT_Security_Camera,300,0,23974,163.00004562355102,130.44259718272272,0.98307386,0.9987689500000001,0.9419035800000001,0.96584077,0.99724842,0.7252547738693468,0.9423391959798995,0.49748743718592964,0.49748743718592964,0.8857336683417085,0.0702,0.0987,0.1637,0.1078,0.0918,1.0,1.0,1.0,1.0,1.0,333.0854359072644
SimpleHome_XCS7_1002_WHT_Security_Camera,300,1,22863,170.75834640531596,141.11101801855563,0.98345168,0.99894984,0.9417806499999999,0.96708804,0.9974043300000001,0.7270391959798995,0.9499251256281407,0.4975291457286432,0.4975366834170854,0.8977738693467336,0.0548,0.1428,0.2478,0.1793,0.1424,1.0,1.0,1.0,1.0,1.0,572.642039251925
SimpleHome_XCS7_1002_WHT_Security_Camera,300,2,21032,173.57510925347535,150.32749233198246,0.9848314899999999,0.99438176,0.96637041,0.97563697,0.9913743399999999,0.7437206030150754,0.8516608040201006,0.49753718592964824,0.5289070351758793,0.7830849246231155,0.052,0.1057,0.1503,0.135,0.1041,1.0,1.0,1.0,1.0,1.0,454.2437071553031
SimpleHome_XCS7_1002_WHT_Security_Camera,300,3,2019,96.34195579082397,88.9002489605189,0.99966275,0.9995786600000001,0.99011944,0.99946838,0.99987983,0.9831040201005026,0.978827135678392,0.5190743718592965,0.9733386934673367,0.9939613065326633,0.0046,0.0094,0.0383,0.0296,0.0091,0.9999,0.9999,1.0,1.0,0.9999,623.1293480060286
SimpleHome_XCS7_1002_WHT_Security_Camera,300,4,4640,162.1190891131912,130.6959417400165,0.98400554,0.9970277299999999,0.9439503600000001,0.96923228,0.99391679,0.7397226130653267,0.8593045226130653,0.49748743718592964,0.5189844221105527,0.7536718592964824,0.0609,0.1239,0.2212,0.1523,0.1293,1.0,1.0,1.0,1.0,1.0,418.40397229498836
SimpleHome_XCS7_1002_WHT_Security_Camera,300,5,7013,166.62860636650473,144.48654151768096,0.98601295,0.9990241900000001,0.9671291799999999,0.97427376,0.99879111,0.7385884422110554,0.9543618090452262,0.49748743718592964,0.49748743718592964,0.9441110552763818,0.0459,0.1096,0.1032,0.0931,0.1078,1.0,1.0,1.0,1.0,1.0,597.2827979183937
SimpleHome_XCS7_1002_WHT_Security_Camera,300,6,16000,118.33911435311336,97.9182300477358,0.9999739799999999,0.99693231,0.99998603,0.99998488,0.99692582,0.9987577889447237,0.845864824120603,0.9992979899497487,0.9992402010050251,0.8455391959798995,0.0076,0.0217,0.0564,0.0473,0.0194,0.9999,1.0,1.0,1.0,1.0,699.5249425453881
SimpleHome_XCS7_1002_WHT_Security_Camera,300,7,25409,154.9157492389002,129.47738447112715,0.9841874099999999,0.99921052,0.94435198,0.96889904,0.9987071000000001,0.7066366834170854,0.9626507537688442,0.49748743718592964,0.49748743718592964,0.9412728643216081,0.048,0.1078,0.0684,0.0903,0.1075,1.0,1.0,1.0,1.0,1.0,425.21210321180973
SimpleHome_XCS7_1002_WHT_Security_Camera,300,8,20541,165.6793668271788,145.24308682477152,0.9849867,0.99688133,0.96704848,0.9743962600000001,0.9937928799999999,0.7403366834170855,0.8527994974874371,0.49748743718592964,0.4982959798994975,0.8140090452261306,0.0588,0.1011,0.1083,0.1034,0.0869,1.0,1.0,1.0,1.0,1.0,527.0560231280764
SimpleHome_XCS7_1002_WHT_Security_Camera,300,9,1486,216.57680667356553,303.2646866318709,0.38401381,0.9997107399999999,0.38930209,0.42407830999999996,0.9180332800000001,0.5460165829145729,0.9860271356783921,0.6416522613065326,0.6045195979899497,0.8810417085427136,1.0,0.9847,1.0,1.0,1.0,1.0,1.0,1.0,1.0,1.0,358.75754708288514
SimpleHome_XCS7_1002_WHT_Security_Camera,300,10,13485,163.67664940191443,127.52392920349838,0.98368107,0.99782381,0.94258027,0.9667285400000001,0.9951226000000001,0.7301577889447236,0.8952221105527638,0.49748743718592964,0.49748743718592964,0.8013120603015076,0.0724,0.1348,0.2113,0.1495,0.1278,1.0,1.0,1.0,1.0,1.0,328.03371140855023
SimpleHome_XCS7_1002_WHT_Security_Camera,300,11,30154,125.86786052195473,123.92321054099297,0.46389588000000004,0.99945909,0.48160448000000006,0.57943694,0.99796563,0.5935934673366834,0.9758135678391959,0.5963361809045227,0.6854462311557789,0.9566472361809046,0.0,0.0307,0.0,0.0,0.0,0.0,0.9986,0.0,0.0,0.0,5705.646546870127
SimpleHome_XCS7_1002_WHT_Security_Camera,300,12,3765,171.34184991905556,157.29958757896512,0.98478572,0.99759763,0.96690962,0.9742878099999999,0.9938717199999999,0.7400070351758794,0.8823804020100503,0.49748743718592964,0.49790904522613066,0.8196160804020101,0.0441,0.1204,0.1381,0.1242,0.1216,1.0,1.0,1.0,1.0,1.0,698.1061898572855
SimpleHome_XCS7_1002_WHT_Security_Camera,300,13,24274,170.84030888731408,151.80914797460565,0.98561915,0.9958082199999999,0.9683092299999999,0.9771607200000001,0.99303744,0.73838391959799,0.8587477386934673,0.4975361809045226,0.531932663316583,0.7985206030150754,0.0663,0.0918,0.1026,0.0887,0.0904,1.0,1.0,1.0,1.0,1.0,459.7755713839382
SimpleHome_XCS7_1002_WHT_Security_Camera,300,14,3069,171.91230880420983,149.3685058523897,0.98505045,0.9950628,0.96661109,0.97573635,0.9918232300000001,0.7442698492462312,0.8587507537688442,0.49748743718592964,0.5296286432160804,0.7889653266331659,0.0498,0.104,0.1262,0.1152,0.1154,1.0,1.0,1.0,1.0,1.0,482.89861839285805
SimpleHome_XCS7_1002_WHT_Security_Camera,1000,0,22550,332.6527316554465,304.1554460735858,0.9974678699999999,0.98428549,0.9880065,0.98820184,0.98550873,0.888491959798995,0.7459879396984924,0.7600643216080403,0.7634904522613065,0.7459045226130654,0.0,0.0,0.0,0.0,0.0,0.0648,0.4863,0.0,0.0,0.1862,9881.358739407231
SimpleHome_XCS7_1002_WHT_Security_Camera,1000,1,23243,320.26701451770333,300.6913588694289,0.9972812799999999,0.98512252,0.98683372,0.9869071,0.98578633,0.8859497487437187,0.7446613065326633,0.7376532663316583,0.7394035175879397,0.7445658291457287,0.0,0.0,0.0,0.0,0.0,0.0409,0.4916,0.0,0.0,0.4773,10221.524467443185
SimpleHome_XCS7_1002_WHT_Security_Camera,1000,2,17121,348.69861710514397,285.1045374996805,0.99756264,0.98883292,0.98107911,0.991011,0.9898235999999999,0.8889120603015075,0.7448869346733669,0.4975246231155779,0.5969025125628141,0.7339291457286432,0.0001,0.0083,0.0001,0.0087,0.0086,0.4647,0.571,0.0,0.5089,0.562,5592.591400388243
SimpleHome_XCS7_1002_WHT_Security_Camera,1000,3,1876,230.66454407608924,212.09992821205876,0.99975501,0.99954615,0.9998089800000001,0.99980755,0.99981597,0.98931608040201,0.9775894472361809,0.9904819095477387,0.9904356783919598,0.9911683417085426,0.0,0.0,0.0,0.0,0.0,0.0,0.0,0.0,0.0,0.0,7003.096992592061
SimpleHome_XCS7_1002_WHT_Security_Camera,1000,4,8193,349.9629210226968,283.111333006719,0.99976825,0.99582361,0.9957422,0.99655473,0.99562536,0.9883804020100502,0.7905809045226131,0.787711055276382,0.8272929648241206,0.7811135678391959,0.0001,0.0282,0.0001,0.0077,0.0194,0.4667,1.0,0.0,0.6513,1.0,6355.38040944501
SimpleHome_XCS7_1002_WHT_Security_Camera,1000,5,7545,556.9633647824677,421.6042498838135,0.9782576799999999,0.99427173,0.96511954,0.9717558399999999,0.98933865,0.558308040201005,0.8396648241206031,0.4975361809045226,0.49753718592964824,0.7551557788944724,0.0653,0.1417,0.1744,0.1712,0.1488,1.0,1.0,1.0,1.0,1.0,534.0025928534254
SimpleHome_XCS7_1002_WHT_Security_Camera,1000,6,18485,319.72398215470463,233.14436924663477,0.99912445,0.99778113,0.99983581,0.9998529600000001,0.99858769,0.9562366834170855,0.8890145728643216,0.9917492462311558,0.9926110552763819,0.9291919597989948,0.0001,0.0,0.0,0.0,0.0,0.0444,0.0,0.116,0.1849,0.0,2684.061850716257
SimpleHome_XCS7_1002_WHT_Security_Camera,1000,7,14784,236.10674871430444,215.5749854490174,0.9989572099999999,0.99849426,0.99941579,0.99965408,0.99985762,0.9478391959798995,0.924480904522613,0.9706427135678393,0.9826170854271357,0.9928603015075377,0.0,0.0,0.0,0.0,0.0,0.0,0.0,0.0,0.0,0.0,9102.626896171721
SimpleHome_XCS7_1002_WHT_Security_Camera,1000,8,1566,225.44250161615096,208.8744823100559,0.9772643999999999,0.9995485399999999,0.99982344,0.9998248900000001,0.99982664,0.8014572864321609,0.9777211055276382,0.991348743718593,0.9914527638190955,0.9917160804020101,0.0,0.0,0.0,0.0,0.0,0.0,0.0,0.0,0.0,0.0,6450.614581010601
SimpleHome_XCS7_1002_WHT_Security_Camera,1000,9,1357,198.5353295046357,194.24565921855088,0.86701016,0.99957763,0.99968925,0.99970618,0.99981166,0.7548864321608041,0.9789291457286431,0.9845989949748744,0.9854864321608041,0.9907381909547738,0.0,0.0,0.0,0.0,0.0,0.0,0.5056,0.0,0.0,0.0,9348.120092778036
SimpleHome_XCS7_1002_WHT_Security_Camera,1000,10,13438,297.15250186899027,250.2206677377937,0.9969088399999999,0.9813303,0.98685481,0.98632221,0.98156906,0.8954954773869348,0.8952311557788946,0.8945155778894471,0.8946582914572863,0.8952603015075377,0.0,0.0,0.0,0.0,0.0,0.0,0.0,0.0,0.0,0.0,8418.310778368796
SimpleHome_XCS7_1002_WHT_Security_Camera,1000,11,7317,552.9043354374786,422.7593890338631,0.97830775,0.9943352299999999,0.96644377,0.97168105,0.9893048299999999,0.5499939698492462,0.8421090452261306,0.49748743718592964,0.49748743718592964,0.7614643216080402,0.0637,0.1364,0.1538,0.1522,0.141,1.0,1.0,1.0,1.0,1.0,497.3786940658261
SimpleHome_XCS7_1002_WHT_Security_Camera,1000,12,27378,557.2575169166455,449.9121453125512,0.9815171500000001,0.99515816,0.96826862,0.9744626200000001,0.99028115,0.6009628140703518,0.8482582914572865,0.49748743718592964,0.49748743718592964,0.7608502512562814,0.0516,0.1187,0.1507,0.1442,0.1243,1.0,1.0,1.0,1.0,1.0,590.7625186416861
SimpleHome_XCS7_1002_WHT_Security_Camera,1000,13,1140,195.02130614308234,188.5237564977284,0.71935979,0.9983483,0.9968803199999999,0.99701576,0.99821748,0.6863527638190955,0.9483447236180904,0.9065587939698492,0.9126366834170854,0.952826633165829,0.0,0.0006,0.0,0.0,0.0,0.0,0.3871,0.0,0.0,0.0,3299.996183477445
SimpleHome_XCS7_1002_WHT_Security_Camera,1000,14,10096,363.30524703837443,291.2384280422456,0.99976172,0.99991396,0.99972852,0.99977912,0.99992063,0.9880291457286432,0.9956763819095478,0.9863577889447236,0.9889005025125628,0.9960115577889447,0.0122,0.0009,0.0396,0.0356,0.0007,1.0,0.9979,1.0,1.0,0.9978,697.8609092775224
SimpleHome_XCS7_1003_WHT_Security_Camera,30,0,465,22.429253827620485,33.26411675588654,0.9999984947315604,0.9999952667670179,0.9908046830573675,0.9999994313430339,0.9999947984612811,0.9999379822679211,0.9997621490963766,0.5478694862504528,0.9999714242730628,0.9997386161447814,0.0016725204883759827,0.0015052684395383843,0.0,0.0,0.0015052684395383843,0.9998,1.0,0.0,0.9993,0.9999,500.69394123079553
SimpleHome_XCS7_1003_WHT_Security_Camera,30,1,9721,28.835180679137007,34.41685234779587,1.0,0.9999989463120924,0.9517527680214082,1.0,0.9999998494731561,1.0,0.9999470508589108,0.7455773515511998,1.0,0.9999924358369873,0.013881920053520656,0.08312426827228633,0.15253386853988962,0.12359926409098511,0.09951496905837097,1.0,1.0,1.0,1.0,1.0,190.4458743637136
SimpleHome_XCS7_1003_WHT_Security_Camera,30,2,10073,17.16207508986062,21.251458994318213,0.9999997992975415,0.9999973908680382,0.9999997992975413,0.9999998494731561,0.9999992306405754,0.9999899144493164,0.9998688878411123,0.9999899144493163,0.9999924358369873,0.9999613387223792,0.0015052684395383843,0.0015052684395383843,0.0,0.0,0.0015052684395383843,0.9999,1.0,0.0,0.9999,0.9999,563.0943236039346
SimpleHome_XCS7_1003_WHT_Security_Camera,30,3,10326,28.952898111778268,34.42095642707985,1.0,0.9999996487706975,0.9807215587890953,0.9999997491219267,0.9999999832747951,1.0,0.9999823502863036,0.7677659664773104,0.9999873930616454,0.999999159537443,0.01739421307911022,0.09834420471650777,0.04632881752801472,0.044990801137313935,0.09349389530021743,1.0,1.0,0.6927,1.0,1.0,191.88244502620836
SimpleHome_XCS7_1003_WHT_Security_Camera,30,4,991,28.99062353722167,34.42095642707985,1.0,0.9999997491219268,0.9509870045158053,1.0,0.9999998494731561,1.0,0.9999873930616454,0.7613239890706249,1.0,0.9999924358369873,0.019902993811674194,0.4328483023917043,0.8446228466298712,0.5024251547081452,0.4520822880080281,1.0,1.0,1.0,1.0,1.0,183.75963214109768
SimpleHome_XCS7_1003_WHT_Security_Camera,30,5,8186,27.344438319726716,34.16800885519159,1.0,0.9999990466633216,0.9207037798963038,0.9999993477170095,0.9999990132129118,1.0,0.9999520936342526,0.511300800708678,0.9999672219602781,0.9999504127091386,0.0023415286837263757,0.029938116741930088,0.010202374979093494,0.011874895467469476,0.03311590566984446,1.0,1.0,0.0748,1.0,1.0,307.20014170295616
SimpleHome_XCS7_1003_WHT_Security_Camera,30,6,2867,29.0,34.42095642707985,1.0,0.9999998996487707,0.9454705970898144,0.999999849473156,1.0,1.0,0.9999949572246583,0.7501310617311343,0.9999924358369872,1.0,0.015554440541896638,0.027094831911690917,0.11322963706305403,0.041813012209399564,0.028265596253554105,1.0,1.0,0.6713,1.0,1.0,200.8486229629767
SimpleHome_XCS7_1003_WHT_Security_Camera,30,7,8587,28.988228388993388,34.42095642707985,1.0,0.999997273791604,0.9680244522495401,0.9999999665495902,0.9999997825723366,1.0,0.9998630046032135,0.758500270208712,0.999998319074886,0.9999890739867594,0.020404749958186988,0.15303562468640242,0.21040307743769862,0.9210570329486536,0.8096671684228132,1.0,1.0,1.0,1.0,1.0,174.20830563690524
SimpleHome_XCS7_1003_WHT_Security_Camera,30,8,9261,29.0,34.42095642707985,1.0,0.9999950827897642,0.9502915370463287,1.0,0.9999994815186486,1.0,0.99975290400825,0.7476047405450064,1.0,0.9999739456607337,0.0041813012209399565,0.0021742766348887776,0.0859675531025255,0.007359090148854323,0.002508780732563974,1.0,1.0,0.5576,1.0,1.0,251.9991784533412
SimpleHome_XCS7_1003_WHT_Security_Camera,30,9,11224,29.0,34.42095642707985,1.0,0.9999995985950828,0.9837126275296872,0.9999998996487707,0.9999999832747951,1.0,0.9999798288986327,0.7728100781546132,0.999994957224658,0.999999159537443,0.0192339856163238,0.42415119585214917,0.035290182304733235,0.4895467469476501,0.4537548084964041,1.0,1.0,0.679,1.0,1.0,181.54346525569778
SimpleHome_XCS7_1003_WHT_Security_Camera,30,10,744,28.542952621381513,34.41685234779587,1.0,0.9999999330991804,0.9886920555276802,1.0,1.0,1.0,0.999996638149772,0.7659085358217749,1.0,1.0,0.010871383174443887,0.024586051179126944,0.022579026593075764,0.02007024586051179,0.027596588058203714,1.0,1.0,0.5627,1.0,1.0,183.65788559826967
SimpleHome_XCS7_1003_WHT_Security_Camera,30,11,1079,29.0,34.42095642707985,1.0,0.9999996487706975,0.9489142331493561,1.0,1.0,1.0,0.9999823502863036,0.7480931837646168,1.0,1.0,0.020739254055862185,0.1053687907676869,0.11373139320956682,0.05519317611640743,0.09115236661649105,1.0,1.0,0.6747,1.0,1.0,188.84061310483577
SimpleHome_XCS7_1003_WHT_Security_Camera,30,12,1546,29.0,34.42095642707985,1.0,0.9999944974075933,0.9626292691085465,0.9999999832747951,0.9999966716842281,1.0,0.999723487818756,0.7645620643777509,0.999999159537443,0.9998327479511624,0.010369627027931093,0.46629871215922397,0.10336176618163573,0.5017561465127948,0.48553269777554775,1.0,1.0,1.0,1.0,1.0,197.19344565496309
SimpleHome_XCS7_1003_WHT_Security_Camera,30,13,5732,28.985307930028075,34.41685234779587,1.0,0.9999973239672186,0.9524250041813012,1.0,0.9999993477170096,1.0,0.9998655259908844,0.7516185207690904,1.0,0.9999672219602781,0.008028098344204716,0.007359090148854323,0.20755979260745944,0.02207727044656297,0.010202374979093494,1.0,1.0,1.0,1.0,1.0,190.31883022899885
SimpleHome_XCS7_1003_WHT_Security_Camera,30,14,9249,29.0,34.42095642707985,1.0,0.9999973741428333,0.9513073256397392,1.0,0.9999998494731561,1.0,0.9998680473785553,0.7516983226888752,1.0,0.9999924358369873,0.005853821709315939,0.05084462284662987,0.15872219434688076,0.016892456932597423,0.04950660645592909,1.0,1.0,1.0,1.0,1.0,231.71149344510155
SimpleHome_XCS7_1003_WHT_Security_Camera,100,0,6820,98.07727521036554,104.41558026233932,1.0,0.9999991971901656,0.9367053687907677,0.9999406924234822,0.9999996822211072,1.0,0.9999596577972654,0.5223050526087537,0.9970197197729742,0.9999840312114174,0.027094831911690917,0.08396052851647433,0.14032446897474493,0.07392540558621843,0.09098511456765346,1.0,1.0,1.0,1.0,1.0,169.72106096835245
SimpleHome_XCS7_1003_WHT_Security_Camera,100,1,11820,97.0307726636717,104.16800885519159,1.0,0.9999998160227463,0.9488962702793109,0.9999552600769359,1.0,1.0,0.9999907549118733,0.7448692534423245,0.9977517626600976,1.0,0.017895969225623014,0.049004850309416294,0.13681217594915537,0.07844121090483358,0.06405753470480013,1.0,1.0,1.0,1.0,1.0,134.53849389770667
SimpleHome_XCS7_1003_WHT_Security_Camera,100,2,2941,98.95495775515906,104.42095642707986,1.0,0.9999989797625021,0.9455764509115236,0.999994948988125,1.0,1.0,0.9999487317840247,0.752006948944421,0.9997461803077943,1.0,0.03646094664659642,0.19116909182137481,0.20973406924234822,0.2600769359424653,0.21742766348887774,1.0,1.0,1.0,1.0,1.0,118.11546754619864
SimpleHome_XCS7_1003_WHT_Security_Camera,100,3,2862,98.95652412087642,104.42095642707986,1.0,0.9999997323967219,0.9448863020572003,0.9999960863020572,1.0,1.0,0.9999865525990884,0.7484618442606072,0.9998033317616684,1.0,0.03345040976751965,0.17143335005853821,0.21508613480515137,0.2614149523331661,0.20053520655628032,1.0,1.0,1.0,1.0,1.0,137.824211776471
SimpleHome_XCS7_1003_WHT_Security_Camera,100,4,9332,94.57667925305014,104.03198231615443,1.0,0.9999996153202877,0.9951344539220606,0.9999543067402575,0.9999994982438535,1.0,0.9999806693611897,0.7741806036370178,0.9977038562943501,0.9999747861232908,0.011373139320956682,0.008529854490717512,0.00016725204883759825,0.005853821709315939,0.006355577855828734,1.0,1.0,0.5442,1.0,1.0,197.10696402817746
SimpleHome_XCS7_1003_WHT_Security_Camera,100,5,3024,90.18755115331884,103.71332741690495,1.0,0.9999999665495902,0.9985018397725373,0.9999948653621007,0.9999999163739756,1.0,0.999998319074886,0.9247155664591564,0.9997419779950094,0.9999957976872151,0.006355577855828734,0.004515805318615153,0.0,0.0036795450744271617,0.0035122930255895636,1.0,1.0,0.0008,1.0,1.0,271.66505874706525
SimpleHome_XCS7_1003_WHT_Security_Camera,100,6,2141,96.38750958112382,104.11375161213716,1.0,0.9999997658471316,0.9935019233985617,0.9999892289680549,0.9999998160227462,1.0,0.9999882335242024,0.6864449442395116,0.9994587421133094,0.9999907549118733,0.00769359424652952,0.000669008195350393,0.0030105368790767687,0.006021073758153537,0.000669008195350393,1.0,1.0,0.4752,1.0,1.0,200.10179394205977
SimpleHome_XCS7_1003_WHT_Security_Camera,100,7,11833,88.10930560194254,103.94423054327281,0.999831359759157,0.9996627696939288,0.9362973406924235,0.9978500418130122,0.9997294196353905,0.9915256160380427,0.9830537534637563,0.7417783095104222,0.8919684893778139,0.9864029967532932,0.00016725204883759825,0.0,0.03896972737916039,0.000669008195350393,0.0,0.7986,0.6272,0.5591,0.5294,0.5618,1058.9990929890057
SimpleHome_XCS7_1003_WHT_Security_Camera,100,8,8222,93.6102688890602,104.1305193259906,0.9999999832747951,0.999999147014551,0.9270672185984278,0.9999948319116909,0.9999998327479512,0.999999159537443,0.9999571364095945,0.5121563075454207,0.9997402970698954,0.9999915953744303,0.010871383174443887,0.9670513463789931,0.9687238668673691,0.9660478340859675,0.9759157049673859,1.0,1.0,1.0,1.0,1.0,223.30371747100062
SimpleHome_XCS7_1003_WHT_Security_Camera,100,9,9614,97.19193756437333,104.37616101047269,1.0,0.9999999832747951,0.9641040307743769,0.9999390533534035,1.0,1.0,0.999999159537443,0.7587638560758299,0.996937354442391,1.0,0.02124101020237498,0.03746445893962201,0.09750794447231978,0.049004850309416294,0.041980264258237164,1.0,1.0,1.0,1.0,1.0,129.82143376753066
SimpleHome_XCS7_1003_WHT_Security_Camera,100,10,1503,97.41501163421455,104.25069591754871,1.0,0.9999960863020573,0.9557803813346714,0.9999962702793109,0.9999978591737749,1.0,0.9998033317616684,0.5590904766347207,0.999812576849795,0.9998924207927076,0.017059708981435023,0.4134470647265429,0.00869710653955511,0.0577019568489714,0.36862351563806656,1.0,1.0,0.2338,1.0,1.0,169.79681168124344
SimpleHome_XCS7_1003_WHT_Security_Camera,100,11,8940,92.52427877836492,104.03199284963806,1.0,0.9999982271282823,0.9284158220438201,0.9999955845459106,0.9999999832747951,1.0,0.9999109109689609,0.5116524754563921,0.9997781178849592,0.999999159537443,0.004515805318615153,0.013547415955845458,0.007526342197691922,0.005853821709315939,0.013045659809332665,1.0,1.0,0.0341,1.0,1.0,289.4905031926915
SimpleHome_XCS7_1003_WHT_Security_Camera,100,12,9937,98.56800916782099,104.41685234779587,1.0,0.9999998494731561,0.9216281819702292,0.999995400568657,1.0,1.0,0.9999924358369873,0.5121491888275631,0.9997688727968325,1.0,0.03562468640240843,0.1717678541562134,0.047834085967553105,0.14032446897474493,0.17611640742599097,1.0,1.0,0.237,1.0,1.0,122.35857600939175
SimpleHome_XCS7_1003_WHT_Security_Camera,100,13,2154,96.49005308337618,104.15484449725832,1.0,0.9999998160227462,0.993492222779729,0.9999873222946981,0.999999849473156,1.0,0.9999907549118733,0.6860014405528226,0.9993629293818145,0.9999924358369872,0.00769359424652952,0.000669008195350393,0.0,0.006021073758153537,0.0008362602441879914,1.0,1.0,0.0724,1.0,1.0,203.7132352777697
SimpleHome_XCS7_1003_WHT_Security_Camera,100,14,7276,90.07486235804134,103.80952676619226,1.0,0.9999972403411942,0.9953217093159391,0.9998941629034956,0.9999945977588226,1.0,0.9998613236780995,0.766938758014861,0.9946815529394759,0.9997285305940977,0.014550928248871048,0.020572002007024585,0.0,0.014049172102358254,0.013212911858170263,1.0,1.0,0.0762,1.0,1.0,271.473309079368
SimpleHome_XCS7_1003_WHT_Security_Camera,300,0,11411,284.13922331490295,304.13132741214133,1.0,0.9999998494731561,0.967289496571333,0.9999240006690082,1.0,1.0,0.9999924358369873,0.5316885144908352,0.9961809381411153,1.0,0.013380163907007862,0.012878407760495066,0.03696270279310922,0.04014049172102358,0.015219936444221442,1.0,1.0,0.4976,1.0,1.0,231.7785545045617
SimpleHome_XCS7_1003_WHT_Security_Camera,300,1,10863,280.59739726196193,304.154915661705,0.9999666332162569,1.0,0.9192304733232982,0.9993582204382003,0.9999998829235658,0.9983232771988391,1.0,0.511562545962796,0.9684904620106722,0.9999941167621011,0.04549255728382673,0.1262752968723867,0.211072085633049,0.11122261247700284,0.13564141160729218,1.0,1.0,1.0,1.0,1.0,104.91656646333014
SimpleHome_XCS7_1003_WHT_Security_Camera,300,2,1325,278.9436791567647,304.13132741214133,0.9999999832747951,0.9999983442047166,0.9866404582706138,0.9999298712159225,0.9999997825723366,0.999999159537443,0.9999167942068596,0.5590581692540306,0.9964759404986129,0.9999890739867594,0.019066733567486203,0.33868539889613647,0.013547415955845458,0.012376651613982272,0.3401906673356749,1.0,1.0,0.4919,1.0,1.0,216.69627788724586
SimpleHome_XCS7_1003_WHT_Security_Camera,300,3,3959,270.91513704403275,303.80952192454157,0.9999999665495902,0.9999991637397558,0.9981014550928249,0.9999330155544405,0.9999978257233652,0.999998319074886,0.9999579768721514,0.9045957333077832,0.9966339474593238,0.9998907398675936,0.006021073758153537,0.007860846295367119,0.000669008195350393,0.0010035122930255895,0.0030105368790767687,1.0,1.0,0.0174,1.0,1.0,330.07235151305986
SimpleHome_XCS7_1003_WHT_Security_Camera,300,4,4776,239.70109004446041,303.3760744212073,0.9999999832747951,0.9999990299381167,0.9992076768690416,0.9999988459608631,0.9999997825723365,0.999999159537443,0.9999512531716956,0.9601847672885249,0.9999420080835688,0.9999890739867594,0.0016725204883759827,0.01722696103027262,0.0,0.0003345040976751965,0.012376651613982272,1.0,1.0,0.0007,0.9996,1.0,763.1173054078811
SimpleHome_XCS7_1003_WHT_Security_Camera,300,5,3290,294.0096144844384,304.154915661705,0.9999999832747951,0.999998712159224,0.9687498578357585,0.9998352901823048,0.9999996654959024,0.999999159537443,0.9999352843831131,0.5605479815871464,0.9917231247389313,0.9999831907488606,0.047666833918715505,0.446730222445225,0.015554440541896638,0.1152366616491052,0.4305067737079779,1.0,1.0,0.498,1.0,1.0,83.3062644159505
SimpleHome_XCS7_1003_WHT_Security_Camera,300,6,6364,102.17386319869772,72.95454611068907,0.9999993309918047,0.999999715671517,0.9999966549590232,0.9999948988125105,0.9999950660645593,0.9999663814977211,0.9999857121365314,0.9998319074886055,0.9997436589201233,0.9997520635456929,0.0,0.0,0.0,0.0,0.0,0.0,0.4921,0.0,0.0,0.0013,9968.104659150495
SimpleHome_XCS7_1003_WHT_Security_Camera,300,7,1157,265.05098793959024,303.80952192454157,0.9999660645592908,0.9999970730891453,0.9978378825890617,0.9999052015387189,0.9999942298043152,0.9982947014719021,0.9998529190525298,0.8913508838724481,0.9952453688411954,0.9997100404178443,0.021910018397725373,0.010871383174443887,0.0,0.005017561465127948,0.0097006188325807,1.0,1.0,0.0008,0.9991,1.0,304.37940160825735
SimpleHome_XCS7_1003_WHT_Security_Camera,300,8,12191,277.3968355569479,304.0319823161544,0.9999677872553939,0.9999990801137314,0.9876255895634721,0.9998361598929587,0.9999996487706975,0.9983812691152703,0.9999537745593665,0.5605962997795467,0.9917668287918939,0.9999823502863036,0.012042147516307075,0.8546579695601271,0.01739421307911022,0.04666332162568992,0.9550091988626861,1.0,1.0,1.0,1.0,1.0,243.89243431331283
SimpleHome_XCS7_1003_WHT_Security_Camera,300,9,8129,265.103131666934,303.5336408885073,1.0,0.9999992975413948,0.9985311423314935,0.9999727713664492,0.9999978926241846,1.0,0.9999647005726071,0.926188056858973,0.9986317269572482,0.9998941017178213,0.006355577855828734,0.005352065562803144,0.0,0.0010035122930255895,0.0023415286837263757,1.0,1.0,0.001,1.0,1.0,317.50702722377713
SimpleHome_XCS7_1003_WHT_Security_Camera,300,10,10083,151.19534821715857,123.6015201918868,0.9999998494731561,0.999656698444556,0.9991358588392708,0.9995731560461616,0.9995486703462118,0.9999924358369873,0.9827486655555752,0.9565758210688835,0.9785505550834958,0.9773201179000875,0.0,0.0,0.0,0.0,0.0,0.0,0.4926,0.0,0.0,0.4288,4847.617060552719
SimpleHome_XCS7_1003_WHT_Security_Camera,300,11,10703,278.1118816489006,304.154915661705,1.0,0.9999998494731561,0.9308945810336176,0.9995823883592574,0.9999999498243853,1.0,0.9999924358369873,0.5107989437066583,0.9790144904149447,0.9999974786123291,0.044489044990801134,0.08998160227462787,0.11272788091654123,0.07359090148854323,0.08847633383508947,1.0,1.0,1.0,1.0,1.0,110.63264473494242
SimpleHome_XCS7_1003_WHT_Security_Camera,300,12,5776,114.10502576531597,93.96958321315532,0.9999999832747951,0.9947702625857167,0.9978481016892456,0.9978482354908847,0.9938434688074929,0.999999159537443,0.9005494019688676,0.9005300713300572,0.900536795030513,0.9005485615063106,0.0,0.0,0.0,0.0,0.0,0.0,0.0,0.0,0.0,0.0,4972.3963728710605
SimpleHome_XCS7_1003_WHT_Security_Camera,300,13,4252,243.52805826997803,303.64661312097616,0.9999999498243853,0.999999565144673,0.9625324636226794,0.9996498578357585,0.9999998327479512,0.9999974786123291,0.9999781479735188,0.5594803083825214,0.9824049163697732,0.9999915953744303,0.004014049172102358,0.013380163907007862,0.0021742766348887776,0.006021073758153537,0.013881920053520656,1.0,1.0,0.028,1.0,1.0,599.648595796848
SimpleHome_XCS7_1003_WHT_Security_Camera,300,14,6718,283.0995173496353,304.11375161213715,1.0,1.0,0.9589153871884931,0.9997605285164743,1.0,1.0,1.0,0.5306411972893401,0.9879662571092627,1.0,0.03629369459775882,0.0665663154373641,0.060043485532697775,0.05234989128616826,0.061381501923398564,1.0,1.0,0.498,1.0,1.0,120.47958085408821
SimpleHome_XCS7_1003_WHT_Security_Camera,1000,0,9586,494.9930639558984,396.13588323588925,1.0,0.9996227462786419,0.9990658638568322,0.9994683893627697,0.999484027429336,1.0,0.9810425265649203,0.953058485267952,0.9732858976266178,0.9740717301173875,0.0,0.0,0.0005017561465127947,0.0,0.0,0.9999,0.6736,0.6705,0.6823,0.664,2293.8868199189524
SimpleHome_XCS7_1003_WHT_Security_Camera,1000,1,8764,865.9886683415449,1003.4439499022311,0.9999275798628533,0.9990551095500919,0.9954225121257736,0.9970004683057367,0.9984258906171601,0.9963607971283075,0.9525180678438185,0.8138018155672155,0.8757086065887222,0.9208990259879428,0.006355577855828734,0.005352065562803144,0.000669008195350393,0.0021742766348887776,0.0033450409767519654,1.0,1.0,0.0165,0.7523,0.793,794.292163677101
SimpleHome_XCS7_1003_WHT_Security_Camera,1000,2,4761,835.6653855378778,1003.3760744212072,0.9999667001170764,0.9999994647934437,0.9991643251379829,0.9999430841277805,0.9999992139153705,0.998326639049067,0.9999731051981768,0.9580062883408513,0.9971399059186213,0.9999604982598223,0.005017561465127948,0.00384679712326476,0.0,0.0008362602441879914,0.0023415286837263757,1.0,1.0,0.0011,1.0,1.0,616.7571718195213
SimpleHome_XCS7_1003_WHT_Security_Camera,1000,3,10118,845.0839910268654,1003.4046561494233,0.999920722528851,0.9991690750961699,0.9957587723699616,0.997095400568657,0.9986719016557952,0.9960162074799487,0.9582449797070316,0.807438127247712,0.8644996516282701,0.9332613897384565,0.004348553269777555,0.000669008195350393,0.000669008195350393,0.0010035122930255895,0.0010035122930255895,1.0,0.7988,0.0212,0.4987,0.7983,1185.664752969885
SimpleHome_XCS7_1003_WHT_Security_Camera,1000,4,8062,497.1291947104177,418.57829999823133,1.0,0.9993639404582706,0.9994668004683057,0.9993637732062217,0.999155694932263,1.0,0.9680372089583222,0.9732060536837054,0.9680288043327525,0.9575726096614533,0.0,0.000669008195350393,0.0,0.0003345040976751965,0.0005017561465127947,1.0,0.7946,0.003,0.7945,0.7946,1225.207059550732
SimpleHome_XCS7_1003_WHT_Security_Camera,1000,5,8987,884.6509523069224,1003.9442171208682,0.9999659140324468,0.9999963037297207,0.998081451747784,0.9997542398394381,0.9999902993811675,0.9982871373088893,0.999814257774909,0.9035905400896438,0.9876502431878409,0.9995125317169558,0.010871383174443887,0.0041813012209399565,0.0008362602441879914,0.0030105368790767687,0.0030105368790767687,1.0,1.0,0.0291,1.0,1.0,348.26652980780176
SimpleHome_XCS7_1003_WHT_Security_Camera,1000,6,2712,880.1045480326612,1003.5336408885073,0.9999660478340859,0.9999996654959024,0.9974260076935942,0.9989896638233818,0.9999960194012376,0.998293861009345,0.9999831907488606,0.8706536529444344,0.9492293378583836,0.9997999699114404,0.03077437698611808,0.025422311423314935,0.0008362602441879914,0.004683057367452751,0.02023749790934939,1.0,1.0,0.0278,1.0,1.0,262.6535477159827
SimpleHome_XCS7_1003_WHT_Security_Camera,1000,7,414,552.6525117992213,419.4809619856873,0.9999998160227463,0.9999397390868038,0.99989568489714,0.9998955343702961,0.999973373473825,0.9999907549118733,0.9969718134072267,0.9947580350321603,0.9947504708691475,0.9986619836092991,0.0,0.0,0.0,0.0,0.0,0.0688,0.6188,0.0,0.1154,0.4985,11573.233635293376
SimpleHome_XCS7_1003_WHT_Security_Camera,1000,8,10638,493.2971038810095,389.2694153484283,1.0,0.9999986118079947,0.9999992975413948,0.9999870212410102,0.9999959023248035,1.0,0.9999302416077712,0.9999647005726071,0.999347801055789,0.9997940866735416,0.0,0.0,0.0,0.0,0.0,0.0,0.4896,0.0,0.0,0.474,15406.007096643154
SimpleHome_XCS7_1003_WHT_Security_Camera,1000,9,3114,870.8793888582602,1003.7133274169049,0.9999642080615487,0.9999977420973407,0.9981022411774544,0.999793661147349,0.9999934771700953,0.9982014101280781,0.9998865375548086,0.904635235047961,0.9896312134346259,0.9996722196027806,0.006522829904666332,0.0041813012209399565,0.0021742766348887776,0.006188325806991136,0.0021742766348887776,1.0,1.0,1.0,1.0,1.0,698.2954033075143
SimpleHome_XCS7_1003_WHT_Security_Camera,1000,10,571,761.7795632721268,1002.9736297913681,0.999965462451915,0.9999974912192674,0.9991743602609131,0.9997674193008863,0.9999935607961198,0.998264444819851,0.9998739306164541,0.958510565875035,0.9883125276827355,0.9996764219155654,0.002676032781401572,0.0010035122930255895,0.0,0.00016725204883759825,0.0003345040976751965,1.0,1.0,0.0006,0.6945,1.0,1614.5516087538588
SimpleHome_XCS7_1003_WHT_Security_Camera,1000,11,1813,881.591825890141,1003.7133274169049,0.9999652115738418,0.9999985281819702,0.9985129118581703,0.9998253888610136,0.9999944305067737,0.9982518378814964,0.9999260392949864,0.9252719526718726,0.9912255709052034,0.999720125968528,0.010202374979093494,0.0036795450744271617,0.0005017561465127947,0.0008362602441879914,0.002007024586051179,1.0,1.0,0.0015,1.0,1.0,319.6763530876142
SimpleHome_XCS7_1003_WHT_Security_Camera,1000,12,5317,243.03671742606326,202.87542147709587,0.9999997992975413,0.9989128616825557,0.9988430339521659,0.9988432681050343,0.9988449406255226,0.9999899144493163,0.9453699337967643,0.9418610026214027,0.9418727690972004,0.9419568153528977,0.0,0.0,0.0,0.0,0.0,0.0,0.0,0.0,0.0,0.0,32666.47420305554
SimpleHome_XCS7_1003_WHT_Security_Camera,1000,13,5118,445.7002820284589,263.23386500583246,1.0,0.9984595584545911,0.9985477170095333,0.998558688743937,0.9980006857334003,1.0,0.922590877115129,0.9270209552529329,0.9275722986903072,0.9015241704424448,0.0,0.0,0.0,0.0,0.0,0.0,0.0,0.0,0.0,0.0,15824.052513221923
SimpleHome_XCS7_1003_WHT_Security_Camera,1000,14,5958,233.34140787093736,195.44820893013357,0.9999992306405754,0.9975125940792775,0.9974312594079278,0.9974015219936444,0.9971349055025924,0.9999613387223792,0.8954980370996982,0.893089271411414,0.8932733327113911,0.8933027489008851,0.0,0.0,0.0,0.0,0.0,0.0,0.0,0.0,0.0,0.0,26296.834232929134
