device,support_n,replicate,offset,method,auroc,spauc01,fpr,tpr,mean_local_center_weight
Danmini_Doorbell,30,0,5368,local_center_peer_scale,0.99961332,0.9805688442211056,0.1942,1.0,0.978396033124663
Danmini_Doorbell,30,0,5368,shared_marginals,0.99961784,0.9807959798994974,0.218,1.0,0.978396033124663
Danmini_Doorbell,30,0,5368,eb_center_peer_scale,0.99961668,0.9807376884422111,0.1524,1.0,0.978396033124663
Danmini_Doorbell,30,1,27524,local_center_peer_scale,0.99925628,0.962627135678392,0.1416,1.0,0.9816674789546467
Danmini_Doorbell,30,1,27524,shared_marginals,0.99926312,0.9629708542713568,0.152,1.0,0.9816674789546467
Danmini_Doorbell,30,1,27524,eb_center_peer_scale,0.9993114799999999,0.9654010050251256,0.1132,1.0,0.9816674789546467
Danmini_Doorbell,30,2,8241,local_center_peer_scale,0.99881564,0.9404844221105528,0.0118,1.0,0.9654931034642328
Danmini_Doorbell,30,2,8241,shared_marginals,0.998842,0.9418090452261306,0.021,1.0,0.9654931034642328
Danmini_Doorbell,30,2,8241,eb_center_peer_scale,0.9989556399999999,0.9475195979899498,0.0096,1.0,0.9654931034642328
Danmini_Doorbell,30,3,24459,local_center_peer_scale,0.99956144,0.9779618090452262,0.0564,1.0,0.9751862310403627
Danmini_Doorbell,30,3,24459,shared_marginals,0.99955984,0.9778814070351759,0.1022,1.0,0.9751862310403627
Danmini_Doorbell,30,3,24459,eb_center_peer_scale,0.99956036,0.9779075376884423,0.0488,1.0,0.9751862310403627
Danmini_Doorbell,30,4,24618,local_center_peer_scale,0.99935348,0.9675115577889448,0.1884,1.0,0.9804724479295737
Danmini_Doorbell,30,4,24618,shared_marginals,0.9993776400000001,0.9687256281407035,0.1958,1.0,0.9804724479295737
Danmini_Doorbell,30,4,24618,eb_center_peer_scale,0.99939752,0.9697246231155778,0.1446,1.0,0.9804724479295737
Danmini_Doorbell,30,5,25988,local_center_peer_scale,0.99947336,0.9735356783919598,0.1808,1.0,0.9824673249780267
Danmini_Doorbell,30,5,25988,shared_marginals,0.9994801999999999,0.9738793969849247,0.1886,1.0,0.9824673249780267
Danmini_Doorbell,30,5,25988,eb_center_peer_scale,0.99949576,0.9746613065326634,0.1506,1.0,0.9824673249780267
Danmini_Doorbell,30,6,26347,local_center_peer_scale,0.99953476,0.9766211055276381,0.0268,1.0,0.976411845622325
Danmini_Doorbell,30,6,26347,shared_marginals,0.99952036,0.975897487437186,0.0458,1.0,0.976411845622325
Danmini_Doorbell,30,6,26347,eb_center_peer_scale,0.9996041999999999,0.9801105527638191,0.0212,1.0,0.976411845622325
Danmini_Doorbell,30,7,21046,local_center_peer_scale,0.9994584799999999,0.9727879396984924,0.0068,1.0,0.9607036788255912
Danmini_Doorbell,30,7,21046,shared_marginals,0.9994354799999999,0.9716321608040202,0.0168,1.0,0.9607036788255912
Danmini_Doorbell,30,7,21046,eb_center_peer_scale,0.99965964,0.9828964824120603,0.0054,1.0,0.9607036788255912
Danmini_Doorbell,100,0,18394,local_center_peer_scale,0.99955776,0.9777768844221104,0.0484,1.0,0.9909935356339363
Danmini_Doorbell,100,0,18394,shared_marginals,0.9995837200000001,0.9790814070351759,0.0558,1.0,0.9909935356339363
Danmini_Doorbell,100,0,18394,eb_center_peer_scale,0.99955904,0.9778412060301507,0.0442,1.0,0.9909935356339363
Danmini_Doorbell,100,1,7539,local_center_peer_scale,0.9992605999999999,0.9628442211055277,0.1238,1.0,0.9939072709967847
Danmini_Doorbell,100,1,7539,shared_marginals,0.9992694,0.9632864321608041,0.1228,1.0,0.9939072709967847
Danmini_Doorbell,100,1,7539,eb_center_peer_scale,0.99926692,0.9631618090452261,0.0912,1.0,0.9939072709967847
Danmini_Doorbell,100,2,15076,local_center_peer_scale,0.99936468,0.9680743718592966,0.182,1.0,0.9932307429322305
Danmini_Doorbell,100,2,15076,shared_marginals,0.9993683600000001,0.9682592964824122,0.1766,1.0,0.9932307429322305
Danmini_Doorbell,100,2,15076,eb_center_peer_scale,0.99936384,0.9680321608040201,0.1558,1.0,0.9932307429322305
Danmini_Doorbell,100,3,2009,local_center_peer_scale,0.99901208,0.9503557788944723,0.1406,1.0,0.9928040520657047
Danmini_Doorbell,100,3,2009,shared_marginals,0.99899176,0.9493346733668342,0.139,1.0,0.9928040520657047
Danmini_Doorbell,100,3,2009,eb_center_peer_scale,0.99907964,0.9537507537688442,0.1088,1.0,0.9928040520657047
Danmini_Doorbell,100,4,13128,local_center_peer_scale,0.99924784,0.9622030150753769,0.1042,1.0,0.9929270722492735
Danmini_Doorbell,100,4,13128,shared_marginals,0.99928596,0.9641185929648242,0.1024,1.0,0.9929270722492735
Danmini_Doorbell,100,4,13128,eb_center_peer_scale,0.99924988,0.9623055276381911,0.1004,1.0,0.9929270722492735
Danmini_Doorbell,100,5,16030,local_center_peer_scale,0.9995983599999999,0.9798170854271357,0.1918,1.0,0.9927889184550212
Danmini_Doorbell,100,5,16030,shared_marginals,0.9995804399999999,0.9789165829145727,0.2162,1.0,0.9927889184550212
Danmini_Doorbell,100,5,16030,eb_center_peer_scale,0.9995989999999999,0.9798492462311558,0.1834,1.0,0.9927889184550212
Danmini_Doorbell,100,6,7983,local_center_peer_scale,0.99923512,0.9615638190954774,0.1688,1.0,0.9941880745975729
Danmini_Doorbell,100,6,7983,shared_marginals,0.99924672,0.9621467336683417,0.1838,1.0,0.9941880745975729
Danmini_Doorbell,100,6,7983,eb_center_peer_scale,0.9992331600000001,0.9614653266331659,0.1482,1.0,0.9941880745975729
Danmini_Doorbell,100,7,10708,local_center_peer_scale,0.99955004,0.977388944723618,0.0966,1.0,0.9933589079108289
Danmini_Doorbell,100,7,10708,shared_marginals,0.99948284,0.9740120603015074,0.108,1.0,0.9933589079108289
Danmini_Doorbell,100,7,10708,eb_center_peer_scale,0.99954448,0.9771095477386935,0.076,1.0,0.9933589079108289
Danmini_Doorbell,300,0,27408,local_center_peer_scale,0.99937968,0.9688281407035175,0.1776,1.0,0.9980046224475227
Danmini_Doorbell,300,0,27408,shared_marginals,0.9994004000000001,0.9698693467336683,0.1754,1.0,0.9980046224475227
Danmini_Doorbell,300,0,27408,eb_center_peer_scale,0.99937924,0.9688060301507537,0.1652,1.0,0.9980046224475227
Danmini_Doorbell,300,1,3679,local_center_peer_scale,0.9994820799999999,0.9739738693467337,0.061,1.0,0.9975170625527884
Danmini_Doorbell,300,1,3679,shared_marginals,0.99957304,0.9785447236180905,0.0638,1.0,0.9975170625527884
Danmini_Doorbell,300,1,3679,eb_center_peer_scale,0.99952564,0.9761628140703518,0.0606,1.0,0.9975170625527884
Danmini_Doorbell,300,2,11910,local_center_peer_scale,0.9993694799999999,0.9683155778894472,0.0784,1.0,0.9966716606348672
Danmini_Doorbell,300,2,11910,shared_marginals,0.9994744000000001,0.9735879396984926,0.0772,1.0,0.9966716606348672
Danmini_Doorbell,300,2,11910,eb_center_peer_scale,0.9993751599999999,0.9686010050251257,0.0762,1.0,0.9966716606348672
Danmini_Doorbell,300,3,22252,local_center_peer_scale,0.99945596,0.9726613065326633,0.0688,1.0,0.9976884036590112
Danmini_Doorbell,300,3,22252,shared_marginals,0.9994426000000001,0.9719899497487438,0.074,1.0,0.9976884036590112
Danmini_Doorbell,300,3,22252,eb_center_peer_scale,0.99945632,0.9726793969849247,0.0688,1.0,0.9976884036590112
Danmini_Doorbell,300,4,13340,local_center_peer_scale,0.99721428,0.8939437185929648,0.0,0.4468,0.927556282829231
Danmini_Doorbell,300,4,13340,shared_marginals,0.9981432,0.9066934673366833,0.0,0.4718,0.927556282829231
Danmini_Doorbell,300,4,13340,eb_center_peer_scale,0.99848056,0.9236462311557789,0.0,0.447,0.927556282829231
Danmini_Doorbell,300,5,18900,local_center_peer_scale,0.9982825599999999,0.9136964824120604,0.0538,1.0,0.9927824553375068
Danmini_Doorbell,300,5,18900,shared_marginals,0.99864352,0.931835175879397,0.0496,1.0,0.9927824553375068
Danmini_Doorbell,300,5,18900,eb_center_peer_scale,0.99849876,0.9245608040201005,0.0362,1.0,0.9927824553375068
Danmini_Doorbell,300,6,23999,local_center_peer_scale,0.9996522800000001,0.9825266331658291,0.1138,1.0,0.9976484343457124
Danmini_Doorbell,300,6,23999,shared_marginals,0.99984052,0.9919859296482412,0.13,1.0,0.9976484343457124
Danmini_Doorbell,300,6,23999,eb_center_peer_scale,0.99965364,0.9825949748743719,0.1124,1.0,0.9976484343457124
Danmini_Doorbell,300,7,16830,local_center_peer_scale,0.9995394799999999,0.9768582914572864,0.0674,1.0,0.9974125606294301
Danmini_Doorbell,300,7,16830,shared_marginals,0.99964132,0.9819758793969849,0.074,1.0,0.9974125606294301
Danmini_Doorbell,300,7,16830,eb_center_peer_scale,0.99954108,0.9769386934673365,0.0676,1.0,0.9974125606294301
Danmini_Doorbell,1000,0,14491,local_center_peer_scale,0.9997524,0.9875577889447237,0.0876,1.0,0.9989540388801641
Danmini_Doorbell,1000,0,14491,shared_marginals,0.99951924,0.9758412060301507,0.086,1.0,0.9989540388801641
Danmini_Doorbell,1000,0,14491,eb_center_peer_scale,0.99975256,0.9875658291457287,0.0902,1.0,0.9989540388801641
Danmini_Doorbell,1000,1,8395,local_center_peer_scale,0.99921092,0.9603477386934673,0.1302,1.0,0.99929416656454
Danmini_Doorbell,1000,1,8395,shared_marginals,0.99931432,0.9655457286432161,0.1316,1.0,0.99929416656454
Danmini_Doorbell,1000,1,8395,eb_center_peer_scale,0.99921116,0.9603597989949748,0.1302,1.0,0.99929416656454
Danmini_Doorbell,1000,2,8590,local_center_peer_scale,0.99919376,0.9594854271356784,0.1608,1.0,0.9992840408471341
Danmini_Doorbell,1000,2,8590,shared_marginals,0.9991046800000001,0.9550090452261306,0.1602,1.0,0.9992840408471341
Danmini_Doorbell,1000,2,8590,eb_center_peer_scale,0.99919384,0.9594894472361809,0.1602,1.0,0.9992840408471341
Danmini_Doorbell,1000,3,1449,local_center_peer_scale,0.9984766399999999,0.9238914572864322,0.194,1.0,0.9992792633465962
Danmini_Doorbell,1000,3,1449,shared_marginals,0.99848104,0.9237547738693468,0.1682,1.0,0.9992792633465962
Danmini_Doorbell,1000,3,1449,eb_center_peer_scale,0.9985256,0.9262974874371859,0.1884,1.0,0.9992792633465962
Danmini_Doorbell,1000,4,10353,local_center_peer_scale,0.99886656,0.9430773869346734,0.0954,1.0,0.9990820919093244
Danmini_Doorbell,1000,4,10353,shared_marginals,0.99908696,0.9541185929648242,0.0904,1.0,0.9990820919093244
Danmini_Doorbell,1000,4,10353,eb_center_peer_scale,0.99886644,0.9430733668341709,0.0952,1.0,0.9990820919093244
Danmini_Doorbell,1000,5,10202,local_center_peer_scale,0.9990676,0.953145728643216,0.1012,1.0,0.9991012786217839
Danmini_Doorbell,1000,5,10202,shared_marginals,0.9995838,0.9790854271356784,0.102,1.0,0.9991012786217839
Danmini_Doorbell,1000,5,10202,eb_center_peer_scale,0.99910812,0.9551819095477386,0.1008,1.0,0.9991012786217839
Danmini_Doorbell,1000,6,21450,local_center_peer_scale,0.99793556,0.8969045226130653,0.0996,1.0,0.999195683565383
Danmini_Doorbell,1000,6,21450,shared_marginals,0.99891084,0.9452683417085427,0.1054,1.0,0.999195683565383
Danmini_Doorbell,1000,6,21450,eb_center_peer_scale,0.99793472,0.8968663316582914,0.0996,1.0,0.999195683565383
Danmini_Doorbell,1000,7,9265,local_center_peer_scale,0.99937908,0.9687979899497488,0.107,1.0,0.999277137582956
Danmini_Doorbell,1000,7,9265,shared_marginals,0.99955608,0.9776924623115577,0.1138,1.0,0.999277137582956
Danmini_Doorbell,1000,7,9265,eb_center_peer_scale,0.99937908,0.9687979899497488,0.1066,1.0,0.999277137582956
Ecobee_Thermostat,30,0,3552,local_center_peer_scale,0.9998631892015557,0.993125085505312,0.014184397163120567,1.0,0.8415923550937433
Ecobee_Thermostat,30,0,3552,shared_marginals,0.9998321665522764,0.9915661584058475,0.017387325554792953,1.0,0.8415923550937433
Ecobee_Thermostat,30,0,3552,eb_center_peer_scale,0.999863097689316,0.9931204869002987,0.018531228551818806,1.0,0.8415923550937433
Ecobee_Thermostat,30,1,6672,local_center_peer_scale,0.9998205444978266,0.990982135569175,0.06154198123999085,1.0,0.8347696773690221
Ecobee_Thermostat,30,1,6672,shared_marginals,0.9998618165179594,0.9930561064301144,0.06360100663463739,1.0,0.8347696773690221
Ecobee_Thermostat,30,1,6672,eb_center_peer_scale,0.9998205444978266,0.990982135569175,0.11370395790436971,1.0,0.8347696773690221
Ecobee_Thermostat,30,2,1099,local_center_peer_scale,0.9998641958361931,0.9931756701604568,0.027911233127430792,1.0,0.8137900484430863
Ecobee_Thermostat,30,2,1099,shared_marginals,0.9998591626630062,0.9929227468847326,0.045069778082818576,1.0,0.8137900484430863
Ecobee_Thermostat,30,2,1099,eb_center_peer_scale,0.9998190345458705,0.9909062585864578,0.06245710363761153,1.0,0.8137900484430863
Ecobee_Thermostat,30,3,499,local_center_peer_scale,0.9998151910318005,0.9907131171759047,0.027682452528025623,1.0,0.8297957725857624
Ecobee_Thermostat,30,3,499,shared_marginals,0.9998423244108899,0.9920766035623094,0.033630748112560054,1.0,0.8297957725857624
Ecobee_Thermostat,30,3,499,eb_center_peer_scale,0.9998151452756807,0.9907108178733981,0.027911233127430792,1.0,0.8297957725857624
Ecobee_Thermostat,30,4,7951,local_center_peer_scale,0.9998608556394418,0.9930078210774762,0.07046442461679249,1.0,0.8378649470271873
Ecobee_Thermostat,30,4,7951,shared_marginals,0.9998245710363761,0.9911844741897544,0.09791809654541295,1.0,0.8378649470271873
Ecobee_Thermostat,30,4,7951,eb_center_peer_scale,0.9998609013955617,0.9930101203799827,0.1400137268359643,1.0,0.8378649470271873
Ecobee_Thermostat,30,5,1753,local_center_peer_scale,0.9998644246167925,0.9931871666729897,0.005948295584534431,1.0,0.8025349231879426
Ecobee_Thermostat,30,5,1753,shared_marginals,0.9998428277282086,0.9921018958898817,0.009151223976206819,1.0,0.8025349231879426
Ecobee_Thermostat,30,5,1753,eb_center_peer_scale,0.9998193548387097,0.9909223537040038,0.009151223976206819,1.0,0.8025349231879426
Ecobee_Thermostat,30,6,2951,local_center_peer_scale,0.999862319835278,0.993081398757687,0.004346831388698238,1.0,0.8149717877976311
Ecobee_Thermostat,30,6,2951,shared_marginals,0.9998461221688401,0.9922674456703559,0.008922443376801648,1.0,0.8149717877976311
Ecobee_Thermostat,30,6,2951,eb_center_peer_scale,0.9998623655913979,0.9930836980601935,0.004804392587508579,1.0,0.8149717877976311
Ecobee_Thermostat,30,7,6853,local_center_peer_scale,0.9998578357355297,0.9928560671120416,0.008922443376801648,1.0,0.8374109308973179
Ecobee_Thermostat,30,7,6853,shared_marginals,0.9998532143674217,0.9926238375588765,0.012811713566689545,1.0,0.8374109308973179
Ecobee_Thermostat,30,7,6853,eb_center_peer_scale,0.9998578357355297,0.9928560671120416,0.007778540379775795,1.0,0.8374109308973179
Ecobee_Thermostat,100,0,5729,local_center_peer_scale,0.9998598490048044,0.9929572364223314,0.09654541294898193,1.0,0.9230113902278331
Ecobee_Thermostat,100,0,5729,shared_marginals,0.9998560970029742,0.9927686936167914,0.09700297414779227,1.0,0.9230113902278331
Ecobee_Thermostat,100,0,5729,eb_center_peer_scale,0.9998598490048044,0.9929572364223314,0.09700297414779227,1.0,0.9230113902278331
Ecobee_Thermostat,100,1,5584,local_center_peer_scale,0.9998699611072981,0.9934653822762864,0.11805078929306795,1.0,0.9300333609880548
Ecobee_Thermostat,100,1,5584,shared_marginals,0.9998675817890643,0.9933458185459441,0.12377030427819721,1.0,0.9300333609880548
Ecobee_Thermostat,100,1,5584,eb_center_peer_scale,0.9998699611072981,0.9934653822762864,0.11713566689544727,1.0,0.9300333609880548
Ecobee_Thermostat,100,2,2215,local_center_peer_scale,0.999862319835278,0.9930813987576868,0.0951727293525509,1.0,0.9255802324697404
Ecobee_Thermostat,100,2,2215,shared_marginals,0.9998598032486845,0.9929549371198246,0.091283459162663,1.0,0.9255802324697404
Ecobee_Thermostat,100,2,2215,eb_center_peer_scale,0.999862365591398,0.9930836980601934,0.09448638755433539,1.0,0.9255802324697404
Ecobee_Thermostat,100,3,5935,local_center_peer_scale,0.9998585678334477,0.9928928559521469,0.053992221459620224,1.0,0.9295447422268568
Ecobee_Thermostat,100,3,5935,shared_marginals,0.9998562342713337,0.992775591524311,0.05994051704415466,1.0,0.9295447422268568
Ecobee_Thermostat,100,3,5935,eb_center_peer_scale,0.9998585678334477,0.9928928559521469,0.05513612445664608,1.0,0.9295447422268568
Ecobee_Thermostat,100,4,2634,local_center_peer_scale,0.9998682681308625,0.9933803080835428,0.1370395790436971,1.0,0.930182670338828
Ecobee_Thermostat,100,4,2634,shared_marginals,0.9998645161290323,0.9931917652780029,0.13978494623655913,1.0,0.930182670338828
Ecobee_Thermostat,100,4,2634,eb_center_peer_scale,0.9998682681308625,0.9933803080835428,0.1416151910318005,1.0,0.930182670338828
Ecobee_Thermostat,100,5,1644,local_center_peer_scale,0.9998641958361931,0.9931756701604568,0.08373369938229239,1.0,0.9297647068887445
Ecobee_Thermostat,100,5,1644,shared_marginals,0.9998148249828414,0.990694722755852,0.08716540837336993,1.0,0.9297647068887445
Ecobee_Thermostat,100,5,1644,eb_center_peer_scale,0.9998641958361931,0.9931756701604568,0.08487760237931824,1.0,0.9297647068887445
Ecobee_Thermostat,100,6,5979,local_center_peer_scale,0.9998543582704187,0.9926813201215412,0.04804392587508579,1.0,0.9297584057320715
Ecobee_Thermostat,100,6,5979,shared_marginals,0.9998511095859072,0.9925180696435736,0.048272706474490966,1.0,0.9297584057320715
Ecobee_Thermostat,100,6,5979,eb_center_peer_scale,0.9998543582704187,0.9926813201215412,0.04987417067032716,1.0,0.9297584057320715
Ecobee_Thermostat,100,7,2336,local_center_peer_scale,0.9998579730038892,0.9928629650195613,0.05444978265843056,1.0,0.9306425091420035
Ecobee_Thermostat,100,7,2336,shared_marginals,0.9998549988560971,0.9927135103566334,0.05307709906199954,1.0,0.9306425091420035
Ecobee_Thermostat,100,7,2336,eb_center_peer_scale,0.9998579730038892,0.9928629650195613,0.05490734385724091,1.0,0.9306425091420035
Ecobee_Thermostat,300,0,7434,local_center_peer_scale,0.9998155113246396,0.9907292122934508,0.22077327842598948,1.0,0.9748619975958749
Ecobee_Thermostat,300,0,7434,shared_marginals,0.9998604895904828,0.9929894266574235,0.22077327842598948,1.0,0.9748619975958749
Ecobee_Thermostat,300,0,7434,eb_center_peer_scale,0.9998155113246396,0.9907292122934508,0.22077327842598948,1.0,0.9748619975958749
Ecobee_Thermostat,300,1,354,local_center_peer_scale,0.9998200411805078,0.9909568432416027,0.08442004118050789,1.0,0.9703563368347377
Ecobee_Thermostat,300,1,354,shared_marginals,0.9998638755433539,0.9931595750429107,0.08213223518645618,1.0,0.9703563368347377
Ecobee_Thermostat,300,1,354,eb_center_peer_scale,0.9998648364218714,0.993207860395549,0.08442004118050789,1.0,0.9703563368347377
Ecobee_Thermostat,300,2,2451,local_center_peer_scale,0.9997671013498056,0.9882965502414842,0.12194005948295585,1.0,0.9748326968603269
Ecobee_Thermostat,300,2,2451,shared_marginals,0.999859574468085,0.9929434406072918,0.1191946922900938,1.0,0.9748326968603269
Ecobee_Thermostat,300,2,2451,eb_center_peer_scale,0.9997671471059254,0.9882988495439908,0.12239762068176618,1.0,0.9748326968603269
Ecobee_Thermostat,300,3,320,local_center_peer_scale,0.9998167009837566,0.990788994158622,0.0727522306108442,1.0,0.9705581939363843
Ecobee_Thermostat,300,3,320,shared_marginals,0.9998614962251201,0.9930400113125684,0.07687028140013727,1.0,0.9705581939363843
Ecobee_Thermostat,300,3,320,eb_center_peer_scale,0.9998625028597575,0.9930905959677132,0.07389613360787005,1.0,0.9705581939363843
Ecobee_Thermostat,300,4,8184,local_center_peer_scale,0.9998164722031572,0.990777497646089,0.08007320979180965,1.0,0.974652853087602
Ecobee_Thermostat,300,4,8184,shared_marginals,0.9998156028368794,0.990733810898464,0.08327613818348203,1.0,0.974652853087602
Ecobee_Thermostat,300,4,8184,eb_center_peer_scale,0.9998164722031572,0.990777497646089,0.08053077099061999,1.0,0.974652853087602
Ecobee_Thermostat,300,5,2345,local_center_peer_scale,0.9997353466026081,0.9867008343019146,0.09196980096087852,1.0,0.9742497892242539
Ecobee_Thermostat,300,5,2345,shared_marginals,0.9998227865477007,0.9910948013919977,0.09311370395790437,1.0,0.9742497892242539
Ecobee_Thermostat,300,5,2345,eb_center_peer_scale,0.9997794555021735,0.9889173619182621,0.09219858156028368,1.0,0.9742497892242539
Ecobee_Thermostat,300,6,286,local_center_peer_scale,0.9999102722489133,0.9954910677845876,0.07664150080073209,1.0,0.9698713073561552
Ecobee_Thermostat,300,6,286,shared_marginals,0.9998645161290323,0.9931917652780029,0.07641272020132693,1.0,0.9698713073561552
Ecobee_Thermostat,300,6,286,eb_center_peer_scale,0.9999102722489133,0.9954910677845876,0.07618393960192175,1.0,0.9698713073561552
Ecobee_Thermostat,300,7,1095,local_center_peer_scale,0.9997691603752001,0.9884000188542805,0.10066346373827499,1.0,0.9744539971095567
Ecobee_Thermostat,300,7,1095,shared_marginals,0.9998602608098833,0.9929779301448904,0.1029512697323267,1.0,0.9744539971095567
Ecobee_Thermostat,300,7,1095,eb_center_peer_scale,0.9997692061313201,0.9884023181567871,0.10066346373827499,1.0,0.9744539971095567
Ecobee_Thermostat,1000,0,5880,local_center_peer_scale,0.9924421871425303,0.9017929501085846,0.0,0.6692,0.9683305873197676
Ecobee_Thermostat,1000,0,5880,shared_marginals,0.9925316861130177,0.9017745556885319,0.0,0.4908,0.9683305873197676
Ecobee_Thermostat,1000,0,5880,eb_center_peer_scale,0.9924423701670098,0.9017929501085846,0.0,0.669,0.9683305873197676
Ecobee_Thermostat,1000,1,5320,local_center_peer_scale,0.99944232441089,0.9719761010497465,0.11027224891329215,1.0,0.9914831688390616
Ecobee_Thermostat,1000,1,5320,shared_marginals,0.9994885838480896,0.9743006958839036,0.11072981011210249,1.0,0.9914831688390616
Ecobee_Thermostat,1000,1,5320,eb_center_peer_scale,0.9994424159231297,0.9719806996547597,0.11027224891329215,1.0,0.9914831688390616
Ecobee_Thermostat,1000,2,7480,local_center_peer_scale,0.9994546785632578,0.9725969127265244,0.1013498055364905,1.0,0.9918864711640432
Ecobee_Thermostat,1000,2,7480,shared_marginals,0.99950002287806,0.9748755215105498,0.09746053534660261,1.0,0.9918864711640432
Ecobee_Thermostat,1000,2,7480,eb_center_peer_scale,0.9994546785632578,0.9725969127265244,0.1013498055364905,1.0,0.9918864711640432
Ecobee_Thermostat,1000,3,1066,local_center_peer_scale,0.9993942347288949,0.9695595341153261,0.10661175932280943,1.0,0.9918124908220496
Ecobee_Thermostat,1000,3,1066,shared_marginals,0.9994404484099748,0.9718818296469766,0.10569663692518874,1.0,0.9918124908220496
Ecobee_Thermostat,1000,3,1066,eb_center_peer_scale,0.9994408602150537,0.971902523369536,0.10661175932280943,1.0,0.9918124908220496
Ecobee_Thermostat,1000,4,2892,local_center_peer_scale,0.9993928162891788,0.969488255737622,0.11873713109128346,1.0,0.9913920729502771
Ecobee_Thermostat,1000,4,2892,shared_marginals,0.9994395790436971,0.9718381428993514,0.12010981468771448,1.0,0.9913920729502771
Ecobee_Thermostat,1000,4,2892,eb_center_peer_scale,0.9994395332875772,0.9718358435968448,0.11896591169068862,1.0,0.9913920729502771
Ecobee_Thermostat,1000,5,7308,local_center_peer_scale,0.9994026080988332,0.9699803064740311,0.07000686341798215,1.0,0.9918500133585634
Ecobee_Thermostat,1000,5,7308,shared_marginals,0.9994942118508351,0.9745835100922136,0.07092198581560284,1.0,0.9918500133585634
Ecobee_Thermostat,1000,5,7308,eb_center_peer_scale,0.9994485472431938,0.9722888061906421,0.07000686341798215,1.0,0.9918500133585634
Ecobee_Thermostat,1000,6,3331,local_center_peer_scale,0.9996108442004118,0.9804444321814977,0.023335621139327384,1.0,0.991645669027538
Ecobee_Thermostat,1000,6,3331,shared_marginals,0.9996106154198124,0.9804329356689647,0.024708304735758406,1.0,0.991645669027538
Ecobee_Thermostat,1000,6,3331,eb_center_peer_scale,0.9996108442004118,0.9804444321814977,0.024708304735758406,1.0,0.991645669027538
Ecobee_Thermostat,1000,7,7347,local_center_peer_scale,0.9993907115076641,0.9693824878223191,0.09334248455730954,1.0,0.9919109202777953
Ecobee_Thermostat,1000,7,7347,shared_marginals,0.9994843285289406,0.9740868607507912,0.09471516815374056,1.0,0.9919109202777953
Ecobee_Thermostat,1000,7,7347,eb_center_peer_scale,0.9994375657744223,0.9717369735890617,0.09357126515671471,1.0,0.9919109202777953
Ennio_Doorbell,30,0,14943,local_center_peer_scale,0.9990835600000001,0.9539477386934674,0.01,1.0,0.940303672711394
Ennio_Doorbell,30,0,14943,shared_marginals,0.9990892,0.9542311557788945,0.0264,1.0,0.940303672711394
Ennio_Doorbell,30,0,14943,eb_center_peer_scale,0.99908556,0.95404824120603,0.0096,1.0,0.940303672711394
Ennio_Doorbell,30,1,18594,local_center_peer_scale,0.99926624,0.9631276381909548,0.0,0.5848,0.9491940737623171
Ennio_Doorbell,30,1,18594,shared_marginals,0.9991029600000001,0.9549226130653266,0.01,1.0,0.9491940737623171
Ennio_Doorbell,30,1,18594,eb_center_peer_scale,0.99926632,0.9631316582914573,0.0,0.5856,0.9491940737623171
Ennio_Doorbell,30,2,6861,local_center_peer_scale,0.99936796,0.9682391959798995,0.078,1.0,0.9534994486963367
Ennio_Doorbell,30,2,6861,shared_marginals,0.9993664,0.9681608040201005,0.081,1.0,0.9534994486963367
Ennio_Doorbell,30,2,6861,eb_center_peer_scale,0.99936788,0.968235175879397,0.1034,1.0,0.9534994486963367
Ennio_Doorbell,30,3,6868,local_center_peer_scale,0.9992688000000001,0.9632562814070351,0.047,1.0,0.959495926923176
Ennio_Doorbell,30,3,6868,shared_marginals,0.99926524,0.9630773869346734,0.0502,1.0,0.959495926923176
Ennio_Doorbell,30,3,6868,eb_center_peer_scale,0.99926888,0.9632603015075376,0.048,1.0,0.959495926923176
Ennio_Doorbell,30,4,2456,local_center_peer_scale,0.9986448800000001,0.9319035175879398,0.012,1.0,0.9471859265179654
Ennio_Doorbell,30,4,2456,shared_marginals,0.9987992,0.9396582914572864,0.0136,1.0,0.9471859265179654
Ennio_Doorbell,30,4,2456,eb_center_peer_scale,0.99864476,0.9318974874371859,0.0128,1.0,0.9471859265179654
Ennio_Doorbell,30,5,17954,local_center_peer_scale,0.9993491200000001,0.9672924623115577,0.0104,1.0,0.9493828235480909
Ennio_Doorbell,30,5,17954,shared_marginals,0.99926704,0.9631678391959799,0.0446,1.0,0.9493828235480909
Ennio_Doorbell,30,5,17954,eb_center_peer_scale,0.9993482,0.967246231155779,0.0106,1.0,0.9493828235480909
Ennio_Doorbell,30,6,13975,local_center_peer_scale,0.99922912,0.961262311557789,0.3208,1.0,0.9884214819597849
Ennio_Doorbell,30,6,13975,shared_marginals,0.9992515999999999,0.962391959798995,0.3326,1.0,0.9884214819597849
Ennio_Doorbell,30,6,13975,eb_center_peer_scale,0.99923156,0.9613849246231155,0.3198,1.0,0.9884214819597849
Ennio_Doorbell,30,7,4596,local_center_peer_scale,0.9991848,0.9590351758793969,0.0188,1.0,0.9546117939903414
Ennio_Doorbell,30,7,4596,shared_marginals,0.99918184,0.9588864321608039,0.0216,1.0,0.9546117939903414
Ennio_Doorbell,30,7,4596,eb_center_peer_scale,0.99918456,0.9590231155778894,0.019,1.0,0.9546117939903414
Ennio_Doorbell,100,0,24410,local_center_peer_scale,0.9989976399999999,0.9496301507537689,0.0134,1.0,0.9767878255985217
Ennio_Doorbell,100,0,24410,shared_marginals,0.99898304,0.9489025125628141,0.0356,1.0,0.9767878255985217
Ennio_Doorbell,100,0,24410,eb_center_peer_scale,0.99899768,0.9496321608040201,0.0174,1.0,0.9767878255985217
Ennio_Doorbell,100,1,7783,local_center_peer_scale,0.9991909200000001,0.9593427135678392,0.0532,1.0,0.9815407845898455
Ennio_Doorbell,100,1,7783,shared_marginals,0.9991884,0.95921608040201,0.065,1.0,0.9815407845898455
Ennio_Doorbell,100,1,7783,eb_center_peer_scale,0.9991909200000001,0.9593427135678392,0.0666,1.0,0.9815407845898455
Ennio_Doorbell,100,2,11756,local_center_peer_scale,0.9999732800000001,0.9986572864321608,0.2126,1.0,0.9802317473929004
Ennio_Doorbell,100,2,11756,shared_marginals,0.99956556,0.9781688442211056,0.149,1.0,0.9802317473929004
Ennio_Doorbell,100,2,11756,eb_center_peer_scale,0.99997576,0.9987819095477387,0.1498,1.0,0.9802317473929004
Ennio_Doorbell,100,3,3714,local_center_peer_scale,0.99747316,0.8730231155778895,0.0426,1.0,0.9828014675288992
Ennio_Doorbell,100,3,3714,shared_marginals,0.99797848,0.89841608040201,0.0514,1.0,0.9828014675288992
Ennio_Doorbell,100,3,3714,eb_center_peer_scale,0.99747392,0.8730613065326633,0.043,1.0,0.9828014675288992
Ennio_Doorbell,100,4,19262,local_center_peer_scale,0.99915364,0.9574693467336683,0.0444,1.0,0.9832050270070949
Ennio_Doorbell,100,4,19262,shared_marginals,0.99932464,0.9660623115577889,0.0542,1.0,0.9832050270070949
Ennio_Doorbell,100,4,19262,eb_center_peer_scale,0.99923488,0.9615517587939699,0.0632,1.0,0.9832050270070949
Ennio_Doorbell,100,5,17256,local_center_peer_scale,0.99918232,0.9589105527638191,0.041,1.0,0.9768047301599675
Ennio_Doorbell,100,5,17256,shared_marginals,0.9991802,0.9588040201005025,0.0358,1.0,0.9768047301599675
Ennio_Doorbell,100,5,17256,eb_center_peer_scale,0.99918272,0.9589306532663316,0.0288,1.0,0.9768047301599675
Ennio_Doorbell,100,6,15863,local_center_peer_scale,0.9994968799999999,0.9747175879396984,0.0094,1.0,0.9727717700603523
Ennio_Doorbell,100,6,15863,shared_marginals,0.99931816,0.9657366834170853,0.0178,1.0,0.9727717700603523
Ennio_Doorbell,100,6,15863,eb_center_peer_scale,0.99949692,0.9747195979899498,0.0094,1.0,0.9727717700603523
Ennio_Doorbell,100,7,24222,local_center_peer_scale,0.9968493199999999,0.8416743718592965,0.1244,1.0,0.975260366540665
Ennio_Doorbell,100,7,24222,shared_marginals,0.99782324,0.8906150753768844,0.1274,1.0,0.975260366540665
Ennio_Doorbell,100,7,24222,eb_center_peer_scale,0.99685908,0.842164824120603,0.1366,1.0,0.975260366540665
Ennio_Doorbell,300,0,25669,local_center_peer_scale,0.9661328,0.7214472361809046,0.0,0.0,0.8939303843550593
Ennio_Doorbell,300,0,25669,shared_marginals,0.94512616,0.7326070351758793,0.0,0.0,0.8939303843550593
Ennio_Doorbell,300,0,25669,eb_center_peer_scale,0.9675119999999999,0.7202874371859296,0.0,0.0,0.8939303843550593
Ennio_Doorbell,300,1,11139,local_center_peer_scale,0.9969302,0.8457386934673367,0.2756,1.0,0.9931310832184133
Ennio_Doorbell,300,1,11139,shared_marginals,0.9973346399999999,0.866062311557789,0.2544,1.0,0.9931310832184133
Ennio_Doorbell,300,1,11139,eb_center_peer_scale,0.9969326,0.8458592964824121,0.2756,1.0,0.9931310832184133
Ennio_Doorbell,300,2,9844,local_center_peer_scale,0.9742584400000001,0.7939396984924624,0.091,0.9998,0.9930937432926266
Ennio_Doorbell,300,2,9844,shared_marginals,0.97384,0.7960140703517589,0.0916,0.9998,0.9930937432926266
Ennio_Doorbell,300,2,9844,eb_center_peer_scale,0.97433908,0.7940422110552763,0.091,0.9998,0.9930937432926266
Ennio_Doorbell,300,3,12176,local_center_peer_scale,0.94864144,0.70281608040201,0.0,0.0,0.9067509612357438
Ennio_Doorbell,300,3,12176,shared_marginals,0.94999576,0.7297668341708543,0.0,0.0,0.9067509612357438
Ennio_Doorbell,300,3,12176,eb_center_peer_scale,0.9515170000000001,0.6998150753768844,0.0,0.0,0.9067509612357438
Ennio_Doorbell,300,4,17350,local_center_peer_scale,0.9804687599999999,0.7663437185929649,0.0778,1.0,0.9905733568467103
Ennio_Doorbell,300,4,17350,shared_marginals,0.97896096,0.7666291457286433,0.078,1.0,0.9905733568467103
Ennio_Doorbell,300,4,17350,eb_center_peer_scale,0.9804700399999999,0.76636783919598,0.077,1.0,0.9905733568467103
Ennio_Doorbell,300,5,14989,local_center_peer_scale,0.99427968,0.7576522613065326,0.1356,1.0,0.9935138099366739
Ennio_Doorbell,300,5,14989,shared_marginals,0.99573824,0.7859537688442211,0.134,1.0,0.9935138099366739
Ennio_Doorbell,300,5,14989,eb_center_peer_scale,0.99436632,0.7576643216080402,0.1358,1.0,0.9935138099366739
Ennio_Doorbell,300,6,19590,local_center_peer_scale,0.97842924,0.7627557788944723,0.1302,1.0,0.9923699129878834
Ennio_Doorbell,300,6,19590,shared_marginals,0.9740574,0.7643417085427135,0.1474,1.0,0.9923699129878834
Ennio_Doorbell,300,6,19590,eb_center_peer_scale,0.97851376,0.7628020100502513,0.1318,1.0,0.9923699129878834
Ennio_Doorbell,300,7,24135,local_center_peer_scale,0.99767444,0.8831376884422111,0.0002,0.5264,0.9917815697243707
Ennio_Doorbell,300,7,24135,shared_marginals,0.99764632,0.881724623115578,0.0082,1.0,0.9917815697243707
Ennio_Doorbell,300,7,24135,eb_center_peer_scale,0.99767436,0.8831336683417086,0.0002,0.5264,0.9917815697243707
Ennio_Doorbell,1000,0,15907,local_center_peer_scale,0.9911359599999999,0.7587919597989949,0.077,1.0,0.9972816849653268
Ennio_Doorbell,1000,0,15907,shared_marginals,0.99179888,0.758478391959799,0.0782,1.0,0.9972816849653268
Ennio_Doorbell,1000,0,15907,eb_center_peer_scale,0.99113664,0.7587939698492463,0.077,1.0,0.9972816849653268
Ennio_Doorbell,1000,1,14468,local_center_peer_scale,0.97021384,0.7697929648241206,0.2502,1.0,0.997900871113823
Ennio_Doorbell,1000,1,14468,shared_marginals,0.9628641600000001,0.7704381909547738,0.2428,1.0,0.997900871113823
Ennio_Doorbell,1000,1,14468,eb_center_peer_scale,0.97021576,0.769803015075377,0.2502,1.0,0.997900871113823
Ennio_Doorbell,1000,2,13378,local_center_peer_scale,0.99421104,0.7640281407035175,0.212,1.0,0.998106445809263
Ennio_Doorbell,1000,2,13378,shared_marginals,0.9954624000000001,0.7736040201005026,0.226,1.0,0.998106445809263
Ennio_Doorbell,1000,2,13378,eb_center_peer_scale,0.99421256,0.7640341708542713,0.212,1.0,0.998106445809263
Ennio_Doorbell,1000,3,20950,local_center_peer_scale,0.9665611599999999,0.7624743718592965,0.2642,1.0,0.997799129376373
Ennio_Doorbell,1000,3,20950,shared_marginals,0.96360408,0.7624904522613065,0.2628,1.0,0.997799129376373
Ennio_Doorbell,1000,3,20950,eb_center_peer_scale,0.9665617999999999,0.7624743718592965,0.2642,1.0,0.997799129376373
Ennio_Doorbell,1000,4,14110,local_center_peer_scale,0.9680231600000001,0.764297487437186,0.203,1.0,0.9979935112828613
Ennio_Doorbell,1000,4,14110,shared_marginals,0.9671432400000001,0.7642572864321608,0.219,1.0,0.9979935112828613
Ennio_Doorbell,1000,4,14110,eb_center_peer_scale,0.9680234800000002,0.764297487437186,0.203,1.0,0.9979935112828613
Ennio_Doorbell,1000,5,16116,local_center_peer_scale,0.99615944,0.8070974874371859,0.0,0.5142,0.9872491344111588
Ennio_Doorbell,1000,5,16116,shared_marginals,0.99191476,0.7869005025125628,0.0,0.5142,0.9872491344111588
Ennio_Doorbell,1000,5,16116,eb_center_peer_scale,0.99631968,0.8151437185929649,0.0,0.5142,0.9872491344111588
Ennio_Doorbell,1000,6,9215,local_center_peer_scale,0.9699222,0.7657346733668342,0.1294,1.0,0.9977776248822338
Ennio_Doorbell,1000,6,9215,shared_marginals,0.9705096,0.7749226130653266,0.1256,1.0,0.9977776248822338
Ennio_Doorbell,1000,6,9215,eb_center_peer_scale,0.96992348,0.7657467336683417,0.1294,1.0,0.9977776248822338
Ennio_Doorbell,1000,7,15578,local_center_peer_scale,0.9925398799999999,0.7587517587939698,0.0818,1.0,0.9973562660480558
Ennio_Doorbell,1000,7,15578,shared_marginals,0.99314412,0.7583819095477387,0.082,1.0,0.9973562660480558
Ennio_Doorbell,1000,7,15578,eb_center_peer_scale,0.9925406,0.7587537688442211,0.0818,1.0,0.9973562660480558
Philips_B120N10_Baby_Monitor,30,0,17751,local_center_peer_scale,0.99538432,0.7684743718592966,0.1046,1.0,0.9595239488861551
Philips_B120N10_Baby_Monitor,30,0,17751,shared_marginals,0.99574892,0.7866934673366834,0.164,1.0,0.9595239488861551
Philips_B120N10_Baby_Monitor,30,0,17751,eb_center_peer_scale,0.9953922000000001,0.7688643216080402,0.107,1.0,0.9595239488861551
Philips_B120N10_Baby_Monitor,30,1,114886,local_center_peer_scale,0.9983084,0.9149949748743719,0.004,0.757,0.5773893492704011
Philips_B120N10_Baby_Monitor,30,1,114886,shared_marginals,0.99729644,0.8641427135678392,0.0044,0.6926,0.5773893492704011
Philips_B120N10_Baby_Monitor,30,1,114886,eb_center_peer_scale,0.9981788,0.9084824120603014,0.004,0.7512,0.5773893492704011
Philips_B120N10_Baby_Monitor,30,2,19116,local_center_peer_scale,0.99441396,0.7200522613065327,0.0428,1.0,0.9560489729643261
Philips_B120N10_Baby_Monitor,30,2,19116,shared_marginals,0.99504216,0.7512603015075376,0.098,1.0,0.9560489729643261
Philips_B120N10_Baby_Monitor,30,2,19116,eb_center_peer_scale,0.9947914800000001,0.7388884422110553,0.0476,1.0,0.9560489729643261
Philips_B120N10_Baby_Monitor,30,3,46370,local_center_peer_scale,0.9985696000000001,0.9281206030150754,0.0064,0.996,0.5469429715576756
Philips_B120N10_Baby_Monitor,30,3,46370,shared_marginals,0.99830544,0.9148462311557789,0.0076,0.9992,0.5469429715576756
Philips_B120N10_Baby_Monitor,30,3,46370,eb_center_peer_scale,0.99844156,0.921686432160804,0.0066,0.998,0.5469429715576756
Philips_B120N10_Baby_Monitor,30,4,15562,local_center_peer_scale,0.9941980800000001,0.7120964824120604,0.0874,1.0,0.9348779209927848
Philips_B120N10_Baby_Monitor,30,4,15562,shared_marginals,0.9946836399999999,0.751975879396985,0.166,1.0,0.9348779209927848
Philips_B120N10_Baby_Monitor,30,4,15562,eb_center_peer_scale,0.9949766000000001,0.755340703517588,0.1002,1.0,0.9348779209927848
Philips_B120N10_Baby_Monitor,30,5,24971,local_center_peer_scale,0.9953217200000001,0.7652261306532664,0.107,1.0,0.9553287489328254
Philips_B120N10_Baby_Monitor,30,5,24971,shared_marginals,0.99595684,0.7969467336683418,0.1632,1.0,0.9553287489328254
Philips_B120N10_Baby_Monitor,30,5,24971,eb_center_peer_scale,0.9954335200000001,0.7708261306532663,0.112,1.0,0.9553287489328254
Philips_B120N10_Baby_Monitor,30,6,71730,local_center_peer_scale,0.99480784,0.7394391959798996,0.303,1.0,0.9661651768277959
Philips_B120N10_Baby_Monitor,30,6,71730,shared_marginals,0.9954466399999999,0.7713085427135677,0.328,1.0,0.9661651768277959
Philips_B120N10_Baby_Monitor,30,6,71730,eb_center_peer_scale,0.99503088,0.7505527638190955,0.3102,1.0,0.9661651768277959
Philips_B120N10_Baby_Monitor,30,7,27237,local_center_peer_scale,0.99434972,0.7248562814070352,0.3854,1.0,0.9390257821070261
Philips_B120N10_Baby_Monitor,30,7,27237,shared_marginals,0.99540428,0.7694412060301508,0.4272,1.0,0.9390257821070261
Philips_B120N10_Baby_Monitor,30,7,27237,eb_center_peer_scale,0.995309,0.7768120603015076,0.4096,1.0,0.9390257821070261
Philips_B120N10_Baby_Monitor,100,0,60609,local_center_peer_scale,0.9921042800000001,0.6494673366834172,0.4636,1.0,0.986693772412454
Philips_B120N10_Baby_Monitor,100,0,60609,shared_marginals,0.9926386,0.6688964824120602,0.4612,1.0,0.986693772412454
Philips_B120N10_Baby_Monitor,100,0,60609,eb_center_peer_scale,0.99219016,0.6535437185929649,0.4642,1.0,0.986693772412454
Philips_B120N10_Baby_Monitor,100,1,63438,local_center_peer_scale,0.9958737200000001,0.7927678391959799,0.444,1.0,0.9883606665671368
Philips_B120N10_Baby_Monitor,100,1,63438,shared_marginals,0.99634356,0.8163336683417085,0.6156,1.0,0.9883606665671368
Philips_B120N10_Baby_Monitor,100,1,63438,eb_center_peer_scale,0.99591604,0.7948844221105528,0.4566,1.0,0.9883606665671368
Philips_B120N10_Baby_Monitor,100,2,110580,local_center_peer_scale,0.9944948,0.723859296482412,0.411,1.0,0.9884586996545444
Philips_B120N10_Baby_Monitor,100,2,110580,shared_marginals,0.9954934000000001,0.773608040201005,0.4484,1.0,0.9884586996545444
Philips_B120N10_Baby_Monitor,100,2,110580,eb_center_peer_scale,0.9946837199999999,0.7333005025125627,0.4122,1.0,0.9884586996545444
Philips_B120N10_Baby_Monitor,100,3,59637,local_center_peer_scale,0.99766728,0.8827778894472361,0.4144,1.0,0.9711011903038043
Philips_B120N10_Baby_Monitor,100,3,59637,shared_marginals,0.99754068,0.87641608040201,0.415,1.0,0.9711011903038043
Philips_B120N10_Baby_Monitor,100,3,59637,eb_center_peer_scale,0.99778596,0.8887417085427136,0.4274,1.0,0.9711011903038043
Philips_B120N10_Baby_Monitor,100,4,53809,local_center_peer_scale,0.9996258,0.9811959798994975,0.0,0.0,0.6139825565654454
Philips_B120N10_Baby_Monitor,100,4,53809,shared_marginals,0.99944424,0.9720723618090452,0.0,0.0,0.6139825565654454
Philips_B120N10_Baby_Monitor,100,4,53809,eb_center_peer_scale,0.9996267999999999,0.9812462311557788,0.0,0.0,0.6139825565654454
Philips_B120N10_Baby_Monitor,100,5,102710,local_center_peer_scale,0.99671268,0.8348080402010051,0.4082,1.0,0.989089546703139
Philips_B120N10_Baby_Monitor,100,5,102710,shared_marginals,0.99715104,0.8568361809045226,0.427,1.0,0.989089546703139
Philips_B120N10_Baby_Monitor,100,5,102710,eb_center_peer_scale,0.9968022000000001,0.8393065326633167,0.4086,1.0,0.989089546703139
Philips_B120N10_Baby_Monitor,100,6,70277,local_center_peer_scale,0.99507524,0.7525246231155779,0.2518,1.0,0.9679355078793449
Philips_B120N10_Baby_Monitor,100,6,70277,shared_marginals,0.995761,0.7869849246231155,0.2908,1.0,0.9679355078793449
Philips_B120N10_Baby_Monitor,100,6,70277,eb_center_peer_scale,0.995234,0.7605025125628141,0.2524,1.0,0.9679355078793449
Philips_B120N10_Baby_Monitor,100,7,102432,local_center_peer_scale,0.99530328,0.7641587939698493,0.3464,1.0,0.9844406683221034
Philips_B120N10_Baby_Monitor,100,7,102432,shared_marginals,0.99565452,0.7816542713567839,0.3398,1.0,0.9844406683221034
Philips_B120N10_Baby_Monitor,100,7,102432,eb_center_peer_scale,0.99547224,0.7726211055276382,0.3468,1.0,0.9844406683221034
Philips_B120N10_Baby_Monitor,300,0,63081,local_center_peer_scale,0.9982946,0.9143055276381908,0.0148,1.0,0.9364532314027387
Philips_B120N10_Baby_Monitor,300,0,63081,shared_marginals,0.9954515199999999,0.7714773869346734,0.0104,0.9998,0.9364532314027387
Philips_B120N10_Baby_Monitor,300,0,63081,eb_center_peer_scale,0.99829668,0.9144100502512562,0.015,1.0,0.9364532314027387
Philips_B120N10_Baby_Monitor,300,1,70494,local_center_peer_scale,0.99723592,0.8611015075376884,0.3706,1.0,0.9883822789045711
Philips_B120N10_Baby_Monitor,300,1,70494,shared_marginals,0.99744824,0.8717708542713568,0.384,1.0,0.9883822789045711
Philips_B120N10_Baby_Monitor,300,1,70494,eb_center_peer_scale,0.9973073600000001,0.8646914572864322,0.372,1.0,0.9883822789045711
Philips_B120N10_Baby_Monitor,300,2,106072,local_center_peer_scale,0.9944261200000001,0.7208964824120603,0.557,1.0,0.9952019301342089
Philips_B120N10_Baby_Monitor,300,2,106072,shared_marginals,0.99542764,0.7705829145728643,0.536,1.0,0.9952019301342089
Philips_B120N10_Baby_Monitor,300,2,106072,eb_center_peer_scale,0.99443492,0.721332663316583,0.5564,1.0,0.9952019301342089
Philips_B120N10_Baby_Monitor,300,3,38579,local_center_peer_scale,0.99650756,0.824524623115578,0.2566,1.0,0.9930657985874861
Philips_B120N10_Baby_Monitor,300,3,38579,shared_marginals,0.9970308,0.8508,0.2558,1.0,0.9930657985874861
Philips_B120N10_Baby_Monitor,300,3,38579,eb_center_peer_scale,0.99658548,0.8284381909547739,0.2566,1.0,0.9930657985874861
Philips_B120N10_Baby_Monitor,300,4,16629,local_center_peer_scale,0.99742392,0.870548743718593,0.0314,1.0,0.9213285950407489
Philips_B120N10_Baby_Monitor,300,4,16629,shared_marginals,0.9948060400000002,0.7390653266331658,0.0276,1.0,0.9213285950407489
Philips_B120N10_Baby_Monitor,300,4,16629,eb_center_peer_scale,0.99739488,0.869089447236181,0.0328,1.0,0.9213285950407489
Philips_B120N10_Baby_Monitor,300,5,72874,local_center_peer_scale,0.9946820000000001,0.7332000000000001,0.2906,1.0,0.9943077668849782
Philips_B120N10_Baby_Monitor,300,5,72874,shared_marginals,0.9954708,0.772532663316583,0.2748,1.0,0.9943077668849782
Philips_B120N10_Baby_Monitor,300,5,72874,eb_center_peer_scale,0.9947496800000001,0.7365788944723618,0.2904,1.0,0.9943077668849782
Philips_B120N10_Baby_Monitor,300,6,69248,local_center_peer_scale,0.99706356,0.8525688442211056,0.2404,1.0,0.9942233619399272
Philips_B120N10_Baby_Monitor,300,6,69248,shared_marginals,0.9971472,0.8566552763819095,0.2384,1.0,0.9942233619399272
Philips_B120N10_Baby_Monitor,300,6,69248,eb_center_peer_scale,0.9970045200000001,0.8495939698492463,0.2346,1.0,0.9942233619399272
Philips_B120N10_Baby_Monitor,300,7,53297,local_center_peer_scale,0.97857012,0.8549829145728645,0.0,0.2554,0.9418612357432073
Philips_B120N10_Baby_Monitor,300,7,53297,shared_marginals,0.981811,0.886729648241206,0.0,0.3506,0.9418612357432073
Philips_B120N10_Baby_Monitor,300,7,53297,eb_center_peer_scale,0.9781358,0.8312341708542714,0.0002,0.2866,0.9418612357432073
Philips_B120N10_Baby_Monitor,1000,0,95449,local_center_peer_scale,0.9982309199999999,0.9111015075376884,0.1598,1.0,0.9979482810952862
Philips_B120N10_Baby_Monitor,1000,0,95449,shared_marginals,0.99817484,0.908283417085427,0.168,1.0,0.9979482810952862
Philips_B120N10_Baby_Monitor,1000,0,95449,eb_center_peer_scale,0.99823924,0.9115195979899497,0.1598,1.0,0.9979482810952862
Philips_B120N10_Baby_Monitor,1000,1,94222,local_center_peer_scale,0.9976137199999999,0.8801185929648241,0.4282,1.0,0.9981720966015816
Philips_B120N10_Baby_Monitor,1000,1,94222,shared_marginals,0.9981851199999999,0.9088,0.421,1.0,0.9981720966015816
Philips_B120N10_Baby_Monitor,1000,1,94222,eb_center_peer_scale,0.99762612,0.8807396984924623,0.428,1.0,0.9981720966015816
Philips_B120N10_Baby_Monitor,1000,2,36425,local_center_peer_scale,0.99786696,0.8928120603015075,0.324,1.0,0.9979990207656129
Philips_B120N10_Baby_Monitor,1000,2,36425,shared_marginals,0.99798308,0.8986472361809046,0.3236,1.0,0.9979990207656129
Philips_B120N10_Baby_Monitor,1000,2,36425,eb_center_peer_scale,0.99788292,0.8936140703517588,0.324,1.0,0.9979990207656129
Philips_B120N10_Baby_Monitor,1000,3,67728,local_center_peer_scale,0.99979056,0.9894753768844221,0.011,1.0,0.977461958928822
Philips_B120N10_Baby_Monitor,1000,3,67728,shared_marginals,0.9965408,0.8261728643216081,0.0102,1.0,0.977461958928822
Philips_B120N10_Baby_Monitor,1000,3,67728,eb_center_peer_scale,0.99979628,0.9897628140703517,0.011,1.0,0.977461958928822
Philips_B120N10_Baby_Monitor,1000,4,52088,local_center_peer_scale,0.99683188,0.8408643216080401,0.0098,0.999,0.9890409200350484
Philips_B120N10_Baby_Monitor,1000,4,52088,shared_marginals,0.99477088,0.7374130653266332,0.0144,0.9998,0.9890409200350484
Philips_B120N10_Baby_Monitor,1000,4,52088,eb_center_peer_scale,0.99683012,0.8407758793969848,0.0098,0.999,0.9890409200350484
Philips_B120N10_Baby_Monitor,1000,5,7265,local_center_peer_scale,0.9978492,0.8919236180904523,0.013,1.0,0.9891915127436167
Philips_B120N10_Baby_Monitor,1000,5,7265,shared_marginals,0.99603004,0.8005949748743719,0.0148,1.0,0.9891915127436167
Philips_B120N10_Baby_Monitor,1000,5,7265,eb_center_peer_scale,0.99784896,0.8919115577889447,0.013,1.0,0.9891915127436167
Philips_B120N10_Baby_Monitor,1000,6,95140,local_center_peer_scale,0.9964945199999999,0.8238633165829147,0.3626,1.0,0.9981617363576712
Philips_B120N10_Baby_Monitor,1000,6,95140,shared_marginals,0.99712084,0.855340703517588,0.369,1.0,0.9981617363576712
Philips_B120N10_Baby_Monitor,1000,6,95140,eb_center_peer_scale,0.99650156,0.8242170854271358,0.3632,1.0,0.9981617363576712
Philips_B120N10_Baby_Monitor,1000,7,730,local_center_peer_scale,0.99992448,0.9962050251256283,0.0,0.0,0.8729107686128629
Philips_B120N10_Baby_Monitor,1000,7,730,shared_marginals,0.99999776,0.9998874371859297,0.0,0.0002,0.8729107686128629
Philips_B120N10_Baby_Monitor,1000,7,730,eb_center_peer_scale,0.9999923199999999,0.9996140703517589,0.0,0.0,0.8729107686128629
Provision_PT_737E_Security_Camera,30,0,36709,local_center_peer_scale,0.9006872800000001,0.6878974874371859,0.2634,1.0,0.9383161646944713
Provision_PT_737E_Security_Camera,30,0,36709,shared_marginals,0.9223820400000001,0.6086010050251256,0.2814,1.0,0.9383161646944713
Provision_PT_737E_Security_Camera,30,0,36709,eb_center_peer_scale,0.9013502800000001,0.6878733668341708,0.264,1.0,0.9383161646944713
Provision_PT_737E_Security_Camera,30,1,19126,local_center_peer_scale,0.920673,0.7016321608040201,0.2328,1.0,0.9330961721700792
Provision_PT_737E_Security_Camera,30,1,19126,shared_marginals,0.9341423999999998,0.69038391959799,0.2432,1.0,0.9330961721700792
Provision_PT_737E_Security_Camera,30,1,19126,eb_center_peer_scale,0.9209742399999999,0.701702512562814,0.2334,1.0,0.9330961721700792
Provision_PT_737E_Security_Camera,30,2,6305,local_center_peer_scale,0.9117265200000001,0.7032663316582914,0.2372,1.0,0.9315900570833887
Provision_PT_737E_Security_Camera,30,2,6305,shared_marginals,0.9319882399999999,0.6680321608040201,0.27,1.0,0.9315900570833887
Provision_PT_737E_Security_Camera,30,2,6305,eb_center_peer_scale,0.9117025200000001,0.7032462311557789,0.2372,1.0,0.9315900570833887
Provision_PT_737E_Security_Camera,30,3,11021,local_center_peer_scale,0.8532266000000001,0.5380381909547739,0.4104,1.0,0.9681741893871473
Provision_PT_737E_Security_Camera,30,3,11021,shared_marginals,0.8790372400000002,0.5801266331658291,0.4626,1.0,0.9681741893871473
Provision_PT_737E_Security_Camera,30,3,11021,eb_center_peer_scale,0.8533918,0.5448341708542713,0.411,1.0,0.9681741893871473
Provision_PT_737E_Security_Camera,30,4,25370,local_center_peer_scale,0.86074768,0.5187155778894472,0.3788,1.0,0.9666386098828522
Provision_PT_737E_Security_Camera,30,4,25370,shared_marginals,0.8855156000000001,0.5707417085427136,0.4136,1.0,0.9666386098828522
Provision_PT_737E_Security_Camera,30,4,25370,eb_center_peer_scale,0.86101208,0.521467336683417,0.3786,1.0,0.9666386098828522
Provision_PT_737E_Security_Camera,30,5,8742,local_center_peer_scale,0.91100664,0.6842814070351759,0.2608,1.0,0.9448811147850701
Provision_PT_737E_Security_Camera,30,5,8742,shared_marginals,0.92742696,0.62278391959799,0.2716,1.0,0.9448811147850701
Provision_PT_737E_Security_Camera,30,5,8742,eb_center_peer_scale,0.9111988400000001,0.6844020100502513,0.263,1.0,0.9448811147850701
Provision_PT_737E_Security_Camera,30,6,10233,local_center_peer_scale,0.84776964,0.49755778894472363,0.4848,1.0,0.971884613116254
Provision_PT_737E_Security_Camera,30,6,10233,shared_marginals,0.8602065999999999,0.5027738693467336,0.5364,1.0,0.971884613116254
Provision_PT_737E_Security_Camera,30,6,10233,eb_center_peer_scale,0.84763972,0.4975437185929648,0.4858,1.0,0.971884613116254
Provision_PT_737E_Security_Camera,30,7,25498,local_center_peer_scale,0.9990252,0.9510150753768843,0.0024,0.8036,0.625750864249629
Provision_PT_737E_Security_Camera,30,7,25498,shared_marginals,0.99924996,0.9623095477386934,0.0026,0.9984,0.625750864249629
Provision_PT_737E_Security_Camera,30,7,25498,eb_center_peer_scale,0.99909732,0.9546391959798994,0.0028,0.9994,0.625750864249629
Provision_PT_737E_Security_Camera,100,0,4923,local_center_peer_scale,0.9997504,0.9874572864321609,0.0,0.0,0.7487740166990567
Provision_PT_737E_Security_Camera,100,0,4923,shared_marginals,0.9997516,0.9875175879396985,0.0,0.0,0.7487740166990567
Provision_PT_737E_Security_Camera,100,0,4923,eb_center_peer_scale,0.9997984,0.9898693467336683,0.0,0.0,0.7487740166990567
Provision_PT_737E_Security_Camera,100,1,2599,local_center_peer_scale,0.8725370800000001,0.6828663316582915,0.5288,1.0,0.9819829116533636
Provision_PT_737E_Security_Camera,100,1,2599,shared_marginals,0.87904576,0.6172442211055277,0.507,1.0,0.9819829116533636
Provision_PT_737E_Security_Camera,100,1,2599,eb_center_peer_scale,0.8724241199999999,0.6820964824120603,0.5348,1.0,0.9819829116533636
Provision_PT_737E_Security_Camera,100,2,2010,local_center_peer_scale,0.87581356,0.6357165829145728,0.2554,1.0,0.980789463511319
Provision_PT_737E_Security_Camera,100,2,2010,shared_marginals,0.8771517600000002,0.6042412060301507,0.2576,1.0,0.980789463511319
Provision_PT_737E_Security_Camera,100,2,2010,eb_center_peer_scale,0.87574276,0.6353125628140703,0.2554,1.0,0.980789463511319
Provision_PT_737E_Security_Camera,100,3,25526,local_center_peer_scale,0.9992828,0.9639597989949749,0.0,0.0,0.7358353253217063
Provision_PT_737E_Security_Camera,100,3,25526,shared_marginals,0.99924168,0.9618934673366835,0.0,0.0,0.7358353253217063
Provision_PT_737E_Security_Camera,100,3,25526,eb_center_peer_scale,0.99927036,0.9633346733668342,0.0,0.0,0.7358353253217063
Provision_PT_737E_Security_Camera,100,4,13563,local_center_peer_scale,0.9919154399999999,0.7687075376884422,0.0,0.0,0.7479908353342695
Provision_PT_737E_Security_Camera,100,4,13563,shared_marginals,0.9923523200000001,0.7869005025125628,0.0,0.0,0.7479908353342695
Provision_PT_737E_Security_Camera,100,4,13563,eb_center_peer_scale,0.99179956,0.7644663316582915,0.0,0.0,0.7479908353342695
Provision_PT_737E_Security_Camera,100,5,5415,local_center_peer_scale,0.9988956800000001,0.9445065326633166,0.0516,1.0,0.7224182015870103
Provision_PT_737E_Security_Camera,100,5,5415,shared_marginals,0.99901112,0.9503075376884422,0.0596,1.0,0.7224182015870103
Provision_PT_737E_Security_Camera,100,5,5415,eb_center_peer_scale,0.99886344,0.942886432160804,0.0698,1.0,0.7224182015870103
Provision_PT_737E_Security_Camera,100,6,16219,local_center_peer_scale,0.9984716,0.9238472361809047,0.0,0.0002,0.7128614065485767
Provision_PT_737E_Security_Camera,100,6,16219,shared_marginals,0.998908,0.9451537688442211,0.0786,1.0,0.7128614065485767
Provision_PT_737E_Security_Camera,100,6,16219,eb_center_peer_scale,0.9980792,0.9122532663316584,0.0,0.0002,0.7128614065485767
Provision_PT_737E_Security_Camera,100,7,31382,local_center_peer_scale,0.8980340399999999,0.6157045226130653,0.2452,1.0,0.9791689088064565
Provision_PT_737E_Security_Camera,100,7,31382,shared_marginals,0.90593248,0.5993346733668341,0.257,1.0,0.9791689088064565
Provision_PT_737E_Security_Camera,100,7,31382,eb_center_peer_scale,0.8973492799999999,0.6147497487437186,0.2448,1.0,0.9791689088064565
Provision_PT_737E_Security_Camera,300,0,29826,local_center_peer_scale,0.99854768,0.9270190954773869,0.0074,1.0,0.825623320792058
Provision_PT_737E_Security_Camera,300,0,29826,shared_marginals,0.99840668,0.9199336683417085,0.0172,1.0,0.825623320792058
Provision_PT_737E_Security_Camera,300,0,29826,eb_center_peer_scale,0.99857844,0.928564824120603,0.0082,1.0,0.825623320792058
Provision_PT_737E_Security_Camera,300,1,24916,local_center_peer_scale,0.99924672,0.9621467336683418,0.0,0.0,0.8639660683417512
Provision_PT_737E_Security_Camera,300,1,24916,shared_marginals,0.99922084,0.9608462311557789,0.0,0.0,0.8639660683417512
Provision_PT_737E_Security_Camera,300,1,24916,eb_center_peer_scale,0.99932296,0.9659778894472363,0.0,0.0,0.8639660683417512
Provision_PT_737E_Security_Camera,300,2,3882,local_center_peer_scale,0.9994632800000001,0.9730291457286432,0.0,0.0,0.8642187018141889
Provision_PT_737E_Security_Camera,300,2,3882,shared_marginals,0.9994012400000001,0.9699115577889448,0.0,0.0,0.8642187018141889
Provision_PT_737E_Security_Camera,300,2,3882,eb_center_peer_scale,0.9994603200000001,0.9728804020100502,0.0,0.0,0.8642187018141889
Provision_PT_737E_Security_Camera,300,3,6001,local_center_peer_scale,0.98494896,0.7172562814070352,0.0,0.0,0.9572963283029721
Provision_PT_737E_Security_Camera,300,3,6001,shared_marginals,0.98495036,0.7100381909547739,0.0,0.0,0.9572963283029721
Provision_PT_737E_Security_Camera,300,3,6001,eb_center_peer_scale,0.9849366399999999,0.7164904522613066,0.0,0.0,0.9572963283029721
Provision_PT_737E_Security_Camera,300,4,16687,local_center_peer_scale,0.98890344,0.6580502512562814,0.0,0.0,0.9201647017452852
Provision_PT_737E_Security_Camera,300,4,16687,shared_marginals,0.98842328,0.6537165829145728,0.0,0.0,0.9201647017452852
Provision_PT_737E_Security_Camera,300,4,16687,eb_center_peer_scale,0.9889964800000001,0.6640924623115578,0.0,0.0,0.9201647017452852
Provision_PT_737E_Security_Camera,300,5,27271,local_center_peer_scale,0.9988592,0.9426733668341709,0.0006,0.1844,0.8276575381214025
Provision_PT_737E_Security_Camera,300,5,27271,shared_marginals,0.99891848,0.9456522613065326,0.001,0.5806,0.8276575381214025
Provision_PT_737E_Security_Camera,300,5,27271,eb_center_peer_scale,0.99883872,0.9416442211055277,0.0006,0.183,0.8276575381214025
Provision_PT_737E_Security_Camera,300,6,20452,local_center_peer_scale,0.99929364,0.9645045226130653,0.0,0.0,0.9257348019908772
Provision_PT_737E_Security_Camera,300,6,20452,shared_marginals,0.99944948,0.9723356783919598,0.0,0.0,0.9257348019908772
Provision_PT_737E_Security_Camera,300,6,20452,eb_center_peer_scale,0.9993496,0.9673165829145729,0.0,0.0,0.9257348019908772
Provision_PT_737E_Security_Camera,300,7,40333,local_center_peer_scale,0.9931905200000001,0.8365628140703517,0.0,0.0,0.8271320300022109
Provision_PT_737E_Security_Camera,300,7,40333,shared_marginals,0.99383384,0.8482251256281408,0.0,0.0,0.8271320300022109
Provision_PT_737E_Security_Camera,300,7,40333,eb_center_peer_scale,0.99367508,0.8464944723618091,0.0,0.0,0.8271320300022109
Provision_PT_737E_Security_Camera,1000,0,3796,local_center_peer_scale,0.98792276,0.7000301507537688,0.0588,1.0,0.9377076775660363
Provision_PT_737E_Security_Camera,1000,0,3796,shared_marginals,0.9867716,0.6993909547738694,0.0606,1.0,0.9377076775660363
Provision_PT_737E_Security_Camera,1000,0,3796,eb_center_peer_scale,0.9882921200000001,0.7007115577889447,0.0584,1.0,0.9377076775660363
Provision_PT_737E_Security_Camera,1000,1,9803,local_center_peer_scale,0.9971335600000001,0.8758753768844221,0.002,0.7062,0.9376157307427968
Provision_PT_737E_Security_Camera,1000,1,9803,shared_marginals,0.99758852,0.8788422110552764,0.002,0.7334,0.9376157307427968
Provision_PT_737E_Security_Camera,1000,1,9803,eb_center_peer_scale,0.99700816,0.8755195979899497,0.0022,0.7514,0.9376157307427968
Provision_PT_737E_Security_Camera,1000,2,37869,local_center_peer_scale,0.99838644,0.9189507537688442,0.0136,1.0,0.9247422923237212
Provision_PT_737E_Security_Camera,1000,2,37869,shared_marginals,0.998295,0.9143658291457286,0.0136,1.0,0.9247422923237212
Provision_PT_737E_Security_Camera,1000,2,37869,eb_center_peer_scale,0.99834872,0.917051256281407,0.0136,1.0,0.9247422923237212
Provision_PT_737E_Security_Camera,1000,3,36381,local_center_peer_scale,0.9976712000000001,0.8829748743718593,0.0184,1.0,0.9396828637452787
Provision_PT_737E_Security_Camera,1000,3,36381,shared_marginals,0.99774856,0.8868623115577889,0.0176,1.0,0.9396828637452787
Provision_PT_737E_Security_Camera,1000,3,36381,eb_center_peer_scale,0.9975987599999999,0.8793346733668341,0.02,1.0,0.9396828637452787
Provision_PT_737E_Security_Camera,1000,4,38323,local_center_peer_scale,0.9990688799999999,0.9532100502512564,0.0564,1.0,0.9329106236853905
Provision_PT_737E_Security_Camera,1000,4,38323,shared_marginals,0.9989134399999999,0.9453989949748743,0.0554,1.0,0.9329106236853905
Provision_PT_737E_Security_Camera,1000,4,38323,eb_center_peer_scale,0.99897964,0.9487256281407035,0.055,1.0,0.9329106236853905
Provision_PT_737E_Security_Camera,1000,5,2488,local_center_peer_scale,0.98960552,0.7660743718592965,0.0922,1.0,0.9393241878170404
Provision_PT_737E_Security_Camera,1000,5,2488,shared_marginals,0.9884831599999999,0.7205366834170854,0.0884,1.0,0.9393241878170404
Provision_PT_737E_Security_Camera,1000,5,2488,eb_center_peer_scale,0.98973764,0.7702793969849246,0.0936,1.0,0.9393241878170404
Provision_PT_737E_Security_Camera,1000,6,15757,local_center_peer_scale,0.9989777599999999,0.9486311557788945,0.0388,1.0,0.9326644782369234
Provision_PT_737E_Security_Camera,1000,6,15757,shared_marginals,0.99911964,0.9557608040201004,0.0372,1.0,0.9326644782369234
Provision_PT_737E_Security_Camera,1000,6,15757,eb_center_peer_scale,0.9989066799999999,0.945059296482412,0.0392,1.0,0.9326644782369234
Provision_PT_737E_Security_Camera,1000,7,27947,local_center_peer_scale,0.9990399999999999,0.9517587939698493,0.0798,1.0,0.9386622308662954
Provision_PT_737E_Security_Camera,1000,7,27947,shared_marginals,0.9990827600000001,0.9539075376884423,0.08,1.0,0.9386622308662954
Provision_PT_737E_Security_Camera,1000,7,27947,eb_center_peer_scale,0.9990340400000001,0.951459296482412,0.0798,1.0,0.9386622308662954
Provision_PT_838_Security_Camera,30,0,56938,local_center_peer_scale,0.7879567599999999,0.49748743718592964,0.5704,1.0,0.9637604394055476
Provision_PT_838_Security_Camera,30,0,56938,shared_marginals,0.83328532,0.49748743718592964,0.6008,1.0,0.9637604394055476
Provision_PT_838_Security_Camera,30,0,56938,eb_center_peer_scale,0.78864088,0.49748743718592964,0.5704,1.0,0.9637604394055476
Provision_PT_838_Security_Camera,30,1,12006,local_center_peer_scale,0.99954276,0.9781125628140703,0.0018,0.9952,0.7183487111524429
Provision_PT_838_Security_Camera,30,1,12006,shared_marginals,0.9997254,0.9862010050251256,0.0028,0.9998,0.7183487111524429
Provision_PT_838_Security_Camera,30,1,12006,eb_center_peer_scale,0.999522,0.9770894472361809,0.0178,0.9992,0.7183487111524429
Provision_PT_838_Security_Camera,30,2,65485,local_center_peer_scale,0.84486716,0.535427135678392,0.3262,1.0,0.9694381080170391
Provision_PT_838_Security_Camera,30,2,65485,shared_marginals,0.85690532,0.5101688442211055,0.5082,1.0,0.9694381080170391
Provision_PT_838_Security_Camera,30,2,65485,eb_center_peer_scale,0.8451579599999999,0.5346452261306532,0.3256,1.0,0.9694381080170391
Provision_PT_838_Security_Camera,30,3,59821,local_center_peer_scale,0.91381628,0.810062311557789,0.9634,1.0,0.905283381212737
Provision_PT_838_Security_Camera,30,3,59821,shared_marginals,0.99980804,0.9918311557788944,0.9682,1.0,0.905283381212737
Provision_PT_838_Security_Camera,30,3,59821,eb_center_peer_scale,0.93108272,0.8114793969849248,0.964,1.0,0.905283381212737
Provision_PT_838_Security_Camera,30,4,25441,local_center_peer_scale,0.8806880399999999,0.6250050251256282,0.2934,1.0,0.9344260209092949
Provision_PT_838_Security_Camera,30,4,25441,shared_marginals,0.8821760800000001,0.6251819095477387,0.3526,1.0,0.9344260209092949
Provision_PT_838_Security_Camera,30,4,25441,eb_center_peer_scale,0.8793706399999999,0.6232783919597991,0.2938,1.0,0.9344260209092949
Provision_PT_838_Security_Camera,30,5,48376,local_center_peer_scale,0.9992897199999999,0.9690452261306532,0.001,0.81,0.7926624537846628
Provision_PT_838_Security_Camera,30,5,48376,shared_marginals,0.99970628,0.9852402010050251,0.0014,0.9994,0.7926624537846628
Provision_PT_838_Security_Camera,30,5,48376,eb_center_peer_scale,0.9993009599999999,0.9694693467336684,0.001,0.8594,0.7926624537846628
Provision_PT_838_Security_Camera,30,6,52580,local_center_peer_scale,0.8845246399999999,0.6195939698492462,0.3022,1.0,0.944226295079875
Provision_PT_838_Security_Camera,30,6,52580,shared_marginals,0.88964148,0.6134633165829145,0.3078,1.0,0.944226295079875
Provision_PT_838_Security_Camera,30,6,52580,eb_center_peer_scale,0.8846285600000001,0.6193065326633166,0.3026,1.0,0.944226295079875
Provision_PT_838_Security_Camera,30,7,49984,local_center_peer_scale,0.80301396,0.49748743718592964,0.3676,1.0,0.9734960292849553
Provision_PT_838_Security_Camera,30,7,49984,shared_marginals,0.8354592800000001,0.49748743718592964,0.3782,1.0,0.9734960292849553
Provision_PT_838_Security_Camera,30,7,49984,eb_center_peer_scale,0.8021475600000001,0.49748743718592964,0.3674,1.0,0.9734960292849553
Provision_PT_838_Security_Camera,100,0,62102,local_center_peer_scale,0.89833652,0.7019155778894473,0.1742,0.7402,0.961450545560759
Provision_PT_838_Security_Camera,100,0,62102,shared_marginals,0.9135622,0.7044964824120603,0.1668,0.7688,0.961450545560759
Provision_PT_838_Security_Camera,100,0,62102,eb_center_peer_scale,0.90309684,0.7041608040201005,0.166,0.7366,0.961450545560759
Provision_PT_838_Security_Camera,100,1,55077,local_center_peer_scale,0.99892372,0.9590110552763819,0.7784,1.0,0.8411073774023093
Provision_PT_838_Security_Camera,100,1,55077,shared_marginals,0.99967976,0.9839075376884423,0.62,1.0,0.8411073774023093
Provision_PT_838_Security_Camera,100,1,55077,eb_center_peer_scale,0.9987158,0.9532020100502513,0.7762,1.0,0.8411073774023093
Provision_PT_838_Security_Camera,100,2,33241,local_center_peer_scale,0.999284,0.9652502512562815,0.0018,0.9912,0.6880580895279425
Provision_PT_838_Security_Camera,100,2,33241,shared_marginals,0.99947696,0.9737165829145729,0.002,0.9978,0.6880580895279425
Provision_PT_838_Security_Camera,100,2,33241,eb_center_peer_scale,0.99923844,0.9630773869346734,0.0216,0.9992,0.6880580895279425
Provision_PT_838_Security_Camera,100,3,4438,local_center_peer_scale,0.999395,0.9703135678391959,0.6832,1.0,0.7252960928809788
Provision_PT_838_Security_Camera,100,3,4438,shared_marginals,0.99932956,0.9663095477386935,0.373,1.0,0.7252960928809788
Provision_PT_838_Security_Camera,100,3,4438,eb_center_peer_scale,0.99931608,0.9663417085427135,0.682,1.0,0.7252960928809788
Provision_PT_838_Security_Camera,100,4,9975,local_center_peer_scale,0.99805364,0.902454271356784,0.0,0.0,0.8058806901760259
Provision_PT_838_Security_Camera,100,4,9975,shared_marginals,0.99890208,0.945451256281407,0.0,0.0,0.8058806901760259
Provision_PT_838_Security_Camera,100,4,9975,eb_center_peer_scale,0.99843532,0.9215738693467337,0.0,0.0,0.8058806901760259
Provision_PT_838_Security_Camera,100,5,12236,local_center_peer_scale,0.867324,0.7035075376884422,0.4148,1.0,0.9612530699788616
Provision_PT_838_Security_Camera,100,5,12236,shared_marginals,0.8767904799999999,0.7024562814070352,0.3634,1.0,0.9612530699788616
Provision_PT_838_Security_Camera,100,5,12236,eb_center_peer_scale,0.86879264,0.7038472361809045,0.4182,1.0,0.9612530699788616
Provision_PT_838_Security_Camera,100,6,22751,local_center_peer_scale,0.99950744,0.9757628140703518,0.4078,1.0,0.7227304170229054
Provision_PT_838_Security_Camera,100,6,22751,shared_marginals,0.99962472,0.9811417085427135,0.0588,1.0,0.7227304170229054
Provision_PT_838_Security_Camera,100,6,22751,eb_center_peer_scale,0.99947712,0.9743256281407036,0.4082,1.0,0.7227304170229054
Provision_PT_838_Security_Camera,100,7,38839,local_center_peer_scale,0.81898472,0.4978391959798995,0.328,1.0,0.983813267089799
Provision_PT_838_Security_Camera,100,7,38839,shared_marginals,0.82678768,0.5153185929648241,0.3122,1.0,0.983813267089799
Provision_PT_838_Security_Camera,100,7,38839,eb_center_peer_scale,0.8210164000000001,0.4981467336683417,0.3184,1.0,0.983813267089799
Provision_PT_838_Security_Camera,300,0,46515,local_center_peer_scale,0.8878862399999999,0.6999618090452261,0.4006,1.0,0.9895056532236871
Provision_PT_838_Security_Camera,300,0,46515,shared_marginals,0.8947162799999998,0.6995135678391959,0.3996,1.0,0.9895056532236871
Provision_PT_838_Security_Camera,300,0,46515,eb_center_peer_scale,0.8878120799999999,0.6999618090452261,0.4034,1.0,0.9895056532236871
Provision_PT_838_Security_Camera,300,1,11088,local_center_peer_scale,0.9881692000000001,0.8053909547738693,0.0214,0.8032,0.8463108785607075
Provision_PT_838_Security_Camera,300,1,11088,shared_marginals,0.98669856,0.7483035175879397,0.0234,0.7944,0.8463108785607075
Provision_PT_838_Security_Camera,300,1,11088,eb_center_peer_scale,0.9887203600000001,0.8028643216080402,0.0224,0.8032,0.8463108785607075
Provision_PT_838_Security_Camera,300,2,33638,local_center_peer_scale,0.8079875200000001,0.49748743718592964,0.4822,1.0,0.9911506077799062
Provision_PT_838_Security_Camera,300,2,33638,shared_marginals,0.8097585999999999,0.49748743718592964,0.4902,1.0,0.9911506077799062
Provision_PT_838_Security_Camera,300,2,33638,eb_center_peer_scale,0.8080003600000001,0.49748743718592964,0.4824,1.0,0.9911506077799062
Provision_PT_838_Security_Camera,300,3,63420,local_center_peer_scale,0.7907326800000001,0.6937648241206029,0.0,0.0,0.8843719605935445
Provision_PT_838_Security_Camera,300,3,63420,shared_marginals,0.80300764,0.6723618090452261,0.0,0.0,0.8843719605935445
Provision_PT_838_Security_Camera,300,3,63420,eb_center_peer_scale,0.8187142000000001,0.6949909547738693,0.0,0.0,0.8843719605935445
Provision_PT_838_Security_Camera,300,4,3257,local_center_peer_scale,0.99838936,0.9190633165829145,0.016,1.0,0.7959165378358454
Provision_PT_838_Security_Camera,300,4,3257,shared_marginals,0.99860556,0.9299276381909547,0.0404,1.0,0.7959165378358454
Provision_PT_838_Security_Camera,300,4,3257,eb_center_peer_scale,0.9990478,0.9521507537688443,0.0176,1.0,0.7959165378358454
Provision_PT_838_Security_Camera,300,5,20942,local_center_peer_scale,0.9991774,0.9586633165829146,0.0478,1.0,0.8270232636672641
Provision_PT_838_Security_Camera,300,5,20942,shared_marginals,0.9991327999999999,0.9564221105527638,0.037,1.0,0.8270232636672641
Provision_PT_838_Security_Camera,300,5,20942,eb_center_peer_scale,0.99913336,0.9564502512562814,0.0434,1.0,0.8270232636672641
Provision_PT_838_Security_Camera,300,6,44987,local_center_peer_scale,0.9994753599999999,0.9736361809045226,0.0,0.0,0.8255774621287203
Provision_PT_838_Security_Camera,300,6,44987,shared_marginals,0.9995259999999999,0.9761809045226131,0.0,0.0,0.8255774621287203
Provision_PT_838_Security_Camera,300,6,44987,eb_center_peer_scale,0.99950016,0.9748824120603015,0.0,0.0,0.8255774621287203
Provision_PT_838_Security_Camera,300,7,34128,local_center_peer_scale,0.99941584,0.9706452261306533,0.032,1.0,0.8350462215209029
Provision_PT_838_Security_Camera,300,7,34128,shared_marginals,0.99939536,0.96961608040201,0.041,1.0,0.8350462215209029
Provision_PT_838_Security_Camera,300,7,34128,eb_center_peer_scale,0.9994103200000001,0.9703678391959798,0.0336,1.0,0.8350462215209029
Provision_PT_838_Security_Camera,1000,0,23002,local_center_peer_scale,0.9973598800000001,0.8673306532663316,0.0788,1.0,0.9296796692041454
Provision_PT_838_Security_Camera,1000,0,23002,shared_marginals,0.9979976399999999,0.8993788944723617,0.0782,1.0,0.9296796692041454
Provision_PT_838_Security_Camera,1000,0,23002,eb_center_peer_scale,0.99779884,0.8893889447236181,0.0784,1.0,0.9296796692041454
Provision_PT_838_Security_Camera,1000,1,32817,local_center_peer_scale,0.9971566,0.857137688442211,0.0774,1.0,0.9256860982791589
Provision_PT_838_Security_Camera,1000,1,32817,shared_marginals,0.99754304,0.8765346733668342,0.0772,1.0,0.9256860982791589
Provision_PT_838_Security_Camera,1000,1,32817,eb_center_peer_scale,0.99755428,0.87718391959799,0.078,1.0,0.9256860982791589
Provision_PT_838_Security_Camera,1000,2,16344,local_center_peer_scale,0.99717852,0.8582492462311557,0.0802,1.0,0.9284982653415192
Provision_PT_838_Security_Camera,1000,2,16344,shared_marginals,0.9981399200000001,0.9065286432160804,0.0786,1.0,0.9284982653415192
Provision_PT_838_Security_Camera,1000,2,16344,eb_center_peer_scale,0.99769052,0.8839718592964824,0.08,1.0,0.9284982653415192
Provision_PT_838_Security_Camera,1000,3,42453,local_center_peer_scale,0.99740648,0.8696743718592965,0.056,1.0,0.9275514260382579
Provision_PT_838_Security_Camera,1000,3,42453,shared_marginals,0.99818372,0.9087296482412061,0.0526,1.0,0.9275514260382579
Provision_PT_838_Security_Camera,1000,3,42453,eb_center_peer_scale,0.99740756,0.8697266331658291,0.056,1.0,0.9275514260382579
Provision_PT_838_Security_Camera,1000,4,28803,local_center_peer_scale,0.99956936,0.9783718592964823,0.0272,1.0,0.9311291177827022
Provision_PT_838_Security_Camera,1000,4,28803,shared_marginals,0.99959216,0.9795356783919598,0.016,1.0,0.9311291177827022
Provision_PT_838_Security_Camera,1000,4,28803,eb_center_peer_scale,0.9995701199999999,0.9784040201005025,0.0288,1.0,0.9311291177827022
Provision_PT_838_Security_Camera,1000,5,9414,local_center_peer_scale,0.9983704,0.9181105527638191,0.0058,0.9964,0.923020718798572
Provision_PT_838_Security_Camera,1000,5,9414,shared_marginals,0.9987965200000001,0.9395236180904523,0.0054,0.9996,0.923020718798572
Provision_PT_838_Security_Camera,1000,5,9414,eb_center_peer_scale,0.9986179599999999,0.9305507537688442,0.0054,0.9962,0.923020718798572
Provision_PT_838_Security_Camera,1000,6,28802,local_center_peer_scale,0.99941048,0.9703758793969848,0.0242,1.0,0.9311286795168807
Provision_PT_838_Security_Camera,1000,6,28802,shared_marginals,0.9994394,0.9718291457286432,0.0136,1.0,0.9311286795168807
Provision_PT_838_Security_Camera,1000,6,28802,eb_center_peer_scale,0.9994612,0.9729246231155779,0.0258,1.0,0.9311286795168807
Provision_PT_838_Security_Camera,1000,7,2557,local_center_peer_scale,0.99866356,0.9328422110552764,0.007,0.9994,0.9123051716905624
Provision_PT_838_Security_Camera,1000,7,2557,shared_marginals,0.99884884,0.9422211055276382,0.0072,0.9998,0.9123051716905624
Provision_PT_838_Security_Camera,1000,7,2557,eb_center_peer_scale,0.99884316,0.9418673366834172,0.014,1.0,0.9123051716905624
Samsung_SNH_1011_N_Webcam,30,0,30458,local_center_peer_scale,0.99920592,0.9600964824120602,0.013,1.0,0.9112516589496119
Samsung_SNH_1011_N_Webcam,30,0,30458,shared_marginals,0.99922144,0.9608763819095478,0.0296,1.0,0.9112516589496119
Samsung_SNH_1011_N_Webcam,30,0,30458,eb_center_peer_scale,0.9992068399999999,0.9601427135678391,0.0134,1.0,0.9112516589496119
Samsung_SNH_1011_N_Webcam,30,1,6316,local_center_peer_scale,0.9993479599999999,0.9672341708542713,0.0126,1.0,0.9106677103590223
Samsung_SNH_1011_N_Webcam,30,1,6316,shared_marginals,0.99918392,0.9589909547738693,0.0214,1.0,0.9106677103590223
Samsung_SNH_1011_N_Webcam,30,1,6316,eb_center_peer_scale,0.9993462,0.967145728643216,0.0128,1.0,0.9106677103590223
Samsung_SNH_1011_N_Webcam,30,2,15741,local_center_peer_scale,0.99170284,0.8003095477386934,0.023,0.9998,0.6848125422416468
Samsung_SNH_1011_N_Webcam,30,2,15741,shared_marginals,0.9992092399999999,0.9640100502512563,0.0118,0.9998,0.6848125422416468
Samsung_SNH_1011_N_Webcam,30,2,15741,eb_center_peer_scale,0.9998505200000001,0.9958633165829145,0.026,0.9998,0.6848125422416468
Samsung_SNH_1011_N_Webcam,30,3,32091,local_center_peer_scale,0.99893936,0.9467015075376884,0.028,1.0,0.9167581667064771
Samsung_SNH_1011_N_Webcam,30,3,32091,shared_marginals,0.99893416,0.9464402010050251,0.0302,1.0,0.9167581667064771
Samsung_SNH_1011_N_Webcam,30,3,32091,eb_center_peer_scale,0.99893968,0.9467175879396985,0.0258,1.0,0.9167581667064771
Samsung_SNH_1011_N_Webcam,30,4,16940,local_center_peer_scale,0.9984975600000001,0.9734994974874371,0.0204,0.9528,0.6693073755379078
Samsung_SNH_1011_N_Webcam,30,4,16940,shared_marginals,0.9991158,0.9555678391959799,0.0,0.5922,0.6693073755379078
Samsung_SNH_1011_N_Webcam,30,4,16940,eb_center_peer_scale,0.9987880800000001,0.9777507537688443,0.033,0.9896,0.6693073755379078
Samsung_SNH_1011_N_Webcam,30,5,24568,local_center_peer_scale,0.9994256,0.9711356783919598,0.0166,1.0,0.9243926884559701
Samsung_SNH_1011_N_Webcam,30,5,24568,shared_marginals,0.99922188,0.9608984924623116,0.0366,1.0,0.9243926884559701
Samsung_SNH_1011_N_Webcam,30,5,24568,eb_center_peer_scale,0.9994251200000001,0.9711115577889448,0.0172,1.0,0.9243926884559701
Samsung_SNH_1011_N_Webcam,30,6,10298,local_center_peer_scale,0.99972752,0.9863075376884423,0.4596,1.0,0.9183840050805326
Samsung_SNH_1011_N_Webcam,30,6,10298,shared_marginals,0.9994644399999999,0.9730874371859297,0.4856,1.0,0.9183840050805326
Samsung_SNH_1011_N_Webcam,30,6,10298,eb_center_peer_scale,0.99971592,0.9857246231155778,0.475,1.0,0.9183840050805326
Samsung_SNH_1011_N_Webcam,30,7,19235,local_center_peer_scale,0.9990930800000001,0.9544261306532663,0.0184,1.0,0.922491209181416
Samsung_SNH_1011_N_Webcam,30,7,19235,shared_marginals,0.99904748,0.9521346733668341,0.0408,1.0,0.922491209181416
Samsung_SNH_1011_N_Webcam,30,7,19235,eb_center_peer_scale,0.9990943999999999,0.9544924623115578,0.018,1.0,0.922491209181416
Samsung_SNH_1011_N_Webcam,100,0,4151,local_center_peer_scale,0.999581,0.9789447236180904,0.3972,1.0,0.9746805663375212
Samsung_SNH_1011_N_Webcam,100,0,4151,shared_marginals,0.99946572,0.9731517587939699,0.3956,1.0,0.9746805663375212
Samsung_SNH_1011_N_Webcam,100,0,4151,eb_center_peer_scale,0.99958068,0.9789286432160804,0.3966,1.0,0.9746805663375212
Samsung_SNH_1011_N_Webcam,100,1,4078,local_center_peer_scale,0.99902312,0.9509105527638191,0.4386,1.0,0.9747764575791109
Samsung_SNH_1011_N_Webcam,100,1,4078,shared_marginals,0.99924512,0.9620663316582914,0.4238,1.0,0.9747764575791109
Samsung_SNH_1011_N_Webcam,100,1,4078,eb_center_peer_scale,0.9990226400000001,0.950886432160804,0.437,1.0,0.9747764575791109
Samsung_SNH_1011_N_Webcam,100,2,32383,local_center_peer_scale,0.9992112,0.9603618090452262,0.2608,1.0,0.9752138660472398
Samsung_SNH_1011_N_Webcam,100,2,32383,shared_marginals,0.9991496,0.9572663316582914,0.1838,1.0,0.9752138660472398
Samsung_SNH_1011_N_Webcam,100,2,32383,eb_center_peer_scale,0.99921056,0.960329648241206,0.205,1.0,0.9752138660472398
Samsung_SNH_1011_N_Webcam,100,3,28541,local_center_peer_scale,0.99943388,0.9715517587939699,0.1002,1.0,0.9740800995719008
Samsung_SNH_1011_N_Webcam,100,3,28541,shared_marginals,0.9995794,0.9788643216080403,0.1134,1.0,0.9740800995719008
Samsung_SNH_1011_N_Webcam,100,3,28541,eb_center_peer_scale,0.9994333200000001,0.9715236180904523,0.0998,1.0,0.9740800995719008
Samsung_SNH_1011_N_Webcam,100,4,29713,local_center_peer_scale,0.99956296,0.978038190954774,0.4116,1.0,0.9719700704943518
Samsung_SNH_1011_N_Webcam,100,4,29713,shared_marginals,0.99950824,0.9752884422110553,0.4386,1.0,0.9719700704943518
Samsung_SNH_1011_N_Webcam,100,4,29713,eb_center_peer_scale,0.99955532,0.977654271356784,0.3864,1.0,0.9719700704943518
Samsung_SNH_1011_N_Webcam,100,5,22717,local_center_peer_scale,0.99847432,0.9233326633165829,0.3088,1.0,0.974775730720098
Samsung_SNH_1011_N_Webcam,100,5,22717,shared_marginals,0.99907908,0.9537226130653267,0.2986,1.0,0.974775730720098
Samsung_SNH_1011_N_Webcam,100,5,22717,eb_center_peer_scale,0.99847332,0.9232824120603016,0.3082,1.0,0.974775730720098
Samsung_SNH_1011_N_Webcam,100,6,12426,local_center_peer_scale,0.9980564399999999,0.9023336683417087,0.1902,1.0,0.9742799431367545
Samsung_SNH_1011_N_Webcam,100,6,12426,shared_marginals,0.99828224,0.9136804020100502,0.1906,1.0,0.9742799431367545
Samsung_SNH_1011_N_Webcam,100,6,12426,eb_center_peer_scale,0.99797496,0.8982391959798994,0.1964,1.0,0.9742799431367545
Samsung_SNH_1011_N_Webcam,100,7,2736,local_center_peer_scale,0.99886432,0.9429306532663317,0.2406,1.0,0.9736031904904746
Samsung_SNH_1011_N_Webcam,100,7,2736,shared_marginals,0.99886796,0.943113567839196,0.2272,1.0,0.9736031904904746
Samsung_SNH_1011_N_Webcam,100,7,2736,eb_center_peer_scale,0.99886304,0.9428663316582915,0.2296,1.0,0.9736031904904746
Samsung_SNH_1011_N_Webcam,300,0,32753,local_center_peer_scale,0.9995149600000001,0.9756261306532663,0.0386,1.0,0.9873910660268432
Samsung_SNH_1011_N_Webcam,300,0,32753,shared_marginals,0.99931112,0.9653829145728643,0.036,1.0,0.9873910660268432
Samsung_SNH_1011_N_Webcam,300,0,32753,eb_center_peer_scale,0.9995149600000001,0.9756261306532663,0.0392,1.0,0.9873910660268432
Samsung_SNH_1011_N_Webcam,300,1,10113,local_center_peer_scale,0.99732736,0.8656964824120603,0.2916,1.0,0.990804033978236
Samsung_SNH_1011_N_Webcam,300,1,10113,shared_marginals,0.997168,0.8576884422110553,0.2992,1.0,0.990804033978236
Samsung_SNH_1011_N_Webcam,300,1,10113,eb_center_peer_scale,0.99732496,0.865575879396985,0.304,1.0,0.990804033978236
Samsung_SNH_1011_N_Webcam,300,2,18655,local_center_peer_scale,0.9190286799999999,0.7835256281407035,0.0,0.3728,0.9484374051785216
Samsung_SNH_1011_N_Webcam,300,2,18655,shared_marginals,0.92098488,0.7720844221105527,0.0,0.3132,0.9484374051785216
Samsung_SNH_1011_N_Webcam,300,2,18655,eb_center_peer_scale,0.92883136,0.7838512562814071,0.0,0.3646,0.9484374051785216
Samsung_SNH_1011_N_Webcam,300,3,4853,local_center_peer_scale,0.9995044799999999,0.9750994974874372,0.0354,1.0,0.9903357110739567
Samsung_SNH_1011_N_Webcam,300,3,4853,shared_marginals,0.99922764,0.9611879396984925,0.0388,1.0,0.9903357110739567
Samsung_SNH_1011_N_Webcam,300,3,4853,eb_center_peer_scale,0.9995029999999999,0.9750251256281408,0.036,1.0,0.9903357110739567
Samsung_SNH_1011_N_Webcam,300,4,31355,local_center_peer_scale,0.9968816,0.8433286432160805,0.0226,1.0,0.9634088760094512
Samsung_SNH_1011_N_Webcam,300,4,31355,shared_marginals,0.99709952,0.8542713567839196,0.0218,1.0,0.9634088760094512
Samsung_SNH_1011_N_Webcam,300,4,31355,eb_center_peer_scale,0.9964930399999999,0.823811055276382,0.0222,1.0,0.9634088760094512
Samsung_SNH_1011_N_Webcam,300,5,23795,local_center_peer_scale,0.99725712,0.8621668341708544,0.0892,1.0,0.9913741351770492
Samsung_SNH_1011_N_Webcam,300,5,23795,shared_marginals,0.99709168,0.8538532663316583,0.1114,1.0,0.9913741351770492
Samsung_SNH_1011_N_Webcam,300,5,23795,eb_center_peer_scale,0.99725476,0.8620482412060302,0.0892,1.0,0.9913741351770492
Samsung_SNH_1011_N_Webcam,300,6,26943,local_center_peer_scale,0.9968598,0.8422010050251256,0.0528,1.0,0.9913275759796921
Samsung_SNH_1011_N_Webcam,300,6,26943,shared_marginals,0.99745136,0.8719276381909549,0.0536,1.0,0.9913275759796921
Samsung_SNH_1011_N_Webcam,300,6,26943,eb_center_peer_scale,0.99685752,0.842086432160804,0.0526,1.0,0.9913275759796921
Samsung_SNH_1011_N_Webcam,300,7,1481,local_center_peer_scale,0.9969172,0.8450854271356785,0.0642,1.0,0.9911440747613935
Samsung_SNH_1011_N_Webcam,300,7,1481,shared_marginals,0.99714424,0.8564944723618091,0.0644,1.0,0.9911440747613935
Samsung_SNH_1011_N_Webcam,300,7,1481,eb_center_peer_scale,0.99691664,0.8450572864321608,0.0642,1.0,0.9911440747613935
Samsung_SNH_1011_N_Webcam,1000,0,8298,local_center_peer_scale,0.998894,0.9444221105527637,0.0336,1.0,0.9972498397419749
Samsung_SNH_1011_N_Webcam,1000,0,8298,shared_marginals,0.99887008,0.9432201005025126,0.0334,1.0,0.9972498397419749
Samsung_SNH_1011_N_Webcam,1000,0,8298,eb_center_peer_scale,0.9988938399999999,0.9444140703517587,0.0336,1.0,0.9972498397419749
Samsung_SNH_1011_N_Webcam,1000,1,12711,local_center_peer_scale,0.99877356,0.9383698492462311,0.054,1.0,0.9972372457365388
Samsung_SNH_1011_N_Webcam,1000,1,12711,shared_marginals,0.99872856,0.9361085427135678,0.053,1.0,0.9972372457365388
Samsung_SNH_1011_N_Webcam,1000,1,12711,eb_center_peer_scale,0.99877344,0.9383638190954774,0.054,1.0,0.9972372457365388
Samsung_SNH_1011_N_Webcam,1000,2,16922,local_center_peer_scale,0.9983918,0.9191859296482412,0.0,0.0,0.9609217539378487
Samsung_SNH_1011_N_Webcam,1000,2,16922,shared_marginals,0.99669924,0.8341326633165829,0.0,0.0,0.9609217539378487
Samsung_SNH_1011_N_Webcam,1000,2,16922,eb_center_peer_scale,0.99839048,0.9191195979899498,0.0,0.0,0.9609217539378487
Samsung_SNH_1011_N_Webcam,1000,3,28396,local_center_peer_scale,0.99629548,0.8138432160804021,0.0554,1.0,0.9971900666735373
Samsung_SNH_1011_N_Webcam,1000,3,28396,shared_marginals,0.9966244799999999,0.8303758793969849,0.0576,1.0,0.9971900666735373
Samsung_SNH_1011_N_Webcam,1000,3,28396,eb_center_peer_scale,0.9962953600000001,0.8138371859296483,0.0554,1.0,0.9971900666735373
Samsung_SNH_1011_N_Webcam,1000,4,24579,local_center_peer_scale,0.9987322,0.9362914572864323,0.1094,1.0,0.9972615450774778
Samsung_SNH_1011_N_Webcam,1000,4,24579,shared_marginals,0.99871408,0.9353809045226131,0.1066,1.0,0.9972615450774778
Samsung_SNH_1011_N_Webcam,1000,4,24579,eb_center_peer_scale,0.99873216,0.9362894472361809,0.1094,1.0,0.9972615450774778
Samsung_SNH_1011_N_Webcam,1000,5,12028,local_center_peer_scale,0.99880776,0.9400884422110554,0.0668,1.0,0.9972369523985258
Samsung_SNH_1011_N_Webcam,1000,5,12028,shared_marginals,0.99883828,0.9416221105527638,0.0654,1.0,0.9972369523985258
Samsung_SNH_1011_N_Webcam,1000,5,12028,eb_center_peer_scale,0.99880772,0.940086432160804,0.0668,1.0,0.9972369523985258
Samsung_SNH_1011_N_Webcam,1000,6,21885,local_center_peer_scale,0.9988212,0.9407638190954773,0.0586,1.0,0.997303150235614
Samsung_SNH_1011_N_Webcam,1000,6,21885,shared_marginals,0.99901012,0.9502572864321608,0.0598,1.0,0.997303150235614
Samsung_SNH_1011_N_Webcam,1000,6,21885,eb_center_peer_scale,0.9988212,0.9407638190954773,0.0586,1.0,0.997303150235614
Samsung_SNH_1011_N_Webcam,1000,7,5194,local_center_peer_scale,0.99912836,0.9561989949748744,0.184,1.0,0.9972439822476487
Samsung_SNH_1011_N_Webcam,1000,7,5194,shared_marginals,0.99912208,0.9558834170854271,0.1526,1.0,0.9972439822476487
Samsung_SNH_1011_N_Webcam,1000,7,5194,eb_center_peer_scale,0.99912828,0.9561949748743719,0.182,1.0,0.9972439822476487
SimpleHome_XCS7_1002_WHT_Security_Camera,30,0,22322,local_center_peer_scale,0.99851844,0.928808040201005,0.0684,1.0,0.9104658166581001
SimpleHome_XCS7_1002_WHT_Security_Camera,30,0,22322,shared_marginals,0.9992846400000001,0.9659075376884422,0.0792,1.0,0.9104658166581001
SimpleHome_XCS7_1002_WHT_Security_Camera,30,0,22322,eb_center_peer_scale,0.99896964,0.9510492462311557,0.0668,1.0,0.9104658166581001
SimpleHome_XCS7_1002_WHT_Security_Camera,30,1,14207,local_center_peer_scale,0.99860452,0.9317125628140703,0.0706,1.0,0.888068338673494
SimpleHome_XCS7_1002_WHT_Security_Camera,30,1,14207,shared_marginals,0.99905696,0.9537949748743719,0.0742,1.0,0.888068338673494
SimpleHome_XCS7_1002_WHT_Security_Camera,30,1,14207,eb_center_peer_scale,0.99869356,0.9359618090452262,0.0648,1.0,0.888068338673494
SimpleHome_XCS7_1002_WHT_Security_Camera,30,2,19472,local_center_peer_scale,0.9993736799999999,0.9700321608040201,0.1528,1.0,0.9172864873416745
SimpleHome_XCS7_1002_WHT_Security_Camera,30,2,19472,shared_marginals,0.9993472800000001,0.9683437185929649,0.176,1.0,0.9172864873416745
SimpleHome_XCS7_1002_WHT_Security_Camera,30,2,19472,eb_center_peer_scale,0.9993821199999999,0.9703175879396986,0.1286,1.0,0.9172864873416745
SimpleHome_XCS7_1002_WHT_Security_Camera,30,3,25760,local_center_peer_scale,0.9988474,0.945591959798995,0.1192,1.0,0.9209217250896888
SimpleHome_XCS7_1002_WHT_Security_Camera,30,3,25760,shared_marginals,0.9990897599999999,0.9562974874371859,0.2548,1.0,0.9209217250896888
SimpleHome_XCS7_1002_WHT_Security_Camera,30,3,25760,eb_center_peer_scale,0.99923788,0.9648201005025125,0.1138,1.0,0.9209217250896888
SimpleHome_XCS7_1002_WHT_Security_Camera,30,4,13764,local_center_peer_scale,0.99916068,0.9604683417085427,0.4564,1.0,0.9299762113496811
SimpleHome_XCS7_1002_WHT_Security_Camera,30,4,13764,shared_marginals,0.99951528,0.977411055276382,0.3778,1.0,0.9299762113496811
SimpleHome_XCS7_1002_WHT_Security_Camera,30,4,13764,eb_center_peer_scale,0.9992197199999999,0.9633909547738694,0.2962,1.0,0.9299762113496811
SimpleHome_XCS7_1002_WHT_Security_Camera,30,5,28250,local_center_peer_scale,0.99777224,0.8901165829145729,0.0446,1.0,0.9119168374887542
SimpleHome_XCS7_1002_WHT_Security_Camera,30,5,28250,shared_marginals,0.99796972,0.8999899497487438,0.0558,1.0,0.9119168374887542
SimpleHome_XCS7_1002_WHT_Security_Camera,30,5,28250,eb_center_peer_scale,0.9983496399999999,0.9190773869346733,0.0508,1.0,0.9119168374887542
SimpleHome_XCS7_1002_WHT_Security_Camera,30,6,18377,local_center_peer_scale,0.99578532,0.8971437185929649,0.0,0.0622,0.7005660165752057
SimpleHome_XCS7_1002_WHT_Security_Camera,30,6,18377,shared_marginals,0.9950459199999999,0.90203216080402,0.0,0.514,0.7005660165752057
SimpleHome_XCS7_1002_WHT_Security_Camera,30,6,18377,eb_center_peer_scale,0.99970212,0.9867477386934673,0.0,0.4324,0.7005660165752057
SimpleHome_XCS7_1002_WHT_Security_Camera,30,7,19561,local_center_peer_scale,0.999378,0.970243216080402,0.0364,1.0,0.9014163296432928
SimpleHome_XCS7_1002_WHT_Security_Camera,30,7,19561,shared_marginals,0.99943252,0.9728100502512562,0.0394,1.0,0.9014163296432928
SimpleHome_XCS7_1002_WHT_Security_Camera,30,7,19561,eb_center_peer_scale,0.99942756,0.9725668341708542,0.0346,1.0,0.9014163296432928
SimpleHome_XCS7_1002_WHT_Security_Camera,100,0,4652,local_center_peer_scale,0.9977640400000001,0.9044522613065327,0.1874,1.0,0.968708962918347
SimpleHome_XCS7_1002_WHT_Security_Camera,100,0,4652,shared_marginals,0.99854428,0.9307336683417086,0.217,1.0,0.968708962918347
SimpleHome_XCS7_1002_WHT_Security_Camera,100,0,4652,eb_center_peer_scale,0.99738544,0.8895638190954774,0.1878,1.0,0.968708962918347
SimpleHome_XCS7_1002_WHT_Security_Camera,100,1,21674,local_center_peer_scale,0.9981484,0.911380904522613,0.0504,1.0,0.9610654323461642
SimpleHome_XCS7_1002_WHT_Security_Camera,100,1,21674,shared_marginals,0.99893656,0.9509005025125628,0.0578,1.0,0.9610654323461642
SimpleHome_XCS7_1002_WHT_Security_Camera,100,1,21674,eb_center_peer_scale,0.99831424,0.9195879396984925,0.0502,1.0,0.9610654323461642
SimpleHome_XCS7_1002_WHT_Security_Camera,100,2,29213,local_center_peer_scale,0.996914,0.876659296482412,0.6488,1.0,0.9583172801834106
SimpleHome_XCS7_1002_WHT_Security_Camera,100,2,29213,shared_marginals,0.99929408,0.9698613065326633,0.1618,1.0,0.9583172801834106
SimpleHome_XCS7_1002_WHT_Security_Camera,100,2,29213,eb_center_peer_scale,0.99852348,0.9509306532663315,0.1938,1.0,0.9583172801834106
SimpleHome_XCS7_1002_WHT_Security_Camera,100,3,2852,local_center_peer_scale,0.99821728,0.9130834170854271,0.0832,1.0,0.9539732942830353
SimpleHome_XCS7_1002_WHT_Security_Camera,100,3,2852,shared_marginals,0.99892232,0.9471859296482411,0.0802,1.0,0.9539732942830353
SimpleHome_XCS7_1002_WHT_Security_Camera,100,3,2852,eb_center_peer_scale,0.997967,0.9009447236180904,0.0814,1.0,0.9539732942830353
SimpleHome_XCS7_1002_WHT_Security_Camera,100,4,2081,local_center_peer_scale,0.99994436,0.9972040201005025,0.0,0.5726,0.8838440011842078
SimpleHome_XCS7_1002_WHT_Security_Camera,100,4,2081,shared_marginals,0.99974624,0.9872482412060302,0.0004,0.7914,0.8838440011842078
SimpleHome_XCS7_1002_WHT_Security_Camera,100,4,2081,eb_center_peer_scale,0.99998956,0.9994753768844222,0.0,0.7054,0.8838440011842078
SimpleHome_XCS7_1002_WHT_Security_Camera,100,5,20648,local_center_peer_scale,0.99862732,0.9339698492462312,0.0494,1.0,0.9540036125624483
SimpleHome_XCS7_1002_WHT_Security_Camera,100,5,20648,shared_marginals,0.99868016,0.9367457286432161,0.0528,1.0,0.9540036125624483
SimpleHome_XCS7_1002_WHT_Security_Camera,100,5,20648,eb_center_peer_scale,0.99830104,0.9176502512562814,0.0476,1.0,0.9540036125624483
SimpleHome_XCS7_1002_WHT_Security_Camera,100,6,18438,local_center_peer_scale,0.99991332,0.9961045226130654,0.0,0.4336,0.9013750710954901
SimpleHome_XCS7_1002_WHT_Security_Camera,100,6,18438,shared_marginals,0.9997387200000001,0.9870331658291458,0.0,0.7268,0.9013750710954901
SimpleHome_XCS7_1002_WHT_Security_Camera,100,6,18438,eb_center_peer_scale,0.9999199599999999,0.9963939698492462,0.0,0.4338,0.9013750710954901
SimpleHome_XCS7_1002_WHT_Security_Camera,100,7,5313,local_center_peer_scale,0.99785796,0.892359798994975,0.0,0.3438,0.8814876433966206
SimpleHome_XCS7_1002_WHT_Security_Camera,100,7,5313,shared_marginals,0.99792296,0.8956261306532662,0.0,0.5978,0.8814876433966206
SimpleHome_XCS7_1002_WHT_Security_Camera,100,7,5313,eb_center_peer_scale,0.99792156,0.8955557788944724,0.0,0.4184,0.8814876433966206
SimpleHome_XCS7_1002_WHT_Security_Camera,300,0,14172,local_center_peer_scale,0.95187496,0.7444402010050252,0.0154,0.5334,0.8970551598483552
SimpleHome_XCS7_1002_WHT_Security_Camera,300,0,14172,shared_marginals,0.9505656399999999,0.7436964824120603,0.0156,0.6934,0.8970551598483552
SimpleHome_XCS7_1002_WHT_Security_Camera,300,0,14172,eb_center_peer_scale,0.95277208,0.7426311557788945,0.0156,0.6138,0.8970551598483552
SimpleHome_XCS7_1002_WHT_Security_Camera,300,1,2923,local_center_peer_scale,0.9924145600000001,0.8215276381909548,0.094,1.0,0.9797488398125468
SimpleHome_XCS7_1002_WHT_Security_Camera,300,1,2923,shared_marginals,0.9954531999999999,0.878948743718593,0.089,1.0,0.9797488398125468
SimpleHome_XCS7_1002_WHT_Security_Camera,300,1,2923,eb_center_peer_scale,0.99212252,0.8162211055276383,0.094,1.0,0.9797488398125468
SimpleHome_XCS7_1002_WHT_Security_Camera,300,2,30554,local_center_peer_scale,0.99855316,0.9395959798994975,0.0,0.419,0.9048680798114931
SimpleHome_XCS7_1002_WHT_Security_Camera,300,2,30554,shared_marginals,0.99985104,0.993121608040201,0.0,0.4754,0.9048680798114931
SimpleHome_XCS7_1002_WHT_Security_Camera,300,2,30554,eb_center_peer_scale,0.9985880800000001,0.9395035175879398,0.0,0.4162,0.9048680798114931
SimpleHome_XCS7_1002_WHT_Security_Camera,300,3,8791,local_center_peer_scale,0.99480596,0.8339959798994974,0.0908,1.0,0.9790639938341238
SimpleHome_XCS7_1002_WHT_Security_Camera,300,3,8791,shared_marginals,0.99703516,0.8777567839195979,0.095,1.0,0.9790639938341238
SimpleHome_XCS7_1002_WHT_Security_Camera,300,3,8791,eb_center_peer_scale,0.9945881200000001,0.8330613065326633,0.1078,1.0,0.9790639938341238
SimpleHome_XCS7_1002_WHT_Security_Camera,300,4,16077,local_center_peer_scale,0.99998528,0.9992603015075376,0.009,1.0,0.9427896316805507
SimpleHome_XCS7_1002_WHT_Security_Camera,300,4,16077,shared_marginals,0.9998306,0.9914874371859297,0.0096,1.0,0.9427896316805507
SimpleHome_XCS7_1002_WHT_Security_Camera,300,4,16077,eb_center_peer_scale,0.99998556,0.9992743718592965,0.0108,1.0,0.9427896316805507
SimpleHome_XCS7_1002_WHT_Security_Camera,300,5,18656,local_center_peer_scale,0.9982602799999999,0.9254914572864321,0.0706,1.0,0.9807972433487899
SimpleHome_XCS7_1002_WHT_Security_Camera,300,5,18656,shared_marginals,0.99933872,0.9701809045226131,0.0682,1.0,0.9807972433487899
SimpleHome_XCS7_1002_WHT_Security_Camera,300,5,18656,eb_center_peer_scale,0.99826188,0.9246552763819096,0.0704,1.0,0.9807972433487899
SimpleHome_XCS7_1002_WHT_Security_Camera,300,6,1641,local_center_peer_scale,0.99815684,0.9665085427135679,0.0,0.0,0.850090948605554
SimpleHome_XCS7_1002_WHT_Security_Camera,300,6,1641,shared_marginals,0.99948068,0.9782010050251256,0.0298,0.9982,0.850090948605554
SimpleHome_XCS7_1002_WHT_Security_Camera,300,6,1641,eb_center_peer_scale,0.9973150000000001,0.9331296482412061,0.0,0.0,0.850090948605554
SimpleHome_XCS7_1002_WHT_Security_Camera,300,7,4909,local_center_peer_scale,0.99898756,0.9521467336683418,0.0844,1.0,0.9771398183301543
SimpleHome_XCS7_1002_WHT_Security_Camera,300,7,4909,shared_marginals,0.9993857199999999,0.9712844221105528,0.081,1.0,0.9771398183301543
SimpleHome_XCS7_1002_WHT_Security_Camera,300,7,4909,eb_center_peer_scale,0.9986704000000001,0.9366030150753769,0.084,1.0,0.9771398183301543
SimpleHome_XCS7_1002_WHT_Security_Camera,1000,0,105,local_center_peer_scale,0.99978776,0.9893346733668341,0.0006,0.9888,0.9603043106603547
SimpleHome_XCS7_1002_WHT_Security_Camera,1000,0,105,shared_marginals,0.9997153599999999,0.9856964824120602,0.0004,0.7874,0.9603043106603547
SimpleHome_XCS7_1002_WHT_Security_Camera,1000,0,105,eb_center_peer_scale,0.99978856,0.9893748743718593,0.0006,0.9874,0.9603043106603547
SimpleHome_XCS7_1002_WHT_Security_Camera,1000,1,2245,local_center_peer_scale,0.9998923200000001,0.994588944723618,0.0,0.4912,0.9906589037371359
SimpleHome_XCS7_1002_WHT_Security_Camera,1000,1,2245,shared_marginals,0.9996915200000001,0.9844984924623116,0.0,0.6034,0.9906589037371359
SimpleHome_XCS7_1002_WHT_Security_Camera,1000,1,2245,eb_center_peer_scale,0.9998923599999999,0.9945909547738694,0.0,0.4912,0.9906589037371359
SimpleHome_XCS7_1002_WHT_Security_Camera,1000,2,25324,local_center_peer_scale,0.98953708,0.743403015075377,0.1386,1.0,0.9932202867715867
SimpleHome_XCS7_1002_WHT_Security_Camera,1000,2,25324,shared_marginals,0.99715232,0.8727839195979901,0.1346,1.0,0.9932202867715867
SimpleHome_XCS7_1002_WHT_Security_Camera,1000,2,25324,eb_center_peer_scale,0.98954224,0.7428804020100503,0.1384,1.0,0.9932202867715867
SimpleHome_XCS7_1002_WHT_Security_Camera,1000,3,8826,local_center_peer_scale,0.9906648,0.7692884422110553,0.1422,1.0,0.9944122513174507
SimpleHome_XCS7_1002_WHT_Security_Camera,1000,3,8826,shared_marginals,0.9961190799999999,0.8547517587939699,0.1382,1.0,0.9944122513174507
SimpleHome_XCS7_1002_WHT_Security_Camera,1000,3,8826,eb_center_peer_scale,0.9906349999999999,0.768886432160804,0.142,1.0,0.9944122513174507
SimpleHome_XCS7_1002_WHT_Security_Camera,1000,4,19062,local_center_peer_scale,0.9752801999999999,0.5169125628140704,0.0,0.0,0.9483797552856817
SimpleHome_XCS7_1002_WHT_Security_Camera,1000,4,19062,shared_marginals,0.9732133999999999,0.5120522613065327,0.0,0.0,0.9483797552856817
SimpleHome_XCS7_1002_WHT_Security_Camera,1000,4,19062,eb_center_peer_scale,0.97655676,0.5116020100502513,0.0,0.0,0.9483797552856817
SimpleHome_XCS7_1002_WHT_Security_Camera,1000,5,18048,local_center_peer_scale,0.99865604,0.9324743718592965,0.0,0.1382,0.972051876523219
SimpleHome_XCS7_1002_WHT_Security_Camera,1000,5,18048,shared_marginals,0.99790516,0.9007276381909548,0.0,0.3896,0.972051876523219
SimpleHome_XCS7_1002_WHT_Security_Camera,1000,5,18048,eb_center_peer_scale,0.99865604,0.9324743718592965,0.0,0.1364,0.972051876523219
SimpleHome_XCS7_1002_WHT_Security_Camera,1000,6,9153,local_center_peer_scale,0.99981628,0.9907678391959799,0.0,0.4168,0.9878899556200057
SimpleHome_XCS7_1002_WHT_Security_Camera,1000,6,9153,shared_marginals,0.9998250000000001,0.9912060301507537,0.0,0.4904,0.9878899556200057
SimpleHome_XCS7_1002_WHT_Security_Camera,1000,6,9153,eb_center_peer_scale,0.9998162399999999,0.9907658291457286,0.0,0.4164,0.9878899556200057
SimpleHome_XCS7_1002_WHT_Security_Camera,1000,7,9922,local_center_peer_scale,0.9998626,0.9930954773869346,0.079,1.0,0.9797512283661853
SimpleHome_XCS7_1002_WHT_Security_Camera,1000,7,9922,shared_marginals,0.99978652,0.9892723618090452,0.0784,1.0,0.9797512283661853
SimpleHome_XCS7_1002_WHT_Security_Camera,1000,7,9922,eb_center_peer_scale,0.9998628,0.9931055276381909,0.0796,1.0,0.9797512283661853
SimpleHome_XCS7_1003_WHT_Security_Camera,30,0,5795,local_center_peer_scale,1.0,1.0,0.0984,1.0,0.965745247473413
SimpleHome_XCS7_1003_WHT_Security_Camera,30,0,5795,shared_marginals,0.99999956,0.9999778894472362,0.1018,1.0,0.965745247473413
SimpleHome_XCS7_1003_WHT_Security_Camera,30,0,5795,eb_center_peer_scale,1.0,1.0,0.0992,1.0,0.965745247473413
SimpleHome_XCS7_1003_WHT_Security_Camera,30,1,7812,local_center_peer_scale,0.9999963199999999,0.9998150753768844,0.0016,1.0,0.7613275668715147
SimpleHome_XCS7_1003_WHT_Security_Camera,30,1,7812,shared_marginals,0.9999535599999999,0.9976663316582914,0.0016,1.0,0.7613275668715147
SimpleHome_XCS7_1003_WHT_Security_Camera,30,1,7812,eb_center_peer_scale,0.9999961199999999,0.9998050251256281,0.0016,1.0,0.7613275668715147
SimpleHome_XCS7_1003_WHT_Security_Camera,30,2,8940,local_center_peer_scale,0.9999979999999999,0.9998994974874371,0.0064,1.0,0.9643758295780033
SimpleHome_XCS7_1003_WHT_Security_Camera,30,2,8940,shared_marginals,0.99999472,0.9997346733668342,0.0062,1.0,0.9643758295780033
SimpleHome_XCS7_1003_WHT_Security_Camera,30,2,8940,eb_center_peer_scale,0.9999984399999999,0.999921608040201,0.0066,1.0,0.9643758295780033
SimpleHome_XCS7_1003_WHT_Security_Camera,30,3,7497,local_center_peer_scale,0.9999904000000001,0.9995175879396985,0.3684,1.0,0.9685534315664186
SimpleHome_XCS7_1003_WHT_Security_Camera,30,3,7497,shared_marginals,0.99998664,0.9993286432160804,0.3812,1.0,0.9685534315664186
SimpleHome_XCS7_1003_WHT_Security_Camera,30,3,7497,eb_center_peer_scale,0.9999903600000001,0.9995155778894472,0.3542,1.0,0.9685534315664186
SimpleHome_XCS7_1003_WHT_Security_Camera,30,4,6645,local_center_peer_scale,1.0,1.0,0.0622,1.0,0.962915734897325
SimpleHome_XCS7_1003_WHT_Security_Camera,30,4,6645,shared_marginals,0.99999816,0.9999075376884423,0.0536,1.0,0.962915734897325
SimpleHome_XCS7_1003_WHT_Security_Camera,30,4,6645,eb_center_peer_scale,1.0,1.0,0.0662,1.0,0.962915734897325
SimpleHome_XCS7_1003_WHT_Security_Camera,30,5,4923,local_center_peer_scale,0.9999998800000001,0.9999939698492463,0.0,0.776,0.940412606964993
SimpleHome_XCS7_1003_WHT_Security_Camera,30,5,4923,shared_marginals,0.9999996,0.9999798994974874,0.0,0.794,0.940412606964993
SimpleHome_XCS7_1003_WHT_Security_Camera,30,5,4923,eb_center_peer_scale,0.9999998800000001,0.9999939698492463,0.0,0.7782,0.940412606964993
SimpleHome_XCS7_1003_WHT_Security_Camera,30,6,11659,local_center_peer_scale,1.0,1.0,0.0132,1.0,0.9632421181756822
SimpleHome_XCS7_1003_WHT_Security_Camera,30,6,11659,shared_marginals,0.99999848,0.9999236180904523,0.0122,1.0,0.9632421181756822
SimpleHome_XCS7_1003_WHT_Security_Camera,30,6,11659,eb_center_peer_scale,1.0,1.0,0.0132,1.0,0.9632421181756822
SimpleHome_XCS7_1003_WHT_Security_Camera,30,7,11493,local_center_peer_scale,1.0,1.0,0.1092,1.0,0.9632573317647892
SimpleHome_XCS7_1003_WHT_Security_Camera,30,7,11493,shared_marginals,0.99999964,0.9999819095477387,0.1224,1.0,0.9632573317647892
SimpleHome_XCS7_1003_WHT_Security_Camera,30,7,11493,eb_center_peer_scale,1.0,1.0,0.1096,1.0,0.9632573317647892
SimpleHome_XCS7_1003_WHT_Security_Camera,100,0,6523,local_center_peer_scale,0.99999996,0.9999979899497488,0.072,1.0,0.9881712112783678
SimpleHome_XCS7_1003_WHT_Security_Camera,100,0,6523,shared_marginals,0.99999908,0.999953768844221,0.0802,1.0,0.9881712112783678
SimpleHome_XCS7_1003_WHT_Security_Camera,100,0,6523,eb_center_peer_scale,0.99999996,0.9999979899497488,0.0716,1.0,0.9881712112783678
SimpleHome_XCS7_1003_WHT_Security_Camera,100,1,4688,local_center_peer_scale,1.0,1.0,0.1568,1.0,0.9893223514617603
SimpleHome_XCS7_1003_WHT_Security_Camera,100,1,4688,shared_marginals,0.99999816,0.9999075376884423,0.1324,1.0,0.9893223514617603
SimpleHome_XCS7_1003_WHT_Security_Camera,100,1,4688,eb_center_peer_scale,1.0,1.0,0.1578,1.0,0.9893223514617603
SimpleHome_XCS7_1003_WHT_Security_Camera,100,2,6111,local_center_peer_scale,0.9999934,0.9996683417085427,0.0,0.0,0.8167895986496378
SimpleHome_XCS7_1003_WHT_Security_Camera,100,2,6111,shared_marginals,0.99999528,0.9997628140703518,0.0,0.7522,0.8167895986496378
SimpleHome_XCS7_1003_WHT_Security_Camera,100,2,6111,eb_center_peer_scale,0.99999448,0.9997226130653266,0.0,0.0,0.8167895986496378
SimpleHome_XCS7_1003_WHT_Security_Camera,100,3,752,local_center_peer_scale,1.0,1.0,0.0506,1.0,0.9855419951499056
SimpleHome_XCS7_1003_WHT_Security_Camera,100,3,752,shared_marginals,0.99999972,0.9999859296482412,0.3306,1.0,0.9855419951499056
SimpleHome_XCS7_1003_WHT_Security_Camera,100,3,752,eb_center_peer_scale,1.0,1.0,0.0418,1.0,0.9855419951499056
SimpleHome_XCS7_1003_WHT_Security_Camera,100,4,3690,local_center_peer_scale,0.99999964,0.9999819095477387,0.0764,1.0,0.988315166923802
SimpleHome_XCS7_1003_WHT_Security_Camera,100,4,3690,shared_marginals,0.9999996,0.9999798994974874,0.0928,1.0,0.988315166923802
SimpleHome_XCS7_1003_WHT_Security_Camera,100,4,3690,eb_center_peer_scale,0.99999964,0.9999819095477387,0.0764,1.0,0.988315166923802
SimpleHome_XCS7_1003_WHT_Security_Camera,100,5,2655,local_center_peer_scale,0.99999964,0.9999819095477387,0.4012,1.0,0.9884590930927923
SimpleHome_XCS7_1003_WHT_Security_Camera,100,5,2655,shared_marginals,0.99999596,0.9997969849246232,0.429,1.0,0.9884590930927923
SimpleHome_XCS7_1003_WHT_Security_Camera,100,5,2655,eb_center_peer_scale,0.99999964,0.9999819095477387,0.4004,1.0,0.9884590930927923
SimpleHome_XCS7_1003_WHT_Security_Camera,100,6,1038,local_center_peer_scale,1.0,1.0,0.401,1.0,0.9882830868086415
SimpleHome_XCS7_1003_WHT_Security_Camera,100,6,1038,shared_marginals,0.99999996,0.9999979899497488,0.399,1.0,0.9882830868086415
SimpleHome_XCS7_1003_WHT_Security_Camera,100,6,1038,eb_center_peer_scale,1.0,1.0,0.4,1.0,0.9882830868086415
SimpleHome_XCS7_1003_WHT_Security_Camera,100,7,3176,local_center_peer_scale,0.9999998,0.9999899497487438,0.4408,1.0,0.9883803498295287
SimpleHome_XCS7_1003_WHT_Security_Camera,100,7,3176,shared_marginals,0.99999848,0.9999236180904523,0.4462,1.0,0.9883803498295287
SimpleHome_XCS7_1003_WHT_Security_Camera,100,7,3176,eb_center_peer_scale,0.9999998,0.9999899497487438,0.4408,1.0,0.9883803498295287
SimpleHome_XCS7_1003_WHT_Security_Camera,300,0,4043,local_center_peer_scale,1.0,1.0,0.32,1.0,0.9956954224215425
SimpleHome_XCS7_1003_WHT_Security_Camera,300,0,4043,shared_marginals,0.99999948,0.9999738693467337,0.3282,1.0,0.9956954224215425
SimpleHome_XCS7_1003_WHT_Security_Camera,300,0,4043,eb_center_peer_scale,1.0,1.0,0.3136,1.0,0.9956954224215425
SimpleHome_XCS7_1003_WHT_Security_Camera,300,1,1234,local_center_peer_scale,0.9999927200000001,0.9996341708542713,0.0194,1.0,0.9952609244005882
SimpleHome_XCS7_1003_WHT_Security_Camera,300,1,1234,shared_marginals,0.99999612,0.9998050251256282,0.0274,1.0,0.9952609244005882
SimpleHome_XCS7_1003_WHT_Security_Camera,300,1,1234,eb_center_peer_scale,0.9999927200000001,0.9996341708542713,0.0194,1.0,0.9952609244005882
SimpleHome_XCS7_1003_WHT_Security_Camera,300,2,6061,local_center_peer_scale,0.99999884,0.9999417085427136,0.0,0.9882,0.8718969808252429
SimpleHome_XCS7_1003_WHT_Security_Camera,300,2,6061,shared_marginals,1.0,1.0,0.0,0.9996,0.8718969808252429
SimpleHome_XCS7_1003_WHT_Security_Camera,300,2,6061,eb_center_peer_scale,0.99999932,0.9999658291457285,0.0,0.9894,0.8718969808252429
SimpleHome_XCS7_1003_WHT_Security_Camera,300,3,8399,local_center_peer_scale,0.999999,0.9999497487437186,0.0018,1.0,0.9601474560511597
SimpleHome_XCS7_1003_WHT_Security_Camera,300,3,8399,shared_marginals,0.99999868,0.9999336683417086,0.0018,1.0,0.9601474560511597
SimpleHome_XCS7_1003_WHT_Security_Camera,300,3,8399,eb_center_peer_scale,0.99999904,0.9999517587939698,0.0018,1.0,0.9601474560511597
SimpleHome_XCS7_1003_WHT_Security_Camera,300,4,4475,local_center_peer_scale,0.99999996,0.9999979899497488,0.0224,1.0,0.9952110936483541
SimpleHome_XCS7_1003_WHT_Security_Camera,300,4,4475,shared_marginals,0.99999964,0.9999819095477387,0.0236,1.0,0.9952110936483541
SimpleHome_XCS7_1003_WHT_Security_Camera,300,4,4475,eb_center_peer_scale,0.99999996,0.9999979899497488,0.0224,1.0,0.9952110936483541
SimpleHome_XCS7_1003_WHT_Security_Camera,300,5,4720,local_center_peer_scale,0.9999998,0.9999899497487438,0.012,1.0,0.9948175745365346
SimpleHome_XCS7_1003_WHT_Security_Camera,300,5,4720,shared_marginals,0.99999896,0.9999477386934674,0.0168,1.0,0.9948175745365346
SimpleHome_XCS7_1003_WHT_Security_Camera,300,5,4720,eb_center_peer_scale,0.9999998,0.9999899497487438,0.012,1.0,0.9948175745365346
SimpleHome_XCS7_1003_WHT_Security_Camera,300,6,910,local_center_peer_scale,0.99999968,0.9999839195979899,0.0852,1.0,0.9950741150134866
SimpleHome_XCS7_1003_WHT_Security_Camera,300,6,910,shared_marginals,0.99999964,0.9999819095477387,0.0778,1.0,0.9950741150134866
SimpleHome_XCS7_1003_WHT_Security_Camera,300,6,910,eb_center_peer_scale,0.99999968,0.9999839195979899,0.0864,1.0,0.9950741150134866
SimpleHome_XCS7_1003_WHT_Security_Camera,300,7,10178,local_center_peer_scale,0.99889332,0.9443879396984924,0.0004,0.8048,0.9936454170633084
SimpleHome_XCS7_1003_WHT_Security_Camera,300,7,10178,shared_marginals,0.99941228,0.9704663316582914,0.0004,0.8048,0.9936454170633084
SimpleHome_XCS7_1003_WHT_Security_Camera,300,7,10178,eb_center_peer_scale,0.99889328,0.9443859296482412,0.0004,0.8048,0.9936454170633084
SimpleHome_XCS7_1003_WHT_Security_Camera,1000,0,3250,local_center_peer_scale,1.0,1.0,0.0014,1.0,0.9986724350536472
SimpleHome_XCS7_1003_WHT_Security_Camera,1000,0,3250,shared_marginals,1.0,1.0,0.0028,1.0,0.9986724350536472
SimpleHome_XCS7_1003_WHT_Security_Camera,1000,0,3250,eb_center_peer_scale,1.0,1.0,0.0014,1.0,0.9986724350536472
SimpleHome_XCS7_1003_WHT_Security_Camera,1000,1,10909,local_center_peer_scale,0.9999956400000001,0.999780904522613,0.0,0.4728,0.9968786699536147
SimpleHome_XCS7_1003_WHT_Security_Camera,1000,1,10909,shared_marginals,0.99999844,0.9999216080402009,0.0,0.4934,0.9968786699536147
SimpleHome_XCS7_1003_WHT_Security_Camera,1000,1,10909,eb_center_peer_scale,0.99999572,0.9997849246231155,0.0,0.4728,0.9968786699536147
SimpleHome_XCS7_1003_WHT_Security_Camera,1000,2,2334,local_center_peer_scale,0.9999938,0.9996884422110552,0.0058,1.0,0.9987370025098805
SimpleHome_XCS7_1003_WHT_Security_Camera,1000,2,2334,shared_marginals,0.9999994400000001,0.9999718592964824,0.0074,1.0,0.9987370025098805
SimpleHome_XCS7_1003_WHT_Security_Camera,1000,2,2334,eb_center_peer_scale,0.9999938,0.9996884422110552,0.0058,1.0,0.9987370025098805
SimpleHome_XCS7_1003_WHT_Security_Camera,1000,3,2672,local_center_peer_scale,0.99999512,0.9997547738693466,0.025,1.0,0.9987609850083253
SimpleHome_XCS7_1003_WHT_Security_Camera,1000,3,2672,shared_marginals,0.99999948,0.9999738693467337,0.026,1.0,0.9987609850083253
SimpleHome_XCS7_1003_WHT_Security_Camera,1000,3,2672,eb_center_peer_scale,0.99999512,0.9997547738693466,0.025,1.0,0.9987609850083253
SimpleHome_XCS7_1003_WHT_Security_Camera,1000,4,6795,local_center_peer_scale,0.99999688,0.999843216080402,0.001,1.0,0.9986943288342969
SimpleHome_XCS7_1003_WHT_Security_Camera,1000,4,6795,shared_marginals,0.99999844,0.9999216080402009,0.001,1.0,0.9986943288342969
SimpleHome_XCS7_1003_WHT_Security_Camera,1000,4,6795,eb_center_peer_scale,0.99999688,0.999843216080402,0.001,1.0,0.9986943288342969
SimpleHome_XCS7_1003_WHT_Security_Camera,1000,5,1474,local_center_peer_scale,0.99999476,0.9997366834170854,0.0026,1.0,0.9986367306631576
SimpleHome_XCS7_1003_WHT_Security_Camera,1000,5,1474,shared_marginals,0.99999828,0.9999135678391959,0.0048,1.0,0.9986367306631576
SimpleHome_XCS7_1003_WHT_Security_Camera,1000,5,1474,eb_center_peer_scale,0.99999476,0.9997366834170854,0.0026,1.0,0.9986367306631576
SimpleHome_XCS7_1003_WHT_Security_Camera,1000,6,4905,local_center_peer_scale,1.0,1.0,0.0004,1.0,0.9983847607511287
SimpleHome_XCS7_1003_WHT_Security_Camera,1000,6,4905,shared_marginals,1.0,1.0,0.0004,1.0,0.9983847607511287
SimpleHome_XCS7_1003_WHT_Security_Camera,1000,6,4905,eb_center_peer_scale,1.0,1.0,0.0004,1.0,0.9983847607511287
SimpleHome_XCS7_1003_WHT_Security_Camera,1000,7,725,local_center_peer_scale,1.0,1.0,0.0002,1.0,0.9971415554935595
SimpleHome_XCS7_1003_WHT_Security_Camera,1000,7,725,shared_marginals,1.0,1.0,0.0006,1.0,0.9971415554935595
SimpleHome_XCS7_1003_WHT_Security_Camera,1000,7,725,eb_center_peer_scale,1.0,1.0,0.0002,1.0,0.9971415554935595
