device,support_n,replicate,method,offset,same_period_rows,future_rows,iid_rows,fpr_same_period,fpr_future,fpr_iid_support,future_minus_iid
Danmini_Doorbell,30,0,local,9461,10000,10000,10000,0.0148,0.0105,0.0223,-0.0118
Danmini_Doorbell,30,0,shared_marginals,9461,10000,10000,10000,0.0781,0.1017,0.0804,0.0213
Danmini_Doorbell,30,1,local,16447,10000,10000,10000,0.0265,0.0229,0.0298,-0.0069
Danmini_Doorbell,30,1,shared_marginals,16447,10000,10000,10000,0.0726,0.088,0.073,0.015
Danmini_Doorbell,30,2,local,16012,10000,10000,10000,0.0509,0.039,0.0613,-0.0223
Danmini_Doorbell,30,2,shared_marginals,16012,10000,10000,10000,0.1828,0.2056,0.1833,0.022300000000000014
Danmini_Doorbell,30,3,local,12856,10000,10000,10000,0.0137,0.0092,0.0188,-0.009600000000000001
Danmini_Doorbell,30,3,shared_marginals,12856,10000,10000,10000,0.1248,0.1579,0.1283,0.029600000000000015
Danmini_Doorbell,30,4,local,12314,10000,10000,10000,0.0525,0.0424,0.0654,-0.023
Danmini_Doorbell,30,4,shared_marginals,12314,10000,10000,10000,0.1692,0.2134,0.1745,0.03890000000000002
Danmini_Doorbell,30,5,local,6888,10000,10000,10000,0.033,0.0304,0.0397,-0.0093
Danmini_Doorbell,30,5,shared_marginals,6888,10000,10000,10000,0.1494,0.1819,0.1533,0.028600000000000014
Danmini_Doorbell,30,6,local,14574,9984,10000,10000,0.008513621794871794,0.0081,0.0108,-0.002700000000000001
Danmini_Doorbell,30,6,shared_marginals,14574,9984,10000,10000,0.058994391025641024,0.0789,0.0615,0.0174
Danmini_Doorbell,30,7,local,10327,10000,10000,10000,0.0716,0.0592,0.0882,-0.028999999999999998
Danmini_Doorbell,30,7,shared_marginals,10327,10000,10000,10000,0.1293,0.1561,0.1335,0.02259999999999998
Danmini_Doorbell,30,8,local,14190,9983,10000,10000,0.01372332966042272,0.0098,0.0197,-0.009899999999999999
Danmini_Doorbell,30,8,shared_marginals,14190,9983,10000,10000,0.8348191926274667,0.8226,0.8153,0.007299999999999973
Danmini_Doorbell,30,9,local,6542,10000,10000,10000,0.0722,0.0587,0.0859,-0.027200000000000002
Danmini_Doorbell,30,9,shared_marginals,6542,10000,10000,10000,0.2374,0.286,0.2358,0.05019999999999997
Danmini_Doorbell,30,10,local,6929,10000,10000,10000,0.0331,0.0307,0.0412,-0.010499999999999999
Danmini_Doorbell,30,10,shared_marginals,6929,10000,10000,10000,0.1483,0.1769,0.1526,0.02429999999999999
Danmini_Doorbell,30,11,local,4506,10000,10000,10000,0.0007,0.0001,0.0006,-0.0004999999999999999
Danmini_Doorbell,30,11,shared_marginals,4506,10000,10000,10000,0.0148,0.025,0.0158,0.0092
Danmini_Doorbell,30,12,local,4164,10000,10000,10000,0.0072,0.0072,0.0084,-0.0011999999999999997
Danmini_Doorbell,30,12,shared_marginals,4164,10000,10000,10000,0.03,0.0448,0.0302,0.014599999999999998
Danmini_Doorbell,30,13,local,7685,10000,10000,10000,0.0295,0.0277,0.0348,-0.007099999999999999
Danmini_Doorbell,30,13,shared_marginals,7685,10000,10000,10000,0.0997,0.1307,0.1025,0.028200000000000017
Danmini_Doorbell,30,14,local,9521,10000,10000,10000,0.0323,0.0271,0.039,-0.0119
Danmini_Doorbell,30,14,shared_marginals,9521,10000,10000,10000,0.1298,0.1551,0.1274,0.027699999999999975
Danmini_Doorbell,100,0,local,13853,9935,10000,10000,0.004227478610971313,0.0027,0.0041,-0.0014000000000000002
Danmini_Doorbell,100,0,shared_marginals,13853,9935,10000,10000,0.011373930548565676,0.0169,0.0118,0.005099999999999999
Danmini_Doorbell,100,1,local,8843,10000,10000,10000,0.0156,0.0101,0.0186,-0.008499999999999999
Danmini_Doorbell,100,1,shared_marginals,8843,10000,10000,10000,0.0778,0.0993,0.079,0.0203
Danmini_Doorbell,100,2,local,8455,10000,10000,10000,0.0716,0.07,0.0776,-0.007599999999999996
Danmini_Doorbell,100,2,shared_marginals,8455,10000,10000,10000,0.0951,0.1213,0.0951,0.0262
Danmini_Doorbell,100,3,local,186,9942,10000,10000,0.006336753168376584,0.0044,0.0059,-0.0014999999999999996
Danmini_Doorbell,100,3,shared_marginals,186,9942,10000,10000,0.908066787366727,0.8787,0.9021,-0.023399999999999976
Danmini_Doorbell,100,4,local,826,9942,10000,10000,0.02031784349225508,0.0088,0.0251,-0.016300000000000002
Danmini_Doorbell,100,4,shared_marginals,826,9942,10000,10000,0.24652987326493664,0.2735,0.2306,0.04290000000000002
Danmini_Doorbell,100,5,local,2803,10000,10000,10000,0.0201,0.0116,0.0296,-0.018000000000000002
Danmini_Doorbell,100,5,shared_marginals,2803,10000,10000,10000,0.0984,0.1325,0.1023,0.030200000000000005
Danmini_Doorbell,100,6,local,9998,10000,10000,10000,0.013,0.0096,0.0228,-0.013200000000000002
Danmini_Doorbell,100,6,shared_marginals,9998,10000,10000,10000,0.0722,0.0959,0.0765,0.0194
Danmini_Doorbell,100,7,local,11090,10000,10000,10000,0.0307,0.011,0.0395,-0.0285
Danmini_Doorbell,100,7,shared_marginals,11090,10000,10000,10000,0.1226,0.1435,0.1268,0.016699999999999993
Danmini_Doorbell,100,8,local,10247,10000,10000,10000,0.0104,0.0081,0.0125,-0.004400000000000001
Danmini_Doorbell,100,8,shared_marginals,10247,10000,10000,10000,0.0783,0.1064,0.0836,0.0228
Danmini_Doorbell,100,9,local,8328,10000,10000,10000,0.013,0.0086,0.0173,-0.0087
Danmini_Doorbell,100,9,shared_marginals,8328,10000,10000,10000,0.0751,0.0924,0.0748,0.01759999999999999
Danmini_Doorbell,100,10,local,6991,10000,10000,10000,0.0199,0.0106,0.0223,-0.0117
Danmini_Doorbell,100,10,shared_marginals,6991,10000,10000,10000,0.0806,0.1034,0.0775,0.025900000000000006
Danmini_Doorbell,100,11,local,10107,10000,10000,10000,0.0029,0.0033,0.0037,-0.0004000000000000002
Danmini_Doorbell,100,11,shared_marginals,10107,10000,10000,10000,0.0336,0.0487,0.033,0.0157
Danmini_Doorbell,100,12,local,6390,10000,10000,10000,0.0019,0.0025,0.003,-0.0005
Danmini_Doorbell,100,12,shared_marginals,6390,10000,10000,10000,0.0253,0.0391,0.0258,0.013300000000000003
Danmini_Doorbell,100,13,local,12825,10000,10000,10000,0.0478,0.0245,0.0559,-0.0314
Danmini_Doorbell,100,13,shared_marginals,12825,10000,10000,10000,0.2294,0.2867,0.2269,0.05980000000000002
Danmini_Doorbell,100,14,local,11313,10000,10000,10000,0.0666,0.0622,0.0771,-0.014900000000000004
Danmini_Doorbell,100,14,shared_marginals,11313,10000,10000,10000,0.1445,0.1814,0.1473,0.03410000000000002
Danmini_Doorbell,300,0,local,13099,10000,10000,10000,0.004,0.004,0.0056,-0.0015999999999999999
Danmini_Doorbell,300,0,shared_marginals,13099,10000,10000,10000,0.0217,0.0344,0.0214,0.013000000000000001
Danmini_Doorbell,300,1,local,13012,10000,10000,10000,0.0563,0.0675,0.0548,0.012700000000000003
Danmini_Doorbell,300,1,shared_marginals,13012,10000,10000,10000,0.0604,0.08,0.0568,0.0232
Danmini_Doorbell,300,2,local,4495,10000,10000,10000,0.0669,0.0859,0.0663,0.019600000000000006
Danmini_Doorbell,300,2,shared_marginals,4495,10000,10000,10000,0.0766,0.0995,0.0768,0.022700000000000012
Danmini_Doorbell,300,3,local,3950,9971,10000,10000,0.035703540266773644,0.0415,0.0422,-0.0006999999999999992
Danmini_Doorbell,300,3,shared_marginals,3950,9971,10000,10000,0.05576170895597232,0.0782,0.0572,0.021000000000000005
Danmini_Doorbell,300,4,local,4007,10000,10000,10000,0.0759,0.1027,0.0747,0.027999999999999997
Danmini_Doorbell,300,4,shared_marginals,4007,10000,10000,10000,0.081,0.1109,0.0794,0.0315
Danmini_Doorbell,300,5,local,14446,9807,10000,10000,0.04405016824717039,0.054,0.0478,0.006199999999999997
Danmini_Doorbell,300,5,shared_marginals,14446,9807,10000,10000,0.047109207708779445,0.0656,0.0473,0.018300000000000004
Danmini_Doorbell,300,6,local,7516,10000,10000,10000,0.1404,0.1687,0.1384,0.030299999999999994
Danmini_Doorbell,300,6,shared_marginals,7516,10000,10000,10000,0.165,0.2058,0.1636,0.042200000000000015
Danmini_Doorbell,300,7,local,14662,9823,10000,10000,0.14791815127761376,0.1755,0.1433,0.03219999999999998
Danmini_Doorbell,300,7,shared_marginals,14662,9823,10000,10000,0.11951542298686756,0.1487,0.119,0.029700000000000004
Danmini_Doorbell,300,8,local,8047,10000,10000,10000,0.0189,0.009,0.024,-0.015000000000000001
Danmini_Doorbell,300,8,shared_marginals,8047,10000,10000,10000,0.0512,0.0693,0.0518,0.0175
Danmini_Doorbell,300,9,local,12254,10000,10000,10000,0.0,0.0,0.0,0.0
Danmini_Doorbell,300,9,shared_marginals,12254,10000,10000,10000,0.0,0.0,0.0,0.0
Danmini_Doorbell,300,10,local,11751,10000,10000,10000,0.0582,0.0733,0.0601,0.013200000000000003
Danmini_Doorbell,300,10,shared_marginals,11751,10000,10000,10000,0.0757,0.0966,0.0752,0.021400000000000002
Danmini_Doorbell,300,11,local,651,9810,10000,10000,0.006218144750254842,0.0045,0.0091,-0.004600000000000001
Danmini_Doorbell,300,11,shared_marginals,651,9810,10000,10000,0.039857288481141694,0.0564,0.0399,0.0165
Danmini_Doorbell,300,12,local,2077,9987,10000,10000,0.08110543706818865,0.1048,0.0797,0.02510000000000001
Danmini_Doorbell,300,12,shared_marginals,2077,9987,10000,10000,0.07720036046860919,0.1028,0.076,0.026800000000000004
Danmini_Doorbell,300,13,local,4727,10000,10000,10000,0.0395,0.0489,0.0436,0.005299999999999999
Danmini_Doorbell,300,13,shared_marginals,4727,10000,10000,10000,0.091,0.1218,0.0906,0.031200000000000006
Danmini_Doorbell,300,14,local,10088,10000,10000,10000,0.0435,0.0537,0.0487,0.0049999999999999975
Danmini_Doorbell,300,14,shared_marginals,10088,10000,10000,10000,0.0384,0.0543,0.0411,0.013200000000000003
Danmini_Doorbell,1000,0,local,1695,9757,10000,10000,0.1024905196269345,0.1246,0.0944,0.030200000000000005
Danmini_Doorbell,1000,0,shared_marginals,1695,9757,10000,10000,0.1131495336681357,0.1414,0.1091,0.032299999999999995
Danmini_Doorbell,1000,1,local,11604,10000,10000,10000,0.0414,0.0604,0.045,0.015400000000000004
Danmini_Doorbell,1000,1,shared_marginals,11604,10000,10000,10000,0.0404,0.0605,0.0441,0.016399999999999998
Danmini_Doorbell,1000,2,local,6564,10000,10000,10000,0.08,0.0942,0.0835,0.010700000000000001
Danmini_Doorbell,1000,2,shared_marginals,6564,10000,10000,10000,0.0578,0.0763,0.0632,0.0131
Danmini_Doorbell,1000,3,local,7010,10000,10000,10000,0.0949,0.1173,0.0964,0.020900000000000002
Danmini_Doorbell,1000,3,shared_marginals,7010,10000,10000,10000,0.0875,0.1152,0.0872,0.027999999999999997
Danmini_Doorbell,1000,4,local,12426,10000,10000,10000,0.0153,0.0056,0.0213,-0.0157
Danmini_Doorbell,1000,4,shared_marginals,12426,10000,10000,10000,0.048,0.0663,0.0454,0.020899999999999995
Danmini_Doorbell,1000,5,local,11352,10000,10000,10000,0.0419,0.0551,0.0388,0.016300000000000002
Danmini_Doorbell,1000,5,shared_marginals,11352,10000,10000,10000,0.0468,0.062,0.0428,0.019200000000000002
Danmini_Doorbell,1000,6,local,9386,10000,10000,10000,0.0768,0.0955,0.0801,0.015399999999999997
Danmini_Doorbell,1000,6,shared_marginals,9386,10000,10000,10000,0.0989,0.1283,0.1013,0.026999999999999996
Danmini_Doorbell,1000,7,local,12162,10000,10000,10000,0.0445,0.0629,0.0456,0.017299999999999996
Danmini_Doorbell,1000,7,shared_marginals,12162,10000,10000,10000,0.0461,0.0664,0.0471,0.019299999999999998
Danmini_Doorbell,1000,8,local,5257,10000,10000,10000,0.1019,0.1276,0.0948,0.032799999999999996
Danmini_Doorbell,1000,8,shared_marginals,5257,10000,10000,10000,0.1122,0.146,0.1066,0.03939999999999999
Danmini_Doorbell,1000,9,local,11363,10000,10000,10000,0.042,0.0541,0.0426,0.011500000000000003
Danmini_Doorbell,1000,9,shared_marginals,11363,10000,10000,10000,0.0475,0.0622,0.0485,0.013699999999999997
Danmini_Doorbell,1000,10,local,4645,10000,10000,10000,0.0642,0.0823,0.0607,0.0216
Danmini_Doorbell,1000,10,shared_marginals,4645,10000,10000,10000,0.0767,0.1004,0.0722,0.028200000000000003
Danmini_Doorbell,1000,11,local,5979,10000,10000,10000,0.0662,0.0863,0.0677,0.018600000000000005
Danmini_Doorbell,1000,11,shared_marginals,5979,10000,10000,10000,0.0799,0.1074,0.0794,0.027999999999999997
Danmini_Doorbell,1000,12,local,9895,10000,10000,10000,0.0741,0.0939,0.0716,0.0223
Danmini_Doorbell,1000,12,shared_marginals,9895,10000,10000,10000,0.061,0.0843,0.06,0.024300000000000002
Danmini_Doorbell,1000,13,local,4438,10000,10000,10000,0.0716,0.0884,0.0661,0.0223
Danmini_Doorbell,1000,13,shared_marginals,4438,10000,10000,10000,0.1038,0.1364,0.0943,0.0421
Danmini_Doorbell,1000,14,local,9550,10000,10000,10000,0.0818,0.1022,0.0852,0.017
Danmini_Doorbell,1000,14,shared_marginals,9550,10000,10000,10000,0.0691,0.0956,0.0765,0.019100000000000006
Ecobee_Thermostat,30,0,local,1267,4371,4371,10000,0.00526195378631892,0.00022878059940517045,0.0047,-0.00447121940059483
Ecobee_Thermostat,30,0,shared_marginals,1267,4371,4371,10000,0.022420498741706704,0.014641958361930909,0.0223,-0.0076580416380690915
Ecobee_Thermostat,30,1,local,2480,4371,4371,10000,0.0,0.0,0.0,0.0
Ecobee_Thermostat,30,1,shared_marginals,2480,4371,4371,10000,0.019217570350034317,0.011210249370853352,0.0179,-0.0066897506291466475
Ecobee_Thermostat,30,2,local,17,4371,4371,10000,0.0,0.0,0.0,0.0
Ecobee_Thermostat,30,2,shared_marginals,17,4371,4371,10000,0.0011439029970258523,0.0013726835964310226,0.0005,0.0008726835964310226
Ecobee_Thermostat,30,3,local,1493,4371,4371,10000,0.2484557309540151,0.27979867307252343,0.2541,0.025698673072523437
Ecobee_Thermostat,30,3,shared_marginals,1493,4371,4371,10000,0.10432395332875773,0.10318005033173187,0.1114,-0.008219949668268126
Ecobee_Thermostat,30,4,local,2425,4371,4371,10000,0.0,0.0,0.0,0.0
Ecobee_Thermostat,30,4,shared_marginals,2425,4371,4371,10000,0.024708304735758406,0.018302447952413637,0.027,-0.008697552047586363
Ecobee_Thermostat,30,5,local,234,4371,4371,10000,0.0,0.0,0.0,0.0
Ecobee_Thermostat,30,5,shared_marginals,234,4371,4371,10000,0.035003431708991076,0.03225806451612903,0.0353,-0.0030419354838709667
Ecobee_Thermostat,30,6,local,1576,4371,4371,10000,0.3500343170899108,0.404026538549531,0.3417,0.06232653854953102
Ecobee_Thermostat,30,6,shared_marginals,1576,4371,4371,10000,0.10889956531686112,0.09402882635552505,0.1108,-0.016771173644474946
Ecobee_Thermostat,30,7,local,4237,4371,4371,10000,0.0,0.0,0.0,0.0
Ecobee_Thermostat,30,7,shared_marginals,4237,4371,4371,10000,0.015785861358956762,0.004118050789293068,0.0138,-0.009681949210706932
Ecobee_Thermostat,30,8,local,3033,4371,4371,10000,0.003202928391672386,0.0,0.003,-0.003
Ecobee_Thermostat,30,8,shared_marginals,3033,4371,4371,10000,0.01555708075955159,0.0036604895904827272,0.0168,-0.01313951040951727
Ecobee_Thermostat,30,9,local,1965,4371,4371,10000,0.1773049645390071,0.2221459620224205,0.1787,0.043445962022420515
Ecobee_Thermostat,30,9,shared_marginals,1965,4371,4371,10000,0.08258979638526653,0.09334248455730954,0.0866,0.006742484557309539
Ecobee_Thermostat,30,10,local,1297,4371,4371,10000,0.05490734385724091,0.04118050789293068,0.0535,-0.01231949210706932
Ecobee_Thermostat,30,10,shared_marginals,1297,4371,4371,10000,0.12331274307938687,0.09746053534660261,0.1188,-0.021339464653397394
Ecobee_Thermostat,30,11,local,2855,4371,4371,10000,0.0,0.0,0.0,0.0
Ecobee_Thermostat,30,11,shared_marginals,2855,4371,4371,10000,0.015099519560741249,0.004804392587508579,0.0141,-0.00929560741249142
Ecobee_Thermostat,30,12,local,4197,4371,4371,10000,0.0,0.0,0.0,0.0
Ecobee_Thermostat,30,12,shared_marginals,4197,4371,4371,10000,0.01532830016014642,0.004118050789293068,0.0118,-0.0076819492107069315
Ecobee_Thermostat,30,13,local,3642,4371,4371,10000,0.09174102036147334,0.07732784259894761,0.0912,-0.013872157401052396
Ecobee_Thermostat,30,13,shared_marginals,3642,4371,4371,10000,0.023335621139327384,0.016700983756577442,0.0232,-0.006499016243422556
Ecobee_Thermostat,30,14,local,3534,4371,4371,10000,0.0,0.0,0.0,0.0
Ecobee_Thermostat,30,14,shared_marginals,3534,4371,4371,10000,0.029512697323266987,0.027911233127430792,0.0285,-0.0005887668725692088
Ecobee_Thermostat,100,0,local,3196,4371,4371,10000,0.09425760695493023,0.08808053077099062,0.0956,-0.007519469229009382
Ecobee_Thermostat,100,0,shared_marginals,3196,4371,4371,10000,0.04278197208876687,0.03385952871196522,0.0449,-0.01104047128803478
Ecobee_Thermostat,100,1,local,1011,4371,4371,10000,0.0928849233584992,0.10020590253946465,0.0938,0.0064059025394646585
Ecobee_Thermostat,100,1,shared_marginals,1011,4371,4371,10000,0.059025394646533974,0.06291466483642187,0.059,0.0039146648364218745
Ecobee_Thermostat,100,2,local,1106,4371,4371,10000,0.11873713109128346,0.1299473804621368,0.1221,0.007847380462136802
Ecobee_Thermostat,100,2,shared_marginals,1106,4371,4371,10000,0.11118737131091283,0.1455044612216884,0.118,0.027504461221688398
Ecobee_Thermostat,100,3,local,3846,4371,4371,10000,0.08762296957218028,0.07389613360787005,0.0854,-0.011503866392129955
Ecobee_Thermostat,100,3,shared_marginals,3846,4371,4371,10000,0.038663921299473804,0.035003431708991076,0.0369,-0.0018965682910089265
Ecobee_Thermostat,100,4,local,3625,4371,4371,10000,0.15328300160146419,0.16769617936398992,0.1537,0.013996179363989919
Ecobee_Thermostat,100,4,shared_marginals,3625,4371,4371,10000,0.08258979638526653,0.08853809196980096,0.0861,0.002438091969800965
Ecobee_Thermostat,100,5,local,2785,4371,4371,10000,0.12903225806451613,0.13200640585678333,0.128,0.004006405856783329
Ecobee_Thermostat,100,5,shared_marginals,2785,4371,4371,10000,0.07870052619537864,0.07709906199954245,0.0758,0.001299061999542439
Ecobee_Thermostat,100,6,local,2642,4371,4371,10000,0.191946922900938,0.2059025394646534,0.1928,0.013102539464653395
Ecobee_Thermostat,100,6,shared_marginals,2642,4371,4371,10000,0.1262868908716541,0.12056737588652482,0.1272,-0.006632624113475191
Ecobee_Thermostat,100,7,local,1480,4371,4371,10000,0.13978494623655913,0.14367421642644704,0.1472,-0.0035257835735529597
Ecobee_Thermostat,100,7,shared_marginals,1480,4371,4371,10000,0.09814687714481812,0.08304735758407687,0.0977,-0.014652642415923123
Ecobee_Thermostat,100,8,local,1137,4371,4371,10000,0.12262640128117136,0.13292152825440404,0.1242,0.008721528254404032
Ecobee_Thermostat,100,8,shared_marginals,1137,4371,4371,10000,0.09448638755433539,0.09654541294898193,0.0981,-0.0015545870510180748
Ecobee_Thermostat,100,9,local,2247,4371,4371,10000,0.10844200411805079,0.11439029970258523,0.1103,0.004090299702585232
Ecobee_Thermostat,100,9,shared_marginals,2247,4371,4371,10000,0.05696636925188744,0.055364905056051246,0.0551,0.0002649050560512428
Ecobee_Thermostat,100,10,local,3754,4371,4371,10000,0.13360787005261954,0.14253031342942118,0.1341,0.008430313429421188
Ecobee_Thermostat,100,10,shared_marginals,3754,4371,4371,10000,0.06337222603523221,0.06451612903225806,0.0622,0.0023161290322580644
Ecobee_Thermostat,100,11,local,3734,4371,4371,10000,0.14504690002287807,0.1695264241592313,0.1516,0.01792642415923129
Ecobee_Thermostat,100,11,shared_marginals,3734,4371,4371,10000,0.0649736902310684,0.0688629604209563,0.0679,0.0009629604209562964
Ecobee_Thermostat,100,12,local,3391,4371,4371,10000,0.12194005948295585,0.12056737588652482,0.123,-0.002432624113475182
Ecobee_Thermostat,100,12,shared_marginals,3391,4371,4371,10000,0.06954930221917181,0.08464882177991306,0.0724,0.012248821779913058
Ecobee_Thermostat,100,13,local,3132,4371,4371,10000,0.09563029055136124,0.08853809196980096,0.0909,-0.0023619080301990336
Ecobee_Thermostat,100,13,shared_marginals,3132,4371,4371,10000,0.07412491420727522,0.07618393960192175,0.076,0.0001839396019217565
Ecobee_Thermostat,100,14,local,2748,4371,4371,10000,0.17433081674673986,0.1727293525509037,0.1795,-0.0067706474490963064
Ecobee_Thermostat,100,14,shared_marginals,2748,4371,4371,10000,0.12491420727522307,0.11324639670555937,0.126,-0.012753603294440627
Ecobee_Thermostat,300,0,local,2526,4371,4371,10000,0.1656371539693434,0.15374056280027454,0.1661,-0.01235943719972546
Ecobee_Thermostat,300,0,shared_marginals,2526,4371,4371,10000,0.1523678792038435,0.13726835964310227,0.1578,-0.020531640356897723
Ecobee_Thermostat,300,1,local,686,4371,4371,10000,0.12148249828414551,0.12194005948295585,0.1266,-0.004659940517044145
Ecobee_Thermostat,300,1,shared_marginals,686,4371,4371,10000,0.11416151910318005,0.11164493250972317,0.1148,-0.0031550674902768305
Ecobee_Thermostat,300,2,local,1914,4371,4371,10000,0.10546785632578358,0.11622054449782658,0.115,0.0012205444978265756
Ecobee_Thermostat,300,2,shared_marginals,1914,4371,4371,10000,0.0789293067947838,0.09471516815374056,0.0869,0.00781516815374056
Ecobee_Thermostat,300,3,local,1591,4371,4371,10000,0.10958590711507664,0.12148249828414551,0.1186,0.00288249828414551
Ecobee_Thermostat,300,3,shared_marginals,1591,4371,4371,10000,0.09105467856325783,0.10729810112102493,0.1059,0.0013981011210249389
Ecobee_Thermostat,300,4,local,3372,4371,4371,10000,0.13658201784488674,0.14458933882406771,0.1344,0.010189338824067723
Ecobee_Thermostat,300,4,shared_marginals,3372,4371,4371,10000,0.09814687714481812,0.10867078471745596,0.1034,0.005270784717455956
Ecobee_Thermostat,300,5,local,2870,4371,4371,10000,0.08602150537634409,0.0889956531686113,0.099,-0.010004346831388705
Ecobee_Thermostat,300,5,shared_marginals,2870,4371,4371,10000,0.07183710821322352,0.08007320979180965,0.0859,-0.005826790208190352
Ecobee_Thermostat,300,6,local,1733,4371,4371,10000,0.11278883550674902,0.12125371768474033,0.119,0.002253717684740336
Ecobee_Thermostat,300,6,shared_marginals,1733,4371,4371,10000,0.07961564859299931,0.09425760695493023,0.0909,0.003357606954930231
Ecobee_Thermostat,300,7,local,291,4371,4371,10000,0.07870052619537864,0.08030199039121483,0.0772,0.0031019903912148233
Ecobee_Thermostat,300,7,shared_marginals,291,4371,4371,10000,0.07549759780370624,0.07641272020132693,0.0709,0.005512720201326926
Ecobee_Thermostat,300,8,local,4063,4371,4371,10000,0.11805078929306795,0.10432395332875773,0.1103,-0.005976046671242269
Ecobee_Thermostat,300,8,shared_marginals,4063,4371,4371,10000,0.08190345458705102,0.07435369480668039,0.0752,-0.0008463051933196158
Ecobee_Thermostat,300,9,local,354,4371,4371,10000,0.10981468771448182,0.11187371310912834,0.1035,0.00837371310912835
Ecobee_Thermostat,300,9,shared_marginals,354,4371,4371,10000,0.08190345458705102,0.08213223518645618,0.0789,0.003232235186456184
Ecobee_Thermostat,300,10,local,3693,4371,4371,10000,0.06657515442690459,0.05284831846259437,0.0651,-0.012251681537405634
Ecobee_Thermostat,300,10,shared_marginals,3693,4371,4371,10000,0.03683367650423244,0.02036147334706017,0.038,-0.01763852665293983
Ecobee_Thermostat,300,11,local,434,4371,4371,10000,0.06634637382749943,0.06863417982155114,0.0619,0.0067341798215511395
Ecobee_Thermostat,300,11,shared_marginals,434,4371,4371,10000,0.050560512468542665,0.053534660260809885,0.0497,0.0038346602608098843
Ecobee_Thermostat,300,12,local,1291,4371,4371,10000,0.19858156028368795,0.1802791123312743,0.1888,-0.00852088766872569
Ecobee_Thermostat,300,12,shared_marginals,1291,4371,4371,10000,0.16586593456874857,0.1400137268359643,0.1602,-0.020186273164035706
Ecobee_Thermostat,300,13,local,836,4371,4371,10000,0.08007320979180965,0.08098833218943034,0.0912,-0.01021166781056966
Ecobee_Thermostat,300,13,shared_marginals,836,4371,4371,10000,0.05467856325783574,0.05765271105010295,0.0592,-0.0015472889498970507
Ecobee_Thermostat,300,14,local,2173,4371,4371,10000,0.10981468771448182,0.10638297872340426,0.1137,-0.007317021276595739
Ecobee_Thermostat,300,14,shared_marginals,2173,4371,4371,10000,0.06405856783344772,0.06863417982155114,0.0729,-0.00426582017844887
Ecobee_Thermostat,1000,0,local,1106,4371,4371,10000,0.11805078929306795,0.12010981468771448,0.124,-0.0038901853122855212
Ecobee_Thermostat,1000,0,shared_marginals,1106,4371,4371,10000,0.09540150995195608,0.10478151452756806,0.1072,-0.002418485472431939
Ecobee_Thermostat,1000,1,local,198,4371,4371,10000,0.018073667353008464,0.005948295584534431,0.0198,-0.013851704415465571
Ecobee_Thermostat,1000,1,shared_marginals,198,4371,4371,10000,0.024479524136353237,0.011439029970258523,0.0281,-0.016660970029741477
Ecobee_Thermostat,1000,2,local,2308,4371,4371,10000,0.10226492793411118,0.10066346373827499,0.1112,-0.010536536261725002
Ecobee_Thermostat,1000,2,shared_marginals,2308,4371,4371,10000,0.08968199496682681,0.09494394875314573,0.1018,-0.006856051246854275
Ecobee_Thermostat,1000,3,local,346,4371,4371,10000,0.05216197666437886,0.04049416609471517,0.0514,-0.01090583390528483
Ecobee_Thermostat,1000,3,shared_marginals,346,4371,4371,10000,0.04964539007092199,0.04140928849233585,0.0484,-0.0069907115076641504
Ecobee_Thermostat,1000,4,local,970,4371,4371,10000,0.10386639212994737,0.11187371310912834,0.1172,-0.005326286890871654
Ecobee_Thermostat,1000,4,shared_marginals,970,4371,4371,10000,0.08167467398764584,0.09265614275909403,0.0982,-0.005543857240905961
Ecobee_Thermostat,1000,5,local,1084,4371,4371,10000,0.11370395790436971,0.11713566689544727,0.1187,-0.0015643331045527287
Ecobee_Thermostat,1000,5,shared_marginals,1084,4371,4371,10000,0.09563029055136124,0.10501029512697323,0.1064,-0.0013897048730267675
Ecobee_Thermostat,1000,6,local,244,4371,4371,10000,0.04072294669412034,0.026996110729810112,0.0388,-0.01180388927018989
Ecobee_Thermostat,1000,6,shared_marginals,244,4371,4371,10000,0.04072294669412034,0.028826355525051476,0.0403,-0.011473644474948527
Ecobee_Thermostat,1000,7,local,814,4371,4371,10000,0.08442004118050789,0.08236101578586136,0.0974,-0.015038984214138643
Ecobee_Thermostat,1000,7,shared_marginals,814,4371,4371,10000,0.07069320521619767,0.07137954701441318,0.0863,-0.014920452985586821
Ecobee_Thermostat,1000,8,local,909,4371,4371,10000,0.09174102036147334,0.09540150995195608,0.0976,-0.0021984900480439273
Ecobee_Thermostat,1000,8,shared_marginals,909,4371,4371,10000,0.07618393960192175,0.08830931137039578,0.0846,0.0037093113703957903
Ecobee_Thermostat,1000,9,local,3324,4371,4371,10000,0.053534660260809885,0.03912148249828414,0.0516,-0.012478517501715858
Ecobee_Thermostat,1000,9,shared_marginals,3324,4371,4371,10000,0.04072294669412034,0.024708304735758406,0.0399,-0.015191695264241592
Ecobee_Thermostat,1000,10,local,2584,4371,4371,10000,0.12377030427819721,0.12445664607641271,0.1221,0.0023566460764127134
Ecobee_Thermostat,1000,10,shared_marginals,2584,4371,4371,10000,0.10409517272935255,0.11278883550674902,0.1104,0.0023888355067490236
Ecobee_Thermostat,1000,11,local,1701,4371,4371,10000,0.12560054907343857,0.12948981926332648,0.1246,0.004889819263326475
Ecobee_Thermostat,1000,11,shared_marginals,1701,4371,4371,10000,0.10844200411805079,0.11667810569663692,0.1111,0.005578105696636915
Ecobee_Thermostat,1000,12,local,357,4371,4371,10000,0.05284831846259437,0.04140928849233585,0.0497,-0.008290711507664153
Ecobee_Thermostat,1000,12,shared_marginals,357,4371,4371,10000,0.050102951269732326,0.04140928849233585,0.0458,-0.004390711507664152
Ecobee_Thermostat,1000,13,local,818,4371,4371,10000,0.08442004118050789,0.08236101578586136,0.093,-0.010638984214138641
Ecobee_Thermostat,1000,13,shared_marginals,818,4371,4371,10000,0.071150766415008,0.0720658888126287,0.0827,-0.0106341111873713
Ecobee_Thermostat,1000,14,local,59,4371,4371,10000,0.0013726835964310226,0.0,0.001,-0.001
Ecobee_Thermostat,1000,14,shared_marginals,59,4371,4371,10000,0.006405856783344772,0.0009151223976206818,0.0071,-0.006184877602379318
Ennio_Doorbell,30,0,local,8223,10000,10000,10000,0.0006,0.0001,0.002,-0.0019
Ennio_Doorbell,30,0,shared_marginals,8223,10000,10000,10000,0.0235,0.0143,0.0275,-0.0132
Ennio_Doorbell,30,1,local,47,10000,10000,10000,0.0,0.0,0.0,0.0
Ennio_Doorbell,30,1,shared_marginals,47,10000,10000,10000,0.0634,0.0609,0.0571,0.0038000000000000048
Ennio_Doorbell,30,2,local,3598,10000,10000,10000,0.0,0.0,0.0,0.0
Ennio_Doorbell,30,2,shared_marginals,3598,10000,10000,10000,0.0267,0.0165,0.0288,-0.012299999999999998
Ennio_Doorbell,30,3,local,8702,10000,10000,10000,0.2363,0.2192,0.1951,0.02410000000000001
Ennio_Doorbell,30,3,shared_marginals,8702,10000,10000,10000,0.0435,0.0258,0.039,-0.0132
Ennio_Doorbell,30,4,local,5811,10000,10000,10000,0.0,0.0,0.0,0.0
Ennio_Doorbell,30,4,shared_marginals,5811,10000,10000,10000,0.0215,0.0115,0.0274,-0.0159
Ennio_Doorbell,30,5,local,12615,9953,10000,10000,0.0023108610469205265,0.0011,0.0083,-0.0072
Ennio_Doorbell,30,5,shared_marginals,12615,9953,10000,10000,0.11604541344318296,0.0959,0.2176,-0.12169999999999999
Ennio_Doorbell,30,6,local,8624,10000,10000,10000,0.2353,0.216,0.2052,0.010800000000000004
Ennio_Doorbell,30,6,shared_marginals,8624,10000,10000,10000,0.0969,0.0764,0.0789,-0.0025000000000000022
Ennio_Doorbell,30,7,local,4257,10000,10000,10000,0.0838,0.0726,0.0681,0.004500000000000004
Ennio_Doorbell,30,7,shared_marginals,4257,10000,10000,10000,0.1048,0.0915,0.0937,-0.0022000000000000075
Ennio_Doorbell,30,8,local,8933,10000,10000,10000,0.3034,0.2918,0.2689,0.02290000000000003
Ennio_Doorbell,30,8,shared_marginals,8933,10000,10000,10000,0.1194,0.0992,0.1049,-0.005699999999999997
Ennio_Doorbell,30,9,local,8337,10000,10000,10000,0.2345,0.2206,0.1949,0.0257
Ennio_Doorbell,30,9,shared_marginals,8337,10000,10000,10000,0.1112,0.0975,0.0971,0.0003999999999999976
Ennio_Doorbell,30,10,local,6895,10000,10000,10000,0.0,0.0,0.0,0.0
Ennio_Doorbell,30,10,shared_marginals,6895,10000,10000,10000,0.1417,0.1183,0.1175,0.000800000000000009
Ennio_Doorbell,30,11,local,11766,9947,10000,10000,0.0006031969438021514,0.0003,0.003,-0.0027
Ennio_Doorbell,30,11,shared_marginals,11766,9947,10000,10000,0.19955765557454508,0.182,0.312,-0.13
Ennio_Doorbell,30,12,local,11850,9953,10000,10000,0.0,0.0,0.0,0.0
Ennio_Doorbell,30,12,shared_marginals,11850,9953,10000,10000,0.03235205465688737,0.0153,0.0672,-0.051899999999999995
Ennio_Doorbell,30,13,local,6046,10000,10000,10000,0.1598,0.1452,0.1379,0.007300000000000001
Ennio_Doorbell,30,13,shared_marginals,6046,10000,10000,10000,0.0374,0.0221,0.0373,-0.015199999999999998
Ennio_Doorbell,30,14,local,8130,10000,10000,10000,0.2349,0.213,0.1888,0.0242
Ennio_Doorbell,30,14,shared_marginals,8130,10000,10000,10000,0.0887,0.0569,0.0721,-0.015199999999999998
Ennio_Doorbell,100,0,local,1430,10000,10000,10000,0.0006,0.0,0.0006,-0.0006
Ennio_Doorbell,100,0,shared_marginals,1430,10000,10000,10000,0.0805,0.0601,0.0782,-0.018100000000000005
Ennio_Doorbell,100,1,local,1270,10000,10000,10000,0.0001,0.0,0.0001,-0.0001
Ennio_Doorbell,100,1,shared_marginals,1270,10000,10000,10000,0.0935,0.0671,0.083,-0.015899999999999997
Ennio_Doorbell,100,2,local,6570,10000,10000,10000,0.0,0.0,0.0,0.0
Ennio_Doorbell,100,2,shared_marginals,6570,10000,10000,10000,0.0561,0.0395,0.0534,-0.013900000000000003
Ennio_Doorbell,100,3,local,6930,10000,10000,10000,0.0005,0.0,0.0002,-0.0002
Ennio_Doorbell,100,3,shared_marginals,6930,10000,10000,10000,0.1021,0.0745,0.0907,-0.016200000000000006
Ennio_Doorbell,100,4,local,621,10000,10000,10000,0.0024,0.0015,0.0102,-0.008700000000000001
Ennio_Doorbell,100,4,shared_marginals,621,10000,10000,10000,0.1203,0.0946,0.2185,-0.1239
Ennio_Doorbell,100,5,local,3296,10000,10000,10000,0.0,0.0,0.0,0.0
Ennio_Doorbell,100,5,shared_marginals,3296,10000,10000,10000,0.039,0.0277,0.0392,-0.0115
Ennio_Doorbell,100,6,local,5110,10000,10000,10000,0.0,0.0,0.0,0.0
Ennio_Doorbell,100,6,shared_marginals,5110,10000,10000,10000,0.0338,0.0245,0.0385,-0.013999999999999999
Ennio_Doorbell,100,7,local,1284,10000,10000,10000,0.0005,0.0,0.0008,-0.0008
Ennio_Doorbell,100,7,shared_marginals,1284,10000,10000,10000,0.0857,0.0639,0.0895,-0.025599999999999998
Ennio_Doorbell,100,8,local,10079,10000,10000,10000,0.0006,0.0,0.0004,-0.0004
Ennio_Doorbell,100,8,shared_marginals,10079,10000,10000,10000,0.0835,0.061,0.0831,-0.022099999999999995
Ennio_Doorbell,100,9,local,600,10000,10000,10000,0.0143,0.0034,0.0251,-0.0217
Ennio_Doorbell,100,9,shared_marginals,600,10000,10000,10000,0.0156,0.0059,0.0179,-0.012
Ennio_Doorbell,100,10,local,5412,10000,10000,10000,0.0002,0.0,0.0001,-0.0001
Ennio_Doorbell,100,10,shared_marginals,5412,10000,10000,10000,0.0825,0.0514,0.0674,-0.016
Ennio_Doorbell,100,11,local,3271,10000,10000,10000,0.0,0.0,0.0,0.0
Ennio_Doorbell,100,11,shared_marginals,3271,10000,10000,10000,0.032,0.0228,0.0365,-0.013699999999999997
Ennio_Doorbell,100,12,local,3097,10000,10000,10000,0.0006,0.0,0.0001,-0.0001
Ennio_Doorbell,100,12,shared_marginals,3097,10000,10000,10000,0.0652,0.0472,0.0668,-0.0196
Ennio_Doorbell,100,13,local,779,10000,10000,10000,0.0128,0.0023,0.0263,-0.024
Ennio_Doorbell,100,13,shared_marginals,779,10000,10000,10000,0.014,0.0049,0.0176,-0.012700000000000001
Ennio_Doorbell,100,14,local,2713,10000,10000,10000,0.0,0.0,0.0,0.0
Ennio_Doorbell,100,14,shared_marginals,2713,10000,10000,10000,0.0917,0.0662,0.097,-0.030800000000000008
Ennio_Doorbell,300,0,local,1089,10000,10000,10000,0.1749,0.1328,0.196,-0.0632
Ennio_Doorbell,300,0,shared_marginals,1089,10000,10000,10000,0.1536,0.1136,0.1714,-0.05779999999999999
Ennio_Doorbell,300,1,local,128,10000,10000,10000,0.001,0.0003,0.0037,-0.0034000000000000002
Ennio_Doorbell,300,1,shared_marginals,128,10000,10000,10000,0.0411,0.0189,0.0601,-0.0412
Ennio_Doorbell,300,2,local,11404,9756,10000,10000,0.0024600246002460025,0.0021,0.014,-0.0119
Ennio_Doorbell,300,2,shared_marginals,11404,9756,10000,10000,0.002870028700287003,0.0,0.0031,-0.0031
Ennio_Doorbell,300,3,local,7639,10000,10000,10000,0.0006,0.0001,0.0001,0.0
Ennio_Doorbell,300,3,shared_marginals,7639,10000,10000,10000,0.1241,0.0928,0.1253,-0.0325
Ennio_Doorbell,300,4,local,12053,9494,10000,10000,0.0,0.0,0.0,0.0
Ennio_Doorbell,300,4,shared_marginals,12053,9494,10000,10000,0.00821571518854013,0.0031,0.0412,-0.0381
Ennio_Doorbell,300,5,local,4342,10000,10000,10000,0.0005,0.0,0.0004,-0.0004
Ennio_Doorbell,300,5,shared_marginals,4342,10000,10000,10000,0.1317,0.0976,0.1374,-0.03979999999999999
Ennio_Doorbell,300,6,local,12211,9516,10000,10000,0.0,0.0,0.0,0.0
Ennio_Doorbell,300,6,shared_marginals,12211,9516,10000,10000,0.0,0.0,0.0,0.0
Ennio_Doorbell,300,7,local,5853,10000,10000,10000,0.1166,0.0875,0.1192,-0.031700000000000006
Ennio_Doorbell,300,7,shared_marginals,5853,10000,10000,10000,0.0932,0.0685,0.0944,-0.025899999999999992
Ennio_Doorbell,300,8,local,9567,10000,10000,10000,0.1468,0.1106,0.1449,-0.0343
Ennio_Doorbell,300,8,shared_marginals,9567,10000,10000,10000,0.103,0.0817,0.1023,-0.020600000000000007
Ennio_Doorbell,300,9,local,11535,9564,10000,10000,0.013069845253032205,0.0026,0.0272,-0.024599999999999997
Ennio_Doorbell,300,9,shared_marginals,11535,9564,10000,10000,0.01056043496445002,0.0,0.0099,-0.0099
Ennio_Doorbell,300,10,local,4311,10000,10000,10000,0.0721,0.0611,0.0744,-0.013299999999999992
Ennio_Doorbell,300,10,shared_marginals,4311,10000,10000,10000,0.184,0.1244,0.1813,-0.05689999999999999
Ennio_Doorbell,300,11,local,2281,10000,10000,10000,0.1677,0.1212,0.1603,-0.039099999999999996
Ennio_Doorbell,300,11,shared_marginals,2281,10000,10000,10000,0.1702,0.1235,0.1649,-0.04139999999999999
Ennio_Doorbell,300,12,local,64,10000,10000,10000,0.0017,0.0008,0.0045,-0.0036999999999999997
Ennio_Doorbell,300,12,shared_marginals,64,10000,10000,10000,0.0125,0.0033,0.0128,-0.009500000000000001
Ennio_Doorbell,300,13,local,482,10000,10000,10000,0.038,0.0213,0.0653,-0.044
Ennio_Doorbell,300,13,shared_marginals,482,10000,10000,10000,0.0511,0.0321,0.0728,-0.04070000000000001
Ennio_Doorbell,300,14,local,3222,10000,10000,10000,0.1742,0.1278,0.1708,-0.04300000000000001
Ennio_Doorbell,300,14,shared_marginals,3222,10000,10000,10000,0.1487,0.1146,0.151,-0.0364
Ennio_Doorbell,1000,0,local,9228,10000,10000,10000,0.1864,0.138,0.1891,-0.05109999999999998
Ennio_Doorbell,1000,0,shared_marginals,9228,10000,10000,10000,0.1658,0.1201,0.174,-0.05389999999999999
Ennio_Doorbell,1000,1,local,4350,10000,10000,10000,0.2194,0.1703,0.217,-0.04669999999999999
Ennio_Doorbell,1000,1,shared_marginals,4350,10000,10000,10000,0.1832,0.1334,0.1958,-0.06240000000000001
Ennio_Doorbell,1000,2,local,4133,10000,10000,10000,0.2018,0.1545,0.1981,-0.0436
Ennio_Doorbell,1000,2,shared_marginals,4133,10000,10000,10000,0.1754,0.1284,0.1788,-0.0504
Ennio_Doorbell,1000,3,local,6947,10000,10000,10000,0.1098,0.0819,0.1191,-0.0372
Ennio_Doorbell,1000,3,shared_marginals,6947,10000,10000,10000,0.1294,0.0967,0.1401,-0.04340000000000001
Ennio_Doorbell,1000,4,local,2701,10000,10000,10000,0.286,0.2607,0.2463,0.014399999999999996
Ennio_Doorbell,1000,4,shared_marginals,2701,10000,10000,10000,0.2096,0.1702,0.2003,-0.030100000000000016
Ennio_Doorbell,1000,5,local,2757,10000,10000,10000,0.2704,0.2447,0.2287,0.016000000000000014
Ennio_Doorbell,1000,5,shared_marginals,2757,10000,10000,10000,0.1683,0.133,0.1661,-0.03309999999999999
Ennio_Doorbell,1000,6,local,8298,10000,10000,10000,0.2199,0.1741,0.2075,-0.033399999999999985
Ennio_Doorbell,1000,6,shared_marginals,8298,10000,10000,10000,0.1557,0.1148,0.1588,-0.044
Ennio_Doorbell,1000,7,local,5239,10000,10000,10000,0.1843,0.1388,0.1891,-0.050299999999999984
Ennio_Doorbell,1000,7,shared_marginals,5239,10000,10000,10000,0.1494,0.1089,0.1551,-0.04619999999999999
Ennio_Doorbell,1000,8,local,10013,10000,10000,10000,0.0823,0.068,0.0823,-0.014299999999999993
Ennio_Doorbell,1000,8,shared_marginals,10013,10000,10000,10000,0.0947,0.0747,0.096,-0.0213
Ennio_Doorbell,1000,9,local,5809,10000,10000,10000,0.1792,0.1355,0.1765,-0.04099999999999998
Ennio_Doorbell,1000,9,shared_marginals,5809,10000,10000,10000,0.1546,0.1155,0.1563,-0.04079999999999999
Ennio_Doorbell,1000,10,local,9753,10000,10000,10000,0.1359,0.1042,0.1344,-0.03019999999999999
Ennio_Doorbell,1000,10,shared_marginals,9753,10000,10000,10000,0.1188,0.0924,0.1178,-0.025400000000000006
Ennio_Doorbell,1000,11,local,3683,10000,10000,10000,0.1943,0.1483,0.1913,-0.04300000000000001
Ennio_Doorbell,1000,11,shared_marginals,3683,10000,10000,10000,0.1829,0.134,0.1839,-0.0499
Ennio_Doorbell,1000,12,local,8051,10000,10000,10000,0.1347,0.1002,0.139,-0.038800000000000015
Ennio_Doorbell,1000,12,shared_marginals,8051,10000,10000,10000,0.1412,0.1054,0.1465,-0.0411
Ennio_Doorbell,1000,13,local,3714,10000,10000,10000,0.1937,0.1495,0.1917,-0.042200000000000015
Ennio_Doorbell,1000,13,shared_marginals,3714,10000,10000,10000,0.1829,0.1373,0.1867,-0.0494
Ennio_Doorbell,1000,14,local,4344,10000,10000,10000,0.2199,0.1705,0.209,-0.03849999999999998
Ennio_Doorbell,1000,14,shared_marginals,4344,10000,10000,10000,0.1866,0.1361,0.1888,-0.0527
Philips_B120N10_Baby_Monitor,30,0,local,1047,10000,10000,10000,0.8522,0.8323,0.832,0.000300000000000078
Philips_B120N10_Baby_Monitor,30,0,shared_marginals,1047,10000,10000,10000,0.0168,0.0208,0.0238,-0.0030000000000000027
Philips_B120N10_Baby_Monitor,30,1,local,24041,10000,10000,10000,0.0487,0.0321,0.0647,-0.0326
Philips_B120N10_Baby_Monitor,30,1,shared_marginals,24041,10000,10000,10000,0.0939,0.101,0.107,-0.0059999999999999915
Philips_B120N10_Baby_Monitor,30,2,local,6609,10000,10000,10000,0.0,0.0,0.0,0.0
Philips_B120N10_Baby_Monitor,30,2,shared_marginals,6609,10000,10000,10000,0.0765,0.0889,0.0949,-0.0059999999999999915
Philips_B120N10_Baby_Monitor,30,3,local,56713,9998,10000,10000,0.9388877775555111,0.9355,0.9364,-0.0009000000000000119
Philips_B120N10_Baby_Monitor,30,3,shared_marginals,56713,9998,10000,10000,0.01740348069613923,0.0182,0.0343,-0.016099999999999996
Philips_B120N10_Baby_Monitor,30,4,local,957,10000,10000,10000,1.0,1.0,0.9983,0.0017000000000000348
Philips_B120N10_Baby_Monitor,30,4,shared_marginals,957,10000,10000,10000,0.0095,0.0131,0.0196,-0.006499999999999999
Philips_B120N10_Baby_Monitor,30,5,local,16323,10000,10000,10000,0.0,0.0,0.0,0.0
Philips_B120N10_Baby_Monitor,30,5,shared_marginals,16323,10000,10000,10000,0.0653,0.0828,0.0872,-0.004400000000000001
Philips_B120N10_Baby_Monitor,30,6,local,51769,10000,10000,10000,0.2736,0.3467,0.2978,0.0489
Philips_B120N10_Baby_Monitor,30,6,shared_marginals,51769,10000,10000,10000,0.2384,0.3164,0.2584,0.057999999999999996
Philips_B120N10_Baby_Monitor,30,7,local,57702,9995,10000,10000,0.15927963981990995,0.1663,0.1927,-0.026400000000000007
Philips_B120N10_Baby_Monitor,30,7,shared_marginals,57702,9995,10000,10000,0.2815407703851926,0.363,0.3202,0.042800000000000005
Philips_B120N10_Baby_Monitor,30,8,local,37192,10000,10000,10000,0.0,0.0,0.0,0.0
Philips_B120N10_Baby_Monitor,30,8,shared_marginals,37192,10000,10000,10000,0.2333,0.2935,0.2428,0.050699999999999995
Philips_B120N10_Baby_Monitor,30,9,local,35311,10000,10000,10000,0.0,0.0,0.0109,-0.0109
Philips_B120N10_Baby_Monitor,30,9,shared_marginals,35311,10000,10000,10000,0.2157,0.2713,0.2219,0.0494
Philips_B120N10_Baby_Monitor,30,10,local,26576,10000,10000,10000,0.1197,0.1468,0.1372,0.009600000000000025
Philips_B120N10_Baby_Monitor,30,10,shared_marginals,26576,10000,10000,10000,0.2665,0.3664,0.3004,0.066
Philips_B120N10_Baby_Monitor,30,11,local,6503,10000,10000,10000,0.0298,0.0469,0.0375,0.009399999999999999
Philips_B120N10_Baby_Monitor,30,11,shared_marginals,6503,10000,10000,10000,0.1929,0.2624,0.2181,0.044300000000000034
Philips_B120N10_Baby_Monitor,30,12,local,57648,9992,10000,10000,0.02922337870296237,0.0451,0.0381,0.006999999999999999
Philips_B120N10_Baby_Monitor,30,12,shared_marginals,57648,9992,10000,10000,0.19805844675740591,0.2639,0.2166,0.047300000000000036
Philips_B120N10_Baby_Monitor,30,13,local,53004,10000,10000,10000,0.0,0.0,0.0,0.0
Philips_B120N10_Baby_Monitor,30,13,shared_marginals,53004,10000,10000,10000,0.0433,0.0494,0.0604,-0.011000000000000003
Philips_B120N10_Baby_Monitor,30,14,local,53201,10000,10000,10000,0.0337,0.0507,0.0439,0.0068000000000000005
Philips_B120N10_Baby_Monitor,30,14,shared_marginals,53201,10000,10000,10000,0.1738,0.231,0.1902,0.0408
Philips_B120N10_Baby_Monitor,100,0,local,42512,10000,10000,10000,0.0,0.0,0.0,0.0
Philips_B120N10_Baby_Monitor,100,0,shared_marginals,42512,10000,10000,10000,0.1501,0.1759,0.163,0.012899999999999995
Philips_B120N10_Baby_Monitor,100,1,local,20239,10000,10000,10000,0.3178,0.3636,0.3221,0.04149999999999998
Philips_B120N10_Baby_Monitor,100,1,shared_marginals,20239,10000,10000,10000,0.2017,0.249,0.2041,0.044899999999999995
Philips_B120N10_Baby_Monitor,100,2,local,54883,9984,10000,10000,0.04887820512820513,0.0789,0.0796,-0.0007000000000000062
Philips_B120N10_Baby_Monitor,100,2,shared_marginals,54883,9984,10000,10000,0.7139423076923077,0.7269,0.7319,-0.0050000000000000044
Philips_B120N10_Baby_Monitor,100,3,local,17576,10000,10000,10000,0.0972,0.1189,0.124,-0.005099999999999993
Philips_B120N10_Baby_Monitor,100,3,shared_marginals,17576,10000,10000,10000,0.4378,0.5815,0.5005,0.08100000000000007
Philips_B120N10_Baby_Monitor,100,4,local,3779,10000,10000,10000,0.0632,0.0801,0.0806,-0.0005000000000000004
Philips_B120N10_Baby_Monitor,100,4,shared_marginals,3779,10000,10000,10000,0.2657,0.4156,0.3684,0.04720000000000002
Philips_B120N10_Baby_Monitor,100,5,local,45402,10000,10000,10000,0.8892,0.8313,0.8271,0.0042000000000000925
Philips_B120N10_Baby_Monitor,100,5,shared_marginals,45402,10000,10000,10000,0.7684,0.6705,0.6994,-0.028900000000000037
Philips_B120N10_Baby_Monitor,100,6,local,367,10000,10000,10000,0.9996,0.9996,0.994,0.005600000000000049
Philips_B120N10_Baby_Monitor,100,6,shared_marginals,367,10000,10000,10000,1.0,1.0,0.9982,0.0018000000000000238
Philips_B120N10_Baby_Monitor,100,7,local,16829,10000,10000,10000,0.0,0.0,0.0,0.0
Philips_B120N10_Baby_Monitor,100,7,shared_marginals,16829,10000,10000,10000,0.1118,0.1352,0.1313,0.003899999999999987
Philips_B120N10_Baby_Monitor,100,8,local,22250,10000,10000,10000,0.5482,0.6329,0.5817,0.05120000000000002
Philips_B120N10_Baby_Monitor,100,8,shared_marginals,22250,10000,10000,10000,0.3949,0.5511,0.4711,0.08000000000000002
Philips_B120N10_Baby_Monitor,100,9,local,4283,10000,10000,10000,0.9527,0.919,0.9495,-0.03049999999999997
Philips_B120N10_Baby_Monitor,100,9,shared_marginals,4283,10000,10000,10000,0.7416,0.726,0.7554,-0.02939999999999998
Philips_B120N10_Baby_Monitor,100,10,local,29039,10000,10000,10000,0.2145,0.2277,0.2158,0.011900000000000022
Philips_B120N10_Baby_Monitor,100,10,shared_marginals,29039,10000,10000,10000,0.1898,0.2356,0.1919,0.04370000000000002
Philips_B120N10_Baby_Monitor,100,11,local,25426,10000,10000,10000,0.3301,0.3991,0.3436,0.055499999999999994
Philips_B120N10_Baby_Monitor,100,11,shared_marginals,25426,10000,10000,10000,0.1662,0.1993,0.1798,0.019500000000000017
Philips_B120N10_Baby_Monitor,100,12,local,37566,10000,10000,10000,0.1502,0.192,0.1695,0.022499999999999992
Philips_B120N10_Baby_Monitor,100,12,shared_marginals,37566,10000,10000,10000,0.9486,0.9245,0.941,-0.01649999999999996
Philips_B120N10_Baby_Monitor,100,13,local,43460,10000,10000,10000,0.3816,0.5069,0.4274,0.07950000000000002
Philips_B120N10_Baby_Monitor,100,13,shared_marginals,43460,10000,10000,10000,0.4096,0.5357,0.4657,0.06999999999999995
Philips_B120N10_Baby_Monitor,100,14,local,55613,9982,10000,10000,0.25085153275896616,0.3176,0.2794,0.03820000000000001
Philips_B120N10_Baby_Monitor,100,14,shared_marginals,55613,9982,10000,10000,0.7635744339811661,0.7851,0.7889,-0.0038000000000000256
Philips_B120N10_Baby_Monitor,300,0,local,49061,10000,10000,10000,0.3045,0.3532,0.3137,0.039500000000000035
Philips_B120N10_Baby_Monitor,300,0,shared_marginals,49061,10000,10000,10000,0.2694,0.3193,0.281,0.038299999999999945
Philips_B120N10_Baby_Monitor,300,1,local,28881,10000,10000,10000,0.2,0.2121,0.2079,0.004200000000000009
Philips_B120N10_Baby_Monitor,300,1,shared_marginals,28881,10000,10000,10000,0.1682,0.1885,0.1776,0.010899999999999993
Philips_B120N10_Baby_Monitor,300,2,local,42138,10000,10000,10000,0.454,0.6778,0.5171,0.16069999999999995
Philips_B120N10_Baby_Monitor,300,2,shared_marginals,42138,10000,10000,10000,0.3435,0.4609,0.4027,0.058199999999999974
Philips_B120N10_Baby_Monitor,300,3,local,47174,10000,10000,10000,0.2963,0.355,0.2967,0.05829999999999996
Philips_B120N10_Baby_Monitor,300,3,shared_marginals,47174,10000,10000,10000,0.3333,0.4177,0.3373,0.08040000000000003
Philips_B120N10_Baby_Monitor,300,4,local,47343,10000,10000,10000,0.3095,0.3746,0.314,0.06059999999999999
Philips_B120N10_Baby_Monitor,300,4,shared_marginals,47343,10000,10000,10000,0.2574,0.3299,0.2641,0.06580000000000003
Philips_B120N10_Baby_Monitor,300,5,local,2107,10000,10000,10000,0.0,0.0,0.0,0.0
Philips_B120N10_Baby_Monitor,300,5,shared_marginals,2107,10000,10000,10000,0.0,0.0,0.0052,-0.0052
Philips_B120N10_Baby_Monitor,300,6,local,18266,10000,10000,10000,0.3009,0.3689,0.3063,0.06259999999999999
Philips_B120N10_Baby_Monitor,300,6,shared_marginals,18266,10000,10000,10000,0.3137,0.3873,0.3177,0.0696
Philips_B120N10_Baby_Monitor,300,7,local,58079,9958,10000,10000,0.07632054629443663,0.1064,0.1088,-0.0023999999999999994
Philips_B120N10_Baby_Monitor,300,7,shared_marginals,58079,9958,10000,10000,0.6985338421369753,0.6777,0.7016,-0.023900000000000032
Philips_B120N10_Baby_Monitor,300,8,local,16724,10000,10000,10000,0.0151,0.0133,0.0217,-0.008400000000000001
Philips_B120N10_Baby_Monitor,300,8,shared_marginals,16724,10000,10000,10000,0.0072,0.0053,0.013,-0.007699999999999999
Philips_B120N10_Baby_Monitor,300,9,local,53840,9948,10000,10000,0.0,0.0,0.0,0.0
Philips_B120N10_Baby_Monitor,300,9,shared_marginals,53840,9948,10000,10000,0.0,0.0,0.0,0.0
Philips_B120N10_Baby_Monitor,300,10,local,5045,10000,10000,10000,0.8572,0.875,0.8713,0.0037000000000000366
Philips_B120N10_Baby_Monitor,300,10,shared_marginals,5045,10000,10000,10000,0.2581,0.3328,0.2851,0.047699999999999965
Philips_B120N10_Baby_Monitor,300,11,local,48863,10000,10000,10000,0.2238,0.2377,0.2256,0.0121
Philips_B120N10_Baby_Monitor,300,11,shared_marginals,48863,10000,10000,10000,0.128,0.1282,0.142,-0.013799999999999979
Philips_B120N10_Baby_Monitor,300,12,local,39073,10000,10000,10000,0.4395,0.5922,0.4925,0.09969999999999996
Philips_B120N10_Baby_Monitor,300,12,shared_marginals,39073,10000,10000,10000,0.4173,0.5604,0.4777,0.0827
Philips_B120N10_Baby_Monitor,300,13,local,55437,9945,10000,10000,0.9662141779788839,0.9801,0.9659,0.01419999999999999
Philips_B120N10_Baby_Monitor,300,13,shared_marginals,55437,9945,10000,10000,0.9611865258924083,0.9642,0.9567,0.007499999999999951
Philips_B120N10_Baby_Monitor,300,14,local,30843,10000,10000,10000,0.3578,0.461,0.3601,0.10090000000000005
Philips_B120N10_Baby_Monitor,300,14,shared_marginals,30843,10000,10000,10000,0.3486,0.4371,0.3486,0.08849999999999997
Philips_B120N10_Baby_Monitor,1000,0,local,1100,10000,10000,10000,0.7877,0.7924,0.7973,-0.0049000000000000155
Philips_B120N10_Baby_Monitor,1000,0,shared_marginals,1100,10000,10000,10000,0.0066,0.0053,0.0145,-0.0092
Philips_B120N10_Baby_Monitor,1000,1,local,24196,10000,10000,10000,0.365,0.4878,0.3886,0.09920000000000001
Philips_B120N10_Baby_Monitor,1000,1,shared_marginals,24196,10000,10000,10000,0.2742,0.3478,0.2923,0.055499999999999994
Philips_B120N10_Baby_Monitor,1000,2,local,15125,10000,10000,10000,0.0,0.0,0.0107,-0.0107
Philips_B120N10_Baby_Monitor,1000,2,shared_marginals,15125,10000,10000,10000,0.0,0.0,0.0045,-0.0045
Philips_B120N10_Baby_Monitor,1000,3,local,25848,10000,10000,10000,0.3482,0.411,0.3715,0.03949999999999998
Philips_B120N10_Baby_Monitor,1000,3,shared_marginals,25848,10000,10000,10000,0.2401,0.2686,0.2571,0.01150000000000001
Philips_B120N10_Baby_Monitor,1000,4,local,46788,10000,10000,10000,0.2307,0.2744,0.2396,0.03479999999999997
Philips_B120N10_Baby_Monitor,1000,4,shared_marginals,46788,10000,10000,10000,0.2,0.2458,0.2071,0.038699999999999984
Philips_B120N10_Baby_Monitor,1000,5,local,687,10000,10000,10000,0.0003,0.0006,0.0004,0.00019999999999999993
Philips_B120N10_Baby_Monitor,1000,5,shared_marginals,687,10000,10000,10000,0.0,0.0,0.0,0.0
Philips_B120N10_Baby_Monitor,1000,6,local,16940,10000,10000,10000,0.0733,0.0693,0.0847,-0.015399999999999997
Philips_B120N10_Baby_Monitor,1000,6,shared_marginals,16940,10000,10000,10000,0.0567,0.0551,0.0715,-0.01639999999999999
Philips_B120N10_Baby_Monitor,1000,7,local,53352,9830,10000,10000,0.0,0.0,0.0,0.0
Philips_B120N10_Baby_Monitor,1000,7,shared_marginals,53352,9830,10000,10000,0.0,0.0,0.0,0.0
Philips_B120N10_Baby_Monitor,1000,8,local,186,10000,10000,10000,0.0,0.0,0.0,0.0
Philips_B120N10_Baby_Monitor,1000,8,shared_marginals,186,10000,10000,10000,0.0,0.0,0.0,0.0
Philips_B120N10_Baby_Monitor,1000,9,local,24917,10000,10000,10000,0.353,0.4691,0.3767,0.09240000000000004
Philips_B120N10_Baby_Monitor,1000,9,shared_marginals,24917,10000,10000,10000,0.2829,0.3609,0.314,0.0469
Philips_B120N10_Baby_Monitor,1000,10,local,341,10000,10000,10000,0.0,0.0,0.0,0.0
Philips_B120N10_Baby_Monitor,1000,10,shared_marginals,341,10000,10000,10000,0.0,0.0,0.0,0.0
Philips_B120N10_Baby_Monitor,1000,11,local,51700,10000,10000,10000,0.0094,0.0104,0.0253,-0.0149
Philips_B120N10_Baby_Monitor,1000,11,shared_marginals,51700,10000,10000,10000,0.0264,0.0274,0.0457,-0.018299999999999997
Philips_B120N10_Baby_Monitor,1000,12,local,27992,10000,10000,10000,0.3682,0.4983,0.3854,0.1129
Philips_B120N10_Baby_Monitor,1000,12,shared_marginals,27992,10000,10000,10000,0.3519,0.4515,0.3671,0.08440000000000003
Philips_B120N10_Baby_Monitor,1000,13,local,27598,10000,10000,10000,0.3788,0.504,0.397,0.10699999999999998
Philips_B120N10_Baby_Monitor,1000,13,shared_marginals,27598,10000,10000,10000,0.3084,0.3948,0.3235,0.07129999999999997
Philips_B120N10_Baby_Monitor,1000,14,local,55317,9827,10000,10000,0.13554492724127404,0.1609,0.1579,0.002999999999999975
Philips_B120N10_Baby_Monitor,1000,14,shared_marginals,55317,9827,10000,10000,0.6663274651470439,0.6944,0.6839,0.010500000000000065
Provision_PT_737E_Security_Camera,30,0,local,10165,10000,10000,10000,0.2861,0.2879,0.2824,0.005500000000000005
Provision_PT_737E_Security_Camera,30,0,shared_marginals,10165,10000,10000,10000,0.4329,0.424,0.4233,0.0006999999999999784
Provision_PT_737E_Security_Camera,30,1,local,18653,9980,10000,10000,0.2377755511022044,0.2273,0.2335,-0.006200000000000011
Provision_PT_737E_Security_Camera,30,1,shared_marginals,18653,9980,10000,10000,0.2746492985971944,0.2587,0.2705,-0.011800000000000033
Provision_PT_737E_Security_Camera,30,2,local,15628,10000,10000,10000,0.0,0.0,0.0,0.0
Provision_PT_737E_Security_Camera,30,2,shared_marginals,15628,10000,10000,10000,0.2684,0.2497,0.2592,-0.00949999999999998
Provision_PT_737E_Security_Camera,30,3,local,20635,10000,10000,10000,0.0,0.0,0.0,0.0
Provision_PT_737E_Security_Camera,30,3,shared_marginals,20635,10000,10000,10000,0.269,0.2506,0.2609,-0.010300000000000031
Provision_PT_737E_Security_Camera,30,4,local,18099,10000,10000,10000,0.0,0.0,0.0,0.0
Provision_PT_737E_Security_Camera,30,4,shared_marginals,18099,10000,10000,10000,0.3111,0.3003,0.3069,-0.006599999999999995
Provision_PT_737E_Security_Camera,30,5,local,8625,10000,10000,10000,1.0,1.0,0.9974,0.0026000000000000467
Provision_PT_737E_Security_Camera,30,5,shared_marginals,8625,10000,10000,10000,0.9253,0.9357,0.9248,0.01090000000000002
Provision_PT_737E_Security_Camera,30,6,local,2478,9986,10000,10000,0.0,0.0,0.0,0.0
Provision_PT_737E_Security_Camera,30,6,shared_marginals,2478,9986,10000,10000,0.2743841377929101,0.2651,0.2655,-0.00040000000000001146
Provision_PT_737E_Security_Camera,30,7,local,15286,10000,10000,10000,0.8217,0.811,0.8288,-0.017799999999999927
Provision_PT_737E_Security_Camera,30,7,shared_marginals,15286,10000,10000,10000,0.8466,0.8603,0.8477,0.012599999999999945
Provision_PT_737E_Security_Camera,30,8,local,20590,10000,10000,10000,0.3073,0.3088,0.3094,-0.0005999999999999894
Provision_PT_737E_Security_Camera,30,8,shared_marginals,20590,10000,10000,10000,0.6562,0.6534,0.6547,-0.0012999999999999678
Provision_PT_737E_Security_Camera,30,9,local,18715,9990,10000,10000,0.23233233233233233,0.2316,0.2245,0.007099999999999995
Provision_PT_737E_Security_Camera,30,9,shared_marginals,18715,9990,10000,10000,0.3184184184184184,0.3132,0.3143,-0.0011000000000000454
Provision_PT_737E_Security_Camera,30,10,local,15231,10000,10000,10000,0.3152,0.3178,0.3103,0.007500000000000007
Provision_PT_737E_Security_Camera,30,10,shared_marginals,15231,10000,10000,10000,0.5608,0.5476,0.5484,-0.0008000000000000229
Provision_PT_737E_Security_Camera,30,11,local,3697,10000,10000,10000,0.0853,0.0495,0.0843,-0.0348
Provision_PT_737E_Security_Camera,30,11,shared_marginals,3697,10000,10000,10000,0.0129,0.005,0.0139,-0.008899999999999998
Provision_PT_737E_Security_Camera,30,12,local,13795,10000,10000,10000,0.2198,0.2279,0.2198,0.008099999999999996
Provision_PT_737E_Security_Camera,30,12,shared_marginals,13795,10000,10000,10000,0.2669,0.2589,0.2647,-0.005799999999999972
Provision_PT_737E_Security_Camera,30,13,local,1060,9987,10000,10000,0.0,0.0,0.0,0.0
Provision_PT_737E_Security_Camera,30,13,shared_marginals,1060,9987,10000,10000,0.4378692299989987,0.43,0.4464,-0.016400000000000026
Provision_PT_737E_Security_Camera,30,14,local,13160,10000,10000,10000,0.0,0.0,0.0,0.0
Provision_PT_737E_Security_Camera,30,14,shared_marginals,13160,10000,10000,10000,0.2533,0.2385,0.2381,0.0003999999999999837
Provision_PT_737E_Security_Camera,100,0,local,13955,10000,10000,10000,0.0,0.0,0.0,0.0
Provision_PT_737E_Security_Camera,100,0,shared_marginals,13955,10000,10000,10000,0.0301,0.0228,0.033,-0.0102
Provision_PT_737E_Security_Camera,100,1,local,18212,10000,10000,10000,0.1178,0.1115,0.1212,-0.0097
Provision_PT_737E_Security_Camera,100,1,shared_marginals,18212,10000,10000,10000,0.4174,0.3894,0.4116,-0.022199999999999998
Provision_PT_737E_Security_Camera,100,2,local,12612,10000,10000,10000,0.0147,0.005,0.0183,-0.0133
Provision_PT_737E_Security_Camera,100,2,shared_marginals,12612,10000,10000,10000,0.01,0.0046,0.0133,-0.0087
Provision_PT_737E_Security_Camera,100,3,local,6046,10000,10000,10000,0.0,0.0,0.0,0.0
Provision_PT_737E_Security_Camera,100,3,shared_marginals,6046,10000,10000,10000,0.2676,0.2642,0.2621,0.0020999999999999908
Provision_PT_737E_Security_Camera,100,4,local,10594,10000,10000,10000,0.2389,0.2353,0.2304,0.0049000000000000155
Provision_PT_737E_Security_Camera,100,4,shared_marginals,10594,10000,10000,10000,0.2803,0.2673,0.2703,-0.0030000000000000027
Provision_PT_737E_Security_Camera,100,5,local,6558,10000,10000,10000,0.4376,0.4223,0.4361,-0.013799999999999979
Provision_PT_737E_Security_Camera,100,5,shared_marginals,6558,10000,10000,10000,0.4712,0.4598,0.4606,-0.0008000000000000229
Provision_PT_737E_Security_Camera,100,6,local,1957,10000,10000,10000,0.0,0.0,0.0,0.0
Provision_PT_737E_Security_Camera,100,6,shared_marginals,1957,10000,10000,10000,0.0,0.0,0.0,0.0
Provision_PT_737E_Security_Camera,100,7,local,20583,10000,10000,10000,0.2425,0.2359,0.2295,0.006399999999999989
Provision_PT_737E_Security_Camera,100,7,shared_marginals,20583,10000,10000,10000,0.28,0.2698,0.2666,0.0031999999999999806
Provision_PT_737E_Security_Camera,100,8,local,11387,10000,10000,10000,0.2349,0.2268,0.2245,0.0022999999999999965
Provision_PT_737E_Security_Camera,100,8,shared_marginals,11387,10000,10000,10000,0.3224,0.2912,0.3093,-0.018100000000000005
Provision_PT_737E_Security_Camera,100,9,local,4834,10000,10000,10000,0.2347,0.2342,0.231,0.0031999999999999806
Provision_PT_737E_Security_Camera,100,9,shared_marginals,4834,10000,10000,10000,0.5031,0.486,0.4826,0.003400000000000014
Provision_PT_737E_Security_Camera,100,10,local,8778,10000,10000,10000,0.0,0.0,0.0,0.0
Provision_PT_737E_Security_Camera,100,10,shared_marginals,8778,10000,10000,10000,0.2862,0.2747,0.2716,0.0030999999999999917
Provision_PT_737E_Security_Camera,100,11,local,930,9954,10000,10000,0.0,0.0,0.0,0.0
Provision_PT_737E_Security_Camera,100,11,shared_marginals,930,9954,10000,10000,0.0,0.0,0.0,0.0
Provision_PT_737E_Security_Camera,100,12,local,10100,10000,10000,10000,0.0,0.0,0.0,0.0
Provision_PT_737E_Security_Camera,100,12,shared_marginals,10100,10000,10000,10000,0.2872,0.2754,0.2767,-0.0013000000000000234
Provision_PT_737E_Security_Camera,100,13,local,17692,10000,10000,10000,0.5158,0.4844,0.4987,-0.01429999999999998
Provision_PT_737E_Security_Camera,100,13,shared_marginals,17692,10000,10000,10000,0.3927,0.3696,0.3827,-0.0131
Provision_PT_737E_Security_Camera,100,14,local,4069,10000,10000,10000,0.0,0.0,0.0,0.0
Provision_PT_737E_Security_Camera,100,14,shared_marginals,4069,10000,10000,10000,0.0,0.0,0.0,0.0
Provision_PT_737E_Security_Camera,300,0,local,11084,10000,10000,10000,0.0,0.0,0.0,0.0
Provision_PT_737E_Security_Camera,300,0,shared_marginals,11084,10000,10000,10000,0.0,0.0,0.0,0.0
Provision_PT_737E_Security_Camera,300,1,local,8564,10000,10000,10000,0.0,0.0,0.0,0.0
Provision_PT_737E_Security_Camera,300,1,shared_marginals,8564,10000,10000,10000,0.0,0.0,0.0,0.0
Provision_PT_737E_Security_Camera,300,2,local,7097,10000,10000,10000,0.0098,0.0031,0.0141,-0.011
Provision_PT_737E_Security_Camera,300,2,shared_marginals,7097,10000,10000,10000,0.0685,0.0513,0.0679,-0.016600000000000004
Provision_PT_737E_Security_Camera,300,3,local,639,9842,10000,10000,0.0,0.0,0.0,0.0
Provision_PT_737E_Security_Camera,300,3,shared_marginals,639,9842,10000,10000,0.0,0.0,0.0,0.0
Provision_PT_737E_Security_Camera,300,4,local,6954,10000,10000,10000,0.0,0.0,0.0,0.0
Provision_PT_737E_Security_Camera,300,4,shared_marginals,6954,10000,10000,10000,0.0,0.0,0.0,0.0
Provision_PT_737E_Security_Camera,300,5,local,15457,10000,10000,10000,0.0,0.0,0.0,0.0
Provision_PT_737E_Security_Camera,300,5,shared_marginals,15457,10000,10000,10000,0.0,0.0,0.0,0.0
Provision_PT_737E_Security_Camera,300,6,local,7344,10000,10000,10000,0.0,0.0,0.0,0.0
Provision_PT_737E_Security_Camera,300,6,shared_marginals,7344,10000,10000,10000,0.0,0.0,0.0,0.0
Provision_PT_737E_Security_Camera,300,7,local,15383,10000,10000,10000,0.2628,0.2499,0.2595,-0.009599999999999997
Provision_PT_737E_Security_Camera,300,7,shared_marginals,15383,10000,10000,10000,0.2949,0.2765,0.2866,-0.010099999999999998
Provision_PT_737E_Security_Camera,300,8,local,8473,10000,10000,10000,0.0312,0.0156,0.0344,-0.0188
Provision_PT_737E_Security_Camera,300,8,shared_marginals,8473,10000,10000,10000,0.0135,0.0045,0.0185,-0.013999999999999999
Provision_PT_737E_Security_Camera,300,9,local,2738,9868,10000,10000,0.0,0.0,0.0,0.0
Provision_PT_737E_Security_Camera,300,9,shared_marginals,2738,9868,10000,10000,0.0,0.0,0.0,0.0
Provision_PT_737E_Security_Camera,300,10,local,13062,10000,10000,10000,0.0,0.0,0.0,0.0
Provision_PT_737E_Security_Camera,300,10,shared_marginals,13062,10000,10000,10000,0.0,0.0,0.0,0.0
Provision_PT_737E_Security_Camera,300,11,local,1155,9865,10000,10000,0.0,0.0,0.0,0.0
Provision_PT_737E_Security_Camera,300,11,shared_marginals,1155,9865,10000,10000,0.0,0.0,0.0,0.0
Provision_PT_737E_Security_Camera,300,12,local,7410,10000,10000,10000,0.0,0.0,0.0,0.0
Provision_PT_737E_Security_Camera,300,12,shared_marginals,7410,10000,10000,10000,0.0,0.0,0.0,0.0
Provision_PT_737E_Security_Camera,300,13,local,12857,10000,10000,10000,0.0,0.0,0.0,0.0
Provision_PT_737E_Security_Camera,300,13,shared_marginals,12857,10000,10000,10000,0.0,0.0,0.0,0.0
Provision_PT_737E_Security_Camera,300,14,local,7436,10000,10000,10000,0.0,0.0,0.0,0.0
Provision_PT_737E_Security_Camera,300,14,shared_marginals,7436,10000,10000,10000,0.0,0.0,0.0,0.0
Provision_PT_737E_Security_Camera,1000,0,local,14261,10000,10000,10000,0.071,0.04,0.0595,-0.019499999999999997
Provision_PT_737E_Security_Camera,1000,0,shared_marginals,14261,10000,10000,10000,0.0297,0.0115,0.0276,-0.0161
Provision_PT_737E_Security_Camera,1000,1,local,209,9519,10000,10000,0.0003151591553734636,0.0003,0.0004,-0.00010000000000000005
Provision_PT_737E_Security_Camera,1000,1,shared_marginals,209,9519,10000,10000,0.007143607521798509,0.0112,0.0074,0.0037999999999999996
Provision_PT_737E_Security_Camera,1000,2,local,7831,10000,10000,10000,0.1541,0.1137,0.1455,-0.031799999999999995
Provision_PT_737E_Security_Camera,1000,2,shared_marginals,7831,10000,10000,10000,0.1406,0.1109,0.1358,-0.024900000000000005
Provision_PT_737E_Security_Camera,1000,3,local,9543,10000,10000,10000,0.0673,0.0398,0.0629,-0.023099999999999996
Provision_PT_737E_Security_Camera,1000,3,shared_marginals,9543,10000,10000,10000,0.0289,0.0116,0.0324,-0.0208
Provision_PT_737E_Security_Camera,1000,4,local,19002,9534,10000,10000,0.05149989511222992,0.0373,0.0513,-0.013999999999999999
Provision_PT_737E_Security_Camera,1000,4,shared_marginals,19002,9534,10000,10000,0.0605202433396266,0.0438,0.0566,-0.012799999999999999
Provision_PT_737E_Security_Camera,1000,5,local,15274,10000,10000,10000,0.1231,0.0707,0.1058,-0.035100000000000006
Provision_PT_737E_Security_Camera,1000,5,shared_marginals,15274,10000,10000,10000,0.0942,0.0568,0.0841,-0.02729999999999999
Provision_PT_737E_Security_Camera,1000,6,local,1969,9683,10000,10000,0.17277703191159766,0.1113,0.1548,-0.0435
Provision_PT_737E_Security_Camera,1000,6,shared_marginals,1969,9683,10000,10000,0.14458329030259218,0.0982,0.1277,-0.029500000000000012
Provision_PT_737E_Security_Camera,1000,7,local,222,9534,10000,10000,0.00031466331025802394,0.0005,0.0006,-9.999999999999994e-05
Provision_PT_737E_Security_Camera,1000,7,shared_marginals,222,9534,10000,10000,0.012796307950492972,0.0162,0.012,0.004199999999999999
Provision_PT_737E_Security_Camera,1000,8,local,17191,10000,10000,10000,0.1077,0.0783,0.1023,-0.024000000000000007
Provision_PT_737E_Security_Camera,1000,8,shared_marginals,17191,10000,10000,10000,0.1047,0.0776,0.099,-0.021400000000000002
Provision_PT_737E_Security_Camera,1000,9,local,6922,10000,10000,10000,0.095,0.0782,0.0852,-0.006999999999999992
Provision_PT_737E_Security_Camera,1000,9,shared_marginals,6922,10000,10000,10000,0.0942,0.0806,0.0848,-0.004199999999999995
Provision_PT_737E_Security_Camera,1000,10,local,7695,10000,10000,10000,0.1398,0.1024,0.1361,-0.033699999999999994
Provision_PT_737E_Security_Camera,1000,10,shared_marginals,7695,10000,10000,10000,0.1138,0.0907,0.1102,-0.019500000000000003
Provision_PT_737E_Security_Camera,1000,11,local,4829,10000,10000,10000,0.0933,0.0748,0.0902,-0.015399999999999997
Provision_PT_737E_Security_Camera,1000,11,shared_marginals,4829,10000,10000,10000,0.0933,0.0782,0.0917,-0.013499999999999998
Provision_PT_737E_Security_Camera,1000,12,local,12105,10000,10000,10000,0.1134,0.0751,0.109,-0.0339
Provision_PT_737E_Security_Camera,1000,12,shared_marginals,12105,10000,10000,10000,0.1028,0.0734,0.102,-0.028599999999999987
Provision_PT_737E_Security_Camera,1000,13,local,8527,10000,10000,10000,0.0727,0.0519,0.0671,-0.015200000000000005
Provision_PT_737E_Security_Camera,1000,13,shared_marginals,8527,10000,10000,10000,0.0588,0.0481,0.0565,-0.008400000000000005
Provision_PT_737E_Security_Camera,1000,14,local,684,9529,10000,10000,0.07786756217861265,0.0579,0.0666,-0.008700000000000006
Provision_PT_737E_Security_Camera,1000,14,shared_marginals,684,9529,10000,10000,0.08038618952670794,0.0615,0.0712,-0.0097
Provision_PT_838_Security_Camera,30,0,local,20604,10000,10000,10000,0.3057,0.2854,0.282,0.003400000000000014
Provision_PT_838_Security_Camera,30,0,shared_marginals,20604,10000,10000,10000,0.4218,0.4086,0.4355,-0.02689999999999998
Provision_PT_838_Security_Camera,30,1,local,32362,9989,10000,10000,0.16858544398838723,0.1475,0.1559,-0.008400000000000019
Provision_PT_838_Security_Camera,30,1,shared_marginals,32362,9989,10000,10000,0.43627990789868853,0.3995,0.4423,-0.042800000000000005
Provision_PT_838_Security_Camera,30,2,local,20359,10000,10000,10000,0.0,0.0,0.0,0.0
Provision_PT_838_Security_Camera,30,2,shared_marginals,20359,10000,10000,10000,0.052,0.0506,0.0538,-0.0032000000000000015
Provision_PT_838_Security_Camera,30,3,local,17558,10000,10000,10000,1.0,1.0,0.9989,0.0010999999999999899
Provision_PT_838_Security_Camera,30,3,shared_marginals,17558,10000,10000,10000,0.9818,0.9841,0.9769,0.007199999999999984
Provision_PT_838_Security_Camera,30,4,local,12236,10000,10000,10000,0.31,0.2874,0.2943,-0.006900000000000017
Provision_PT_838_Security_Camera,30,4,shared_marginals,12236,10000,10000,10000,0.3957,0.3333,0.4147,-0.08140000000000003
Provision_PT_838_Security_Camera,30,5,local,10628,10000,10000,10000,0.3114,0.287,0.2778,0.009199999999999986
Provision_PT_838_Security_Camera,30,5,shared_marginals,10628,10000,10000,10000,0.3953,0.3483,0.3682,-0.01990000000000003
Provision_PT_838_Security_Camera,30,6,local,9243,10000,10000,10000,0.9939,0.9971,0.9813,0.015800000000000036
Provision_PT_838_Security_Camera,30,6,shared_marginals,9243,10000,10000,10000,0.2101,0.2513,0.256,-0.004699999999999982
Provision_PT_838_Security_Camera,30,7,local,8127,10000,10000,10000,0.1797,0.1685,0.1709,-0.0023999999999999855
Provision_PT_838_Security_Camera,30,7,shared_marginals,8127,10000,10000,10000,0.3603,0.3183,0.3456,-0.02729999999999999
Provision_PT_838_Security_Camera,30,8,local,28569,10000,10000,10000,0.9518,0.8588,0.8802,-0.021399999999999975
Provision_PT_838_Security_Camera,30,8,shared_marginals,28569,10000,10000,10000,0.2118,0.1829,0.194,-0.011099999999999999
Provision_PT_838_Security_Camera,30,9,local,23234,10000,10000,10000,0.3847,0.3485,0.3489,-0.00040000000000001146
Provision_PT_838_Security_Camera,30,9,shared_marginals,23234,10000,10000,10000,0.4641,0.4183,0.4799,-0.06159999999999999
Provision_PT_838_Security_Camera,30,10,local,19034,10000,10000,10000,0.4032,0.3688,0.3722,-0.0033999999999999586
Provision_PT_838_Security_Camera,30,10,shared_marginals,19034,10000,10000,10000,0.438,0.3998,0.4583,-0.058499999999999996
Provision_PT_838_Security_Camera,30,11,local,11566,10000,10000,10000,0.3747,0.3448,0.3506,-0.005800000000000027
Provision_PT_838_Security_Camera,30,11,shared_marginals,11566,10000,10000,10000,0.4904,0.5029,0.5052,-0.0022999999999999687
Provision_PT_838_Security_Camera,30,12,local,6450,10000,10000,10000,0.3164,0.2905,0.2989,-0.008400000000000019
Provision_PT_838_Security_Camera,30,12,shared_marginals,6450,10000,10000,10000,0.3988,0.3351,0.4198,-0.0847
Provision_PT_838_Security_Camera,30,13,local,18172,10000,10000,10000,0.3339,0.3046,0.3154,-0.010800000000000032
Provision_PT_838_Security_Camera,30,13,shared_marginals,18172,10000,10000,10000,0.3567,0.3241,0.3415,-0.017400000000000027
Provision_PT_838_Security_Camera,30,14,local,10371,10000,10000,10000,0.0,0.0,0.0,0.0
Provision_PT_838_Security_Camera,30,14,shared_marginals,10371,10000,10000,10000,0.0,0.0,0.0,0.0
Provision_PT_838_Security_Camera,100,0,local,5159,10000,10000,10000,0.8308,0.7238,0.7335,-0.009700000000000042
Provision_PT_838_Security_Camera,100,0,shared_marginals,5159,10000,10000,10000,0.1303,0.0901,0.1074,-0.017299999999999996
Provision_PT_838_Security_Camera,100,1,local,7399,10000,10000,10000,0.0,0.0,0.0,0.0
Provision_PT_838_Security_Camera,100,1,shared_marginals,7399,10000,10000,10000,0.2517,0.2292,0.2355,-0.0063
Provision_PT_838_Security_Camera,100,2,local,25296,10000,10000,10000,0.0173,0.0131,0.0187,-0.005600000000000001
Provision_PT_838_Security_Camera,100,2,shared_marginals,25296,10000,10000,10000,0.0179,0.0119,0.0212,-0.0093
Provision_PT_838_Security_Camera,100,3,local,2044,10000,10000,10000,0.0,0.0,0.0,0.0
Provision_PT_838_Security_Camera,100,3,shared_marginals,2044,10000,10000,10000,0.1252,0.0936,0.1035,-0.009899999999999992
Provision_PT_838_Security_Camera,100,4,local,25021,10000,10000,10000,0.0,0.0,0.0,0.0
Provision_PT_838_Security_Camera,100,4,shared_marginals,25021,10000,10000,10000,0.0057,0.0035,0.0065,-0.0029999999999999996
Provision_PT_838_Security_Camera,100,5,local,14780,10000,10000,10000,0.6581,0.6474,0.6743,-0.026900000000000035
Provision_PT_838_Security_Camera,100,5,shared_marginals,14780,10000,10000,10000,0.4729,0.4831,0.4965,-0.013400000000000023
Provision_PT_838_Security_Camera,100,6,local,29983,10000,10000,10000,0.0,0.0,0.0,0.0
Provision_PT_838_Security_Camera,100,6,shared_marginals,29983,10000,10000,10000,0.0,0.0,0.0,0.0
Provision_PT_838_Security_Camera,100,7,local,17271,10000,10000,10000,0.3159,0.2975,0.3068,-0.00930000000000003
Provision_PT_838_Security_Camera,100,7,shared_marginals,17271,10000,10000,10000,0.3841,0.3519,0.3703,-0.018400000000000027
Provision_PT_838_Security_Camera,100,8,local,5502,10000,10000,10000,0.689,0.6761,0.7029,-0.026799999999999935
Provision_PT_838_Security_Camera,100,8,shared_marginals,5502,10000,10000,10000,0.583,0.588,0.5995,-0.011500000000000066
Provision_PT_838_Security_Camera,100,9,local,23208,10000,10000,10000,0.0,0.0,0.0,0.0
Provision_PT_838_Security_Camera,100,9,shared_marginals,23208,10000,10000,10000,0.2282,0.2068,0.2184,-0.0116
Provision_PT_838_Security_Camera,100,10,local,25762,10000,10000,10000,0.3063,0.2882,0.2986,-0.010399999999999965
Provision_PT_838_Security_Camera,100,10,shared_marginals,25762,10000,10000,10000,0.6294,0.6341,0.6471,-0.013000000000000012
Provision_PT_838_Security_Camera,100,11,local,6243,10000,10000,10000,0.3215,0.294,0.2986,-0.004599999999999993
Provision_PT_838_Security_Camera,100,11,shared_marginals,6243,10000,10000,10000,0.3404,0.3053,0.3168,-0.01150000000000001
Provision_PT_838_Security_Camera,100,12,local,26735,10000,10000,10000,0.0,0.0,0.0,0.0
Provision_PT_838_Security_Camera,100,12,shared_marginals,26735,10000,10000,10000,0.0051,0.0029,0.0057,-0.0028000000000000004
Provision_PT_838_Security_Camera,100,13,local,26346,10000,10000,10000,0.0,0.0,0.0,0.0
Provision_PT_838_Security_Camera,100,13,shared_marginals,26346,10000,10000,10000,0.137,0.1133,0.1237,-0.010400000000000006
Provision_PT_838_Security_Camera,100,14,local,14961,10000,10000,10000,0.0,0.0,0.0,0.0
Provision_PT_838_Security_Camera,100,14,shared_marginals,14961,10000,10000,10000,0.0036,0.0022,0.0029,-0.0006999999999999997
Provision_PT_838_Security_Camera,300,0,local,23209,10000,10000,10000,0.0,0.0,0.0,0.0
Provision_PT_838_Security_Camera,300,0,shared_marginals,23209,10000,10000,10000,0.0,0.0,0.0,0.0
Provision_PT_838_Security_Camera,300,1,local,4554,10000,10000,10000,0.0005,0.0001,0.0001,0.0
Provision_PT_838_Security_Camera,300,1,shared_marginals,4554,10000,10000,10000,0.0,0.0,0.0,0.0
Provision_PT_838_Security_Camera,300,2,local,16454,10000,10000,10000,0.0,0.0,0.0,0.0
Provision_PT_838_Security_Camera,300,2,shared_marginals,16454,10000,10000,10000,0.0,0.0,0.0,0.0
Provision_PT_838_Security_Camera,300,3,local,31374,9905,10000,10000,0.0,0.0,0.0,0.0
Provision_PT_838_Security_Camera,300,3,shared_marginals,31374,9905,10000,10000,0.0,0.0,0.0,0.0
Provision_PT_838_Security_Camera,300,4,local,7915,10000,10000,10000,0.0,0.0,0.0,0.0
Provision_PT_838_Security_Camera,300,4,shared_marginals,7915,10000,10000,10000,0.0,0.0,0.0,0.0
Provision_PT_838_Security_Camera,300,5,local,5124,10000,10000,10000,0.0402,0.0272,0.0397,-0.0125
Provision_PT_838_Security_Camera,300,5,shared_marginals,5124,10000,10000,10000,0.0649,0.0372,0.0555,-0.018300000000000004
Provision_PT_838_Security_Camera,300,6,local,28198,10000,10000,10000,0.0,0.0,0.0,0.0
Provision_PT_838_Security_Camera,300,6,shared_marginals,28198,10000,10000,10000,0.0,0.0,0.0,0.0
Provision_PT_838_Security_Camera,300,7,local,24513,10000,10000,10000,0.0,0.0,0.0,0.0
Provision_PT_838_Security_Camera,300,7,shared_marginals,24513,10000,10000,10000,0.0,0.0,0.0,0.0
Provision_PT_838_Security_Camera,300,8,local,30904,9905,10000,10000,0.24048460373548713,0.246,0.2171,0.02890000000000001
Provision_PT_838_Security_Camera,300,8,shared_marginals,30904,9905,10000,10000,0.1993942453306411,0.1527,0.2127,-0.06
Provision_PT_838_Security_Camera,300,9,local,28425,10000,10000,10000,0.6475,0.5936,0.617,-0.023399999999999976
Provision_PT_838_Security_Camera,300,9,shared_marginals,28425,10000,10000,10000,0.3983,0.3575,0.3632,-0.005700000000000038
Provision_PT_838_Security_Camera,300,10,local,2813,10000,10000,10000,0.0,0.0,0.0,0.0
Provision_PT_838_Security_Camera,300,10,shared_marginals,2813,10000,10000,10000,0.0,0.0,0.0,0.0
Provision_PT_838_Security_Camera,300,11,local,13762,10000,10000,10000,0.383,0.331,0.3444,-0.013399999999999967
Provision_PT_838_Security_Camera,300,11,shared_marginals,13762,10000,10000,10000,0.4076,0.3486,0.3909,-0.042300000000000004
Provision_PT_838_Security_Camera,300,12,local,14092,10000,10000,10000,0.0,0.0,0.0,0.0
Provision_PT_838_Security_Camera,300,12,shared_marginals,14092,10000,10000,10000,0.0656,0.0471,0.0587,-0.0116
Provision_PT_838_Security_Camera,300,13,local,13361,10000,10000,10000,0.0459,0.0336,0.046,-0.012400000000000001
Provision_PT_838_Security_Camera,300,13,shared_marginals,13361,10000,10000,10000,0.0475,0.033,0.0454,-0.012400000000000001
Provision_PT_838_Security_Camera,300,14,local,4862,10000,10000,10000,0.0,0.0,0.0,0.0
Provision_PT_838_Security_Camera,300,14,shared_marginals,4862,10000,10000,10000,0.0,0.0,0.0,0.0
Provision_PT_838_Security_Camera,1000,0,local,25376,10000,10000,10000,0.1392,0.0758,0.1126,-0.0368
Provision_PT_838_Security_Camera,1000,0,shared_marginals,25376,10000,10000,10000,0.119,0.0662,0.0939,-0.027700000000000002
Provision_PT_838_Security_Camera,1000,1,local,17341,10000,10000,10000,0.1488,0.0876,0.1242,-0.03660000000000001
Provision_PT_838_Security_Camera,1000,1,shared_marginals,17341,10000,10000,10000,0.1394,0.0832,0.1167,-0.0335
Provision_PT_838_Security_Camera,1000,2,local,31382,9704,10000,10000,0.00020610057708161583,0.0006,0.0002,0.00039999999999999996
Provision_PT_838_Security_Camera,1000,2,shared_marginals,31382,9704,10000,10000,0.0028854080791426216,0.0028,0.002,0.0007999999999999999
Provision_PT_838_Security_Camera,1000,3,local,1713,10000,10000,10000,0.1007,0.0689,0.0825,-0.013600000000000001
Provision_PT_838_Security_Camera,1000,3,shared_marginals,1713,10000,10000,10000,0.1038,0.0718,0.0853,-0.013499999999999998
Provision_PT_838_Security_Camera,1000,4,local,20441,10000,10000,10000,0.0818,0.0483,0.0673,-0.018999999999999996
Provision_PT_838_Security_Camera,1000,4,shared_marginals,20441,10000,10000,10000,0.0508,0.0373,0.0464,-0.009099999999999997
Provision_PT_838_Security_Camera,1000,5,local,30565,9681,10000,10000,0.0004131804565644045,0.0007,0.0007,0.0
Provision_PT_838_Security_Camera,1000,5,shared_marginals,30565,9681,10000,10000,0.001652721826257618,0.0036,0.0027,0.0008999999999999998
Provision_PT_838_Security_Camera,1000,6,local,25328,10000,10000,10000,0.1382,0.0774,0.112,-0.034600000000000006
Provision_PT_838_Security_Camera,1000,6,shared_marginals,25328,10000,10000,10000,0.0811,0.056,0.066,-0.010000000000000002
Provision_PT_838_Security_Camera,1000,7,local,31453,9701,10000,10000,0.0005154107823935677,0.0006,0.0003,0.0003
Provision_PT_838_Security_Camera,1000,7,shared_marginals,31453,9701,10000,10000,0.0035047933202762603,0.0029,0.0028,9.999999999999983e-05
Provision_PT_838_Security_Camera,1000,8,local,90,10000,10000,10000,0.0002,0.0,0.0002,-0.0002
Provision_PT_838_Security_Camera,1000,8,shared_marginals,90,10000,10000,10000,0.0003,0.0002,0.0002,0.0
Provision_PT_838_Security_Camera,1000,9,local,5911,10000,10000,10000,0.0756,0.0509,0.0723,-0.021400000000000002
Provision_PT_838_Security_Camera,1000,9,shared_marginals,5911,10000,10000,10000,0.0387,0.031,0.0395,-0.0085
Provision_PT_838_Security_Camera,1000,10,local,7732,10000,10000,10000,0.0595,0.0428,0.0554,-0.0126
Provision_PT_838_Security_Camera,1000,10,shared_marginals,7732,10000,10000,10000,0.0042,0.0032,0.0057,-0.0025
Provision_PT_838_Security_Camera,1000,11,local,16080,10000,10000,10000,0.1577,0.099,0.131,-0.032
Provision_PT_838_Security_Camera,1000,11,shared_marginals,16080,10000,10000,10000,0.149,0.0941,0.1245,-0.030399999999999996
Provision_PT_838_Security_Camera,1000,12,local,20131,10000,10000,10000,0.1448,0.0771,0.1083,-0.03119999999999999
Provision_PT_838_Security_Camera,1000,12,shared_marginals,20131,10000,10000,10000,0.1182,0.0606,0.0848,-0.0242
Provision_PT_838_Security_Camera,1000,13,local,24458,10000,10000,10000,0.061,0.0418,0.0582,-0.016400000000000005
Provision_PT_838_Security_Camera,1000,13,shared_marginals,24458,10000,10000,10000,0.0049,0.004,0.0063,-0.0023
Provision_PT_838_Security_Camera,1000,14,local,3802,10000,10000,10000,0.1141,0.068,0.0911,-0.023099999999999996
Provision_PT_838_Security_Camera,1000,14,shared_marginals,3802,10000,10000,10000,0.0978,0.0681,0.0781,-0.010000000000000009
Samsung_SNH_1011_N_Webcam,30,0,local,12839,10000,10000,10000,0.061,0.0311,0.0821,-0.051000000000000004
Samsung_SNH_1011_N_Webcam,30,0,shared_marginals,12839,10000,10000,10000,0.1081,0.0447,0.1241,-0.0794
Samsung_SNH_1011_N_Webcam,30,1,local,8531,10000,10000,10000,0.1994,0.2784,0.2406,0.03779999999999997
Samsung_SNH_1011_N_Webcam,30,1,shared_marginals,8531,10000,10000,10000,0.0999,0.0346,0.1024,-0.0678
Samsung_SNH_1011_N_Webcam,30,2,local,10120,10000,10000,10000,0.2713,0.3417,0.315,0.0267
Samsung_SNH_1011_N_Webcam,30,2,shared_marginals,10120,10000,10000,10000,0.3688,0.35,0.3843,-0.0343
Samsung_SNH_1011_N_Webcam,30,3,local,5509,10000,10000,10000,0.1595,0.2215,0.187,0.0345
Samsung_SNH_1011_N_Webcam,30,3,shared_marginals,5509,10000,10000,10000,0.1,0.0336,0.1062,-0.0726
Samsung_SNH_1011_N_Webcam,30,4,local,13276,10000,10000,10000,0.3425,0.237,0.3216,-0.08460000000000001
Samsung_SNH_1011_N_Webcam,30,4,shared_marginals,13276,10000,10000,10000,0.4782,0.2975,0.4739,-0.1764
Samsung_SNH_1011_N_Webcam,30,5,local,2174,10000,10000,10000,0.0792,0.0659,0.0964,-0.0305
Samsung_SNH_1011_N_Webcam,30,5,shared_marginals,2174,10000,10000,10000,0.0902,0.0266,0.0972,-0.0706
Samsung_SNH_1011_N_Webcam,30,6,local,10490,10000,10000,10000,0.1913,0.2684,0.2222,0.04620000000000002
Samsung_SNH_1011_N_Webcam,30,6,shared_marginals,10490,10000,10000,10000,0.092,0.0284,0.0976,-0.06920000000000001
Samsung_SNH_1011_N_Webcam,30,7,local,7766,10000,10000,10000,0.1709,0.2164,0.1957,0.020699999999999996
Samsung_SNH_1011_N_Webcam,30,7,shared_marginals,7766,10000,10000,10000,0.0911,0.0245,0.1022,-0.07769999999999999
Samsung_SNH_1011_N_Webcam,30,8,local,11556,10000,10000,10000,0.3829,0.4106,0.3987,0.011900000000000022
Samsung_SNH_1011_N_Webcam,30,8,shared_marginals,11556,10000,10000,10000,0.3065,0.2616,0.3084,-0.04680000000000001
Samsung_SNH_1011_N_Webcam,30,9,local,13479,10000,10000,10000,0.3573,0.2531,0.3421,-0.08900000000000002
Samsung_SNH_1011_N_Webcam,30,9,shared_marginals,13479,10000,10000,10000,0.8022,0.5862,0.7865,-0.20029999999999992
Samsung_SNH_1011_N_Webcam,30,10,local,11435,10000,10000,10000,0.1964,0.2436,0.2429,0.0007000000000000062
Samsung_SNH_1011_N_Webcam,30,10,shared_marginals,11435,10000,10000,10000,0.1016,0.0351,0.1095,-0.0744
Samsung_SNH_1011_N_Webcam,30,11,local,11420,10000,10000,10000,0.1908,0.2335,0.2297,0.0038000000000000256
Samsung_SNH_1011_N_Webcam,30,11,shared_marginals,11420,10000,10000,10000,0.102,0.0351,0.1025,-0.06739999999999999
Samsung_SNH_1011_N_Webcam,30,12,local,16379,9983,10000,10000,0.01793048181909246,0.0045,0.0184,-0.0139
Samsung_SNH_1011_N_Webcam,30,12,shared_marginals,16379,9983,10000,10000,0.0790343584092958,0.043,0.0824,-0.039400000000000004
Samsung_SNH_1011_N_Webcam,30,13,local,875,10000,10000,10000,0.073,0.0564,0.0912,-0.034800000000000005
Samsung_SNH_1011_N_Webcam,30,13,shared_marginals,875,10000,10000,10000,0.0913,0.0278,0.0971,-0.0693
Samsung_SNH_1011_N_Webcam,30,14,local,16227,9982,10000,10000,0.0,0.0,0.0,0.0
Samsung_SNH_1011_N_Webcam,30,14,shared_marginals,16227,9982,10000,10000,0.9801642957323182,0.9999,0.9636,0.0363
Samsung_SNH_1011_N_Webcam,100,0,local,16881,10000,10000,10000,0.0364,0.0359,0.0303,0.005600000000000001
Samsung_SNH_1011_N_Webcam,100,0,shared_marginals,16881,10000,10000,10000,0.0,0.0,0.0,0.0
Samsung_SNH_1011_N_Webcam,100,1,local,3707,10000,10000,10000,0.2581,0.3071,0.295,0.0121
Samsung_SNH_1011_N_Webcam,100,1,shared_marginals,3707,10000,10000,10000,0.196,0.1155,0.1968,-0.0813
Samsung_SNH_1011_N_Webcam,100,2,local,15990,9945,10000,10000,0.0,0.0,0.0,0.0
Samsung_SNH_1011_N_Webcam,100,2,shared_marginals,15990,9945,10000,10000,0.009250879839115133,0.0021,0.0118,-0.0097
Samsung_SNH_1011_N_Webcam,100,3,local,12080,10000,10000,10000,0.0,0.0,0.0,0.0
Samsung_SNH_1011_N_Webcam,100,3,shared_marginals,12080,10000,10000,10000,0.0685,0.0104,0.0784,-0.068
Samsung_SNH_1011_N_Webcam,100,4,local,10613,10000,10000,10000,0.2917,0.3373,0.3335,0.00379999999999997
Samsung_SNH_1011_N_Webcam,100,4,shared_marginals,10613,10000,10000,10000,0.4337,0.3605,0.4453,-0.08479999999999999
Samsung_SNH_1011_N_Webcam,100,5,local,1768,10000,10000,10000,0.3219,0.3576,0.3315,0.026099999999999957
Samsung_SNH_1011_N_Webcam,100,5,shared_marginals,1768,10000,10000,10000,0.1872,0.1045,0.1741,-0.06960000000000001
Samsung_SNH_1011_N_Webcam,100,6,local,11523,10000,10000,10000,0.324,0.3602,0.3535,0.006700000000000039
Samsung_SNH_1011_N_Webcam,100,6,shared_marginals,11523,10000,10000,10000,0.5086,0.3944,0.509,-0.11460000000000004
Samsung_SNH_1011_N_Webcam,100,7,local,10255,10000,10000,10000,0.6052,0.5849,0.6101,-0.0252
Samsung_SNH_1011_N_Webcam,100,7,shared_marginals,10255,10000,10000,10000,0.5531,0.5296,0.5605,-0.03090000000000004
Samsung_SNH_1011_N_Webcam,100,8,local,15301,10000,10000,10000,0.3024,0.3243,0.3246,-0.00030000000000002247
Samsung_SNH_1011_N_Webcam,100,8,shared_marginals,15301,10000,10000,10000,0.2767,0.182,0.2688,-0.08679999999999999
Samsung_SNH_1011_N_Webcam,100,9,local,4288,10000,10000,10000,0.4236,0.4363,0.4329,0.003400000000000014
Samsung_SNH_1011_N_Webcam,100,9,shared_marginals,4288,10000,10000,10000,0.2044,0.1266,0.1889,-0.06230000000000002
Samsung_SNH_1011_N_Webcam,100,10,local,8645,10000,10000,10000,0.0,0.0,0.0,0.0
Samsung_SNH_1011_N_Webcam,100,10,shared_marginals,8645,10000,10000,10000,0.0653,0.008,0.0737,-0.06570000000000001
Samsung_SNH_1011_N_Webcam,100,11,local,9371,10000,10000,10000,0.3252,0.3689,0.352,0.016900000000000026
Samsung_SNH_1011_N_Webcam,100,11,shared_marginals,9371,10000,10000,10000,0.4842,0.5123,0.483,0.029299999999999993
Samsung_SNH_1011_N_Webcam,100,12,local,3488,10000,10000,10000,0.2206,0.3003,0.2628,0.03750000000000003
Samsung_SNH_1011_N_Webcam,100,12,shared_marginals,3488,10000,10000,10000,0.2245,0.1395,0.2023,-0.0628
Samsung_SNH_1011_N_Webcam,100,13,local,3921,10000,10000,10000,0.3411,0.3763,0.3585,0.017800000000000038
Samsung_SNH_1011_N_Webcam,100,13,shared_marginals,3921,10000,10000,10000,0.2843,0.2475,0.278,-0.030500000000000027
Samsung_SNH_1011_N_Webcam,100,14,local,15769,9941,10000,10000,0.046474197766824266,0.0373,0.0575,-0.020200000000000003
Samsung_SNH_1011_N_Webcam,100,14,shared_marginals,15769,9941,10000,10000,0.0,0.0,0.0,0.0
Samsung_SNH_1011_N_Webcam,300,0,local,5582,10000,10000,10000,0.2001,0.2772,0.2372,0.04000000000000001
Samsung_SNH_1011_N_Webcam,300,0,shared_marginals,5582,10000,10000,10000,0.4166,0.4303,0.4079,0.02240000000000003
Samsung_SNH_1011_N_Webcam,300,1,local,14641,10000,10000,10000,0.0903,0.0234,0.0947,-0.0713
Samsung_SNH_1011_N_Webcam,300,1,shared_marginals,14641,10000,10000,10000,0.1149,0.0422,0.1148,-0.0726
Samsung_SNH_1011_N_Webcam,300,2,local,11263,10000,10000,10000,0.0798,0.067,0.0947,-0.027700000000000002
Samsung_SNH_1011_N_Webcam,300,2,shared_marginals,11263,10000,10000,10000,0.5225,0.4124,0.5206,-0.10819999999999996
Samsung_SNH_1011_N_Webcam,300,3,local,13346,10000,10000,10000,0.0,0.0,0.0,0.0
Samsung_SNH_1011_N_Webcam,300,3,shared_marginals,13346,10000,10000,10000,0.0956,0.0309,0.1062,-0.0753
Samsung_SNH_1011_N_Webcam,300,4,local,14728,10000,10000,10000,0.0026,0.0,0.0033,-0.0033
Samsung_SNH_1011_N_Webcam,300,4,shared_marginals,14728,10000,10000,10000,0.1024,0.0337,0.1045,-0.0708
Samsung_SNH_1011_N_Webcam,300,5,local,7480,10000,10000,10000,0.0683,0.045,0.0863,-0.0413
Samsung_SNH_1011_N_Webcam,300,5,shared_marginals,7480,10000,10000,10000,0.3428,0.266,0.3217,-0.05569999999999997
Samsung_SNH_1011_N_Webcam,300,6,local,2513,10000,10000,10000,0.0,0.0,0.0,0.0
Samsung_SNH_1011_N_Webcam,300,6,shared_marginals,2513,10000,10000,10000,0.1118,0.0354,0.1135,-0.0781
Samsung_SNH_1011_N_Webcam,300,7,local,1772,10000,10000,10000,0.0,0.0,0.0,0.0
Samsung_SNH_1011_N_Webcam,300,7,shared_marginals,1772,10000,10000,10000,0.1046,0.0309,0.1083,-0.0774
Samsung_SNH_1011_N_Webcam,300,8,local,7389,10000,10000,10000,0.0339,0.005,0.0462,-0.0412
Samsung_SNH_1011_N_Webcam,300,8,shared_marginals,7389,10000,10000,10000,0.145,0.0666,0.138,-0.0714
Samsung_SNH_1011_N_Webcam,300,9,local,5673,10000,10000,10000,0.0,0.0,0.0,0.0
Samsung_SNH_1011_N_Webcam,300,9,shared_marginals,5673,10000,10000,10000,0.1078,0.0332,0.1078,-0.0746
Samsung_SNH_1011_N_Webcam,300,10,local,7340,10000,10000,10000,0.0,0.0,0.0,0.0
Samsung_SNH_1011_N_Webcam,300,10,shared_marginals,7340,10000,10000,10000,0.1068,0.0321,0.1078,-0.07570000000000002
Samsung_SNH_1011_N_Webcam,300,11,local,11165,10000,10000,10000,0.071,0.0625,0.0919,-0.029399999999999996
Samsung_SNH_1011_N_Webcam,300,11,shared_marginals,11165,10000,10000,10000,0.3515,0.3075,0.3563,-0.04880000000000001
Samsung_SNH_1011_N_Webcam,300,12,local,14836,10000,10000,10000,0.0,0.0,0.0,0.0
Samsung_SNH_1011_N_Webcam,300,12,shared_marginals,14836,10000,10000,10000,0.1054,0.0358,0.1065,-0.0707
Samsung_SNH_1011_N_Webcam,300,13,local,13682,10000,10000,10000,0.0,0.0,0.0,0.0
Samsung_SNH_1011_N_Webcam,300,13,shared_marginals,13682,10000,10000,10000,0.1038,0.0291,0.1125,-0.0834
Samsung_SNH_1011_N_Webcam,300,14,local,14728,10000,10000,10000,0.0023,0.0,0.0025,-0.0025
Samsung_SNH_1011_N_Webcam,300,14,shared_marginals,14728,10000,10000,10000,0.1048,0.0342,0.1079,-0.07369999999999999
Samsung_SNH_1011_N_Webcam,1000,0,local,6490,10000,10000,10000,0.0,0.0,0.0,0.0
Samsung_SNH_1011_N_Webcam,1000,0,shared_marginals,6490,10000,10000,10000,0.2067,0.1418,0.1928,-0.05099999999999999
Samsung_SNH_1011_N_Webcam,1000,1,local,9975,10000,10000,10000,0.0,0.0,0.0,0.0
Samsung_SNH_1011_N_Webcam,1000,1,shared_marginals,9975,10000,10000,10000,0.1145,0.0393,0.1163,-0.077
Samsung_SNH_1011_N_Webcam,1000,2,local,1052,10000,10000,10000,0.1412,0.0584,0.139,-0.0806
Samsung_SNH_1011_N_Webcam,1000,2,shared_marginals,1052,10000,10000,10000,0.1704,0.0864,0.1654,-0.07899999999999999
Samsung_SNH_1011_N_Webcam,1000,3,local,8214,10000,10000,10000,0.1182,0.0429,0.12,-0.0771
Samsung_SNH_1011_N_Webcam,1000,3,shared_marginals,8214,10000,10000,10000,0.1178,0.042,0.1181,-0.0761
Samsung_SNH_1011_N_Webcam,1000,4,local,6381,10000,10000,10000,0.1001,0.0342,0.1083,-0.0741
Samsung_SNH_1011_N_Webcam,1000,4,shared_marginals,6381,10000,10000,10000,0.1283,0.0502,0.1263,-0.0761
Samsung_SNH_1011_N_Webcam,1000,5,local,12701,10000,10000,10000,0.1671,0.0647,0.173,-0.1083
Samsung_SNH_1011_N_Webcam,1000,5,shared_marginals,12701,10000,10000,10000,0.1532,0.0554,0.1612,-0.1058
Samsung_SNH_1011_N_Webcam,1000,6,local,1767,10000,10000,10000,0.1382,0.0517,0.1258,-0.0741
Samsung_SNH_1011_N_Webcam,1000,6,shared_marginals,1767,10000,10000,10000,0.1967,0.1056,0.1701,-0.0645
Samsung_SNH_1011_N_Webcam,1000,7,local,14931,9809,10000,10000,0.0,0.0,0.0,0.0
Samsung_SNH_1011_N_Webcam,1000,7,shared_marginals,14931,9809,10000,10000,0.0,0.0,0.0,0.0
Samsung_SNH_1011_N_Webcam,1000,8,local,14891,9832,10000,10000,0.0,0.0,0.0,0.0
Samsung_SNH_1011_N_Webcam,1000,8,shared_marginals,14891,9832,10000,10000,0.0,0.0,0.0,0.0
Samsung_SNH_1011_N_Webcam,1000,9,local,11183,10000,10000,10000,0.0,0.0,0.0,0.0
Samsung_SNH_1011_N_Webcam,1000,9,shared_marginals,11183,10000,10000,10000,0.0934,0.0231,0.0909,-0.0678
Samsung_SNH_1011_N_Webcam,1000,10,local,422,10000,10000,10000,0.0754,0.0116,0.0849,-0.0733
Samsung_SNH_1011_N_Webcam,1000,10,shared_marginals,422,10000,10000,10000,0.1124,0.0342,0.1136,-0.0794
Samsung_SNH_1011_N_Webcam,1000,11,local,14812,9874,10000,10000,0.0,0.0,0.0,0.0
Samsung_SNH_1011_N_Webcam,1000,11,shared_marginals,14812,9874,10000,10000,0.0,0.0,0.0,0.0
Samsung_SNH_1011_N_Webcam,1000,12,local,9053,10000,10000,10000,0.0607,0.0319,0.0745,-0.0426
Samsung_SNH_1011_N_Webcam,1000,12,shared_marginals,9053,10000,10000,10000,0.2146,0.1646,0.2221,-0.057499999999999996
Samsung_SNH_1011_N_Webcam,1000,13,local,15176,9681,10000,10000,0.0,0.0,0.0,0.0
Samsung_SNH_1011_N_Webcam,1000,13,shared_marginals,15176,9681,10000,10000,0.0,0.0,0.0,0.0
Samsung_SNH_1011_N_Webcam,1000,14,local,2236,10000,10000,10000,0.0,0.0,0.0,0.0
Samsung_SNH_1011_N_Webcam,1000,14,shared_marginals,2236,10000,10000,10000,0.1812,0.0989,0.1682,-0.06929999999999999
SimpleHome_XCS7_1002_WHT_Security_Camera,30,0,local,12894,10000,10000,10000,0.0749,0.0388,0.0947,-0.055900000000000005
SimpleHome_XCS7_1002_WHT_Security_Camera,30,0,shared_marginals,12894,10000,10000,10000,0.1949,0.1394,0.225,-0.08560000000000001
SimpleHome_XCS7_1002_WHT_Security_Camera,30,1,local,6260,10000,10000,10000,0.0927,0.0475,0.1201,-0.0726
SimpleHome_XCS7_1002_WHT_Security_Camera,30,1,shared_marginals,6260,10000,10000,10000,0.1361,0.0787,0.1707,-0.09199999999999998
SimpleHome_XCS7_1002_WHT_Security_Camera,30,2,local,8044,10000,10000,10000,0.0916,0.0458,0.123,-0.07719999999999999
SimpleHome_XCS7_1002_WHT_Security_Camera,30,2,shared_marginals,8044,10000,10000,10000,0.241,0.1796,0.2724,-0.09279999999999997
SimpleHome_XCS7_1002_WHT_Security_Camera,30,3,local,1117,10000,10000,10000,1.0,1.0,0.9956,0.0043999999999999595
SimpleHome_XCS7_1002_WHT_Security_Camera,30,3,shared_marginals,1117,10000,10000,10000,0.8483,0.8395,0.8417,-0.0021999999999999797
SimpleHome_XCS7_1002_WHT_Security_Camera,30,4,local,5933,10000,10000,10000,0.0672,0.0333,0.0833,-0.049999999999999996
SimpleHome_XCS7_1002_WHT_Security_Camera,30,4,shared_marginals,5933,10000,10000,10000,0.0928,0.0481,0.1261,-0.07799999999999999
SimpleHome_XCS7_1002_WHT_Security_Camera,30,5,local,10550,10000,10000,10000,0.1769,0.1292,0.2016,-0.07239999999999999
SimpleHome_XCS7_1002_WHT_Security_Camera,30,5,shared_marginals,10550,10000,10000,10000,0.493,0.4375,0.5039,-0.06640000000000001
SimpleHome_XCS7_1002_WHT_Security_Camera,30,6,local,1551,9983,10000,10000,0.9594310327556846,1.0,0.9477,0.05230000000000001
SimpleHome_XCS7_1002_WHT_Security_Camera,30,6,shared_marginals,1551,9983,10000,10000,0.9876790543924672,1.0,0.9845,0.015499999999999958
SimpleHome_XCS7_1002_WHT_Security_Camera,30,7,local,7622,10000,10000,10000,0.0988,0.0471,0.1235,-0.0764
SimpleHome_XCS7_1002_WHT_Security_Camera,30,7,shared_marginals,7622,10000,10000,10000,0.4255,0.3702,0.4337,-0.0635
SimpleHome_XCS7_1002_WHT_Security_Camera,30,8,local,2164,10000,10000,10000,0.0639,0.0344,0.0793,-0.044899999999999995
SimpleHome_XCS7_1002_WHT_Security_Camera,30,8,shared_marginals,2164,10000,10000,10000,0.0857,0.044,0.11,-0.066
SimpleHome_XCS7_1002_WHT_Security_Camera,30,9,local,3912,10000,10000,10000,0.1861,0.1435,0.203,-0.059500000000000025
SimpleHome_XCS7_1002_WHT_Security_Camera,30,9,shared_marginals,3912,10000,10000,10000,0.3073,0.2479,0.3194,-0.07150000000000001
SimpleHome_XCS7_1002_WHT_Security_Camera,30,10,local,12812,10000,10000,10000,0.105,0.0543,0.1377,-0.08339999999999999
SimpleHome_XCS7_1002_WHT_Security_Camera,30,10,shared_marginals,12812,10000,10000,10000,0.1131,0.0666,0.15,-0.08339999999999999
SimpleHome_XCS7_1002_WHT_Security_Camera,30,11,local,3780,10000,10000,10000,0.0989,0.0465,0.1278,-0.0813
SimpleHome_XCS7_1002_WHT_Security_Camera,30,11,shared_marginals,3780,10000,10000,10000,0.1465,0.084,0.1799,-0.0959
SimpleHome_XCS7_1002_WHT_Security_Camera,30,12,local,14951,10000,10000,10000,0.0,0.0,0.0001,-0.0001
SimpleHome_XCS7_1002_WHT_Security_Camera,30,12,shared_marginals,14951,10000,10000,10000,0.0546,0.0037,0.0607,-0.056999999999999995
SimpleHome_XCS7_1002_WHT_Security_Camera,30,13,local,6909,10000,10000,10000,0.0691,0.0339,0.0804,-0.0465
SimpleHome_XCS7_1002_WHT_Security_Camera,30,13,shared_marginals,6909,10000,10000,10000,0.0936,0.0467,0.1163,-0.0696
SimpleHome_XCS7_1002_WHT_Security_Camera,30,14,local,12084,10000,10000,10000,0.0695,0.0362,0.092,-0.055799999999999995
SimpleHome_XCS7_1002_WHT_Security_Camera,30,14,shared_marginals,12084,10000,10000,10000,0.0947,0.0502,0.1288,-0.0786
SimpleHome_XCS7_1002_WHT_Security_Camera,100,0,local,3066,10000,10000,10000,0.2139,0.142,0.2503,-0.10830000000000004
SimpleHome_XCS7_1002_WHT_Security_Camera,100,0,shared_marginals,3066,10000,10000,10000,0.1479,0.0872,0.1763,-0.08910000000000001
SimpleHome_XCS7_1002_WHT_Security_Camera,100,1,local,4721,10000,10000,10000,0.0806,0.0407,0.1051,-0.0644
SimpleHome_XCS7_1002_WHT_Security_Camera,100,1,shared_marginals,4721,10000,10000,10000,0.1037,0.0531,0.1415,-0.08839999999999998
SimpleHome_XCS7_1002_WHT_Security_Camera,100,2,local,10666,10000,10000,10000,0.0449,0.0028,0.0522,-0.049400000000000006
SimpleHome_XCS7_1002_WHT_Security_Camera,100,2,shared_marginals,10666,10000,10000,10000,0.0745,0.0167,0.0889,-0.07220000000000001
SimpleHome_XCS7_1002_WHT_Security_Camera,100,3,local,9971,10000,10000,10000,0.0007,0.0001,0.0008,-0.0007
SimpleHome_XCS7_1002_WHT_Security_Camera,100,3,shared_marginals,9971,10000,10000,10000,0.0581,0.0072,0.071,-0.0638
SimpleHome_XCS7_1002_WHT_Security_Camera,100,4,local,14430,9938,10000,10000,0.006439927550815053,0.0001,0.0074,-0.0073
SimpleHome_XCS7_1002_WHT_Security_Camera,100,4,shared_marginals,14430,9938,10000,10000,0.05393439323807607,0.0032,0.0658,-0.0626
SimpleHome_XCS7_1002_WHT_Security_Camera,100,5,local,12477,10000,10000,10000,0.2123,0.124,0.239,-0.11499999999999999
SimpleHome_XCS7_1002_WHT_Security_Camera,100,5,shared_marginals,12477,10000,10000,10000,0.2413,0.1689,0.2602,-0.09129999999999999
SimpleHome_XCS7_1002_WHT_Security_Camera,100,6,local,6344,10000,10000,10000,0.2406,0.1776,0.2785,-0.10090000000000002
SimpleHome_XCS7_1002_WHT_Security_Camera,100,6,shared_marginals,6344,10000,10000,10000,0.187,0.1157,0.2099,-0.0942
SimpleHome_XCS7_1002_WHT_Security_Camera,100,7,local,12008,10000,10000,10000,0.2084,0.1259,0.2403,-0.1144
SimpleHome_XCS7_1002_WHT_Security_Camera,100,7,shared_marginals,12008,10000,10000,10000,0.3288,0.2542,0.358,-0.1038
SimpleHome_XCS7_1002_WHT_Security_Camera,100,8,local,12344,10000,10000,10000,0.2256,0.1609,0.2674,-0.10650000000000004
SimpleHome_XCS7_1002_WHT_Security_Camera,100,8,shared_marginals,12344,10000,10000,10000,0.1666,0.1027,0.2029,-0.1002
SimpleHome_XCS7_1002_WHT_Security_Camera,100,9,local,14072,10000,10000,10000,0.0,0.0,0.0,0.0
SimpleHome_XCS7_1002_WHT_Security_Camera,100,9,shared_marginals,14072,10000,10000,10000,0.0471,0.0006,0.0566,-0.055999999999999994
SimpleHome_XCS7_1002_WHT_Security_Camera,100,10,local,5120,10000,10000,10000,0.1371,0.0691,0.1765,-0.1074
SimpleHome_XCS7_1002_WHT_Security_Camera,100,10,shared_marginals,5120,10000,10000,10000,0.1597,0.0978,0.1978,-0.1
SimpleHome_XCS7_1002_WHT_Security_Camera,100,11,local,5537,10000,10000,10000,0.149,0.0773,0.187,-0.1097
SimpleHome_XCS7_1002_WHT_Security_Camera,100,11,shared_marginals,5537,10000,10000,10000,0.1387,0.0767,0.1761,-0.0994
SimpleHome_XCS7_1002_WHT_Security_Camera,100,12,local,14574,9931,10000,10000,0.0001006947940791461,0.0,0.0,0.0
SimpleHome_XCS7_1002_WHT_Security_Camera,100,12,shared_marginals,14574,9931,10000,10000,0.07260094653106434,0.027,0.0965,-0.0695
SimpleHome_XCS7_1002_WHT_Security_Camera,100,13,local,2773,10000,10000,10000,0.0633,0.0262,0.0811,-0.054900000000000004
SimpleHome_XCS7_1002_WHT_Security_Camera,100,13,shared_marginals,2773,10000,10000,10000,0.0988,0.0495,0.1306,-0.08109999999999999
SimpleHome_XCS7_1002_WHT_Security_Camera,100,14,local,6062,10000,10000,10000,0.0696,0.0284,0.0862,-0.0578
SimpleHome_XCS7_1002_WHT_Security_Camera,100,14,shared_marginals,6062,10000,10000,10000,0.0932,0.0426,0.1159,-0.0733
SimpleHome_XCS7_1002_WHT_Security_Camera,300,0,local,8798,10000,10000,10000,0.198,0.1173,0.2252,-0.10790000000000001
SimpleHome_XCS7_1002_WHT_Security_Camera,300,0,shared_marginals,8798,10000,10000,10000,0.1706,0.1007,0.2006,-0.0999
SimpleHome_XCS7_1002_WHT_Security_Camera,300,1,local,9826,10000,10000,10000,0.1032,0.0359,0.116,-0.0801
SimpleHome_XCS7_1002_WHT_Security_Camera,300,1,shared_marginals,9826,10000,10000,10000,0.1033,0.0384,0.1163,-0.0779
SimpleHome_XCS7_1002_WHT_Security_Camera,300,2,local,6400,10000,10000,10000,0.1719,0.0952,0.1981,-0.10289999999999999
SimpleHome_XCS7_1002_WHT_Security_Camera,300,2,shared_marginals,6400,10000,10000,10000,0.1963,0.1148,0.2267,-0.11190000000000001
SimpleHome_XCS7_1002_WHT_Security_Camera,300,3,local,4315,10000,10000,10000,0.2949,0.2659,0.3343,-0.06839999999999996
SimpleHome_XCS7_1002_WHT_Security_Camera,300,3,shared_marginals,4315,10000,10000,10000,0.2732,0.2005,0.2969,-0.09639999999999999
SimpleHome_XCS7_1002_WHT_Security_Camera,300,4,local,5278,10000,10000,10000,0.0,0.0,0.0,0.0
SimpleHome_XCS7_1002_WHT_Security_Camera,300,4,shared_marginals,5278,10000,10000,10000,0.0013,0.0,0.0014,-0.0014
SimpleHome_XCS7_1002_WHT_Security_Camera,300,5,local,13919,10000,10000,10000,0.1393,0.0576,0.1494,-0.0918
SimpleHome_XCS7_1002_WHT_Security_Camera,300,5,shared_marginals,13919,10000,10000,10000,0.1044,0.0334,0.1153,-0.0819
SimpleHome_XCS7_1002_WHT_Security_Camera,300,6,local,3858,10000,10000,10000,0.1755,0.1008,0.2017,-0.10089999999999999
SimpleHome_XCS7_1002_WHT_Security_Camera,300,6,shared_marginals,3858,10000,10000,10000,0.206,0.1249,0.2388,-0.11390000000000002
SimpleHome_XCS7_1002_WHT_Security_Camera,300,7,local,12451,10000,10000,10000,0.0439,0.0001,0.046,-0.045899999999999996
SimpleHome_XCS7_1002_WHT_Security_Camera,300,7,shared_marginals,12451,10000,10000,10000,0.0577,0.0033,0.0618,-0.0585
SimpleHome_XCS7_1002_WHT_Security_Camera,300,8,local,3179,10000,10000,10000,0.273,0.2372,0.309,-0.0718
SimpleHome_XCS7_1002_WHT_Security_Camera,300,8,shared_marginals,3179,10000,10000,10000,0.2012,0.121,0.2276,-0.1066
SimpleHome_XCS7_1002_WHT_Security_Camera,300,9,local,10891,10000,10000,10000,0.0,0.0,0.0,0.0
SimpleHome_XCS7_1002_WHT_Security_Camera,300,9,shared_marginals,10891,10000,10000,10000,0.0499,0.0001,0.0581,-0.057999999999999996
SimpleHome_XCS7_1002_WHT_Security_Camera,300,10,local,6109,10000,10000,10000,0.203,0.1209,0.2215,-0.10060000000000001
SimpleHome_XCS7_1002_WHT_Security_Camera,300,10,shared_marginals,6109,10000,10000,10000,0.1551,0.086,0.1768,-0.09080000000000002
SimpleHome_XCS7_1002_WHT_Security_Camera,300,11,local,8856,10000,10000,10000,0.1684,0.0932,0.193,-0.0998
SimpleHome_XCS7_1002_WHT_Security_Camera,300,11,shared_marginals,8856,10000,10000,10000,0.1564,0.0872,0.1868,-0.0996
SimpleHome_XCS7_1002_WHT_Security_Camera,300,12,local,12314,10000,10000,10000,0.0347,0.0001,0.04,-0.0399
SimpleHome_XCS7_1002_WHT_Security_Camera,300,12,shared_marginals,12314,10000,10000,10000,0.0846,0.0293,0.1084,-0.0791
SimpleHome_XCS7_1002_WHT_Security_Camera,300,13,local,13691,10000,10000,10000,0.1816,0.1042,0.2114,-0.1072
SimpleHome_XCS7_1002_WHT_Security_Camera,300,13,shared_marginals,13691,10000,10000,10000,0.1667,0.0958,0.1962,-0.10040000000000002
SimpleHome_XCS7_1002_WHT_Security_Camera,300,14,local,9394,10000,10000,10000,0.2624,0.2089,0.294,-0.08509999999999998
SimpleHome_XCS7_1002_WHT_Security_Camera,300,14,shared_marginals,9394,10000,10000,10000,0.2048,0.1272,0.2254,-0.09819999999999998
SimpleHome_XCS7_1002_WHT_Security_Camera,1000,0,local,11041,10000,10000,10000,0.1648,0.0613,0.1629,-0.1016
SimpleHome_XCS7_1002_WHT_Security_Camera,1000,0,shared_marginals,11041,10000,10000,10000,0.1566,0.0574,0.1537,-0.0963
SimpleHome_XCS7_1002_WHT_Security_Camera,1000,1,local,7622,10000,10000,10000,0.0421,0.0001,0.0437,-0.0436
SimpleHome_XCS7_1002_WHT_Security_Camera,1000,1,shared_marginals,7622,10000,10000,10000,0.0955,0.0313,0.1103,-0.07899999999999999
SimpleHome_XCS7_1002_WHT_Security_Camera,1000,2,local,3191,10000,10000,10000,0.2349,0.1753,0.2627,-0.08739999999999998
SimpleHome_XCS7_1002_WHT_Security_Camera,1000,2,shared_marginals,3191,10000,10000,10000,0.2182,0.1431,0.2528,-0.10970000000000002
SimpleHome_XCS7_1002_WHT_Security_Camera,1000,3,local,14038,9641,10000,10000,0.02209314386474432,0.0,0.0279,-0.0279
SimpleHome_XCS7_1002_WHT_Security_Camera,1000,3,shared_marginals,14038,9641,10000,10000,0.012031946893475781,0.0,0.0152,-0.0152
SimpleHome_XCS7_1002_WHT_Security_Camera,1000,4,local,12068,10000,10000,10000,0.0421,0.0006,0.0475,-0.0469
SimpleHome_XCS7_1002_WHT_Security_Camera,1000,4,shared_marginals,12068,10000,10000,10000,0.047,0.0002,0.05,-0.049800000000000004
SimpleHome_XCS7_1002_WHT_Security_Camera,1000,5,local,11481,10000,10000,10000,0.0432,0.0001,0.0477,-0.047599999999999996
SimpleHome_XCS7_1002_WHT_Security_Camera,1000,5,shared_marginals,11481,10000,10000,10000,0.0422,0.0001,0.0444,-0.0443
SimpleHome_XCS7_1002_WHT_Security_Camera,1000,6,local,7154,10000,10000,10000,0.2289,0.167,0.2464,-0.0794
SimpleHome_XCS7_1002_WHT_Security_Camera,1000,6,shared_marginals,7154,10000,10000,10000,0.2195,0.1495,0.2423,-0.0928
SimpleHome_XCS7_1002_WHT_Security_Camera,1000,7,local,10779,10000,10000,10000,0.1745,0.0742,0.1799,-0.1057
SimpleHome_XCS7_1002_WHT_Security_Camera,1000,7,shared_marginals,10779,10000,10000,10000,0.1448,0.0546,0.1451,-0.0905
SimpleHome_XCS7_1002_WHT_Security_Camera,1000,8,local,11427,10000,10000,10000,0.0001,0.0,0.0001,-0.0001
SimpleHome_XCS7_1002_WHT_Security_Camera,1000,8,shared_marginals,11427,10000,10000,10000,0.0171,0.0,0.0196,-0.0196
SimpleHome_XCS7_1002_WHT_Security_Camera,1000,9,local,12973,10000,10000,10000,0.0,0.0,0.0001,-0.0001
SimpleHome_XCS7_1002_WHT_Security_Camera,1000,9,shared_marginals,12973,10000,10000,10000,0.0473,0.007,0.0507,-0.0437
SimpleHome_XCS7_1002_WHT_Security_Camera,1000,10,local,14114,9661,10000,10000,0.016147396749818858,0.0,0.0175,-0.0175
SimpleHome_XCS7_1002_WHT_Security_Camera,1000,10,shared_marginals,14114,9661,10000,10000,0.013663181865231343,0.0,0.016,-0.016
SimpleHome_XCS7_1002_WHT_Security_Camera,1000,11,local,3633,10000,10000,10000,0.2256,0.1649,0.253,-0.08810000000000001
SimpleHome_XCS7_1002_WHT_Security_Camera,1000,11,shared_marginals,3633,10000,10000,10000,0.2072,0.1332,0.2415,-0.10829999999999998
SimpleHome_XCS7_1002_WHT_Security_Camera,1000,12,local,14058,9652,10000,10000,0.0,0.0,0.0,0.0
SimpleHome_XCS7_1002_WHT_Security_Camera,1000,12,shared_marginals,14058,9652,10000,10000,0.01326150020721094,0.0,0.015,-0.015
SimpleHome_XCS7_1002_WHT_Security_Camera,1000,13,local,8267,10000,10000,10000,0.0381,0.0002,0.0435,-0.0433
SimpleHome_XCS7_1002_WHT_Security_Camera,1000,13,shared_marginals,8267,10000,10000,10000,0.0937,0.0321,0.1087,-0.0766
SimpleHome_XCS7_1002_WHT_Security_Camera,1000,14,local,5262,10000,10000,10000,0.0,0.0,0.0,0.0
SimpleHome_XCS7_1002_WHT_Security_Camera,1000,14,shared_marginals,5262,10000,10000,10000,0.0,0.0,0.0,0.0
SimpleHome_XCS7_1003_WHT_Security_Camera,30,0,local,4147,6509,5979,10000,0.0735904132739284,0.0028432848302391706,0.0939,-0.09105671516976083
SimpleHome_XCS7_1003_WHT_Security_Camera,30,0,shared_marginals,4147,6509,5979,10000,0.5220463972960516,0.34972403411941794,0.4294,-0.07967596588058207
SimpleHome_XCS7_1003_WHT_Security_Camera,30,1,local,906,6509,5979,10000,0.2719311722230757,0.1266098009700619,0.2872,-0.16059019902993812
SimpleHome_XCS7_1003_WHT_Security_Camera,30,1,shared_marginals,906,6509,5979,10000,0.5755108311568597,0.4236494397056364,0.6056,-0.18195056029436363
SimpleHome_XCS7_1003_WHT_Security_Camera,30,2,local,5425,6509,5979,10000,0.0835765862651713,0.009031610637230306,0.1129,-0.1038683893627697
SimpleHome_XCS7_1003_WHT_Security_Camera,30,2,shared_marginals,5425,6509,5979,10000,0.28529728068827775,0.06205051011874895,0.2684,-0.20634948988125107
SimpleHome_XCS7_1003_WHT_Security_Camera,30,3,local,4444,6509,5979,10000,0.23598094945460132,0.13028934604448905,0.2701,-0.13981065395551096
SimpleHome_XCS7_1003_WHT_Security_Camera,30,3,shared_marginals,4444,6509,5979,10000,0.21124596712244584,0.02692757986285332,0.2054,-0.17847242013714668
SimpleHome_XCS7_1003_WHT_Security_Camera,30,4,local,355,6503,5979,10000,0.9900046132554206,1.0,0.9675,0.03249999999999997
SimpleHome_XCS7_1003_WHT_Security_Camera,30,4,shared_marginals,355,6503,5979,10000,0.6355528217745656,0.6248536544572671,0.6152,0.00965365445726718
SimpleHome_XCS7_1003_WHT_Security_Camera,30,5,local,5951,6506,5979,10000,0.11896710728558253,0.02207727044656297,0.1662,-0.14412272955343702
SimpleHome_XCS7_1003_WHT_Security_Camera,30,5,shared_marginals,5951,6506,5979,10000,0.0066092837380879186,0.0,0.0053,-0.0053
SimpleHome_XCS7_1003_WHT_Security_Camera,30,6,local,4179,6509,5979,10000,0.13719465355661392,0.04030774376986118,0.1838,-0.1434922562301388
SimpleHome_XCS7_1003_WHT_Security_Camera,30,6,shared_marginals,4179,6509,5979,10000,0.19035182055615302,0.005184813513965546,0.1848,-0.17961518648603444
SimpleHome_XCS7_1003_WHT_Security_Camera,30,7,local,5383,6509,5979,10000,0.38008910738976803,0.13965546077939456,0.3541,-0.21444453922060547
SimpleHome_XCS7_1003_WHT_Security_Camera,30,7,shared_marginals,5383,6509,5979,10000,0.4856352742356737,0.28633550760996823,0.408,-0.12166449239003174
SimpleHome_XCS7_1003_WHT_Security_Camera,30,8,local,1467,6509,5979,10000,0.2432017206944231,0.11138986452584045,0.2811,-0.16971013547415958
SimpleHome_XCS7_1003_WHT_Security_Camera,30,8,shared_marginals,1467,6509,5979,10000,0.5841143032723921,0.4387021241010202,0.5009,-0.06219787589897979
SimpleHome_XCS7_1003_WHT_Security_Camera,30,9,local,5441,6509,5979,10000,0.09310185896451068,0.014550928248871048,0.1292,-0.11464907175112896
SimpleHome_XCS7_1003_WHT_Security_Camera,30,9,shared_marginals,5441,6509,5979,10000,0.28038101090797357,0.06673356748620171,0.2712,-0.20446643251379829
SimpleHome_XCS7_1003_WHT_Security_Camera,30,10,local,6103,6479,5979,10000,0.09476771106652261,0.023582538886101356,0.1169,-0.09331746111389864
SimpleHome_XCS7_1003_WHT_Security_Camera,30,10,shared_marginals,6103,6479,5979,10000,0.9357925605803364,1.0,0.9539,0.04610000000000003
SimpleHome_XCS7_1003_WHT_Security_Camera,30,11,local,1765,6509,5979,10000,0.19772622522660932,0.10286001003512293,0.2397,-0.13683998996487706
SimpleHome_XCS7_1003_WHT_Security_Camera,30,11,shared_marginals,1765,6509,5979,10000,0.3338454447687817,0.10453253052349891,0.3009,-0.19636746947650108
SimpleHome_XCS7_1003_WHT_Security_Camera,30,12,local,5965,6492,5979,10000,0.0,0.0,0.0,0.0
SimpleHome_XCS7_1003_WHT_Security_Camera,30,12,shared_marginals,5965,6492,5979,10000,0.0,0.0,0.0,0.0
SimpleHome_XCS7_1003_WHT_Security_Camera,30,13,local,2337,6509,5979,10000,0.0706713780918728,0.0021742766348887776,0.094,-0.09182572336511122
SimpleHome_XCS7_1003_WHT_Security_Camera,30,13,shared_marginals,2337,6509,5979,10000,0.18804731909663544,0.004014049172102358,0.1827,-0.17868595082789765
SimpleHome_XCS7_1003_WHT_Security_Camera,30,14,local,3870,6509,5979,10000,0.4496850514671993,0.20003345040976753,0.4419,-0.2418665495902325
SimpleHome_XCS7_1003_WHT_Security_Camera,30,14,shared_marginals,3870,6509,5979,10000,0.40144415424796437,0.17628365947482857,0.4248,-0.24851634052517144
SimpleHome_XCS7_1003_WHT_Security_Camera,100,0,local,5395,6509,5979,10000,0.08373021969580581,0.009031610637230306,0.1128,-0.10376838936276969
SimpleHome_XCS7_1003_WHT_Security_Camera,100,0,shared_marginals,5395,6509,5979,10000,0.27884467660162854,0.05837096504432179,0.2633,-0.20492903495567819
SimpleHome_XCS7_1003_WHT_Security_Camera,100,1,local,1983,6509,5979,10000,0.13320018436011677,0.050342866700117075,0.1788,-0.1284571332998829
SimpleHome_XCS7_1003_WHT_Security_Camera,100,1,shared_marginals,1983,6509,5979,10000,0.3060377938239361,0.05352065562803145,0.346,-0.29247934437196854
SimpleHome_XCS7_1003_WHT_Security_Camera,100,2,local,2187,6509,5979,10000,0.07819941619296358,0.0018397725372135808,0.1029,-0.10106022746278642
SimpleHome_XCS7_1003_WHT_Security_Camera,100,2,shared_marginals,2187,6509,5979,10000,0.2963588876939622,0.04666332162568992,0.2721,-0.22543667837431008
SimpleHome_XCS7_1003_WHT_Security_Camera,100,3,local,6099,6409,5979,10000,0.0,0.0,0.0,0.0
SimpleHome_XCS7_1003_WHT_Security_Camera,100,3,shared_marginals,6099,6409,5979,10000,0.0023404587299110627,0.0,0.0031,-0.0031
SimpleHome_XCS7_1003_WHT_Security_Camera,100,4,local,2765,6509,5979,10000,0.33999078199416194,0.17210235825388862,0.3557,-0.1835976417461114
SimpleHome_XCS7_1003_WHT_Security_Camera,100,4,shared_marginals,2765,6509,5979,10000,0.3177139345521586,0.07191838100016726,0.3049,-0.23298161899983275
SimpleHome_XCS7_1003_WHT_Security_Camera,100,5,local,5845,6509,5979,10000,0.07650944845598402,0.0,0.1071,-0.1071
SimpleHome_XCS7_1003_WHT_Security_Camera,100,5,shared_marginals,5845,6509,5979,10000,0.11783684129666615,0.00016725204883759825,0.1328,-0.1326327479511624
SimpleHome_XCS7_1003_WHT_Security_Camera,100,6,local,4262,6509,5979,10000,0.17621754493777847,0.07927747114902157,0.2213,-0.14202252885097844
SimpleHome_XCS7_1003_WHT_Security_Camera,100,6,shared_marginals,4262,6509,5979,10000,0.5842679367030266,0.41060377989630376,0.5021,-0.09149622010369624
SimpleHome_XCS7_1003_WHT_Security_Camera,100,7,local,186,6409,5979,10000,0.0,0.0,0.0,0.0
SimpleHome_XCS7_1003_WHT_Security_Camera,100,7,shared_marginals,186,6409,5979,10000,0.05273833671399594,0.0016725204883759827,0.0374,-0.03572747951162402
SimpleHome_XCS7_1003_WHT_Security_Camera,100,8,local,3618,6509,5979,10000,0.42894453833154095,0.17962870045158053,0.3986,-0.21897129954841948
SimpleHome_XCS7_1003_WHT_Security_Camera,100,8,shared_marginals,3618,6509,5979,10000,0.3364572130895683,0.1062050510118749,0.306,-0.1997949489881251
SimpleHome_XCS7_1003_WHT_Security_Camera,100,9,local,4360,6509,5979,10000,0.1774466123828545,0.08379327646763673,0.2201,-0.13630672353236326
SimpleHome_XCS7_1003_WHT_Security_Camera,100,9,shared_marginals,4360,6509,5979,10000,0.18359194960823474,0.009031610637230306,0.1812,-0.17216838936276968
SimpleHome_XCS7_1003_WHT_Security_Camera,100,10,local,874,6509,5979,10000,0.1668459056690736,0.0776049506606456,0.1975,-0.11989504933935441
SimpleHome_XCS7_1003_WHT_Security_Camera,100,10,shared_marginals,874,6509,5979,10000,0.21631587033338454,0.0287673524000669,0.2489,-0.22013264759993312
SimpleHome_XCS7_1003_WHT_Security_Camera,100,11,local,3126,6509,5979,10000,0.10923336918113381,0.013547415955845458,0.146,-0.13245258404415453
SimpleHome_XCS7_1003_WHT_Security_Camera,100,11,shared_marginals,3126,6509,5979,10000,0.5475495467813797,0.3769861180799465,0.4575,-0.08051388192005354
SimpleHome_XCS7_1003_WHT_Security_Camera,100,12,local,329,6477,5979,10000,0.8676856569399414,1.0,0.8568,0.1432
SimpleHome_XCS7_1003_WHT_Security_Camera,100,12,shared_marginals,329,6477,5979,10000,0.8451443569553806,0.8464626191670848,0.8399,0.006562619167084782
SimpleHome_XCS7_1003_WHT_Security_Camera,100,13,local,1080,6509,5979,10000,0.12997388231679213,0.047834085967553105,0.1666,-0.11876591403244689
SimpleHome_XCS7_1003_WHT_Security_Camera,100,13,shared_marginals,1080,6509,5979,10000,0.3541250576125365,0.11105536042816525,0.3818,-0.2707446395718347
SimpleHome_XCS7_1003_WHT_Security_Camera,100,14,local,215,6409,5979,10000,0.9900140427523795,1.0,0.9425,0.057499999999999996
SimpleHome_XCS7_1003_WHT_Security_Camera,100,14,shared_marginals,215,6409,5979,10000,0.9831486971446404,0.998327479511624,0.946,0.052327479511624087
SimpleHome_XCS7_1003_WHT_Security_Camera,300,0,local,2224,6509,5979,10000,0.10001536334306345,0.013881920053520656,0.1415,-0.12761807994647933
SimpleHome_XCS7_1003_WHT_Security_Camera,300,0,shared_marginals,2224,6509,5979,10000,0.5071439545245046,0.3288175280147182,0.4094,-0.08058247198528179
SimpleHome_XCS7_1003_WHT_Security_Camera,300,1,local,668,6477,5979,10000,0.060058669136946116,0.000669008195350393,0.0759,-0.07523099180464961
SimpleHome_XCS7_1003_WHT_Security_Camera,300,1,shared_marginals,668,6477,5979,10000,0.16458236838042303,0.010871383174443887,0.1742,-0.1633286168255561
SimpleHome_XCS7_1003_WHT_Security_Camera,300,2,local,2697,6509,5979,10000,0.25841143032723923,0.16106372303060712,0.3063,-0.1452362769693929
SimpleHome_XCS7_1003_WHT_Security_Camera,300,2,shared_marginals,2697,6509,5979,10000,0.2310646796742971,0.03612644254892122,0.2356,-0.19947355745107878
SimpleHome_XCS7_1003_WHT_Security_Camera,300,3,local,5870,6317,5979,10000,0.0,0.0,0.0,0.0
SimpleHome_XCS7_1003_WHT_Security_Camera,300,3,shared_marginals,5870,6317,5979,10000,0.0,0.0,0.0,0.0
SimpleHome_XCS7_1003_WHT_Security_Camera,300,4,local,1010,6509,5979,10000,0.06022430480872638,0.0,0.0821,-0.0821
SimpleHome_XCS7_1003_WHT_Security_Camera,300,4,shared_marginals,1010,6509,5979,10000,0.19649715778153326,0.020572002007024585,0.186,-0.16542799799297542
SimpleHome_XCS7_1003_WHT_Security_Camera,300,5,local,1358,6509,5979,10000,0.10155169764940851,0.013714668004683057,0.1483,-0.13458533199531694
SimpleHome_XCS7_1003_WHT_Security_Camera,300,5,shared_marginals,1358,6509,5979,10000,0.5254263327700107,0.35357083124268274,0.4455,-0.09192916875731727
SimpleHome_XCS7_1003_WHT_Security_Camera,300,6,local,3046,6509,5979,10000,0.07236134582885236,0.0,0.097,-0.097
SimpleHome_XCS7_1003_WHT_Security_Camera,300,6,shared_marginals,3046,6509,5979,10000,0.22092487325241972,0.016725204883759826,0.2179,-0.20117479511624017
SimpleHome_XCS7_1003_WHT_Security_Camera,300,7,local,5628,6509,5979,10000,0.052235366415732065,0.0,0.0605,-0.0605
SimpleHome_XCS7_1003_WHT_Security_Camera,300,7,shared_marginals,5628,6509,5979,10000,0.10016899677369796,0.0,0.1104,-0.1104
SimpleHome_XCS7_1003_WHT_Security_Camera,300,8,local,2348,6509,5979,10000,0.07374404670456292,0.0028432848302391706,0.0973,-0.09445671516976083
SimpleHome_XCS7_1003_WHT_Security_Camera,300,8,shared_marginals,2348,6509,5979,10000,0.2204639729605162,0.017561465127947817,0.2202,-0.2026385348720522
SimpleHome_XCS7_1003_WHT_Security_Camera,300,9,local,1372,6509,5979,10000,0.10155169764940851,0.013547415955845458,0.1472,-0.13365258404415453
SimpleHome_XCS7_1003_WHT_Security_Camera,300,9,shared_marginals,1372,6509,5979,10000,0.3522814564449224,0.11690918213748118,0.3115,-0.1945908178625188
SimpleHome_XCS7_1003_WHT_Security_Camera,300,10,local,2257,6509,5979,10000,0.10155169764940851,0.013714668004683057,0.1498,-0.13608533199531694
SimpleHome_XCS7_1003_WHT_Security_Camera,300,10,shared_marginals,2257,6509,5979,10000,0.5125211245967123,0.33283157718682055,0.4239,-0.09106842281317945
SimpleHome_XCS7_1003_WHT_Security_Camera,300,11,local,4526,6509,5979,10000,0.25610692886772163,0.15939120254223113,0.3065,-0.14710879745776886
SimpleHome_XCS7_1003_WHT_Security_Camera,300,11,shared_marginals,4526,6509,5979,10000,0.21078506683054232,0.0287673524000669,0.2153,-0.1865326475999331
SimpleHome_XCS7_1003_WHT_Security_Camera,300,12,local,5444,6509,5979,10000,0.13320018436011677,0.050342866700117075,0.1833,-0.1329571332998829
SimpleHome_XCS7_1003_WHT_Security_Camera,300,12,shared_marginals,5444,6509,5979,10000,0.20356429559072053,0.010704131125606288,0.2102,-0.19949586887439372
SimpleHome_XCS7_1003_WHT_Security_Camera,300,13,local,1462,6509,5979,10000,0.09033645721308957,0.007359090148854323,0.1142,-0.10684090985114567
SimpleHome_XCS7_1003_WHT_Security_Camera,300,13,shared_marginals,1462,6509,5979,10000,0.20417882931325856,0.008529854490717512,0.2038,-0.1952701455092825
SimpleHome_XCS7_1003_WHT_Security_Camera,300,14,local,659,6468,5979,10000,0.060142238713667286,0.000669008195350393,0.0761,-0.07543099180464961
SimpleHome_XCS7_1003_WHT_Security_Camera,300,14,shared_marginals,659,6468,5979,10000,0.16481137909709337,0.010871383174443887,0.1673,-0.15642861682555612
SimpleHome_XCS7_1003_WHT_Security_Camera,1000,0,local,914,6509,5979,10000,0.07420494699646643,0.000669008195350393,0.1008,-0.10013099180464961
SimpleHome_XCS7_1003_WHT_Security_Camera,1000,0,shared_marginals,914,6509,5979,10000,0.13258565063757874,0.0008362602441879914,0.1426,-0.14176373975581202
SimpleHome_XCS7_1003_WHT_Security_Camera,1000,1,local,2121,6509,5979,10000,0.139652788446766,0.0011707643418631879,0.1745,-0.1733292356581368
SimpleHome_XCS7_1003_WHT_Security_Camera,1000,1,shared_marginals,2121,6509,5979,10000,0.19480719004455369,0.0028432848302391706,0.1969,-0.1940567151697608
SimpleHome_XCS7_1003_WHT_Security_Camera,1000,2,local,455,6340,5979,10000,0.016719242902208203,0.0,0.0254,-0.0254
SimpleHome_XCS7_1003_WHT_Security_Camera,1000,2,shared_marginals,455,6340,5979,10000,0.06482649842271293,0.00016725204883759825,0.0686,-0.0684327479511624
SimpleHome_XCS7_1003_WHT_Security_Camera,1000,3,local,3929,6509,5979,10000,0.07528038101090798,0.0003345040976751965,0.1061,-0.1057654959023248
SimpleHome_XCS7_1003_WHT_Security_Camera,1000,3,shared_marginals,3929,6509,5979,10000,0.15516976494085113,0.0005017561465127947,0.1713,-0.1707982438534872
SimpleHome_XCS7_1003_WHT_Security_Camera,1000,4,local,1439,6509,5979,10000,0.08588108772468889,0.0005017561465127947,0.1236,-0.12309824385348721
SimpleHome_XCS7_1003_WHT_Security_Camera,1000,4,shared_marginals,1439,6509,5979,10000,0.20817329850975572,0.004683057367452751,0.2073,-0.20261694263254726
SimpleHome_XCS7_1003_WHT_Security_Camera,1000,5,local,2304,6509,5979,10000,0.08588108772468889,0.0008362602441879914,0.1258,-0.124963739755812
SimpleHome_XCS7_1003_WHT_Security_Camera,1000,5,shared_marginals,2304,6509,5979,10000,0.2052542633277001,0.007024586051179127,0.201,-0.1939754139488209
SimpleHome_XCS7_1003_WHT_Security_Camera,1000,6,local,3107,6509,5979,10000,0.15271163005069904,0.0033450409767519654,0.1802,-0.17685495902324802
SimpleHome_XCS7_1003_WHT_Security_Camera,1000,6,shared_marginals,3107,6509,5979,10000,0.19926255953295438,0.0041813012209399565,0.1959,-0.19171869877906003
SimpleHome_XCS7_1003_WHT_Security_Camera,1000,7,local,1040,6509,5979,10000,0.08403748655707483,0.0003345040976751965,0.1108,-0.1104654959023248
SimpleHome_XCS7_1003_WHT_Security_Camera,1000,7,shared_marginals,1040,6509,5979,10000,0.14380089107389768,0.0008362602441879914,0.1469,-0.14606373975581202
SimpleHome_XCS7_1003_WHT_Security_Camera,1000,8,local,5050,6437,5979,10000,0.0,0.0,0.0,0.0
SimpleHome_XCS7_1003_WHT_Security_Camera,1000,8,shared_marginals,5050,6437,5979,10000,0.0,0.0,0.0,0.0
SimpleHome_XCS7_1003_WHT_Security_Camera,1000,9,local,921,6509,5979,10000,0.07650944845598402,0.000669008195350393,0.1068,-0.10613099180464962
SimpleHome_XCS7_1003_WHT_Security_Camera,1000,9,shared_marginals,921,6509,5979,10000,0.13273928406821325,0.0008362602441879914,0.1438,-0.14296373975581203
SimpleHome_XCS7_1003_WHT_Security_Camera,1000,10,local,2490,6509,5979,10000,0.08311568597326778,0.00016725204883759825,0.1176,-0.1174327479511624
SimpleHome_XCS7_1003_WHT_Security_Camera,1000,10,shared_marginals,2490,6509,5979,10000,0.22430480872637887,0.016223448737247032,0.222,-0.20577655126275296
SimpleHome_XCS7_1003_WHT_Security_Camera,1000,11,local,4901,6509,5979,10000,0.13028114917806113,0.0003345040976751965,0.1669,-0.1665654959023248
SimpleHome_XCS7_1003_WHT_Security_Camera,1000,11,shared_marginals,4901,6509,5979,10000,0.18681825165155938,0.0003345040976751965,0.187,-0.1866654959023248
SimpleHome_XCS7_1003_WHT_Security_Camera,1000,12,local,4649,6509,5979,10000,0.0860347211553234,0.0005017561465127947,0.1313,-0.1307982438534872
SimpleHome_XCS7_1003_WHT_Security_Camera,1000,12,shared_marginals,4649,6509,5979,10000,0.1972653249347058,0.005686569660478341,0.2027,-0.19701343033952165
SimpleHome_XCS7_1003_WHT_Security_Camera,1000,13,local,3339,6509,5979,10000,0.08680288830849593,0.001338016390700786,0.124,-0.12266198360929921
SimpleHome_XCS7_1003_WHT_Security_Camera,1000,13,shared_marginals,3339,6509,5979,10000,0.1946535566139192,0.0041813012209399565,0.1934,-0.18921869877906003
SimpleHome_XCS7_1003_WHT_Security_Camera,1000,14,local,3771,6509,5979,10000,0.08680288830849593,0.001338016390700786,0.1269,-0.12556198360929924
SimpleHome_XCS7_1003_WHT_Security_Camera,1000,14,shared_marginals,3771,6509,5979,10000,0.20079889383929944,0.005853821709315939,0.2022,-0.19634617829068404
