support_n,regime,replicate,selected_alpha,stability_loss,peer_loss,local_loss
30,compatible,0,0.0003998040916498869,0.14255693381546974,0.14251713658868947,0.2712202611113108
30,peer_scale_half,0,0.0003998040916498869,0.14255689798224935,0.1425171007243784,0.2712202611113108
30,peer_scale_double,0,0.0003998040916498869,0.14255695173695937,0.1425171545207582,0.2712202611113108
30,peer_scale_alternating,0,0.9996002107189987,0.2713618390212469,0.49980126383274115,0.2712202611113108
30,compatible,1,0.3877670439918052,3.11081494612786e-05,0.039623330636628484,0.005392458105614395
30,peer_scale_half,1,0.38776553898583116,3.110597110467239e-05,0.03962301105157007,0.005392458105614395
30,peer_scale_double,1,0.38776802676144506,3.110934078209837e-05,0.03962349042935731,0.005392458105614395
30,peer_scale_alternating,1,0.9922027292893504,3.68952870966055e-06,0.38763576140092937,0.005392458105614395
30,compatible,2,0.0003998040916498869,0.16567780588404268,0.16564932218349693,0.2563387606330916
30,peer_scale_half,2,0.0003998040916498869,0.1656775449874619,0.16564906122432843,0.2563387606330916
30,peer_scale_double,2,0.0003998040916498869,0.16567793636872263,0.165649452663315,0.2563387606330916
30,peer_scale_alternating,2,0.000563463200639888,0.06340213827072239,0.06337139334429542,0.2563387606330916
30,compatible,3,0.0003998040916498869,0.19527593764252504,0.1952327781802743,0.25635948929277674
30,peer_scale_half,3,0.0003998040916498869,0.19527592459657628,0.19523276518127552,0.25635948929277674
30,peer_scale_double,3,0.0003998040916498869,0.19527594416718763,0.19523278467965444,0.25635948929277674
30,peer_scale_alternating,3,0.42096090860315677,2.0901519528493395e-05,0.09812785288028048,0.25635948929277674
30,compatible,4,0.0006276297290974066,0.05455410128634108,0.05453325045850521,0.10176070387877889
30,peer_scale_half,4,0.0006276284957571479,0.05455439196474998,0.054533541384172324,0.10176070387877889
30,peer_scale_double,4,0.0006276557132108525,0.05455395672721508,0.054533104995375226,0.10176070387877889
30,peer_scale_alternating,4,0.7445614426139375,0.13023728253620348,0.26364499256920526,0.10176070387877889
30,compatible,5,0.0003998040916498869,0.2515163207255271,0.2514542353073068,0.43381482702330354
30,peer_scale_half,5,0.0003998040916498869,0.25151636448776804,0.251454279137024,0.43381482702330354
30,peer_scale_double,5,0.0003998040916498869,0.25151629883836035,0.25145421339246576,0.43381482702330354
30,peer_scale_alternating,5,0.36319492430559874,0.5810891348591061,0.5945427713058216,0.43381482702330354
30,compatible,6,0.918976088999395,0.12548027549053664,0.21752033588766473,0.12586408537001859
30,peer_scale_half,6,0.9189720480636714,0.12548023427691035,0.21752020387156534,0.12586408537001859
30,peer_scale_double,6,0.9189796730335434,0.12548031445263863,0.21752040189592314,0.12586408537001859
30,peer_scale_alternating,6,0.6742404732331486,1.1165665134704739e-06,0.255390138310156,0.12586408537001859
30,compatible,7,0.0003998040916498869,0.10895559004037692,0.10895166547265012,0.10344054118705825
30,peer_scale_half,7,0.0003998040916498869,0.10895589189016297,0.10895196749295266,0.10344054118705825
30,peer_scale_double,7,0.0003998040916498869,0.10895543907331406,0.1089515144621589,0.10344054118705825
30,peer_scale_alternating,7,0.9996002107189987,0.10371933181702042,0.26999303732783764,0.10344054118705825
30,compatible,8,0.9996002107189987,0.01949296853492921,0.06317876456409133,0.019488299525736608
30,peer_scale_half,8,0.9996002107189987,0.019492968456799264,0.06317855839636177,0.019488299525736608
30,peer_scale_double,8,0.9996002107189987,0.019492968613036954,0.06317886764807223,0.019488299525736608
30,peer_scale_alternating,8,0.9570028070383058,2.5709995822520426e-05,0.16160448682487338,0.019488299525736608
30,compatible,9,0.0003998040916498869,0.021953026785448415,0.021950404566469572,0.06368953545474465
30,peer_scale_half,9,0.0003998040916498869,0.021953108990398817,0.02195048682855738,0.06368953545474465
30,peer_scale_double,9,0.0003998040916498869,0.021952985671600533,0.02195036343544654,0.06368953545474465
30,peer_scale_alternating,9,0.5307135610701841,0.02196399234676827,0.08868857486756321,0.06368953545474465
30,compatible,10,0.9996002107189987,0.06455833695610513,0.1957653104942243,0.06446857674458562
30,peer_scale_half,10,0.9996002107189987,0.0645583369135867,0.19576491623624426,0.06446857674458562
30,peer_scale_double,10,0.9996002107189987,0.06455833699861202,0.19576550762358824,0.06446857674458562
30,peer_scale_alternating,10,0.9996002107189987,0.06464844666728853,0.262934005584587,0.06446857674458562
30,compatible,11,0.933587436943866,3.099797498684609e-07,0.11364756698679246,0.006754235064143632
30,peer_scale_half,11,0.9335874299836738,3.0979175313916585e-07,0.11364737409181913,0.006754235064143632
30,peer_scale_double,11,0.9335874435898288,3.101593999410568e-07,0.1136476634343504,0.006754235064143632
30,peer_scale_alternating,11,0.9845247194882196,1.5722868131451406e-05,0.19944156851762251,0.006754235064143632
30,compatible,12,0.9996002107189987,0.014669670980125726,0.15503098574617047,0.014628962483037355
30,peer_scale_half,12,0.9996002107189987,0.014669671019929442,0.15503081958353881,0.014628962483037355
30,peer_scale_double,12,0.9996002107189987,0.014669670940334445,0.1550310688276677,0.014628962483037355
30,peer_scale_alternating,12,0.904724351690848,0.0061016856423457,0.012020649387019411,0.014628962483037355
30,compatible,13,0.9402787270870316,1.2482995343177095e-05,0.0021705830046014896,0.0050579259027001555
30,peer_scale_half,13,0.940278657809325,1.248533800568552e-05,0.00217080423538496,0.0050579259027001555
30,peer_scale_double,13,0.9402787934900771,1.2480742224152408e-05,0.0021704723890421107,0.0050579259027001555
30,peer_scale_alternating,13,0.9996002107189987,0.005112311703474148,0.2693424171231733,0.0050579259027001555
30,compatible,14,0.624443280568942,5.661520866340197e-06,0.05403495748681397,0.03436955017130705
30,peer_scale_half,14,0.6244425483389467,5.643136353317146e-06,0.05403470019167367,0.03436955017130705
30,peer_scale_double,14,0.6244438388702415,5.676128347786857e-06,0.05403508613461572,0.03436955017130705
30,peer_scale_alternating,14,0.9233506255937726,2.5481861583465104e-05,0.384431746122361,0.03436955017130705
30,compatible,15,0.0003998040916498869,0.31157367963102356,0.3115519785552614,0.39743301226232797
30,peer_scale_half,15,0.0003998040916498869,0.31157356397905067,0.3115518628499321,0.39743301226232797
30,peer_scale_double,15,0.0003998040916498869,0.31157373747314043,0.31155203640802887,0.39743301226232797
30,peer_scale_alternating,15,0.0003998040916498869,0.30870361666752766,0.3086407272915146,0.39743301226232797
30,compatible,16,0.9996002107189987,0.16778521726100815,0.2528158119285244,0.1677571477572184
30,peer_scale_half,16,0.9996002107189987,0.1677852172867409,0.25281594070914615,0.1677571477572184
30,peer_scale_double,16,0.9996002107189987,0.1677852172352825,0.2528157475380808,0.1677571477572184
30,peer_scale_alternating,16,0.9345453496093807,0.16575586942586717,0.19764155514877801,0.1677571477572184
30,compatible,17,0.0003998040916498869,0.05413311530723375,0.054065752501494924,0.2789594730320406
30,peer_scale_half,17,0.0003998040916498869,0.05413286634125036,0.054065503441704355,0.2789594730320406
30,peer_scale_double,17,0.0003998040916498869,0.05413323982490059,0.05406587703156385,0.2789594730320406
30,peer_scale_alternating,17,0.57151627217715,0.3092172690538355,0.3284440861461735,0.2789594730320406
30,compatible,18,0.0003998040916498869,0.10022612292276145,0.10021204548952323,0.15701636453554446
30,peer_scale_half,18,0.0003998040916498869,0.10022611279840721,0.100212035318338,0.15701636453554446
30,peer_scale_double,18,0.0003998040916498869,0.10022612798631103,0.10021205057508586,0.15701636453554446
30,peer_scale_alternating,18,0.0006011439714643076,0.05772578725390298,0.057716867225659385,0.15701636453554446
30,compatible,19,0.0003998040916498869,0.4812985402589729,0.48127054399552893,0.5568196293819563
30,peer_scale_half,19,0.0003998040916498869,0.48129850672534813,0.48127051046413927,0.5568196293819563
30,peer_scale_double,19,0.0003998040916498869,0.4812985570303536,0.48127056076114494,0.5568196293819563
30,peer_scale_alternating,19,0.7355078139153245,0.5419545599201419,0.8307343637821116,0.5568196293819563
30,compatible,20,0.0003998040916498869,0.24246267471369043,0.24242108199376222,0.3435628989267707
30,peer_scale_half,20,0.0003998040916498869,0.24246275737735923,0.24242116473511732,0.3435628989267707
30,peer_scale_double,20,0.0003998040916498869,0.24246263337030394,0.24242104062298786,0.3435628989267707
30,peer_scale_alternating,20,0.0005818263038624203,0.2650450683400196,0.26498998678592756,0.3435628989267707
30,compatible,21,0.9996002107189987,0.5572939495413496,0.6199139164391556,0.5572694401694571
30,peer_scale_half,21,0.9996002107189987,0.5572939495069602,0.6199140518523456,0.5572694401694571
30,peer_scale_double,21,0.9996002107189987,0.5572939495757292,0.6199138487323617,0.5572694401694571
30,peer_scale_alternating,21,0.0003998040916498869,0.5193042493733571,0.5192608901666431,0.5572694401694571
30,compatible,22,0.9996002107189987,0.42206590510823006,0.48647769324958823,0.4220372030691646
30,peer_scale_half,22,0.9996002107189987,0.4220659050361255,0.48647750657406474,0.4220372030691646
30,peer_scale_double,22,0.9996002107189987,0.4220659051803155,0.48647778658759444,0.4220372030691646
30,peer_scale_alternating,22,0.055061421685956395,0.4330486820866377,0.4374724699864734,0.4220372030691646
30,compatible,23,0.0003998040916498869,0.07917072093776545,0.07913666322766177,0.1553207323677066
30,peer_scale_half,23,0.0003998040916498869,0.07917077546169882,0.07913671783626297,0.1553207323677066
30,peer_scale_double,23,0.0003998040916498869,0.07917069366810425,0.07913663592322084,0.1553207323677066
30,peer_scale_alternating,23,0.5656121371188452,0.15367276072702385,0.20150757166799238,0.1553207323677066
30,compatible,24,0.9996002107189987,0.16236080593432556,0.19172592910247532,0.16234713403585443
30,peer_scale_half,24,0.9996002107189987,0.16236080592890678,0.19172598528664775,0.16234713403585443
30,peer_scale_double,24,0.9996002107189987,0.16236080593974345,0.1917259010104071,0.16234713403585443
30,peer_scale_alternating,24,0.6939151538524359,0.12115371324926727,0.23550365346362945,0.16234713403585443
30,compatible,25,0.9996002107189987,0.09859426031871799,0.2619501457876381,0.09849989762163558
30,peer_scale_half,25,0.9996002107189987,0.0985942603475447,0.26195003075399104,0.09849989762163558
30,peer_scale_double,25,0.9996002107189987,0.09859426028989926,0.2619502033043677,0.09849989762163558
30,peer_scale_alternating,25,0.9996002107189987,0.09863718733261573,0.23581590590020207,0.09849989762163558
30,compatible,26,0.0003998040916498869,0.007205188196877099,0.007198720804150405,0.04288847449858624
30,peer_scale_half,26,0.0003998040916498869,0.00720477363299965,0.0071983060759861495,0.04288847449858624
30,peer_scale_double,26,0.0003998040916498869,0.007205395536627801,0.007198928168596019,0.04288847449858624
30,peer_scale_alternating,26,0.9137280623709682,5.8307896013243266e-05,0.07085226700983016,0.04288847449858624
30,compatible,27,0.9996002107189987,0.3138877035608738,0.3638625361880412,0.31386503221395934
30,peer_scale_half,27,0.9996002107189987,0.3138877035371799,0.3638624650361484,0.31386503221395934
30,peer_scale_double,27,0.9996002107189987,0.31388770358456153,0.36386257176399317,0.31386503221395934
30,peer_scale_alternating,27,0.9993769448951338,0.31401744022741385,0.47975478049734654,0.31386503221395934
30,compatible,28,0.9996002107189987,0.6969233690851042,0.9082660727787539,0.6968469133647308
30,peer_scale_half,28,0.9996002107189987,0.6969233690671874,0.9082659374393756,0.6968469133647308
30,peer_scale_double,28,0.9996002107189987,0.6969233691030166,0.9082661404486125,0.6968469133647308
30,peer_scale_alternating,28,0.401532640962073,0.6448159477808919,0.6570235210849122,0.6968469133647308
30,compatible,29,0.13358956917713297,6.409816496688592e-06,0.0037369056288980573,0.043253843437348394
30,peer_scale_half,29,0.13358788458348023,6.41388064348547e-06,0.0037368147669893936,0.043253843437348394
30,peer_scale_double,29,0.13359049036209203,6.407495951599174e-06,0.003736951059985394,0.043253843437348394
30,peer_scale_alternating,29,0.9996002107189987,0.043305003055866376,0.1213734211200026,0.043253843437348394
30,compatible,30,0.10670852611364434,0.17323761458397158,0.17408617837228002,0.21713640401985757
30,peer_scale_half,30,0.10670382709449173,0.173237256183572,0.1740857369658113,0.21713640401985757
30,peer_scale_double,30,0.1067101701125976,0.1732378075444072,0.17408639907603973,0.21713640401985757
30,peer_scale_alternating,30,0.8166542132445943,0.2023993798752759,0.4029947493362074,0.21713640401985757
30,compatible,31,0.9996282352895255,0.5659322199431491,0.6277212889406152,0.5659282247779411
30,peer_scale_half,31,0.9996282358237063,0.5659322200564598,0.6277215141593269,0.5659282247779411
30,peer_scale_double,31,0.9996282351406186,0.5659322198257284,0.62772117633101,0.5659282247779411
30,peer_scale_alternating,31,0.9996002107189987,0.5660301978465245,1.0079869734340892,0.5659282247779411
30,compatible,32,0.9414315806572423,0.0009821926172302042,0.05494891406222502,0.004554793223417342
30,peer_scale_half,32,0.9412904828192412,0.000982606263014496,0.054948807214788786,0.004554793223417342
30,peer_scale_double,32,0.9412904589670964,0.0009825980216051633,0.05494896748609568,0.004554793223417342
30,peer_scale_alternating,32,0.653166747236915,4.470204362672092e-06,0.03611415872198753,0.004554793223417342
30,compatible,33,0.0003998040916498869,0.06272753883514293,0.06268678982749742,0.17324619169966482
30,peer_scale_half,33,0.0003998040916498869,0.0627274116234533,0.06268666263662226,0.17324619169966482
30,peer_scale_double,33,0.0003998040916498869,0.06272760245885278,0.06268685342317104,0.17324619169966482
30,peer_scale_alternating,33,0.5190497935189265,0.20908937310300013,0.2626748931687066,0.17324619169966482
30,compatible,34,0.573089033666194,0.10428010259428433,0.14137466851250613,0.11029734958383353
30,peer_scale_half,34,0.573089033666194,0.10428015399758239,0.14137474765743452,0.11029734958383353
30,peer_scale_double,34,0.573089033666194,0.10428006435773751,0.1413746289399116,0.11029734958383353
30,peer_scale_alternating,34,0.8375073829775983,0.10345675672690158,0.14496347486950567,0.11029734958383353
30,compatible,35,0.0003998040916498869,0.4910841377746409,0.49102840872696074,0.6115487716569241
30,peer_scale_half,35,0.0003998040916498869,0.49108400063802105,0.4910282715950771,0.6115487716569241
30,peer_scale_double,35,0.0003998040916498869,0.4910842063621179,0.49102847729306376,0.6115487716569241
30,peer_scale_alternating,35,0.4380088636924457,0.6559647344945816,0.6921799610309276,0.6115487716569241
30,compatible,36,0.9996002107189987,0.11973280541367659,0.18459482095468527,0.11971242626827694
30,peer_scale_half,36,0.9996002107189987,0.11973280523487695,0.18459444213008602,0.11971242626827694
30,peer_scale_double,36,0.9996002107189987,0.1197328055924265,0.1845950103671914,0.11971242626827694
30,peer_scale_alternating,36,0.11495190918683944,0.05242583930753186,0.052809770578992055,0.11971242626827694
30,compatible,37,0.0003998040916498869,0.14394632169616184,0.14390471810115768,0.28986313438423394
30,peer_scale_half,37,0.0003998040916498869,0.1439464313765555,0.14390482789806835,0.28986313438423394
30,peer_scale_double,37,0.0003998040916498869,0.14394626684066836,0.14390466320260398,0.28986313438423394
30,peer_scale_alternating,37,0.0006134792636148692,0.17199929523373392,0.17189672385631605,0.28986313438423394
30,compatible,38,0.16831120881482875,2.4788530045949386e-05,0.044735937152247995,0.2198872430355454
30,peer_scale_half,38,0.16831118819112756,2.47880774222331e-05,0.044735947910333085,0.2198872430355454
30,peer_scale_double,38,0.1683112204007778,2.4788784989571155e-05,0.0447359317733218,0.2198872430355454
30,peer_scale_alternating,38,0.18639918830206637,1.4131424777019674e-06,0.00974405679054069,0.2198872430355454
30,compatible,39,0.9996002107189987,0.17530172500279528,0.2829530651548242,0.1752411957089901
30,peer_scale_half,39,0.9996002107189987,0.1753017252023481,0.2829535333326576,0.1752411957089901
30,peer_scale_double,39,0.9996002107189987,0.17530172480329576,0.2829528310654421,0.1752411957089901
30,peer_scale_alternating,39,0.9996002107189987,0.17547119359974594,0.6260930231146737,0.1752411957089901
30,compatible,40,0.2764878913522176,6.135607462542936e-06,0.011617500563845251,0.04415005389383886
30,peer_scale_half,40,0.27648704756683595,6.1396073300912235e-06,0.011617428166309729,0.04415005389383886
30,peer_scale_double,40,0.27648840162766103,6.133220004755913e-06,0.011617536762675407,0.04415005389383886
30,peer_scale_alternating,40,0.5942766900644986,0.062173546891207465,0.07713848008274393,0.04415005389383886
30,compatible,41,0.9996002107189987,0.43640967990114143,0.47529145800530914,0.4363804294588318
30,peer_scale_half,41,0.9996002107189987,0.43640967996637636,0.4752917329218369,0.4363804294588318
30,peer_scale_double,41,0.9996002107189987,0.43640967983592605,0.47529132054684364,0.4363804294588318
30,peer_scale_alternating,41,0.0003998040916498869,0.4458787665862505,0.4458452458670412,0.4363804294588318
30,compatible,42,0.0003998040916498869,0.23422712708178572,0.23416186741734357,0.45194430089195725
30,peer_scale_half,42,0.0003998040916498869,0.23422717152598604,0.23416191192660385,0.45194430089195725
30,peer_scale_double,42,0.0003998040916498869,0.23422710485353093,0.23416184516271787,0.45194430089195725
30,peer_scale_alternating,42,0.9994692195473925,0.4520455871759559,0.6289156559249651,0.45194430089195725
30,compatible,43,0.0003998040916498869,0.05111076914794266,0.05109328566389948,0.11014698653018495
30,peer_scale_half,43,0.0003998040916498869,0.05111061422837748,0.05109313068919574,0.11014698653018495
30,peer_scale_double,43,0.0003998040916498869,0.05111084662940524,0.05109336315146118,0.11014698653018495
30,peer_scale_alternating,43,0.9996002107189987,0.11026673416796928,0.30177663133973187,0.11014698653018495
30,compatible,44,0.9996002107189987,0.11750375015364733,0.12202743753557588,0.11749782645892548
30,peer_scale_half,44,0.9996002107189987,0.11750375012086733,0.12202740481700092,0.11749782645892548
30,peer_scale_double,44,0.9996002107189987,0.11750375018641757,0.122027453894888,0.11749782645892548
30,peer_scale_alternating,44,0.9223952614573175,0.11560004599059592,0.21735079535469914,0.11749782645892548
30,compatible,45,0.0003998040916498869,0.32275076018879867,0.32271735061384943,0.3605454603691536
30,peer_scale_half,45,0.0003998040916498869,0.3227505322739721,0.3227171225405048,0.3605454603691536
30,peer_scale_double,45,0.0003998040916498869,0.3227508741780545,0.32271746465077955,0.3605454603691536
30,peer_scale_alternating,45,0.9996002107189987,0.3607803248105639,0.8028308949724887,0.3605454603691536
30,compatible,46,0.0003998040916498869,0.15309454255836075,0.153052030737026,0.3075495291800774
30,peer_scale_half,46,0.0003998040916498869,0.15309473217473624,0.15305222058048873,0.3075495291800774
30,peer_scale_double,46,0.0003998040916498869,0.15309444772376457,0.1530519358151632,0.3075495291800774
30,peer_scale_alternating,46,0.24382979102475585,0.2869546831472438,0.30027097443358564,0.3075495291800774
30,compatible,47,0.0003998040916498869,0.19001219460130248,0.1899910134538172,0.23326515726420016
30,peer_scale_half,47,0.0003998040916498869,0.1900124112068684,0.18999123015325736,0.23326515726420016
30,peer_scale_double,47,0.0003998040916498869,0.19001208626838384,0.1899909051039783,0.23326515726420016
30,peer_scale_alternating,47,0.0003998040916498869,0.0160108616772332,0.015974248226545473,0.23326515726420016
30,compatible,48,0.9996002107189987,0.3690267434303318,0.41758667063291766,0.3690172150250728
30,peer_scale_half,48,0.9996002107189987,0.3690267434110619,0.4175864577128312,0.3690172150250728
30,peer_scale_double,48,0.9996002107189987,0.3690267434495955,0.4175867770931001,0.3690172150250728
30,peer_scale_alternating,48,0.0003998040916498869,0.295415703311634,0.2954128324654488,0.3690172150250728
30,compatible,49,0.0003998040916498869,0.3422113128205999,0.3421379584115525,0.5488499480251985
30,peer_scale_half,49,0.0003998040916498869,0.3422111365609739,0.34213778212437784,0.5488499480251985
30,peer_scale_double,49,0.0003998040916498869,0.3422114009750339,0.3421380465553332,0.5488499480251985
30,peer_scale_alternating,49,0.9996002107189987,0.5489435142613122,0.7319804761296504,0.5488499480251985
30,compatible,50,0.0003998040916498869,0.5589478737421438,0.5588541006900933,0.7396758499273774
30,peer_scale_half,50,0.0003998040916498869,0.5589476399745408,0.5588538668595815,0.7396758499273774
30,peer_scale_double,50,0.0003998040916498869,0.5589479906583517,0.558854217605361,0.7396758499273774
30,peer_scale_alternating,50,0.0003998040916498869,0.4914715381185535,0.4914149280485067,0.7396758499273774
30,compatible,51,0.0003998040916498869,0.39947600335533195,0.3993425811080944,0.723979413692569
30,peer_scale_half,51,0.0003998040916498869,0.3994760055676472,0.39934258360332997,0.723979413692569
30,peer_scale_double,51,0.0003998040916498869,0.3994760022486057,0.39934257986021393,0.723979413692569
30,peer_scale_alternating,51,0.0003690018872138011,0.3318490312405551,0.3318429913045531,0.723979413692569
30,compatible,52,0.2201803472327215,9.363052799749028e-07,0.02194579029327981,0.08234044839772325
30,peer_scale_half,52,0.2201802317556046,9.363184987343232e-07,0.02194575059337156,0.08234044839772325
30,peer_scale_double,52,0.22018041453196435,9.363015314178824e-07,0.021945810143376487,0.08234044839772325
30,peer_scale_alternating,52,0.9073612656725534,0.050462181557025865,0.07316671580739076,0.08234044839772325
30,compatible,53,0.9996002107189987,0.11785667074385042,0.12430930999545131,0.11784312065723546
30,peer_scale_half,53,0.9996002107189987,0.11785667078628981,0.12430937346186566,0.11784312065723546
30,peer_scale_double,53,0.9996002107189987,0.11785667070142258,0.124309278262146,0.11784312065723546
30,peer_scale_alternating,53,0.8467022910913017,7.773015414969109e-05,0.1461516552437674,0.11784312065723546
30,compatible,54,0.43537919361359745,9.546622649292402e-06,0.03964428981296386,0.10343182398197603
30,peer_scale_half,54,0.43537874632621076,9.533296506436528e-06,0.03964416394773451,0.10343182398197603
30,peer_scale_double,54,0.43537949031226514,9.55638390198743e-06,0.039644352745604294,0.10343182398197603
30,peer_scale_alternating,54,0.7055311289377366,5.2753037572461636e-05,0.06839827365928874,0.10343182398197603
30,compatible,55,0.0003998040916498869,0.07166071335327517,0.07160420195691986,0.1401576041903625
30,peer_scale_half,55,0.0003998040916498869,0.07166066139573335,0.07160415000423948,0.1401576041903625
30,peer_scale_double,55,0.0003998040916498869,0.07166073933926675,0.07160422793327959,0.1401576041903625
30,peer_scale_alternating,55,0.0003998040916498869,0.12833569556496105,0.12830301497192353,0.1401576041903625
30,compatible,56,0.9993499529772383,0.24835249240182034,0.3013804246000529,0.24834607830156274
30,peer_scale_half,56,0.9993499555569367,0.24835249249011637,0.30138048508367765,0.24834607830156274
30,peer_scale_double,56,0.9993499512187484,0.24835249230546985,0.3013803943583344,0.24834607830156274
30,peer_scale_alternating,56,0.9993506397814169,0.24848229640719532,0.4514768451900064,0.24834607830156274
30,compatible,57,0.8269228750897064,2.6658714796568006e-05,0.13859816632975752,0.03282960200710683
30,peer_scale_half,57,0.8269230106344386,2.6655548101661708e-05,0.13859811191185134,0.03282960200710683
30,peer_scale_double,57,0.8269227552787689,2.666144658336478e-05,0.13859819353878633,0.03282960200710683
30,peer_scale_alternating,57,0.5617851743779059,1.1542590254709495e-05,0.036428558076391226,0.03282960200710683
30,compatible,58,0.0003998040916498869,0.1255855113654989,0.12553863075971217,0.2335491014315152
30,peer_scale_half,58,0.0003998040916498869,0.12558567158811007,0.12553879112387278,0.2335491014315152
30,peer_scale_double,58,0.0003998040916498869,0.12558543123191868,0.1255385505775597,0.2335491014315152
30,peer_scale_alternating,58,0.6557960663764533,0.19802894468221055,0.21830767757524638,0.2335491014315152
30,compatible,59,0.9996002107189987,0.589658649302776,0.6218165098469828,0.5896481027650755
30,peer_scale_half,59,0.9996002107189987,0.589658649205917,0.6218162669206224,0.5896481027650755
30,peer_scale_double,59,0.9996002107189987,0.5896586493996074,0.6218166313104154,0.5896481027650755
30,peer_scale_alternating,59,0.0003998040916498869,0.1735812808193522,0.17351036801897868,0.5896481027650755
100,compatible,0,0.0003998040916498869,0.28162319205148867,0.28161479668897016,0.2992428927320643
100,peer_scale_half,0,0.0003998040916498869,0.28162310457770534,0.28161470917354015,0.2992428927320643
100,peer_scale_double,0,0.0003998040916498869,0.2816232358005837,0.28161484044676577,0.2992428927320643
100,peer_scale_alternating,0,0.019135577465530292,4.209508132335671e-05,0.005482948345798988,0.2992428927320643
100,compatible,1,0.0003998040916498869,0.018442757958502032,0.01844100640599633,0.02531557650135019
100,peer_scale_half,1,0.0003998040916498869,0.018442744653913934,0.018440993087075697,0.02531557650135019
100,peer_scale_double,1,0.0003998040916498869,0.0184427646126486,0.018441013065465306,0.02531557650135019
100,peer_scale_alternating,1,0.7268735144700792,1.4942592904798602e-05,0.13111193509361474,0.02531557650135019
100,compatible,2,0.9996002107189987,0.11280869953436046,0.1332433515008411,0.11280124113541223
100,peer_scale_half,2,0.9996002107189987,0.11280869952926853,0.1332432895035809,0.11280124113541223
100,peer_scale_double,2,0.9996002107189987,0.11280869953945061,0.1332433824995265,0.11280124113541223
100,peer_scale_alternating,2,0.17541007035853648,2.359117355332785e-05,0.025714145277240252,0.11280124113541223
100,compatible,3,0.0003998040916498869,0.05432153884321833,0.05431458204741313,0.06986073665593961
100,peer_scale_half,3,0.0003998040916498869,0.05432156959916945,0.05431461283957262,0.06986073665593961
100,peer_scale_double,3,0.0003998040916498869,0.05432152346099128,0.05431456665134249,0.06986073665593961
100,peer_scale_alternating,3,0.7247989343603444,3.469800559896541e-05,0.11285036368792634,0.06986073665593961
100,compatible,4,0.9996002107189987,0.16770855166700294,0.17244954811850866,0.16770662042392281
100,peer_scale_half,4,0.9996002107189987,0.1677085516889214,0.1724495592131574,0.16770662042392281
100,peer_scale_double,4,0.9996002107189987,0.16770855164509024,0.172449542571242,0.16770662042392281
100,peer_scale_alternating,4,0.0003998040916498869,0.1404131004768634,0.14038153195017244,0.16770662042392281
100,compatible,5,0.9996002107189987,0.02961296318989204,0.032904309344192306,0.029611888385857377
100,peer_scale_half,5,0.9996002107189987,0.029612963195536413,0.032904366213909686,0.029611888385857377
100,peer_scale_double,5,0.9996002107189987,0.029612963184248553,0.032904280909273886,0.029611888385857377
100,peer_scale_alternating,5,0.8964564267936075,3.329285223374612e-05,0.2676561014227885,0.029611888385857377
100,compatible,6,0.9996002107189987,0.03706050236432468,0.0480178712974606,0.03705442933526104
100,peer_scale_half,6,0.9996002107189987,0.03706050242508363,0.04801809615126462,0.03705442933526104
100,peer_scale_double,6,0.9996002107189987,0.03706050230358349,0.048017758870349425,0.03705442933526104
100,peer_scale_alternating,6,0.770738845745457,2.7986487240116986e-05,0.16724792526595644,0.03705442933526104
100,compatible,7,0.0003998040916498869,0.12140570526150674,0.12139704585465472,0.14331262036719483
100,peer_scale_half,7,0.0003998040916498869,0.12140562937511712,0.12139696993208382,0.14331262036719483
100,peer_scale_double,7,0.0003998040916498869,0.12140574321528241,0.12139708381600478,0.14331262036719483
100,peer_scale_alternating,7,0.6283445947108804,0.13946596356937624,0.13085202558824793,0.14331262036719483
100,compatible,8,0.0003998040916498869,0.062080432483469394,0.06207644590893846,0.07305067625723183
100,peer_scale_half,8,0.0003998040916498869,0.06208034216251246,0.06207635553788737,0.07305067625723183
100,peer_scale_double,8,0.0003998040916498869,0.06208047765652536,0.06207649109452351,0.07305067625723183
100,peer_scale_alternating,8,0.7687690109494358,3.9284545930939885e-05,0.20669782122993174,0.07305067625723183
100,compatible,9,0.000649815441490694,0.06816728749510981,0.0681648142865372,0.07432851730042378
100,peer_scale_half,9,0.0006498141611018611,0.06816726229660874,0.06816478909013446,0.07432851730042378
100,peer_scale_double,9,0.0006498109808026312,0.06816730008068861,0.06816482688479919,0.07432851730042378
100,peer_scale_alternating,9,0.9776367824756296,0.07426974077907511,0.15195756249422665,0.07432851730042378
100,compatible,10,0.0003998040916498869,0.06064194356289798,0.06063413027662978,0.08046047971131154
100,peer_scale_half,10,0.0003998040916498869,0.06064198111765817,0.06063416786075182,0.08046047971131154
100,peer_scale_double,10,0.0003998040916498869,0.06064192478028563,0.06063411148454145,0.08046047971131154
100,peer_scale_alternating,10,0.9174233953632881,0.0794910485875544,0.1417307002055268,0.08046047971131154
100,compatible,11,0.9996002107189987,0.007059729276922333,0.057883627593295905,0.007039317947854951
100,peer_scale_half,11,0.9996002107189987,0.007059729317250518,0.05788371491328359,0.007039317947854951
100,peer_scale_double,11,0.9996002107189987,0.007059729236606582,0.0578835839331866,0.007039317947854951
100,peer_scale_alternating,11,0.9996002107189987,0.007070053380345609,0.053252248888767895,0.007039317947854951
100,compatible,12,0.9996002107189987,0.32928100657656145,0.34379047017643316,0.32927495445849964
100,peer_scale_half,12,0.9996002107189987,0.32928100655864734,0.3437903821866386,0.32927495445849964
100,peer_scale_double,12,0.9996002107189987,0.32928100659446935,0.3437905141714075,0.32927495445849964
100,peer_scale_alternating,12,0.9996054832514206,0.32928071001767556,0.38336830226101526,0.32927495445849964
100,compatible,13,0.9996002107189987,0.11744118263975478,0.13262483081464804,0.11743671479641282
100,peer_scale_half,13,0.9996002107189987,0.1174411826306323,0.13262475333988766,0.11743671479641282
100,peer_scale_double,13,0.9996002107189987,0.11744118264887549,0.13262486955210795,0.11743671479641282
100,peer_scale_alternating,13,0.9996002107189987,0.11744728212583366,0.1925313470297727,0.11743671479641282
100,compatible,14,0.0003998040916498869,0.10860914298504554,0.10860207695648016,0.11942838818172197
100,peer_scale_half,14,0.0003998040916498869,0.10860920351951853,0.10860213753570047,0.11942838818172197
100,peer_scale_double,14,0.0003998040916498869,0.10860911270935869,0.10860204666680895,0.11942838818172197
100,peer_scale_alternating,14,0.9996002107189987,0.11951412944253414,0.3004779241774185,0.11942838818172197
100,compatible,15,0.8028176644819777,4.08995202461071e-06,0.022900166832853674,0.005692725742258542
100,peer_scale_half,15,0.8028172614943144,4.093362365509279e-06,0.022900042327462344,0.005692725742258542
100,peer_scale_double,15,0.8028180128044313,4.086884844767269e-06,0.022900229085657475,0.005692725742258542
100,peer_scale_alternating,15,0.9996002107189987,0.005733916542773443,0.11159232061191027,0.005692725742258542
100,compatible,16,0.9996002107189987,0.19162808504281958,0.2022563893421867,0.191625299430227
100,peer_scale_half,16,0.9996002107189987,0.19162808501526873,0.20225629704569403,0.191625299430227
100,peer_scale_double,16,0.9996002107189987,0.19162808507036422,0.20225643549053807,0.191625299430227
100,peer_scale_alternating,16,0.0003998040916498869,0.12925635197873175,0.12919559296305616,0.191625299430227
100,compatible,17,0.0003998040916498869,0.18815323217636903,0.18814137196108227,0.2216071403473685
100,peer_scale_half,17,0.0003998040916498869,0.18815317976589618,0.1881413195528565,0.2216071403473685
100,peer_scale_double,17,0.0003998040916498869,0.18815325838890606,0.188141398165234,0.2216071403473685
100,peer_scale_alternating,17,0.10903063586532168,4.638426081893243e-06,0.023277725576801078,0.2216071403473685
100,compatible,18,0.0003998040916498869,0.02828067611998719,0.028271778154730143,0.05033235911887113
100,peer_scale_half,18,0.0003998040916498869,0.02828073378963225,0.028271835859947636,0.05033235911887113
100,peer_scale_double,18,0.0003998040916498869,0.028280647277121318,0.028271749302072102,0.05033235911887113
100,peer_scale_alternating,18,0.9996002107189987,0.0503386127154144,0.12907767096368472,0.05033235911887113
100,compatible,19,0.00048514013199635813,0.09995495055175585,0.09995476797821912,0.1042176281725391
100,peer_scale_half,19,0.0004850394926561089,0.09995483515071957,0.09995465254434466,0.1042176281725391
100,peer_scale_double,19,0.00048516212897391144,0.09995500826107628,0.09995482569526315,0.1042176281725391
100,peer_scale_alternating,19,0.9996002107189987,0.10427649782342296,0.23104043021776421,0.1042176281725391
100,compatible,20,0.9996002107189987,0.22307999499585485,0.23053056017870732,0.22307621836385438
100,peer_scale_half,20,0.9996002107189987,0.22307999501498976,0.23053063288907794,0.22307621836385438
100,peer_scale_double,20,0.9996002107189987,0.22307999497672393,0.2305305238234694,0.22307621836385438
100,peer_scale_alternating,20,0.0003998040916498869,0.011585458957737771,0.011533771493930978,0.22307621836385438
100,compatible,21,0.9996002107189987,0.08487257521705072,0.09003822108040804,0.08486799515102783
100,peer_scale_half,21,0.9996002107189987,0.08487257521002967,0.09003818221370263,0.08486799515102783
100,peer_scale_double,21,0.9996002107189987,0.08487257522407043,0.09003824051378162,0.08486799515102783
100,peer_scale_alternating,21,0.6473111510366882,0.08196959842956852,0.10360084337327935,0.08486799515102783
100,compatible,22,0.9996002107189987,0.04424166260215756,0.06237571158359767,0.04423240489002156
100,peer_scale_half,22,0.9996002107189987,0.04424166260269624,0.062375687509353295,0.04423240489002156
100,peer_scale_double,22,0.9996002107189987,0.04424166260161977,0.062375723620700096,0.04423240489002156
100,peer_scale_alternating,22,0.9996002107189987,0.044255431477856266,0.07526936366801529,0.04423240489002156
100,compatible,23,0.0003998040916498869,0.1805113452224294,0.18050540144414073,0.2002173207706237
100,peer_scale_half,23,0.0003998040916498869,0.18051133620081217,0.18050539241258878,0.2002173207706237
100,peer_scale_double,23,0.0003998040916498869,0.18051134973450633,0.1805054059599338,0.2002173207706237
100,peer_scale_alternating,23,0.9996002107189987,0.20024981385580487,0.3436042092992908,0.2002173207706237
100,compatible,24,0.9996002107189987,0.04472870824213704,0.05432178104174623,0.044725146401464855
100,peer_scale_half,24,0.9996002107189987,0.044728708287320895,0.054321951050438244,0.044725146401464855
100,peer_scale_double,24,0.9996002107189987,0.04472870819696517,0.05432169603725656,0.044725146401464855
100,peer_scale_alternating,24,0.9996002107189987,0.04478633701399781,0.19507640990160535,0.044725146401464855
100,compatible,25,0.0003998040916498869,0.20405829524019747,0.20405092219486543,0.21433051931259417
100,peer_scale_half,25,0.0003998040916498869,0.20405830917047085,0.2040509361505789,0.21433051931259417
100,peer_scale_double,25,0.0003998040916498869,0.20405828827311234,0.20405091521699115,0.21433051931259417
100,peer_scale_alternating,25,0.45514752810588444,1.8903406383774524e-05,0.1141714268797065,0.21433051931259417
100,compatible,26,0.9996002107189987,0.05613175447550223,0.07794466143520795,0.05612378730665357
100,peer_scale_half,26,0.9996002107189987,0.056131754503044196,0.07794475831192926,0.05612378730665357
100,peer_scale_double,26,0.9996002107189987,0.05613175444796603,0.07794461299679067,0.05612378730665357
100,peer_scale_alternating,26,0.6444538661821857,2.228829155326295e-05,0.11406321818478293,0.05612378730665357
100,compatible,27,0.0003998040916498869,0.10071130414604124,0.10069543285813598,0.14210782470320726
100,peer_scale_half,27,0.0003998040916498869,0.10071130572742426,0.10069543445814189,0.14210782470320726
100,peer_scale_double,27,0.0003998040916498869,0.10071130335518053,0.10069543205818254,0.14210782470320726
100,peer_scale_alternating,27,0.9996002107189987,0.14216176074040288,0.19478079565396023,0.14210782470320726
100,compatible,28,0.4091098985477563,0.12289157479491397,0.12371063170677399,0.12730819291753992
100,peer_scale_half,28,0.4091106851886455,0.12289157855281907,0.12371064371491824,0.12730819291753992
100,peer_scale_double,28,0.4091094386382936,0.12289157228110081,0.12371062570271807,0.12730819291753992
100,peer_scale_alternating,28,0.9996002107189987,0.12737969970120933,0.29832199208712007,0.12730819291753992
100,compatible,29,0.9996002107189987,0.291191177667824,0.29843363113948707,0.29118937276208046
100,peer_scale_half,29,0.9996002107189987,0.291191177653797,0.29843355547867123,0.29118937276208046
100,peer_scale_double,29,0.9996002107189987,0.29119117768184566,0.29843366896994405,0.29118937276208046
100,peer_scale_alternating,29,0.9996002107189987,0.2912591739495429,0.4099305398460067,0.29118937276208046
100,compatible,30,0.0003998040916498869,0.15294439360310186,0.152939808824065,0.16372825144510683
100,peer_scale_half,30,0.0003998040916498869,0.15294440387803077,0.15293981911754218,0.16372825144510683
100,peer_scale_double,30,0.0003998040916498869,0.1529443884642272,0.1529398036773406,0.16372825144510683
100,peer_scale_alternating,30,0.9569880315370323,0.16357897306459446,0.2367694760600214,0.16372825144510683
100,compatible,31,0.9996002107189987,0.19468873988281832,0.21603691059356356,0.19468009267657704
100,peer_scale_half,31,0.9996002107189987,0.19468873987729562,0.2160368641099164,0.19468009267657704
100,peer_scale_double,31,0.9996002107189987,0.19468873988833835,0.21603693383542222,0.19468009267657704
100,peer_scale_alternating,31,0.9996002107189987,0.19472991342334067,0.22213807196922186,0.19468009267657704
100,compatible,32,0.0003998040916498869,0.17192971877069496,0.1719293337326251,0.17625252688387993
100,peer_scale_half,32,0.0003998040916498869,0.1719297094236345,0.17192932439387265,0.17625252688387993
100,peer_scale_double,32,0.0003998040916498869,0.171929723445591,0.17192933840207125,0.17625252688387993
100,peer_scale_alternating,32,0.9996002107189987,0.17634978483778418,0.37255249948233526,0.17625252688387993
100,compatible,33,0.9996002107189987,0.05621605870526114,0.0614092739646499,0.05621559883491267
100,peer_scale_half,33,0.9996002107189987,0.056216058683531855,0.0614091776948662,0.05621559883491267
100,peer_scale_double,33,0.9996002107189987,0.05621605872698332,0.061409322099583274,0.05621559883491267
100,peer_scale_alternating,33,0.717232036253484,1.943512265789593e-06,0.10931193491309665,0.05621559883491267
100,compatible,34,0.0003998040916498869,0.0703690917513855,0.07034609008864345,0.11423548900100178
100,peer_scale_half,34,0.0003998040916498869,0.07036889988012796,0.07034589812749603,0.11423548900100178
100,peer_scale_double,34,0.0003998040916498869,0.07036918771377154,0.07034618606938503,0.11423548900100178
100,peer_scale_alternating,34,0.9996002107189987,0.11429756662614254,0.25069312764140816,0.11423548900100178
100,compatible,35,0.0003998040916498869,0.04315708065868451,0.04313338987634907,0.0996305470236667
100,peer_scale_half,35,0.0003998040916498869,0.04315733212170336,0.043133641505129994,0.0996305470236667
100,peer_scale_double,35,0.0003998040916498869,0.043156954892106025,0.04313326406173745,0.0996305470236667
100,peer_scale_alternating,35,0.9996002107189987,0.09968590123408116,0.25109601363222156,0.0996305470236667
100,compatible,36,0.9996002107189987,0.2054414839072587,0.20954065145870882,0.20543951625501222
100,peer_scale_half,36,0.9996002107189987,0.20544148390626926,0.20954063398480072,0.20543951625501222
100,peer_scale_double,36,0.9996002107189987,0.20544148390824857,0.2095406601956733,0.20543951625501222
100,peer_scale_alternating,36,0.9996002107189987,0.20547247762824083,0.25832934505235006,0.20543951625501222
100,compatible,37,0.0003998040916498869,0.05395609959851955,0.053953737349873965,0.0590545387873771
100,peer_scale_half,37,0.0003998040916498869,0.05395597893992887,0.053953616625437295,0.0590545387873771
100,peer_scale_double,37,0.0003998040916498869,0.0539561599446472,0.05395379771220421,0.0590545387873771
100,peer_scale_alternating,37,0.9996002107189987,0.05911764256493912,0.2031278007499986,0.0590545387873771
100,compatible,38,0.0003998040916498869,0.040639510990628125,0.040637994401763855,0.042896512667339515
100,peer_scale_half,38,0.0003998040916498869,0.04063940619453854,0.04063788954462755,0.042896512667339515
100,peer_scale_double,38,0.0003998040916498869,0.04063956340330144,0.0406380468304377,0.042896512667339515
100,peer_scale_alternating,38,0.7185068009969959,0.04802969208681995,0.09269497948414207,0.042896512667339515
100,compatible,39,0.0005478820662636918,0.026144906171806426,0.026143877435507168,0.028575961389924576
100,peer_scale_half,39,0.000547672357447509,0.02614495756550994,0.026143929280145084,0.028575961389924576
100,peer_scale_double,39,0.0005479941337083663,0.0261448804786224,0.026143851513138472,0.028575961389924576
100,peer_scale_alternating,39,0.8479291816234582,2.840218500343994e-05,0.11790494293017773,0.028575961389924576
100,compatible,40,0.9996002107189987,0.09620502283239141,0.11471565566851849,0.09619690445952056
100,peer_scale_half,40,0.9996002107189987,0.09620502281346255,0.11471556840397001,0.09619690445952056
100,peer_scale_double,40,0.9996002107189987,0.09620502285131449,0.11471569930088288,0.09619690445952056
100,peer_scale_alternating,40,0.11234008603208089,6.80331773050824e-06,0.005934569226059505,0.09619690445952056
100,compatible,41,0.9996002107189987,0.14780713329896367,0.15704262905451083,0.14780239815241725
100,peer_scale_half,41,0.9996002107189987,0.14780713329473283,0.15704262122709878,0.14780239815241725
100,peer_scale_double,41,0.9996002107189987,0.14780713330319495,0.15704263296821797,0.14780239815241725
100,peer_scale_alternating,41,0.0003998040916498869,0.09435104390080484,0.09430009296113395,0.14780239815241725
100,compatible,42,0.0003998040916498869,0.29347288624842927,0.29346909130576737,0.29908341234302993
100,peer_scale_half,42,0.0003998040916498869,0.2934728758033742,0.2934690808596643,0.29908341234302993
100,peer_scale_double,42,0.0003998040916498869,0.2934728914724065,0.2934690965288205,0.29908341234302993
100,peer_scale_alternating,42,0.0003998040916498869,0.2924629063642916,0.29239731043186357,0.29908341234302993
100,compatible,43,0.0004744130463187311,0.05849617521774375,0.05849540850167578,0.061201123429303284
100,peer_scale_half,43,0.00047419114926789427,0.05849602321991476,0.05849525675933176,0.061201123429303284
100,peer_scale_double,43,0.0004744861779700849,0.05849625118055801,0.058495484372964146,0.061201123429303284
100,peer_scale_alternating,43,0.9996002107189987,0.0612708811964886,0.18623573318733477,0.061201123429303284
100,compatible,44,0.0003998040916498869,0.03778179449479646,0.03777666503627364,0.047530048202157005
100,peer_scale_half,44,0.0003998040916498869,0.03778177880736866,0.03777664934209213,0.047530048202157005
100,peer_scale_double,44,0.0003998040916498869,0.03778180234067552,0.03777667288335396,0.047530048202157005
100,peer_scale_alternating,44,0.589745221774966,3.3188428359309796e-05,0.10169437356889599,0.047530048202157005
100,compatible,45,0.0003998040916498869,0.13696199421113686,0.1369510250812791,0.17055704316100107
100,peer_scale_half,45,0.0003998040916498869,0.13696204766230524,0.13695107857998456,0.17055704316100107
100,peer_scale_double,45,0.0003998040916498869,0.13696196747811573,0.1369509983318964,0.17055704316100107
100,peer_scale_alternating,45,0.0006074684979142217,0.09673582567048111,0.09672879480349916,0.17055704316100107
100,compatible,46,0.0003998040916498869,0.08929468291826748,0.08928901812502277,0.0986645982695511
100,peer_scale_half,46,0.0003998040916498869,0.08929464218164274,0.08928897737552965,0.0986645982695511
100,peer_scale_double,46,0.0003998040916498869,0.08929470329223932,0.08928903849978287,0.0986645982695511
100,peer_scale_alternating,46,0.5581632321038837,4.2249138343386505e-05,0.16310131325572774,0.0986645982695511
100,compatible,47,0.9996002107189987,0.004088729549384329,0.004271173539238227,0.00408786337967193
100,peer_scale_half,47,0.9996002107189987,0.004088729534415858,0.004271116903609595,0.00408786337967193
100,peer_scale_double,47,0.9996002107189987,0.004088729564349691,0.004271201857080076,0.00408786337967193
100,peer_scale_alternating,47,0.9996002107189987,0.004154782715134697,0.03183226756360824,0.00408786337967193
100,compatible,48,0.9996002107189987,0.1803128058065222,0.19686639991838462,0.18030619504086687
100,peer_scale_half,48,0.9996002107189987,0.18031280584217768,0.19686652363606205,0.18030619504086687
100,peer_scale_double,48,0.9996002107189987,0.1803128057708765,0.19686633805941867,0.18030619504086687
100,peer_scale_alternating,48,0.9996002107189987,0.1803287394992399,0.22709718192672002,0.18030619504086687
100,compatible,49,0.0003998040916498869,0.12503060272568955,0.1250223350963009,0.1413752553616856
100,peer_scale_half,49,0.0003998040916498869,0.12503064788636387,0.12502238028377288,0.1413752553616856
100,peer_scale_double,49,0.0003998040916498869,0.1250305801390703,0.12502231250254203,0.1413752553616856
100,peer_scale_alternating,49,0.9996002107189987,0.1414887437949921,0.31426184949903835,0.1413752553616856
100,compatible,50,0.9996002107189987,0.026640727640657502,0.02810021135004659,0.0266394014020217
100,peer_scale_half,50,0.9996002107189987,0.026640727635489636,0.028100161520012712,0.0266394014020217
100,peer_scale_double,50,0.9996002107189987,0.026640727645823592,0.028100236265120593,0.0266394014020217
100,peer_scale_alternating,50,0.9996002107189987,0.026697359460714054,0.14644413182935256,0.0266394014020217
100,compatible,51,0.0003998040916498869,0.22686525405467828,0.2268575884908448,0.24452268399915766
100,peer_scale_half,51,0.0003998040916498869,0.22686533885804883,0.22685767333949025,0.24452268399915766
100,peer_scale_double,51,0.0003998040916498869,0.22686521164114026,0.2268575460664226,0.24452268399915766
100,peer_scale_alternating,51,0.0003998040916498869,0.1919821524044134,0.19196044355878872,0.24452268399915766
100,compatible,52,0.9996002107189987,0.06328981269519707,0.08096254391257585,0.0632802246597719
100,peer_scale_half,52,0.9996002107189987,0.06328981274409573,0.08096264746547721,0.0632802246597719
100,peer_scale_double,52,0.9996002107189987,0.06328981264631217,0.08096249213599416,0.0632802246597719
100,peer_scale_alternating,52,0.7196635901710068,1.51802070500473e-05,0.11573024718380509,0.0632802246597719
100,compatible,53,0.8602162626176105,4.188138269967112e-06,0.030937600907850804,0.0050461851450132045
100,peer_scale_half,53,0.8602164077459993,4.19168885512633e-06,0.03093764682362954,0.0050461851450132045
100,peer_scale_double,53,0.8602161312254037,4.1849034464469526e-06,0.03093757794993124,0.0050461851450132045
100,peer_scale_alternating,53,0.9996002107189987,0.005061546256152294,0.08310937067603508,0.0050461851450132045
100,compatible,54,0.0003998040916498869,0.06870086390532748,0.06868694559162192,0.10138910786146171
100,peer_scale_half,54,0.0003998040916498869,0.06870085169012885,0.06868693338833065,0.10138910786146171
100,peer_scale_double,54,0.0003998040916498869,0.06870087001460856,0.06868695169325711,0.10138910786146171
100,peer_scale_alternating,54,0.6012156094012325,0.08232706020993019,0.14152167884766742,0.10138910786146171
100,compatible,55,0.0003998040916498869,0.007962270874878552,0.007960076670392446,0.014434840924815173
100,peer_scale_half,55,0.0003998040916498869,0.007962290801430516,0.007960113287936554,0.014434840924815173
100,peer_scale_double,55,0.0003998040916498869,0.007962260908799035,0.007960058361560662,0.014434840924815173
100,peer_scale_alternating,55,0.9472237034653298,1.9167886871507278e-05,0.1541308711166387,0.014434840924815173
100,compatible,56,0.0003998040916498869,0.022432943472229017,0.02242612209437489,0.04379593252315761
100,peer_scale_half,56,0.0003998040916498869,0.02243305594822509,0.022426234644542298,0.04379593252315761
100,peer_scale_double,56,0.0003998040916498869,0.022432887218574393,0.022426065819221908,0.04379593252315761
100,peer_scale_alternating,56,0.4176279717715336,3.904515581076851e-06,0.021730686153253576,0.04379593252315761
100,compatible,57,0.9996002107189987,0.025602334879289312,0.0462633983435472,0.025594866608154465
100,peer_scale_half,57,0.9996002107189987,0.02560233488447583,0.04626339944065938,0.025594866608154465
100,peer_scale_double,57,0.9996002107189987,0.02560233487410457,0.04626339779500199,0.025594866608154465
100,peer_scale_alternating,57,0.359090348569093,0.0531954326536388,0.06492508944286568,0.025594866608154465
100,compatible,58,0.08084080098886129,0.14918473918919517,0.14964996907444972,0.1599384705633038
100,peer_scale_half,58,0.08084134882537611,0.14918470606561707,0.14964994187630554,0.1599384705633038
100,peer_scale_double,58,0.08084046351676916,0.1491847565488782,0.14964998267355778,0.1599384705633038
100,peer_scale_alternating,58,0.00033450693995388316,0.11314609465694137,0.11314094876748326,0.1599384705633038
100,compatible,59,0.9996002107189987,0.02815064610450957,0.04666456039218181,0.028141668424354283
100,peer_scale_half,59,0.9996002107189987,0.028150646126434253,0.046664625472652155,0.028141668424354283
100,peer_scale_double,59,0.9996002107189987,0.02815064608258977,0.04666452785190289,0.028141668424354283
100,peer_scale_alternating,59,0.9996002107189987,0.02825918932774263,0.16567236630605864,0.028141668424354283
300,compatible,0,0.9996002107189987,0.05728975221686072,0.0615024139483209,0.057288085782303266
300,peer_scale_half,0,0.9996002107189987,0.05728975221592414,0.06150240218147074,0.057288085782303266
300,peer_scale_double,0,0.9996002107189987,0.057289752217795975,0.061502419831755084,0.057288085782303266
300,peer_scale_alternating,0,0.9996002107189987,0.05729428303414741,0.059152564848978795,0.057288085782303266
300,compatible,1,0.0003998040916498869,0.06370675769324086,0.06370573680207015,0.06578746232943544
300,peer_scale_half,1,0.0003998040916498869,0.06370677250518986,0.06370575162212067,0.06578746232943544
300,peer_scale_double,1,0.0003998040916498869,0.06370675028519335,0.06370572939202246,0.06578746232943544
300,peer_scale_alternating,1,0.2287470305272119,1.7718675533018313e-05,0.028052301678684444,0.06578746232943544
300,compatible,2,0.9996002107189987,0.057440626973689124,0.05895453965049313,0.057440131877852796
300,peer_scale_half,2,0.9996002107189987,0.05744062697339247,0.058954540734949656,0.057440131877852796
300,peer_scale_double,2,0.9996002107189987,0.05744062697398489,0.058954539108268644,0.057440131877852796
300,peer_scale_alternating,2,0.9823097742517706,0.057434886451707357,0.06923521702808655,0.057440131877852796
300,compatible,3,0.9996002107189987,0.08266374593531589,0.0828802101241517,0.0826633436790587
300,peer_scale_half,3,0.9996002107189987,0.0826637459309505,0.08288020174005606,0.0826633436790587
300,peer_scale_double,3,0.9996002107189987,0.0826637459396804,0.0828802143162033,0.0826633436790587
300,peer_scale_alternating,3,0.0003998040916498869,0.06250840689129777,0.06247793557877479,0.0826633436790587
300,compatible,4,0.9996002107189987,0.018709677727088092,0.01930895597227167,0.018709484826475276
300,peer_scale_half,4,0.9996002107189987,0.01870967773036014,0.019308962800027363,0.018709484826475276
300,peer_scale_double,4,0.9996002107189987,0.018709677723818263,0.019308952558377612,0.018709484826475276
300,peer_scale_alternating,4,0.6239556173851445,8.314942611331588e-06,0.02806181301822308,0.018709484826475276
300,compatible,5,0.9996002107189987,0.07315512246849254,0.07620319138126508,0.0731538414341304
300,peer_scale_half,5,0.9996002107189987,0.07315512246521516,0.07620317457469605,0.0731538414341304
300,peer_scale_double,5,0.9996002107189987,0.07315512247176859,0.07620319978456846,0.0731538414341304
300,peer_scale_alternating,5,0.9136680466356294,0.07304298352843608,0.07164072603079408,0.0731538414341304
300,compatible,6,0.9996002107189987,0.09075582504562973,0.09553096119850224,0.09075411894461016
300,peer_scale_half,6,0.9996002107189987,0.09075582504246871,0.09553094317302113,0.09075411894461016
300,peer_scale_double,6,0.9996002107189987,0.09075582504878943,0.09553097021125412,0.09075411894461016
300,peer_scale_alternating,6,0.9996002107189987,0.09076119521354986,0.09723523136184653,0.09075411894461016
300,compatible,7,0.9996002107189987,0.008713531986219714,0.012726634997076935,0.00871238030245891
300,peer_scale_half,7,0.9996002107189987,0.008713531992293078,0.01272665691048358,0.00871238030245891
300,peer_scale_double,7,0.9996002107189987,0.00871353198014857,0.012726624040353851,0.00871238030245891
300,peer_scale_alternating,7,0.4694158819611364,9.866193639851417e-08,0.012761033656932597,0.00871238030245891
300,compatible,8,0.0003998040916498869,0.12703054215933074,0.12702722270591993,0.13344155786687706
300,peer_scale_half,8,0.0003998040916498869,0.12703051039669733,0.12702719092739612,0.13344155786687706
300,peer_scale_double,8,0.0003998040916498869,0.1270305580450728,0.12702723859520448,0.13344155786687706
300,peer_scale_alternating,8,0.9996002107189987,0.1334515445703608,0.17641280393298686,0.13344155786687706
300,compatible,9,0.0003998040916498869,0.052783902156053664,0.052783721625225155,0.05283829542213159
300,peer_scale_half,9,0.0003998040916498869,0.052783955265866656,0.052783774767469094,0.05283829542213159
300,peer_scale_double,9,0.0003998040916498869,0.05278387559373954,0.052783695054055446,0.05283829542213159
300,peer_scale_alternating,9,0.07104022885135426,0.023780530199176475,0.023830899668554117,0.05283829542213159
300,compatible,10,0.0003998040916498869,0.1562593828718839,0.1562579299595721,0.15898699063433774
300,peer_scale_half,10,0.0003998040916498869,0.15625938985632226,0.1562579369507895,0.15898699063433774
300,peer_scale_double,10,0.0003998040916498869,0.15625937937868972,0.15625792646395587,0.15898699063433774
300,peer_scale_alternating,10,0.9996002107189987,0.15900541795427392,0.2293159901889239,0.15898699063433774
300,compatible,11,0.9996002107189987,0.08992206008353598,0.0914970306730627,0.08992156457453548
300,peer_scale_half,11,0.9996002107189987,0.089922060089072,0.0914970521268832,0.08992156457453548
300,peer_scale_double,11,0.9996002107189987,0.08992206007800263,0.09149701994613846,0.08992156457453548
300,peer_scale_alternating,11,0.9996002107189987,0.08993988525240804,0.16637257812842243,0.08992156457453548
300,compatible,12,0.9996002107189987,0.14855841542288584,0.14949198707901745,0.1485580122897434
300,peer_scale_half,12,0.9996002107189987,0.14855841542111659,0.14949197284521665,0.1485580122897434
300,peer_scale_double,12,0.9996002107189987,0.1485584154246551,0.1494919941959285,0.1485580122897434
300,peer_scale_alternating,12,0.9995446208598737,0.14856110702082503,0.18476699988287626,0.1485580122897434
300,compatible,13,0.0003998040916498869,0.02611345909224294,0.026112863708374068,0.02805223591085948
300,peer_scale_half,13,0.0003998040916498869,0.026113441554636463,0.026112846161622905,0.02805223591085948
300,peer_scale_double,13,0.0003998040916498869,0.026113467863493334,0.026112872481767635,0.02805223591085948
300,peer_scale_alternating,13,0.9996002107189987,0.02807222146405719,0.07847009662258486,0.02805223591085948
300,compatible,14,0.9996002107189987,0.015062735755879686,0.017819943879498368,0.015061696493218424
300,peer_scale_half,14,0.9996002107189987,0.015062735754898249,0.01781993475691168,0.015061696493218424
300,peer_scale_double,14,0.9996002107189987,0.015062735756860679,0.01781994844080348,0.015061696493218424
300,peer_scale_alternating,14,0.7804136625469185,3.0511606148309056e-06,0.07391874829139589,0.015061696493218424
300,compatible,15,0.9996002107189987,0.04403643264399815,0.04510156973148405,0.044036252456868485
300,peer_scale_half,15,0.9996002107189987,0.04403643265561108,0.04510161067455387,0.044036252456868485
300,peer_scale_double,15,0.9996002107189987,0.044036432632389655,0.045101549259914275,0.044036252456868485
300,peer_scale_alternating,15,0.00043486518925667787,0.03477870759539892,0.03477721763139918,0.044036252456868485
300,compatible,16,0.0003998040916498869,0.0820841444328444,0.08208312702885578,0.08348818033754446
300,peer_scale_half,16,0.0003998040916498869,0.08208413857704944,0.08208312117331351,0.08348818033754446
300,peer_scale_double,16,0.0003998040916498869,0.082084147361559,0.08208312995663203,0.08348818033754446
300,peer_scale_alternating,16,0.9996002107189987,0.0835151772864009,0.18301176892690263,0.08348818033754446
300,compatible,17,0.9996002107189987,0.023550226131391128,0.02393794074493716,0.023550010308949876
300,peer_scale_half,17,0.9996002107189987,0.02355022612444868,0.023937922545141266,0.023550010308949876
300,peer_scale_double,17,0.9996002107189987,0.02355022613833313,0.023937949844853534,0.023550010308949876
300,peer_scale_alternating,17,0.9996002107189987,0.023567660397693313,0.13390222305802313,0.023550010308949876
300,compatible,18,0.9996002107189987,0.019408788116516362,0.019604637520842516,0.019408594714975802
300,peer_scale_half,18,0.9996002107189987,0.019408788115495845,0.01960462961512066,0.019408594714975802
300,peer_scale_double,18,0.9996002107189987,0.01940878811753599,0.01960464147370722,0.019408594714975802
300,peer_scale_alternating,18,0.0004888423002782683,0.0011808967594091335,0.0011747317265147217,0.019408594714975802
300,compatible,19,0.9996002107189987,0.05438183224987103,0.05743749208226667,0.05438059161205944
300,peer_scale_half,19,0.9996002107189987,0.054381832256420015,0.057437516941653666,0.05438059161205944
300,peer_scale_double,19,0.9996002107189987,0.05438183224332338,0.05743747965255386,0.05438059161205944
300,peer_scale_alternating,19,0.9996002107189987,0.05441160867712114,0.15425207907773775,0.05438059161205944
300,compatible,20,0.0003998040916498869,0.062212682826974675,0.06221179974137536,0.06398243449324736
300,peer_scale_half,20,0.0003998040916498869,0.062212712936875025,0.06221182986812224,0.06398243449324736
300,peer_scale_double,20,0.0003998040916498869,0.062212667767818974,0.06221178467796973,0.06398243449324736
300,peer_scale_alternating,20,0.00037440076550417437,0.06455247522042296,0.06455109929077096,0.06398243449324736
300,compatible,21,0.9996002107189987,0.17319479591323894,0.17425720512747267,0.17319448564266304
300,peer_scale_half,21,0.9996002107189987,0.17319479590271358,0.1742571560285473,0.17319448564266304
300,peer_scale_double,21,0.9996002107189987,0.17319479592376252,0.174257229676976,0.17319448564266304
300,peer_scale_alternating,21,0.9996002107189987,0.17322050825673907,0.2488681125013943,0.17319448564266304
300,compatible,22,0.9996002107189987,0.017329797143711634,0.017552029182332785,0.01732946687909731
300,peer_scale_half,22,0.9996002107189987,0.017329797147837667,0.017552038369355483,0.01732946687909731
300,peer_scale_double,22,0.9996002107189987,0.017329797139586933,0.017552024588818327,0.01732946687909731
300,peer_scale_alternating,22,0.3252609652691013,5.30741696591619e-06,0.02220888721630443,0.01732946687909731
300,compatible,23,0.0003998040916498869,0.016606883397592753,0.016606050210368206,0.01775136452534154
300,peer_scale_half,23,0.0003998040916498869,0.01660684228690057,0.016606009073729666,0.01775136452534154
300,peer_scale_double,23,0.0003998040916498869,0.016606903958669594,0.016606070778720117,0.01775136452534154
300,peer_scale_alternating,23,0.5000065793850579,3.6714853619557175e-06,0.021434768605339993,0.01775136452534154
300,compatible,24,0.9996002107189987,0.061399810063405,0.06215102663238259,0.06139915865004841
300,peer_scale_half,24,0.9996002107189987,0.06139981006871764,0.06215104113810943,0.06139915865004841
300,peer_scale_double,24,0.9996002107189987,0.061399810058094584,0.06215101937950829,0.06139915865004841
300,peer_scale_alternating,24,0.9996002107189987,0.06143846672226516,0.15580734513195837,0.06139915865004841
300,compatible,25,0.0003998040916498869,0.020464162631359084,0.020462810894043226,0.023647807063602144
300,peer_scale_half,25,0.0003998040916498869,0.020464168827308615,0.02046281709373199,0.023647807063602144
300,peer_scale_double,25,0.0003998040916498869,0.020464159532521897,0.020462807794195736,0.023647807063602144
300,peer_scale_alternating,25,0.0003998040916498869,0.01140376687353628,0.011392593374341065,0.023647807063602144
300,compatible,26,0.9996002107189987,0.07452817235424458,0.0754422636399128,0.07452788797524246
300,peer_scale_half,26,0.9996002107189987,0.0745281723605089,0.07544228880278192,0.07452788797524246
300,peer_scale_double,26,0.9996002107189987,0.07452817234798159,0.07544225105846092,0.07452788797524246
300,peer_scale_alternating,26,0.0003998040916498869,0.034823912843318094,0.03480574173212014,0.07452788797524246
300,compatible,27,0.0003998040916498869,0.027836080227230386,0.02783356549489735,0.032838486021551816
300,peer_scale_half,27,0.0003998040916498869,0.027836055098846568,0.02783354035239105,0.032838486021551816
300,peer_scale_double,27,0.0003998040916498869,0.027836092794923495,0.02783357806616804,0.032838486021551816
300,peer_scale_alternating,27,0.00035548730923347935,0.01000836727071075,0.01000528285046487,0.032838486021551816
300,compatible,28,0.0003998040916498869,0.07580510644145688,0.07580449725951244,0.07696688758193959
300,peer_scale_half,28,0.0003998040916498869,0.07580511374036236,0.07580450456352139,0.07696688758193959
300,peer_scale_double,28,0.0003998040916498869,0.07580510279098984,0.07580449360750485,0.07696688758193959
300,peer_scale_alternating,28,0.07679998168176753,4.322760811970028e-06,0.00895775269074539,0.07696688758193959
300,compatible,29,0.9996002107189987,0.03421695616324083,0.036070417719739734,0.03421639801992926
300,peer_scale_half,29,0.9996002107189987,0.034216956149317745,0.036070363448819975,0.03421639801992926
300,peer_scale_double,29,0.9996002107189987,0.03421695617716036,0.03607044485524291,0.03421639801992926
300,peer_scale_alternating,29,0.36269991577615274,7.263872254803516e-07,0.03288914374506735,0.03421639801992926
300,compatible,30,0.5482431749586075,0.025704277863153102,0.02584048069157907,0.025789125104235033
300,peer_scale_half,30,0.5482141199086137,0.025704269235276023,0.02584045029422022,0.025789125104235033
300,peer_scale_double,30,0.5482596105975338,0.025704284170536162,0.02584049589028492,0.025789125104235033
300,peer_scale_alternating,30,0.9996002107189987,0.025803403296954297,0.09096147552520462,0.025789125104235033
300,compatible,31,0.43274824184206184,0.026302943524147526,0.026449321387335356,0.02655366766636158
300,peer_scale_half,31,0.4327329528598375,0.026302931342799596,0.026449297739395305,0.02655366766636158
300,peer_scale_double,31,0.4327549367377056,0.026302951744910263,0.026449333211328252,0.02655366766636158
300,peer_scale_alternating,31,0.2600125949206572,6.630327141543546e-06,0.013798744054836831,0.02655366766636158
300,compatible,32,0.0003998040916498869,0.08147876489396211,0.08147873215560208,0.08173943130344608
300,peer_scale_half,32,0.0003998040916498869,0.08147876771623697,0.08147873497888991,0.08173943130344608
300,peer_scale_double,32,0.0003998040916498869,0.08147876348243122,0.08147873074395529,0.08173943130344608
300,peer_scale_alternating,32,0.0003998040916498869,0.015897446752618727,0.015853143499117373,0.08173943130344608
300,compatible,33,0.0003998040916498869,0.07471937364170955,0.07471849558976729,0.07575181652341323
300,peer_scale_half,33,0.0003998040916498869,0.07471936163473325,0.07471848357575706,0.07575181652341323
300,peer_scale_double,33,0.0003998040916498869,0.07471937964686859,0.0747185015967804,0.07575181652341323
300,peer_scale_alternating,33,0.9996002107189987,0.07575664765051737,0.086564926263061,0.07575181652341323
300,compatible,34,0.0003998040916498869,0.0872523570887278,0.08725135174599208,0.08934506220279648
300,peer_scale_half,34,0.0003998040916498869,0.08725233370587926,0.08725132834845084,0.08934506220279648
300,peer_scale_double,34,0.0003998040916498869,0.08725236878341036,0.0872513634447789,0.08934506220279648
300,peer_scale_alternating,34,0.0003998040916498869,0.03422833745383125,0.03420757093125504,0.08934506220279648
300,compatible,35,0.0003998040916498869,0.09323844232763356,0.09323580399628861,0.09876794567969416
300,peer_scale_half,35,0.0003998040916498869,0.09323842799015747,0.093235789654603,0.09876794567969416
300,peer_scale_double,35,0.0003998040916498869,0.09323844949838689,0.09323581116715918,0.09876794567969416
300,peer_scale_alternating,35,0.15815352963085946,1.6340748009380235e-05,0.01566112475119219,0.09876794567969416
300,compatible,36,0.0003998040916498869,0.11411488320192475,0.11411457082826759,0.1147807177889768
300,peer_scale_half,36,0.0003998040916498869,0.11411490223498344,0.11411458987157408,0.1147807177889768
300,peer_scale_double,36,0.0003998040916498869,0.11411487368274953,0.11411456130660591,0.1147807177889768
300,peer_scale_alternating,36,0.9996002107189987,0.1147952746243317,0.14614640697695247,0.1147807177889768
300,compatible,37,0.9996002107189987,0.1206302958399168,0.12181477391271178,0.12062987131302672
300,peer_scale_half,37,0.9996002107189987,0.12063029583727536,0.12181476862885399,0.12062987131302672
300,peer_scale_double,37,0.9996002107189987,0.12063029584255869,0.12181477655465134,0.12062987131302672
300,peer_scale_alternating,37,0.9996002107189987,0.12064132615037071,0.11887272330330889,0.12062987131302672
300,compatible,38,0.0003998040916498869,0.03208407410193059,0.03208304257144867,0.03471781492352921
300,peer_scale_half,38,0.0003998040916498869,0.032084086945761925,0.03208305541903522,0.03471781492352921
300,peer_scale_double,38,0.0003998040916498869,0.03208406767821925,0.032083036147640076,0.03471781492352921
300,peer_scale_alternating,38,0.9996002107189987,0.0347452408575859,0.15852296783069164,0.03471781492352921
300,compatible,39,0.0003998040916498869,0.06660594444648282,0.06660432760146806,0.06960449339729502
300,peer_scale_half,39,0.0003998040916498869,0.06660597152966785,0.06660435470225368,0.06960449339729502
300,peer_scale_double,39,0.0003998040916498869,0.06660593090111266,0.0666043140510495,0.06960449339729502
300,peer_scale_alternating,39,0.9996002107189987,0.06961442685999142,0.09162194276082136,0.06960449339729502
300,compatible,40,0.9996002107189987,0.02834809131595506,0.028682981394208884,0.028347873205851304
300,peer_scale_half,40,0.9996002107189987,0.028348091316237944,0.028682988621996586,0.028347873205851304
300,peer_scale_double,40,0.9996002107189987,0.02834809131567395,0.02868297778031126,0.028347873205851304
300,peer_scale_alternating,40,0.9996002107189987,0.028353217660594066,0.0545909220821037,0.028347873205851304
300,compatible,41,0.9996002107189987,0.015811810539417603,0.01908908313107549,0.015810809075673227
300,peer_scale_half,41,0.9996002107189987,0.015811810527748715,0.01908903572061771,0.015810809075673227
300,peer_scale_double,41,0.9996002107189987,0.01581181055108205,0.0190891068363519,0.015810809075673227
300,peer_scale_alternating,41,0.0005669615248545829,0.007295244118609379,0.007293098901736794,0.015810809075673227
300,compatible,42,0.9996002107189987,0.044731375901853276,0.0456598289340846,0.044730991509970064
300,peer_scale_half,42,0.9996002107189987,0.044731375901327475,0.04565982734019425,0.044730991509970064
300,peer_scale_double,42,0.9996002107189987,0.044731375902377746,0.045659829731028,0.044730991509970064
300,peer_scale_alternating,42,0.9996002107189987,0.044747333124207866,0.05607137197101775,0.044730991509970064
300,compatible,43,0.9996002107189987,0.060251552882666815,0.061563397969222944,0.06025089225977931
300,peer_scale_half,43,0.9996002107189987,0.06025155288808648,0.061563410837857546,0.06025089225977931
300,peer_scale_double,43,0.9996002107189987,0.060251552877247594,0.06156339153489476,0.06025089225977931
300,peer_scale_alternating,43,0.9996002107189987,0.06026341064281171,0.08734066860250422,0.06025089225977931
300,compatible,44,0.9996002107189987,0.044362828281862665,0.049207807388065294,0.0443611786473741
300,peer_scale_half,44,0.9996002107189987,0.044362828288223355,0.04920782746507868,0.0443611786473741
300,peer_scale_double,44,0.9996002107189987,0.044362828275501975,0.049207797349537064,0.0443611786473741
300,peer_scale_alternating,44,0.9996002107189987,0.04438277483905395,0.10424668824702987,0.0443611786473741
300,compatible,45,0.0003998040916498869,0.05548669739494372,0.05548619111473885,0.05639103467969386
300,peer_scale_half,45,0.0003998040916498869,0.05548670322572091,0.05548619695140111,0.05639103467969386
300,peer_scale_double,45,0.0003998040916498869,0.055486694478743104,0.05548618819640394,0.05639103467969386
300,peer_scale_alternating,45,0.0003998040916498869,0.030432844514679314,0.03040785252658873,0.05639103467969386
300,compatible,46,0.9996002107189987,0.08021291544254039,0.08214413540737953,0.08021209178742916
300,peer_scale_half,46,0.9996002107189987,0.08021291544480036,0.08214414364405265,0.08021209178742916
300,peer_scale_double,46,0.9996002107189987,0.08021291544028308,0.08214413128903919,0.08021209178742916
300,peer_scale_alternating,46,0.9996002107189987,0.080214215179224,0.0971343976569603,0.08021209178742916
300,compatible,47,0.6136656834853425,1.56997034927997e-07,0.0008039286768251053,0.00040028701183159043
300,peer_scale_half,47,0.6136657302985895,1.5699225386356375e-07,0.0008039294387227613,0.00040028701183159043
300,peer_scale_double,47,0.613665648228721,1.5700004585283978e-07,0.0008039282958756111,0.00040028701183159043
300,peer_scale_alternating,47,0.9925977402268665,1.5018375054687283e-06,0.09027969741615927,0.00040028701183159043
300,compatible,48,0.9996002107189987,0.08464260354587072,0.09098074093977182,0.08463995806009805
300,peer_scale_half,48,0.9996002107189987,0.08464260354809872,0.09098074597440275,0.08463995806009805
300,peer_scale_double,48,0.9996002107189987,0.08464260354364317,0.09098073842245746,0.08463995806009805
300,peer_scale_alternating,48,0.0003998040916498869,0.023571656380271033,0.023522136578256525,0.08463995806009805
300,compatible,49,0.0003998040916498869,0.038023081072561915,0.03802080070923086,0.0434487694917669
300,peer_scale_half,49,0.0003998040916498869,0.038023108922651705,0.03802082857764022,0.0434487694917669
300,peer_scale_double,49,0.0003998040916498869,0.03802306714363368,0.03802078677500109,0.0434487694917669
300,peer_scale_alternating,49,0.4383012493601494,1.6327138393279483e-05,0.05198893133087612,0.0434487694917669
300,compatible,50,0.9996002107189987,0.08000206829412893,0.08101811217607979,0.08000134394269232
300,peer_scale_half,50,0.9996002107189987,0.08000206828733036,0.08101807844945608,0.08000134394269232
300,peer_scale_double,50,0.9996002107189987,0.08000206830092527,0.08101812903941408,0.08000134394269232
300,peer_scale_alternating,50,0.0823409306518026,6.368242981391603e-06,0.010412551219292965,0.08000134394269232
300,compatible,51,0.9996002107189987,0.04718310513123969,0.050761258957102484,0.04718192850355818
300,peer_scale_half,51,0.9996002107189987,0.04718310512756574,0.05076124589002173,0.04718192850355818
300,peer_scale_double,51,0.9996002107189987,0.047183105134912307,0.05076126549066107,0.04718192850355818
300,peer_scale_alternating,51,0.9996002107189987,0.04719792670776091,0.09701213733109837,0.04718192850355818
300,compatible,52,0.1852267539011725,0.12970915106684977,0.1297412735649992,0.1302100598558309
300,peer_scale_half,52,0.18522778960697228,0.1297091520558089,0.12974127488319054,0.1302100598558309
300,peer_scale_double,52,0.18522638126966479,0.12970915050465637,0.1297412729059002,0.1302100598558309
300,peer_scale_alternating,52,0.9996002107189987,0.13022190059688654,0.15982046031065167,0.1302100598558309
300,compatible,53,0.0003998040916498869,0.06629508597548961,0.06629406744653288,0.06831294885979444
300,peer_scale_half,53,0.0003998040916498869,0.06629507577959437,0.06629405724556525,0.06831294885979444
300,peer_scale_double,53,0.0003998040916498869,0.06629509107485143,0.06629407254701958,0.06831294885979444
300,peer_scale_alternating,53,0.08332000187073794,0.05748001672292791,0.05783913838634103,0.06831294885979444
300,compatible,54,0.9996002107189987,0.08540036642892046,0.0862344342095902,0.08540023751912118
300,peer_scale_half,54,0.9996002107189987,0.08540036643443916,0.08623445337709956,0.08540023751912118
300,peer_scale_double,54,0.9996002107189987,0.0854003664234031,0.08623442462582309,0.08540023751912118
300,peer_scale_alternating,54,0.0003998040916498869,0.08615110292345429,0.08614253254864046,0.08540023751912118
300,compatible,55,0.0003998040916498869,0.05174788944977493,0.05174591541661133,0.05639182012097166
300,peer_scale_half,55,0.0003998040916498869,0.05174789321541251,0.05174591918778981,0.05639182012097166
300,peer_scale_double,55,0.0003998040916498869,0.05174788756643789,0.05174591353102542,0.05639182012097166
300,peer_scale_alternating,55,0.9996002107189987,0.05640860073946952,0.09014846424915568,0.05639182012097166
300,compatible,56,0.47605601004562015,0.08244877417132646,0.08251774736840378,0.08258982597039388
300,peer_scale_half,56,0.4760536596800935,0.08244877197098921,0.08251774603328865,0.08258982597039388
300,peer_scale_double,56,0.47605595362493747,0.08244877570158993,0.08251774803596446,0.08258982597039388
300,peer_scale_alternating,56,0.9996002107189987,0.08260543111119345,0.1148847376040516,0.08258982597039388
300,compatible,57,0.9996002107189987,0.14947923707265698,0.15211863835992112,0.14947788085311053
300,peer_scale_half,57,0.9996002107189987,0.14947923707945288,0.1521186525610445,0.14947788085311053
300,peer_scale_double,57,0.9996002107189987,0.14947923706586286,0.1521186312593481,0.14947788085311053
300,peer_scale_alternating,57,0.0003998040916498869,0.11662140385219111,0.1166191995481598,0.14947788085311053
300,compatible,58,0.9996002107189987,0.06414753665668371,0.06603991418885702,0.06414685516645902
300,peer_scale_half,58,0.9996002107189987,0.064147536662579,0.06603992655427726,0.06414685516645902
300,peer_scale_double,58,0.9996002107189987,0.06414753665078932,0.06603990800613957,0.06414685516645902
300,peer_scale_alternating,58,0.0003998040916498869,0.030135157872760665,0.030118181258504517,0.06414685516645902
300,compatible,59,0.9996002107189987,0.1234100972508756,0.12546838494706902,0.12340916593862072
300,peer_scale_half,59,0.9996002107189987,0.12341009725167051,0.12546837756020812,0.12340916593862072
300,peer_scale_double,59,0.9996002107189987,0.12341009725008245,0.12546838864050747,0.12340916593862072
300,peer_scale_alternating,59,0.3498562238082394,0.12204519549351911,0.12048281756098156,0.12340916593862072
1000,compatible,0,0.0003998040916498869,0.029540547699808073,0.02954042540916957,0.029816329993884505
1000,peer_scale_half,0,0.0003998040916498869,0.029540543096183924,0.029540420803347178,0.029816329993884505
1000,peer_scale_double,0,0.0003998040916498869,0.029540550002261412,0.029540427712084316,0.029816329993884505
1000,peer_scale_alternating,0,0.0003998040916498869,0.0018594421071957967,0.0018364445402192509,0.029816329993884505
1000,compatible,1,0.0003998040916498869,0.07014739225573807,0.07014733802674566,0.07023566746538856
1000,peer_scale_half,1,0.0003998040916498869,0.07014739783702595,0.07014734361173636,0.07023566746538856
1000,peer_scale_double,1,0.0003998040916498869,0.07014738946431587,0.0701473352342461,0.07023566746538856
1000,peer_scale_alternating,1,0.9996002107189987,0.07023879536791666,0.08563807071042451,0.07023566746538856
1000,compatible,2,0.9996002107189987,0.007461665025776831,0.007589049706450801,0.00746165957499878
1000,peer_scale_half,2,0.9996002107189987,0.007461665024382391,0.007589041537040764,0.00746165957499878
1000,peer_scale_double,2,0.9996002107189987,0.0074616650271717155,0.007589053791163369,0.00746165957499878
1000,peer_scale_alternating,2,0.9996002107189987,0.007462370909056659,0.013906339537778756,0.00746165957499878
1000,compatible,3,0.0003998040916498869,0.05899843327949972,0.058998292259790475,0.059386044666436266
1000,peer_scale_half,3,0.0003998040916498869,0.05899843625605872,0.05899829523787048,0.059386044666436266
1000,peer_scale_double,3,0.0003998040916498869,0.05899843179080522,0.05899829077074825,0.059386044666436266
1000,peer_scale_alternating,3,0.0003998040916498869,0.04909244473547103,0.04908542212053657,0.059386044666436266
1000,compatible,4,0.0003998040916498869,0.027226841287120607,0.02722677544358021,0.027324720790022905
1000,peer_scale_half,4,0.0003998040916498869,0.027226844430935593,0.02722677858961342,0.027324720790022905
1000,peer_scale_double,4,0.0003998040916498869,0.027226839714775686,0.02722677387056205,0.027324720790022905
1000,peer_scale_alternating,4,0.9996002107189987,0.02732705523399348,0.04281277214503332,0.027324720790022905
1000,compatible,5,0.9543967528726336,0.02330600561113627,0.023343350477218916,0.023306086682391758
1000,peer_scale_half,5,0.9543793316197171,0.023306005551608333,0.02334334724548892,0.023306086682391758
1000,peer_scale_double,5,0.9544132186536296,0.02330600566879193,0.023343352093085912,0.023306086682391758
1000,peer_scale_alternating,5,0.9993958989901194,0.023306109161641775,0.027606807591580296,0.023306086682391758
1000,compatible,6,0.0003998040916498869,0.024689546426913456,0.024689362104175938,0.02510588702603389
1000,peer_scale_half,6,0.0003998040916498869,0.024689545399432244,0.02468936107620845,0.02510588702603389
1000,peer_scale_double,6,0.0003998040916498869,0.02468954694079528,0.02468936261815724,0.02510588702603389
1000,peer_scale_alternating,6,0.9995857735515344,0.025106963484801348,0.030275395876649736,0.02510588702603389
1000,compatible,7,0.0003998040916498869,0.01987258595966157,0.019872491568794004,0.019968512404254568
1000,peer_scale_half,7,0.0003998040916498869,0.019872586912580648,0.019872492522805985,0.019968512404254568
1000,peer_scale_double,7,0.0003998040916498869,0.019872585483068583,0.01987249109178535,0.019968512404254568
1000,peer_scale_alternating,7,0.0003998040916498869,0.01698107395555759,0.016977612987178592,0.019968512404254568
1000,compatible,8,0.9996002107189987,0.010888302212039846,0.011375634586545225,0.010888150537081476
1000,peer_scale_half,8,0.9996002107189987,0.010888302212784584,0.011375637241794578,0.010888150537081476
1000,peer_scale_double,8,0.9996002107189987,0.010888302211296441,0.011375633258918771,0.010888150537081476
1000,peer_scale_alternating,8,0.9996002107189987,0.010890022814892486,0.02282477512766068,0.010888150537081476
1000,compatible,9,0.0003998040916498869,0.00300289726208236,0.0030028325355972996,0.0030508350322784317
1000,peer_scale_half,9,0.0003998040916498869,0.003002903258879641,0.0030028385357092624,0.0030508350322784317
1000,peer_scale_double,9,0.0003998040916498869,0.003002894262844613,0.003002829535534879,0.0030508350322784317
1000,peer_scale_alternating,9,0.5380859189709521,0.002952626443598838,0.004622402249192081,0.0030508350322784317
1000,compatible,10,0.0003998040916498869,0.028278337938029807,0.028278290452107946,0.028299101715199004
1000,peer_scale_half,10,0.0003998040916498869,0.028278337896866734,0.02827829041163099,0.028299101715199004
1000,peer_scale_double,10,0.0003998040916498869,0.028278337958616895,0.028278290472346423,0.028299101715199004
1000,peer_scale_alternating,10,0.9996002107189987,0.028299883610835685,0.03452799890574365,0.028299101715199004
1000,compatible,11,0.0003998040916498869,0.04242974080477069,0.04242971049289368,0.042508593927920835
1000,peer_scale_half,11,0.0003998040916498869,0.042429742430518225,0.04242971211980118,0.042508593927920835
1000,peer_scale_double,11,0.0003998040916498869,0.042429739991669546,0.042429709679438155,0.042508593927920835
1000,peer_scale_alternating,11,0.0003998040916498869,0.024407470983919932,0.024389537503543668,0.042508593927920835
1000,compatible,12,0.0003998040916498869,0.010539498477792897,0.010539425962602156,0.010678792635173906
1000,peer_scale_half,12,0.0003998040916498869,0.010539499613359649,0.010539427099529153,0.010678792635173906
1000,peer_scale_double,12,0.0003998040916498869,0.010539497909854756,0.010539425394139545,0.010678792635173906
1000,peer_scale_alternating,12,0.9996002107189987,0.010680259730186048,0.016538902753914453,0.010678792635173906
1000,compatible,13,0.9996002107189987,0.006039101827853166,0.006418293846252698,0.006038957981917559
1000,peer_scale_half,13,0.9996002107189987,0.006039101827817195,0.006418293947090703,0.006038957981917559
1000,peer_scale_double,13,0.9996002107189987,0.006039101827889581,0.006418293795833918,0.006038957981917559
1000,peer_scale_alternating,13,0.10884126543466074,2.4004217391571103e-06,0.0026826821913896737,0.006038957981917559
1000,compatible,14,0.9996002107189987,0.08237854764445496,0.0825220743830486,0.08237852223163156
1000,peer_scale_half,14,0.9996002107189987,0.08237854764547548,0.08252207919901666,0.08237852223163156
1000,peer_scale_double,14,0.9996002107189987,0.08237854764343489,0.08252207197506278,0.08237852223163156
1000,peer_scale_alternating,14,0.0003998040916498869,0.06918828784647735,0.0691745737320626,0.08237852223163156
1000,compatible,15,0.9353320831327375,0.06157910637381292,0.06162494863764545,0.06157937465923036
1000,peer_scale_half,15,0.9353351564013485,0.06157910640368902,0.061624947511136785,0.06157937465923036
1000,peer_scale_double,15,0.9353294117224376,0.061579106345248213,0.061624949200901113,0.06157937465923036
1000,peer_scale_alternating,15,0.0003998040916498869,0.0554777747031614,0.05547498767794323,0.06157937465923036
1000,compatible,16,0.0003998040916498869,0.04346646948813193,0.04346639097299265,0.0437177423442483
1000,peer_scale_half,16,0.0003998040916498869,0.043466466025884554,0.04346638750884324,0.0437177423442483
1000,peer_scale_double,16,0.0003998040916498869,0.04346647121973524,0.04346639270506758,0.0437177423442483
1000,peer_scale_alternating,16,0.0003998040916498869,0.029593942504013704,0.02958407286031095,0.0437177423442483
1000,compatible,17,0.0003998040916498869,0.014252192366147831,0.014252002643414752,0.014670194367461864
1000,peer_scale_half,17,0.0003998040916498869,0.01425218540778772,0.01425199568098856,0.014670194367461864
1000,peer_scale_double,17,0.0003998040916498869,0.014252195846297333,0.014252006124632288,0.014670194367461864
1000,peer_scale_alternating,17,0.0003998040916498869,0.008942157484468805,0.008938286279292829,0.014670194367461864
1000,compatible,18,0.0003998040916498869,0.07691899717369388,0.07691891763158809,0.07713262096001072
1000,peer_scale_half,18,0.0003998040916498869,0.0769189991232726,0.07691891958265362,0.07713262096001072
1000,peer_scale_double,18,0.0003998040916498869,0.07691899619863163,0.07691891665605244,0.07713262096001072
1000,peer_scale_alternating,18,0.0003998040916498869,0.06603808777227682,0.06602700608160372,0.07713262096001072
1000,compatible,19,0.0003998040916498869,0.011596639924267294,0.011596591719997384,0.01169985390075512
1000,peer_scale_half,19,0.0003998040916498869,0.011596636548858452,0.011596588342323244,0.01169985390075512
1000,peer_scale_double,19,0.0003998040916498869,0.011596641612441783,0.011596593408836675,0.01169985390075512
1000,peer_scale_alternating,19,0.0003998040916498869,0.004543380533243102,0.0045355414795293925,0.01169985390075512
1000,compatible,20,0.0003998040916498869,0.05982649413479946,0.05982646709789741,0.05986948205102305
1000,peer_scale_half,20,0.0003998040916498869,0.05982649300817977,0.059826465971482,0.05986948205102305
1000,peer_scale_double,20,0.0003998040916498869,0.05982649469826651,0.05982646766110644,0.05986948205102305
1000,peer_scale_alternating,20,0.9996002107189987,0.05987213345288245,0.07578832213999132,0.05986948205102305
1000,compatible,21,0.0003998040916498869,0.005779318130226141,0.005779307842640247,0.0058502903974795295
1000,peer_scale_half,21,0.0003998040916498869,0.0057793175148845854,0.005779307226370545,0.0058502903974795295
1000,peer_scale_double,21,0.0003998040916498869,0.005779318437981296,0.005779308150773765,0.0058502903974795295
1000,peer_scale_alternating,21,0.9996002107189987,0.005851842924007755,0.013065325840151853,0.0058502903974795295
1000,compatible,22,0.9996002107189987,0.011489012638188356,0.011663195487592759,0.011488938598787968
1000,peer_scale_half,22,0.9996002107189987,0.011489012639220864,0.011663199788257916,0.011488938598787968
1000,peer_scale_double,22,0.9996002107189987,0.011489012637157181,0.011663193337256406,0.011488938598787968
1000,peer_scale_alternating,22,0.0003998040916498869,0.009306152151774771,0.009303650004169661,0.011488938598787968
1000,compatible,23,0.7256385729173875,0.062011748729440264,0.062034737559793385,0.06201506511799382
1000,peer_scale_half,23,0.7256201131856022,0.062011748300697445,0.062034735800165386,0.06201506511799382
1000,peer_scale_double,23,0.7256509997380074,0.06201174908389273,0.06203473843961049,0.06201506511799382
1000,peer_scale_alternating,23,0.9996002107189987,0.06201785597627474,0.07446117006744046,0.06201506511799382
1000,compatible,24,0.0003998040916498869,0.03916784047727884,0.039167768963760174,0.03932343072873534
1000,peer_scale_half,24,0.0003998040916498869,0.03916784063820655,0.0391677691247132,0.03932343072873534
1000,peer_scale_double,24,0.0003998040916498869,0.039167840396796105,0.03916776888328721,0.03932343072873534
1000,peer_scale_alternating,24,0.9996002107189987,0.039323962801056656,0.04602357014124436,0.03932343072873534
1000,compatible,25,0.0003998040916498869,0.014235566292659652,0.01423555242046426,0.014295961001727253
1000,peer_scale_half,25,0.0003998040916498869,0.01423556808196036,0.014235554211122992,0.014295961001727253
1000,peer_scale_double,25,0.0003998040916498869,0.014235565397759942,0.014235551525133339,0.014295961001727253
1000,peer_scale_alternating,25,0.9387837309925424,0.014274394984959304,0.016804800567832956,0.014295961001727253
1000,compatible,26,0.08176088900585919,0.016898832893795124,0.01689903599024012,0.016924586549011966
1000,peer_scale_half,26,0.08172616603548355,0.016898830930794695,0.016899033855398482,0.016924586549011966
1000,peer_scale_double,26,0.08176725444928216,0.01689883393244429,0.016899037057663158,0.016924586549011966
1000,peer_scale_alternating,26,0.0003998040916498869,0.013439142216941757,0.013436819938838607,0.016924586549011966
1000,compatible,27,0.0003998040916498869,0.024828869444955437,0.024828825017905842,0.025007841270076714
1000,peer_scale_half,27,0.0003998040916498869,0.024828868850610863,0.024828824422603812,0.025007841270076714
1000,peer_scale_double,27,0.0003998040916498869,0.024828869742209658,0.024828825315555747,0.025007841270076714
1000,peer_scale_alternating,27,0.0003998040916498869,0.014363919450952611,0.014353890223014698,0.025007841270076714
1000,compatible,28,0.0003998040916498869,0.027401927916475888,0.027401549375905,0.028179804933837094
1000,peer_scale_half,28,0.0003998040916498869,0.027401923464932754,0.027401544921674237,0.028179804933837094
1000,peer_scale_double,28,0.0003998040916498869,0.027401930142865183,0.027401551603021712,0.028179804933837094
1000,peer_scale_alternating,28,0.9996002107189987,0.02818295826377515,0.034549417416816386,0.028179804933837094
1000,compatible,29,0.9996002107189987,0.020728714266483816,0.020987409819030134,0.020728600397835084
1000,peer_scale_half,29,0.9996002107189987,0.020728714266305737,0.0209874081392063,0.020728600397835084
1000,peer_scale_double,29,0.9996002107189987,0.020728714266662784,0.020987410658945382,0.020728600397835084
1000,peer_scale_alternating,29,0.9996002107189987,0.020732351656827408,0.04238434249211309,0.020728600397835084
1000,compatible,30,0.0003998040916498869,0.06451165129179115,0.0645116129636194,0.06454607650673694
1000,peer_scale_half,30,0.0003998040916498869,0.06451164810137078,0.06451160977134807,0.06454607650673694
1000,peer_scale_double,30,0.0003998040916498869,0.0645116528874472,0.06451161455975818,0.06454607650673694
1000,peer_scale_alternating,30,0.999537957274518,0.06454655086876837,0.07595978932096115,0.06454607650673694
1000,compatible,31,0.9996002107189987,0.011383165430103759,0.011690672818791992,0.011383027020647418
1000,peer_scale_half,31,0.9996002107189987,0.011383165430106867,0.011690672981646166,0.011383027020647418
1000,peer_scale_double,31,0.9996002107189987,0.011383165430101538,0.011690672737365126,0.011383027020647418
1000,peer_scale_alternating,31,0.9996002107189987,0.011383390990703735,0.013318804946603091,0.011383027020647418
1000,compatible,32,0.0003998040916498869,0.0194334597738135,0.019433443967285413,0.01947056706487249
1000,peer_scale_half,32,0.0003998040916498869,0.019433457802398024,0.01943344199497865,0.01947056706487249
1000,peer_scale_double,32,0.0003998040916498869,0.01943346075979635,0.01943344495344146,0.01947056706487249
1000,peer_scale_alternating,32,0.0003998040916498869,0.012440525567530614,0.012431524389306503,0.01947056706487249
1000,compatible,33,0.0003998040916498869,0.03672290154207314,0.03672286875701536,0.036784693259546586
1000,peer_scale_half,33,0.0003998040916498869,0.03672290382844556,0.03672287104494876,0.036784693259546586
1000,peer_scale_double,33,0.0003998040916498869,0.03672290039856696,0.03672286761304466,0.036784693259546586
1000,peer_scale_alternating,33,0.9996002107189987,0.03678768177641656,0.04927236487491715,0.036784693259546586
1000,compatible,34,0.9996002107189987,0.11147844805688178,0.11167477453766184,0.11147838309709401
1000,peer_scale_half,34,0.9996002107189987,0.11147844805664553,0.11167477285542926,0.11147838309709401
1000,peer_scale_double,34,0.9996002107189987,0.11147844805711848,0.11167477537878012,0.11147838309709401
1000,peer_scale_alternating,34,0.0003998040916498869,0.10773827700889305,0.10773547477092738,0.11147838309709401
1000,compatible,35,0.0003998040916498869,0.0055810769497099955,0.0055810241852123355,0.005693682762071273
1000,peer_scale_half,35,0.0003998040916498869,0.005581072074154925,0.005581019306496238,0.005693682762071273
1000,peer_scale_double,35,0.0003998040916498869,0.005581079388167431,0.005581026624574381,0.005693682762071273
1000,peer_scale_alternating,35,0.8226657546236429,0.005670556454317133,0.00544061283061259,0.005693682762071273
1000,compatible,36,0.9996002107189987,0.05656037615624454,0.05662594628503337,0.056560371628529005
1000,peer_scale_half,36,0.9996002107189987,0.05656037615564813,0.05662594244019825,0.056560371628529005
1000,peer_scale_double,36,0.9996002107189987,0.05656037615684095,0.056625948207452925,0.056560371628529005
1000,peer_scale_alternating,36,0.0003998040916498869,0.04188018175823949,0.0418689976723563,0.056560371628529005
1000,compatible,37,0.0003998040916498869,0.03740869542378622,0.03740864117646092,0.03755810619144695
1000,peer_scale_half,37,0.0003998040916498869,0.03740869700544813,0.037408642759244604,0.03755810619144695
1000,peer_scale_double,37,0.0003998040916498869,0.03740869463273411,0.03740864038506686,0.03755810619144695
1000,peer_scale_alternating,37,0.028576893189554437,0.03570247281088079,0.03571404204802375,0.03755810619144695
1000,compatible,38,0.9996002107189987,0.09291636012635696,0.0931855157551067,0.09291627138869618
1000,peer_scale_half,38,0.9996002107189987,0.09291636012654836,0.09318551658101448,0.09291627138869618
1000,peer_scale_double,38,0.9996002107189987,0.09291636012616689,0.09318551534215525,0.09291627138869618
1000,peer_scale_alternating,38,0.9996002107189987,0.09292056230591017,0.11381026296815877,0.09291627138869618
1000,compatible,39,0.0003998040916498869,0.01219458907408022,0.012194573128981645,0.0122561259584546
1000,peer_scale_half,39,0.0003998040916498869,0.012194591318165138,0.012194575374331329,0.0122561259584546
1000,peer_scale_double,39,0.0003998040916498869,0.01219458795172379,0.012194572006305027,0.0122561259584546
1000,peer_scale_alternating,39,0.0003998040916498869,0.0061109029515149516,0.0061081971831074,0.0122561259584546
1000,compatible,40,0.0003998040916498869,0.04422005092537207,0.044219915034283463,0.04451268568411315
1000,peer_scale_half,40,0.0003998040916498869,0.04422004567921256,0.04421990978458723,0.04451268568411315
1000,peer_scale_double,40,0.0003998040916498869,0.04422005354918346,0.0442199176591358,0.04451268568411315
1000,peer_scale_alternating,40,0.9996002107189987,0.04451509469505455,0.05609450755107925,0.04451268568411315
1000,compatible,41,0.9996002107189987,0.04433927725524711,0.044522496389244104,0.044339261652869055
1000,peer_scale_half,41,0.9996002107189987,0.0443392772555149,0.04452249889077731,0.044339261652869055
1000,peer_scale_double,41,0.9996002107189987,0.04433927725497888,0.044522495138476614,0.044339261652869055
1000,peer_scale_alternating,41,0.9996002107189987,0.04434232702433638,0.061989825489136674,0.044339261652869055
1000,compatible,42,0.9996002107189987,0.033412630940016896,0.033684512921154486,0.03341256511374269
1000,peer_scale_half,42,0.9996002107189987,0.033412630939869015,0.033684511816390206,0.03341256511374269
1000,peer_scale_double,42,0.9996002107189987,0.03341263094016522,0.0336845134735384,0.03341256511374269
1000,peer_scale_alternating,42,0.0003998040916498869,0.018059591224328653,0.018044949060413096,0.03341256511374269
1000,compatible,43,0.0003998040916498869,0.015138239000171527,0.015138164761895112,0.01528073551278819
1000,peer_scale_half,43,0.0003998040916498869,0.015138235207582618,0.015138160967056447,0.01528073551278819
1000,peer_scale_double,43,0.0003998040916498869,0.015138240896995114,0.015138166659319108,0.01528073551278819
1000,peer_scale_alternating,43,0.9996002107189987,0.015284543142513485,0.03591405484983223,0.01528073551278819
1000,compatible,44,0.9996002107189987,0.002490260337915995,0.0025233135501725457,0.002490248754097202
1000,peer_scale_half,44,0.9996002107189987,0.0024902603379239885,0.0025233141274143556,0.002490248754097202
1000,peer_scale_double,44,0.9996002107189987,0.002490260337907557,0.0025233132615496423,0.002490248754097202
1000,peer_scale_alternating,44,0.07941900174265551,1.5847205503405348e-07,0.0003550032646506551,0.002490248754097202
1000,compatible,45,0.0003998040916498869,0.006648841579906417,0.006648808131409112,0.00669379395598968
1000,peer_scale_half,45,0.0003998040916498869,0.006648843429471363,0.006648809982180204,0.00669379395598968
1000,peer_scale_double,45,0.0003998040916498869,0.006648840654865484,0.006648807206020457,0.00669379395598968
1000,peer_scale_alternating,45,0.0003998040916498869,0.0019606704402206354,0.001955569315627681,0.00669379395598968
1000,compatible,46,0.0003998040916498869,0.01992911706873235,0.019928866899161513,0.02044698419710045
1000,peer_scale_half,46,0.0003998040916498869,0.019929120358447516,0.019928870191695758,0.02044698419710045
1000,peer_scale_double,46,0.0003998040916498869,0.019929115423415578,0.019928865252890393,0.02044698419710045
1000,peer_scale_alternating,46,0.0003998040916498869,0.0049988125641546866,0.004986915738291575,0.02044698419710045
1000,compatible,47,0.9996002107189987,0.0483347648433905,0.048404785685238316,0.04833473772353125
1000,peer_scale_half,47,0.9996002107189987,0.04833476484337895,0.048404785380992355,0.04833473772353125
1000,peer_scale_double,47,0.9996002107189987,0.04833476484340293,0.04840478583736285,0.04833473772353125
1000,peer_scale_alternating,47,0.9996002107189987,0.04833790747871847,0.06575758675151766,0.04833473772353125
1000,compatible,48,0.9996002107189987,0.031007852034488526,0.031238279122930646,0.031007754061464166
1000,peer_scale_half,48,0.9996002107189987,0.03100785203481715,0.031238280465457624,0.031007754061464166
1000,peer_scale_double,48,0.9996002107189987,0.031007852034160344,0.031238278451666712,0.031007754061464166
1000,peer_scale_alternating,48,0.0003998040916498869,0.013879584266878187,0.013870039917339927,0.031007754061464166
1000,compatible,49,0.9996002107189987,0.0472321874621624,0.047250451714694996,0.04723217307045946
1000,peer_scale_half,49,0.9996002107189987,0.04723218746197011,0.04725045226564184,0.04723217307045946
1000,peer_scale_double,49,0.9996002107189987,0.047232187462355135,0.04725045143922024,0.04723217307045946
1000,peer_scale_alternating,49,0.9996002107189987,0.04723668738108788,0.06629018583948332,0.04723217307045946
1000,compatible,50,0.14026931123711964,0.011524377925660634,0.011525080635042873,0.011548472249396813
1000,peer_scale_half,50,0.14021867716179592,0.011524377065417646,0.011525079182833409,0.011548472249396813
1000,peer_scale_double,50,0.14029291100214616,0.011524378399681012,0.011525081361147382,0.011548472249396813
1000,peer_scale_alternating,50,0.9996002107189987,0.011550067297670275,0.023721503242786213,0.011548472249396813
1000,compatible,51,0.0003998040916498869,0.0889817735614451,0.08898160778312869,0.08916240164032452
1000,peer_scale_half,51,0.0003998040916498869,0.08898177390899686,0.08898160813169653,0.08916240164032452
1000,peer_scale_double,51,0.0003998040916498869,0.08898177338762148,0.08898160760884588,0.08916240164032452
1000,peer_scale_alternating,51,0.9996002107189987,0.08916414586690191,0.09378253789728719,0.08916240164032452
1000,compatible,52,0.0003998040916498869,0.03520558430749743,0.03520544417512861,0.035436850759843264
1000,peer_scale_half,52,0.0003998040916498869,0.03520557807516944,0.03520543793871278,0.035436850759843264
1000,peer_scale_double,52,0.0003998040916498869,0.03520558742452984,0.03520544729334052,0.035436850759843264
1000,peer_scale_alternating,52,0.9996002107189987,0.035439392343251885,0.047804263232310795,0.035436850759843264
1000,compatible,53,0.0003998040916498869,0.005395272453558864,0.0053951748205727235,0.005603342051780036
1000,peer_scale_half,53,0.0003998040916498869,0.00539527360273695,0.005395175970703825,0.005603342051780036
1000,peer_scale_double,53,0.0003998040916498869,0.00539527187880795,0.00539517424550473,0.005603342051780036
1000,peer_scale_alternating,53,0.9996002107189987,0.005606810224942471,0.019506452920580397,0.005603342051780036
1000,compatible,54,0.0003998040916498869,0.019854343256028972,0.019854248912336114,0.020056208936883202
1000,peer_scale_half,54,0.0003998040916498869,0.01985434519596385,0.019854250852997524,0.020056208936883202
1000,peer_scale_double,54,0.0003998040916498869,0.019854342285791304,0.019854247942006076,0.020056208936883202
1000,peer_scale_alternating,54,0.9262336919257209,0.020004475746488115,0.022293282574709306,0.020056208936883202
1000,compatible,55,0.9996002107189987,0.024485139887334473,0.024497252363269606,0.024485115171043237
1000,peer_scale_half,55,0.9996002107189987,0.024485139886621266,0.02449724993526159,0.024485115171043237
1000,peer_scale_double,55,0.9996002107189987,0.024485139888048124,0.02449725357727761,0.024485115171043237
1000,peer_scale_alternating,55,0.9996002107189987,0.024485948677615443,0.03332361354393232,0.024485115171043237
1000,compatible,56,0.0003998040916498869,0.0038801376601393933,0.0038799978220778186,0.004223417194868073
1000,peer_scale_half,56,0.0003998040916498869,0.0038801310607237127,0.0038799912189273478,0.004223417194868073
1000,peer_scale_double,56,0.0003998040916498869,0.0038801409607684967,0.003880001123658605,0.004223417194868073
1000,peer_scale_alternating,56,0.8849770784468546,0.004223351883594795,0.004775152035413122,0.004223417194868073
1000,compatible,57,0.9996002107189987,0.058663731344591685,0.058844896029563554,0.05866365076393221
1000,peer_scale_half,57,0.9996002107189987,0.058663731346512815,0.05884490514969176,0.05866365076393221
1000,peer_scale_double,57,0.9996002107189987,0.058663731342670555,0.058844891469492566,0.05866365076393221
1000,peer_scale_alternating,57,0.9996002107189987,0.05866497408108762,0.06317621955235042,0.05866365076393221
1000,compatible,58,0.9996002107189987,0.061012849254147294,0.06130420881694354,0.061012763285354765
1000,peer_scale_half,58,0.9996002107189987,0.061012849254296064,0.06130420969642891,0.061012763285354765
1000,peer_scale_double,58,0.9996002107189987,0.06101284925399897,0.0613042083771993,0.061012763285354765
1000,peer_scale_alternating,58,0.33860848747636824,0.0606394489387867,0.061575440121423686,0.061012763285354765
1000,compatible,59,0.6128966661712856,0.015744266630451698,0.015803607487834714,0.015767929752125376
1000,peer_scale_half,59,0.6128899955063862,0.01574426609517454,0.015803604657906867,0.015767929752125376
1000,peer_scale_double,59,0.6129007835998342,0.015744267039746074,0.01580360890280108,0.015767929752125376
1000,peer_scale_alternating,59,0.9996002107189987,0.01576987420380993,0.027607360561368033,0.015767929752125376
